orientation,h,k,l,thickness_A,I_with_abs,I_without_abs
orientation_1,2,-1,2,100.0,7.985112641786902e-05,8.942549376651809e-05
orientation_1,2,-1,2,120.0,9.357472192598168e-05,0.00010719505789936189
orientation_1,2,-1,2,140.0,0.00010657799170079658,0.00012488767263282613
orientation_1,2,-1,2,160.0,0.00011887727479518569,0.00014249072291307502
orientation_1,2,-1,2,180.0,0.00013048906496410968,0.00015999169016124766
orientation_1,2,-1,2,200.0,0.0001414299607275175,0.00017737816569649806
orientation_1,2,-1,2,220.0,0.00015171667735483057,0.0001946378640411525
orientation_1,2,-1,2,240.0,0.0001613660008531409,0.0002117586360834295
orientation_1,2,-1,2,260.0,0.00017039477075878385,0.00022872848207907085
orientation_1,2,-1,2,280.0,0.00017881985824194538,0.00024553556447524515
orientation_1,2,-1,2,300.0,0.00018665814492148158,0.0002621682205409576
orientation_1,2,-1,2,320.0,0.00019392650239718643,0.00027861497478869724
orientation_1,2,-1,2,340.0,0.00020064177250532354,0.0002948645511724351
orientation_1,2,-1,2,360.0,0.00020682074830180176,0.0003109058850474046
orientation_1,2,-1,2,380.0,0.00021248015577599128,0.00032672813487743255
orientation_1,2,-1,2,400.0,0.00021763663629681662,0.0003423206936759145
orientation_1,2,-1,2,420.0,0.00022230672979145548,0.00035767320016686705
orientation_1,2,-1,2,440.0,0.00022650685865573393,0.00037277554965284857
orientation_1,2,-1,2,460.0,0.0002302533123940923,0.0003876179045769044
orientation_1,2,-1,2,480.0,0.00023356223298586664,0.00040219070476608904
orientation_1,2,-1,2,500.0,0.0002364496009735262,0.0004164846773445006
orientation_1,2,-1,2,520.0,0.0002389312222674808,0.00043049084630419394
orientation_1,2,-1,2,540.0,0.0002410227156610736,0.00044420054172276155
orientation_1,2,-1,2,560.0,0.00024273950104845247,0.00045760540861680655
orientation_1,2,-1,2,580.0,0.00024409678833712614,0.000470697415421004
orientation_1,2,-1,2,600.0,0.00024510956704618044,0.00048346886208290503
orientation_1,2,-1,2,620.0,0.0002457925965803629,0.0004959123877641182
orientation_1,2,-1,2,640.0,0.0002461603971694745,0.0005080209781389883
orientation_1,2,-1,2,660.0,0.00024622724146189525,0.0005197879722824477
orientation_1,2,-1,2,680.0,0.00024600714676035497,0.0005312070691391203
orientation_1,2,-1,2,700.0,0.00024551386788754015,0.0005422723335664105
orientation_1,2,-1,2,720.0,0.00024476089066853644,0.0005529782019447349
orientation_1,2,-1,2,740.0,0.00024376142601669203,0.0005633194873486811
orientation_1,2,-1,2,760.0,0.0002425284046088434,0.0005732913842733279
orientation_1,2,-1,2,780.0,0.00024107447213574557,0.0005828894729106344
orientation_1,2,-1,2,800.0,0.00023941198511286712,0.0005921097229712513
orientation_1,2,-1,2,820.0,0.00023755300723656253,0.0006009484970477539
orientation_1,2,-1,2,840.0,0.000235509306270254,0.000609402553515701
orientation_1,2,-1,2,860.0,0.0002332923505995651,0.000617469048970557
orientation_1,2,-1,2,880.0,0.000230913310494463,0.000625145540195418
orientation_1,2,-1,2,900.0,0.0002283830514776606,0.000632429985662392
orientation_1,2,-1,2,920.0,0.00022571213649527072,0.0006393207465619043
orientation_1,2,-1,2,940.0,0.00022291082439075037,0.0006458165873621842
orientation_1,2,-1,2,960.0,0.00021998907058017487,0.000651916675897928
orientation_1,2,-1,2,980.0,0.0002169565234531404,0.0006576205829889324
orientation_1,2,-1,2,1000.0,0.000213822529545878,0.0006629282815898824
orientation_1,2,-1,2,1020.0,0.0002105961346574792,0.0006678401454732513
orientation_1,2,-1,2,1040.0,0.00020728608026730525,0.0006723569474468786
orientation_1,2,-1,2,1060.0,0.00020390080904411498,0.0006764798570870498
orientation_1,2,-1,2,1080.0,0.00020044846591668096,0.0006802104381544796
orientation_1,2,-1,2,1100.0,0.00019693690031806512,0.00068355064520141
orientation_1,2,-1,2,1120.0,0.00019337366887552535,0.0006865028201994154
orientation_1,2,-1,2,1140.0,0.00018976603828492844,0.0006890696883765145
orientation_1,2,-1,2,1160.0,0.00018612098849773442,0.000691254353746954
orientation_1,2,-1,2,1180.0,0.00018244521606227592,0.0006930602938170423
orientation_1,2,-1,2,1200.0,0.00017874513800718994,0.0006944913549841189
orientation_1,2,-1,2,1220.0,0.00017502689588219064,0.0006955517484875767
orientation_1,2,-1,2,1240.0,0.00017129635959873385,0.0006962460374705741
orientation_1,2,-1,2,1260.0,0.00016755913092182502,0.0006965791383720952
orientation_1,2,-1,2,1280.0,0.00016382054983749263,0.00069655631006135
orientation_1,2,-1,2,1300.0,0.00016008569788992358,0.0006961831468301014
orientation_1,2,-1,2,1320.0,0.0001563594034525665,0.0006954655713214298
orientation_1,2,-1,2,1340.0,0.00015264624645196933,0.0006944098253386902
orientation_1,2,-1,2,1360.0,0.00014895056376629638,0.0006930224626949304
orientation_1,2,-1,2,1380.0,0.00014527645041447604,0.0006913103211839846
orientation_1,2,-1,2,1400.0,0.00014162779615949306,0.0006892806050360069
orientation_1,2,-1,2,1420.0,0.0001380081920322753,0.0006869406926715003
orientation_1,2,-1,2,1440.0,0.0001344210958157668,0.0006842983115627629
orientation_1,2,-1,2,1460.0,0.00013086969642809118,0.0006813614335764778
orientation_1,2,-1,2,1480.0,0.00012735698426680596,0.0006781382836478141
orientation_1,2,-1,2,1500.0,0.0001238857461021455,0.0006746373276919159
orientation_1,2,-1,2,1520.0,0.00012045856595126485,0.0006708672795910364
orientation_1,2,-1,2,1540.0,0.00011707783992851364,0.0006668370515141594
orientation_1,2,-1,2,1560.0,0.00011374578236755777,0.000662555836768369
orientation_1,2,-1,2,1580.0,0.00011046438732219852,0.000658032791948453
orientation_1,2,-1,2,1600.0,0.00010723431154452502,0.0006532742123550244
orientation_1,2,-1,2,1620.0,0.0001040608859977996,0.0006482999327064574
orientation_1,2,-1,2,1640.0,0.00010094196005669397,0.0006431096080379657
orientation_1,2,-1,2,1660.0,9.788010931683341e-05,0.0006377166467285663
orientation_1,2,-1,2,1680.0,9.487653440305525e-05,0.0006321311906125318
orientation_1,2,-1,2,1700.0,9.193229901409761e-05,0.0006263635792972673
orientation_1,2,-1,2,1720.0,8.904828587790515e-05,0.0006204239960151094
orientation_1,2,-1,2,1740.0,8.622529978729696e-05,0.0006143231260825877
orientation_1,2,-1,2,1760.0,8.346412679781537e-05,0.0006080725868373132
orientation_1,2,-1,2,1780.0,8.07653021865203e-05,0.000601683220064836
orientation_1,2,-1,2,1800.0,7.812827048371286e-05,0.0005951584552473043
orientation_1,2,-1,2,1820.0,7.555457529860022e-05,0.0005885185659758875
orientation_1,2,-1,2,1840.0,7.304392109162292e-05,0.0005817707922114166
orientation_1,2,-1,2,1860.0,7.05962903257707e-05,0.0005749252155295747
orientation_1,2,-1,2,1880.0,6.821192556384981e-05,0.0005679948950367912
orientation_1,2,-1,2,1900.0,6.58904348330245e-05,0.0005609884257528965
orientation_1,2,-1,2,1920.0,6.36316700393166e-05,0.0005539171225520366
orientation_1,2,-1,2,1940.0,6.143706324472956e-05,0.0005467824391063342
orientation_1,2,-1,2,1960.0,5.930061621262014e-05,0.0005396189709893617
orientation_1,2,-1,2,1980.0,5.722864097915626e-05,0.0005324241177758678
orientation_1,2,-1,2,2000.0,5.521717951443336e-05,0.0005252019914342059
orientation_1,2,-1,2,2020.0,5.326619742538299e-05,0.0005179682334486411
orientation_1,2,-1,2,2040.0,5.137792523381183e-05,0.0005107345163080394
orientation_1,2,-1,2,2060.0,4.954326073103983e-05,0.0005035099766085753
orientation_1,2,-1,2,2080.0,4.7769707607978223e-05,0.0004963047650176866
orientation_1,2,-1,2,2100.0,4.605281195121263e-05,0.0004891193645591934
orientation_1,2,-1,2,2120.0,4.439474112925958e-05,0.0004819966099032349
orientation_1,2,-1,2,2140.0,4.27912969602718e-05,0.00047491049981904156
orientation_1,2,-1,2,2160.0,4.124282944326005e-05,0.0004678847448031162
orientation_1,2,-1,2,2180.0,3.974838769790945e-05,0.00046092918927276256
orientation_1,2,-1,2,2200.0,3.830664250917422e-05,0.00045404933414026194
orientation_1,2,-1,2,2220.0,3.691688186177611e-05,0.0004472581450167731
orientation_1,2,-1,2,2240.0,3.5577364541764385e-05,0.0004405638474774783
orientation_1,2,-1,2,2260.0,3.4289737163359404e-05,0.000433986608455598
orientation_1,2,-1,2,2280.0,3.304708334728564e-05,0.00042748306706885523
orientation_1,2,-1,2,2300.0,3.1855022678467955e-05,0.00042114205605053737
orientation_1,2,-1,2,2320.0,3.070830562139275e-05,0.00041491718588347923
orientation_1,2,-1,2,2340.0,2.960683511668988e-05,0.0004088301795275772
orientation_1,2,-1,2,2360.0,2.854939512085965e-05,0.00040288774297416575
orientation_1,2,-1,2,2380.0,2.7534549042555114e-05,0.0003970979673401374
orientation_1,2,-1,2,2400.0,2.6562982650947633e-05,0.00039146762770179934
orientation_1,2,-1,2,2420.0,2.5629413672244288e-05,0.0003859954093910172
orientation_1,2,-1,2,2440.0,2.4737129274268537e-05,0.00038071161589695127
orientation_1,2,-1,2,2460.0,2.3882587649421907e-05,0.0003755988099158777
orientation_1,2,-1,2,2480.0,2.3065114782552146e-05,0.00037067054912183294
orientation_1,2,-1,2,2500.0,2.2282483334046588e-05,0.00036593411399563915
orientation_1,5,9,-7,100.0,1.678278330858609e-06,1.8795821052134878e-06
orientation_1,5,9,-7,120.0,1.9691975024855284e-06,2.255981091781579e-06
orientation_1,5,9,-7,140.0,2.246237928232119e-06,2.63234606861548e-06
orientation_1,5,9,-7,160.0,2.5098425437318754e-06,3.008671367203226e-06
orientation_1,5,9,-7,180.0,2.760470462766831e-06,3.3849513207624912e-06
orientation_1,5,9,-7,200.0,2.99856716290248e-06,3.76118026389605e-06
orientation_1,5,9,-7,220.0,3.2245648593079525e-06,4.137352532532641e-06
orientation_1,5,9,-7,240.0,3.4388828689588035e-06,4.5134624639719355e-06
orientation_1,5,9,-7,260.0,3.641927965405154e-06,4.889504396972279e-06
orientation_1,5,9,-7,280.0,3.834094724318844e-06,5.26547267185767e-06
orientation_1,5,9,-7,300.0,4.015765860041016e-06,5.641361630634095e-06
orientation_1,5,9,-7,320.0,4.187365687050431e-06,6.01716561711075e-06
orientation_1,5,9,-7,340.0,4.349153407524455e-06,6.392878977023714e-06
orientation_1,5,9,-7,360.0,4.501525837879115e-06,6.768496058161215e-06
orientation_1,5,9,-7,380.0,4.644821423085259e-06,7.144011210489638e-06
orientation_1,5,9,-7,400.0,4.779368303037659e-06,7.519418786280072e-06
orientation_1,5,9,-7,420.0,4.9054845995692345e-06,7.894713140235145e-06
orientation_1,5,9,-7,440.0,5.023470476193687e-06,8.269888629615938e-06
orientation_1,5,9,-7,460.0,5.13364072653337e-06,8.644939614369127e-06
orientation_1,5,9,-7,480.0,5.2362774056857005e-06,9.019860457253944e-06
orientation_1,5,9,-7,500.0,5.331661286543475e-06,9.394645523969385e-06
orientation_1,5,9,-7,520.0,5.420064449566017e-06,9.769289183281189e-06
orientation_1,5,9,-7,540.0,5.501750527310184e-06,1.0143785807148871e-05
orientation_1,5,9,-7,560.0,5.576974942492283e-06,1.0518129770852687e-05
orientation_1,5,9,-7,580.0,5.645985139744653e-06,1.0892315453120582e-05
orientation_1,5,9,-7,600.0,5.709020811226152e-06,1.1266337236254772e-05
orientation_1,5,9,-7,620.0,5.766314116242783e-06,1.1640189506258305e-05
orientation_1,5,9,-7,640.0,5.818089895030672e-06,1.2013866652963141e-05
orientation_1,5,9,-7,660.0,5.864565876847711e-06,1.2387363070154433e-05
orientation_1,5,9,-7,680.0,5.905952882522607e-06,1.2760673155700762e-05
orientation_1,5,9,-7,700.0,5.942455021592844e-06,1.3133791311669876e-05
orientation_1,5,9,-7,720.0,5.974269884190193e-06,1.350671194447477e-05
orientation_1,5,9,-7,740.0,6.001588727775744e-06,1.3879429464980592e-05
orientation_1,5,9,-7,760.0,6.024596658886095e-06,1.4251938288639386e-05
orientation_1,5,9,-7,780.0,6.043472810001546e-06,1.462423283561508e-05
orientation_1,5,9,-7,800.0,6.058390511665138e-06,1.4996307530909197e-05
orientation_1,5,9,-7,820.0,6.069517459973995e-06,1.5368156804486244e-05
orientation_1,5,9,-7,840.0,6.077015879560421e-06,1.5739775091396623e-05
orientation_1,5,9,-7,860.0,6.081042682185525e-06,1.6111156831915576e-05
orientation_1,5,9,-7,880.0,6.0817496210365055e-06,1.648229647164185e-05
orientation_1,5,9,-7,900.0,6.079283440873211e-06,1.6853188461649294e-05
orientation_1,5,9,-7,920.0,6.073786024095865e-06,1.7223827258599084e-05
orientation_1,5,9,-7,940.0,6.065394532859298e-06,1.75942073248666e-05
orientation_1,5,9,-7,960.0,6.054241547665027e-06,1.7964323129664528e-05
orientation_1,5,9,-7,980.0,6.040455200181026e-06,1.8334169144176856e-05
orientation_1,5,9,-7,1000.0,6.0241593074368705e-06,1.8703739851665172e-05
orientation_1,5,9,-7,1020.0,6.005473495735674e-06,1.907302973760408e-05
orientation_1,5,9,-7,1040.0,5.984513326141412e-06,1.9442033294831828e-05
orientation_1,5,9,-7,1060.0,5.961390414538933e-06,1.9810745022619564e-05
orientation_1,5,9,-7,1080.0,5.9362125487504934e-06,2.0179159426789324e-05
orientation_1,5,9,-7,1100.0,5.90908380248005e-06,2.054727101996536e-05
orientation_1,5,9,-7,1120.0,5.88010464603792e-06,2.0915074321514114e-05
orientation_1,5,9,-7,1140.0,5.8493720541183406e-06,2.1282563857818357e-05
orientation_1,5,9,-7,1160.0,5.8169796105344734e-06,2.164973416229072e-05
orientation_1,5,9,-7,1180.0,5.783017608120528e-06,2.2016579767953404e-05
orientation_1,5,9,-7,1200.0,5.747573151845358e-06,2.2383095222503858e-05
orientation_1,5,9,-7,1220.0,5.710730257966734e-06,2.2749275100630808e-05
orientation_1,5,9,-7,1240.0,5.672569942531308e-06,2.3115113985325486e-05
orientation_1,5,9,-7,1260.0,5.633170293418472e-06,2.3480606388540382e-05
orientation_1,5,9,-7,1280.0,5.592606599555443e-06,2.3845746916127922e-05
orientation_1,5,9,-7,1300.0,5.550951409722051e-06,2.4210530158967244e-05
orientation_1,5,9,-7,1320.0,5.508274617904916e-06,2.4574950697898036e-05
orientation_1,5,9,-7,1340.0,5.4646435550355905e-06,2.493900314939999e-05
orientation_1,5,9,-7,1360.0,5.420123057451143e-06,2.5302682119384586e-05
orientation_1,5,9,-7,1380.0,5.374775471922014e-06,2.5665981857214557e-05
orientation_1,5,9,-7,1400.0,5.328661366410488e-06,2.6028899329995046e-05
orientation_1,5,9,-7,1420.0,5.2818375732328305e-06,2.6391424365676e-05
orientation_1,5,9,-7,1440.0,5.2343605508295354e-06,2.6753555692502836e-05
orientation_1,5,9,-7,1460.0,5.18600858722816e-06,2.7115286732267867e-05
orientation_1,5,9,-7,1480.0,5.1376579831386785e-06,2.7476612124646712e-05
orientation_1,5,9,-7,1500.0,5.088533444900003e-06,2.7837527287316804e-05
orientation_1,5,9,-7,1520.0,5.0389570358371486e-06,2.8198024706233302e-05
orientation_1,5,9,-7,1540.0,4.988974790465626e-06,2.8558101263975002e-05
orientation_1,5,9,-7,1560.0,4.9386306051117715e-06,2.8917752145311204e-05
orientation_1,5,9,-7,1580.0,4.887965931354085e-06,2.9276968440858874e-05
orientation_1,5,9,-7,1600.0,4.836875002716892e-06,2.963484638393108e-05
orientation_1,5,9,-7,1620.0,4.785836587976025e-06,2.9994085782970345e-05
orientation_1,5,9,-7,1640.0,4.734447571119038e-06,3.035197509489472e-05
orientation_1,5,9,-7,1660.0,4.682890280363363e-06,3.0709411068975144e-05
orientation_1,5,9,-7,1680.0,4.631198864657772e-06,3.1066388772878965e-05
orientation_1,5,9,-7,1700.0,4.5794058577972114e-06,3.142290212022668e-05
orientation_1,5,9,-7,1720.0,4.527542778703786e-06,3.1778947626088045e-05
orientation_1,5,9,-7,1740.0,4.475639312464798e-06,3.2134518488355244e-05
orientation_1,5,9,-7,1760.0,4.423727254417633e-06,3.2489632953563775e-05
orientation_1,5,9,-7,1780.0,4.371834552691452e-06,3.284429193331746e-05
orientation_1,5,9,-7,1800.0,4.320038140212292e-06,3.319888408572107e-05
orientation_1,5,9,-7,1820.0,4.268175831241136e-06,3.355195665294417e-05
orientation_1,5,9,-7,1840.0,4.216475332597873e-06,3.390507898950279e-05
orientation_1,5,9,-7,1860.0,4.164886551828087e-06,3.425768356454492e-05
orientation_1,5,9,-7,1880.0,4.113435720937005e-06,3.460980315969445e-05
orientation_1,5,9,-7,1900.0,4.062138844316015e-06,3.496139460141436e-05
orientation_1,5,9,-7,1920.0,4.011016591523614e-06,3.53124611602246e-05
orientation_1,5,9,-7,1940.0,3.960123740688333e-06,3.566332396946018e-05
orientation_1,5,9,-7,1960.0,3.909359795544153e-06,3.601290654461098e-05
orientation_1,5,9,-7,1980.0,3.858884570349442e-06,3.636250466002743e-05
orientation_1,5,9,-7,2000.0,3.8086408072909996e-06,3.671144289510208e-05
orientation_1,5,9,-7,2020.0,3.7586562067467094e-06,3.705983258213048e-05
orientation_1,5,9,-7,2040.0,3.70894588280793e-06,3.740767629677207e-05
orientation_1,5,9,-7,2060.0,3.6595226796245763e-06,3.7754961576101375e-05
orientation_1,5,9,-7,2080.0,3.610398648972261e-06,3.8101674738450876e-05
orientation_1,5,9,-7,2100.0,3.561567628910531e-06,3.8447613427236144e-05
orientation_1,5,9,-7,2120.0,3.5131037550494456e-06,3.879345382358691e-05
orientation_1,5,9,-7,2140.0,3.464949059066925e-06,3.913844421392777e-05
orientation_1,5,9,-7,2160.0,3.4171406331043873e-06,3.948287420953468e-05
orientation_1,5,9,-7,2180.0,3.3696885365265737e-06,3.982674765078545e-05
orientation_1,5,9,-7,2200.0,3.322594181364723e-06,4.0169973182959526e-05
orientation_1,5,9,-7,2220.0,3.2758734340789463e-06,4.051263265956459e-05
orientation_1,5,9,-7,2240.0,3.2295195113998236e-06,4.085454256834281e-05
orientation_1,5,9,-7,2260.0,3.183596053410276e-06,4.119642254523246e-05
orientation_1,5,9,-7,2280.0,3.1379875992443596e-06,4.153668126344002e-05
orientation_1,5,9,-7,2300.0,3.092845381765333e-06,4.1877211618189144e-05
orientation_1,5,9,-7,2320.0,3.048084846904263e-06,4.221681756058956e-05
orientation_1,5,9,-7,2340.0,3.0037337447404882e-06,4.2555800110890026e-05
orientation_1,5,9,-7,2360.0,2.9597965958730327e-06,4.289415169859702e-05
orientation_1,5,9,-7,2380.0,2.916271614713121e-06,4.323177317094072e-05
orientation_1,5,9,-7,2400.0,2.873198860628697e-06,4.356921100569018e-05
orientation_1,5,9,-7,2420.0,2.8305010695064645e-06,4.390521272911394e-05
orientation_1,5,9,-7,2440.0,2.7867608381563963e-06,4.4241162300966915e-05
orientation_1,5,9,-7,2460.0,2.746463181170457e-06,4.4576296085708755e-05
orientation_1,5,9,-7,2480.0,2.705089216042894e-06,4.491077101765431e-05
orientation_1,5,9,-7,2500.0,2.6641982471859326e-06,4.524538365267785e-05
orientation_1,7,5,-2,100.0,4.033673750131816e-05,4.509560290334002e-05
orientation_1,7,5,-2,120.0,4.731645060376575e-05,5.409187207009456e-05
orientation_1,7,5,-2,140.0,5.3951933174996476e-05,6.306856754385798e-05
orientation_1,7,5,-2,160.0,6.025266224042083e-05,7.20224538632587e-05
orientation_1,7,5,-2,180.0,6.622799025388193e-05,8.095030795985785e-05
orientation_1,7,5,-2,200.0,7.188713730767953e-05,8.984892089300706e-05
orientation_1,7,5,-2,220.0,7.723919662918046e-05,9.871509958305311e-05
orientation_1,7,5,-2,240.0,8.229312772222855e-05,0.000107545668537486
orientation_1,7,5,-2,260.0,8.705775569646624e-05,0.0001163374715675174
orientation_1,7,5,-2,280.0,9.15417696197749e-05,0.00012508737349348935
orientation_1,7,5,-2,300.0,9.575372104033753e-05,0.0001337922618378496
orientation_1,7,5,-2,320.0,9.970202267339843e-05,0.00014244904850456547
orientation_1,7,5,-2,340.0,0.0001033949472478745,0.000151054671443914
orientation_1,7,5,-2,360.0,0.00010684062650801635,0.0001596060963016189
orientation_1,7,5,-2,380.0,0.00011004705036535616,0.00016810031805133017
orientation_1,7,5,-2,400.0,0.00011302206619622189,0.00017653436260945763
orientation_1,7,5,-2,420.0,0.00011577337828012789,0.0001849052884313841
orientation_1,7,5,-2,440.0,0.00011830854737440055,0.00019321018808809873
orientation_1,7,5,-2,460.0,0.00012063499042043394,0.00020144618982230299
orientation_1,7,5,-2,480.0,0.00012275998037701943,0.00020961045908305878
orientation_1,7,5,-2,500.0,0.00012469064617624096,0.00021770020003805446
orientation_1,7,5,-2,520.0,0.00012643397279747844,0.00022571265706259122
orientation_1,7,5,-2,540.0,0.00012799680145511537,0.00023364511620439424
orientation_1,7,5,-2,560.0,0.00012938582989560353,0.00024149490662337813
orientation_1,7,5,-2,580.0,0.0001306076127995951,0.00024925940200550386
orientation_1,7,5,-2,600.0,0.00013166856228491032,0.000256936021949891
orientation_1,7,5,-2,620.0,0.00013257494850618613,0.0002645222333283589
orientation_1,7,5,-2,640.0,0.00013333290034708237,0.0002720155516165769
orientation_1,7,5,-2,660.0,0.0001339484062010369,0.0002794135421960609
orientation_1,7,5,-2,680.0,0.00013442731483657188,0.000286713821626211
orientation_1,7,5,-2,700.0,0.00013477533634328198,0.00029391405888567226
orientation_1,7,5,-2,720.0,0.000134998043154652,0.00030101197658224347
orientation_1,7,5,-2,740.0,0.00013510087114396307,0.00030800535213070326
orientation_1,7,5,-2,760.0,0.0001350891207895794,0.0003148920188977026
orientation_1,7,5,-2,780.0,0.00013496795840604514,0.0003216698673132542
orientation_1,7,5,-2,800.0,0.00013474241743741732,0.00032833684594801746
orientation_1,7,5,-2,820.0,0.00013441739980938564,0.00033489096255579637
orientation_1,7,5,-2,840.0,0.0001339976773367738,0.00034133028508058803
orientation_1,7,5,-2,860.0,0.00013348789318328358,0.0003476529426280444
orientation_1,7,5,-2,880.0,0.000132892563369723,0.00035385712639941617
orientation_1,7,5,-2,900.0,0.00013221607832843702,0.00035994109058971316
orientation_1,7,5,-2,920.0,0.0001314627044999842,0.0003659031532472809
orientation_1,7,5,-2,940.0,0.00013063658596959728,0.00037174169709571614
orientation_1,7,5,-2,960.0,0.00012974174614854882,0.0003774551703416284
orientation_1,7,5,-2,980.0,0.00012878208943990408,0.0003830420872963566
orientation_1,7,5,-2,1000.0,0.00012776140305900506,0.00038850102932587736
orientation_1,7,5,-2,1020.0,0.00012668335871750353,0.00039383064527083635
orientation_1,7,5,-2,1040.0,0.0001255515144567123,0.0003990296521937117
orientation_1,7,5,-2,1060.0,0.00012436931645138364,0.0004040968359272363
orientation_1,7,5,-2,1080.0,0.00012314010086335916,0.0004090310516760179
orientation_1,7,5,-2,1100.0,0.00012186709566098176,0.00041383122440178066
orientation_1,7,5,-2,1120.0,0.00012055342252520852,0.0004184963494025562
orientation_1,7,5,-2,1140.0,0.00011920209871570392,0.00042302549267077727
orientation_1,7,5,-2,1160.0,0.00011781603897103221,0.00042741779128447043
orientation_1,7,5,-2,1180.0,0.00011639805736575526,0.00043167245355750646
orientation_1,7,5,-2,1200.0,0.00011495086932274513,0.0004357887596987237
orientation_1,7,5,-2,1220.0,0.0001134770935994411,0.0004397660623542916
orientation_1,7,5,-2,1240.0,0.00011197925407772104,0.0004436037863289527
orientation_1,7,5,-2,1260.0,0.00011045978125107762,0.0004473014269210654
orientation_1,7,5,-2,1280.0,0.00010892101510735324,0.00045085855392862335
orientation_1,7,5,-2,1300.0,0.00010736520636946629,0.00045427480898817285
orientation_1,7,5,-2,1320.0,0.00010579451863647804,0.0004575499065189179
orientation_1,7,5,-2,1340.0,0.00010421103017750628,0.0004606836331876053
orientation_1,7,5,-2,1360.0,0.00010261673598319794,0.0004636758484908306
orientation_1,7,5,-2,1380.0,0.00010101354766818222,0.00046652647512985016
orientation_1,7,5,-2,1400.0,9.940331092592179e-05,0.0004692355443275897
orientation_1,7,5,-2,1420.0,9.778775812274536e-05,0.0004718031049163555
orientation_1,7,5,-2,1440.0,9.616831345525434e-05,0.00047422931477159795
orientation_1,7,5,-2,1460.0,9.454740694715996e-05,0.00047651439358437276
orientation_1,7,5,-2,1480.0,9.292574336727832e-05,0.00047865863196000383
orientation_1,7,5,-2,1500.0,9.130506448242355e-05,0.000480662388052311
orientation_1,7,5,-2,1520.0,8.968676300587309e-05,0.0004825261076957842
orientation_1,7,5,-2,1540.0,8.807217098690792e-05,0.00048425028076729714
orientation_1,7,5,-2,1560.0,8.646255666986831e-05,0.00048583551412761494
orientation_1,7,5,-2,1580.0,8.485910603146367e-05,0.00048728236118747355
orientation_1,7,5,-2,1600.0,8.325946298036077e-05,0.0004885878393797887
orientation_1,7,5,-2,1620.0,8.167523490402368e-05,0.000489764042598646
orientation_1,7,5,-2,1640.0,8.009691147158706e-05,0.0004908004725271945
orientation_1,7,5,-2,1660.0,7.852896935509317e-05,0.0004917018244522633
orientation_1,7,5,-2,1680.0,7.697231948684801e-05,0.0004924690761650193
orientation_1,7,5,-2,1700.0,7.542782479869467e-05,0.0004931033050748934
orientation_1,7,5,-2,1720.0,7.389627825181899e-05,0.0004936055252756231
orientation_1,7,5,-2,1740.0,7.237845069964678e-05,0.0004939770053269442
orientation_1,7,5,-2,1760.0,7.087512161408168e-05,0.0004942195047313558
orientation_1,7,5,-2,1780.0,6.938696424661776e-05,0.0004943344442045515
orientation_1,7,5,-2,1800.0,6.791410882145762e-05,0.0004943194748856381
orientation_1,7,5,-2,1820.0,6.645776660241008e-05,0.0004941808403692687
orientation_1,7,5,-2,1840.0,6.501823011532903e-05,0.0004939182210671135
orientation_1,7,5,-2,1860.0,6.359594903093383e-05,0.0004935328191133239
orientation_1,7,5,-2,1880.0,6.219149717493044e-05,0.0004930272441614794
orientation_1,7,5,-2,1900.0,6.0805164391308995e-05,0.0004924021312160921
orientation_1,7,5,-2,1920.0,5.943735456052334e-05,0.0004916594059755012
orientation_1,7,5,-2,1940.0,5.808927809755416e-05,0.0004908086821085024
orientation_1,7,5,-2,1960.0,5.6758405615975216e-05,0.0004898260689204975
orientation_1,7,5,-2,1980.0,5.544843196747426e-05,0.00048874454715605
orientation_1,7,5,-2,2000.0,5.4157854316401344e-05,0.00048755005532403524
orientation_1,7,5,-2,2020.0,5.288717624161149e-05,0.0004862472427317281
orientation_1,7,5,-2,2040.0,5.163784278184694e-05,0.0004848385077034297
orientation_1,7,5,-2,2060.0,5.040630463609316e-05,0.00048332552053247514
orientation_1,7,5,-2,2080.0,4.9196342937760235e-05,0.00048171022956263566
orientation_1,7,5,-2,2100.0,4.8006403351245844e-05,0.0004799900371024831
orientation_1,7,5,-2,2120.0,4.6838075283590696e-05,0.00047818353780799283
orientation_1,7,5,-2,2140.0,4.5689759549214834e-05,0.0004762749803056332
orientation_1,7,5,-2,2160.0,4.456213859698945e-05,0.0004742737069534356
orientation_1,7,5,-2,2180.0,4.345523744890513e-05,0.0004721822164225832
orientation_1,7,5,-2,2200.0,4.236887849796145e-05,0.00047000084507524853
orientation_1,7,5,-2,2220.0,4.130320259812467e-05,0.0004677339801077394
orientation_1,7,5,-2,2240.0,4.025782167217299e-05,0.00046538364851821497
orientation_1,7,5,-2,2260.0,3.9234036050528296e-05,0.00046295805725758216
orientation_1,7,5,-2,2280.0,3.822883432178589e-05,0.00046043339621687946
orientation_1,7,5,-2,2300.0,3.724555359486721e-05,0.00045785327430709975
orientation_1,7,5,-2,2320.0,3.628196461990927e-05,0.0004551922425670033
orientation_1,7,5,-2,2340.0,3.533847900017424e-05,0.00045246002511458637
orientation_1,7,5,-2,2360.0,3.441494288177058e-05,0.0004496589425816516
orientation_1,7,5,-2,2380.0,3.351105885307495e-05,0.0004467918398435322
orientation_1,7,5,-2,2400.0,3.262756660572391e-05,0.0004438677616474419
orientation_1,7,5,-2,2420.0,3.17622743687307e-05,0.0004408658358866949
orientation_1,7,5,-2,2440.0,3.091720348101163e-05,0.0004378202269902724
orientation_1,7,5,-2,2460.0,3.009097278435719e-05,0.00043471520326764795
orientation_1,7,5,-2,2480.0,2.928362305776951e-05,0.0004315573347868012
orientation_1,7,5,-2,2500.0,2.8491385888039407e-05,0.00042834046056537954
orientation_1,-5,-3,1,100.0,1.1763252719132532e-05,1.3168930062972148e-05
orientation_1,-5,-3,1,120.0,1.3801453702492787e-05,1.5803473167275426e-05
orientation_1,-5,-3,1,140.0,1.5741370439156787e-05,1.8436346764265188e-05
orientation_1,-5,-3,1,160.0,1.7586176003542592e-05,2.1067273255849053e-05
orientation_1,-5,-3,1,180.0,1.933896075862881e-05,2.369597535800549e-05
orientation_1,-5,-3,1,200.0,2.1002734145209383e-05,2.6322176141349763e-05
orientation_1,-5,-3,1,220.0,2.2580426442135873e-05,2.8945599073638432e-05
orientation_1,-5,-3,1,240.0,2.4074890496649598e-05,3.156596806293437e-05
orientation_1,-5,-3,1,260.0,2.5488903424731912e-05,3.418300750099421e-05
orientation_1,-5,-3,1,280.0,2.682516828165938e-05,3.679644230670593e-05
orientation_1,-5,-3,1,300.0,2.808631570304679e-05,3.9405997969499946e-05
orientation_1,-5,-3,1,320.0,2.9274905516695404e-05,4.20114005926934e-05
orientation_1,-5,-3,1,340.0,3.039342832558293e-05,4.461237693674556e-05
orientation_1,-5,-3,1,360.0,3.144430706233724e-05,4.7208654462407824e-05
orientation_1,-5,-3,1,380.0,3.242989851554164e-05,4.9799961373756775e-05
orientation_1,-5,-3,1,400.0,3.335249482821958e-05,5.238602666110059e-05
orientation_1,-5,-3,1,420.0,3.421432496884877e-05,5.496658014374959e-05
orientation_1,-5,-3,1,440.0,3.501755617525436e-05,5.7541352512642025e-05
orientation_1,-5,-3,1,460.0,3.576429537173151e-05,6.011007537281858e-05
orientation_1,-5,-3,1,480.0,3.645659055974659e-05,6.267248128573568e-05
orientation_1,-5,-3,1,500.0,3.709643218256561e-05,6.522830381141305e-05
orientation_1,-5,-3,1,520.0,3.7685754464158577e-05,6.777727755040307e-05
orientation_1,-5,-3,1,540.0,3.8226436722726914e-05,7.031913818558082e-05
orientation_1,-5,-3,1,560.0,3.8720304659200694e-05,7.285362252374161e-05
orientation_1,-5,-3,1,580.0,3.9169131621049757e-05,7.538046853700294e-05
orientation_1,-5,-3,1,600.0,3.9575584153606874e-05,7.789941540399746e-05
orientation_1,-5,-3,1,620.0,3.9939487428866324e-05,8.041020355086461e-05
orientation_1,-5,-3,1,640.0,4.02633676090481e-05,8.291257469200837e-05
orientation_1,-5,-3,1,660.0,4.0548800733298276e-05,8.54062718706378e-05
orientation_1,-5,-3,1,680.0,4.079731645150903e-05,8.789103949907827e-05
orientation_1,-5,-3,1,700.0,4.101039914703074e-05,9.036662339882889e-05
orientation_1,-5,-3,1,720.0,4.118948903708124e-05,9.283277084038516e-05
orientation_1,-5,-3,1,740.0,4.133598325118081e-05,9.528923058280348e-05
orientation_1,-5,-3,1,760.0,4.1451236887938485e-05,9.773575291299474e-05
orientation_1,-5,-3,1,780.0,4.1536564050528103e-05,0.00010017208968476573
orientation_1,-5,-3,1,800.0,4.159323830004636e-05,0.00010259799435757682
orientation_1,-5,-3,1,820.0,4.162249587878097e-05,0.00010501322203501619
orientation_1,-5,-3,1,840.0,4.162553336233662e-05,0.00010741752950297031
orientation_1,-5,-3,1,860.0,4.160351081189725e-05,0.00010981067526760974
orientation_1,-5,-3,1,880.0,4.1557552162080194e-05,0.00011219241959279576
orientation_1,-5,-3,1,900.0,4.148874613532659e-05,0.0001145625245375459
orientation_1,-5,-3,1,920.0,4.139814713709657e-05,0.00011692075399291358
orientation_1,-5,-3,1,940.0,4.128677613232187e-05,0.00011926687371864503
orientation_1,-5,-3,1,960.0,4.115562150574747e-05,0.00012160065138654702
orientation_1,-5,-3,1,980.0,4.100563988988853e-05,0.00012392185658127253
orientation_1,-5,-3,1,1000.0,4.0837757010624354e-05,0.00012623026090634198
orientation_1,-5,-3,1,1020.0,4.065286846785985e-05,0.00012852563794902837
orientation_1,-5,-3,1,1040.0,4.0451840534496825e-05,0.00013080776335072872
orientation_1,-5,-3,1,1060.0,4.023551092296984e-05,0.0001330764148306529
orientation_1,-5,-3,1,1080.0,4.0004689543809474e-05,0.00013533137223733493
orientation_1,-5,-3,1,1100.0,3.9760159232409626e-05,0.0001375724175485926
orientation_1,-5,-3,1,1120.0,3.950267648004453e-05,0.00013979933493901006
orientation_1,-5,-3,1,1140.0,3.923297213356306e-05,0.00014201191079548723
orientation_1,-5,-3,1,1160.0,3.8951752085948444e-05,0.00014420993375390912
orientation_1,-5,-3,1,1180.0,3.865969793632492e-05,0.00014639319467783308
orientation_1,-5,-3,1,1200.0,3.835746767754778e-05,0.00014856148679575934
orientation_1,-5,-3,1,1220.0,3.8045696360273575e-05,0.00015071460581799587
orientation_1,-5,-3,1,1240.0,3.7724996685929427e-05,0.00015285234983324823
orientation_1,-5,-3,1,1260.0,3.739595949048061e-05,0.0001549745187883312
orientation_1,-5,-3,1,1280.0,3.7059154629685154e-05,0.0001570809156677346
orientation_1,-5,-3,1,1300.0,3.671513137663417e-05,0.00015917134576268695
orientation_1,-5,-3,1,1320.0,3.636441900744438e-05,0.0001612456167320593
orientation_1,-5,-3,1,1340.0,3.600752743608044e-05,0.0001633035389540008
orientation_1,-5,-3,1,1360.0,3.564494768749403e-05,0.0001653449252263217
orientation_1,-5,-3,1,1380.0,3.527715192807124e-05,0.0001673695883610133
orientation_1,-5,-3,1,1400.0,3.4904598460239376e-05,0.00016937736282337628
orientation_1,-5,-3,1,1420.0,3.452771797133367e-05,0.00017136803548993432
orientation_1,-5,-3,1,1440.0,3.4146937155578896e-05,0.0001733414583611653
orientation_1,-5,-3,1,1460.0,3.376265876930371e-05,0.0001752974487937784
orientation_1,-5,-3,1,1480.0,3.33752714754925e-05,0.00017723583534946544
orientation_1,-5,-3,1,1500.0,3.298514910984031e-05,0.0001791564522682714
orientation_1,-5,-3,1,1520.0,3.259264862428436e-05,0.00018105912574607538
orientation_1,-5,-3,1,1540.0,3.219811542321417e-05,0.00018294370081116005
orientation_1,-5,-3,1,1560.0,3.180188038206011e-05,0.00018481002318514314
orientation_1,-5,-3,1,1580.0,3.140425544642827e-05,0.00018665791004744922
orientation_1,-5,-3,1,1600.0,3.100452059967433e-05,0.00018848612890862487
orientation_1,-5,-3,1,1620.0,3.0606046920491755e-05,0.0001902978299873567
orientation_1,-5,-3,1,1640.0,3.0206030002662076e-05,0.00019208955431235066
orientation_1,-5,-3,1,1660.0,2.9805762972436417e-05,0.000193862258884263
orientation_1,-5,-3,1,1680.0,2.940550030512163e-05,0.00019561580307292826
orientation_1,-5,-3,1,1700.0,2.900548577919434e-05,0.00019735005361268547
orientation_1,-5,-3,1,1720.0,2.860594755512391e-05,0.00019906484797356568
orientation_1,-5,-3,1,1740.0,2.8207110783737963e-05,0.00020076007895858795
orientation_1,-5,-3,1,1760.0,2.7809207011833874e-05,0.0002024357678438896
orientation_1,-5,-3,1,1780.0,2.74124412541108e-05,0.00020409182774602452
orientation_1,-5,-3,1,1800.0,2.701735687914917e-05,0.0002057270432961107
orientation_1,-5,-3,1,1820.0,2.662283771419781e-05,0.0002073427069602805
orientation_1,-5,-3,1,1840.0,2.6230472382409808e-05,0.00020893817381461752
orientation_1,-5,-3,1,1860.0,2.583991923155974e-05,0.00021051323829964055
orientation_1,-5,-3,1,1880.0,2.5451367343507295e-05,0.00021206806178575345
orientation_1,-5,-3,1,1900.0,2.5064931230178648e-05,0.0002136022602998321
orientation_1,-5,-3,1,1920.0,2.4680758436598207e-05,0.0002151157892885234
orientation_1,-5,-3,1,1940.0,2.4299234387565294e-05,0.00021661083253975627
orientation_1,-5,-3,1,1960.0,2.3919655682065428e-05,0.00021807978427167558
orientation_1,-5,-3,1,1980.0,2.35431412138084e-05,0.0002195316555522785
orientation_1,-5,-3,1,2000.0,2.3169289592411694e-05,0.00022096166383201178
orientation_1,-5,-3,1,2020.0,2.2798292486277915e-05,0.0002223705282468658
orientation_1,-5,-3,1,2040.0,2.2430576436859214e-05,0.00022375822866355416
orientation_1,-5,-3,1,2060.0,2.206526158259954e-05,0.0002251246153765377
orientation_1,-5,-3,1,2080.0,2.170339315318092e-05,0.00022646955126638083
orientation_1,-5,-3,1,2100.0,2.1344602573582917e-05,0.00022779157537980996
orientation_1,-5,-3,1,2120.0,2.098940411029883e-05,0.00022909539245843748
orientation_1,-5,-3,1,2140.0,2.0637384890327203e-05,0.00023037569404533856
orientation_1,-5,-3,1,2160.0,2.0288798541123938e-05,0.00023163447800313646
orientation_1,-5,-3,1,2180.0,1.994370835152239e-05,0.0002328717419467211
orientation_1,-5,-3,1,2200.0,1.960211766048189e-05,0.00023408682207554357
orientation_1,-5,-3,1,2220.0,1.9264127350683134e-05,0.00023528026620148553
orientation_1,-5,-3,1,2240.0,1.8929683301459984e-05,0.00023645076883576507
orientation_1,-5,-3,1,2260.0,1.85992221342679e-05,0.00023760335881341146
orientation_1,-5,-3,1,2280.0,1.827192392882206e-05,0.0002387268900175277
orientation_1,-5,-3,1,2300.0,1.7948834774492513e-05,0.00023983455332476526
orientation_1,-5,-3,1,2320.0,1.762935473856549e-05,0.0002409180335762104
orientation_1,-5,-3,1,2340.0,1.731366801287416e-05,0.0002419794085605171
orientation_1,-5,-3,1,2360.0,1.7001796380804193e-05,0.00024301860983086995
orientation_1,-5,-3,1,2380.0,1.6693715767133085e-05,0.0002440349669203888
orientation_1,-5,-3,1,2400.0,1.638969750605416e-05,0.00024503232726391064
orientation_1,-5,-3,1,2420.0,1.6089176979785036e-05,0.00024600187505687216
orientation_1,-5,-3,1,2440.0,1.5792800676410986e-05,0.00024695336970614494
orientation_1,-5,-3,1,2460.0,1.5500231302723534e-05,0.0002478814506899672
orientation_1,-5,-3,1,2480.0,1.5211543202867646e-05,0.00024878723694837963
orientation_1,-5,-3,1,2500.0,1.492573330912125e-05,0.000249668206330834
orientation_1,-2,1,-2,100.0,7.985112641786902e-05,8.942549376651809e-05
orientation_1,-2,1,-2,120.0,9.357472192598168e-05,0.00010719505789936189
orientation_1,-2,1,-2,140.0,0.00010657799170079658,0.00012488767263282613
orientation_1,-2,1,-2,160.0,0.00011887727479518569,0.00014249072291307502
orientation_1,-2,1,-2,180.0,0.00013048906496410968,0.00015999169016124766
orientation_1,-2,1,-2,200.0,0.0001414299607275175,0.00017737816569649806
orientation_1,-2,1,-2,220.0,0.00015171667735483057,0.0001946378640411525
orientation_1,-2,1,-2,240.0,0.0001613660008531409,0.0002117586360834295
orientation_1,-2,1,-2,260.0,0.00017039477075878385,0.00022872848207907085
orientation_1,-2,1,-2,280.0,0.00017881985824194538,0.00024553556447524515
orientation_1,-2,1,-2,300.0,0.00018665814492148158,0.0002621682205409576
orientation_1,-2,1,-2,320.0,0.00019392650239718643,0.00027861497478869724
orientation_1,-2,1,-2,340.0,0.00020064177250532354,0.0002948645511724351
orientation_1,-2,1,-2,360.0,0.00020682074830180176,0.0003109058850474046
orientation_1,-2,1,-2,380.0,0.00021248015577599128,0.00032672813487743255
orientation_1,-2,1,-2,400.0,0.00021763663629681662,0.0003423206936759145
orientation_1,-2,1,-2,420.0,0.00022230672979145548,0.00035767320016686705
orientation_1,-2,1,-2,440.0,0.00022650685865573393,0.00037277554965284857
orientation_1,-2,1,-2,460.0,0.0002302533123940923,0.0003876179045769044
orientation_1,-2,1,-2,480.0,0.00023356223298586664,0.00040219070476608904
orientation_1,-2,1,-2,500.0,0.0002364496009735262,0.0004164846773445006
orientation_1,-2,1,-2,520.0,0.0002389312222674808,0.00043049084630419394
orientation_1,-2,1,-2,540.0,0.0002410227156610736,0.00044420054172276155
orientation_1,-2,1,-2,560.0,0.00024273950104845247,0.00045760540861680655
orientation_1,-2,1,-2,580.0,0.00024409678833712614,0.000470697415421004
orientation_1,-2,1,-2,600.0,0.00024510956704618044,0.00048346886208290503
orientation_1,-2,1,-2,620.0,0.0002457925965803629,0.0004959123877641182
orientation_1,-2,1,-2,640.0,0.0002461603971694745,0.0005080209781389883
orientation_1,-2,1,-2,660.0,0.00024622724146189525,0.0005197879722824477
orientation_1,-2,1,-2,680.0,0.00024600714676035497,0.0005312070691391203
orientation_1,-2,1,-2,700.0,0.00024551386788754015,0.0005422723335664105
orientation_1,-2,1,-2,720.0,0.00024476089066853644,0.0005529782019447349
orientation_1,-2,1,-2,740.0,0.00024376142601669203,0.0005633194873486811
orientation_1,-2,1,-2,760.0,0.0002425284046088434,0.0005732913842733279
orientation_1,-2,1,-2,780.0,0.00024107447213574557,0.0005828894729106344
orientation_1,-2,1,-2,800.0,0.00023941198511286712,0.0005921097229712513
orientation_1,-2,1,-2,820.0,0.00023755300723656253,0.0006009484970477539
orientation_1,-2,1,-2,840.0,0.000235509306270254,0.000609402553515701
orientation_1,-2,1,-2,860.0,0.0002332923505995651,0.000617469048970557
orientation_1,-2,1,-2,880.0,0.000230913310494463,0.000625145540195418
orientation_1,-2,1,-2,900.0,0.0002283830514776606,0.000632429985662392
orientation_1,-2,1,-2,920.0,0.00022571213649527072,0.0006393207465619043
orientation_1,-2,1,-2,940.0,0.00022291082439075037,0.0006458165873621842
orientation_1,-2,1,-2,960.0,0.00021998907058017487,0.000651916675897928
orientation_1,-2,1,-2,980.0,0.0002169565234531404,0.0006576205829889324
orientation_1,-2,1,-2,1000.0,0.000213822529545878,0.0006629282815898824
orientation_1,-2,1,-2,1020.0,0.0002105961346574792,0.0006678401454732513
orientation_1,-2,1,-2,1040.0,0.00020728608026730525,0.0006723569474468786
orientation_1,-2,1,-2,1060.0,0.00020390080904411498,0.0006764798570870498
orientation_1,-2,1,-2,1080.0,0.00020044846591668096,0.0006802104381544796
orientation_1,-2,1,-2,1100.0,0.00019693690031806512,0.00068355064520141
orientation_1,-2,1,-2,1120.0,0.00019337366887552535,0.0006865028201994154
orientation_1,-2,1,-2,1140.0,0.00018976603828492844,0.0006890696883765145
orientation_1,-2,1,-2,1160.0,0.00018612098849773442,0.000691254353746954
orientation_1,-2,1,-2,1180.0,0.00018244521606227592,0.0006930602938170423
orientation_1,-2,1,-2,1200.0,0.00017874513800718994,0.0006944913549841189
orientation_1,-2,1,-2,1220.0,0.00017502689588219064,0.0006955517484875767
orientation_1,-2,1,-2,1240.0,0.00017129635959873385,0.0006962460374705741
orientation_1,-2,1,-2,1260.0,0.00016755913092182502,0.0006965791383720952
orientation_1,-2,1,-2,1280.0,0.00016382054983749263,0.00069655631006135
orientation_1,-2,1,-2,1300.0,0.00016008569788992358,0.0006961831468301014
orientation_1,-2,1,-2,1320.0,0.0001563594034525665,0.0006954655713214298
orientation_1,-2,1,-2,1340.0,0.00015264624645196933,0.0006944098253386902
orientation_1,-2,1,-2,1360.0,0.00014895056376629638,0.0006930224626949304
orientation_1,-2,1,-2,1380.0,0.00014527645041447604,0.0006913103211839846
orientation_1,-2,1,-2,1400.0,0.00014162779615949306,0.0006892806050360069
orientation_1,-2,1,-2,1420.0,0.0001380081920322753,0.0006869406926715003
orientation_1,-2,1,-2,1440.0,0.0001344210958157668,0.0006842983115627629
orientation_1,-2,1,-2,1460.0,0.00013086969642809118,0.0006813614335764778
orientation_1,-2,1,-2,1480.0,0.00012735698426680596,0.0006781382836478141
orientation_1,-2,1,-2,1500.0,0.0001238857461021455,0.0006746373276919159
orientation_1,-2,1,-2,1520.0,0.00012045856595126485,0.0006708672795910364
orientation_1,-2,1,-2,1540.0,0.00011707783992851364,0.0006668370515141594
orientation_1,-2,1,-2,1560.0,0.00011374578236755777,0.000662555836768369
orientation_1,-2,1,-2,1580.0,0.00011046438732219852,0.000658032791948453
orientation_1,-2,1,-2,1600.0,0.00010723431154452502,0.0006532742123550244
orientation_1,-2,1,-2,1620.0,0.0001040608859977996,0.0006482999327064574
orientation_1,-2,1,-2,1640.0,0.00010094196005669397,0.0006431096080379657
orientation_1,-2,1,-2,1660.0,9.788010931683341e-05,0.0006377166467285663
orientation_1,-2,1,-2,1680.0,9.487653440305525e-05,0.0006321311906125318
orientation_1,-2,1,-2,1700.0,9.193229901409761e-05,0.0006263635792972673
orientation_1,-2,1,-2,1720.0,8.904828587790515e-05,0.0006204239960151094
orientation_1,-2,1,-2,1740.0,8.622529978729696e-05,0.0006143231260825877
orientation_1,-2,1,-2,1760.0,8.346412679781537e-05,0.0006080725868373132
orientation_1,-2,1,-2,1780.0,8.07653021865203e-05,0.000601683220064836
orientation_1,-2,1,-2,1800.0,7.812827048371286e-05,0.0005951584552473043
orientation_1,-2,1,-2,1820.0,7.555457529860022e-05,0.0005885185659758875
orientation_1,-2,1,-2,1840.0,7.304392109162292e-05,0.0005817707922114166
orientation_1,-2,1,-2,1860.0,7.05962903257707e-05,0.0005749252155295747
orientation_1,-2,1,-2,1880.0,6.821192556384981e-05,0.0005679948950367912
orientation_1,-2,1,-2,1900.0,6.58904348330245e-05,0.0005609884257528965
orientation_1,-2,1,-2,1920.0,6.36316700393166e-05,0.0005539171225520366
orientation_1,-2,1,-2,1940.0,6.143706324472956e-05,0.0005467824391063342
orientation_1,-2,1,-2,1960.0,5.930061621262014e-05,0.0005396189709893617
orientation_1,-2,1,-2,1980.0,5.722864097915626e-05,0.0005324241177758678
orientation_1,-2,1,-2,2000.0,5.521717951443336e-05,0.0005252019914342059
orientation_1,-2,1,-2,2020.0,5.326619742538299e-05,0.0005179682334486411
orientation_1,-2,1,-2,2040.0,5.137792523381183e-05,0.0005107345163080394
orientation_1,-2,1,-2,2060.0,4.954326073103983e-05,0.0005035099766085753
orientation_1,-2,1,-2,2080.0,4.7769707607978223e-05,0.0004963047650176866
orientation_1,-2,1,-2,2100.0,4.605281195121263e-05,0.0004891193645591934
orientation_1,-2,1,-2,2120.0,4.439474112925958e-05,0.0004819966099032349
orientation_1,-2,1,-2,2140.0,4.27912969602718e-05,0.00047491049981904156
orientation_1,-2,1,-2,2160.0,4.124282944326005e-05,0.0004678847448031162
orientation_1,-2,1,-2,2180.0,3.974838769790945e-05,0.00046092918927276256
orientation_1,-2,1,-2,2200.0,3.830664250917422e-05,0.00045404933414026194
orientation_1,-2,1,-2,2220.0,3.691688186177611e-05,0.0004472581450167731
orientation_1,-2,1,-2,2240.0,3.5577364541764385e-05,0.0004405638474774783
orientation_1,-2,1,-2,2260.0,3.4289737163359404e-05,0.000433986608455598
orientation_1,-2,1,-2,2280.0,3.304708334728564e-05,0.00042748306706885523
orientation_1,-2,1,-2,2300.0,3.1855022678467955e-05,0.00042114205605053737
orientation_1,-2,1,-2,2320.0,3.070830562139275e-05,0.00041491718588347923
orientation_1,-2,1,-2,2340.0,2.960683511668988e-05,0.0004088301795275772
orientation_1,-2,1,-2,2360.0,2.854939512085965e-05,0.00040288774297416575
orientation_1,-2,1,-2,2380.0,2.7534549042555114e-05,0.0003970979673401374
orientation_1,-2,1,-2,2400.0,2.6562982650947633e-05,0.00039146762770179934
orientation_1,-2,1,-2,2420.0,2.5629413672244288e-05,0.0003859954093910172
orientation_1,-2,1,-2,2440.0,2.4737129274268537e-05,0.00038071161589695127
orientation_1,-2,1,-2,2460.0,2.3882587649421907e-05,0.0003755988099158777
orientation_1,-2,1,-2,2480.0,2.3065114782552146e-05,0.00037067054912183294
orientation_1,-2,1,-2,2500.0,2.2282483334046588e-05,0.00036593411399563915
orientation_1,-1,-5,5,100.0,1.9621243864030075e-05,2.1960030616650938e-05
orientation_1,-1,-5,5,120.0,2.3019247310489505e-05,2.634988990518347e-05
orientation_1,-1,-5,5,140.0,2.625220770945213e-05,3.0735106909299294e-05
orientation_1,-1,-5,5,160.0,2.9325238267383476e-05,3.511491098976254e-05
orientation_1,-1,-5,5,180.0,3.224333451238412e-05,3.9488532946237406e-05
orientation_1,-1,-5,5,200.0,3.5011376136989184e-05,4.385520521473e-05
orientation_1,-1,-5,5,220.0,3.7634128837603894e-05,4.8214162067888626e-05
orientation_1,-1,-5,5,240.0,4.011624614774857e-05,5.256463981598316e-05
orientation_1,-1,-5,5,260.0,4.246227126368684e-05,5.690587700778734e-05
orientation_1,-1,-5,5,280.0,4.467663886147476e-05,6.123711463102995e-05
orientation_1,-1,-5,5,300.0,4.6763676904651925e-05,6.555759631224108e-05
orientation_1,-1,-5,5,320.0,4.872760844188358e-05,6.986656851588073e-05
orientation_1,-1,-5,5,340.0,5.057255339391915e-05,7.416328074266605e-05
orientation_1,-1,-5,5,360.0,5.230253032927015e-05,7.844698572702588e-05
orientation_1,-1,-5,5,380.0,5.3921458228044065e-05,8.271693963361707e-05
orientation_1,-1,-5,5,400.0,5.543315823339992e-05,8.69724022528415e-05
orientation_1,-1,-5,5,420.0,5.6841355390117325e-05,9.121263719530467e-05
orientation_1,-1,-5,5,440.0,5.814968036979871e-05,9.543691208515573e-05
orientation_1,-1,-5,5,460.0,5.936167118224656e-05,9.964449875225355e-05
orientation_1,-1,-5,5,480.0,6.048077487258473e-05,0.00010383467342310059
orientation_1,-1,-5,5,500.0,6.151034920371362e-05,0.00010800671691048963
orientation_1,-1,-5,5,520.0,6.245366432371372e-05,0.00011215991480180647
orientation_1,-1,-5,5,540.0,6.331390395748891e-05,0.00011629355764593444
orientation_1,-1,-5,5,560.0,6.409416886063969e-05,0.00012040694113870545
orientation_1,-1,-5,5,580.0,6.479747574881457e-05,0.00012449936630684301
orientation_1,-1,-5,5,600.0,6.542676067155314e-05,0.0001285701396903437
orientation_1,-1,-5,5,620.0,6.598488016281776e-05,0.00013261857352324862
orientation_1,-1,-5,5,640.0,6.64746128111768e-05,0.00013664398591273753
orientation_1,-1,-5,5,660.0,6.68986608128251e-05,0.00014064570101651733
orientation_1,-1,-5,5,680.0,6.725965150722026e-05,0.00014462304921842442
orientation_1,-1,-5,5,700.0,6.756013889511435e-05,0.00014857536730221882
orientation_1,-1,-5,5,720.0,6.780260513881139e-05,0.00015250199862349158
orientation_1,-1,-5,5,740.0,6.798946204446591e-05,0.00015640229327967454
orientation_1,-1,-5,5,760.0,6.812305252626395e-05,0.00016027560827803298
orientation_1,-1,-5,5,780.0,6.820565205236638e-05,0.00016412130770168497
orientation_1,-1,-5,5,800.0,6.82394700724694e-05,0.00016793876287352766
orientation_1,-1,-5,5,820.0,6.822665142688186e-05,0.00017172735251804784
orientation_1,-1,-5,5,840.0,6.816927773701364e-05,0.0001754864629209417
orientation_1,-1,-5,5,860.0,6.806936877727627e-05,0.000179215488086711
orientation_1,-1,-5,5,880.0,6.792888382807945e-05,0.00018291382989353797
orientation_1,-1,-5,5,900.0,6.77497230102826e-05,0.00018658089824647917
orientation_1,-1,-5,5,920.0,6.753372860065167e-05,0.00019021611122785684
orientation_1,-1,-5,5,940.0,6.72826863285287e-05,0.00019381889524543037
orientation_1,-1,-5,5,960.0,6.699832665759949e-05,0.00019738868518992956
orientation_1,-1,-5,5,980.0,6.668232602498039e-05,0.000200924924519335
orientation_1,-1,-5,5,1000.0,6.633630812092966e-05,0.00020442706551752044
orientation_1,-1,-5,5,1020.0,6.596184507040398e-05,0.0002078945693145728
orientation_1,-1,-5,5,1040.0,6.556045865523055e-05,0.00021132690608123236
orientation_1,-1,-5,5,1060.0,6.513362149208714e-05,0.00021472355514459354
orientation_1,-1,-5,5,1080.0,6.468275820573904e-05,0.00021808400514636614
orientation_1,-1,-5,5,1100.0,6.420924655829065e-05,0.00022140775411416363
orientation_1,-1,-5,5,1120.0,6.371441859378013e-05,0.00022469430964322813
orientation_1,-1,-5,5,1140.0,6.319956173833607e-05,0.00022794318898908847
orientation_1,-1,-5,5,1160.0,6.266591989265764e-05,0.00023115391919345705
orientation_1,-1,-5,5,1180.0,6.211469448062697e-05,0.0002343260371110087
orientation_1,-1,-5,5,1200.0,6.15470455509316e-05,0.00023745908969929831
orientation_1,-1,-5,5,1220.0,6.0964092845682004e-05,0.00024055263427161626
orientation_1,-1,-5,5,1240.0,6.036691675573375e-05,0.00024360623837681755
orientation_1,-1,-5,5,1260.0,5.9756559102446396e-05,0.00024661947899273925
orientation_1,-1,-5,5,1280.0,5.9134024590775596e-05,0.00024959194453737
orientation_1,-1,-5,5,1300.0,5.8500281456931674e-05,0.00025252323370254727
orientation_1,-1,-5,5,1320.0,5.78562624331148e-05,0.0002554129555992857
orientation_1,-1,-5,5,1340.0,5.720286580047559e-05,0.00025826073039280533
orientation_1,-1,-5,5,1360.0,5.6540956174711814e-05,0.0002610661888401892
orientation_1,-1,-5,5,1380.0,5.5871364556325876e-05,0.0002638289683070982
orientation_1,-1,-5,5,1400.0,5.519489668468354e-05,0.0002665487489844734
orientation_1,-1,-5,5,1420.0,5.451231006044045e-05,0.00026922513818626186
orientation_1,-1,-5,5,1440.0,5.3824353432452526e-05,0.00027185785874355036
orientation_1,-1,-5,5,1460.0,5.313173348523314e-05,0.00027444658232404854
orientation_1,-1,-5,5,1480.0,5.2435131304780364e-05,0.0002769910060701214
orientation_1,-1,-5,5,1500.0,5.173520117723772e-05,0.00027949084341379206
orientation_1,-1,-5,5,1520.0,5.1032567148256115e-05,0.00028194580102498714
orientation_1,-1,-5,5,1540.0,5.032783201870057e-05,0.0002843556240344927
orientation_1,-1,-5,5,1560.0,4.962157234045821e-05,0.00028672006547688126
orientation_1,-1,-5,5,1580.0,4.891433109484084e-05,0.00028903883745743877
orientation_1,-1,-5,5,1600.0,4.820492951052581e-05,0.0002913099085077947
orientation_1,-1,-5,5,1620.0,4.749900506817033e-05,0.0002935385638433079
orientation_1,-1,-5,5,1640.0,4.6791901321779764e-05,0.00029571907199840453
orientation_1,-1,-5,5,1660.0,4.6085788923459814e-05,0.00029785307388701537
orientation_1,-1,-5,5,1680.0,4.5381105709521084e-05,0.00029994038660679574
orientation_1,-1,-5,5,1700.0,4.467826994298384e-05,0.00030198084653277853
orientation_1,-1,-5,5,1720.0,4.397767202384404e-05,0.00030397424743535236
orientation_1,-1,-5,5,1740.0,4.3279695821011104e-05,0.0003059204833641008
orientation_1,-1,-5,5,1760.0,4.2584734211319594e-05,0.0003078196692730215
orientation_1,-1,-5,5,1780.0,4.189313386262301e-05,0.0003096717439315211
orientation_1,-1,-5,5,1800.0,4.1205799258035104e-05,0.00031147477705838195
orientation_1,-1,-5,5,1820.0,4.0520887873416294e-05,0.0003132310211554245
orientation_1,-1,-5,5,1840.0,3.9841032504422765e-05,0.0003149395078489188
orientation_1,-1,-5,5,1860.0,3.9165667870396955e-05,0.0003166000041537797
orientation_1,-1,-5,5,1880.0,3.849510838160834e-05,0.00031821290976691855
orientation_1,-1,-5,5,1900.0,3.782954020794146e-05,0.00031977770065684633
orientation_1,-1,-5,5,1920.0,3.716920506852488e-05,0.0003212944394438776
orientation_1,-1,-5,5,1940.0,3.651473976897863e-05,0.00032276690929523426
orientation_1,-1,-5,5,1960.0,3.5864964249375205e-05,0.000324182574896001
orientation_1,-1,-5,5,1980.0,3.522173498696237e-05,0.00032555660690366855
orientation_1,-1,-5,5,2000.0,3.4584374402427036e-05,0.0003268812014938152
orientation_1,-1,-5,5,2020.0,3.395319054482325e-05,0.0003281577133317879
orientation_1,-1,-5,5,2040.0,3.3328901307618e-05,0.00032938630359605203
orientation_1,-1,-5,5,2060.0,3.27099764642186e-05,0.0003305668804219889
orientation_1,-1,-5,5,2080.0,3.209819476951837e-05,0.00033169940799538435
orientation_1,-1,-5,5,2100.0,3.14929108822416e-05,0.000332781640975864
orientation_1,-1,-5,5,2120.0,3.0894967805899636e-05,0.00033382162949150985
orientation_1,-1,-5,5,2140.0,3.0303660844460606e-05,0.0003348107213695593
orientation_1,-1,-5,5,2160.0,2.97193960386988e-05,0.0003357524594031405
orientation_1,-1,-5,5,2180.0,2.9142261237475367e-05,0.00033664705416942126
orientation_1,-1,-5,5,2200.0,2.8572245216432636e-05,0.00033749363136908333
orientation_1,-1,-5,5,2220.0,2.800949593074517e-05,0.0003382933243506699
orientation_1,-1,-5,5,2240.0,2.7453903088595983e-05,0.00033904419142058385
orientation_1,-1,-5,5,2260.0,2.690617807590155e-05,0.00033975487230534336
orientation_1,-1,-5,5,2280.0,2.6364932981059062e-05,0.0003404070262626888
orientation_1,-1,-5,5,2300.0,2.5831884859566113e-05,0.00034102286151073966
orientation_1,-1,-5,5,2320.0,2.530601711489881e-05,0.00034158882018258915
orientation_1,-1,-5,5,2340.0,2.4787618217209008e-05,0.00034210862163929775
orientation_1,-1,-5,5,2360.0,2.427669681710735e-05,0.0003425824006868485
orientation_1,-1,-5,5,2380.0,2.3773188928798754e-05,0.0003430093143754263
orientation_1,-1,-5,5,2400.0,2.327753206062585e-05,0.00034339611280668786
orientation_1,-1,-5,5,2420.0,2.278875265114359e-05,0.0003437282968826407
orientation_1,-1,-5,5,2440.0,2.2307911066763896e-05,0.0003440224889794673
orientation_1,-1,-5,5,2460.0,2.1834418241925096e-05,0.0003442700238834619
orientation_1,-1,-5,5,2480.0,2.1368376876313444e-05,0.00034447307558267264
orientation_1,-1,-5,5,2500.0,2.090807114794213e-05,0.0003446415034598313
orientation_1,4,0,2,100.0,2.6339649399647036e-05,2.9482590550181788e-05
orientation_1,4,0,2,120.0,3.0897024935843625e-05,3.537230774040811e-05
orientation_1,4,0,2,140.0,3.523098107844004e-05,4.125365778108753e-05
orientation_1,4,0,2,160.0,3.934821959722269e-05,4.712525361775817e-05
orientation_1,4,0,2,180.0,4.32553059296052e-05,5.2985711667175665e-05
orientation_1,4,0,2,200.0,4.695867043269661e-05,5.883365230001756e-05
orientation_1,4,0,2,220.0,5.046460967507772e-05,6.4667700326512e-05
orientation_1,4,0,2,240.0,5.377928776348137e-05,7.048648548195474e-05
orientation_1,4,0,2,260.0,5.6908746829479455e-05,7.628864291095817e-05
orientation_1,4,0,2,280.0,5.985887312718249e-05,8.207281364987229e-05
orientation_1,4,0,2,300.0,6.263544959727785e-05,8.783764510703454e-05
orientation_1,4,0,2,320.0,6.524412436794896e-05,9.358179154058408e-05
orientation_1,4,0,2,340.0,6.769042017642498e-05,9.930391453362279e-05
orientation_1,4,0,2,360.0,6.997973585688193e-05,0.00010500268346651359
orientation_1,4,0,2,380.0,7.211734784879892e-05,0.00011067677598612367
orientation_1,4,0,2,400.0,7.410841172410552e-05,0.00011632487847182262
orientation_1,4,0,2,420.0,7.595796373150055e-05,0.00012194568649804758
orientation_1,4,0,2,440.0,7.767092235636906e-05,0.0001275379052932533
orientation_1,4,0,2,460.0,7.925208989476797e-05,0.0001331002501950653
orientation_1,4,0,2,480.0,8.070615403999445e-05,0.00013863144710145854
orientation_1,4,0,2,500.0,8.203768948029484e-05,0.0001441302329177793
orientation_1,4,0,2,520.0,8.325115950631287e-05,0.0001495953559994411
orientation_1,4,0,2,540.0,8.435091762692002e-05,0.00015502557659011735
orientation_1,4,0,2,560.0,8.534120919211187e-05,0.00016041966725525829
orientation_1,4,0,2,580.0,8.622617302169299e-05,0.0001657764133107647
orientation_1,4,0,2,600.0,8.700984303851728e-05,0.00017109461324665007
orientation_1,4,0,2,620.0,8.769614990509343e-05,0.00017637307914552926
orientation_1,4,0,2,640.0,8.828892266238912e-05,0.00018161063709575478
orientation_1,4,0,2,660.0,8.879189036972738e-05,0.00018680612759906705
orientation_1,4,0,2,680.0,8.92086837447049e-05,0.00019195840597256844
orientation_1,4,0,2,700.0,8.9542836802067e-05,0.00019706634274489385
orientation_1,4,0,2,720.0,8.979778849056889e-05,0.00020212882404639065
orientation_1,4,0,2,740.0,8.997688432683779e-05,0.00020714475199321377
orientation_1,4,0,2,760.0,9.008337802530504e-05,0.00021211304506508276
orientation_1,4,0,2,780.0,9.012043312333678e-05,0.0002170326384766841
orientation_1,4,0,2,800.0,9.009112460068261e-05,0.000221902484542483
orientation_1,4,0,2,820.0,8.999844049242574e-05,0.00022672155303482362
orientation_1,4,0,2,840.0,8.984528349463093e-05,0.00023148883153515577
orientation_1,4,0,2,860.0,8.963447256204561e-05,0.00023620332577853307
orientation_1,4,0,2,880.0,8.936874449678981e-05,0.00024086405999036842
orientation_1,4,0,2,900.0,8.905075552790492e-05,0.00024547007721678436
orientation_1,4,0,2,920.0,8.868308288054446e-05,0.0002500204396469775
orientation_1,4,0,2,940.0,8.826822633449737e-05,0.00025451422892831804
orientation_1,4,0,2,960.0,8.780860977670505e-05,0.00025895054648972666
orientation_1,4,0,2,980.0,8.73065827097627e-05,0.0002633285137619229
orientation_1,4,0,2,1000.0,8.676442182814316e-05,0.00026764727262823074
orientation_1,4,0,2,1020.0,8.618433247455089e-05,0.00027190598554964024
orientation_1,4,0,2,1040.0,8.556845016292555e-05,0.0002761038359199994
orientation_1,4,0,2,1060.0,8.491884205328196e-05,0.0002802400283104472
orientation_1,4,0,2,1080.0,8.423750843105968e-05,0.0002843137887665488
orientation_1,4,0,2,1100.0,8.352638413760401e-05,0.0002883243649834721
orientation_1,4,0,2,1120.0,8.278734003128731e-05,0.0002922710266252723
orientation_1,4,0,2,1140.0,8.20221843982262e-05,0.00029615306551930527
orientation_1,4,0,2,1160.0,8.123266436581563e-05,0.0002999697958905968
orientation_1,4,0,2,1180.0,8.042046724117277e-05,0.0003037205544579937
orientation_1,4,0,2,1200.0,7.958722199076827e-05,0.00030740470087967385
orientation_1,4,0,2,1220.0,7.873443243104476e-05,0.00031102161814302605
orientation_1,4,0,2,1240.0,7.786375049195348e-05,0.00031457071244474775
orientation_1,4,0,2,1260.0,7.69766398599294e-05,0.00031805141215707433
orientation_1,4,0,2,1280.0,7.607437098674868e-05,0.00032146317055518117
orientation_1,4,0,2,1300.0,7.515836973178104e-05,0.00032480546428593295
orientation_1,4,0,2,1320.0,7.422994251257638e-05,0.0003280777935850052
orientation_1,4,0,2,1340.0,7.329034658788933e-05,0.0003312796831546737
orientation_1,4,0,2,1360.0,7.234079112181586e-05,0.0003344106815528621
orientation_1,4,0,2,1380.0,7.138243726409867e-05,0.00033747035584202813
orientation_1,4,0,2,1400.0,7.041640940868817e-05,0.0003404583403261009
orientation_1,4,0,2,1420.0,6.944376430515018e-05,0.0003433741809017087
orientation_1,4,0,2,1440.0,6.846554419901994e-05,0.0003462175884467506
orientation_1,4,0,2,1460.0,6.748273204860248e-05,0.00034898821464473065
orientation_1,4,0,2,1480.0,6.649627372052733e-05,0.0003516857550322526
orientation_1,4,0,2,1500.0,6.5507076404386e-05,0.0003543099259665068
orientation_1,4,0,2,1520.0,6.451600399861877e-05,0.00035686048688022453
orientation_1,4,0,2,1540.0,6.352388931276153e-05,0.0003593371945075744
orientation_1,4,0,2,1560.0,6.253152732701372e-05,0.00036173986834730647
orientation_1,4,0,2,1580.0,6.153966539628933e-05,0.0003640682714990696
orientation_1,4,0,2,1600.0,6.0546738073643225e-05,0.0003663081825600482
orientation_1,4,0,2,1620.0,5.9560324063621057e-05,0.0003685018261465298
orientation_1,4,0,2,1640.0,5.85741864374277e-05,0.0003706067249422038
orientation_1,4,0,2,1660.0,5.759124743139835e-05,0.00037263692451799545
orientation_1,4,0,2,1680.0,5.6612100599912155e-05,0.00037459236977920295
orientation_1,4,0,2,1700.0,5.563731284182615e-05,0.00037647305253092443
orientation_1,4,0,2,1720.0,5.466741021729249e-05,0.00037827890773419934
orientation_1,4,0,2,1740.0,5.370290843678738e-05,0.000380010017191545
orientation_1,4,0,2,1760.0,5.274433326961985e-05,0.0003816667678869254
orientation_1,4,0,2,1780.0,5.179214608428054e-05,0.00038324931595380777
orientation_1,4,0,2,1800.0,5.0847549666382136e-05,0.0003847553236718605
orientation_1,4,0,2,1820.0,4.9908082173055514e-05,0.00038618807058534045
orientation_1,4,0,2,1840.0,4.897724964011932e-05,0.00038754652397601276
orientation_1,4,0,2,1860.0,4.805428840354825e-05,0.0003888306420761198
orientation_1,4,0,2,1880.0,4.713960961628661e-05,0.00039004125690268813
orientation_1,4,0,2,1900.0,4.6233448114782974e-05,0.0003911779472766004
orientation_1,4,0,2,1920.0,4.533611234469495e-05,0.0003922410911358492
orientation_1,4,0,2,1940.0,4.444844160987718e-05,0.00039323608575211774
orientation_1,4,0,2,1960.0,4.3568833048296435e-05,0.0003941464146557355
orientation_1,4,0,2,1980.0,4.2699758395160954e-05,0.00039499275713468534
orientation_1,4,0,2,2000.0,4.184028845095919e-05,0.0003957649789212578
orientation_1,4,0,2,2020.0,4.099081360268001e-05,0.0003964652233020669
orientation_1,4,0,2,2040.0,4.015229544635174e-05,0.000397094075671598
orientation_1,4,0,2,2060.0,3.9322597194849135e-05,0.000397651739361739
orientation_1,4,0,2,2080.0,3.850413825795301e-05,0.00039813853213295497
orientation_1,4,0,2,2100.0,3.769600728363801e-05,0.0003985518029985025
orientation_1,4,0,2,2120.0,3.689930992918755e-05,0.0003989027381566337
orientation_1,4,0,2,2140.0,3.611307139989921e-05,0.0003991800928506756
orientation_1,4,0,2,2160.0,3.533780833411821e-05,0.00039938900810645897
orientation_1,4,0,2,2180.0,3.457360912574004e-05,0.0003995301538935014
orientation_1,4,0,2,2200.0,3.382042942705338e-05,0.00039960276124816735
orientation_1,4,0,2,2220.0,3.3078436503985515e-05,0.0003996087437981516
orientation_1,4,0,2,2240.0,3.234745093391822e-05,0.0003995484453521685
orientation_1,4,0,2,2260.0,3.162839741036222e-05,0.00039942625787943794
orientation_1,4,0,2,2280.0,3.091938020542522e-05,0.00039922560893646095
orientation_1,4,0,2,2300.0,3.022266841989713e-05,0.0003989741446813101
orientation_1,4,0,2,2320.0,2.9536868496810036e-05,0.00039865414222192664
orientation_1,4,0,2,2340.0,2.8862333417184716e-05,0.0003982710159697357
orientation_1,4,0,2,2360.0,2.819903986135252e-05,0.0003978253604421551
orientation_1,4,0,2,2380.0,2.754686853117802e-05,0.00039731649400118614
orientation_1,4,0,2,2400.0,2.6906376207837353e-05,0.00039675396454103663
orientation_1,4,0,2,2420.0,2.6276216562698235e-05,0.0003961186684911699
orientation_1,4,0,2,2440.0,2.565778024759767e-05,0.00039543343258967
orientation_1,4,0,2,2460.0,2.5050242925984886e-05,0.0003946870589408407
orientation_1,4,0,2,2480.0,2.4453709803733718e-05,0.00039388292667056935
orientation_1,4,0,2,2500.0,2.3865823129708196e-05,0.00039303481814610404
orientation_1,3,9,-8,100.0,8.924173126081897e-06,9.979526102895475e-06
orientation_1,3,9,-8,120.0,1.0473257918366419e-05,1.1976566949294447e-05
orientation_1,3,9,-8,140.0,1.1948671256024187e-05,1.3972649026939227e-05
orientation_1,3,9,-8,160.0,1.3352798786767786e-05,1.59676128203372e-05
orientation_1,3,9,-8,180.0,1.4687962457747567e-05,1.796129895256453e-05
orientation_1,3,9,-8,200.0,1.5956421972897855e-05,1.995354820186895e-05
orientation_1,3,9,-8,220.0,1.7160376223420156e-05,2.1944201519767963e-05
orientation_1,3,9,-8,240.0,1.8301964690890067e-05,2.3933100049676947e-05
orientation_1,3,9,-8,260.0,1.938326882309661e-05,2.5920085145739142e-05
orientation_1,3,9,-8,280.0,2.0406313382914637e-05,2.7904998391730277e-05
orientation_1,3,9,-8,300.0,2.137306777057784e-05,2.9887681619982103e-05
orientation_1,3,9,-8,320.0,2.2285447319745194e-05,3.1867976930298896e-05
orientation_1,3,9,-8,340.0,2.3145314567760745e-05,3.384572670885216e-05
orientation_1,3,9,-8,360.0,2.3954480500509693e-05,3.5820773647045304e-05
orientation_1,3,9,-8,380.0,2.4714705772271745e-05,3.779296076034224e-05
orientation_1,3,9,-8,400.0,2.542770190097181e-05,3.9762131407055684e-05
orientation_1,3,9,-8,420.0,2.6095132439223034e-05,4.172812930709165e-05
orientation_1,3,9,-8,440.0,2.6718614121556035e-05,4.3690798560646994e-05
orientation_1,3,9,-8,460.0,2.7299717988222683e-05,4.564998366685673e-05
orientation_1,3,9,-8,480.0,2.783997048596008e-05,4.76055295423893e-05
orientation_1,3,9,-8,500.0,2.8340854546096347e-05,4.95572815399859e-05
orientation_1,3,9,-8,520.0,2.880381064037579e-05,5.150508546694255e-05
orientation_1,3,9,-8,540.0,2.923023781487681e-05,5.3448787603531283e-05
orientation_1,3,9,-8,560.0,2.9621494702392454e-05,5.5388234721359135e-05
orientation_1,3,9,-8,580.0,2.9978900513639375e-05,5.7323274101661277e-05
orientation_1,3,9,-8,600.0,3.0303736007655214e-05,5.925375355352408e-05
orientation_1,3,9,-8,620.0,3.0597244441745815e-05,6.117952143204646e-05
orientation_1,3,9,-8,640.0,3.086063250132888e-05,6.310042665641516e-05
orientation_1,3,9,-8,660.0,3.109507121003021e-05,6.50163187279154e-05
orientation_1,3,9,-8,680.0,3.130169682037915e-05,6.692704774786249e-05
orientation_1,3,9,-8,700.0,3.148161168540854e-05,6.883246443544863e-05
orientation_1,3,9,-8,720.0,3.1635885111601346e-05,7.073242014551259e-05
orientation_1,3,9,-8,740.0,3.1765554193345665e-05,7.262676688622486e-05
orientation_1,3,9,-8,760.0,3.187162462939174e-05,7.451535733667714e-05
orientation_1,3,9,-8,780.0,3.195507152154341e-05,7.639804486439549e-05
orientation_1,3,9,-8,800.0,3.2016840155928355e-05,7.827468354275476e-05
orientation_1,3,9,-8,820.0,3.205784676716268e-05,8.014512816829851e-05
orientation_1,3,9,-8,840.0,3.207897928571547e-05,8.200923427795009e-05
orientation_1,3,9,-8,860.0,3.2081098068819904e-05,8.386685816621046e-05
orientation_1,3,9,-8,880.0,3.206503661511955e-05,8.57178569020436e-05
orientation_1,3,9,-8,900.0,3.2031602263538864e-05,8.756208834593884e-05
orientation_1,3,9,-8,920.0,3.198157687648528e-05,8.939941116666026e-05
orientation_1,3,9,-8,940.0,3.1915717507784444e-05,9.122968485796617e-05
orientation_1,3,9,-8,960.0,3.183475705739544e-05,9.305276976054134e-05
orientation_1,3,9,-8,980.0,3.173940490064912e-05,9.486852705185653e-05
orientation_1,3,9,-8,1000.0,3.163034752990429e-05,9.667681881578555e-05
orientation_1,3,9,-8,1020.0,3.1508249146206145e-05,9.847750800559313e-05
orientation_1,3,9,-8,1040.0,3.137375226397163e-05,0.00010027045848687608
orientation_1,3,9,-8,1060.0,3.122747829114449e-05,0.00010205553504796069
orientation_1,3,9,-8,1080.0,3.107002809786067e-05,0.00010383260341576694
orientation_1,3,9,-8,1100.0,3.090199478303069e-05,0.00010560153027216451
orientation_1,3,9,-8,1120.0,3.072390316264108e-05,0.00010736218326912162
orientation_1,3,9,-8,1140.0,3.053633240831038e-05,0.00010911443104406073
orientation_1,3,9,-8,1160.0,3.0339794456643035e-05,0.00011085814323562218
orientation_1,3,9,-8,1180.0,3.013479555846432e-05,0.00011259319045831071
orientation_1,3,9,-8,1200.0,2.9921824583340414e-05,0.00011431944439733782
orientation_1,3,9,-8,1220.0,2.9701353516720816e-05,0.00011603677788830355
orientation_1,3,9,-8,1240.0,2.9473837902926653e-05,0.00011774506483068785
orientation_1,3,9,-8,1260.0,2.9239730643532478e-05,0.00011944417978378629
orientation_1,3,9,-8,1280.0,2.8999415466363584e-05,0.00012113399885338387
orientation_1,3,9,-8,1300.0,2.875334160885651e-05,0.00012281439912904197
orientation_1,3,9,-8,1320.0,2.8501889864339977e-05,0.0001244852587226978
orientation_1,3,9,-8,1340.0,2.8245440249729743e-05,0.00012614645702657264
orientation_1,3,9,-8,1360.0,2.798437295029213e-05,0.00012779787447921264
orientation_1,3,9,-8,1380.0,2.7718998167556606e-05,0.00012943939073702056
orientation_1,3,9,-8,1400.0,2.7449700226191813e-05,0.00013107090104963487
orientation_1,3,9,-8,1420.0,2.717678681960415e-05,0.00013269226382522256
orientation_1,3,9,-8,1440.0,2.6900577055050323e-05,0.00013430338597168683
orientation_1,3,9,-8,1460.0,2.6621372308070314e-05,0.00013590414734058066
orientation_1,3,9,-8,1480.0,2.6339463668349385e-05,0.0001374944354404034
orientation_1,3,9,-8,1500.0,2.6055130500841376e-05,0.0001390741364495022
orientation_1,3,9,-8,1520.0,2.5768643249140678e-05,0.00014064314879879506
orientation_1,3,9,-8,1540.0,2.5480258727061138e-05,0.0001422013555569332
orientation_1,3,9,-8,1560.0,2.5190226590713418e-05,0.00014374865864522665
orientation_1,3,9,-8,1580.0,2.4898781630589274e-05,0.00014528493273679202
orientation_1,3,9,-8,1600.0,2.4605376773215785e-05,0.0001468092562012145
orientation_1,3,9,-8,1620.0,2.431256619570351e-05,0.0001483240275676554
orientation_1,3,9,-8,1640.0,2.401822358300428e-05,0.00014982663637417055
orientation_1,3,9,-8,1660.0,2.3723328723422394e-05,0.00015131781748086988
orientation_1,3,9,-8,1680.0,2.3428074442192594e-05,0.00015279747312700243
orientation_1,3,9,-8,1700.0,2.3132644356723917e-05,0.00015426550066300468
orientation_1,3,9,-8,1720.0,2.2837216101232373e-05,0.00015572181274222204
orientation_1,3,9,-8,1740.0,2.2541956939656737e-05,0.00015716630548473585
orientation_1,3,9,-8,1760.0,2.2247044805423263e-05,0.00015859900976164371
orientation_1,3,9,-8,1780.0,2.1952636447279182e-05,0.00016001986444972048
orientation_1,3,9,-8,1800.0,2.1659146074520447e-05,0.0001614279513797656
orientation_1,3,9,-8,1820.0,2.1365726897000646e-05,0.00016282425291024952
orientation_1,3,9,-8,1840.0,2.107358761622583e-05,0.00016420828183335098
orientation_1,3,9,-8,1860.0,2.0782470715890313e-05,0.00016557988364827262
orientation_1,3,9,-8,1880.0,2.0492521737738e-05,0.00016693917868807165
orientation_1,3,9,-8,1900.0,2.020383031860127e-05,0.00016828587657078035
orientation_1,3,9,-8,1920.0,1.9916511056794e-05,0.00016961994091792157
orientation_1,3,9,-8,1940.0,1.963085904120438e-05,0.0001709430234422556
orientation_1,3,9,-8,1960.0,1.9346344395356675e-05,0.00017224935632239463
orientation_1,3,9,-8,1980.0,1.906381857805816e-05,0.00017354576495159094
orientation_1,3,9,-8,2000.0,1.878298073000491e-05,0.00017482861751593512
orientation_1,3,9,-8,2020.0,1.8503979964688948e-05,0.00017609845402228328
orientation_1,3,9,-8,2040.0,1.8227140307852556e-05,0.00017735524815419869
orientation_1,3,9,-8,2060.0,1.7951807322736167e-05,0.00017859888152512715
orientation_1,3,9,-8,2080.0,1.767876903425327e-05,0.000179829239476625
orientation_1,3,9,-8,2100.0,1.7407752897892056e-05,0.000181045204842193
orientation_1,3,9,-8,2120.0,1.7139152987919245e-05,0.0001822503306530952
orientation_1,3,9,-8,2140.0,1.6872661013736132e-05,0.00018344058260667972
orientation_1,3,9,-8,2160.0,1.6608473514750495e-05,0.00018461746140679364
orientation_1,3,9,-8,2180.0,1.634665786961174e-05,0.00018578095194501403
orientation_1,3,9,-8,2200.0,1.6087191570253154e-05,0.00018693053450227344
orientation_1,3,9,-8,2220.0,1.5830170786009408e-05,0.00018806660921733635
orientation_1,3,9,-8,2240.0,1.5575559360171265e-05,0.00018918817071945026
orientation_1,3,9,-8,2260.0,1.5323692877283504e-05,0.0001902990095021763
orientation_1,3,9,-8,2280.0,1.5073954981996508e-05,0.00019139066037136878
orientation_1,3,9,-8,2300.0,1.4827143932856384e-05,0.00019247310769377298
orientation_1,3,9,-8,2320.0,1.4582809554110263e-05,0.00019354001945866376
orientation_1,3,9,-8,2340.0,1.4341096822993488e-05,0.0001945929519686284
orientation_1,3,9,-8,2360.0,1.4102027151812553e-05,0.0001956318350357199
orientation_1,3,9,-8,2380.0,1.3865587851339946e-05,0.00019665613338954585
orientation_1,3,9,-8,2400.0,1.3631989764393337e-05,0.00019766873288527
orientation_1,3,9,-8,2420.0,1.3400809520086427e-05,0.00019866294246233788
orientation_1,3,9,-8,2440.0,1.3172542580097207e-05,0.00019964611961386685
orientation_1,3,9,-8,2460.0,1.294693863561292e-05,0.0002006141779635762
orientation_1,3,9,-8,2480.0,1.2724060516330149e-05,0.00020156794257593139
orientation_1,3,9,-8,2500.0,1.250315501482154e-05,0.00020251167297829915
orientation_1,4,-3,5,100.0,4.614831662818929e-05,5.165973569904181e-05
orientation_1,4,-3,5,120.0,5.41143600463117e-05,6.19595054140073e-05
orientation_1,4,-3,5,140.0,6.168006506052646e-05,7.223358945900958e-05
orientation_1,4,-3,5,160.0,6.885629103980488e-05,8.247774723940614e-05
orientation_1,4,-3,5,180.0,7.565377567576653e-05,9.2687756782678e-05
orientation_1,4,-3,5,200.0,8.20831309046126e-05,0.00010285941734567095
orientation_1,4,-3,5,220.0,8.815483908251775e-05,0.00011298855201503879
orientation_1,4,-3,5,240.0,9.387924940495112e-05,0.00012307101029409887
orientation_1,4,-3,5,260.0,9.926657456353211e-05,0.0001331026706726259
orientation_1,4,-3,5,280.0,0.00010432688763494339,0.00014307944317716486
orientation_1,4,-3,5,300.0,0.0001090701191967107,0.0001529972718998297
orientation_1,4,-3,5,320.0,0.00011350605466472198,0.00016285213750372282
orientation_1,4,-3,5,340.0,0.00011764433184736002,0.00017264005970318738
orientation_1,4,-3,5,360.0,0.00012149443809065887,0.0001823570997171544
orientation_1,4,-3,5,380.0,0.00012506571067681367,0.00019199936269387964
orientation_1,4,-3,5,400.0,0.0001283673314389086,0.00020156300010539506
orientation_1,4,-3,5,420.0,0.0001314083274478811,0.0002110442121100224
orientation_1,4,-3,5,440.0,0.0001341975690054196,0.00022043924988132487
orientation_1,4,-3,5,460.0,0.0001367437683884243,0.0002297444179018985
orientation_1,4,-3,5,480.0,0.00013905547877341096,0.0002389560762204267
orientation_1,4,-3,5,500.0,0.00014114109333556238,0.0002480706426704558
orientation_1,4,-3,5,520.0,0.00014300884451713377,0.0002570845950493693
orientation_1,4,-3,5,540.0,0.00014466680345993078,0.0002659944732560751
orientation_1,4,-3,5,560.0,0.00014612287959659626,0.0002747968813859438
orientation_1,4,-3,5,580.0,0.00014738482039545857,0.00028348848978157037
orientation_1,4,-3,5,600.0,0.00014846021125372865,0.0002920660370379669
orientation_1,4,-3,5,620.0,0.00014935647553386563,0.00030052633196081785
orientation_1,4,-3,5,640.0,0.00015008087473795058,0.00030886625547646586
orientation_1,4,-3,5,660.0,0.0001506405088149903,0.00031708276249235154
orientation_1,4,-3,5,680.0,0.00015104231659605885,0.00032517288370662007
orientation_1,4,-3,5,700.0,0.00015129307635231002,0.0003331337273657028
orientation_1,4,-3,5,720.0,0.0001513994064708654,0.0003409624809686646
orientation_1,4,-3,5,740.0,0.00015136776624373994,0.0003486564129171949
orientation_1,4,-3,5,760.0,0.0001512044567648846,0.00035621287411010977
orientation_1,4,-3,5,780.0,0.0001509156219306874,0.0003636292994813262
orientation_1,4,-3,5,800.0,0.00015050724953914944,0.0003709032094802604
orientation_1,4,-3,5,820.0,0.00014998517248313633,0.0003780322114936813
orientation_1,4,-3,5,840.0,0.00014935507003312282,0.0003850140012079912
orientation_1,4,-3,5,860.0,0.00014862246920514837,0.0003918463639115726
orientation_1,4,-3,5,880.0,0.00014779274620897474,0.00039852717573476547
orientation_1,4,-3,5,900.0,0.00014687112797313146,0.00040505440482927846
orientation_1,4,-3,5,920.0,0.0001458626937415949,0.00041142611248364523
orientation_1,4,-3,5,940.0,0.0001447723767385711,0.00041764045417562456
orientation_1,4,-3,5,960.0,0.000143604965906549,0.0004236956805602666
orientation_1,4,-3,5,980.0,0.00014236510764736073,0.0004295901383931334
orientation_1,4,-3,5,1000.0,0.0001410573077613233,0.0004353222713880857
orientation_1,4,-3,5,1020.0,0.00013968593324905745,0.0004408906210092174
orientation_1,4,-3,5,1040.0,0.00013825521430374906,0.0004462938271959889
orientation_1,4,-3,5,1060.0,0.00013676924628750682,0.00045153062900864043
orientation_1,4,-3,5,1080.0,0.00013523199178244058,0.0004565998652862614
orientation_1,4,-3,5,1100.0,0.00013364728261906384,0.00046150047503577796
orientation_1,4,-3,5,1120.0,0.00013201882202035407,0.0004662314980236026
orientation_1,4,-3,5,1140.0,0.00013035018671510683,0.0004707920750928034
orientation_1,4,-3,5,1160.0,0.00012864482910510393,0.0004751814484981107
orientation_1,4,-3,5,1180.0,0.00012690607939679194,0.0004793989619441744
orientation_1,4,-3,5,1200.0,0.0001251371479244914,0.00048344406118809303
orientation_1,4,-3,5,1220.0,0.000123341127456003,0.0004873162944866563
orientation_1,4,-3,5,1240.0,0.00012152099528375725,0.0004910153120768406
orientation_1,4,-3,5,1260.0,0.00011967961498541664,0.0004945408640679445
orientation_1,4,-3,5,1280.0,0.00011781973978744485,0.0004978928047847536
orientation_1,4,-3,5,1300.0,0.00011594401406223517,0.0005010710894714397
orientation_1,4,-3,5,1320.0,0.00011405497586490588,0.0005040757751014196
orientation_1,4,-3,5,1340.0,0.00011215505908032867,0.0005069070194691942
orientation_1,4,-3,5,1360.0,0.00011024659587535478,0.0005095650815513992
orientation_1,4,-3,5,1380.0,0.00010833181669007305,0.0005120503101236805
orientation_1,4,-3,5,1400.0,0.00010641287038494628,0.0005143631954507116
orientation_1,4,-3,5,1420.0,0.00010449176995838793,0.0005165042645305751
orientation_1,4,-3,5,1440.0,0.00010257048639306875,0.0005184741856992329
orientation_1,4,-3,5,1460.0,0.00010065087005686457,0.0005202737140024185
orientation_1,4,-3,5,1480.0,9.873469002674197e-05,0.0005219037012318911
orientation_1,4,-3,5,1500.0,9.682363080741277e-05,0.0005233650915981815
orientation_1,4,-3,5,1520.0,9.491928851332783e-05,0.0005246589445008456
orientation_1,4,-3,5,1540.0,9.30231846854027e-05,0.0005257863837581419
orientation_1,4,-3,5,1560.0,9.113676279387374e-05,0.0005267486810993921
orientation_1,4,-3,5,1580.0,8.926136719607635e-05,0.0005275470597612218
orientation_1,4,-3,5,1600.0,8.739428185207251e-05,0.0005281787048741658
orientation_1,4,-3,5,1620.0,8.554877497343807e-05,0.0005286580870718768
orientation_1,4,-3,5,1640.0,8.371392965184787e-05,0.0005289738037803705
orientation_1,4,-3,5,1660.0,8.189484057835097e-05,0.0005291318714374108
orientation_1,4,-3,5,1680.0,8.009251548381932e-05,0.0005291340576212056
orientation_1,4,-3,5,1700.0,7.83079033435022e-05,0.0005289822542855045
orientation_1,4,-3,5,1720.0,7.654186912895294e-05,0.0005286782888027037
orientation_1,4,-3,5,1740.0,7.479524929240076e-05,0.0005282242907689172
orientation_1,4,-3,5,1760.0,7.3068886781218e-05,0.0005276229598967562
orientation_1,4,-3,5,1780.0,7.13634990715661e-05,0.0005268766105350519
orientation_1,4,-3,5,1800.0,6.967917999134561e-05,0.000525983255998166
orientation_1,4,-3,5,1820.0,6.801725751463509e-05,0.0005249507483458324
orientation_1,4,-3,5,1840.0,6.637800520881974e-05,0.0005237794319687872
orientation_1,4,-3,5,1860.0,6.476187329053435e-05,0.0005224713922344727
orientation_1,4,-3,5,1880.0,6.316945485257998e-05,0.0005210303557706329
orientation_1,4,-3,5,1900.0,6.160101100884411e-05,0.000519457753590233
orientation_1,4,-3,5,1920.0,6.005693442318659e-05,0.000517756522437091
orientation_1,4,-3,5,1940.0,5.85385394744766e-05,0.0005159384049940455
orientation_1,4,-3,5,1960.0,5.7042854396665004e-05,0.0005139767632572296
orientation_1,4,-3,5,1980.0,5.557403436715997e-05,0.0005119100916355815
orientation_1,4,-3,5,2000.0,5.413028259530308e-05,0.000509723031140316
orientation_1,4,-3,5,2020.0,5.271209555795122e-05,0.0005074216169794572
orientation_1,4,-3,5,2040.0,5.132108108816704e-05,0.0005050093621537378
orientation_1,4,-3,5,2060.0,4.995300343458074e-05,0.0005024888672207123
orientation_1,4,-3,5,2080.0,4.8612199337863566e-05,0.0004998630998973896
orientation_1,4,-3,5,2100.0,4.729677706047003e-05,0.0004971298000946871
orientation_1,4,-3,5,2120.0,4.600847581616133e-05,0.0004943109959487211
orientation_1,4,-3,5,2140.0,4.47453790853507e-05,0.0004913893440956074
orientation_1,4,-3,5,2160.0,4.350818535380405e-05,0.0004883762519929031
orientation_1,4,-3,5,2180.0,4.22968390757627e-05,0.0004852752777161347
orientation_1,4,-3,5,2200.0,4.111105350650864e-05,0.00048208751110153986
orientation_1,4,-3,5,2220.0,3.9950905500716775e-05,0.00047881865032260766
orientation_1,4,-3,5,2240.0,3.881586579689609e-05,0.00047547169578467
orientation_1,4,-3,5,2260.0,3.7707342414727645e-05,0.00047205671846110256
orientation_1,4,-3,5,2280.0,3.662180183321139e-05,0.00046854712016659747
orientation_1,4,-3,5,2300.0,3.556297813851655e-05,0.00046499342776706577
orientation_1,4,-3,5,2320.0,3.452823946244263e-05,0.0004613672024427203
orientation_1,4,-3,5,2340.0,3.351798091950798e-05,0.00045768019261605014
orientation_1,4,-3,5,2360.0,3.253193424757817e-05,0.00045393563958524824
orientation_1,4,-3,5,2380.0,3.156968444226463e-05,0.0004501374292738882
orientation_1,4,-3,5,2400.0,3.06320009401858e-05,0.00044629651827791483
orientation_1,4,-3,5,2420.0,2.9716285806054162e-05,0.0004423894990129304
orientation_1,4,-3,5,2440.0,2.8824782771167343e-05,0.00043845613077251087
orientation_1,4,-3,5,2460.0,2.7955831098976094e-05,0.0004344789132134651
orientation_1,4,-3,5,2480.0,2.7109401456832757e-05,0.00043046589920460075
orientation_1,4,-3,5,2500.0,2.62810761520868e-05,0.0004264260644696396
orientation_1,4,-2,4,100.0,9.915238060684635e-05,0.00011081348649123571
orientation_1,4,-2,4,120.0,0.00011620440043449843,0.00013279095056622988
orientation_1,4,-2,4,140.0,0.00013235774725000893,0.00015465027160074
orientation_1,4,-2,4,160.0,0.0001476299597556135,0.0001763721588169467
orientation_1,4,-2,4,180.0,0.00016203907243650138,0.00019793750493854944
orientation_1,4,-2,4,200.0,0.00017560357153168968,0.00021932741158922148
orientation_1,4,-2,4,220.0,0.00018834235108295232,0.00024052321439803145
orientation_1,4,-2,4,240.0,0.00020027467062455132,0.00026150650776390183
orientation_1,4,-2,4,260.0,0.0002114201134517987,0.00028225916923882915
orientation_1,4,-2,4,280.0,0.00022179854593407317,0.0003027633834924198
orientation_1,4,-2,4,300.0,0.0002314300778409042,0.00032300166582175516
orientation_1,4,-2,4,320.0,0.00024033502371504533,0.000342956885171627
orientation_1,4,-2,4,340.0,0.00024853386532319136,0.00036261228663108123
orientation_1,4,-2,4,360.0,0.0002560472152117368,0.0003819515133730995
orientation_1,4,-2,4,380.0,0.0002628957813917611,0.000400958628005123
orientation_1,4,-2,4,400.0,0.0002691003331742882,0.0004196181332990817
orientation_1,4,-2,4,420.0,0.00027468166817381877,0.0004379149922705485
orientation_1,4,-2,4,440.0,0.0002796605804951547,0.0004558346475776577
orientation_1,4,-2,4,460.0,0.0002840578301156653,0.00047336304021149795
orientation_1,4,-2,4,480.0,0.00028789411347235995,0.000490486627450776
orientation_1,4,-2,4,500.0,0.00029119003526043903,0.0005071924000547075
orientation_1,4,-2,4,520.0,0.0002939660814474079,0.0005234678986692649
orientation_1,4,-2,4,540.0,0.0002962425935043589,0.0005393012294231369
orientation_1,4,-2,4,560.0,0.0002980397438536064,0.0005546810786910158
orientation_1,4,-2,4,580.0,0.0002993775125296007,0.0005695967270031107
orientation_1,4,-2,4,600.0,0.000300275665047831,0.0005840380620811293
orientation_1,4,-2,4,620.0,0.00030075373147436416,0.000597995590982293
orientation_1,4,-2,4,640.0,0.00030083098668663336,0.0006114604513343507
orientation_1,4,-2,4,660.0,0.00030052643181427294,0.0006244244216459969
orientation_1,4,-2,4,680.0,0.00029985877684692106,0.0006368799306784481
orientation_1,4,-2,4,700.0,0.0002988464243943105,0.0006488200658654598
orientation_1,4,-2,4,720.0,0.0002975074545822937,0.0006602385807705021
orientation_1,4,-2,4,740.0,0.0002958596110670911,0.0006711299015713288
orientation_1,4,-2,4,760.0,0.00029392028814836626,0.000681489132563603
orientation_1,4,-2,4,780.0,0.0002917065189609372,0.0006913120606768593
orientation_1,4,-2,4,800.0,0.0002892349647231232,0.000700595158997521
orientation_1,4,-2,4,820.0,0.00028652190501909637,0.0007093355892952556
orientation_1,4,-2,4,840.0,0.00028358322909127054,0.0007175312035503132
orientation_1,4,-2,4,860.0,0.0002804344281184212,0.0007251805444823702
orientation_1,4,-2,4,880.0,0.0002770905884525787,0.0007322828450782695
orientation_1,4,-2,4,900.0,0.0002735663857905383,0.0007388380271268465
orientation_1,4,-2,4,920.0,0.00026987608025070707,0.0007448466987589954
orientation_1,4,-2,4,940.0,0.00026603351232900495,0.0007503101510019985
orientation_1,4,-2,4,960.0,0.00026205209970514294,0.0007552303533537764
orientation_1,4,-2,4,980.0,0.0002579448348707646,0.0007596099483857639
orientation_1,4,-2,4,1000.0,0.00025372428355046787,0.0007634522453843634
orientation_1,4,-2,4,1020.0,0.00024940258388649945,0.0007667612130426167
orientation_1,4,-2,4,1040.0,0.00024499144635731093,0.0007695414712139767
orientation_1,4,-2,4,1060.0,0.00024050215439203236,0.0007717982817147769
orientation_1,4,-2,4,1080.0,0.00023594556571274216,0.0007735375383965035
orientation_1,4,-2,4,1100.0,0.00023133211418750068,0.0007747657558811672
orientation_1,4,-2,4,1120.0,0.00022667181247955625,0.000775490058028358
orientation_1,4,-2,4,1140.0,0.00022197425514155472,0.0007757181650816234
orientation_1,4,-2,4,1160.0,0.00021724862232852185,0.0007754583801949052
orientation_1,4,-2,4,1180.0,0.00021250368389865142,0.0007747195750889064
orientation_1,4,-2,4,1200.0,0.00020774780438984481,0.00077351117356691
orientation_1,4,-2,4,1220.0,0.00020298894837440706,0.0007718431423704767
orientation_1,4,-2,4,1240.0,0.00019823468573175164,0.0007697259615691122
orientation_1,4,-2,4,1260.0,0.00019349219668921426,0.0007671706194501178
orientation_1,4,-2,4,1280.0,0.00018876828053687248,0.0007641885892151153
orientation_1,4,-2,4,1300.0,0.0001840693608106885,0.0007607918109675632
orientation_1,4,-2,4,1320.0,0.0001794014927237276,0.0007569926722660944
orientation_1,4,-2,4,1340.0,0.0001747703707279148,0.0007528039888894099
orientation_1,4,-2,4,1360.0,0.00017018133612174853,0.0007482389840452041
orientation_1,4,-2,4,1380.0,0.00016563938018380602,0.0007433112670851206
orientation_1,4,-2,4,1400.0,0.0001611491913406384,0.00073803481275755
orientation_1,4,-2,4,1420.0,0.0001567150420494788,0.0007324239379790479
orientation_1,4,-2,4,1440.0,0.00015234098764712654,0.0007264932830766649
orientation_1,4,-2,4,1460.0,0.00014803071732644177,0.0007202577844061515
orientation_1,4,-2,4,1480.0,0.00014378762546621505,0.0007137326523518398
orientation_1,4,-2,4,1500.0,0.00013961481419073703,0.0007069333473846782
orientation_1,4,-2,4,1520.0,0.00013551510471088987,0.000699875571808472
orientation_1,4,-2,4,1540.0,0.00013149103756881703,0.0006925752114567851
orientation_1,4,-2,4,1560.0,0.00012754490254012797,0.0006850484154110246
orientation_1,4,-2,4,1580.0,0.00012367868235941344,0.0006773111955990309
orientation_1,4,-2,4,1600.0,0.00011989267300695077,0.0006693759194988029
orientation_1,4,-2,4,1620.0,0.00011619293783295289,0.0006612716300713147
orientation_1,4,-2,4,1640.0,0.00011257623932137415,0.0006530022293196374
orientation_1,4,-2,4,1660.0,0.00010904517645058477,0.0006445885435927298
orientation_1,4,-2,4,1680.0,0.00010560062242949281,0.0006360472103016735
orientation_1,4,-2,4,1700.0,0.00010224321348647254,0.000627394967066796
orientation_1,4,-2,4,1720.0,9.897353761447639e-05,0.0006186481920590744
orientation_1,4,-2,4,1740.0,9.57917816931019e-05,0.0006098237349660219
orientation_1,4,-2,4,1760.0,9.26982903702695e-05,0.0006009394247151571
orientation_1,4,-2,4,1780.0,8.969303345696884e-05,0.0005920119147026623
orientation_1,4,-2,4,1800.0,8.677462992805906e-05,0.0005830485577090853
orientation_1,4,-2,4,1820.0,8.394428268644686e-05,0.0005740773079507204
orientation_1,4,-2,4,1840.0,8.120091529116063e-05,0.0005651098029408337
orientation_1,4,-2,4,1860.0,7.854378607246813e-05,0.000556160940742664
orientation_1,4,-2,4,1880.0,7.597249495523608e-05,0.0005472492661373801
orientation_1,4,-2,4,1900.0,7.348582384953192e-05,0.0005383873083515912
orientation_1,4,-2,4,1920.0,7.108287916878973e-05,0.000529590909347291
orientation_1,4,-2,4,1940.0,6.87647256135327e-05,0.0005208634114071481
orientation_1,4,-2,4,1960.0,6.652322432170913e-05,0.000512249075017086
orientation_1,4,-2,4,1980.0,6.436548351923428e-05,0.0005037455558075217
orientation_1,4,-2,4,2000.0,6.228592007593199e-05,0.000495358930525473
orientation_1,4,-2,4,2020.0,6.028379235775553e-05,0.0004871096195942267
orientation_1,4,-2,4,2040.0,5.8357800463505244e-05,0.0004790108368730671
orientation_1,4,-2,4,2060.0,5.650622440271433e-05,0.00047107552139049404
orientation_1,4,-2,4,2080.0,5.472747156717846e-05,0.0004633155307635528
orientation_1,4,-2,4,2100.0,5.301879886054031e-05,0.0004557309639139389
orientation_1,4,-2,4,2120.0,5.138227994890643e-05,0.0004483742851407569
orientation_1,4,-2,4,2140.0,4.981209656688525e-05,0.000441212189484078
orientation_1,4,-2,4,2160.0,4.8308093374125115e-05,0.00043427282228689426
orientation_1,4,-2,4,2180.0,4.686851675853913e-05,0.00042756525905762326
orientation_1,4,-2,4,2200.0,4.549117229455798e-05,0.0004210993873308892
orientation_1,4,-2,4,2220.0,4.4174632968312e-05,0.0004148843880207913
orientation_1,4,-2,4,2240.0,4.2916221952842844e-05,0.00040892977744075266
orientation_1,4,-2,4,2260.0,4.171749658961342e-05,0.00040323032285742545
orientation_1,4,-2,4,2280.0,4.05694062344223e-05,0.0003978291167595338
orientation_1,4,-2,4,2300.0,3.947841893066572e-05,0.0003927002050563813
orientation_1,4,-2,4,2320.0,3.8437641525340796e-05,0.0003878604554377483
orientation_1,4,-2,4,2340.0,3.744652611538858e-05,0.0003833166247504955
orientation_1,4,-2,4,2360.0,3.650316188792016e-05,0.0003790730171284003
orientation_1,4,-2,4,2380.0,3.560539656169963e-05,0.0003751358317662638
orientation_1,4,-2,4,2400.0,3.4753770149555224e-05,0.00037150912427136984
orientation_1,4,-2,4,2420.0,3.394134703983464e-05,0.00036818679435899395
orientation_1,4,-2,4,2440.0,3.317193709178623e-05,0.00036520165219989305
orientation_1,4,-2,4,2460.0,3.24408555364621e-05,0.00036252719765182933
orientation_1,4,-2,4,2480.0,3.1747010932315647e-05,0.00036017510085104064
orientation_1,4,-2,4,2500.0,3.1089438277426734e-05,0.00035814813053432134
orientation_1,4,-1,3,100.0,5.721019829242222e-05,6.404646586313336e-05
orientation_1,4,-1,3,120.0,6.707268202410205e-05,7.680182179519466e-05
orientation_1,4,-1,3,140.0,7.643268221355216e-05,8.95177008321262e-05
orientation_1,4,-1,3,160.0,8.53030586443133e-05,0.00010218760046281494
orientation_1,4,-1,3,180.0,9.36966037236136e-05,0.00011480505364203361
orientation_1,4,-1,3,200.0,0.00010162603318760676,0.0001273636337498564
orientation_1,4,-1,3,220.0,0.00010910397720843562,0.00013985695952620475
orientation_1,4,-1,3,240.0,0.0001161429718939349,0.00015227869997010368
orientation_1,4,-1,3,260.0,0.00012275545117440196,0.00016462257919736545
orientation_1,4,-1,3,280.0,0.00012895373907173172,0.00017688238125173982
orientation_1,4,-1,3,300.0,0.00013475004234631032,0.000189051954865085
orientation_1,4,-1,3,320.0,0.00014015644220515715,0.00020112521816233715
orientation_1,4,-1,3,340.0,0.00014518489280075422,0.0002130961633071879
orientation_1,4,-1,3,360.0,0.00014984720751593056,0.00022495886108446798
orientation_1,4,-1,3,380.0,0.0001541550579171741,0.00023670746541531432
orientation_1,4,-1,3,400.0,0.00015811996703433176,0.0002483362178012586
orientation_1,4,-1,3,420.0,0.00016175330416491043,0.00025983945169345433
orientation_1,4,-1,3,440.0,0.00016506628001742654,0.00027121159678332354
orientation_1,4,-1,3,460.0,0.00016806994218733853,0.00028244718321097435
orientation_1,4,-1,3,480.0,0.00017077517095892049,0.00029354084568782696
orientation_1,4,-1,3,500.0,0.00017319267542625395,0.00030448732752994244
orientation_1,4,-1,3,520.0,0.00017533298992636928,0.0003152814845986555
orientation_1,4,-1,3,540.0,0.00017720647077742083,0.0003259182891451704
orientation_1,4,-1,3,560.0,0.00017882329331466793,0.00033639283355588976
orientation_1,4,-1,3,580.0,0.00018019344921691558,0.0003467003339953021
orientation_1,4,-1,3,600.0,0.00018132674411597914,0.000356836133943398
orientation_1,4,-1,3,620.0,0.00018223279548167112,0.0003667957076246152
orientation_1,4,-1,3,640.0,0.0001829210307747058,0.0003765746633254595
orientation_1,4,-1,3,660.0,0.0001834006858599189,0.00038616874659804065
orientation_1,4,-1,3,680.0,0.00018368080367210302,0.0003955738433468288
orientation_1,4,-1,3,700.0,0.00018377023312678235,0.0004047859827960947
orientation_1,4,-1,3,720.0,0.0001836776282681807,0.0004138013403355635
orientation_1,4,-1,3,740.0,0.00018341144764671787,0.00042261624024194223
orientation_1,4,-1,3,760.0,0.00018297995391821273,0.00043122715827407154
orientation_1,4,-1,3,780.0,0.00018239121365722669,0.00043963072413960325
orientation_1,4,-1,3,800.0,0.00018165309737677433,0.00044782372383116604
orientation_1,4,-1,3,820.0,0.00018077327974679207,0.000455803101830153
orientation_1,4,-1,3,840.0,0.00017975924000373977,0.000463565963176246
orientation_1,4,-1,3,860.0,0.0001786182625440393,0.00047110957540169286
orientation_1,4,-1,3,880.0,0.0001773574376931101,0.00047843137032684056
orientation_1,4,-1,3,900.0,0.00017598366264384228,0.00048552894571876626
orientation_1,4,-1,3,920.0,0.00017450364255590766,0.0004924000668084591
orientation_1,4,-1,3,940.0,0.00017292389180942835,0.0004990426676674018
orientation_1,4,-1,3,960.0,0.00017125073540554358,0.0005054548524417845
orientation_1,4,-1,3,980.0,0.00016949031050685572,0.0005116348964435569
orientation_1,4,-1,3,1000.0,0.00016764856811077867,0.0005175812470975699
orientation_1,4,-1,3,1020.0,0.00016573127484895844,0.0005232925247442628
orientation_1,4,-1,3,1040.0,0.0001637440149058303,0.0005287675232968271
orientation_1,4,-1,3,1060.0,0.000161692192045,0.000534005210736852
orientation_1,4,-1,3,1080.0,0.00015958103177166988,0.0005390047295639857
orientation_1,4,-1,3,1100.0,0.00015741558351952745,0.0005437653968491623
orientation_1,4,-1,3,1120.0,0.00015520072303087443,0.0005482867044742576
orientation_1,4,-1,3,1140.0,0.00015294115475062692,0.0005525683189819009
orientation_1,4,-1,3,1160.0,0.00015064141432864756,0.0005566100813694318
orientation_1,4,-1,3,1180.0,0.0001483058711261506,0.0005604120064672765
orientation_1,4,-1,3,1200.0,0.00014593873100142562,0.0005639742829556113
orientation_1,4,-1,3,1220.0,0.00014354403911349457,0.0005672972739517227
orientation_1,4,-1,3,1240.0,0.0001411256824948588,0.0005703815113797327
orientation_1,4,-1,3,1260.0,0.00013868739226232938,0.0005732277007262855
orientation_1,4,-1,3,1280.0,0.0001362327478346305,0.000575836717188367
orientation_1,4,-1,3,1300.0,0.0001337651788792151,0.0005782096047033089
orientation_1,4,-1,3,1320.0,0.00013128796857600047,0.0005803475750571957
orientation_1,4,-1,3,1340.0,0.00012880425642460125,0.0005822520056242015
orientation_1,4,-1,3,1360.0,0.00012631704146143848,0.0005839244386460621
orientation_1,4,-1,3,1380.0,0.00012382918243520114,0.0005853665658248604
orientation_1,4,-1,3,1400.0,0.00012134342309168054,0.0005865802914185017
orientation_1,4,-1,3,1420.0,0.00011886232489037609,0.0005875676004666797
orientation_1,4,-1,3,1440.0,0.00011638838396236109,0.0005883306876757803
orientation_1,4,-1,3,1460.0,0.00011392393366593637,0.0005888718879782505
orientation_1,4,-1,3,1480.0,0.000111471193768902,0.0005891936875836719
orientation_1,4,-1,3,1500.0,0.00010903226615665342,0.0005892987191993261
orientation_1,4,-1,3,1520.0,0.00010660913302020871,0.0005891897781882945
orientation_1,4,-1,3,1540.0,0.00010420366932480453,0.0005888697800553969
orientation_1,4,-1,3,1560.0,0.00010181764321201106,0.0005883418367194068
orientation_1,4,-1,3,1580.0,9.94526891620336e-05,0.0005876090302931922
orientation_1,4,-1,3,1600.0,9.7109506363367e-05,0.0005866694542003325
orientation_1,4,-1,3,1620.0,9.479216116386884e-05,0.0005855426584766509
orientation_1,4,-1,3,1640.0,9.249938495998161e-05,0.0005842161249338763
orientation_1,4,-1,3,1660.0,9.023331100038631e-05,0.0005826989539628079
orientation_1,4,-1,3,1680.0,8.799510630666703e-05,0.0005809949912783506
orientation_1,4,-1,3,1700.0,8.57858564349342e-05,0.0005791082504069746
orientation_1,4,-1,3,1720.0,8.360653400009157e-05,0.0005770426725737144
orientation_1,4,-1,3,1740.0,8.145806901554926e-05,0.0005748025874433501
orientation_1,4,-1,3,1760.0,7.93413918855816e-05,0.0005723930377585918
orientation_1,4,-1,3,1780.0,7.725726886330786e-05,0.0005698185826360489
orientation_1,4,-1,3,1800.0,7.520568960169566e-05,0.0005670784765704343
orientation_1,4,-1,3,1820.0,7.318816420396743e-05,0.0005641841483194952
orientation_1,4,-1,3,1840.0,7.120489130896671e-05,0.0005611377307245066
orientation_1,4,-1,3,1860.0,6.925628105644704e-05,0.0005579434956794972
orientation_1,4,-1,3,1880.0,6.734292259917194e-05,0.000554607803174255
orientation_1,4,-1,3,1900.0,6.546497832756333e-05,0.000551134073712536
orientation_1,4,-1,3,1920.0,6.362277630604372e-05,0.0005475276429667121
orientation_1,4,-1,3,1940.0,6.181778244220599e-05,0.0005438047460094722
orientation_1,4,-1,3,1960.0,6.004614489980041e-05,0.0005399340198540455
orientation_1,4,-1,3,1980.0,5.831284003470348e-05,0.0005359647943122134
orientation_1,4,-1,3,2000.0,5.66154714124425e-05,0.0005318797017043397
orientation_1,4,-1,3,2020.0,5.495447343499674e-05,0.0005276877873411593
orientation_1,4,-1,3,2040.0,5.3331736876326574e-05,0.0005234136964279457
orientation_1,4,-1,3,2060.0,5.1741620729430555e-05,0.0005190062941217543
orientation_1,4,-1,3,2080.0,5.0189527446935496e-05,0.0005145267120294506
orientation_1,4,-1,3,2100.0,4.867284929187213e-05,0.0005099549139193774
orientation_1,4,-1,3,2120.0,4.719357360657635e-05,0.0005053198566150756
orientation_1,4,-1,3,2140.0,4.5749134065074274e-05,0.0005006014301402136
orientation_1,4,-1,3,2160.0,4.434021274283265e-05,0.0004958152070675413
orientation_1,4,-1,3,2180.0,4.296655588286359e-05,0.0004909669846068432
orientation_1,4,-1,3,2200.0,4.16276268468312e-05,0.0004860595047525753
orientation_1,4,-1,3,2220.0,4.0323335338232734e-05,0.0004811011226855864
orientation_1,4,-1,3,2240.0,3.9052841649965384e-05,0.0004760968548886986
orientation_1,4,-1,3,2260.0,3.781771600076496e-05,0.0004710604333985443
orientation_1,4,-1,3,2280.0,3.661339671336573e-05,0.00046596013385484313
orientation_1,4,-1,3,2300.0,3.5444321718363756e-05,0.00046085956849183416
orientation_1,4,-1,3,2320.0,3.430706760157359e-05,0.0004557247965452939
orientation_1,4,-1,3,2340.0,3.320194549148154e-05,0.00045057140199355566
orientation_1,4,-1,3,2360.0,3.212844683656371e-05,0.0004454043514311696
orientation_1,4,-1,3,2380.0,3.10858876919905e-05,0.00044022949879774154
orientation_1,4,-1,3,2400.0,3.0075066613118256e-05,0.00043505209284260617
orientation_1,4,-1,3,2420.0,2.909257732528992e-05,0.00042987168927959934
orientation_1,4,-1,3,2440.0,2.8141054073461678e-05,0.00042471066612665526
orientation_1,4,-1,3,2460.0,2.7218275685750086e-05,0.00041955734164728764
orientation_1,4,-1,3,2480.0,2.6324050028784847e-05,0.00041442239137757484
orientation_1,4,-1,3,2500.0,2.545953825322502e-05,0.0004093069938818129
orientation_1,6,-2,5,100.0,2.83429043327014e-07,3.173912688184757e-07
orientation_1,6,-2,5,120.0,3.325816674643442e-07,3.8095975751430645e-07
orientation_1,6,-2,5,140.0,3.793913701134852e-07,4.445272769060992e-07
orientation_1,6,-2,5,160.0,4.2393828605127556e-07,5.080936650869385e-07
orientation_1,6,-2,5,180.0,4.663001424829817e-07,5.716587602949343e-07
orientation_1,6,-2,5,200.0,5.06553700218513e-07,6.352224008340524e-07
orientation_1,6,-2,5,220.0,5.447695752649786e-07,6.987844250431389e-07
orientation_1,6,-2,5,240.0,5.81019806120819e-07,7.623446712825319e-07
orientation_1,6,-2,5,260.0,6.153731444509704e-07,8.259029779278898e-07
orientation_1,6,-2,5,280.0,6.47896253864749e-07,8.894591833672919e-07
orientation_1,6,-2,5,300.0,6.78653768772411e-07,9.530131259999134e-07
orientation_1,6,-2,5,320.0,7.077083516589796e-07,1.0165646442355262e-06
orientation_1,6,-2,5,340.0,7.351207488162551e-07,1.080113576494438e-06
orientation_1,6,-2,5,360.0,7.609498445729287e-07,1.143659761207701e-06
orientation_1,6,-2,5,380.0,7.852527140620166e-07,1.207203036817448e-06
orientation_1,6,-2,5,400.0,8.080846745636172e-07,1.2707432417773361e-06
orientation_1,6,-2,5,420.0,8.294993354602536e-07,1.334280214553049e-06
orientation_1,6,-2,5,440.0,8.495486468410076e-07,1.397813793622818e-06
orientation_1,6,-2,5,460.0,8.682829467897643e-07,1.4613438174779925e-06
orientation_1,6,-2,5,480.0,8.857510073920179e-07,1.5248701246236065e-06
orientation_1,6,-2,5,500.0,9.020000794937813e-07,1.5883925535789708e-06
orientation_1,6,-2,5,520.0,9.170759362452792e-07,1.651910942878263e-06
orientation_1,6,-2,5,540.0,9.310229154613175e-07,1.7154251310711246e-06
orientation_1,6,-2,5,560.0,9.438839608293469e-07,1.7789349567232706e-06
orientation_1,6,-2,5,580.0,9.557006619955017e-07,1.8424402584171077e-06
orientation_1,6,-2,5,600.0,9.66513293558059e-07,1.9059408747523167e-06
orientation_1,6,-2,5,620.0,9.763608529970693e-07,1.969436644346442e-06
orientation_1,6,-2,5,640.0,9.852810975681862e-07,2.032927405835554e-06
orientation_1,6,-2,5,660.0,9.93310580188008e-07,2.096412997874672e-06
orientation_1,6,-2,5,680.0,1.000484684337086e-06,2.1598932591393484e-06
orientation_1,6,-2,5,700.0,1.0068376580067266e-06,2.223368028322252e-06
orientation_1,6,-2,5,720.0,1.012402646716542e-06,2.286837144137959e-06
orientation_1,6,-2,5,740.0,1.017211725622955e-06,2.350300445340683e-06
orientation_1,6,-2,5,760.0,1.021285395398033e-06,2.413757770670708e-06
orientation_1,6,-2,5,780.0,1.024685289345222e-06,2.4772089589178282e-06
orientation_1,6,-2,5,800.0,1.0274088494372093e-06,2.540653848888232e-06
orientation_1,6,-2,5,820.0,1.0294947085284896e-06,2.604092279412137e-06
orientation_1,6,-2,5,840.0,1.030970041533573e-06,2.667524089343921e-06
orientation_1,6,-2,5,860.0,1.0318611279313637e-06,2.7309491175650135e-06
orientation_1,6,-2,5,880.0,1.0321933781664254e-06,2.794367202980049e-06
orientation_1,6,-2,5,900.0,1.0319913593225598e-06,2.8577781845219053e-06
orientation_1,6,-2,5,920.0,1.0312788200821764e-06,2.9211819011501586e-06
orientation_1,6,-2,5,940.0,1.0300787149938834e-06,2.98457819185204e-06
orientation_1,6,-2,5,960.0,1.028413228122281e-06,3.047966895811501e-06
orientation_1,6,-2,5,980.0,1.0263037957015691e-06,3.1113478515677715e-06
orientation_1,6,-2,5,1000.0,1.0237711289999911e-06,3.1747208987001452e-06
orientation_1,6,-2,5,1020.0,1.0208352354292096e-06,3.238085876143271e-06
orientation_1,6,-2,5,1040.0,1.0175154399004225e-06,3.3014426230357825e-06
orientation_1,6,-2,5,1060.0,1.0138304052467369e-06,3.364790978543021e-06
orientation_1,6,-2,5,1080.0,1.0097981521318217e-06,3.4281307818566192e-06
orientation_1,6,-2,5,1100.0,1.005436078407177e-06,3.4914618722166678e-06
orientation_1,6,-2,5,1120.0,1.000760977910875e-06,3.5547840888813455e-06
orientation_1,6,-2,5,1140.0,9.957890587546343e-07,3.618097271153025e-06
orientation_1,6,-2,5,1160.0,9.905359610838946e-07,3.681401258360334e-06
orientation_1,6,-2,5,1180.0,9.850150439811934e-07,3.7446958885855266e-06
orientation_1,6,-2,5,1200.0,9.79244304149304e-07,3.8079810011865025e-06
orientation_1,6,-2,5,1220.0,9.732360699762342e-07,3.8712564388566276e-06
orientation_1,6,-2,5,1240.0,9.670038783900812e-07,3.9345220444579536e-06
orientation_1,6,-2,5,1260.0,9.605607766826325e-07,3.9977776475845976e-06
orientation_1,6,-2,5,1280.0,9.539193443432006e-07,4.0610230924117165e-06
orientation_1,6,-2,5,1300.0,9.470917029875719e-07,4.124258219283321e-06
orientation_1,6,-2,5,1320.0,9.400895307659862e-07,4.18748286552972e-06
orientation_1,6,-2,5,1340.0,9.329240778374659e-07,4.250696873152914e-06
orientation_1,6,-2,5,1360.0,9.256061779115272e-07,4.313900081013631e-06
orientation_1,6,-2,5,1380.0,9.181462490761527e-07,4.377092266418363e-06
orientation_1,6,-2,5,1400.0,9.105544137326376e-07,4.440273663990568e-06
orientation_1,6,-2,5,1420.0,9.028401682641539e-07,4.503443301879516e-06
orientation_1,6,-2,5,1440.0,8.950129504550314e-07,4.566601709162737e-06
orientation_1,6,-2,5,1460.0,8.870816600450266e-07,4.6297485177163566e-06
orientation_1,6,-2,5,1480.0,8.790548950920481e-07,4.692883563534107e-06
orientation_1,6,-2,5,1500.0,8.709409448209603e-07,4.756006812282419e-06
orientation_1,6,-2,5,1520.0,8.627476860868435e-07,4.8191177337974205e-06
orientation_1,6,-2,5,1540.0,8.544828188271134e-07,4.882216537678795e-06
orientation_1,6,-2,5,1560.0,8.461536863241016e-07,4.9453031458736744e-06
orientation_1,6,-2,5,1580.0,8.382843702619702e-07,5.008376787800388e-06
orientation_1,6,-2,5,1600.0,8.298239307887041e-07,5.071285567084285e-06
orientation_1,6,-2,5,1620.0,8.208493325725777e-07,5.1344861571190575e-06
orientation_1,6,-2,5,1640.0,8.123305702994998e-07,5.197521361945837e-06
orientation_1,6,-2,5,1660.0,8.037799617099672e-07,5.260543351454363e-06
orientation_1,6,-2,5,1680.0,7.952032282952291e-07,5.323552017660558e-06
orientation_1,6,-2,5,1700.0,7.871283060529446e-07,5.386547056465888e-06
orientation_1,6,-2,5,1720.0,7.779930294671974e-07,5.449528601490221e-06
orientation_1,6,-2,5,1740.0,7.69369827622517e-07,5.512496225437977e-06
orientation_1,6,-2,5,1760.0,7.60741555435769e-07,5.5754537245910635e-06
orientation_1,6,-2,5,1780.0,7.521129059892927e-07,5.638401974694427e-06
orientation_1,6,-2,5,1800.0,7.434968598753069e-07,5.701407425066179e-06
orientation_1,6,-2,5,1820.0,7.348659665904932e-07,5.764225142035416e-06
orientation_1,6,-2,5,1840.0,7.26258703384302e-07,5.827121177270583e-06
orientation_1,6,-2,5,1860.0,7.176665838537116e-07,5.890000303257256e-06
orientation_1,6,-2,5,1880.0,7.090940232653594e-07,5.9528687336863976e-06
orientation_1,6,-2,5,1900.0,7.005437193541915e-07,6.01571990899879e-06
orientation_1,6,-2,5,1920.0,6.920191560382942e-07,6.0785550766279875e-06
orientation_1,6,-2,5,1940.0,6.83529579462537e-07,6.141429165853175e-06
orientation_1,6,-2,5,1960.0,6.750580185630806e-07,6.204161093966914e-06
orientation_1,6,-2,5,1980.0,6.666314687292584e-07,6.2669704128834724e-06
orientation_1,6,-2,5,2000.0,6.582402562722348e-07,6.32974371484944e-06
orientation_1,6,-2,5,2020.0,6.498890705345664e-07,6.3925004777571265e-06
orientation_1,6,-2,5,2040.0,6.415804702232413e-07,6.455241812690602e-06
orientation_1,6,-2,5,2060.0,6.333166419562376e-07,6.517966419073335e-06
orientation_1,6,-2,5,2080.0,6.250996228615638e-07,6.580672614239116e-06
orientation_1,6,-2,5,2100.0,6.169284077810293e-07,6.643326890474408e-06
orientation_1,6,-2,5,2120.0,6.088155264141484e-07,6.70604410182371e-06
orientation_1,6,-2,5,2140.0,6.00751202505356e-07,6.768697977248689e-06
orientation_1,6,-2,5,2160.0,5.927417232790538e-07,6.831338131297406e-06
orientation_1,6,-2,5,2180.0,5.847888130818343e-07,6.893965971084606e-06
orientation_1,6,-2,5,2200.0,5.768927506401489e-07,6.9565666841226464e-06
orientation_1,6,-2,5,2220.0,5.690561942314113e-07,7.019154816553741e-06
orientation_1,6,-2,5,2240.0,5.612780738846647e-07,7.081700021690207e-06
orientation_1,6,-2,5,2260.0,5.53569149560164e-07,7.1443240690616355e-06
orientation_1,6,-2,5,2280.0,5.548913907358773e-07,7.206759096047257e-06
orientation_1,6,-2,5,2300.0,5.383260668791433e-07,7.269326376160351e-06
orientation_1,6,-2,5,2320.0,5.308032328537829e-07,7.331824091625059e-06
orientation_1,6,-2,5,2340.0,5.233461756255921e-07,7.394302856635042e-06
orientation_1,6,-2,5,2360.0,5.159556975802411e-07,7.456762212994004e-06
orientation_1,6,-2,5,2380.0,5.086315333852877e-07,7.519186846091541e-06
orientation_1,6,-2,5,2400.0,5.01380531900909e-07,7.581669375684181e-06
orientation_1,6,-2,5,2420.0,4.941895125455544e-07,7.643999445840876e-06
orientation_1,6,-2,5,2440.0,4.86819385614983e-07,7.702344827793811e-06
orientation_1,6,-2,5,2460.0,4.800272713219629e-07,7.768775718936843e-06
orientation_1,6,-2,5,2480.0,4.730504948111904e-07,7.831119616945965e-06
orientation_1,6,-2,5,2500.0,4.6615238167210676e-07,7.893578319765856e-06
orientation_1,6,-1,4,100.0,5.372898676249408e-06,6.0176906209419585e-06
orientation_1,6,-1,4,120.0,6.303940815355708e-06,7.222334324563276e-06
orientation_1,6,-1,4,140.0,7.190253157887599e-06,8.426629402716324e-06
orientation_1,6,-1,4,160.0,8.033331308058058e-06,9.630517807973307e-06
orientation_1,6,-1,4,180.0,8.834680929339876e-06,1.0833941524988314e-05
orientation_1,6,-1,4,200.0,9.595619389662381e-06,1.2036842573179438e-05
orientation_1,6,-1,4,220.0,1.0317560392887405e-05,1.323916301032226e-05
orientation_1,6,-1,4,240.0,1.1001835810125619e-05,1.4440844936473546e-05
orientation_1,6,-1,4,260.0,1.164973918907665e-05,1.5641830498028812e-05
orientation_1,6,-1,4,280.0,1.226252674182653e-05,1.6842061891837767e-05
orientation_1,6,-1,4,300.0,1.2841418309358848e-05,1.8041481369345974e-05
orientation_1,6,-1,4,320.0,1.338759830327238e-05,1.9240031240747557e-05
orientation_1,6,-1,4,340.0,1.3902216625194885e-05,2.0437653879141585e-05
orientation_1,6,-1,4,360.0,1.438637630330909e-05,2.1634291724688494e-05
orientation_1,6,-1,4,380.0,1.4841186230141577e-05,2.2829887288763487e-05
orientation_1,6,-1,4,400.0,1.5267685981268325e-05,2.4024383158106486e-05
orientation_1,6,-1,4,420.0,1.5666896186417772e-05,2.5217721998966607e-05
orientation_1,6,-1,4,440.0,1.6039807244307786e-05,2.6409846561241522e-05
orientation_1,6,-1,4,460.0,1.638738011809405e-05,2.760069968260981e-05
orientation_1,6,-1,4,480.0,1.6710547111715728e-05,2.8790224292657462e-05
orientation_1,6,-1,4,500.0,1.701021262756038e-05,2.9978363416996454e-05
orientation_1,6,-1,4,520.0,1.7287253905861792e-05,3.1165060181376115e-05
orientation_1,6,-1,4,540.0,1.7542521746235773e-05,3.2350257815786684e-05
orientation_1,6,-1,4,560.0,1.777684121175113e-05,3.353389965855398e-05
orientation_1,6,-1,4,580.0,1.7991012315924682e-05,3.47159291604268e-05
orientation_1,6,-1,4,600.0,1.8185810693020577e-05,3.589628988865175e-05
orientation_1,6,-1,4,620.0,1.8361988252028743e-05,3.7074925531046095e-05
orientation_1,6,-1,4,640.0,1.852027381468557e-05,3.8251779900051654e-05
orientation_1,6,-1,4,660.0,1.8661373737896465e-05,3.9426796936784385e-05
orientation_1,6,-1,4,680.0,1.8785972520914478e-05,4.059992071507463e-05
orientation_1,6,-1,4,700.0,1.8894733397594884e-05,4.177109544549221e-05
orientation_1,6,-1,4,720.0,1.8988298914126634e-05,4.294026547936412e-05
orientation_1,6,-1,4,740.0,1.9067291492466516e-05,4.41073753127807e-05
orientation_1,6,-1,4,760.0,1.913231397989813e-05,4.527236959058554e-05
orientation_1,6,-1,4,780.0,1.918395018497616e-05,4.6435193110360695e-05
orientation_1,6,-1,4,800.0,1.922276540017947e-05,4.7595790826395594e-05
orientation_1,6,-1,4,820.0,1.9249306911575542e-05,4.875410785364286e-05
orientation_1,6,-1,4,840.0,1.9264104495789253e-05,4.991008947165395e-05
orientation_1,6,-1,4,860.0,1.926767090458909e-05,5.106368112855257e-05
orientation_1,6,-1,4,880.0,1.926050233730559e-05,5.2214828444867427e-05
orientation_1,6,-1,4,900.0,1.924307890147459e-05,5.336347721751922e-05
orientation_1,6,-1,4,920.0,1.9215865061864282e-05,5.4509573423669424e-05
orientation_1,6,-1,4,940.0,1.917931007821879e-05,5.565306322460099e-05
orientation_1,6,-1,4,960.0,1.9133848433036136e-05,5.679389297278198e-05
orientation_1,6,-1,4,980.0,1.9079900242096785e-05,5.7932009199697096e-05
orientation_1,6,-1,4,1000.0,1.9017871670615538e-05,5.9067358651704664e-05
orientation_1,6,-1,4,1020.0,1.8948155317549934e-05,6.019988826180137e-05
orientation_1,6,-1,4,1040.0,1.8871130606058377e-05,6.132954516954604e-05
orientation_1,6,-1,4,1060.0,1.8787164157583992e-05,6.24562767214584e-05
orientation_1,6,-1,4,1080.0,1.869661015748267e-05,6.358003047476443e-05
orientation_1,6,-1,4,1100.0,1.8599814567056262e-05,6.470075420155432e-05
orientation_1,6,-1,4,1120.0,1.849710009972724e-05,6.581839589192352e-05
orientation_1,6,-1,4,1140.0,1.8388789535983122e-05,6.693290375817099e-05
orientation_1,6,-1,4,1160.0,1.8275186783656606e-05,6.804422623814142e-05
orientation_1,6,-1,4,1180.0,1.815660102257017e-05,6.91523119747305e-05
orientation_1,6,-1,4,1200.0,1.803330287769779e-05,7.025710986747418e-05
orientation_1,6,-1,4,1220.0,1.7905581131886443e-05,7.135856911521443e-05
orientation_1,6,-1,4,1240.0,1.7773698529031422e-05,7.245663915904236e-05
orientation_1,6,-1,4,1260.0,1.76379707409156e-05,7.355126943245648e-05
orientation_1,6,-1,4,1280.0,1.749852932730579e-05,7.464240989170663e-05
orientation_1,6,-1,4,1300.0,1.7355671222814346e-05,7.573001067089091e-05
orientation_1,6,-1,4,1320.0,1.7209566736989526e-05,7.681402210051814e-05
orientation_1,6,-1,4,1340.0,1.706055715991902e-05,7.789439485748588e-05
orientation_1,6,-1,4,1360.0,1.690880099666603e-05,7.897107981964117e-05
orientation_1,6,-1,4,1380.0,1.6754551694663043e-05,8.004402695976779e-05
orientation_1,6,-1,4,1400.0,1.6597899837816178e-05,8.1113195203496e-05
orientation_1,6,-1,4,1420.0,1.643902719550999e-05,8.217852083954532e-05
orientation_1,6,-1,4,1440.0,1.6278243166343688e-05,8.323996892699285e-05
orientation_1,6,-1,4,1460.0,1.611566601063653e-05,8.42974877703296e-05
orientation_1,6,-1,4,1480.0,1.5951451481938325e-05,8.535102982987735e-05
orientation_1,6,-1,4,1500.0,1.5785776260863977e-05,8.640055032317775e-05
orientation_1,6,-1,4,1520.0,1.561879083258779e-05,8.744599530173743e-05
orientation_1,6,-1,4,1540.0,1.5450651142102032e-05,8.848732521352436e-05
orientation_1,6,-1,4,1560.0,1.528149231650412e-05,8.95244953044056e-05
orientation_1,6,-1,4,1580.0,1.511145517072919e-05,9.0557447960542e-05
orientation_1,6,-1,4,1600.0,1.4940204534705554e-05,9.158564491728562e-05
orientation_1,6,-1,4,1620.0,1.4769275975601179e-05,9.261054932318522e-05
orientation_1,6,-1,4,1640.0,1.4597382161268516e-05,9.363060368171568e-05
orientation_1,6,-1,4,1660.0,1.4425109418993841e-05,9.464626704922783e-05
orientation_1,6,-1,4,1680.0,1.4252569593144437e-05,9.565749595173779e-05
orientation_1,6,-1,4,1700.0,1.4079869159487296e-05,9.666424348650577e-05
orientation_1,6,-1,4,1720.0,1.3907111161586222e-05,9.766647141949274e-05
orientation_1,6,-1,4,1740.0,1.3734392576888147e-05,9.866413110850531e-05
orientation_1,6,-1,4,1760.0,1.3561816974389706e-05,9.965725454067026e-05
orientation_1,6,-1,4,1780.0,1.3389475377509162e-05,0.00010064581807743179
orientation_1,6,-1,4,1800.0,1.3217614836381017e-05,0.00010163103495857735
orientation_1,6,-1,4,1820.0,1.3045719483598103e-05,0.00010260824496855368
orientation_1,6,-1,4,1840.0,1.2874517236559719e-05,0.00010358243039421719
orientation_1,6,-1,4,1860.0,1.2703849309402051e-05,0.00010455175439940895
orientation_1,6,-1,4,1880.0,1.25338006144311e-05,0.00010551629857650153
orientation_1,6,-1,4,1900.0,1.2364422838945624e-05,0.00010647589888167192
orientation_1,6,-1,4,1920.0,1.219578266875657e-05,0.0001074305421993218
orientation_1,6,-1,4,1940.0,1.2028055788972855e-05,0.00010838123305469775
orientation_1,6,-1,4,1960.0,1.1860920620295842e-05,0.00010932450149955895
orientation_1,6,-1,4,1980.0,1.1694888828898525e-05,0.00011026447201299656
orientation_1,6,-1,4,2000.0,1.1529777076716533e-05,0.00011119896028586668
orientation_1,6,-1,4,2020.0,1.1365673740976604e-05,0.00011212829979864913
orientation_1,6,-1,4,2040.0,1.1202770512336679e-05,0.00011305392981038074
orientation_1,6,-1,4,2060.0,1.1040677716404481e-05,0.00011397143162309048
orientation_1,6,-1,4,2080.0,1.0879863189215693e-05,0.00011488509568328375
orientation_1,6,-1,4,2100.0,1.0720163536722532e-05,0.00011579280069375788
orientation_1,6,-1,4,2120.0,1.0561815360047042e-05,0.00011669669243938424
orientation_1,6,-1,4,2140.0,1.040463199343471e-05,0.00011759434176226137
orientation_1,6,-1,4,2160.0,1.024873123294379e-05,0.00011848665654625647
orientation_1,6,-1,4,2180.0,1.0094144175056774e-05,0.00011937362944173732
orientation_1,6,-1,4,2200.0,9.940874631168187e-06,0.00012025494796942364
orientation_1,6,-1,4,2220.0,9.78897131229784e-06,0.00012113085550604598
orientation_1,6,-1,4,2240.0,9.638412166105065e-06,0.00012200074622948026
orientation_1,6,-1,4,2260.0,9.489399244395346e-06,0.00012286690277726523
orientation_1,6,-1,4,2280.0,9.341560483888533e-06,0.00012372422191402518
orientation_1,6,-1,4,2300.0,9.195378711986829e-06,0.00012457872723588748
orientation_1,6,-1,4,2320.0,9.050576779475682e-06,0.0001254265907990367
orientation_1,6,-1,4,2340.0,8.90725194922563e-06,0.00012626875370659046
orientation_1,6,-1,4,2360.0,8.765416077362934e-06,0.00012710516745017108
orientation_1,6,-1,4,2380.0,8.625050113566027e-06,0.00012793551006681436
orientation_1,6,-1,4,2400.0,8.486293322830627e-06,0.00012876151090516078
orientation_1,6,-1,4,2420.0,8.348889350011245e-06,0.00012957913686303295
orientation_1,6,-1,4,2440.0,8.208294741447628e-06,0.00013039281575156686
orientation_1,6,-1,4,2460.0,8.078882319393304e-06,0.0001312000803552094
orientation_1,6,-1,4,2480.0,7.946166630517081e-06,0.000132001415853403
orientation_1,6,-1,4,2500.0,7.81453665816569e-06,0.00013279937973074274
orientation_1,8,-4,8,100.0,3.972987175383174e-06,4.443571894632988e-06
orientation_1,8,-4,8,120.0,4.66285245550894e-06,5.333226088711904e-06
orientation_1,8,-4,8,140.0,5.32006054279161e-06,6.222690191040336e-06
orientation_1,8,-4,8,160.0,5.945696489562608e-06,7.1119325402066815e-06
orientation_1,8,-4,8,180.0,6.540814448391167e-06,8.00092148861257e-06
orientation_1,8,-4,8,200.0,7.106438468613504e-06,8.889625403045585e-06
orientation_1,8,-4,8,220.0,7.643563274473601e-06,9.778012665925892e-06
orientation_1,8,-4,8,240.0,8.153155024879562e-06,1.06660516767983e-05
orientation_1,8,-4,8,260.0,8.636152055048669e-06,1.1553710853924392e-05
orientation_1,8,-4,8,280.0,9.09346560039352e-06,1.2440958635919247e-05
orientation_1,8,-4,8,300.0,9.525980335303535e-06,1.3327763483409216e-05
orientation_1,8,-4,8,320.0,9.934555714685601e-06,1.4214093880699675e-05
orientation_1,8,-4,8,340.0,1.0320025696520903e-05,1.5099918337447838e-05
orientation_1,8,-4,8,360.0,1.0683200013906007e-05,1.5985205390337513e-05
orientation_1,8,-4,8,380.0,1.1024864666318858e-05,1.686992360475427e-05
orientation_1,8,-4,8,400.0,1.1345782544797207e-05,1.775404157646041e-05
orientation_1,8,-4,8,420.0,1.1646694041930001e-05,1.86375279332688e-05
orientation_1,8,-4,8,440.0,1.1928317647004982e-05,1.9520351336715125e-05
orientation_1,8,-4,8,460.0,1.2191350526648061e-05,2.0402480483728988e-05
orientation_1,8,-4,8,480.0,1.2436469091283394e-05,2.1283884108302586e-05
orientation_1,8,-4,8,500.0,1.266432954773601e-05,2.2164530983157877e-05
orientation_1,8,-4,8,520.0,1.2875568438292204e-05,2.304438992141096e-05
orientation_1,8,-4,8,540.0,1.3070803166526073e-05,2.3923429778234788e-05
orientation_1,8,-4,8,560.0,1.3250632510194377e-05,2.4801619452518833e-05
orientation_1,8,-4,8,580.0,1.34156371214953e-05,2.567892788852697e-05
orientation_1,8,-4,8,600.0,1.3566380014979826e-05,2.655532407755079e-05
orientation_1,8,-4,8,620.0,1.3703407043400383e-05,2.743077705956444e-05
orientation_1,8,-4,8,640.0,1.3827247361772069e-05,2.830525592487055e-05
orientation_1,8,-4,8,660.0,1.3938413879918569e-05,2.9178729815747696e-05
orientation_1,8,-4,8,680.0,1.4037403703771428e-05,3.0051167928099046e-05
orientation_1,8,-4,8,700.0,1.4124698565664736e-05,3.092253951306753e-05
orientation_1,8,-4,8,720.0,1.4200765243927066e-05,3.179281387871949e-05
orientation_1,8,-4,8,740.0,1.4266055971943194e-05,3.266196039163265e-05
orientation_1,8,-4,8,760.0,1.4321008837002582e-05,3.3529948478545985e-05
orientation_1,8,-4,8,780.0,1.436604816913135e-05,3.439674762798413e-05
orientation_1,8,-4,8,800.0,1.4399565620926353e-05,3.5262327391879356e-05
orientation_1,8,-4,8,820.0,1.4428017033199985e-05,3.612665738718978e-05
orientation_1,8,-4,8,840.0,1.4445729802910875e-05,3.698970729750829e-05
orientation_1,8,-4,8,860.0,1.445509622652543e-05,3.785144687470472e-05
orientation_1,8,-4,8,880.0,1.445647734606234e-05,3.871184594047079e-05
orientation_1,8,-4,8,900.0,1.4450222581859427e-05,3.9570874387984546e-05
orientation_1,8,-4,8,920.0,1.4436670057601222e-05,4.0428502183478964e-05
orientation_1,8,-4,8,940.0,1.4416146917082184e-05,4.1284699367840746e-05
orientation_1,8,-4,8,960.0,1.4388969633680416e-05,4.213943606056393e-05
orientation_1,8,-4,8,980.0,1.435544430717091e-05,4.299268244951999e-05
orientation_1,8,-4,8,1000.0,1.4315866964756129e-05,4.384440881616943e-05
orientation_1,8,-4,8,1020.0,1.4270523838673233e-05,4.4694585513490735e-05
orientation_1,8,-4,8,1040.0,1.421969164841143e-05,4.554318297945038e-05
orientation_1,8,-4,8,1060.0,1.4163637870923392e-05,4.6390171736072684e-05
orientation_1,8,-4,8,1080.0,1.410262100467442e-05,4.723552239098712e-05
orientation_1,8,-4,8,1100.0,1.4036890826951909e-05,4.807920563928656e-05
orientation_1,8,-4,8,1120.0,1.3966688644289432e-05,4.8921192264644026e-05
orientation_1,8,-4,8,1140.0,1.3892247536617223e-05,4.976145314121561e-05
orientation_1,8,-4,8,1160.0,1.3813792594882204e-05,5.059995923492099e-05
orientation_1,8,-4,8,1180.0,1.3731541147871869e-05,5.1436681587134416e-05
orientation_1,8,-4,8,1200.0,1.3645702997247909e-05,5.2271591351584035e-05
orientation_1,8,-4,8,1220.0,1.3556480643782575e-05,5.3104659824693966e-05
orientation_1,8,-4,8,1240.0,1.3464069488904772e-05,5.3935858402424816e-05
orientation_1,8,-4,8,1260.0,1.3368657998029572e-05,5.476515839436657e-05
orientation_1,8,-4,8,1280.0,1.3270427999330497e-05,5.559253141447516e-05
orientation_1,8,-4,8,1300.0,1.316955481668476e-05,5.641794912511356e-05
orientation_1,8,-4,8,1320.0,1.3066207465748055e-05,5.724138324975582e-05
orientation_1,8,-4,8,1340.0,1.2960548865645157e-05,5.8062805682446466e-05
orientation_1,8,-4,8,1360.0,1.2852735995920393e-05,5.888218837947201e-05
orientation_1,8,-4,8,1380.0,1.274291990383692e-05,5.9699502541979004e-05
orientation_1,8,-4,8,1400.0,1.2631247381785709e-05,6.051472589070687e-05
orientation_1,8,-4,8,1420.0,1.2517856334050007e-05,6.132781934826815e-05
orientation_1,8,-4,8,1440.0,1.2402883725960244e-05,6.213876498351509e-05
orientation_1,8,-4,8,1460.0,1.2286458862554459e-05,6.29475324062297e-05
orientation_1,8,-4,8,1480.0,1.2168706698675503e-05,6.375409420123468e-05
orientation_1,8,-4,8,1500.0,1.2049747737727553e-05,6.455842489306091e-05
orientation_1,8,-4,8,1520.0,1.192969657454615e-05,6.53604921538722e-05
orientation_1,8,-4,8,1540.0,1.1808665203519117e-05,6.616027417462973e-05
orientation_1,8,-4,8,1560.0,1.1686760489538294e-05,6.695774521686362e-05
orientation_1,8,-4,8,1580.0,1.1564083442787271e-05,6.775286995428329e-05
orientation_1,8,-4,8,1600.0,1.1440387017394708e-05,6.854349797885383e-05
orientation_1,8,-4,8,1620.0,1.1316805774921362e-05,6.933599686753554e-05
orientation_1,8,-4,8,1640.0,1.1192389658384596e-05,7.012394330089832e-05
orientation_1,8,-4,8,1660.0,1.106757236790372e-05,7.090944311405362e-05
orientation_1,8,-4,8,1680.0,1.0942437268936613e-05,7.169247090999187e-05
orientation_1,8,-4,8,1700.0,1.0817063828253724e-05,7.247299866455484e-05
orientation_1,8,-4,8,1720.0,1.069152903773189e-05,7.325100463405029e-05
orientation_1,8,-4,8,1740.0,1.0565905471117588e-05,7.402645930318614e-05
orientation_1,8,-4,8,1760.0,1.0440270620625464e-05,7.479939255722398e-05
orientation_1,8,-4,8,1780.0,1.031469278175224e-05,7.556979320531275e-05
orientation_1,8,-4,8,1800.0,1.0189355689479923e-05,7.633856465288398e-05
orientation_1,8,-4,8,1820.0,1.0063878981629684e-05,7.710226701284816e-05
orientation_1,8,-4,8,1840.0,9.938801991207995e-06,7.786458988056704e-05
orientation_1,8,-4,8,1860.0,9.814008532108933e-06,7.862418119125292e-05
orientation_1,8,-4,8,1880.0,9.68956255281478e-06,7.938110643877383e-05
orientation_1,8,-4,8,1900.0,9.565503597307326e-06,8.01352503994617e-05
orientation_1,8,-4,8,1920.0,9.441882257926395e-06,8.088660867246964e-05
orientation_1,8,-4,8,1940.0,9.318829656499798e-06,8.163592825048689e-05
orientation_1,8,-4,8,1960.0,9.196109757596359e-06,8.238065203936785e-05
orientation_1,8,-4,8,1980.0,9.074101890472701e-06,8.312383096095228e-05
orientation_1,8,-4,8,2000.0,8.952672071811048e-06,8.386385675298612e-05
orientation_1,8,-4,8,2020.0,8.83188715161179e-06,8.460098069764928e-05
orientation_1,8,-4,8,2040.0,8.711889522218626e-06,8.533626382150483e-05
orientation_1,8,-4,8,2060.0,8.59239482798233e-06,8.606646619625783e-05
orientation_1,8,-4,8,2080.0,8.473748315103227e-06,8.679474254923093e-05
orientation_1,8,-4,8,2100.0,8.355831544603974e-06,8.751953685265963e-05
orientation_1,8,-4,8,2120.0,8.238820653635503e-06,8.824243749744033e-05
orientation_1,8,-4,8,2140.0,8.122579571972801e-06,8.896165514072743e-05
orientation_1,8,-4,8,2160.0,8.007196804314502e-06,8.967786406666852e-05
orientation_1,8,-4,8,2180.0,7.892697104102665e-06,9.039106284399425e-05
orientation_1,8,-4,8,2200.0,7.779084918964606e-06,9.11010241965672e-05
orientation_1,8,-4,8,2220.0,7.6663977640211e-06,9.180793184433064e-05
orientation_1,8,-4,8,2240.0,7.554620855919455e-06,9.251134163976465e-05
orientation_1,8,-4,8,2260.0,7.443905011452585e-06,9.321294268825492e-05
orientation_1,8,-4,8,2280.0,7.333977636850217e-06,9.390896870159262e-05
orientation_1,8,-4,8,2300.0,7.225196471295015e-06,9.460387457012714e-05
orientation_1,8,-4,8,2320.0,7.117362288253634e-06,9.52948309816901e-05
orientation_1,8,-4,8,2340.0,7.010541202677604e-06,9.59825404867729e-05
orientation_1,8,-4,8,2360.0,6.904744474571499e-06,9.666696799955094e-05
orientation_1,8,-4,8,2380.0,6.799968519739475e-06,9.73478794209286e-05
orientation_1,8,-4,8,2400.0,6.696309413040617e-06,9.802654986760715e-05
orientation_1,8,-4,8,2420.0,6.593581717837406e-06,9.870001030207849e-05
orientation_1,8,-4,8,2440.0,6.4884338102859025e-06,9.937153063966962e-05
orientation_1,8,-4,8,2460.0,6.391476122096297e-06,0.00010003928675149356
orientation_1,8,-4,8,2480.0,6.292018341788017e-06,0.00010070364478139385
orientation_1,8,-4,8,2500.0,6.193750676857382e-06,0.0001013664865796005
orientation_1,8,-2,6,100.0,1.2983473129153896e-05,1.4522686227365452e-05
orientation_1,8,-2,6,120.0,1.523536795635728e-05,1.742771127029829e-05
orientation_1,8,-2,6,140.0,1.7379514240931763e-05,2.0330705929407357e-05
orientation_1,8,-2,6,160.0,1.9419079612337032e-05,2.3231332687022108e-05
orientation_1,8,-2,6,180.0,2.1357527150342487e-05,2.6129254445301465e-05
orientation_1,8,-2,6,200.0,2.3198118536086126e-05,2.9024134581407435e-05
orientation_1,8,-2,6,220.0,2.4944031673107185e-05,3.1915637004793506e-05
orientation_1,8,-2,6,240.0,2.6598363798734042e-05,3.4803426215195094e-05
orientation_1,8,-2,6,260.0,2.8164131178059124e-05,3.768716736083605e-05
orientation_1,8,-2,6,280.0,2.9644272051330583e-05,4.056652629665921e-05
orientation_1,8,-2,6,300.0,3.104164797045701e-05,4.344116964249199e-05
orientation_1,8,-2,6,320.0,3.235904541643297e-05,4.63107648411014e-05
orientation_1,8,-2,6,340.0,3.359917739131338e-05,4.917498021610982e-05
orientation_1,8,-2,6,360.0,3.4764684984903374e-05,5.203348502975171e-05
orientation_1,8,-2,6,380.0,3.585813891634027e-05,5.4885949540454864e-05
orientation_1,8,-2,6,400.0,3.6882041050753315e-05,5.773204506023311e-05
orientation_1,8,-2,6,420.0,3.7838825891191264e-05,6.057144401187675e-05
orientation_1,8,-2,6,440.0,3.873086204601572e-05,6.340381998593011e-05
orientation_1,8,-2,6,460.0,3.9560453671963346e-05,6.622884779744296e-05
orientation_1,8,-2,6,480.0,4.0329841893083276e-05,6.904620354248613e-05
orientation_1,8,-2,6,500.0,4.1041206195763354e-05,7.185556465441853e-05
orientation_1,8,-2,6,520.0,4.1696665800059815e-05,7.465660995989611e-05
orientation_1,8,-2,6,540.0,4.2298281007552284e-05,7.744901973460984e-05
orientation_1,8,-2,6,560.0,4.2848054525946536e-05,8.02324757587451e-05
orientation_1,8,-2,6,580.0,4.334793277065339e-05,8.300666137214701e-05
orientation_1,8,-2,6,600.0,4.379980714357264e-05,8.57712615291851e-05
orientation_1,8,-2,6,620.0,4.420551528931908e-05,8.852596285330727e-05
orientation_1,8,-2,6,640.0,4.4565003828892164e-05,9.127045369126531e-05
orientation_1,8,-2,6,660.0,4.488552207262724e-05,9.40044241670087e-05
orientation_1,8,-2,6,680.0,4.5163238207888955e-05,9.672756623524166e-05
orientation_1,8,-2,6,700.0,4.540162546970891e-05,9.943957373461114e-05
orientation_1,8,-2,6,720.0,4.560227078665485e-05,0.00010214014244054275
orientation_1,8,-2,6,740.0,4.576671440695158e-05,0.00010482897011769815
orientation_1,8,-2,6,760.0,4.5896451003504944e-05,0.00010750575657203784
orientation_1,8,-2,6,780.0,4.599293075831632e-05,0.0001101702037025043
orientation_1,8,-2,6,800.0,4.6057560426526566e-05,0.00011282201555229255
orientation_1,8,-2,6,820.0,4.609170438034289e-05,0.00011546089835970317
orientation_1,8,-2,6,840.0,4.60966856330941e-05,0.0001180865606085523
orientation_1,8,-2,6,860.0,4.60737868437212e-05,0.0001206987130782728
orientation_1,8,-2,6,880.0,4.602425130178768e-05,0.00012329706889326045
orientation_1,8,-2,6,900.0,4.59492838935398e-05,0.00012588134357217678
orientation_1,8,-2,6,920.0,4.5850052048995224e-05,0.00012845125507648548
orientation_1,8,-2,6,940.0,4.572768667047152e-05,0.00013100652385862816
orientation_1,8,-2,6,960.0,4.5583283045377115e-05,0.00013354687291748532
orientation_1,8,-2,6,980.0,4.541790172522165e-05,0.00013607202780672087
orientation_1,8,-2,6,1000.0,4.5232569425970646e-05,0.00013858171675914195
orientation_1,8,-2,6,1020.0,4.50282798585452e-05,0.00014107567065517254
orientation_1,8,-2,6,1040.0,4.4805994581259394e-05,0.00014355362310761524
orientation_1,8,-2,6,1060.0,4.4566643818119503e-05,0.00014601531049476287
orientation_1,8,-2,6,1080.0,4.431112726991687e-05,0.0001484604720240826
orientation_1,8,-2,6,1100.0,4.404031489175241e-05,0.00015088884973887297
orientation_1,8,-2,6,1120.0,4.37550476767112e-05,0.00015330018859930296
orientation_1,8,-2,6,1140.0,4.345613840636667e-05,0.0001556942365059993
orientation_1,8,-2,6,1160.0,4.314437239253887e-05,0.00015807074434680255
orientation_1,8,-2,6,1180.0,4.2820508186622835e-05,0.0001604294659794155
orientation_1,8,-2,6,1200.0,4.2485278320567145e-05,0.0001627701583888809
orientation_1,8,-2,6,1220.0,4.2139390023051545e-05,0.0001650925818223358
orientation_1,8,-2,6,1240.0,4.1783525858274605e-05,0.00016739649968034294
orientation_1,8,-2,6,1260.0,4.14183442456481e-05,0.00016968167794946626
orientation_1,8,-2,6,1280.0,4.1044480422887204e-05,0.00017194788650781113
orientation_1,8,-2,6,1300.0,4.0662546872484076e-05,0.00017419489832460282
orientation_1,8,-2,6,1320.0,4.027313395642813e-05,0.00017642248953219695
orientation_1,8,-2,6,1340.0,3.987681060615583e-05,0.0001786304398192849
orientation_1,8,-2,6,1360.0,3.9474124834809775e-05,0.00018081853210482896
orientation_1,8,-2,6,1380.0,3.9065603761960904e-05,0.00018298654988879883
orientation_1,8,-2,6,1400.0,3.865175911579713e-05,0.00018513430112995286
orientation_1,8,-2,6,1420.0,3.823307205553835e-05,0.00018726154186216542
orientation_1,8,-2,6,1440.0,3.7810019223726986e-05,0.0001893681005408452
orientation_1,8,-2,6,1460.0,3.738305073828237e-05,0.00019145376798569211
orientation_1,8,-2,6,1480.0,3.695260104697274e-05,0.00019351834796505017
orientation_1,8,-2,6,1500.0,3.651908811349367e-05,0.00019556165110409929
orientation_1,8,-2,6,1520.0,3.6082911141910494e-05,0.00019758347973601763
orientation_1,8,-2,6,1540.0,3.5644456465081316e-05,0.0001995836575838936
orientation_1,8,-2,6,1560.0,3.5204094247480246e-05,0.0002015620097269426
orientation_1,8,-2,6,1580.0,3.4762173627923396e-05,0.00020351833035301718
orientation_1,8,-2,6,1600.0,3.431790565574865e-05,0.00020545125667728543
orientation_1,8,-2,6,1620.0,3.387501248040605e-05,0.00020736425991082228
orientation_1,8,-2,6,1640.0,3.343040638371298e-05,0.00020925352302985286
orientation_1,8,-2,6,1660.0,3.29855178478209e-05,0.00021112009971679824
orientation_1,8,-2,6,1680.0,3.254063187923971e-05,0.0002129638337686254
orientation_1,8,-2,6,1700.0,3.2096021535571916e-05,0.00021478457773356464
orientation_1,8,-2,6,1720.0,3.165194248667361e-05,0.0002165821524384049
orientation_1,8,-2,6,1740.0,3.1208646946238006e-05,0.0002183564404651369
orientation_1,8,-2,6,1760.0,3.07663940246281e-05,0.0002201074666762366
orientation_1,8,-2,6,1780.0,3.0325413383487033e-05,0.0002218351370132547
orientation_1,8,-2,6,1800.0,2.9886307172271287e-05,0.00022353811414743655
orientation_1,8,-2,6,1820.0,2.9447849478889633e-05,0.00022521782640327523
orientation_1,8,-2,6,1840.0,2.9011793662844277e-05,0.00022687356648928248
orientation_1,8,-2,6,1860.0,2.857776649101829e-05,0.00022850511185929187
orientation_1,8,-2,6,1880.0,2.8145979472595484e-05,0.00023011264666477385
orientation_1,8,-2,6,1900.0,2.7716561471567543e-05,0.00023169575215055928
orientation_1,8,-2,6,1920.0,2.7289677835396823e-05,0.00023325438587966802
orientation_1,8,-2,6,1940.0,2.6865756042579573e-05,0.0002347909633382644
orientation_1,8,-2,6,1960.0,2.644402270916645e-05,0.00023629710455735827
orientation_1,8,-2,6,1980.0,2.6025713778590143e-05,0.0002377827542721299
orientation_1,8,-2,6,2000.0,2.5610388780711557e-05,0.00023924264832809013
orientation_1,8,-2,6,2020.0,2.5198260883518495e-05,0.00024067758815758347
orientation_1,8,-2,6,2040.0,2.4789804068820792e-05,0.0002420875639049928
orientation_1,8,-2,6,2060.0,2.438404456435447e-05,0.0002434724190441974
orientation_1,8,-2,6,2080.0,2.3982141569515268e-05,0.00024483201442014406
orientation_1,8,-2,6,2100.0,2.3583688372382544e-05,0.0002461647507662374
orientation_1,8,-2,6,2120.0,2.3189253461372077e-05,0.0002474758297488371
orientation_1,8,-2,6,2140.0,2.2798382649154544e-05,0.00024875940980981985
orientation_1,8,-2,6,2160.0,2.2411356714596134e-05,0.00025001770828721637
orientation_1,8,-2,6,2180.0,2.202824640204251e-05,0.00025125073663484883
orientation_1,8,-2,6,2200.0,2.1649056322532774e-05,0.00025245777873769075
orientation_1,8,-2,6,2220.0,2.127389845372107e-05,0.0002536394534277841
orientation_1,8,-2,6,2240.0,2.0902713680998357e-05,0.00025479433794364684
orientation_1,8,-2,6,2260.0,2.053598421522105e-05,0.00025592799575107565
orientation_1,8,-2,6,2280.0,2.017280647544565e-05,0.0002570281515376196
orientation_1,8,-2,6,2300.0,1.981433409416383e-05,0.0002581093669917168
orientation_1,8,-2,6,2320.0,1.945990584172161e-05,0.0002591624962686305
orientation_1,8,-2,6,2340.0,1.9109725344563902e-05,0.0002601898492195187
orientation_1,8,-2,6,2360.0,1.8763816524564338e-05,0.00026119136650306826
orientation_1,8,-2,6,2380.0,1.8422153269272783e-05,0.0002621663310450225
orientation_1,8,-2,6,2400.0,1.8085034088771323e-05,0.00026311901107443897
orientation_1,8,-2,6,2420.0,1.7751836721660006e-05,0.0002640396973914093
orientation_1,8,-2,6,2440.0,1.7423275172285205e-05,0.00026493918232108803
orientation_1,8,-2,6,2460.0,1.709897362278862e-05,0.00026581157361313157
orientation_1,8,-2,6,2480.0,1.677901733373675e-05,0.0002666581298585741
orientation_1,8,-2,6,2500.0,1.646229708035393e-05,0.0002674760876024915
orientation_1,-13,-5,0,100.0,2.6576792683476526e-06,2.974615749656439e-06
orientation_1,-13,-5,0,120.0,3.1187743158048636e-06,3.5702451332610635e-06
orientation_1,-13,-5,0,140.0,3.557930279001805e-06,4.1657893333678335e-06
orientation_1,-13,-5,0,160.0,3.975885674283785e-06,4.7612341569992906e-06
orientation_1,-13,-5,0,180.0,4.373357503607815e-06,5.356565416049572e-06
orientation_1,-13,-5,0,200.0,4.751041828786616e-06,5.951768927043744e-06
orientation_1,-13,-5,0,220.0,5.109614331735975e-06,6.546830511348641e-06
orientation_1,-13,-5,0,240.0,5.449730860789424e-06,7.141735995548383e-06
orientation_1,-13,-5,0,260.0,5.772027963322302e-06,7.736471211887394e-06
orientation_1,-13,-5,0,280.0,6.077123404978069e-06,8.331021998743742e-06
orientation_1,-13,-5,0,300.0,6.3656166758031364e-06,8.925374201117143e-06
orientation_1,-13,-5,0,320.0,6.638089483597288e-06,9.519513671124255e-06
orientation_1,-13,-5,0,340.0,6.895106234783417e-06,1.0113426268498089e-05
orientation_1,-13,-5,0,360.0,7.1372145030947125e-06,1.0707097861089266e-05
orientation_1,-13,-5,0,380.0,7.364945486371194e-06,1.1300514325368516e-05
orientation_1,-13,-5,0,400.0,7.579032811822666e-06,1.1893661546929583e-05
orientation_1,-13,-5,0,420.0,7.779556516040865e-06,1.2486525420992414e-05
orientation_1,-13,-5,0,440.0,7.967202841692338e-06,1.3079091852906203e-05
orientation_1,-13,-5,0,460.0,8.142441783511503e-06,1.3671346758652352e-05
orientation_1,-13,-5,0,480.0,8.30572907796121e-06,1.4263276065347135e-05
orientation_1,-13,-5,0,500.0,8.457506594375528e-06,1.4854865711743986e-05
orientation_1,-13,-5,0,520.0,8.598202716085149e-06,1.544610164873546e-05
orientation_1,-13,-5,0,540.0,8.728232711768003e-06,1.6036969839854744e-05
orientation_1,-13,-5,0,560.0,8.847999097262733e-06,1.6627456261776673e-05
orientation_1,-13,-5,0,580.0,8.957891988076974e-06,1.7217546904818458e-05
orientation_1,-13,-5,0,600.0,9.058289442816855e-06,1.7807227773438905e-05
orientation_1,-13,-5,0,620.0,9.149557797758873e-06,1.8396484886739526e-05
orientation_1,-13,-5,0,640.0,9.232051992781939e-06,1.8985304278961804e-05
orientation_1,-13,-5,0,660.0,9.306115888866083e-06,1.9573671999985972e-05
orientation_1,-13,-5,0,680.0,9.372082577372741e-06,2.0161574115832632e-05
orientation_1,-13,-5,0,700.0,9.430274681290645e-06,2.0748996709143254e-05
orientation_1,-13,-5,0,720.0,9.48100464867922e-06,2.1335925879708143e-05
orientation_1,-13,-5,0,740.0,9.524575038449035e-06,2.192234774493169e-05
orientation_1,-13,-5,0,760.0,9.561278798716891e-06,2.250824844034107e-05
orientation_1,-13,-5,0,780.0,9.591399537890975e-06,2.3093614120079125e-05
orientation_1,-13,-5,0,800.0,9.615211788672461e-06,2.3678430957397873e-05
orientation_1,-13,-5,0,820.0,9.632981265148015e-06,2.42626851451507e-05
orientation_1,-13,-5,0,840.0,9.644965113142029e-06,2.4846362896280313e-05
orientation_1,-13,-5,0,860.0,9.651412154006902e-06,2.5429450444331174e-05
orientation_1,-13,-5,0,880.0,9.652563121979462e-06,2.601193404389814e-05
orientation_1,-13,-5,0,900.0,9.648650895319266e-06,2.6593799971157426e-05
orientation_1,-13,-5,0,920.0,9.639900721327627e-06,2.7175034524335427e-05
orientation_1,-13,-5,0,940.0,9.626530435431873e-06,2.7755624024199333e-05
orientation_1,-13,-5,0,960.0,9.608750675004093e-06,2.833555481612557e-05
orientation_1,-13,-5,0,980.0,9.58676508433829e-06,2.8914813262682503e-05
orientation_1,-13,-5,0,1000.0,9.560770522091494e-06,2.9493385759922206e-05
orientation_1,-13,-5,0,1020.0,9.530957252715315e-06,3.0071258722047418e-05
orientation_1,-13,-5,0,1040.0,9.497509140644493e-06,3.0648418589853584e-05
orientation_1,-13,-5,0,1060.0,9.460603836141991e-06,3.122485182954136e-05
orientation_1,-13,-5,0,1080.0,9.420412956723351e-06,3.180054493318854e-05
orientation_1,-13,-5,0,1100.0,9.377102263787275e-06,3.2375484419432025e-05
orientation_1,-13,-5,0,1120.0,9.330831834367567e-06,3.294965683365648e-05
orientation_1,-13,-5,0,1140.0,9.281756228428038e-06,3.3523048748711716e-05
orientation_1,-13,-5,0,1160.0,9.230024651540217e-06,3.409564676521525e-05
orientation_1,-13,-5,0,1180.0,9.175781110100582e-06,3.466743750008747e-05
orientation_1,-13,-5,0,1200.0,9.119164571814721e-06,3.523840761068718e-05
orientation_1,-13,-5,0,1220.0,9.060309120084234e-06,3.5808543814580396e-05
orientation_1,-13,-5,0,1240.0,8.999344091681075e-06,3.637783286018234e-05
orientation_1,-13,-5,0,1260.0,8.936394188583749e-06,3.69462614015986e-05
orientation_1,-13,-5,0,1280.0,8.871579680378154e-06,3.751381625981138e-05
orientation_1,-13,-5,0,1300.0,8.805016495416191e-06,3.808048425071809e-05
orientation_1,-13,-5,0,1320.0,8.736816354101759e-06,3.864625219316695e-05
orientation_1,-13,-5,0,1340.0,8.667086912433895e-06,3.921110698159441e-05
orientation_1,-13,-5,0,1360.0,8.59593186880131e-06,3.977503551309588e-05
orientation_1,-13,-5,0,1380.0,8.523450970483477e-06,4.033802413997652e-05
orientation_1,-13,-5,0,1400.0,8.449741137521625e-06,4.090006353693392e-05
orientation_1,-13,-5,0,1420.0,8.374893363698759e-06,4.1461133097337474e-05
orientation_1,-13,-5,0,1440.0,8.298998037157974e-06,4.202122632424043e-05
orientation_1,-13,-5,0,1460.0,8.22214044361993e-06,4.258032834148985e-05
orientation_1,-13,-5,0,1480.0,8.144402982481312e-06,4.3138426221665376e-05
orientation_1,-13,-5,0,1500.0,8.065865099714554e-06,4.3695508291468954e-05
orientation_1,-13,-5,0,1520.0,7.98660231470483e-06,4.425155825416357e-05
orientation_1,-13,-5,0,1540.0,7.906688432363295e-06,4.4806566800618746e-05
orientation_1,-13,-5,0,1560.0,7.826193853529469e-06,4.5360521952554026e-05
orientation_1,-13,-5,0,1580.0,7.745185089557655e-06,4.591340527250664e-05
orientation_1,-13,-5,0,1600.0,7.663495662308008e-06,4.646378225584801e-05
orientation_1,-13,-5,0,1620.0,7.581884088452966e-06,4.701592101050764e-05
orientation_1,-13,-5,0,1640.0,7.499713296731704e-06,4.7565526300587444e-05
orientation_1,-13,-5,0,1660.0,7.417272649347553e-06,4.811401297271297e-05
orientation_1,-13,-5,0,1680.0,7.3346169956303195e-06,4.86613690018792e-05
orientation_1,-13,-5,0,1700.0,7.2517986064625986e-06,4.920758055855563e-05
orientation_1,-13,-5,0,1720.0,7.168868124886071e-06,4.975263796125845e-05
orientation_1,-13,-5,0,1740.0,7.085873269096572e-06,5.029652629140332e-05
orientation_1,-13,-5,0,1760.0,7.0028650765105655e-06,5.083927032095382e-05
orientation_1,-13,-5,0,1780.0,6.919888469527384e-06,5.1380867347396636e-05
orientation_1,-13,-5,0,1800.0,6.837065784397631e-06,5.192192771967164e-05
orientation_1,-13,-5,0,1820.0,6.754141279615165e-06,5.2460150426555045e-05
orientation_1,-13,-5,0,1840.0,6.671475665811062e-06,5.2998012899014325e-05
orientation_1,-13,-5,0,1860.0,6.5889903620767856e-06,5.35346136531596e-05
orientation_1,-13,-5,0,1880.0,6.506727489339112e-06,5.407000077795392e-05
orientation_1,-13,-5,0,1900.0,6.424712917708648e-06,5.46041018148118e-05
orientation_1,-13,-5,0,1920.0,6.342979907535917e-06,5.513691810275037e-05
orientation_1,-13,-5,0,1940.0,6.261615667152499e-06,5.5668954002984056e-05
orientation_1,-13,-5,0,1960.0,6.18046165093958e-06,5.619850196240921e-05
orientation_1,-13,-5,0,1980.0,6.099771284491809e-06,5.672760876282491e-05
orientation_1,-13,-5,0,2000.0,6.019454375899148e-06,5.725520178053969e-05
orientation_1,-13,-5,0,2020.0,5.9395552023141575e-06,5.778145347207065e-05
orientation_1,-13,-5,0,2040.0,5.860098160949201e-06,5.830636410315296e-05
orientation_1,-13,-5,0,2060.0,5.781103933144325e-06,5.8829910257244805e-05
orientation_1,-13,-5,0,2080.0,5.702591868521723e-06,5.935206647967352e-05
orientation_1,-13,-5,0,2100.0,5.624552732855825e-06,5.987250888103271e-05
orientation_1,-13,-5,0,2120.0,5.547104143586283e-06,6.039230421626757e-05
orientation_1,-13,-5,0,2140.0,5.470154602941835e-06,6.09102588993055e-05
orientation_1,-13,-5,0,2160.0,5.393763173097233e-06,6.142682771681545e-05
orientation_1,-13,-5,0,2180.0,5.31794612373217e-06,6.19420134538129e-05
orientation_1,-13,-5,0,2200.0,5.242706170728712e-06,6.245566782520765e-05
orientation_1,-13,-5,0,2220.0,5.168068216295429e-06,6.296791645097816e-05
orientation_1,-13,-5,0,2240.0,5.094022162272107e-06,6.34784665847455e-05
orientation_1,-13,-5,0,2260.0,5.02066875736329e-06,6.398845223209365e-05
orientation_1,-13,-5,0,2280.0,4.947825360456056e-06,6.449535395444573e-05
orientation_1,-13,-5,0,2300.0,4.8757313732019995e-06,6.500215986569711e-05
orientation_1,-13,-5,0,2320.0,4.8042532192537615e-06,6.550697734725054e-05
orientation_1,-13,-5,0,2340.0,4.733435067657589e-06,6.601027974996874e-05
orientation_1,-13,-5,0,2360.0,4.663284390323172e-06,6.651204944410317e-05
orientation_1,-13,-5,0,2380.0,4.593798923327853e-06,6.701212862478784e-05
orientation_1,-13,-5,0,2400.0,4.525042418025044e-06,6.751137573659269e-05
orientation_1,-13,-5,0,2420.0,4.456890818333324e-06,6.800780841694958e-05
orientation_1,-13,-5,0,2440.0,4.387101725545769e-06,6.850361350114164e-05
orientation_1,-13,-5,0,2460.0,4.322775009729033e-06,6.899757884301627e-05
orientation_1,-13,-5,0,2480.0,4.256757332827172e-06,6.948994563937422e-05
orientation_1,-13,-5,0,2500.0,4.191517555265366e-06,6.998198106771698e-05
orientation_1,-10,0,-4,100.0,1.281877985106906e-05,1.4335860004128915e-05
orientation_1,-10,0,-4,120.0,1.5042697305519539e-05,1.720356081752393e-05
orientation_1,-10,0,-4,140.0,1.7160435864835677e-05,2.006928314859668e-05
orientation_1,-10,0,-4,160.0,1.917506429124937e-05,2.2932698095984716e-05
orientation_1,-10,0,-4,180.0,2.1090014373472447e-05,2.5793477162323293e-05
orientation_1,-10,0,-4,200.0,2.2908498380452824e-05,2.8651292307227703e-05
orientation_1,-10,0,-4,220.0,2.4633645753888316e-05,3.150581600236682e-05
orientation_1,-10,0,-4,240.0,2.6268505736662113e-05,3.435672128723308e-05
orientation_1,-10,0,-4,260.0,2.7816048820105184e-05,3.720368182513071e-05
orientation_1,-10,0,-4,280.0,2.9279168387373813e-05,4.004637195919151e-05
orientation_1,-10,0,-4,300.0,3.066068233147047e-05,4.288446676833268e-05
orientation_1,-10,0,-4,320.0,3.196333464803323e-05,4.5717642123110336e-05
orientation_1,-10,0,-4,340.0,3.318979700304164e-05,4.854557474144162e-05
orientation_1,-10,0,-4,360.0,3.434267027560279e-05,5.136794224417666e-05
orientation_1,-10,0,-4,380.0,3.5424486075990695e-05,5.418442321050379e-05
orientation_1,-10,0,-4,400.0,3.643770823912075e-05,5.699469723317577e-05
orientation_1,-10,0,-4,420.0,3.738473429364662e-05,5.979844497354456e-05
orientation_1,-10,0,-4,440.0,3.826789690687434e-05,6.259534821639348e-05
orientation_1,-10,0,-4,460.0,3.908946530569238e-05,6.538508992455458e-05
orientation_1,-10,0,-4,480.0,3.9851646673722324e-05,6.81673542933029e-05
orientation_1,-10,0,-4,500.0,4.055658752489895e-05,7.094182680451362e-05
orientation_1,-10,0,-4,520.0,4.120637505369295e-05,7.370819428057482e-05
orientation_1,-10,0,-4,540.0,4.1803038462192794e-05,7.646614493804294e-05
orientation_1,-10,0,-4,560.0,4.234855026426771e-05,7.921536844103267e-05
orientation_1,-10,0,-4,580.0,4.2844827567034674e-05,8.195555595432923e-05
orientation_1,-10,0,-4,600.0,4.329373332985619e-05,8.468640019621344e-05
orientation_1,-10,0,-4,620.0,4.3697077601103615e-05,8.740759549099253e-05
orientation_1,-10,0,-4,640.0,4.405445953212261e-05,9.01188378212192e-05
orientation_1,-10,0,-4,660.0,4.4374064574158445e-05,9.281982487959451e-05
orientation_1,-10,0,-4,680.0,4.465107364193344e-05,9.551025612055242e-05
orientation_1,-10,0,-4,700.0,4.488925627168422e-05,9.818983281149193e-05
orientation_1,-10,0,-4,720.0,4.509017574633311e-05,0.00010085825808367676
orientation_1,-10,0,-4,740.0,4.5255349404578505e-05,0.00010351523698277408
orientation_1,-10,0,-4,760.0,4.538624972862834e-05,0.0001061604765190179
orientation_1,-10,0,-4,780.0,4.548430541162278e-05,0.00010879368571701388
orientation_1,-10,0,-4,800.0,4.5550902404981404e-05,0.00011141457566515019
orientation_1,-10,0,-4,820.0,4.5587384945925805e-05,0.00011402285956461214
orientation_1,-10,0,-4,840.0,4.559505656541951e-05,0.00011661825277797604
orientation_1,-10,0,-4,860.0,4.557518107682874e-05,0.00011920047287751225
orientation_1,-10,0,-4,880.0,4.55289835453879e-05,0.00012176923969276187
orientation_1,-10,0,-4,900.0,4.545765123899266e-05,0.0001243242753580853
orientation_1,-10,0,-4,920.0,4.536233456029973e-05,0.00012686530435947278
orientation_1,-10,0,-4,940.0,4.524414796054079e-05,0.00012939205358101472
orientation_1,-10,0,-4,960.0,4.510417083783458e-05,0.000131904252358582
orientation_1,-10,0,-4,980.0,4.494344840219115e-05,0.00013440163248701846
orientation_1,-10,0,-4,1000.0,4.476299256161558e-05,0.00013688392834186112
orientation_1,-10,0,-4,1020.0,4.4563782739297233e-05,0.00013935087684721623
orientation_1,-10,0,-4,1040.0,4.434676671248534e-05,0.00014180221755843308
orientation_1,-10,0,-4,1060.0,4.4112861417704136e-05,0.0001442376926938174
orientation_1,-10,0,-4,1080.0,4.386295374888765e-05,0.0001466570471965392
orientation_1,-10,0,-4,1100.0,4.359790132241715e-05,0.00014906002874027455
orientation_1,-10,0,-4,1120.0,4.3318533248263255e-05,0.000151446387808283
orientation_1,-10,0,-4,1140.0,4.302565086842177e-05,0.00015381587771579942
orientation_1,-10,0,-4,1160.0,4.2720028486752404e-05,0.00015616825465531532
orientation_1,-10,0,-4,1180.0,4.240241406684184e-05,0.00015850327767860038
orientation_1,-10,0,-4,1200.0,4.207352996114321e-05,0.00016082070885131315
orientation_1,-10,0,-4,1220.0,4.1734073615673863e-05,0.00016312031338521312
orientation_1,-10,0,-4,1240.0,4.138471819836599e-05,0.000165401859530151
orientation_1,-10,0,-4,1260.0,4.102611310985575e-05,0.0001676651180130733
orientation_1,-10,0,-4,1280.0,4.0658884932050824e-05,0.00016990986332612103
orientation_1,-10,0,-4,1300.0,4.028363784698417e-05,0.00017213587293573237
orientation_1,-10,0,-4,1320.0,3.9900954261294625e-05,0.00017434292735306738
orientation_1,-10,0,-4,1340.0,3.9511395485238974e-05,0.00017653081052141403
orientation_1,-10,0,-4,1360.0,3.911550223636522e-05,0.00017869930949373123
orientation_1,-10,0,-4,1380.0,3.871379466197516e-05,0.0001808482118169922
orientation_1,-10,0,-4,1400.0,3.830677776831964e-05,0.000182977329100868
orientation_1,-10,0,-4,1420.0,3.7894926437139155e-05,0.00018508642161985946
orientation_1,-10,0,-4,1440.0,3.747871113978905e-05,0.00018717532105390127
orientation_1,-10,0,-4,1460.0,3.705857621154202e-05,0.0001892438218511074
orientation_1,-10,0,-4,1480.0,3.663495056420472e-05,0.0001912917311587285
orientation_1,-10,0,-4,1500.0,3.620824688089766e-05,0.0001933188628091549
orientation_1,-10,0,-4,1520.0,3.577885936853302e-05,0.0001953250223681273
orientation_1,-10,0,-4,1540.0,3.5347169567828914e-05,0.00019731003642907917
orientation_1,-10,0,-4,1560.0,3.491354309773324e-05,0.00019927373284109326
orientation_1,-10,0,-4,1580.0,3.4478324859214864e-05,0.0002012159088772936
orientation_1,-10,0,-4,1600.0,3.4040736325301634e-05,0.00020313521963774488
orientation_1,-10,0,-4,1620.0,3.3604452125358994e-05,0.0002050350919270659
orientation_1,-10,0,-4,1640.0,3.31664245759724e-05,0.00020691175802129628
orientation_1,-10,0,-4,1660.0,3.272806615544989e-05,0.00020876625813531788
orientation_1,-10,0,-4,1680.0,3.2289658617728527e-05,0.0002105984380823569
orientation_1,-10,0,-4,1700.0,3.1851471949139624e-05,0.00021240815222535765
orientation_1,-10,0,-4,1720.0,3.141375899975865e-05,0.000214195223537569
orientation_1,-10,0,-4,1740.0,3.097676923076792e-05,0.00021595953585037015
orientation_1,-10,0,-4,1760.0,3.0540758935544586e-05,0.00021770111336110316
orientation_1,-10,0,-4,1780.0,3.010595536506549e-05,0.00021941986282610396
orientation_1,-10,0,-4,1800.0,2.967295355523854e-05,0.00022111446355620038
orientation_1,-10,0,-4,1820.0,2.9240543713657025e-05,0.00022278632493302094
orientation_1,-10,0,-4,1840.0,2.881045747851417e-05,0.00022443474806640255
orientation_1,-10,0,-4,1860.0,2.838232696246039e-05,0.00022605951254438348
orientation_1,-10,0,-4,1880.0,2.7956361569852798e-05,0.00022766079913907975
orientation_1,-10,0,-4,1900.0,2.7532689179683293e-05,0.00022923819367724453
orientation_1,-10,0,-4,1920.0,2.711147365300007e-05,0.00023079165318083415
orientation_1,-10,0,-4,1940.0,2.669313766135749e-05,0.00023232356091827875
orientation_1,-10,0,-4,1960.0,2.6276918452369118e-05,0.0002338256434974023
orientation_1,-10,0,-4,1980.0,2.5864036784439794e-05,0.0002353077165481611
orientation_1,-10,0,-4,2000.0,2.545405854833648e-05,0.00023676458209294572
orientation_1,-10,0,-4,2020.0,2.50471949068327e-05,0.00023819702993636613
orientation_1,-10,0,-4,2040.0,2.464391421909616e-05,0.0002396050484885032
orientation_1,-10,0,-4,2060.0,2.4243256680426996e-05,0.00024098848188917673
orientation_1,-10,0,-4,2080.0,2.3846366639806584e-05,0.00024234719094887926
orientation_1,-10,0,-4,2100.0,2.345284359384825e-05,0.00024367959517454047
orientation_1,-10,0,-4,2120.0,2.3063249465267318e-05,0.00024499082732269505
orientation_1,-10,0,-4,2140.0,2.2677136677368282e-05,0.000246275119073194
orientation_1,-10,0,-4,2160.0,2.229478316046457e-05,0.0002475346571572156
orientation_1,-10,0,-4,2180.0,2.1916259518558836e-05,0.00024876945075086695
orientation_1,-10,0,-4,2200.0,2.154157106427796e-05,0.0002499787906023629
orientation_1,-10,0,-4,2220.0,2.1170829115332335e-05,0.00025116328536141234
orientation_1,-10,0,-4,2240.0,2.0803976092282814e-05,0.000252321528185765
orientation_1,-10,0,-4,2260.0,2.044148882319703e-05,0.0002534590078250332
orientation_1,-10,0,-4,2280.0,2.0082475937543176e-05,0.0002545636057876737
orientation_1,-10,0,-4,2300.0,1.9728077231997874e-05,0.00025564969251019653
orientation_1,-10,0,-4,2320.0,1.9377640640725572e-05,0.0002567082376397554
orientation_1,-10,0,-4,2340.0,1.9031367952845033e-05,0.00025774151807650045
orientation_1,-10,0,-4,2360.0,1.868928356672392e-05,0.000258749472731762
orientation_1,-10,0,-4,2380.0,1.8351362466162534e-05,0.00025973139071689154
orientation_1,-10,0,-4,2400.0,1.8017900042063154e-05,0.00026069148167810155
orientation_1,-10,0,-4,2420.0,1.7688282869050653e-05,0.000261620160022765
orientation_1,-10,0,-4,2440.0,1.7363216471955513e-05,0.0002625280730585745
orientation_1,-10,0,-4,2460.0,1.7042330629434276e-05,0.00026340940345673594
orientation_1,-10,0,-4,2480.0,1.672571025096734e-05,0.0002642653887937265
orientation_1,-10,0,-4,2500.0,1.6412261328961097e-05,0.000265093300406676
orientation_1,-7,3,-6,100.0,2.0548511550963184e-05,2.2972844661872766e-05
orientation_1,-7,3,-6,120.0,2.4111975446469054e-05,2.756475672231718e-05
orientation_1,-7,3,-6,140.0,2.7503896957149628e-05,3.215158844236085e-05
orientation_1,-7,3,-6,160.0,3.0729506226380215e-05,3.6732496621452654e-05
orientation_1,-7,3,-6,180.0,3.3793917370460696e-05,4.1306639705374624e-05
orientation_1,-7,3,-6,200.0,3.6702129929393445e-05,4.5873178012760985e-05
orientation_1,-7,3,-6,220.0,3.945903109840766e-05,5.0431273964534705e-05
orientation_1,-7,3,-6,240.0,4.206939647551239e-05,5.498009231397318e-05
orientation_1,-7,3,-6,260.0,4.453789224520609e-05,5.9518800376581765e-05
orientation_1,-7,3,-6,280.0,4.6869076673575056e-05,6.40465682594176e-05
orientation_1,-7,3,-6,300.0,4.906740173663669e-05,6.856256908967133e-05
orientation_1,-7,3,-6,320.0,5.113721474798514e-05,7.306597924238205e-05
orientation_1,-7,3,-6,340.0,5.30827599847721e-05,7.755597856718732e-05
orientation_1,-7,3,-6,360.0,5.490818031110709e-05,8.203175061402652e-05
orientation_1,-7,3,-6,380.0,5.6617518798000874e-05,8.649248285771923e-05
orientation_1,-7,3,-6,400.0,5.821472033901535e-05,9.093736692134635e-05
orientation_1,-7,3,-6,420.0,5.9703633260816846e-05,9.53655987983641e-05
orientation_1,-7,3,-6,440.0,6.108801092786508e-05,9.977637907337795e-05
orientation_1,-7,3,-6,460.0,6.237151334050277e-05,0.0001041689131415136
orientation_1,-7,3,-6,480.0,6.355770872574167e-05,0.00010854241142631139
orientation_1,-7,3,-6,500.0,6.46500751200738e-05,0.00011289608959608169
orientation_1,-7,3,-6,520.0,6.565200194366506e-05,0.0001172291687786514
orientation_1,-7,3,-6,540.0,6.656679156531858e-05,0.00012154087577443984
orientation_1,-7,3,-6,560.0,6.739766085762527e-05,0.00012583044326779346
orientation_1,-7,3,-6,580.0,6.814774274174397e-05,0.00013009711003652042
orientation_1,-7,3,-6,600.0,6.882008772128374e-05,0.00013434012115955487
orientation_1,-7,3,-6,620.0,6.941766540478908e-05,0.0001385587282226984
orientation_1,-7,3,-6,640.0,6.994336601634591e-05,0.00014275218952235607
orientation_1,-7,3,-6,660.0,7.040000189386346e-05,0.00014691977026723256
orientation_1,-7,3,-6,680.0,7.079030897460949e-05,0.00015106074277789576
orientation_1,-7,3,-6,700.0,7.111694826758333e-05,0.00015517438668417993
orientation_1,-7,3,-6,720.0,7.138250731236481e-05,0.00015925998912033084
orientation_1,-7,3,-6,740.0,7.158950162407417e-05,0.00016331684491788993
orientation_1,-7,3,-6,760.0,7.174037612410402e-05,0.00016734425679616716
orientation_1,-7,3,-6,780.0,7.183750655632871e-05,0.000171341535550356
orientation_1,-7,3,-6,800.0,7.188320088848409e-05,0.0001753080002371518
orientation_1,-7,3,-6,820.0,7.187970069844849e-05,0.00017924297835784418
orientation_1,-7,3,-6,840.0,7.18291825451682e-05,0.0001831458060387998
orientation_1,-7,3,-6,860.0,7.1733759324076e-05,0.00018701582820950264
orientation_1,-7,3,-6,880.0,7.159548160653014e-05,0.00019085239877741865
orientation_1,-7,3,-6,900.0,7.141633896351089e-05,0.00019465488080076148
orientation_1,-7,3,-6,920.0,7.119826127296623e-05,0.00019842264665798618
orientation_1,-7,3,-6,940.0,7.09431200108944e-05,0.0002021550782146114
orientation_1,-7,3,-6,960.0,7.065272953010165e-05,0.00020585156699948762
orientation_1,-7,3,-6,980.0,7.032884829743561e-05,0.0002095115143040357
orientation_1,-7,3,-6,1000.0,6.99731801765698e-05,0.00021313433146362125
orientation_1,-7,3,-6,1020.0,6.958737561096366e-05,0.000216719439889115
orientation_1,-7,3,-6,1040.0,6.917303285213424e-05,0.00022026627128032863
orientation_1,-7,3,-6,1060.0,6.873169914436472e-05,0.0002237742677566563
orientation_1,-7,3,-6,1080.0,6.826487190703278e-05,0.00022724288203187815
orientation_1,-7,3,-6,1100.0,6.77739998733825e-05,0.00023067157749755065
orientation_1,-7,3,-6,1120.0,6.72604842477395e-05,0.0002340598284215896
orientation_1,-7,3,-6,1140.0,6.672567981850021e-05,0.00023740712005323818
orientation_1,-7,3,-6,1160.0,6.617089606527898e-05,0.0002407129487624233
orientation_1,-7,3,-6,1180.0,6.559739822225083e-05,0.00024397682207499244
orientation_1,-7,3,-6,1200.0,6.500640839898364e-05,0.00024719825898292296
orientation_1,-7,3,-6,1220.0,6.439910666863766e-05,0.00025037679021525533
orientation_1,-7,3,-6,1240.0,6.377663203938128e-05,0.00025351195811796137
orientation_1,-7,3,-6,1260.0,6.314008324633464e-05,0.0002566033158166585
orientation_1,-7,3,-6,1280.0,6.249052024704963e-05,0.0002596504293248551
orientation_1,-7,3,-6,1300.0,6.182896487635021e-05,0.0002626528763290467
orientation_1,-7,3,-6,1320.0,6.115640183420932e-05,0.0002656102463447267
orientation_1,-7,3,-6,1340.0,6.047377976761073e-05,0.00026852214138513183
orientation_1,-7,3,-6,1360.0,5.978201207385752e-05,0.0002713881754804861
orientation_1,-7,3,-6,1380.0,5.908197693581622e-05,0.0002742079705126513
orientation_1,-7,3,-6,1400.0,5.8374526047874905e-05,0.00027698119411622606
orientation_1,-7,3,-6,1420.0,5.766046055732665e-05,0.00027970743860948296
orientation_1,-7,3,-6,1440.0,5.694057236907605e-05,0.0002823864181278178
orientation_1,-7,3,-6,1460.0,5.6215609276066214e-05,0.0002850177942165048
orientation_1,-7,3,-6,1480.0,5.5486292177044986e-05,0.00028760125602228834
orientation_1,-7,3,-6,1500.0,5.475331380960132e-05,0.0002901365106861804
orientation_1,-7,3,-6,1520.0,5.401733513742618e-05,0.0002926232592054661
orientation_1,-7,3,-6,1540.0,5.327899476093899e-05,0.0002950612437882451
orientation_1,-7,3,-6,1560.0,5.253890366751539e-05,0.00029745021584678407
orientation_1,-7,3,-6,1580.0,5.1797637563797965e-05,0.0002997898848992937
orientation_1,-7,3,-6,1600.0,5.1053970958427986e-05,0.00030207813741297044
orientation_1,-7,3,-6,1620.0,5.031380832851885e-05,0.0003043205150954509
orientation_1,-7,3,-6,1640.0,4.957228600884965e-05,0.0003065110355349945
orientation_1,-7,3,-6,1660.0,4.883168164501331e-05,0.00030865142984480315
orientation_1,-7,3,-6,1680.0,4.809246008823963e-05,0.00031074152209731776
orientation_1,-7,3,-6,1700.0,4.735506553187723e-05,0.00031278115747236185
orientation_1,-7,3,-6,1720.0,4.661991282376231e-05,0.00031477013742006043
orientation_1,-7,3,-6,1740.0,4.58874098096804e-05,0.00031670836934917767
orientation_1,-7,3,-6,1760.0,4.515797356891694e-05,0.0003185959926498921
orientation_1,-7,3,-6,1780.0,4.443197260582112e-05,0.0003204329629861025
orientation_1,-7,3,-6,1800.0,4.3710358188618875e-05,0.00032221728238187626
orientation_1,-7,3,-6,1820.0,4.2991210339724176e-05,0.00032395132873120594
orientation_1,-7,3,-6,1840.0,4.227728654802287e-05,0.00032563411174859144
orientation_1,-7,3,-6,1860.0,4.156800122734761e-05,0.0003272654108495772
orientation_1,-7,3,-6,1880.0,4.0863688389003866e-05,0.00032884566987737907
orientation_1,-7,3,-6,1900.0,4.0164547389501386e-05,0.00033037436465190495
orientation_1,-7,3,-6,1920.0,3.94708357196879e-05,0.0003318515872352971
orientation_1,-7,3,-6,1940.0,3.878322396756787e-05,0.00033328132245366966
orientation_1,-7,3,-6,1960.0,3.8100481856268154e-05,0.0003346504848206911
orientation_1,-7,3,-6,1980.0,3.742455541250511e-05,0.0003359749721964471
orientation_1,-7,3,-6,2000.0,3.6754739806806196e-05,0.00033724665167150254
orientation_1,-7,3,-6,2020.0,3.609136084128614e-05,0.00033846696935767756
orientation_1,-7,3,-6,2040.0,3.543517525092488e-05,0.0003396361275197691
orientation_1,-7,3,-6,2060.0,3.4784579449832454e-05,0.0003407540593317555
orientation_1,-7,3,-6,2080.0,3.414144341323793e-05,0.000341820760759744
orientation_1,-7,3,-6,2100.0,3.35050930381899e-05,0.0003428339161829064
orientation_1,-7,3,-6,2120.0,3.287641317266287e-05,0.0003438019817905788
orientation_1,-7,3,-6,2140.0,3.22546692758774e-05,0.0003447159406841814
orientation_1,-7,3,-6,2160.0,3.1640288693425335e-05,0.0003455795346714519
orientation_1,-7,3,-6,2180.0,3.103336573166048e-05,0.0003463930199994416
orientation_1,-7,3,-6,2200.0,3.043389101112434e-05,0.000347155520254533
orientation_1,-7,3,-6,2220.0,2.9842021380544684e-05,0.0003478682575250482
orientation_1,-7,3,-6,2240.0,2.9257643458642937e-05,0.0003485292387730319
orientation_1,-7,3,-6,2260.0,2.8681503463525117e-05,0.0003491475429619105
orientation_1,-7,3,-6,2280.0,2.8112151207663376e-05,0.0003497040228894556
orientation_1,-7,3,-6,2300.0,2.7551384200714582e-05,0.0003502219463823875
orientation_1,-7,3,-6,2320.0,2.6998140920983258e-05,0.0003506871767011552
orientation_1,-7,3,-6,2340.0,2.645272443763701e-05,0.00035110364512232775
orientation_1,-7,3,-6,2360.0,2.5915144947678102e-05,0.0003514715325186661
orientation_1,-7,3,-6,2380.0,2.5385336741118586e-05,0.0003517900002243515
orientation_1,-7,3,-6,2400.0,2.486375894193259e-05,0.0003520661580678642
orientation_1,-7,3,-6,2420.0,2.434939414892689e-05,0.000352284871959758
orientation_1,-7,3,-6,2440.0,2.3843350808650526e-05,0.00035246358195562406
orientation_1,-7,3,-6,2460.0,2.3345015515424975e-05,0.00035259326600172147
orientation_1,-7,3,-6,2480.0,2.285449569251227e-05,0.00035267624328899345
orientation_1,-7,3,-6,2500.0,2.2369995210608902e-05,0.0003527228831610869
orientation_1,-7,7,-10,100.0,4.591976559148944e-06,5.137627523421003e-06
orientation_1,-7,7,-10,120.0,5.388901493758487e-06,6.166176712189582e-06
orientation_1,-7,7,-10,140.0,6.1479513972464e-06,7.1944717892445566e-06
orientation_1,-7,7,-10,160.0,6.87038497004782e-06,8.222470436384726e-06
orientation_1,-7,7,-10,180.0,7.557425199815844e-06,9.250130355991095e-06
orientation_1,-7,7,-10,200.0,8.210260274502073e-06,1.0277409272346421e-05
orientation_1,-7,7,-10,220.0,8.830044474660276e-06,1.1304264933733665e-05
orientation_1,-7,7,-10,240.0,9.417899044957542e-06,1.2330655114817441e-05
orientation_1,-7,7,-10,260.0,9.9749130451887e-06,1.3356537619140625e-05
orientation_1,-7,7,-10,280.0,1.0502144181181882e-05,1.4381870281671857e-05
orientation_1,-7,7,-10,300.0,1.1000619616010331e-05,1.540661097137648e-05
orientation_1,-7,7,-10,320.0,1.1471336761930456e-05,1.6430717593798416e-05
orientation_1,-7,7,-10,340.0,1.1915264053464322e-05,1.7454148093646893e-05
orientation_1,-7,7,-10,360.0,1.2333341702038345e-05,1.8476860457384273e-05
orientation_1,-7,7,-10,380.0,1.2726482432583633e-05,1.949881271581386e-05
orientation_1,-7,7,-10,400.0,1.3095572202495063e-05,2.0519962946665726e-05
orientation_1,-7,7,-10,420.0,1.344147090333951e-05,2.1540269277180713e-05
orientation_1,-7,7,-10,440.0,1.3765013045694902e-05,2.2559689886691104e-05
orientation_1,-7,7,-10,460.0,1.4067008427494704e-05,2.357818300919864e-05
orientation_1,-7,7,-10,480.0,1.4348242786244829e-05,2.4595706935948617e-05
orientation_1,-7,7,-10,500.0,1.4609478435472158e-05,2.5612220018000636e-05
orientation_1,-7,7,-10,520.0,1.4851454885756952e-05,2.6627680668794987e-05
orientation_1,-7,7,-10,540.0,1.5074889450693751e-05,2.7642047366715104e-05
orientation_1,-7,7,-10,560.0,1.5280477838118824e-05,2.865527865764574e-05
orientation_1,-7,7,-10,580.0,1.5468894726934802e-05,2.9667333157526332e-05
orientation_1,-7,7,-10,600.0,1.5640794329856e-05,3.06781695548984e-05
orientation_1,-7,7,-10,620.0,1.5796810685385947e-05,3.1687746613452496e-05
orientation_1,-7,7,-10,640.0,1.593755921063701e-05,3.2696023174563085e-05
orientation_1,-7,7,-10,660.0,1.606363571399378e-05,3.370295815982321e-05
orientation_1,-7,7,-10,680.0,1.617561790028053e-05,3.47085105735789e-05
orientation_1,-7,7,-10,700.0,1.6274065621544562e-05,3.5712639505422514e-05
orientation_1,-7,7,-10,720.0,1.6359521361790278e-05,3.671530413276364e-05
orientation_1,-7,7,-10,740.0,1.6432510709671874e-05,3.7716463723286695e-05
orientation_1,-7,7,-10,760.0,1.649354281950283e-05,3.871607763747827e-05
orientation_1,-7,7,-10,780.0,1.654311086080326e-05,3.971410533112299e-05
orientation_1,-7,7,-10,800.0,1.6581692456659777e-05,4.07105063577938e-05
orientation_1,-7,7,-10,820.0,1.660975011115422e-05,4.170524037133581e-05
orientation_1,-7,7,-10,840.0,1.6627731626109792e-05,4.269826712833679e-05
orientation_1,-7,7,-10,860.0,1.6633261897541575e-05,4.36895464906341e-05
orientation_1,-7,7,-10,880.0,1.6635186361143584e-05,4.467903842770617e-05
orientation_1,-7,7,-10,900.0,1.6625485279694332e-05,4.5666703019199414e-05
orientation_1,-7,7,-10,920.0,1.660736021826681e-05,4.665250045734264e-05
orientation_1,-7,7,-10,940.0,1.658119136177374e-05,4.763639104939265e-05
orientation_1,-7,7,-10,960.0,1.654734648342112e-05,4.8618335222800854e-05
orientation_1,-7,7,-10,980.0,1.6506181288703444e-05,4.959829351397294e-05
orientation_1,-7,7,-10,1000.0,1.6458039764335102e-05,5.0576226598016824e-05
orientation_1,-7,7,-10,1020.0,1.6403254500144292e-05,5.155209526380063e-05
orientation_1,-7,7,-10,1040.0,1.6342147016349067e-05,5.2525860430114374e-05
orientation_1,-7,7,-10,1060.0,1.6275028076992902e-05,5.349748314517393e-05
orientation_1,-7,7,-10,1080.0,1.6202197996295203e-05,5.446692458898646e-05
orientation_1,-7,7,-10,1100.0,1.612394693724499e-05,5.5434146076073165e-05
orientation_1,-7,7,-10,1120.0,1.604055520226552e-05,5.639910905733029e-05
orientation_1,-7,7,-10,1140.0,1.5952293516654723e-05,5.736177512279709e-05
orientation_1,-7,7,-10,1160.0,1.5859423304500503e-05,5.832210600369961e-05
orientation_1,-7,7,-10,1180.0,1.5762196952135962e-05,5.928006355415324e-05
orientation_1,-7,7,-10,1200.0,1.5660858081110438e-05,6.023560979439209e-05
orientation_1,-7,7,-10,1220.0,1.5555641811002882e-05,6.118870694640522e-05
orientation_1,-7,7,-10,1240.0,1.5446774993687647e-05,6.213931738452027e-05
orientation_1,-7,7,-10,1260.0,1.533447640347768e-05,6.308740342114251e-05
orientation_1,-7,7,-10,1280.0,1.5218957083808643e-05,6.403292775893595e-05
orientation_1,-7,7,-10,1300.0,1.5100420502252245e-05,6.497585319549163e-05
orientation_1,-7,7,-10,1320.0,1.4979062778496728e-05,6.59161426384999e-05
orientation_1,-7,7,-10,1340.0,1.4855072930416803e-05,6.685375923292015e-05
orientation_1,-7,7,-10,1360.0,1.472863305681785e-05,6.778866623617614e-05
orientation_1,-7,7,-10,1380.0,1.4599918347130792e-05,6.872082607341514e-05
orientation_1,-7,7,-10,1400.0,1.446909902248192e-05,6.965020875078929e-05
orientation_1,-7,7,-10,1420.0,1.4336334979040715e-05,7.057676489116338e-05
orientation_1,-7,7,-10,1440.0,1.4201784981602034e-05,7.150046961311943e-05
orientation_1,-7,7,-10,1460.0,1.4065598892431737e-05,7.242128367101702e-05
orientation_1,-7,7,-10,1480.0,1.3927921500223176e-05,7.333917130308296e-05
orientation_1,-7,7,-10,1500.0,1.3788892404448155e-05,7.425409903568651e-05
orientation_1,-7,7,-10,1520.0,1.3648644330650221e-05,7.516602551166528e-05
orientation_1,-7,7,-10,1540.0,1.350730695901985e-05,7.607492158894061e-05
orientation_1,-7,7,-10,1560.0,1.3365003999252577e-05,7.698075362339601e-05
orientation_1,-7,7,-10,1580.0,1.3221852353635647e-05,7.788347692890755e-05
orientation_1,-7,7,-10,1600.0,1.3077566487003638e-05,7.878060153988081e-05
orientation_1,-7,7,-10,1620.0,1.2933458160987212e-05,7.967948552582844e-05
orientation_1,-7,7,-10,1640.0,1.2788428989847718e-05,8.057269892365131e-05
orientation_1,-7,7,-10,1660.0,1.2642980373113317e-05,8.146267272423267e-05
orientation_1,-7,7,-10,1680.0,1.2497208642150709e-05,8.234937396285104e-05
orientation_1,-7,7,-10,1700.0,1.2351205589542987e-05,8.323276668306006e-05
orientation_1,-7,7,-10,1720.0,1.2205060117904982e-05,8.411282224633672e-05
orientation_1,-7,7,-10,1740.0,1.2058855991823869e-05,8.498950306929672e-05
orientation_1,-7,7,-10,1760.0,1.191268263747801e-05,8.586284031273567e-05
orientation_1,-7,7,-10,1780.0,1.176661881419594e-05,8.673281764275344e-05
orientation_1,-7,7,-10,1800.0,1.162087663637529e-05,8.760047552729033e-05
orientation_1,-7,7,-10,1820.0,1.1475016392734839e-05,8.846183591919873e-05
orientation_1,-7,7,-10,1840.0,1.1329661073536833e-05,8.932115909380206e-05
orientation_1,-7,7,-10,1860.0,1.1184676149601844e-05,9.01768793977814e-05
orientation_1,-7,7,-10,1880.0,1.1040135267519842e-05,9.102906966282638e-05
orientation_1,-7,7,-10,1900.0,1.0896083790191679e-05,9.187759342559915e-05
orientation_1,-7,7,-10,1920.0,1.0752579866573977e-05,9.272244268257334e-05
orientation_1,-7,7,-10,1940.0,1.0609774729741654e-05,9.356447818071964e-05
orientation_1,-7,7,-10,1960.0,1.0467395089709014e-05,9.440074054937797e-05
orientation_1,-7,7,-10,1980.0,1.0325879100235939e-05,9.523475433038103e-05
orientation_1,-7,7,-10,2000.0,1.0185071451550775e-05,9.606465733694897e-05
orientation_1,-7,7,-10,2020.0,1.0045048977221431e-05,9.689073741960417e-05
orientation_1,-7,7,-10,2040.0,9.905976198501215e-06,9.771422180790399e-05
orientation_1,-7,7,-10,2060.0,9.767522946365073e-06,9.853135272456319e-05
orientation_1,-7,7,-10,2080.0,9.63008881917389e-06,9.934578414388609e-05
orientation_1,-7,7,-10,2100.0,9.493536102025007e-06,0.0001001557114095911
orientation_1,-7,7,-10,2120.0,9.35806794349824e-06,0.00010096296881068421
orientation_1,-7,7,-10,2140.0,9.22352650507716e-06,0.00010176548496168763
orientation_1,-7,7,-10,2160.0,9.09001370778615e-06,0.00010256403726058583
orientation_1,-7,7,-10,2180.0,8.957557402635452e-06,0.00010335862169820207
orientation_1,-7,7,-10,2200.0,8.826162207391189e-06,0.00010414897342394912
orientation_1,-7,7,-10,2220.0,8.695871271000165e-06,0.00010493530259537382
orientation_1,-7,7,-10,2240.0,8.566666693553946e-06,0.00010571709357842756
orientation_1,-7,7,-10,2260.0,8.438722488162766e-06,0.00010649629735033894
orientation_1,-7,7,-10,2280.0,8.31172255728015e-06,0.00010726855799152828
orientation_1,-7,7,-10,2300.0,8.186080253684495e-06,0.00010803902253697275
orientation_1,-7,7,-10,2320.0,8.06156460834004e-06,0.00010880442043248591
orientation_1,-7,7,-10,2340.0,7.938251471057325e-06,0.00010956556011642084
orientation_1,-7,7,-10,2360.0,7.816153260068464e-06,0.00011032240007248353
orientation_1,-7,7,-10,2380.0,7.695265255830377e-06,0.00011107466822756654
orientation_1,-7,7,-10,2400.0,7.5756980092611005e-06,0.00011182383813429758
orientation_1,-7,7,-10,2420.0,7.4572364364768465e-06,0.00011256647266545649
orientation_1,-7,7,-10,2440.0,7.3360041434413466e-06,0.00011330635089269408
orientation_1,-7,7,-10,2460.0,7.224270472751548e-06,0.00011404136731639543
orientation_1,-7,7,-10,2480.0,7.1096725303168115e-06,0.00011477193835259406
orientation_1,-7,7,-10,2500.0,6.996477153470936e-06,0.00011550024514134193
orientation_1,-7,-1,-2,100.0,7.396558135744557e-05,8.265628924093082e-05
orientation_1,-7,-1,-2,120.0,8.672380382943482e-05,9.909068030388755e-05
orientation_1,-7,-1,-2,140.0,9.882959989231643e-05,0.00011545932782103695
orientation_1,-7,-1,-2,160.0,0.00011029778731623393,0.00013175144018140225
orientation_1,-7,-1,-2,180.0,0.00012114329255319119,0.00014795630196827689
orientation_1,-7,-1,-2,200.0,0.00013138112951411094,0.00016406328457661896
orientation_1,-7,-1,-2,220.0,0.00014102637900504131,0.000180061856747038
orientation_1,-7,-1,-2,240.0,0.00015009416882029463,0.0001959415949967394
orientation_1,-7,-1,-2,260.0,0.00015859965449426411,0.0002116921939331995
orientation_1,-7,-1,-2,280.0,0.00016655800071409244,0.00022730347643816368
orientation_1,-7,-1,-2,300.0,0.00017398436339481293,0.00024276540371029646
orientation_1,-7,-1,-2,320.0,0.00018089387241771061,0.00025806808515522485
orientation_1,-7,-1,-2,340.0,0.0001873016150316898,0.00027320178811199015
orientation_1,-7,-1,-2,360.0,0.0001932226199164667,0.00028815694740516514
orientation_1,-7,-1,-2,380.0,0.00019867184190546045,0.0003029241747121108
orientation_1,-7,-1,-2,400.0,0.00020366414736532838,0.0003174942677350871
orientation_1,-7,-1,-2,420.0,0.000208214300228225,0.00033185821916815306
orientation_1,-7,-1,-2,440.0,0.00021233694867201023,0.00034600722544903017
orientation_1,-7,-1,-2,460.0,0.0002160466124428442,0.0003599326952863769
orientation_1,-7,-1,-2,480.0,0.00021935767081383863,0.0003736262579531494
orientation_1,-7,-1,-2,500.0,0.0002222843511727214,0.0003870797713370328
orientation_1,-7,-1,-2,520.0,0.00022484071823078693,0.0004002853297391712
orientation_1,-7,-1,-2,540.0,0.00022704066384477526,0.0004132352714127548
orientation_1,-7,-1,-2,560.0,0.0002288978974427152,0.00042592218583328465
orientation_1,-7,-1,-2,580.0,0.00023042593704420466,0.0004383389206926889
orientation_1,-7,-1,-2,600.0,0.00023163810086508809,0.00045047858860974377
orientation_1,-7,-1,-2,620.0,0.0002325474994960032,0.00046233457354960783
orientation_1,-7,-1,-2,640.0,0.00023316702864379342,0.0004739005369455936
orientation_1,-7,-1,-2,660.0,0.00023350936242442314,0.0004851704235166866
orientation_1,-7,-1,-2,680.0,0.00023358694719559245,0.0004961384667746009
orientation_1,-7,-1,-2,700.0,0.0002334119959169459,0.0005067991942145943
orientation_1,-7,-1,-2,720.0,0.0002329964830254304,0.0005171474321845872
orientation_1,-7,-1,-2,740.0,0.00023235213981313886,0.0005271783104275196
orientation_1,-7,-1,-2,760.0,0.00023149045029455584,0.0005368872662922232
orientation_1,-7,-1,-2,780.0,0.00023042264755019476,0.0005462700486085407
orientation_1,-7,-1,-2,800.0,0.00022915971053313032,0.0005553227212227223
orientation_1,-7,-1,-2,820.0,0.0002277123613249386,0.0005640416661895818
orientation_1,-7,-1,-2,840.0,0.00022609106282734775,0.0005724235866181583
orientation_1,-7,-1,-2,860.0,0.0002243060168761493,0.0005804655091689777
orientation_1,-7,-1,-2,880.0,0.00022236716276254444,0.0005881647861980319
orientation_1,-7,-1,-2,900.0,0.0002202841761496552,0.0005955190975497792
orientation_1,-7,-1,-2,920.0,0.00021806646836862892,0.0006025264519933732
orientation_1,-7,-1,-2,940.0,0.00021572318608140695,0.0006091851883036288
orientation_1,-7,-1,-2,960.0,0.00021326321129585174,0.0006154939759850278
orientation_1,-7,-1,-2,980.0,0.00021069516171941824,0.0006214518156386562
orientation_1,-7,-1,-2,1000.0,0.0002080273914375231,0.0006270580389721599
orientation_1,-7,-1,-2,1020.0,0.00020526799190290787,0.0006323123084534143
orientation_1,-7,-1,-2,1040.0,0.00020242479322208826,0.0006372146166080941
orientation_1,-7,-1,-2,1060.0,0.00019950536571925468,0.0006417652849421364
orientation_1,-7,-1,-2,1080.0,0.00019651702180947553,0.0006459649626417882
orientation_1,-7,-1,-2,1100.0,0.0001934668180308133,0.0006498146245966917
orientation_1,-7,-1,-2,1120.0,0.00019036155745039975,0.0006533155695083599
orientation_1,-7,-1,-2,1140.0,0.00018720779220572422,0.0006564694173356142
orientation_1,-7,-1,-2,1160.0,0.00018401182629930327,0.0006592781065152836
orientation_1,-7,-1,-2,1180.0,0.00018077971850643192,0.0006617438904944646
orientation_1,-7,-1,-2,1200.0,0.00017751728574854747,0.0006638693349464648
orientation_1,-7,-1,-2,1220.0,0.00017423010658630756,0.0006656573155690366
orientation_1,-7,-1,-2,1240.0,0.00017092352450138123,0.0006671110077174899
orientation_1,-7,-1,-2,1260.0,0.0001676026508219619,0.0006682338893285589
orientation_1,-7,-1,-2,1280.0,0.00016427237029266993,0.0006690297325750369
orientation_1,-7,-1,-2,1300.0,0.000160937343813416,0.0006695025991282903
orientation_1,-7,-1,-2,1320.0,0.00015760201294684817,0.0006696568354048198
orientation_1,-7,-1,-2,1340.0,0.0001542706039021765,0.0006694970659042505
orientation_1,-7,-1,-2,1360.0,0.00015094713212178169,0.0006690281884590062
orientation_1,-7,-1,-2,1380.0,0.00014763540297225628,0.0006682553502756691
orientation_1,-7,-1,-2,1400.0,0.00014433904508566548,0.0006671840258786545
orientation_1,-7,-1,-2,1420.0,0.0001410614236772524,0.0006658198417874449
orientation_1,-7,-1,-2,1440.0,0.00013780579280293863,0.0006641687397280168
orientation_1,-7,-1,-2,1460.0,0.00013457516974198138,0.0006622368821214392
orientation_1,-7,-1,-2,1480.0,0.00013137239945047952,0.0006600306620859278
orientation_1,-7,-1,-2,1500.0,0.00012820014976569542,0.0006575566943500423
orientation_1,-7,-1,-2,1520.0,0.00012506090977074428,0.0006548218236568272
orientation_1,-7,-1,-2,1540.0,0.00012195700693061964,0.0006518330811485638
orientation_1,-7,-1,-2,1560.0,0.00011889060832497996,0.0006485977626663422
orientation_1,-7,-1,-2,1580.0,0.0001158636866450208,0.0006451231379248938
orientation_1,-7,-1,-2,1600.0,0.00011287698674874235,0.0006414138408468189
orientation_1,-7,-1,-2,1620.0,0.00010993558097329706,0.0006374870293662152
orientation_1,-7,-1,-2,1640.0,0.00010703763469682014,0.0006333412262792107
orientation_1,-7,-1,-2,1660.0,0.00010418568773704863,0.0006289876796070856
orientation_1,-7,-1,-2,1680.0,0.00010138101543676394,0.0006244346362907794
orientation_1,-7,-1,-2,1700.0,9.862477222260712e-05,0.0006196905450546538
orientation_1,-7,-1,-2,1720.0,9.591795082313709e-05,0.0006147637339141897
orientation_1,-7,-1,-2,1740.0,9.326147621396709e-05,0.0006096630152166424
orientation_1,-7,-1,-2,1760.0,9.06562604503171e-05,0.0006043980889448297
orientation_1,-7,-1,-2,1780.0,8.810298867299965e-05,0.0005989779735830652
orientation_1,-7,-1,-2,1800.0,8.560133889259439e-05,0.0005934048485035934
orientation_1,-7,-1,-2,1820.0,8.315293458513281e-05,0.0005876965110497002
orientation_1,-7,-1,-2,1840.0,8.075770059667353e-05,0.0005818587357799853
orientation_1,-7,-1,-2,1860.0,7.841582224307227e-05,0.000575899970503533
orientation_1,-7,-1,-2,1880.0,7.612772192764463e-05,0.0005698314108438998
orientation_1,-7,-1,-2,1900.0,7.389324421372786e-05,0.0005636602260875532
orientation_1,-7,-1,-2,1920.0,7.171245507299018e-05,0.0005573960991478422
orientation_1,-7,-1,-2,1940.0,6.95868820987475e-05,0.0005510396506318744
orientation_1,-7,-1,-2,1960.0,6.75111853612546e-05,0.0005446221565218983
orientation_1,-7,-1,-2,1980.0,6.549140622658784e-05,0.0005381406204671309
orientation_1,-7,-1,-2,2000.0,6.352408630595203e-05,0.0005315982137141943
orientation_1,-7,-1,-2,2020.0,6.160939984525714e-05,0.0005250088829869048
orientation_1,-7,-1,-2,2040.0,5.9749556195352985e-05,0.0005183828587667062
orientation_1,-7,-1,-2,2060.0,5.7936490117391187e-05,0.0005117282044687031
orientation_1,-7,-1,-2,2080.0,5.617719116541027e-05,0.0005050538859847654
orientation_1,-7,-1,-2,2100.0,5.4467786112789405e-05,0.0004983600135587767
orientation_1,-7,-1,-2,2120.0,5.281046968430839e-05,0.0004916858695514346
orientation_1,-7,-1,-2,2140.0,5.1201553590152255e-05,0.00048500720199725706
orientation_1,-7,-1,-2,2160.0,4.964154880180696e-05,0.0004783457427237928
orientation_1,-7,-1,-2,2180.0,4.8129761384511604e-05,0.0004717104705722503
orientation_1,-7,-1,-2,2200.0,4.6665141958938956e-05,0.00046510637792871205
orientation_1,-7,-1,-2,2220.0,4.524721196946533e-05,0.0004585454561244309
orientation_1,-7,-1,-2,2240.0,4.3874535776309434e-05,0.0004520353435261567
orientation_1,-7,-1,-2,2260.0,4.254880228480915e-05,0.00044559477864524415
orientation_1,-7,-1,-2,2280.0,4.126378481959483e-05,0.0004391838032375817
orientation_1,-7,-1,-2,2300.0,4.002484829299257e-05,0.0004328848773247511
orientation_1,-7,-1,-2,2320.0,3.88272862349966e-05,0.0004266552523375466
orientation_1,-7,-1,-2,2340.0,3.7671166384220304e-05,0.00042051537255203923
orientation_1,-7,-1,-2,2360.0,3.655551444312039e-05,0.000414471875658646
orientation_1,-7,-1,-2,2380.0,3.5479146863980575e-05,0.00040853263803473423
orientation_1,-7,-1,-2,2400.0,3.444282431277879e-05,0.0004027044445282061
orientation_1,-7,-1,-2,2420.0,3.344181702402763e-05,0.00039698664042606726
orientation_1,-7,-1,-2,2440.0,3.2479281045400845e-05,0.0003914078614084423
orientation_1,-7,-1,-2,2460.0,3.155206891867396e-05,0.0003859526615063949
orientation_1,-7,-1,-2,2480.0,3.065967833086004e-05,0.00038063430174772254
orientation_1,-7,-1,-2,2500.0,2.98001695604899e-05,0.00037545651286251643
orientation_1,-4,2,-4,100.0,9.915238060684635e-05,0.00011081348649123571
orientation_1,-4,2,-4,120.0,0.00011620440043449843,0.00013279095056622988
orientation_1,-4,2,-4,140.0,0.00013235774725000893,0.00015465027160074
orientation_1,-4,2,-4,160.0,0.0001476299597556135,0.0001763721588169467
orientation_1,-4,2,-4,180.0,0.00016203907243650138,0.00019793750493854944
orientation_1,-4,2,-4,200.0,0.00017560357153168968,0.00021932741158922148
orientation_1,-4,2,-4,220.0,0.00018834235108295232,0.00024052321439803145
orientation_1,-4,2,-4,240.0,0.00020027467062455132,0.00026150650776390183
orientation_1,-4,2,-4,260.0,0.0002114201134517987,0.00028225916923882915
orientation_1,-4,2,-4,280.0,0.00022179854593407317,0.0003027633834924198
orientation_1,-4,2,-4,300.0,0.0002314300778409042,0.00032300166582175516
orientation_1,-4,2,-4,320.0,0.00024033502371504533,0.000342956885171627
orientation_1,-4,2,-4,340.0,0.00024853386532319136,0.00036261228663108123
orientation_1,-4,2,-4,360.0,0.0002560472152117368,0.0003819515133730995
orientation_1,-4,2,-4,380.0,0.0002628957813917611,0.000400958628005123
orientation_1,-4,2,-4,400.0,0.0002691003331742882,0.0004196181332990817
orientation_1,-4,2,-4,420.0,0.00027468166817381877,0.0004379149922705485
orientation_1,-4,2,-4,440.0,0.0002796605804951547,0.0004558346475776577
orientation_1,-4,2,-4,460.0,0.0002840578301156653,0.00047336304021149795
orientation_1,-4,2,-4,480.0,0.00028789411347235995,0.000490486627450776
orientation_1,-4,2,-4,500.0,0.00029119003526043903,0.0005071924000547075
orientation_1,-4,2,-4,520.0,0.0002939660814474079,0.0005234678986692649
orientation_1,-4,2,-4,540.0,0.0002962425935043589,0.0005393012294231369
orientation_1,-4,2,-4,560.0,0.0002980397438536064,0.0005546810786910158
orientation_1,-4,2,-4,580.0,0.0002993775125296007,0.0005695967270031107
orientation_1,-4,2,-4,600.0,0.000300275665047831,0.0005840380620811293
orientation_1,-4,2,-4,620.0,0.00030075373147436416,0.000597995590982293
orientation_1,-4,2,-4,640.0,0.00030083098668663336,0.0006114604513343507
orientation_1,-4,2,-4,660.0,0.00030052643181427294,0.0006244244216459969
orientation_1,-4,2,-4,680.0,0.00029985877684692106,0.0006368799306784481
orientation_1,-4,2,-4,700.0,0.0002988464243943105,0.0006488200658654598
orientation_1,-4,2,-4,720.0,0.0002975074545822937,0.0006602385807705021
orientation_1,-4,2,-4,740.0,0.0002958596110670911,0.0006711299015713288
orientation_1,-4,2,-4,760.0,0.00029392028814836626,0.000681489132563603
orientation_1,-4,2,-4,780.0,0.0002917065189609372,0.0006913120606768593
orientation_1,-4,2,-4,800.0,0.0002892349647231232,0.000700595158997521
orientation_1,-4,2,-4,820.0,0.00028652190501909637,0.0007093355892952556
orientation_1,-4,2,-4,840.0,0.00028358322909127054,0.0007175312035503132
orientation_1,-4,2,-4,860.0,0.0002804344281184212,0.0007251805444823702
orientation_1,-4,2,-4,880.0,0.0002770905884525787,0.0007322828450782695
orientation_1,-4,2,-4,900.0,0.0002735663857905383,0.0007388380271268465
orientation_1,-4,2,-4,920.0,0.00026987608025070707,0.0007448466987589954
orientation_1,-4,2,-4,940.0,0.00026603351232900495,0.0007503101510019985
orientation_1,-4,2,-4,960.0,0.00026205209970514294,0.0007552303533537764
orientation_1,-4,2,-4,980.0,0.0002579448348707646,0.0007596099483857639
orientation_1,-4,2,-4,1000.0,0.00025372428355046787,0.0007634522453843634
orientation_1,-4,2,-4,1020.0,0.00024940258388649945,0.0007667612130426167
orientation_1,-4,2,-4,1040.0,0.00024499144635731093,0.0007695414712139767
orientation_1,-4,2,-4,1060.0,0.00024050215439203236,0.0007717982817147769
orientation_1,-4,2,-4,1080.0,0.00023594556571274216,0.0007735375383965035
orientation_1,-4,2,-4,1100.0,0.00023133211418750068,0.0007747657558811672
orientation_1,-4,2,-4,1120.0,0.00022667181247955625,0.000775490058028358
orientation_1,-4,2,-4,1140.0,0.00022197425514155472,0.0007757181650816234
orientation_1,-4,2,-4,1160.0,0.00021724862232852185,0.0007754583801949052
orientation_1,-4,2,-4,1180.0,0.00021250368389865142,0.0007747195750889064
orientation_1,-4,2,-4,1200.0,0.00020774780438984481,0.00077351117356691
orientation_1,-4,2,-4,1220.0,0.00020298894837440706,0.0007718431423704767
orientation_1,-4,2,-4,1240.0,0.00019823468573175164,0.0007697259615691122
orientation_1,-4,2,-4,1260.0,0.00019349219668921426,0.0007671706194501178
orientation_1,-4,2,-4,1280.0,0.00018876828053687248,0.0007641885892151153
orientation_1,-4,2,-4,1300.0,0.0001840693608106885,0.0007607918109675632
orientation_1,-4,2,-4,1320.0,0.0001794014927237276,0.0007569926722660944
orientation_1,-4,2,-4,1340.0,0.0001747703707279148,0.0007528039888894099
orientation_1,-4,2,-4,1360.0,0.00017018133612174853,0.0007482389840452041
orientation_1,-4,2,-4,1380.0,0.00016563938018380602,0.0007433112670851206
orientation_1,-4,2,-4,1400.0,0.0001611491913406384,0.00073803481275755
orientation_1,-4,2,-4,1420.0,0.0001567150420494788,0.0007324239379790479
orientation_1,-4,2,-4,1440.0,0.00015234098764712654,0.0007264932830766649
orientation_1,-4,2,-4,1460.0,0.00014803071732644177,0.0007202577844061515
orientation_1,-4,2,-4,1480.0,0.00014378762546621505,0.0007137326523518398
orientation_1,-4,2,-4,1500.0,0.00013961481419073703,0.0007069333473846782
orientation_1,-4,2,-4,1520.0,0.00013551510471088987,0.000699875571808472
orientation_1,-4,2,-4,1540.0,0.00013149103756881703,0.0006925752114567851
orientation_1,-4,2,-4,1560.0,0.00012754490254012797,0.0006850484154110246
orientation_1,-4,2,-4,1580.0,0.00012367868235941344,0.0006773111955990309
orientation_1,-4,2,-4,1600.0,0.00011989267300695077,0.0006693759194988029
orientation_1,-4,2,-4,1620.0,0.00011619293783295289,0.0006612716300713147
orientation_1,-4,2,-4,1640.0,0.00011257623932137415,0.0006530022293196374
orientation_1,-4,2,-4,1660.0,0.00010904517645058477,0.0006445885435927298
orientation_1,-4,2,-4,1680.0,0.00010560062242949281,0.0006360472103016735
orientation_1,-4,2,-4,1700.0,0.00010224321348647254,0.000627394967066796
orientation_1,-4,2,-4,1720.0,9.897353761447639e-05,0.0006186481920590744
orientation_1,-4,2,-4,1740.0,9.57917816931019e-05,0.0006098237349660219
orientation_1,-4,2,-4,1760.0,9.26982903702695e-05,0.0006009394247151571
orientation_1,-4,2,-4,1780.0,8.969303345696884e-05,0.0005920119147026623
orientation_1,-4,2,-4,1800.0,8.677462992805906e-05,0.0005830485577090853
orientation_1,-4,2,-4,1820.0,8.394428268644686e-05,0.0005740773079507204
orientation_1,-4,2,-4,1840.0,8.120091529116063e-05,0.0005651098029408337
orientation_1,-4,2,-4,1860.0,7.854378607246813e-05,0.000556160940742664
orientation_1,-4,2,-4,1880.0,7.597249495523608e-05,0.0005472492661373801
orientation_1,-4,2,-4,1900.0,7.348582384953192e-05,0.0005383873083515912
orientation_1,-4,2,-4,1920.0,7.108287916878973e-05,0.000529590909347291
orientation_1,-4,2,-4,1940.0,6.87647256135327e-05,0.0005208634114071481
orientation_1,-4,2,-4,1960.0,6.652322432170913e-05,0.000512249075017086
orientation_1,-4,2,-4,1980.0,6.436548351923428e-05,0.0005037455558075217
orientation_1,-4,2,-4,2000.0,6.228592007593199e-05,0.000495358930525473
orientation_1,-4,2,-4,2020.0,6.028379235775553e-05,0.0004871096195942267
orientation_1,-4,2,-4,2040.0,5.8357800463505244e-05,0.0004790108368730671
orientation_1,-4,2,-4,2060.0,5.650622440271433e-05,0.00047107552139049404
orientation_1,-4,2,-4,2080.0,5.472747156717846e-05,0.0004633155307635528
orientation_1,-4,2,-4,2100.0,5.301879886054031e-05,0.0004557309639139389
orientation_1,-4,2,-4,2120.0,5.138227994890643e-05,0.0004483742851407569
orientation_1,-4,2,-4,2140.0,4.981209656688525e-05,0.000441212189484078
orientation_1,-4,2,-4,2160.0,4.8308093374125115e-05,0.00043427282228689426
orientation_1,-4,2,-4,2180.0,4.686851675853913e-05,0.00042756525905762326
orientation_1,-4,2,-4,2200.0,4.549117229455798e-05,0.0004210993873308892
orientation_1,-4,2,-4,2220.0,4.4174632968312e-05,0.0004148843880207913
orientation_1,-4,2,-4,2240.0,4.2916221952842844e-05,0.00040892977744075266
orientation_1,-4,2,-4,2260.0,4.171749658961342e-05,0.00040323032285742545
orientation_1,-4,2,-4,2280.0,4.05694062344223e-05,0.0003978291167595338
orientation_1,-4,2,-4,2300.0,3.947841893066572e-05,0.0003927002050563813
orientation_1,-4,2,-4,2320.0,3.8437641525340796e-05,0.0003878604554377483
orientation_1,-4,2,-4,2340.0,3.744652611538858e-05,0.0003833166247504955
orientation_1,-4,2,-4,2360.0,3.650316188792016e-05,0.0003790730171284003
orientation_1,-4,2,-4,2380.0,3.560539656169963e-05,0.0003751358317662638
orientation_1,-4,2,-4,2400.0,3.4753770149555224e-05,0.00037150912427136984
orientation_1,-4,2,-4,2420.0,3.394134703983464e-05,0.00036818679435899395
orientation_1,-4,2,-4,2440.0,3.317193709178623e-05,0.00036520165219989305
orientation_1,-4,2,-4,2460.0,3.24408555364621e-05,0.00036252719765182933
orientation_1,-4,2,-4,2480.0,3.1747010932315647e-05,0.00036017510085104064
orientation_1,-4,2,-4,2500.0,3.1089438277426734e-05,0.00035814813053432134
orientation_1,-4,3,-5,100.0,4.614831662818929e-05,5.165973569904181e-05
orientation_1,-4,3,-5,120.0,5.41143600463117e-05,6.19595054140073e-05
orientation_1,-4,3,-5,140.0,6.168006506052646e-05,7.223358945900958e-05
orientation_1,-4,3,-5,160.0,6.885629103980488e-05,8.247774723940614e-05
orientation_1,-4,3,-5,180.0,7.565377567576653e-05,9.2687756782678e-05
orientation_1,-4,3,-5,200.0,8.20831309046126e-05,0.00010285941734567095
orientation_1,-4,3,-5,220.0,8.815483908251775e-05,0.00011298855201503879
orientation_1,-4,3,-5,240.0,9.387924940495112e-05,0.00012307101029409887
orientation_1,-4,3,-5,260.0,9.926657456353211e-05,0.0001331026706726259
orientation_1,-4,3,-5,280.0,0.00010432688763494339,0.00014307944317716486
orientation_1,-4,3,-5,300.0,0.0001090701191967107,0.0001529972718998297
orientation_1,-4,3,-5,320.0,0.00011350605466472198,0.00016285213750372282
orientation_1,-4,3,-5,340.0,0.00011764433184736002,0.00017264005970318738
orientation_1,-4,3,-5,360.0,0.00012149443809065887,0.0001823570997171544
orientation_1,-4,3,-5,380.0,0.00012506571067681367,0.00019199936269387964
orientation_1,-4,3,-5,400.0,0.0001283673314389086,0.00020156300010539506
orientation_1,-4,3,-5,420.0,0.0001314083274478811,0.0002110442121100224
orientation_1,-4,3,-5,440.0,0.0001341975690054196,0.00022043924988132487
orientation_1,-4,3,-5,460.0,0.0001367437683884243,0.0002297444179018985
orientation_1,-4,3,-5,480.0,0.00013905547877341096,0.0002389560762204267
orientation_1,-4,3,-5,500.0,0.00014114109333556238,0.0002480706426704558
orientation_1,-4,3,-5,520.0,0.00014300884451713377,0.0002570845950493693
orientation_1,-4,3,-5,540.0,0.00014466680345993078,0.0002659944732560751
orientation_1,-4,3,-5,560.0,0.00014612287959659626,0.0002747968813859438
orientation_1,-4,3,-5,580.0,0.00014738482039545857,0.00028348848978157037
orientation_1,-4,3,-5,600.0,0.00014846021125372865,0.0002920660370379669
orientation_1,-4,3,-5,620.0,0.00014935647553386563,0.00030052633196081785
orientation_1,-4,3,-5,640.0,0.00015008087473795058,0.00030886625547646586
orientation_1,-4,3,-5,660.0,0.0001506405088149903,0.00031708276249235154
orientation_1,-4,3,-5,680.0,0.00015104231659605885,0.00032517288370662007
orientation_1,-4,3,-5,700.0,0.00015129307635231002,0.0003331337273657028
orientation_1,-4,3,-5,720.0,0.0001513994064708654,0.0003409624809686646
orientation_1,-4,3,-5,740.0,0.00015136776624373994,0.0003486564129171949
orientation_1,-4,3,-5,760.0,0.0001512044567648846,0.00035621287411010977
orientation_1,-4,3,-5,780.0,0.0001509156219306874,0.0003636292994813262
orientation_1,-4,3,-5,800.0,0.00015050724953914944,0.0003709032094802604
orientation_1,-4,3,-5,820.0,0.00014998517248313633,0.0003780322114936813
orientation_1,-4,3,-5,840.0,0.00014935507003312282,0.0003850140012079912
orientation_1,-4,3,-5,860.0,0.00014862246920514837,0.0003918463639115726
orientation_1,-4,3,-5,880.0,0.00014779274620897474,0.00039852717573476547
orientation_1,-4,3,-5,900.0,0.00014687112797313146,0.00040505440482927846
orientation_1,-4,3,-5,920.0,0.0001458626937415949,0.00041142611248364523
orientation_1,-4,3,-5,940.0,0.0001447723767385711,0.00041764045417562456
orientation_1,-4,3,-5,960.0,0.000143604965906549,0.0004236956805602666
orientation_1,-4,3,-5,980.0,0.00014236510764736073,0.0004295901383931334
orientation_1,-4,3,-5,1000.0,0.0001410573077613233,0.0004353222713880857
orientation_1,-4,3,-5,1020.0,0.00013968593324905745,0.0004408906210092174
orientation_1,-4,3,-5,1040.0,0.00013825521430374906,0.0004462938271959889
orientation_1,-4,3,-5,1060.0,0.00013676924628750682,0.00045153062900864043
orientation_1,-4,3,-5,1080.0,0.00013523199178244058,0.0004565998652862614
orientation_1,-4,3,-5,1100.0,0.00013364728261906384,0.00046150047503577796
orientation_1,-4,3,-5,1120.0,0.00013201882202035407,0.0004662314980236026
orientation_1,-4,3,-5,1140.0,0.00013035018671510683,0.0004707920750928034
orientation_1,-4,3,-5,1160.0,0.00012864482910510393,0.0004751814484981107
orientation_1,-4,3,-5,1180.0,0.00012690607939679194,0.0004793989619441744
orientation_1,-4,3,-5,1200.0,0.0001251371479244914,0.00048344406118809303
orientation_1,-4,3,-5,1220.0,0.000123341127456003,0.0004873162944866563
orientation_1,-4,3,-5,1240.0,0.00012152099528375725,0.0004910153120768406
orientation_1,-4,3,-5,1260.0,0.00011967961498541664,0.0004945408640679445
orientation_1,-4,3,-5,1280.0,0.00011781973978744485,0.0004978928047847536
orientation_1,-4,3,-5,1300.0,0.00011594401406223517,0.0005010710894714397
orientation_1,-4,3,-5,1320.0,0.00011405497586490588,0.0005040757751014196
orientation_1,-4,3,-5,1340.0,0.00011215505908032867,0.0005069070194691942
orientation_1,-4,3,-5,1360.0,0.00011024659587535478,0.0005095650815513992
orientation_1,-4,3,-5,1380.0,0.00010833181669007305,0.0005120503101236805
orientation_1,-4,3,-5,1400.0,0.00010641287038494628,0.0005143631954507116
orientation_1,-4,3,-5,1420.0,0.00010449176995838793,0.0005165042645305751
orientation_1,-4,3,-5,1440.0,0.00010257048639306875,0.0005184741856992329
orientation_1,-4,3,-5,1460.0,0.00010065087005686457,0.0005202737140024185
orientation_1,-4,3,-5,1480.0,9.873469002674197e-05,0.0005219037012318911
orientation_1,-4,3,-5,1500.0,9.682363080741277e-05,0.0005233650915981815
orientation_1,-4,3,-5,1520.0,9.491928851332783e-05,0.0005246589445008456
orientation_1,-4,3,-5,1540.0,9.30231846854027e-05,0.0005257863837581419
orientation_1,-4,3,-5,1560.0,9.113676279387374e-05,0.0005267486810993921
orientation_1,-4,3,-5,1580.0,8.926136719607635e-05,0.0005275470597612218
orientation_1,-4,3,-5,1600.0,8.739428185207251e-05,0.0005281787048741658
orientation_1,-4,3,-5,1620.0,8.554877497343807e-05,0.0005286580870718768
orientation_1,-4,3,-5,1640.0,8.371392965184787e-05,0.0005289738037803705
orientation_1,-4,3,-5,1660.0,8.189484057835097e-05,0.0005291318714374108
orientation_1,-4,3,-5,1680.0,8.009251548381932e-05,0.0005291340576212056
orientation_1,-4,3,-5,1700.0,7.83079033435022e-05,0.0005289822542855045
orientation_1,-4,3,-5,1720.0,7.654186912895294e-05,0.0005286782888027037
orientation_1,-4,3,-5,1740.0,7.479524929240076e-05,0.0005282242907689172
orientation_1,-4,3,-5,1760.0,7.3068886781218e-05,0.0005276229598967562
orientation_1,-4,3,-5,1780.0,7.13634990715661e-05,0.0005268766105350519
orientation_1,-4,3,-5,1800.0,6.967917999134561e-05,0.000525983255998166
orientation_1,-4,3,-5,1820.0,6.801725751463509e-05,0.0005249507483458324
orientation_1,-4,3,-5,1840.0,6.637800520881974e-05,0.0005237794319687872
orientation_1,-4,3,-5,1860.0,6.476187329053435e-05,0.0005224713922344727
orientation_1,-4,3,-5,1880.0,6.316945485257998e-05,0.0005210303557706329
orientation_1,-4,3,-5,1900.0,6.160101100884411e-05,0.000519457753590233
orientation_1,-4,3,-5,1920.0,6.005693442318659e-05,0.000517756522437091
orientation_1,-4,3,-5,1940.0,5.85385394744766e-05,0.0005159384049940455
orientation_1,-4,3,-5,1960.0,5.7042854396665004e-05,0.0005139767632572296
orientation_1,-4,3,-5,1980.0,5.557403436715997e-05,0.0005119100916355815
orientation_1,-4,3,-5,2000.0,5.413028259530308e-05,0.000509723031140316
orientation_1,-4,3,-5,2020.0,5.271209555795122e-05,0.0005074216169794572
orientation_1,-4,3,-5,2040.0,5.132108108816704e-05,0.0005050093621537378
orientation_1,-4,3,-5,2060.0,4.995300343458074e-05,0.0005024888672207123
orientation_1,-4,3,-5,2080.0,4.8612199337863566e-05,0.0004998630998973896
orientation_1,-4,3,-5,2100.0,4.729677706047003e-05,0.0004971298000946871
orientation_1,-4,3,-5,2120.0,4.600847581616133e-05,0.0004943109959487211
orientation_1,-4,3,-5,2140.0,4.47453790853507e-05,0.0004913893440956074
orientation_1,-4,3,-5,2160.0,4.350818535380405e-05,0.0004883762519929031
orientation_1,-4,3,-5,2180.0,4.22968390757627e-05,0.0004852752777161347
orientation_1,-4,3,-5,2200.0,4.111105350650864e-05,0.00048208751110153986
orientation_1,-4,3,-5,2220.0,3.9950905500716775e-05,0.00047881865032260766
orientation_1,-4,3,-5,2240.0,3.881586579689609e-05,0.00047547169578467
orientation_1,-4,3,-5,2260.0,3.7707342414727645e-05,0.00047205671846110256
orientation_1,-4,3,-5,2280.0,3.662180183321139e-05,0.00046854712016659747
orientation_1,-4,3,-5,2300.0,3.556297813851655e-05,0.00046499342776706577
orientation_1,-4,3,-5,2320.0,3.452823946244263e-05,0.0004613672024427203
orientation_1,-4,3,-5,2340.0,3.351798091950798e-05,0.00045768019261605014
orientation_1,-4,3,-5,2360.0,3.253193424757817e-05,0.00045393563958524824
orientation_1,-4,3,-5,2380.0,3.156968444226463e-05,0.0004501374292738882
orientation_1,-4,3,-5,2400.0,3.06320009401858e-05,0.00044629651827791483
orientation_1,-4,3,-5,2420.0,2.9716285806054162e-05,0.0004423894990129304
orientation_1,-4,3,-5,2440.0,2.8824782771167343e-05,0.00043845613077251087
orientation_1,-4,3,-5,2460.0,2.7955831098976094e-05,0.0004344789132134651
orientation_1,-4,3,-5,2480.0,2.7109401456832757e-05,0.00043046589920460075
orientation_1,-4,3,-5,2500.0,2.62810761520868e-05,0.0004264260644696396
orientation_1,-4,4,-6,100.0,1.9538020845336238e-05,2.1851449259290906e-05
orientation_1,-4,4,-6,120.0,2.292488356503252e-05,2.6219644803804915e-05
orientation_1,-4,4,-6,140.0,2.6148332752333314e-05,3.058324385501029e-05
orientation_1,-4,4,-6,160.0,2.9213396183732467e-05,3.4941483359874536e-05
orientation_1,-4,4,-6,180.0,3.2124987237550816e-05,3.92936016831241e-05
orientation_1,-4,4,-6,200.0,3.4887906626994155e-05,4.363883880172356e-05
orientation_1,-4,4,-6,220.0,3.750684413334316e-05,4.7976436502206656e-05
orientation_1,-4,4,-6,240.0,3.9986380101453364e-05,5.2305638578690335e-05
orientation_1,-4,4,-6,260.0,4.2330988070724424e-05,5.662569103080144e-05
orientation_1,-4,4,-6,280.0,4.45450351888913e-05,6.0935842261184075e-05
orientation_1,-4,4,-6,300.0,4.663278476510779e-05,6.523534327241528e-05
orientation_1,-4,4,-6,320.0,4.859839777538794e-05,6.952344786321779e-05
orientation_1,-4,4,-6,340.0,5.04459345621156e-05,7.379941282388822e-05
orientation_1,-4,4,-6,360.0,5.2179356525064154e-05,7.806249813086888e-05
orientation_1,-4,4,-6,380.0,5.380252780327395e-05,8.231196714040161e-05
orientation_1,-4,4,-6,400.0,5.5319216947165626e-05,8.654708678119983e-05
orientation_1,-4,4,-6,420.0,5.673309858029919e-05,9.076712774608439e-05
orientation_1,-4,4,-6,440.0,5.80477550502146e-05,9.497136468252271e-05
orientation_1,-4,4,-6,460.0,5.926667806782061e-05,9.915907638201533e-05
orientation_1,-4,4,-6,480.0,6.039327033482249e-05,0.00010332954596827749
orientation_1,-4,4,-6,500.0,6.143084715870678e-05,0.00010748206108415512
orientation_1,-4,4,-6,520.0,6.238263805482637e-05,0.00011161591407722593
orientation_1,-4,4,-6,540.0,6.325178833515216e-05,0.00011573040218402739
orientation_1,-4,4,-6,560.0,6.40413606832841e-05,0.00011982482771286126
orientation_1,-4,4,-6,580.0,6.475433671533603e-05,0.0001238984982251184
orientation_1,-4,4,-6,600.0,6.539361852632898e-05,0.00012795072671507366
orientation_1,-4,4,-6,620.0,6.5962030221759e-05,0.00013198083178809946
orientation_1,-4,4,-6,640.0,6.646231943401003e-05,0.00013598813783723823
orientation_1,-4,4,-6,660.0,6.689715882332169e-05,0.00013997197521809917
orientation_1,-4,4,-6,680.0,6.726914756303527e-05,0.00014393168042200504
orientation_1,-4,4,-6,700.0,6.758081280884567e-05,0.00014786659624736758
orientation_1,-4,4,-6,720.0,6.783461115183872e-05,0.00015177607196920661
orientation_1,-4,4,-6,740.0,6.803293005508041e-05,0.00015565946350681664
orientation_1,-4,4,-6,760.0,6.817808927355105e-05,0.00015951613358944884
orientation_1,-4,4,-6,780.0,6.827234225725979e-05,0.00016334545192005952
orientation_1,-4,4,-6,800.0,6.831787753734768e-05,0.00016714679533700848
orientation_1,-4,4,-6,820.0,6.831682009503911e-05,0.00017091954797367952
orientation_1,-4,4,-6,840.0,6.827123271329035e-05,0.00017466310141595073
orientation_1,-4,4,-6,860.0,6.818311731110023e-05,0.00017837685485768803
orientation_1,-4,4,-6,880.0,6.805441626012336e-05,0.0001820602152535592
orientation_1,-4,4,-6,900.0,6.788701368391222e-05,0.0001857125974702065
orientation_1,-4,4,-6,920.0,6.768273673929664e-05,0.00018933342443466813
orientation_1,-4,4,-6,940.0,6.744335688007735e-05,0.00019292212728062177
orientation_1,-4,4,-6,960.0,6.717059110686178e-05,0.00019647814550397864
orientation_1,-4,4,-6,980.0,6.686610317537141e-05,0.00020000092704562555
orientation_1,-4,4,-6,1000.0,6.653150484607524e-05,0.00020348992854769257
orientation_1,-4,4,-6,1020.0,6.616835703703467e-05,0.00020694461537272378
orientation_1,-4,4,-6,1040.0,6.577817101800619e-05,0.0002103644617961383
orientation_1,-4,4,-6,1060.0,6.536240956138874e-05,0.0002137489511203798
orientation_1,-4,4,-6,1080.0,6.492248808924002e-05,0.00021709757583144793
orientation_1,-4,4,-6,1100.0,6.445977577728928e-05,0.00022040983766893652
orientation_1,-4,4,-6,1120.0,6.397559667495112e-05,0.00022368524780598807
orientation_1,-4,4,-6,1140.0,6.347123078183454e-05,0.0002269233269406688
orientation_1,-4,4,-6,1160.0,6.294791511729834e-05,0.0002301236054204526
orientation_1,-4,4,-6,1180.0,6.240684474702099e-05,0.00023328562326812232
orientation_1,-4,4,-6,1200.0,6.184917386295638e-05,0.00023640893046953434
orientation_1,-4,4,-6,1220.0,6.127601683106795e-05,0.00023949308722455816
orientation_1,-4,4,-6,1240.0,6.068844912693676e-05,0.00024253766382691146
orientation_1,-4,4,-6,1260.0,6.0087508099206815e-05,0.0002455422398608888
orientation_1,-4,4,-6,1280.0,5.947419440164718e-05,0.00024850640620212495
orientation_1,-4,4,-6,1300.0,5.8849472624266755e-05,0.00025142976385650963
orientation_1,-4,4,-6,1320.0,5.821427224047793e-05,0.00025431192410436704
orientation_1,-4,4,-6,1340.0,5.7569488642529845e-05,0.00025715250913186993
orientation_1,-4,4,-6,1360.0,5.6915983911409635e-05,0.0002599511515706579
orientation_1,-4,4,-6,1380.0,5.625458685552604e-05,0.0002627074905340511
orientation_1,-4,4,-6,1400.0,5.5586101312303794e-05,0.00026542120765321895
orientation_1,-4,4,-6,1420.0,5.4911283274463046e-05,0.00026809191195006844
orientation_1,-4,4,-6,1440.0,5.423088017059554e-05,0.0002707193272946932
orientation_1,-4,4,-6,1460.0,5.3545597708552794e-05,0.0002733031265529752
orientation_1,-4,4,-6,1480.0,5.2856116250228936e-05,0.00027584300784371397
orientation_1,-4,4,-6,1500.0,5.216308960727906e-05,0.00027833868539885604
orientation_1,-4,4,-6,1520.0,5.1467141609415716e-05,0.00028078986662803847
orientation_1,-4,4,-6,1540.0,5.0768875046621445e-05,0.0002831962971132126
orientation_1,-4,4,-6,1560.0,5.0068866682627076e-05,0.0002855577302067285
orientation_1,-4,4,-6,1580.0,4.936765996220392e-05,0.0002878738784409851
orientation_1,-4,4,-6,1600.0,4.866408515579652e-05,0.0002901427193012351
orientation_1,-4,4,-6,1620.0,4.796375520353534e-05,0.00029236951066737585
orientation_1,-4,4,-6,1640.0,4.726204000825788e-05,0.0002945485481440058
orientation_1,-4,4,-6,1660.0,4.65611029216797e-05,0.00029668146314861145
orientation_1,-4,4,-6,1680.0,4.586138308762706e-05,0.0002987680722101864
orientation_1,-4,4,-6,1700.0,4.516330021984344e-05,0.00030080821094460104
orientation_1,-4,4,-6,1720.0,4.446724634917573e-05,0.00030280167248879697
orientation_1,-4,4,-6,1740.0,4.377360704155244e-05,0.0003047483496561997
orientation_1,-4,4,-6,1760.0,4.308277685759919e-05,0.00030664835498234996
orientation_1,-4,4,-6,1780.0,4.239510440797772e-05,0.0003085016256303031
orientation_1,-4,4,-6,1800.0,4.171149344211819e-05,0.0003103062387898863
orientation_1,-4,4,-6,1820.0,4.1030114032561116e-05,0.0003120644337353671
orientation_1,-4,4,-6,1840.0,4.0353589870548705e-05,0.0003137752446636907
orientation_1,-4,4,-6,1860.0,3.968136211983781e-05,0.00031543843748471325
orientation_1,-4,4,-6,1880.0,3.901374733986462e-05,0.00031705440740102155
orientation_1,-4,4,-6,1900.0,3.835093451702769e-05,0.0003186226306256576
orientation_1,-4,4,-6,1920.0,3.7693167889867454e-05,0.00032014316686311756
orientation_1,-4,4,-6,1940.0,3.704108482858852e-05,0.00032161977790923186
orientation_1,-4,4,-6,1960.0,3.6393514814087006e-05,0.00032303998768270093
orientation_1,-4,4,-6,1980.0,3.575230885301945e-05,0.0003244188891240946
orientation_1,-4,4,-6,2000.0,3.511679638449668e-05,0.00032574871395320667
orientation_1,-4,4,-6,2020.0,3.448728761583479e-05,0.0003270308072901181
orientation_1,-4,4,-6,2040.0,3.3864500313657236e-05,0.00032826532618271815
orientation_1,-4,4,-6,2060.0,3.324691606886102e-05,0.00032945217633846194
orientation_1,-4,4,-6,2080.0,3.263630784120094e-05,0.0003305913188122597
orientation_1,-4,4,-6,2100.0,3.2032037260458303e-05,0.0003316805160775811
orientation_1,-4,4,-6,2120.0,3.143494670752322e-05,0.00033272777499813836
orientation_1,-4,4,-6,2140.0,3.0844338501324096e-05,0.00033372448279469786
orientation_1,-4,4,-6,2160.0,3.0260620167897672e-05,0.00033467416120464363
orientation_1,-4,4,-6,2180.0,2.9683882585326e-05,0.0003355770161845629
orientation_1,-4,4,-6,2200.0,2.9114118004751667e-05,0.0003364321739875349
orientation_1,-4,4,-6,2220.0,2.8551477050638713e-05,0.00033724075870487994
orientation_1,-4,4,-6,2240.0,2.7995853334834586e-05,0.00033800083445116336
orientation_1,-4,4,-6,2260.0,2.744795803083349e-05,0.00033872099416925916
orientation_1,-4,4,-6,2280.0,2.690641337238376e-05,0.00033938298387305594
orientation_1,-4,4,-6,2300.0,2.6372931204011725e-05,0.000340008898469224
orientation_1,-4,4,-6,2320.0,2.5846503110858234e-05,0.0003405852424454267
orientation_1,-4,4,-6,2340.0,2.5327419306678154e-05,0.00034111571277761895
orientation_1,-4,4,-6,2360.0,2.4815691530728482e-05,0.0003416004387547534
orientation_1,-4,4,-6,2380.0,2.431125918304864e-05,0.00034203857986347247
orientation_1,-4,4,-6,2400.0,2.3814560602585972e-05,0.00034243684539100264
orientation_1,-4,4,-6,2420.0,2.3324630092095306e-05,0.0003427808053941355
orientation_1,-4,4,-6,2440.0,2.2842525672999425e-05,0.0003430869949844056
orientation_1,-4,4,-6,2460.0,2.2367664098810145e-05,0.00034334678748240986
orientation_1,-4,4,-6,2480.0,2.1900150412637888e-05,0.00034356234161695033
orientation_1,-4,4,-6,2500.0,2.1438280263858105e-05,0.00034374346245816327
orientation_1,-4,5,-7,100.0,1.7204638109957204e-05,1.926272074846733e-05
orientation_1,-4,5,-7,120.0,2.0183397151176268e-05,2.3114299499611617e-05
orientation_1,-4,5,-7,140.0,2.3017396124888608e-05,2.6962306279467995e-05
orientation_1,-4,5,-7,160.0,2.5711192366270118e-05,3.08061478294063e-05
orientation_1,-4,5,-7,180.0,2.8269232263776483e-05,3.4645231863941165e-05
orientation_1,-4,5,-7,200.0,3.069585437621426e-05,3.847896720297684e-05
orientation_1,-4,5,-7,220.0,3.299529138101468e-05,4.23067639066956e-05
orientation_1,-4,5,-7,240.0,3.517167200429847e-05,4.612803341119492e-05
orientation_1,-4,5,-7,260.0,3.722902293184324e-05,4.9942188664209815e-05
orientation_1,-4,5,-7,280.0,3.917127070046031e-05,5.374864426064435e-05
orientation_1,-4,5,-7,300.0,4.100224356944564e-05,5.754681657777583e-05
orientation_1,-4,5,-7,320.0,4.272567337183875e-05,6.133612391005001e-05
orientation_1,-4,5,-7,340.0,4.434519734526501e-05,6.511598660341012e-05
orientation_1,-4,5,-7,360.0,4.586435994216621e-05,6.888582718911392e-05
orientation_1,-4,5,-7,380.0,4.72866146192434e-05,7.264507051699755e-05
orientation_1,-4,5,-7,400.0,4.861532560595852e-05,7.639314388814887e-05
orientation_1,-4,5,-7,420.0,4.98537696519547e-05,8.012947718695272e-05
orientation_1,-4,5,-7,440.0,5.1005137753275614e-05,8.385350301247619e-05
orientation_1,-4,5,-7,460.0,5.2072536857275925e-05,8.756465680915553e-05
orientation_1,-4,5,-7,480.0,5.305899154613245e-05,9.126237699675259e-05
orientation_1,-4,5,-7,500.0,5.3967445698878087e-05,9.49461050995486e-05
orientation_1,-4,5,-7,520.0,5.480076413189552e-05,9.8615285874738e-05
orientation_1,-4,5,-7,540.0,5.556173421782059e-05,0.00010226936743999342
orientation_1,-4,5,-7,560.0,5.625306748281815e-05,0.00010590780140016703
orientation_1,-4,5,-7,580.0,5.687740118220523e-05,0.00010953004297309419
orientation_1,-4,5,-7,600.0,5.7437299854408446e-05,0.00011313555111447064
orientation_1,-4,5,-7,620.0,5.793525685325843e-05,0.0001167237886417707
orientation_1,-4,5,-7,640.0,5.837369585862262e-05,0.00012029422235716821
orientation_1,-4,5,-7,660.0,5.8754972365406794e-05,0.00012384632316944131
orientation_1,-4,5,-7,680.0,5.908137515095488e-05,0.0001273795662148142
orientation_1,-4,5,-7,700.0,5.935512772087965e-05,0.00013089343097672182
orientation_1,-4,5,-7,720.0,5.957838973338925e-05,0.00013438740140445378
orientation_1,-4,5,-7,740.0,5.975325840216111e-05,0.00013786096603065495
orientation_1,-4,5,-7,760.0,5.9881769877828885e-05,0.00014131361808763734
orientation_1,-4,5,-7,780.0,5.996590060817706e-05,0.00014474485562250545
orientation_1,-4,5,-7,800.0,6.000756867711322e-05,0.00014815418161103597
orientation_1,-4,5,-7,820.0,6.0008635122517626e-05,0.00015154110407029065
orientation_1,-4,5,-7,840.0,5.997090523306418e-05,0.00015490513616991166
orientation_1,-4,5,-7,860.0,5.9896129824194266e-05,0.000158245796342261
orientation_1,-4,5,-7,880.0,5.978600569183464e-05,0.0001615626083908004
orientation_1,-4,5,-7,900.0,5.964218003402836e-05,0.00016485510159763625
orientation_1,-4,5,-7,920.0,5.946624691182097e-05,0.0001681228108292601
orientation_1,-4,5,-7,940.0,5.9259751592739166e-05,0.00017136527664100425
orientation_1,-4,5,-7,960.0,5.9024190944758644e-05,0.0001745820453903682
orientation_1,-4,5,-7,980.0,5.8761014572056075e-05,0.00017777266928686525
orientation_1,-4,5,-7,1000.0,5.847162598290698e-05,0.0001809367065952869
orientation_1,-4,5,-7,1020.0,5.8157383668311516e-05,0.00018407372163091682
orientation_1,-4,5,-7,1040.0,5.781960221304064e-05,0.00018718328490797723
orientation_1,-4,5,-7,1060.0,5.745955336495221e-05,0.00019026497321982246
orientation_1,-4,5,-7,1080.0,5.707846709726114e-05,0.00019331836975714455
orientation_1,-4,5,-7,1100.0,5.667753262951929e-05,0.00019634306415074177
orientation_1,-4,5,-7,1120.0,5.625789945939263e-05,0.0001993386526117624
orientation_1,-4,5,-7,1140.0,5.5820678352993106e-05,0.00020230473799469698
orientation_1,-4,5,-7,1160.0,5.536694232607992e-05,0.0002052409298902453
orientation_1,-4,5,-7,1180.0,5.4897727584525065e-05,0.00020814684463207937
orientation_1,-4,5,-7,1200.0,5.44140345090512e-05,0.00021102210553496645
orientation_1,-4,5,-7,1220.0,5.391682860901876e-05,0.0002138663431013878
orientation_1,-4,5,-7,1240.0,5.3407041375100996e-05,0.00021667919490267427
orientation_1,-4,5,-7,1260.0,5.2885570977111626e-05,0.00021946030485587518
orientation_1,-4,5,-7,1280.0,5.235328354992361e-05,0.0002222093249770092
orientation_1,-4,5,-7,1300.0,5.18110137704868e-05,0.00022492591434505792
orientation_1,-4,5,-7,1320.0,5.125954214084918e-05,0.00022760973921904718
orientation_1,-4,5,-7,1340.0,5.069969003374058e-05,0.0002302604735835609
orientation_1,-4,5,-7,1360.0,5.0132179473439196e-05,0.00023287779873492178
orientation_1,-4,5,-7,1380.0,4.955775099079324e-05,0.00023546139978160147
orientation_1,-4,5,-7,1400.0,4.897705151188458e-05,0.00023801099737909352
orientation_1,-4,5,-7,1420.0,4.8390758064039875e-05,0.00024052624630508434
orientation_1,-4,5,-7,1440.0,4.779951664481653e-05,0.0002430069005986531
orientation_1,-4,5,-7,1460.0,4.720393691518467e-05,0.00024545266743810333
orientation_1,-4,5,-7,1480.0,4.660460663231444e-05,0.00024786327432085647
orientation_1,-4,5,-7,1500.0,4.600209059230612e-05,0.00025023846100076806
orientation_1,-4,5,-7,1520.0,4.5396927617447404e-05,0.00025257795931667404
orientation_1,-4,5,-7,1540.0,4.478963842315752e-05,0.00025488153275516495
orientation_1,-4,5,-7,1560.0,4.4180721239111796e-05,0.00025714894973378533
orientation_1,-4,5,-7,1580.0,4.357064538433189e-05,0.0002593799407917342
orientation_1,-4,5,-7,1600.0,4.2958370141946564e-05,0.00026157270504199696
orientation_1,-4,5,-7,1620.0,4.234883541472405e-05,0.00026373185719569004
orientation_1,-4,5,-7,1640.0,4.1737950458491646e-05,0.00026585234704362844
orientation_1,-4,5,-7,1660.0,4.112761463442987e-05,0.00026793558877757375
orientation_1,-4,5,-7,1680.0,4.051820754645828e-05,0.0002699813948649409
orientation_1,-4,5,-7,1700.0,3.9910092099621626e-05,0.0002719895926461879
orientation_1,-4,5,-7,1720.0,3.9303607256587307e-05,0.0002739599702729804
orientation_1,-4,5,-7,1740.0,3.869908666443927e-05,0.00027589240155893196
orientation_1,-4,5,-7,1760.0,3.809687232517871e-05,0.00027778695215603747
orientation_1,-4,5,-7,1780.0,3.749726624649454e-05,0.0002796435319170071
orientation_1,-4,5,-7,1800.0,3.690106147148453e-05,0.0002814604076461417
orientation_1,-4,5,-7,1820.0,3.630663596956401e-05,0.0002832395148373744
orientation_1,-4,5,-7,1840.0,3.5716302786925966e-05,0.00028497996095099633
orientation_1,-4,5,-7,1860.0,3.5129564132999655e-05,0.00028668149767766053
orientation_1,-4,5,-7,1880.0,3.454669530092835e-05,0.000288344425959227
orientation_1,-4,5,-7,1900.0,3.396786015243174e-05,0.0002899682402723987
orientation_1,-4,5,-7,1920.0,3.339327117382109e-05,0.000291552943992806
orientation_1,-4,5,-7,1940.0,3.282348782929734e-05,0.0002931018027582363
orientation_1,-4,5,-7,1960.0,3.2257476230867986e-05,0.0002946037663347749
orientation_1,-4,5,-7,1980.0,3.169686664470604e-05,0.0002960720883059976
orientation_1,-4,5,-7,2000.0,3.114106629126033e-05,0.0002974998622667352
orientation_1,-4,5,-7,2020.0,3.0590347793743285e-05,0.00029888821970253245
orientation_1,-4,5,-7,2040.0,3.004533853811266e-05,0.00030023723445136974
orientation_1,-4,5,-7,2060.0,2.9504712459453515e-05,0.0003015467684269495
orientation_1,-4,5,-7,2080.0,2.897001966777669e-05,0.0003028167232340224
orientation_1,-4,5,-7,2100.0,2.8440701693436786e-05,0.00030404506269145795
orientation_1,-4,5,-7,2120.0,2.791750131296496e-05,0.0003052387780015251
orientation_1,-4,5,-7,2140.0,2.7399804232112404e-05,0.0003063902109456087
orientation_1,-4,5,-7,2160.0,2.6887970521710613e-05,0.00030750239682225694
orientation_1,-4,5,-7,2180.0,2.638208140764373e-05,0.000308575447471108
orientation_1,-4,5,-7,2200.0,2.5882131185438625e-05,0.0003096085188355904
orientation_1,-4,5,-7,2220.0,2.5388254307134326e-05,0.00031060252988431827
orientation_1,-4,5,-7,2240.0,2.4900358732436645e-05,0.00031155570021520264
orientation_1,-4,5,-7,2260.0,2.4419072988274947e-05,0.0003124755243040826
orientation_1,-4,5,-7,2280.0,2.3943184666828552e-05,0.0003133458329062941
orientation_1,-4,5,-7,2300.0,2.3474205874847602e-05,0.00031418603495961733
orientation_1,-4,5,-7,2320.0,2.3011249576158775e-05,0.00031498414118454456
orientation_1,-4,5,-7,2340.0,2.255457312416742e-05,0.0003157433298165827
orientation_1,-4,5,-7,2360.0,2.210419121377105e-05,0.0003164636357159067
orientation_1,-4,5,-7,2380.0,2.166005350338954e-05,0.00031714423388337203
orientation_1,-4,5,-7,2400.0,2.1222546482217366e-05,0.00031779094040019096
orientation_1,-4,5,-7,2420.0,2.0790825519063843e-05,0.00031839096792180905
orientation_1,-4,5,-7,2440.0,2.0365825949693702e-05,0.000318958789781535
orientation_1,-4,5,-7,2460.0,1.9947033935853043e-05,0.0003194867181094903
orientation_1,-4,5,-7,2480.0,1.9534547941967617e-05,0.00031997656269840667
orientation_1,-4,5,-7,2500.0,1.9126875007115378e-05,0.00032043685266208927
orientation_1,-4,6,-8,100.0,7.817572197338436e-06,8.743776595466605e-06
orientation_1,-4,6,-8,120.0,9.1743771082524e-06,1.049371764246959e-05
orientation_1,-4,6,-8,140.0,1.0466625960647661e-05,1.2242922661464088e-05
orientation_1,-4,6,-8,160.0,1.1696424574163036e-05,1.3991269166626417e-05
orientation_1,-4,6,-8,180.0,1.2865821574142171e-05,1.5738634766238508e-05
orientation_1,-4,6,-8,200.0,1.3976809743384562e-05,1.7484897173348777e-05
orientation_1,-4,6,-8,220.0,1.5031327347242526e-05,1.9229934217749386e-05
orientation_1,-4,6,-8,240.0,1.6031259431722476e-05,2.097362385842395e-05
orientation_1,-4,6,-8,260.0,1.697843909479036e-05,2.2715844196179906e-05
orientation_1,-4,6,-8,280.0,1.7874648731246123e-05,2.4456473486353828e-05
orientation_1,-4,6,-8,300.0,1.8721621251588682e-05,2.6195390151542406e-05
orientation_1,-4,6,-8,320.0,1.952104127531002e-05,2.7932472794336724e-05
orientation_1,-4,6,-8,340.0,2.0274546299062597e-05,2.966760021004752e-05
orientation_1,-4,6,-8,360.0,2.098372784014233e-05,3.140065139941512e-05
orientation_1,-4,6,-8,380.0,2.165013255572628e-05,3.313150558129936e-05
orientation_1,-4,6,-8,400.0,2.227526333829915e-05,3.486004220534686e-05
orientation_1,-4,6,-8,420.0,2.28605803876979e-05,3.658614096463279e-05
orientation_1,-4,6,-8,440.0,2.3407502260197552e-05,3.8309681808274724e-05
orientation_1,-4,6,-8,460.0,2.391740689505653e-05,4.003054495401838e-05
orientation_1,-4,6,-8,480.0,2.4391632618933066e-05,4.174861090079155e-05
orientation_1,-4,6,-8,500.0,2.4831479128580008e-05,4.34637604412256e-05
orientation_1,-4,6,-8,520.0,2.5238208452217735e-05,4.5175874674143614e-05
orientation_1,-4,6,-8,540.0,2.5613045889981157e-05,4.6884835017012004e-05
orientation_1,-4,6,-8,560.0,2.5957180933829784e-05,4.8590523218355774e-05
orientation_1,-4,6,-8,580.0,2.627176816730458e-05,5.029282137013513e-05
orientation_1,-4,6,-8,600.0,2.6557928145509183e-05,5.199161192007973e-05
orientation_1,-4,6,-8,620.0,2.6816748255691096e-05,5.368677768398884e-05
orientation_1,-4,6,-8,640.0,2.7049283558784158e-05,5.5378201857977494e-05
orientation_1,-4,6,-8,660.0,2.7256557612279865e-05,5.706576803068627e-05
orientation_1,-4,6,-8,680.0,2.7439563274785514e-05,5.874936019544574e-05
orientation_1,-4,6,-8,700.0,2.759926349258841e-05,6.042886276238699e-05
orientation_1,-4,6,-8,720.0,2.7736592068663702e-05,6.210416057051068e-05
orientation_1,-4,6,-8,740.0,2.7852454414316756e-05,6.37751388997038e-05
orientation_1,-4,6,-8,760.0,2.7947728283939393e-05,6.544168348269873e-05
orientation_1,-4,6,-8,780.0,2.8023264493128556e-05,6.710368051699117e-05
orientation_1,-4,6,-8,800.0,2.807988762051458e-05,6.876101667669564e-05
orientation_1,-4,6,-8,820.0,2.8118396693615955e-05,7.041357912434722e-05
orientation_1,-4,6,-8,840.0,2.8139565859031418e-05,7.206125552263445e-05
orientation_1,-4,6,-8,860.0,2.8144145037311314e-05,7.370393404614752e-05
orientation_1,-4,6,-8,880.0,2.8132860562712224e-05,7.534150339288336e-05
orientation_1,-4,6,-8,900.0,2.8106415808300397e-05,7.697385279593296e-05
orientation_1,-4,6,-8,920.0,2.8065491796533547e-05,7.860087203492635e-05
orientation_1,-4,6,-8,940.0,2.8010765325280185e-05,8.022245144748126e-05
orientation_1,-4,6,-8,960.0,2.794283978345244e-05,8.183848194524032e-05
orientation_1,-4,6,-8,980.0,2.7862349831494687e-05,8.344885500187745e-05
orientation_1,-4,6,-8,1000.0,2.7769892921101457e-05,8.505346271094397e-05
orientation_1,-4,6,-8,1020.0,2.7666046993325324e-05,8.66521977504036e-05
orientation_1,-4,6,-8,1040.0,2.7551371016279725e-05,8.824495341720154e-05
orientation_1,-4,6,-8,1060.0,2.7426405500779196e-05,8.983162363337057e-05
orientation_1,-4,6,-8,1080.0,2.7291673005362594e-05,9.14121029569617e-05
orientation_1,-4,6,-8,1100.0,2.7147678629459508e-05,9.298628659343785e-05
orientation_1,-4,6,-8,1120.0,2.699491049450893e-05,9.455407040604771e-05
orientation_1,-4,6,-8,1140.0,2.683384021365609e-05,9.611535092641702e-05
orientation_1,-4,6,-8,1160.0,2.6664923350302834e-05,9.767002536553291e-05
orientation_1,-4,6,-8,1180.0,2.648859985619483e-05,9.921799158875174e-05
orientation_1,-4,6,-8,1200.0,2.630529452694747e-05,0.00010075914819610651
orientation_1,-4,6,-8,1220.0,2.6115417441225345e-05,0.0001022933945894141
orientation_1,-4,6,-8,1240.0,2.5919364352150003e-05,0.00010382063089400272
orientation_1,-4,6,-8,1260.0,2.5717517004967413e-05,0.00010534075760162853
orientation_1,-4,6,-8,1280.0,2.551024372138581e-05,0.00010685367634515421
orientation_1,-4,6,-8,1300.0,2.5297899658950238e-05,0.00010835928940275562
orientation_1,-4,6,-8,1320.0,2.508082719510667e-05,0.00010985749972938689
orientation_1,-4,6,-8,1340.0,2.4859356343038617e-05,0.00011134821118003223
orientation_1,-4,6,-8,1360.0,2.463380506007715e-05,0.0001128313283025376
orientation_1,-4,6,-8,1380.0,2.4404479262011024e-05,0.00011430675473382325
orientation_1,-4,6,-8,1400.0,2.4171676128607186e-05,0.00011577440753984858
orientation_1,-4,6,-8,1420.0,2.3935674977319988e-05,0.00011723417128667042
orientation_1,-4,6,-8,1440.0,2.369675292341405e-05,0.00011868597278913532
orientation_1,-4,6,-8,1460.0,2.3455171643237744e-05,0.00012012971492740966
orientation_1,-4,6,-8,1480.0,2.3211183896442892e-05,0.00012156530705112515
orientation_1,-4,6,-8,1500.0,2.296503226606395e-05,0.00012299265710775042
orientation_1,-4,6,-8,1520.0,2.271695161180243e-05,0.00012441168352651563
orientation_1,-4,6,-8,1540.0,2.2467164949606098e-05,0.000125822291050247
orientation_1,-4,6,-8,1560.0,2.2215889115844375e-05,0.00012722440067925193
orientation_1,-4,6,-8,1580.0,2.1963328018599973e-05,0.0001286179093076533
orientation_1,-4,6,-8,1600.0,2.1709000553777464e-05,0.00013000201588422955
orientation_1,-4,6,-8,1620.0,2.1455143159000842e-05,0.0001313788280597635
orientation_1,-4,6,-8,1640.0,2.1199891118475744e-05,0.00013274606462671928
orientation_1,-4,6,-8,1660.0,2.0944101505789354e-05,0.0001341043751087306
orientation_1,-4,6,-8,1680.0,2.0687941913176257e-05,0.00013545367927469057
orientation_1,-4,6,-8,1700.0,2.0431571953480638e-05,0.00013679389236141923
orientation_1,-4,6,-8,1720.0,2.017514608175042e-05,0.0001381249427283476
orientation_1,-4,6,-8,1740.0,1.9918809756071588e-05,0.00013944674402019874
orientation_1,-4,6,-8,1760.0,1.9662717854655035e-05,0.00014075932763352465
orientation_1,-4,6,-8,1780.0,1.9407006800501997e-05,0.00014206264425828857
orientation_1,-4,6,-8,1800.0,1.915203895505104e-05,0.00014335589307431498
orientation_1,-4,6,-8,1820.0,1.8897070673476042e-05,0.00014463993852555744
orientation_1,-4,6,-8,1840.0,1.8643161236373548e-05,0.00014591435700148163
orientation_1,-4,6,-8,1860.0,1.8390084097783477e-05,0.00014717901638562023
orientation_1,-4,6,-8,1880.0,1.813796615346914e-05,0.0001484340242942458
orientation_1,-4,6,-8,1900.0,1.788688554439115e-05,0.00014967912939754533
orientation_1,-4,6,-8,1920.0,1.7636942252923623e-05,0.00015091430185237693
orientation_1,-4,6,-8,1940.0,1.738839444565879e-05,0.00015214099074131396
orientation_1,-4,6,-8,1960.0,1.714077759616992e-05,0.0001533541440907548
orientation_1,-4,6,-8,1980.0,1.6894837605606186e-05,0.0001545597440371157
orientation_1,-4,6,-8,2000.0,1.6650310647176793e-05,0.00015575460897616604
orientation_1,-4,6,-8,2020.0,1.6407327258154902e-05,0.00015693921353508418
orientation_1,-4,6,-8,2040.0,1.6166170354768192e-05,0.00015811353399733423
orientation_1,-4,6,-8,2060.0,1.592626946306101e-05,0.00015927746814736233
orientation_1,-4,6,-8,2080.0,1.568831226269179e-05,0.0001604309151752853
orientation_1,-4,6,-8,2100.0,1.5452061036200756e-05,0.00016157289611598948
orientation_1,-4,6,-8,2120.0,1.5217861213282338e-05,0.000162706523060943
orientation_1,-4,6,-8,2140.0,1.4985442943581461e-05,0.00016382826073413679
orientation_1,-4,6,-8,2160.0,1.4754978709115966e-05,0.00016493942282646008
orientation_1,-4,6,-8,2180.0,1.4526514865592939e-05,0.00016603999483209446
orientation_1,-4,6,-8,2200.0,1.4300058103688209e-05,0.0001671295194046429
orientation_1,-4,6,-8,2220.0,1.4075680078267157e-05,0.00016820834539463952
orientation_1,-4,6,-8,2240.0,1.385334957234522e-05,0.00016927559041291876
orientation_1,-4,6,-8,2260.0,1.3633361044295517e-05,0.00017033457095765305
orientation_1,-4,6,-8,2280.0,1.3415175000807683e-05,0.00017137786866604183
orientation_1,-4,6,-8,2300.0,1.3199491591694642e-05,0.00017241422996995388
orientation_1,-4,6,-8,2320.0,1.2985916779903364e-05,0.00017343810019220443
orientation_1,-4,6,-8,2340.0,1.2774578270686298e-05,0.00017445084272276515
orientation_1,-4,6,-8,2360.0,1.2565495552300188e-05,0.00017545238955897968
orientation_1,-4,6,-8,2380.0,1.2358658178612144e-05,0.00017644226898806507
orientation_1,-4,6,-8,2400.0,1.2154251437434566e-05,0.00017742300224601578
orientation_1,-4,6,-8,2420.0,1.1951905419453574e-05,0.0001783887257353578
orientation_1,-4,6,-8,2440.0,1.175203226358014e-05,0.0001793458797568363
orientation_1,-4,6,-8,2460.0,1.1554458700891911e-05,0.00018029087812510653
orientation_1,-4,6,-8,2480.0,1.135921793548986e-05,0.00018122443777878508
orientation_1,-4,6,-8,2500.0,1.1165651698659331e-05,0.0001821502785678821
orientation_1,5,-5,8,100.0,9.15806402175644e-06,1.0241508267016796e-05
orientation_1,5,-5,8,120.0,1.0747616553799098e-05,1.2290927996302426e-05
orientation_1,5,-5,8,140.0,1.2261521161607114e-05,1.4339337958125595e-05
orientation_1,5,-5,8,160.0,1.370222570347181e-05,1.638657016041912e-05
orientation_1,5,-5,8,180.0,1.5072112845141674e-05,1.8432456760644667e-05
orientation_1,5,-5,8,200.0,1.6373501543181403e-05,2.0476830083873327e-05
orientation_1,5,-5,8,220.0,1.7608648501310792e-05,2.2519522642398885e-05
orientation_1,5,-5,8,240.0,1.8779749599178388e-05,2.456036715589331e-05
orientation_1,5,-5,8,260.0,1.9888941293661435e-05,2.6599196571767108e-05
orientation_1,5,-5,8,280.0,2.09383019929838e-05,2.8635844085603943e-05
orientation_1,5,-5,8,300.0,2.1929853404011364e-05,3.067014316161225e-05
orientation_1,5,-5,8,320.0,2.2865561853110256e-05,3.270192755306682e-05
orientation_1,5,-5,8,340.0,2.374733958096267e-05,3.473103132272514e-05
orientation_1,5,-5,8,360.0,2.457704601173711e-05,3.6757288863209476e-05
orientation_1,5,-5,8,380.0,2.535648899700962e-05,3.878053491734895e-05
orientation_1,5,-5,8,400.0,2.6087426034830572e-05,4.08006045984765e-05
orientation_1,5,-5,8,420.0,2.677156546432859e-05,4.28173334106771e-05
orientation_1,5,-5,8,440.0,2.7410567636241034e-05,4.483055726898354e-05
orientation_1,5,-5,8,460.0,2.8006046059756008e-05,4.684011251951741e-05
orientation_1,5,-5,8,480.0,2.8559568526048232e-05,4.884583595957079e-05
orientation_1,5,-5,8,500.0,2.9072658208887495e-05,5.0847564857627316e-05
orientation_1,5,-5,8,520.0,2.9546794742694216e-05,5.284513697331896e-05
orientation_1,5,-5,8,540.0,2.9983415278413874e-05,5.483839057731556e-05
orientation_1,5,-5,8,560.0,3.0383915517577283e-05,5.6827164471144884e-05
orientation_1,5,-5,8,580.0,3.074965072491119e-05,5.881129800694065e-05
orientation_1,5,-5,8,600.0,3.108193671985724e-05,6.079063110711208e-05
orientation_1,5,-5,8,620.0,3.138205084735979e-05,6.276500428394473e-05
orientation_1,5,-5,8,640.0,3.165123292826772e-05,6.473425865910713e-05
orientation_1,5,-5,8,660.0,3.189068618970528e-05,6.669823598308412e-05
orientation_1,5,-5,8,680.0,3.2101578175759077e-05,6.865677865452463e-05
orientation_1,5,-5,8,700.0,3.2285041638784e-05,7.060972973949302e-05
orientation_1,5,-5,8,720.0,3.2442175411773125e-05,7.25569329906373e-05
orientation_1,5,-5,8,740.0,3.257404526194852e-05,7.449823286626137e-05
orientation_1,5,-5,8,760.0,3.2681684726072365e-05,7.643347454929327e-05
orientation_1,5,-5,8,780.0,3.276609592770616e-05,7.8362503966168e-05
orientation_1,5,-5,8,800.0,3.282825037676596e-05,8.028516780559992e-05
orientation_1,5,-5,8,820.0,3.2869089751688205e-05,8.220131353725248e-05
orientation_1,5,-5,8,840.0,3.288952666451299e-05,8.411078943028635e-05
orientation_1,5,-5,8,860.0,3.2890445409233746e-05,8.601344457188793e-05
orientation_1,5,-5,8,880.0,3.287270269359828e-05,8.790912888546686e-05
orientation_1,5,-5,8,900.0,3.283712835485844e-05,8.979769314902859e-05
orientation_1,5,-5,8,920.0,3.278452605957132e-05,9.167898901321624e-05
orientation_1,5,-5,8,940.0,3.2715673987857056e-05,9.355286901931257e-05
orientation_1,5,-5,8,960.0,3.26313344662886e-05,9.541918662258474e-05
orientation_1,5,-5,8,980.0,3.2532218937962946e-05,9.727779618269865e-05
orientation_1,5,-5,8,1000.0,3.2419041867501364e-05,9.912855303598954e-05
orientation_1,5,-5,8,1020.0,3.229248602848175e-05,0.00010097131345827615
orientation_1,5,-5,8,1040.0,3.215321190757738e-05,0.00010280593470973218
orientation_1,5,-5,8,1060.0,3.200185829936115e-05,0.00010463227504634225
orientation_1,5,-5,8,1080.0,3.183904288940609e-05,0.00010645019373696195
orientation_1,5,-5,8,1100.0,3.16653628241958e-05,0.00010825955108086949
orientation_1,5,-5,8,1120.0,3.148139526758499e-05,0.00011006020842407121
orientation_1,5,-5,8,1140.0,3.1287697944513755e-05,0.00011185202817580618
orientation_1,5,-5,8,1160.0,3.108480967226533e-05,0.00011363487382546071
orientation_1,5,-5,8,1180.0,3.087325086832166e-05,0.00011540860991727232
orientation_1,5,-5,8,1200.0,3.065352407920439e-05,0.00011717310214838682
orientation_1,5,-5,8,1220.0,3.0426114490665822e-05,0.00011892821745133366
orientation_1,5,-5,8,1240.0,3.019149038234508e-05,0.0001206738239058907
orientation_1,5,-5,8,1260.0,2.9950103496734016e-05,0.0001224097903251972
orientation_1,5,-5,8,1280.0,2.970238972063719e-05,0.00012413598716627664
orientation_1,5,-5,8,1300.0,2.9448769386634684e-05,0.00012585228595326088
orientation_1,5,-5,8,1320.0,2.918964772085516e-05,0.0001275585593176103
orientation_1,5,-5,8,1340.0,2.8925415328468166e-05,0.00012925468126348804
orientation_1,5,-5,8,1360.0,2.8656448553532464e-05,0.0001309405269282207
orientation_1,5,-5,8,1380.0,2.8383109494590795e-05,0.00013261597070627804
orientation_1,5,-5,8,1400.0,2.8105749877297545e-05,0.00013428090305645752
orientation_1,5,-5,8,1420.0,2.7824700360042814e-05,0.0001359351766874877
orientation_1,5,-5,8,1440.0,2.754028888301706e-05,0.00013757869414579232
orientation_1,5,-5,8,1460.0,2.725282515881835e-05,0.0001392113302717968
orientation_1,5,-5,8,1480.0,2.6962608314692733e-05,0.00014083296782715313
orientation_1,5,-5,8,1500.0,2.6669925416171263e-05,0.0001424434882710926
orientation_1,5,-5,8,1520.0,2.6375054345228683e-05,0.0001440427857039316
orientation_1,5,-5,8,1540.0,2.6078258967463532e-05,0.00014563073852046874
orientation_1,5,-5,8,1560.0,2.5779795776106792e-05,0.0001472072445318049
orientation_1,5,-5,8,1580.0,2.5479905980978784e-05,0.00014877217364679934
orientation_1,5,-5,8,1600.0,2.517802839066384e-05,0.0001503245786316895
orientation_1,5,-5,8,1620.0,2.487678439734377e-05,0.00015186691965802203
orientation_1,5,-5,8,1640.0,2.457399208598363e-05,0.0001533965164449102
orientation_1,5,-5,8,1660.0,2.4270657107026462e-05,0.00015491412194388378
orientation_1,5,-5,8,1680.0,2.396697747843206e-05,0.00015641963469033328
orientation_1,5,-5,8,1700.0,2.3663141745010606e-05,0.00015791294826903604
orientation_1,5,-5,8,1720.0,2.335933228946818e-05,0.0001593939720421403
orientation_1,5,-5,8,1740.0,2.3055720828964676e-05,0.00016086259846713374
orientation_1,5,-5,8,1760.0,2.2752490010661284e-05,0.0001623188583689234
orientation_1,5,-5,8,1780.0,2.244980071420738e-05,0.00016376268819581435
orientation_1,5,-5,8,1800.0,2.214807795130525e-05,0.00016519314499956352
orientation_1,5,-5,8,1820.0,2.18464529147252e-05,0.0001666112362395821
orientation_1,5,-5,8,1840.0,2.154616576346852e-05,0.00016801646134234784
orientation_1,5,-5,8,1860.0,2.1246952237752604e-05,0.00016940866119405373
orientation_1,5,-5,8,1880.0,2.0948961644002154e-05,0.00017078795897851535
orientation_1,5,-5,8,1900.0,2.065228586362694e-05,0.00017215405618935652
orientation_1,5,-5,8,1920.0,2.035704240199575e-05,0.0001735069152260354
orientation_1,5,-5,8,1940.0,2.006353397362233e-05,0.00017484823096342248
orientation_1,5,-5,8,1960.0,1.9771216654869566e-05,0.00017617208401713095
orientation_1,5,-5,8,1980.0,1.948096409040112e-05,0.00017748547874312111
orientation_1,5,-5,8,2000.0,1.919246737282032e-05,0.00017878468814405078
orientation_1,5,-5,8,2020.0,1.890587933371734e-05,0.00018007026629343416
orientation_1,5,-5,8,2040.0,1.8621532567069997e-05,0.0001813421866230232
orientation_1,5,-5,8,2060.0,1.8338754546417202e-05,0.00018260032754511085
orientation_1,5,-5,8,2080.0,1.8058354393601358e-05,0.00018384457176217226
orientation_1,5,-5,8,2100.0,1.7780052123661303e-05,0.00018507377307570115
orientation_1,5,-5,8,2120.0,1.7504251756492742e-05,0.0001862915784188332
orientation_1,5,-5,8,2140.0,1.7230636708180773e-05,0.00018749384788665837
orientation_1,5,-5,8,2160.0,1.69594084198524e-05,0.00018868212219683934
orientation_1,5,-5,8,2180.0,1.669062052178724e-05,0.0001898563864612131
orientation_1,5,-5,8,2200.0,1.6424280189787174e-05,0.00019101610814216128
orientation_1,5,-5,8,2220.0,1.61604705321141e-05,0.00019216169856983129
orientation_1,5,-5,8,2240.0,1.589915414903515e-05,0.00019329212682013755
orientation_1,5,-5,8,2260.0,1.5640675151877367e-05,0.00019441128403889328
orientation_1,5,-5,8,2280.0,1.5384400696763405e-05,0.0001955104837943923
orientation_1,5,-5,8,2300.0,1.5131149643321751e-05,0.00019659997240396024
orientation_1,5,-5,8,2320.0,1.4880459731134422e-05,0.00019767325547885684
orientation_1,5,-5,8,2340.0,1.4632479408259806e-05,0.00019873192924269007
orientation_1,5,-5,8,2360.0,1.4387230304971313e-05,0.00019977592340681192
orientation_1,5,-5,8,2380.0,1.4144699071261879e-05,0.00020080469058603268
orientation_1,5,-5,8,2400.0,1.3905101789442201e-05,0.00020182119297703746
orientation_1,5,-5,8,2420.0,1.366800356156295e-05,0.0002028185657834936
orientation_1,5,-5,8,2440.0,1.3433912561762303e-05,0.00020380436148927412
orientation_1,5,-5,8,2460.0,1.3202571551822214e-05,0.00020477438954626904
orientation_1,5,-5,8,2480.0,1.2974044660756367e-05,0.00020572949356902718
orientation_1,5,-5,8,2500.0,1.2747558348769958e-05,0.00020667405268919343
orientation_1,-1,-11,12,100.0,2.684928413145221e-06,3.0045914537893367e-06
orientation_1,-1,-11,12,120.0,3.150859104896183e-06,3.6062215059039653e-06
orientation_1,-1,-11,12,140.0,3.59465589084286e-06,4.207764649014745e-06
orientation_1,-1,-11,12,160.0,4.017062551469887e-06,4.809206402760447e-06
orientation_1,-1,-11,12,180.0,4.418801243879886e-06,5.410532291773239e-06
orientation_1,-1,-11,12,200.0,4.8005730774935965e-06,6.011727845445932e-06
orientation_1,-1,-11,12,220.0,5.163058675766905e-06,6.612778598155333e-06
orientation_1,-1,-11,12,240.0,5.506918723984324e-06,7.213670089651907e-06
orientation_1,-1,-11,12,260.0,5.832794503368321e-06,7.814387865517578e-06
orientation_1,-1,-11,12,280.0,6.14130841179565e-06,8.41491747765424e-06
orientation_1,-1,-11,12,300.0,6.433064471425313e-06,9.015244484786956e-06
orientation_1,-1,-11,12,320.0,6.708648823543971e-06,9.615354452974669e-06
orientation_1,-1,-11,12,340.0,6.96863021093111e-06,1.0215232956124864e-05
orientation_1,-1,-11,12,360.0,7.213780215496582e-06,1.0814865576510263e-05
orientation_1,-1,-11,12,380.0,7.4442142566608744e-06,1.1414237905286657e-05
orientation_1,-1,-11,12,400.0,7.660652120816581e-06,1.2013335543011204e-05
orientation_1,-1,-11,12,420.0,7.86359748847647e-06,1.2612144100160917e-05
orientation_1,-1,-11,12,440.0,8.053538879306452e-06,1.3210649197651124e-05
orientation_1,-1,-11,12,460.0,8.230950065512479e-06,1.380883646735371e-05
orientation_1,-1,-11,12,480.0,8.396290474700532e-06,1.4406691552615048e-05
orientation_1,-1,-11,12,500.0,8.550005582463231e-06,1.5004200108773697e-05
orientation_1,-1,-11,12,520.0,8.69252729494128e-06,1.5601347803677533e-05
orientation_1,-1,-11,12,540.0,8.824274321601912e-06,1.6198120318200566e-05
orientation_1,-1,-11,12,560.0,8.945652538471203e-06,1.6794503346759183e-05
orientation_1,-1,-11,12,580.0,9.05705534205155e-06,1.7390482597828078e-05
orientation_1,-1,-11,12,600.0,9.158863994149931e-06,1.79860437944547e-05
orientation_1,-1,-11,12,620.0,9.25144795783804e-06,1.858117267477549e-05
orientation_1,-1,-11,12,640.0,9.335165224760991e-06,1.9175854992528333e-05
orientation_1,-1,-11,12,660.0,9.410362634001007e-06,1.9770076517566448e-05
orientation_1,-1,-11,12,680.0,9.477376182710442e-06,2.0363823036375118e-05
orientation_1,-1,-11,12,700.0,9.5365313286976e-06,2.095708035256705e-05
orientation_1,-1,-11,12,720.0,9.588143285197149e-06,2.1549834287425894e-05
orientation_1,-1,-11,12,740.0,9.632517307964e-06,2.214207068038599e-05
orientation_1,-1,-11,12,760.0,9.669948974928236e-06,2.2733775389556267e-05
orientation_1,-1,-11,12,780.0,9.700724458565888e-06,2.332493429222811e-05
orientation_1,-1,-11,12,800.0,9.72512079117201e-06,2.3915533285383772e-05
orientation_1,-1,-11,12,820.0,9.743406123209892e-06,2.4505558286203396e-05
orientation_1,-1,-11,12,840.0,9.755839974905406e-06,2.5094995232567965e-05
orientation_1,-1,-11,12,860.0,9.762673481264283e-06,2.568383008358652e-05
orientation_1,-1,-11,12,880.0,9.764149630640343e-06,2.627204882005941e-05
orientation_1,-1,-11,12,900.0,9.76050349707035e-06,2.685963744502431e-05
orientation_1,-1,-11,12,920.0,9.751962466474078e-06,2.7446581984239654e-05
orientation_1,-1,-11,12,940.0,9.738746456904086e-06,2.803286848668996e-05
orientation_1,-1,-11,12,960.0,9.721068133519535e-06,2.8618483026684717e-05
orientation_1,-1,-11,12,980.0,9.699133114670592e-06,2.9203411696376268e-05
orientation_1,-1,-11,12,1000.0,9.673140180511305e-06,2.9787640622225374e-05
orientation_1,-1,-11,12,1020.0,9.643281465479905e-06,3.037115594952333e-05
orientation_1,-1,-11,12,1040.0,9.609742653600587e-06,3.095394385092868e-05
orientation_1,-1,-11,12,1060.0,9.572703165393485e-06,3.15359905252773e-05
orientation_1,-1,-11,12,1080.0,9.532336340353473e-06,3.211728219806884e-05
orientation_1,-1,-11,12,1100.0,9.488809614619933e-06,3.269780512216505e-05
orientation_1,-1,-11,12,1120.0,9.442284693750356e-06,3.327754557798965e-05
orientation_1,-1,-11,12,1140.0,9.392917721022808e-06,3.3856489874262705e-05
orientation_1,-1,-11,12,1160.0,9.340859441103881e-06,3.4434624348315455e-05
orientation_1,-1,-11,12,1180.0,9.286255356209538e-06,3.5011935354519316e-05
orientation_1,-1,-11,12,1200.0,9.229245887613214e-06,3.5588409288674586e-05
orientation_1,-1,-11,12,1220.0,9.169966531021542e-06,3.616403260798743e-05
orientation_1,-1,-11,12,1240.0,9.108547995093882e-06,3.673879180142371e-05
orientation_1,-1,-11,12,1260.0,9.045116313889144e-06,3.7312673263301986e-05
orientation_1,-1,-11,12,1280.0,8.979793050811258e-06,3.7885663557117504e-05
orientation_1,-1,-11,12,1300.0,8.912695390215792e-06,3.8457749241858586e-05
orientation_1,-1,-11,12,1320.0,8.843936271588665e-06,3.902891688013153e-05
orientation_1,-1,-11,12,1340.0,8.77362453410779e-06,3.959915311154096e-05
orientation_1,-1,-11,12,1360.0,8.701865210559202e-06,4.016844457903252e-05
orientation_1,-1,-11,12,1380.0,8.628758601238151e-06,4.073677737593097e-05
orientation_1,-1,-11,12,1400.0,8.554403273333723e-06,4.1304141962222945e-05
orientation_1,-1,-11,12,1420.0,8.478891065750233e-06,4.187051740347857e-05
orientation_1,-1,-11,12,1440.0,8.402313395319861e-06,4.243589701792957e-05
orientation_1,-1,-11,12,1460.0,8.32475672103749e-06,4.3000265660807414e-05
orientation_1,-1,-11,12,1480.0,8.246303816507294e-06,4.356361015643683e-05
orientation_1,-1,-11,12,1500.0,8.167035633269569e-06,4.412591859665572e-05
orientation_1,-1,-11,12,1520.0,8.08702838613696e-06,4.4687174403860935e-05
orientation_1,-1,-11,12,1540.0,8.006356753096827e-06,4.524736805941463e-05
orientation_1,-1,-11,12,1560.0,7.925091975243171e-06,4.580648734926521e-05
orientation_1,-1,-11,12,1580.0,7.843301366246402e-06,4.636451353576963e-05
orientation_1,-1,-11,12,1600.0,7.760816903937743e-06,4.691999754789094e-05
orientation_1,-1,-11,12,1620.0,7.678404881287873e-06,4.747725038280921e-05
orientation_1,-1,-11,12,1640.0,7.5954219431345535e-06,4.803193341721399e-05
orientation_1,-1,-11,12,1660.0,7.5121605022359435e-06,4.858547564136978e-05
orientation_1,-1,-11,12,1680.0,7.428676096053673e-06,4.913786479870512e-05
orientation_1,-1,-11,12,1700.0,7.345021657441194e-06,4.968908681066386e-05
orientation_1,-1,-11,12,1720.0,7.261248475395725e-06,5.023913178953109e-05
orientation_1,-1,-11,12,1740.0,7.177404884088986e-06,5.078798455830112e-05
orientation_1,-1,-11,12,1760.0,7.093542570150875e-06,5.1335670031722477e-05
orientation_1,-1,-11,12,1780.0,7.009707042918858e-06,5.188218537266233e-05
orientation_1,-1,-11,12,1800.0,6.9260220028308125e-06,5.242814695647196e-05
orientation_1,-1,-11,12,1820.0,6.8422292721064074e-06,5.2971230539668056e-05
orientation_1,-1,-11,12,1840.0,6.758693320712234e-06,5.351393835407499e-05
orientation_1,-1,-11,12,1860.0,6.675334909686873e-06,5.405535974728976e-05
orientation_1,-1,-11,12,1880.0,6.592196715376762e-06,5.459554319577864e-05
orientation_1,-1,-11,12,1900.0,6.5093049972659056e-06,5.513441540868846e-05
orientation_1,-1,-11,12,1920.0,6.426693479166778e-06,5.567197762806781e-05
orientation_1,-1,-11,12,1940.0,6.34445037513534e-06,5.6208739210773906e-05
orientation_1,-1,-11,12,1960.0,6.262415667431097e-06,5.6742975294479014e-05
orientation_1,-1,-11,12,1980.0,6.180845459137973e-06,5.727675318492429e-05
orientation_1,-1,-11,12,2000.0,6.0996487727284605e-06,5.7808989358065585e-05
orientation_1,-1,-11,12,2020.0,6.01887045219908e-06,5.833985790739236e-05
orientation_1,-1,-11,12,2040.0,5.9385352612873185e-06,5.886935901669143e-05
orientation_1,-1,-11,12,2060.0,5.858664206784606e-06,5.939746892963253e-05
orientation_1,-1,-11,12,2080.0,5.779276950038227e-06,5.9924161845294e-05
orientation_1,-1,-11,12,2100.0,5.7003642784647025e-06,6.0449110517903745e-05
orientation_1,-1,-11,12,2120.0,5.622045108079204e-06,6.0973392364382596e-05
orientation_1,-1,-11,12,2140.0,5.544227130141247e-06,6.149580167812987e-05
orientation_1,-1,-11,12,2160.0,5.466970111587591e-06,6.201679774011295e-05
orientation_1,-1,-11,12,2180.0,5.390290593745343e-06,6.253638327453612e-05
orientation_1,-1,-11,12,2200.0,5.314191627887756e-06,6.305440841865607e-05
orientation_1,-1,-11,12,2220.0,5.238698067000001e-06,6.357099996889782e-05
orientation_1,-1,-11,12,2240.0,5.163800015663454e-06,6.408586214305429e-05
orientation_1,-1,-11,12,2260.0,5.089599338865535e-06,6.460014029728349e-05
orientation_1,-1,-11,12,2280.0,5.015911653537871e-06,6.511128952059208e-05
orientation_1,-1,-11,12,2300.0,4.9429788691495295e-06,6.562232793751243e-05
orientation_1,-1,-11,12,2320.0,4.870665961674398e-06,6.613134379935358e-05
orientation_1,-1,-11,12,2340.0,4.799018034999616e-06,6.663881514190372e-05
orientation_1,-1,-11,12,2360.0,4.72804272492855e-06,6.714472407128758e-05
orientation_1,-1,-11,12,2380.0,4.657737219156419e-06,6.764891111688524e-05
orientation_1,-1,-11,12,2400.0,4.588166640139634e-06,6.815224331822122e-05
orientation_1,-1,-11,12,2420.0,4.519205761798412e-06,6.865271822389764e-05
orientation_1,-1,-11,12,2440.0,4.448589216528798e-06,6.915254465681241e-05
orientation_1,-1,-11,12,2460.0,4.383488779061943e-06,6.965049817648956e-05
orientation_1,-1,-11,12,2480.0,4.316678833710352e-06,7.014682233777821e-05
orientation_1,-1,-11,12,2500.0,4.250653651393402e-06,7.064279705454998e-05
orientation_1,2,-8,10,100.0,5.2937723780039815e-06,5.919608498793975e-06
orientation_1,2,-8,10,120.0,6.213091983773731e-06,7.104628004595724e-06
orientation_1,2,-8,10,140.0,7.0889022148593494e-06,8.28931015675087e-06
orientation_1,2,-8,10,160.0,7.922636721613807e-06,9.47359878351468e-06
orientation_1,2,-8,10,180.0,8.715689063865666e-06,1.0657437743765938e-05
orientation_1,2,-8,10,200.0,9.46941371265796e-06,1.1840770929512016e-05
orientation_1,2,-8,10,220.0,1.0185127030055684e-05,1.302354226929058e-05
orientation_1,2,-8,10,240.0,1.0864108226932819e-05,1.4205695731896297e-05
orientation_1,2,-8,10,260.0,1.1507600299011624e-05,1.5387175330239426e-05
orientation_1,2,-8,10,280.0,1.2116810941534537e-05,1.6567925125261414e-05
orientation_1,2,-8,10,300.0,1.2692913442982662e-05,1.7747889229876532e-05
orientation_1,2,-8,10,320.0,1.3237047558263075e-05,1.8927011812924594e-05
orientation_1,2,-8,10,340.0,1.37503203617865e-05,2.0105237103127566e-05
orientation_1,2,-8,10,360.0,1.4233807080851502e-05,2.1282509393046218e-05
orientation_1,2,-8,10,380.0,1.4688551909746343e-05,2.2458773043034497e-05
orientation_1,2,-8,10,400.0,1.5115568804971667e-05,2.363397248519019e-05
orientation_1,2,-8,10,420.0,1.5515842261980856e-05,2.4808052227301206e-05
orientation_1,2,-8,10,440.0,1.5890327964735195e-05,2.5980956856786183e-05
orientation_1,2,-8,10,460.0,1.623995395551378e-05,2.715263104462975e-05
orientation_1,2,-8,10,480.0,1.656562072640028e-05,2.8323019549311043e-05
orientation_1,2,-8,10,500.0,1.686820233990625e-05,2.9492067220725756e-05
orientation_1,2,-8,10,520.0,1.714854701733857e-05,3.065971900410121e-05
orientation_1,2,-8,10,540.0,1.7407477812573725e-05,3.1825919943903614e-05
orientation_1,2,-8,10,560.0,1.7645793269927066e-05,3.2990615187737904e-05
orientation_1,2,-8,10,580.0,1.786426806645871e-05,3.41537499902398e-05
orientation_1,2,-8,10,600.0,1.806365363904916e-05,3.5315269716957126e-05
orientation_1,2,-8,10,620.0,1.824467879657514e-05,3.64751198482283e-05
orientation_1,2,-8,10,640.0,1.8408050317503833e-05,3.7633245983043474e-05
orientation_1,2,-8,10,660.0,1.855445353322391e-05,3.878959384290206e-05
orientation_1,2,-8,10,680.0,1.868455289742498e-05,3.99441092756609e-05
orientation_1,2,-8,10,700.0,1.8798992541806846e-05,4.109673825936823e-05
orientation_1,2,-8,10,720.0,1.889839681847862e-05,4.22474269060914e-05
orientation_1,2,-8,10,740.0,1.8983370829238218e-05,4.339612146573306e-05
orientation_1,2,-8,10,760.0,1.9054500942115904e-05,4.454276832983247e-05
orientation_1,2,-8,10,780.0,1.9112355295407528e-05,4.568731403536208e-05
orientation_1,2,-8,10,800.0,1.9157484289487022e-05,4.6829705268509854e-05
orientation_1,2,-8,10,820.0,1.919042106666663e-05,4.796988886844768e-05
orientation_1,2,-8,10,840.0,1.921168197936574e-05,4.910781183108195e-05
orientation_1,2,-8,10,860.0,1.9221767046869754e-05,5.024342131284122e-05
orientation_1,2,-8,10,880.0,1.9221160400864294e-05,5.1376664634326115e-05
orientation_1,2,-8,10,900.0,1.9210330720106063e-05,5.2507489284112084e-05
orientation_1,2,-8,10,920.0,1.9189731654362156e-05,5.363584292241622e-05
orientation_1,2,-8,10,940.0,1.9159802237922168e-05,5.476167338479674e-05
orientation_1,2,-8,10,960.0,1.912096729395597e-05,5.5884928688983736e-05
orientation_1,2,-8,10,980.0,1.9073637822531246e-05,5.7005557022792665e-05
orientation_1,2,-8,10,1000.0,1.9018211394767823e-05,5.812350677928013e-05
orientation_1,2,-8,10,1020.0,1.8955072516253684e-05,5.923872652885384e-05
orientation_1,2,-8,10,1040.0,1.888459299707545e-05,6.035116503875713e-05
orientation_1,2,-8,10,1060.0,1.8807132306287465e-05,6.146077127334717e-05
orientation_1,2,-8,10,1080.0,1.8723037918590346e-05,6.25674943976664e-05
orientation_1,2,-8,10,1100.0,1.86326456524281e-05,6.367128378141987e-05
orientation_1,2,-8,10,1120.0,1.8536279999290464e-05,6.477208900195462e-05
orientation_1,2,-8,10,1140.0,1.843425444501728e-05,6.586985984827796e-05
orientation_1,2,-8,10,1160.0,1.8326871782744535e-05,6.696454632423562e-05
orientation_1,2,-8,10,1180.0,1.82144244117903e-05,6.805609862824285e-05
orientation_1,2,-8,10,1200.0,1.809719464779563e-05,6.914446720392213e-05
orientation_1,2,-8,10,1220.0,1.79754550214285e-05,7.022960278196725e-05
orientation_1,2,-8,10,1240.0,1.784946854443453e-05,7.131145632391988e-05
orientation_1,2,-8,10,1260.0,1.771948892516399e-05,7.238997877627257e-05
orientation_1,2,-8,10,1280.0,1.758576096461578e-05,7.346512159208463e-05
orientation_1,2,-8,10,1300.0,1.7448520731925485e-05,7.453683639158584e-05
orientation_1,2,-8,10,1320.0,1.7307995824106825e-05,7.560507498034387e-05
orientation_1,2,-8,10,1340.0,1.7164405646879778e-05,7.666978949668037e-05
orientation_1,2,-8,10,1360.0,1.7017961622682063e-05,7.773093226851556e-05
orientation_1,2,-8,10,1380.0,1.686886719944474e-05,7.878845472531725e-05
orientation_1,2,-8,10,1400.0,1.6717320085418307e-05,7.984055080635615e-05
orientation_1,2,-8,10,1420.0,1.6563506073871903e-05,8.089245732952886e-05
orientation_1,2,-8,10,1440.0,1.6407609636158623e-05,8.19388416734602e-05
orientation_1,2,-8,10,1460.0,1.624980496440972e-05,8.29814198814546e-05
orientation_1,2,-8,10,1480.0,1.6090260382484884e-05,8.402014578755177e-05
orientation_1,2,-8,10,1500.0,1.592913821150366e-05,8.505497592913997e-05
orientation_1,2,-8,10,1520.0,1.5766592825834058e-05,8.608585781894074e-05
orientation_1,2,-8,10,1540.0,1.560277506650272e-05,8.711275312125452e-05
orientation_1,2,-8,10,1560.0,1.5437828866798532e-05,8.813561837467782e-05
orientation_1,2,-8,10,1580.0,1.5271890287509116e-05,8.91543974593002e-05
orientation_1,2,-8,10,1600.0,1.5104631694020883e-05,9.016856142908575e-05
orientation_1,2,-8,10,1620.0,1.4937565743036444e-05,9.117955011709619e-05
orientation_1,2,-8,10,1640.0,1.4769428214009787e-05,9.218583194225035e-05
orientation_1,2,-8,10,1660.0,1.460079804468237e-05,9.318785899441316e-05
orientation_1,2,-8,10,1680.0,1.4431787442790528e-05,9.418558901500336e-05
orientation_1,2,-8,10,1700.0,1.4262503354046432e-05,9.517897636467654e-05
orientation_1,2,-8,10,1720.0,1.4093049363585963e-05,9.616798391875344e-05
orientation_1,2,-8,10,1740.0,1.3923523102392744e-05,9.715256430700338e-05
orientation_1,2,-8,10,1760.0,1.3754028695234098e-05,9.813274946151538e-05
orientation_1,2,-8,10,1780.0,1.3584657934327691e-05,9.91085165942605e-05
orientation_1,2,-8,10,1800.0,1.3415656114994508e-05,0.00010008105973943624
orientation_1,2,-8,10,1820.0,1.3246517986396692e-05,0.0001010457946891696
orientation_1,2,-8,10,1840.0,1.3077961911257852e-05,0.00010200762334484674
orientation_1,2,-8,10,1860.0,1.2909833932627168e-05,0.00010296473910548063
orientation_1,2,-8,10,1880.0,1.2742219827535511e-05,0.00010391722260932597
orientation_1,2,-8,10,1900.0,1.2575172691167536e-05,0.00010486491291502944
orientation_1,2,-8,10,1920.0,1.2408760359790125e-05,0.00010580779749690598
orientation_1,2,-8,10,1940.0,1.2243157883645014e-05,0.00010674686487967585
orientation_1,2,-8,10,1960.0,1.2078051142399572e-05,0.00010767870203418615
orientation_1,2,-8,10,1980.0,1.1913945670711182e-05,0.00010860736659739205
orientation_1,2,-8,10,2000.0,1.1750663306070242e-05,0.0001095307101723384
orientation_1,2,-8,10,2020.0,1.158829316424476e-05,0.00011044906117119461
orientation_1,2,-8,10,2040.0,1.1427025915142186e-05,0.00011136383515982674
orientation_1,2,-8,10,2060.0,1.126648052880058e-05,0.00011227068731283762
orientation_1,2,-8,10,2080.0,1.1107119190119406e-05,0.00011317383695138958
orientation_1,2,-8,10,2100.0,1.0948783318983642e-05,0.00011407119813874086
orientation_1,2,-8,10,2120.0,1.0791707739268111e-05,0.00011496488194469964
orientation_1,2,-8,10,2140.0,1.0635710865439059e-05,0.00011585249908840797
orientation_1,2,-8,10,2160.0,1.0480910678467401e-05,0.00011673494291043483
orientation_1,2,-8,10,2180.0,1.0327339712865012e-05,0.00011761220643170307
orientation_1,2,-8,10,2200.0,1.0175003727752168e-05,0.0001184839824471223
orientation_1,2,-8,10,2220.0,1.0023952606328201e-05,0.0001193505106989963
orientation_1,2,-8,10,2240.0,9.874166595007992e-06,0.00012021119536787703
orientation_1,2,-8,10,2260.0,9.72584636198512e-06,0.00012106828207051919
orientation_1,2,-8,10,2280.0,9.57862779553701e-06,0.00012191675094127839
orientation_1,2,-8,10,2300.0,9.432987722871316e-06,0.00012276252769825855
orientation_1,2,-8,10,2320.0,9.288659563194555e-06,0.00012360184616903324
orientation_1,2,-8,10,2340.0,9.145732320720979e-06,0.00012443563421458628
orientation_1,2,-8,10,2360.0,9.004219509444464e-06,0.00012526384239897487
orientation_1,2,-8,10,2380.0,8.86411668507823e-06,0.0001260861559559675
orientation_1,2,-8,10,2400.0,8.725550009013411e-06,0.00012690427244025962
orientation_1,2,-8,10,2420.0,8.588273195699595e-06,0.0001277142284184652
orientation_1,2,-8,10,2440.0,8.447818620383348e-06,0.00012852037826931368
orientation_1,2,-8,10,2460.0,8.318326119071927e-06,0.000129320295111028
orientation_1,2,-8,10,2480.0,8.185548306846772e-06,0.00013011445628730896
orientation_1,2,-8,10,2500.0,8.053804133976931e-06,0.00013090537741205512
orientation_1,-8,6,-10,100.0,4.310881316760146e-06,4.823008695208984e-06
orientation_1,-8,6,-10,120.0,5.059071814860404e-06,5.788598207043048e-06
orientation_1,-8,6,-10,140.0,5.771724371718667e-06,6.753963776977159e-06
orientation_1,-8,6,-10,160.0,6.450021339212192e-06,7.719068108623742e-06
orientation_1,-8,6,-10,180.0,7.095111419503093e-06,8.683873922876912e-06
orientation_1,-8,6,-10,200.0,7.708110530103799e-06,9.648343958860419e-06
orientation_1,-8,6,-10,220.0,8.290102649075589e-06,1.0612440975606946e-05
orientation_1,-8,6,-10,240.0,8.842140640358935e-06,1.1576127754003405e-05
orientation_1,-8,6,-10,260.0,9.365247059526963e-06,1.2539367098844524e-05
orientation_1,-8,6,-10,280.0,9.860414940338766e-06,1.350212184093469e-05
orientation_1,-8,6,-10,300.0,1.0328608562494812e-05,1.4464354839211932e-05
orientation_1,-8,6,-10,320.0,1.0770764201000791e-05,1.542602898288282e-05
orientation_1,-8,6,-10,340.0,1.1187790857543832e-05,1.6387107193561923e-05
orientation_1,-8,6,-10,360.0,1.1580570974279383e-05,1.7347552427413308e-05
orientation_1,-8,6,-10,380.0,1.194996113041947e-05,1.8307327677291872e-05
orientation_1,-8,6,-10,400.0,1.2296792722006441e-05,1.926639597488378e-05
orientation_1,-8,6,-10,420.0,1.2621872625247953e-05,2.022472039284535e-05
orientation_1,-8,6,-10,440.0,1.2925983843781948e-05,2.1182264046939724e-05
orientation_1,-8,6,-10,460.0,1.3209886140232387e-05,2.213899009817128e-05
orientation_1,-8,6,-10,480.0,1.3474316652409292e-05,2.309486175491726e-05
orientation_1,-8,6,-10,500.0,1.3719990494499419e-05,2.40498422750566e-05
orientation_1,-8,6,-10,520.0,1.3947601086325359e-05,2.5003894968095602e-05
orientation_1,-8,6,-10,540.0,1.415782174059889e-05,2.5956983197290574e-05
orientation_1,-8,6,-10,560.0,1.4351304719463123e-05,2.690907038176683e-05
orientation_1,-8,6,-10,580.0,1.4528682766066848e-05,2.786011999863438e-05
orientation_1,-8,6,-10,600.0,1.4690569392364306e-05,2.8810095585098674e-05
orientation_1,-8,6,-10,620.0,1.48375593971253e-05,2.9758960740571363e-05
orientation_1,-8,6,-10,640.0,1.497022937116351e-05,3.070667912877111e-05
orientation_1,-8,6,-10,660.0,1.5089138190076899e-05,3.165321447982483e-05
orientation_1,-8,6,-10,680.0,1.5194827494788648e-05,3.2598530592369204e-05
orientation_1,-8,6,-10,700.0,1.5287822160150406e-05,3.354259133561543e-05
orientation_1,-8,6,-10,720.0,1.5368630751932797e-05,3.448536065148686e-05
orientation_1,-8,6,-10,740.0,1.543774597238917e-05,3.542680255665148e-05
orientation_1,-8,6,-10,760.0,1.549564509473444e-05,3.636688114462154e-05
orientation_1,-8,6,-10,780.0,1.5540631468028973e-05,3.7305560587823215e-05
orientation_1,-8,6,-10,800.0,1.5579629523788757e-05,3.8242805139663894e-05
orientation_1,-8,6,-10,820.0,1.5606595991393068e-05,3.9178579136592954e-05
orientation_1,-8,6,-10,840.0,1.5624109477817858e-05,4.0112847000151926e-05
orientation_1,-8,6,-10,860.0,1.5632576256658906e-05,4.104557323905991e-05
orientation_1,-8,6,-10,880.0,1.5632389559793114e-05,4.197672245119114e-05
orientation_1,-8,6,-10,900.0,1.562392994093745e-05,4.290625932568239e-05
orientation_1,-8,6,-10,920.0,1.5607565629958122e-05,4.3834148644934124e-05
orientation_1,-8,6,-10,940.0,1.55836528781979e-05,4.4760355286643176e-05
orientation_1,-8,6,-10,960.0,1.5552536295880744e-05,4.568484422839095e-05
orientation_1,-8,6,-10,980.0,1.551454917576002e-05,4.66075805368325e-05
orientation_1,-8,6,-10,1000.0,1.547001382133384e-05,4.7528529395359015e-05
orientation_1,-8,6,-10,1020.0,1.5419241849618832e-05,4.844765608042972e-05
orientation_1,-8,6,-10,1040.0,1.5362534498915027e-05,4.936492597648485e-05
orientation_1,-8,6,-10,1060.0,1.5300182923522987e-05,5.028030457522495e-05
orientation_1,-8,6,-10,1080.0,1.523246848175618e-05,5.119375747757817e-05
orientation_1,-8,6,-10,1100.0,1.5159663016621257e-05,5.2105250396003096e-05
orientation_1,-8,6,-10,1120.0,1.5082029129007302e-05,5.301474915598538e-05
orientation_1,-8,6,-10,1140.0,1.4999820444048201e-05,5.3922219698386805e-05
orientation_1,-8,6,-10,1160.0,1.4913281870378113e-05,5.482762808111607e-05
orientation_1,-8,6,-10,1180.0,1.4822649847649977e-05,5.573094046170528e-05
orientation_1,-8,6,-10,1200.0,1.4728152602947675e-05,5.663212313764549e-05
orientation_1,-8,6,-10,1220.0,1.4630010397628292e-05,5.7531142579594326e-05
orientation_1,-8,6,-10,1240.0,1.4528435747337986e-05,5.842796538477339e-05
orientation_1,-8,6,-10,1260.0,1.442363360055425e-05,5.932255807553064e-05
orientation_1,-8,6,-10,1280.0,1.4315801664081446e-05,6.02148875236458e-05
orientation_1,-8,6,-10,1300.0,1.420513054856437e-05,6.110492067282017e-05
orientation_1,-8,6,-10,1320.0,1.4091803982486768e-05,6.19926245527068e-05
orientation_1,-8,6,-10,1340.0,1.3975999043114003e-05,6.287796639802375e-05
orientation_1,-8,6,-10,1360.0,1.3857886327981166e-05,6.376091353119767e-05
orientation_1,-8,6,-10,1380.0,1.3737629963918196e-05,6.464143247533669e-05
orientation_1,-8,6,-10,1400.0,1.3615389428983026e-05,6.551949685132424e-05
orientation_1,-8,6,-10,1420.0,1.3491314524147119e-05,6.639506206667041e-05
orientation_1,-8,6,-10,1440.0,1.3365554003077607e-05,6.726810650405276e-05
orientation_1,-8,6,-10,1460.0,1.323824827724989e-05,6.813859504350547e-05
orientation_1,-8,6,-10,1480.0,1.3109533010004598e-05,6.900649581612687e-05
orientation_1,-8,6,-10,1500.0,1.2979539007728588e-05,6.987177908101022e-05
orientation_1,-8,6,-10,1520.0,1.2848390638640106e-05,7.073440767915571e-05
orientation_1,-8,6,-10,1540.0,1.2716209425629175e-05,7.159435589523827e-05
orientation_1,-8,6,-10,1560.0,1.2583111301003151e-05,7.245159376937082e-05
orientation_1,-8,6,-10,1580.0,1.2449205820441215e-05,7.330608095676651e-05
orientation_1,-8,6,-10,1600.0,1.2314224752014764e-05,7.415548150712395e-05
orientation_1,-8,6,-10,1620.0,1.217939938934159e-05,7.500670459982112e-05
orientation_1,-8,6,-10,1640.0,1.204369843840053e-05,7.585277666857608e-05
orientation_1,-8,6,-10,1660.0,1.1907592465985234e-05,7.669598140244478e-05
orientation_1,-8,6,-10,1680.0,1.1771171781015248e-05,7.753628935396464e-05
orientation_1,-8,6,-10,1700.0,1.1634522443906846e-05,7.837366824695097e-05
orientation_1,-8,6,-10,1720.0,1.1497727813496444e-05,7.920809265023493e-05
orientation_1,-8,6,-10,1740.0,1.1360866437391348e-05,8.003952871761392e-05
orientation_1,-8,6,-10,1760.0,1.1224022188415698e-05,8.086800710829816e-05
orientation_1,-8,6,-10,1780.0,1.108726893990468e-05,8.169351389620119e-05
orientation_1,-8,6,-10,1800.0,1.0950805802876573e-05,8.251702751524236e-05
orientation_1,-8,6,-10,1820.0,1.0814219817852013e-05,8.333481385911852e-05
orientation_1,-8,6,-10,1840.0,1.0678095923239527e-05,8.415087465924481e-05
orientation_1,-8,6,-10,1860.0,1.0542307762689333e-05,8.496374112203839e-05
orientation_1,-8,6,-10,1880.0,1.0406924448114726e-05,8.577348281162131e-05
orientation_1,-8,6,-10,1900.0,1.0271988569100592e-05,8.657997295614638e-05
orientation_1,-8,6,-10,1920.0,1.0137554713939174e-05,8.738320524332945e-05
orientation_1,-8,6,-10,1940.0,1.0003764865619219e-05,8.818398889200441e-05
orientation_1,-8,6,-10,1960.0,9.870362489847123e-06,8.89795469837705e-05
orientation_1,-8,6,-10,1980.0,9.737758945251437e-06,8.977318936854593e-05
orientation_1,-8,6,-10,2000.0,9.605808460057906e-06,9.056316901429931e-05
orientation_1,-8,6,-10,2020.0,9.474583216035705e-06,9.134975728483564e-05
orientation_1,-8,6,-10,2040.0,9.34423756680102e-06,9.213410592384578e-05
orientation_1,-8,6,-10,2060.0,9.214462018734374e-06,9.291269230403844e-05
orientation_1,-8,6,-10,2080.0,9.085631382404679e-06,9.368894388681341e-05
orientation_1,-8,6,-10,2100.0,8.957616564676074e-06,9.44611687099909e-05
orientation_1,-8,6,-10,2120.0,8.830608358208604e-06,9.523108970907686e-05
orientation_1,-8,6,-10,2140.0,8.704458674540332e-06,9.599676338694993e-05
orientation_1,-8,6,-10,2160.0,8.579263282327736e-06,9.675892037012661e-05
orientation_1,-8,6,-10,2180.0,8.455048336810162e-06,9.751755787495868e-05
orientation_1,-8,6,-10,2200.0,8.331818578808738e-06,9.827242810915721e-05
orientation_1,-8,6,-10,2220.0,8.20961421263327e-06,9.902372925704073e-05
orientation_1,-8,6,-10,2240.0,8.08841878474503e-06,9.977097810527187e-05
orientation_1,-8,6,-10,2260.0,7.96839559324723e-06,0.00010051600703985089
orientation_1,-8,6,-10,2280.0,7.84924835698491e-06,0.00010125472709134312
orientation_1,-8,6,-10,2300.0,7.731364923427169e-06,0.00010199197212947453
orientation_1,-8,6,-10,2320.0,7.614528678467527e-06,0.00010272467092525513
orientation_1,-8,6,-10,2340.0,7.498810963923907e-06,0.00010345358429669759
orientation_1,-8,6,-10,2360.0,7.384223580061308e-06,0.0001041786737053342
orientation_1,-8,6,-10,2380.0,7.270762230138247e-06,0.00010489968398084455
orientation_1,-8,6,-10,2400.0,7.158530811553995e-06,0.00010561799866573481
orientation_1,-8,6,-10,2420.0,7.047327595276511e-06,0.0001063303946391958
orientation_1,-8,6,-10,2440.0,6.93351400512069e-06,0.00010704041664440139
orientation_1,-8,6,-10,2460.0,6.828607233795825e-06,0.00010774608989267002
orientation_1,-8,6,-10,2480.0,6.721002569714693e-06,0.00010844780709777575
orientation_1,-8,6,-10,2500.0,6.614705353583798e-06,0.00010914761181431476
orientation_1,2,-1,2,100.0,7.985112641786902e-05,8.942549376651809e-05
orientation_1,2,-1,2,120.0,9.357472192598168e-05,0.00010719505789936189
orientation_1,2,-1,2,140.0,0.00010657799170079658,0.00012488767263282613
orientation_1,2,-1,2,160.0,0.00011887727479518569,0.00014249072291307502
orientation_1,2,-1,2,180.0,0.00013048906496410968,0.00015999169016124766
orientation_1,2,-1,2,200.0,0.0001414299607275175,0.00017737816569649806
orientation_1,2,-1,2,220.0,0.00015171667735483057,0.0001946378640411525
orientation_1,2,-1,2,240.0,0.0001613660008531409,0.0002117586360834295
orientation_1,2,-1,2,260.0,0.00017039477075878385,0.00022872848207907085
orientation_1,2,-1,2,280.0,0.00017881985824194538,0.00024553556447524515
orientation_1,2,-1,2,300.0,0.00018665814492148158,0.0002621682205409576
orientation_1,2,-1,2,320.0,0.00019392650239718643,0.00027861497478869724
orientation_1,2,-1,2,340.0,0.00020064177250532354,0.0002948645511724351
orientation_1,2,-1,2,360.0,0.00020682074830180176,0.0003109058850474046
orientation_1,2,-1,2,380.0,0.00021248015577599128,0.00032672813487743255
orientation_1,2,-1,2,400.0,0.00021763663629681662,0.0003423206936759145
orientation_1,2,-1,2,420.0,0.00022230672979145548,0.00035767320016686705
orientation_1,2,-1,2,440.0,0.00022650685865573393,0.00037277554965284857
orientation_1,2,-1,2,460.0,0.0002302533123940923,0.0003876179045769044
orientation_1,2,-1,2,480.0,0.00023356223298586664,0.00040219070476608904
orientation_1,2,-1,2,500.0,0.0002364496009735262,0.0004164846773445006
orientation_1,2,-1,2,520.0,0.0002389312222674808,0.00043049084630419394
orientation_1,2,-1,2,540.0,0.0002410227156610736,0.00044420054172276155
orientation_1,2,-1,2,560.0,0.00024273950104845247,0.00045760540861680655
orientation_1,2,-1,2,580.0,0.00024409678833712614,0.000470697415421004
orientation_1,2,-1,2,600.0,0.00024510956704618044,0.00048346886208290503
orientation_1,2,-1,2,620.0,0.0002457925965803629,0.0004959123877641182
orientation_1,2,-1,2,640.0,0.0002461603971694745,0.0005080209781389883
orientation_1,2,-1,2,660.0,0.00024622724146189525,0.0005197879722824477
orientation_1,2,-1,2,680.0,0.00024600714676035497,0.0005312070691391203
orientation_1,2,-1,2,700.0,0.00024551386788754015,0.0005422723335664105
orientation_1,2,-1,2,720.0,0.00024476089066853644,0.0005529782019447349
orientation_1,2,-1,2,740.0,0.00024376142601669203,0.0005633194873486811
orientation_1,2,-1,2,760.0,0.0002425284046088434,0.0005732913842733279
orientation_1,2,-1,2,780.0,0.00024107447213574557,0.0005828894729106344
orientation_1,2,-1,2,800.0,0.00023941198511286712,0.0005921097229712513
orientation_1,2,-1,2,820.0,0.00023755300723656253,0.0006009484970477539
orientation_1,2,-1,2,840.0,0.000235509306270254,0.000609402553515701
orientation_1,2,-1,2,860.0,0.0002332923505995651,0.000617469048970557
orientation_1,2,-1,2,880.0,0.000230913310494463,0.000625145540195418
orientation_1,2,-1,2,900.0,0.0002283830514776606,0.000632429985662392
orientation_1,2,-1,2,920.0,0.00022571213649527072,0.0006393207465619043
orientation_1,2,-1,2,940.0,0.00022291082439075037,0.0006458165873621842
orientation_1,2,-1,2,960.0,0.00021998907058017487,0.000651916675897928
orientation_1,2,-1,2,980.0,0.0002169565234531404,0.0006576205829889324
orientation_1,2,-1,2,1000.0,0.000213822529545878,0.0006629282815898824
orientation_1,2,-1,2,1020.0,0.0002105961346574792,0.0006678401454732513
orientation_1,2,-1,2,1040.0,0.00020728608026730525,0.0006723569474468786
orientation_1,2,-1,2,1060.0,0.00020390080904411498,0.0006764798570870498
orientation_1,2,-1,2,1080.0,0.00020044846591668096,0.0006802104381544796
orientation_1,2,-1,2,1100.0,0.00019693690031806512,0.00068355064520141
orientation_1,2,-1,2,1120.0,0.00019337366887552535,0.0006865028201994154
orientation_1,2,-1,2,1140.0,0.00018976603828492844,0.0006890696883765145
orientation_1,2,-1,2,1160.0,0.00018612098849773442,0.000691254353746954
orientation_1,2,-1,2,1180.0,0.00018244521606227592,0.0006930602938170423
orientation_1,2,-1,2,1200.0,0.00017874513800718994,0.0006944913549841189
orientation_1,2,-1,2,1220.0,0.00017502689588219064,0.0006955517484875767
orientation_1,2,-1,2,1240.0,0.00017129635959873385,0.0006962460374705741
orientation_1,2,-1,2,1260.0,0.00016755913092182502,0.0006965791383720952
orientation_1,2,-1,2,1280.0,0.00016382054983749263,0.00069655631006135
orientation_1,2,-1,2,1300.0,0.00016008569788992358,0.0006961831468301014
orientation_1,2,-1,2,1320.0,0.0001563594034525665,0.0006954655713214298
orientation_1,2,-1,2,1340.0,0.00015264624645196933,0.0006944098253386902
orientation_1,2,-1,2,1360.0,0.00014895056376629638,0.0006930224626949304
orientation_1,2,-1,2,1380.0,0.00014527645041447604,0.0006913103211839846
orientation_1,2,-1,2,1400.0,0.00014162779615949306,0.0006892806050360069
orientation_1,2,-1,2,1420.0,0.0001380081920322753,0.0006869406926715003
orientation_1,2,-1,2,1440.0,0.0001344210958157668,0.0006842983115627629
orientation_1,2,-1,2,1460.0,0.00013086969642809118,0.0006813614335764778
orientation_1,2,-1,2,1480.0,0.00012735698426680596,0.0006781382836478141
orientation_1,2,-1,2,1500.0,0.0001238857461021455,0.0006746373276919159
orientation_1,2,-1,2,1520.0,0.00012045856595126485,0.0006708672795910364
orientation_1,2,-1,2,1540.0,0.00011707783992851364,0.0006668370515141594
orientation_1,2,-1,2,1560.0,0.00011374578236755777,0.000662555836768369
orientation_1,2,-1,2,1580.0,0.00011046438732219852,0.000658032791948453
orientation_1,2,-1,2,1600.0,0.00010723431154452502,0.0006532742123550244
orientation_1,2,-1,2,1620.0,0.0001040608859977996,0.0006482999327064574
orientation_1,2,-1,2,1640.0,0.00010094196005669397,0.0006431096080379657
orientation_1,2,-1,2,1660.0,9.788010931683341e-05,0.0006377166467285663
orientation_1,2,-1,2,1680.0,9.487653440305525e-05,0.0006321311906125318
orientation_1,2,-1,2,1700.0,9.193229901409761e-05,0.0006263635792972673
orientation_1,2,-1,2,1720.0,8.904828587790515e-05,0.0006204239960151094
orientation_1,2,-1,2,1740.0,8.622529978729696e-05,0.0006143231260825877
orientation_1,2,-1,2,1760.0,8.346412679781537e-05,0.0006080725868373132
orientation_1,2,-1,2,1780.0,8.07653021865203e-05,0.000601683220064836
orientation_1,2,-1,2,1800.0,7.812827048371286e-05,0.0005951584552473043
orientation_1,2,-1,2,1820.0,7.555457529860022e-05,0.0005885185659758875
orientation_1,2,-1,2,1840.0,7.304392109162292e-05,0.0005817707922114166
orientation_1,2,-1,2,1860.0,7.05962903257707e-05,0.0005749252155295747
orientation_1,2,-1,2,1880.0,6.821192556384981e-05,0.0005679948950367912
orientation_1,2,-1,2,1900.0,6.58904348330245e-05,0.0005609884257528965
orientation_1,2,-1,2,1920.0,6.36316700393166e-05,0.0005539171225520366
orientation_1,2,-1,2,1940.0,6.143706324472956e-05,0.0005467824391063342
orientation_1,2,-1,2,1960.0,5.930061621262014e-05,0.0005396189709893617
orientation_1,2,-1,2,1980.0,5.722864097915626e-05,0.0005324241177758678
orientation_1,2,-1,2,2000.0,5.521717951443336e-05,0.0005252019914342059
orientation_1,2,-1,2,2020.0,5.326619742538299e-05,0.0005179682334486411
orientation_1,2,-1,2,2040.0,5.137792523381183e-05,0.0005107345163080394
orientation_1,2,-1,2,2060.0,4.954326073103983e-05,0.0005035099766085753
orientation_1,2,-1,2,2080.0,4.7769707607978223e-05,0.0004963047650176866
orientation_1,2,-1,2,2100.0,4.605281195121263e-05,0.0004891193645591934
orientation_1,2,-1,2,2120.0,4.439474112925958e-05,0.0004819966099032349
orientation_1,2,-1,2,2140.0,4.27912969602718e-05,0.00047491049981904156
orientation_1,2,-1,2,2160.0,4.124282944326005e-05,0.0004678847448031162
orientation_1,2,-1,2,2180.0,3.974838769790945e-05,0.00046092918927276256
orientation_1,2,-1,2,2200.0,3.830664250917422e-05,0.00045404933414026194
orientation_1,2,-1,2,2220.0,3.691688186177611e-05,0.0004472581450167731
orientation_1,2,-1,2,2240.0,3.5577364541764385e-05,0.0004405638474774783
orientation_1,2,-1,2,2260.0,3.4289737163359404e-05,0.000433986608455598
orientation_1,2,-1,2,2280.0,3.304708334728564e-05,0.00042748306706885523
orientation_1,2,-1,2,2300.0,3.1855022678467955e-05,0.00042114205605053737
orientation_1,2,-1,2,2320.0,3.070830562139275e-05,0.00041491718588347923
orientation_1,2,-1,2,2340.0,2.960683511668988e-05,0.0004088301795275772
orientation_1,2,-1,2,2360.0,2.854939512085965e-05,0.00040288774297416575
orientation_1,2,-1,2,2380.0,2.7534549042555114e-05,0.0003970979673401374
orientation_1,2,-1,2,2400.0,2.6562982650947633e-05,0.00039146762770179934
orientation_1,2,-1,2,2420.0,2.5629413672244288e-05,0.0003859954093910172
orientation_1,2,-1,2,2440.0,2.4737129274268537e-05,0.00038071161589695127
orientation_1,2,-1,2,2460.0,2.3882587649421907e-05,0.0003755988099158777
orientation_1,2,-1,2,2480.0,2.3065114782552146e-05,0.00037067054912183294
orientation_1,2,-1,2,2500.0,2.2282483334046588e-05,0.00036593411399563915
orientation_1,5,9,-7,100.0,1.678278330858609e-06,1.8795821052134878e-06
orientation_1,5,9,-7,120.0,1.9691975024855284e-06,2.255981091781579e-06
orientation_1,5,9,-7,140.0,2.246237928232119e-06,2.63234606861548e-06
orientation_1,5,9,-7,160.0,2.5098425437318754e-06,3.008671367203226e-06
orientation_1,5,9,-7,180.0,2.760470462766831e-06,3.3849513207624912e-06
orientation_1,5,9,-7,200.0,2.99856716290248e-06,3.76118026389605e-06
orientation_1,5,9,-7,220.0,3.2245648593079525e-06,4.137352532532641e-06
orientation_1,5,9,-7,240.0,3.4388828689588035e-06,4.5134624639719355e-06
orientation_1,5,9,-7,260.0,3.641927965405154e-06,4.889504396972279e-06
orientation_1,5,9,-7,280.0,3.834094724318844e-06,5.26547267185767e-06
orientation_1,5,9,-7,300.0,4.015765860041016e-06,5.641361630634095e-06
orientation_1,5,9,-7,320.0,4.187365687050431e-06,6.01716561711075e-06
orientation_1,5,9,-7,340.0,4.349153407524455e-06,6.392878977023714e-06
orientation_1,5,9,-7,360.0,4.501525837879115e-06,6.768496058161215e-06
orientation_1,5,9,-7,380.0,4.644821423085259e-06,7.144011210489638e-06
orientation_1,5,9,-7,400.0,4.779368303037659e-06,7.519418786280072e-06
orientation_1,5,9,-7,420.0,4.9054845995692345e-06,7.894713140235145e-06
orientation_1,5,9,-7,440.0,5.023470476193687e-06,8.269888629615938e-06
orientation_1,5,9,-7,460.0,5.13364072653337e-06,8.644939614369127e-06
orientation_1,5,9,-7,480.0,5.2362774056857005e-06,9.019860457253944e-06
orientation_1,5,9,-7,500.0,5.331661286543475e-06,9.394645523969385e-06
orientation_1,5,9,-7,520.0,5.420064449566017e-06,9.769289183281189e-06
orientation_1,5,9,-7,540.0,5.501750527310184e-06,1.0143785807148871e-05
orientation_1,5,9,-7,560.0,5.576974942492283e-06,1.0518129770852687e-05
orientation_1,5,9,-7,580.0,5.645985139744653e-06,1.0892315453120582e-05
orientation_1,5,9,-7,600.0,5.709020811226152e-06,1.1266337236254772e-05
orientation_1,5,9,-7,620.0,5.766314116242783e-06,1.1640189506258305e-05
orientation_1,5,9,-7,640.0,5.818089895030672e-06,1.2013866652963141e-05
orientation_1,5,9,-7,660.0,5.864565876847711e-06,1.2387363070154433e-05
orientation_1,5,9,-7,680.0,5.905952882522607e-06,1.2760673155700762e-05
orientation_1,5,9,-7,700.0,5.942455021592844e-06,1.3133791311669876e-05
orientation_1,5,9,-7,720.0,5.974269884190193e-06,1.350671194447477e-05
orientation_1,5,9,-7,740.0,6.001588727775744e-06,1.3879429464980592e-05
orientation_1,5,9,-7,760.0,6.024596658886095e-06,1.4251938288639386e-05
orientation_1,5,9,-7,780.0,6.043472810001546e-06,1.462423283561508e-05
orientation_1,5,9,-7,800.0,6.058390511665138e-06,1.4996307530909197e-05
orientation_1,5,9,-7,820.0,6.069517459973995e-06,1.5368156804486244e-05
orientation_1,5,9,-7,840.0,6.077015879560421e-06,1.5739775091396623e-05
orientation_1,5,9,-7,860.0,6.081042682185525e-06,1.6111156831915576e-05
orientation_1,5,9,-7,880.0,6.0817496210365055e-06,1.648229647164185e-05
orientation_1,5,9,-7,900.0,6.079283440873211e-06,1.6853188461649294e-05
orientation_1,5,9,-7,920.0,6.073786024095865e-06,1.7223827258599084e-05
orientation_1,5,9,-7,940.0,6.065394532859298e-06,1.75942073248666e-05
orientation_1,5,9,-7,960.0,6.054241547665027e-06,1.7964323129664528e-05
orientation_1,5,9,-7,980.0,6.040455200181026e-06,1.8334169144176856e-05
orientation_1,5,9,-7,1000.0,6.0241593074368705e-06,1.8703739851665172e-05
orientation_1,5,9,-7,1020.0,6.005473495735674e-06,1.907302973760408e-05
orientation_1,5,9,-7,1040.0,5.984513326141412e-06,1.9442033294831828e-05
orientation_1,5,9,-7,1060.0,5.961390414538933e-06,1.9810745022619564e-05
orientation_1,5,9,-7,1080.0,5.9362125487504934e-06,2.0179159426789324e-05
orientation_1,5,9,-7,1100.0,5.90908380248005e-06,2.054727101996536e-05
orientation_1,5,9,-7,1120.0,5.88010464603792e-06,2.0915074321514114e-05
orientation_1,5,9,-7,1140.0,5.8493720541183406e-06,2.1282563857818357e-05
orientation_1,5,9,-7,1160.0,5.8169796105344734e-06,2.164973416229072e-05
orientation_1,5,9,-7,1180.0,5.783017608120528e-06,2.2016579767953404e-05
orientation_1,5,9,-7,1200.0,5.747573151845358e-06,2.2383095222503858e-05
orientation_1,5,9,-7,1220.0,5.710730257966734e-06,2.2749275100630808e-05
orientation_1,5,9,-7,1240.0,5.672569942531308e-06,2.3115113985325486e-05
orientation_1,5,9,-7,1260.0,5.633170293418472e-06,2.3480606388540382e-05
orientation_1,5,9,-7,1280.0,5.592606599555443e-06,2.3845746916127922e-05
orientation_1,5,9,-7,1300.0,5.550951409722051e-06,2.4210530158967244e-05
orientation_1,5,9,-7,1320.0,5.508274617904916e-06,2.4574950697898036e-05
orientation_1,5,9,-7,1340.0,5.4646435550355905e-06,2.493900314939999e-05
orientation_1,5,9,-7,1360.0,5.420123057451143e-06,2.5302682119384586e-05
orientation_1,5,9,-7,1380.0,5.374775471922014e-06,2.5665981857214557e-05
orientation_1,5,9,-7,1400.0,5.328661366410488e-06,2.6028899329995046e-05
orientation_1,5,9,-7,1420.0,5.2818375732328305e-06,2.6391424365676e-05
orientation_1,5,9,-7,1440.0,5.2343605508295354e-06,2.6753555692502836e-05
orientation_1,5,9,-7,1460.0,5.18600858722816e-06,2.7115286732267867e-05
orientation_1,5,9,-7,1480.0,5.1376579831386785e-06,2.7476612124646712e-05
orientation_1,5,9,-7,1500.0,5.088533444900003e-06,2.7837527287316804e-05
orientation_1,5,9,-7,1520.0,5.0389570358371486e-06,2.8198024706233302e-05
orientation_1,5,9,-7,1540.0,4.988974790465626e-06,2.8558101263975002e-05
orientation_1,5,9,-7,1560.0,4.9386306051117715e-06,2.8917752145311204e-05
orientation_1,5,9,-7,1580.0,4.887965931354085e-06,2.9276968440858874e-05
orientation_1,5,9,-7,1600.0,4.836875002716892e-06,2.963484638393108e-05
orientation_1,5,9,-7,1620.0,4.785836587976025e-06,2.9994085782970345e-05
orientation_1,5,9,-7,1640.0,4.734447571119038e-06,3.035197509489472e-05
orientation_1,5,9,-7,1660.0,4.682890280363363e-06,3.0709411068975144e-05
orientation_1,5,9,-7,1680.0,4.631198864657772e-06,3.1066388772878965e-05
orientation_1,5,9,-7,1700.0,4.5794058577972114e-06,3.142290212022668e-05
orientation_1,5,9,-7,1720.0,4.527542778703786e-06,3.1778947626088045e-05
orientation_1,5,9,-7,1740.0,4.475639312464798e-06,3.2134518488355244e-05
orientation_1,5,9,-7,1760.0,4.423727254417633e-06,3.2489632953563775e-05
orientation_1,5,9,-7,1780.0,4.371834552691452e-06,3.284429193331746e-05
orientation_1,5,9,-7,1800.0,4.320038140212292e-06,3.319888408572107e-05
orientation_1,5,9,-7,1820.0,4.268175831241136e-06,3.355195665294417e-05
orientation_1,5,9,-7,1840.0,4.216475332597873e-06,3.390507898950279e-05
orientation_1,5,9,-7,1860.0,4.164886551828087e-06,3.425768356454492e-05
orientation_1,5,9,-7,1880.0,4.113435720937005e-06,3.460980315969445e-05
orientation_1,5,9,-7,1900.0,4.062138844316015e-06,3.496139460141436e-05
orientation_1,5,9,-7,1920.0,4.011016591523614e-06,3.53124611602246e-05
orientation_1,5,9,-7,1940.0,3.960123740688333e-06,3.566332396946018e-05
orientation_1,5,9,-7,1960.0,3.909359795544153e-06,3.601290654461098e-05
orientation_1,5,9,-7,1980.0,3.858884570349442e-06,3.636250466002743e-05
orientation_1,5,9,-7,2000.0,3.8086408072909996e-06,3.671144289510208e-05
orientation_1,5,9,-7,2020.0,3.7586562067467094e-06,3.705983258213048e-05
orientation_1,5,9,-7,2040.0,3.70894588280793e-06,3.740767629677207e-05
orientation_1,5,9,-7,2060.0,3.6595226796245763e-06,3.7754961576101375e-05
orientation_1,5,9,-7,2080.0,3.610398648972261e-06,3.8101674738450876e-05
orientation_1,5,9,-7,2100.0,3.561567628910531e-06,3.8447613427236144e-05
orientation_1,5,9,-7,2120.0,3.5131037550494456e-06,3.879345382358691e-05
orientation_1,5,9,-7,2140.0,3.464949059066925e-06,3.913844421392777e-05
orientation_1,5,9,-7,2160.0,3.4171406331043873e-06,3.948287420953468e-05
orientation_1,5,9,-7,2180.0,3.3696885365265737e-06,3.982674765078545e-05
orientation_1,5,9,-7,2200.0,3.322594181364723e-06,4.0169973182959526e-05
orientation_1,5,9,-7,2220.0,3.2758734340789463e-06,4.051263265956459e-05
orientation_1,5,9,-7,2240.0,3.2295195113998236e-06,4.085454256834281e-05
orientation_1,5,9,-7,2260.0,3.183596053410276e-06,4.119642254523246e-05
orientation_1,5,9,-7,2280.0,3.1379875992443596e-06,4.153668126344002e-05
orientation_1,5,9,-7,2300.0,3.092845381765333e-06,4.1877211618189144e-05
orientation_1,5,9,-7,2320.0,3.048084846904263e-06,4.221681756058956e-05
orientation_1,5,9,-7,2340.0,3.0037337447404882e-06,4.2555800110890026e-05
orientation_1,5,9,-7,2360.0,2.9597965958730327e-06,4.289415169859702e-05
orientation_1,5,9,-7,2380.0,2.916271614713121e-06,4.323177317094072e-05
orientation_1,5,9,-7,2400.0,2.873198860628697e-06,4.356921100569018e-05
orientation_1,5,9,-7,2420.0,2.8305010695064645e-06,4.390521272911394e-05
orientation_1,5,9,-7,2440.0,2.7867608381563963e-06,4.4241162300966915e-05
orientation_1,5,9,-7,2460.0,2.746463181170457e-06,4.4576296085708755e-05
orientation_1,5,9,-7,2480.0,2.705089216042894e-06,4.491077101765431e-05
orientation_1,5,9,-7,2500.0,2.6641982471859326e-06,4.524538365267785e-05
orientation_1,7,5,-2,100.0,4.033673750131816e-05,4.509560290334002e-05
orientation_1,7,5,-2,120.0,4.731645060376575e-05,5.409187207009456e-05
orientation_1,7,5,-2,140.0,5.3951933174996476e-05,6.306856754385798e-05
orientation_1,7,5,-2,160.0,6.025266224042083e-05,7.20224538632587e-05
orientation_1,7,5,-2,180.0,6.622799025388193e-05,8.095030795985785e-05
orientation_1,7,5,-2,200.0,7.188713730767953e-05,8.984892089300706e-05
orientation_1,7,5,-2,220.0,7.723919662918046e-05,9.871509958305311e-05
orientation_1,7,5,-2,240.0,8.229312772222855e-05,0.000107545668537486
orientation_1,7,5,-2,260.0,8.705775569646624e-05,0.0001163374715675174
orientation_1,7,5,-2,280.0,9.15417696197749e-05,0.00012508737349348935
orientation_1,7,5,-2,300.0,9.575372104033753e-05,0.0001337922618378496
orientation_1,7,5,-2,320.0,9.970202267339843e-05,0.00014244904850456547
orientation_1,7,5,-2,340.0,0.0001033949472478745,0.000151054671443914
orientation_1,7,5,-2,360.0,0.00010684062650801635,0.0001596060963016189
orientation_1,7,5,-2,380.0,0.00011004705036535616,0.00016810031805133017
orientation_1,7,5,-2,400.0,0.00011302206619622189,0.00017653436260945763
orientation_1,7,5,-2,420.0,0.00011577337828012789,0.0001849052884313841
orientation_1,7,5,-2,440.0,0.00011830854737440055,0.00019321018808809873
orientation_1,7,5,-2,460.0,0.00012063499042043394,0.00020144618982230299
orientation_1,7,5,-2,480.0,0.00012275998037701943,0.00020961045908305878
orientation_1,7,5,-2,500.0,0.00012469064617624096,0.00021770020003805446
orientation_1,7,5,-2,520.0,0.00012643397279747844,0.00022571265706259122
orientation_1,7,5,-2,540.0,0.00012799680145511537,0.00023364511620439424
orientation_1,7,5,-2,560.0,0.00012938582989560353,0.00024149490662337813
orientation_1,7,5,-2,580.0,0.0001306076127995951,0.00024925940200550386
orientation_1,7,5,-2,600.0,0.00013166856228491032,0.000256936021949891
orientation_1,7,5,-2,620.0,0.00013257494850618613,0.0002645222333283589
orientation_1,7,5,-2,640.0,0.00013333290034708237,0.0002720155516165769
orientation_1,7,5,-2,660.0,0.0001339484062010369,0.0002794135421960609
orientation_1,7,5,-2,680.0,0.00013442731483657188,0.000286713821626211
orientation_1,7,5,-2,700.0,0.00013477533634328198,0.00029391405888567226
orientation_1,7,5,-2,720.0,0.000134998043154652,0.00030101197658224347
orientation_1,7,5,-2,740.0,0.00013510087114396307,0.00030800535213070326
orientation_1,7,5,-2,760.0,0.0001350891207895794,0.0003148920188977026
orientation_1,7,5,-2,780.0,0.00013496795840604514,0.0003216698673132542
orientation_1,7,5,-2,800.0,0.00013474241743741732,0.00032833684594801746
orientation_1,7,5,-2,820.0,0.00013441739980938564,0.00033489096255579637
orientation_1,7,5,-2,840.0,0.0001339976773367738,0.00034133028508058803
orientation_1,7,5,-2,860.0,0.00013348789318328358,0.0003476529426280444
orientation_1,7,5,-2,880.0,0.000132892563369723,0.00035385712639941617
orientation_1,7,5,-2,900.0,0.00013221607832843702,0.00035994109058971316
orientation_1,7,5,-2,920.0,0.0001314627044999842,0.0003659031532472809
orientation_1,7,5,-2,940.0,0.00013063658596959728,0.00037174169709571614
orientation_1,7,5,-2,960.0,0.00012974174614854882,0.0003774551703416284
orientation_1,7,5,-2,980.0,0.00012878208943990408,0.0003830420872963566
orientation_1,7,5,-2,1000.0,0.00012776140305900506,0.00038850102932587736
orientation_1,7,5,-2,1020.0,0.00012668335871750353,0.00039383064527083635
orientation_1,7,5,-2,1040.0,0.0001255515144567123,0.0003990296521937117
orientation_1,7,5,-2,1060.0,0.00012436931645138364,0.0004040968359272363
orientation_1,7,5,-2,1080.0,0.00012314010086335916,0.0004090310516760179
orientation_1,7,5,-2,1100.0,0.00012186709566098176,0.00041383122440178066
orientation_1,7,5,-2,1120.0,0.00012055342252520852,0.0004184963494025562
orientation_1,7,5,-2,1140.0,0.00011920209871570392,0.00042302549267077727
orientation_1,7,5,-2,1160.0,0.00011781603897103221,0.00042741779128447043
orientation_1,7,5,-2,1180.0,0.00011639805736575526,0.00043167245355750646
orientation_1,7,5,-2,1200.0,0.00011495086932274513,0.0004357887596987237
orientation_1,7,5,-2,1220.0,0.0001134770935994411,0.0004397660623542916
orientation_1,7,5,-2,1240.0,0.00011197925407772104,0.0004436037863289527
orientation_1,7,5,-2,1260.0,0.00011045978125107762,0.0004473014269210654
orientation_1,7,5,-2,1280.0,0.00010892101510735324,0.00045085855392862335
orientation_1,7,5,-2,1300.0,0.00010736520636946629,0.00045427480898817285
orientation_1,7,5,-2,1320.0,0.00010579451863647804,0.0004575499065189179
orientation_1,7,5,-2,1340.0,0.00010421103017750628,0.0004606836331876053
orientation_1,7,5,-2,1360.0,0.00010261673598319794,0.0004636758484908306
orientation_1,7,5,-2,1380.0,0.00010101354766818222,0.00046652647512985016
orientation_1,7,5,-2,1400.0,9.940331092592179e-05,0.0004692355443275897
orientation_1,7,5,-2,1420.0,9.778775812274536e-05,0.0004718031049163555
orientation_1,7,5,-2,1440.0,9.616831345525434e-05,0.00047422931477159795
orientation_1,7,5,-2,1460.0,9.454740694715996e-05,0.00047651439358437276
orientation_1,7,5,-2,1480.0,9.292574336727832e-05,0.00047865863196000383
orientation_1,7,5,-2,1500.0,9.130506448242355e-05,0.000480662388052311
orientation_1,7,5,-2,1520.0,8.968676300587309e-05,0.0004825261076957842
orientation_1,7,5,-2,1540.0,8.807217098690792e-05,0.00048425028076729714
orientation_1,7,5,-2,1560.0,8.646255666986831e-05,0.00048583551412761494
orientation_1,7,5,-2,1580.0,8.485910603146367e-05,0.00048728236118747355
orientation_1,7,5,-2,1600.0,8.325946298036077e-05,0.0004885878393797887
orientation_1,7,5,-2,1620.0,8.167523490402368e-05,0.000489764042598646
orientation_1,7,5,-2,1640.0,8.009691147158706e-05,0.0004908004725271945
orientation_1,7,5,-2,1660.0,7.852896935509317e-05,0.0004917018244522633
orientation_1,7,5,-2,1680.0,7.697231948684801e-05,0.0004924690761650193
orientation_1,7,5,-2,1700.0,7.542782479869467e-05,0.0004931033050748934
orientation_1,7,5,-2,1720.0,7.389627825181899e-05,0.0004936055252756231
orientation_1,7,5,-2,1740.0,7.237845069964678e-05,0.0004939770053269442
orientation_1,7,5,-2,1760.0,7.087512161408168e-05,0.0004942195047313558
orientation_1,7,5,-2,1780.0,6.938696424661776e-05,0.0004943344442045515
orientation_1,7,5,-2,1800.0,6.791410882145762e-05,0.0004943194748856381
orientation_1,7,5,-2,1820.0,6.645776660241008e-05,0.0004941808403692687
orientation_1,7,5,-2,1840.0,6.501823011532903e-05,0.0004939182210671135
orientation_1,7,5,-2,1860.0,6.359594903093383e-05,0.0004935328191133239
orientation_1,7,5,-2,1880.0,6.219149717493044e-05,0.0004930272441614794
orientation_1,7,5,-2,1900.0,6.0805164391308995e-05,0.0004924021312160921
orientation_1,7,5,-2,1920.0,5.943735456052334e-05,0.0004916594059755012
orientation_1,7,5,-2,1940.0,5.808927809755416e-05,0.0004908086821085024
orientation_1,7,5,-2,1960.0,5.6758405615975216e-05,0.0004898260689204975
orientation_1,7,5,-2,1980.0,5.544843196747426e-05,0.00048874454715605
orientation_1,7,5,-2,2000.0,5.4157854316401344e-05,0.00048755005532403524
orientation_1,7,5,-2,2020.0,5.288717624161149e-05,0.0004862472427317281
orientation_1,7,5,-2,2040.0,5.163784278184694e-05,0.0004848385077034297
orientation_1,7,5,-2,2060.0,5.040630463609316e-05,0.00048332552053247514
orientation_1,7,5,-2,2080.0,4.9196342937760235e-05,0.00048171022956263566
orientation_1,7,5,-2,2100.0,4.8006403351245844e-05,0.0004799900371024831
orientation_1,7,5,-2,2120.0,4.6838075283590696e-05,0.00047818353780799283
orientation_1,7,5,-2,2140.0,4.5689759549214834e-05,0.0004762749803056332
orientation_1,7,5,-2,2160.0,4.456213859698945e-05,0.0004742737069534356
orientation_1,7,5,-2,2180.0,4.345523744890513e-05,0.0004721822164225832
orientation_1,7,5,-2,2200.0,4.236887849796145e-05,0.00047000084507524853
orientation_1,7,5,-2,2220.0,4.130320259812467e-05,0.0004677339801077394
orientation_1,7,5,-2,2240.0,4.025782167217299e-05,0.00046538364851821497
orientation_1,7,5,-2,2260.0,3.9234036050528296e-05,0.00046295805725758216
orientation_1,7,5,-2,2280.0,3.822883432178589e-05,0.00046043339621687946
orientation_1,7,5,-2,2300.0,3.724555359486721e-05,0.00045785327430709975
orientation_1,7,5,-2,2320.0,3.628196461990927e-05,0.0004551922425670033
orientation_1,7,5,-2,2340.0,3.533847900017424e-05,0.00045246002511458637
orientation_1,7,5,-2,2360.0,3.441494288177058e-05,0.0004496589425816516
orientation_1,7,5,-2,2380.0,3.351105885307495e-05,0.0004467918398435322
orientation_1,7,5,-2,2400.0,3.262756660572391e-05,0.0004438677616474419
orientation_1,7,5,-2,2420.0,3.17622743687307e-05,0.0004408658358866949
orientation_1,7,5,-2,2440.0,3.091720348101163e-05,0.0004378202269902724
orientation_1,7,5,-2,2460.0,3.009097278435719e-05,0.00043471520326764795
orientation_1,7,5,-2,2480.0,2.928362305776951e-05,0.0004315573347868012
orientation_1,7,5,-2,2500.0,2.8491385888039407e-05,0.00042834046056537954
orientation_1,-5,-3,1,100.0,1.1763252719132532e-05,1.3168930062972148e-05
orientation_1,-5,-3,1,120.0,1.3801453702492787e-05,1.5803473167275426e-05
orientation_1,-5,-3,1,140.0,1.5741370439156787e-05,1.8436346764265188e-05
orientation_1,-5,-3,1,160.0,1.7586176003542592e-05,2.1067273255849053e-05
orientation_1,-5,-3,1,180.0,1.933896075862881e-05,2.369597535800549e-05
orientation_1,-5,-3,1,200.0,2.1002734145209383e-05,2.6322176141349763e-05
orientation_1,-5,-3,1,220.0,2.2580426442135873e-05,2.8945599073638432e-05
orientation_1,-5,-3,1,240.0,2.4074890496649598e-05,3.156596806293437e-05
orientation_1,-5,-3,1,260.0,2.5488903424731912e-05,3.418300750099421e-05
orientation_1,-5,-3,1,280.0,2.682516828165938e-05,3.679644230670593e-05
orientation_1,-5,-3,1,300.0,2.808631570304679e-05,3.9405997969499946e-05
orientation_1,-5,-3,1,320.0,2.9274905516695404e-05,4.20114005926934e-05
orientation_1,-5,-3,1,340.0,3.039342832558293e-05,4.461237693674556e-05
orientation_1,-5,-3,1,360.0,3.144430706233724e-05,4.7208654462407824e-05
orientation_1,-5,-3,1,380.0,3.242989851554164e-05,4.9799961373756775e-05
orientation_1,-5,-3,1,400.0,3.335249482821958e-05,5.238602666110059e-05
orientation_1,-5,-3,1,420.0,3.421432496884877e-05,5.496658014374959e-05
orientation_1,-5,-3,1,440.0,3.501755617525436e-05,5.7541352512642025e-05
orientation_1,-5,-3,1,460.0,3.576429537173151e-05,6.011007537281858e-05
orientation_1,-5,-3,1,480.0,3.645659055974659e-05,6.267248128573568e-05
orientation_1,-5,-3,1,500.0,3.709643218256561e-05,6.522830381141305e-05
orientation_1,-5,-3,1,520.0,3.7685754464158577e-05,6.777727755040307e-05
orientation_1,-5,-3,1,540.0,3.8226436722726914e-05,7.031913818558082e-05
orientation_1,-5,-3,1,560.0,3.8720304659200694e-05,7.285362252374161e-05
orientation_1,-5,-3,1,580.0,3.9169131621049757e-05,7.538046853700294e-05
orientation_1,-5,-3,1,600.0,3.9575584153606874e-05,7.789941540399746e-05
orientation_1,-5,-3,1,620.0,3.9939487428866324e-05,8.041020355086461e-05
orientation_1,-5,-3,1,640.0,4.02633676090481e-05,8.291257469200837e-05
orientation_1,-5,-3,1,660.0,4.0548800733298276e-05,8.54062718706378e-05
orientation_1,-5,-3,1,680.0,4.079731645150903e-05,8.789103949907827e-05
orientation_1,-5,-3,1,700.0,4.101039914703074e-05,9.036662339882889e-05
orientation_1,-5,-3,1,720.0,4.118948903708124e-05,9.283277084038516e-05
orientation_1,-5,-3,1,740.0,4.133598325118081e-05,9.528923058280348e-05
orientation_1,-5,-3,1,760.0,4.1451236887938485e-05,9.773575291299474e-05
orientation_1,-5,-3,1,780.0,4.1536564050528103e-05,0.00010017208968476573
orientation_1,-5,-3,1,800.0,4.159323830004636e-05,0.00010259799435757682
orientation_1,-5,-3,1,820.0,4.162249587878097e-05,0.00010501322203501619
orientation_1,-5,-3,1,840.0,4.162553336233662e-05,0.00010741752950297031
orientation_1,-5,-3,1,860.0,4.160351081189725e-05,0.00010981067526760974
orientation_1,-5,-3,1,880.0,4.1557552162080194e-05,0.00011219241959279576
orientation_1,-5,-3,1,900.0,4.148874613532659e-05,0.0001145625245375459
orientation_1,-5,-3,1,920.0,4.139814713709657e-05,0.00011692075399291358
orientation_1,-5,-3,1,940.0,4.128677613232187e-05,0.00011926687371864503
orientation_1,-5,-3,1,960.0,4.115562150574747e-05,0.00012160065138654702
orientation_1,-5,-3,1,980.0,4.100563988988853e-05,0.00012392185658127253
orientation_1,-5,-3,1,1000.0,4.0837757010624354e-05,0.00012623026090634198
orientation_1,-5,-3,1,1020.0,4.065286846785985e-05,0.00012852563794902837
orientation_1,-5,-3,1,1040.0,4.0451840534496825e-05,0.00013080776335072872
orientation_1,-5,-3,1,1060.0,4.023551092296984e-05,0.0001330764148306529
orientation_1,-5,-3,1,1080.0,4.0004689543809474e-05,0.00013533137223733493
orientation_1,-5,-3,1,1100.0,3.9760159232409626e-05,0.0001375724175485926
orientation_1,-5,-3,1,1120.0,3.950267648004453e-05,0.00013979933493901006
orientation_1,-5,-3,1,1140.0,3.923297213356306e-05,0.00014201191079548723
orientation_1,-5,-3,1,1160.0,3.8951752085948444e-05,0.00014420993375390912
orientation_1,-5,-3,1,1180.0,3.865969793632492e-05,0.00014639319467783308
orientation_1,-5,-3,1,1200.0,3.835746767754778e-05,0.00014856148679575934
orientation_1,-5,-3,1,1220.0,3.8045696360273575e-05,0.00015071460581799587
orientation_1,-5,-3,1,1240.0,3.7724996685929427e-05,0.00015285234983324823
orientation_1,-5,-3,1,1260.0,3.739595949048061e-05,0.0001549745187883312
orientation_1,-5,-3,1,1280.0,3.7059154629685154e-05,0.0001570809156677346
orientation_1,-5,-3,1,1300.0,3.671513137663417e-05,0.00015917134576268695
orientation_1,-5,-3,1,1320.0,3.636441900744438e-05,0.0001612456167320593
orientation_1,-5,-3,1,1340.0,3.600752743608044e-05,0.0001633035389540008
orientation_1,-5,-3,1,1360.0,3.564494768749403e-05,0.0001653449252263217
orientation_1,-5,-3,1,1380.0,3.527715192807124e-05,0.0001673695883610133
orientation_1,-5,-3,1,1400.0,3.4904598460239376e-05,0.00016937736282337628
orientation_1,-5,-3,1,1420.0,3.452771797133367e-05,0.00017136803548993432
orientation_1,-5,-3,1,1440.0,3.4146937155578896e-05,0.0001733414583611653
orientation_1,-5,-3,1,1460.0,3.376265876930371e-05,0.0001752974487937784
orientation_1,-5,-3,1,1480.0,3.33752714754925e-05,0.00017723583534946544
orientation_1,-5,-3,1,1500.0,3.298514910984031e-05,0.0001791564522682714
orientation_1,-5,-3,1,1520.0,3.259264862428436e-05,0.00018105912574607538
orientation_1,-5,-3,1,1540.0,3.219811542321417e-05,0.00018294370081116005
orientation_1,-5,-3,1,1560.0,3.180188038206011e-05,0.00018481002318514314
orientation_1,-5,-3,1,1580.0,3.140425544642827e-05,0.00018665791004744922
orientation_1,-5,-3,1,1600.0,3.100452059967433e-05,0.00018848612890862487
orientation_1,-5,-3,1,1620.0,3.0606046920491755e-05,0.0001902978299873567
orientation_1,-5,-3,1,1640.0,3.0206030002662076e-05,0.00019208955431235066
orientation_1,-5,-3,1,1660.0,2.9805762972436417e-05,0.000193862258884263
orientation_1,-5,-3,1,1680.0,2.940550030512163e-05,0.00019561580307292826
orientation_1,-5,-3,1,1700.0,2.900548577919434e-05,0.00019735005361268547
orientation_1,-5,-3,1,1720.0,2.860594755512391e-05,0.00019906484797356568
orientation_1,-5,-3,1,1740.0,2.8207110783737963e-05,0.00020076007895858795
orientation_1,-5,-3,1,1760.0,2.7809207011833874e-05,0.0002024357678438896
orientation_1,-5,-3,1,1780.0,2.74124412541108e-05,0.00020409182774602452
orientation_1,-5,-3,1,1800.0,2.701735687914917e-05,0.0002057270432961107
orientation_1,-5,-3,1,1820.0,2.662283771419781e-05,0.0002073427069602805
orientation_1,-5,-3,1,1840.0,2.6230472382409808e-05,0.00020893817381461752
orientation_1,-5,-3,1,1860.0,2.583991923155974e-05,0.00021051323829964055
orientation_1,-5,-3,1,1880.0,2.5451367343507295e-05,0.00021206806178575345
orientation_1,-5,-3,1,1900.0,2.5064931230178648e-05,0.0002136022602998321
orientation_1,-5,-3,1,1920.0,2.4680758436598207e-05,0.0002151157892885234
orientation_1,-5,-3,1,1940.0,2.4299234387565294e-05,0.00021661083253975627
orientation_1,-5,-3,1,1960.0,2.3919655682065428e-05,0.00021807978427167558
orientation_1,-5,-3,1,1980.0,2.35431412138084e-05,0.0002195316555522785
orientation_1,-5,-3,1,2000.0,2.3169289592411694e-05,0.00022096166383201178
orientation_1,-5,-3,1,2020.0,2.2798292486277915e-05,0.0002223705282468658
orientation_1,-5,-3,1,2040.0,2.2430576436859214e-05,0.00022375822866355416
orientation_1,-5,-3,1,2060.0,2.206526158259954e-05,0.0002251246153765377
orientation_1,-5,-3,1,2080.0,2.170339315318092e-05,0.00022646955126638083
orientation_1,-5,-3,1,2100.0,2.1344602573582917e-05,0.00022779157537980996
orientation_1,-5,-3,1,2120.0,2.098940411029883e-05,0.00022909539245843748
orientation_1,-5,-3,1,2140.0,2.0637384890327203e-05,0.00023037569404533856
orientation_1,-5,-3,1,2160.0,2.0288798541123938e-05,0.00023163447800313646
orientation_1,-5,-3,1,2180.0,1.994370835152239e-05,0.0002328717419467211
orientation_1,-5,-3,1,2200.0,1.960211766048189e-05,0.00023408682207554357
orientation_1,-5,-3,1,2220.0,1.9264127350683134e-05,0.00023528026620148553
orientation_1,-5,-3,1,2240.0,1.8929683301459984e-05,0.00023645076883576507
orientation_1,-5,-3,1,2260.0,1.85992221342679e-05,0.00023760335881341146
orientation_1,-5,-3,1,2280.0,1.827192392882206e-05,0.0002387268900175277
orientation_1,-5,-3,1,2300.0,1.7948834774492513e-05,0.00023983455332476526
orientation_1,-5,-3,1,2320.0,1.762935473856549e-05,0.0002409180335762104
orientation_1,-5,-3,1,2340.0,1.731366801287416e-05,0.0002419794085605171
orientation_1,-5,-3,1,2360.0,1.7001796380804193e-05,0.00024301860983086995
orientation_1,-5,-3,1,2380.0,1.6693715767133085e-05,0.0002440349669203888
orientation_1,-5,-3,1,2400.0,1.638969750605416e-05,0.00024503232726391064
orientation_1,-5,-3,1,2420.0,1.6089176979785036e-05,0.00024600187505687216
orientation_1,-5,-3,1,2440.0,1.5792800676410986e-05,0.00024695336970614494
orientation_1,-5,-3,1,2460.0,1.5500231302723534e-05,0.0002478814506899672
orientation_1,-5,-3,1,2480.0,1.5211543202867646e-05,0.00024878723694837963
orientation_1,-5,-3,1,2500.0,1.492573330912125e-05,0.000249668206330834
orientation_1,-2,1,-2,100.0,7.985112641786902e-05,8.942549376651809e-05
orientation_1,-2,1,-2,120.0,9.357472192598168e-05,0.00010719505789936189
orientation_1,-2,1,-2,140.0,0.00010657799170079658,0.00012488767263282613
orientation_1,-2,1,-2,160.0,0.00011887727479518569,0.00014249072291307502
orientation_1,-2,1,-2,180.0,0.00013048906496410968,0.00015999169016124766
orientation_1,-2,1,-2,200.0,0.0001414299607275175,0.00017737816569649806
orientation_1,-2,1,-2,220.0,0.00015171667735483057,0.0001946378640411525
orientation_1,-2,1,-2,240.0,0.0001613660008531409,0.0002117586360834295
orientation_1,-2,1,-2,260.0,0.00017039477075878385,0.00022872848207907085
orientation_1,-2,1,-2,280.0,0.00017881985824194538,0.00024553556447524515
orientation_1,-2,1,-2,300.0,0.00018665814492148158,0.0002621682205409576
orientation_1,-2,1,-2,320.0,0.00019392650239718643,0.00027861497478869724
orientation_1,-2,1,-2,340.0,0.00020064177250532354,0.0002948645511724351
orientation_1,-2,1,-2,360.0,0.00020682074830180176,0.0003109058850474046
orientation_1,-2,1,-2,380.0,0.00021248015577599128,0.00032672813487743255
orientation_1,-2,1,-2,400.0,0.00021763663629681662,0.0003423206936759145
orientation_1,-2,1,-2,420.0,0.00022230672979145548,0.00035767320016686705
orientation_1,-2,1,-2,440.0,0.00022650685865573393,0.00037277554965284857
orientation_1,-2,1,-2,460.0,0.0002302533123940923,0.0003876179045769044
orientation_1,-2,1,-2,480.0,0.00023356223298586664,0.00040219070476608904
orientation_1,-2,1,-2,500.0,0.0002364496009735262,0.0004164846773445006
orientation_1,-2,1,-2,520.0,0.0002389312222674808,0.00043049084630419394
orientation_1,-2,1,-2,540.0,0.0002410227156610736,0.00044420054172276155
orientation_1,-2,1,-2,560.0,0.00024273950104845247,0.00045760540861680655
orientation_1,-2,1,-2,580.0,0.00024409678833712614,0.000470697415421004
orientation_1,-2,1,-2,600.0,0.00024510956704618044,0.00048346886208290503
orientation_1,-2,1,-2,620.0,0.0002457925965803629,0.0004959123877641182
orientation_1,-2,1,-2,640.0,0.0002461603971694745,0.0005080209781389883
orientation_1,-2,1,-2,660.0,0.00024622724146189525,0.0005197879722824477
orientation_1,-2,1,-2,680.0,0.00024600714676035497,0.0005312070691391203
orientation_1,-2,1,-2,700.0,0.00024551386788754015,0.0005422723335664105
orientation_1,-2,1,-2,720.0,0.00024476089066853644,0.0005529782019447349
orientation_1,-2,1,-2,740.0,0.00024376142601669203,0.0005633194873486811
orientation_1,-2,1,-2,760.0,0.0002425284046088434,0.0005732913842733279
orientation_1,-2,1,-2,780.0,0.00024107447213574557,0.0005828894729106344
orientation_1,-2,1,-2,800.0,0.00023941198511286712,0.0005921097229712513
orientation_1,-2,1,-2,820.0,0.00023755300723656253,0.0006009484970477539
orientation_1,-2,1,-2,840.0,0.000235509306270254,0.000609402553515701
orientation_1,-2,1,-2,860.0,0.0002332923505995651,0.000617469048970557
orientation_1,-2,1,-2,880.0,0.000230913310494463,0.000625145540195418
orientation_1,-2,1,-2,900.0,0.0002283830514776606,0.000632429985662392
orientation_1,-2,1,-2,920.0,0.00022571213649527072,0.0006393207465619043
orientation_1,-2,1,-2,940.0,0.00022291082439075037,0.0006458165873621842
orientation_1,-2,1,-2,960.0,0.00021998907058017487,0.000651916675897928
orientation_1,-2,1,-2,980.0,0.0002169565234531404,0.0006576205829889324
orientation_1,-2,1,-2,1000.0,0.000213822529545878,0.0006629282815898824
orientation_1,-2,1,-2,1020.0,0.0002105961346574792,0.0006678401454732513
orientation_1,-2,1,-2,1040.0,0.00020728608026730525,0.0006723569474468786
orientation_1,-2,1,-2,1060.0,0.00020390080904411498,0.0006764798570870498
orientation_1,-2,1,-2,1080.0,0.00020044846591668096,0.0006802104381544796
orientation_1,-2,1,-2,1100.0,0.00019693690031806512,0.00068355064520141
orientation_1,-2,1,-2,1120.0,0.00019337366887552535,0.0006865028201994154
orientation_1,-2,1,-2,1140.0,0.00018976603828492844,0.0006890696883765145
orientation_1,-2,1,-2,1160.0,0.00018612098849773442,0.000691254353746954
orientation_1,-2,1,-2,1180.0,0.00018244521606227592,0.0006930602938170423
orientation_1,-2,1,-2,1200.0,0.00017874513800718994,0.0006944913549841189
orientation_1,-2,1,-2,1220.0,0.00017502689588219064,0.0006955517484875767
orientation_1,-2,1,-2,1240.0,0.00017129635959873385,0.0006962460374705741
orientation_1,-2,1,-2,1260.0,0.00016755913092182502,0.0006965791383720952
orientation_1,-2,1,-2,1280.0,0.00016382054983749263,0.00069655631006135
orientation_1,-2,1,-2,1300.0,0.00016008569788992358,0.0006961831468301014
orientation_1,-2,1,-2,1320.0,0.0001563594034525665,0.0006954655713214298
orientation_1,-2,1,-2,1340.0,0.00015264624645196933,0.0006944098253386902
orientation_1,-2,1,-2,1360.0,0.00014895056376629638,0.0006930224626949304
orientation_1,-2,1,-2,1380.0,0.00014527645041447604,0.0006913103211839846
orientation_1,-2,1,-2,1400.0,0.00014162779615949306,0.0006892806050360069
orientation_1,-2,1,-2,1420.0,0.0001380081920322753,0.0006869406926715003
orientation_1,-2,1,-2,1440.0,0.0001344210958157668,0.0006842983115627629
orientation_1,-2,1,-2,1460.0,0.00013086969642809118,0.0006813614335764778
orientation_1,-2,1,-2,1480.0,0.00012735698426680596,0.0006781382836478141
orientation_1,-2,1,-2,1500.0,0.0001238857461021455,0.0006746373276919159
orientation_1,-2,1,-2,1520.0,0.00012045856595126485,0.0006708672795910364
orientation_1,-2,1,-2,1540.0,0.00011707783992851364,0.0006668370515141594
orientation_1,-2,1,-2,1560.0,0.00011374578236755777,0.000662555836768369
orientation_1,-2,1,-2,1580.0,0.00011046438732219852,0.000658032791948453
orientation_1,-2,1,-2,1600.0,0.00010723431154452502,0.0006532742123550244
orientation_1,-2,1,-2,1620.0,0.0001040608859977996,0.0006482999327064574
orientation_1,-2,1,-2,1640.0,0.00010094196005669397,0.0006431096080379657
orientation_1,-2,1,-2,1660.0,9.788010931683341e-05,0.0006377166467285663
orientation_1,-2,1,-2,1680.0,9.487653440305525e-05,0.0006321311906125318
orientation_1,-2,1,-2,1700.0,9.193229901409761e-05,0.0006263635792972673
orientation_1,-2,1,-2,1720.0,8.904828587790515e-05,0.0006204239960151094
orientation_1,-2,1,-2,1740.0,8.622529978729696e-05,0.0006143231260825877
orientation_1,-2,1,-2,1760.0,8.346412679781537e-05,0.0006080725868373132
orientation_1,-2,1,-2,1780.0,8.07653021865203e-05,0.000601683220064836
orientation_1,-2,1,-2,1800.0,7.812827048371286e-05,0.0005951584552473043
orientation_1,-2,1,-2,1820.0,7.555457529860022e-05,0.0005885185659758875
orientation_1,-2,1,-2,1840.0,7.304392109162292e-05,0.0005817707922114166
orientation_1,-2,1,-2,1860.0,7.05962903257707e-05,0.0005749252155295747
orientation_1,-2,1,-2,1880.0,6.821192556384981e-05,0.0005679948950367912
orientation_1,-2,1,-2,1900.0,6.58904348330245e-05,0.0005609884257528965
orientation_1,-2,1,-2,1920.0,6.36316700393166e-05,0.0005539171225520366
orientation_1,-2,1,-2,1940.0,6.143706324472956e-05,0.0005467824391063342
orientation_1,-2,1,-2,1960.0,5.930061621262014e-05,0.0005396189709893617
orientation_1,-2,1,-2,1980.0,5.722864097915626e-05,0.0005324241177758678
orientation_1,-2,1,-2,2000.0,5.521717951443336e-05,0.0005252019914342059
orientation_1,-2,1,-2,2020.0,5.326619742538299e-05,0.0005179682334486411
orientation_1,-2,1,-2,2040.0,5.137792523381183e-05,0.0005107345163080394
orientation_1,-2,1,-2,2060.0,4.954326073103983e-05,0.0005035099766085753
orientation_1,-2,1,-2,2080.0,4.7769707607978223e-05,0.0004963047650176866
orientation_1,-2,1,-2,2100.0,4.605281195121263e-05,0.0004891193645591934
orientation_1,-2,1,-2,2120.0,4.439474112925958e-05,0.0004819966099032349
orientation_1,-2,1,-2,2140.0,4.27912969602718e-05,0.00047491049981904156
orientation_1,-2,1,-2,2160.0,4.124282944326005e-05,0.0004678847448031162
orientation_1,-2,1,-2,2180.0,3.974838769790945e-05,0.00046092918927276256
orientation_1,-2,1,-2,2200.0,3.830664250917422e-05,0.00045404933414026194
orientation_1,-2,1,-2,2220.0,3.691688186177611e-05,0.0004472581450167731
orientation_1,-2,1,-2,2240.0,3.5577364541764385e-05,0.0004405638474774783
orientation_1,-2,1,-2,2260.0,3.4289737163359404e-05,0.000433986608455598
orientation_1,-2,1,-2,2280.0,3.304708334728564e-05,0.00042748306706885523
orientation_1,-2,1,-2,2300.0,3.1855022678467955e-05,0.00042114205605053737
orientation_1,-2,1,-2,2320.0,3.070830562139275e-05,0.00041491718588347923
orientation_1,-2,1,-2,2340.0,2.960683511668988e-05,0.0004088301795275772
orientation_1,-2,1,-2,2360.0,2.854939512085965e-05,0.00040288774297416575
orientation_1,-2,1,-2,2380.0,2.7534549042555114e-05,0.0003970979673401374
orientation_1,-2,1,-2,2400.0,2.6562982650947633e-05,0.00039146762770179934
orientation_1,-2,1,-2,2420.0,2.5629413672244288e-05,0.0003859954093910172
orientation_1,-2,1,-2,2440.0,2.4737129274268537e-05,0.00038071161589695127
orientation_1,-2,1,-2,2460.0,2.3882587649421907e-05,0.0003755988099158777
orientation_1,-2,1,-2,2480.0,2.3065114782552146e-05,0.00037067054912183294
orientation_1,-2,1,-2,2500.0,2.2282483334046588e-05,0.00036593411399563915
orientation_1,-1,-5,5,100.0,1.9621243864030075e-05,2.1960030616650938e-05
orientation_1,-1,-5,5,120.0,2.3019247310489505e-05,2.634988990518347e-05
orientation_1,-1,-5,5,140.0,2.625220770945213e-05,3.0735106909299294e-05
orientation_1,-1,-5,5,160.0,2.9325238267383476e-05,3.511491098976254e-05
orientation_1,-1,-5,5,180.0,3.224333451238412e-05,3.9488532946237406e-05
orientation_1,-1,-5,5,200.0,3.5011376136989184e-05,4.385520521473e-05
orientation_1,-1,-5,5,220.0,3.7634128837603894e-05,4.8214162067888626e-05
orientation_1,-1,-5,5,240.0,4.011624614774857e-05,5.256463981598316e-05
orientation_1,-1,-5,5,260.0,4.246227126368684e-05,5.690587700778734e-05
orientation_1,-1,-5,5,280.0,4.467663886147476e-05,6.123711463102995e-05
orientation_1,-1,-5,5,300.0,4.6763676904651925e-05,6.555759631224108e-05
orientation_1,-1,-5,5,320.0,4.872760844188358e-05,6.986656851588073e-05
orientation_1,-1,-5,5,340.0,5.057255339391915e-05,7.416328074266605e-05
orientation_1,-1,-5,5,360.0,5.230253032927015e-05,7.844698572702588e-05
orientation_1,-1,-5,5,380.0,5.3921458228044065e-05,8.271693963361707e-05
orientation_1,-1,-5,5,400.0,5.543315823339992e-05,8.69724022528415e-05
orientation_1,-1,-5,5,420.0,5.6841355390117325e-05,9.121263719530467e-05
orientation_1,-1,-5,5,440.0,5.814968036979871e-05,9.543691208515573e-05
orientation_1,-1,-5,5,460.0,5.936167118224656e-05,9.964449875225355e-05
orientation_1,-1,-5,5,480.0,6.048077487258473e-05,0.00010383467342310059
orientation_1,-1,-5,5,500.0,6.151034920371362e-05,0.00010800671691048963
orientation_1,-1,-5,5,520.0,6.245366432371372e-05,0.00011215991480180647
orientation_1,-1,-5,5,540.0,6.331390395748891e-05,0.00011629355764593444
orientation_1,-1,-5,5,560.0,6.409416886063969e-05,0.00012040694113870545
orientation_1,-1,-5,5,580.0,6.479747574881457e-05,0.00012449936630684301
orientation_1,-1,-5,5,600.0,6.542676067155314e-05,0.0001285701396903437
orientation_1,-1,-5,5,620.0,6.598488016281776e-05,0.00013261857352324862
orientation_1,-1,-5,5,640.0,6.64746128111768e-05,0.00013664398591273753
orientation_1,-1,-5,5,660.0,6.68986608128251e-05,0.00014064570101651733
orientation_1,-1,-5,5,680.0,6.725965150722026e-05,0.00014462304921842442
orientation_1,-1,-5,5,700.0,6.756013889511435e-05,0.00014857536730221882
orientation_1,-1,-5,5,720.0,6.780260513881139e-05,0.00015250199862349158
orientation_1,-1,-5,5,740.0,6.798946204446591e-05,0.00015640229327967454
orientation_1,-1,-5,5,760.0,6.812305252626395e-05,0.00016027560827803298
orientation_1,-1,-5,5,780.0,6.820565205236638e-05,0.00016412130770168497
orientation_1,-1,-5,5,800.0,6.82394700724694e-05,0.00016793876287352766
orientation_1,-1,-5,5,820.0,6.822665142688186e-05,0.00017172735251804784
orientation_1,-1,-5,5,840.0,6.816927773701364e-05,0.0001754864629209417
orientation_1,-1,-5,5,860.0,6.806936877727627e-05,0.000179215488086711
orientation_1,-1,-5,5,880.0,6.792888382807945e-05,0.00018291382989353797
orientation_1,-1,-5,5,900.0,6.77497230102826e-05,0.00018658089824647917
orientation_1,-1,-5,5,920.0,6.753372860065167e-05,0.00019021611122785684
orientation_1,-1,-5,5,940.0,6.72826863285287e-05,0.00019381889524543037
orientation_1,-1,-5,5,960.0,6.699832665759949e-05,0.00019738868518992956
orientation_1,-1,-5,5,980.0,6.668232602498039e-05,0.000200924924519335
orientation_1,-1,-5,5,1000.0,6.633630812092966e-05,0.00020442706551752044
orientation_1,-1,-5,5,1020.0,6.596184507040398e-05,0.0002078945693145728
orientation_1,-1,-5,5,1040.0,6.556045865523055e-05,0.00021132690608123236
orientation_1,-1,-5,5,1060.0,6.513362149208714e-05,0.00021472355514459354
orientation_1,-1,-5,5,1080.0,6.468275820573904e-05,0.00021808400514636614
orientation_1,-1,-5,5,1100.0,6.420924655829065e-05,0.00022140775411416363
orientation_1,-1,-5,5,1120.0,6.371441859378013e-05,0.00022469430964322813
orientation_1,-1,-5,5,1140.0,6.319956173833607e-05,0.00022794318898908847
orientation_1,-1,-5,5,1160.0,6.266591989265764e-05,0.00023115391919345705
orientation_1,-1,-5,5,1180.0,6.211469448062697e-05,0.0002343260371110087
orientation_1,-1,-5,5,1200.0,6.15470455509316e-05,0.00023745908969929831
orientation_1,-1,-5,5,1220.0,6.0964092845682004e-05,0.00024055263427161626
orientation_1,-1,-5,5,1240.0,6.036691675573375e-05,0.00024360623837681755
orientation_1,-1,-5,5,1260.0,5.9756559102446396e-05,0.00024661947899273925
orientation_1,-1,-5,5,1280.0,5.9134024590775596e-05,0.00024959194453737
orientation_1,-1,-5,5,1300.0,5.8500281456931674e-05,0.00025252323370254727
orientation_1,-1,-5,5,1320.0,5.78562624331148e-05,0.0002554129555992857
orientation_1,-1,-5,5,1340.0,5.720286580047559e-05,0.00025826073039280533
orientation_1,-1,-5,5,1360.0,5.6540956174711814e-05,0.0002610661888401892
orientation_1,-1,-5,5,1380.0,5.5871364556325876e-05,0.0002638289683070982
orientation_1,-1,-5,5,1400.0,5.519489668468354e-05,0.0002665487489844734
orientation_1,-1,-5,5,1420.0,5.451231006044045e-05,0.00026922513818626186
orientation_1,-1,-5,5,1440.0,5.3824353432452526e-05,0.00027185785874355036
orientation_1,-1,-5,5,1460.0,5.313173348523314e-05,0.00027444658232404854
orientation_1,-1,-5,5,1480.0,5.2435131304780364e-05,0.0002769910060701214
orientation_1,-1,-5,5,1500.0,5.173520117723772e-05,0.00027949084341379206
orientation_1,-1,-5,5,1520.0,5.1032567148256115e-05,0.00028194580102498714
orientation_1,-1,-5,5,1540.0,5.032783201870057e-05,0.0002843556240344927
orientation_1,-1,-5,5,1560.0,4.962157234045821e-05,0.00028672006547688126
orientation_1,-1,-5,5,1580.0,4.891433109484084e-05,0.00028903883745743877
orientation_1,-1,-5,5,1600.0,4.820492951052581e-05,0.0002913099085077947
orientation_1,-1,-5,5,1620.0,4.749900506817033e-05,0.0002935385638433079
orientation_1,-1,-5,5,1640.0,4.6791901321779764e-05,0.00029571907199840453
orientation_1,-1,-5,5,1660.0,4.6085788923459814e-05,0.00029785307388701537
orientation_1,-1,-5,5,1680.0,4.5381105709521084e-05,0.00029994038660679574
orientation_1,-1,-5,5,1700.0,4.467826994298384e-05,0.00030198084653277853
orientation_1,-1,-5,5,1720.0,4.397767202384404e-05,0.00030397424743535236
orientation_1,-1,-5,5,1740.0,4.3279695821011104e-05,0.0003059204833641008
orientation_1,-1,-5,5,1760.0,4.2584734211319594e-05,0.0003078196692730215
orientation_1,-1,-5,5,1780.0,4.189313386262301e-05,0.0003096717439315211
orientation_1,-1,-5,5,1800.0,4.1205799258035104e-05,0.00031147477705838195
orientation_1,-1,-5,5,1820.0,4.0520887873416294e-05,0.0003132310211554245
orientation_1,-1,-5,5,1840.0,3.9841032504422765e-05,0.0003149395078489188
orientation_1,-1,-5,5,1860.0,3.9165667870396955e-05,0.0003166000041537797
orientation_1,-1,-5,5,1880.0,3.849510838160834e-05,0.00031821290976691855
orientation_1,-1,-5,5,1900.0,3.782954020794146e-05,0.00031977770065684633
orientation_1,-1,-5,5,1920.0,3.716920506852488e-05,0.0003212944394438776
orientation_1,-1,-5,5,1940.0,3.651473976897863e-05,0.00032276690929523426
orientation_1,-1,-5,5,1960.0,3.5864964249375205e-05,0.000324182574896001
orientation_1,-1,-5,5,1980.0,3.522173498696237e-05,0.00032555660690366855
orientation_1,-1,-5,5,2000.0,3.4584374402427036e-05,0.0003268812014938152
orientation_1,-1,-5,5,2020.0,3.395319054482325e-05,0.0003281577133317879
orientation_1,-1,-5,5,2040.0,3.3328901307618e-05,0.00032938630359605203
orientation_1,-1,-5,5,2060.0,3.27099764642186e-05,0.0003305668804219889
orientation_1,-1,-5,5,2080.0,3.209819476951837e-05,0.00033169940799538435
orientation_1,-1,-5,5,2100.0,3.14929108822416e-05,0.000332781640975864
orientation_1,-1,-5,5,2120.0,3.0894967805899636e-05,0.00033382162949150985
orientation_1,-1,-5,5,2140.0,3.0303660844460606e-05,0.0003348107213695593
orientation_1,-1,-5,5,2160.0,2.97193960386988e-05,0.0003357524594031405
orientation_1,-1,-5,5,2180.0,2.9142261237475367e-05,0.00033664705416942126
orientation_1,-1,-5,5,2200.0,2.8572245216432636e-05,0.00033749363136908333
orientation_1,-1,-5,5,2220.0,2.800949593074517e-05,0.0003382933243506699
orientation_1,-1,-5,5,2240.0,2.7453903088595983e-05,0.00033904419142058385
orientation_1,-1,-5,5,2260.0,2.690617807590155e-05,0.00033975487230534336
orientation_1,-1,-5,5,2280.0,2.6364932981059062e-05,0.0003404070262626888
orientation_1,-1,-5,5,2300.0,2.5831884859566113e-05,0.00034102286151073966
orientation_1,-1,-5,5,2320.0,2.530601711489881e-05,0.00034158882018258915
orientation_1,-1,-5,5,2340.0,2.4787618217209008e-05,0.00034210862163929775
orientation_1,-1,-5,5,2360.0,2.427669681710735e-05,0.0003425824006868485
orientation_1,-1,-5,5,2380.0,2.3773188928798754e-05,0.0003430093143754263
orientation_1,-1,-5,5,2400.0,2.327753206062585e-05,0.00034339611280668786
orientation_1,-1,-5,5,2420.0,2.278875265114359e-05,0.0003437282968826407
orientation_1,-1,-5,5,2440.0,2.2307911066763896e-05,0.0003440224889794673
orientation_1,-1,-5,5,2460.0,2.1834418241925096e-05,0.0003442700238834619
orientation_1,-1,-5,5,2480.0,2.1368376876313444e-05,0.00034447307558267264
orientation_1,-1,-5,5,2500.0,2.090807114794213e-05,0.0003446415034598313
orientation_1,4,0,2,100.0,2.6339649399647036e-05,2.9482590550181788e-05
orientation_1,4,0,2,120.0,3.0897024935843625e-05,3.537230774040811e-05
orientation_1,4,0,2,140.0,3.523098107844004e-05,4.125365778108753e-05
orientation_1,4,0,2,160.0,3.934821959722269e-05,4.712525361775817e-05
orientation_1,4,0,2,180.0,4.32553059296052e-05,5.2985711667175665e-05
orientation_1,4,0,2,200.0,4.695867043269661e-05,5.883365230001756e-05
orientation_1,4,0,2,220.0,5.046460967507772e-05,6.4667700326512e-05
orientation_1,4,0,2,240.0,5.377928776348137e-05,7.048648548195474e-05
orientation_1,4,0,2,260.0,5.6908746829479455e-05,7.628864291095817e-05
orientation_1,4,0,2,280.0,5.985887312718249e-05,8.207281364987229e-05
orientation_1,4,0,2,300.0,6.263544959727785e-05,8.783764510703454e-05
orientation_1,4,0,2,320.0,6.524412436794896e-05,9.358179154058408e-05
orientation_1,4,0,2,340.0,6.769042017642498e-05,9.930391453362279e-05
orientation_1,4,0,2,360.0,6.997973585688193e-05,0.00010500268346651359
orientation_1,4,0,2,380.0,7.211734784879892e-05,0.00011067677598612367
orientation_1,4,0,2,400.0,7.410841172410552e-05,0.00011632487847182262
orientation_1,4,0,2,420.0,7.595796373150055e-05,0.00012194568649804758
orientation_1,4,0,2,440.0,7.767092235636906e-05,0.0001275379052932533
orientation_1,4,0,2,460.0,7.925208989476797e-05,0.0001331002501950653
orientation_1,4,0,2,480.0,8.070615403999445e-05,0.00013863144710145854
orientation_1,4,0,2,500.0,8.203768948029484e-05,0.0001441302329177793
orientation_1,4,0,2,520.0,8.325115950631287e-05,0.0001495953559994411
orientation_1,4,0,2,540.0,8.435091762692002e-05,0.00015502557659011735
orientation_1,4,0,2,560.0,8.534120919211187e-05,0.00016041966725525829
orientation_1,4,0,2,580.0,8.622617302169299e-05,0.0001657764133107647
orientation_1,4,0,2,600.0,8.700984303851728e-05,0.00017109461324665007
orientation_1,4,0,2,620.0,8.769614990509343e-05,0.00017637307914552926
orientation_1,4,0,2,640.0,8.828892266238912e-05,0.00018161063709575478
orientation_1,4,0,2,660.0,8.879189036972738e-05,0.00018680612759906705
orientation_1,4,0,2,680.0,8.92086837447049e-05,0.00019195840597256844
orientation_1,4,0,2,700.0,8.9542836802067e-05,0.00019706634274489385
orientation_1,4,0,2,720.0,8.979778849056889e-05,0.00020212882404639065
orientation_1,4,0,2,740.0,8.997688432683779e-05,0.00020714475199321377
orientation_1,4,0,2,760.0,9.008337802530504e-05,0.00021211304506508276
orientation_1,4,0,2,780.0,9.012043312333678e-05,0.0002170326384766841
orientation_1,4,0,2,800.0,9.009112460068261e-05,0.000221902484542483
orientation_1,4,0,2,820.0,8.999844049242574e-05,0.00022672155303482362
orientation_1,4,0,2,840.0,8.984528349463093e-05,0.00023148883153515577
orientation_1,4,0,2,860.0,8.963447256204561e-05,0.00023620332577853307
orientation_1,4,0,2,880.0,8.936874449678981e-05,0.00024086405999036842
orientation_1,4,0,2,900.0,8.905075552790492e-05,0.00024547007721678436
orientation_1,4,0,2,920.0,8.868308288054446e-05,0.0002500204396469775
orientation_1,4,0,2,940.0,8.826822633449737e-05,0.00025451422892831804
orientation_1,4,0,2,960.0,8.780860977670505e-05,0.00025895054648972666
orientation_1,4,0,2,980.0,8.73065827097627e-05,0.0002633285137619229
orientation_1,4,0,2,1000.0,8.676442182814316e-05,0.00026764727262823074
orientation_1,4,0,2,1020.0,8.618433247455089e-05,0.00027190598554964024
orientation_1,4,0,2,1040.0,8.556845016292555e-05,0.0002761038359199994
orientation_1,4,0,2,1060.0,8.491884205328196e-05,0.0002802400283104472
orientation_1,4,0,2,1080.0,8.423750843105968e-05,0.0002843137887665488
orientation_1,4,0,2,1100.0,8.352638413760401e-05,0.0002883243649834721
orientation_1,4,0,2,1120.0,8.278734003128731e-05,0.0002922710266252723
orientation_1,4,0,2,1140.0,8.20221843982262e-05,0.00029615306551930527
orientation_1,4,0,2,1160.0,8.123266436581563e-05,0.0002999697958905968
orientation_1,4,0,2,1180.0,8.042046724117277e-05,0.0003037205544579937
orientation_1,4,0,2,1200.0,7.958722199076827e-05,0.00030740470087967385
orientation_1,4,0,2,1220.0,7.873443243104476e-05,0.00031102161814302605
orientation_1,4,0,2,1240.0,7.786375049195348e-05,0.00031457071244474775
orientation_1,4,0,2,1260.0,7.69766398599294e-05,0.00031805141215707433
orientation_1,4,0,2,1280.0,7.607437098674868e-05,0.00032146317055518117
orientation_1,4,0,2,1300.0,7.515836973178104e-05,0.00032480546428593295
orientation_1,4,0,2,1320.0,7.422994251257638e-05,0.0003280777935850052
orientation_1,4,0,2,1340.0,7.329034658788933e-05,0.0003312796831546737
orientation_1,4,0,2,1360.0,7.234079112181586e-05,0.0003344106815528621
orientation_1,4,0,2,1380.0,7.138243726409867e-05,0.00033747035584202813
orientation_1,4,0,2,1400.0,7.041640940868817e-05,0.0003404583403261009
orientation_1,4,0,2,1420.0,6.944376430515018e-05,0.0003433741809017087
orientation_1,4,0,2,1440.0,6.846554419901994e-05,0.0003462175884467506
orientation_1,4,0,2,1460.0,6.748273204860248e-05,0.00034898821464473065
orientation_1,4,0,2,1480.0,6.649627372052733e-05,0.0003516857550322526
orientation_1,4,0,2,1500.0,6.5507076404386e-05,0.0003543099259665068
orientation_1,4,0,2,1520.0,6.451600399861877e-05,0.00035686048688022453
orientation_1,4,0,2,1540.0,6.352388931276153e-05,0.0003593371945075744
orientation_1,4,0,2,1560.0,6.253152732701372e-05,0.00036173986834730647
orientation_1,4,0,2,1580.0,6.153966539628933e-05,0.0003640682714990696
orientation_1,4,0,2,1600.0,6.0546738073643225e-05,0.0003663081825600482
orientation_1,4,0,2,1620.0,5.9560324063621057e-05,0.0003685018261465298
orientation_1,4,0,2,1640.0,5.85741864374277e-05,0.0003706067249422038
orientation_1,4,0,2,1660.0,5.759124743139835e-05,0.00037263692451799545
orientation_1,4,0,2,1680.0,5.6612100599912155e-05,0.00037459236977920295
orientation_1,4,0,2,1700.0,5.563731284182615e-05,0.00037647305253092443
orientation_1,4,0,2,1720.0,5.466741021729249e-05,0.00037827890773419934
orientation_1,4,0,2,1740.0,5.370290843678738e-05,0.000380010017191545
orientation_1,4,0,2,1760.0,5.274433326961985e-05,0.0003816667678869254
orientation_1,4,0,2,1780.0,5.179214608428054e-05,0.00038324931595380777
orientation_1,4,0,2,1800.0,5.0847549666382136e-05,0.0003847553236718605
orientation_1,4,0,2,1820.0,4.9908082173055514e-05,0.00038618807058534045
orientation_1,4,0,2,1840.0,4.897724964011932e-05,0.00038754652397601276
orientation_1,4,0,2,1860.0,4.805428840354825e-05,0.0003888306420761198
orientation_1,4,0,2,1880.0,4.713960961628661e-05,0.00039004125690268813
orientation_1,4,0,2,1900.0,4.6233448114782974e-05,0.0003911779472766004
orientation_1,4,0,2,1920.0,4.533611234469495e-05,0.0003922410911358492
orientation_1,4,0,2,1940.0,4.444844160987718e-05,0.00039323608575211774
orientation_1,4,0,2,1960.0,4.3568833048296435e-05,0.0003941464146557355
orientation_1,4,0,2,1980.0,4.2699758395160954e-05,0.00039499275713468534
orientation_1,4,0,2,2000.0,4.184028845095919e-05,0.0003957649789212578
orientation_1,4,0,2,2020.0,4.099081360268001e-05,0.0003964652233020669
orientation_1,4,0,2,2040.0,4.015229544635174e-05,0.000397094075671598
orientation_1,4,0,2,2060.0,3.9322597194849135e-05,0.000397651739361739
orientation_1,4,0,2,2080.0,3.850413825795301e-05,0.00039813853213295497
orientation_1,4,0,2,2100.0,3.769600728363801e-05,0.0003985518029985025
orientation_1,4,0,2,2120.0,3.689930992918755e-05,0.0003989027381566337
orientation_1,4,0,2,2140.0,3.611307139989921e-05,0.0003991800928506756
orientation_1,4,0,2,2160.0,3.533780833411821e-05,0.00039938900810645897
orientation_1,4,0,2,2180.0,3.457360912574004e-05,0.0003995301538935014
orientation_1,4,0,2,2200.0,3.382042942705338e-05,0.00039960276124816735
orientation_1,4,0,2,2220.0,3.3078436503985515e-05,0.0003996087437981516
orientation_1,4,0,2,2240.0,3.234745093391822e-05,0.0003995484453521685
orientation_1,4,0,2,2260.0,3.162839741036222e-05,0.00039942625787943794
orientation_1,4,0,2,2280.0,3.091938020542522e-05,0.00039922560893646095
orientation_1,4,0,2,2300.0,3.022266841989713e-05,0.0003989741446813101
orientation_1,4,0,2,2320.0,2.9536868496810036e-05,0.00039865414222192664
orientation_1,4,0,2,2340.0,2.8862333417184716e-05,0.0003982710159697357
orientation_1,4,0,2,2360.0,2.819903986135252e-05,0.0003978253604421551
orientation_1,4,0,2,2380.0,2.754686853117802e-05,0.00039731649400118614
orientation_1,4,0,2,2400.0,2.6906376207837353e-05,0.00039675396454103663
orientation_1,4,0,2,2420.0,2.6276216562698235e-05,0.0003961186684911699
orientation_1,4,0,2,2440.0,2.565778024759767e-05,0.00039543343258967
orientation_1,4,0,2,2460.0,2.5050242925984886e-05,0.0003946870589408407
orientation_1,4,0,2,2480.0,2.4453709803733718e-05,0.00039388292667056935
orientation_1,4,0,2,2500.0,2.3865823129708196e-05,0.00039303481814610404
orientation_1,3,9,-8,100.0,8.924173126081897e-06,9.979526102895475e-06
orientation_1,3,9,-8,120.0,1.0473257918366419e-05,1.1976566949294447e-05
orientation_1,3,9,-8,140.0,1.1948671256024187e-05,1.3972649026939227e-05
orientation_1,3,9,-8,160.0,1.3352798786767786e-05,1.59676128203372e-05
orientation_1,3,9,-8,180.0,1.4687962457747567e-05,1.796129895256453e-05
orientation_1,3,9,-8,200.0,1.5956421972897855e-05,1.995354820186895e-05
orientation_1,3,9,-8,220.0,1.7160376223420156e-05,2.1944201519767963e-05
orientation_1,3,9,-8,240.0,1.8301964690890067e-05,2.3933100049676947e-05
orientation_1,3,9,-8,260.0,1.938326882309661e-05,2.5920085145739142e-05
orientation_1,3,9,-8,280.0,2.0406313382914637e-05,2.7904998391730277e-05
orientation_1,3,9,-8,300.0,2.137306777057784e-05,2.9887681619982103e-05
orientation_1,3,9,-8,320.0,2.2285447319745194e-05,3.1867976930298896e-05
orientation_1,3,9,-8,340.0,2.3145314567760745e-05,3.384572670885216e-05
orientation_1,3,9,-8,360.0,2.3954480500509693e-05,3.5820773647045304e-05
orientation_1,3,9,-8,380.0,2.4714705772271745e-05,3.779296076034224e-05
orientation_1,3,9,-8,400.0,2.542770190097181e-05,3.9762131407055684e-05
orientation_1,3,9,-8,420.0,2.6095132439223034e-05,4.172812930709165e-05
orientation_1,3,9,-8,440.0,2.6718614121556035e-05,4.3690798560646994e-05
orientation_1,3,9,-8,460.0,2.7299717988222683e-05,4.564998366685673e-05
orientation_1,3,9,-8,480.0,2.783997048596008e-05,4.76055295423893e-05
orientation_1,3,9,-8,500.0,2.8340854546096347e-05,4.95572815399859e-05
orientation_1,3,9,-8,520.0,2.880381064037579e-05,5.150508546694255e-05
orientation_1,3,9,-8,540.0,2.923023781487681e-05,5.3448787603531283e-05
orientation_1,3,9,-8,560.0,2.9621494702392454e-05,5.5388234721359135e-05
orientation_1,3,9,-8,580.0,2.9978900513639375e-05,5.7323274101661277e-05
orientation_1,3,9,-8,600.0,3.0303736007655214e-05,5.925375355352408e-05
orientation_1,3,9,-8,620.0,3.0597244441745815e-05,6.117952143204646e-05
orientation_1,3,9,-8,640.0,3.086063250132888e-05,6.310042665641516e-05
orientation_1,3,9,-8,660.0,3.109507121003021e-05,6.50163187279154e-05
orientation_1,3,9,-8,680.0,3.130169682037915e-05,6.692704774786249e-05
orientation_1,3,9,-8,700.0,3.148161168540854e-05,6.883246443544863e-05
orientation_1,3,9,-8,720.0,3.1635885111601346e-05,7.073242014551259e-05
orientation_1,3,9,-8,740.0,3.1765554193345665e-05,7.262676688622486e-05
orientation_1,3,9,-8,760.0,3.187162462939174e-05,7.451535733667714e-05
orientation_1,3,9,-8,780.0,3.195507152154341e-05,7.639804486439549e-05
orientation_1,3,9,-8,800.0,3.2016840155928355e-05,7.827468354275476e-05
orientation_1,3,9,-8,820.0,3.205784676716268e-05,8.014512816829851e-05
orientation_1,3,9,-8,840.0,3.207897928571547e-05,8.200923427795009e-05
orientation_1,3,9,-8,860.0,3.2081098068819904e-05,8.386685816621046e-05
orientation_1,3,9,-8,880.0,3.206503661511955e-05,8.57178569020436e-05
orientation_1,3,9,-8,900.0,3.2031602263538864e-05,8.756208834593884e-05
orientation_1,3,9,-8,920.0,3.198157687648528e-05,8.939941116666026e-05
orientation_1,3,9,-8,940.0,3.1915717507784444e-05,9.122968485796617e-05
orientation_1,3,9,-8,960.0,3.183475705739544e-05,9.305276976054134e-05
orientation_1,3,9,-8,980.0,3.173940490064912e-05,9.486852705185653e-05
orientation_1,3,9,-8,1000.0,3.163034752990429e-05,9.667681881578555e-05
orientation_1,3,9,-8,1020.0,3.1508249146206145e-05,9.847750800559313e-05
orientation_1,3,9,-8,1040.0,3.137375226397163e-05,0.00010027045848687608
orientation_1,3,9,-8,1060.0,3.122747829114449e-05,0.00010205553504796069
orientation_1,3,9,-8,1080.0,3.107002809786067e-05,0.00010383260341576694
orientation_1,3,9,-8,1100.0,3.090199478303069e-05,0.00010560153027216451
orientation_1,3,9,-8,1120.0,3.072390316264108e-05,0.00010736218326912162
orientation_1,3,9,-8,1140.0,3.053633240831038e-05,0.00010911443104406073
orientation_1,3,9,-8,1160.0,3.0339794456643035e-05,0.00011085814323562218
orientation_1,3,9,-8,1180.0,3.013479555846432e-05,0.00011259319045831071
orientation_1,3,9,-8,1200.0,2.9921824583340414e-05,0.00011431944439733782
orientation_1,3,9,-8,1220.0,2.9701353516720816e-05,0.00011603677788830355
orientation_1,3,9,-8,1240.0,2.9473837902926653e-05,0.00011774506483068785
orientation_1,3,9,-8,1260.0,2.9239730643532478e-05,0.00011944417978378629
orientation_1,3,9,-8,1280.0,2.8999415466363584e-05,0.00012113399885338387
orientation_1,3,9,-8,1300.0,2.875334160885651e-05,0.00012281439912904197
orientation_1,3,9,-8,1320.0,2.8501889864339977e-05,0.0001244852587226978
orientation_1,3,9,-8,1340.0,2.8245440249729743e-05,0.00012614645702657264
orientation_1,3,9,-8,1360.0,2.798437295029213e-05,0.00012779787447921264
orientation_1,3,9,-8,1380.0,2.7718998167556606e-05,0.00012943939073702056
orientation_1,3,9,-8,1400.0,2.7449700226191813e-05,0.00013107090104963487
orientation_1,3,9,-8,1420.0,2.717678681960415e-05,0.00013269226382522256
orientation_1,3,9,-8,1440.0,2.6900577055050323e-05,0.00013430338597168683
orientation_1,3,9,-8,1460.0,2.6621372308070314e-05,0.00013590414734058066
orientation_1,3,9,-8,1480.0,2.6339463668349385e-05,0.0001374944354404034
orientation_1,3,9,-8,1500.0,2.6055130500841376e-05,0.0001390741364495022
orientation_1,3,9,-8,1520.0,2.5768643249140678e-05,0.00014064314879879506
orientation_1,3,9,-8,1540.0,2.5480258727061138e-05,0.0001422013555569332
orientation_1,3,9,-8,1560.0,2.5190226590713418e-05,0.00014374865864522665
orientation_1,3,9,-8,1580.0,2.4898781630589274e-05,0.00014528493273679202
orientation_1,3,9,-8,1600.0,2.4605376773215785e-05,0.0001468092562012145
orientation_1,3,9,-8,1620.0,2.431256619570351e-05,0.0001483240275676554
orientation_1,3,9,-8,1640.0,2.401822358300428e-05,0.00014982663637417055
orientation_1,3,9,-8,1660.0,2.3723328723422394e-05,0.00015131781748086988
orientation_1,3,9,-8,1680.0,2.3428074442192594e-05,0.00015279747312700243
orientation_1,3,9,-8,1700.0,2.3132644356723917e-05,0.00015426550066300468
orientation_1,3,9,-8,1720.0,2.2837216101232373e-05,0.00015572181274222204
orientation_1,3,9,-8,1740.0,2.2541956939656737e-05,0.00015716630548473585
orientation_1,3,9,-8,1760.0,2.2247044805423263e-05,0.00015859900976164371
orientation_1,3,9,-8,1780.0,2.1952636447279182e-05,0.00016001986444972048
orientation_1,3,9,-8,1800.0,2.1659146074520447e-05,0.0001614279513797656
orientation_1,3,9,-8,1820.0,2.1365726897000646e-05,0.00016282425291024952
orientation_1,3,9,-8,1840.0,2.107358761622583e-05,0.00016420828183335098
orientation_1,3,9,-8,1860.0,2.0782470715890313e-05,0.00016557988364827262
orientation_1,3,9,-8,1880.0,2.0492521737738e-05,0.00016693917868807165
orientation_1,3,9,-8,1900.0,2.020383031860127e-05,0.00016828587657078035
orientation_1,3,9,-8,1920.0,1.9916511056794e-05,0.00016961994091792157
orientation_1,3,9,-8,1940.0,1.963085904120438e-05,0.0001709430234422556
orientation_1,3,9,-8,1960.0,1.9346344395356675e-05,0.00017224935632239463
orientation_1,3,9,-8,1980.0,1.906381857805816e-05,0.00017354576495159094
orientation_1,3,9,-8,2000.0,1.878298073000491e-05,0.00017482861751593512
orientation_1,3,9,-8,2020.0,1.8503979964688948e-05,0.00017609845402228328
orientation_1,3,9,-8,2040.0,1.8227140307852556e-05,0.00017735524815419869
orientation_1,3,9,-8,2060.0,1.7951807322736167e-05,0.00017859888152512715
orientation_1,3,9,-8,2080.0,1.767876903425327e-05,0.000179829239476625
orientation_1,3,9,-8,2100.0,1.7407752897892056e-05,0.000181045204842193
orientation_1,3,9,-8,2120.0,1.7139152987919245e-05,0.0001822503306530952
orientation_1,3,9,-8,2140.0,1.6872661013736132e-05,0.00018344058260667972
orientation_1,3,9,-8,2160.0,1.6608473514750495e-05,0.00018461746140679364
orientation_1,3,9,-8,2180.0,1.634665786961174e-05,0.00018578095194501403
orientation_1,3,9,-8,2200.0,1.6087191570253154e-05,0.00018693053450227344
orientation_1,3,9,-8,2220.0,1.5830170786009408e-05,0.00018806660921733635
orientation_1,3,9,-8,2240.0,1.5575559360171265e-05,0.00018918817071945026
orientation_1,3,9,-8,2260.0,1.5323692877283504e-05,0.0001902990095021763
orientation_1,3,9,-8,2280.0,1.5073954981996508e-05,0.00019139066037136878
orientation_1,3,9,-8,2300.0,1.4827143932856384e-05,0.00019247310769377298
orientation_1,3,9,-8,2320.0,1.4582809554110263e-05,0.00019354001945866376
orientation_1,3,9,-8,2340.0,1.4341096822993488e-05,0.0001945929519686284
orientation_1,3,9,-8,2360.0,1.4102027151812553e-05,0.0001956318350357199
orientation_1,3,9,-8,2380.0,1.3865587851339946e-05,0.00019665613338954585
orientation_1,3,9,-8,2400.0,1.3631989764393337e-05,0.00019766873288527
orientation_1,3,9,-8,2420.0,1.3400809520086427e-05,0.00019866294246233788
orientation_1,3,9,-8,2440.0,1.3172542580097207e-05,0.00019964611961386685
orientation_1,3,9,-8,2460.0,1.294693863561292e-05,0.0002006141779635762
orientation_1,3,9,-8,2480.0,1.2724060516330149e-05,0.00020156794257593139
orientation_1,3,9,-8,2500.0,1.250315501482154e-05,0.00020251167297829915
orientation_1,4,-3,5,100.0,4.614831662818929e-05,5.165973569904181e-05
orientation_1,4,-3,5,120.0,5.41143600463117e-05,6.19595054140073e-05
orientation_1,4,-3,5,140.0,6.168006506052646e-05,7.223358945900958e-05
orientation_1,4,-3,5,160.0,6.885629103980488e-05,8.247774723940614e-05
orientation_1,4,-3,5,180.0,7.565377567576653e-05,9.2687756782678e-05
orientation_1,4,-3,5,200.0,8.20831309046126e-05,0.00010285941734567095
orientation_1,4,-3,5,220.0,8.815483908251775e-05,0.00011298855201503879
orientation_1,4,-3,5,240.0,9.387924940495112e-05,0.00012307101029409887
orientation_1,4,-3,5,260.0,9.926657456353211e-05,0.0001331026706726259
orientation_1,4,-3,5,280.0,0.00010432688763494339,0.00014307944317716486
orientation_1,4,-3,5,300.0,0.0001090701191967107,0.0001529972718998297
orientation_1,4,-3,5,320.0,0.00011350605466472198,0.00016285213750372282
orientation_1,4,-3,5,340.0,0.00011764433184736002,0.00017264005970318738
orientation_1,4,-3,5,360.0,0.00012149443809065887,0.0001823570997171544
orientation_1,4,-3,5,380.0,0.00012506571067681367,0.00019199936269387964
orientation_1,4,-3,5,400.0,0.0001283673314389086,0.00020156300010539506
orientation_1,4,-3,5,420.0,0.0001314083274478811,0.0002110442121100224
orientation_1,4,-3,5,440.0,0.0001341975690054196,0.00022043924988132487
orientation_1,4,-3,5,460.0,0.0001367437683884243,0.0002297444179018985
orientation_1,4,-3,5,480.0,0.00013905547877341096,0.0002389560762204267
orientation_1,4,-3,5,500.0,0.00014114109333556238,0.0002480706426704558
orientation_1,4,-3,5,520.0,0.00014300884451713377,0.0002570845950493693
orientation_1,4,-3,5,540.0,0.00014466680345993078,0.0002659944732560751
orientation_1,4,-3,5,560.0,0.00014612287959659626,0.0002747968813859438
orientation_1,4,-3,5,580.0,0.00014738482039545857,0.00028348848978157037
orientation_1,4,-3,5,600.0,0.00014846021125372865,0.0002920660370379669
orientation_1,4,-3,5,620.0,0.00014935647553386563,0.00030052633196081785
orientation_1,4,-3,5,640.0,0.00015008087473795058,0.00030886625547646586
orientation_1,4,-3,5,660.0,0.0001506405088149903,0.00031708276249235154
orientation_1,4,-3,5,680.0,0.00015104231659605885,0.00032517288370662007
orientation_1,4,-3,5,700.0,0.00015129307635231002,0.0003331337273657028
orientation_1,4,-3,5,720.0,0.0001513994064708654,0.0003409624809686646
orientation_1,4,-3,5,740.0,0.00015136776624373994,0.0003486564129171949
orientation_1,4,-3,5,760.0,0.0001512044567648846,0.00035621287411010977
orientation_1,4,-3,5,780.0,0.0001509156219306874,0.0003636292994813262
orientation_1,4,-3,5,800.0,0.00015050724953914944,0.0003709032094802604
orientation_1,4,-3,5,820.0,0.00014998517248313633,0.0003780322114936813
orientation_1,4,-3,5,840.0,0.00014935507003312282,0.0003850140012079912
orientation_1,4,-3,5,860.0,0.00014862246920514837,0.0003918463639115726
orientation_1,4,-3,5,880.0,0.00014779274620897474,0.00039852717573476547
orientation_1,4,-3,5,900.0,0.00014687112797313146,0.00040505440482927846
orientation_1,4,-3,5,920.0,0.0001458626937415949,0.00041142611248364523
orientation_1,4,-3,5,940.0,0.0001447723767385711,0.00041764045417562456
orientation_1,4,-3,5,960.0,0.000143604965906549,0.0004236956805602666
orientation_1,4,-3,5,980.0,0.00014236510764736073,0.0004295901383931334
orientation_1,4,-3,5,1000.0,0.0001410573077613233,0.0004353222713880857
orientation_1,4,-3,5,1020.0,0.00013968593324905745,0.0004408906210092174
orientation_1,4,-3,5,1040.0,0.00013825521430374906,0.0004462938271959889
orientation_1,4,-3,5,1060.0,0.00013676924628750682,0.00045153062900864043
orientation_1,4,-3,5,1080.0,0.00013523199178244058,0.0004565998652862614
orientation_1,4,-3,5,1100.0,0.00013364728261906384,0.00046150047503577796
orientation_1,4,-3,5,1120.0,0.00013201882202035407,0.0004662314980236026
orientation_1,4,-3,5,1140.0,0.00013035018671510683,0.0004707920750928034
orientation_1,4,-3,5,1160.0,0.00012864482910510393,0.0004751814484981107
orientation_1,4,-3,5,1180.0,0.00012690607939679194,0.0004793989619441744
orientation_1,4,-3,5,1200.0,0.0001251371479244914,0.00048344406118809303
orientation_1,4,-3,5,1220.0,0.000123341127456003,0.0004873162944866563
orientation_1,4,-3,5,1240.0,0.00012152099528375725,0.0004910153120768406
orientation_1,4,-3,5,1260.0,0.00011967961498541664,0.0004945408640679445
orientation_1,4,-3,5,1280.0,0.00011781973978744485,0.0004978928047847536
orientation_1,4,-3,5,1300.0,0.00011594401406223517,0.0005010710894714397
orientation_1,4,-3,5,1320.0,0.00011405497586490588,0.0005040757751014196
orientation_1,4,-3,5,1340.0,0.00011215505908032867,0.0005069070194691942
orientation_1,4,-3,5,1360.0,0.00011024659587535478,0.0005095650815513992
orientation_1,4,-3,5,1380.0,0.00010833181669007305,0.0005120503101236805
orientation_1,4,-3,5,1400.0,0.00010641287038494628,0.0005143631954507116
orientation_1,4,-3,5,1420.0,0.00010449176995838793,0.0005165042645305751
orientation_1,4,-3,5,1440.0,0.00010257048639306875,0.0005184741856992329
orientation_1,4,-3,5,1460.0,0.00010065087005686457,0.0005202737140024185
orientation_1,4,-3,5,1480.0,9.873469002674197e-05,0.0005219037012318911
orientation_1,4,-3,5,1500.0,9.682363080741277e-05,0.0005233650915981815
orientation_1,4,-3,5,1520.0,9.491928851332783e-05,0.0005246589445008456
orientation_1,4,-3,5,1540.0,9.30231846854027e-05,0.0005257863837581419
orientation_1,4,-3,5,1560.0,9.113676279387374e-05,0.0005267486810993921
orientation_1,4,-3,5,1580.0,8.926136719607635e-05,0.0005275470597612218
orientation_1,4,-3,5,1600.0,8.739428185207251e-05,0.0005281787048741658
orientation_1,4,-3,5,1620.0,8.554877497343807e-05,0.0005286580870718768
orientation_1,4,-3,5,1640.0,8.371392965184787e-05,0.0005289738037803705
orientation_1,4,-3,5,1660.0,8.189484057835097e-05,0.0005291318714374108
orientation_1,4,-3,5,1680.0,8.009251548381932e-05,0.0005291340576212056
orientation_1,4,-3,5,1700.0,7.83079033435022e-05,0.0005289822542855045
orientation_1,4,-3,5,1720.0,7.654186912895294e-05,0.0005286782888027037
orientation_1,4,-3,5,1740.0,7.479524929240076e-05,0.0005282242907689172
orientation_1,4,-3,5,1760.0,7.3068886781218e-05,0.0005276229598967562
orientation_1,4,-3,5,1780.0,7.13634990715661e-05,0.0005268766105350519
orientation_1,4,-3,5,1800.0,6.967917999134561e-05,0.000525983255998166
orientation_1,4,-3,5,1820.0,6.801725751463509e-05,0.0005249507483458324
orientation_1,4,-3,5,1840.0,6.637800520881974e-05,0.0005237794319687872
orientation_1,4,-3,5,1860.0,6.476187329053435e-05,0.0005224713922344727
orientation_1,4,-3,5,1880.0,6.316945485257998e-05,0.0005210303557706329
orientation_1,4,-3,5,1900.0,6.160101100884411e-05,0.000519457753590233
orientation_1,4,-3,5,1920.0,6.005693442318659e-05,0.000517756522437091
orientation_1,4,-3,5,1940.0,5.85385394744766e-05,0.0005159384049940455
orientation_1,4,-3,5,1960.0,5.7042854396665004e-05,0.0005139767632572296
orientation_1,4,-3,5,1980.0,5.557403436715997e-05,0.0005119100916355815
orientation_1,4,-3,5,2000.0,5.413028259530308e-05,0.000509723031140316
orientation_1,4,-3,5,2020.0,5.271209555795122e-05,0.0005074216169794572
orientation_1,4,-3,5,2040.0,5.132108108816704e-05,0.0005050093621537378
orientation_1,4,-3,5,2060.0,4.995300343458074e-05,0.0005024888672207123
orientation_1,4,-3,5,2080.0,4.8612199337863566e-05,0.0004998630998973896
orientation_1,4,-3,5,2100.0,4.729677706047003e-05,0.0004971298000946871
orientation_1,4,-3,5,2120.0,4.600847581616133e-05,0.0004943109959487211
orientation_1,4,-3,5,2140.0,4.47453790853507e-05,0.0004913893440956074
orientation_1,4,-3,5,2160.0,4.350818535380405e-05,0.0004883762519929031
orientation_1,4,-3,5,2180.0,4.22968390757627e-05,0.0004852752777161347
orientation_1,4,-3,5,2200.0,4.111105350650864e-05,0.00048208751110153986
orientation_1,4,-3,5,2220.0,3.9950905500716775e-05,0.00047881865032260766
orientation_1,4,-3,5,2240.0,3.881586579689609e-05,0.00047547169578467
orientation_1,4,-3,5,2260.0,3.7707342414727645e-05,0.00047205671846110256
orientation_1,4,-3,5,2280.0,3.662180183321139e-05,0.00046854712016659747
orientation_1,4,-3,5,2300.0,3.556297813851655e-05,0.00046499342776706577
orientation_1,4,-3,5,2320.0,3.452823946244263e-05,0.0004613672024427203
orientation_1,4,-3,5,2340.0,3.351798091950798e-05,0.00045768019261605014
orientation_1,4,-3,5,2360.0,3.253193424757817e-05,0.00045393563958524824
orientation_1,4,-3,5,2380.0,3.156968444226463e-05,0.0004501374292738882
orientation_1,4,-3,5,2400.0,3.06320009401858e-05,0.00044629651827791483
orientation_1,4,-3,5,2420.0,2.9716285806054162e-05,0.0004423894990129304
orientation_1,4,-3,5,2440.0,2.8824782771167343e-05,0.00043845613077251087
orientation_1,4,-3,5,2460.0,2.7955831098976094e-05,0.0004344789132134651
orientation_1,4,-3,5,2480.0,2.7109401456832757e-05,0.00043046589920460075
orientation_1,4,-3,5,2500.0,2.62810761520868e-05,0.0004264260644696396
orientation_1,4,-2,4,100.0,9.915238060684635e-05,0.00011081348649123571
orientation_1,4,-2,4,120.0,0.00011620440043449843,0.00013279095056622988
orientation_1,4,-2,4,140.0,0.00013235774725000893,0.00015465027160074
orientation_1,4,-2,4,160.0,0.0001476299597556135,0.0001763721588169467
orientation_1,4,-2,4,180.0,0.00016203907243650138,0.00019793750493854944
orientation_1,4,-2,4,200.0,0.00017560357153168968,0.00021932741158922148
orientation_1,4,-2,4,220.0,0.00018834235108295232,0.00024052321439803145
orientation_1,4,-2,4,240.0,0.00020027467062455132,0.00026150650776390183
orientation_1,4,-2,4,260.0,0.0002114201134517987,0.00028225916923882915
orientation_1,4,-2,4,280.0,0.00022179854593407317,0.0003027633834924198
orientation_1,4,-2,4,300.0,0.0002314300778409042,0.00032300166582175516
orientation_1,4,-2,4,320.0,0.00024033502371504533,0.000342956885171627
orientation_1,4,-2,4,340.0,0.00024853386532319136,0.00036261228663108123
orientation_1,4,-2,4,360.0,0.0002560472152117368,0.0003819515133730995
orientation_1,4,-2,4,380.0,0.0002628957813917611,0.000400958628005123
orientation_1,4,-2,4,400.0,0.0002691003331742882,0.0004196181332990817
orientation_1,4,-2,4,420.0,0.00027468166817381877,0.0004379149922705485
orientation_1,4,-2,4,440.0,0.0002796605804951547,0.0004558346475776577
orientation_1,4,-2,4,460.0,0.0002840578301156653,0.00047336304021149795
orientation_1,4,-2,4,480.0,0.00028789411347235995,0.000490486627450776
orientation_1,4,-2,4,500.0,0.00029119003526043903,0.0005071924000547075
orientation_1,4,-2,4,520.0,0.0002939660814474079,0.0005234678986692649
orientation_1,4,-2,4,540.0,0.0002962425935043589,0.0005393012294231369
orientation_1,4,-2,4,560.0,0.0002980397438536064,0.0005546810786910158
orientation_1,4,-2,4,580.0,0.0002993775125296007,0.0005695967270031107
orientation_1,4,-2,4,600.0,0.000300275665047831,0.0005840380620811293
orientation_1,4,-2,4,620.0,0.00030075373147436416,0.000597995590982293
orientation_1,4,-2,4,640.0,0.00030083098668663336,0.0006114604513343507
orientation_1,4,-2,4,660.0,0.00030052643181427294,0.0006244244216459969
orientation_1,4,-2,4,680.0,0.00029985877684692106,0.0006368799306784481
orientation_1,4,-2,4,700.0,0.0002988464243943105,0.0006488200658654598
orientation_1,4,-2,4,720.0,0.0002975074545822937,0.0006602385807705021
orientation_1,4,-2,4,740.0,0.0002958596110670911,0.0006711299015713288
orientation_1,4,-2,4,760.0,0.00029392028814836626,0.000681489132563603
orientation_1,4,-2,4,780.0,0.0002917065189609372,0.0006913120606768593
orientation_1,4,-2,4,800.0,0.0002892349647231232,0.000700595158997521
orientation_1,4,-2,4,820.0,0.00028652190501909637,0.0007093355892952556
orientation_1,4,-2,4,840.0,0.00028358322909127054,0.0007175312035503132
orientation_1,4,-2,4,860.0,0.0002804344281184212,0.0007251805444823702
orientation_1,4,-2,4,880.0,0.0002770905884525787,0.0007322828450782695
orientation_1,4,-2,4,900.0,0.0002735663857905383,0.0007388380271268465
orientation_1,4,-2,4,920.0,0.00026987608025070707,0.0007448466987589954
orientation_1,4,-2,4,940.0,0.00026603351232900495,0.0007503101510019985
orientation_1,4,-2,4,960.0,0.00026205209970514294,0.0007552303533537764
orientation_1,4,-2,4,980.0,0.0002579448348707646,0.0007596099483857639
orientation_1,4,-2,4,1000.0,0.00025372428355046787,0.0007634522453843634
orientation_1,4,-2,4,1020.0,0.00024940258388649945,0.0007667612130426167
orientation_1,4,-2,4,1040.0,0.00024499144635731093,0.0007695414712139767
orientation_1,4,-2,4,1060.0,0.00024050215439203236,0.0007717982817147769
orientation_1,4,-2,4,1080.0,0.00023594556571274216,0.0007735375383965035
orientation_1,4,-2,4,1100.0,0.00023133211418750068,0.0007747657558811672
orientation_1,4,-2,4,1120.0,0.00022667181247955625,0.000775490058028358
orientation_1,4,-2,4,1140.0,0.00022197425514155472,0.0007757181650816234
orientation_1,4,-2,4,1160.0,0.00021724862232852185,0.0007754583801949052
orientation_1,4,-2,4,1180.0,0.00021250368389865142,0.0007747195750889064
orientation_1,4,-2,4,1200.0,0.00020774780438984481,0.00077351117356691
orientation_1,4,-2,4,1220.0,0.00020298894837440706,0.0007718431423704767
orientation_1,4,-2,4,1240.0,0.00019823468573175164,0.0007697259615691122
orientation_1,4,-2,4,1260.0,0.00019349219668921426,0.0007671706194501178
orientation_1,4,-2,4,1280.0,0.00018876828053687248,0.0007641885892151153
orientation_1,4,-2,4,1300.0,0.0001840693608106885,0.0007607918109675632
orientation_1,4,-2,4,1320.0,0.0001794014927237276,0.0007569926722660944
orientation_1,4,-2,4,1340.0,0.0001747703707279148,0.0007528039888894099
orientation_1,4,-2,4,1360.0,0.00017018133612174853,0.0007482389840452041
orientation_1,4,-2,4,1380.0,0.00016563938018380602,0.0007433112670851206
orientation_1,4,-2,4,1400.0,0.0001611491913406384,0.00073803481275755
orientation_1,4,-2,4,1420.0,0.0001567150420494788,0.0007324239379790479
orientation_1,4,-2,4,1440.0,0.00015234098764712654,0.0007264932830766649
orientation_1,4,-2,4,1460.0,0.00014803071732644177,0.0007202577844061515
orientation_1,4,-2,4,1480.0,0.00014378762546621505,0.0007137326523518398
orientation_1,4,-2,4,1500.0,0.00013961481419073703,0.0007069333473846782
orientation_1,4,-2,4,1520.0,0.00013551510471088987,0.000699875571808472
orientation_1,4,-2,4,1540.0,0.00013149103756881703,0.0006925752114567851
orientation_1,4,-2,4,1560.0,0.00012754490254012797,0.0006850484154110246
orientation_1,4,-2,4,1580.0,0.00012367868235941344,0.0006773111955990309
orientation_1,4,-2,4,1600.0,0.00011989267300695077,0.0006693759194988029
orientation_1,4,-2,4,1620.0,0.00011619293783295289,0.0006612716300713147
orientation_1,4,-2,4,1640.0,0.00011257623932137415,0.0006530022293196374
orientation_1,4,-2,4,1660.0,0.00010904517645058477,0.0006445885435927298
orientation_1,4,-2,4,1680.0,0.00010560062242949281,0.0006360472103016735
orientation_1,4,-2,4,1700.0,0.00010224321348647254,0.000627394967066796
orientation_1,4,-2,4,1720.0,9.897353761447639e-05,0.0006186481920590744
orientation_1,4,-2,4,1740.0,9.57917816931019e-05,0.0006098237349660219
orientation_1,4,-2,4,1760.0,9.26982903702695e-05,0.0006009394247151571
orientation_1,4,-2,4,1780.0,8.969303345696884e-05,0.0005920119147026623
orientation_1,4,-2,4,1800.0,8.677462992805906e-05,0.0005830485577090853
orientation_1,4,-2,4,1820.0,8.394428268644686e-05,0.0005740773079507204
orientation_1,4,-2,4,1840.0,8.120091529116063e-05,0.0005651098029408337
orientation_1,4,-2,4,1860.0,7.854378607246813e-05,0.000556160940742664
orientation_1,4,-2,4,1880.0,7.597249495523608e-05,0.0005472492661373801
orientation_1,4,-2,4,1900.0,7.348582384953192e-05,0.0005383873083515912
orientation_1,4,-2,4,1920.0,7.108287916878973e-05,0.000529590909347291
orientation_1,4,-2,4,1940.0,6.87647256135327e-05,0.0005208634114071481
orientation_1,4,-2,4,1960.0,6.652322432170913e-05,0.000512249075017086
orientation_1,4,-2,4,1980.0,6.436548351923428e-05,0.0005037455558075217
orientation_1,4,-2,4,2000.0,6.228592007593199e-05,0.000495358930525473
orientation_1,4,-2,4,2020.0,6.028379235775553e-05,0.0004871096195942267
orientation_1,4,-2,4,2040.0,5.8357800463505244e-05,0.0004790108368730671
orientation_1,4,-2,4,2060.0,5.650622440271433e-05,0.00047107552139049404
orientation_1,4,-2,4,2080.0,5.472747156717846e-05,0.0004633155307635528
orientation_1,4,-2,4,2100.0,5.301879886054031e-05,0.0004557309639139389
orientation_1,4,-2,4,2120.0,5.138227994890643e-05,0.0004483742851407569
orientation_1,4,-2,4,2140.0,4.981209656688525e-05,0.000441212189484078
orientation_1,4,-2,4,2160.0,4.8308093374125115e-05,0.00043427282228689426
orientation_1,4,-2,4,2180.0,4.686851675853913e-05,0.00042756525905762326
orientation_1,4,-2,4,2200.0,4.549117229455798e-05,0.0004210993873308892
orientation_1,4,-2,4,2220.0,4.4174632968312e-05,0.0004148843880207913
orientation_1,4,-2,4,2240.0,4.2916221952842844e-05,0.00040892977744075266
orientation_1,4,-2,4,2260.0,4.171749658961342e-05,0.00040323032285742545
orientation_1,4,-2,4,2280.0,4.05694062344223e-05,0.0003978291167595338
orientation_1,4,-2,4,2300.0,3.947841893066572e-05,0.0003927002050563813
orientation_1,4,-2,4,2320.0,3.8437641525340796e-05,0.0003878604554377483
orientation_1,4,-2,4,2340.0,3.744652611538858e-05,0.0003833166247504955
orientation_1,4,-2,4,2360.0,3.650316188792016e-05,0.0003790730171284003
orientation_1,4,-2,4,2380.0,3.560539656169963e-05,0.0003751358317662638
orientation_1,4,-2,4,2400.0,3.4753770149555224e-05,0.00037150912427136984
orientation_1,4,-2,4,2420.0,3.394134703983464e-05,0.00036818679435899395
orientation_1,4,-2,4,2440.0,3.317193709178623e-05,0.00036520165219989305
orientation_1,4,-2,4,2460.0,3.24408555364621e-05,0.00036252719765182933
orientation_1,4,-2,4,2480.0,3.1747010932315647e-05,0.00036017510085104064
orientation_1,4,-2,4,2500.0,3.1089438277426734e-05,0.00035814813053432134
orientation_1,4,-1,3,100.0,5.721019829242222e-05,6.404646586313336e-05
orientation_1,4,-1,3,120.0,6.707268202410205e-05,7.680182179519466e-05
orientation_1,4,-1,3,140.0,7.643268221355216e-05,8.95177008321262e-05
orientation_1,4,-1,3,160.0,8.53030586443133e-05,0.00010218760046281494
orientation_1,4,-1,3,180.0,9.36966037236136e-05,0.00011480505364203361
orientation_1,4,-1,3,200.0,0.00010162603318760676,0.0001273636337498564
orientation_1,4,-1,3,220.0,0.00010910397720843562,0.00013985695952620475
orientation_1,4,-1,3,240.0,0.0001161429718939349,0.00015227869997010368
orientation_1,4,-1,3,260.0,0.00012275545117440196,0.00016462257919736545
orientation_1,4,-1,3,280.0,0.00012895373907173172,0.00017688238125173982
orientation_1,4,-1,3,300.0,0.00013475004234631032,0.000189051954865085
orientation_1,4,-1,3,320.0,0.00014015644220515715,0.00020112521816233715
orientation_1,4,-1,3,340.0,0.00014518489280075422,0.0002130961633071879
orientation_1,4,-1,3,360.0,0.00014984720751593056,0.00022495886108446798
orientation_1,4,-1,3,380.0,0.0001541550579171741,0.00023670746541531432
orientation_1,4,-1,3,400.0,0.00015811996703433176,0.0002483362178012586
orientation_1,4,-1,3,420.0,0.00016175330416491043,0.00025983945169345433
orientation_1,4,-1,3,440.0,0.00016506628001742654,0.00027121159678332354
orientation_1,4,-1,3,460.0,0.00016806994218733853,0.00028244718321097435
orientation_1,4,-1,3,480.0,0.00017077517095892049,0.00029354084568782696
orientation_1,4,-1,3,500.0,0.00017319267542625395,0.00030448732752994244
orientation_1,4,-1,3,520.0,0.00017533298992636928,0.0003152814845986555
orientation_1,4,-1,3,540.0,0.00017720647077742083,0.0003259182891451704
orientation_1,4,-1,3,560.0,0.00017882329331466793,0.00033639283355588976
orientation_1,4,-1,3,580.0,0.00018019344921691558,0.0003467003339953021
orientation_1,4,-1,3,600.0,0.00018132674411597914,0.000356836133943398
orientation_1,4,-1,3,620.0,0.00018223279548167112,0.0003667957076246152
orientation_1,4,-1,3,640.0,0.0001829210307747058,0.0003765746633254595
orientation_1,4,-1,3,660.0,0.0001834006858599189,0.00038616874659804065
orientation_1,4,-1,3,680.0,0.00018368080367210302,0.0003955738433468288
orientation_1,4,-1,3,700.0,0.00018377023312678235,0.0004047859827960947
orientation_1,4,-1,3,720.0,0.0001836776282681807,0.0004138013403355635
orientation_1,4,-1,3,740.0,0.00018341144764671787,0.00042261624024194223
orientation_1,4,-1,3,760.0,0.00018297995391821273,0.00043122715827407154
orientation_1,4,-1,3,780.0,0.00018239121365722669,0.00043963072413960325
orientation_1,4,-1,3,800.0,0.00018165309737677433,0.00044782372383116604
orientation_1,4,-1,3,820.0,0.00018077327974679207,0.000455803101830153
orientation_1,4,-1,3,840.0,0.00017975924000373977,0.000463565963176246
orientation_1,4,-1,3,860.0,0.0001786182625440393,0.00047110957540169286
orientation_1,4,-1,3,880.0,0.0001773574376931101,0.00047843137032684056
orientation_1,4,-1,3,900.0,0.00017598366264384228,0.00048552894571876626
orientation_1,4,-1,3,920.0,0.00017450364255590766,0.0004924000668084591
orientation_1,4,-1,3,940.0,0.00017292389180942835,0.0004990426676674018
orientation_1,4,-1,3,960.0,0.00017125073540554358,0.0005054548524417845
orientation_1,4,-1,3,980.0,0.00016949031050685572,0.0005116348964435569
orientation_1,4,-1,3,1000.0,0.00016764856811077867,0.0005175812470975699
orientation_1,4,-1,3,1020.0,0.00016573127484895844,0.0005232925247442628
orientation_1,4,-1,3,1040.0,0.0001637440149058303,0.0005287675232968271
orientation_1,4,-1,3,1060.0,0.000161692192045,0.000534005210736852
orientation_1,4,-1,3,1080.0,0.00015958103177166988,0.0005390047295639857
orientation_1,4,-1,3,1100.0,0.00015741558351952745,0.0005437653968491623
orientation_1,4,-1,3,1120.0,0.00015520072303087443,0.0005482867044742576
orientation_1,4,-1,3,1140.0,0.00015294115475062692,0.0005525683189819009
orientation_1,4,-1,3,1160.0,0.00015064141432864756,0.0005566100813694318
orientation_1,4,-1,3,1180.0,0.0001483058711261506,0.0005604120064672765
orientation_1,4,-1,3,1200.0,0.00014593873100142562,0.0005639742829556113
orientation_1,4,-1,3,1220.0,0.00014354403911349457,0.0005672972739517227
orientation_1,4,-1,3,1240.0,0.0001411256824948588,0.0005703815113797327
orientation_1,4,-1,3,1260.0,0.00013868739226232938,0.0005732277007262855
orientation_1,4,-1,3,1280.0,0.0001362327478346305,0.000575836717188367
orientation_1,4,-1,3,1300.0,0.0001337651788792151,0.0005782096047033089
orientation_1,4,-1,3,1320.0,0.00013128796857600047,0.0005803475750571957
orientation_1,4,-1,3,1340.0,0.00012880425642460125,0.0005822520056242015
orientation_1,4,-1,3,1360.0,0.00012631704146143848,0.0005839244386460621
orientation_1,4,-1,3,1380.0,0.00012382918243520114,0.0005853665658248604
orientation_1,4,-1,3,1400.0,0.00012134342309168054,0.0005865802914185017
orientation_1,4,-1,3,1420.0,0.00011886232489037609,0.0005875676004666797
orientation_1,4,-1,3,1440.0,0.00011638838396236109,0.0005883306876757803
orientation_1,4,-1,3,1460.0,0.00011392393366593637,0.0005888718879782505
orientation_1,4,-1,3,1480.0,0.000111471193768902,0.0005891936875836719
orientation_1,4,-1,3,1500.0,0.00010903226615665342,0.0005892987191993261
orientation_1,4,-1,3,1520.0,0.00010660913302020871,0.0005891897781882945
orientation_1,4,-1,3,1540.0,0.00010420366932480453,0.0005888697800553969
orientation_1,4,-1,3,1560.0,0.00010181764321201106,0.0005883418367194068
orientation_1,4,-1,3,1580.0,9.94526891620336e-05,0.0005876090302931922
orientation_1,4,-1,3,1600.0,9.7109506363367e-05,0.0005866694542003325
orientation_1,4,-1,3,1620.0,9.479216116386884e-05,0.0005855426584766509
orientation_1,4,-1,3,1640.0,9.249938495998161e-05,0.0005842161249338763
orientation_1,4,-1,3,1660.0,9.023331100038631e-05,0.0005826989539628079
orientation_1,4,-1,3,1680.0,8.799510630666703e-05,0.0005809949912783506
orientation_1,4,-1,3,1700.0,8.57858564349342e-05,0.0005791082504069746
orientation_1,4,-1,3,1720.0,8.360653400009157e-05,0.0005770426725737144
orientation_1,4,-1,3,1740.0,8.145806901554926e-05,0.0005748025874433501
orientation_1,4,-1,3,1760.0,7.93413918855816e-05,0.0005723930377585918
orientation_1,4,-1,3,1780.0,7.725726886330786e-05,0.0005698185826360489
orientation_1,4,-1,3,1800.0,7.520568960169566e-05,0.0005670784765704343
orientation_1,4,-1,3,1820.0,7.318816420396743e-05,0.0005641841483194952
orientation_1,4,-1,3,1840.0,7.120489130896671e-05,0.0005611377307245066
orientation_1,4,-1,3,1860.0,6.925628105644704e-05,0.0005579434956794972
orientation_1,4,-1,3,1880.0,6.734292259917194e-05,0.000554607803174255
orientation_1,4,-1,3,1900.0,6.546497832756333e-05,0.000551134073712536
orientation_1,4,-1,3,1920.0,6.362277630604372e-05,0.0005475276429667121
orientation_1,4,-1,3,1940.0,6.181778244220599e-05,0.0005438047460094722
orientation_1,4,-1,3,1960.0,6.004614489980041e-05,0.0005399340198540455
orientation_1,4,-1,3,1980.0,5.831284003470348e-05,0.0005359647943122134
orientation_1,4,-1,3,2000.0,5.66154714124425e-05,0.0005318797017043397
orientation_1,4,-1,3,2020.0,5.495447343499674e-05,0.0005276877873411593
orientation_1,4,-1,3,2040.0,5.3331736876326574e-05,0.0005234136964279457
orientation_1,4,-1,3,2060.0,5.1741620729430555e-05,0.0005190062941217543
orientation_1,4,-1,3,2080.0,5.0189527446935496e-05,0.0005145267120294506
orientation_1,4,-1,3,2100.0,4.867284929187213e-05,0.0005099549139193774
orientation_1,4,-1,3,2120.0,4.719357360657635e-05,0.0005053198566150756
orientation_1,4,-1,3,2140.0,4.5749134065074274e-05,0.0005006014301402136
orientation_1,4,-1,3,2160.0,4.434021274283265e-05,0.0004958152070675413
orientation_1,4,-1,3,2180.0,4.296655588286359e-05,0.0004909669846068432
orientation_1,4,-1,3,2200.0,4.16276268468312e-05,0.0004860595047525753
orientation_1,4,-1,3,2220.0,4.0323335338232734e-05,0.0004811011226855864
orientation_1,4,-1,3,2240.0,3.9052841649965384e-05,0.0004760968548886986
orientation_1,4,-1,3,2260.0,3.781771600076496e-05,0.0004710604333985443
orientation_1,4,-1,3,2280.0,3.661339671336573e-05,0.00046596013385484313
orientation_1,4,-1,3,2300.0,3.5444321718363756e-05,0.00046085956849183416
orientation_1,4,-1,3,2320.0,3.430706760157359e-05,0.0004557247965452939
orientation_1,4,-1,3,2340.0,3.320194549148154e-05,0.00045057140199355566
orientation_1,4,-1,3,2360.0,3.212844683656371e-05,0.0004454043514311696
orientation_1,4,-1,3,2380.0,3.10858876919905e-05,0.00044022949879774154
orientation_1,4,-1,3,2400.0,3.0075066613118256e-05,0.00043505209284260617
orientation_1,4,-1,3,2420.0,2.909257732528992e-05,0.00042987168927959934
orientation_1,4,-1,3,2440.0,2.8141054073461678e-05,0.00042471066612665526
orientation_1,4,-1,3,2460.0,2.7218275685750086e-05,0.00041955734164728764
orientation_1,4,-1,3,2480.0,2.6324050028784847e-05,0.00041442239137757484
orientation_1,4,-1,3,2500.0,2.545953825322502e-05,0.0004093069938818129
orientation_1,6,-2,5,100.0,2.83429043327014e-07,3.173912688184757e-07
orientation_1,6,-2,5,120.0,3.325816674643442e-07,3.8095975751430645e-07
orientation_1,6,-2,5,140.0,3.793913701134852e-07,4.445272769060992e-07
orientation_1,6,-2,5,160.0,4.2393828605127556e-07,5.080936650869385e-07
orientation_1,6,-2,5,180.0,4.663001424829817e-07,5.716587602949343e-07
orientation_1,6,-2,5,200.0,5.06553700218513e-07,6.352224008340524e-07
orientation_1,6,-2,5,220.0,5.447695752649786e-07,6.987844250431389e-07
orientation_1,6,-2,5,240.0,5.81019806120819e-07,7.623446712825319e-07
orientation_1,6,-2,5,260.0,6.153731444509704e-07,8.259029779278898e-07
orientation_1,6,-2,5,280.0,6.47896253864749e-07,8.894591833672919e-07
orientation_1,6,-2,5,300.0,6.78653768772411e-07,9.530131259999134e-07
orientation_1,6,-2,5,320.0,7.077083516589796e-07,1.0165646442355262e-06
orientation_1,6,-2,5,340.0,7.351207488162551e-07,1.080113576494438e-06
orientation_1,6,-2,5,360.0,7.609498445729287e-07,1.143659761207701e-06
orientation_1,6,-2,5,380.0,7.852527140620166e-07,1.207203036817448e-06
orientation_1,6,-2,5,400.0,8.080846745636172e-07,1.2707432417773361e-06
orientation_1,6,-2,5,420.0,8.294993354602536e-07,1.334280214553049e-06
orientation_1,6,-2,5,440.0,8.495486468410076e-07,1.397813793622818e-06
orientation_1,6,-2,5,460.0,8.682829467897643e-07,1.4613438174779925e-06
orientation_1,6,-2,5,480.0,8.857510073920179e-07,1.5248701246236065e-06
orientation_1,6,-2,5,500.0,9.020000794937813e-07,1.5883925535789708e-06
orientation_1,6,-2,5,520.0,9.170759362452792e-07,1.651910942878263e-06
orientation_1,6,-2,5,540.0,9.310229154613175e-07,1.7154251310711246e-06
orientation_1,6,-2,5,560.0,9.438839608293469e-07,1.7789349567232706e-06
orientation_1,6,-2,5,580.0,9.557006619955017e-07,1.8424402584171077e-06
orientation_1,6,-2,5,600.0,9.66513293558059e-07,1.9059408747523167e-06
orientation_1,6,-2,5,620.0,9.763608529970693e-07,1.969436644346442e-06
orientation_1,6,-2,5,640.0,9.852810975681862e-07,2.032927405835554e-06
orientation_1,6,-2,5,660.0,9.93310580188008e-07,2.096412997874672e-06
orientation_1,6,-2,5,680.0,1.000484684337086e-06,2.1598932591393484e-06
orientation_1,6,-2,5,700.0,1.0068376580067266e-06,2.223368028322252e-06
orientation_1,6,-2,5,720.0,1.012402646716542e-06,2.286837144137959e-06
orientation_1,6,-2,5,740.0,1.017211725622955e-06,2.350300445340683e-06
orientation_1,6,-2,5,760.0,1.021285395398033e-06,2.413757770670708e-06
orientation_1,6,-2,5,780.0,1.024685289345222e-06,2.4772089589178282e-06
orientation_1,6,-2,5,800.0,1.0274088494372093e-06,2.540653848888232e-06
orientation_1,6,-2,5,820.0,1.0294947085284896e-06,2.604092279412137e-06
orientation_1,6,-2,5,840.0,1.030970041533573e-06,2.667524089343921e-06
orientation_1,6,-2,5,860.0,1.0318611279313637e-06,2.7309491175650135e-06
orientation_1,6,-2,5,880.0,1.0321933781664254e-06,2.794367202980049e-06
orientation_1,6,-2,5,900.0,1.0319913593225598e-06,2.8577781845219053e-06
orientation_1,6,-2,5,920.0,1.0312788200821764e-06,2.9211819011501586e-06
orientation_1,6,-2,5,940.0,1.0300787149938834e-06,2.98457819185204e-06
orientation_1,6,-2,5,960.0,1.028413228122281e-06,3.047966895811501e-06
orientation_1,6,-2,5,980.0,1.0263037957015691e-06,3.1113478515677715e-06
orientation_1,6,-2,5,1000.0,1.0237711289999911e-06,3.1747208987001452e-06
orientation_1,6,-2,5,1020.0,1.0208352354292096e-06,3.238085876143271e-06
orientation_1,6,-2,5,1040.0,1.0175154399004225e-06,3.3014426230357825e-06
orientation_1,6,-2,5,1060.0,1.0138304052467369e-06,3.364790978543021e-06
orientation_1,6,-2,5,1080.0,1.0097981521318217e-06,3.4281307818566192e-06
orientation_1,6,-2,5,1100.0,1.005436078407177e-06,3.4914618722166678e-06
orientation_1,6,-2,5,1120.0,1.000760977910875e-06,3.5547840888813455e-06
orientation_1,6,-2,5,1140.0,9.957890587546343e-07,3.618097271153025e-06
orientation_1,6,-2,5,1160.0,9.905359610838946e-07,3.681401258360334e-06
orientation_1,6,-2,5,1180.0,9.850150439811934e-07,3.7446958885855266e-06
orientation_1,6,-2,5,1200.0,9.79244304149304e-07,3.8079810011865025e-06
orientation_1,6,-2,5,1220.0,9.732360699762342e-07,3.8712564388566276e-06
orientation_1,6,-2,5,1240.0,9.670038783900812e-07,3.9345220444579536e-06
orientation_1,6,-2,5,1260.0,9.605607766826325e-07,3.9977776475845976e-06
orientation_1,6,-2,5,1280.0,9.539193443432006e-07,4.0610230924117165e-06
orientation_1,6,-2,5,1300.0,9.470917029875719e-07,4.124258219283321e-06
orientation_1,6,-2,5,1320.0,9.400895307659862e-07,4.18748286552972e-06
orientation_1,6,-2,5,1340.0,9.329240778374659e-07,4.250696873152914e-06
orientation_1,6,-2,5,1360.0,9.256061779115272e-07,4.313900081013631e-06
orientation_1,6,-2,5,1380.0,9.181462490761527e-07,4.377092266418363e-06
orientation_1,6,-2,5,1400.0,9.105544137326376e-07,4.440273663990568e-06
orientation_1,6,-2,5,1420.0,9.028401682641539e-07,4.503443301879516e-06
orientation_1,6,-2,5,1440.0,8.950129504550314e-07,4.566601709162737e-06
orientation_1,6,-2,5,1460.0,8.870816600450266e-07,4.6297485177163566e-06
orientation_1,6,-2,5,1480.0,8.790548950920481e-07,4.692883563534107e-06
orientation_1,6,-2,5,1500.0,8.709409448209603e-07,4.756006812282419e-06
orientation_1,6,-2,5,1520.0,8.627476860868435e-07,4.8191177337974205e-06
orientation_1,6,-2,5,1540.0,8.544828188271134e-07,4.882216537678795e-06
orientation_1,6,-2,5,1560.0,8.461536863241016e-07,4.9453031458736744e-06
orientation_1,6,-2,5,1580.0,8.382843702619702e-07,5.008376787800388e-06
orientation_1,6,-2,5,1600.0,8.298239307887041e-07,5.071285567084285e-06
orientation_1,6,-2,5,1620.0,8.208493325725777e-07,5.1344861571190575e-06
orientation_1,6,-2,5,1640.0,8.123305702994998e-07,5.197521361945837e-06
orientation_1,6,-2,5,1660.0,8.037799617099672e-07,5.260543351454363e-06
orientation_1,6,-2,5,1680.0,7.952032282952291e-07,5.323552017660558e-06
orientation_1,6,-2,5,1700.0,7.871283060529446e-07,5.386547056465888e-06
orientation_1,6,-2,5,1720.0,7.779930294671974e-07,5.449528601490221e-06
orientation_1,6,-2,5,1740.0,7.69369827622517e-07,5.512496225437977e-06
orientation_1,6,-2,5,1760.0,7.60741555435769e-07,5.5754537245910635e-06
orientation_1,6,-2,5,1780.0,7.521129059892927e-07,5.638401974694427e-06
orientation_1,6,-2,5,1800.0,7.434968598753069e-07,5.701407425066179e-06
orientation_1,6,-2,5,1820.0,7.348659665904932e-07,5.764225142035416e-06
orientation_1,6,-2,5,1840.0,7.26258703384302e-07,5.827121177270583e-06
orientation_1,6,-2,5,1860.0,7.176665838537116e-07,5.890000303257256e-06
orientation_1,6,-2,5,1880.0,7.090940232653594e-07,5.9528687336863976e-06
orientation_1,6,-2,5,1900.0,7.005437193541915e-07,6.01571990899879e-06
orientation_1,6,-2,5,1920.0,6.920191560382942e-07,6.0785550766279875e-06
orientation_1,6,-2,5,1940.0,6.83529579462537e-07,6.141429165853175e-06
orientation_1,6,-2,5,1960.0,6.750580185630806e-07,6.204161093966914e-06
orientation_1,6,-2,5,1980.0,6.666314687292584e-07,6.2669704128834724e-06
orientation_1,6,-2,5,2000.0,6.582402562722348e-07,6.32974371484944e-06
orientation_1,6,-2,5,2020.0,6.498890705345664e-07,6.3925004777571265e-06
orientation_1,6,-2,5,2040.0,6.415804702232413e-07,6.455241812690602e-06
orientation_1,6,-2,5,2060.0,6.333166419562376e-07,6.517966419073335e-06
orientation_1,6,-2,5,2080.0,6.250996228615638e-07,6.580672614239116e-06
orientation_1,6,-2,5,2100.0,6.169284077810293e-07,6.643326890474408e-06
orientation_1,6,-2,5,2120.0,6.088155264141484e-07,6.70604410182371e-06
orientation_1,6,-2,5,2140.0,6.00751202505356e-07,6.768697977248689e-06
orientation_1,6,-2,5,2160.0,5.927417232790538e-07,6.831338131297406e-06
orientation_1,6,-2,5,2180.0,5.847888130818343e-07,6.893965971084606e-06
orientation_1,6,-2,5,2200.0,5.768927506401489e-07,6.9565666841226464e-06
orientation_1,6,-2,5,2220.0,5.690561942314113e-07,7.019154816553741e-06
orientation_1,6,-2,5,2240.0,5.612780738846647e-07,7.081700021690207e-06
orientation_1,6,-2,5,2260.0,5.53569149560164e-07,7.1443240690616355e-06
orientation_1,6,-2,5,2280.0,5.548913907358773e-07,7.206759096047257e-06
orientation_1,6,-2,5,2300.0,5.383260668791433e-07,7.269326376160351e-06
orientation_1,6,-2,5,2320.0,5.308032328537829e-07,7.331824091625059e-06
orientation_1,6,-2,5,2340.0,5.233461756255921e-07,7.394302856635042e-06
orientation_1,6,-2,5,2360.0,5.159556975802411e-07,7.456762212994004e-06
orientation_1,6,-2,5,2380.0,5.086315333852877e-07,7.519186846091541e-06
orientation_1,6,-2,5,2400.0,5.01380531900909e-07,7.581669375684181e-06
orientation_1,6,-2,5,2420.0,4.941895125455544e-07,7.643999445840876e-06
orientation_1,6,-2,5,2440.0,4.86819385614983e-07,7.702344827793811e-06
orientation_1,6,-2,5,2460.0,4.800272713219629e-07,7.768775718936843e-06
orientation_1,6,-2,5,2480.0,4.730504948111904e-07,7.831119616945965e-06
orientation_1,6,-2,5,2500.0,4.6615238167210676e-07,7.893578319765856e-06
orientation_1,6,-1,4,100.0,5.372898676249408e-06,6.0176906209419585e-06
orientation_1,6,-1,4,120.0,6.303940815355708e-06,7.222334324563276e-06
orientation_1,6,-1,4,140.0,7.190253157887599e-06,8.426629402716324e-06
orientation_1,6,-1,4,160.0,8.033331308058058e-06,9.630517807973307e-06
orientation_1,6,-1,4,180.0,8.834680929339876e-06,1.0833941524988314e-05
orientation_1,6,-1,4,200.0,9.595619389662381e-06,1.2036842573179438e-05
orientation_1,6,-1,4,220.0,1.0317560392887405e-05,1.323916301032226e-05
orientation_1,6,-1,4,240.0,1.1001835810125619e-05,1.4440844936473546e-05
orientation_1,6,-1,4,260.0,1.164973918907665e-05,1.5641830498028812e-05
orientation_1,6,-1,4,280.0,1.226252674182653e-05,1.6842061891837767e-05
orientation_1,6,-1,4,300.0,1.2841418309358848e-05,1.8041481369345974e-05
orientation_1,6,-1,4,320.0,1.338759830327238e-05,1.9240031240747557e-05
orientation_1,6,-1,4,340.0,1.3902216625194885e-05,2.0437653879141585e-05
orientation_1,6,-1,4,360.0,1.438637630330909e-05,2.1634291724688494e-05
orientation_1,6,-1,4,380.0,1.4841186230141577e-05,2.2829887288763487e-05
orientation_1,6,-1,4,400.0,1.5267685981268325e-05,2.4024383158106486e-05
orientation_1,6,-1,4,420.0,1.5666896186417772e-05,2.5217721998966607e-05
orientation_1,6,-1,4,440.0,1.6039807244307786e-05,2.6409846561241522e-05
orientation_1,6,-1,4,460.0,1.638738011809405e-05,2.760069968260981e-05
orientation_1,6,-1,4,480.0,1.6710547111715728e-05,2.8790224292657462e-05
orientation_1,6,-1,4,500.0,1.701021262756038e-05,2.9978363416996454e-05
orientation_1,6,-1,4,520.0,1.7287253905861792e-05,3.1165060181376115e-05
orientation_1,6,-1,4,540.0,1.7542521746235773e-05,3.2350257815786684e-05
orientation_1,6,-1,4,560.0,1.777684121175113e-05,3.353389965855398e-05
orientation_1,6,-1,4,580.0,1.7991012315924682e-05,3.47159291604268e-05
orientation_1,6,-1,4,600.0,1.8185810693020577e-05,3.589628988865175e-05
orientation_1,6,-1,4,620.0,1.8361988252028743e-05,3.7074925531046095e-05
orientation_1,6,-1,4,640.0,1.852027381468557e-05,3.8251779900051654e-05
orientation_1,6,-1,4,660.0,1.8661373737896465e-05,3.9426796936784385e-05
orientation_1,6,-1,4,680.0,1.8785972520914478e-05,4.059992071507463e-05
orientation_1,6,-1,4,700.0,1.8894733397594884e-05,4.177109544549221e-05
orientation_1,6,-1,4,720.0,1.8988298914126634e-05,4.294026547936412e-05
orientation_1,6,-1,4,740.0,1.9067291492466516e-05,4.41073753127807e-05
orientation_1,6,-1,4,760.0,1.913231397989813e-05,4.527236959058554e-05
orientation_1,6,-1,4,780.0,1.918395018497616e-05,4.6435193110360695e-05
orientation_1,6,-1,4,800.0,1.922276540017947e-05,4.7595790826395594e-05
orientation_1,6,-1,4,820.0,1.9249306911575542e-05,4.875410785364286e-05
orientation_1,6,-1,4,840.0,1.9264104495789253e-05,4.991008947165395e-05
orientation_1,6,-1,4,860.0,1.926767090458909e-05,5.106368112855257e-05
orientation_1,6,-1,4,880.0,1.926050233730559e-05,5.2214828444867427e-05
orientation_1,6,-1,4,900.0,1.924307890147459e-05,5.336347721751922e-05
orientation_1,6,-1,4,920.0,1.9215865061864282e-05,5.4509573423669424e-05
orientation_1,6,-1,4,940.0,1.917931007821879e-05,5.565306322460099e-05
orientation_1,6,-1,4,960.0,1.9133848433036136e-05,5.679389297278198e-05
orientation_1,6,-1,4,980.0,1.9079900242096785e-05,5.7932009199697096e-05
orientation_1,6,-1,4,1000.0,1.9017871670615538e-05,5.9067358651704664e-05
orientation_1,6,-1,4,1020.0,1.8948155317549934e-05,6.019988826180137e-05
orientation_1,6,-1,4,1040.0,1.8871130606058377e-05,6.132954516954604e-05
orientation_1,6,-1,4,1060.0,1.8787164157583992e-05,6.24562767214584e-05
orientation_1,6,-1,4,1080.0,1.869661015748267e-05,6.358003047476443e-05
orientation_1,6,-1,4,1100.0,1.8599814567056262e-05,6.470075420155432e-05
orientation_1,6,-1,4,1120.0,1.849710009972724e-05,6.581839589192352e-05
orientation_1,6,-1,4,1140.0,1.8388789535983122e-05,6.693290375817099e-05
orientation_1,6,-1,4,1160.0,1.8275186783656606e-05,6.804422623814142e-05
orientation_1,6,-1,4,1180.0,1.815660102257017e-05,6.91523119747305e-05
orientation_1,6,-1,4,1200.0,1.803330287769779e-05,7.025710986747418e-05
orientation_1,6,-1,4,1220.0,1.7905581131886443e-05,7.135856911521443e-05
orientation_1,6,-1,4,1240.0,1.7773698529031422e-05,7.245663915904236e-05
orientation_1,6,-1,4,1260.0,1.76379707409156e-05,7.355126943245648e-05
orientation_1,6,-1,4,1280.0,1.749852932730579e-05,7.464240989170663e-05
orientation_1,6,-1,4,1300.0,1.7355671222814346e-05,7.573001067089091e-05
orientation_1,6,-1,4,1320.0,1.7209566736989526e-05,7.681402210051814e-05
orientation_1,6,-1,4,1340.0,1.706055715991902e-05,7.789439485748588e-05
orientation_1,6,-1,4,1360.0,1.690880099666603e-05,7.897107981964117e-05
orientation_1,6,-1,4,1380.0,1.6754551694663043e-05,8.004402695976779e-05
orientation_1,6,-1,4,1400.0,1.6597899837816178e-05,8.1113195203496e-05
orientation_1,6,-1,4,1420.0,1.643902719550999e-05,8.217852083954532e-05
orientation_1,6,-1,4,1440.0,1.6278243166343688e-05,8.323996892699285e-05
orientation_1,6,-1,4,1460.0,1.611566601063653e-05,8.42974877703296e-05
orientation_1,6,-1,4,1480.0,1.5951451481938325e-05,8.535102982987735e-05
orientation_1,6,-1,4,1500.0,1.5785776260863977e-05,8.640055032317775e-05
orientation_1,6,-1,4,1520.0,1.561879083258779e-05,8.744599530173743e-05
orientation_1,6,-1,4,1540.0,1.5450651142102032e-05,8.848732521352436e-05
orientation_1,6,-1,4,1560.0,1.528149231650412e-05,8.95244953044056e-05
orientation_1,6,-1,4,1580.0,1.511145517072919e-05,9.0557447960542e-05
orientation_1,6,-1,4,1600.0,1.4940204534705554e-05,9.158564491728562e-05
orientation_1,6,-1,4,1620.0,1.4769275975601179e-05,9.261054932318522e-05
orientation_1,6,-1,4,1640.0,1.4597382161268516e-05,9.363060368171568e-05
orientation_1,6,-1,4,1660.0,1.4425109418993841e-05,9.464626704922783e-05
orientation_1,6,-1,4,1680.0,1.4252569593144437e-05,9.565749595173779e-05
orientation_1,6,-1,4,1700.0,1.4079869159487296e-05,9.666424348650577e-05
orientation_1,6,-1,4,1720.0,1.3907111161586222e-05,9.766647141949274e-05
orientation_1,6,-1,4,1740.0,1.3734392576888147e-05,9.866413110850531e-05
orientation_1,6,-1,4,1760.0,1.3561816974389706e-05,9.965725454067026e-05
orientation_1,6,-1,4,1780.0,1.3389475377509162e-05,0.00010064581807743179
orientation_1,6,-1,4,1800.0,1.3217614836381017e-05,0.00010163103495857735
orientation_1,6,-1,4,1820.0,1.3045719483598103e-05,0.00010260824496855368
orientation_1,6,-1,4,1840.0,1.2874517236559719e-05,0.00010358243039421719
orientation_1,6,-1,4,1860.0,1.2703849309402051e-05,0.00010455175439940895
orientation_1,6,-1,4,1880.0,1.25338006144311e-05,0.00010551629857650153
orientation_1,6,-1,4,1900.0,1.2364422838945624e-05,0.00010647589888167192
orientation_1,6,-1,4,1920.0,1.219578266875657e-05,0.0001074305421993218
orientation_1,6,-1,4,1940.0,1.2028055788972855e-05,0.00010838123305469775
orientation_1,6,-1,4,1960.0,1.1860920620295842e-05,0.00010932450149955895
orientation_1,6,-1,4,1980.0,1.1694888828898525e-05,0.00011026447201299656
orientation_1,6,-1,4,2000.0,1.1529777076716533e-05,0.00011119896028586668
orientation_1,6,-1,4,2020.0,1.1365673740976604e-05,0.00011212829979864913
orientation_1,6,-1,4,2040.0,1.1202770512336679e-05,0.00011305392981038074
orientation_1,6,-1,4,2060.0,1.1040677716404481e-05,0.00011397143162309048
orientation_1,6,-1,4,2080.0,1.0879863189215693e-05,0.00011488509568328375
orientation_1,6,-1,4,2100.0,1.0720163536722532e-05,0.00011579280069375788
orientation_1,6,-1,4,2120.0,1.0561815360047042e-05,0.00011669669243938424
orientation_1,6,-1,4,2140.0,1.040463199343471e-05,0.00011759434176226137
orientation_1,6,-1,4,2160.0,1.024873123294379e-05,0.00011848665654625647
orientation_1,6,-1,4,2180.0,1.0094144175056774e-05,0.00011937362944173732
orientation_1,6,-1,4,2200.0,9.940874631168187e-06,0.00012025494796942364
orientation_1,6,-1,4,2220.0,9.78897131229784e-06,0.00012113085550604598
orientation_1,6,-1,4,2240.0,9.638412166105065e-06,0.00012200074622948026
orientation_1,6,-1,4,2260.0,9.489399244395346e-06,0.00012286690277726523
orientation_1,6,-1,4,2280.0,9.341560483888533e-06,0.00012372422191402518
orientation_1,6,-1,4,2300.0,9.195378711986829e-06,0.00012457872723588748
orientation_1,6,-1,4,2320.0,9.050576779475682e-06,0.0001254265907990367
orientation_1,6,-1,4,2340.0,8.90725194922563e-06,0.00012626875370659046
orientation_1,6,-1,4,2360.0,8.765416077362934e-06,0.00012710516745017108
orientation_1,6,-1,4,2380.0,8.625050113566027e-06,0.00012793551006681436
orientation_1,6,-1,4,2400.0,8.486293322830627e-06,0.00012876151090516078
orientation_1,6,-1,4,2420.0,8.348889350011245e-06,0.00012957913686303295
orientation_1,6,-1,4,2440.0,8.208294741447628e-06,0.00013039281575156686
orientation_1,6,-1,4,2460.0,8.078882319393304e-06,0.0001312000803552094
orientation_1,6,-1,4,2480.0,7.946166630517081e-06,0.000132001415853403
orientation_1,6,-1,4,2500.0,7.81453665816569e-06,0.00013279937973074274
orientation_1,8,-4,8,100.0,3.972987175383174e-06,4.443571894632988e-06
orientation_1,8,-4,8,120.0,4.66285245550894e-06,5.333226088711904e-06
orientation_1,8,-4,8,140.0,5.32006054279161e-06,6.222690191040336e-06
orientation_1,8,-4,8,160.0,5.945696489562608e-06,7.1119325402066815e-06
orientation_1,8,-4,8,180.0,6.540814448391167e-06,8.00092148861257e-06
orientation_1,8,-4,8,200.0,7.106438468613504e-06,8.889625403045585e-06
orientation_1,8,-4,8,220.0,7.643563274473601e-06,9.778012665925892e-06
orientation_1,8,-4,8,240.0,8.153155024879562e-06,1.06660516767983e-05
orientation_1,8,-4,8,260.0,8.636152055048669e-06,1.1553710853924392e-05
orientation_1,8,-4,8,280.0,9.09346560039352e-06,1.2440958635919247e-05
orientation_1,8,-4,8,300.0,9.525980335303535e-06,1.3327763483409216e-05
orientation_1,8,-4,8,320.0,9.934555714685601e-06,1.4214093880699675e-05
orientation_1,8,-4,8,340.0,1.0320025696520903e-05,1.5099918337447838e-05
orientation_1,8,-4,8,360.0,1.0683200013906007e-05,1.5985205390337513e-05
orientation_1,8,-4,8,380.0,1.1024864666318858e-05,1.686992360475427e-05
orientation_1,8,-4,8,400.0,1.1345782544797207e-05,1.775404157646041e-05
orientation_1,8,-4,8,420.0,1.1646694041930001e-05,1.86375279332688e-05
orientation_1,8,-4,8,440.0,1.1928317647004982e-05,1.9520351336715125e-05
orientation_1,8,-4,8,460.0,1.2191350526648061e-05,2.0402480483728988e-05
orientation_1,8,-4,8,480.0,1.2436469091283394e-05,2.1283884108302586e-05
orientation_1,8,-4,8,500.0,1.266432954773601e-05,2.2164530983157877e-05
orientation_1,8,-4,8,520.0,1.2875568438292204e-05,2.304438992141096e-05
orientation_1,8,-4,8,540.0,1.3070803166526073e-05,2.3923429778234788e-05
orientation_1,8,-4,8,560.0,1.3250632510194377e-05,2.4801619452518833e-05
orientation_1,8,-4,8,580.0,1.34156371214953e-05,2.567892788852697e-05
orientation_1,8,-4,8,600.0,1.3566380014979826e-05,2.655532407755079e-05
orientation_1,8,-4,8,620.0,1.3703407043400383e-05,2.743077705956444e-05
orientation_1,8,-4,8,640.0,1.3827247361772069e-05,2.830525592487055e-05
orientation_1,8,-4,8,660.0,1.3938413879918569e-05,2.9178729815747696e-05
orientation_1,8,-4,8,680.0,1.4037403703771428e-05,3.0051167928099046e-05
orientation_1,8,-4,8,700.0,1.4124698565664736e-05,3.092253951306753e-05
orientation_1,8,-4,8,720.0,1.4200765243927066e-05,3.179281387871949e-05
orientation_1,8,-4,8,740.0,1.4266055971943194e-05,3.266196039163265e-05
orientation_1,8,-4,8,760.0,1.4321008837002582e-05,3.3529948478545985e-05
orientation_1,8,-4,8,780.0,1.436604816913135e-05,3.439674762798413e-05
orientation_1,8,-4,8,800.0,1.4399565620926353e-05,3.5262327391879356e-05
orientation_1,8,-4,8,820.0,1.4428017033199985e-05,3.612665738718978e-05
orientation_1,8,-4,8,840.0,1.4445729802910875e-05,3.698970729750829e-05
orientation_1,8,-4,8,860.0,1.445509622652543e-05,3.785144687470472e-05
orientation_1,8,-4,8,880.0,1.445647734606234e-05,3.871184594047079e-05
orientation_1,8,-4,8,900.0,1.4450222581859427e-05,3.9570874387984546e-05
orientation_1,8,-4,8,920.0,1.4436670057601222e-05,4.0428502183478964e-05
orientation_1,8,-4,8,940.0,1.4416146917082184e-05,4.1284699367840746e-05
orientation_1,8,-4,8,960.0,1.4388969633680416e-05,4.213943606056393e-05
orientation_1,8,-4,8,980.0,1.435544430717091e-05,4.299268244951999e-05
orientation_1,8,-4,8,1000.0,1.4315866964756129e-05,4.384440881616943e-05
orientation_1,8,-4,8,1020.0,1.4270523838673233e-05,4.4694585513490735e-05
orientation_1,8,-4,8,1040.0,1.421969164841143e-05,4.554318297945038e-05
orientation_1,8,-4,8,1060.0,1.4163637870923392e-05,4.6390171736072684e-05
orientation_1,8,-4,8,1080.0,1.410262100467442e-05,4.723552239098712e-05
orientation_1,8,-4,8,1100.0,1.4036890826951909e-05,4.807920563928656e-05
orientation_1,8,-4,8,1120.0,1.3966688644289432e-05,4.8921192264644026e-05
orientation_1,8,-4,8,1140.0,1.3892247536617223e-05,4.976145314121561e-05
orientation_1,8,-4,8,1160.0,1.3813792594882204e-05,5.059995923492099e-05
orientation_1,8,-4,8,1180.0,1.3731541147871869e-05,5.1436681587134416e-05
orientation_1,8,-4,8,1200.0,1.3645702997247909e-05,5.2271591351584035e-05
orientation_1,8,-4,8,1220.0,1.3556480643782575e-05,5.3104659824693966e-05
orientation_1,8,-4,8,1240.0,1.3464069488904772e-05,5.3935858402424816e-05
orientation_1,8,-4,8,1260.0,1.3368657998029572e-05,5.476515839436657e-05
orientation_1,8,-4,8,1280.0,1.3270427999330497e-05,5.559253141447516e-05
orientation_1,8,-4,8,1300.0,1.316955481668476e-05,5.641794912511356e-05
orientation_1,8,-4,8,1320.0,1.3066207465748055e-05,5.724138324975582e-05
orientation_1,8,-4,8,1340.0,1.2960548865645157e-05,5.8062805682446466e-05
orientation_1,8,-4,8,1360.0,1.2852735995920393e-05,5.888218837947201e-05
orientation_1,8,-4,8,1380.0,1.274291990383692e-05,5.9699502541979004e-05
orientation_1,8,-4,8,1400.0,1.2631247381785709e-05,6.051472589070687e-05
orientation_1,8,-4,8,1420.0,1.2517856334050007e-05,6.132781934826815e-05
orientation_1,8,-4,8,1440.0,1.2402883725960244e-05,6.213876498351509e-05
orientation_1,8,-4,8,1460.0,1.2286458862554459e-05,6.29475324062297e-05
orientation_1,8,-4,8,1480.0,1.2168706698675503e-05,6.375409420123468e-05
orientation_1,8,-4,8,1500.0,1.2049747737727553e-05,6.455842489306091e-05
orientation_1,8,-4,8,1520.0,1.192969657454615e-05,6.53604921538722e-05
orientation_1,8,-4,8,1540.0,1.1808665203519117e-05,6.616027417462973e-05
orientation_1,8,-4,8,1560.0,1.1686760489538294e-05,6.695774521686362e-05
orientation_1,8,-4,8,1580.0,1.1564083442787271e-05,6.775286995428329e-05
orientation_1,8,-4,8,1600.0,1.1440387017394708e-05,6.854349797885383e-05
orientation_1,8,-4,8,1620.0,1.1316805774921362e-05,6.933599686753554e-05
orientation_1,8,-4,8,1640.0,1.1192389658384596e-05,7.012394330089832e-05
orientation_1,8,-4,8,1660.0,1.106757236790372e-05,7.090944311405362e-05
orientation_1,8,-4,8,1680.0,1.0942437268936613e-05,7.169247090999187e-05
orientation_1,8,-4,8,1700.0,1.0817063828253724e-05,7.247299866455484e-05
orientation_1,8,-4,8,1720.0,1.069152903773189e-05,7.325100463405029e-05
orientation_1,8,-4,8,1740.0,1.0565905471117588e-05,7.402645930318614e-05
orientation_1,8,-4,8,1760.0,1.0440270620625464e-05,7.479939255722398e-05
orientation_1,8,-4,8,1780.0,1.031469278175224e-05,7.556979320531275e-05
orientation_1,8,-4,8,1800.0,1.0189355689479923e-05,7.633856465288398e-05
orientation_1,8,-4,8,1820.0,1.0063878981629684e-05,7.710226701284816e-05
orientation_1,8,-4,8,1840.0,9.938801991207995e-06,7.786458988056704e-05
orientation_1,8,-4,8,1860.0,9.814008532108933e-06,7.862418119125292e-05
orientation_1,8,-4,8,1880.0,9.68956255281478e-06,7.938110643877383e-05
orientation_1,8,-4,8,1900.0,9.565503597307326e-06,8.01352503994617e-05
orientation_1,8,-4,8,1920.0,9.441882257926395e-06,8.088660867246964e-05
orientation_1,8,-4,8,1940.0,9.318829656499798e-06,8.163592825048689e-05
orientation_1,8,-4,8,1960.0,9.196109757596359e-06,8.238065203936785e-05
orientation_1,8,-4,8,1980.0,9.074101890472701e-06,8.312383096095228e-05
orientation_1,8,-4,8,2000.0,8.952672071811048e-06,8.386385675298612e-05
orientation_1,8,-4,8,2020.0,8.83188715161179e-06,8.460098069764928e-05
orientation_1,8,-4,8,2040.0,8.711889522218626e-06,8.533626382150483e-05
orientation_1,8,-4,8,2060.0,8.59239482798233e-06,8.606646619625783e-05
orientation_1,8,-4,8,2080.0,8.473748315103227e-06,8.679474254923093e-05
orientation_1,8,-4,8,2100.0,8.355831544603974e-06,8.751953685265963e-05
orientation_1,8,-4,8,2120.0,8.238820653635503e-06,8.824243749744033e-05
orientation_1,8,-4,8,2140.0,8.122579571972801e-06,8.896165514072743e-05
orientation_1,8,-4,8,2160.0,8.007196804314502e-06,8.967786406666852e-05
orientation_1,8,-4,8,2180.0,7.892697104102665e-06,9.039106284399425e-05
orientation_1,8,-4,8,2200.0,7.779084918964606e-06,9.11010241965672e-05
orientation_1,8,-4,8,2220.0,7.6663977640211e-06,9.180793184433064e-05
orientation_1,8,-4,8,2240.0,7.554620855919455e-06,9.251134163976465e-05
orientation_1,8,-4,8,2260.0,7.443905011452585e-06,9.321294268825492e-05
orientation_1,8,-4,8,2280.0,7.333977636850217e-06,9.390896870159262e-05
orientation_1,8,-4,8,2300.0,7.225196471295015e-06,9.460387457012714e-05
orientation_1,8,-4,8,2320.0,7.117362288253634e-06,9.52948309816901e-05
orientation_1,8,-4,8,2340.0,7.010541202677604e-06,9.59825404867729e-05
orientation_1,8,-4,8,2360.0,6.904744474571499e-06,9.666696799955094e-05
orientation_1,8,-4,8,2380.0,6.799968519739475e-06,9.73478794209286e-05
orientation_1,8,-4,8,2400.0,6.696309413040617e-06,9.802654986760715e-05
orientation_1,8,-4,8,2420.0,6.593581717837406e-06,9.870001030207849e-05
orientation_1,8,-4,8,2440.0,6.4884338102859025e-06,9.937153063966962e-05
orientation_1,8,-4,8,2460.0,6.391476122096297e-06,0.00010003928675149356
orientation_1,8,-4,8,2480.0,6.292018341788017e-06,0.00010070364478139385
orientation_1,8,-4,8,2500.0,6.193750676857382e-06,0.0001013664865796005
orientation_1,8,-2,6,100.0,1.2983473129153896e-05,1.4522686227365452e-05
orientation_1,8,-2,6,120.0,1.523536795635728e-05,1.742771127029829e-05
orientation_1,8,-2,6,140.0,1.7379514240931763e-05,2.0330705929407357e-05
orientation_1,8,-2,6,160.0,1.9419079612337032e-05,2.3231332687022108e-05
orientation_1,8,-2,6,180.0,2.1357527150342487e-05,2.6129254445301465e-05
orientation_1,8,-2,6,200.0,2.3198118536086126e-05,2.9024134581407435e-05
orientation_1,8,-2,6,220.0,2.4944031673107185e-05,3.1915637004793506e-05
orientation_1,8,-2,6,240.0,2.6598363798734042e-05,3.4803426215195094e-05
orientation_1,8,-2,6,260.0,2.8164131178059124e-05,3.768716736083605e-05
orientation_1,8,-2,6,280.0,2.9644272051330583e-05,4.056652629665921e-05
orientation_1,8,-2,6,300.0,3.104164797045701e-05,4.344116964249199e-05
orientation_1,8,-2,6,320.0,3.235904541643297e-05,4.63107648411014e-05
orientation_1,8,-2,6,340.0,3.359917739131338e-05,4.917498021610982e-05
orientation_1,8,-2,6,360.0,3.4764684984903374e-05,5.203348502975171e-05
orientation_1,8,-2,6,380.0,3.585813891634027e-05,5.4885949540454864e-05
orientation_1,8,-2,6,400.0,3.6882041050753315e-05,5.773204506023311e-05
orientation_1,8,-2,6,420.0,3.7838825891191264e-05,6.057144401187675e-05
orientation_1,8,-2,6,440.0,3.873086204601572e-05,6.340381998593011e-05
orientation_1,8,-2,6,460.0,3.9560453671963346e-05,6.622884779744296e-05
orientation_1,8,-2,6,480.0,4.0329841893083276e-05,6.904620354248613e-05
orientation_1,8,-2,6,500.0,4.1041206195763354e-05,7.185556465441853e-05
orientation_1,8,-2,6,520.0,4.1696665800059815e-05,7.465660995989611e-05
orientation_1,8,-2,6,540.0,4.2298281007552284e-05,7.744901973460984e-05
orientation_1,8,-2,6,560.0,4.2848054525946536e-05,8.02324757587451e-05
orientation_1,8,-2,6,580.0,4.334793277065339e-05,8.300666137214701e-05
orientation_1,8,-2,6,600.0,4.379980714357264e-05,8.57712615291851e-05
orientation_1,8,-2,6,620.0,4.420551528931908e-05,8.852596285330727e-05
orientation_1,8,-2,6,640.0,4.4565003828892164e-05,9.127045369126531e-05
orientation_1,8,-2,6,660.0,4.488552207262724e-05,9.40044241670087e-05
orientation_1,8,-2,6,680.0,4.5163238207888955e-05,9.672756623524166e-05
orientation_1,8,-2,6,700.0,4.540162546970891e-05,9.943957373461114e-05
orientation_1,8,-2,6,720.0,4.560227078665485e-05,0.00010214014244054275
orientation_1,8,-2,6,740.0,4.576671440695158e-05,0.00010482897011769815
orientation_1,8,-2,6,760.0,4.5896451003504944e-05,0.00010750575657203784
orientation_1,8,-2,6,780.0,4.599293075831632e-05,0.0001101702037025043
orientation_1,8,-2,6,800.0,4.6057560426526566e-05,0.00011282201555229255
orientation_1,8,-2,6,820.0,4.609170438034289e-05,0.00011546089835970317
orientation_1,8,-2,6,840.0,4.60966856330941e-05,0.0001180865606085523
orientation_1,8,-2,6,860.0,4.60737868437212e-05,0.0001206987130782728
orientation_1,8,-2,6,880.0,4.602425130178768e-05,0.00012329706889326045
orientation_1,8,-2,6,900.0,4.59492838935398e-05,0.00012588134357217678
orientation_1,8,-2,6,920.0,4.5850052048995224e-05,0.00012845125507648548
orientation_1,8,-2,6,940.0,4.572768667047152e-05,0.00013100652385862816
orientation_1,8,-2,6,960.0,4.5583283045377115e-05,0.00013354687291748532
orientation_1,8,-2,6,980.0,4.541790172522165e-05,0.00013607202780672087
orientation_1,8,-2,6,1000.0,4.5232569425970646e-05,0.00013858171675914195
orientation_1,8,-2,6,1020.0,4.50282798585452e-05,0.00014107567065517254
orientation_1,8,-2,6,1040.0,4.4805994581259394e-05,0.00014355362310761524
orientation_1,8,-2,6,1060.0,4.4566643818119503e-05,0.00014601531049476287
orientation_1,8,-2,6,1080.0,4.431112726991687e-05,0.0001484604720240826
orientation_1,8,-2,6,1100.0,4.404031489175241e-05,0.00015088884973887297
orientation_1,8,-2,6,1120.0,4.37550476767112e-05,0.00015330018859930296
orientation_1,8,-2,6,1140.0,4.345613840636667e-05,0.0001556942365059993
orientation_1,8,-2,6,1160.0,4.314437239253887e-05,0.00015807074434680255
orientation_1,8,-2,6,1180.0,4.2820508186622835e-05,0.0001604294659794155
orientation_1,8,-2,6,1200.0,4.2485278320567145e-05,0.0001627701583888809
orientation_1,8,-2,6,1220.0,4.2139390023051545e-05,0.0001650925818223358
orientation_1,8,-2,6,1240.0,4.1783525858274605e-05,0.00016739649968034294
orientation_1,8,-2,6,1260.0,4.14183442456481e-05,0.00016968167794946626
orientation_1,8,-2,6,1280.0,4.1044480422887204e-05,0.00017194788650781113
orientation_1,8,-2,6,1300.0,4.0662546872484076e-05,0.00017419489832460282
orientation_1,8,-2,6,1320.0,4.027313395642813e-05,0.00017642248953219695
orientation_1,8,-2,6,1340.0,3.987681060615583e-05,0.0001786304398192849
orientation_1,8,-2,6,1360.0,3.9474124834809775e-05,0.00018081853210482896
orientation_1,8,-2,6,1380.0,3.9065603761960904e-05,0.00018298654988879883
orientation_1,8,-2,6,1400.0,3.865175911579713e-05,0.00018513430112995286
orientation_1,8,-2,6,1420.0,3.823307205553835e-05,0.00018726154186216542
orientation_1,8,-2,6,1440.0,3.7810019223726986e-05,0.0001893681005408452
orientation_1,8,-2,6,1460.0,3.738305073828237e-05,0.00019145376798569211
orientation_1,8,-2,6,1480.0,3.695260104697274e-05,0.00019351834796505017
orientation_1,8,-2,6,1500.0,3.651908811349367e-05,0.00019556165110409929
orientation_1,8,-2,6,1520.0,3.6082911141910494e-05,0.00019758347973601763
orientation_1,8,-2,6,1540.0,3.5644456465081316e-05,0.0001995836575838936
orientation_1,8,-2,6,1560.0,3.5204094247480246e-05,0.0002015620097269426
orientation_1,8,-2,6,1580.0,3.4762173627923396e-05,0.00020351833035301718
orientation_1,8,-2,6,1600.0,3.431790565574865e-05,0.00020545125667728543
orientation_1,8,-2,6,1620.0,3.387501248040605e-05,0.00020736425991082228
orientation_1,8,-2,6,1640.0,3.343040638371298e-05,0.00020925352302985286
orientation_1,8,-2,6,1660.0,3.29855178478209e-05,0.00021112009971679824
orientation_1,8,-2,6,1680.0,3.254063187923971e-05,0.0002129638337686254
orientation_1,8,-2,6,1700.0,3.2096021535571916e-05,0.00021478457773356464
orientation_1,8,-2,6,1720.0,3.165194248667361e-05,0.0002165821524384049
orientation_1,8,-2,6,1740.0,3.1208646946238006e-05,0.0002183564404651369
orientation_1,8,-2,6,1760.0,3.07663940246281e-05,0.0002201074666762366
orientation_1,8,-2,6,1780.0,3.0325413383487033e-05,0.0002218351370132547
orientation_1,8,-2,6,1800.0,2.9886307172271287e-05,0.00022353811414743655
orientation_1,8,-2,6,1820.0,2.9447849478889633e-05,0.00022521782640327523
orientation_1,8,-2,6,1840.0,2.9011793662844277e-05,0.00022687356648928248
orientation_1,8,-2,6,1860.0,2.857776649101829e-05,0.00022850511185929187
orientation_1,8,-2,6,1880.0,2.8145979472595484e-05,0.00023011264666477385
orientation_1,8,-2,6,1900.0,2.7716561471567543e-05,0.00023169575215055928
orientation_1,8,-2,6,1920.0,2.7289677835396823e-05,0.00023325438587966802
orientation_1,8,-2,6,1940.0,2.6865756042579573e-05,0.0002347909633382644
orientation_1,8,-2,6,1960.0,2.644402270916645e-05,0.00023629710455735827
orientation_1,8,-2,6,1980.0,2.6025713778590143e-05,0.0002377827542721299
orientation_1,8,-2,6,2000.0,2.5610388780711557e-05,0.00023924264832809013
orientation_1,8,-2,6,2020.0,2.5198260883518495e-05,0.00024067758815758347
orientation_1,8,-2,6,2040.0,2.4789804068820792e-05,0.0002420875639049928
orientation_1,8,-2,6,2060.0,2.438404456435447e-05,0.0002434724190441974
orientation_1,8,-2,6,2080.0,2.3982141569515268e-05,0.00024483201442014406
orientation_1,8,-2,6,2100.0,2.3583688372382544e-05,0.0002461647507662374
orientation_1,8,-2,6,2120.0,2.3189253461372077e-05,0.0002474758297488371
orientation_1,8,-2,6,2140.0,2.2798382649154544e-05,0.00024875940980981985
orientation_1,8,-2,6,2160.0,2.2411356714596134e-05,0.00025001770828721637
orientation_1,8,-2,6,2180.0,2.202824640204251e-05,0.00025125073663484883
orientation_1,8,-2,6,2200.0,2.1649056322532774e-05,0.00025245777873769075
orientation_1,8,-2,6,2220.0,2.127389845372107e-05,0.0002536394534277841
orientation_1,8,-2,6,2240.0,2.0902713680998357e-05,0.00025479433794364684
orientation_1,8,-2,6,2260.0,2.053598421522105e-05,0.00025592799575107565
orientation_1,8,-2,6,2280.0,2.017280647544565e-05,0.0002570281515376196
orientation_1,8,-2,6,2300.0,1.981433409416383e-05,0.0002581093669917168
orientation_1,8,-2,6,2320.0,1.945990584172161e-05,0.0002591624962686305
orientation_1,8,-2,6,2340.0,1.9109725344563902e-05,0.0002601898492195187
orientation_1,8,-2,6,2360.0,1.8763816524564338e-05,0.00026119136650306826
orientation_1,8,-2,6,2380.0,1.8422153269272783e-05,0.0002621663310450225
orientation_1,8,-2,6,2400.0,1.8085034088771323e-05,0.00026311901107443897
orientation_1,8,-2,6,2420.0,1.7751836721660006e-05,0.0002640396973914093
orientation_1,8,-2,6,2440.0,1.7423275172285205e-05,0.00026493918232108803
orientation_1,8,-2,6,2460.0,1.709897362278862e-05,0.00026581157361313157
orientation_1,8,-2,6,2480.0,1.677901733373675e-05,0.0002666581298585741
orientation_1,8,-2,6,2500.0,1.646229708035393e-05,0.0002674760876024915
orientation_1,-13,-5,0,100.0,2.6576792683476526e-06,2.974615749656439e-06
orientation_1,-13,-5,0,120.0,3.1187743158048636e-06,3.5702451332610635e-06
orientation_1,-13,-5,0,140.0,3.557930279001805e-06,4.1657893333678335e-06
orientation_1,-13,-5,0,160.0,3.975885674283785e-06,4.7612341569992906e-06
orientation_1,-13,-5,0,180.0,4.373357503607815e-06,5.356565416049572e-06
orientation_1,-13,-5,0,200.0,4.751041828786616e-06,5.951768927043744e-06
orientation_1,-13,-5,0,220.0,5.109614331735975e-06,6.546830511348641e-06
orientation_1,-13,-5,0,240.0,5.449730860789424e-06,7.141735995548383e-06
orientation_1,-13,-5,0,260.0,5.772027963322302e-06,7.736471211887394e-06
orientation_1,-13,-5,0,280.0,6.077123404978069e-06,8.331021998743742e-06
orientation_1,-13,-5,0,300.0,6.3656166758031364e-06,8.925374201117143e-06
orientation_1,-13,-5,0,320.0,6.638089483597288e-06,9.519513671124255e-06
orientation_1,-13,-5,0,340.0,6.895106234783417e-06,1.0113426268498089e-05
orientation_1,-13,-5,0,360.0,7.1372145030947125e-06,1.0707097861089266e-05
orientation_1,-13,-5,0,380.0,7.364945486371194e-06,1.1300514325368516e-05
orientation_1,-13,-5,0,400.0,7.579032811822666e-06,1.1893661546929583e-05
orientation_1,-13,-5,0,420.0,7.779556516040865e-06,1.2486525420992414e-05
orientation_1,-13,-5,0,440.0,7.967202841692338e-06,1.3079091852906203e-05
orientation_1,-13,-5,0,460.0,8.142441783511503e-06,1.3671346758652352e-05
orientation_1,-13,-5,0,480.0,8.30572907796121e-06,1.4263276065347135e-05
orientation_1,-13,-5,0,500.0,8.457506594375528e-06,1.4854865711743986e-05
orientation_1,-13,-5,0,520.0,8.598202716085149e-06,1.544610164873546e-05
orientation_1,-13,-5,0,540.0,8.728232711768003e-06,1.6036969839854744e-05
orientation_1,-13,-5,0,560.0,8.847999097262733e-06,1.6627456261776673e-05
orientation_1,-13,-5,0,580.0,8.957891988076974e-06,1.7217546904818458e-05
orientation_1,-13,-5,0,600.0,9.058289442816855e-06,1.7807227773438905e-05
orientation_1,-13,-5,0,620.0,9.149557797758873e-06,1.8396484886739526e-05
orientation_1,-13,-5,0,640.0,9.232051992781939e-06,1.8985304278961804e-05
orientation_1,-13,-5,0,660.0,9.306115888866083e-06,1.9573671999985972e-05
orientation_1,-13,-5,0,680.0,9.372082577372741e-06,2.0161574115832632e-05
orientation_1,-13,-5,0,700.0,9.430274681290645e-06,2.0748996709143254e-05
orientation_1,-13,-5,0,720.0,9.48100464867922e-06,2.1335925879708143e-05
orientation_1,-13,-5,0,740.0,9.524575038449035e-06,2.192234774493169e-05
orientation_1,-13,-5,0,760.0,9.561278798716891e-06,2.250824844034107e-05
orientation_1,-13,-5,0,780.0,9.591399537890975e-06,2.3093614120079125e-05
orientation_1,-13,-5,0,800.0,9.615211788672461e-06,2.3678430957397873e-05
orientation_1,-13,-5,0,820.0,9.632981265148015e-06,2.42626851451507e-05
orientation_1,-13,-5,0,840.0,9.644965113142029e-06,2.4846362896280313e-05
orientation_1,-13,-5,0,860.0,9.651412154006902e-06,2.5429450444331174e-05
orientation_1,-13,-5,0,880.0,9.652563121979462e-06,2.601193404389814e-05
orientation_1,-13,-5,0,900.0,9.648650895319266e-06,2.6593799971157426e-05
orientation_1,-13,-5,0,920.0,9.639900721327627e-06,2.7175034524335427e-05
orientation_1,-13,-5,0,940.0,9.626530435431873e-06,2.7755624024199333e-05
orientation_1,-13,-5,0,960.0,9.608750675004093e-06,2.833555481612557e-05
orientation_1,-13,-5,0,980.0,9.58676508433829e-06,2.8914813262682503e-05
orientation_1,-13,-5,0,1000.0,9.560770522091494e-06,2.9493385759922206e-05
orientation_1,-13,-5,0,1020.0,9.530957252715315e-06,3.0071258722047418e-05
orientation_1,-13,-5,0,1040.0,9.497509140644493e-06,3.0648418589853584e-05
orientation_1,-13,-5,0,1060.0,9.460603836141991e-06,3.122485182954136e-05
orientation_1,-13,-5,0,1080.0,9.420412956723351e-06,3.180054493318854e-05
orientation_1,-13,-5,0,1100.0,9.377102263787275e-06,3.2375484419432025e-05
orientation_1,-13,-5,0,1120.0,9.330831834367567e-06,3.294965683365648e-05
orientation_1,-13,-5,0,1140.0,9.281756228428038e-06,3.3523048748711716e-05
orientation_1,-13,-5,0,1160.0,9.230024651540217e-06,3.409564676521525e-05
orientation_1,-13,-5,0,1180.0,9.175781110100582e-06,3.466743750008747e-05
orientation_1,-13,-5,0,1200.0,9.119164571814721e-06,3.523840761068718e-05
orientation_1,-13,-5,0,1220.0,9.060309120084234e-06,3.5808543814580396e-05
orientation_1,-13,-5,0,1240.0,8.999344091681075e-06,3.637783286018234e-05
orientation_1,-13,-5,0,1260.0,8.936394188583749e-06,3.69462614015986e-05
orientation_1,-13,-5,0,1280.0,8.871579680378154e-06,3.751381625981138e-05
orientation_1,-13,-5,0,1300.0,8.805016495416191e-06,3.808048425071809e-05
orientation_1,-13,-5,0,1320.0,8.736816354101759e-06,3.864625219316695e-05
orientation_1,-13,-5,0,1340.0,8.667086912433895e-06,3.921110698159441e-05
orientation_1,-13,-5,0,1360.0,8.59593186880131e-06,3.977503551309588e-05
orientation_1,-13,-5,0,1380.0,8.523450970483477e-06,4.033802413997652e-05
orientation_1,-13,-5,0,1400.0,8.449741137521625e-06,4.090006353693392e-05
orientation_1,-13,-5,0,1420.0,8.374893363698759e-06,4.1461133097337474e-05
orientation_1,-13,-5,0,1440.0,8.298998037157974e-06,4.202122632424043e-05
orientation_1,-13,-5,0,1460.0,8.22214044361993e-06,4.258032834148985e-05
orientation_1,-13,-5,0,1480.0,8.144402982481312e-06,4.3138426221665376e-05
orientation_1,-13,-5,0,1500.0,8.065865099714554e-06,4.3695508291468954e-05
orientation_1,-13,-5,0,1520.0,7.98660231470483e-06,4.425155825416357e-05
orientation_1,-13,-5,0,1540.0,7.906688432363295e-06,4.4806566800618746e-05
orientation_1,-13,-5,0,1560.0,7.826193853529469e-06,4.5360521952554026e-05
orientation_1,-13,-5,0,1580.0,7.745185089557655e-06,4.591340527250664e-05
orientation_1,-13,-5,0,1600.0,7.663495662308008e-06,4.646378225584801e-05
orientation_1,-13,-5,0,1620.0,7.581884088452966e-06,4.701592101050764e-05
orientation_1,-13,-5,0,1640.0,7.499713296731704e-06,4.7565526300587444e-05
orientation_1,-13,-5,0,1660.0,7.417272649347553e-06,4.811401297271297e-05
orientation_1,-13,-5,0,1680.0,7.3346169956303195e-06,4.86613690018792e-05
orientation_1,-13,-5,0,1700.0,7.2517986064625986e-06,4.920758055855563e-05
orientation_1,-13,-5,0,1720.0,7.168868124886071e-06,4.975263796125845e-05
orientation_1,-13,-5,0,1740.0,7.085873269096572e-06,5.029652629140332e-05
orientation_1,-13,-5,0,1760.0,7.0028650765105655e-06,5.083927032095382e-05
orientation_1,-13,-5,0,1780.0,6.919888469527384e-06,5.1380867347396636e-05
orientation_1,-13,-5,0,1800.0,6.837065784397631e-06,5.192192771967164e-05
orientation_1,-13,-5,0,1820.0,6.754141279615165e-06,5.2460150426555045e-05
orientation_1,-13,-5,0,1840.0,6.671475665811062e-06,5.2998012899014325e-05
orientation_1,-13,-5,0,1860.0,6.5889903620767856e-06,5.35346136531596e-05
orientation_1,-13,-5,0,1880.0,6.506727489339112e-06,5.407000077795392e-05
orientation_1,-13,-5,0,1900.0,6.424712917708648e-06,5.46041018148118e-05
orientation_1,-13,-5,0,1920.0,6.342979907535917e-06,5.513691810275037e-05
orientation_1,-13,-5,0,1940.0,6.261615667152499e-06,5.5668954002984056e-05
orientation_1,-13,-5,0,1960.0,6.18046165093958e-06,5.619850196240921e-05
orientation_1,-13,-5,0,1980.0,6.099771284491809e-06,5.672760876282491e-05
orientation_1,-13,-5,0,2000.0,6.019454375899148e-06,5.725520178053969e-05
orientation_1,-13,-5,0,2020.0,5.9395552023141575e-06,5.778145347207065e-05
orientation_1,-13,-5,0,2040.0,5.860098160949201e-06,5.830636410315296e-05
orientation_1,-13,-5,0,2060.0,5.781103933144325e-06,5.8829910257244805e-05
orientation_1,-13,-5,0,2080.0,5.702591868521723e-06,5.935206647967352e-05
orientation_1,-13,-5,0,2100.0,5.624552732855825e-06,5.987250888103271e-05
orientation_1,-13,-5,0,2120.0,5.547104143586283e-06,6.039230421626757e-05
orientation_1,-13,-5,0,2140.0,5.470154602941835e-06,6.09102588993055e-05
orientation_1,-13,-5,0,2160.0,5.393763173097233e-06,6.142682771681545e-05
orientation_1,-13,-5,0,2180.0,5.31794612373217e-06,6.19420134538129e-05
orientation_1,-13,-5,0,2200.0,5.242706170728712e-06,6.245566782520765e-05
orientation_1,-13,-5,0,2220.0,5.168068216295429e-06,6.296791645097816e-05
orientation_1,-13,-5,0,2240.0,5.094022162272107e-06,6.34784665847455e-05
orientation_1,-13,-5,0,2260.0,5.02066875736329e-06,6.398845223209365e-05
orientation_1,-13,-5,0,2280.0,4.947825360456056e-06,6.449535395444573e-05
orientation_1,-13,-5,0,2300.0,4.8757313732019995e-06,6.500215986569711e-05
orientation_1,-13,-5,0,2320.0,4.8042532192537615e-06,6.550697734725054e-05
orientation_1,-13,-5,0,2340.0,4.733435067657589e-06,6.601027974996874e-05
orientation_1,-13,-5,0,2360.0,4.663284390323172e-06,6.651204944410317e-05
orientation_1,-13,-5,0,2380.0,4.593798923327853e-06,6.701212862478784e-05
orientation_1,-13,-5,0,2400.0,4.525042418025044e-06,6.751137573659269e-05
orientation_1,-13,-5,0,2420.0,4.456890818333324e-06,6.800780841694958e-05
orientation_1,-13,-5,0,2440.0,4.387101725545769e-06,6.850361350114164e-05
orientation_1,-13,-5,0,2460.0,4.322775009729033e-06,6.899757884301627e-05
orientation_1,-13,-5,0,2480.0,4.256757332827172e-06,6.948994563937422e-05
orientation_1,-13,-5,0,2500.0,4.191517555265366e-06,6.998198106771698e-05
orientation_1,-10,0,-4,100.0,1.281877985106906e-05,1.4335860004128915e-05
orientation_1,-10,0,-4,120.0,1.5042697305519539e-05,1.720356081752393e-05
orientation_1,-10,0,-4,140.0,1.7160435864835677e-05,2.006928314859668e-05
orientation_1,-10,0,-4,160.0,1.917506429124937e-05,2.2932698095984716e-05
orientation_1,-10,0,-4,180.0,2.1090014373472447e-05,2.5793477162323293e-05
orientation_1,-10,0,-4,200.0,2.2908498380452824e-05,2.8651292307227703e-05
orientation_1,-10,0,-4,220.0,2.4633645753888316e-05,3.150581600236682e-05
orientation_1,-10,0,-4,240.0,2.6268505736662113e-05,3.435672128723308e-05
orientation_1,-10,0,-4,260.0,2.7816048820105184e-05,3.720368182513071e-05
orientation_1,-10,0,-4,280.0,2.9279168387373813e-05,4.004637195919151e-05
orientation_1,-10,0,-4,300.0,3.066068233147047e-05,4.288446676833268e-05
orientation_1,-10,0,-4,320.0,3.196333464803323e-05,4.5717642123110336e-05
orientation_1,-10,0,-4,340.0,3.318979700304164e-05,4.854557474144162e-05
orientation_1,-10,0,-4,360.0,3.434267027560279e-05,5.136794224417666e-05
orientation_1,-10,0,-4,380.0,3.5424486075990695e-05,5.418442321050379e-05
orientation_1,-10,0,-4,400.0,3.643770823912075e-05,5.699469723317577e-05
orientation_1,-10,0,-4,420.0,3.738473429364662e-05,5.979844497354456e-05
orientation_1,-10,0,-4,440.0,3.826789690687434e-05,6.259534821639348e-05
orientation_1,-10,0,-4,460.0,3.908946530569238e-05,6.538508992455458e-05
orientation_1,-10,0,-4,480.0,3.9851646673722324e-05,6.81673542933029e-05
orientation_1,-10,0,-4,500.0,4.055658752489895e-05,7.094182680451362e-05
orientation_1,-10,0,-4,520.0,4.120637505369295e-05,7.370819428057482e-05
orientation_1,-10,0,-4,540.0,4.1803038462192794e-05,7.646614493804294e-05
orientation_1,-10,0,-4,560.0,4.234855026426771e-05,7.921536844103267e-05
orientation_1,-10,0,-4,580.0,4.2844827567034674e-05,8.195555595432923e-05
orientation_1,-10,0,-4,600.0,4.329373332985619e-05,8.468640019621344e-05
orientation_1,-10,0,-4,620.0,4.3697077601103615e-05,8.740759549099253e-05
orientation_1,-10,0,-4,640.0,4.405445953212261e-05,9.01188378212192e-05
orientation_1,-10,0,-4,660.0,4.4374064574158445e-05,9.281982487959451e-05
orientation_1,-10,0,-4,680.0,4.465107364193344e-05,9.551025612055242e-05
orientation_1,-10,0,-4,700.0,4.488925627168422e-05,9.818983281149193e-05
orientation_1,-10,0,-4,720.0,4.509017574633311e-05,0.00010085825808367676
orientation_1,-10,0,-4,740.0,4.5255349404578505e-05,0.00010351523698277408
orientation_1,-10,0,-4,760.0,4.538624972862834e-05,0.0001061604765190179
orientation_1,-10,0,-4,780.0,4.548430541162278e-05,0.00010879368571701388
orientation_1,-10,0,-4,800.0,4.5550902404981404e-05,0.00011141457566515019
orientation_1,-10,0,-4,820.0,4.5587384945925805e-05,0.00011402285956461214
orientation_1,-10,0,-4,840.0,4.559505656541951e-05,0.00011661825277797604
orientation_1,-10,0,-4,860.0,4.557518107682874e-05,0.00011920047287751225
orientation_1,-10,0,-4,880.0,4.55289835453879e-05,0.00012176923969276187
orientation_1,-10,0,-4,900.0,4.545765123899266e-05,0.0001243242753580853
orientation_1,-10,0,-4,920.0,4.536233456029973e-05,0.00012686530435947278
orientation_1,-10,0,-4,940.0,4.524414796054079e-05,0.00012939205358101472
orientation_1,-10,0,-4,960.0,4.510417083783458e-05,0.000131904252358582
orientation_1,-10,0,-4,980.0,4.494344840219115e-05,0.00013440163248701846
orientation_1,-10,0,-4,1000.0,4.476299256161558e-05,0.00013688392834186112
orientation_1,-10,0,-4,1020.0,4.4563782739297233e-05,0.00013935087684721623
orientation_1,-10,0,-4,1040.0,4.434676671248534e-05,0.00014180221755843308
orientation_1,-10,0,-4,1060.0,4.4112861417704136e-05,0.0001442376926938174
orientation_1,-10,0,-4,1080.0,4.386295374888765e-05,0.0001466570471965392
orientation_1,-10,0,-4,1100.0,4.359790132241715e-05,0.00014906002874027455
orientation_1,-10,0,-4,1120.0,4.3318533248263255e-05,0.000151446387808283
orientation_1,-10,0,-4,1140.0,4.302565086842177e-05,0.00015381587771579942
orientation_1,-10,0,-4,1160.0,4.2720028486752404e-05,0.00015616825465531532
orientation_1,-10,0,-4,1180.0,4.240241406684184e-05,0.00015850327767860038
orientation_1,-10,0,-4,1200.0,4.207352996114321e-05,0.00016082070885131315
orientation_1,-10,0,-4,1220.0,4.1734073615673863e-05,0.00016312031338521312
orientation_1,-10,0,-4,1240.0,4.138471819836599e-05,0.000165401859530151
orientation_1,-10,0,-4,1260.0,4.102611310985575e-05,0.0001676651180130733
orientation_1,-10,0,-4,1280.0,4.0658884932050824e-05,0.00016990986332612103
orientation_1,-10,0,-4,1300.0,4.028363784698417e-05,0.00017213587293573237
orientation_1,-10,0,-4,1320.0,3.9900954261294625e-05,0.00017434292735306738
orientation_1,-10,0,-4,1340.0,3.9511395485238974e-05,0.00017653081052141403
orientation_1,-10,0,-4,1360.0,3.911550223636522e-05,0.00017869930949373123
orientation_1,-10,0,-4,1380.0,3.871379466197516e-05,0.0001808482118169922
orientation_1,-10,0,-4,1400.0,3.830677776831964e-05,0.000182977329100868
orientation_1,-10,0,-4,1420.0,3.7894926437139155e-05,0.00018508642161985946
orientation_1,-10,0,-4,1440.0,3.747871113978905e-05,0.00018717532105390127
orientation_1,-10,0,-4,1460.0,3.705857621154202e-05,0.0001892438218511074
orientation_1,-10,0,-4,1480.0,3.663495056420472e-05,0.0001912917311587285
orientation_1,-10,0,-4,1500.0,3.620824688089766e-05,0.0001933188628091549
orientation_1,-10,0,-4,1520.0,3.577885936853302e-05,0.0001953250223681273
orientation_1,-10,0,-4,1540.0,3.5347169567828914e-05,0.00019731003642907917
orientation_1,-10,0,-4,1560.0,3.491354309773324e-05,0.00019927373284109326
orientation_1,-10,0,-4,1580.0,3.4478324859214864e-05,0.0002012159088772936
orientation_1,-10,0,-4,1600.0,3.4040736325301634e-05,0.00020313521963774488
orientation_1,-10,0,-4,1620.0,3.3604452125358994e-05,0.0002050350919270659
orientation_1,-10,0,-4,1640.0,3.31664245759724e-05,0.00020691175802129628
orientation_1,-10,0,-4,1660.0,3.272806615544989e-05,0.00020876625813531788
orientation_1,-10,0,-4,1680.0,3.2289658617728527e-05,0.0002105984380823569
orientation_1,-10,0,-4,1700.0,3.1851471949139624e-05,0.00021240815222535765
orientation_1,-10,0,-4,1720.0,3.141375899975865e-05,0.000214195223537569
orientation_1,-10,0,-4,1740.0,3.097676923076792e-05,0.00021595953585037015
orientation_1,-10,0,-4,1760.0,3.0540758935544586e-05,0.00021770111336110316
orientation_1,-10,0,-4,1780.0,3.010595536506549e-05,0.00021941986282610396
orientation_1,-10,0,-4,1800.0,2.967295355523854e-05,0.00022111446355620038
orientation_1,-10,0,-4,1820.0,2.9240543713657025e-05,0.00022278632493302094
orientation_1,-10,0,-4,1840.0,2.881045747851417e-05,0.00022443474806640255
orientation_1,-10,0,-4,1860.0,2.838232696246039e-05,0.00022605951254438348
orientation_1,-10,0,-4,1880.0,2.7956361569852798e-05,0.00022766079913907975
orientation_1,-10,0,-4,1900.0,2.7532689179683293e-05,0.00022923819367724453
orientation_1,-10,0,-4,1920.0,2.711147365300007e-05,0.00023079165318083415
orientation_1,-10,0,-4,1940.0,2.669313766135749e-05,0.00023232356091827875
orientation_1,-10,0,-4,1960.0,2.6276918452369118e-05,0.0002338256434974023
orientation_1,-10,0,-4,1980.0,2.5864036784439794e-05,0.0002353077165481611
orientation_1,-10,0,-4,2000.0,2.545405854833648e-05,0.00023676458209294572
orientation_1,-10,0,-4,2020.0,2.50471949068327e-05,0.00023819702993636613
orientation_1,-10,0,-4,2040.0,2.464391421909616e-05,0.0002396050484885032
orientation_1,-10,0,-4,2060.0,2.4243256680426996e-05,0.00024098848188917673
orientation_1,-10,0,-4,2080.0,2.3846366639806584e-05,0.00024234719094887926
orientation_1,-10,0,-4,2100.0,2.345284359384825e-05,0.00024367959517454047
orientation_1,-10,0,-4,2120.0,2.3063249465267318e-05,0.00024499082732269505
orientation_1,-10,0,-4,2140.0,2.2677136677368282e-05,0.000246275119073194
orientation_1,-10,0,-4,2160.0,2.229478316046457e-05,0.0002475346571572156
orientation_1,-10,0,-4,2180.0,2.1916259518558836e-05,0.00024876945075086695
orientation_1,-10,0,-4,2200.0,2.154157106427796e-05,0.0002499787906023629
orientation_1,-10,0,-4,2220.0,2.1170829115332335e-05,0.00025116328536141234
orientation_1,-10,0,-4,2240.0,2.0803976092282814e-05,0.000252321528185765
orientation_1,-10,0,-4,2260.0,2.044148882319703e-05,0.0002534590078250332
orientation_1,-10,0,-4,2280.0,2.0082475937543176e-05,0.0002545636057876737
orientation_1,-10,0,-4,2300.0,1.9728077231997874e-05,0.00025564969251019653
orientation_1,-10,0,-4,2320.0,1.9377640640725572e-05,0.0002567082376397554
orientation_1,-10,0,-4,2340.0,1.9031367952845033e-05,0.00025774151807650045
orientation_1,-10,0,-4,2360.0,1.868928356672392e-05,0.000258749472731762
orientation_1,-10,0,-4,2380.0,1.8351362466162534e-05,0.00025973139071689154
orientation_1,-10,0,-4,2400.0,1.8017900042063154e-05,0.00026069148167810155
orientation_1,-10,0,-4,2420.0,1.7688282869050653e-05,0.000261620160022765
orientation_1,-10,0,-4,2440.0,1.7363216471955513e-05,0.0002625280730585745
orientation_1,-10,0,-4,2460.0,1.7042330629434276e-05,0.00026340940345673594
orientation_1,-10,0,-4,2480.0,1.672571025096734e-05,0.0002642653887937265
orientation_1,-10,0,-4,2500.0,1.6412261328961097e-05,0.000265093300406676
orientation_1,-7,3,-6,100.0,2.0548511550963184e-05,2.2972844661872766e-05
orientation_1,-7,3,-6,120.0,2.4111975446469054e-05,2.756475672231718e-05
orientation_1,-7,3,-6,140.0,2.7503896957149628e-05,3.215158844236085e-05
orientation_1,-7,3,-6,160.0,3.0729506226380215e-05,3.6732496621452654e-05
orientation_1,-7,3,-6,180.0,3.3793917370460696e-05,4.1306639705374624e-05
orientation_1,-7,3,-6,200.0,3.6702129929393445e-05,4.5873178012760985e-05
orientation_1,-7,3,-6,220.0,3.945903109840766e-05,5.0431273964534705e-05
orientation_1,-7,3,-6,240.0,4.206939647551239e-05,5.498009231397318e-05
orientation_1,-7,3,-6,260.0,4.453789224520609e-05,5.9518800376581765e-05
orientation_1,-7,3,-6,280.0,4.6869076673575056e-05,6.40465682594176e-05
orientation_1,-7,3,-6,300.0,4.906740173663669e-05,6.856256908967133e-05
orientation_1,-7,3,-6,320.0,5.113721474798514e-05,7.306597924238205e-05
orientation_1,-7,3,-6,340.0,5.30827599847721e-05,7.755597856718732e-05
orientation_1,-7,3,-6,360.0,5.490818031110709e-05,8.203175061402652e-05
orientation_1,-7,3,-6,380.0,5.6617518798000874e-05,8.649248285771923e-05
orientation_1,-7,3,-6,400.0,5.821472033901535e-05,9.093736692134635e-05
orientation_1,-7,3,-6,420.0,5.9703633260816846e-05,9.53655987983641e-05
orientation_1,-7,3,-6,440.0,6.108801092786508e-05,9.977637907337795e-05
orientation_1,-7,3,-6,460.0,6.237151334050277e-05,0.0001041689131415136
orientation_1,-7,3,-6,480.0,6.355770872574167e-05,0.00010854241142631139
orientation_1,-7,3,-6,500.0,6.46500751200738e-05,0.00011289608959608169
orientation_1,-7,3,-6,520.0,6.565200194366506e-05,0.0001172291687786514
orientation_1,-7,3,-6,540.0,6.656679156531858e-05,0.00012154087577443984
orientation_1,-7,3,-6,560.0,6.739766085762527e-05,0.00012583044326779346
orientation_1,-7,3,-6,580.0,6.814774274174397e-05,0.00013009711003652042
orientation_1,-7,3,-6,600.0,6.882008772128374e-05,0.00013434012115955487
orientation_1,-7,3,-6,620.0,6.941766540478908e-05,0.0001385587282226984
orientation_1,-7,3,-6,640.0,6.994336601634591e-05,0.00014275218952235607
orientation_1,-7,3,-6,660.0,7.040000189386346e-05,0.00014691977026723256
orientation_1,-7,3,-6,680.0,7.079030897460949e-05,0.00015106074277789576
orientation_1,-7,3,-6,700.0,7.111694826758333e-05,0.00015517438668417993
orientation_1,-7,3,-6,720.0,7.138250731236481e-05,0.00015925998912033084
orientation_1,-7,3,-6,740.0,7.158950162407417e-05,0.00016331684491788993
orientation_1,-7,3,-6,760.0,7.174037612410402e-05,0.00016734425679616716
orientation_1,-7,3,-6,780.0,7.183750655632871e-05,0.000171341535550356
orientation_1,-7,3,-6,800.0,7.188320088848409e-05,0.0001753080002371518
orientation_1,-7,3,-6,820.0,7.187970069844849e-05,0.00017924297835784418
orientation_1,-7,3,-6,840.0,7.18291825451682e-05,0.0001831458060387998
orientation_1,-7,3,-6,860.0,7.1733759324076e-05,0.00018701582820950264
orientation_1,-7,3,-6,880.0,7.159548160653014e-05,0.00019085239877741865
orientation_1,-7,3,-6,900.0,7.141633896351089e-05,0.00019465488080076148
orientation_1,-7,3,-6,920.0,7.119826127296623e-05,0.00019842264665798618
orientation_1,-7,3,-6,940.0,7.09431200108944e-05,0.0002021550782146114
orientation_1,-7,3,-6,960.0,7.065272953010165e-05,0.00020585156699948762
orientation_1,-7,3,-6,980.0,7.032884829743561e-05,0.0002095115143040357
orientation_1,-7,3,-6,1000.0,6.99731801765698e-05,0.00021313433146362125
orientation_1,-7,3,-6,1020.0,6.958737561096366e-05,0.000216719439889115
orientation_1,-7,3,-6,1040.0,6.917303285213424e-05,0.00022026627128032863
orientation_1,-7,3,-6,1060.0,6.873169914436472e-05,0.0002237742677566563
orientation_1,-7,3,-6,1080.0,6.826487190703278e-05,0.00022724288203187815
orientation_1,-7,3,-6,1100.0,6.77739998733825e-05,0.00023067157749755065
orientation_1,-7,3,-6,1120.0,6.72604842477395e-05,0.0002340598284215896
orientation_1,-7,3,-6,1140.0,6.672567981850021e-05,0.00023740712005323818
orientation_1,-7,3,-6,1160.0,6.617089606527898e-05,0.0002407129487624233
orientation_1,-7,3,-6,1180.0,6.559739822225083e-05,0.00024397682207499244
orientation_1,-7,3,-6,1200.0,6.500640839898364e-05,0.00024719825898292296
orientation_1,-7,3,-6,1220.0,6.439910666863766e-05,0.00025037679021525533
orientation_1,-7,3,-6,1240.0,6.377663203938128e-05,0.00025351195811796137
orientation_1,-7,3,-6,1260.0,6.314008324633464e-05,0.0002566033158166585
orientation_1,-7,3,-6,1280.0,6.249052024704963e-05,0.0002596504293248551
orientation_1,-7,3,-6,1300.0,6.182896487635021e-05,0.0002626528763290467
orientation_1,-7,3,-6,1320.0,6.115640183420932e-05,0.0002656102463447267
orientation_1,-7,3,-6,1340.0,6.047377976761073e-05,0.00026852214138513183
orientation_1,-7,3,-6,1360.0,5.978201207385752e-05,0.0002713881754804861
orientation_1,-7,3,-6,1380.0,5.908197693581622e-05,0.0002742079705126513
orientation_1,-7,3,-6,1400.0,5.8374526047874905e-05,0.00027698119411622606
orientation_1,-7,3,-6,1420.0,5.766046055732665e-05,0.00027970743860948296
orientation_1,-7,3,-6,1440.0,5.694057236907605e-05,0.0002823864181278178
orientation_1,-7,3,-6,1460.0,5.6215609276066214e-05,0.0002850177942165048
orientation_1,-7,3,-6,1480.0,5.5486292177044986e-05,0.00028760125602228834
orientation_1,-7,3,-6,1500.0,5.475331380960132e-05,0.0002901365106861804
orientation_1,-7,3,-6,1520.0,5.401733513742618e-05,0.0002926232592054661
orientation_1,-7,3,-6,1540.0,5.327899476093899e-05,0.0002950612437882451
orientation_1,-7,3,-6,1560.0,5.253890366751539e-05,0.00029745021584678407
orientation_1,-7,3,-6,1580.0,5.1797637563797965e-05,0.0002997898848992937
orientation_1,-7,3,-6,1600.0,5.1053970958427986e-05,0.00030207813741297044
orientation_1,-7,3,-6,1620.0,5.031380832851885e-05,0.0003043205150954509
orientation_1,-7,3,-6,1640.0,4.957228600884965e-05,0.0003065110355349945
orientation_1,-7,3,-6,1660.0,4.883168164501331e-05,0.00030865142984480315
orientation_1,-7,3,-6,1680.0,4.809246008823963e-05,0.00031074152209731776
orientation_1,-7,3,-6,1700.0,4.735506553187723e-05,0.00031278115747236185
orientation_1,-7,3,-6,1720.0,4.661991282376231e-05,0.00031477013742006043
orientation_1,-7,3,-6,1740.0,4.58874098096804e-05,0.00031670836934917767
orientation_1,-7,3,-6,1760.0,4.515797356891694e-05,0.0003185959926498921
orientation_1,-7,3,-6,1780.0,4.443197260582112e-05,0.0003204329629861025
orientation_1,-7,3,-6,1800.0,4.3710358188618875e-05,0.00032221728238187626
orientation_1,-7,3,-6,1820.0,4.2991210339724176e-05,0.00032395132873120594
orientation_1,-7,3,-6,1840.0,4.227728654802287e-05,0.00032563411174859144
orientation_1,-7,3,-6,1860.0,4.156800122734761e-05,0.0003272654108495772
orientation_1,-7,3,-6,1880.0,4.0863688389003866e-05,0.00032884566987737907
orientation_1,-7,3,-6,1900.0,4.0164547389501386e-05,0.00033037436465190495
orientation_1,-7,3,-6,1920.0,3.94708357196879e-05,0.0003318515872352971
orientation_1,-7,3,-6,1940.0,3.878322396756787e-05,0.00033328132245366966
orientation_1,-7,3,-6,1960.0,3.8100481856268154e-05,0.0003346504848206911
orientation_1,-7,3,-6,1980.0,3.742455541250511e-05,0.0003359749721964471
orientation_1,-7,3,-6,2000.0,3.6754739806806196e-05,0.00033724665167150254
orientation_1,-7,3,-6,2020.0,3.609136084128614e-05,0.00033846696935767756
orientation_1,-7,3,-6,2040.0,3.543517525092488e-05,0.0003396361275197691
orientation_1,-7,3,-6,2060.0,3.4784579449832454e-05,0.0003407540593317555
orientation_1,-7,3,-6,2080.0,3.414144341323793e-05,0.000341820760759744
orientation_1,-7,3,-6,2100.0,3.35050930381899e-05,0.0003428339161829064
orientation_1,-7,3,-6,2120.0,3.287641317266287e-05,0.0003438019817905788
orientation_1,-7,3,-6,2140.0,3.22546692758774e-05,0.0003447159406841814
orientation_1,-7,3,-6,2160.0,3.1640288693425335e-05,0.0003455795346714519
orientation_1,-7,3,-6,2180.0,3.103336573166048e-05,0.0003463930199994416
orientation_1,-7,3,-6,2200.0,3.043389101112434e-05,0.000347155520254533
orientation_1,-7,3,-6,2220.0,2.9842021380544684e-05,0.0003478682575250482
orientation_1,-7,3,-6,2240.0,2.9257643458642937e-05,0.0003485292387730319
orientation_1,-7,3,-6,2260.0,2.8681503463525117e-05,0.0003491475429619105
orientation_1,-7,3,-6,2280.0,2.8112151207663376e-05,0.0003497040228894556
orientation_1,-7,3,-6,2300.0,2.7551384200714582e-05,0.0003502219463823875
orientation_1,-7,3,-6,2320.0,2.6998140920983258e-05,0.0003506871767011552
orientation_1,-7,3,-6,2340.0,2.645272443763701e-05,0.00035110364512232775
orientation_1,-7,3,-6,2360.0,2.5915144947678102e-05,0.0003514715325186661
orientation_1,-7,3,-6,2380.0,2.5385336741118586e-05,0.0003517900002243515
orientation_1,-7,3,-6,2400.0,2.486375894193259e-05,0.0003520661580678642
orientation_1,-7,3,-6,2420.0,2.434939414892689e-05,0.000352284871959758
orientation_1,-7,3,-6,2440.0,2.3843350808650526e-05,0.00035246358195562406
orientation_1,-7,3,-6,2460.0,2.3345015515424975e-05,0.00035259326600172147
orientation_1,-7,3,-6,2480.0,2.285449569251227e-05,0.00035267624328899345
orientation_1,-7,3,-6,2500.0,2.2369995210608902e-05,0.0003527228831610869
orientation_1,-7,7,-10,100.0,4.591976559148944e-06,5.137627523421003e-06
orientation_1,-7,7,-10,120.0,5.388901493758487e-06,6.166176712189582e-06
orientation_1,-7,7,-10,140.0,6.1479513972464e-06,7.1944717892445566e-06
orientation_1,-7,7,-10,160.0,6.87038497004782e-06,8.222470436384726e-06
orientation_1,-7,7,-10,180.0,7.557425199815844e-06,9.250130355991095e-06
orientation_1,-7,7,-10,200.0,8.210260274502073e-06,1.0277409272346421e-05
orientation_1,-7,7,-10,220.0,8.830044474660276e-06,1.1304264933733665e-05
orientation_1,-7,7,-10,240.0,9.417899044957542e-06,1.2330655114817441e-05
orientation_1,-7,7,-10,260.0,9.9749130451887e-06,1.3356537619140625e-05
orientation_1,-7,7,-10,280.0,1.0502144181181882e-05,1.4381870281671857e-05
orientation_1,-7,7,-10,300.0,1.1000619616010331e-05,1.540661097137648e-05
orientation_1,-7,7,-10,320.0,1.1471336761930456e-05,1.6430717593798416e-05
orientation_1,-7,7,-10,340.0,1.1915264053464322e-05,1.7454148093646893e-05
orientation_1,-7,7,-10,360.0,1.2333341702038345e-05,1.8476860457384273e-05
orientation_1,-7,7,-10,380.0,1.2726482432583633e-05,1.949881271581386e-05
orientation_1,-7,7,-10,400.0,1.3095572202495063e-05,2.0519962946665726e-05
orientation_1,-7,7,-10,420.0,1.344147090333951e-05,2.1540269277180713e-05
orientation_1,-7,7,-10,440.0,1.3765013045694902e-05,2.2559689886691104e-05
orientation_1,-7,7,-10,460.0,1.4067008427494704e-05,2.357818300919864e-05
orientation_1,-7,7,-10,480.0,1.4348242786244829e-05,2.4595706935948617e-05
orientation_1,-7,7,-10,500.0,1.4609478435472158e-05,2.5612220018000636e-05
orientation_1,-7,7,-10,520.0,1.4851454885756952e-05,2.6627680668794987e-05
orientation_1,-7,7,-10,540.0,1.5074889450693751e-05,2.7642047366715104e-05
orientation_1,-7,7,-10,560.0,1.5280477838118824e-05,2.865527865764574e-05
orientation_1,-7,7,-10,580.0,1.5468894726934802e-05,2.9667333157526332e-05
orientation_1,-7,7,-10,600.0,1.5640794329856e-05,3.06781695548984e-05
orientation_1,-7,7,-10,620.0,1.5796810685385947e-05,3.1687746613452496e-05
orientation_1,-7,7,-10,640.0,1.593755921063701e-05,3.2696023174563085e-05
orientation_1,-7,7,-10,660.0,1.606363571399378e-05,3.370295815982321e-05
orientation_1,-7,7,-10,680.0,1.617561790028053e-05,3.47085105735789e-05
orientation_1,-7,7,-10,700.0,1.6274065621544562e-05,3.5712639505422514e-05
orientation_1,-7,7,-10,720.0,1.6359521361790278e-05,3.671530413276364e-05
orientation_1,-7,7,-10,740.0,1.6432510709671874e-05,3.7716463723286695e-05
orientation_1,-7,7,-10,760.0,1.649354281950283e-05,3.871607763747827e-05
orientation_1,-7,7,-10,780.0,1.654311086080326e-05,3.971410533112299e-05
orientation_1,-7,7,-10,800.0,1.6581692456659777e-05,4.07105063577938e-05
orientation_1,-7,7,-10,820.0,1.660975011115422e-05,4.170524037133581e-05
orientation_1,-7,7,-10,840.0,1.6627731626109792e-05,4.269826712833679e-05
orientation_1,-7,7,-10,860.0,1.6633261897541575e-05,4.36895464906341e-05
orientation_1,-7,7,-10,880.0,1.6635186361143584e-05,4.467903842770617e-05
orientation_1,-7,7,-10,900.0,1.6625485279694332e-05,4.5666703019199414e-05
orientation_1,-7,7,-10,920.0,1.660736021826681e-05,4.665250045734264e-05
orientation_1,-7,7,-10,940.0,1.658119136177374e-05,4.763639104939265e-05
orientation_1,-7,7,-10,960.0,1.654734648342112e-05,4.8618335222800854e-05
orientation_1,-7,7,-10,980.0,1.6506181288703444e-05,4.959829351397294e-05
orientation_1,-7,7,-10,1000.0,1.6458039764335102e-05,5.0576226598016824e-05
orientation_1,-7,7,-10,1020.0,1.6403254500144292e-05,5.155209526380063e-05
orientation_1,-7,7,-10,1040.0,1.6342147016349067e-05,5.2525860430114374e-05
orientation_1,-7,7,-10,1060.0,1.6275028076992902e-05,5.349748314517393e-05
orientation_1,-7,7,-10,1080.0,1.6202197996295203e-05,5.446692458898646e-05
orientation_1,-7,7,-10,1100.0,1.612394693724499e-05,5.5434146076073165e-05
orientation_1,-7,7,-10,1120.0,1.604055520226552e-05,5.639910905733029e-05
orientation_1,-7,7,-10,1140.0,1.5952293516654723e-05,5.736177512279709e-05
orientation_1,-7,7,-10,1160.0,1.5859423304500503e-05,5.832210600369961e-05
orientation_1,-7,7,-10,1180.0,1.5762196952135962e-05,5.928006355415324e-05
orientation_1,-7,7,-10,1200.0,1.5660858081110438e-05,6.023560979439209e-05
orientation_1,-7,7,-10,1220.0,1.5555641811002882e-05,6.118870694640522e-05
orientation_1,-7,7,-10,1240.0,1.5446774993687647e-05,6.213931738452027e-05
orientation_1,-7,7,-10,1260.0,1.533447640347768e-05,6.308740342114251e-05
orientation_1,-7,7,-10,1280.0,1.5218957083808643e-05,6.403292775893595e-05
orientation_1,-7,7,-10,1300.0,1.5100420502252245e-05,6.497585319549163e-05
orientation_1,-7,7,-10,1320.0,1.4979062778496728e-05,6.59161426384999e-05
orientation_1,-7,7,-10,1340.0,1.4855072930416803e-05,6.685375923292015e-05
orientation_1,-7,7,-10,1360.0,1.472863305681785e-05,6.778866623617614e-05
orientation_1,-7,7,-10,1380.0,1.4599918347130792e-05,6.872082607341514e-05
orientation_1,-7,7,-10,1400.0,1.446909902248192e-05,6.965020875078929e-05
orientation_1,-7,7,-10,1420.0,1.4336334979040715e-05,7.057676489116338e-05
orientation_1,-7,7,-10,1440.0,1.4201784981602034e-05,7.150046961311943e-05
orientation_1,-7,7,-10,1460.0,1.4065598892431737e-05,7.242128367101702e-05
orientation_1,-7,7,-10,1480.0,1.3927921500223176e-05,7.333917130308296e-05
orientation_1,-7,7,-10,1500.0,1.3788892404448155e-05,7.425409903568651e-05
orientation_1,-7,7,-10,1520.0,1.3648644330650221e-05,7.516602551166528e-05
orientation_1,-7,7,-10,1540.0,1.350730695901985e-05,7.607492158894061e-05
orientation_1,-7,7,-10,1560.0,1.3365003999252577e-05,7.698075362339601e-05
orientation_1,-7,7,-10,1580.0,1.3221852353635647e-05,7.788347692890755e-05
orientation_1,-7,7,-10,1600.0,1.3077566487003638e-05,7.878060153988081e-05
orientation_1,-7,7,-10,1620.0,1.2933458160987212e-05,7.967948552582844e-05
orientation_1,-7,7,-10,1640.0,1.2788428989847718e-05,8.057269892365131e-05
orientation_1,-7,7,-10,1660.0,1.2642980373113317e-05,8.146267272423267e-05
orientation_1,-7,7,-10,1680.0,1.2497208642150709e-05,8.234937396285104e-05
orientation_1,-7,7,-10,1700.0,1.2351205589542987e-05,8.323276668306006e-05
orientation_1,-7,7,-10,1720.0,1.2205060117904982e-05,8.411282224633672e-05
orientation_1,-7,7,-10,1740.0,1.2058855991823869e-05,8.498950306929672e-05
orientation_1,-7,7,-10,1760.0,1.191268263747801e-05,8.586284031273567e-05
orientation_1,-7,7,-10,1780.0,1.176661881419594e-05,8.673281764275344e-05
orientation_1,-7,7,-10,1800.0,1.162087663637529e-05,8.760047552729033e-05
orientation_1,-7,7,-10,1820.0,1.1475016392734839e-05,8.846183591919873e-05
orientation_1,-7,7,-10,1840.0,1.1329661073536833e-05,8.932115909380206e-05
orientation_1,-7,7,-10,1860.0,1.1184676149601844e-05,9.01768793977814e-05
orientation_1,-7,7,-10,1880.0,1.1040135267519842e-05,9.102906966282638e-05
orientation_1,-7,7,-10,1900.0,1.0896083790191679e-05,9.187759342559915e-05
orientation_1,-7,7,-10,1920.0,1.0752579866573977e-05,9.272244268257334e-05
orientation_1,-7,7,-10,1940.0,1.0609774729741654e-05,9.356447818071964e-05
orientation_1,-7,7,-10,1960.0,1.0467395089709014e-05,9.440074054937797e-05
orientation_1,-7,7,-10,1980.0,1.0325879100235939e-05,9.523475433038103e-05
orientation_1,-7,7,-10,2000.0,1.0185071451550775e-05,9.606465733694897e-05
orientation_1,-7,7,-10,2020.0,1.0045048977221431e-05,9.689073741960417e-05
orientation_1,-7,7,-10,2040.0,9.905976198501215e-06,9.771422180790399e-05
orientation_1,-7,7,-10,2060.0,9.767522946365073e-06,9.853135272456319e-05
orientation_1,-7,7,-10,2080.0,9.63008881917389e-06,9.934578414388609e-05
orientation_1,-7,7,-10,2100.0,9.493536102025007e-06,0.0001001557114095911
orientation_1,-7,7,-10,2120.0,9.35806794349824e-06,0.00010096296881068421
orientation_1,-7,7,-10,2140.0,9.22352650507716e-06,0.00010176548496168763
orientation_1,-7,7,-10,2160.0,9.09001370778615e-06,0.00010256403726058583
orientation_1,-7,7,-10,2180.0,8.957557402635452e-06,0.00010335862169820207
orientation_1,-7,7,-10,2200.0,8.826162207391189e-06,0.00010414897342394912
orientation_1,-7,7,-10,2220.0,8.695871271000165e-06,0.00010493530259537382
orientation_1,-7,7,-10,2240.0,8.566666693553946e-06,0.00010571709357842756
orientation_1,-7,7,-10,2260.0,8.438722488162766e-06,0.00010649629735033894
orientation_1,-7,7,-10,2280.0,8.31172255728015e-06,0.00010726855799152828
orientation_1,-7,7,-10,2300.0,8.186080253684495e-06,0.00010803902253697275
orientation_1,-7,7,-10,2320.0,8.06156460834004e-06,0.00010880442043248591
orientation_1,-7,7,-10,2340.0,7.938251471057325e-06,0.00010956556011642084
orientation_1,-7,7,-10,2360.0,7.816153260068464e-06,0.00011032240007248353
orientation_1,-7,7,-10,2380.0,7.695265255830377e-06,0.00011107466822756654
orientation_1,-7,7,-10,2400.0,7.5756980092611005e-06,0.00011182383813429758
orientation_1,-7,7,-10,2420.0,7.4572364364768465e-06,0.00011256647266545649
orientation_1,-7,7,-10,2440.0,7.3360041434413466e-06,0.00011330635089269408
orientation_1,-7,7,-10,2460.0,7.224270472751548e-06,0.00011404136731639543
orientation_1,-7,7,-10,2480.0,7.1096725303168115e-06,0.00011477193835259406
orientation_1,-7,7,-10,2500.0,6.996477153470936e-06,0.00011550024514134193
orientation_1,-7,-1,-2,100.0,7.396558135744557e-05,8.265628924093082e-05
orientation_1,-7,-1,-2,120.0,8.672380382943482e-05,9.909068030388755e-05
orientation_1,-7,-1,-2,140.0,9.882959989231643e-05,0.00011545932782103695
orientation_1,-7,-1,-2,160.0,0.00011029778731623393,0.00013175144018140225
orientation_1,-7,-1,-2,180.0,0.00012114329255319119,0.00014795630196827689
orientation_1,-7,-1,-2,200.0,0.00013138112951411094,0.00016406328457661896
orientation_1,-7,-1,-2,220.0,0.00014102637900504131,0.000180061856747038
orientation_1,-7,-1,-2,240.0,0.00015009416882029463,0.0001959415949967394
orientation_1,-7,-1,-2,260.0,0.00015859965449426411,0.0002116921939331995
orientation_1,-7,-1,-2,280.0,0.00016655800071409244,0.00022730347643816368
orientation_1,-7,-1,-2,300.0,0.00017398436339481293,0.00024276540371029646
orientation_1,-7,-1,-2,320.0,0.00018089387241771061,0.00025806808515522485
orientation_1,-7,-1,-2,340.0,0.0001873016150316898,0.00027320178811199015
orientation_1,-7,-1,-2,360.0,0.0001932226199164667,0.00028815694740516514
orientation_1,-7,-1,-2,380.0,0.00019867184190546045,0.0003029241747121108
orientation_1,-7,-1,-2,400.0,0.00020366414736532838,0.0003174942677350871
orientation_1,-7,-1,-2,420.0,0.000208214300228225,0.00033185821916815306
orientation_1,-7,-1,-2,440.0,0.00021233694867201023,0.00034600722544903017
orientation_1,-7,-1,-2,460.0,0.0002160466124428442,0.0003599326952863769
orientation_1,-7,-1,-2,480.0,0.00021935767081383863,0.0003736262579531494
orientation_1,-7,-1,-2,500.0,0.0002222843511727214,0.0003870797713370328
orientation_1,-7,-1,-2,520.0,0.00022484071823078693,0.0004002853297391712
orientation_1,-7,-1,-2,540.0,0.00022704066384477526,0.0004132352714127548
orientation_1,-7,-1,-2,560.0,0.0002288978974427152,0.00042592218583328465
orientation_1,-7,-1,-2,580.0,0.00023042593704420466,0.0004383389206926889
orientation_1,-7,-1,-2,600.0,0.00023163810086508809,0.00045047858860974377
orientation_1,-7,-1,-2,620.0,0.0002325474994960032,0.00046233457354960783
orientation_1,-7,-1,-2,640.0,0.00023316702864379342,0.0004739005369455936
orientation_1,-7,-1,-2,660.0,0.00023350936242442314,0.0004851704235166866
orientation_1,-7,-1,-2,680.0,0.00023358694719559245,0.0004961384667746009
orientation_1,-7,-1,-2,700.0,0.0002334119959169459,0.0005067991942145943
orientation_1,-7,-1,-2,720.0,0.0002329964830254304,0.0005171474321845872
orientation_1,-7,-1,-2,740.0,0.00023235213981313886,0.0005271783104275196
orientation_1,-7,-1,-2,760.0,0.00023149045029455584,0.0005368872662922232
orientation_1,-7,-1,-2,780.0,0.00023042264755019476,0.0005462700486085407
orientation_1,-7,-1,-2,800.0,0.00022915971053313032,0.0005553227212227223
orientation_1,-7,-1,-2,820.0,0.0002277123613249386,0.0005640416661895818
orientation_1,-7,-1,-2,840.0,0.00022609106282734775,0.0005724235866181583
orientation_1,-7,-1,-2,860.0,0.0002243060168761493,0.0005804655091689777
orientation_1,-7,-1,-2,880.0,0.00022236716276254444,0.0005881647861980319
orientation_1,-7,-1,-2,900.0,0.0002202841761496552,0.0005955190975497792
orientation_1,-7,-1,-2,920.0,0.00021806646836862892,0.0006025264519933732
orientation_1,-7,-1,-2,940.0,0.00021572318608140695,0.0006091851883036288
orientation_1,-7,-1,-2,960.0,0.00021326321129585174,0.0006154939759850278
orientation_1,-7,-1,-2,980.0,0.00021069516171941824,0.0006214518156386562
orientation_1,-7,-1,-2,1000.0,0.0002080273914375231,0.0006270580389721599
orientation_1,-7,-1,-2,1020.0,0.00020526799190290787,0.0006323123084534143
orientation_1,-7,-1,-2,1040.0,0.00020242479322208826,0.0006372146166080941
orientation_1,-7,-1,-2,1060.0,0.00019950536571925468,0.0006417652849421364
orientation_1,-7,-1,-2,1080.0,0.00019651702180947553,0.0006459649626417882
orientation_1,-7,-1,-2,1100.0,0.0001934668180308133,0.0006498146245966917
orientation_1,-7,-1,-2,1120.0,0.00019036155745039975,0.0006533155695083599
orientation_1,-7,-1,-2,1140.0,0.00018720779220572422,0.0006564694173356142
orientation_1,-7,-1,-2,1160.0,0.00018401182629930327,0.0006592781065152836
orientation_1,-7,-1,-2,1180.0,0.00018077971850643192,0.0006617438904944646
orientation_1,-7,-1,-2,1200.0,0.00017751728574854747,0.0006638693349464648
orientation_1,-7,-1,-2,1220.0,0.00017423010658630756,0.0006656573155690366
orientation_1,-7,-1,-2,1240.0,0.00017092352450138123,0.0006671110077174899
orientation_1,-7,-1,-2,1260.0,0.0001676026508219619,0.0006682338893285589
orientation_1,-7,-1,-2,1280.0,0.00016427237029266993,0.0006690297325750369
orientation_1,-7,-1,-2,1300.0,0.000160937343813416,0.0006695025991282903
orientation_1,-7,-1,-2,1320.0,0.00015760201294684817,0.0006696568354048198
orientation_1,-7,-1,-2,1340.0,0.0001542706039021765,0.0006694970659042505
orientation_1,-7,-1,-2,1360.0,0.00015094713212178169,0.0006690281884590062
orientation_1,-7,-1,-2,1380.0,0.00014763540297225628,0.0006682553502756691
orientation_1,-7,-1,-2,1400.0,0.00014433904508566548,0.0006671840258786545
orientation_1,-7,-1,-2,1420.0,0.0001410614236772524,0.0006658198417874449
orientation_1,-7,-1,-2,1440.0,0.00013780579280293863,0.0006641687397280168
orientation_1,-7,-1,-2,1460.0,0.00013457516974198138,0.0006622368821214392
orientation_1,-7,-1,-2,1480.0,0.00013137239945047952,0.0006600306620859278
orientation_1,-7,-1,-2,1500.0,0.00012820014976569542,0.0006575566943500423
orientation_1,-7,-1,-2,1520.0,0.00012506090977074428,0.0006548218236568272
orientation_1,-7,-1,-2,1540.0,0.00012195700693061964,0.0006518330811485638
orientation_1,-7,-1,-2,1560.0,0.00011889060832497996,0.0006485977626663422
orientation_1,-7,-1,-2,1580.0,0.0001158636866450208,0.0006451231379248938
orientation_1,-7,-1,-2,1600.0,0.00011287698674874235,0.0006414138408468189
orientation_1,-7,-1,-2,1620.0,0.00010993558097329706,0.0006374870293662152
orientation_1,-7,-1,-2,1640.0,0.00010703763469682014,0.0006333412262792107
orientation_1,-7,-1,-2,1660.0,0.00010418568773704863,0.0006289876796070856
orientation_1,-7,-1,-2,1680.0,0.00010138101543676394,0.0006244346362907794
orientation_1,-7,-1,-2,1700.0,9.862477222260712e-05,0.0006196905450546538
orientation_1,-7,-1,-2,1720.0,9.591795082313709e-05,0.0006147637339141897
orientation_1,-7,-1,-2,1740.0,9.326147621396709e-05,0.0006096630152166424
orientation_1,-7,-1,-2,1760.0,9.06562604503171e-05,0.0006043980889448297
orientation_1,-7,-1,-2,1780.0,8.810298867299965e-05,0.0005989779735830652
orientation_1,-7,-1,-2,1800.0,8.560133889259439e-05,0.0005934048485035934
orientation_1,-7,-1,-2,1820.0,8.315293458513281e-05,0.0005876965110497002
orientation_1,-7,-1,-2,1840.0,8.075770059667353e-05,0.0005818587357799853
orientation_1,-7,-1,-2,1860.0,7.841582224307227e-05,0.000575899970503533
orientation_1,-7,-1,-2,1880.0,7.612772192764463e-05,0.0005698314108438998
orientation_1,-7,-1,-2,1900.0,7.389324421372786e-05,0.0005636602260875532
orientation_1,-7,-1,-2,1920.0,7.171245507299018e-05,0.0005573960991478422
orientation_1,-7,-1,-2,1940.0,6.95868820987475e-05,0.0005510396506318744
orientation_1,-7,-1,-2,1960.0,6.75111853612546e-05,0.0005446221565218983
orientation_1,-7,-1,-2,1980.0,6.549140622658784e-05,0.0005381406204671309
orientation_1,-7,-1,-2,2000.0,6.352408630595203e-05,0.0005315982137141943
orientation_1,-7,-1,-2,2020.0,6.160939984525714e-05,0.0005250088829869048
orientation_1,-7,-1,-2,2040.0,5.9749556195352985e-05,0.0005183828587667062
orientation_1,-7,-1,-2,2060.0,5.7936490117391187e-05,0.0005117282044687031
orientation_1,-7,-1,-2,2080.0,5.617719116541027e-05,0.0005050538859847654
orientation_1,-7,-1,-2,2100.0,5.4467786112789405e-05,0.0004983600135587767
orientation_1,-7,-1,-2,2120.0,5.281046968430839e-05,0.0004916858695514346
orientation_1,-7,-1,-2,2140.0,5.1201553590152255e-05,0.00048500720199725706
orientation_1,-7,-1,-2,2160.0,4.964154880180696e-05,0.0004783457427237928
orientation_1,-7,-1,-2,2180.0,4.8129761384511604e-05,0.0004717104705722503
orientation_1,-7,-1,-2,2200.0,4.6665141958938956e-05,0.00046510637792871205
orientation_1,-7,-1,-2,2220.0,4.524721196946533e-05,0.0004585454561244309
orientation_1,-7,-1,-2,2240.0,4.3874535776309434e-05,0.0004520353435261567
orientation_1,-7,-1,-2,2260.0,4.254880228480915e-05,0.00044559477864524415
orientation_1,-7,-1,-2,2280.0,4.126378481959483e-05,0.0004391838032375817
orientation_1,-7,-1,-2,2300.0,4.002484829299257e-05,0.0004328848773247511
orientation_1,-7,-1,-2,2320.0,3.88272862349966e-05,0.0004266552523375466
orientation_1,-7,-1,-2,2340.0,3.7671166384220304e-05,0.00042051537255203923
orientation_1,-7,-1,-2,2360.0,3.655551444312039e-05,0.000414471875658646
orientation_1,-7,-1,-2,2380.0,3.5479146863980575e-05,0.00040853263803473423
orientation_1,-7,-1,-2,2400.0,3.444282431277879e-05,0.0004027044445282061
orientation_1,-7,-1,-2,2420.0,3.344181702402763e-05,0.00039698664042606726
orientation_1,-7,-1,-2,2440.0,3.2479281045400845e-05,0.0003914078614084423
orientation_1,-7,-1,-2,2460.0,3.155206891867396e-05,0.0003859526615063949
orientation_1,-7,-1,-2,2480.0,3.065967833086004e-05,0.00038063430174772254
orientation_1,-7,-1,-2,2500.0,2.98001695604899e-05,0.00037545651286251643
orientation_1,-4,2,-4,100.0,9.915238060684635e-05,0.00011081348649123571
orientation_1,-4,2,-4,120.0,0.00011620440043449843,0.00013279095056622988
orientation_1,-4,2,-4,140.0,0.00013235774725000893,0.00015465027160074
orientation_1,-4,2,-4,160.0,0.0001476299597556135,0.0001763721588169467
orientation_1,-4,2,-4,180.0,0.00016203907243650138,0.00019793750493854944
orientation_1,-4,2,-4,200.0,0.00017560357153168968,0.00021932741158922148
orientation_1,-4,2,-4,220.0,0.00018834235108295232,0.00024052321439803145
orientation_1,-4,2,-4,240.0,0.00020027467062455132,0.00026150650776390183
orientation_1,-4,2,-4,260.0,0.0002114201134517987,0.00028225916923882915
orientation_1,-4,2,-4,280.0,0.00022179854593407317,0.0003027633834924198
orientation_1,-4,2,-4,300.0,0.0002314300778409042,0.00032300166582175516
orientation_1,-4,2,-4,320.0,0.00024033502371504533,0.000342956885171627
orientation_1,-4,2,-4,340.0,0.00024853386532319136,0.00036261228663108123
orientation_1,-4,2,-4,360.0,0.0002560472152117368,0.0003819515133730995
orientation_1,-4,2,-4,380.0,0.0002628957813917611,0.000400958628005123
orientation_1,-4,2,-4,400.0,0.0002691003331742882,0.0004196181332990817
orientation_1,-4,2,-4,420.0,0.00027468166817381877,0.0004379149922705485
orientation_1,-4,2,-4,440.0,0.0002796605804951547,0.0004558346475776577
orientation_1,-4,2,-4,460.0,0.0002840578301156653,0.00047336304021149795
orientation_1,-4,2,-4,480.0,0.00028789411347235995,0.000490486627450776
orientation_1,-4,2,-4,500.0,0.00029119003526043903,0.0005071924000547075
orientation_1,-4,2,-4,520.0,0.0002939660814474079,0.0005234678986692649
orientation_1,-4,2,-4,540.0,0.0002962425935043589,0.0005393012294231369
orientation_1,-4,2,-4,560.0,0.0002980397438536064,0.0005546810786910158
orientation_1,-4,2,-4,580.0,0.0002993775125296007,0.0005695967270031107
orientation_1,-4,2,-4,600.0,0.000300275665047831,0.0005840380620811293
orientation_1,-4,2,-4,620.0,0.00030075373147436416,0.000597995590982293
orientation_1,-4,2,-4,640.0,0.00030083098668663336,0.0006114604513343507
orientation_1,-4,2,-4,660.0,0.00030052643181427294,0.0006244244216459969
orientation_1,-4,2,-4,680.0,0.00029985877684692106,0.0006368799306784481
orientation_1,-4,2,-4,700.0,0.0002988464243943105,0.0006488200658654598
orientation_1,-4,2,-4,720.0,0.0002975074545822937,0.0006602385807705021
orientation_1,-4,2,-4,740.0,0.0002958596110670911,0.0006711299015713288
orientation_1,-4,2,-4,760.0,0.00029392028814836626,0.000681489132563603
orientation_1,-4,2,-4,780.0,0.0002917065189609372,0.0006913120606768593
orientation_1,-4,2,-4,800.0,0.0002892349647231232,0.000700595158997521
orientation_1,-4,2,-4,820.0,0.00028652190501909637,0.0007093355892952556
orientation_1,-4,2,-4,840.0,0.00028358322909127054,0.0007175312035503132
orientation_1,-4,2,-4,860.0,0.0002804344281184212,0.0007251805444823702
orientation_1,-4,2,-4,880.0,0.0002770905884525787,0.0007322828450782695
orientation_1,-4,2,-4,900.0,0.0002735663857905383,0.0007388380271268465
orientation_1,-4,2,-4,920.0,0.00026987608025070707,0.0007448466987589954
orientation_1,-4,2,-4,940.0,0.00026603351232900495,0.0007503101510019985
orientation_1,-4,2,-4,960.0,0.00026205209970514294,0.0007552303533537764
orientation_1,-4,2,-4,980.0,0.0002579448348707646,0.0007596099483857639
orientation_1,-4,2,-4,1000.0,0.00025372428355046787,0.0007634522453843634
orientation_1,-4,2,-4,1020.0,0.00024940258388649945,0.0007667612130426167
orientation_1,-4,2,-4,1040.0,0.00024499144635731093,0.0007695414712139767
orientation_1,-4,2,-4,1060.0,0.00024050215439203236,0.0007717982817147769
orientation_1,-4,2,-4,1080.0,0.00023594556571274216,0.0007735375383965035
orientation_1,-4,2,-4,1100.0,0.00023133211418750068,0.0007747657558811672
orientation_1,-4,2,-4,1120.0,0.00022667181247955625,0.000775490058028358
orientation_1,-4,2,-4,1140.0,0.00022197425514155472,0.0007757181650816234
orientation_1,-4,2,-4,1160.0,0.00021724862232852185,0.0007754583801949052
orientation_1,-4,2,-4,1180.0,0.00021250368389865142,0.0007747195750889064
orientation_1,-4,2,-4,1200.0,0.00020774780438984481,0.00077351117356691
orientation_1,-4,2,-4,1220.0,0.00020298894837440706,0.0007718431423704767
orientation_1,-4,2,-4,1240.0,0.00019823468573175164,0.0007697259615691122
orientation_1,-4,2,-4,1260.0,0.00019349219668921426,0.0007671706194501178
orientation_1,-4,2,-4,1280.0,0.00018876828053687248,0.0007641885892151153
orientation_1,-4,2,-4,1300.0,0.0001840693608106885,0.0007607918109675632
orientation_1,-4,2,-4,1320.0,0.0001794014927237276,0.0007569926722660944
orientation_1,-4,2,-4,1340.0,0.0001747703707279148,0.0007528039888894099
orientation_1,-4,2,-4,1360.0,0.00017018133612174853,0.0007482389840452041
orientation_1,-4,2,-4,1380.0,0.00016563938018380602,0.0007433112670851206
orientation_1,-4,2,-4,1400.0,0.0001611491913406384,0.00073803481275755
orientation_1,-4,2,-4,1420.0,0.0001567150420494788,0.0007324239379790479
orientation_1,-4,2,-4,1440.0,0.00015234098764712654,0.0007264932830766649
orientation_1,-4,2,-4,1460.0,0.00014803071732644177,0.0007202577844061515
orientation_1,-4,2,-4,1480.0,0.00014378762546621505,0.0007137326523518398
orientation_1,-4,2,-4,1500.0,0.00013961481419073703,0.0007069333473846782
orientation_1,-4,2,-4,1520.0,0.00013551510471088987,0.000699875571808472
orientation_1,-4,2,-4,1540.0,0.00013149103756881703,0.0006925752114567851
orientation_1,-4,2,-4,1560.0,0.00012754490254012797,0.0006850484154110246
orientation_1,-4,2,-4,1580.0,0.00012367868235941344,0.0006773111955990309
orientation_1,-4,2,-4,1600.0,0.00011989267300695077,0.0006693759194988029
orientation_1,-4,2,-4,1620.0,0.00011619293783295289,0.0006612716300713147
orientation_1,-4,2,-4,1640.0,0.00011257623932137415,0.0006530022293196374
orientation_1,-4,2,-4,1660.0,0.00010904517645058477,0.0006445885435927298
orientation_1,-4,2,-4,1680.0,0.00010560062242949281,0.0006360472103016735
orientation_1,-4,2,-4,1700.0,0.00010224321348647254,0.000627394967066796
orientation_1,-4,2,-4,1720.0,9.897353761447639e-05,0.0006186481920590744
orientation_1,-4,2,-4,1740.0,9.57917816931019e-05,0.0006098237349660219
orientation_1,-4,2,-4,1760.0,9.26982903702695e-05,0.0006009394247151571
orientation_1,-4,2,-4,1780.0,8.969303345696884e-05,0.0005920119147026623
orientation_1,-4,2,-4,1800.0,8.677462992805906e-05,0.0005830485577090853
orientation_1,-4,2,-4,1820.0,8.394428268644686e-05,0.0005740773079507204
orientation_1,-4,2,-4,1840.0,8.120091529116063e-05,0.0005651098029408337
orientation_1,-4,2,-4,1860.0,7.854378607246813e-05,0.000556160940742664
orientation_1,-4,2,-4,1880.0,7.597249495523608e-05,0.0005472492661373801
orientation_1,-4,2,-4,1900.0,7.348582384953192e-05,0.0005383873083515912
orientation_1,-4,2,-4,1920.0,7.108287916878973e-05,0.000529590909347291
orientation_1,-4,2,-4,1940.0,6.87647256135327e-05,0.0005208634114071481
orientation_1,-4,2,-4,1960.0,6.652322432170913e-05,0.000512249075017086
orientation_1,-4,2,-4,1980.0,6.436548351923428e-05,0.0005037455558075217
orientation_1,-4,2,-4,2000.0,6.228592007593199e-05,0.000495358930525473
orientation_1,-4,2,-4,2020.0,6.028379235775553e-05,0.0004871096195942267
orientation_1,-4,2,-4,2040.0,5.8357800463505244e-05,0.0004790108368730671
orientation_1,-4,2,-4,2060.0,5.650622440271433e-05,0.00047107552139049404
orientation_1,-4,2,-4,2080.0,5.472747156717846e-05,0.0004633155307635528
orientation_1,-4,2,-4,2100.0,5.301879886054031e-05,0.0004557309639139389
orientation_1,-4,2,-4,2120.0,5.138227994890643e-05,0.0004483742851407569
orientation_1,-4,2,-4,2140.0,4.981209656688525e-05,0.000441212189484078
orientation_1,-4,2,-4,2160.0,4.8308093374125115e-05,0.00043427282228689426
orientation_1,-4,2,-4,2180.0,4.686851675853913e-05,0.00042756525905762326
orientation_1,-4,2,-4,2200.0,4.549117229455798e-05,0.0004210993873308892
orientation_1,-4,2,-4,2220.0,4.4174632968312e-05,0.0004148843880207913
orientation_1,-4,2,-4,2240.0,4.2916221952842844e-05,0.00040892977744075266
orientation_1,-4,2,-4,2260.0,4.171749658961342e-05,0.00040323032285742545
orientation_1,-4,2,-4,2280.0,4.05694062344223e-05,0.0003978291167595338
orientation_1,-4,2,-4,2300.0,3.947841893066572e-05,0.0003927002050563813
orientation_1,-4,2,-4,2320.0,3.8437641525340796e-05,0.0003878604554377483
orientation_1,-4,2,-4,2340.0,3.744652611538858e-05,0.0003833166247504955
orientation_1,-4,2,-4,2360.0,3.650316188792016e-05,0.0003790730171284003
orientation_1,-4,2,-4,2380.0,3.560539656169963e-05,0.0003751358317662638
orientation_1,-4,2,-4,2400.0,3.4753770149555224e-05,0.00037150912427136984
orientation_1,-4,2,-4,2420.0,3.394134703983464e-05,0.00036818679435899395
orientation_1,-4,2,-4,2440.0,3.317193709178623e-05,0.00036520165219989305
orientation_1,-4,2,-4,2460.0,3.24408555364621e-05,0.00036252719765182933
orientation_1,-4,2,-4,2480.0,3.1747010932315647e-05,0.00036017510085104064
orientation_1,-4,2,-4,2500.0,3.1089438277426734e-05,0.00035814813053432134
orientation_1,-4,3,-5,100.0,4.614831662818929e-05,5.165973569904181e-05
orientation_1,-4,3,-5,120.0,5.41143600463117e-05,6.19595054140073e-05
orientation_1,-4,3,-5,140.0,6.168006506052646e-05,7.223358945900958e-05
orientation_1,-4,3,-5,160.0,6.885629103980488e-05,8.247774723940614e-05
orientation_1,-4,3,-5,180.0,7.565377567576653e-05,9.2687756782678e-05
orientation_1,-4,3,-5,200.0,8.20831309046126e-05,0.00010285941734567095
orientation_1,-4,3,-5,220.0,8.815483908251775e-05,0.00011298855201503879
orientation_1,-4,3,-5,240.0,9.387924940495112e-05,0.00012307101029409887
orientation_1,-4,3,-5,260.0,9.926657456353211e-05,0.0001331026706726259
orientation_1,-4,3,-5,280.0,0.00010432688763494339,0.00014307944317716486
orientation_1,-4,3,-5,300.0,0.0001090701191967107,0.0001529972718998297
orientation_1,-4,3,-5,320.0,0.00011350605466472198,0.00016285213750372282
orientation_1,-4,3,-5,340.0,0.00011764433184736002,0.00017264005970318738
orientation_1,-4,3,-5,360.0,0.00012149443809065887,0.0001823570997171544
orientation_1,-4,3,-5,380.0,0.00012506571067681367,0.00019199936269387964
orientation_1,-4,3,-5,400.0,0.0001283673314389086,0.00020156300010539506
orientation_1,-4,3,-5,420.0,0.0001314083274478811,0.0002110442121100224
orientation_1,-4,3,-5,440.0,0.0001341975690054196,0.00022043924988132487
orientation_1,-4,3,-5,460.0,0.0001367437683884243,0.0002297444179018985
orientation_1,-4,3,-5,480.0,0.00013905547877341096,0.0002389560762204267
orientation_1,-4,3,-5,500.0,0.00014114109333556238,0.0002480706426704558
orientation_1,-4,3,-5,520.0,0.00014300884451713377,0.0002570845950493693
orientation_1,-4,3,-5,540.0,0.00014466680345993078,0.0002659944732560751
orientation_1,-4,3,-5,560.0,0.00014612287959659626,0.0002747968813859438
orientation_1,-4,3,-5,580.0,0.00014738482039545857,0.00028348848978157037
orientation_1,-4,3,-5,600.0,0.00014846021125372865,0.0002920660370379669
orientation_1,-4,3,-5,620.0,0.00014935647553386563,0.00030052633196081785
orientation_1,-4,3,-5,640.0,0.00015008087473795058,0.00030886625547646586
orientation_1,-4,3,-5,660.0,0.0001506405088149903,0.00031708276249235154
orientation_1,-4,3,-5,680.0,0.00015104231659605885,0.00032517288370662007
orientation_1,-4,3,-5,700.0,0.00015129307635231002,0.0003331337273657028
orientation_1,-4,3,-5,720.0,0.0001513994064708654,0.0003409624809686646
orientation_1,-4,3,-5,740.0,0.00015136776624373994,0.0003486564129171949
orientation_1,-4,3,-5,760.0,0.0001512044567648846,0.00035621287411010977
orientation_1,-4,3,-5,780.0,0.0001509156219306874,0.0003636292994813262
orientation_1,-4,3,-5,800.0,0.00015050724953914944,0.0003709032094802604
orientation_1,-4,3,-5,820.0,0.00014998517248313633,0.0003780322114936813
orientation_1,-4,3,-5,840.0,0.00014935507003312282,0.0003850140012079912
orientation_1,-4,3,-5,860.0,0.00014862246920514837,0.0003918463639115726
orientation_1,-4,3,-5,880.0,0.00014779274620897474,0.00039852717573476547
orientation_1,-4,3,-5,900.0,0.00014687112797313146,0.00040505440482927846
orientation_1,-4,3,-5,920.0,0.0001458626937415949,0.00041142611248364523
orientation_1,-4,3,-5,940.0,0.0001447723767385711,0.00041764045417562456
orientation_1,-4,3,-5,960.0,0.000143604965906549,0.0004236956805602666
orientation_1,-4,3,-5,980.0,0.00014236510764736073,0.0004295901383931334
orientation_1,-4,3,-5,1000.0,0.0001410573077613233,0.0004353222713880857
orientation_1,-4,3,-5,1020.0,0.00013968593324905745,0.0004408906210092174
orientation_1,-4,3,-5,1040.0,0.00013825521430374906,0.0004462938271959889
orientation_1,-4,3,-5,1060.0,0.00013676924628750682,0.00045153062900864043
orientation_1,-4,3,-5,1080.0,0.00013523199178244058,0.0004565998652862614
orientation_1,-4,3,-5,1100.0,0.00013364728261906384,0.00046150047503577796
orientation_1,-4,3,-5,1120.0,0.00013201882202035407,0.0004662314980236026
orientation_1,-4,3,-5,1140.0,0.00013035018671510683,0.0004707920750928034
orientation_1,-4,3,-5,1160.0,0.00012864482910510393,0.0004751814484981107
orientation_1,-4,3,-5,1180.0,0.00012690607939679194,0.0004793989619441744
orientation_1,-4,3,-5,1200.0,0.0001251371479244914,0.00048344406118809303
orientation_1,-4,3,-5,1220.0,0.000123341127456003,0.0004873162944866563
orientation_1,-4,3,-5,1240.0,0.00012152099528375725,0.0004910153120768406
orientation_1,-4,3,-5,1260.0,0.00011967961498541664,0.0004945408640679445
orientation_1,-4,3,-5,1280.0,0.00011781973978744485,0.0004978928047847536
orientation_1,-4,3,-5,1300.0,0.00011594401406223517,0.0005010710894714397
orientation_1,-4,3,-5,1320.0,0.00011405497586490588,0.0005040757751014196
orientation_1,-4,3,-5,1340.0,0.00011215505908032867,0.0005069070194691942
orientation_1,-4,3,-5,1360.0,0.00011024659587535478,0.0005095650815513992
orientation_1,-4,3,-5,1380.0,0.00010833181669007305,0.0005120503101236805
orientation_1,-4,3,-5,1400.0,0.00010641287038494628,0.0005143631954507116
orientation_1,-4,3,-5,1420.0,0.00010449176995838793,0.0005165042645305751
orientation_1,-4,3,-5,1440.0,0.00010257048639306875,0.0005184741856992329
orientation_1,-4,3,-5,1460.0,0.00010065087005686457,0.0005202737140024185
orientation_1,-4,3,-5,1480.0,9.873469002674197e-05,0.0005219037012318911
orientation_1,-4,3,-5,1500.0,9.682363080741277e-05,0.0005233650915981815
orientation_1,-4,3,-5,1520.0,9.491928851332783e-05,0.0005246589445008456
orientation_1,-4,3,-5,1540.0,9.30231846854027e-05,0.0005257863837581419
orientation_1,-4,3,-5,1560.0,9.113676279387374e-05,0.0005267486810993921
orientation_1,-4,3,-5,1580.0,8.926136719607635e-05,0.0005275470597612218
orientation_1,-4,3,-5,1600.0,8.739428185207251e-05,0.0005281787048741658
orientation_1,-4,3,-5,1620.0,8.554877497343807e-05,0.0005286580870718768
orientation_1,-4,3,-5,1640.0,8.371392965184787e-05,0.0005289738037803705
orientation_1,-4,3,-5,1660.0,8.189484057835097e-05,0.0005291318714374108
orientation_1,-4,3,-5,1680.0,8.009251548381932e-05,0.0005291340576212056
orientation_1,-4,3,-5,1700.0,7.83079033435022e-05,0.0005289822542855045
orientation_1,-4,3,-5,1720.0,7.654186912895294e-05,0.0005286782888027037
orientation_1,-4,3,-5,1740.0,7.479524929240076e-05,0.0005282242907689172
orientation_1,-4,3,-5,1760.0,7.3068886781218e-05,0.0005276229598967562
orientation_1,-4,3,-5,1780.0,7.13634990715661e-05,0.0005268766105350519
orientation_1,-4,3,-5,1800.0,6.967917999134561e-05,0.000525983255998166
orientation_1,-4,3,-5,1820.0,6.801725751463509e-05,0.0005249507483458324
orientation_1,-4,3,-5,1840.0,6.637800520881974e-05,0.0005237794319687872
orientation_1,-4,3,-5,1860.0,6.476187329053435e-05,0.0005224713922344727
orientation_1,-4,3,-5,1880.0,6.316945485257998e-05,0.0005210303557706329
orientation_1,-4,3,-5,1900.0,6.160101100884411e-05,0.000519457753590233
orientation_1,-4,3,-5,1920.0,6.005693442318659e-05,0.000517756522437091
orientation_1,-4,3,-5,1940.0,5.85385394744766e-05,0.0005159384049940455
orientation_1,-4,3,-5,1960.0,5.7042854396665004e-05,0.0005139767632572296
orientation_1,-4,3,-5,1980.0,5.557403436715997e-05,0.0005119100916355815
orientation_1,-4,3,-5,2000.0,5.413028259530308e-05,0.000509723031140316
orientation_1,-4,3,-5,2020.0,5.271209555795122e-05,0.0005074216169794572
orientation_1,-4,3,-5,2040.0,5.132108108816704e-05,0.0005050093621537378
orientation_1,-4,3,-5,2060.0,4.995300343458074e-05,0.0005024888672207123
orientation_1,-4,3,-5,2080.0,4.8612199337863566e-05,0.0004998630998973896
orientation_1,-4,3,-5,2100.0,4.729677706047003e-05,0.0004971298000946871
orientation_1,-4,3,-5,2120.0,4.600847581616133e-05,0.0004943109959487211
orientation_1,-4,3,-5,2140.0,4.47453790853507e-05,0.0004913893440956074
orientation_1,-4,3,-5,2160.0,4.350818535380405e-05,0.0004883762519929031
orientation_1,-4,3,-5,2180.0,4.22968390757627e-05,0.0004852752777161347
orientation_1,-4,3,-5,2200.0,4.111105350650864e-05,0.00048208751110153986
orientation_1,-4,3,-5,2220.0,3.9950905500716775e-05,0.00047881865032260766
orientation_1,-4,3,-5,2240.0,3.881586579689609e-05,0.00047547169578467
orientation_1,-4,3,-5,2260.0,3.7707342414727645e-05,0.00047205671846110256
orientation_1,-4,3,-5,2280.0,3.662180183321139e-05,0.00046854712016659747
orientation_1,-4,3,-5,2300.0,3.556297813851655e-05,0.00046499342776706577
orientation_1,-4,3,-5,2320.0,3.452823946244263e-05,0.0004613672024427203
orientation_1,-4,3,-5,2340.0,3.351798091950798e-05,0.00045768019261605014
orientation_1,-4,3,-5,2360.0,3.253193424757817e-05,0.00045393563958524824
orientation_1,-4,3,-5,2380.0,3.156968444226463e-05,0.0004501374292738882
orientation_1,-4,3,-5,2400.0,3.06320009401858e-05,0.00044629651827791483
orientation_1,-4,3,-5,2420.0,2.9716285806054162e-05,0.0004423894990129304
orientation_1,-4,3,-5,2440.0,2.8824782771167343e-05,0.00043845613077251087
orientation_1,-4,3,-5,2460.0,2.7955831098976094e-05,0.0004344789132134651
orientation_1,-4,3,-5,2480.0,2.7109401456832757e-05,0.00043046589920460075
orientation_1,-4,3,-5,2500.0,2.62810761520868e-05,0.0004264260644696396
orientation_1,-4,4,-6,100.0,1.9538020845336238e-05,2.1851449259290906e-05
orientation_1,-4,4,-6,120.0,2.292488356503252e-05,2.6219644803804915e-05
orientation_1,-4,4,-6,140.0,2.6148332752333314e-05,3.058324385501029e-05
orientation_1,-4,4,-6,160.0,2.9213396183732467e-05,3.4941483359874536e-05
orientation_1,-4,4,-6,180.0,3.2124987237550816e-05,3.92936016831241e-05
orientation_1,-4,4,-6,200.0,3.4887906626994155e-05,4.363883880172356e-05
orientation_1,-4,4,-6,220.0,3.750684413334316e-05,4.7976436502206656e-05
orientation_1,-4,4,-6,240.0,3.9986380101453364e-05,5.2305638578690335e-05
orientation_1,-4,4,-6,260.0,4.2330988070724424e-05,5.662569103080144e-05
orientation_1,-4,4,-6,280.0,4.45450351888913e-05,6.0935842261184075e-05
orientation_1,-4,4,-6,300.0,4.663278476510779e-05,6.523534327241528e-05
orientation_1,-4,4,-6,320.0,4.859839777538794e-05,6.952344786321779e-05
orientation_1,-4,4,-6,340.0,5.04459345621156e-05,7.379941282388822e-05
orientation_1,-4,4,-6,360.0,5.2179356525064154e-05,7.806249813086888e-05
orientation_1,-4,4,-6,380.0,5.380252780327395e-05,8.231196714040161e-05
orientation_1,-4,4,-6,400.0,5.5319216947165626e-05,8.654708678119983e-05
orientation_1,-4,4,-6,420.0,5.673309858029919e-05,9.076712774608439e-05
orientation_1,-4,4,-6,440.0,5.80477550502146e-05,9.497136468252271e-05
orientation_1,-4,4,-6,460.0,5.926667806782061e-05,9.915907638201533e-05
orientation_1,-4,4,-6,480.0,6.039327033482249e-05,0.00010332954596827749
orientation_1,-4,4,-6,500.0,6.143084715870678e-05,0.00010748206108415512
orientation_1,-4,4,-6,520.0,6.238263805482637e-05,0.00011161591407722593
orientation_1,-4,4,-6,540.0,6.325178833515216e-05,0.00011573040218402739
orientation_1,-4,4,-6,560.0,6.40413606832841e-05,0.00011982482771286126
orientation_1,-4,4,-6,580.0,6.475433671533603e-05,0.0001238984982251184
orientation_1,-4,4,-6,600.0,6.539361852632898e-05,0.00012795072671507366
orientation_1,-4,4,-6,620.0,6.5962030221759e-05,0.00013198083178809946
orientation_1,-4,4,-6,640.0,6.646231943401003e-05,0.00013598813783723823
orientation_1,-4,4,-6,660.0,6.689715882332169e-05,0.00013997197521809917
orientation_1,-4,4,-6,680.0,6.726914756303527e-05,0.00014393168042200504
orientation_1,-4,4,-6,700.0,6.758081280884567e-05,0.00014786659624736758
orientation_1,-4,4,-6,720.0,6.783461115183872e-05,0.00015177607196920661
orientation_1,-4,4,-6,740.0,6.803293005508041e-05,0.00015565946350681664
orientation_1,-4,4,-6,760.0,6.817808927355105e-05,0.00015951613358944884
orientation_1,-4,4,-6,780.0,6.827234225725979e-05,0.00016334545192005952
orientation_1,-4,4,-6,800.0,6.831787753734768e-05,0.00016714679533700848
orientation_1,-4,4,-6,820.0,6.831682009503911e-05,0.00017091954797367952
orientation_1,-4,4,-6,840.0,6.827123271329035e-05,0.00017466310141595073
orientation_1,-4,4,-6,860.0,6.818311731110023e-05,0.00017837685485768803
orientation_1,-4,4,-6,880.0,6.805441626012336e-05,0.0001820602152535592
orientation_1,-4,4,-6,900.0,6.788701368391222e-05,0.0001857125974702065
orientation_1,-4,4,-6,920.0,6.768273673929664e-05,0.00018933342443466813
orientation_1,-4,4,-6,940.0,6.744335688007735e-05,0.00019292212728062177
orientation_1,-4,4,-6,960.0,6.717059110686178e-05,0.00019647814550397864
orientation_1,-4,4,-6,980.0,6.686610317537141e-05,0.00020000092704562555
orientation_1,-4,4,-6,1000.0,6.653150484607524e-05,0.00020348992854769257
orientation_1,-4,4,-6,1020.0,6.616835703703467e-05,0.00020694461537272378
orientation_1,-4,4,-6,1040.0,6.577817101800619e-05,0.0002103644617961383
orientation_1,-4,4,-6,1060.0,6.536240956138874e-05,0.0002137489511203798
orientation_1,-4,4,-6,1080.0,6.492248808924002e-05,0.00021709757583144793
orientation_1,-4,4,-6,1100.0,6.445977577728928e-05,0.00022040983766893652
orientation_1,-4,4,-6,1120.0,6.397559667495112e-05,0.00022368524780598807
orientation_1,-4,4,-6,1140.0,6.347123078183454e-05,0.0002269233269406688
orientation_1,-4,4,-6,1160.0,6.294791511729834e-05,0.0002301236054204526
orientation_1,-4,4,-6,1180.0,6.240684474702099e-05,0.00023328562326812232
orientation_1,-4,4,-6,1200.0,6.184917386295638e-05,0.00023640893046953434
orientation_1,-4,4,-6,1220.0,6.127601683106795e-05,0.00023949308722455816
orientation_1,-4,4,-6,1240.0,6.068844912693676e-05,0.00024253766382691146
orientation_1,-4,4,-6,1260.0,6.0087508099206815e-05,0.0002455422398608888
orientation_1,-4,4,-6,1280.0,5.947419440164718e-05,0.00024850640620212495
orientation_1,-4,4,-6,1300.0,5.8849472624266755e-05,0.00025142976385650963
orientation_1,-4,4,-6,1320.0,5.821427224047793e-05,0.00025431192410436704
orientation_1,-4,4,-6,1340.0,5.7569488642529845e-05,0.00025715250913186993
orientation_1,-4,4,-6,1360.0,5.6915983911409635e-05,0.0002599511515706579
orientation_1,-4,4,-6,1380.0,5.625458685552604e-05,0.0002627074905340511
orientation_1,-4,4,-6,1400.0,5.5586101312303794e-05,0.00026542120765321895
orientation_1,-4,4,-6,1420.0,5.4911283274463046e-05,0.00026809191195006844
orientation_1,-4,4,-6,1440.0,5.423088017059554e-05,0.0002707193272946932
orientation_1,-4,4,-6,1460.0,5.3545597708552794e-05,0.0002733031265529752
orientation_1,-4,4,-6,1480.0,5.2856116250228936e-05,0.00027584300784371397
orientation_1,-4,4,-6,1500.0,5.216308960727906e-05,0.00027833868539885604
orientation_1,-4,4,-6,1520.0,5.1467141609415716e-05,0.00028078986662803847
orientation_1,-4,4,-6,1540.0,5.0768875046621445e-05,0.0002831962971132126
orientation_1,-4,4,-6,1560.0,5.0068866682627076e-05,0.0002855577302067285
orientation_1,-4,4,-6,1580.0,4.936765996220392e-05,0.0002878738784409851
orientation_1,-4,4,-6,1600.0,4.866408515579652e-05,0.0002901427193012351
orientation_1,-4,4,-6,1620.0,4.796375520353534e-05,0.00029236951066737585
orientation_1,-4,4,-6,1640.0,4.726204000825788e-05,0.0002945485481440058
orientation_1,-4,4,-6,1660.0,4.65611029216797e-05,0.00029668146314861145
orientation_1,-4,4,-6,1680.0,4.586138308762706e-05,0.0002987680722101864
orientation_1,-4,4,-6,1700.0,4.516330021984344e-05,0.00030080821094460104
orientation_1,-4,4,-6,1720.0,4.446724634917573e-05,0.00030280167248879697
orientation_1,-4,4,-6,1740.0,4.377360704155244e-05,0.0003047483496561997
orientation_1,-4,4,-6,1760.0,4.308277685759919e-05,0.00030664835498234996
orientation_1,-4,4,-6,1780.0,4.239510440797772e-05,0.0003085016256303031
orientation_1,-4,4,-6,1800.0,4.171149344211819e-05,0.0003103062387898863
orientation_1,-4,4,-6,1820.0,4.1030114032561116e-05,0.0003120644337353671
orientation_1,-4,4,-6,1840.0,4.0353589870548705e-05,0.0003137752446636907
orientation_1,-4,4,-6,1860.0,3.968136211983781e-05,0.00031543843748471325
orientation_1,-4,4,-6,1880.0,3.901374733986462e-05,0.00031705440740102155
orientation_1,-4,4,-6,1900.0,3.835093451702769e-05,0.0003186226306256576
orientation_1,-4,4,-6,1920.0,3.7693167889867454e-05,0.00032014316686311756
orientation_1,-4,4,-6,1940.0,3.704108482858852e-05,0.00032161977790923186
orientation_1,-4,4,-6,1960.0,3.6393514814087006e-05,0.00032303998768270093
orientation_1,-4,4,-6,1980.0,3.575230885301945e-05,0.0003244188891240946
orientation_1,-4,4,-6,2000.0,3.511679638449668e-05,0.00032574871395320667
orientation_1,-4,4,-6,2020.0,3.448728761583479e-05,0.0003270308072901181
orientation_1,-4,4,-6,2040.0,3.3864500313657236e-05,0.00032826532618271815
orientation_1,-4,4,-6,2060.0,3.324691606886102e-05,0.00032945217633846194
orientation_1,-4,4,-6,2080.0,3.263630784120094e-05,0.0003305913188122597
orientation_1,-4,4,-6,2100.0,3.2032037260458303e-05,0.0003316805160775811
orientation_1,-4,4,-6,2120.0,3.143494670752322e-05,0.00033272777499813836
orientation_1,-4,4,-6,2140.0,3.0844338501324096e-05,0.00033372448279469786
orientation_1,-4,4,-6,2160.0,3.0260620167897672e-05,0.00033467416120464363
orientation_1,-4,4,-6,2180.0,2.9683882585326e-05,0.0003355770161845629
orientation_1,-4,4,-6,2200.0,2.9114118004751667e-05,0.0003364321739875349
orientation_1,-4,4,-6,2220.0,2.8551477050638713e-05,0.00033724075870487994
orientation_1,-4,4,-6,2240.0,2.7995853334834586e-05,0.00033800083445116336
orientation_1,-4,4,-6,2260.0,2.744795803083349e-05,0.00033872099416925916
orientation_1,-4,4,-6,2280.0,2.690641337238376e-05,0.00033938298387305594
orientation_1,-4,4,-6,2300.0,2.6372931204011725e-05,0.000340008898469224
orientation_1,-4,4,-6,2320.0,2.5846503110858234e-05,0.0003405852424454267
orientation_1,-4,4,-6,2340.0,2.5327419306678154e-05,0.00034111571277761895
orientation_1,-4,4,-6,2360.0,2.4815691530728482e-05,0.0003416004387547534
orientation_1,-4,4,-6,2380.0,2.431125918304864e-05,0.00034203857986347247
orientation_1,-4,4,-6,2400.0,2.3814560602585972e-05,0.00034243684539100264
orientation_1,-4,4,-6,2420.0,2.3324630092095306e-05,0.0003427808053941355
orientation_1,-4,4,-6,2440.0,2.2842525672999425e-05,0.0003430869949844056
orientation_1,-4,4,-6,2460.0,2.2367664098810145e-05,0.00034334678748240986
orientation_1,-4,4,-6,2480.0,2.1900150412637888e-05,0.00034356234161695033
orientation_1,-4,4,-6,2500.0,2.1438280263858105e-05,0.00034374346245816327
orientation_1,-4,5,-7,100.0,1.7204638109957204e-05,1.926272074846733e-05
orientation_1,-4,5,-7,120.0,2.0183397151176268e-05,2.3114299499611617e-05
orientation_1,-4,5,-7,140.0,2.3017396124888608e-05,2.6962306279467995e-05
orientation_1,-4,5,-7,160.0,2.5711192366270118e-05,3.08061478294063e-05
orientation_1,-4,5,-7,180.0,2.8269232263776483e-05,3.4645231863941165e-05
orientation_1,-4,5,-7,200.0,3.069585437621426e-05,3.847896720297684e-05
orientation_1,-4,5,-7,220.0,3.299529138101468e-05,4.23067639066956e-05
orientation_1,-4,5,-7,240.0,3.517167200429847e-05,4.612803341119492e-05
orientation_1,-4,5,-7,260.0,3.722902293184324e-05,4.9942188664209815e-05
orientation_1,-4,5,-7,280.0,3.917127070046031e-05,5.374864426064435e-05
orientation_1,-4,5,-7,300.0,4.100224356944564e-05,5.754681657777583e-05
orientation_1,-4,5,-7,320.0,4.272567337183875e-05,6.133612391005001e-05
orientation_1,-4,5,-7,340.0,4.434519734526501e-05,6.511598660341012e-05
orientation_1,-4,5,-7,360.0,4.586435994216621e-05,6.888582718911392e-05
orientation_1,-4,5,-7,380.0,4.72866146192434e-05,7.264507051699755e-05
orientation_1,-4,5,-7,400.0,4.861532560595852e-05,7.639314388814887e-05
orientation_1,-4,5,-7,420.0,4.98537696519547e-05,8.012947718695272e-05
orientation_1,-4,5,-7,440.0,5.1005137753275614e-05,8.385350301247619e-05
orientation_1,-4,5,-7,460.0,5.2072536857275925e-05,8.756465680915553e-05
orientation_1,-4,5,-7,480.0,5.305899154613245e-05,9.126237699675259e-05
orientation_1,-4,5,-7,500.0,5.3967445698878087e-05,9.49461050995486e-05
orientation_1,-4,5,-7,520.0,5.480076413189552e-05,9.8615285874738e-05
orientation_1,-4,5,-7,540.0,5.556173421782059e-05,0.00010226936743999342
orientation_1,-4,5,-7,560.0,5.625306748281815e-05,0.00010590780140016703
orientation_1,-4,5,-7,580.0,5.687740118220523e-05,0.00010953004297309419
orientation_1,-4,5,-7,600.0,5.7437299854408446e-05,0.00011313555111447064
orientation_1,-4,5,-7,620.0,5.793525685325843e-05,0.0001167237886417707
orientation_1,-4,5,-7,640.0,5.837369585862262e-05,0.00012029422235716821
orientation_1,-4,5,-7,660.0,5.8754972365406794e-05,0.00012384632316944131
orientation_1,-4,5,-7,680.0,5.908137515095488e-05,0.0001273795662148142
orientation_1,-4,5,-7,700.0,5.935512772087965e-05,0.00013089343097672182
orientation_1,-4,5,-7,720.0,5.957838973338925e-05,0.00013438740140445378
orientation_1,-4,5,-7,740.0,5.975325840216111e-05,0.00013786096603065495
orientation_1,-4,5,-7,760.0,5.9881769877828885e-05,0.00014131361808763734
orientation_1,-4,5,-7,780.0,5.996590060817706e-05,0.00014474485562250545
orientation_1,-4,5,-7,800.0,6.000756867711322e-05,0.00014815418161103597
orientation_1,-4,5,-7,820.0,6.0008635122517626e-05,0.00015154110407029065
orientation_1,-4,5,-7,840.0,5.997090523306418e-05,0.00015490513616991166
orientation_1,-4,5,-7,860.0,5.9896129824194266e-05,0.000158245796342261
orientation_1,-4,5,-7,880.0,5.978600569183464e-05,0.0001615626083908004
orientation_1,-4,5,-7,900.0,5.964218003402836e-05,0.00016485510159763625
orientation_1,-4,5,-7,920.0,5.946624691182097e-05,0.0001681228108292601
orientation_1,-4,5,-7,940.0,5.9259751592739166e-05,0.00017136527664100425
orientation_1,-4,5,-7,960.0,5.9024190944758644e-05,0.0001745820453903682
orientation_1,-4,5,-7,980.0,5.8761014572056075e-05,0.00017777266928686525
orientation_1,-4,5,-7,1000.0,5.847162598290698e-05,0.0001809367065952869
orientation_1,-4,5,-7,1020.0,5.8157383668311516e-05,0.00018407372163091682
orientation_1,-4,5,-7,1040.0,5.781960221304064e-05,0.00018718328490797723
orientation_1,-4,5,-7,1060.0,5.745955336495221e-05,0.00019026497321982246
orientation_1,-4,5,-7,1080.0,5.707846709726114e-05,0.00019331836975714455
orientation_1,-4,5,-7,1100.0,5.667753262951929e-05,0.00019634306415074177
orientation_1,-4,5,-7,1120.0,5.625789945939263e-05,0.0001993386526117624
orientation_1,-4,5,-7,1140.0,5.5820678352993106e-05,0.00020230473799469698
orientation_1,-4,5,-7,1160.0,5.536694232607992e-05,0.0002052409298902453
orientation_1,-4,5,-7,1180.0,5.4897727584525065e-05,0.00020814684463207937
orientation_1,-4,5,-7,1200.0,5.44140345090512e-05,0.00021102210553496645
orientation_1,-4,5,-7,1220.0,5.391682860901876e-05,0.0002138663431013878
orientation_1,-4,5,-7,1240.0,5.3407041375100996e-05,0.00021667919490267427
orientation_1,-4,5,-7,1260.0,5.2885570977111626e-05,0.00021946030485587518
orientation_1,-4,5,-7,1280.0,5.235328354992361e-05,0.0002222093249770092
orientation_1,-4,5,-7,1300.0,5.18110137704868e-05,0.00022492591434505792
orientation_1,-4,5,-7,1320.0,5.125954214084918e-05,0.00022760973921904718
orientation_1,-4,5,-7,1340.0,5.069969003374058e-05,0.0002302604735835609
orientation_1,-4,5,-7,1360.0,5.0132179473439196e-05,0.00023287779873492178
orientation_1,-4,5,-7,1380.0,4.955775099079324e-05,0.00023546139978160147
orientation_1,-4,5,-7,1400.0,4.897705151188458e-05,0.00023801099737909352
orientation_1,-4,5,-7,1420.0,4.8390758064039875e-05,0.00024052624630508434
orientation_1,-4,5,-7,1440.0,4.779951664481653e-05,0.0002430069005986531
orientation_1,-4,5,-7,1460.0,4.720393691518467e-05,0.00024545266743810333
orientation_1,-4,5,-7,1480.0,4.660460663231444e-05,0.00024786327432085647
orientation_1,-4,5,-7,1500.0,4.600209059230612e-05,0.00025023846100076806
orientation_1,-4,5,-7,1520.0,4.5396927617447404e-05,0.00025257795931667404
orientation_1,-4,5,-7,1540.0,4.478963842315752e-05,0.00025488153275516495
orientation_1,-4,5,-7,1560.0,4.4180721239111796e-05,0.00025714894973378533
orientation_1,-4,5,-7,1580.0,4.357064538433189e-05,0.0002593799407917342
orientation_1,-4,5,-7,1600.0,4.2958370141946564e-05,0.00026157270504199696
orientation_1,-4,5,-7,1620.0,4.234883541472405e-05,0.00026373185719569004
orientation_1,-4,5,-7,1640.0,4.1737950458491646e-05,0.00026585234704362844
orientation_1,-4,5,-7,1660.0,4.112761463442987e-05,0.00026793558877757375
orientation_1,-4,5,-7,1680.0,4.051820754645828e-05,0.0002699813948649409
orientation_1,-4,5,-7,1700.0,3.9910092099621626e-05,0.0002719895926461879
orientation_1,-4,5,-7,1720.0,3.9303607256587307e-05,0.0002739599702729804
orientation_1,-4,5,-7,1740.0,3.869908666443927e-05,0.00027589240155893196
orientation_1,-4,5,-7,1760.0,3.809687232517871e-05,0.00027778695215603747
orientation_1,-4,5,-7,1780.0,3.749726624649454e-05,0.0002796435319170071
orientation_1,-4,5,-7,1800.0,3.690106147148453e-05,0.0002814604076461417
orientation_1,-4,5,-7,1820.0,3.630663596956401e-05,0.0002832395148373744
orientation_1,-4,5,-7,1840.0,3.5716302786925966e-05,0.00028497996095099633
orientation_1,-4,5,-7,1860.0,3.5129564132999655e-05,0.00028668149767766053
orientation_1,-4,5,-7,1880.0,3.454669530092835e-05,0.000288344425959227
orientation_1,-4,5,-7,1900.0,3.396786015243174e-05,0.0002899682402723987
orientation_1,-4,5,-7,1920.0,3.339327117382109e-05,0.000291552943992806
orientation_1,-4,5,-7,1940.0,3.282348782929734e-05,0.0002931018027582363
orientation_1,-4,5,-7,1960.0,3.2257476230867986e-05,0.0002946037663347749
orientation_1,-4,5,-7,1980.0,3.169686664470604e-05,0.0002960720883059976
orientation_1,-4,5,-7,2000.0,3.114106629126033e-05,0.0002974998622667352
orientation_1,-4,5,-7,2020.0,3.0590347793743285e-05,0.00029888821970253245
orientation_1,-4,5,-7,2040.0,3.004533853811266e-05,0.00030023723445136974
orientation_1,-4,5,-7,2060.0,2.9504712459453515e-05,0.0003015467684269495
orientation_1,-4,5,-7,2080.0,2.897001966777669e-05,0.0003028167232340224
orientation_1,-4,5,-7,2100.0,2.8440701693436786e-05,0.00030404506269145795
orientation_1,-4,5,-7,2120.0,2.791750131296496e-05,0.0003052387780015251
orientation_1,-4,5,-7,2140.0,2.7399804232112404e-05,0.0003063902109456087
orientation_1,-4,5,-7,2160.0,2.6887970521710613e-05,0.00030750239682225694
orientation_1,-4,5,-7,2180.0,2.638208140764373e-05,0.000308575447471108
orientation_1,-4,5,-7,2200.0,2.5882131185438625e-05,0.0003096085188355904
orientation_1,-4,5,-7,2220.0,2.5388254307134326e-05,0.00031060252988431827
orientation_1,-4,5,-7,2240.0,2.4900358732436645e-05,0.00031155570021520264
orientation_1,-4,5,-7,2260.0,2.4419072988274947e-05,0.0003124755243040826
orientation_1,-4,5,-7,2280.0,2.3943184666828552e-05,0.0003133458329062941
orientation_1,-4,5,-7,2300.0,2.3474205874847602e-05,0.00031418603495961733
orientation_1,-4,5,-7,2320.0,2.3011249576158775e-05,0.00031498414118454456
orientation_1,-4,5,-7,2340.0,2.255457312416742e-05,0.0003157433298165827
orientation_1,-4,5,-7,2360.0,2.210419121377105e-05,0.0003164636357159067
orientation_1,-4,5,-7,2380.0,2.166005350338954e-05,0.00031714423388337203
orientation_1,-4,5,-7,2400.0,2.1222546482217366e-05,0.00031779094040019096
orientation_1,-4,5,-7,2420.0,2.0790825519063843e-05,0.00031839096792180905
orientation_1,-4,5,-7,2440.0,2.0365825949693702e-05,0.000318958789781535
orientation_1,-4,5,-7,2460.0,1.9947033935853043e-05,0.0003194867181094903
orientation_1,-4,5,-7,2480.0,1.9534547941967617e-05,0.00031997656269840667
orientation_1,-4,5,-7,2500.0,1.9126875007115378e-05,0.00032043685266208927
orientation_1,-4,6,-8,100.0,7.817572197338436e-06,8.743776595466605e-06
orientation_1,-4,6,-8,120.0,9.1743771082524e-06,1.049371764246959e-05
orientation_1,-4,6,-8,140.0,1.0466625960647661e-05,1.2242922661464088e-05
orientation_1,-4,6,-8,160.0,1.1696424574163036e-05,1.3991269166626417e-05
orientation_1,-4,6,-8,180.0,1.2865821574142171e-05,1.5738634766238508e-05
orientation_1,-4,6,-8,200.0,1.3976809743384562e-05,1.7484897173348777e-05
orientation_1,-4,6,-8,220.0,1.5031327347242526e-05,1.9229934217749386e-05
orientation_1,-4,6,-8,240.0,1.6031259431722476e-05,2.097362385842395e-05
orientation_1,-4,6,-8,260.0,1.697843909479036e-05,2.2715844196179906e-05
orientation_1,-4,6,-8,280.0,1.7874648731246123e-05,2.4456473486353828e-05
orientation_1,-4,6,-8,300.0,1.8721621251588682e-05,2.6195390151542406e-05
orientation_1,-4,6,-8,320.0,1.952104127531002e-05,2.7932472794336724e-05
orientation_1,-4,6,-8,340.0,2.0274546299062597e-05,2.966760021004752e-05
orientation_1,-4,6,-8,360.0,2.098372784014233e-05,3.140065139941512e-05
orientation_1,-4,6,-8,380.0,2.165013255572628e-05,3.313150558129936e-05
orientation_1,-4,6,-8,400.0,2.227526333829915e-05,3.486004220534686e-05
orientation_1,-4,6,-8,420.0,2.28605803876979e-05,3.658614096463279e-05
orientation_1,-4,6,-8,440.0,2.3407502260197552e-05,3.8309681808274724e-05
orientation_1,-4,6,-8,460.0,2.391740689505653e-05,4.003054495401838e-05
orientation_1,-4,6,-8,480.0,2.4391632618933066e-05,4.174861090079155e-05
orientation_1,-4,6,-8,500.0,2.4831479128580008e-05,4.34637604412256e-05
orientation_1,-4,6,-8,520.0,2.5238208452217735e-05,4.5175874674143614e-05
orientation_1,-4,6,-8,540.0,2.5613045889981157e-05,4.6884835017012004e-05
orientation_1,-4,6,-8,560.0,2.5957180933829784e-05,4.8590523218355774e-05
orientation_1,-4,6,-8,580.0,2.627176816730458e-05,5.029282137013513e-05
orientation_1,-4,6,-8,600.0,2.6557928145509183e-05,5.199161192007973e-05
orientation_1,-4,6,-8,620.0,2.6816748255691096e-05,5.368677768398884e-05
orientation_1,-4,6,-8,640.0,2.7049283558784158e-05,5.5378201857977494e-05
orientation_1,-4,6,-8,660.0,2.7256557612279865e-05,5.706576803068627e-05
orientation_1,-4,6,-8,680.0,2.7439563274785514e-05,5.874936019544574e-05
orientation_1,-4,6,-8,700.0,2.759926349258841e-05,6.042886276238699e-05
orientation_1,-4,6,-8,720.0,2.7736592068663702e-05,6.210416057051068e-05
orientation_1,-4,6,-8,740.0,2.7852454414316756e-05,6.37751388997038e-05
orientation_1,-4,6,-8,760.0,2.7947728283939393e-05,6.544168348269873e-05
orientation_1,-4,6,-8,780.0,2.8023264493128556e-05,6.710368051699117e-05
orientation_1,-4,6,-8,800.0,2.807988762051458e-05,6.876101667669564e-05
orientation_1,-4,6,-8,820.0,2.8118396693615955e-05,7.041357912434722e-05
orientation_1,-4,6,-8,840.0,2.8139565859031418e-05,7.206125552263445e-05
orientation_1,-4,6,-8,860.0,2.8144145037311314e-05,7.370393404614752e-05
orientation_1,-4,6,-8,880.0,2.8132860562712224e-05,7.534150339288336e-05
orientation_1,-4,6,-8,900.0,2.8106415808300397e-05,7.697385279593296e-05
orientation_1,-4,6,-8,920.0,2.8065491796533547e-05,7.860087203492635e-05
orientation_1,-4,6,-8,940.0,2.8010765325280185e-05,8.022245144748126e-05
orientation_1,-4,6,-8,960.0,2.794283978345244e-05,8.183848194524032e-05
orientation_1,-4,6,-8,980.0,2.7862349831494687e-05,8.344885500187745e-05
orientation_1,-4,6,-8,1000.0,2.7769892921101457e-05,8.505346271094397e-05
orientation_1,-4,6,-8,1020.0,2.7666046993325324e-05,8.66521977504036e-05
orientation_1,-4,6,-8,1040.0,2.7551371016279725e-05,8.824495341720154e-05
orientation_1,-4,6,-8,1060.0,2.7426405500779196e-05,8.983162363337057e-05
orientation_1,-4,6,-8,1080.0,2.7291673005362594e-05,9.14121029569617e-05
orientation_1,-4,6,-8,1100.0,2.7147678629459508e-05,9.298628659343785e-05
orientation_1,-4,6,-8,1120.0,2.699491049450893e-05,9.455407040604771e-05
orientation_1,-4,6,-8,1140.0,2.683384021365609e-05,9.611535092641702e-05
orientation_1,-4,6,-8,1160.0,2.6664923350302834e-05,9.767002536553291e-05
orientation_1,-4,6,-8,1180.0,2.648859985619483e-05,9.921799158875174e-05
orientation_1,-4,6,-8,1200.0,2.630529452694747e-05,0.00010075914819610651
orientation_1,-4,6,-8,1220.0,2.6115417441225345e-05,0.0001022933945894141
orientation_1,-4,6,-8,1240.0,2.5919364352150003e-05,0.00010382063089400272
orientation_1,-4,6,-8,1260.0,2.5717517004967413e-05,0.00010534075760162853
orientation_1,-4,6,-8,1280.0,2.551024372138581e-05,0.00010685367634515421
orientation_1,-4,6,-8,1300.0,2.5297899658950238e-05,0.00010835928940275562
orientation_1,-4,6,-8,1320.0,2.508082719510667e-05,0.00010985749972938689
orientation_1,-4,6,-8,1340.0,2.4859356343038617e-05,0.00011134821118003223
orientation_1,-4,6,-8,1360.0,2.463380506007715e-05,0.0001128313283025376
orientation_1,-4,6,-8,1380.0,2.4404479262011024e-05,0.00011430675473382325
orientation_1,-4,6,-8,1400.0,2.4171676128607186e-05,0.00011577440753984858
orientation_1,-4,6,-8,1420.0,2.3935674977319988e-05,0.00011723417128667042
orientation_1,-4,6,-8,1440.0,2.369675292341405e-05,0.00011868597278913532
orientation_1,-4,6,-8,1460.0,2.3455171643237744e-05,0.00012012971492740966
orientation_1,-4,6,-8,1480.0,2.3211183896442892e-05,0.00012156530705112515
orientation_1,-4,6,-8,1500.0,2.296503226606395e-05,0.00012299265710775042
orientation_1,-4,6,-8,1520.0,2.271695161180243e-05,0.00012441168352651563
orientation_1,-4,6,-8,1540.0,2.2467164949606098e-05,0.000125822291050247
orientation_1,-4,6,-8,1560.0,2.2215889115844375e-05,0.00012722440067925193
orientation_1,-4,6,-8,1580.0,2.1963328018599973e-05,0.0001286179093076533
orientation_1,-4,6,-8,1600.0,2.1709000553777464e-05,0.00013000201588422955
orientation_1,-4,6,-8,1620.0,2.1455143159000842e-05,0.0001313788280597635
orientation_1,-4,6,-8,1640.0,2.1199891118475744e-05,0.00013274606462671928
orientation_1,-4,6,-8,1660.0,2.0944101505789354e-05,0.0001341043751087306
orientation_1,-4,6,-8,1680.0,2.0687941913176257e-05,0.00013545367927469057
orientation_1,-4,6,-8,1700.0,2.0431571953480638e-05,0.00013679389236141923
orientation_1,-4,6,-8,1720.0,2.017514608175042e-05,0.0001381249427283476
orientation_1,-4,6,-8,1740.0,1.9918809756071588e-05,0.00013944674402019874
orientation_1,-4,6,-8,1760.0,1.9662717854655035e-05,0.00014075932763352465
orientation_1,-4,6,-8,1780.0,1.9407006800501997e-05,0.00014206264425828857
orientation_1,-4,6,-8,1800.0,1.915203895505104e-05,0.00014335589307431498
orientation_1,-4,6,-8,1820.0,1.8897070673476042e-05,0.00014463993852555744
orientation_1,-4,6,-8,1840.0,1.8643161236373548e-05,0.00014591435700148163
orientation_1,-4,6,-8,1860.0,1.8390084097783477e-05,0.00014717901638562023
orientation_1,-4,6,-8,1880.0,1.813796615346914e-05,0.0001484340242942458
orientation_1,-4,6,-8,1900.0,1.788688554439115e-05,0.00014967912939754533
orientation_1,-4,6,-8,1920.0,1.7636942252923623e-05,0.00015091430185237693
orientation_1,-4,6,-8,1940.0,1.738839444565879e-05,0.00015214099074131396
orientation_1,-4,6,-8,1960.0,1.714077759616992e-05,0.0001533541440907548
orientation_1,-4,6,-8,1980.0,1.6894837605606186e-05,0.0001545597440371157
orientation_1,-4,6,-8,2000.0,1.6650310647176793e-05,0.00015575460897616604
orientation_1,-4,6,-8,2020.0,1.6407327258154902e-05,0.00015693921353508418
orientation_1,-4,6,-8,2040.0,1.6166170354768192e-05,0.00015811353399733423
orientation_1,-4,6,-8,2060.0,1.592626946306101e-05,0.00015927746814736233
orientation_1,-4,6,-8,2080.0,1.568831226269179e-05,0.0001604309151752853
orientation_1,-4,6,-8,2100.0,1.5452061036200756e-05,0.00016157289611598948
orientation_1,-4,6,-8,2120.0,1.5217861213282338e-05,0.000162706523060943
orientation_1,-4,6,-8,2140.0,1.4985442943581461e-05,0.00016382826073413679
orientation_1,-4,6,-8,2160.0,1.4754978709115966e-05,0.00016493942282646008
orientation_1,-4,6,-8,2180.0,1.4526514865592939e-05,0.00016603999483209446
orientation_1,-4,6,-8,2200.0,1.4300058103688209e-05,0.0001671295194046429
orientation_1,-4,6,-8,2220.0,1.4075680078267157e-05,0.00016820834539463952
orientation_1,-4,6,-8,2240.0,1.385334957234522e-05,0.00016927559041291876
orientation_1,-4,6,-8,2260.0,1.3633361044295517e-05,0.00017033457095765305
orientation_1,-4,6,-8,2280.0,1.3415175000807683e-05,0.00017137786866604183
orientation_1,-4,6,-8,2300.0,1.3199491591694642e-05,0.00017241422996995388
orientation_1,-4,6,-8,2320.0,1.2985916779903364e-05,0.00017343810019220443
orientation_1,-4,6,-8,2340.0,1.2774578270686298e-05,0.00017445084272276515
orientation_1,-4,6,-8,2360.0,1.2565495552300188e-05,0.00017545238955897968
orientation_1,-4,6,-8,2380.0,1.2358658178612144e-05,0.00017644226898806507
orientation_1,-4,6,-8,2400.0,1.2154251437434566e-05,0.00017742300224601578
orientation_1,-4,6,-8,2420.0,1.1951905419453574e-05,0.0001783887257353578
orientation_1,-4,6,-8,2440.0,1.175203226358014e-05,0.0001793458797568363
orientation_1,-4,6,-8,2460.0,1.1554458700891911e-05,0.00018029087812510653
orientation_1,-4,6,-8,2480.0,1.135921793548986e-05,0.00018122443777878508
orientation_1,-4,6,-8,2500.0,1.1165651698659331e-05,0.0001821502785678821
orientation_1,5,-5,8,100.0,9.15806402175644e-06,1.0241508267016796e-05
orientation_1,5,-5,8,120.0,1.0747616553799098e-05,1.2290927996302426e-05
orientation_1,5,-5,8,140.0,1.2261521161607114e-05,1.4339337958125595e-05
orientation_1,5,-5,8,160.0,1.370222570347181e-05,1.638657016041912e-05
orientation_1,5,-5,8,180.0,1.5072112845141674e-05,1.8432456760644667e-05
orientation_1,5,-5,8,200.0,1.6373501543181403e-05,2.0476830083873327e-05
orientation_1,5,-5,8,220.0,1.7608648501310792e-05,2.2519522642398885e-05
orientation_1,5,-5,8,240.0,1.8779749599178388e-05,2.456036715589331e-05
orientation_1,5,-5,8,260.0,1.9888941293661435e-05,2.6599196571767108e-05
orientation_1,5,-5,8,280.0,2.09383019929838e-05,2.8635844085603943e-05
orientation_1,5,-5,8,300.0,2.1929853404011364e-05,3.067014316161225e-05
orientation_1,5,-5,8,320.0,2.2865561853110256e-05,3.270192755306682e-05
orientation_1,5,-5,8,340.0,2.374733958096267e-05,3.473103132272514e-05
orientation_1,5,-5,8,360.0,2.457704601173711e-05,3.6757288863209476e-05
orientation_1,5,-5,8,380.0,2.535648899700962e-05,3.878053491734895e-05
orientation_1,5,-5,8,400.0,2.6087426034830572e-05,4.08006045984765e-05
orientation_1,5,-5,8,420.0,2.677156546432859e-05,4.28173334106771e-05
orientation_1,5,-5,8,440.0,2.7410567636241034e-05,4.483055726898354e-05
orientation_1,5,-5,8,460.0,2.8006046059756008e-05,4.684011251951741e-05
orientation_1,5,-5,8,480.0,2.8559568526048232e-05,4.884583595957079e-05
orientation_1,5,-5,8,500.0,2.9072658208887495e-05,5.0847564857627316e-05
orientation_1,5,-5,8,520.0,2.9546794742694216e-05,5.284513697331896e-05
orientation_1,5,-5,8,540.0,2.9983415278413874e-05,5.483839057731556e-05
orientation_1,5,-5,8,560.0,3.0383915517577283e-05,5.6827164471144884e-05
orientation_1,5,-5,8,580.0,3.074965072491119e-05,5.881129800694065e-05
orientation_1,5,-5,8,600.0,3.108193671985724e-05,6.079063110711208e-05
orientation_1,5,-5,8,620.0,3.138205084735979e-05,6.276500428394473e-05
orientation_1,5,-5,8,640.0,3.165123292826772e-05,6.473425865910713e-05
orientation_1,5,-5,8,660.0,3.189068618970528e-05,6.669823598308412e-05
orientation_1,5,-5,8,680.0,3.2101578175759077e-05,6.865677865452463e-05
orientation_1,5,-5,8,700.0,3.2285041638784e-05,7.060972973949302e-05
orientation_1,5,-5,8,720.0,3.2442175411773125e-05,7.25569329906373e-05
orientation_1,5,-5,8,740.0,3.257404526194852e-05,7.449823286626137e-05
orientation_1,5,-5,8,760.0,3.2681684726072365e-05,7.643347454929327e-05
orientation_1,5,-5,8,780.0,3.276609592770616e-05,7.8362503966168e-05
orientation_1,5,-5,8,800.0,3.282825037676596e-05,8.028516780559992e-05
orientation_1,5,-5,8,820.0,3.2869089751688205e-05,8.220131353725248e-05
orientation_1,5,-5,8,840.0,3.288952666451299e-05,8.411078943028635e-05
orientation_1,5,-5,8,860.0,3.2890445409233746e-05,8.601344457188793e-05
orientation_1,5,-5,8,880.0,3.287270269359828e-05,8.790912888546686e-05
orientation_1,5,-5,8,900.0,3.283712835485844e-05,8.979769314902859e-05
orientation_1,5,-5,8,920.0,3.278452605957132e-05,9.167898901321624e-05
orientation_1,5,-5,8,940.0,3.2715673987857056e-05,9.355286901931257e-05
orientation_1,5,-5,8,960.0,3.26313344662886e-05,9.541918662258474e-05
orientation_1,5,-5,8,980.0,3.2532218937962946e-05,9.727779618269865e-05
orientation_1,5,-5,8,1000.0,3.2419041867501364e-05,9.912855303598954e-05
orientation_1,5,-5,8,1020.0,3.229248602848175e-05,0.00010097131345827615
orientation_1,5,-5,8,1040.0,3.215321190757738e-05,0.00010280593470973218
orientation_1,5,-5,8,1060.0,3.200185829936115e-05,0.00010463227504634225
orientation_1,5,-5,8,1080.0,3.183904288940609e-05,0.00010645019373696195
orientation_1,5,-5,8,1100.0,3.16653628241958e-05,0.00010825955108086949
orientation_1,5,-5,8,1120.0,3.148139526758499e-05,0.00011006020842407121
orientation_1,5,-5,8,1140.0,3.1287697944513755e-05,0.00011185202817580618
orientation_1,5,-5,8,1160.0,3.108480967226533e-05,0.00011363487382546071
orientation_1,5,-5,8,1180.0,3.087325086832166e-05,0.00011540860991727232
orientation_1,5,-5,8,1200.0,3.065352407920439e-05,0.00011717310214838682
orientation_1,5,-5,8,1220.0,3.0426114490665822e-05,0.00011892821745133366
orientation_1,5,-5,8,1240.0,3.019149038234508e-05,0.0001206738239058907
orientation_1,5,-5,8,1260.0,2.9950103496734016e-05,0.0001224097903251972
orientation_1,5,-5,8,1280.0,2.970238972063719e-05,0.00012413598716627664
orientation_1,5,-5,8,1300.0,2.9448769386634684e-05,0.00012585228595326088
orientation_1,5,-5,8,1320.0,2.918964772085516e-05,0.0001275585593176103
orientation_1,5,-5,8,1340.0,2.8925415328468166e-05,0.00012925468126348804
orientation_1,5,-5,8,1360.0,2.8656448553532464e-05,0.0001309405269282207
orientation_1,5,-5,8,1380.0,2.8383109494590795e-05,0.00013261597070627804
orientation_1,5,-5,8,1400.0,2.8105749877297545e-05,0.00013428090305645752
orientation_1,5,-5,8,1420.0,2.7824700360042814e-05,0.0001359351766874877
orientation_1,5,-5,8,1440.0,2.754028888301706e-05,0.00013757869414579232
orientation_1,5,-5,8,1460.0,2.725282515881835e-05,0.0001392113302717968
orientation_1,5,-5,8,1480.0,2.6962608314692733e-05,0.00014083296782715313
orientation_1,5,-5,8,1500.0,2.6669925416171263e-05,0.0001424434882710926
orientation_1,5,-5,8,1520.0,2.6375054345228683e-05,0.0001440427857039316
orientation_1,5,-5,8,1540.0,2.6078258967463532e-05,0.00014563073852046874
orientation_1,5,-5,8,1560.0,2.5779795776106792e-05,0.0001472072445318049
orientation_1,5,-5,8,1580.0,2.5479905980978784e-05,0.00014877217364679934
orientation_1,5,-5,8,1600.0,2.517802839066384e-05,0.0001503245786316895
orientation_1,5,-5,8,1620.0,2.487678439734377e-05,0.00015186691965802203
orientation_1,5,-5,8,1640.0,2.457399208598363e-05,0.0001533965164449102
orientation_1,5,-5,8,1660.0,2.4270657107026462e-05,0.00015491412194388378
orientation_1,5,-5,8,1680.0,2.396697747843206e-05,0.00015641963469033328
orientation_1,5,-5,8,1700.0,2.3663141745010606e-05,0.00015791294826903604
orientation_1,5,-5,8,1720.0,2.335933228946818e-05,0.0001593939720421403
orientation_1,5,-5,8,1740.0,2.3055720828964676e-05,0.00016086259846713374
orientation_1,5,-5,8,1760.0,2.2752490010661284e-05,0.0001623188583689234
orientation_1,5,-5,8,1780.0,2.244980071420738e-05,0.00016376268819581435
orientation_1,5,-5,8,1800.0,2.214807795130525e-05,0.00016519314499956352
orientation_1,5,-5,8,1820.0,2.18464529147252e-05,0.0001666112362395821
orientation_1,5,-5,8,1840.0,2.154616576346852e-05,0.00016801646134234784
orientation_1,5,-5,8,1860.0,2.1246952237752604e-05,0.00016940866119405373
orientation_1,5,-5,8,1880.0,2.0948961644002154e-05,0.00017078795897851535
orientation_1,5,-5,8,1900.0,2.065228586362694e-05,0.00017215405618935652
orientation_1,5,-5,8,1920.0,2.035704240199575e-05,0.0001735069152260354
orientation_1,5,-5,8,1940.0,2.006353397362233e-05,0.00017484823096342248
orientation_1,5,-5,8,1960.0,1.9771216654869566e-05,0.00017617208401713095
orientation_1,5,-5,8,1980.0,1.948096409040112e-05,0.00017748547874312111
orientation_1,5,-5,8,2000.0,1.919246737282032e-05,0.00017878468814405078
orientation_1,5,-5,8,2020.0,1.890587933371734e-05,0.00018007026629343416
orientation_1,5,-5,8,2040.0,1.8621532567069997e-05,0.0001813421866230232
orientation_1,5,-5,8,2060.0,1.8338754546417202e-05,0.00018260032754511085
orientation_1,5,-5,8,2080.0,1.8058354393601358e-05,0.00018384457176217226
orientation_1,5,-5,8,2100.0,1.7780052123661303e-05,0.00018507377307570115
orientation_1,5,-5,8,2120.0,1.7504251756492742e-05,0.0001862915784188332
orientation_1,5,-5,8,2140.0,1.7230636708180773e-05,0.00018749384788665837
orientation_1,5,-5,8,2160.0,1.69594084198524e-05,0.00018868212219683934
orientation_1,5,-5,8,2180.0,1.669062052178724e-05,0.0001898563864612131
orientation_1,5,-5,8,2200.0,1.6424280189787174e-05,0.00019101610814216128
orientation_1,5,-5,8,2220.0,1.61604705321141e-05,0.00019216169856983129
orientation_1,5,-5,8,2240.0,1.589915414903515e-05,0.00019329212682013755
orientation_1,5,-5,8,2260.0,1.5640675151877367e-05,0.00019441128403889328
orientation_1,5,-5,8,2280.0,1.5384400696763405e-05,0.0001955104837943923
orientation_1,5,-5,8,2300.0,1.5131149643321751e-05,0.00019659997240396024
orientation_1,5,-5,8,2320.0,1.4880459731134422e-05,0.00019767325547885684
orientation_1,5,-5,8,2340.0,1.4632479408259806e-05,0.00019873192924269007
orientation_1,5,-5,8,2360.0,1.4387230304971313e-05,0.00019977592340681192
orientation_1,5,-5,8,2380.0,1.4144699071261879e-05,0.00020080469058603268
orientation_1,5,-5,8,2400.0,1.3905101789442201e-05,0.00020182119297703746
orientation_1,5,-5,8,2420.0,1.366800356156295e-05,0.0002028185657834936
orientation_1,5,-5,8,2440.0,1.3433912561762303e-05,0.00020380436148927412
orientation_1,5,-5,8,2460.0,1.3202571551822214e-05,0.00020477438954626904
orientation_1,5,-5,8,2480.0,1.2974044660756367e-05,0.00020572949356902718
orientation_1,5,-5,8,2500.0,1.2747558348769958e-05,0.00020667405268919343
orientation_1,-1,-11,12,100.0,2.684928413145221e-06,3.0045914537893367e-06
orientation_1,-1,-11,12,120.0,3.150859104896183e-06,3.6062215059039653e-06
orientation_1,-1,-11,12,140.0,3.59465589084286e-06,4.207764649014745e-06
orientation_1,-1,-11,12,160.0,4.017062551469887e-06,4.809206402760447e-06
orientation_1,-1,-11,12,180.0,4.418801243879886e-06,5.410532291773239e-06
orientation_1,-1,-11,12,200.0,4.8005730774935965e-06,6.011727845445932e-06
orientation_1,-1,-11,12,220.0,5.163058675766905e-06,6.612778598155333e-06
orientation_1,-1,-11,12,240.0,5.506918723984324e-06,7.213670089651907e-06
orientation_1,-1,-11,12,260.0,5.832794503368321e-06,7.814387865517578e-06
orientation_1,-1,-11,12,280.0,6.14130841179565e-06,8.41491747765424e-06
orientation_1,-1,-11,12,300.0,6.433064471425313e-06,9.015244484786956e-06
orientation_1,-1,-11,12,320.0,6.708648823543971e-06,9.615354452974669e-06
orientation_1,-1,-11,12,340.0,6.96863021093111e-06,1.0215232956124864e-05
orientation_1,-1,-11,12,360.0,7.213780215496582e-06,1.0814865576510263e-05
orientation_1,-1,-11,12,380.0,7.4442142566608744e-06,1.1414237905286657e-05
orientation_1,-1,-11,12,400.0,7.660652120816581e-06,1.2013335543011204e-05
orientation_1,-1,-11,12,420.0,7.86359748847647e-06,1.2612144100160917e-05
orientation_1,-1,-11,12,440.0,8.053538879306452e-06,1.3210649197651124e-05
orientation_1,-1,-11,12,460.0,8.230950065512479e-06,1.380883646735371e-05
orientation_1,-1,-11,12,480.0,8.396290474700532e-06,1.4406691552615048e-05
orientation_1,-1,-11,12,500.0,8.550005582463231e-06,1.5004200108773697e-05
orientation_1,-1,-11,12,520.0,8.69252729494128e-06,1.5601347803677533e-05
orientation_1,-1,-11,12,540.0,8.824274321601912e-06,1.6198120318200566e-05
orientation_1,-1,-11,12,560.0,8.945652538471203e-06,1.6794503346759183e-05
orientation_1,-1,-11,12,580.0,9.05705534205155e-06,1.7390482597828078e-05
orientation_1,-1,-11,12,600.0,9.158863994149931e-06,1.79860437944547e-05
orientation_1,-1,-11,12,620.0,9.25144795783804e-06,1.858117267477549e-05
orientation_1,-1,-11,12,640.0,9.335165224760991e-06,1.9175854992528333e-05
orientation_1,-1,-11,12,660.0,9.410362634001007e-06,1.9770076517566448e-05
orientation_1,-1,-11,12,680.0,9.477376182710442e-06,2.0363823036375118e-05
orientation_1,-1,-11,12,700.0,9.5365313286976e-06,2.095708035256705e-05
orientation_1,-1,-11,12,720.0,9.588143285197149e-06,2.1549834287425894e-05
orientation_1,-1,-11,12,740.0,9.632517307964e-06,2.214207068038599e-05
orientation_1,-1,-11,12,760.0,9.669948974928236e-06,2.2733775389556267e-05
orientation_1,-1,-11,12,780.0,9.700724458565888e-06,2.332493429222811e-05
orientation_1,-1,-11,12,800.0,9.72512079117201e-06,2.3915533285383772e-05
orientation_1,-1,-11,12,820.0,9.743406123209892e-06,2.4505558286203396e-05
orientation_1,-1,-11,12,840.0,9.755839974905406e-06,2.5094995232567965e-05
orientation_1,-1,-11,12,860.0,9.762673481264283e-06,2.568383008358652e-05
orientation_1,-1,-11,12,880.0,9.764149630640343e-06,2.627204882005941e-05
orientation_1,-1,-11,12,900.0,9.76050349707035e-06,2.685963744502431e-05
orientation_1,-1,-11,12,920.0,9.751962466474078e-06,2.7446581984239654e-05
orientation_1,-1,-11,12,940.0,9.738746456904086e-06,2.803286848668996e-05
orientation_1,-1,-11,12,960.0,9.721068133519535e-06,2.8618483026684717e-05
orientation_1,-1,-11,12,980.0,9.699133114670592e-06,2.9203411696376268e-05
orientation_1,-1,-11,12,1000.0,9.673140180511305e-06,2.9787640622225374e-05
orientation_1,-1,-11,12,1020.0,9.643281465479905e-06,3.037115594952333e-05
orientation_1,-1,-11,12,1040.0,9.609742653600587e-06,3.095394385092868e-05
orientation_1,-1,-11,12,1060.0,9.572703165393485e-06,3.15359905252773e-05
orientation_1,-1,-11,12,1080.0,9.532336340353473e-06,3.211728219806884e-05
orientation_1,-1,-11,12,1100.0,9.488809614619933e-06,3.269780512216505e-05
orientation_1,-1,-11,12,1120.0,9.442284693750356e-06,3.327754557798965e-05
orientation_1,-1,-11,12,1140.0,9.392917721022808e-06,3.3856489874262705e-05
orientation_1,-1,-11,12,1160.0,9.340859441103881e-06,3.4434624348315455e-05
orientation_1,-1,-11,12,1180.0,9.286255356209538e-06,3.5011935354519316e-05
orientation_1,-1,-11,12,1200.0,9.229245887613214e-06,3.5588409288674586e-05
orientation_1,-1,-11,12,1220.0,9.169966531021542e-06,3.616403260798743e-05
orientation_1,-1,-11,12,1240.0,9.108547995093882e-06,3.673879180142371e-05
orientation_1,-1,-11,12,1260.0,9.045116313889144e-06,3.7312673263301986e-05
orientation_1,-1,-11,12,1280.0,8.979793050811258e-06,3.7885663557117504e-05
orientation_1,-1,-11,12,1300.0,8.912695390215792e-06,3.8457749241858586e-05
orientation_1,-1,-11,12,1320.0,8.843936271588665e-06,3.902891688013153e-05
orientation_1,-1,-11,12,1340.0,8.77362453410779e-06,3.959915311154096e-05
orientation_1,-1,-11,12,1360.0,8.701865210559202e-06,4.016844457903252e-05
orientation_1,-1,-11,12,1380.0,8.628758601238151e-06,4.073677737593097e-05
orientation_1,-1,-11,12,1400.0,8.554403273333723e-06,4.1304141962222945e-05
orientation_1,-1,-11,12,1420.0,8.478891065750233e-06,4.187051740347857e-05
orientation_1,-1,-11,12,1440.0,8.402313395319861e-06,4.243589701792957e-05
orientation_1,-1,-11,12,1460.0,8.32475672103749e-06,4.3000265660807414e-05
orientation_1,-1,-11,12,1480.0,8.246303816507294e-06,4.356361015643683e-05
orientation_1,-1,-11,12,1500.0,8.167035633269569e-06,4.412591859665572e-05
orientation_1,-1,-11,12,1520.0,8.08702838613696e-06,4.4687174403860935e-05
orientation_1,-1,-11,12,1540.0,8.006356753096827e-06,4.524736805941463e-05
orientation_1,-1,-11,12,1560.0,7.925091975243171e-06,4.580648734926521e-05
orientation_1,-1,-11,12,1580.0,7.843301366246402e-06,4.636451353576963e-05
orientation_1,-1,-11,12,1600.0,7.760816903937743e-06,4.691999754789094e-05
orientation_1,-1,-11,12,1620.0,7.678404881287873e-06,4.747725038280921e-05
orientation_1,-1,-11,12,1640.0,7.5954219431345535e-06,4.803193341721399e-05
orientation_1,-1,-11,12,1660.0,7.5121605022359435e-06,4.858547564136978e-05
orientation_1,-1,-11,12,1680.0,7.428676096053673e-06,4.913786479870512e-05
orientation_1,-1,-11,12,1700.0,7.345021657441194e-06,4.968908681066386e-05
orientation_1,-1,-11,12,1720.0,7.261248475395725e-06,5.023913178953109e-05
orientation_1,-1,-11,12,1740.0,7.177404884088986e-06,5.078798455830112e-05
orientation_1,-1,-11,12,1760.0,7.093542570150875e-06,5.1335670031722477e-05
orientation_1,-1,-11,12,1780.0,7.009707042918858e-06,5.188218537266233e-05
orientation_1,-1,-11,12,1800.0,6.9260220028308125e-06,5.242814695647196e-05
orientation_1,-1,-11,12,1820.0,6.8422292721064074e-06,5.2971230539668056e-05
orientation_1,-1,-11,12,1840.0,6.758693320712234e-06,5.351393835407499e-05
orientation_1,-1,-11,12,1860.0,6.675334909686873e-06,5.405535974728976e-05
orientation_1,-1,-11,12,1880.0,6.592196715376762e-06,5.459554319577864e-05
orientation_1,-1,-11,12,1900.0,6.5093049972659056e-06,5.513441540868846e-05
orientation_1,-1,-11,12,1920.0,6.426693479166778e-06,5.567197762806781e-05
orientation_1,-1,-11,12,1940.0,6.34445037513534e-06,5.6208739210773906e-05
orientation_1,-1,-11,12,1960.0,6.262415667431097e-06,5.6742975294479014e-05
orientation_1,-1,-11,12,1980.0,6.180845459137973e-06,5.727675318492429e-05
orientation_1,-1,-11,12,2000.0,6.0996487727284605e-06,5.7808989358065585e-05
orientation_1,-1,-11,12,2020.0,6.01887045219908e-06,5.833985790739236e-05
orientation_1,-1,-11,12,2040.0,5.9385352612873185e-06,5.886935901669143e-05
orientation_1,-1,-11,12,2060.0,5.858664206784606e-06,5.939746892963253e-05
orientation_1,-1,-11,12,2080.0,5.779276950038227e-06,5.9924161845294e-05
orientation_1,-1,-11,12,2100.0,5.7003642784647025e-06,6.0449110517903745e-05
orientation_1,-1,-11,12,2120.0,5.622045108079204e-06,6.0973392364382596e-05
orientation_1,-1,-11,12,2140.0,5.544227130141247e-06,6.149580167812987e-05
orientation_1,-1,-11,12,2160.0,5.466970111587591e-06,6.201679774011295e-05
orientation_1,-1,-11,12,2180.0,5.390290593745343e-06,6.253638327453612e-05
orientation_1,-1,-11,12,2200.0,5.314191627887756e-06,6.305440841865607e-05
orientation_1,-1,-11,12,2220.0,5.238698067000001e-06,6.357099996889782e-05
orientation_1,-1,-11,12,2240.0,5.163800015663454e-06,6.408586214305429e-05
orientation_1,-1,-11,12,2260.0,5.089599338865535e-06,6.460014029728349e-05
orientation_1,-1,-11,12,2280.0,5.015911653537871e-06,6.511128952059208e-05
orientation_1,-1,-11,12,2300.0,4.9429788691495295e-06,6.562232793751243e-05
orientation_1,-1,-11,12,2320.0,4.870665961674398e-06,6.613134379935358e-05
orientation_1,-1,-11,12,2340.0,4.799018034999616e-06,6.663881514190372e-05
orientation_1,-1,-11,12,2360.0,4.72804272492855e-06,6.714472407128758e-05
orientation_1,-1,-11,12,2380.0,4.657737219156419e-06,6.764891111688524e-05
orientation_1,-1,-11,12,2400.0,4.588166640139634e-06,6.815224331822122e-05
orientation_1,-1,-11,12,2420.0,4.519205761798412e-06,6.865271822389764e-05
orientation_1,-1,-11,12,2440.0,4.448589216528798e-06,6.915254465681241e-05
orientation_1,-1,-11,12,2460.0,4.383488779061943e-06,6.965049817648956e-05
orientation_1,-1,-11,12,2480.0,4.316678833710352e-06,7.014682233777821e-05
orientation_1,-1,-11,12,2500.0,4.250653651393402e-06,7.064279705454998e-05
orientation_1,2,-8,10,100.0,5.2937723780039815e-06,5.919608498793975e-06
orientation_1,2,-8,10,120.0,6.213091983773731e-06,7.104628004595724e-06
orientation_1,2,-8,10,140.0,7.0889022148593494e-06,8.28931015675087e-06
orientation_1,2,-8,10,160.0,7.922636721613807e-06,9.47359878351468e-06
orientation_1,2,-8,10,180.0,8.715689063865666e-06,1.0657437743765938e-05
orientation_1,2,-8,10,200.0,9.46941371265796e-06,1.1840770929512016e-05
orientation_1,2,-8,10,220.0,1.0185127030055684e-05,1.302354226929058e-05
orientation_1,2,-8,10,240.0,1.0864108226932819e-05,1.4205695731896297e-05
orientation_1,2,-8,10,260.0,1.1507600299011624e-05,1.5387175330239426e-05
orientation_1,2,-8,10,280.0,1.2116810941534537e-05,1.6567925125261414e-05
orientation_1,2,-8,10,300.0,1.2692913442982662e-05,1.7747889229876532e-05
orientation_1,2,-8,10,320.0,1.3237047558263075e-05,1.8927011812924594e-05
orientation_1,2,-8,10,340.0,1.37503203617865e-05,2.0105237103127566e-05
orientation_1,2,-8,10,360.0,1.4233807080851502e-05,2.1282509393046218e-05
orientation_1,2,-8,10,380.0,1.4688551909746343e-05,2.2458773043034497e-05
orientation_1,2,-8,10,400.0,1.5115568804971667e-05,2.363397248519019e-05
orientation_1,2,-8,10,420.0,1.5515842261980856e-05,2.4808052227301206e-05
orientation_1,2,-8,10,440.0,1.5890327964735195e-05,2.5980956856786183e-05
orientation_1,2,-8,10,460.0,1.623995395551378e-05,2.715263104462975e-05
orientation_1,2,-8,10,480.0,1.656562072640028e-05,2.8323019549311043e-05
orientation_1,2,-8,10,500.0,1.686820233990625e-05,2.9492067220725756e-05
orientation_1,2,-8,10,520.0,1.714854701733857e-05,3.065971900410121e-05
orientation_1,2,-8,10,540.0,1.7407477812573725e-05,3.1825919943903614e-05
orientation_1,2,-8,10,560.0,1.7645793269927066e-05,3.2990615187737904e-05
orientation_1,2,-8,10,580.0,1.786426806645871e-05,3.41537499902398e-05
orientation_1,2,-8,10,600.0,1.806365363904916e-05,3.5315269716957126e-05
orientation_1,2,-8,10,620.0,1.824467879657514e-05,3.64751198482283e-05
orientation_1,2,-8,10,640.0,1.8408050317503833e-05,3.7633245983043474e-05
orientation_1,2,-8,10,660.0,1.855445353322391e-05,3.878959384290206e-05
orientation_1,2,-8,10,680.0,1.868455289742498e-05,3.99441092756609e-05
orientation_1,2,-8,10,700.0,1.8798992541806846e-05,4.109673825936823e-05
orientation_1,2,-8,10,720.0,1.889839681847862e-05,4.22474269060914e-05
orientation_1,2,-8,10,740.0,1.8983370829238218e-05,4.339612146573306e-05
orientation_1,2,-8,10,760.0,1.9054500942115904e-05,4.454276832983247e-05
orientation_1,2,-8,10,780.0,1.9112355295407528e-05,4.568731403536208e-05
orientation_1,2,-8,10,800.0,1.9157484289487022e-05,4.6829705268509854e-05
orientation_1,2,-8,10,820.0,1.919042106666663e-05,4.796988886844768e-05
orientation_1,2,-8,10,840.0,1.921168197936574e-05,4.910781183108195e-05
orientation_1,2,-8,10,860.0,1.9221767046869754e-05,5.024342131284122e-05
orientation_1,2,-8,10,880.0,1.9221160400864294e-05,5.1376664634326115e-05
orientation_1,2,-8,10,900.0,1.9210330720106063e-05,5.2507489284112084e-05
orientation_1,2,-8,10,920.0,1.9189731654362156e-05,5.363584292241622e-05
orientation_1,2,-8,10,940.0,1.9159802237922168e-05,5.476167338479674e-05
orientation_1,2,-8,10,960.0,1.912096729395597e-05,5.5884928688983736e-05
orientation_1,2,-8,10,980.0,1.9073637822531246e-05,5.7005557022792665e-05
orientation_1,2,-8,10,1000.0,1.9018211394767823e-05,5.812350677928013e-05
orientation_1,2,-8,10,1020.0,1.8955072516253684e-05,5.923872652885384e-05
orientation_1,2,-8,10,1040.0,1.888459299707545e-05,6.035116503875713e-05
orientation_1,2,-8,10,1060.0,1.8807132306287465e-05,6.146077127334717e-05
orientation_1,2,-8,10,1080.0,1.8723037918590346e-05,6.25674943976664e-05
orientation_1,2,-8,10,1100.0,1.86326456524281e-05,6.367128378141987e-05
orientation_1,2,-8,10,1120.0,1.8536279999290464e-05,6.477208900195462e-05
orientation_1,2,-8,10,1140.0,1.843425444501728e-05,6.586985984827796e-05
orientation_1,2,-8,10,1160.0,1.8326871782744535e-05,6.696454632423562e-05
orientation_1,2,-8,10,1180.0,1.82144244117903e-05,6.805609862824285e-05
orientation_1,2,-8,10,1200.0,1.809719464779563e-05,6.914446720392213e-05
orientation_1,2,-8,10,1220.0,1.79754550214285e-05,7.022960278196725e-05
orientation_1,2,-8,10,1240.0,1.784946854443453e-05,7.131145632391988e-05
orientation_1,2,-8,10,1260.0,1.771948892516399e-05,7.238997877627257e-05
orientation_1,2,-8,10,1280.0,1.758576096461578e-05,7.346512159208463e-05
orientation_1,2,-8,10,1300.0,1.7448520731925485e-05,7.453683639158584e-05
orientation_1,2,-8,10,1320.0,1.7307995824106825e-05,7.560507498034387e-05
orientation_1,2,-8,10,1340.0,1.7164405646879778e-05,7.666978949668037e-05
orientation_1,2,-8,10,1360.0,1.7017961622682063e-05,7.773093226851556e-05
orientation_1,2,-8,10,1380.0,1.686886719944474e-05,7.878845472531725e-05
orientation_1,2,-8,10,1400.0,1.6717320085418307e-05,7.984055080635615e-05
orientation_1,2,-8,10,1420.0,1.6563506073871903e-05,8.089245732952886e-05
orientation_1,2,-8,10,1440.0,1.6407609636158623e-05,8.19388416734602e-05
orientation_1,2,-8,10,1460.0,1.624980496440972e-05,8.29814198814546e-05
orientation_1,2,-8,10,1480.0,1.6090260382484884e-05,8.402014578755177e-05
orientation_1,2,-8,10,1500.0,1.592913821150366e-05,8.505497592913997e-05
orientation_1,2,-8,10,1520.0,1.5766592825834058e-05,8.608585781894074e-05
orientation_1,2,-8,10,1540.0,1.560277506650272e-05,8.711275312125452e-05
orientation_1,2,-8,10,1560.0,1.5437828866798532e-05,8.813561837467782e-05
orientation_1,2,-8,10,1580.0,1.5271890287509116e-05,8.91543974593002e-05
orientation_1,2,-8,10,1600.0,1.5104631694020883e-05,9.016856142908575e-05
orientation_1,2,-8,10,1620.0,1.4937565743036444e-05,9.117955011709619e-05
orientation_1,2,-8,10,1640.0,1.4769428214009787e-05,9.218583194225035e-05
orientation_1,2,-8,10,1660.0,1.460079804468237e-05,9.318785899441316e-05
orientation_1,2,-8,10,1680.0,1.4431787442790528e-05,9.418558901500336e-05
orientation_1,2,-8,10,1700.0,1.4262503354046432e-05,9.517897636467654e-05
orientation_1,2,-8,10,1720.0,1.4093049363585963e-05,9.616798391875344e-05
orientation_1,2,-8,10,1740.0,1.3923523102392744e-05,9.715256430700338e-05
orientation_1,2,-8,10,1760.0,1.3754028695234098e-05,9.813274946151538e-05
orientation_1,2,-8,10,1780.0,1.3584657934327691e-05,9.91085165942605e-05
orientation_1,2,-8,10,1800.0,1.3415656114994508e-05,0.00010008105973943624
orientation_1,2,-8,10,1820.0,1.3246517986396692e-05,0.0001010457946891696
orientation_1,2,-8,10,1840.0,1.3077961911257852e-05,0.00010200762334484674
orientation_1,2,-8,10,1860.0,1.2909833932627168e-05,0.00010296473910548063
orientation_1,2,-8,10,1880.0,1.2742219827535511e-05,0.00010391722260932597
orientation_1,2,-8,10,1900.0,1.2575172691167536e-05,0.00010486491291502944
orientation_1,2,-8,10,1920.0,1.2408760359790125e-05,0.00010580779749690598
orientation_1,2,-8,10,1940.0,1.2243157883645014e-05,0.00010674686487967585
orientation_1,2,-8,10,1960.0,1.2078051142399572e-05,0.00010767870203418615
orientation_1,2,-8,10,1980.0,1.1913945670711182e-05,0.00010860736659739205
orientation_1,2,-8,10,2000.0,1.1750663306070242e-05,0.0001095307101723384
orientation_1,2,-8,10,2020.0,1.158829316424476e-05,0.00011044906117119461
orientation_1,2,-8,10,2040.0,1.1427025915142186e-05,0.00011136383515982674
orientation_1,2,-8,10,2060.0,1.126648052880058e-05,0.00011227068731283762
orientation_1,2,-8,10,2080.0,1.1107119190119406e-05,0.00011317383695138958
orientation_1,2,-8,10,2100.0,1.0948783318983642e-05,0.00011407119813874086
orientation_1,2,-8,10,2120.0,1.0791707739268111e-05,0.00011496488194469964
orientation_1,2,-8,10,2140.0,1.0635710865439059e-05,0.00011585249908840797
orientation_1,2,-8,10,2160.0,1.0480910678467401e-05,0.00011673494291043483
orientation_1,2,-8,10,2180.0,1.0327339712865012e-05,0.00011761220643170307
orientation_1,2,-8,10,2200.0,1.0175003727752168e-05,0.0001184839824471223
orientation_1,2,-8,10,2220.0,1.0023952606328201e-05,0.0001193505106989963
orientation_1,2,-8,10,2240.0,9.874166595007992e-06,0.00012021119536787703
orientation_1,2,-8,10,2260.0,9.72584636198512e-06,0.00012106828207051919
orientation_1,2,-8,10,2280.0,9.57862779553701e-06,0.00012191675094127839
orientation_1,2,-8,10,2300.0,9.432987722871316e-06,0.00012276252769825855
orientation_1,2,-8,10,2320.0,9.288659563194555e-06,0.00012360184616903324
orientation_1,2,-8,10,2340.0,9.145732320720979e-06,0.00012443563421458628
orientation_1,2,-8,10,2360.0,9.004219509444464e-06,0.00012526384239897487
orientation_1,2,-8,10,2380.0,8.86411668507823e-06,0.0001260861559559675
orientation_1,2,-8,10,2400.0,8.725550009013411e-06,0.00012690427244025962
orientation_1,2,-8,10,2420.0,8.588273195699595e-06,0.0001277142284184652
orientation_1,2,-8,10,2440.0,8.447818620383348e-06,0.00012852037826931368
orientation_1,2,-8,10,2460.0,8.318326119071927e-06,0.000129320295111028
orientation_1,2,-8,10,2480.0,8.185548306846772e-06,0.00013011445628730896
orientation_1,2,-8,10,2500.0,8.053804133976931e-06,0.00013090537741205512
orientation_1,-8,6,-10,100.0,4.310881316760146e-06,4.823008695208984e-06
orientation_1,-8,6,-10,120.0,5.059071814860404e-06,5.788598207043048e-06
orientation_1,-8,6,-10,140.0,5.771724371718667e-06,6.753963776977159e-06
orientation_1,-8,6,-10,160.0,6.450021339212192e-06,7.719068108623742e-06
orientation_1,-8,6,-10,180.0,7.095111419503093e-06,8.683873922876912e-06
orientation_1,-8,6,-10,200.0,7.708110530103799e-06,9.648343958860419e-06
orientation_1,-8,6,-10,220.0,8.290102649075589e-06,1.0612440975606946e-05
orientation_1,-8,6,-10,240.0,8.842140640358935e-06,1.1576127754003405e-05
orientation_1,-8,6,-10,260.0,9.365247059526963e-06,1.2539367098844524e-05
orientation_1,-8,6,-10,280.0,9.860414940338766e-06,1.350212184093469e-05
orientation_1,-8,6,-10,300.0,1.0328608562494812e-05,1.4464354839211932e-05
orientation_1,-8,6,-10,320.0,1.0770764201000791e-05,1.542602898288282e-05
orientation_1,-8,6,-10,340.0,1.1187790857543832e-05,1.6387107193561923e-05
orientation_1,-8,6,-10,360.0,1.1580570974279383e-05,1.7347552427413308e-05
orientation_1,-8,6,-10,380.0,1.194996113041947e-05,1.8307327677291872e-05
orientation_1,-8,6,-10,400.0,1.2296792722006441e-05,1.926639597488378e-05
orientation_1,-8,6,-10,420.0,1.2621872625247953e-05,2.022472039284535e-05
orientation_1,-8,6,-10,440.0,1.2925983843781948e-05,2.1182264046939724e-05
orientation_1,-8,6,-10,460.0,1.3209886140232387e-05,2.213899009817128e-05
orientation_1,-8,6,-10,480.0,1.3474316652409292e-05,2.309486175491726e-05
orientation_1,-8,6,-10,500.0,1.3719990494499419e-05,2.40498422750566e-05
orientation_1,-8,6,-10,520.0,1.3947601086325359e-05,2.5003894968095602e-05
orientation_1,-8,6,-10,540.0,1.415782174059889e-05,2.5956983197290574e-05
orientation_1,-8,6,-10,560.0,1.4351304719463123e-05,2.690907038176683e-05
orientation_1,-8,6,-10,580.0,1.4528682766066848e-05,2.786011999863438e-05
orientation_1,-8,6,-10,600.0,1.4690569392364306e-05,2.8810095585098674e-05
orientation_1,-8,6,-10,620.0,1.48375593971253e-05,2.9758960740571363e-05
orientation_1,-8,6,-10,640.0,1.497022937116351e-05,3.070667912877111e-05
orientation_1,-8,6,-10,660.0,1.5089138190076899e-05,3.165321447982483e-05
orientation_1,-8,6,-10,680.0,1.5194827494788648e-05,3.2598530592369204e-05
orientation_1,-8,6,-10,700.0,1.5287822160150406e-05,3.354259133561543e-05
orientation_1,-8,6,-10,720.0,1.5368630751932797e-05,3.448536065148686e-05
orientation_1,-8,6,-10,740.0,1.543774597238917e-05,3.542680255665148e-05
orientation_1,-8,6,-10,760.0,1.549564509473444e-05,3.636688114462154e-05
orientation_1,-8,6,-10,780.0,1.5540631468028973e-05,3.7305560587823215e-05
orientation_1,-8,6,-10,800.0,1.5579629523788757e-05,3.8242805139663894e-05
orientation_1,-8,6,-10,820.0,1.5606595991393068e-05,3.9178579136592954e-05
orientation_1,-8,6,-10,840.0,1.5624109477817858e-05,4.0112847000151926e-05
orientation_1,-8,6,-10,860.0,1.5632576256658906e-05,4.104557323905991e-05
orientation_1,-8,6,-10,880.0,1.5632389559793114e-05,4.197672245119114e-05
orientation_1,-8,6,-10,900.0,1.562392994093745e-05,4.290625932568239e-05
orientation_1,-8,6,-10,920.0,1.5607565629958122e-05,4.3834148644934124e-05
orientation_1,-8,6,-10,940.0,1.55836528781979e-05,4.4760355286643176e-05
orientation_1,-8,6,-10,960.0,1.5552536295880744e-05,4.568484422839095e-05
orientation_1,-8,6,-10,980.0,1.551454917576002e-05,4.66075805368325e-05
orientation_1,-8,6,-10,1000.0,1.547001382133384e-05,4.7528529395359015e-05
orientation_1,-8,6,-10,1020.0,1.5419241849618832e-05,4.844765608042972e-05
orientation_1,-8,6,-10,1040.0,1.5362534498915027e-05,4.936492597648485e-05
orientation_1,-8,6,-10,1060.0,1.5300182923522987e-05,5.028030457522495e-05
orientation_1,-8,6,-10,1080.0,1.523246848175618e-05,5.119375747757817e-05
orientation_1,-8,6,-10,1100.0,1.5159663016621257e-05,5.2105250396003096e-05
orientation_1,-8,6,-10,1120.0,1.5082029129007302e-05,5.301474915598538e-05
orientation_1,-8,6,-10,1140.0,1.4999820444048201e-05,5.3922219698386805e-05
orientation_1,-8,6,-10,1160.0,1.4913281870378113e-05,5.482762808111607e-05
orientation_1,-8,6,-10,1180.0,1.4822649847649977e-05,5.573094046170528e-05
orientation_1,-8,6,-10,1200.0,1.4728152602947675e-05,5.663212313764549e-05
orientation_1,-8,6,-10,1220.0,1.4630010397628292e-05,5.7531142579594326e-05
orientation_1,-8,6,-10,1240.0,1.4528435747337986e-05,5.842796538477339e-05
orientation_1,-8,6,-10,1260.0,1.442363360055425e-05,5.932255807553064e-05
orientation_1,-8,6,-10,1280.0,1.4315801664081446e-05,6.02148875236458e-05
orientation_1,-8,6,-10,1300.0,1.420513054856437e-05,6.110492067282017e-05
orientation_1,-8,6,-10,1320.0,1.4091803982486768e-05,6.19926245527068e-05
orientation_1,-8,6,-10,1340.0,1.3975999043114003e-05,6.287796639802375e-05
orientation_1,-8,6,-10,1360.0,1.3857886327981166e-05,6.376091353119767e-05
orientation_1,-8,6,-10,1380.0,1.3737629963918196e-05,6.464143247533669e-05
orientation_1,-8,6,-10,1400.0,1.3615389428983026e-05,6.551949685132424e-05
orientation_1,-8,6,-10,1420.0,1.3491314524147119e-05,6.639506206667041e-05
orientation_1,-8,6,-10,1440.0,1.3365554003077607e-05,6.726810650405276e-05
orientation_1,-8,6,-10,1460.0,1.323824827724989e-05,6.813859504350547e-05
orientation_1,-8,6,-10,1480.0,1.3109533010004598e-05,6.900649581612687e-05
orientation_1,-8,6,-10,1500.0,1.2979539007728588e-05,6.987177908101022e-05
orientation_1,-8,6,-10,1520.0,1.2848390638640106e-05,7.073440767915571e-05
orientation_1,-8,6,-10,1540.0,1.2716209425629175e-05,7.159435589523827e-05
orientation_1,-8,6,-10,1560.0,1.2583111301003151e-05,7.245159376937082e-05
orientation_1,-8,6,-10,1580.0,1.2449205820441215e-05,7.330608095676651e-05
orientation_1,-8,6,-10,1600.0,1.2314224752014764e-05,7.415548150712395e-05
orientation_1,-8,6,-10,1620.0,1.217939938934159e-05,7.500670459982112e-05
orientation_1,-8,6,-10,1640.0,1.204369843840053e-05,7.585277666857608e-05
orientation_1,-8,6,-10,1660.0,1.1907592465985234e-05,7.669598140244478e-05
orientation_1,-8,6,-10,1680.0,1.1771171781015248e-05,7.753628935396464e-05
orientation_1,-8,6,-10,1700.0,1.1634522443906846e-05,7.837366824695097e-05
orientation_1,-8,6,-10,1720.0,1.1497727813496444e-05,7.920809265023493e-05
orientation_1,-8,6,-10,1740.0,1.1360866437391348e-05,8.003952871761392e-05
orientation_1,-8,6,-10,1760.0,1.1224022188415698e-05,8.086800710829816e-05
orientation_1,-8,6,-10,1780.0,1.108726893990468e-05,8.169351389620119e-05
orientation_1,-8,6,-10,1800.0,1.0950805802876573e-05,8.251702751524236e-05
orientation_1,-8,6,-10,1820.0,1.0814219817852013e-05,8.333481385911852e-05
orientation_1,-8,6,-10,1840.0,1.0678095923239527e-05,8.415087465924481e-05
orientation_1,-8,6,-10,1860.0,1.0542307762689333e-05,8.496374112203839e-05
orientation_1,-8,6,-10,1880.0,1.0406924448114726e-05,8.577348281162131e-05
orientation_1,-8,6,-10,1900.0,1.0271988569100592e-05,8.657997295614638e-05
orientation_1,-8,6,-10,1920.0,1.0137554713939174e-05,8.738320524332945e-05
orientation_1,-8,6,-10,1940.0,1.0003764865619219e-05,8.818398889200441e-05
orientation_1,-8,6,-10,1960.0,9.870362489847123e-06,8.89795469837705e-05
orientation_1,-8,6,-10,1980.0,9.737758945251437e-06,8.977318936854593e-05
orientation_1,-8,6,-10,2000.0,9.605808460057906e-06,9.056316901429931e-05
orientation_1,-8,6,-10,2020.0,9.474583216035705e-06,9.134975728483564e-05
orientation_1,-8,6,-10,2040.0,9.34423756680102e-06,9.213410592384578e-05
orientation_1,-8,6,-10,2060.0,9.214462018734374e-06,9.291269230403844e-05
orientation_1,-8,6,-10,2080.0,9.085631382404679e-06,9.368894388681341e-05
orientation_1,-8,6,-10,2100.0,8.957616564676074e-06,9.44611687099909e-05
orientation_1,-8,6,-10,2120.0,8.830608358208604e-06,9.523108970907686e-05
orientation_1,-8,6,-10,2140.0,8.704458674540332e-06,9.599676338694993e-05
orientation_1,-8,6,-10,2160.0,8.579263282327736e-06,9.675892037012661e-05
orientation_1,-8,6,-10,2180.0,8.455048336810162e-06,9.751755787495868e-05
orientation_1,-8,6,-10,2200.0,8.331818578808738e-06,9.827242810915721e-05
orientation_1,-8,6,-10,2220.0,8.20961421263327e-06,9.902372925704073e-05
orientation_1,-8,6,-10,2240.0,8.08841878474503e-06,9.977097810527187e-05
orientation_1,-8,6,-10,2260.0,7.96839559324723e-06,0.00010051600703985089
orientation_1,-8,6,-10,2280.0,7.84924835698491e-06,0.00010125472709134312
orientation_1,-8,6,-10,2300.0,7.731364923427169e-06,0.00010199197212947453
orientation_1,-8,6,-10,2320.0,7.614528678467527e-06,0.00010272467092525513
orientation_1,-8,6,-10,2340.0,7.498810963923907e-06,0.00010345358429669759
orientation_1,-8,6,-10,2360.0,7.384223580061308e-06,0.0001041786737053342
orientation_1,-8,6,-10,2380.0,7.270762230138247e-06,0.00010489968398084455
orientation_1,-8,6,-10,2400.0,7.158530811553995e-06,0.00010561799866573481
orientation_1,-8,6,-10,2420.0,7.047327595276511e-06,0.0001063303946391958
orientation_1,-8,6,-10,2440.0,6.93351400512069e-06,0.00010704041664440139
orientation_1,-8,6,-10,2460.0,6.828607233795825e-06,0.00010774608989267002
orientation_1,-8,6,-10,2480.0,6.721002569714693e-06,0.00010844780709777575
orientation_1,-8,6,-10,2500.0,6.614705353583798e-06,0.00010914761181431476
