tilt_index,tilt_angle,intensity,h,k,l,thickness
0,-1.0,0.0,-3,-5,8,2296.610107421875
1,-0.9512195121951219,0.0,-3,-5,8,2296.610107421875
2,-0.9024390243902439,0.0,-3,-5,8,2296.610107421875
3,-0.8536585365853658,0.0,-3,-5,8,2296.610107421875
4,-0.8048780487804879,0.0,-3,-5,8,2296.610107421875
5,-0.7560975609756098,0.0,-3,-5,8,2296.610107421875
6,-0.7073170731707317,0.0,-3,-5,8,2296.610107421875
7,-0.6585365853658536,0.0,-3,-5,8,2296.610107421875
8,-0.6097560975609756,0.0,-3,-5,8,2296.610107421875
9,-0.5609756097560976,0.0,-3,-5,8,2296.610107421875
10,-0.5121951219512195,4.331828677095473e-06,-3,-5,8,2296.610107421875
11,-0.46341463414634143,3.77456927935782e-07,-3,-5,8,2296.610107421875
12,-0.41463414634146334,1.0652839677049997e-07,-3,-5,8,2296.610107421875
13,-0.36585365853658536,2.2187380182003835e-06,-3,-5,8,2296.610107421875
14,-0.31707317073170727,3.5602770367404446e-06,-3,-5,8,2296.610107421875
15,-0.2682926829268293,4.974452622263925e-06,-3,-5,8,2296.610107421875
16,-0.2195121951219512,6.992701173658133e-07,-3,-5,8,2296.610107421875
17,-0.1707317073170731,1.5997849232007866e-06,-3,-5,8,2296.610107421875
18,-0.12195121951219512,2.6993091069016373e-06,-3,-5,8,2296.610107421875
19,-0.07317073170731703,5.697882443200797e-06,-3,-5,8,2296.610107421875
20,-0.024390243902439046,4.24509107688209e-06,-3,-5,8,2296.610107421875
21,0.024390243902439046,1.723017135191185e-06,-3,-5,8,2296.610107421875
22,0.07317073170731714,4.7399516915902495e-06,-3,-5,8,2296.610107421875
23,0.12195121951219523,0.00017593409575056285,-3,-5,8,2296.610107421875
24,0.17073170731707332,0.00034946788218803704,-3,-5,8,2296.610107421875
25,0.2195121951219512,2.6155013983952813e-05,-3,-5,8,2296.610107421875
26,0.2682926829268293,0.0010525055695325136,-3,-5,8,2296.610107421875
27,0.3170731707317074,0.0008554622181691229,-3,-5,8,2296.610107421875
28,0.36585365853658547,2.8062975616194308e-05,-3,-5,8,2296.610107421875
29,0.41463414634146356,5.608452283922816e-06,-3,-5,8,2296.610107421875
30,0.46341463414634143,4.971157522959402e-06,-3,-5,8,2296.610107421875
31,0.5121951219512195,0.00011094978253822774,-3,-5,8,2296.610107421875
32,0.5609756097560976,5.038485596742248e-06,-3,-5,8,2296.610107421875
33,0.6097560975609757,8.77200272952905e-06,-3,-5,8,2296.610107421875
34,0.6585365853658538,4.737067683890928e-06,-3,-5,8,2296.610107421875
35,0.7073170731707317,2.5065342015295755e-06,-3,-5,8,2296.610107421875
36,0.7560975609756098,1.7732370451994939e-06,-3,-5,8,2296.610107421875
37,0.8048780487804879,5.190806859900476e-06,-3,-5,8,2296.610107421875
38,0.853658536585366,3.229872527299449e-05,-3,-5,8,2296.610107421875
39,0.902439024390244,3.738630994121195e-06,-3,-5,8,2296.610107421875
40,0.9512195121951219,4.0006543713388965e-06,-3,-5,8,2296.610107421875
41,1.0,1.7541724446346052e-06,-3,-5,8,2296.610107421875
0,-1.0,2.161287011404056e-05,-3,-3,9,2296.610107421875
1,-0.9512195121951219,3.4601551305968314e-05,-3,-3,9,2296.610107421875
2,-0.9024390243902439,9.194375161314383e-05,-3,-3,9,2296.610107421875
3,-0.8536585365853658,9.635757305659354e-05,-3,-3,9,2296.610107421875
4,-0.8048780487804879,0.0002080228878185153,-3,-3,9,2296.610107421875
5,-0.7560975609756098,1.0877808563236613e-05,-3,-3,9,2296.610107421875
6,-0.7073170731707317,0.0006730334716849029,-3,-3,9,2296.610107421875
7,-0.6585365853658536,0.003814217634499073,-3,-3,9,2296.610107421875
8,-0.6097560975609756,0.07869238406419754,-3,-3,9,2296.610107421875
9,-0.5609756097560976,4.199001341476105e-05,-3,-3,9,2296.610107421875
10,-0.5121951219512195,0.0006809094338677824,-3,-3,9,2296.610107421875
11,-0.46341463414634143,0.0003116756270173937,-3,-3,9,2296.610107421875
12,-0.41463414634146334,7.384732452919707e-05,-3,-3,9,2296.610107421875
13,-0.36585365853658536,8.945916306402069e-06,-3,-3,9,2296.610107421875
14,-0.31707317073170727,0.00014843230019323528,-3,-3,9,2296.610107421875
15,-0.2682926829268293,6.434488113882253e-06,-3,-3,9,2296.610107421875
16,-0.2195121951219512,0.00012100266030756757,-3,-3,9,2296.610107421875
17,-0.1707317073170731,3.888570790877566e-05,-3,-3,9,2296.610107421875
18,-0.12195121951219512,6.759254119970137e-06,-3,-3,9,2296.610107421875
19,-0.07317073170731703,2.4554274205002002e-06,-3,-3,9,2296.610107421875
20,-0.024390243902439046,2.418102269530209e-07,-3,-3,9,2296.610107421875
21,0.024390243902439046,2.031711801464553e-06,-3,-3,9,2296.610107421875
22,0.07317073170731714,3.8442967706942e-06,-3,-3,9,2296.610107421875
23,0.12195121951219523,1.365938351227669e-05,-3,-3,9,2296.610107421875
24,0.17073170731707332,1.5355398375049845e-07,-3,-3,9,2296.610107421875
25,0.2195121951219512,2.7314572434988804e-06,-3,-3,9,2296.610107421875
26,0.2682926829268293,2.6721161248133285e-06,-3,-3,9,2296.610107421875
27,0.3170731707317074,1.4030197235115338e-06,-3,-3,9,2296.610107421875
28,0.36585365853658547,6.717624728480587e-06,-3,-3,9,2296.610107421875
29,0.41463414634146356,8.325559065269772e-06,-3,-3,9,2296.610107421875
30,0.46341463414634143,5.748744115408044e-06,-3,-3,9,2296.610107421875
31,0.5121951219512195,2.669726382009685e-05,-3,-3,9,2296.610107421875
32,0.5609756097560976,6.462455530709121e-06,-3,-3,9,2296.610107421875
33,0.6097560975609757,9.857396889856318e-07,-3,-3,9,2296.610107421875
34,0.6585365853658538,3.3545729820616543e-06,-3,-3,9,2296.610107421875
35,0.7073170731707317,0.0,-3,-3,9,2296.610107421875
36,0.7560975609756098,0.0,-3,-3,9,2296.610107421875
37,0.8048780487804879,0.0,-3,-3,9,2296.610107421875
38,0.853658536585366,0.0,-3,-3,9,2296.610107421875
39,0.902439024390244,0.0,-3,-3,9,2296.610107421875
40,0.9512195121951219,0.0,-3,-3,9,2296.610107421875
41,1.0,0.0,-3,-3,9,2296.610107421875
0,-1.0,0.0,-3,-2,9,2296.610107421875
1,-0.9512195121951219,0.0,-3,-2,9,2296.610107421875
2,-0.9024390243902439,0.0,-3,-2,9,2296.610107421875
3,-0.8536585365853658,1.7351965198031394e-06,-3,-2,9,2296.610107421875
4,-0.8048780487804879,1.4198134522303008e-05,-3,-2,9,2296.610107421875
5,-0.7560975609756098,4.00856652049697e-06,-3,-2,9,2296.610107421875
6,-0.7073170731707317,1.6751253042457392e-06,-3,-2,9,2296.610107421875
7,-0.6585365853658536,4.114783678232925e-06,-3,-2,9,2296.610107421875
8,-0.6097560975609756,4.390598405734636e-06,-3,-2,9,2296.610107421875
9,-0.5609756097560976,7.173466656240635e-07,-3,-2,9,2296.610107421875
10,-0.5121951219512195,8.411131602770183e-06,-3,-2,9,2296.610107421875
11,-0.46341463414634143,7.474004178220639e-06,-3,-2,9,2296.610107421875
12,-0.41463414634146334,2.5365991405124078e-06,-3,-2,9,2296.610107421875
13,-0.36585365853658536,3.1657511954108486e-06,-3,-2,9,2296.610107421875
14,-0.31707317073170727,4.026685928693041e-06,-3,-2,9,2296.610107421875
15,-0.2682926829268293,8.198892828659154e-06,-3,-2,9,2296.610107421875
16,-0.2195121951219512,3.845254468615167e-05,-3,-2,9,2296.610107421875
17,-0.1707317073170731,1.8044538592221215e-06,-3,-2,9,2296.610107421875
18,-0.12195121951219512,1.4797535186517052e-05,-3,-2,9,2296.610107421875
19,-0.07317073170731703,1.985145718208514e-05,-3,-2,9,2296.610107421875
20,-0.024390243902439046,1.3060880519333296e-05,-3,-2,9,2296.610107421875
21,0.024390243902439046,6.492878583230777e-06,-3,-2,9,2296.610107421875
22,0.07317073170731714,6.983177627262194e-06,-3,-2,9,2296.610107421875
23,0.12195121951219523,7.771345735818613e-06,-3,-2,9,2296.610107421875
24,0.17073170731707332,8.017502841539681e-05,-3,-2,9,2296.610107421875
25,0.2195121951219512,0.0001523219107184559,-3,-2,9,2296.610107421875
26,0.2682926829268293,1.2091920325474348e-05,-3,-2,9,2296.610107421875
27,0.3170731707317074,1.2619841982086655e-05,-3,-2,9,2296.610107421875
28,0.36585365853658547,1.8222948483526125e-06,-3,-2,9,2296.610107421875
29,0.41463414634146356,8.270525881926005e-07,-3,-2,9,2296.610107421875
30,0.46341463414634143,2.9322103728190996e-05,-3,-2,9,2296.610107421875
31,0.5121951219512195,0.0011315195588395,-3,-2,9,2296.610107421875
32,0.5609756097560976,0.00029971919138915837,-3,-2,9,2296.610107421875
33,0.6097560975609757,3.335807559778914e-05,-3,-2,9,2296.610107421875
34,0.6585365853658538,0.0003705366107169539,-3,-2,9,2296.610107421875
35,0.7073170731707317,0.002278028754517436,-3,-2,9,2296.610107421875
36,0.7560975609756098,0.0028443459887057543,-3,-2,9,2296.610107421875
37,0.8048780487804879,0.00784227717667818,-3,-2,9,2296.610107421875
38,0.853658536585366,0.08907933533191681,-3,-2,9,2296.610107421875
39,0.902439024390244,0.012223930098116398,-3,-2,9,2296.610107421875
40,0.9512195121951219,0.0024409715551882982,-3,-2,9,2296.610107421875
41,1.0,0.0007787751383148134,-3,-2,9,2296.610107421875
0,-1.0,0.0,-3,5,11,2296.610107421875
1,-0.9512195121951219,0.0,-3,5,11,2296.610107421875
2,-0.9024390243902439,0.0,-3,5,11,2296.610107421875
3,-0.8536585365853658,0.0,-3,5,11,2296.610107421875
4,-0.8048780487804879,0.0,-3,5,11,2296.610107421875
5,-0.7560975609756098,0.0,-3,5,11,2296.610107421875
6,-0.7073170731707317,0.0,-3,5,11,2296.610107421875
7,-0.6585365853658536,0.0,-3,5,11,2296.610107421875
8,-0.6097560975609756,0.0,-3,5,11,2296.610107421875
9,-0.5609756097560976,0.0,-3,5,11,2296.610107421875
10,-0.5121951219512195,0.0,-3,5,11,2296.610107421875
11,-0.46341463414634143,0.0,-3,5,11,2296.610107421875
12,-0.41463414634146334,0.0,-3,5,11,2296.610107421875
13,-0.36585365853658536,0.0,-3,5,11,2296.610107421875
14,-0.31707317073170727,0.0,-3,5,11,2296.610107421875
15,-0.2682926829268293,6.820924340900092e-07,-3,5,11,2296.610107421875
16,-0.2195121951219512,3.515423827593622e-07,-3,5,11,2296.610107421875
17,-0.1707317073170731,7.447918051184388e-07,-3,5,11,2296.610107421875
18,-0.12195121951219512,1.0096493419098351e-08,-3,5,11,2296.610107421875
19,-0.07317073170731703,5.6174069840153606e-08,-3,5,11,2296.610107421875
20,-0.024390243902439046,1.1339854211200873e-07,-3,5,11,2296.610107421875
21,0.024390243902439046,5.511500944521686e-07,-3,5,11,2296.610107421875
22,0.07317073170731714,1.8599305349198403e-06,-3,5,11,2296.610107421875
23,0.12195121951219523,1.90771538655099e-06,-3,5,11,2296.610107421875
24,0.17073170731707332,2.081119419017341e-06,-3,5,11,2296.610107421875
25,0.2195121951219512,3.676706000987906e-06,-3,5,11,2296.610107421875
26,0.2682926829268293,6.738972842867952e-06,-3,5,11,2296.610107421875
27,0.3170731707317074,2.8969657250854652e-06,-3,5,11,2296.610107421875
28,0.36585365853658547,1.2240880664649012e-07,-3,5,11,2296.610107421875
29,0.41463414634146356,7.4453319029998966e-06,-3,5,11,2296.610107421875
30,0.46341463414634143,5.201438398216851e-06,-3,5,11,2296.610107421875
31,0.5121951219512195,3.548214863258181e-06,-3,5,11,2296.610107421875
32,0.5609756097560976,7.322237706830492e-06,-3,5,11,2296.610107421875
33,0.6097560975609757,9.04963872017106e-06,-3,5,11,2296.610107421875
34,0.6585365853658538,4.573497790261172e-05,-3,5,11,2296.610107421875
35,0.7073170731707317,4.257381533534499e-06,-3,5,11,2296.610107421875
36,0.7560975609756098,0.00012737189535982907,-3,5,11,2296.610107421875
37,0.8048780487804879,8.555580279789865e-05,-3,5,11,2296.610107421875
38,0.853658536585366,7.919874042272568e-05,-3,5,11,2296.610107421875
39,0.902439024390244,0.0034293027129024267,-3,5,11,2296.610107421875
40,0.9512195121951219,0.0020260352175682783,-3,5,11,2296.610107421875
41,1.0,0.0005095303058624268,-3,5,11,2296.610107421875
0,-1.0,0.0,-2,-8,4,2296.610107421875
1,-0.9512195121951219,0.0,-2,-8,4,2296.610107421875
2,-0.9024390243902439,1.2428751006154926e-06,-2,-8,4,2296.610107421875
3,-0.8536585365853658,2.5518045276839985e-06,-2,-8,4,2296.610107421875
4,-0.8048780487804879,4.999818884243723e-06,-2,-8,4,2296.610107421875
5,-0.7560975609756098,2.8173687383059587e-07,-2,-8,4,2296.610107421875
6,-0.7073170731707317,1.2432867606548825e-06,-2,-8,4,2296.610107421875
7,-0.6585365853658536,1.9667452022531506e-07,-2,-8,4,2296.610107421875
8,-0.6097560975609756,3.112226067969459e-06,-2,-8,4,2296.610107421875
9,-0.5609756097560976,6.51880043278652e-07,-2,-8,4,2296.610107421875
10,-0.5121951219512195,1.4555233974533621e-05,-2,-8,4,2296.610107421875
11,-0.46341463414634143,7.3413739301031455e-06,-2,-8,4,2296.610107421875
12,-0.41463414634146334,2.9081649699946865e-05,-2,-8,4,2296.610107421875
13,-0.36585365853658536,0.005178223829716444,-2,-8,4,2296.610107421875
14,-0.31707317073170727,1.3841711279383162e-06,-2,-8,4,2296.610107421875
15,-0.2682926829268293,1.7704527408568538e-06,-2,-8,4,2296.610107421875
16,-0.2195121951219512,1.2356654224277008e-05,-2,-8,4,2296.610107421875
17,-0.1707317073170731,2.184008735639509e-06,-2,-8,4,2296.610107421875
18,-0.12195121951219512,8.31059969641501e-06,-2,-8,4,2296.610107421875
19,-0.07317073170731703,4.61502651205592e-07,-2,-8,4,2296.610107421875
20,-0.024390243902439046,3.609292420492238e-08,-2,-8,4,2296.610107421875
21,0.024390243902439046,1.187004272651393e-07,-2,-8,4,2296.610107421875
22,0.07317073170731714,7.038472631393233e-07,-2,-8,4,2296.610107421875
23,0.12195121951219523,6.769976607756689e-06,-2,-8,4,2296.610107421875
24,0.17073170731707332,1.5213932158530952e-07,-2,-8,4,2296.610107421875
25,0.2195121951219512,0.0,-2,-8,4,2296.610107421875
26,0.2682926829268293,0.0,-2,-8,4,2296.610107421875
27,0.3170731707317074,0.0,-2,-8,4,2296.610107421875
28,0.36585365853658547,0.0,-2,-8,4,2296.610107421875
29,0.41463414634146356,0.0,-2,-8,4,2296.610107421875
30,0.46341463414634143,0.0,-2,-8,4,2296.610107421875
31,0.5121951219512195,0.0,-2,-8,4,2296.610107421875
32,0.5609756097560976,0.0,-2,-8,4,2296.610107421875
33,0.6097560975609757,0.0,-2,-8,4,2296.610107421875
34,0.6585365853658538,0.0,-2,-8,4,2296.610107421875
35,0.7073170731707317,0.0,-2,-8,4,2296.610107421875
36,0.7560975609756098,0.0,-2,-8,4,2296.610107421875
37,0.8048780487804879,0.0,-2,-8,4,2296.610107421875
38,0.853658536585366,0.0,-2,-8,4,2296.610107421875
39,0.902439024390244,0.0,-2,-8,4,2296.610107421875
40,0.9512195121951219,0.0,-2,-8,4,2296.610107421875
41,1.0,0.0,-2,-8,4,2296.610107421875
0,-1.0,0.0,-2,-7,4,2296.610107421875
1,-0.9512195121951219,0.0,-2,-7,4,2296.610107421875
2,-0.9024390243902439,0.0,-2,-7,4,2296.610107421875
3,-0.8536585365853658,0.0,-2,-7,4,2296.610107421875
4,-0.8048780487804879,0.0,-2,-7,4,2296.610107421875
5,-0.7560975609756098,0.0,-2,-7,4,2296.610107421875
6,-0.7073170731707317,0.0,-2,-7,4,2296.610107421875
7,-0.6585365853658536,0.0,-2,-7,4,2296.610107421875
8,-0.6097560975609756,0.0,-2,-7,4,2296.610107421875
9,-0.5609756097560976,0.0,-2,-7,4,2296.610107421875
10,-0.5121951219512195,0.0,-2,-7,4,2296.610107421875
11,-0.46341463414634143,0.0,-2,-7,4,2296.610107421875
12,-0.41463414634146334,0.0,-2,-7,4,2296.610107421875
13,-0.36585365853658536,0.0,-2,-7,4,2296.610107421875
14,-0.31707317073170727,0.0,-2,-7,4,2296.610107421875
15,-0.2682926829268293,0.0,-2,-7,4,2296.610107421875
16,-0.2195121951219512,2.492777753104747e-07,-2,-7,4,2296.610107421875
17,-0.1707317073170731,2.4163182388292626e-07,-2,-7,4,2296.610107421875
18,-0.12195121951219512,1.4805775094828277e-07,-2,-7,4,2296.610107421875
19,-0.07317073170731703,2.005707244734367e-07,-2,-7,4,2296.610107421875
20,-0.024390243902439046,4.436927611095598e-06,-2,-7,4,2296.610107421875
21,0.024390243902439046,7.530446737291641e-07,-2,-7,4,2296.610107421875
22,0.07317073170731714,1.9558335679903394e-06,-2,-7,4,2296.610107421875
23,0.12195121951219523,6.205576937645674e-06,-2,-7,4,2296.610107421875
24,0.17073170731707332,3.26142708217958e-06,-2,-7,4,2296.610107421875
25,0.2195121951219512,4.153071859036572e-05,-2,-7,4,2296.610107421875
26,0.2682926829268293,7.966015255078673e-05,-2,-7,4,2296.610107421875
27,0.3170731707317074,4.5217184378998354e-05,-2,-7,4,2296.610107421875
28,0.36585365853658547,4.0717219235375524e-05,-2,-7,4,2296.610107421875
29,0.41463414634146356,0.004477118607610464,-2,-7,4,2296.610107421875
30,0.46341463414634143,1.8297252609045245e-05,-2,-7,4,2296.610107421875
31,0.5121951219512195,3.1391376978717744e-05,-2,-7,4,2296.610107421875
32,0.5609756097560976,4.604528839990962e-06,-2,-7,4,2296.610107421875
33,0.6097560975609757,2.1099353944009636e-06,-2,-7,4,2296.610107421875
34,0.6585365853658538,1.8603166154207429e-06,-2,-7,4,2296.610107421875
35,0.7073170731707317,9.894621371131507e-07,-2,-7,4,2296.610107421875
36,0.7560975609756098,4.385711235954659e-06,-2,-7,4,2296.610107421875
37,0.8048780487804879,7.529467893618857e-07,-2,-7,4,2296.610107421875
38,0.853658536585366,1.778597379598068e-06,-2,-7,4,2296.610107421875
39,0.902439024390244,5.727074494643603e-07,-2,-7,4,2296.610107421875
40,0.9512195121951219,6.34420231904187e-08,-2,-7,4,2296.610107421875
41,1.0,3.284108629486582e-07,-2,-7,4,2296.610107421875
0,-1.0,4.1548843000782654e-05,-2,-6,5,2296.610107421875
1,-0.9512195121951219,4.289324351702817e-06,-2,-6,5,2296.610107421875
2,-0.9024390243902439,7.01129756635055e-05,-2,-6,5,2296.610107421875
3,-0.8536585365853658,0.0005353789310902357,-2,-6,5,2296.610107421875
4,-0.8048780487804879,5.408057040767744e-05,-2,-6,5,2296.610107421875
5,-0.7560975609756098,0.0009701306116767228,-2,-6,5,2296.610107421875
6,-0.7073170731707317,0.0004989466979168355,-2,-6,5,2296.610107421875
7,-0.6585365853658536,0.0002568450872786343,-2,-6,5,2296.610107421875
8,-0.6097560975609756,5.807419802295044e-05,-2,-6,5,2296.610107421875
9,-0.5609756097560976,8.052787597989663e-05,-2,-6,5,2296.610107421875
10,-0.5121951219512195,1.766297827998642e-05,-2,-6,5,2296.610107421875
11,-0.46341463414634143,2.5374722554261098e-06,-2,-6,5,2296.610107421875
12,-0.41463414634146334,3.0196185889508342e-06,-2,-6,5,2296.610107421875
13,-0.36585365853658536,1.7902802937896922e-06,-2,-6,5,2296.610107421875
14,-0.31707317073170727,8.1726998502063e-09,-2,-6,5,2296.610107421875
15,-0.2682926829268293,1.4797939229538315e-06,-2,-6,5,2296.610107421875
16,-0.2195121951219512,2.377282299903527e-07,-2,-6,5,2296.610107421875
17,-0.1707317073170731,4.1770991288103687e-07,-2,-6,5,2296.610107421875
18,-0.12195121951219512,6.136145316304464e-07,-2,-6,5,2296.610107421875
19,-0.07317073170731703,1.910216724354541e-06,-2,-6,5,2296.610107421875
20,-0.024390243902439046,4.153634236558901e-08,-2,-6,5,2296.610107421875
21,0.024390243902439046,0.0,-2,-6,5,2296.610107421875
22,0.07317073170731714,0.0,-2,-6,5,2296.610107421875
23,0.12195121951219523,0.0,-2,-6,5,2296.610107421875
24,0.17073170731707332,0.0,-2,-6,5,2296.610107421875
25,0.2195121951219512,0.0,-2,-6,5,2296.610107421875
26,0.2682926829268293,0.0,-2,-6,5,2296.610107421875
27,0.3170731707317074,0.0,-2,-6,5,2296.610107421875
28,0.36585365853658547,0.0,-2,-6,5,2296.610107421875
29,0.41463414634146356,0.0,-2,-6,5,2296.610107421875
30,0.46341463414634143,0.0,-2,-6,5,2296.610107421875
31,0.5121951219512195,0.0,-2,-6,5,2296.610107421875
32,0.5609756097560976,0.0,-2,-6,5,2296.610107421875
33,0.6097560975609757,0.0,-2,-6,5,2296.610107421875
34,0.6585365853658538,0.0,-2,-6,5,2296.610107421875
35,0.7073170731707317,0.0,-2,-6,5,2296.610107421875
36,0.7560975609756098,0.0,-2,-6,5,2296.610107421875
37,0.8048780487804879,0.0,-2,-6,5,2296.610107421875
38,0.853658536585366,0.0,-2,-6,5,2296.610107421875
39,0.902439024390244,0.0,-2,-6,5,2296.610107421875
40,0.9512195121951219,0.0,-2,-6,5,2296.610107421875
41,1.0,0.0,-2,-6,5,2296.610107421875
0,-1.0,0.0,-2,-5,5,2296.610107421875
1,-0.9512195121951219,0.0,-2,-5,5,2296.610107421875
2,-0.9024390243902439,0.0,-2,-5,5,2296.610107421875
3,-0.8536585365853658,0.0,-2,-5,5,2296.610107421875
4,-0.8048780487804879,0.0,-2,-5,5,2296.610107421875
5,-0.7560975609756098,9.895247785607353e-06,-2,-5,5,2296.610107421875
6,-0.7073170731707317,3.3531812277942663e-06,-2,-5,5,2296.610107421875
7,-0.6585365853658536,3.5185612432542257e-06,-2,-5,5,2296.610107421875
8,-0.6097560975609756,6.035209025867516e-06,-2,-5,5,2296.610107421875
9,-0.5609756097560976,9.079394658328965e-06,-2,-5,5,2296.610107421875
10,-0.5121951219512195,4.009728399978485e-06,-2,-5,5,2296.610107421875
11,-0.46341463414634143,1.6764144675107673e-05,-2,-5,5,2296.610107421875
12,-0.41463414634146334,2.0338347894721664e-05,-2,-5,5,2296.610107421875
13,-0.36585365853658536,5.925327423028648e-05,-2,-5,5,2296.610107421875
14,-0.31707317073170727,4.093286406714469e-05,-2,-5,5,2296.610107421875
15,-0.2682926829268293,1.3246661183075048e-05,-2,-5,5,2296.610107421875
16,-0.2195121951219512,6.276927160797641e-05,-2,-5,5,2296.610107421875
17,-0.1707317073170731,0.000314188189804554,-2,-5,5,2296.610107421875
18,-0.12195121951219512,2.972322363348212e-06,-2,-5,5,2296.610107421875
19,-0.07317073170731703,9.568305358698126e-06,-2,-5,5,2296.610107421875
20,-0.024390243902439046,0.00011348026600899175,-2,-5,5,2296.610107421875
21,0.024390243902439046,3.3547315979376435e-05,-2,-5,5,2296.610107421875
22,0.07317073170731714,0.0007783208857290447,-2,-5,5,2296.610107421875
23,0.12195121951219523,0.0368829071521759,-2,-5,5,2296.610107421875
24,0.17073170731707332,0.00016970992146525532,-2,-5,5,2296.610107421875
25,0.2195121951219512,0.0001113830367103219,-2,-5,5,2296.610107421875
26,0.2682926829268293,7.65740405768156e-05,-2,-5,5,2296.610107421875
27,0.3170731707317074,8.76413378136931e-06,-2,-5,5,2296.610107421875
28,0.36585365853658547,3.5663415474118665e-05,-2,-5,5,2296.610107421875
29,0.41463414634146356,2.7299471184960566e-05,-2,-5,5,2296.610107421875
30,0.46341463414634143,5.932890871918062e-06,-2,-5,5,2296.610107421875
31,0.5121951219512195,0.00022811282542534173,-2,-5,5,2296.610107421875
32,0.5609756097560976,9.821853382163681e-06,-2,-5,5,2296.610107421875
33,0.6097560975609757,1.720844920782838e-05,-2,-5,5,2296.610107421875
34,0.6585365853658538,1.660217640164774e-05,-2,-5,5,2296.610107421875
35,0.7073170731707317,1.0152657523576636e-05,-2,-5,5,2296.610107421875
36,0.7560975609756098,9.94986476143822e-06,-2,-5,5,2296.610107421875
37,0.8048780487804879,1.761019302648492e-05,-2,-5,5,2296.610107421875
38,0.853658536585366,5.208260063227499e-06,-2,-5,5,2296.610107421875
39,0.902439024390244,2.1115538402227685e-06,-2,-5,5,2296.610107421875
40,0.9512195121951219,1.3408412087301258e-06,-2,-5,5,2296.610107421875
41,1.0,0.0,-2,-5,5,2296.610107421875
0,-1.0,0.020506175234913826,-2,-3,6,2296.610107421875
1,-0.9512195121951219,0.0023885993286967278,-2,-3,6,2296.610107421875
2,-0.9024390243902439,0.07463327795267105,-2,-3,6,2296.610107421875
3,-0.8536585365853658,0.007370400242507458,-2,-3,6,2296.610107421875
4,-0.8048780487804879,0.0003343775460962206,-2,-3,6,2296.610107421875
5,-0.7560975609756098,3.692048994707875e-05,-2,-3,6,2296.610107421875
6,-0.7073170731707317,5.129397686687298e-05,-2,-3,6,2296.610107421875
7,-0.6585365853658536,1.4716367331857327e-05,-2,-3,6,2296.610107421875
8,-0.6097560975609756,8.299550972878933e-05,-2,-3,6,2296.610107421875
9,-0.5609756097560976,5.252363166619034e-07,-2,-3,6,2296.610107421875
10,-0.5121951219512195,3.461620144662447e-05,-2,-3,6,2296.610107421875
11,-0.46341463414634143,1.3620597201224882e-06,-2,-3,6,2296.610107421875
12,-0.41463414634146334,2.5407291104784235e-05,-2,-3,6,2296.610107421875
13,-0.36585365853658536,5.610175139736384e-05,-2,-3,6,2296.610107421875
14,-0.31707317073170727,2.7425861844676547e-05,-2,-3,6,2296.610107421875
15,-0.2682926829268293,6.51526715955697e-05,-2,-3,6,2296.610107421875
16,-0.2195121951219512,7.583011029055342e-05,-2,-3,6,2296.610107421875
17,-0.1707317073170731,2.7467793188407086e-05,-2,-3,6,2296.610107421875
18,-0.12195121951219512,5.463621164381038e-06,-2,-3,6,2296.610107421875
19,-0.07317073170731703,1.8900857412518235e-07,-2,-3,6,2296.610107421875
20,-0.024390243902439046,1.1534087207110133e-05,-2,-3,6,2296.610107421875
21,0.024390243902439046,1.1962911230511963e-05,-2,-3,6,2296.610107421875
22,0.07317073170731714,1.8962684862344759e-06,-2,-3,6,2296.610107421875
23,0.12195121951219523,0.00011183943570358679,-2,-3,6,2296.610107421875
24,0.17073170731707332,1.0040749657491688e-05,-2,-3,6,2296.610107421875
25,0.2195121951219512,1.957080030479119e-06,-2,-3,6,2296.610107421875
26,0.2682926829268293,1.4923458365956321e-05,-2,-3,6,2296.610107421875
27,0.3170731707317074,2.303098881384358e-06,-2,-3,6,2296.610107421875
28,0.36585365853658547,1.717616271434963e-07,-2,-3,6,2296.610107421875
29,0.41463414634146356,2.480653620295925e-06,-2,-3,6,2296.610107421875
30,0.46341463414634143,3.2162276397684764e-07,-2,-3,6,2296.610107421875
31,0.5121951219512195,0.0,-2,-3,6,2296.610107421875
32,0.5609756097560976,0.0,-2,-3,6,2296.610107421875
33,0.6097560975609757,0.0,-2,-3,6,2296.610107421875
34,0.6585365853658538,0.0,-2,-3,6,2296.610107421875
35,0.7073170731707317,0.0,-2,-3,6,2296.610107421875
36,0.7560975609756098,0.0,-2,-3,6,2296.610107421875
37,0.8048780487804879,0.0,-2,-3,6,2296.610107421875
38,0.853658536585366,0.0,-2,-3,6,2296.610107421875
39,0.902439024390244,0.0,-2,-3,6,2296.610107421875
40,0.9512195121951219,0.0,-2,-3,6,2296.610107421875
41,1.0,0.0,-2,-3,6,2296.610107421875
0,-1.0,4.334026925789658e-06,-2,-2,6,2296.610107421875
1,-0.9512195121951219,5.121969934407389e-06,-2,-2,6,2296.610107421875
2,-0.9024390243902439,6.516512075904757e-05,-2,-2,6,2296.610107421875
3,-0.8536585365853658,5.616080670733936e-05,-2,-2,6,2296.610107421875
4,-0.8048780487804879,8.720223377167713e-06,-2,-2,6,2296.610107421875
5,-0.7560975609756098,1.92483639693819e-05,-2,-2,6,2296.610107421875
6,-0.7073170731707317,1.4882378309266642e-05,-2,-2,6,2296.610107421875
7,-0.6585365853658536,1.863761463027913e-05,-2,-2,6,2296.610107421875
8,-0.6097560975609756,7.748396456008777e-05,-2,-2,6,2296.610107421875
9,-0.5609756097560976,0.00022094949963502586,-2,-2,6,2296.610107421875
10,-0.5121951219512195,3.223997919121757e-05,-2,-2,6,2296.610107421875
11,-0.46341463414634143,0.00010490862041478977,-2,-2,6,2296.610107421875
12,-0.41463414634146334,0.00010455010487930849,-2,-2,6,2296.610107421875
13,-0.36585365853658536,9.304224658990279e-05,-2,-2,6,2296.610107421875
14,-0.31707317073170727,0.000530596764292568,-2,-2,6,2296.610107421875
15,-0.2682926829268293,0.0007334374240599573,-2,-2,6,2296.610107421875
16,-0.2195121951219512,4.101547892787494e-05,-2,-2,6,2296.610107421875
17,-0.1707317073170731,0.0002474733628332615,-2,-2,6,2296.610107421875
18,-0.12195121951219512,0.00023388616682495922,-2,-2,6,2296.610107421875
19,-0.07317073170731703,8.83711691130884e-05,-2,-2,6,2296.610107421875
20,-0.024390243902439046,0.00039482320426031947,-2,-2,6,2296.610107421875
21,0.024390243902439046,0.0005814496544189751,-2,-2,6,2296.610107421875
22,0.07317073170731714,0.00048197616706602275,-2,-2,6,2296.610107421875
23,0.12195121951219523,0.00042910344200208783,-2,-2,6,2296.610107421875
24,0.17073170731707332,0.00029973266646265984,-2,-2,6,2296.610107421875
25,0.2195121951219512,9.286338899983093e-05,-2,-2,6,2296.610107421875
26,0.2682926829268293,0.0012702546082437038,-2,-2,6,2296.610107421875
27,0.3170731707317074,0.0005611924570985138,-2,-2,6,2296.610107421875
28,0.36585365853658547,4.0025555790634826e-05,-2,-2,6,2296.610107421875
29,0.41463414634146356,0.003729657968506217,-2,-2,6,2296.610107421875
30,0.46341463414634143,0.00037875003181397915,-2,-2,6,2296.610107421875
31,0.5121951219512195,0.3865939676761627,-2,-2,6,2296.610107421875
32,0.5609756097560976,0.007846582680940628,-2,-2,6,2296.610107421875
33,0.6097560975609757,0.012068979442119598,-2,-2,6,2296.610107421875
34,0.6585365853658538,0.003941290080547333,-2,-2,6,2296.610107421875
35,0.7073170731707317,0.002262952970340848,-2,-2,6,2296.610107421875
36,0.7560975609756098,0.0012012525694444776,-2,-2,6,2296.610107421875
37,0.8048780487804879,0.0012956418795511127,-2,-2,6,2296.610107421875
38,0.853658536585366,0.000963089638389647,-2,-2,6,2296.610107421875
39,0.902439024390244,0.0007246037712320685,-2,-2,6,2296.610107421875
40,0.9512195121951219,0.00047253668890334666,-2,-2,6,2296.610107421875
41,1.0,0.0002478169044479728,-2,-2,6,2296.610107421875
0,-1.0,0.0,-2,6,8,2296.610107421875
1,-0.9512195121951219,0.0,-2,6,8,2296.610107421875
2,-0.9024390243902439,0.0,-2,6,8,2296.610107421875
3,-0.8536585365853658,0.0,-2,6,8,2296.610107421875
4,-0.8048780487804879,0.0,-2,6,8,2296.610107421875
5,-0.7560975609756098,0.0,-2,6,8,2296.610107421875
6,-0.7073170731707317,0.0,-2,6,8,2296.610107421875
7,-0.6585365853658536,0.0,-2,6,8,2296.610107421875
8,-0.6097560975609756,0.0,-2,6,8,2296.610107421875
9,-0.5609756097560976,0.0,-2,6,8,2296.610107421875
10,-0.5121951219512195,0.0,-2,6,8,2296.610107421875
11,-0.46341463414634143,0.0,-2,6,8,2296.610107421875
12,-0.41463414634146334,0.0,-2,6,8,2296.610107421875
13,-0.36585365853658536,1.006791649160732e-06,-2,6,8,2296.610107421875
14,-0.31707317073170727,1.7961184539672104e-06,-2,6,8,2296.610107421875
15,-0.2682926829268293,1.306490503338864e-06,-2,6,8,2296.610107421875
16,-0.2195121951219512,5.894269605732916e-08,-2,6,8,2296.610107421875
17,-0.1707317073170731,2.461921212670859e-06,-2,6,8,2296.610107421875
18,-0.12195121951219512,2.0440954529021838e-07,-2,6,8,2296.610107421875
19,-0.07317073170731703,2.653906676641782e-06,-2,6,8,2296.610107421875
20,-0.024390243902439046,5.103781841597765e-09,-2,6,8,2296.610107421875
21,0.024390243902439046,4.234377229295205e-06,-2,6,8,2296.610107421875
22,0.07317073170731714,8.372222168873122e-07,-2,6,8,2296.610107421875
23,0.12195121951219523,5.5811410675232764e-06,-2,6,8,2296.610107421875
24,0.17073170731707332,1.0219174555459176e-06,-2,6,8,2296.610107421875
25,0.2195121951219512,1.1001484381267801e-05,-2,6,8,2296.610107421875
26,0.2682926829268293,1.8786095097311772e-05,-2,6,8,2296.610107421875
27,0.3170731707317074,5.847199986419582e-07,-2,6,8,2296.610107421875
28,0.36585365853658547,1.6300032257277053e-06,-2,6,8,2296.610107421875
29,0.41463414634146356,0.0006254660547710955,-2,6,8,2296.610107421875
30,0.46341463414634143,0.00012956168211530894,-2,6,8,2296.610107421875
31,0.5121951219512195,1.3931655757914996e-06,-2,6,8,2296.610107421875
32,0.5609756097560976,0.000761930481530726,-2,6,8,2296.610107421875
33,0.6097560975609757,2.6124358555534855e-05,-2,6,8,2296.610107421875
34,0.6585365853658538,4.772556712850928e-05,-2,6,8,2296.610107421875
35,0.7073170731707317,2.1521489543374628e-05,-2,6,8,2296.610107421875
36,0.7560975609756098,3.5107128496747464e-05,-2,6,8,2296.610107421875
37,0.8048780487804879,2.001537268370157e-06,-2,6,8,2296.610107421875
38,0.853658536585366,2.9938466923340457e-06,-2,6,8,2296.610107421875
39,0.902439024390244,9.360097124044842e-07,-2,6,8,2296.610107421875
40,0.9512195121951219,7.295658178918529e-06,-2,6,8,2296.610107421875
41,1.0,6.260228815335722e-07,-2,6,8,2296.610107421875
0,-1.0,0.0,-2,7,8,2296.610107421875
1,-0.9512195121951219,0.0,-2,7,8,2296.610107421875
2,-0.9024390243902439,0.0,-2,7,8,2296.610107421875
3,-0.8536585365853658,0.0,-2,7,8,2296.610107421875
4,-0.8048780487804879,0.0,-2,7,8,2296.610107421875
5,-0.7560975609756098,0.0,-2,7,8,2296.610107421875
6,-0.7073170731707317,0.0,-2,7,8,2296.610107421875
7,-0.6585365853658536,0.0,-2,7,8,2296.610107421875
8,-0.6097560975609756,0.0,-2,7,8,2296.610107421875
9,-0.5609756097560976,0.0,-2,7,8,2296.610107421875
10,-0.5121951219512195,8.454864541818097e-08,-2,7,8,2296.610107421875
11,-0.46341463414634143,1.8881682706251013e-07,-2,7,8,2296.610107421875
12,-0.41463414634146334,3.3089946782638435e-07,-2,7,8,2296.610107421875
13,-0.36585365853658536,7.104375754352077e-07,-2,7,8,2296.610107421875
14,-0.31707317073170727,1.0317955911887111e-06,-2,7,8,2296.610107421875
15,-0.2682926829268293,5.892698951015518e-08,-2,7,8,2296.610107421875
16,-0.2195121951219512,2.2884256395627744e-05,-2,7,8,2296.610107421875
17,-0.1707317073170731,1.6315523510002095e-07,-2,7,8,2296.610107421875
18,-0.12195121951219512,3.5870795045411796e-07,-2,7,8,2296.610107421875
19,-0.07317073170731703,1.2429690286808182e-05,-2,7,8,2296.610107421875
20,-0.024390243902439046,6.394694992195582e-06,-2,7,8,2296.610107421875
21,0.024390243902439046,1.3631743968289811e-05,-2,7,8,2296.610107421875
22,0.07317073170731714,1.7294032659265213e-05,-2,7,8,2296.610107421875
23,0.12195121951219523,3.105028372374363e-05,-2,7,8,2296.610107421875
24,0.17073170731707332,0.0003097487206105143,-2,7,8,2296.610107421875
25,0.2195121951219512,0.0002694804279599339,-2,7,8,2296.610107421875
26,0.2682926829268293,4.1890689317369834e-05,-2,7,8,2296.610107421875
27,0.3170731707317074,6.014256996422773e-06,-2,7,8,2296.610107421875
28,0.36585365853658547,2.519441295589786e-06,-2,7,8,2296.610107421875
29,0.41463414634146356,9.039218298312335e-07,-2,7,8,2296.610107421875
30,0.46341463414634143,2.7430082809587475e-06,-2,7,8,2296.610107421875
31,0.5121951219512195,8.019517736101989e-06,-2,7,8,2296.610107421875
32,0.5609756097560976,2.8621257115446497e-06,-2,7,8,2296.610107421875
33,0.6097560975609757,3.924019722489902e-07,-2,7,8,2296.610107421875
34,0.6585365853658538,1.240603069163626e-06,-2,7,8,2296.610107421875
35,0.7073170731707317,2.2203869320946978e-07,-2,7,8,2296.610107421875
36,0.7560975609756098,1.3604333162220428e-06,-2,7,8,2296.610107421875
37,0.8048780487804879,5.210860763327219e-06,-2,7,8,2296.610107421875
38,0.853658536585366,8.63191303324129e-07,-2,7,8,2296.610107421875
39,0.902439024390244,5.057324301560584e-07,-2,7,8,2296.610107421875
40,0.9512195121951219,1.8149358993468923e-07,-2,7,8,2296.610107421875
41,1.0,0.0,-2,7,8,2296.610107421875
0,-1.0,0.0,-2,8,8,2296.610107421875
1,-0.9512195121951219,0.0,-2,8,8,2296.610107421875
2,-0.9024390243902439,0.0,-2,8,8,2296.610107421875
3,-0.8536585365853658,0.0,-2,8,8,2296.610107421875
4,-0.8048780487804879,0.0,-2,8,8,2296.610107421875
5,-0.7560975609756098,0.0,-2,8,8,2296.610107421875
6,-0.7073170731707317,0.0,-2,8,8,2296.610107421875
7,-0.6585365853658536,0.0,-2,8,8,2296.610107421875
8,-0.6097560975609756,2.0323680871570105e-07,-2,8,8,2296.610107421875
9,-0.5609756097560976,2.907155760567548e-07,-2,8,8,2296.610107421875
10,-0.5121951219512195,1.4198292319633765e-06,-2,8,8,2296.610107421875
11,-0.46341463414634143,1.6139422243099943e-08,-2,8,8,2296.610107421875
12,-0.41463414634146334,3.720356744452147e-06,-2,8,8,2296.610107421875
13,-0.36585365853658536,1.1280394573986996e-06,-2,8,8,2296.610107421875
14,-0.31707317073170727,9.098420150621678e-07,-2,8,8,2296.610107421875
15,-0.2682926829268293,1.0862277122214437e-06,-2,8,8,2296.610107421875
16,-0.2195121951219512,3.082205148530193e-05,-2,8,8,2296.610107421875
17,-0.1707317073170731,2.1752919565187767e-05,-2,8,8,2296.610107421875
18,-0.12195121951219512,1.3249851917862543e-06,-2,8,8,2296.610107421875
19,-0.07317073170731703,8.75867553986609e-05,-2,8,8,2296.610107421875
20,-0.024390243902439046,2.5795163764996687e-06,-2,8,8,2296.610107421875
21,0.024390243902439046,0.0004048880946356803,-2,8,8,2296.610107421875
22,0.07317073170731714,2.6978133973898366e-05,-2,8,8,2296.610107421875
23,0.12195121951219523,7.32550415705191e-06,-2,8,8,2296.610107421875
24,0.17073170731707332,5.63978301215684e-06,-2,8,8,2296.610107421875
25,0.2195121951219512,7.018530823188485e-07,-2,8,8,2296.610107421875
26,0.2682926829268293,6.160345037642401e-06,-2,8,8,2296.610107421875
27,0.3170731707317074,1.9376618354272068e-07,-2,8,8,2296.610107421875
28,0.36585365853658547,1.4106961998550105e-06,-2,8,8,2296.610107421875
29,0.41463414634146356,3.0005282951606205e-06,-2,8,8,2296.610107421875
30,0.46341463414634143,2.313403655307411e-07,-2,8,8,2296.610107421875
31,0.5121951219512195,9.339048006040684e-07,-2,8,8,2296.610107421875
32,0.5609756097560976,4.880087089986773e-07,-2,8,8,2296.610107421875
33,0.6097560975609757,9.065371386896004e-07,-2,8,8,2296.610107421875
34,0.6585365853658538,1.0716151521705797e-08,-2,8,8,2296.610107421875
35,0.7073170731707317,0.0,-2,8,8,2296.610107421875
36,0.7560975609756098,0.0,-2,8,8,2296.610107421875
37,0.8048780487804879,0.0,-2,8,8,2296.610107421875
38,0.853658536585366,0.0,-2,8,8,2296.610107421875
39,0.902439024390244,0.0,-2,8,8,2296.610107421875
40,0.9512195121951219,0.0,-2,8,8,2296.610107421875
41,1.0,0.0,-2,8,8,2296.610107421875
0,-1.0,0.0,-1,-9,0,2296.610107421875
1,-0.9512195121951219,0.0,-1,-9,0,2296.610107421875
2,-0.9024390243902439,0.0,-1,-9,0,2296.610107421875
3,-0.8536585365853658,0.0,-1,-9,0,2296.610107421875
4,-0.8048780487804879,0.0,-1,-9,0,2296.610107421875
5,-0.7560975609756098,0.0,-1,-9,0,2296.610107421875
6,-0.7073170731707317,0.0,-1,-9,0,2296.610107421875
7,-0.6585365853658536,0.0,-1,-9,0,2296.610107421875
8,-0.6097560975609756,0.0,-1,-9,0,2296.610107421875
9,-0.5609756097560976,0.0,-1,-9,0,2296.610107421875
10,-0.5121951219512195,2.0230146446920116e-07,-1,-9,0,2296.610107421875
11,-0.46341463414634143,1.447520162400906e-06,-1,-9,0,2296.610107421875
12,-0.41463414634146334,1.0508429113542661e-06,-1,-9,0,2296.610107421875
13,-0.36585365853658536,3.473898459560587e-06,-1,-9,0,2296.610107421875
14,-0.31707317073170727,5.372186024032999e-06,-1,-9,0,2296.610107421875
15,-0.2682926829268293,2.892639940910158e-07,-1,-9,0,2296.610107421875
16,-0.2195121951219512,2.5374483811901882e-05,-1,-9,0,2296.610107421875
17,-0.1707317073170731,2.328047776245512e-05,-1,-9,0,2296.610107421875
18,-0.12195121951219512,1.1259455277468078e-05,-1,-9,0,2296.610107421875
19,-0.07317073170731703,1.2472230537241558e-06,-1,-9,0,2296.610107421875
20,-0.024390243902439046,0.0002304958616150543,-1,-9,0,2296.610107421875
21,0.024390243902439046,1.1003892723238096e-05,-1,-9,0,2296.610107421875
22,0.07317073170731714,4.067450390721206e-06,-1,-9,0,2296.610107421875
23,0.12195121951219523,6.9369689299492165e-06,-1,-9,0,2296.610107421875
24,0.17073170731707332,2.563023826951394e-06,-1,-9,0,2296.610107421875
25,0.2195121951219512,3.714677347943507e-07,-1,-9,0,2296.610107421875
26,0.2682926829268293,1.6619093003100716e-05,-1,-9,0,2296.610107421875
27,0.3170731707317074,1.2158757272118237e-06,-1,-9,0,2296.610107421875
28,0.36585365853658547,1.2826216106986976e-06,-1,-9,0,2296.610107421875
29,0.41463414634146356,5.716650775866583e-06,-1,-9,0,2296.610107421875
30,0.46341463414634143,3.7281671438904596e-07,-1,-9,0,2296.610107421875
31,0.5121951219512195,2.0247159682185156e-07,-1,-9,0,2296.610107421875
32,0.5609756097560976,0.0,-1,-9,0,2296.610107421875
33,0.6097560975609757,0.0,-1,-9,0,2296.610107421875
34,0.6585365853658538,0.0,-1,-9,0,2296.610107421875
35,0.7073170731707317,0.0,-1,-9,0,2296.610107421875
36,0.7560975609756098,0.0,-1,-9,0,2296.610107421875
37,0.8048780487804879,0.0,-1,-9,0,2296.610107421875
38,0.853658536585366,0.0,-1,-9,0,2296.610107421875
39,0.902439024390244,0.0,-1,-9,0,2296.610107421875
40,0.9512195121951219,0.0,-1,-9,0,2296.610107421875
41,1.0,0.0,-1,-9,0,2296.610107421875
0,-1.0,0.0,-1,-8,0,2296.610107421875
1,-0.9512195121951219,0.0,-1,-8,0,2296.610107421875
2,-0.9024390243902439,0.0,-1,-8,0,2296.610107421875
3,-0.8536585365853658,0.0,-1,-8,0,2296.610107421875
4,-0.8048780487804879,0.0,-1,-8,0,2296.610107421875
5,-0.7560975609756098,0.0,-1,-8,0,2296.610107421875
6,-0.7073170731707317,0.0,-1,-8,0,2296.610107421875
7,-0.6585365853658536,0.0,-1,-8,0,2296.610107421875
8,-0.6097560975609756,0.0,-1,-8,0,2296.610107421875
9,-0.5609756097560976,0.0,-1,-8,0,2296.610107421875
10,-0.5121951219512195,0.0,-1,-8,0,2296.610107421875
11,-0.46341463414634143,0.0,-1,-8,0,2296.610107421875
12,-0.41463414634146334,0.0,-1,-8,0,2296.610107421875
13,-0.36585365853658536,0.0,-1,-8,0,2296.610107421875
14,-0.31707317073170727,0.0,-1,-8,0,2296.610107421875
15,-0.2682926829268293,0.0,-1,-8,0,2296.610107421875
16,-0.2195121951219512,0.0,-1,-8,0,2296.610107421875
17,-0.1707317073170731,0.0,-1,-8,0,2296.610107421875
18,-0.12195121951219512,0.0,-1,-8,0,2296.610107421875
19,-0.07317073170731703,0.0,-1,-8,0,2296.610107421875
20,-0.024390243902439046,0.0,-1,-8,0,2296.610107421875
21,0.024390243902439046,0.0,-1,-8,0,2296.610107421875
22,0.07317073170731714,0.0,-1,-8,0,2296.610107421875
23,0.12195121951219523,0.0,-1,-8,0,2296.610107421875
24,0.17073170731707332,2.1822936560056405e-06,-1,-8,0,2296.610107421875
25,0.2195121951219512,1.5750840702821733e-06,-1,-8,0,2296.610107421875
26,0.2682926829268293,9.172810422342081e-08,-1,-8,0,2296.610107421875
27,0.3170731707317074,4.480590177990962e-06,-1,-8,0,2296.610107421875
28,0.36585365853658547,1.1842747653645347e-06,-1,-8,0,2296.610107421875
29,0.41463414634146356,2.01412240130594e-06,-1,-8,0,2296.610107421875
30,0.46341463414634143,8.011321369849611e-06,-1,-8,0,2296.610107421875
31,0.5121951219512195,2.522934300941415e-05,-1,-8,0,2296.610107421875
32,0.5609756097560976,1.818846612877678e-05,-1,-8,0,2296.610107421875
33,0.6097560975609757,3.6038170946994796e-05,-1,-8,0,2296.610107421875
34,0.6585365853658538,7.994390034582466e-05,-1,-8,0,2296.610107421875
35,0.7073170731707317,2.1042138541815802e-05,-1,-8,0,2296.610107421875
36,0.7560975609756098,0.007018545176833868,-1,-8,0,2296.610107421875
37,0.8048780487804879,0.00034863525070250034,-1,-8,0,2296.610107421875
38,0.853658536585366,0.00013126168050803244,-1,-8,0,2296.610107421875
39,0.902439024390244,9.23127845453564e-06,-1,-8,0,2296.610107421875
40,0.9512195121951219,0.00012782763224095106,-1,-8,0,2296.610107421875
41,1.0,1.6944735534707434e-06,-1,-8,0,2296.610107421875
0,-1.0,2.585589299997082e-06,-1,-8,1,2296.610107421875
1,-0.9512195121951219,1.2402322681737132e-05,-1,-8,1,2296.610107421875
2,-0.9024390243902439,2.3132712158258073e-05,-1,-8,1,2296.610107421875
3,-0.8536585365853658,6.619909254368395e-05,-1,-8,1,2296.610107421875
4,-0.8048780487804879,0.0215462576597929,-1,-8,1,2296.610107421875
5,-0.7560975609756098,0.00034377051633782685,-1,-8,1,2296.610107421875
6,-0.7073170731707317,1.5062907550600357e-05,-1,-8,1,2296.610107421875
7,-0.6585365853658536,3.719875621754909e-06,-1,-8,1,2296.610107421875
8,-0.6097560975609756,7.022527483968588e-07,-1,-8,1,2296.610107421875
9,-0.5609756097560976,1.0422329978609923e-05,-1,-8,1,2296.610107421875
10,-0.5121951219512195,6.084295364416903e-06,-1,-8,1,2296.610107421875
11,-0.46341463414634143,5.14219254910131e-06,-1,-8,1,2296.610107421875
12,-0.41463414634146334,6.444294058383093e-07,-1,-8,1,2296.610107421875
13,-0.36585365853658536,6.597004471586843e-07,-1,-8,1,2296.610107421875
14,-0.31707317073170727,8.025209581319359e-07,-1,-8,1,2296.610107421875
15,-0.2682926829268293,2.540873538237065e-06,-1,-8,1,2296.610107421875
16,-0.2195121951219512,1.185211431220523e-06,-1,-8,1,2296.610107421875
17,-0.1707317073170731,0.0,-1,-8,1,2296.610107421875
18,-0.12195121951219512,0.0,-1,-8,1,2296.610107421875
19,-0.07317073170731703,0.0,-1,-8,1,2296.610107421875
20,-0.024390243902439046,0.0,-1,-8,1,2296.610107421875
21,0.024390243902439046,0.0,-1,-8,1,2296.610107421875
22,0.07317073170731714,0.0,-1,-8,1,2296.610107421875
23,0.12195121951219523,0.0,-1,-8,1,2296.610107421875
24,0.17073170731707332,0.0,-1,-8,1,2296.610107421875
25,0.2195121951219512,0.0,-1,-8,1,2296.610107421875
26,0.2682926829268293,0.0,-1,-8,1,2296.610107421875
27,0.3170731707317074,0.0,-1,-8,1,2296.610107421875
28,0.36585365853658547,0.0,-1,-8,1,2296.610107421875
29,0.41463414634146356,0.0,-1,-8,1,2296.610107421875
30,0.46341463414634143,0.0,-1,-8,1,2296.610107421875
31,0.5121951219512195,0.0,-1,-8,1,2296.610107421875
32,0.5609756097560976,0.0,-1,-8,1,2296.610107421875
33,0.6097560975609757,0.0,-1,-8,1,2296.610107421875
34,0.6585365853658538,0.0,-1,-8,1,2296.610107421875
35,0.7073170731707317,0.0,-1,-8,1,2296.610107421875
36,0.7560975609756098,0.0,-1,-8,1,2296.610107421875
37,0.8048780487804879,0.0,-1,-8,1,2296.610107421875
38,0.853658536585366,0.0,-1,-8,1,2296.610107421875
39,0.902439024390244,0.0,-1,-8,1,2296.610107421875
40,0.9512195121951219,0.0,-1,-8,1,2296.610107421875
41,1.0,0.0,-1,-8,1,2296.610107421875
0,-1.0,0.0,-1,-7,1,2296.610107421875
1,-0.9512195121951219,0.0,-1,-7,1,2296.610107421875
2,-0.9024390243902439,0.0,-1,-7,1,2296.610107421875
3,-0.8536585365853658,0.0,-1,-7,1,2296.610107421875
4,-0.8048780487804879,0.0,-1,-7,1,2296.610107421875
5,-0.7560975609756098,0.0,-1,-7,1,2296.610107421875
6,-0.7073170731707317,7.449804684256378e-07,-1,-7,1,2296.610107421875
7,-0.6585365853658536,5.055946417087398e-07,-1,-7,1,2296.610107421875
8,-0.6097560975609756,1.2798474813280336e-07,-1,-7,1,2296.610107421875
9,-0.5609756097560976,1.4876821978759835e-06,-1,-7,1,2296.610107421875
10,-0.5121951219512195,7.409810223180102e-06,-1,-7,1,2296.610107421875
11,-0.46341463414634143,6.2150506892066915e-06,-1,-7,1,2296.610107421875
12,-0.41463414634146334,0.00010690332419471815,-1,-7,1,2296.610107421875
13,-0.36585365853658536,7.102212293830235e-07,-1,-7,1,2296.610107421875
14,-0.31707317073170727,1.8348684989177855e-06,-1,-7,1,2296.610107421875
15,-0.2682926829268293,6.640394076384837e-06,-1,-7,1,2296.610107421875
16,-0.2195121951219512,2.0181274521746673e-05,-1,-7,1,2296.610107421875
17,-0.1707317073170731,4.293118399800733e-05,-1,-7,1,2296.610107421875
18,-0.12195121951219512,0.0002312736469320953,-1,-7,1,2296.610107421875
19,-0.07317073170731703,5.713518839911558e-05,-1,-7,1,2296.610107421875
20,-0.024390243902439046,5.863885962753557e-05,-1,-7,1,2296.610107421875
21,0.024390243902439046,1.8873901353799738e-05,-1,-7,1,2296.610107421875
22,0.07317073170731714,1.1761372661567293e-05,-1,-7,1,2296.610107421875
23,0.12195121951219523,1.1682926015055273e-05,-1,-7,1,2296.610107421875
24,0.17073170731707332,3.356290790179628e-06,-1,-7,1,2296.610107421875
25,0.2195121951219512,2.894959834520705e-06,-1,-7,1,2296.610107421875
26,0.2682926829268293,2.479847717040684e-05,-1,-7,1,2296.610107421875
27,0.3170731707317074,2.570013975855545e-06,-1,-7,1,2296.610107421875
28,0.36585365853658547,3.799530361447978e-07,-1,-7,1,2296.610107421875
29,0.41463414634146356,2.944492507594987e-07,-1,-7,1,2296.610107421875
30,0.46341463414634143,3.338563828947372e-06,-1,-7,1,2296.610107421875
31,0.5121951219512195,5.615714144369122e-06,-1,-7,1,2296.610107421875
32,0.5609756097560976,7.702542461629491e-06,-1,-7,1,2296.610107421875
33,0.6097560975609757,0.0,-1,-7,1,2296.610107421875
34,0.6585365853658538,0.0,-1,-7,1,2296.610107421875
35,0.7073170731707317,0.0,-1,-7,1,2296.610107421875
36,0.7560975609756098,0.0,-1,-7,1,2296.610107421875
37,0.8048780487804879,0.0,-1,-7,1,2296.610107421875
38,0.853658536585366,0.0,-1,-7,1,2296.610107421875
39,0.902439024390244,0.0,-1,-7,1,2296.610107421875
40,0.9512195121951219,0.0,-1,-7,1,2296.610107421875
41,1.0,0.0,-1,-7,1,2296.610107421875
0,-1.0,0.0,-1,-6,1,2296.610107421875
1,-0.9512195121951219,0.0,-1,-6,1,2296.610107421875
2,-0.9024390243902439,0.0,-1,-6,1,2296.610107421875
3,-0.8536585365853658,0.0,-1,-6,1,2296.610107421875
4,-0.8048780487804879,0.0,-1,-6,1,2296.610107421875
5,-0.7560975609756098,0.0,-1,-6,1,2296.610107421875
6,-0.7073170731707317,0.0,-1,-6,1,2296.610107421875
7,-0.6585365853658536,0.0,-1,-6,1,2296.610107421875
8,-0.6097560975609756,0.0,-1,-6,1,2296.610107421875
9,-0.5609756097560976,0.0,-1,-6,1,2296.610107421875
10,-0.5121951219512195,0.0,-1,-6,1,2296.610107421875
11,-0.46341463414634143,0.0,-1,-6,1,2296.610107421875
12,-0.41463414634146334,0.0,-1,-6,1,2296.610107421875
13,-0.36585365853658536,0.0,-1,-6,1,2296.610107421875
14,-0.31707317073170727,0.0,-1,-6,1,2296.610107421875
15,-0.2682926829268293,0.0,-1,-6,1,2296.610107421875
16,-0.2195121951219512,0.0,-1,-6,1,2296.610107421875
17,-0.1707317073170731,0.0,-1,-6,1,2296.610107421875
18,-0.12195121951219512,0.0,-1,-6,1,2296.610107421875
19,-0.07317073170731703,0.0,-1,-6,1,2296.610107421875
20,-0.024390243902439046,0.0,-1,-6,1,2296.610107421875
21,0.024390243902439046,0.0,-1,-6,1,2296.610107421875
22,0.07317073170731714,1.546693965792656e-06,-1,-6,1,2296.610107421875
23,0.12195121951219523,3.222994337193086e-06,-1,-6,1,2296.610107421875
24,0.17073170731707332,3.190290271959384e-07,-1,-6,1,2296.610107421875
25,0.2195121951219512,1.4785117627980071e-06,-1,-6,1,2296.610107421875
26,0.2682926829268293,6.387048870237777e-06,-1,-6,1,2296.610107421875
27,0.3170731707317074,6.732429937983397e-06,-1,-6,1,2296.610107421875
28,0.36585365853658547,1.600563109604991e-06,-1,-6,1,2296.610107421875
29,0.41463414634146356,3.821277277893387e-05,-1,-6,1,2296.610107421875
30,0.46341463414634143,3.3980315947701456e-06,-1,-6,1,2296.610107421875
31,0.5121951219512195,8.32417299534427e-06,-1,-6,1,2296.610107421875
32,0.5609756097560976,5.089791102363961e-06,-1,-6,1,2296.610107421875
33,0.6097560975609757,2.5475386792095378e-05,-1,-6,1,2296.610107421875
34,0.6585365853658538,1.842805249907542e-05,-1,-6,1,2296.610107421875
35,0.7073170731707317,2.8486530936788768e-05,-1,-6,1,2296.610107421875
36,0.7560975609756098,0.003914704546332359,-1,-6,1,2296.610107421875
37,0.8048780487804879,0.004779644310474396,-1,-6,1,2296.610107421875
38,0.853658536585366,0.00033564510522410274,-1,-6,1,2296.610107421875
39,0.902439024390244,6.363081047311425e-05,-1,-6,1,2296.610107421875
40,0.9512195121951219,2.1624193323077634e-05,-1,-6,1,2296.610107421875
41,1.0,8.558174886275083e-05,-1,-6,1,2296.610107421875
0,-1.0,4.46408648713259e-06,-1,-5,2,2296.610107421875
1,-0.9512195121951219,0.00011297382297925651,-1,-5,2,2296.610107421875
2,-0.9024390243902439,0.000226841468247585,-1,-5,2,2296.610107421875
3,-0.8536585365853658,0.00018625853408593684,-1,-5,2,2296.610107421875
4,-0.8048780487804879,0.00024107117496896535,-1,-5,2,2296.610107421875
5,-0.7560975609756098,0.00015994461136870086,-1,-5,2,2296.610107421875
6,-0.7073170731707317,0.00011647149221971631,-1,-5,2,2296.610107421875
7,-0.6585365853658536,3.185913374181837e-05,-1,-5,2,2296.610107421875
8,-0.6097560975609756,0.00025130598805844784,-1,-5,2,2296.610107421875
9,-0.5609756097560976,0.0006022900925017893,-1,-5,2,2296.610107421875
10,-0.5121951219512195,0.04064305126667023,-1,-5,2,2296.610107421875
11,-0.46341463414634143,0.0004983977414667606,-1,-5,2,2296.610107421875
12,-0.41463414634146334,4.5725661038886756e-05,-1,-5,2,2296.610107421875
13,-0.36585365853658536,0.00017850073345471174,-1,-5,2,2296.610107421875
14,-0.31707317073170727,0.00012677472841460258,-1,-5,2,2296.610107421875
15,-0.2682926829268293,0.00036340043880045414,-1,-5,2,2296.610107421875
16,-0.2195121951219512,0.00032505131093785167,-1,-5,2,2296.610107421875
17,-0.1707317073170731,0.00015201330825220793,-1,-5,2,2296.610107421875
18,-0.12195121951219512,2.8216179998707958e-05,-1,-5,2,2296.610107421875
19,-0.07317073170731703,1.3258137414595694e-06,-1,-5,2,2296.610107421875
20,-0.024390243902439046,1.099298333429033e-05,-1,-5,2,2296.610107421875
21,0.024390243902439046,5.841628080816008e-06,-1,-5,2,2296.610107421875
22,0.07317073170731714,4.763589458889328e-06,-1,-5,2,2296.610107421875
23,0.12195121951219523,6.630683856201358e-06,-1,-5,2,2296.610107421875
24,0.17073170731707332,5.454043730424019e-06,-1,-5,2,2296.610107421875
25,0.2195121951219512,1.8256855582876597e-06,-1,-5,2,2296.610107421875
26,0.2682926829268293,7.694867463214905e-07,-1,-5,2,2296.610107421875
27,0.3170731707317074,2.3847642296459526e-05,-1,-5,2,2296.610107421875
28,0.36585365853658547,2.89304898615228e-06,-1,-5,2,2296.610107421875
29,0.41463414634146356,0.0,-1,-5,2,2296.610107421875
30,0.46341463414634143,0.0,-1,-5,2,2296.610107421875
31,0.5121951219512195,0.0,-1,-5,2,2296.610107421875
32,0.5609756097560976,0.0,-1,-5,2,2296.610107421875
33,0.6097560975609757,0.0,-1,-5,2,2296.610107421875
34,0.6585365853658538,0.0,-1,-5,2,2296.610107421875
35,0.7073170731707317,0.0,-1,-5,2,2296.610107421875
36,0.7560975609756098,0.0,-1,-5,2,2296.610107421875
37,0.8048780487804879,0.0,-1,-5,2,2296.610107421875
38,0.853658536585366,0.0,-1,-5,2,2296.610107421875
39,0.902439024390244,0.0,-1,-5,2,2296.610107421875
40,0.9512195121951219,0.0,-1,-5,2,2296.610107421875
41,1.0,0.0,-1,-5,2,2296.610107421875
0,-1.0,0.0,-1,-4,2,2296.610107421875
1,-0.9512195121951219,0.0,-1,-4,2,2296.610107421875
2,-0.9024390243902439,0.0,-1,-4,2,2296.610107421875
3,-0.8536585365853658,0.0,-1,-4,2,2296.610107421875
4,-0.8048780487804879,0.0,-1,-4,2,2296.610107421875
5,-0.7560975609756098,0.0,-1,-4,2,2296.610107421875
6,-0.7073170731707317,0.0,-1,-4,2,2296.610107421875
7,-0.6585365853658536,0.0,-1,-4,2,2296.610107421875
8,-0.6097560975609756,0.0,-1,-4,2,2296.610107421875
9,-0.5609756097560976,1.0357181963627227e-05,-1,-4,2,2296.610107421875
10,-0.5121951219512195,2.086338099616114e-05,-1,-4,2,2296.610107421875
11,-0.46341463414634143,1.1221444765396882e-05,-1,-4,2,2296.610107421875
12,-0.41463414634146334,1.933682506205514e-05,-1,-4,2,2296.610107421875
13,-0.36585365853658536,1.3663468962477054e-05,-1,-4,2,2296.610107421875
14,-0.31707317073170727,2.4544211555621587e-05,-1,-4,2,2296.610107421875
15,-0.2682926829268293,8.579196219216101e-06,-1,-4,2,2296.610107421875
16,-0.2195121951219512,2.0502387997112237e-05,-1,-4,2,2296.610107421875
17,-0.1707317073170731,0.00010025459778262302,-1,-4,2,2296.610107421875
18,-0.12195121951219512,2.4501467123627663e-05,-1,-4,2,2296.610107421875
19,-0.07317073170731703,4.5877932279836386e-05,-1,-4,2,2296.610107421875
20,-0.024390243902439046,4.451652421266772e-05,-1,-4,2,2296.610107421875
21,0.024390243902439046,1.710223477857653e-05,-1,-4,2,2296.610107421875
22,0.07317073170731714,4.505551987676881e-05,-1,-4,2,2296.610107421875
23,0.12195121951219523,2.2831438400316983e-05,-1,-4,2,2296.610107421875
24,0.17073170731707332,0.00010554293112363666,-1,-4,2,2296.610107421875
25,0.2195121951219512,5.3611278417520225e-05,-1,-4,2,2296.610107421875
26,0.2682926829268293,9.558553756505717e-06,-1,-4,2,2296.610107421875
27,0.3170731707317074,0.0002850967284757644,-1,-4,2,2296.610107421875
28,0.36585365853658547,0.0006676791817881167,-1,-4,2,2296.610107421875
29,0.41463414634146356,0.0001483094529248774,-1,-4,2,2296.610107421875
30,0.46341463414634143,0.0004942454979754984,-1,-4,2,2296.610107421875
31,0.5121951219512195,0.06357280164957047,-1,-4,2,2296.610107421875
32,0.5609756097560976,0.025927305221557617,-1,-4,2,2296.610107421875
33,0.6097560975609757,0.004099956247955561,-1,-4,2,2296.610107421875
34,0.6585365853658538,0.001107904128730297,-1,-4,2,2296.610107421875
35,0.7073170731707317,0.00026762858033180237,-1,-4,2,2296.610107421875
36,0.7560975609756098,0.00023974821669980884,-1,-4,2,2296.610107421875
37,0.8048780487804879,3.5828332329401746e-05,-1,-4,2,2296.610107421875
38,0.853658536585366,0.0001939226931426674,-1,-4,2,2296.610107421875
39,0.902439024390244,0.00017379467317368835,-1,-4,2,2296.610107421875
40,0.9512195121951219,0.0010609840974211693,-1,-4,2,2296.610107421875
41,1.0,4.9438913265476e-05,-1,-4,2,2296.610107421875
0,-1.0,0.014318508096039295,-1,-2,3,2296.610107421875
1,-0.9512195121951219,0.04054183140397072,-1,-2,3,2296.610107421875
2,-0.9024390243902439,0.07135506719350815,-1,-2,3,2296.610107421875
3,-0.8536585365853658,0.13976819813251495,-1,-2,3,2296.610107421875
4,-0.8048780487804879,0.0811409130692482,-1,-2,3,2296.610107421875
5,-0.7560975609756098,0.059261955320835114,-1,-2,3,2296.610107421875
6,-0.7073170731707317,0.039763715118169785,-1,-2,3,2296.610107421875
7,-0.6585365853658536,0.01775033213198185,-1,-2,3,2296.610107421875
8,-0.6097560975609756,0.014421983622014523,-1,-2,3,2296.610107421875
9,-0.5609756097560976,0.009830697439610958,-1,-2,3,2296.610107421875
10,-0.5121951219512195,0.007407559081912041,-1,-2,3,2296.610107421875
11,-0.46341463414634143,0.004761074669659138,-1,-2,3,2296.610107421875
12,-0.41463414634146334,0.0025660493411123753,-1,-2,3,2296.610107421875
13,-0.36585365853658536,0.0015764158451929688,-1,-2,3,2296.610107421875
14,-0.31707317073170727,0.0005657508154399693,-1,-2,3,2296.610107421875
15,-0.2682926829268293,8.096440433291718e-05,-1,-2,3,2296.610107421875
16,-0.2195121951219512,0.0018250631401315331,-1,-2,3,2296.610107421875
17,-0.1707317073170731,0.0016919330228120089,-1,-2,3,2296.610107421875
18,-0.12195121951219512,0.0007997598149813712,-1,-2,3,2296.610107421875
19,-0.07317073170731703,0.00043376366375014186,-1,-2,3,2296.610107421875
20,-0.024390243902439046,0.00025981973158195615,-1,-2,3,2296.610107421875
21,0.024390243902439046,0.00013519427739083767,-1,-2,3,2296.610107421875
22,0.07317073170731714,3.52847964677494e-05,-1,-2,3,2296.610107421875
23,0.12195121951219523,7.4224417403456755e-06,-1,-2,3,2296.610107421875
24,0.17073170731707332,4.795655058842385e-06,-1,-2,3,2296.610107421875
25,0.2195121951219512,5.899968982703285e-06,-1,-2,3,2296.610107421875
26,0.2682926829268293,1.1570596143428702e-05,-1,-2,3,2296.610107421875
27,0.3170731707317074,0.00012811325723305345,-1,-2,3,2296.610107421875
28,0.36585365853658547,0.0007399918395094573,-1,-2,3,2296.610107421875
29,0.41463414634146356,0.000628617184702307,-1,-2,3,2296.610107421875
30,0.46341463414634143,0.0004242030263412744,-1,-2,3,2296.610107421875
31,0.5121951219512195,0.0006578659522347152,-1,-2,3,2296.610107421875
32,0.5609756097560976,0.0005843571852892637,-1,-2,3,2296.610107421875
33,0.6097560975609757,0.0004734819522127509,-1,-2,3,2296.610107421875
34,0.6585365853658538,0.0004805695789400488,-1,-2,3,2296.610107421875
35,0.7073170731707317,0.0005171296070329845,-1,-2,3,2296.610107421875
36,0.7560975609756098,0.00023825511743780226,-1,-2,3,2296.610107421875
37,0.8048780487804879,0.00023013411555439234,-1,-2,3,2296.610107421875
38,0.853658536585366,0.0003554056747816503,-1,-2,3,2296.610107421875
39,0.902439024390244,0.0003365474403835833,-1,-2,3,2296.610107421875
40,0.9512195121951219,0.0001810955727705732,-1,-2,3,2296.610107421875
41,1.0,0.0003008923085872084,-1,-2,3,2296.610107421875
0,-1.0,2.005100395763293e-05,-1,2,4,2296.610107421875
1,-0.9512195121951219,0.0002579940774012357,-1,2,4,2296.610107421875
2,-0.9024390243902439,0.0004583500267472118,-1,2,4,2296.610107421875
3,-0.8536585365853658,0.0002024185232585296,-1,2,4,2296.610107421875
4,-0.8048780487804879,0.000104462233139202,-1,2,4,2296.610107421875
5,-0.7560975609756098,7.768382783979177e-05,-1,2,4,2296.610107421875
6,-0.7073170731707317,0.0004410687542986125,-1,2,4,2296.610107421875
7,-0.6585365853658536,0.000706761609762907,-1,2,4,2296.610107421875
8,-0.6097560975609756,0.000489164493046701,-1,2,4,2296.610107421875
9,-0.5609756097560976,9.412383224116638e-05,-1,2,4,2296.610107421875
10,-0.5121951219512195,6.274749466683716e-05,-1,2,4,2296.610107421875
11,-0.46341463414634143,0.0005506621091626585,-1,2,4,2296.610107421875
12,-0.41463414634146334,0.0010950429132208228,-1,2,4,2296.610107421875
13,-0.36585365853658536,0.0010043778456747532,-1,2,4,2296.610107421875
14,-0.31707317073170727,0.00036383484257385135,-1,2,4,2296.610107421875
15,-0.2682926829268293,2.2331380478135543e-06,-1,2,4,2296.610107421875
16,-0.2195121951219512,0.0006266587879508734,-1,2,4,2296.610107421875
17,-0.1707317073170731,0.0013605070998892188,-1,2,4,2296.610107421875
18,-0.12195121951219512,0.002078313147649169,-1,2,4,2296.610107421875
19,-0.07317073170731703,0.0007768466020934284,-1,2,4,2296.610107421875
20,-0.024390243902439046,5.347797468857607e-06,-1,2,4,2296.610107421875
21,0.024390243902439046,0.0012218659976497293,-1,2,4,2296.610107421875
22,0.07317073170731714,0.0009425924508832395,-1,2,4,2296.610107421875
23,0.12195121951219523,0.0030575923155993223,-1,2,4,2296.610107421875
24,0.17073170731707332,0.003378157038241625,-1,2,4,2296.610107421875
25,0.2195121951219512,0.0019502827199175954,-1,2,4,2296.610107421875
26,0.2682926829268293,0.00024907899205572903,-1,2,4,2296.610107421875
27,0.3170731707317074,0.0018671166617423296,-1,2,4,2296.610107421875
28,0.36585365853658547,7.409779937006533e-05,-1,2,4,2296.610107421875
29,0.41463414634146356,0.0010520471259951591,-1,2,4,2296.610107421875
30,0.46341463414634143,1.4991687748988625e-05,-1,2,4,2296.610107421875
31,0.5121951219512195,0.00849930476397276,-1,2,4,2296.610107421875
32,0.5609756097560976,0.03217296674847603,-1,2,4,2296.610107421875
33,0.6097560975609757,0.043894633650779724,-1,2,4,2296.610107421875
34,0.6585365853658538,0.0363447368144989,-1,2,4,2296.610107421875
35,0.7073170731707317,0.0008941201376728714,-1,2,4,2296.610107421875
36,0.7560975609756098,0.7630204558372498,-1,2,4,2296.610107421875
37,0.8048780487804879,0.030149027705192566,-1,2,4,2296.610107421875
38,0.853658536585366,0.0757339596748352,-1,2,4,2296.610107421875
39,0.902439024390244,0.06735885888338089,-1,2,4,2296.610107421875
40,0.9512195121951219,0.03939967229962349,-1,2,4,2296.610107421875
41,1.0,0.0007697372348047793,-1,2,4,2296.610107421875
0,-1.0,0.0001757859718054533,-1,3,4,2296.610107421875
1,-0.9512195121951219,0.00019918168254662305,-1,3,4,2296.610107421875
2,-0.9024390243902439,4.748173159896396e-05,-1,3,4,2296.610107421875
3,-0.8536585365853658,3.8398997276090086e-05,-1,3,4,2296.610107421875
4,-0.8048780487804879,2.684406535991002e-05,-1,3,4,2296.610107421875
5,-0.7560975609756098,0.00032406943500973284,-1,3,4,2296.610107421875
6,-0.7073170731707317,0.0008508963510394096,-1,3,4,2296.610107421875
7,-0.6585365853658536,0.0010834138374775648,-1,3,4,2296.610107421875
8,-0.6097560975609756,0.0011948496103286743,-1,3,4,2296.610107421875
9,-0.5609756097560976,0.00515746558085084,-1,3,4,2296.610107421875
10,-0.5121951219512195,0.12586086988449097,-1,3,4,2296.610107421875
11,-0.46341463414634143,0.00015174680447671562,-1,3,4,2296.610107421875
12,-0.41463414634146334,0.0018404853763058782,-1,3,4,2296.610107421875
13,-0.36585365853658536,0.0016413156408816576,-1,3,4,2296.610107421875
14,-0.31707317073170727,0.0004047385009471327,-1,3,4,2296.610107421875
15,-0.2682926829268293,7.22071581549244e-06,-1,3,4,2296.610107421875
16,-0.2195121951219512,0.00023972225608304143,-1,3,4,2296.610107421875
17,-0.1707317073170731,0.0005132099031470716,-1,3,4,2296.610107421875
18,-0.12195121951219512,8.827863348415121e-05,-1,3,4,2296.610107421875
19,-0.07317073170731703,4.910251846013125e-06,-1,3,4,2296.610107421875
20,-0.024390243902439046,0.00010986356210196391,-1,3,4,2296.610107421875
21,0.024390243902439046,8.123035513563082e-05,-1,3,4,2296.610107421875
22,0.07317073170731714,2.1610081603284925e-05,-1,3,4,2296.610107421875
23,0.12195121951219523,1.681475441728253e-05,-1,3,4,2296.610107421875
24,0.17073170731707332,7.219133112812415e-05,-1,3,4,2296.610107421875
25,0.2195121951219512,3.6101679143030196e-05,-1,3,4,2296.610107421875
26,0.2682926829268293,1.1021955970136332e-06,-1,3,4,2296.610107421875
27,0.3170731707317074,1.759578299243003e-05,-1,3,4,2296.610107421875
28,0.36585365853658547,4.25380130764097e-06,-1,3,4,2296.610107421875
29,0.41463414634146356,3.0954422982176766e-05,-1,3,4,2296.610107421875
30,0.46341463414634143,4.923769211018225e-06,-1,3,4,2296.610107421875
31,0.5121951219512195,8.044582500588149e-05,-1,3,4,2296.610107421875
32,0.5609756097560976,1.2197117939649615e-05,-1,3,4,2296.610107421875
33,0.6097560975609757,2.418712028884329e-05,-1,3,4,2296.610107421875
34,0.6585365853658538,4.422822257765802e-06,-1,3,4,2296.610107421875
35,0.7073170731707317,1.7601930721866665e-06,-1,3,4,2296.610107421875
36,0.7560975609756098,0.0002699709730222821,-1,3,4,2296.610107421875
37,0.8048780487804879,9.097600013774354e-06,-1,3,4,2296.610107421875
38,0.853658536585366,1.4244041267374996e-05,-1,3,4,2296.610107421875
39,0.902439024390244,8.931838965509087e-05,-1,3,4,2296.610107421875
40,0.9512195121951219,9.086777572520077e-05,-1,3,4,2296.610107421875
41,1.0,5.39784123247955e-05,-1,3,4,2296.610107421875
0,-1.0,0.0,-1,7,5,2296.610107421875
1,-0.9512195121951219,0.0,-1,7,5,2296.610107421875
2,-0.9024390243902439,0.0,-1,7,5,2296.610107421875
3,-0.8536585365853658,0.0,-1,7,5,2296.610107421875
4,-0.8048780487804879,0.0,-1,7,5,2296.610107421875
5,-0.7560975609756098,0.0,-1,7,5,2296.610107421875
6,-0.7073170731707317,0.0,-1,7,5,2296.610107421875
7,-0.6585365853658536,0.0,-1,7,5,2296.610107421875
8,-0.6097560975609756,0.0,-1,7,5,2296.610107421875
9,-0.5609756097560976,0.0,-1,7,5,2296.610107421875
10,-0.5121951219512195,0.0,-1,7,5,2296.610107421875
11,-0.46341463414634143,0.0,-1,7,5,2296.610107421875
12,-0.41463414634146334,0.0,-1,7,5,2296.610107421875
13,-0.36585365853658536,0.0,-1,7,5,2296.610107421875
14,-0.31707317073170727,0.0,-1,7,5,2296.610107421875
15,-0.2682926829268293,0.0,-1,7,5,2296.610107421875
16,-0.2195121951219512,0.0,-1,7,5,2296.610107421875
17,-0.1707317073170731,0.0,-1,7,5,2296.610107421875
18,-0.12195121951219512,0.0,-1,7,5,2296.610107421875
19,-0.07317073170731703,0.0,-1,7,5,2296.610107421875
20,-0.024390243902439046,0.0,-1,7,5,2296.610107421875
21,0.024390243902439046,5.524377115762036e-07,-1,7,5,2296.610107421875
22,0.07317073170731714,1.5447449186467566e-06,-1,7,5,2296.610107421875
23,0.12195121951219523,4.897815415461082e-06,-1,7,5,2296.610107421875
24,0.17073170731707332,6.7966789174533915e-06,-1,7,5,2296.610107421875
25,0.2195121951219512,6.032717010384658e-07,-1,7,5,2296.610107421875
26,0.2682926829268293,5.045904458711448e-07,-1,7,5,2296.610107421875
27,0.3170731707317074,4.8541178330197e-06,-1,7,5,2296.610107421875
28,0.36585365853658547,5.194395725993672e-06,-1,7,5,2296.610107421875
29,0.41463414634146356,6.698726792819798e-06,-1,7,5,2296.610107421875
30,0.46341463414634143,3.23262793244794e-05,-1,7,5,2296.610107421875
31,0.5121951219512195,1.2422807230905164e-05,-1,7,5,2296.610107421875
32,0.5609756097560976,3.257685966673307e-05,-1,7,5,2296.610107421875
33,0.6097560975609757,0.00011562815052457154,-1,7,5,2296.610107421875
34,0.6585365853658538,0.00037137119215913117,-1,7,5,2296.610107421875
35,0.7073170731707317,0.028371797874569893,-1,7,5,2296.610107421875
36,0.7560975609756098,0.00044514599721878767,-1,7,5,2296.610107421875
37,0.8048780487804879,5.686379881808534e-05,-1,7,5,2296.610107421875
38,0.853658536585366,8.783923112787306e-05,-1,7,5,2296.610107421875
39,0.902439024390244,3.8889123970875517e-05,-1,7,5,2296.610107421875
40,0.9512195121951219,1.2152014278399292e-05,-1,7,5,2296.610107421875
41,1.0,1.557928044348955e-05,-1,7,5,2296.610107421875
0,-1.0,0.0,-1,8,5,2296.610107421875
1,-0.9512195121951219,0.0,-1,8,5,2296.610107421875
2,-0.9024390243902439,0.0,-1,8,5,2296.610107421875
3,-0.8536585365853658,0.0,-1,8,5,2296.610107421875
4,-0.8048780487804879,0.0,-1,8,5,2296.610107421875
5,-0.7560975609756098,0.0,-1,8,5,2296.610107421875
6,-0.7073170731707317,0.0,-1,8,5,2296.610107421875
7,-0.6585365853658536,0.0,-1,8,5,2296.610107421875
8,-0.6097560975609756,0.0,-1,8,5,2296.610107421875
9,-0.5609756097560976,0.0,-1,8,5,2296.610107421875
10,-0.5121951219512195,0.0,-1,8,5,2296.610107421875
11,-0.46341463414634143,0.0,-1,8,5,2296.610107421875
12,-0.41463414634146334,0.0,-1,8,5,2296.610107421875
13,-0.36585365853658536,0.0,-1,8,5,2296.610107421875
14,-0.31707317073170727,0.0,-1,8,5,2296.610107421875
15,-0.2682926829268293,0.0,-1,8,5,2296.610107421875
16,-0.2195121951219512,0.0,-1,8,5,2296.610107421875
17,-0.1707317073170731,0.0,-1,8,5,2296.610107421875
18,-0.12195121951219512,1.052971015269577e-06,-1,8,5,2296.610107421875
19,-0.07317073170731703,4.820871708943741e-06,-1,8,5,2296.610107421875
20,-0.024390243902439046,6.472795348599902e-07,-1,8,5,2296.610107421875
21,0.024390243902439046,3.609558234529686e-06,-1,8,5,2296.610107421875
22,0.07317073170731714,4.517076376941986e-06,-1,8,5,2296.610107421875
23,0.12195121951219523,1.6364972452720394e-06,-1,8,5,2296.610107421875
24,0.17073170731707332,6.827065135439625e-06,-1,8,5,2296.610107421875
25,0.2195121951219512,1.0133040007076488e-07,-1,8,5,2296.610107421875
26,0.2682926829268293,3.1736322853248566e-05,-1,8,5,2296.610107421875
27,0.3170731707317074,1.5558271115878597e-05,-1,8,5,2296.610107421875
28,0.36585365853658547,2.2227224860671413e-07,-1,8,5,2296.610107421875
29,0.41463414634146356,0.000407797924708575,-1,8,5,2296.610107421875
30,0.46341463414634143,0.0015315605560317636,-1,8,5,2296.610107421875
31,0.5121951219512195,0.0005015581264160573,-1,8,5,2296.610107421875
32,0.5609756097560976,0.00010754901450127363,-1,8,5,2296.610107421875
33,0.6097560975609757,6.670837319688872e-05,-1,8,5,2296.610107421875
34,0.6585365853658538,5.263472303340677e-06,-1,8,5,2296.610107421875
35,0.7073170731707317,1.6168650063264067e-06,-1,8,5,2296.610107421875
36,0.7560975609756098,1.0735956493590493e-05,-1,8,5,2296.610107421875
37,0.8048780487804879,2.354851403651992e-06,-1,8,5,2296.610107421875
38,0.853658536585366,7.463109341188101e-06,-1,8,5,2296.610107421875
39,0.902439024390244,1.8283934366536414e-07,-1,8,5,2296.610107421875
40,0.9512195121951219,4.542435817711521e-06,-1,8,5,2296.610107421875
41,1.0,1.058422526512004e-06,-1,8,5,2296.610107421875
0,-1.0,0.0,-1,9,5,2296.610107421875
1,-0.9512195121951219,0.0,-1,9,5,2296.610107421875
2,-0.9024390243902439,0.0,-1,9,5,2296.610107421875
3,-0.8536585365853658,0.0,-1,9,5,2296.610107421875
4,-0.8048780487804879,0.0,-1,9,5,2296.610107421875
5,-0.7560975609756098,0.0,-1,9,5,2296.610107421875
6,-0.7073170731707317,0.0,-1,9,5,2296.610107421875
7,-0.6585365853658536,0.0,-1,9,5,2296.610107421875
8,-0.6097560975609756,0.0,-1,9,5,2296.610107421875
9,-0.5609756097560976,0.0,-1,9,5,2296.610107421875
10,-0.5121951219512195,0.0,-1,9,5,2296.610107421875
11,-0.46341463414634143,0.0,-1,9,5,2296.610107421875
12,-0.41463414634146334,0.0,-1,9,5,2296.610107421875
13,-0.36585365853658536,0.0,-1,9,5,2296.610107421875
14,-0.31707317073170727,0.0,-1,9,5,2296.610107421875
15,-0.2682926829268293,0.0,-1,9,5,2296.610107421875
16,-0.2195121951219512,0.0,-1,9,5,2296.610107421875
17,-0.1707317073170731,2.0147338375409163e-07,-1,9,5,2296.610107421875
18,-0.12195121951219512,5.825959448202411e-08,-1,9,5,2296.610107421875
19,-0.07317073170731703,1.562153215672879e-07,-1,9,5,2296.610107421875
20,-0.024390243902439046,1.482045348666361e-07,-1,9,5,2296.610107421875
21,0.024390243902439046,2.717006353236684e-08,-1,9,5,2296.610107421875
22,0.07317073170731714,8.37297875477816e-08,-1,9,5,2296.610107421875
23,0.12195121951219523,1.8157838894694578e-06,-1,9,5,2296.610107421875
24,0.17073170731707332,1.5157713733060518e-06,-1,9,5,2296.610107421875
25,0.2195121951219512,1.553368019813206e-05,-1,9,5,2296.610107421875
26,0.2682926829268293,2.1501220999198267e-06,-1,9,5,2296.610107421875
27,0.3170731707317074,9.054996189661324e-05,-1,9,5,2296.610107421875
28,0.36585365853658547,0.0007562338141724467,-1,9,5,2296.610107421875
29,0.41463414634146356,1.7689209926174954e-05,-1,9,5,2296.610107421875
30,0.46341463414634143,7.664886652491987e-06,-1,9,5,2296.610107421875
31,0.5121951219512195,3.611175270634703e-05,-1,9,5,2296.610107421875
32,0.5609756097560976,1.7157460661110235e-06,-1,9,5,2296.610107421875
33,0.6097560975609757,7.278427460732928e-07,-1,9,5,2296.610107421875
34,0.6585365853658538,2.410122590390529e-07,-1,9,5,2296.610107421875
35,0.7073170731707317,8.239891940320376e-06,-1,9,5,2296.610107421875
36,0.7560975609756098,5.0284270400879905e-06,-1,9,5,2296.610107421875
37,0.8048780487804879,2.6398192858323455e-06,-1,9,5,2296.610107421875
38,0.853658536585366,1.2260425137355924e-06,-1,9,5,2296.610107421875
39,0.902439024390244,3.236251870930573e-07,-1,9,5,2296.610107421875
40,0.9512195121951219,0.0,-1,9,5,2296.610107421875
41,1.0,0.0,-1,9,5,2296.610107421875
0,-1.0,0.0,0,-9,-4,2296.610107421875
1,-0.9512195121951219,0.0,0,-9,-4,2296.610107421875
2,-0.9024390243902439,0.0,0,-9,-4,2296.610107421875
3,-0.8536585365853658,0.0,0,-9,-4,2296.610107421875
4,-0.8048780487804879,0.0,0,-9,-4,2296.610107421875
5,-0.7560975609756098,0.0,0,-9,-4,2296.610107421875
6,-0.7073170731707317,0.0,0,-9,-4,2296.610107421875
7,-0.6585365853658536,0.0,0,-9,-4,2296.610107421875
8,-0.6097560975609756,0.0,0,-9,-4,2296.610107421875
9,-0.5609756097560976,0.0,0,-9,-4,2296.610107421875
10,-0.5121951219512195,0.0,0,-9,-4,2296.610107421875
11,-0.46341463414634143,0.0,0,-9,-4,2296.610107421875
12,-0.41463414634146334,0.0,0,-9,-4,2296.610107421875
13,-0.36585365853658536,0.0,0,-9,-4,2296.610107421875
14,-0.31707317073170727,0.0,0,-9,-4,2296.610107421875
15,-0.2682926829268293,0.0,0,-9,-4,2296.610107421875
16,-0.2195121951219512,0.0,0,-9,-4,2296.610107421875
17,-0.1707317073170731,0.0,0,-9,-4,2296.610107421875
18,-0.12195121951219512,0.0,0,-9,-4,2296.610107421875
19,-0.07317073170731703,0.0,0,-9,-4,2296.610107421875
20,-0.024390243902439046,0.0,0,-9,-4,2296.610107421875
21,0.024390243902439046,0.0,0,-9,-4,2296.610107421875
22,0.07317073170731714,0.0,0,-9,-4,2296.610107421875
23,0.12195121951219523,2.8461674901336664e-06,0,-9,-4,2296.610107421875
24,0.17073170731707332,1.2342974287093966e-06,0,-9,-4,2296.610107421875
25,0.2195121951219512,1.1223163483009557e-06,0,-9,-4,2296.610107421875
26,0.2682926829268293,2.7668447728501633e-06,0,-9,-4,2296.610107421875
27,0.3170731707317074,5.413182407210115e-06,0,-9,-4,2296.610107421875
28,0.36585365853658547,3.2411021493317094e-06,0,-9,-4,2296.610107421875
29,0.41463414634146356,6.121738260844722e-05,0,-9,-4,2296.610107421875
30,0.46341463414634143,1.125466496887384e-05,0,-9,-4,2296.610107421875
31,0.5121951219512195,5.5304176385106985e-06,0,-9,-4,2296.610107421875
32,0.5609756097560976,3.979996108682826e-05,0,-9,-4,2296.610107421875
33,0.6097560975609757,0.001145120128057897,0,-9,-4,2296.610107421875
34,0.6585365853658538,0.0011845027329400182,0,-9,-4,2296.610107421875
35,0.7073170731707317,4.184199860901572e-05,0,-9,-4,2296.610107421875
36,0.7560975609756098,0.0001639463152969256,0,-9,-4,2296.610107421875
37,0.8048780487804879,3.9386246498906985e-05,0,-9,-4,2296.610107421875
38,0.853658536585366,1.3368726285989396e-06,0,-9,-4,2296.610107421875
39,0.902439024390244,3.4918780329462606e-06,0,-9,-4,2296.610107421875
40,0.9512195121951219,1.8150852838516585e-06,0,-9,-4,2296.610107421875
41,1.0,9.912192581396084e-06,0,-9,-4,2296.610107421875
0,-1.0,5.781983958286219e-08,0,-9,-3,2296.610107421875
1,-0.9512195121951219,5.250268486634013e-08,0,-9,-3,2296.610107421875
2,-0.9024390243902439,5.054811936133774e-06,0,-9,-3,2296.610107421875
3,-0.8536585365853658,1.3907519132771995e-05,0,-9,-3,2296.610107421875
4,-0.8048780487804879,0.00010121572995558381,0,-9,-3,2296.610107421875
5,-0.7560975609756098,4.706673280452378e-06,0,-9,-3,2296.610107421875
6,-0.7073170731707317,3.894283963745693e-06,0,-9,-3,2296.610107421875
7,-0.6585365853658536,9.012336704472546e-06,0,-9,-3,2296.610107421875
8,-0.6097560975609756,2.8546488465508446e-05,0,-9,-3,2296.610107421875
9,-0.5609756097560976,1.4295866321845097e-06,0,-9,-3,2296.610107421875
10,-0.5121951219512195,3.3219416764040943e-06,0,-9,-3,2296.610107421875
11,-0.46341463414634143,1.6643455182929756e-06,0,-9,-3,2296.610107421875
12,-0.41463414634146334,1.2268142199900467e-05,0,-9,-3,2296.610107421875
13,-0.36585365853658536,5.080194114270853e-07,0,-9,-3,2296.610107421875
14,-0.31707317073170727,2.2831397927802755e-07,0,-9,-3,2296.610107421875
15,-0.2682926829268293,4.415907284283094e-08,0,-9,-3,2296.610107421875
16,-0.2195121951219512,5.761788557379077e-08,0,-9,-3,2296.610107421875
17,-0.1707317073170731,1.0131565630899786e-07,0,-9,-3,2296.610107421875
18,-0.12195121951219512,0.0,0,-9,-3,2296.610107421875
19,-0.07317073170731703,0.0,0,-9,-3,2296.610107421875
20,-0.024390243902439046,0.0,0,-9,-3,2296.610107421875
21,0.024390243902439046,0.0,0,-9,-3,2296.610107421875
22,0.07317073170731714,0.0,0,-9,-3,2296.610107421875
23,0.12195121951219523,0.0,0,-9,-3,2296.610107421875
24,0.17073170731707332,0.0,0,-9,-3,2296.610107421875
25,0.2195121951219512,0.0,0,-9,-3,2296.610107421875
26,0.2682926829268293,0.0,0,-9,-3,2296.610107421875
27,0.3170731707317074,0.0,0,-9,-3,2296.610107421875
28,0.36585365853658547,0.0,0,-9,-3,2296.610107421875
29,0.41463414634146356,0.0,0,-9,-3,2296.610107421875
30,0.46341463414634143,0.0,0,-9,-3,2296.610107421875
31,0.5121951219512195,0.0,0,-9,-3,2296.610107421875
32,0.5609756097560976,0.0,0,-9,-3,2296.610107421875
33,0.6097560975609757,0.0,0,-9,-3,2296.610107421875
34,0.6585365853658538,0.0,0,-9,-3,2296.610107421875
35,0.7073170731707317,0.0,0,-9,-3,2296.610107421875
36,0.7560975609756098,0.0,0,-9,-3,2296.610107421875
37,0.8048780487804879,0.0,0,-9,-3,2296.610107421875
38,0.853658536585366,0.0,0,-9,-3,2296.610107421875
39,0.902439024390244,0.0,0,-9,-3,2296.610107421875
40,0.9512195121951219,0.0,0,-9,-3,2296.610107421875
41,1.0,0.0,0,-9,-3,2296.610107421875
0,-1.0,0.0,0,-8,-3,2296.610107421875
1,-0.9512195121951219,0.0,0,-8,-3,2296.610107421875
2,-0.9024390243902439,0.0,0,-8,-3,2296.610107421875
3,-0.8536585365853658,0.0,0,-8,-3,2296.610107421875
4,-0.8048780487804879,0.0,0,-8,-3,2296.610107421875
5,-0.7560975609756098,0.0,0,-8,-3,2296.610107421875
6,-0.7073170731707317,0.0,0,-8,-3,2296.610107421875
7,-0.6585365853658536,0.0,0,-8,-3,2296.610107421875
8,-0.6097560975609756,0.0,0,-8,-3,2296.610107421875
9,-0.5609756097560976,2.853089426935185e-07,0,-8,-3,2296.610107421875
10,-0.5121951219512195,7.719795576122124e-07,0,-8,-3,2296.610107421875
11,-0.46341463414634143,8.763222325569586e-08,0,-8,-3,2296.610107421875
12,-0.41463414634146334,3.1608490189682925e-06,0,-8,-3,2296.610107421875
13,-0.36585365853658536,1.2056644891345059e-06,0,-8,-3,2296.610107421875
14,-0.31707317073170727,2.0783033960469766e-06,0,-8,-3,2296.610107421875
15,-0.2682926829268293,8.401314516959246e-06,0,-8,-3,2296.610107421875
16,-0.2195121951219512,5.554729432333261e-05,0,-8,-3,2296.610107421875
17,-0.1707317073170731,2.369981530137011e-06,0,-8,-3,2296.610107421875
18,-0.12195121951219512,7.97645770944655e-06,0,-8,-3,2296.610107421875
19,-0.07317073170731703,2.3824413801776245e-06,0,-8,-3,2296.610107421875
20,-0.024390243902439046,0.00010410248796688393,0,-8,-3,2296.610107421875
21,0.024390243902439046,1.158500481324154e-06,0,-8,-3,2296.610107421875
22,0.07317073170731714,7.706064053536466e-08,0,-8,-3,2296.610107421875
23,0.12195121951219523,1.2903648894280195e-05,0,-8,-3,2296.610107421875
24,0.17073170731707332,3.0880647727826727e-07,0,-8,-3,2296.610107421875
25,0.2195121951219512,1.4130385750377172e-07,0,-8,-3,2296.610107421875
26,0.2682926829268293,1.0606593150441768e-06,0,-8,-3,2296.610107421875
27,0.3170731707317074,4.733157311420655e-06,0,-8,-3,2296.610107421875
28,0.36585365853658547,4.362946413039026e-07,0,-8,-3,2296.610107421875
29,0.41463414634146356,3.2526979794056388e-06,0,-8,-3,2296.610107421875
30,0.46341463414634143,1.5759957022964954e-05,0,-8,-3,2296.610107421875
31,0.5121951219512195,1.0711241884564515e-06,0,-8,-3,2296.610107421875
32,0.5609756097560976,1.35551999846939e-07,0,-8,-3,2296.610107421875
33,0.6097560975609757,0.0,0,-8,-3,2296.610107421875
34,0.6585365853658538,0.0,0,-8,-3,2296.610107421875
35,0.7073170731707317,0.0,0,-8,-3,2296.610107421875
36,0.7560975609756098,0.0,0,-8,-3,2296.610107421875
37,0.8048780487804879,0.0,0,-8,-3,2296.610107421875
38,0.853658536585366,0.0,0,-8,-3,2296.610107421875
39,0.902439024390244,0.0,0,-8,-3,2296.610107421875
40,0.9512195121951219,0.0,0,-8,-3,2296.610107421875
41,1.0,0.0,0,-8,-3,2296.610107421875
0,-1.0,0.0,0,-7,-3,2296.610107421875
1,-0.9512195121951219,0.0,0,-7,-3,2296.610107421875
2,-0.9024390243902439,0.0,0,-7,-3,2296.610107421875
3,-0.8536585365853658,0.0,0,-7,-3,2296.610107421875
4,-0.8048780487804879,0.0,0,-7,-3,2296.610107421875
5,-0.7560975609756098,0.0,0,-7,-3,2296.610107421875
6,-0.7073170731707317,0.0,0,-7,-3,2296.610107421875
7,-0.6585365853658536,0.0,0,-7,-3,2296.610107421875
8,-0.6097560975609756,0.0,0,-7,-3,2296.610107421875
9,-0.5609756097560976,0.0,0,-7,-3,2296.610107421875
10,-0.5121951219512195,0.0,0,-7,-3,2296.610107421875
11,-0.46341463414634143,0.0,0,-7,-3,2296.610107421875
12,-0.41463414634146334,0.0,0,-7,-3,2296.610107421875
13,-0.36585365853658536,0.0,0,-7,-3,2296.610107421875
14,-0.31707317073170727,0.0,0,-7,-3,2296.610107421875
15,-0.2682926829268293,0.0,0,-7,-3,2296.610107421875
16,-0.2195121951219512,0.0,0,-7,-3,2296.610107421875
17,-0.1707317073170731,0.0,0,-7,-3,2296.610107421875
18,-0.12195121951219512,0.0,0,-7,-3,2296.610107421875
19,-0.07317073170731703,0.0,0,-7,-3,2296.610107421875
20,-0.024390243902439046,0.0,0,-7,-3,2296.610107421875
21,0.024390243902439046,0.0,0,-7,-3,2296.610107421875
22,0.07317073170731714,0.0,0,-7,-3,2296.610107421875
23,0.12195121951219523,0.0,0,-7,-3,2296.610107421875
24,0.17073170731707332,7.422769954246178e-07,0,-7,-3,2296.610107421875
25,0.2195121951219512,3.127566515104263e-06,0,-7,-3,2296.610107421875
26,0.2682926829268293,6.874723794680904e-07,0,-7,-3,2296.610107421875
27,0.3170731707317074,1.853269509410893e-06,0,-7,-3,2296.610107421875
28,0.36585365853658547,4.9880413826031145e-06,0,-7,-3,2296.610107421875
29,0.41463414634146356,6.757297796866624e-06,0,-7,-3,2296.610107421875
30,0.46341463414634143,3.075195763813099e-06,0,-7,-3,2296.610107421875
31,0.5121951219512195,9.692786989035085e-06,0,-7,-3,2296.610107421875
32,0.5609756097560976,6.05832110522897e-06,0,-7,-3,2296.610107421875
33,0.6097560975609757,9.613809197617229e-06,0,-7,-3,2296.610107421875
34,0.6585365853658538,1.0968728929583449e-05,0,-7,-3,2296.610107421875
35,0.7073170731707317,1.978566069738008e-05,0,-7,-3,2296.610107421875
36,0.7560975609756098,0.00010701541759772226,0,-7,-3,2296.610107421875
37,0.8048780487804879,0.011829601600766182,0,-7,-3,2296.610107421875
38,0.853658536585366,0.00016599916853010654,0,-7,-3,2296.610107421875
39,0.902439024390244,6.025053153280169e-05,0,-7,-3,2296.610107421875
40,0.9512195121951219,3.0134771805023775e-05,0,-7,-3,2296.610107421875
41,1.0,1.913988307933323e-05,0,-7,-3,2296.610107421875
0,-1.0,0.00012738823716063052,0,-7,-2,2296.610107421875
1,-0.9512195121951219,0.0006082412437535822,0,-7,-2,2296.610107421875
2,-0.9024390243902439,0.00118565047159791,0,-7,-2,2296.610107421875
3,-0.8536585365853658,0.012224894016981125,0,-7,-2,2296.610107421875
4,-0.8048780487804879,0.0011993226362392306,0,-7,-2,2296.610107421875
5,-0.7560975609756098,6.645945541094989e-05,0,-7,-2,2296.610107421875
6,-0.7073170731707317,2.104714985762257e-05,0,-7,-2,2296.610107421875
7,-0.6585365853658536,3.6282774544815766e-06,0,-7,-2,2296.610107421875
8,-0.6097560975609756,2.1381785586527258e-07,0,-7,-2,2296.610107421875
9,-0.5609756097560976,7.534112000939786e-07,0,-7,-2,2296.610107421875
10,-0.5121951219512195,6.988452696532477e-06,0,-7,-2,2296.610107421875
11,-0.46341463414634143,2.259784196212422e-06,0,-7,-2,2296.610107421875
12,-0.41463414634146334,1.16380533654592e-06,0,-7,-2,2296.610107421875
13,-0.36585365853658536,1.4059233421903627e-07,0,-7,-2,2296.610107421875
14,-0.31707317073170727,8.070321300124306e-09,0,-7,-2,2296.610107421875
15,-0.2682926829268293,1.4164872936817119e-06,0,-7,-2,2296.610107421875
16,-0.2195121951219512,0.0,0,-7,-2,2296.610107421875
17,-0.1707317073170731,0.0,0,-7,-2,2296.610107421875
18,-0.12195121951219512,0.0,0,-7,-2,2296.610107421875
19,-0.07317073170731703,0.0,0,-7,-2,2296.610107421875
20,-0.024390243902439046,0.0,0,-7,-2,2296.610107421875
21,0.024390243902439046,0.0,0,-7,-2,2296.610107421875
22,0.07317073170731714,0.0,0,-7,-2,2296.610107421875
23,0.12195121951219523,0.0,0,-7,-2,2296.610107421875
24,0.17073170731707332,0.0,0,-7,-2,2296.610107421875
25,0.2195121951219512,0.0,0,-7,-2,2296.610107421875
26,0.2682926829268293,0.0,0,-7,-2,2296.610107421875
27,0.3170731707317074,0.0,0,-7,-2,2296.610107421875
28,0.36585365853658547,0.0,0,-7,-2,2296.610107421875
29,0.41463414634146356,0.0,0,-7,-2,2296.610107421875
30,0.46341463414634143,0.0,0,-7,-2,2296.610107421875
31,0.5121951219512195,0.0,0,-7,-2,2296.610107421875
32,0.5609756097560976,0.0,0,-7,-2,2296.610107421875
33,0.6097560975609757,0.0,0,-7,-2,2296.610107421875
34,0.6585365853658538,0.0,0,-7,-2,2296.610107421875
35,0.7073170731707317,0.0,0,-7,-2,2296.610107421875
36,0.7560975609756098,0.0,0,-7,-2,2296.610107421875
37,0.8048780487804879,0.0,0,-7,-2,2296.610107421875
38,0.853658536585366,0.0,0,-7,-2,2296.610107421875
39,0.902439024390244,0.0,0,-7,-2,2296.610107421875
40,0.9512195121951219,0.0,0,-7,-2,2296.610107421875
41,1.0,0.0,0,-7,-2,2296.610107421875
0,-1.0,0.0,0,-6,-2,2296.610107421875
1,-0.9512195121951219,2.983153535751626e-06,0,-6,-2,2296.610107421875
2,-0.9024390243902439,4.140689270570874e-06,0,-6,-2,2296.610107421875
3,-0.8536585365853658,6.41873775748536e-05,0,-6,-2,2296.610107421875
4,-0.8048780487804879,3.3718803024385124e-05,0,-6,-2,2296.610107421875
5,-0.7560975609756098,2.036248770309612e-05,0,-6,-2,2296.610107421875
6,-0.7073170731707317,0.00021815609943587333,0,-6,-2,2296.610107421875
7,-0.6585365853658536,0.00016458448953926563,0,-6,-2,2296.610107421875
8,-0.6097560975609756,4.0687333239475265e-05,0,-6,-2,2296.610107421875
9,-0.5609756097560976,2.5108633963100147e-06,0,-6,-2,2296.610107421875
10,-0.5121951219512195,2.946869790321216e-05,0,-6,-2,2296.610107421875
11,-0.46341463414634143,8.62964316183934e-06,0,-6,-2,2296.610107421875
12,-0.41463414634146334,3.78333825210575e-05,0,-6,-2,2296.610107421875
13,-0.36585365853658536,2.6001425794675015e-06,0,-6,-2,2296.610107421875
14,-0.31707317073170727,2.6026238629128784e-05,0,-6,-2,2296.610107421875
15,-0.2682926829268293,7.993007784534711e-06,0,-6,-2,2296.610107421875
16,-0.2195121951219512,7.709617784712464e-05,0,-6,-2,2296.610107421875
17,-0.1707317073170731,0.0019505491945892572,0,-6,-2,2296.610107421875
18,-0.12195121951219512,3.740821193787269e-05,0,-6,-2,2296.610107421875
19,-0.07317073170731703,4.247993729222799e-06,0,-6,-2,2296.610107421875
20,-0.024390243902439046,3.0701855848747073e-06,0,-6,-2,2296.610107421875
21,0.024390243902439046,1.6884094293345697e-05,0,-6,-2,2296.610107421875
22,0.07317073170731714,8.448253538517747e-06,0,-6,-2,2296.610107421875
23,0.12195121951219523,3.950723839807324e-05,0,-6,-2,2296.610107421875
24,0.17073170731707332,1.3914699366068817e-06,0,-6,-2,2296.610107421875
25,0.2195121951219512,3.5493937957653543e-06,0,-6,-2,2296.610107421875
26,0.2682926829268293,3.829837078228593e-05,0,-6,-2,2296.610107421875
27,0.3170731707317074,9.810961637413129e-05,0,-6,-2,2296.610107421875
28,0.36585365853658547,4.0136936263479583e-07,0,-6,-2,2296.610107421875
29,0.41463414634146356,5.5063050240278244e-05,0,-6,-2,2296.610107421875
30,0.46341463414634143,5.245967258815654e-06,0,-6,-2,2296.610107421875
31,0.5121951219512195,2.3881228116806597e-05,0,-6,-2,2296.610107421875
32,0.5609756097560976,1.2685110050369985e-05,0,-6,-2,2296.610107421875
33,0.6097560975609757,4.4614208150051127e-07,0,-6,-2,2296.610107421875
34,0.6585365853658538,0.0,0,-6,-2,2296.610107421875
35,0.7073170731707317,0.0,0,-6,-2,2296.610107421875
36,0.7560975609756098,0.0,0,-6,-2,2296.610107421875
37,0.8048780487804879,0.0,0,-6,-2,2296.610107421875
38,0.853658536585366,0.0,0,-6,-2,2296.610107421875
39,0.902439024390244,0.0,0,-6,-2,2296.610107421875
40,0.9512195121951219,0.0,0,-6,-2,2296.610107421875
41,1.0,0.0,0,-6,-2,2296.610107421875
0,-1.0,0.0,0,-5,-2,2296.610107421875
1,-0.9512195121951219,0.0,0,-5,-2,2296.610107421875
2,-0.9024390243902439,0.0,0,-5,-2,2296.610107421875
3,-0.8536585365853658,0.0,0,-5,-2,2296.610107421875
4,-0.8048780487804879,0.0,0,-5,-2,2296.610107421875
5,-0.7560975609756098,0.0,0,-5,-2,2296.610107421875
6,-0.7073170731707317,0.0,0,-5,-2,2296.610107421875
7,-0.6585365853658536,0.0,0,-5,-2,2296.610107421875
8,-0.6097560975609756,0.0,0,-5,-2,2296.610107421875
9,-0.5609756097560976,0.0,0,-5,-2,2296.610107421875
10,-0.5121951219512195,0.0,0,-5,-2,2296.610107421875
11,-0.46341463414634143,0.0,0,-5,-2,2296.610107421875
12,-0.41463414634146334,0.0,0,-5,-2,2296.610107421875
13,-0.36585365853658536,0.0,0,-5,-2,2296.610107421875
14,-0.31707317073170727,0.0,0,-5,-2,2296.610107421875
15,-0.2682926829268293,0.0,0,-5,-2,2296.610107421875
16,-0.2195121951219512,0.0,0,-5,-2,2296.610107421875
17,-0.1707317073170731,0.0,0,-5,-2,2296.610107421875
18,-0.12195121951219512,5.903724741074257e-06,0,-5,-2,2296.610107421875
19,-0.07317073170731703,1.5161614328462747e-06,0,-5,-2,2296.610107421875
20,-0.024390243902439046,7.883277817199996e-07,0,-5,-2,2296.610107421875
21,0.024390243902439046,9.799729923543055e-06,0,-5,-2,2296.610107421875
22,0.07317073170731714,3.2104212550621014e-06,0,-5,-2,2296.610107421875
23,0.12195121951219523,3.834862582152709e-06,0,-5,-2,2296.610107421875
24,0.17073170731707332,1.0743217899289448e-05,0,-5,-2,2296.610107421875
25,0.2195121951219512,4.8427723413624335e-06,0,-5,-2,2296.610107421875
26,0.2682926829268293,2.6591189907776425e-06,0,-5,-2,2296.610107421875
27,0.3170731707317074,1.2193433576612733e-05,0,-5,-2,2296.610107421875
28,0.36585365853658547,8.556520697311498e-06,0,-5,-2,2296.610107421875
29,0.41463414634146356,1.1612354455792229e-06,0,-5,-2,2296.610107421875
30,0.46341463414634143,4.783600888913497e-05,0,-5,-2,2296.610107421875
31,0.5121951219512195,8.08804361440707e-06,0,-5,-2,2296.610107421875
32,0.5609756097560976,5.0417915190337226e-05,0,-5,-2,2296.610107421875
33,0.6097560975609757,6.809657497797161e-05,0,-5,-2,2296.610107421875
34,0.6585365853658538,1.3526669135899283e-05,0,-5,-2,2296.610107421875
35,0.7073170731707317,1.2924466318509076e-05,0,-5,-2,2296.610107421875
36,0.7560975609756098,0.0008539066766388714,0,-5,-2,2296.610107421875
37,0.8048780487804879,0.005635043140500784,0,-5,-2,2296.610107421875
38,0.853658536585366,0.0019709367770701647,0,-5,-2,2296.610107421875
39,0.902439024390244,1.7768739780876786e-05,0,-5,-2,2296.610107421875
40,0.9512195121951219,9.704838885227218e-05,0,-5,-2,2296.610107421875
41,1.0,2.054413198493421e-05,0,-5,-2,2296.610107421875
0,-1.0,0.000396723480662331,0,-4,-1,2296.610107421875
1,-0.9512195121951219,0.0007559004006907344,0,-4,-1,2296.610107421875
2,-0.9024390243902439,0.005215977784246206,0,-4,-1,2296.610107421875
3,-0.8536585365853658,0.2251826673746109,0,-4,-1,2296.610107421875
4,-0.8048780487804879,0.07860217243432999,0,-4,-1,2296.610107421875
5,-0.7560975609756098,0.0057323649525642395,0,-4,-1,2296.610107421875
6,-0.7073170731707317,0.0015353987691923976,0,-4,-1,2296.610107421875
7,-0.6585365853658536,0.00012264832912478596,0,-4,-1,2296.610107421875
8,-0.6097560975609756,8.402255843975581e-06,0,-4,-1,2296.610107421875
9,-0.5609756097560976,0.00011289769463473931,0,-4,-1,2296.610107421875
10,-0.5121951219512195,0.00028175883926451206,0,-4,-1,2296.610107421875
11,-0.46341463414634143,0.00020556488016154617,0,-4,-1,2296.610107421875
12,-0.41463414634146334,7.392805127892643e-05,0,-4,-1,2296.610107421875
13,-0.36585365853658536,1.3281840438139625e-05,0,-4,-1,2296.610107421875
14,-0.31707317073170727,1.1997813999187201e-05,0,-4,-1,2296.610107421875
15,-0.2682926829268293,2.0801140635740012e-05,0,-4,-1,2296.610107421875
16,-0.2195121951219512,7.671141065657139e-05,0,-4,-1,2296.610107421875
17,-0.1707317073170731,5.0989965529879555e-05,0,-4,-1,2296.610107421875
18,-0.12195121951219512,9.543261694489047e-05,0,-4,-1,2296.610107421875
19,-0.07317073170731703,4.191599873593077e-05,0,-4,-1,2296.610107421875
20,-0.024390243902439046,8.47467890707776e-06,0,-4,-1,2296.610107421875
21,0.024390243902439046,9.224047971656546e-06,0,-4,-1,2296.610107421875
22,0.07317073170731714,0.00010058740008389577,0,-4,-1,2296.610107421875
23,0.12195121951219523,1.4188092791300733e-05,0,-4,-1,2296.610107421875
24,0.17073170731707332,5.7350093811692204e-06,0,-4,-1,2296.610107421875
25,0.2195121951219512,9.614256669010501e-06,0,-4,-1,2296.610107421875
26,0.2682926829268293,2.1900716546952026e-06,0,-4,-1,2296.610107421875
27,0.3170731707317074,5.883719495614059e-05,0,-4,-1,2296.610107421875
28,0.36585365853658547,0.0,0,-4,-1,2296.610107421875
29,0.41463414634146356,0.0,0,-4,-1,2296.610107421875
30,0.46341463414634143,0.0,0,-4,-1,2296.610107421875
31,0.5121951219512195,0.0,0,-4,-1,2296.610107421875
32,0.5609756097560976,0.0,0,-4,-1,2296.610107421875
33,0.6097560975609757,0.0,0,-4,-1,2296.610107421875
34,0.6585365853658538,0.0,0,-4,-1,2296.610107421875
35,0.7073170731707317,0.0,0,-4,-1,2296.610107421875
36,0.7560975609756098,0.0,0,-4,-1,2296.610107421875
37,0.8048780487804879,0.0,0,-4,-1,2296.610107421875
38,0.853658536585366,0.0,0,-4,-1,2296.610107421875
39,0.902439024390244,0.0,0,-4,-1,2296.610107421875
40,0.9512195121951219,0.0,0,-4,-1,2296.610107421875
41,1.0,0.0,0,-4,-1,2296.610107421875
0,-1.0,4.8097983381012455e-05,0,-3,-1,2296.610107421875
1,-0.9512195121951219,0.000696956820320338,0,-3,-1,2296.610107421875
2,-0.9024390243902439,0.00018777801597025245,0,-3,-1,2296.610107421875
3,-0.8536585365853658,0.00013321024016477168,0,-3,-1,2296.610107421875
4,-0.8048780487804879,5.623190008918755e-05,0,-3,-1,2296.610107421875
5,-0.7560975609756098,0.0006107976660132408,0,-3,-1,2296.610107421875
6,-0.7073170731707317,0.00027342632529325783,0,-3,-1,2296.610107421875
7,-0.6585365853658536,0.0005883308476768434,0,-3,-1,2296.610107421875
8,-0.6097560975609756,0.0003924586344510317,0,-3,-1,2296.610107421875
9,-0.5609756097560976,0.00051154475659132,0,-3,-1,2296.610107421875
10,-0.5121951219512195,0.00024074070097412914,0,-3,-1,2296.610107421875
11,-0.46341463414634143,0.0008880713139660656,0,-3,-1,2296.610107421875
12,-0.41463414634146334,0.0012346060248091817,0,-3,-1,2296.610107421875
13,-0.36585365853658536,7.8400487836916e-05,0,-3,-1,2296.610107421875
14,-0.31707317073170727,0.0020446754060685635,0,-3,-1,2296.610107421875
15,-0.2682926829268293,0.00030944522586651146,0,-3,-1,2296.610107421875
16,-0.2195121951219512,0.0021158731542527676,0,-3,-1,2296.610107421875
17,-0.1707317073170731,0.0033440066035836935,0,-3,-1,2296.610107421875
18,-0.12195121951219512,0.00011856498895213008,0,-3,-1,2296.610107421875
19,-0.07317073170731703,0.007513678632676601,0,-3,-1,2296.610107421875
20,-0.024390243902439046,0.002147937659174204,0,-3,-1,2296.610107421875
21,0.024390243902439046,0.0038857627660036087,0,-3,-1,2296.610107421875
22,0.07317073170731714,0.015450683422386646,0,-3,-1,2296.610107421875
23,0.12195121951219523,0.0069779870100319386,0,-3,-1,2296.610107421875
24,0.17073170731707332,0.018430622294545174,0,-3,-1,2296.610107421875
25,0.2195121951219512,0.006349707953631878,0,-3,-1,2296.610107421875
26,0.2682926829268293,0.02149203047156334,0,-3,-1,2296.610107421875
27,0.3170731707317074,0.2805815637111664,0,-3,-1,2296.610107421875
28,0.36585365853658547,0.0008119371486827731,0,-3,-1,2296.610107421875
29,0.41463414634146356,0.12810495495796204,0,-3,-1,2296.610107421875
30,0.46341463414634143,0.0012884631287306547,0,-3,-1,2296.610107421875
31,0.5121951219512195,0.02284742332994938,0,-3,-1,2296.610107421875
32,0.5609756097560976,0.017996298149228096,0,-3,-1,2296.610107421875
33,0.6097560975609757,0.0017003667308017612,0,-3,-1,2296.610107421875
34,0.6585365853658538,0.012193834409117699,0,-3,-1,2296.610107421875
35,0.7073170731707317,0.0006436777184717357,0,-3,-1,2296.610107421875
36,0.7560975609756098,0.001697306870482862,0,-3,-1,2296.610107421875
37,0.8048780487804879,0.0033215212170034647,0,-3,-1,2296.610107421875
38,0.853658536585366,0.0004558530345093459,0,-3,-1,2296.610107421875
39,0.902439024390244,0.002294411649927497,0,-3,-1,2296.610107421875
40,0.9512195121951219,0.0005240422324277461,0,-3,-1,2296.610107421875
41,1.0,0.0002868607407435775,0,-3,-1,2296.610107421875
0,-1.0,0.0,0,4,1,2296.610107421875
1,-0.9512195121951219,0.0,0,4,1,2296.610107421875
2,-0.9024390243902439,0.0,0,4,1,2296.610107421875
3,-0.8536585365853658,0.0,0,4,1,2296.610107421875
4,-0.8048780487804879,0.0,0,4,1,2296.610107421875
5,-0.7560975609756098,0.0,0,4,1,2296.610107421875
6,-0.7073170731707317,0.0,0,4,1,2296.610107421875
7,-0.6585365853658536,4.88983732793713e-06,0,4,1,2296.610107421875
8,-0.6097560975609756,8.058622370299418e-06,0,4,1,2296.610107421875
9,-0.5609756097560976,6.454714821302332e-06,0,4,1,2296.610107421875
10,-0.5121951219512195,6.759515599696897e-06,0,4,1,2296.610107421875
11,-0.46341463414634143,1.1969268598477356e-06,0,4,1,2296.610107421875
12,-0.41463414634146334,5.5967457228689454e-06,0,4,1,2296.610107421875
13,-0.36585365853658536,6.713088623655494e-06,0,4,1,2296.610107421875
14,-0.31707317073170727,1.6009285900508985e-05,0,4,1,2296.610107421875
15,-0.2682926829268293,4.709041604655795e-06,0,4,1,2296.610107421875
16,-0.2195121951219512,4.4313983948995883e-07,0,4,1,2296.610107421875
17,-0.1707317073170731,2.648651752679143e-05,0,4,1,2296.610107421875
18,-0.12195121951219512,4.220265691401437e-05,0,4,1,2296.610107421875
19,-0.07317073170731703,0.0003170071868225932,0,4,1,2296.610107421875
20,-0.024390243902439046,3.5998264138470404e-06,0,4,1,2296.610107421875
21,0.024390243902439046,2.4349556042579934e-05,0,4,1,2296.610107421875
22,0.07317073170731714,0.00017613964155316353,0,4,1,2296.610107421875
23,0.12195121951219523,7.046609971439466e-05,0,4,1,2296.610107421875
24,0.17073170731707332,4.69914884888567e-05,0,4,1,2296.610107421875
25,0.2195121951219512,0.000151801374158822,0,4,1,2296.610107421875
26,0.2682926829268293,0.000115888578875456,0,4,1,2296.610107421875
27,0.3170731707317074,0.0014787138206884265,0,4,1,2296.610107421875
28,0.36585365853658547,0.0009075107518583536,0,4,1,2296.610107421875
29,0.41463414634146356,0.0012533189728856087,0,4,1,2296.610107421875
30,0.46341463414634143,0.002702813595533371,0,4,1,2296.610107421875
31,0.5121951219512195,0.1645003706216812,0,4,1,2296.610107421875
32,0.5609756097560976,0.0033422012347728014,0,4,1,2296.610107421875
33,0.6097560975609757,0.002939765341579914,0,4,1,2296.610107421875
34,0.6585365853658538,0.0012545980280265212,0,4,1,2296.610107421875
35,0.7073170731707317,0.0006033473764546216,0,4,1,2296.610107421875
36,0.7560975609756098,0.0004927662084810436,0,4,1,2296.610107421875
37,0.8048780487804879,0.00043967427336610854,0,4,1,2296.610107421875
38,0.853658536585366,0.0001192118288599886,0,4,1,2296.610107421875
39,0.902439024390244,1.7879794995678822e-06,0,4,1,2296.610107421875
40,0.9512195121951219,1.0677060345187783e-05,0,4,1,2296.610107421875
41,1.0,6.847848271718249e-05,0,4,1,2296.610107421875
0,-1.0,0.0,0,5,1,2296.610107421875
1,-0.9512195121951219,0.0,0,5,1,2296.610107421875
2,-0.9024390243902439,1.51231802192342e-07,0,5,1,2296.610107421875
3,-0.8536585365853658,2.255477056678501e-06,0,5,1,2296.610107421875
4,-0.8048780487804879,3.83736096409848e-06,0,5,1,2296.610107421875
5,-0.7560975609756098,3.129745527985506e-05,0,5,1,2296.610107421875
6,-0.7073170731707317,1.2438852081686491e-06,0,5,1,2296.610107421875
7,-0.6585365853658536,1.6057574612204917e-06,0,5,1,2296.610107421875
8,-0.6097560975609756,3.126390765828546e-06,0,5,1,2296.610107421875
9,-0.5609756097560976,6.453904461523052e-06,0,5,1,2296.610107421875
10,-0.5121951219512195,3.246362757636234e-05,0,5,1,2296.610107421875
11,-0.46341463414634143,3.980404983394692e-07,0,5,1,2296.610107421875
12,-0.41463414634146334,1.8099121007253416e-05,0,5,1,2296.610107421875
13,-0.36585365853658536,6.308791489573196e-05,0,5,1,2296.610107421875
14,-0.31707317073170727,9.823367690842133e-06,0,5,1,2296.610107421875
15,-0.2682926829268293,9.161508387478534e-06,0,5,1,2296.610107421875
16,-0.2195121951219512,7.861899575800635e-06,0,5,1,2296.610107421875
17,-0.1707317073170731,2.651670729392208e-05,0,5,1,2296.610107421875
18,-0.12195121951219512,1.606919977348298e-05,0,5,1,2296.610107421875
19,-0.07317073170731703,0.00025596091290935874,0,5,1,2296.610107421875
20,-0.024390243902439046,0.00014049315359443426,0,5,1,2296.610107421875
21,0.024390243902439046,0.007829315029084682,0,5,1,2296.610107421875
22,0.07317073170731714,0.00013760571891907603,0,5,1,2296.610107421875
23,0.12195121951219523,8.287729542644229e-06,0,5,1,2296.610107421875
24,0.17073170731707332,4.9962374760070816e-05,0,5,1,2296.610107421875
25,0.2195121951219512,1.3966731785330921e-05,0,5,1,2296.610107421875
26,0.2682926829268293,9.758102351042908e-06,0,5,1,2296.610107421875
27,0.3170731707317074,3.158404297209927e-06,0,5,1,2296.610107421875
28,0.36585365853658547,8.28045085654594e-06,0,5,1,2296.610107421875
29,0.41463414634146356,4.908863047603518e-06,0,5,1,2296.610107421875
30,0.46341463414634143,5.751331144665528e-08,0,5,1,2296.610107421875
31,0.5121951219512195,0.00013903796207159758,0,5,1,2296.610107421875
32,0.5609756097560976,8.52806624607183e-06,0,5,1,2296.610107421875
33,0.6097560975609757,5.119914021634031e-06,0,5,1,2296.610107421875
34,0.6585365853658538,9.010626627059537e-07,0,5,1,2296.610107421875
35,0.7073170731707317,2.753366288743564e-06,0,5,1,2296.610107421875
36,0.7560975609756098,1.3663079698744696e-05,0,5,1,2296.610107421875
37,0.8048780487804879,2.2470432668342255e-05,0,5,1,2296.610107421875
38,0.853658536585366,2.026201218541246e-05,0,5,1,2296.610107421875
39,0.902439024390244,1.8651477148523554e-05,0,5,1,2296.610107421875
40,0.9512195121951219,2.057290373613796e-07,0,5,1,2296.610107421875
41,1.0,1.682839297245664e-06,0,5,1,2296.610107421875
0,-1.0,4.216859906591708e-06,0,6,1,2296.610107421875
1,-0.9512195121951219,1.5055210269565578e-06,0,6,1,2296.610107421875
2,-0.9024390243902439,1.2452829878384364e-06,0,6,1,2296.610107421875
3,-0.8536585365853658,1.3187899412514525e-06,0,6,1,2296.610107421875
4,-0.8048780487804879,5.265518211672315e-06,0,6,1,2296.610107421875
5,-0.7560975609756098,7.189694588305429e-05,0,6,1,2296.610107421875
6,-0.7073170731707317,8.976300887297839e-05,0,6,1,2296.610107421875
7,-0.6585365853658536,1.1598002629398252e-06,0,6,1,2296.610107421875
8,-0.6097560975609756,3.7394690934888786e-06,0,6,1,2296.610107421875
9,-0.5609756097560976,3.949176243622787e-05,0,6,1,2296.610107421875
10,-0.5121951219512195,1.400137807650026e-05,0,6,1,2296.610107421875
11,-0.46341463414634143,3.314006607979536e-05,0,6,1,2296.610107421875
12,-0.41463414634146334,2.451660975566483e-06,0,6,1,2296.610107421875
13,-0.36585365853658536,8.186340710381046e-05,0,6,1,2296.610107421875
14,-0.31707317073170727,7.542806270066649e-05,0,6,1,2296.610107421875
15,-0.2682926829268293,6.6084930949728005e-06,0,6,1,2296.610107421875
16,-0.2195121951219512,0.004177580121904612,0,6,1,2296.610107421875
17,-0.1707317073170731,0.0003424772003199905,0,6,1,2296.610107421875
18,-0.12195121951219512,3.775536970351823e-05,0,6,1,2296.610107421875
19,-0.07317073170731703,1.8345796206631348e-06,0,6,1,2296.610107421875
20,-0.024390243902439046,3.534832285367884e-05,0,6,1,2296.610107421875
21,0.024390243902439046,2.4679095531610074e-06,0,6,1,2296.610107421875
22,0.07317073170731714,7.190908036136534e-06,0,6,1,2296.610107421875
23,0.12195121951219523,3.0072342269704677e-06,0,6,1,2296.610107421875
24,0.17073170731707332,6.791657597204903e-06,0,6,1,2296.610107421875
25,0.2195121951219512,8.339508895005565e-06,0,6,1,2296.610107421875
26,0.2682926829268293,3.7931549741188064e-06,0,6,1,2296.610107421875
27,0.3170731707317074,3.6201771536070737e-07,0,6,1,2296.610107421875
28,0.36585365853658547,8.445550179203565e-07,0,6,1,2296.610107421875
29,0.41463414634146356,2.132765303031192e-06,0,6,1,2296.610107421875
30,0.46341463414634143,6.0149727687530685e-06,0,6,1,2296.610107421875
31,0.5121951219512195,1.9072087525273673e-05,0,6,1,2296.610107421875
32,0.5609756097560976,5.446014483823092e-07,0,6,1,2296.610107421875
33,0.6097560975609757,0.0,0,6,1,2296.610107421875
34,0.6585365853658538,0.0,0,6,1,2296.610107421875
35,0.7073170731707317,0.0,0,6,1,2296.610107421875
36,0.7560975609756098,0.0,0,6,1,2296.610107421875
37,0.8048780487804879,0.0,0,6,1,2296.610107421875
38,0.853658536585366,0.0,0,6,1,2296.610107421875
39,0.902439024390244,0.0,0,6,1,2296.610107421875
40,0.9512195121951219,0.0,0,6,1,2296.610107421875
41,1.0,0.0,0,6,1,2296.610107421875
0,-1.0,5.47268257378164e-07,0,7,1,2296.610107421875
1,-0.9512195121951219,7.464400823664619e-06,0,7,1,2296.610107421875
2,-0.9024390243902439,6.735660917911446e-06,0,7,1,2296.610107421875
3,-0.8536585365853658,1.3324722658580868e-06,0,7,1,2296.610107421875
4,-0.8048780487804879,2.4573066184530035e-05,0,7,1,2296.610107421875
5,-0.7560975609756098,4.188700768281706e-05,0,7,1,2296.610107421875
6,-0.7073170731707317,3.696038447742467e-06,0,7,1,2296.610107421875
7,-0.6585365853658536,6.318796658888459e-05,0,7,1,2296.610107421875
8,-0.6097560975609756,8.963118307292461e-05,0,7,1,2296.610107421875
9,-0.5609756097560976,4.336572965257801e-05,0,7,1,2296.610107421875
10,-0.5121951219512195,1.13181522465311e-06,0,7,1,2296.610107421875
11,-0.46341463414634143,0.0005507170571945608,0,7,1,2296.610107421875
12,-0.41463414634146334,0.003506571752950549,0,7,1,2296.610107421875
13,-0.36585365853658536,0.0480189211666584,0,7,1,2296.610107421875
14,-0.31707317073170727,0.00043553102295845747,0,7,1,2296.610107421875
15,-0.2682926829268293,4.889060619461816e-06,0,7,1,2296.610107421875
16,-0.2195121951219512,0.00013697402027901262,0,7,1,2296.610107421875
17,-0.1707317073170731,0.0001085143449017778,0,7,1,2296.610107421875
18,-0.12195121951219512,8.763816731516272e-05,0,7,1,2296.610107421875
19,-0.07317073170731703,7.587837899336591e-06,0,7,1,2296.610107421875
20,-0.024390243902439046,1.969659933820367e-06,0,7,1,2296.610107421875
21,0.024390243902439046,9.74336489889538e-06,0,7,1,2296.610107421875
22,0.07317073170731714,1.779300146154128e-05,0,7,1,2296.610107421875
23,0.12195121951219523,2.661631333467085e-05,0,7,1,2296.610107421875
24,0.17073170731707332,4.959935267834226e-06,0,7,1,2296.610107421875
25,0.2195121951219512,3.093447048740927e-06,0,7,1,2296.610107421875
26,0.2682926829268293,1.3417343325272668e-05,0,7,1,2296.610107421875
27,0.3170731707317074,9.739535016706213e-06,0,7,1,2296.610107421875
28,0.36585365853658547,0.0,0,7,1,2296.610107421875
29,0.41463414634146356,0.0,0,7,1,2296.610107421875
30,0.46341463414634143,0.0,0,7,1,2296.610107421875
31,0.5121951219512195,0.0,0,7,1,2296.610107421875
32,0.5609756097560976,0.0,0,7,1,2296.610107421875
33,0.6097560975609757,0.0,0,7,1,2296.610107421875
34,0.6585365853658538,0.0,0,7,1,2296.610107421875
35,0.7073170731707317,0.0,0,7,1,2296.610107421875
36,0.7560975609756098,0.0,0,7,1,2296.610107421875
37,0.8048780487804879,0.0,0,7,1,2296.610107421875
38,0.853658536585366,0.0,0,7,1,2296.610107421875
39,0.902439024390244,0.0,0,7,1,2296.610107421875
40,0.9512195121951219,0.0,0,7,1,2296.610107421875
41,1.0,0.0,0,7,1,2296.610107421875
0,-1.0,1.4892874787619803e-05,0,8,1,2296.610107421875
1,-0.9512195121951219,5.197509835852543e-06,0,8,1,2296.610107421875
2,-0.9024390243902439,1.7441793715988752e-06,0,8,1,2296.610107421875
3,-0.8536585365853658,1.0254157132294495e-05,0,8,1,2296.610107421875
4,-0.8048780487804879,1.4171466318657622e-05,0,8,1,2296.610107421875
5,-0.7560975609756098,3.038449222003692e-06,0,8,1,2296.610107421875
6,-0.7073170731707317,2.1376256427174667e-06,0,8,1,2296.610107421875
7,-0.6585365853658536,1.966487616300583e-06,0,8,1,2296.610107421875
8,-0.6097560975609756,1.3501049579645041e-05,0,8,1,2296.610107421875
9,-0.5609756097560976,1.9247248928877525e-05,0,8,1,2296.610107421875
10,-0.5121951219512195,7.959744107211009e-05,0,8,1,2296.610107421875
11,-0.46341463414634143,0.007714208215475082,0,8,1,2296.610107421875
12,-0.41463414634146334,0.00015944670303724706,0,8,1,2296.610107421875
13,-0.36585365853658536,0.0006395471282303333,0,8,1,2296.610107421875
14,-0.31707317073170727,2.1885027308599092e-05,0,8,1,2296.610107421875
15,-0.2682926829268293,1.92630427164886e-08,0,8,1,2296.610107421875
16,-0.2195121951219512,1.0448015018482693e-05,0,8,1,2296.610107421875
17,-0.1707317073170731,2.7847097499034135e-06,0,8,1,2296.610107421875
18,-0.12195121951219512,6.286861662374577e-07,0,8,1,2296.610107421875
19,-0.07317073170731703,1.4388082263394608e-06,0,8,1,2296.610107421875
20,-0.024390243902439046,4.639397502614884e-06,0,8,1,2296.610107421875
21,0.024390243902439046,2.257851292597479e-06,0,8,1,2296.610107421875
22,0.07317073170731714,5.441335702016659e-07,0,8,1,2296.610107421875
23,0.12195121951219523,8.487409530744117e-08,0,8,1,2296.610107421875
24,0.17073170731707332,2.0378247711505537e-07,0,8,1,2296.610107421875
25,0.2195121951219512,0.0,0,8,1,2296.610107421875
26,0.2682926829268293,0.0,0,8,1,2296.610107421875
27,0.3170731707317074,0.0,0,8,1,2296.610107421875
28,0.36585365853658547,0.0,0,8,1,2296.610107421875
29,0.41463414634146356,0.0,0,8,1,2296.610107421875
30,0.46341463414634143,0.0,0,8,1,2296.610107421875
31,0.5121951219512195,0.0,0,8,1,2296.610107421875
32,0.5609756097560976,0.0,0,8,1,2296.610107421875
33,0.6097560975609757,0.0,0,8,1,2296.610107421875
34,0.6585365853658538,0.0,0,8,1,2296.610107421875
35,0.7073170731707317,0.0,0,8,1,2296.610107421875
36,0.7560975609756098,0.0,0,8,1,2296.610107421875
37,0.8048780487804879,0.0,0,8,1,2296.610107421875
38,0.853658536585366,0.0,0,8,1,2296.610107421875
39,0.902439024390244,0.0,0,8,1,2296.610107421875
40,0.9512195121951219,0.0,0,8,1,2296.610107421875
41,1.0,0.0,0,8,1,2296.610107421875
0,-1.0,3.3850337644025785e-08,0,9,1,2296.610107421875
1,-0.9512195121951219,1.8972717441556597e-07,0,9,1,2296.610107421875
2,-0.9024390243902439,1.6000732330212486e-06,0,9,1,2296.610107421875
3,-0.8536585365853658,7.61486774081277e-07,0,9,1,2296.610107421875
4,-0.8048780487804879,1.8621080926095601e-06,0,9,1,2296.610107421875
5,-0.7560975609756098,1.9489061742206104e-05,0,9,1,2296.610107421875
6,-0.7073170731707317,8.488671483064536e-06,0,9,1,2296.610107421875
7,-0.6585365853658536,2.4892387955333106e-06,0,9,1,2296.610107421875
8,-0.6097560975609756,1.338520689841971e-07,0,9,1,2296.610107421875
9,-0.5609756097560976,1.0847179510165006e-06,0,9,1,2296.610107421875
10,-0.5121951219512195,6.11051791565842e-06,0,9,1,2296.610107421875
11,-0.46341463414634143,0.03283233195543289,0,9,1,2296.610107421875
12,-0.41463414634146334,9.028152999235317e-05,0,9,1,2296.610107421875
13,-0.36585365853658536,0.00011468066077213734,0,9,1,2296.610107421875
14,-0.31707317073170727,5.1545343922043685e-06,0,9,1,2296.610107421875
15,-0.2682926829268293,4.6221794036682695e-07,0,9,1,2296.610107421875
16,-0.2195121951219512,7.192151656454371e-07,0,9,1,2296.610107421875
17,-0.1707317073170731,1.2670499245359679e-06,0,9,1,2296.610107421875
18,-0.12195121951219512,8.031034326450026e-07,0,9,1,2296.610107421875
19,-0.07317073170731703,1.3445242075249553e-06,0,9,1,2296.610107421875
20,-0.024390243902439046,3.0727276225661626e-06,0,9,1,2296.610107421875
21,0.024390243902439046,1.1924539649044164e-06,0,9,1,2296.610107421875
22,0.07317073170731714,1.2787007790393545e-06,0,9,1,2296.610107421875
23,0.12195121951219523,0.0,0,9,1,2296.610107421875
24,0.17073170731707332,0.0,0,9,1,2296.610107421875
25,0.2195121951219512,0.0,0,9,1,2296.610107421875
26,0.2682926829268293,0.0,0,9,1,2296.610107421875
27,0.3170731707317074,0.0,0,9,1,2296.610107421875
28,0.36585365853658547,0.0,0,9,1,2296.610107421875
29,0.41463414634146356,0.0,0,9,1,2296.610107421875
30,0.46341463414634143,0.0,0,9,1,2296.610107421875
31,0.5121951219512195,0.0,0,9,1,2296.610107421875
32,0.5609756097560976,0.0,0,9,1,2296.610107421875
33,0.6097560975609757,0.0,0,9,1,2296.610107421875
34,0.6585365853658538,0.0,0,9,1,2296.610107421875
35,0.7073170731707317,0.0,0,9,1,2296.610107421875
36,0.7560975609756098,0.0,0,9,1,2296.610107421875
37,0.8048780487804879,0.0,0,9,1,2296.610107421875
38,0.853658536585366,0.0,0,9,1,2296.610107421875
39,0.902439024390244,0.0,0,9,1,2296.610107421875
40,0.9512195121951219,0.0,0,9,1,2296.610107421875
41,1.0,0.0,0,9,1,2296.610107421875
0,-1.0,0.0,1,-8,-7,2296.610107421875
1,-0.9512195121951219,0.0,1,-8,-7,2296.610107421875
2,-0.9024390243902439,0.0,1,-8,-7,2296.610107421875
3,-0.8536585365853658,0.0,1,-8,-7,2296.610107421875
4,-0.8048780487804879,0.0,1,-8,-7,2296.610107421875
5,-0.7560975609756098,0.0,1,-8,-7,2296.610107421875
6,-0.7073170731707317,0.0,1,-8,-7,2296.610107421875
7,-0.6585365853658536,0.0,1,-8,-7,2296.610107421875
8,-0.6097560975609756,0.0,1,-8,-7,2296.610107421875
9,-0.5609756097560976,0.0,1,-8,-7,2296.610107421875
10,-0.5121951219512195,0.0,1,-8,-7,2296.610107421875
11,-0.46341463414634143,0.0,1,-8,-7,2296.610107421875
12,-0.41463414634146334,0.0,1,-8,-7,2296.610107421875
13,-0.36585365853658536,0.0,1,-8,-7,2296.610107421875
14,-0.31707317073170727,0.0,1,-8,-7,2296.610107421875
15,-0.2682926829268293,0.0,1,-8,-7,2296.610107421875
16,-0.2195121951219512,1.5353581517274506e-08,1,-8,-7,2296.610107421875
17,-0.1707317073170731,6.995225021455553e-08,1,-8,-7,2296.610107421875
18,-0.12195121951219512,8.806492957091905e-08,1,-8,-7,2296.610107421875
19,-0.07317073170731703,1.0372286141091536e-07,1,-8,-7,2296.610107421875
20,-0.024390243902439046,8.753718248044606e-06,1,-8,-7,2296.610107421875
21,0.024390243902439046,6.17040498696042e-08,1,-8,-7,2296.610107421875
22,0.07317073170731714,1.7528593616589205e-06,1,-8,-7,2296.610107421875
23,0.12195121951219523,7.1720050982548855e-06,1,-8,-7,2296.610107421875
24,0.17073170731707332,1.3298545127327088e-06,1,-8,-7,2296.610107421875
25,0.2195121951219512,5.014638009015471e-05,1,-8,-7,2296.610107421875
26,0.2682926829268293,2.8153590392321348e-05,1,-8,-7,2296.610107421875
27,0.3170731707317074,3.1990632123779505e-05,1,-8,-7,2296.610107421875
28,0.36585365853658547,0.016617681831121445,1,-8,-7,2296.610107421875
29,0.41463414634146356,0.0002775834291242063,1,-8,-7,2296.610107421875
30,0.46341463414634143,2.9816701498930342e-06,1,-8,-7,2296.610107421875
31,0.5121951219512195,2.1637273675878532e-05,1,-8,-7,2296.610107421875
32,0.5609756097560976,3.5254879549029283e-07,1,-8,-7,2296.610107421875
33,0.6097560975609757,4.732745310320752e-06,1,-8,-7,2296.610107421875
34,0.6585365853658538,2.2400338366423966e-06,1,-8,-7,2296.610107421875
35,0.7073170731707317,2.9625002184729965e-07,1,-8,-7,2296.610107421875
36,0.7560975609756098,1.3030721675022505e-06,1,-8,-7,2296.610107421875
37,0.8048780487804879,4.489186267164769e-06,1,-8,-7,2296.610107421875
38,0.853658536585366,2.551179932197556e-06,1,-8,-7,2296.610107421875
39,0.902439024390244,2.8002801855109283e-07,1,-8,-7,2296.610107421875
40,0.9512195121951219,2.3595623588335e-06,1,-8,-7,2296.610107421875
41,1.0,0.0,1,-8,-7,2296.610107421875
0,-1.0,2.0488657526129828e-07,1,-7,-6,2296.610107421875
1,-0.9512195121951219,2.209182866863557e-06,1,-7,-6,2296.610107421875
2,-0.9024390243902439,2.0975912775611505e-06,1,-7,-6,2296.610107421875
3,-0.8536585365853658,5.317146496963687e-05,1,-7,-6,2296.610107421875
4,-0.8048780487804879,6.847668373666238e-06,1,-7,-6,2296.610107421875
5,-0.7560975609756098,4.60541514257784e-06,1,-7,-6,2296.610107421875
6,-0.7073170731707317,6.028497864463134e-06,1,-7,-6,2296.610107421875
7,-0.6585365853658536,1.4835878573649097e-05,1,-7,-6,2296.610107421875
8,-0.6097560975609756,4.1247138142352924e-05,1,-7,-6,2296.610107421875
9,-0.5609756097560976,5.094014704809524e-05,1,-7,-6,2296.610107421875
10,-0.5121951219512195,7.653865759493783e-05,1,-7,-6,2296.610107421875
11,-0.46341463414634143,7.651496707694605e-05,1,-7,-6,2296.610107421875
12,-0.41463414634146334,0.05785460025072098,1,-7,-6,2296.610107421875
13,-0.36585365853658536,0.00014667201321572065,1,-7,-6,2296.610107421875
14,-0.31707317073170727,0.00010110356379300356,1,-7,-6,2296.610107421875
15,-0.2682926829268293,6.784087599953637e-05,1,-7,-6,2296.610107421875
16,-0.2195121951219512,3.0916722607798874e-05,1,-7,-6,2296.610107421875
17,-0.1707317073170731,1.0723008017521352e-05,1,-7,-6,2296.610107421875
18,-0.12195121951219512,4.961663307767594e-06,1,-7,-6,2296.610107421875
19,-0.07317073170731703,3.334324674142408e-07,1,-7,-6,2296.610107421875
20,-0.024390243902439046,2.4919320367189357e-06,1,-7,-6,2296.610107421875
21,0.024390243902439046,4.815368811250664e-06,1,-7,-6,2296.610107421875
22,0.07317073170731714,7.62631134421099e-06,1,-7,-6,2296.610107421875
23,0.12195121951219523,5.7976660173153505e-05,1,-7,-6,2296.610107421875
24,0.17073170731707332,1.0951446256513009e-06,1,-7,-6,2296.610107421875
25,0.2195121951219512,2.970791399548034e-07,1,-7,-6,2296.610107421875
26,0.2682926829268293,1.3574920103565091e-06,1,-7,-6,2296.610107421875
27,0.3170731707317074,0.0,1,-7,-6,2296.610107421875
28,0.36585365853658547,0.0,1,-7,-6,2296.610107421875
29,0.41463414634146356,0.0,1,-7,-6,2296.610107421875
30,0.46341463414634143,0.0,1,-7,-6,2296.610107421875
31,0.5121951219512195,0.0,1,-7,-6,2296.610107421875
32,0.5609756097560976,0.0,1,-7,-6,2296.610107421875
33,0.6097560975609757,0.0,1,-7,-6,2296.610107421875
34,0.6585365853658538,0.0,1,-7,-6,2296.610107421875
35,0.7073170731707317,0.0,1,-7,-6,2296.610107421875
36,0.7560975609756098,0.0,1,-7,-6,2296.610107421875
37,0.8048780487804879,0.0,1,-7,-6,2296.610107421875
38,0.853658536585366,0.0,1,-7,-6,2296.610107421875
39,0.902439024390244,0.0,1,-7,-6,2296.610107421875
40,0.9512195121951219,0.0,1,-7,-6,2296.610107421875
41,1.0,0.0,1,-7,-6,2296.610107421875
0,-1.0,0.0,1,-6,-6,2296.610107421875
1,-0.9512195121951219,0.0,1,-6,-6,2296.610107421875
2,-0.9024390243902439,0.0,1,-6,-6,2296.610107421875
3,-0.8536585365853658,0.0,1,-6,-6,2296.610107421875
4,-0.8048780487804879,0.0,1,-6,-6,2296.610107421875
5,-0.7560975609756098,0.0,1,-6,-6,2296.610107421875
6,-0.7073170731707317,0.0,1,-6,-6,2296.610107421875
7,-0.6585365853658536,0.0,1,-6,-6,2296.610107421875
8,-0.6097560975609756,0.0,1,-6,-6,2296.610107421875
9,-0.5609756097560976,0.0,1,-6,-6,2296.610107421875
10,-0.5121951219512195,0.0,1,-6,-6,2296.610107421875
11,-0.46341463414634143,0.0,1,-6,-6,2296.610107421875
12,-0.41463414634146334,0.0,1,-6,-6,2296.610107421875
13,-0.36585365853658536,5.345440513337962e-06,1,-6,-6,2296.610107421875
14,-0.31707317073170727,2.502164761608583e-06,1,-6,-6,2296.610107421875
15,-0.2682926829268293,2.0301898985053413e-05,1,-6,-6,2296.610107421875
16,-0.2195121951219512,1.0447718523209915e-05,1,-6,-6,2296.610107421875
17,-0.1707317073170731,2.052404397545615e-06,1,-6,-6,2296.610107421875
18,-0.12195121951219512,3.709971861098893e-05,1,-6,-6,2296.610107421875
19,-0.07317073170731703,1.593470005900599e-05,1,-6,-6,2296.610107421875
20,-0.024390243902439046,2.5057606762857176e-06,1,-6,-6,2296.610107421875
21,0.024390243902439046,3.800787453656085e-05,1,-6,-6,2296.610107421875
22,0.07317073170731714,5.890939792152494e-05,1,-6,-6,2296.610107421875
23,0.12195121951219523,1.7846425180323422e-05,1,-6,-6,2296.610107421875
24,0.17073170731707332,3.6674221064458834e-06,1,-6,-6,2296.610107421875
25,0.2195121951219512,7.045170059427619e-05,1,-6,-6,2296.610107421875
26,0.2682926829268293,4.1008028347278014e-05,1,-6,-6,2296.610107421875
27,0.3170731707317074,0.0003933613479603082,1,-6,-6,2296.610107421875
28,0.36585365853658547,0.0004110529844183475,1,-6,-6,2296.610107421875
29,0.41463414634146356,0.04850635677576065,1,-6,-6,2296.610107421875
30,0.46341463414634143,0.0009169853292405605,1,-6,-6,2296.610107421875
31,0.5121951219512195,0.004473616369068623,1,-6,-6,2296.610107421875
32,0.5609756097560976,0.00029205551254563034,1,-6,-6,2296.610107421875
33,0.6097560975609757,3.123542001048918e-06,1,-6,-6,2296.610107421875
34,0.6585365853658538,8.572977822041139e-05,1,-6,-6,2296.610107421875
35,0.7073170731707317,1.6065361705841497e-05,1,-6,-6,2296.610107421875
36,0.7560975609756098,2.468580896675121e-05,1,-6,-6,2296.610107421875
37,0.8048780487804879,8.597373380325735e-06,1,-6,-6,2296.610107421875
38,0.853658536585366,1.5888545021880418e-05,1,-6,-6,2296.610107421875
39,0.902439024390244,2.5501253886339725e-10,1,-6,-6,2296.610107421875
40,0.9512195121951219,2.3320291802519932e-05,1,-6,-6,2296.610107421875
41,1.0,4.684050509240478e-06,1,-6,-6,2296.610107421875
0,-1.0,0.0006826083408668637,1,-5,-5,2296.610107421875
1,-0.9512195121951219,0.0034322841092944145,1,-5,-5,2296.610107421875
2,-0.9024390243902439,0.009196135215461254,1,-5,-5,2296.610107421875
3,-0.8536585365853658,0.3495471775531769,1,-5,-5,2296.610107421875
4,-0.8048780487804879,0.006772138644009829,1,-5,-5,2296.610107421875
5,-0.7560975609756098,0.0003109137760475278,1,-5,-5,2296.610107421875
6,-0.7073170731707317,0.0005331792053766549,1,-5,-5,2296.610107421875
7,-0.6585365853658536,0.0005914944922551513,1,-5,-5,2296.610107421875
8,-0.6097560975609756,0.0003413790254853666,1,-5,-5,2296.610107421875
9,-0.5609756097560976,0.00025806212215684354,1,-5,-5,2296.610107421875
10,-0.5121951219512195,9.319882519776002e-05,1,-5,-5,2296.610107421875
11,-0.46341463414634143,1.2043088645441458e-05,1,-5,-5,2296.610107421875
12,-0.41463414634146334,1.3921654726800625e-06,1,-5,-5,2296.610107421875
13,-0.36585365853658536,9.271713497582823e-05,1,-5,-5,2296.610107421875
14,-0.31707317073170727,1.4440044651564676e-05,1,-5,-5,2296.610107421875
15,-0.2682926829268293,4.798152531293454e-06,1,-5,-5,2296.610107421875
16,-0.2195121951219512,2.4800820028758608e-05,1,-5,-5,2296.610107421875
17,-0.1707317073170731,0.00011114524386357516,1,-5,-5,2296.610107421875
18,-0.12195121951219512,3.911634485120885e-05,1,-5,-5,2296.610107421875
19,-0.07317073170731703,9.264768777939025e-06,1,-5,-5,2296.610107421875
20,-0.024390243902439046,2.891752046707552e-07,1,-5,-5,2296.610107421875
21,0.024390243902439046,2.04698721972818e-06,1,-5,-5,2296.610107421875
22,0.07317073170731714,5.459837211674312e-06,1,-5,-5,2296.610107421875
23,0.12195121951219523,7.920104508229997e-06,1,-5,-5,2296.610107421875
24,0.17073170731707332,0.0,1,-5,-5,2296.610107421875
25,0.2195121951219512,0.0,1,-5,-5,2296.610107421875
26,0.2682926829268293,0.0,1,-5,-5,2296.610107421875
27,0.3170731707317074,0.0,1,-5,-5,2296.610107421875
28,0.36585365853658547,0.0,1,-5,-5,2296.610107421875
29,0.41463414634146356,0.0,1,-5,-5,2296.610107421875
30,0.46341463414634143,0.0,1,-5,-5,2296.610107421875
31,0.5121951219512195,0.0,1,-5,-5,2296.610107421875
32,0.5609756097560976,0.0,1,-5,-5,2296.610107421875
33,0.6097560975609757,0.0,1,-5,-5,2296.610107421875
34,0.6585365853658538,0.0,1,-5,-5,2296.610107421875
35,0.7073170731707317,0.0,1,-5,-5,2296.610107421875
36,0.7560975609756098,0.0,1,-5,-5,2296.610107421875
37,0.8048780487804879,0.0,1,-5,-5,2296.610107421875
38,0.853658536585366,0.0,1,-5,-5,2296.610107421875
39,0.902439024390244,0.0,1,-5,-5,2296.610107421875
40,0.9512195121951219,0.0,1,-5,-5,2296.610107421875
41,1.0,0.0,1,-5,-5,2296.610107421875
0,-1.0,6.0211132222320884e-05,1,-4,-5,2296.610107421875
1,-0.9512195121951219,1.0532621672609821e-05,1,-4,-5,2296.610107421875
2,-0.9024390243902439,8.017756044864655e-05,1,-4,-5,2296.610107421875
3,-0.8536585365853658,0.00032444047974422574,1,-4,-5,2296.610107421875
4,-0.8048780487804879,2.047639554803027e-06,1,-4,-5,2296.610107421875
5,-0.7560975609756098,0.00032534723868593574,1,-4,-5,2296.610107421875
6,-0.7073170731707317,0.00013746933836955577,1,-4,-5,2296.610107421875
7,-0.6585365853658536,4.596175131155178e-05,1,-4,-5,2296.610107421875
8,-0.6097560975609756,0.00019980610522907227,1,-4,-5,2296.610107421875
9,-0.5609756097560976,0.00010906669922405854,1,-4,-5,2296.610107421875
10,-0.5121951219512195,3.059266600757837e-05,1,-4,-5,2296.610107421875
11,-0.46341463414634143,1.13187170427409e-05,1,-4,-5,2296.610107421875
12,-0.41463414634146334,0.00013420954928733408,1,-4,-5,2296.610107421875
13,-0.36585365853658536,3.6332385207060724e-05,1,-4,-5,2296.610107421875
14,-0.31707317073170727,6.715286144753918e-05,1,-4,-5,2296.610107421875
15,-0.2682926829268293,9.348100866191089e-05,1,-4,-5,2296.610107421875
16,-0.2195121951219512,1.7509613826405257e-05,1,-4,-5,2296.610107421875
17,-0.1707317073170731,0.00014287997328210622,1,-4,-5,2296.610107421875
18,-0.12195121951219512,0.000506629585288465,1,-4,-5,2296.610107421875
19,-0.07317073170731703,4.555215491564013e-05,1,-4,-5,2296.610107421875
20,-0.024390243902439046,0.0018148376839235425,1,-4,-5,2296.610107421875
21,0.024390243902439046,0.00011680139868985862,1,-4,-5,2296.610107421875
22,0.07317073170731714,0.0025064474903047085,1,-4,-5,2296.610107421875
23,0.12195121951219523,0.020344339311122894,1,-4,-5,2296.610107421875
24,0.17073170731707332,0.0001715253893053159,1,-4,-5,2296.610107421875
25,0.2195121951219512,0.0020292047411203384,1,-4,-5,2296.610107421875
26,0.2682926829268293,0.0008911249460652471,1,-4,-5,2296.610107421875
27,0.3170731707317074,0.00013069035776425153,1,-4,-5,2296.610107421875
28,0.36585365853658547,0.00020516387303359807,1,-4,-5,2296.610107421875
29,0.41463414634146356,0.0001306377671426162,1,-4,-5,2296.610107421875
30,0.46341463414634143,0.00021512489183805883,1,-4,-5,2296.610107421875
31,0.5121951219512195,0.00011111082130810246,1,-4,-5,2296.610107421875
32,0.5609756097560976,7.732089579803869e-05,1,-4,-5,2296.610107421875
33,0.6097560975609757,0.0001013392029562965,1,-4,-5,2296.610107421875
34,0.6585365853658538,2.1434414520626888e-05,1,-4,-5,2296.610107421875
35,0.7073170731707317,1.1464007002359722e-05,1,-4,-5,2296.610107421875
36,0.7560975609756098,2.0711368051706813e-06,1,-4,-5,2296.610107421875
37,0.8048780487804879,0.00014251899847295135,1,-4,-5,2296.610107421875
38,0.853658536585366,2.984296543218079e-07,1,-4,-5,2296.610107421875
39,0.902439024390244,3.24994143738877e-05,1,-4,-5,2296.610107421875
40,0.9512195121951219,3.885102159983944e-06,1,-4,-5,2296.610107421875
41,1.0,0.00011577449186006561,1,-4,-5,2296.610107421875
0,-1.0,0.0024872776120901108,1,-1,-4,2296.610107421875
1,-0.9512195121951219,0.0009068702929653227,1,-1,-4,2296.610107421875
2,-0.9024390243902439,0.0002986304461956024,1,-1,-4,2296.610107421875
3,-0.8536585365853658,0.001156226615421474,1,-1,-4,2296.610107421875
4,-0.8048780487804879,0.0002855936763808131,1,-1,-4,2296.610107421875
5,-0.7560975609756098,0.0024933929089456797,1,-1,-4,2296.610107421875
6,-0.7073170731707317,0.00207274267449975,1,-1,-4,2296.610107421875
7,-0.6585365853658536,0.0003542691410984844,1,-1,-4,2296.610107421875
8,-0.6097560975609756,0.004232374951243401,1,-1,-4,2296.610107421875
9,-0.5609756097560976,0.0014401061926037073,1,-1,-4,2296.610107421875
10,-0.5121951219512195,0.0012790038017556071,1,-1,-4,2296.610107421875
11,-0.46341463414634143,0.005148617550730705,1,-1,-4,2296.610107421875
12,-0.41463414634146334,0.0009492981480434537,1,-1,-4,2296.610107421875
13,-0.36585365853658536,0.0025644644629210234,1,-1,-4,2296.610107421875
14,-0.31707317073170727,0.005823554005473852,1,-1,-4,2296.610107421875
15,-0.2682926829268293,8.188511128537357e-05,1,-1,-4,2296.610107421875
16,-0.2195121951219512,0.005630001425743103,1,-1,-4,2296.610107421875
17,-0.1707317073170731,0.0045577590353786945,1,-1,-4,2296.610107421875
18,-0.12195121951219512,0.0019875867292284966,1,-1,-4,2296.610107421875
19,-0.07317073170731703,0.002600876847282052,1,-1,-4,2296.610107421875
20,-0.024390243902439046,0.007017246913164854,1,-1,-4,2296.610107421875
21,0.024390243902439046,0.0007563656545244157,1,-1,-4,2296.610107421875
22,0.07317073170731714,0.01189942192286253,1,-1,-4,2296.610107421875
23,0.12195121951219523,0.0024827192537486553,1,-1,-4,2296.610107421875
24,0.17073170731707332,0.007039050571620464,1,-1,-4,2296.610107421875
25,0.2195121951219512,0.017347797751426697,1,-1,-4,2296.610107421875
26,0.2682926829268293,0.02648746781051159,1,-1,-4,2296.610107421875
27,0.3170731707317074,0.011984734795987606,1,-1,-4,2296.610107421875
28,0.36585365853658547,0.0029127534944564104,1,-1,-4,2296.610107421875
29,0.41463414634146356,0.0012577124871313572,1,-1,-4,2296.610107421875
30,0.46341463414634143,0.029983142390847206,1,-1,-4,2296.610107421875
31,0.5121951219512195,0.03702736273407936,1,-1,-4,2296.610107421875
32,0.5609756097560976,0.0015405724989250302,1,-1,-4,2296.610107421875
33,0.6097560975609757,0.0680311769247055,1,-1,-4,2296.610107421875
34,0.6585365853658538,0.10646223276853561,1,-1,-4,2296.610107421875
35,0.7073170731707317,0.0004482066724449396,1,-1,-4,2296.610107421875
36,0.7560975609756098,0.10969999432563782,1,-1,-4,2296.610107421875
37,0.8048780487804879,0.31197091937065125,1,-1,-4,2296.610107421875
38,0.853658536585366,0.11256510764360428,1,-1,-4,2296.610107421875
39,0.902439024390244,0.047669678926467896,1,-1,-4,2296.610107421875
40,0.9512195121951219,0.07958156615495682,1,-1,-4,2296.610107421875
41,1.0,0.26303112506866455,1,-1,-4,2296.610107421875
0,-1.0,6.00519597355742e-05,1,2,-3,2296.610107421875
1,-0.9512195121951219,0.0001150487587437965,1,2,-3,2296.610107421875
2,-0.9024390243902439,0.00023062224499881268,1,2,-3,2296.610107421875
3,-0.8536585365853658,4.215211811242625e-05,1,2,-3,2296.610107421875
4,-0.8048780487804879,4.505683682509698e-05,1,2,-3,2296.610107421875
5,-0.7560975609756098,9.428634075447917e-05,1,2,-3,2296.610107421875
6,-0.7073170731707317,0.00017196028784383088,1,2,-3,2296.610107421875
7,-0.6585365853658536,0.0003254676703363657,1,2,-3,2296.610107421875
8,-0.6097560975609756,0.00029110550531186163,1,2,-3,2296.610107421875
9,-0.5609756097560976,0.00043025356717407703,1,2,-3,2296.610107421875
10,-0.5121951219512195,0.0004014491569250822,1,2,-3,2296.610107421875
11,-0.46341463414634143,0.0005344822420738637,1,2,-3,2296.610107421875
12,-0.41463414634146334,0.0007151478203013539,1,2,-3,2296.610107421875
13,-0.36585365853658536,0.0004645206790883094,1,2,-3,2296.610107421875
14,-0.31707317073170727,0.0005688893143087626,1,2,-3,2296.610107421875
15,-0.2682926829268293,0.0005527298781089485,1,2,-3,2296.610107421875
16,-0.2195121951219512,0.0005240282625891268,1,2,-3,2296.610107421875
17,-0.1707317073170731,0.0006136766169220209,1,2,-3,2296.610107421875
18,-0.12195121951219512,0.00024120665329974145,1,2,-3,2296.610107421875
19,-0.07317073170731703,0.00022036749578546733,1,2,-3,2296.610107421875
20,-0.024390243902439046,0.0007500072824768722,1,2,-3,2296.610107421875
21,0.024390243902439046,0.0006404633750207722,1,2,-3,2296.610107421875
22,0.07317073170731714,0.00036865068250335753,1,2,-3,2296.610107421875
23,0.12195121951219523,0.000353978481143713,1,2,-3,2296.610107421875
24,0.17073170731707332,0.00023836211767047644,1,2,-3,2296.610107421875
25,0.2195121951219512,3.326176374685019e-05,1,2,-3,2296.610107421875
26,0.2682926829268293,1.0585496966086794e-05,1,2,-3,2296.610107421875
27,0.3170731707317074,0.0003469261573627591,1,2,-3,2296.610107421875
28,0.36585365853658547,0.0025393282994627953,1,2,-3,2296.610107421875
29,0.41463414634146356,0.0006630748976022005,1,2,-3,2296.610107421875
30,0.46341463414634143,3.378894689376466e-05,1,2,-3,2296.610107421875
31,0.5121951219512195,0.00037288363091647625,1,2,-3,2296.610107421875
32,0.5609756097560976,1.831440931709949e-05,1,2,-3,2296.610107421875
33,0.6097560975609757,0.0007058615447022021,1,2,-3,2296.610107421875
34,0.6585365853658538,0.00026630336651578546,1,2,-3,2296.610107421875
35,0.7073170731707317,0.0012557542650029063,1,2,-3,2296.610107421875
36,0.7560975609756098,0.010161759331822395,1,2,-3,2296.610107421875
37,0.8048780487804879,0.011471807025372982,1,2,-3,2296.610107421875
38,0.853658536585366,0.021422190591692924,1,2,-3,2296.610107421875
39,0.902439024390244,0.06494294852018356,1,2,-3,2296.610107421875
40,0.9512195121951219,0.09993656724691391,1,2,-3,2296.610107421875
41,1.0,0.34606075286865234,1,2,-3,2296.610107421875
0,-1.0,1.741643063724041e-05,1,3,-3,2296.610107421875
1,-0.9512195121951219,7.379943326668581e-06,1,3,-3,2296.610107421875
2,-0.9024390243902439,1.6544356185477227e-05,1,3,-3,2296.610107421875
3,-0.8536585365853658,1.1734667168639135e-05,1,3,-3,2296.610107421875
4,-0.8048780487804879,2.5530819129926385e-06,1,3,-3,2296.610107421875
5,-0.7560975609756098,9.950104140443727e-05,1,3,-3,2296.610107421875
6,-0.7073170731707317,1.7412909073755145e-05,1,3,-3,2296.610107421875
7,-0.6585365853658536,4.726995393866673e-05,1,3,-3,2296.610107421875
8,-0.6097560975609756,7.969450052769389e-06,1,3,-3,2296.610107421875
9,-0.5609756097560976,3.2696527341613546e-05,1,3,-3,2296.610107421875
10,-0.5121951219512195,6.549547833856195e-05,1,3,-3,2296.610107421875
11,-0.46341463414634143,5.485649307956919e-05,1,3,-3,2296.610107421875
12,-0.41463414634146334,6.868268883408746e-06,1,3,-3,2296.610107421875
13,-0.36585365853658536,0.00013142943498678505,1,3,-3,2296.610107421875
14,-0.31707317073170727,1.0093216587847564e-05,1,3,-3,2296.610107421875
15,-0.2682926829268293,0.0003195679164491594,1,3,-3,2296.610107421875
16,-0.2195121951219512,5.261053459548748e-08,1,3,-3,2296.610107421875
17,-0.1707317073170731,0.0011749520199373364,1,3,-3,2296.610107421875
18,-0.12195121951219512,3.3580141462152824e-05,1,3,-3,2296.610107421875
19,-0.07317073170731703,0.04533051326870918,1,3,-3,2296.610107421875
20,-0.024390243902439046,0.0002134209353243932,1,3,-3,2296.610107421875
21,0.024390243902439046,0.002411075634881854,1,3,-3,2296.610107421875
22,0.07317073170731714,6.388606561813504e-05,1,3,-3,2296.610107421875
23,0.12195121951219523,0.0006418905104510486,1,3,-3,2296.610107421875
24,0.17073170731707332,5.5177581089083105e-05,1,3,-3,2296.610107421875
25,0.2195121951219512,6.765423313481733e-05,1,3,-3,2296.610107421875
26,0.2682926829268293,1.1873696166730952e-05,1,3,-3,2296.610107421875
27,0.3170731707317074,6.848965858807787e-05,1,3,-3,2296.610107421875
28,0.36585365853658547,3.072410254389979e-05,1,3,-3,2296.610107421875
29,0.41463414634146356,5.574947135755792e-05,1,3,-3,2296.610107421875
30,0.46341463414634143,6.632240547332913e-05,1,3,-3,2296.610107421875
31,0.5121951219512195,0.00015269155846908689,1,3,-3,2296.610107421875
32,0.5609756097560976,7.61295814299956e-05,1,3,-3,2296.610107421875
33,0.6097560975609757,2.740275886026211e-05,1,3,-3,2296.610107421875
34,0.6585365853658538,3.563908103387803e-05,1,3,-3,2296.610107421875
35,0.7073170731707317,1.1982250498476787e-06,1,3,-3,2296.610107421875
36,0.7560975609756098,5.814893665956333e-05,1,3,-3,2296.610107421875
37,0.8048780487804879,1.2516983588284347e-05,1,3,-3,2296.610107421875
38,0.853658536585366,1.408843763783807e-05,1,3,-3,2296.610107421875
39,0.902439024390244,8.20099921838846e-06,1,3,-3,2296.610107421875
40,0.9512195121951219,4.970636291545816e-05,1,3,-3,2296.610107421875
41,1.0,0.00016601583047304302,1,3,-3,2296.610107421875
0,-1.0,1.7023216059897095e-05,1,4,-3,2296.610107421875
1,-0.9512195121951219,3.2380525226471946e-05,1,4,-3,2296.610107421875
2,-0.9024390243902439,9.879139724944253e-06,1,4,-3,2296.610107421875
3,-0.8536585365853658,2.5001074391184375e-05,1,4,-3,2296.610107421875
4,-0.8048780487804879,3.206081601092592e-05,1,4,-3,2296.610107421875
5,-0.7560975609756098,0.0013658831594511867,1,4,-3,2296.610107421875
6,-0.7073170731707317,6.860234134364873e-05,1,4,-3,2296.610107421875
7,-0.6585365853658536,0.0001449771225452423,1,4,-3,2296.610107421875
8,-0.6097560975609756,6.258815847104415e-05,1,4,-3,2296.610107421875
9,-0.5609756097560976,0.003381968941539526,1,4,-3,2296.610107421875
10,-0.5121951219512195,0.011448300443589687,1,4,-3,2296.610107421875
11,-0.46341463414634143,0.0007042214274406433,1,4,-3,2296.610107421875
12,-0.41463414634146334,0.000249837787123397,1,4,-3,2296.610107421875
13,-0.36585365853658536,0.00013064917584415525,1,4,-3,2296.610107421875
14,-0.31707317073170727,7.171636389102787e-05,1,4,-3,2296.610107421875
15,-0.2682926829268293,2.2548781998921186e-05,1,4,-3,2296.610107421875
16,-0.2195121951219512,2.8846254735981347e-06,1,4,-3,2296.610107421875
17,-0.1707317073170731,4.638576228899183e-06,1,4,-3,2296.610107421875
18,-0.12195121951219512,1.1701521884788235e-07,1,4,-3,2296.610107421875
19,-0.07317073170731703,5.491124829859473e-05,1,4,-3,2296.610107421875
20,-0.024390243902439046,4.069362660175102e-07,1,4,-3,2296.610107421875
21,0.024390243902439046,3.0789894935878692e-06,1,4,-3,2296.610107421875
22,0.07317073170731714,1.3318276614882052e-06,1,4,-3,2296.610107421875
23,0.12195121951219523,2.331782752662548e-06,1,4,-3,2296.610107421875
24,0.17073170731707332,1.761672024258587e-06,1,4,-3,2296.610107421875
25,0.2195121951219512,4.009042186225997e-06,1,4,-3,2296.610107421875
26,0.2682926829268293,2.63382480625296e-06,1,4,-3,2296.610107421875
27,0.3170731707317074,1.3101447621011175e-05,1,4,-3,2296.610107421875
28,0.36585365853658547,8.133314395308844e-07,1,4,-3,2296.610107421875
29,0.41463414634146356,4.090968559467001e-06,1,4,-3,2296.610107421875
30,0.46341463414634143,5.956845143373357e-06,1,4,-3,2296.610107421875
31,0.5121951219512195,2.9312593596841907e-07,1,4,-3,2296.610107421875
32,0.5609756097560976,4.538223663530516e-07,1,4,-3,2296.610107421875
33,0.6097560975609757,3.2828285156938364e-07,1,4,-3,2296.610107421875
34,0.6585365853658538,0.0,1,4,-3,2296.610107421875
35,0.7073170731707317,0.0,1,4,-3,2296.610107421875
36,0.7560975609756098,0.0,1,4,-3,2296.610107421875
37,0.8048780487804879,0.0,1,4,-3,2296.610107421875
38,0.853658536585366,0.0,1,4,-3,2296.610107421875
39,0.902439024390244,0.0,1,4,-3,2296.610107421875
40,0.9512195121951219,0.0,1,4,-3,2296.610107421875
41,1.0,0.0,1,4,-3,2296.610107421875
0,-1.0,0.00011288593668723479,1,5,-3,2296.610107421875
1,-0.9512195121951219,0.0005642406758852303,1,5,-3,2296.610107421875
2,-0.9024390243902439,0.00036386906867846847,1,5,-3,2296.610107421875
3,-0.8536585365853658,0.0004524889518506825,1,5,-3,2296.610107421875
4,-0.8048780487804879,0.00771363778039813,1,5,-3,2296.610107421875
5,-0.7560975609756098,0.4035722017288208,1,5,-3,2296.610107421875
6,-0.7073170731707317,0.008273149840533733,1,5,-3,2296.610107421875
7,-0.6585365853658536,0.00040276249637827277,1,5,-3,2296.610107421875
8,-0.6097560975609756,0.0005782227381132543,1,5,-3,2296.610107421875
9,-0.5609756097560976,0.0003420342691242695,1,5,-3,2296.610107421875
10,-0.5121951219512195,0.0001502462982898578,1,5,-3,2296.610107421875
11,-0.46341463414634143,0.0002730235573835671,1,5,-3,2296.610107421875
12,-0.41463414634146334,4.6387151087401435e-05,1,5,-3,2296.610107421875
13,-0.36585365853658536,8.69326904648915e-05,1,5,-3,2296.610107421875
14,-0.31707317073170727,8.380588405998424e-05,1,5,-3,2296.610107421875
15,-0.2682926829268293,5.710489858756773e-07,1,5,-3,2296.610107421875
16,-0.2195121951219512,9.444900933885947e-05,1,5,-3,2296.610107421875
17,-0.1707317073170731,3.116397692792816e-06,1,5,-3,2296.610107421875
18,-0.12195121951219512,2.2663105482934043e-05,1,5,-3,2296.610107421875
19,-0.07317073170731703,2.7186622901353985e-05,1,5,-3,2296.610107421875
20,-0.024390243902439046,2.1844883235644375e-07,1,5,-3,2296.610107421875
21,0.024390243902439046,3.6683039070339873e-05,1,5,-3,2296.610107421875
22,0.07317073170731714,1.052154038916342e-05,1,5,-3,2296.610107421875
23,0.12195121951219523,1.1395994988561142e-05,1,5,-3,2296.610107421875
24,0.17073170731707332,2.5248900783481076e-05,1,5,-3,2296.610107421875
25,0.2195121951219512,0.0,1,5,-3,2296.610107421875
26,0.2682926829268293,0.0,1,5,-3,2296.610107421875
27,0.3170731707317074,0.0,1,5,-3,2296.610107421875
28,0.36585365853658547,0.0,1,5,-3,2296.610107421875
29,0.41463414634146356,0.0,1,5,-3,2296.610107421875
30,0.46341463414634143,0.0,1,5,-3,2296.610107421875
31,0.5121951219512195,0.0,1,5,-3,2296.610107421875
32,0.5609756097560976,0.0,1,5,-3,2296.610107421875
33,0.6097560975609757,0.0,1,5,-3,2296.610107421875
34,0.6585365853658538,0.0,1,5,-3,2296.610107421875
35,0.7073170731707317,0.0,1,5,-3,2296.610107421875
36,0.7560975609756098,0.0,1,5,-3,2296.610107421875
37,0.8048780487804879,0.0,1,5,-3,2296.610107421875
38,0.853658536585366,0.0,1,5,-3,2296.610107421875
39,0.902439024390244,0.0,1,5,-3,2296.610107421875
40,0.9512195121951219,0.0,1,5,-3,2296.610107421875
41,1.0,0.0,1,5,-3,2296.610107421875
0,-1.0,5.33348138560541e-05,1,6,-3,2296.610107421875
1,-0.9512195121951219,0.00026179724954999983,1,6,-3,2296.610107421875
2,-0.9024390243902439,0.0004309960058890283,1,6,-3,2296.610107421875
3,-0.8536585365853658,0.010574696585536003,1,6,-3,2296.610107421875
4,-0.8048780487804879,5.759214764111675e-05,1,6,-3,2296.610107421875
5,-0.7560975609756098,0.003327946877107024,1,6,-3,2296.610107421875
6,-0.7073170731707317,5.857651194673963e-05,1,6,-3,2296.610107421875
7,-0.6585365853658536,0.00015260600775945932,1,6,-3,2296.610107421875
8,-0.6097560975609756,1.8291691503691254e-06,1,6,-3,2296.610107421875
9,-0.5609756097560976,3.041607214981923e-07,1,6,-3,2296.610107421875
10,-0.5121951219512195,1.567014987813309e-05,1,6,-3,2296.610107421875
11,-0.46341463414634143,2.648110466907383e-06,1,6,-3,2296.610107421875
12,-0.41463414634146334,0.00020003343524876982,1,6,-3,2296.610107421875
13,-0.36585365853658536,1.4659814951301087e-05,1,6,-3,2296.610107421875
14,-0.31707317073170727,1.601776034476643e-06,1,6,-3,2296.610107421875
15,-0.2682926829268293,3.043136530322954e-06,1,6,-3,2296.610107421875
16,-0.2195121951219512,1.694295633569709e-06,1,6,-3,2296.610107421875
17,-0.1707317073170731,2.444381607347168e-06,1,6,-3,2296.610107421875
18,-0.12195121951219512,2.191864723499748e-06,1,6,-3,2296.610107421875
19,-0.07317073170731703,0.0,1,6,-3,2296.610107421875
20,-0.024390243902439046,0.0,1,6,-3,2296.610107421875
21,0.024390243902439046,0.0,1,6,-3,2296.610107421875
22,0.07317073170731714,0.0,1,6,-3,2296.610107421875
23,0.12195121951219523,0.0,1,6,-3,2296.610107421875
24,0.17073170731707332,0.0,1,6,-3,2296.610107421875
25,0.2195121951219512,0.0,1,6,-3,2296.610107421875
26,0.2682926829268293,0.0,1,6,-3,2296.610107421875
27,0.3170731707317074,0.0,1,6,-3,2296.610107421875
28,0.36585365853658547,0.0,1,6,-3,2296.610107421875
29,0.41463414634146356,0.0,1,6,-3,2296.610107421875
30,0.46341463414634143,0.0,1,6,-3,2296.610107421875
31,0.5121951219512195,0.0,1,6,-3,2296.610107421875
32,0.5609756097560976,0.0,1,6,-3,2296.610107421875
33,0.6097560975609757,0.0,1,6,-3,2296.610107421875
34,0.6585365853658538,0.0,1,6,-3,2296.610107421875
35,0.7073170731707317,0.0,1,6,-3,2296.610107421875
36,0.7560975609756098,0.0,1,6,-3,2296.610107421875
37,0.8048780487804879,0.0,1,6,-3,2296.610107421875
38,0.853658536585366,0.0,1,6,-3,2296.610107421875
39,0.902439024390244,0.0,1,6,-3,2296.610107421875
40,0.9512195121951219,0.0,1,6,-3,2296.610107421875
41,1.0,0.0,1,6,-3,2296.610107421875
0,-1.0,0.00016287845210172236,1,7,-3,2296.610107421875
1,-0.9512195121951219,0.0007059778436087072,1,7,-3,2296.610107421875
2,-0.9024390243902439,0.002492800122126937,1,7,-3,2296.610107421875
3,-0.8536585365853658,0.0007036399329081178,1,7,-3,2296.610107421875
4,-0.8048780487804879,2.7443949875305407e-05,1,7,-3,2296.610107421875
5,-0.7560975609756098,0.0003970114921685308,1,7,-3,2296.610107421875
6,-0.7073170731707317,3.605031452025287e-05,1,7,-3,2296.610107421875
7,-0.6585365853658536,8.869592420523986e-06,1,7,-3,2296.610107421875
8,-0.6097560975609756,5.733698671406273e-08,1,7,-3,2296.610107421875
9,-0.5609756097560976,1.0949268471449614e-05,1,7,-3,2296.610107421875
10,-0.5121951219512195,1.0801509233715478e-05,1,7,-3,2296.610107421875
11,-0.46341463414634143,1.1988375263172202e-05,1,7,-3,2296.610107421875
12,-0.41463414634146334,7.116182132449467e-06,1,7,-3,2296.610107421875
13,-0.36585365853658536,2.9586017262772657e-06,1,7,-3,2296.610107421875
14,-0.31707317073170727,2.440353682686691e-06,1,7,-3,2296.610107421875
15,-0.2682926829268293,2.528819322833442e-06,1,7,-3,2296.610107421875
16,-0.2195121951219512,3.154351816192502e-06,1,7,-3,2296.610107421875
17,-0.1707317073170731,0.0,1,7,-3,2296.610107421875
18,-0.12195121951219512,0.0,1,7,-3,2296.610107421875
19,-0.07317073170731703,0.0,1,7,-3,2296.610107421875
20,-0.024390243902439046,0.0,1,7,-3,2296.610107421875
21,0.024390243902439046,0.0,1,7,-3,2296.610107421875
22,0.07317073170731714,0.0,1,7,-3,2296.610107421875
23,0.12195121951219523,0.0,1,7,-3,2296.610107421875
24,0.17073170731707332,0.0,1,7,-3,2296.610107421875
25,0.2195121951219512,0.0,1,7,-3,2296.610107421875
26,0.2682926829268293,0.0,1,7,-3,2296.610107421875
27,0.3170731707317074,0.0,1,7,-3,2296.610107421875
28,0.36585365853658547,0.0,1,7,-3,2296.610107421875
29,0.41463414634146356,0.0,1,7,-3,2296.610107421875
30,0.46341463414634143,0.0,1,7,-3,2296.610107421875
31,0.5121951219512195,0.0,1,7,-3,2296.610107421875
32,0.5609756097560976,0.0,1,7,-3,2296.610107421875
33,0.6097560975609757,0.0,1,7,-3,2296.610107421875
34,0.6585365853658538,0.0,1,7,-3,2296.610107421875
35,0.7073170731707317,0.0,1,7,-3,2296.610107421875
36,0.7560975609756098,0.0,1,7,-3,2296.610107421875
37,0.8048780487804879,0.0,1,7,-3,2296.610107421875
38,0.853658536585366,0.0,1,7,-3,2296.610107421875
39,0.902439024390244,0.0,1,7,-3,2296.610107421875
40,0.9512195121951219,0.0,1,7,-3,2296.610107421875
41,1.0,0.0,1,7,-3,2296.610107421875
0,-1.0,0.0,1,7,-2,2296.610107421875
1,-0.9512195121951219,0.0,1,7,-2,2296.610107421875
2,-0.9024390243902439,0.0,1,7,-2,2296.610107421875
3,-0.8536585365853658,0.0,1,7,-2,2296.610107421875
4,-0.8048780487804879,0.0,1,7,-2,2296.610107421875
5,-0.7560975609756098,0.0,1,7,-2,2296.610107421875
6,-0.7073170731707317,0.0,1,7,-2,2296.610107421875
7,-0.6585365853658536,0.0,1,7,-2,2296.610107421875
8,-0.6097560975609756,0.0,1,7,-2,2296.610107421875
9,-0.5609756097560976,0.0,1,7,-2,2296.610107421875
10,-0.5121951219512195,0.0,1,7,-2,2296.610107421875
11,-0.46341463414634143,0.0,1,7,-2,2296.610107421875
12,-0.41463414634146334,0.0,1,7,-2,2296.610107421875
13,-0.36585365853658536,0.0,1,7,-2,2296.610107421875
14,-0.31707317073170727,0.0,1,7,-2,2296.610107421875
15,-0.2682926829268293,0.0,1,7,-2,2296.610107421875
16,-0.2195121951219512,0.0,1,7,-2,2296.610107421875
17,-0.1707317073170731,0.0,1,7,-2,2296.610107421875
18,-0.12195121951219512,0.0,1,7,-2,2296.610107421875
19,-0.07317073170731703,0.0,1,7,-2,2296.610107421875
20,-0.024390243902439046,0.0,1,7,-2,2296.610107421875
21,0.024390243902439046,0.0,1,7,-2,2296.610107421875
22,0.07317073170731714,0.0,1,7,-2,2296.610107421875
23,0.12195121951219523,0.0,1,7,-2,2296.610107421875
24,0.17073170731707332,4.624223493010504e-06,1,7,-2,2296.610107421875
25,0.2195121951219512,7.927880574243318e-08,1,7,-2,2296.610107421875
26,0.2682926829268293,1.6196645447053015e-07,1,7,-2,2296.610107421875
27,0.3170731707317074,1.4006445780978538e-06,1,7,-2,2296.610107421875
28,0.36585365853658547,5.510438313649502e-06,1,7,-2,2296.610107421875
29,0.41463414634146356,1.5644181985408068e-06,1,7,-2,2296.610107421875
30,0.46341463414634143,5.855531526322011e-07,1,7,-2,2296.610107421875
31,0.5121951219512195,7.315913535421714e-06,1,7,-2,2296.610107421875
32,0.5609756097560976,8.386372769564332e-07,1,7,-2,2296.610107421875
33,0.6097560975609757,2.0893546661682194e-06,1,7,-2,2296.610107421875
34,0.6585365853658538,3.225684486096725e-05,1,7,-2,2296.610107421875
35,0.7073170731707317,6.496964488178492e-06,1,7,-2,2296.610107421875
36,0.7560975609756098,1.033855187415611e-05,1,7,-2,2296.610107421875
37,0.8048780487804879,0.008746162056922913,1,7,-2,2296.610107421875
38,0.853658536585366,4.179410825599916e-05,1,7,-2,2296.610107421875
39,0.902439024390244,4.1866031097015366e-05,1,7,-2,2296.610107421875
40,0.9512195121951219,3.2037812616181327e-06,1,7,-2,2296.610107421875
41,1.0,2.629798837006092e-05,1,7,-2,2296.610107421875
0,-1.0,1.9407711079111323e-05,1,8,-3,2296.610107421875
1,-0.9512195121951219,0.0002578331041149795,1,8,-3,2296.610107421875
2,-0.9024390243902439,0.00014845171244814992,1,8,-3,2296.610107421875
3,-0.8536585365853658,0.00012860322021879256,1,8,-3,2296.610107421875
4,-0.8048780487804879,1.6793012036941946e-05,1,8,-3,2296.610107421875
5,-0.7560975609756098,7.49123573768884e-05,1,8,-3,2296.610107421875
6,-0.7073170731707317,1.1454179002612364e-05,1,8,-3,2296.610107421875
7,-0.6585365853658536,7.929944331408478e-06,1,8,-3,2296.610107421875
8,-0.6097560975609756,1.8966484276461415e-06,1,8,-3,2296.610107421875
9,-0.5609756097560976,4.2525993194431067e-05,1,8,-3,2296.610107421875
10,-0.5121951219512195,3.2478412776981713e-06,1,8,-3,2296.610107421875
11,-0.46341463414634143,3.41405461767863e-06,1,8,-3,2296.610107421875
12,-0.41463414634146334,1.6861672236245795e-07,1,8,-3,2296.610107421875
13,-0.36585365853658536,3.48474713973701e-06,1,8,-3,2296.610107421875
14,-0.31707317073170727,1.2195696674766054e-09,1,8,-3,2296.610107421875
15,-0.2682926829268293,0.0,1,8,-3,2296.610107421875
16,-0.2195121951219512,0.0,1,8,-3,2296.610107421875
17,-0.1707317073170731,0.0,1,8,-3,2296.610107421875
18,-0.12195121951219512,0.0,1,8,-3,2296.610107421875
19,-0.07317073170731703,0.0,1,8,-3,2296.610107421875
20,-0.024390243902439046,0.0,1,8,-3,2296.610107421875
21,0.024390243902439046,0.0,1,8,-3,2296.610107421875
22,0.07317073170731714,0.0,1,8,-3,2296.610107421875
23,0.12195121951219523,0.0,1,8,-3,2296.610107421875
24,0.17073170731707332,0.0,1,8,-3,2296.610107421875
25,0.2195121951219512,0.0,1,8,-3,2296.610107421875
26,0.2682926829268293,0.0,1,8,-3,2296.610107421875
27,0.3170731707317074,0.0,1,8,-3,2296.610107421875
28,0.36585365853658547,0.0,1,8,-3,2296.610107421875
29,0.41463414634146356,0.0,1,8,-3,2296.610107421875
30,0.46341463414634143,0.0,1,8,-3,2296.610107421875
31,0.5121951219512195,0.0,1,8,-3,2296.610107421875
32,0.5609756097560976,0.0,1,8,-3,2296.610107421875
33,0.6097560975609757,0.0,1,8,-3,2296.610107421875
34,0.6585365853658538,0.0,1,8,-3,2296.610107421875
35,0.7073170731707317,0.0,1,8,-3,2296.610107421875
36,0.7560975609756098,0.0,1,8,-3,2296.610107421875
37,0.8048780487804879,0.0,1,8,-3,2296.610107421875
38,0.853658536585366,0.0,1,8,-3,2296.610107421875
39,0.902439024390244,0.0,1,8,-3,2296.610107421875
40,0.9512195121951219,0.0,1,8,-3,2296.610107421875
41,1.0,0.0,1,8,-3,2296.610107421875
0,-1.0,0.0,1,8,-2,2296.610107421875
1,-0.9512195121951219,0.0,1,8,-2,2296.610107421875
2,-0.9024390243902439,0.0,1,8,-2,2296.610107421875
3,-0.8536585365853658,0.0,1,8,-2,2296.610107421875
4,-0.8048780487804879,0.0,1,8,-2,2296.610107421875
5,-0.7560975609756098,0.0,1,8,-2,2296.610107421875
6,-0.7073170731707317,0.0,1,8,-2,2296.610107421875
7,-0.6585365853658536,0.0,1,8,-2,2296.610107421875
8,-0.6097560975609756,0.0,1,8,-2,2296.610107421875
9,-0.5609756097560976,0.0,1,8,-2,2296.610107421875
10,-0.5121951219512195,0.0,1,8,-2,2296.610107421875
11,-0.46341463414634143,0.0,1,8,-2,2296.610107421875
12,-0.41463414634146334,0.0,1,8,-2,2296.610107421875
13,-0.36585365853658536,0.0,1,8,-2,2296.610107421875
14,-0.31707317073170727,0.0,1,8,-2,2296.610107421875
15,-0.2682926829268293,0.0,1,8,-2,2296.610107421875
16,-0.2195121951219512,0.0,1,8,-2,2296.610107421875
17,-0.1707317073170731,0.0,1,8,-2,2296.610107421875
18,-0.12195121951219512,0.0,1,8,-2,2296.610107421875
19,-0.07317073170731703,0.0,1,8,-2,2296.610107421875
20,-0.024390243902439046,0.0,1,8,-2,2296.610107421875
21,0.024390243902439046,0.0,1,8,-2,2296.610107421875
22,0.07317073170731714,6.961607255107083e-07,1,8,-2,2296.610107421875
23,0.12195121951219523,1.2346911262284266e-06,1,8,-2,2296.610107421875
24,0.17073170731707332,2.280481749039609e-05,1,8,-2,2296.610107421875
25,0.2195121951219512,4.1225398490496445e-06,1,8,-2,2296.610107421875
26,0.2682926829268293,2.021966110987705e-06,1,8,-2,2296.610107421875
27,0.3170731707317074,4.3394761632953305e-06,1,8,-2,2296.610107421875
28,0.36585365853658547,4.007364168501226e-06,1,8,-2,2296.610107421875
29,0.41463414634146356,8.188208084902726e-06,1,8,-2,2296.610107421875
30,0.46341463414634143,2.266428418806754e-05,1,8,-2,2296.610107421875
31,0.5121951219512195,4.795657878275961e-05,1,8,-2,2296.610107421875
32,0.5609756097560976,8.513564353052061e-06,1,8,-2,2296.610107421875
33,0.6097560975609757,0.0011204045731574297,1,8,-2,2296.610107421875
34,0.6585365853658538,0.0012178921606391668,1,8,-2,2296.610107421875
35,0.7073170731707317,9.587436215952039e-05,1,8,-2,2296.610107421875
36,0.7560975609756098,3.365740121807903e-05,1,8,-2,2296.610107421875
37,0.8048780487804879,3.0645674996776506e-05,1,8,-2,2296.610107421875
38,0.853658536585366,1.5437190086231567e-06,1,8,-2,2296.610107421875
39,0.902439024390244,9.513760232948698e-06,1,8,-2,2296.610107421875
40,0.9512195121951219,6.488310191343771e-06,1,8,-2,2296.610107421875
41,1.0,1.0136781156688812e-06,1,8,-2,2296.610107421875
0,-1.0,9.621705885365373e-07,1,9,-3,2296.610107421875
1,-0.9512195121951219,1.4396038750419393e-05,1,9,-3,2296.610107421875
2,-0.9024390243902439,9.630457498133183e-05,1,9,-3,2296.610107421875
3,-0.8536585365853658,4.199253089609556e-05,1,9,-3,2296.610107421875
4,-0.8048780487804879,0.0003616994072217494,1,9,-3,2296.610107421875
5,-0.7560975609756098,8.146221080096439e-05,1,9,-3,2296.610107421875
6,-0.7073170731707317,6.284959113145305e-07,1,9,-3,2296.610107421875
7,-0.6585365853658536,3.864806785713881e-06,1,9,-3,2296.610107421875
8,-0.6097560975609756,1.56059385858498e-07,1,9,-3,2296.610107421875
9,-0.5609756097560976,3.2453590392833576e-06,1,9,-3,2296.610107421875
10,-0.5121951219512195,1.815624557366391e-07,1,9,-3,2296.610107421875
11,-0.46341463414634143,1.2544642231659964e-06,1,9,-3,2296.610107421875
12,-0.41463414634146334,2.176820771637722e-06,1,9,-3,2296.610107421875
13,-0.36585365853658536,1.5598915297232452e-06,1,9,-3,2296.610107421875
14,-0.31707317073170727,1.7520253550173948e-06,1,9,-3,2296.610107421875
15,-0.2682926829268293,0.0,1,9,-3,2296.610107421875
16,-0.2195121951219512,0.0,1,9,-3,2296.610107421875
17,-0.1707317073170731,0.0,1,9,-3,2296.610107421875
18,-0.12195121951219512,0.0,1,9,-3,2296.610107421875
19,-0.07317073170731703,0.0,1,9,-3,2296.610107421875
20,-0.024390243902439046,0.0,1,9,-3,2296.610107421875
21,0.024390243902439046,0.0,1,9,-3,2296.610107421875
22,0.07317073170731714,0.0,1,9,-3,2296.610107421875
23,0.12195121951219523,0.0,1,9,-3,2296.610107421875
24,0.17073170731707332,0.0,1,9,-3,2296.610107421875
25,0.2195121951219512,0.0,1,9,-3,2296.610107421875
26,0.2682926829268293,0.0,1,9,-3,2296.610107421875
27,0.3170731707317074,0.0,1,9,-3,2296.610107421875
28,0.36585365853658547,0.0,1,9,-3,2296.610107421875
29,0.41463414634146356,0.0,1,9,-3,2296.610107421875
30,0.46341463414634143,0.0,1,9,-3,2296.610107421875
31,0.5121951219512195,0.0,1,9,-3,2296.610107421875
32,0.5609756097560976,0.0,1,9,-3,2296.610107421875
33,0.6097560975609757,0.0,1,9,-3,2296.610107421875
34,0.6585365853658538,0.0,1,9,-3,2296.610107421875
35,0.7073170731707317,0.0,1,9,-3,2296.610107421875
36,0.7560975609756098,0.0,1,9,-3,2296.610107421875
37,0.8048780487804879,0.0,1,9,-3,2296.610107421875
38,0.853658536585366,0.0,1,9,-3,2296.610107421875
39,0.902439024390244,0.0,1,9,-3,2296.610107421875
40,0.9512195121951219,0.0,1,9,-3,2296.610107421875
41,1.0,0.0,1,9,-3,2296.610107421875
0,-1.0,0.0,1,9,-2,2296.610107421875
1,-0.9512195121951219,0.0,1,9,-2,2296.610107421875
2,-0.9024390243902439,0.0,1,9,-2,2296.610107421875
3,-0.8536585365853658,0.0,1,9,-2,2296.610107421875
4,-0.8048780487804879,0.0,1,9,-2,2296.610107421875
5,-0.7560975609756098,0.0,1,9,-2,2296.610107421875
6,-0.7073170731707317,0.0,1,9,-2,2296.610107421875
7,-0.6585365853658536,0.0,1,9,-2,2296.610107421875
8,-0.6097560975609756,0.0,1,9,-2,2296.610107421875
9,-0.5609756097560976,0.0,1,9,-2,2296.610107421875
10,-0.5121951219512195,0.0,1,9,-2,2296.610107421875
11,-0.46341463414634143,0.0,1,9,-2,2296.610107421875
12,-0.41463414634146334,0.0,1,9,-2,2296.610107421875
13,-0.36585365853658536,0.0,1,9,-2,2296.610107421875
14,-0.31707317073170727,0.0,1,9,-2,2296.610107421875
15,-0.2682926829268293,0.0,1,9,-2,2296.610107421875
16,-0.2195121951219512,0.0,1,9,-2,2296.610107421875
17,-0.1707317073170731,0.0,1,9,-2,2296.610107421875
18,-0.12195121951219512,0.0,1,9,-2,2296.610107421875
19,-0.07317073170731703,0.0,1,9,-2,2296.610107421875
20,-0.024390243902439046,0.0,1,9,-2,2296.610107421875
21,0.024390243902439046,3.9644427829443885e-07,1,9,-2,2296.610107421875
22,0.07317073170731714,1.2031043297611177e-05,1,9,-2,2296.610107421875
23,0.12195121951219523,2.2323590656014858e-06,1,9,-2,2296.610107421875
24,0.17073170731707332,1.096110850085097e-06,1,9,-2,2296.610107421875
25,0.2195121951219512,5.445107262858073e-07,1,9,-2,2296.610107421875
26,0.2682926829268293,2.1711832687287824e-07,1,9,-2,2296.610107421875
27,0.3170731707317074,8.836717029225838e-07,1,9,-2,2296.610107421875
28,0.36585365853658547,0.00014332689170259982,1,9,-2,2296.610107421875
29,0.41463414634146356,1.3466716154653113e-05,1,9,-2,2296.610107421875
30,0.46341463414634143,2.301688800798729e-05,1,9,-2,2296.610107421875
31,0.5121951219512195,0.03372061997652054,1,9,-2,2296.610107421875
32,0.5609756097560976,2.1792160623590462e-05,1,9,-2,2296.610107421875
33,0.6097560975609757,2.0197378034936264e-05,1,9,-2,2296.610107421875
34,0.6585365853658538,2.1638311409333255e-06,1,9,-2,2296.610107421875
35,0.7073170731707317,3.605935035011498e-07,1,9,-2,2296.610107421875
36,0.7560975609756098,2.707947714952752e-07,1,9,-2,2296.610107421875
37,0.8048780487804879,4.221135441184742e-06,1,9,-2,2296.610107421875
38,0.853658536585366,6.246000907594862e-07,1,9,-2,2296.610107421875
39,0.902439024390244,7.668973580621241e-07,1,9,-2,2296.610107421875
40,0.9512195121951219,6.379492560881772e-07,1,9,-2,2296.610107421875
41,1.0,3.6926260804648336e-07,1,9,-2,2296.610107421875
0,-1.0,0.0,2,-6,-10,2296.610107421875
1,-0.9512195121951219,0.0,2,-6,-10,2296.610107421875
2,-0.9024390243902439,0.0,2,-6,-10,2296.610107421875
3,-0.8536585365853658,0.0,2,-6,-10,2296.610107421875
4,-0.8048780487804879,0.0,2,-6,-10,2296.610107421875
5,-0.7560975609756098,0.0,2,-6,-10,2296.610107421875
6,-0.7073170731707317,0.0,2,-6,-10,2296.610107421875
7,-0.6585365853658536,0.0,2,-6,-10,2296.610107421875
8,-0.6097560975609756,0.0,2,-6,-10,2296.610107421875
9,-0.5609756097560976,0.0,2,-6,-10,2296.610107421875
10,-0.5121951219512195,0.0,2,-6,-10,2296.610107421875
11,-0.46341463414634143,0.0,2,-6,-10,2296.610107421875
12,-0.41463414634146334,2.2774768240196863e-06,2,-6,-10,2296.610107421875
13,-0.36585365853658536,5.405535716818122e-07,2,-6,-10,2296.610107421875
14,-0.31707317073170727,2.456415018059488e-07,2,-6,-10,2296.610107421875
15,-0.2682926829268293,9.1336869445513e-07,2,-6,-10,2296.610107421875
16,-0.2195121951219512,2.901985283187969e-07,2,-6,-10,2296.610107421875
17,-0.1707317073170731,9.270173677577986e-07,2,-6,-10,2296.610107421875
18,-0.12195121951219512,9.122693882090971e-06,2,-6,-10,2296.610107421875
19,-0.07317073170731703,1.6160849725110893e-07,2,-6,-10,2296.610107421875
20,-0.024390243902439046,8.70780638706492e-07,2,-6,-10,2296.610107421875
21,0.024390243902439046,3.196694535745337e-07,2,-6,-10,2296.610107421875
22,0.07317073170731714,2.6185880415141582e-06,2,-6,-10,2296.610107421875
23,0.12195121951219523,1.5174283589658444e-06,2,-6,-10,2296.610107421875
24,0.17073170731707332,3.6383114547788864e-06,2,-6,-10,2296.610107421875
25,0.2195121951219512,2.0792585928575136e-06,2,-6,-10,2296.610107421875
26,0.2682926829268293,7.66483708503074e-07,2,-6,-10,2296.610107421875
27,0.3170731707317074,0.00018582097254693508,2,-6,-10,2296.610107421875
28,0.36585365853658547,0.0005540604470297694,2,-6,-10,2296.610107421875
29,0.41463414634146356,0.0019487605895847082,2,-6,-10,2296.610107421875
30,0.46341463414634143,0.0003974387072958052,2,-6,-10,2296.610107421875
31,0.5121951219512195,0.00021815422223880887,2,-6,-10,2296.610107421875
32,0.5609756097560976,4.39940868091071e-06,2,-6,-10,2296.610107421875
33,0.6097560975609757,6.392378963937517e-07,2,-6,-10,2296.610107421875
34,0.6585365853658538,2.0146027964074165e-05,2,-6,-10,2296.610107421875
35,0.7073170731707317,4.509375685302075e-06,2,-6,-10,2296.610107421875
36,0.7560975609756098,7.411771093757125e-06,2,-6,-10,2296.610107421875
37,0.8048780487804879,5.2276513997639995e-06,2,-6,-10,2296.610107421875
38,0.853658536585366,1.1791843235187116e-06,2,-6,-10,2296.610107421875
39,0.902439024390244,5.032012268202379e-06,2,-6,-10,2296.610107421875
40,0.9512195121951219,3.5277353163110092e-06,2,-6,-10,2296.610107421875
41,1.0,4.109464498469606e-06,2,-6,-10,2296.610107421875
0,-1.0,6.323460297608108e-07,2,-5,-9,2296.610107421875
1,-0.9512195121951219,5.550458354264265e-06,2,-5,-9,2296.610107421875
2,-0.9024390243902439,1.60846520884661e-05,2,-5,-9,2296.610107421875
3,-0.8536585365853658,0.00022273864306043833,2,-5,-9,2296.610107421875
4,-0.8048780487804879,0.029675772413611412,2,-5,-9,2296.610107421875
5,-0.7560975609756098,0.0019572137389332056,2,-5,-9,2296.610107421875
6,-0.7073170731707317,0.0004038798506371677,2,-5,-9,2296.610107421875
7,-0.6585365853658536,0.00012267161218915135,2,-5,-9,2296.610107421875
8,-0.6097560975609756,5.011160465073772e-05,2,-5,-9,2296.610107421875
9,-0.5609756097560976,1.1569560228963383e-05,2,-5,-9,2296.610107421875
10,-0.5121951219512195,1.7458149159210734e-05,2,-5,-9,2296.610107421875
11,-0.46341463414634143,1.0502812074264511e-05,2,-5,-9,2296.610107421875
12,-0.41463414634146334,1.4606635886593722e-05,2,-5,-9,2296.610107421875
13,-0.36585365853658536,3.4755780689010862e-06,2,-5,-9,2296.610107421875
14,-0.31707317073170727,1.3360978300624993e-05,2,-5,-9,2296.610107421875
15,-0.2682926829268293,4.842094858759083e-05,2,-5,-9,2296.610107421875
16,-0.2195121951219512,2.1757479771622457e-05,2,-5,-9,2296.610107421875
17,-0.1707317073170731,6.437830961658619e-07,2,-5,-9,2296.610107421875
18,-0.12195121951219512,1.0402598036307609e-06,2,-5,-9,2296.610107421875
19,-0.07317073170731703,6.090406259318115e-07,2,-5,-9,2296.610107421875
20,-0.024390243902439046,6.290698365774006e-06,2,-5,-9,2296.610107421875
21,0.024390243902439046,1.8468698499418679e-06,2,-5,-9,2296.610107421875
22,0.07317073170731714,2.4230262170021888e-06,2,-5,-9,2296.610107421875
23,0.12195121951219523,3.34985384142783e-06,2,-5,-9,2296.610107421875
24,0.17073170731707332,1.7106613086070865e-06,2,-5,-9,2296.610107421875
25,0.2195121951219512,6.60950354358647e-06,2,-5,-9,2296.610107421875
26,0.2682926829268293,1.0085866506415186e-06,2,-5,-9,2296.610107421875
27,0.3170731707317074,0.0,2,-5,-9,2296.610107421875
28,0.36585365853658547,0.0,2,-5,-9,2296.610107421875
29,0.41463414634146356,0.0,2,-5,-9,2296.610107421875
30,0.46341463414634143,0.0,2,-5,-9,2296.610107421875
31,0.5121951219512195,0.0,2,-5,-9,2296.610107421875
32,0.5609756097560976,0.0,2,-5,-9,2296.610107421875
33,0.6097560975609757,0.0,2,-5,-9,2296.610107421875
34,0.6585365853658538,0.0,2,-5,-9,2296.610107421875
35,0.7073170731707317,0.0,2,-5,-9,2296.610107421875
36,0.7560975609756098,0.0,2,-5,-9,2296.610107421875
37,0.8048780487804879,0.0,2,-5,-9,2296.610107421875
38,0.853658536585366,0.0,2,-5,-9,2296.610107421875
39,0.902439024390244,0.0,2,-5,-9,2296.610107421875
40,0.9512195121951219,0.0,2,-5,-9,2296.610107421875
41,1.0,0.0,2,-5,-9,2296.610107421875
0,-1.0,1.3754406609223224e-05,2,-4,-9,2296.610107421875
1,-0.9512195121951219,4.391142738313647e-06,2,-4,-9,2296.610107421875
2,-0.9024390243902439,6.752183253411204e-06,2,-4,-9,2296.610107421875
3,-0.8536585365853658,5.948412581346929e-05,2,-4,-9,2296.610107421875
4,-0.8048780487804879,2.7675388992065564e-05,2,-4,-9,2296.610107421875
5,-0.7560975609756098,2.1412549244814727e-07,2,-4,-9,2296.610107421875
6,-0.7073170731707317,2.7521624360815622e-05,2,-4,-9,2296.610107421875
7,-0.6585365853658536,2.36123196373228e-05,2,-4,-9,2296.610107421875
8,-0.6097560975609756,5.360893737815786e-06,2,-4,-9,2296.610107421875
9,-0.5609756097560976,0.00011813467426691204,2,-4,-9,2296.610107421875
10,-0.5121951219512195,1.4366927644005045e-05,2,-4,-9,2296.610107421875
11,-0.46341463414634143,7.532205927418545e-05,2,-4,-9,2296.610107421875
12,-0.41463414634146334,0.0001776639837771654,2,-4,-9,2296.610107421875
13,-0.36585365853658536,6.608298281207681e-05,2,-4,-9,2296.610107421875
14,-0.31707317073170727,6.857890548417345e-05,2,-4,-9,2296.610107421875
15,-0.2682926829268293,2.8351229047984816e-05,2,-4,-9,2296.610107421875
16,-0.2195121951219512,3.9539281715406105e-06,2,-4,-9,2296.610107421875
17,-0.1707317073170731,5.222871186560951e-05,2,-4,-9,2296.610107421875
18,-0.12195121951219512,4.368928784970194e-05,2,-4,-9,2296.610107421875
19,-0.07317073170731703,9.758007945492864e-05,2,-4,-9,2296.610107421875
20,-0.024390243902439046,2.765198951237835e-05,2,-4,-9,2296.610107421875
21,0.024390243902439046,0.0010440911864861846,2,-4,-9,2296.610107421875
22,0.07317073170731714,0.0002764631062746048,2,-4,-9,2296.610107421875
23,0.12195121951219523,3.261636447859928e-05,2,-4,-9,2296.610107421875
24,0.17073170731707332,0.0007969309226609766,2,-4,-9,2296.610107421875
25,0.2195121951219512,0.000964202918112278,2,-4,-9,2296.610107421875
26,0.2682926829268293,0.004980369936674833,2,-4,-9,2296.610107421875
27,0.3170731707317074,0.0005466677830554545,2,-4,-9,2296.610107421875
28,0.36585365853658547,0.00029288462246768177,2,-4,-9,2296.610107421875
29,0.41463414634146356,0.00020630254584830254,2,-4,-9,2296.610107421875
30,0.46341463414634143,0.00013693273649550974,2,-4,-9,2296.610107421875
31,0.5121951219512195,0.0002557538100518286,2,-4,-9,2296.610107421875
32,0.5609756097560976,1.2071193850715645e-05,2,-4,-9,2296.610107421875
33,0.6097560975609757,1.3128897080605384e-05,2,-4,-9,2296.610107421875
34,0.6585365853658538,1.115843861043686e-05,2,-4,-9,2296.610107421875
35,0.7073170731707317,8.019285814953037e-06,2,-4,-9,2296.610107421875
36,0.7560975609756098,1.4112667940935353e-06,2,-4,-9,2296.610107421875
37,0.8048780487804879,2.013117955357302e-05,2,-4,-9,2296.610107421875
38,0.853658536585366,1.1015084965038113e-05,2,-4,-9,2296.610107421875
39,0.902439024390244,7.691253813391086e-06,2,-4,-9,2296.610107421875
40,0.9512195121951219,4.457970590010518e-06,2,-4,-9,2296.610107421875
41,1.0,2.872259938158095e-05,2,-4,-9,2296.610107421875
0,-1.0,8.621576057521452e-07,2,2,-7,2296.610107421875
1,-0.9512195121951219,1.070642099421093e-07,2,2,-7,2296.610107421875
2,-0.9024390243902439,6.417396036795253e-08,2,2,-7,2296.610107421875
3,-0.8536585365853658,3.526723446611868e-08,2,2,-7,2296.610107421875
4,-0.8048780487804879,6.78949220400682e-07,2,2,-7,2296.610107421875
5,-0.7560975609756098,1.9341844108566875e-06,2,2,-7,2296.610107421875
6,-0.7073170731707317,1.3281621704663849e-06,2,2,-7,2296.610107421875
7,-0.6585365853658536,2.393303111603018e-05,2,2,-7,2296.610107421875
8,-0.6097560975609756,5.628082362818532e-06,2,2,-7,2296.610107421875
9,-0.5609756097560976,7.718219421803951e-06,2,2,-7,2296.610107421875
10,-0.5121951219512195,5.5713917390676215e-06,2,2,-7,2296.610107421875
11,-0.46341463414634143,2.201511051680427e-06,2,2,-7,2296.610107421875
12,-0.41463414634146334,1.763884256433812e-06,2,2,-7,2296.610107421875
13,-0.36585365853658536,3.1244098863680847e-07,2,2,-7,2296.610107421875
14,-0.31707317073170727,3.667754754133057e-06,2,2,-7,2296.610107421875
15,-0.2682926829268293,4.382383394840872e-06,2,2,-7,2296.610107421875
16,-0.2195121951219512,2.0867614125563705e-07,2,2,-7,2296.610107421875
17,-0.1707317073170731,1.0385355153630371e-06,2,2,-7,2296.610107421875
18,-0.12195121951219512,3.906698566424893e-06,2,2,-7,2296.610107421875
19,-0.07317073170731703,6.764839781681076e-05,2,2,-7,2296.610107421875
20,-0.024390243902439046,1.295701054004894e-06,2,2,-7,2296.610107421875
21,0.024390243902439046,1.3073183254164178e-05,2,2,-7,2296.610107421875
22,0.07317073170731714,1.3424631106317975e-05,2,2,-7,2296.610107421875
23,0.12195121951219523,2.94667170237517e-05,2,2,-7,2296.610107421875
24,0.17073170731707332,2.4100048904074356e-05,2,2,-7,2296.610107421875
25,0.2195121951219512,4.1465467802481726e-05,2,2,-7,2296.610107421875
26,0.2682926829268293,1.6115483958856203e-05,2,2,-7,2296.610107421875
27,0.3170731707317074,1.2879664609499741e-05,2,2,-7,2296.610107421875
28,0.36585365853658547,0.0001784910709830001,2,2,-7,2296.610107421875
29,0.41463414634146356,1.921771945490036e-05,2,2,-7,2296.610107421875
30,0.46341463414634143,0.000940479920245707,2,2,-7,2296.610107421875
31,0.5121951219512195,0.006919288542121649,2,2,-7,2296.610107421875
32,0.5609756097560976,0.0017935052746906877,2,2,-7,2296.610107421875
33,0.6097560975609757,0.002768126782029867,2,2,-7,2296.610107421875
34,0.6585365853658538,6.296634819591418e-05,2,2,-7,2296.610107421875
35,0.7073170731707317,1.766218338161707e-05,2,2,-7,2296.610107421875
36,0.7560975609756098,8.147871994879097e-05,2,2,-7,2296.610107421875
37,0.8048780487804879,3.265465784352273e-05,2,2,-7,2296.610107421875
38,0.853658536585366,2.0542949641821906e-05,2,2,-7,2296.610107421875
39,0.902439024390244,1.8454400560585782e-05,2,2,-7,2296.610107421875
40,0.9512195121951219,1.5667295883758925e-05,2,2,-7,2296.610107421875
41,1.0,1.3054717783234082e-05,2,2,-7,2296.610107421875
0,-1.0,4.226698820275487e-06,2,3,-7,2296.610107421875
1,-0.9512195121951219,1.559627776259731e-06,2,3,-7,2296.610107421875
2,-0.9024390243902439,4.985540272173239e-06,2,3,-7,2296.610107421875
3,-0.8536585365853658,1.3812732504447922e-05,2,3,-7,2296.610107421875
4,-0.8048780487804879,4.133775655645877e-05,2,3,-7,2296.610107421875
5,-0.7560975609756098,0.0004517229972407222,2,3,-7,2296.610107421875
6,-0.7073170731707317,1.348964997305302e-05,2,3,-7,2296.610107421875
7,-0.6585365853658536,5.9469322877703235e-05,2,3,-7,2296.610107421875
8,-0.6097560975609756,2.6591929781716317e-05,2,3,-7,2296.610107421875
9,-0.5609756097560976,2.9657592676812783e-05,2,3,-7,2296.610107421875
10,-0.5121951219512195,2.9848652047803625e-05,2,3,-7,2296.610107421875
11,-0.46341463414634143,2.2886457372806035e-05,2,3,-7,2296.610107421875
12,-0.41463414634146334,8.73385215527378e-06,2,3,-7,2296.610107421875
13,-0.36585365853658536,0.0003726597351487726,2,3,-7,2296.610107421875
14,-0.31707317073170727,0.0004063533851876855,2,3,-7,2296.610107421875
15,-0.2682926829268293,0.002714002737775445,2,3,-7,2296.610107421875
16,-0.2195121951219512,0.000206251279450953,2,3,-7,2296.610107421875
17,-0.1707317073170731,5.1037175580859184e-05,2,3,-7,2296.610107421875
18,-0.12195121951219512,6.580754416063428e-05,2,3,-7,2296.610107421875
19,-0.07317073170731703,1.726585287542548e-05,2,3,-7,2296.610107421875
20,-0.024390243902439046,4.345668639871292e-05,2,3,-7,2296.610107421875
21,0.024390243902439046,6.566141382791102e-05,2,3,-7,2296.610107421875
22,0.07317073170731714,5.683591552951839e-06,2,3,-7,2296.610107421875
23,0.12195121951219523,7.118359917512862e-06,2,3,-7,2296.610107421875
24,0.17073170731707332,1.485584562033182e-06,2,3,-7,2296.610107421875
25,0.2195121951219512,4.563619768305216e-06,2,3,-7,2296.610107421875
26,0.2682926829268293,8.829892408357409e-07,2,3,-7,2296.610107421875
27,0.3170731707317074,6.315482892205182e-07,2,3,-7,2296.610107421875
28,0.36585365853658547,3.194359351255116e-06,2,3,-7,2296.610107421875
29,0.41463414634146356,3.3708399769238895e-06,2,3,-7,2296.610107421875
30,0.46341463414634143,3.738306304512662e-06,2,3,-7,2296.610107421875
31,0.5121951219512195,1.025829442369286e-05,2,3,-7,2296.610107421875
32,0.5609756097560976,2.8623974230868043e-06,2,3,-7,2296.610107421875
33,0.6097560975609757,5.000026249035727e-06,2,3,-7,2296.610107421875
34,0.6585365853658538,3.396450665604789e-06,2,3,-7,2296.610107421875
35,0.7073170731707317,9.403846661371063e-07,2,3,-7,2296.610107421875
36,0.7560975609756098,2.1171629214222776e-06,2,3,-7,2296.610107421875
37,0.8048780487804879,3.0688377705700987e-07,2,3,-7,2296.610107421875
38,0.853658536585366,3.4367049011052586e-06,2,3,-7,2296.610107421875
39,0.902439024390244,1.9048235344598652e-06,2,3,-7,2296.610107421875
40,0.9512195121951219,2.471821971994359e-05,2,3,-7,2296.610107421875
41,1.0,2.06945860554697e-05,2,3,-7,2296.610107421875
0,-1.0,3.3919757697731256e-05,2,4,-7,2296.610107421875
1,-0.9512195121951219,5.001569661544636e-05,2,4,-7,2296.610107421875
2,-0.9024390243902439,1.0560259397607297e-05,2,4,-7,2296.610107421875
3,-0.8536585365853658,8.515958143107127e-06,2,4,-7,2296.610107421875
4,-0.8048780487804879,0.00020581476564984769,2,4,-7,2296.610107421875
5,-0.7560975609756098,0.0024207616224884987,2,4,-7,2296.610107421875
6,-0.7073170731707317,0.00023079967650119215,2,4,-7,2296.610107421875
7,-0.6585365853658536,0.025351040065288544,2,4,-7,2296.610107421875
8,-0.6097560975609756,0.0008173725218512118,2,4,-7,2296.610107421875
9,-0.5609756097560976,0.00018930358055513352,2,4,-7,2296.610107421875
10,-0.5121951219512195,3.473032847978175e-05,2,4,-7,2296.610107421875
11,-0.46341463414634143,3.6205954529577866e-05,2,4,-7,2296.610107421875
12,-0.41463414634146334,0.00037310365587472916,2,4,-7,2296.610107421875
13,-0.36585365853658536,5.567680545937037e-06,2,4,-7,2296.610107421875
14,-0.31707317073170727,5.4922425078984816e-06,2,4,-7,2296.610107421875
15,-0.2682926829268293,4.7705807446618564e-06,2,4,-7,2296.610107421875
16,-0.2195121951219512,3.5698421925189905e-06,2,4,-7,2296.610107421875
17,-0.1707317073170731,3.6194720109961054e-07,2,4,-7,2296.610107421875
18,-0.12195121951219512,1.54836834553862e-06,2,4,-7,2296.610107421875
19,-0.07317073170731703,1.1977240319538396e-05,2,4,-7,2296.610107421875
20,-0.024390243902439046,1.5613750292686746e-06,2,4,-7,2296.610107421875
21,0.024390243902439046,8.581268389207253e-07,2,4,-7,2296.610107421875
22,0.07317073170731714,6.010126980982022e-06,2,4,-7,2296.610107421875
23,0.12195121951219523,1.3418646176432958e-06,2,4,-7,2296.610107421875
24,0.17073170731707332,1.6132125892909244e-06,2,4,-7,2296.610107421875
25,0.2195121951219512,4.482084477785975e-06,2,4,-7,2296.610107421875
26,0.2682926829268293,3.052967485928093e-06,2,4,-7,2296.610107421875
27,0.3170731707317074,4.480242296267534e-06,2,4,-7,2296.610107421875
28,0.36585365853658547,1.2475335324779735e-06,2,4,-7,2296.610107421875
29,0.41463414634146356,1.770437165760086e-06,2,4,-7,2296.610107421875
30,0.46341463414634143,0.0,2,4,-7,2296.610107421875
31,0.5121951219512195,0.0,2,4,-7,2296.610107421875
32,0.5609756097560976,0.0,2,4,-7,2296.610107421875
33,0.6097560975609757,0.0,2,4,-7,2296.610107421875
34,0.6585365853658538,0.0,2,4,-7,2296.610107421875
35,0.7073170731707317,0.0,2,4,-7,2296.610107421875
36,0.7560975609756098,0.0,2,4,-7,2296.610107421875
37,0.8048780487804879,0.0,2,4,-7,2296.610107421875
38,0.853658536585366,0.0,2,4,-7,2296.610107421875
39,0.902439024390244,0.0,2,4,-7,2296.610107421875
40,0.9512195121951219,0.0,2,4,-7,2296.610107421875
41,1.0,0.0,2,4,-7,2296.610107421875
0,-1.0,7.644448487553746e-05,2,5,-7,2296.610107421875
1,-0.9512195121951219,3.023845056304708e-05,2,5,-7,2296.610107421875
2,-0.9024390243902439,2.7594856874202378e-05,2,5,-7,2296.610107421875
3,-0.8536585365853658,0.0008129565976560116,2,5,-7,2296.610107421875
4,-0.8048780487804879,0.0035355305299162865,2,5,-7,2296.610107421875
5,-0.7560975609756098,0.0003002318262588233,2,5,-7,2296.610107421875
6,-0.7073170731707317,2.987607877003029e-05,2,5,-7,2296.610107421875
7,-0.6585365853658536,5.774338569608517e-05,2,5,-7,2296.610107421875
8,-0.6097560975609756,2.29445613513235e-05,2,5,-7,2296.610107421875
9,-0.5609756097560976,1.352022991341073e-05,2,5,-7,2296.610107421875
10,-0.5121951219512195,3.568214378901757e-05,2,5,-7,2296.610107421875
11,-0.46341463414634143,1.6858766684890725e-06,2,5,-7,2296.610107421875
12,-0.41463414634146334,4.621160769602284e-06,2,5,-7,2296.610107421875
13,-0.36585365853658536,5.006272090213315e-07,2,5,-7,2296.610107421875
14,-0.31707317073170727,6.64093431623769e-06,2,5,-7,2296.610107421875
15,-0.2682926829268293,1.595834328327328e-05,2,5,-7,2296.610107421875
16,-0.2195121951219512,3.15030570163799e-06,2,5,-7,2296.610107421875
17,-0.1707317073170731,3.8529191215275205e-07,2,5,-7,2296.610107421875
18,-0.12195121951219512,2.4681660306669073e-06,2,5,-7,2296.610107421875
19,-0.07317073170731703,3.5850172253049095e-07,2,5,-7,2296.610107421875
20,-0.024390243902439046,2.5454248770984123e-06,2,5,-7,2296.610107421875
21,0.024390243902439046,3.522428926316934e-08,2,5,-7,2296.610107421875
22,0.07317073170731714,1.50703931467433e-06,2,5,-7,2296.610107421875
23,0.12195121951219523,0.0,2,5,-7,2296.610107421875
24,0.17073170731707332,0.0,2,5,-7,2296.610107421875
25,0.2195121951219512,0.0,2,5,-7,2296.610107421875
26,0.2682926829268293,0.0,2,5,-7,2296.610107421875
27,0.3170731707317074,0.0,2,5,-7,2296.610107421875
28,0.36585365853658547,0.0,2,5,-7,2296.610107421875
29,0.41463414634146356,0.0,2,5,-7,2296.610107421875
30,0.46341463414634143,0.0,2,5,-7,2296.610107421875
31,0.5121951219512195,0.0,2,5,-7,2296.610107421875
32,0.5609756097560976,0.0,2,5,-7,2296.610107421875
33,0.6097560975609757,0.0,2,5,-7,2296.610107421875
34,0.6585365853658538,0.0,2,5,-7,2296.610107421875
35,0.7073170731707317,0.0,2,5,-7,2296.610107421875
36,0.7560975609756098,0.0,2,5,-7,2296.610107421875
37,0.8048780487804879,0.0,2,5,-7,2296.610107421875
38,0.853658536585366,0.0,2,5,-7,2296.610107421875
39,0.902439024390244,0.0,2,5,-7,2296.610107421875
40,0.9512195121951219,0.0,2,5,-7,2296.610107421875
41,1.0,0.0,2,5,-7,2296.610107421875
0,-1.0,0.00021460425341501832,2,6,-7,2296.610107421875
1,-0.9512195121951219,0.0010745483450591564,2,6,-7,2296.610107421875
2,-0.9024390243902439,0.0005349674029275775,2,6,-7,2296.610107421875
3,-0.8536585365853658,0.0009794083889573812,2,6,-7,2296.610107421875
4,-0.8048780487804879,0.00021759986702818424,2,6,-7,2296.610107421875
5,-0.7560975609756098,0.0007554622134193778,2,6,-7,2296.610107421875
6,-0.7073170731707317,3.2371322049584705e-06,2,6,-7,2296.610107421875
7,-0.6585365853658536,0.0001349408266833052,2,6,-7,2296.610107421875
8,-0.6097560975609756,1.129333895732998e-06,2,6,-7,2296.610107421875
9,-0.5609756097560976,7.307395208044909e-06,2,6,-7,2296.610107421875
10,-0.5121951219512195,7.554895091743674e-06,2,6,-7,2296.610107421875
11,-0.46341463414634143,8.28515476314351e-06,2,6,-7,2296.610107421875
12,-0.41463414634146334,9.679339427748346e-07,2,6,-7,2296.610107421875
13,-0.36585365853658536,2.647710289238603e-06,2,6,-7,2296.610107421875
14,-0.31707317073170727,7.698933472966019e-07,2,6,-7,2296.610107421875
15,-0.2682926829268293,1.0660729685696424e-06,2,6,-7,2296.610107421875
16,-0.2195121951219512,2.41091640873492e-07,2,6,-7,2296.610107421875
17,-0.1707317073170731,1.7085378090087033e-07,2,6,-7,2296.610107421875
18,-0.12195121951219512,1.8771888932178626e-08,2,6,-7,2296.610107421875
19,-0.07317073170731703,0.0,2,6,-7,2296.610107421875
20,-0.024390243902439046,0.0,2,6,-7,2296.610107421875
21,0.024390243902439046,0.0,2,6,-7,2296.610107421875
22,0.07317073170731714,0.0,2,6,-7,2296.610107421875
23,0.12195121951219523,0.0,2,6,-7,2296.610107421875
24,0.17073170731707332,0.0,2,6,-7,2296.610107421875
25,0.2195121951219512,0.0,2,6,-7,2296.610107421875
26,0.2682926829268293,0.0,2,6,-7,2296.610107421875
27,0.3170731707317074,0.0,2,6,-7,2296.610107421875
28,0.36585365853658547,0.0,2,6,-7,2296.610107421875
29,0.41463414634146356,0.0,2,6,-7,2296.610107421875
30,0.46341463414634143,0.0,2,6,-7,2296.610107421875
31,0.5121951219512195,0.0,2,6,-7,2296.610107421875
32,0.5609756097560976,0.0,2,6,-7,2296.610107421875
33,0.6097560975609757,0.0,2,6,-7,2296.610107421875
34,0.6585365853658538,0.0,2,6,-7,2296.610107421875
35,0.7073170731707317,0.0,2,6,-7,2296.610107421875
36,0.7560975609756098,0.0,2,6,-7,2296.610107421875
37,0.8048780487804879,0.0,2,6,-7,2296.610107421875
38,0.853658536585366,0.0,2,6,-7,2296.610107421875
39,0.902439024390244,0.0,2,6,-7,2296.610107421875
40,0.9512195121951219,0.0,2,6,-7,2296.610107421875
41,1.0,0.0,2,6,-7,2296.610107421875
0,-1.0,0.0,2,6,-6,2296.610107421875
1,-0.9512195121951219,0.0,2,6,-6,2296.610107421875
2,-0.9024390243902439,0.0,2,6,-6,2296.610107421875
3,-0.8536585365853658,0.0,2,6,-6,2296.610107421875
4,-0.8048780487804879,0.0,2,6,-6,2296.610107421875
5,-0.7560975609756098,0.0,2,6,-6,2296.610107421875
6,-0.7073170731707317,0.0,2,6,-6,2296.610107421875
7,-0.6585365853658536,0.0,2,6,-6,2296.610107421875
8,-0.6097560975609756,0.0,2,6,-6,2296.610107421875
9,-0.5609756097560976,0.0,2,6,-6,2296.610107421875
10,-0.5121951219512195,0.0,2,6,-6,2296.610107421875
11,-0.46341463414634143,0.0,2,6,-6,2296.610107421875
12,-0.41463414634146334,0.0,2,6,-6,2296.610107421875
13,-0.36585365853658536,0.0,2,6,-6,2296.610107421875
14,-0.31707317073170727,0.0,2,6,-6,2296.610107421875
15,-0.2682926829268293,0.0,2,6,-6,2296.610107421875
16,-0.2195121951219512,0.0,2,6,-6,2296.610107421875
17,-0.1707317073170731,0.0,2,6,-6,2296.610107421875
18,-0.12195121951219512,0.0,2,6,-6,2296.610107421875
19,-0.07317073170731703,0.0,2,6,-6,2296.610107421875
20,-0.024390243902439046,0.0,2,6,-6,2296.610107421875
21,0.024390243902439046,0.0,2,6,-6,2296.610107421875
22,0.07317073170731714,0.0,2,6,-6,2296.610107421875
23,0.12195121951219523,0.0,2,6,-6,2296.610107421875
24,0.17073170731707332,1.8702464785746997e-06,2,6,-6,2296.610107421875
25,0.2195121951219512,2.262320322188316e-07,2,6,-6,2296.610107421875
26,0.2682926829268293,1.391702397768313e-07,2,6,-6,2296.610107421875
27,0.3170731707317074,2.1946107153780758e-07,2,6,-6,2296.610107421875
28,0.36585365853658547,1.5842706488911062e-06,2,6,-6,2296.610107421875
29,0.41463414634146356,4.6262485398074205e-07,2,6,-6,2296.610107421875
30,0.46341463414634143,1.7384736565873027e-06,2,6,-6,2296.610107421875
31,0.5121951219512195,8.564434210711624e-06,2,6,-6,2296.610107421875
32,0.5609756097560976,3.4882798445323715e-06,2,6,-6,2296.610107421875
33,0.6097560975609757,5.595566108240746e-07,2,6,-6,2296.610107421875
34,0.6585365853658538,1.7199437934323214e-05,2,6,-6,2296.610107421875
35,0.7073170731707317,7.99164263298735e-06,2,6,-6,2296.610107421875
36,0.7560975609756098,1.2230491847731173e-05,2,6,-6,2296.610107421875
37,0.8048780487804879,8.898638043319806e-05,2,6,-6,2296.610107421875
38,0.853658536585366,0.0008598181302659214,2,6,-6,2296.610107421875
39,0.902439024390244,0.00011830933362944052,2,6,-6,2296.610107421875
40,0.9512195121951219,0.0005796136101707816,2,6,-6,2296.610107421875
41,1.0,7.002894562901929e-05,2,6,-6,2296.610107421875
0,-1.0,7.140173693187535e-05,2,7,-7,2296.610107421875
1,-0.9512195121951219,0.00036393196205608547,2,7,-7,2296.610107421875
2,-0.9024390243902439,0.0008856206550262868,2,7,-7,2296.610107421875
3,-0.8536585365853658,0.0009130132384598255,2,7,-7,2296.610107421875
4,-0.8048780487804879,1.6340312868123874e-05,2,7,-7,2296.610107421875
5,-0.7560975609756098,0.00017743202624842525,2,7,-7,2296.610107421875
6,-0.7073170731707317,1.8716551494435407e-05,2,7,-7,2296.610107421875
7,-0.6585365853658536,7.056425147311529e-06,2,7,-7,2296.610107421875
8,-0.6097560975609756,7.113101673894562e-06,2,7,-7,2296.610107421875
9,-0.5609756097560976,3.1067670533957426e-06,2,7,-7,2296.610107421875
10,-0.5121951219512195,4.150717813899973e-06,2,7,-7,2296.610107421875
11,-0.46341463414634143,1.7631618902669288e-06,2,7,-7,2296.610107421875
12,-0.41463414634146334,9.337456390312582e-07,2,7,-7,2296.610107421875
13,-0.36585365853658536,3.4697029605013086e-07,2,7,-7,2296.610107421875
14,-0.31707317073170727,2.3408470894992206e-07,2,7,-7,2296.610107421875
15,-0.2682926829268293,3.301168192137993e-07,2,7,-7,2296.610107421875
16,-0.2195121951219512,0.0,2,7,-7,2296.610107421875
17,-0.1707317073170731,0.0,2,7,-7,2296.610107421875
18,-0.12195121951219512,0.0,2,7,-7,2296.610107421875
19,-0.07317073170731703,0.0,2,7,-7,2296.610107421875
20,-0.024390243902439046,0.0,2,7,-7,2296.610107421875
21,0.024390243902439046,0.0,2,7,-7,2296.610107421875
22,0.07317073170731714,0.0,2,7,-7,2296.610107421875
23,0.12195121951219523,0.0,2,7,-7,2296.610107421875
24,0.17073170731707332,0.0,2,7,-7,2296.610107421875
25,0.2195121951219512,0.0,2,7,-7,2296.610107421875
26,0.2682926829268293,0.0,2,7,-7,2296.610107421875
27,0.3170731707317074,0.0,2,7,-7,2296.610107421875
28,0.36585365853658547,0.0,2,7,-7,2296.610107421875
29,0.41463414634146356,0.0,2,7,-7,2296.610107421875
30,0.46341463414634143,0.0,2,7,-7,2296.610107421875
31,0.5121951219512195,0.0,2,7,-7,2296.610107421875
32,0.5609756097560976,0.0,2,7,-7,2296.610107421875
33,0.6097560975609757,0.0,2,7,-7,2296.610107421875
34,0.6585365853658538,0.0,2,7,-7,2296.610107421875
35,0.7073170731707317,0.0,2,7,-7,2296.610107421875
36,0.7560975609756098,0.0,2,7,-7,2296.610107421875
37,0.8048780487804879,0.0,2,7,-7,2296.610107421875
38,0.853658536585366,0.0,2,7,-7,2296.610107421875
39,0.902439024390244,0.0,2,7,-7,2296.610107421875
40,0.9512195121951219,0.0,2,7,-7,2296.610107421875
41,1.0,0.0,2,7,-7,2296.610107421875
0,-1.0,0.0,2,7,-6,2296.610107421875
1,-0.9512195121951219,0.0,2,7,-6,2296.610107421875
2,-0.9024390243902439,0.0,2,7,-6,2296.610107421875
3,-0.8536585365853658,0.0,2,7,-6,2296.610107421875
4,-0.8048780487804879,0.0,2,7,-6,2296.610107421875
5,-0.7560975609756098,0.0,2,7,-6,2296.610107421875
6,-0.7073170731707317,0.0,2,7,-6,2296.610107421875
7,-0.6585365853658536,0.0,2,7,-6,2296.610107421875
8,-0.6097560975609756,0.0,2,7,-6,2296.610107421875
9,-0.5609756097560976,0.0,2,7,-6,2296.610107421875
10,-0.5121951219512195,0.0,2,7,-6,2296.610107421875
11,-0.46341463414634143,0.0,2,7,-6,2296.610107421875
12,-0.41463414634146334,0.0,2,7,-6,2296.610107421875
13,-0.36585365853658536,0.0,2,7,-6,2296.610107421875
14,-0.31707317073170727,0.0,2,7,-6,2296.610107421875
15,-0.2682926829268293,0.0,2,7,-6,2296.610107421875
16,-0.2195121951219512,0.0,2,7,-6,2296.610107421875
17,-0.1707317073170731,0.0,2,7,-6,2296.610107421875
18,-0.12195121951219512,0.0,2,7,-6,2296.610107421875
19,-0.07317073170731703,0.0,2,7,-6,2296.610107421875
20,-0.024390243902439046,0.0,2,7,-6,2296.610107421875
21,0.024390243902439046,7.746111805317923e-07,2,7,-6,2296.610107421875
22,0.07317073170731714,3.1837069514040195e-07,2,7,-6,2296.610107421875
23,0.12195121951219523,4.1226954294870666e-07,2,7,-6,2296.610107421875
24,0.17073170731707332,5.063619568090871e-08,2,7,-6,2296.610107421875
25,0.2195121951219512,6.387534995155875e-06,2,7,-6,2296.610107421875
26,0.2682926829268293,3.284662284386286e-07,2,7,-6,2296.610107421875
27,0.3170731707317074,2.624469289003173e-06,2,7,-6,2296.610107421875
28,0.36585365853658547,2.9067948617012007e-06,2,7,-6,2296.610107421875
29,0.41463414634146356,2.970546802316676e-06,2,7,-6,2296.610107421875
30,0.46341463414634143,1.3100425348966382e-06,2,7,-6,2296.610107421875
31,0.5121951219512195,0.00020941715047229081,2,7,-6,2296.610107421875
32,0.5609756097560976,4.117385742574697e-06,2,7,-6,2296.610107421875
33,0.6097560975609757,0.000297581369522959,2,7,-6,2296.610107421875
34,0.6585365853658538,0.007538073230534792,2,7,-6,2296.610107421875
35,0.7073170731707317,0.00035208219196647406,2,7,-6,2296.610107421875
36,0.7560975609756098,2.3541633709101006e-05,2,7,-6,2296.610107421875
37,0.8048780487804879,8.123012776195537e-06,2,7,-6,2296.610107421875
38,0.853658536585366,5.173727004148532e-06,2,7,-6,2296.610107421875
39,0.902439024390244,9.723913535708562e-06,2,7,-6,2296.610107421875
40,0.9512195121951219,1.4059672139410395e-05,2,7,-6,2296.610107421875
41,1.0,3.6579488096322166e-06,2,7,-6,2296.610107421875
