tilt_index,tilt_angle,intensity,h,k,l,thickness
0,-1.0,0.0,-3,-5,8,1076.271240234375
1,-0.9512195121951219,0.0,-3,-5,8,1076.271240234375
2,-0.9024390243902439,0.0,-3,-5,8,1076.271240234375
3,-0.8536585365853658,0.0,-3,-5,8,1076.271240234375
4,-0.8048780487804879,0.0,-3,-5,8,1076.271240234375
5,-0.7560975609756098,0.0,-3,-5,8,1076.271240234375
6,-0.7073170731707317,0.0,-3,-5,8,1076.271240234375
7,-0.6585365853658536,0.0,-3,-5,8,1076.271240234375
8,-0.6097560975609756,0.0,-3,-5,8,1076.271240234375
9,-0.5609756097560976,0.0,-3,-5,8,1076.271240234375
10,-0.5121951219512195,6.333484066090023e-07,-3,-5,8,1076.271240234375
11,-0.46341463414634143,6.318691703199875e-08,-3,-5,8,1076.271240234375
12,-0.41463414634146334,1.5529074914866214e-07,-3,-5,8,1076.271240234375
13,-0.36585365853658536,1.4362686897584354e-06,-3,-5,8,1076.271240234375
14,-0.31707317073170727,1.1926695151487365e-06,-3,-5,8,1076.271240234375
15,-0.2682926829268293,2.332899157408974e-06,-3,-5,8,1076.271240234375
16,-0.2195121951219512,4.829311365028843e-06,-3,-5,8,1076.271240234375
17,-0.1707317073170731,2.2850620098324725e-06,-3,-5,8,1076.271240234375
18,-0.12195121951219512,5.156896918379061e-07,-3,-5,8,1076.271240234375
19,-0.07317073170731703,1.4130017689240049e-06,-3,-5,8,1076.271240234375
20,-0.024390243902439046,5.314997451932868e-06,-3,-5,8,1076.271240234375
21,0.024390243902439046,2.553995727794245e-06,-3,-5,8,1076.271240234375
22,0.07317073170731714,1.6931258869590238e-05,-3,-5,8,1076.271240234375
23,0.12195121951219523,5.7922359701478854e-05,-3,-5,8,1076.271240234375
24,0.17073170731707332,7.888187246862799e-05,-3,-5,8,1076.271240234375
25,0.2195121951219512,8.13684964668937e-05,-3,-5,8,1076.271240234375
26,0.2682926829268293,0.00029971118783578277,-3,-5,8,1076.271240234375
27,0.3170731707317074,0.00017268236842937768,-3,-5,8,1076.271240234375
28,0.36585365853658547,0.00015448653721250594,-3,-5,8,1076.271240234375
29,0.41463414634146356,3.105889118160121e-05,-3,-5,8,1076.271240234375
30,0.46341463414634143,9.237048288923688e-06,-3,-5,8,1076.271240234375
31,0.5121951219512195,7.483178342226893e-05,-3,-5,8,1076.271240234375
32,0.5609756097560976,4.6094715798972175e-05,-3,-5,8,1076.271240234375
33,0.6097560975609757,5.830137297380134e-07,-3,-5,8,1076.271240234375
34,0.6585365853658538,3.2537982406211086e-06,-3,-5,8,1076.271240234375
35,0.7073170731707317,3.759205924325215e-07,-3,-5,8,1076.271240234375
36,0.7560975609756098,6.081283117964631e-06,-3,-5,8,1076.271240234375
37,0.8048780487804879,7.366692216237425e-07,-3,-5,8,1076.271240234375
38,0.853658536585366,2.215682343376102e-06,-3,-5,8,1076.271240234375
39,0.902439024390244,2.3456077542505227e-06,-3,-5,8,1076.271240234375
40,0.9512195121951219,2.0177947135380236e-06,-3,-5,8,1076.271240234375
41,1.0,3.1814832368581847e-07,-3,-5,8,1076.271240234375
0,-1.0,1.0923651643679477e-05,-3,-3,9,1076.271240234375
1,-0.9512195121951219,9.864281310001388e-05,-3,-3,9,1076.271240234375
2,-0.9024390243902439,0.0001477339828852564,-3,-3,9,1076.271240234375
3,-0.8536585365853658,0.00014817396004218608,-3,-3,9,1076.271240234375
4,-0.8048780487804879,0.00015547596558462828,-3,-3,9,1076.271240234375
5,-0.7560975609756098,0.00027039030101150274,-3,-3,9,1076.271240234375
6,-0.7073170731707317,0.0009087292710319161,-3,-3,9,1076.271240234375
7,-0.6585365853658536,0.0020770549308508635,-3,-3,9,1076.271240234375
8,-0.6097560975609756,0.019807100296020508,-3,-3,9,1076.271240234375
9,-0.5609756097560976,0.00018225456005893648,-3,-3,9,1076.271240234375
10,-0.5121951219512195,0.00043119819019921124,-3,-3,9,1076.271240234375
11,-0.46341463414634143,0.00039167128852568567,-3,-3,9,1076.271240234375
12,-0.41463414634146334,0.0001482177758589387,-3,-3,9,1076.271240234375
13,-0.36585365853658536,3.8792670238763094e-05,-3,-3,9,1076.271240234375
14,-0.31707317073170727,1.1253073353145737e-05,-3,-3,9,1076.271240234375
15,-0.2682926829268293,0.00015385850565508008,-3,-3,9,1076.271240234375
16,-0.2195121951219512,7.211259799078107e-05,-3,-3,9,1076.271240234375
17,-0.1707317073170731,6.162018507893663e-06,-3,-3,9,1076.271240234375
18,-0.12195121951219512,1.2870010323240422e-05,-3,-3,9,1076.271240234375
19,-0.07317073170731703,1.4725902985901484e-07,-3,-3,9,1076.271240234375
20,-0.024390243902439046,3.66146446140192e-06,-3,-3,9,1076.271240234375
21,0.024390243902439046,4.063319920533104e-06,-3,-3,9,1076.271240234375
22,0.07317073170731714,1.2526043065008707e-05,-3,-3,9,1076.271240234375
23,0.12195121951219523,5.548807621380547e-06,-3,-3,9,1076.271240234375
24,0.17073170731707332,1.1882360695381067e-06,-3,-3,9,1076.271240234375
25,0.2195121951219512,3.1100876185519155e-07,-3,-3,9,1076.271240234375
26,0.2682926829268293,1.3077607263767277e-06,-3,-3,9,1076.271240234375
27,0.3170731707317074,4.9356035560776945e-06,-3,-3,9,1076.271240234375
28,0.36585365853658547,4.559608896670397e-06,-3,-3,9,1076.271240234375
29,0.41463414634146356,9.184703230857849e-06,-3,-3,9,1076.271240234375
30,0.46341463414634143,3.29973477164458e-06,-3,-3,9,1076.271240234375
31,0.5121951219512195,2.9098439426888945e-06,-3,-3,9,1076.271240234375
32,0.5609756097560976,1.0089082024933305e-05,-3,-3,9,1076.271240234375
33,0.6097560975609757,3.416031177039258e-06,-3,-3,9,1076.271240234375
34,0.6585365853658538,2.326477442693431e-06,-3,-3,9,1076.271240234375
35,0.7073170731707317,0.0,-3,-3,9,1076.271240234375
36,0.7560975609756098,0.0,-3,-3,9,1076.271240234375
37,0.8048780487804879,0.0,-3,-3,9,1076.271240234375
38,0.853658536585366,0.0,-3,-3,9,1076.271240234375
39,0.902439024390244,0.0,-3,-3,9,1076.271240234375
40,0.9512195121951219,0.0,-3,-3,9,1076.271240234375
41,1.0,0.0,-3,-3,9,1076.271240234375
0,-1.0,0.0,-3,-2,9,1076.271240234375
1,-0.9512195121951219,0.0,-3,-2,9,1076.271240234375
2,-0.9024390243902439,0.0,-3,-2,9,1076.271240234375
3,-0.8536585365853658,6.765827492927201e-06,-3,-2,9,1076.271240234375
4,-0.8048780487804879,1.6895683074835688e-05,-3,-2,9,1076.271240234375
5,-0.7560975609756098,1.5593539046676597e-06,-3,-2,9,1076.271240234375
6,-0.7073170731707317,5.159676220500842e-06,-3,-2,9,1076.271240234375
7,-0.6585365853658536,5.130672434461303e-06,-3,-2,9,1076.271240234375
8,-0.6097560975609756,4.8135693759832066e-06,-3,-2,9,1076.271240234375
9,-0.5609756097560976,7.030063443380641e-06,-3,-2,9,1076.271240234375
10,-0.5121951219512195,5.185270310903434e-06,-3,-2,9,1076.271240234375
11,-0.46341463414634143,2.3009022243059007e-06,-3,-2,9,1076.271240234375
12,-0.41463414634146334,7.039436695777113e-06,-3,-2,9,1076.271240234375
13,-0.36585365853658536,1.3993036418469273e-07,-3,-2,9,1076.271240234375
14,-0.31707317073170727,1.1883053957717493e-05,-3,-2,9,1076.271240234375
15,-0.2682926829268293,8.597708983870689e-06,-3,-2,9,1076.271240234375
16,-0.2195121951219512,1.0519646821194328e-05,-3,-2,9,1076.271240234375
17,-0.1707317073170731,6.056020993128186e-06,-3,-2,9,1076.271240234375
18,-0.12195121951219512,1.2093971690774197e-06,-3,-2,9,1076.271240234375
19,-0.07317073170731703,1.3933876289229374e-05,-3,-2,9,1076.271240234375
20,-0.024390243902439046,1.1221413842577022e-05,-3,-2,9,1076.271240234375
21,0.024390243902439046,5.92555943512707e-06,-3,-2,9,1076.271240234375
22,0.07317073170731714,4.430258286447497e-06,-3,-2,9,1076.271240234375
23,0.12195121951219523,1.2928042451676447e-05,-3,-2,9,1076.271240234375
24,0.17073170731707332,4.915015324513661e-06,-3,-2,9,1076.271240234375
25,0.2195121951219512,9.024370956467465e-05,-3,-2,9,1076.271240234375
26,0.2682926829268293,5.2526596846291795e-05,-3,-2,9,1076.271240234375
27,0.3170731707317074,6.143214704934508e-05,-3,-2,9,1076.271240234375
28,0.36585365853658547,5.0366164941806346e-05,-3,-2,9,1076.271240234375
29,0.41463414634146356,3.608787301345728e-05,-3,-2,9,1076.271240234375
30,0.46341463414634143,0.00010804118937812746,-3,-2,9,1076.271240234375
31,0.5121951219512195,0.0002943625149782747,-3,-2,9,1076.271240234375
32,0.5609756097560976,0.0006390001508407295,-3,-2,9,1076.271240234375
33,0.6097560975609757,0.0002517769462428987,-3,-2,9,1076.271240234375
34,0.6585365853658538,0.00013095603208057582,-3,-2,9,1076.271240234375
35,0.7073170731707317,0.0006601280183531344,-3,-2,9,1076.271240234375
36,0.7560975609756098,0.0020940990652889013,-3,-2,9,1076.271240234375
37,0.8048780487804879,0.002558149630203843,-3,-2,9,1076.271240234375
38,0.853658536585366,0.020754855126142502,-3,-2,9,1076.271240234375
39,0.902439024390244,0.002272119512781501,-3,-2,9,1076.271240234375
40,0.9512195121951219,0.001796974684111774,-3,-2,9,1076.271240234375
41,1.0,9.291576861869544e-05,-3,-2,9,1076.271240234375
0,-1.0,0.0,-3,5,11,1076.271240234375
1,-0.9512195121951219,0.0,-3,5,11,1076.271240234375
2,-0.9024390243902439,0.0,-3,5,11,1076.271240234375
3,-0.8536585365853658,0.0,-3,5,11,1076.271240234375
4,-0.8048780487804879,0.0,-3,5,11,1076.271240234375
5,-0.7560975609756098,0.0,-3,5,11,1076.271240234375
6,-0.7073170731707317,0.0,-3,5,11,1076.271240234375
7,-0.6585365853658536,0.0,-3,5,11,1076.271240234375
8,-0.6097560975609756,0.0,-3,5,11,1076.271240234375
9,-0.5609756097560976,0.0,-3,5,11,1076.271240234375
10,-0.5121951219512195,0.0,-3,5,11,1076.271240234375
11,-0.46341463414634143,0.0,-3,5,11,1076.271240234375
12,-0.41463414634146334,0.0,-3,5,11,1076.271240234375
13,-0.36585365853658536,0.0,-3,5,11,1076.271240234375
14,-0.31707317073170727,0.0,-3,5,11,1076.271240234375
15,-0.2682926829268293,1.309099275204062e-06,-3,5,11,1076.271240234375
16,-0.2195121951219512,2.9548327802331187e-06,-3,5,11,1076.271240234375
17,-0.1707317073170731,1.3071987723378697e-06,-3,5,11,1076.271240234375
18,-0.12195121951219512,1.1755454352169181e-06,-3,5,11,1076.271240234375
19,-0.07317073170731703,1.0500325515749864e-06,-3,5,11,1076.271240234375
20,-0.024390243902439046,2.5787687718548113e-07,-3,5,11,1076.271240234375
21,0.024390243902439046,3.9053520595189184e-07,-3,5,11,1076.271240234375
22,0.07317073170731714,7.957173693284858e-07,-3,5,11,1076.271240234375
23,0.12195121951219523,8.902118224796141e-07,-3,5,11,1076.271240234375
24,0.17073170731707332,2.489167172825546e-06,-3,5,11,1076.271240234375
25,0.2195121951219512,4.949736648995895e-06,-3,5,11,1076.271240234375
26,0.2682926829268293,4.780506515089655e-06,-3,5,11,1076.271240234375
27,0.3170731707317074,3.931481842300855e-06,-3,5,11,1076.271240234375
28,0.36585365853658547,2.6230318326270208e-06,-3,5,11,1076.271240234375
29,0.41463414634146356,8.246704055636656e-06,-3,5,11,1076.271240234375
30,0.46341463414634143,3.6188066587783396e-06,-3,5,11,1076.271240234375
31,0.5121951219512195,5.375023306442017e-07,-3,5,11,1076.271240234375
32,0.5609756097560976,1.9362491912033875e-06,-3,5,11,1076.271240234375
33,0.6097560975609757,9.002164006233215e-06,-3,5,11,1076.271240234375
34,0.6585365853658538,8.397805686399806e-06,-3,5,11,1076.271240234375
35,0.7073170731707317,0.00014028516307007521,-3,5,11,1076.271240234375
36,0.7560975609756098,0.0004116391355637461,-3,5,11,1076.271240234375
37,0.8048780487804879,0.00010360495070926845,-3,5,11,1076.271240234375
38,0.853658536585366,0.001348909456282854,-3,5,11,1076.271240234375
39,0.902439024390244,0.00029243691824376583,-3,5,11,1076.271240234375
40,0.9512195121951219,0.0007955410401336849,-3,5,11,1076.271240234375
41,1.0,0.0006378298858180642,-3,5,11,1076.271240234375
0,-1.0,0.0,-2,-8,4,1076.271240234375
1,-0.9512195121951219,0.0,-2,-8,4,1076.271240234375
2,-0.9024390243902439,1.1442033382991212e-06,-2,-8,4,1076.271240234375
3,-0.8536585365853658,3.248619805162889e-06,-2,-8,4,1076.271240234375
4,-0.8048780487804879,3.51315907209937e-06,-2,-8,4,1076.271240234375
5,-0.7560975609756098,5.5234171014717504e-08,-2,-8,4,1076.271240234375
6,-0.7073170731707317,1.4875293175009574e-07,-2,-8,4,1076.271240234375
7,-0.6585365853658536,1.9033730325190845e-07,-2,-8,4,1076.271240234375
8,-0.6097560975609756,1.679346439686924e-07,-2,-8,4,1076.271240234375
9,-0.5609756097560976,9.158864600067318e-07,-2,-8,4,1076.271240234375
10,-0.5121951219512195,2.4747102997935144e-06,-2,-8,4,1076.271240234375
11,-0.46341463414634143,8.745897503104061e-06,-2,-8,4,1076.271240234375
12,-0.41463414634146334,2.4821132683428004e-05,-2,-8,4,1076.271240234375
13,-0.36585365853658536,0.0011723630595952272,-2,-8,4,1076.271240234375
14,-0.31707317073170727,4.850056029681582e-06,-2,-8,4,1076.271240234375
15,-0.2682926829268293,7.884115802880842e-06,-2,-8,4,1076.271240234375
16,-0.2195121951219512,2.1989459128235467e-05,-2,-8,4,1076.271240234375
17,-0.1707317073170731,1.12392035589437e-05,-2,-8,4,1076.271240234375
18,-0.12195121951219512,3.938149347959552e-06,-2,-8,4,1076.271240234375
19,-0.07317073170731703,2.6019426968559856e-07,-2,-8,4,1076.271240234375
20,-0.024390243902439046,1.9695335140568204e-08,-2,-8,4,1076.271240234375
21,0.024390243902439046,8.980300663097296e-07,-2,-8,4,1076.271240234375
22,0.07317073170731714,4.588610238442925e-07,-2,-8,4,1076.271240234375
23,0.12195121951219523,1.7094419035856845e-06,-2,-8,4,1076.271240234375
24,0.17073170731707332,1.8172865168253338e-07,-2,-8,4,1076.271240234375
25,0.2195121951219512,0.0,-2,-8,4,1076.271240234375
26,0.2682926829268293,0.0,-2,-8,4,1076.271240234375
27,0.3170731707317074,0.0,-2,-8,4,1076.271240234375
28,0.36585365853658547,0.0,-2,-8,4,1076.271240234375
29,0.41463414634146356,0.0,-2,-8,4,1076.271240234375
30,0.46341463414634143,0.0,-2,-8,4,1076.271240234375
31,0.5121951219512195,0.0,-2,-8,4,1076.271240234375
32,0.5609756097560976,0.0,-2,-8,4,1076.271240234375
33,0.6097560975609757,0.0,-2,-8,4,1076.271240234375
34,0.6585365853658538,0.0,-2,-8,4,1076.271240234375
35,0.7073170731707317,0.0,-2,-8,4,1076.271240234375
36,0.7560975609756098,0.0,-2,-8,4,1076.271240234375
37,0.8048780487804879,0.0,-2,-8,4,1076.271240234375
38,0.853658536585366,0.0,-2,-8,4,1076.271240234375
39,0.902439024390244,0.0,-2,-8,4,1076.271240234375
40,0.9512195121951219,0.0,-2,-8,4,1076.271240234375
41,1.0,0.0,-2,-8,4,1076.271240234375
0,-1.0,0.0,-2,-7,4,1076.271240234375
1,-0.9512195121951219,0.0,-2,-7,4,1076.271240234375
2,-0.9024390243902439,0.0,-2,-7,4,1076.271240234375
3,-0.8536585365853658,0.0,-2,-7,4,1076.271240234375
4,-0.8048780487804879,0.0,-2,-7,4,1076.271240234375
5,-0.7560975609756098,0.0,-2,-7,4,1076.271240234375
6,-0.7073170731707317,0.0,-2,-7,4,1076.271240234375
7,-0.6585365853658536,0.0,-2,-7,4,1076.271240234375
8,-0.6097560975609756,0.0,-2,-7,4,1076.271240234375
9,-0.5609756097560976,0.0,-2,-7,4,1076.271240234375
10,-0.5121951219512195,0.0,-2,-7,4,1076.271240234375
11,-0.46341463414634143,0.0,-2,-7,4,1076.271240234375
12,-0.41463414634146334,0.0,-2,-7,4,1076.271240234375
13,-0.36585365853658536,0.0,-2,-7,4,1076.271240234375
14,-0.31707317073170727,0.0,-2,-7,4,1076.271240234375
15,-0.2682926829268293,0.0,-2,-7,4,1076.271240234375
16,-0.2195121951219512,4.517798970482545e-07,-2,-7,4,1076.271240234375
17,-0.1707317073170731,3.481509054381604e-07,-2,-7,4,1076.271240234375
18,-0.12195121951219512,1.0353115840189275e-06,-2,-7,4,1076.271240234375
19,-0.07317073170731703,1.0534348859891907e-07,-2,-7,4,1076.271240234375
20,-0.024390243902439046,1.1977550684605376e-06,-2,-7,4,1076.271240234375
21,0.024390243902439046,7.980161740306357e-07,-2,-7,4,1076.271240234375
22,0.07317073170731714,4.614246051914961e-07,-2,-7,4,1076.271240234375
23,0.12195121951219523,3.974072626533598e-07,-2,-7,4,1076.271240234375
24,0.17073170731707332,6.126520474936115e-06,-2,-7,4,1076.271240234375
25,0.2195121951219512,1.58824313984951e-05,-2,-7,4,1076.271240234375
26,0.2682926829268293,3.782343583225156e-06,-2,-7,4,1076.271240234375
27,0.3170731707317074,2.1796138753416017e-05,-2,-7,4,1076.271240234375
28,0.36585365853658547,0.0005512920906767249,-2,-7,4,1076.271240234375
29,0.41463414634146356,0.00240731006488204,-2,-7,4,1076.271240234375
30,0.46341463414634143,2.8069689506082796e-05,-2,-7,4,1076.271240234375
31,0.5121951219512195,1.601678923179861e-05,-2,-7,4,1076.271240234375
32,0.5609756097560976,2.5978140911320224e-05,-2,-7,4,1076.271240234375
33,0.6097560975609757,2.7957753445662092e-06,-2,-7,4,1076.271240234375
34,0.6585365853658538,3.4771135233313544e-06,-2,-7,4,1076.271240234375
35,0.7073170731707317,3.134069572752196e-07,-2,-7,4,1076.271240234375
36,0.7560975609756098,9.474319995206315e-07,-2,-7,4,1076.271240234375
37,0.8048780487804879,4.2113910581065284e-07,-2,-7,4,1076.271240234375
38,0.853658536585366,2.6414609237690456e-06,-2,-7,4,1076.271240234375
39,0.902439024390244,6.955071967240656e-07,-2,-7,4,1076.271240234375
40,0.9512195121951219,1.7203335573867662e-06,-2,-7,4,1076.271240234375
41,1.0,1.8184074406235595e-06,-2,-7,4,1076.271240234375
0,-1.0,3.928204387193546e-05,-2,-6,5,1076.271240234375
1,-0.9512195121951219,0.00012063495523761958,-2,-6,5,1076.271240234375
2,-0.9024390243902439,0.0005529483314603567,-2,-6,5,1076.271240234375
3,-0.8536585365853658,0.0001186178342322819,-2,-6,5,1076.271240234375
4,-0.8048780487804879,2.1520365407923236e-05,-2,-6,5,1076.271240234375
5,-0.7560975609756098,0.0038603763096034527,-2,-6,5,1076.271240234375
6,-0.7073170731707317,0.0001492322626290843,-2,-6,5,1076.271240234375
7,-0.6585365853658536,0.0004992507747374475,-2,-6,5,1076.271240234375
8,-0.6097560975609756,0.00010216845839750022,-2,-6,5,1076.271240234375
9,-0.5609756097560976,6.223064701771364e-06,-2,-6,5,1076.271240234375
10,-0.5121951219512195,1.7830294382292777e-05,-2,-6,5,1076.271240234375
11,-0.46341463414634143,1.0951996642916129e-08,-2,-6,5,1076.271240234375
12,-0.41463414634146334,3.0876981327310205e-07,-2,-6,5,1076.271240234375
13,-0.36585365853658536,8.003850098248222e-07,-2,-6,5,1076.271240234375
14,-0.31707317073170727,5.466649781737942e-07,-2,-6,5,1076.271240234375
15,-0.2682926829268293,6.689063525300298e-07,-2,-6,5,1076.271240234375
16,-0.2195121951219512,7.142204481169756e-07,-2,-6,5,1076.271240234375
17,-0.1707317073170731,7.267732939908456e-07,-2,-6,5,1076.271240234375
18,-0.12195121951219512,4.609018233736606e-08,-2,-6,5,1076.271240234375
19,-0.07317073170731703,1.2013529158139136e-06,-2,-6,5,1076.271240234375
20,-0.024390243902439046,3.800704178047454e-07,-2,-6,5,1076.271240234375
21,0.024390243902439046,0.0,-2,-6,5,1076.271240234375
22,0.07317073170731714,0.0,-2,-6,5,1076.271240234375
23,0.12195121951219523,0.0,-2,-6,5,1076.271240234375
24,0.17073170731707332,0.0,-2,-6,5,1076.271240234375
25,0.2195121951219512,0.0,-2,-6,5,1076.271240234375
26,0.2682926829268293,0.0,-2,-6,5,1076.271240234375
27,0.3170731707317074,0.0,-2,-6,5,1076.271240234375
28,0.36585365853658547,0.0,-2,-6,5,1076.271240234375
29,0.41463414634146356,0.0,-2,-6,5,1076.271240234375
30,0.46341463414634143,0.0,-2,-6,5,1076.271240234375
31,0.5121951219512195,0.0,-2,-6,5,1076.271240234375
32,0.5609756097560976,0.0,-2,-6,5,1076.271240234375
33,0.6097560975609757,0.0,-2,-6,5,1076.271240234375
34,0.6585365853658538,0.0,-2,-6,5,1076.271240234375
35,0.7073170731707317,0.0,-2,-6,5,1076.271240234375
36,0.7560975609756098,0.0,-2,-6,5,1076.271240234375
37,0.8048780487804879,0.0,-2,-6,5,1076.271240234375
38,0.853658536585366,0.0,-2,-6,5,1076.271240234375
39,0.902439024390244,0.0,-2,-6,5,1076.271240234375
40,0.9512195121951219,0.0,-2,-6,5,1076.271240234375
41,1.0,0.0,-2,-6,5,1076.271240234375
0,-1.0,0.0,-2,-5,5,1076.271240234375
1,-0.9512195121951219,0.0,-2,-5,5,1076.271240234375
2,-0.9024390243902439,0.0,-2,-5,5,1076.271240234375
3,-0.8536585365853658,0.0,-2,-5,5,1076.271240234375
4,-0.8048780487804879,0.0,-2,-5,5,1076.271240234375
5,-0.7560975609756098,5.49754076928366e-06,-2,-5,5,1076.271240234375
6,-0.7073170731707317,3.6154895042272983e-06,-2,-5,5,1076.271240234375
7,-0.6585365853658536,2.410501451777236e-07,-2,-5,5,1076.271240234375
8,-0.6097560975609756,1.0466633284522686e-05,-2,-5,5,1076.271240234375
9,-0.5609756097560976,8.06249136076076e-06,-2,-5,5,1076.271240234375
10,-0.5121951219512195,1.3796267012367025e-05,-2,-5,5,1076.271240234375
11,-0.46341463414634143,1.0137470781046432e-05,-2,-5,5,1076.271240234375
12,-0.41463414634146334,7.239470050990349e-06,-2,-5,5,1076.271240234375
13,-0.36585365853658536,3.061114284719224e-06,-2,-5,5,1076.271240234375
14,-0.31707317073170727,0.00010753953392850235,-2,-5,5,1076.271240234375
15,-0.2682926829268293,1.2862908079114277e-05,-2,-5,5,1076.271240234375
16,-0.2195121951219512,0.0002532934886403382,-2,-5,5,1076.271240234375
17,-0.1707317073170731,9.829155897023156e-05,-2,-5,5,1076.271240234375
18,-0.12195121951219512,1.0641538210620638e-05,-2,-5,5,1076.271240234375
19,-0.07317073170731703,1.9904178770957515e-05,-2,-5,5,1076.271240234375
20,-0.024390243902439046,5.145223985891789e-05,-2,-5,5,1076.271240234375
21,0.024390243902439046,0.0001267143670702353,-2,-5,5,1076.271240234375
22,0.07317073170731714,3.10281575366389e-05,-2,-5,5,1076.271240234375
23,0.12195121951219523,0.009844078682363033,-2,-5,5,1076.271240234375
24,0.17073170731707332,0.00022652735060546547,-2,-5,5,1076.271240234375
25,0.2195121951219512,0.0001230559719260782,-2,-5,5,1076.271240234375
26,0.2682926829268293,3.7722096749348566e-05,-2,-5,5,1076.271240234375
27,0.3170731707317074,1.965094452316407e-05,-2,-5,5,1076.271240234375
28,0.36585365853658547,7.007403473835438e-05,-2,-5,5,1076.271240234375
29,0.41463414634146356,1.873950895969756e-05,-2,-5,5,1076.271240234375
30,0.46341463414634143,4.686169177148258e-06,-2,-5,5,1076.271240234375
31,0.5121951219512195,0.00010621357068885118,-2,-5,5,1076.271240234375
32,0.5609756097560976,8.059749234234914e-05,-2,-5,5,1076.271240234375
33,0.6097560975609757,6.332958491839236e-06,-2,-5,5,1076.271240234375
34,0.6585365853658538,7.600945082231192e-06,-2,-5,5,1076.271240234375
35,0.7073170731707317,6.527384357468691e-06,-2,-5,5,1076.271240234375
36,0.7560975609756098,7.201461266959086e-05,-2,-5,5,1076.271240234375
37,0.8048780487804879,1.8300210058441735e-06,-2,-5,5,1076.271240234375
38,0.853658536585366,6.703492658743926e-07,-2,-5,5,1076.271240234375
39,0.902439024390244,5.191622676647967e-06,-2,-5,5,1076.271240234375
40,0.9512195121951219,5.4253323611419546e-08,-2,-5,5,1076.271240234375
41,1.0,0.0,-2,-5,5,1076.271240234375
0,-1.0,0.0037412294186651707,-2,-3,6,1076.271240234375
1,-0.9512195121951219,0.04315263777971268,-2,-3,6,1076.271240234375
2,-0.9024390243902439,0.05882442370057106,-2,-3,6,1076.271240234375
3,-0.8536585365853658,0.0062045748345553875,-2,-3,6,1076.271240234375
4,-0.8048780487804879,0.00039987824857234955,-2,-3,6,1076.271240234375
5,-0.7560975609756098,0.00012490431254263967,-2,-3,6,1076.271240234375
6,-0.7073170731707317,0.00010550546721788123,-2,-3,6,1076.271240234375
7,-0.6585365853658536,2.779010173981078e-05,-2,-3,6,1076.271240234375
8,-0.6097560975609756,6.024075628374703e-05,-2,-3,6,1076.271240234375
9,-0.5609756097560976,9.750912795425393e-06,-2,-3,6,1076.271240234375
10,-0.5121951219512195,3.253936301916838e-05,-2,-3,6,1076.271240234375
11,-0.46341463414634143,5.682667961082188e-06,-2,-3,6,1076.271240234375
12,-0.41463414634146334,6.2971116676635575e-06,-2,-3,6,1076.271240234375
13,-0.36585365853658536,3.172531432937831e-05,-2,-3,6,1076.271240234375
14,-0.31707317073170727,2.647907422215212e-05,-2,-3,6,1076.271240234375
15,-0.2682926829268293,2.3385269741993397e-05,-2,-3,6,1076.271240234375
16,-0.2195121951219512,3.940830720239319e-05,-2,-3,6,1076.271240234375
17,-0.1707317073170731,3.1383300665766e-05,-2,-3,6,1076.271240234375
18,-0.12195121951219512,4.2814631342480425e-06,-2,-3,6,1076.271240234375
19,-0.07317073170731703,1.3406147445493843e-06,-2,-3,6,1076.271240234375
20,-0.024390243902439046,5.12342739966698e-06,-2,-3,6,1076.271240234375
21,0.024390243902439046,5.049709670856828e-06,-2,-3,6,1076.271240234375
22,0.07317073170731714,3.1611711165169254e-05,-2,-3,6,1076.271240234375
23,0.12195121951219523,3.0194172722985968e-05,-2,-3,6,1076.271240234375
24,0.17073170731707332,3.8206630961212795e-06,-2,-3,6,1076.271240234375
25,0.2195121951219512,7.159788424360158e-07,-2,-3,6,1076.271240234375
26,0.2682926829268293,8.90994124347344e-06,-2,-3,6,1076.271240234375
27,0.3170731707317074,8.069650903053116e-08,-2,-3,6,1076.271240234375
28,0.36585365853658547,7.29134944776888e-06,-2,-3,6,1076.271240234375
29,0.41463414634146356,2.6477789560885867e-06,-2,-3,6,1076.271240234375
30,0.46341463414634143,2.3275672447198303e-06,-2,-3,6,1076.271240234375
31,0.5121951219512195,0.0,-2,-3,6,1076.271240234375
32,0.5609756097560976,0.0,-2,-3,6,1076.271240234375
33,0.6097560975609757,0.0,-2,-3,6,1076.271240234375
34,0.6585365853658538,0.0,-2,-3,6,1076.271240234375
35,0.7073170731707317,0.0,-2,-3,6,1076.271240234375
36,0.7560975609756098,0.0,-2,-3,6,1076.271240234375
37,0.8048780487804879,0.0,-2,-3,6,1076.271240234375
38,0.853658536585366,0.0,-2,-3,6,1076.271240234375
39,0.902439024390244,0.0,-2,-3,6,1076.271240234375
40,0.9512195121951219,0.0,-2,-3,6,1076.271240234375
41,1.0,0.0,-2,-3,6,1076.271240234375
0,-1.0,6.964347676330362e-07,-2,-2,6,1076.271240234375
1,-0.9512195121951219,1.5178310604824219e-05,-2,-2,6,1076.271240234375
2,-0.9024390243902439,2.150675754819531e-06,-2,-2,6,1076.271240234375
3,-0.8536585365853658,2.061042505374644e-05,-2,-2,6,1076.271240234375
4,-0.8048780487804879,0.00011310074478387833,-2,-2,6,1076.271240234375
5,-0.7560975609756098,5.3488442972593475e-06,-2,-2,6,1076.271240234375
6,-0.7073170731707317,3.612735599745065e-05,-2,-2,6,1076.271240234375
7,-0.6585365853658536,1.792443435988389e-05,-2,-2,6,1076.271240234375
8,-0.6097560975609756,6.262264651013538e-05,-2,-2,6,1076.271240234375
9,-0.5609756097560976,1.1001210623362567e-05,-2,-2,6,1076.271240234375
10,-0.5121951219512195,0.00019242304551880807,-2,-2,6,1076.271240234375
11,-0.46341463414634143,4.562411504593911e-06,-2,-2,6,1076.271240234375
12,-0.41463414634146334,0.00021735765039920807,-2,-2,6,1076.271240234375
13,-0.36585365853658536,9.916473209159449e-05,-2,-2,6,1076.271240234375
14,-0.31707317073170727,0.0002176372945541516,-2,-2,6,1076.271240234375
15,-0.2682926829268293,0.0003205298853572458,-2,-2,6,1076.271240234375
16,-0.2195121951219512,5.0817892770282924e-05,-2,-2,6,1076.271240234375
17,-0.1707317073170731,0.00044884468661621213,-2,-2,6,1076.271240234375
18,-0.12195121951219512,0.00011788613483076915,-2,-2,6,1076.271240234375
19,-0.07317073170731703,0.0006269104778766632,-2,-2,6,1076.271240234375
20,-0.024390243902439046,5.89439514442347e-05,-2,-2,6,1076.271240234375
21,0.024390243902439046,0.0004717631672974676,-2,-2,6,1076.271240234375
22,0.07317073170731714,0.00011260026803938672,-2,-2,6,1076.271240234375
23,0.12195121951219523,0.0003658441419247538,-2,-2,6,1076.271240234375
24,0.17073170731707332,0.0003089435922447592,-2,-2,6,1076.271240234375
25,0.2195121951219512,0.0013928980333730578,-2,-2,6,1076.271240234375
26,0.2682926829268293,0.0023944019339978695,-2,-2,6,1076.271240234375
27,0.3170731707317074,0.0029108854942023754,-2,-2,6,1076.271240234375
28,0.36585365853658547,0.005313545931130648,-2,-2,6,1076.271240234375
29,0.41463414634146356,5.584012615145184e-05,-2,-2,6,1076.271240234375
30,0.46341463414634143,0.07155582308769226,-2,-2,6,1076.271240234375
31,0.5121951219512195,0.16472677886486053,-2,-2,6,1076.271240234375
32,0.5609756097560976,0.055570103228092194,-2,-2,6,1076.271240234375
33,0.6097560975609757,0.004466760903596878,-2,-2,6,1076.271240234375
34,0.6585365853658538,0.003833621274679899,-2,-2,6,1076.271240234375
35,0.7073170731707317,0.0004209360049571842,-2,-2,6,1076.271240234375
36,0.7560975609756098,0.001980765024200082,-2,-2,6,1076.271240234375
37,0.8048780487804879,0.0004096183110959828,-2,-2,6,1076.271240234375
38,0.853658536585366,0.00014575653767678887,-2,-2,6,1076.271240234375
39,0.902439024390244,0.0004247129545547068,-2,-2,6,1076.271240234375
40,0.9512195121951219,3.0123146643745713e-05,-2,-2,6,1076.271240234375
41,1.0,0.00012649821292143315,-2,-2,6,1076.271240234375
0,-1.0,0.0,-2,6,8,1076.271240234375
1,-0.9512195121951219,0.0,-2,6,8,1076.271240234375
2,-0.9024390243902439,0.0,-2,6,8,1076.271240234375
3,-0.8536585365853658,0.0,-2,6,8,1076.271240234375
4,-0.8048780487804879,0.0,-2,6,8,1076.271240234375
5,-0.7560975609756098,0.0,-2,6,8,1076.271240234375
6,-0.7073170731707317,0.0,-2,6,8,1076.271240234375
7,-0.6585365853658536,0.0,-2,6,8,1076.271240234375
8,-0.6097560975609756,0.0,-2,6,8,1076.271240234375
9,-0.5609756097560976,0.0,-2,6,8,1076.271240234375
10,-0.5121951219512195,0.0,-2,6,8,1076.271240234375
11,-0.46341463414634143,0.0,-2,6,8,1076.271240234375
12,-0.41463414634146334,0.0,-2,6,8,1076.271240234375
13,-0.36585365853658536,8.862352842697874e-07,-2,6,8,1076.271240234375
14,-0.31707317073170727,6.523967499560968e-07,-2,6,8,1076.271240234375
15,-0.2682926829268293,1.7857184175795737e-08,-2,6,8,1076.271240234375
16,-0.2195121951219512,4.787873422174016e-07,-2,6,8,1076.271240234375
17,-0.1707317073170731,1.9987417090305826e-06,-2,6,8,1076.271240234375
18,-0.12195121951219512,3.5947807646152796e-06,-2,6,8,1076.271240234375
19,-0.07317073170731703,1.3784601833322085e-06,-2,6,8,1076.271240234375
20,-0.024390243902439046,6.984758442740713e-07,-2,6,8,1076.271240234375
21,0.024390243902439046,5.718984539271332e-07,-2,6,8,1076.271240234375
22,0.07317073170731714,1.814623601603671e-06,-2,6,8,1076.271240234375
23,0.12195121951219523,2.6114464617421618e-06,-2,6,8,1076.271240234375
24,0.17073170731707332,8.274768674709776e-07,-2,6,8,1076.271240234375
25,0.2195121951219512,2.7933608635066776e-06,-2,6,8,1076.271240234375
26,0.2682926829268293,1.6601294419160695e-06,-2,6,8,1076.271240234375
27,0.3170731707317074,2.3132424757932313e-05,-2,6,8,1076.271240234375
28,0.36585365853658547,6.893904355820268e-05,-2,6,8,1076.271240234375
29,0.41463414634146356,0.00023907523427624255,-2,6,8,1076.271240234375
30,0.46341463414634143,0.0005379879730753601,-2,6,8,1076.271240234375
31,0.5121951219512195,0.0017823789967224002,-2,6,8,1076.271240234375
32,0.5609756097560976,0.00012114914716221392,-2,6,8,1076.271240234375
33,0.6097560975609757,0.00016708862676750869,-2,6,8,1076.271240234375
34,0.6585365853658538,5.006554420106113e-05,-2,6,8,1076.271240234375
35,0.7073170731707317,3.18568418151699e-05,-2,6,8,1076.271240234375
36,0.7560975609756098,1.6384261471102946e-05,-2,6,8,1076.271240234375
37,0.8048780487804879,6.417650979528844e-07,-2,6,8,1076.271240234375
38,0.853658536585366,3.999135060439585e-06,-2,6,8,1076.271240234375
39,0.902439024390244,4.386269210954197e-06,-2,6,8,1076.271240234375
40,0.9512195121951219,1.14397536776778e-07,-2,6,8,1076.271240234375
41,1.0,4.436616052316822e-07,-2,6,8,1076.271240234375
0,-1.0,0.0,-2,7,8,1076.271240234375
1,-0.9512195121951219,0.0,-2,7,8,1076.271240234375
2,-0.9024390243902439,0.0,-2,7,8,1076.271240234375
3,-0.8536585365853658,0.0,-2,7,8,1076.271240234375
4,-0.8048780487804879,0.0,-2,7,8,1076.271240234375
5,-0.7560975609756098,0.0,-2,7,8,1076.271240234375
6,-0.7073170731707317,0.0,-2,7,8,1076.271240234375
7,-0.6585365853658536,0.0,-2,7,8,1076.271240234375
8,-0.6097560975609756,0.0,-2,7,8,1076.271240234375
9,-0.5609756097560976,0.0,-2,7,8,1076.271240234375
10,-0.5121951219512195,5.063270123173425e-07,-2,7,8,1076.271240234375
11,-0.46341463414634143,1.0966735430884e-07,-2,7,8,1076.271240234375
12,-0.41463414634146334,7.037595537440211e-07,-2,7,8,1076.271240234375
13,-0.36585365853658536,4.393734229779511e-07,-2,7,8,1076.271240234375
14,-0.31707317073170727,2.536939121000614e-07,-2,7,8,1076.271240234375
15,-0.2682926829268293,1.339024606750172e-07,-2,7,8,1076.271240234375
16,-0.2195121951219512,2.4932646738307085e-06,-2,7,8,1076.271240234375
17,-0.1707317073170731,1.5152585319810896e-06,-2,7,8,1076.271240234375
18,-0.12195121951219512,2.2557745182893996e-07,-2,7,8,1076.271240234375
19,-0.07317073170731703,4.797244855581084e-06,-2,7,8,1076.271240234375
20,-0.024390243902439046,4.332683602115139e-06,-2,7,8,1076.271240234375
21,0.024390243902439046,1.7189782965942868e-06,-2,7,8,1076.271240234375
22,0.07317073170731714,1.3053976545052137e-05,-2,7,8,1076.271240234375
23,0.12195121951219523,6.080138064135099e-06,-2,7,8,1076.271240234375
24,0.17073170731707332,0.0001661881833570078,-2,7,8,1076.271240234375
25,0.2195121951219512,0.00019801995949819684,-2,7,8,1076.271240234375
26,0.2682926829268293,1.4924908100510947e-05,-2,7,8,1076.271240234375
27,0.3170731707317074,1.4578025002265349e-05,-2,7,8,1076.271240234375
28,0.36585365853658547,1.0521134754526429e-06,-2,7,8,1076.271240234375
29,0.41463414634146356,4.911145197183941e-07,-2,7,8,1076.271240234375
30,0.46341463414634143,2.2867400275572436e-06,-2,7,8,1076.271240234375
31,0.5121951219512195,5.276379397400888e-06,-2,7,8,1076.271240234375
32,0.5609756097560976,3.261769734308473e-06,-2,7,8,1076.271240234375
33,0.6097560975609757,1.5185855772870127e-06,-2,7,8,1076.271240234375
34,0.6585365853658538,1.859056737885112e-06,-2,7,8,1076.271240234375
35,0.7073170731707317,7.463831025233958e-06,-2,7,8,1076.271240234375
36,0.7560975609756098,4.2815096890080895e-07,-2,7,8,1076.271240234375
37,0.8048780487804879,5.306155799189582e-07,-2,7,8,1076.271240234375
38,0.853658536585366,4.6334290004779177e-07,-2,7,8,1076.271240234375
39,0.902439024390244,4.711733083695435e-07,-2,7,8,1076.271240234375
40,0.9512195121951219,6.506801355499192e-07,-2,7,8,1076.271240234375
41,1.0,0.0,-2,7,8,1076.271240234375
0,-1.0,0.0,-2,8,8,1076.271240234375
1,-0.9512195121951219,0.0,-2,8,8,1076.271240234375
2,-0.9024390243902439,0.0,-2,8,8,1076.271240234375
3,-0.8536585365853658,0.0,-2,8,8,1076.271240234375
4,-0.8048780487804879,0.0,-2,8,8,1076.271240234375
5,-0.7560975609756098,0.0,-2,8,8,1076.271240234375
6,-0.7073170731707317,0.0,-2,8,8,1076.271240234375
7,-0.6585365853658536,0.0,-2,8,8,1076.271240234375
8,-0.6097560975609756,2.6590564061734767e-07,-2,8,8,1076.271240234375
9,-0.5609756097560976,9.531398177387018e-07,-2,8,8,1076.271240234375
10,-0.5121951219512195,5.6209469079249175e-08,-2,8,8,1076.271240234375
11,-0.46341463414634143,9.045068622981489e-07,-2,8,8,1076.271240234375
12,-0.41463414634146334,3.638434463937301e-06,-2,8,8,1076.271240234375
13,-0.36585365853658536,1.2632189054784249e-06,-2,8,8,1076.271240234375
14,-0.31707317073170727,2.7096471058030147e-06,-2,8,8,1076.271240234375
15,-0.2682926829268293,9.420165980600359e-08,-2,8,8,1076.271240234375
16,-0.2195121951219512,2.764983946690336e-05,-2,8,8,1076.271240234375
17,-0.1707317073170731,1.3245134141470771e-05,-2,8,8,1076.271240234375
18,-0.12195121951219512,7.423479473800398e-06,-2,8,8,1076.271240234375
19,-0.07317073170731703,7.216882659122348e-05,-2,8,8,1076.271240234375
20,-0.024390243902439046,2.105032990584732e-06,-2,8,8,1076.271240234375
21,0.024390243902439046,0.0003671053273137659,-2,8,8,1076.271240234375
22,0.07317073170731714,2.4318555006175302e-05,-2,8,8,1076.271240234375
23,0.12195121951219523,7.307071882678429e-06,-2,8,8,1076.271240234375
24,0.17073170731707332,1.0089448551298119e-05,-2,8,8,1076.271240234375
25,0.2195121951219512,1.8759180875349557e-07,-2,8,8,1076.271240234375
26,0.2682926829268293,2.1534626739594387e-06,-2,8,8,1076.271240234375
27,0.3170731707317074,2.665379270183621e-06,-2,8,8,1076.271240234375
28,0.36585365853658547,1.3181550002627773e-06,-2,8,8,1076.271240234375
29,0.41463414634146356,2.0395998490130296e-06,-2,8,8,1076.271240234375
30,0.46341463414634143,2.5871383968478767e-07,-2,8,8,1076.271240234375
31,0.5121951219512195,2.5762817585928133e-06,-2,8,8,1076.271240234375
32,0.5609756097560976,8.874214927345747e-07,-2,8,8,1076.271240234375
33,0.6097560975609757,2.132714911340372e-07,-2,8,8,1076.271240234375
34,0.6585365853658538,2.2095332496974152e-07,-2,8,8,1076.271240234375
35,0.7073170731707317,0.0,-2,8,8,1076.271240234375
36,0.7560975609756098,0.0,-2,8,8,1076.271240234375
37,0.8048780487804879,0.0,-2,8,8,1076.271240234375
38,0.853658536585366,0.0,-2,8,8,1076.271240234375
39,0.902439024390244,0.0,-2,8,8,1076.271240234375
40,0.9512195121951219,0.0,-2,8,8,1076.271240234375
41,1.0,0.0,-2,8,8,1076.271240234375
0,-1.0,0.0,-1,-9,0,1076.271240234375
1,-0.9512195121951219,0.0,-1,-9,0,1076.271240234375
2,-0.9024390243902439,0.0,-1,-9,0,1076.271240234375
3,-0.8536585365853658,0.0,-1,-9,0,1076.271240234375
4,-0.8048780487804879,0.0,-1,-9,0,1076.271240234375
5,-0.7560975609756098,0.0,-1,-9,0,1076.271240234375
6,-0.7073170731707317,0.0,-1,-9,0,1076.271240234375
7,-0.6585365853658536,0.0,-1,-9,0,1076.271240234375
8,-0.6097560975609756,0.0,-1,-9,0,1076.271240234375
9,-0.5609756097560976,0.0,-1,-9,0,1076.271240234375
10,-0.5121951219512195,1.2352342082522227e-07,-1,-9,0,1076.271240234375
11,-0.46341463414634143,6.191430657054298e-07,-1,-9,0,1076.271240234375
12,-0.41463414634146334,6.297394179455296e-07,-1,-9,0,1076.271240234375
13,-0.36585365853658536,1.1195717206646805e-06,-1,-9,0,1076.271240234375
14,-0.31707317073170727,7.702926154706802e-07,-1,-9,0,1076.271240234375
15,-0.2682926829268293,6.393881335498008e-07,-1,-9,0,1076.271240234375
16,-0.2195121951219512,1.4803323210799135e-05,-1,-9,0,1076.271240234375
17,-0.1707317073170731,1.932323539222125e-05,-1,-9,0,1076.271240234375
18,-0.12195121951219512,8.241318937507458e-06,-1,-9,0,1076.271240234375
19,-0.07317073170731703,5.798249731014948e-06,-1,-9,0,1076.271240234375
20,-0.024390243902439046,0.0003642842057161033,-1,-9,0,1076.271240234375
21,0.024390243902439046,8.708732639206573e-05,-1,-9,0,1076.271240234375
22,0.07317073170731714,1.6692085409886204e-05,-1,-9,0,1076.271240234375
23,0.12195121951219523,5.641263669531327e-06,-1,-9,0,1076.271240234375
24,0.17073170731707332,4.624757366400445e-06,-1,-9,0,1076.271240234375
25,0.2195121951219512,2.996088142026565e-06,-1,-9,0,1076.271240234375
26,0.2682926829268293,3.111886371698347e-06,-1,-9,0,1076.271240234375
27,0.3170731707317074,2.703234258660814e-07,-1,-9,0,1076.271240234375
28,0.36585365853658547,2.3162282047906047e-07,-1,-9,0,1076.271240234375
29,0.41463414634146356,4.659219030145323e-06,-1,-9,0,1076.271240234375
30,0.46341463414634143,2.2808160338172456e-07,-1,-9,0,1076.271240234375
31,0.5121951219512195,2.6766070959638455e-07,-1,-9,0,1076.271240234375
32,0.5609756097560976,0.0,-1,-9,0,1076.271240234375
33,0.6097560975609757,0.0,-1,-9,0,1076.271240234375
34,0.6585365853658538,0.0,-1,-9,0,1076.271240234375
35,0.7073170731707317,0.0,-1,-9,0,1076.271240234375
36,0.7560975609756098,0.0,-1,-9,0,1076.271240234375
37,0.8048780487804879,0.0,-1,-9,0,1076.271240234375
38,0.853658536585366,0.0,-1,-9,0,1076.271240234375
39,0.902439024390244,0.0,-1,-9,0,1076.271240234375
40,0.9512195121951219,0.0,-1,-9,0,1076.271240234375
41,1.0,0.0,-1,-9,0,1076.271240234375
0,-1.0,0.0,-1,-8,0,1076.271240234375
1,-0.9512195121951219,0.0,-1,-8,0,1076.271240234375
2,-0.9024390243902439,0.0,-1,-8,0,1076.271240234375
3,-0.8536585365853658,0.0,-1,-8,0,1076.271240234375
4,-0.8048780487804879,0.0,-1,-8,0,1076.271240234375
5,-0.7560975609756098,0.0,-1,-8,0,1076.271240234375
6,-0.7073170731707317,0.0,-1,-8,0,1076.271240234375
7,-0.6585365853658536,0.0,-1,-8,0,1076.271240234375
8,-0.6097560975609756,0.0,-1,-8,0,1076.271240234375
9,-0.5609756097560976,0.0,-1,-8,0,1076.271240234375
10,-0.5121951219512195,0.0,-1,-8,0,1076.271240234375
11,-0.46341463414634143,0.0,-1,-8,0,1076.271240234375
12,-0.41463414634146334,0.0,-1,-8,0,1076.271240234375
13,-0.36585365853658536,0.0,-1,-8,0,1076.271240234375
14,-0.31707317073170727,0.0,-1,-8,0,1076.271240234375
15,-0.2682926829268293,0.0,-1,-8,0,1076.271240234375
16,-0.2195121951219512,0.0,-1,-8,0,1076.271240234375
17,-0.1707317073170731,0.0,-1,-8,0,1076.271240234375
18,-0.12195121951219512,0.0,-1,-8,0,1076.271240234375
19,-0.07317073170731703,0.0,-1,-8,0,1076.271240234375
20,-0.024390243902439046,0.0,-1,-8,0,1076.271240234375
21,0.024390243902439046,0.0,-1,-8,0,1076.271240234375
22,0.07317073170731714,0.0,-1,-8,0,1076.271240234375
23,0.12195121951219523,0.0,-1,-8,0,1076.271240234375
24,0.17073170731707332,2.6726399937615497e-06,-1,-8,0,1076.271240234375
25,0.2195121951219512,4.965397238265723e-06,-1,-8,0,1076.271240234375
26,0.2682926829268293,2.534321083658142e-06,-1,-8,0,1076.271240234375
27,0.3170731707317074,6.0232878240640275e-06,-1,-8,0,1076.271240234375
28,0.36585365853658547,2.0754163415404037e-05,-1,-8,0,1076.271240234375
29,0.41463414634146356,2.4794692308205413e-06,-1,-8,0,1076.271240234375
30,0.46341463414634143,1.4130464478512295e-05,-1,-8,0,1076.271240234375
31,0.5121951219512195,1.668549157329835e-05,-1,-8,0,1076.271240234375
32,0.5609756097560976,7.808637747075409e-06,-1,-8,0,1076.271240234375
33,0.6097560975609757,1.5853316654101945e-05,-1,-8,0,1076.271240234375
34,0.6585365853658538,4.993862603441812e-05,-1,-8,0,1076.271240234375
35,0.7073170731707317,0.0012517276918515563,-1,-8,0,1076.271240234375
36,0.7560975609756098,0.006237119901925325,-1,-8,0,1076.271240234375
37,0.8048780487804879,8.275513391708955e-05,-1,-8,0,1076.271240234375
38,0.853658536585366,5.326732207322493e-06,-1,-8,0,1076.271240234375
39,0.902439024390244,4.0703420381760225e-05,-1,-8,0,1076.271240234375
40,0.9512195121951219,0.0002182697644457221,-1,-8,0,1076.271240234375
41,1.0,4.38753295384231e-06,-1,-8,0,1076.271240234375
0,-1.0,1.5737130524939857e-05,-1,-8,1,1076.271240234375
1,-0.9512195121951219,1.635923945286777e-05,-1,-8,1,1076.271240234375
2,-0.9024390243902439,1.941633308888413e-05,-1,-8,1,1076.271240234375
3,-0.8536585365853658,0.00011829426512122154,-1,-8,1,1076.271240234375
4,-0.8048780487804879,0.004797884728759527,-1,-8,1,1076.271240234375
5,-0.7560975609756098,0.0005577562260441482,-1,-8,1,1076.271240234375
6,-0.7073170731707317,6.753088382538408e-05,-1,-8,1,1076.271240234375
7,-0.6585365853658536,2.2634389097220264e-05,-1,-8,1,1076.271240234375
8,-0.6097560975609756,3.164938391364558e-07,-1,-8,1,1076.271240234375
9,-0.5609756097560976,7.674279913771898e-06,-1,-8,1,1076.271240234375
10,-0.5121951219512195,1.9766116565733682e-07,-1,-8,1,1076.271240234375
11,-0.46341463414634143,3.7113582038728055e-06,-1,-8,1,1076.271240234375
12,-0.41463414634146334,6.275554369494785e-07,-1,-8,1,1076.271240234375
13,-0.36585365853658536,1.023296718472011e-07,-1,-8,1,1076.271240234375
14,-0.31707317073170727,1.7158812397610745e-06,-1,-8,1,1076.271240234375
15,-0.2682926829268293,2.2967494714976056e-06,-1,-8,1,1076.271240234375
16,-0.2195121951219512,8.731700518183061e-07,-1,-8,1,1076.271240234375
17,-0.1707317073170731,0.0,-1,-8,1,1076.271240234375
18,-0.12195121951219512,0.0,-1,-8,1,1076.271240234375
19,-0.07317073170731703,0.0,-1,-8,1,1076.271240234375
20,-0.024390243902439046,0.0,-1,-8,1,1076.271240234375
21,0.024390243902439046,0.0,-1,-8,1,1076.271240234375
22,0.07317073170731714,0.0,-1,-8,1,1076.271240234375
23,0.12195121951219523,0.0,-1,-8,1,1076.271240234375
24,0.17073170731707332,0.0,-1,-8,1,1076.271240234375
25,0.2195121951219512,0.0,-1,-8,1,1076.271240234375
26,0.2682926829268293,0.0,-1,-8,1,1076.271240234375
27,0.3170731707317074,0.0,-1,-8,1,1076.271240234375
28,0.36585365853658547,0.0,-1,-8,1,1076.271240234375
29,0.41463414634146356,0.0,-1,-8,1,1076.271240234375
30,0.46341463414634143,0.0,-1,-8,1,1076.271240234375
31,0.5121951219512195,0.0,-1,-8,1,1076.271240234375
32,0.5609756097560976,0.0,-1,-8,1,1076.271240234375
33,0.6097560975609757,0.0,-1,-8,1,1076.271240234375
34,0.6585365853658538,0.0,-1,-8,1,1076.271240234375
35,0.7073170731707317,0.0,-1,-8,1,1076.271240234375
36,0.7560975609756098,0.0,-1,-8,1,1076.271240234375
37,0.8048780487804879,0.0,-1,-8,1,1076.271240234375
38,0.853658536585366,0.0,-1,-8,1,1076.271240234375
39,0.902439024390244,0.0,-1,-8,1,1076.271240234375
40,0.9512195121951219,0.0,-1,-8,1,1076.271240234375
41,1.0,0.0,-1,-8,1,1076.271240234375
0,-1.0,0.0,-1,-7,1,1076.271240234375
1,-0.9512195121951219,0.0,-1,-7,1,1076.271240234375
2,-0.9024390243902439,0.0,-1,-7,1,1076.271240234375
3,-0.8536585365853658,0.0,-1,-7,1,1076.271240234375
4,-0.8048780487804879,0.0,-1,-7,1,1076.271240234375
5,-0.7560975609756098,0.0,-1,-7,1,1076.271240234375
6,-0.7073170731707317,1.576979911988019e-06,-1,-7,1,1076.271240234375
7,-0.6585365853658536,1.4646891486336244e-06,-1,-7,1,1076.271240234375
8,-0.6097560975609756,7.074532391015964e-07,-1,-7,1,1076.271240234375
9,-0.5609756097560976,6.822833142905438e-07,-1,-7,1,1076.271240234375
10,-0.5121951219512195,1.2621992482308997e-06,-1,-7,1,1076.271240234375
11,-0.46341463414634143,7.503907113459718e-07,-1,-7,1,1076.271240234375
12,-0.41463414634146334,2.8307627871981822e-05,-1,-7,1,1076.271240234375
13,-0.36585365853658536,7.118425173757714e-07,-1,-7,1,1076.271240234375
14,-0.31707317073170727,1.14997260425298e-06,-1,-7,1,1076.271240234375
15,-0.2682926829268293,1.080062247638125e-06,-1,-7,1,1076.271240234375
16,-0.2195121951219512,1.1610088222369086e-05,-1,-7,1,1076.271240234375
17,-0.1707317073170731,4.8465171857969835e-05,-1,-7,1,1076.271240234375
18,-0.12195121951219512,3.293156987638213e-05,-1,-7,1,1076.271240234375
19,-0.07317073170731703,0.001643808907829225,-1,-7,1,1076.271240234375
20,-0.024390243902439046,8.710869110473141e-07,-1,-7,1,1076.271240234375
21,0.024390243902439046,1.844426333263982e-05,-1,-7,1,1076.271240234375
22,0.07317073170731714,3.5986731745651923e-06,-1,-7,1,1076.271240234375
23,0.12195121951219523,4.207728125038557e-06,-1,-7,1,1076.271240234375
24,0.17073170731707332,6.685176231258083e-06,-1,-7,1,1076.271240234375
25,0.2195121951219512,1.6576191228523385e-06,-1,-7,1,1076.271240234375
26,0.2682926829268293,1.27301582324435e-05,-1,-7,1,1076.271240234375
27,0.3170731707317074,4.477083621168276e-06,-1,-7,1,1076.271240234375
28,0.36585365853658547,6.606167517020367e-06,-1,-7,1,1076.271240234375
29,0.41463414634146356,1.7431983678761753e-06,-1,-7,1,1076.271240234375
30,0.46341463414634143,6.715760036968277e-07,-1,-7,1,1076.271240234375
31,0.5121951219512195,6.424691605388944e-07,-1,-7,1,1076.271240234375
32,0.5609756097560976,4.241693659423618e-06,-1,-7,1,1076.271240234375
33,0.6097560975609757,0.0,-1,-7,1,1076.271240234375
34,0.6585365853658538,0.0,-1,-7,1,1076.271240234375
35,0.7073170731707317,0.0,-1,-7,1,1076.271240234375
36,0.7560975609756098,0.0,-1,-7,1,1076.271240234375
37,0.8048780487804879,0.0,-1,-7,1,1076.271240234375
38,0.853658536585366,0.0,-1,-7,1,1076.271240234375
39,0.902439024390244,0.0,-1,-7,1,1076.271240234375
40,0.9512195121951219,0.0,-1,-7,1,1076.271240234375
41,1.0,0.0,-1,-7,1,1076.271240234375
0,-1.0,0.0,-1,-6,1,1076.271240234375
1,-0.9512195121951219,0.0,-1,-6,1,1076.271240234375
2,-0.9024390243902439,0.0,-1,-6,1,1076.271240234375
3,-0.8536585365853658,0.0,-1,-6,1,1076.271240234375
4,-0.8048780487804879,0.0,-1,-6,1,1076.271240234375
5,-0.7560975609756098,0.0,-1,-6,1,1076.271240234375
6,-0.7073170731707317,0.0,-1,-6,1,1076.271240234375
7,-0.6585365853658536,0.0,-1,-6,1,1076.271240234375
8,-0.6097560975609756,0.0,-1,-6,1,1076.271240234375
9,-0.5609756097560976,0.0,-1,-6,1,1076.271240234375
10,-0.5121951219512195,0.0,-1,-6,1,1076.271240234375
11,-0.46341463414634143,0.0,-1,-6,1,1076.271240234375
12,-0.41463414634146334,0.0,-1,-6,1,1076.271240234375
13,-0.36585365853658536,0.0,-1,-6,1,1076.271240234375
14,-0.31707317073170727,0.0,-1,-6,1,1076.271240234375
15,-0.2682926829268293,0.0,-1,-6,1,1076.271240234375
16,-0.2195121951219512,0.0,-1,-6,1,1076.271240234375
17,-0.1707317073170731,0.0,-1,-6,1,1076.271240234375
18,-0.12195121951219512,0.0,-1,-6,1,1076.271240234375
19,-0.07317073170731703,0.0,-1,-6,1,1076.271240234375
20,-0.024390243902439046,0.0,-1,-6,1,1076.271240234375
21,0.024390243902439046,0.0,-1,-6,1,1076.271240234375
22,0.07317073170731714,7.823091436875984e-07,-1,-6,1,1076.271240234375
23,0.12195121951219523,3.3649964734649984e-06,-1,-6,1,1076.271240234375
24,0.17073170731707332,2.6703862658905564e-06,-1,-6,1,1076.271240234375
25,0.2195121951219512,2.2361991796060465e-06,-1,-6,1,1076.271240234375
26,0.2682926829268293,5.613542725768639e-06,-1,-6,1,1076.271240234375
27,0.3170731707317074,1.761840576364193e-05,-1,-6,1,1076.271240234375
28,0.36585365853658547,8.502363925799727e-05,-1,-6,1,1076.271240234375
29,0.41463414634146356,2.2031326807336882e-05,-1,-6,1,1076.271240234375
30,0.46341463414634143,8.51897584652761e-06,-1,-6,1,1076.271240234375
31,0.5121951219512195,8.190643711714074e-06,-1,-6,1,1076.271240234375
32,0.5609756097560976,2.7389114620746113e-06,-1,-6,1,1076.271240234375
33,0.6097560975609757,5.935755353903005e-08,-1,-6,1,1076.271240234375
34,0.6585365853658538,5.681465700035915e-05,-1,-6,1,1076.271240234375
35,0.7073170731707317,0.00024267358821816742,-1,-6,1,1076.271240234375
36,0.7560975609756098,0.0021028430201113224,-1,-6,1,1076.271240234375
37,0.8048780487804879,0.005314468406140804,-1,-6,1,1076.271240234375
38,0.853658536585366,4.289719527150737e-06,-1,-6,1,1076.271240234375
39,0.902439024390244,0.00012257344496902078,-1,-6,1,1076.271240234375
40,0.9512195121951219,2.536578176659532e-05,-1,-6,1,1076.271240234375
41,1.0,2.728453000599984e-05,-1,-6,1,1076.271240234375
0,-1.0,2.579844294814393e-05,-1,-5,2,1076.271240234375
1,-0.9512195121951219,3.635383109212853e-06,-1,-5,2,1076.271240234375
2,-0.9024390243902439,0.0005008331499993801,-1,-5,2,1076.271240234375
3,-0.8536585365853658,0.000293336488539353,-1,-5,2,1076.271240234375
4,-0.8048780487804879,0.0006085401400923729,-1,-5,2,1076.271240234375
5,-0.7560975609756098,5.898430754314177e-05,-1,-5,2,1076.271240234375
6,-0.7073170731707317,0.0001447213435312733,-1,-5,2,1076.271240234375
7,-0.6585365853658536,2.3310793039854616e-05,-1,-5,2,1076.271240234375
8,-0.6097560975609756,6.707996362820268e-05,-1,-5,2,1076.271240234375
9,-0.5609756097560976,2.3109434550860897e-05,-1,-5,2,1076.271240234375
10,-0.5121951219512195,0.008846617303788662,-1,-5,2,1076.271240234375
11,-0.46341463414634143,0.000203819086891599,-1,-5,2,1076.271240234375
12,-0.41463414634146334,2.8946578822797164e-05,-1,-5,2,1076.271240234375
13,-0.36585365853658536,0.0002674022107385099,-1,-5,2,1076.271240234375
14,-0.31707317073170727,2.3927745132823475e-05,-1,-5,2,1076.271240234375
15,-0.2682926829268293,0.0006867960328236222,-1,-5,2,1076.271240234375
16,-0.2195121951219512,0.0003186614194419235,-1,-5,2,1076.271240234375
17,-0.1707317073170731,4.175849608145654e-05,-1,-5,2,1076.271240234375
18,-0.12195121951219512,1.9740382413147017e-05,-1,-5,2,1076.271240234375
19,-0.07317073170731703,1.764692751748953e-05,-1,-5,2,1076.271240234375
20,-0.024390243902439046,1.0044274176834733e-06,-1,-5,2,1076.271240234375
21,0.024390243902439046,1.7113115973188542e-05,-1,-5,2,1076.271240234375
22,0.07317073170731714,1.2100017556804232e-06,-1,-5,2,1076.271240234375
23,0.12195121951219523,1.672304733801866e-06,-1,-5,2,1076.271240234375
24,0.17073170731707332,2.1819680114276707e-05,-1,-5,2,1076.271240234375
25,0.2195121951219512,4.493001597438706e-06,-1,-5,2,1076.271240234375
26,0.2682926829268293,3.2761608963483013e-06,-1,-5,2,1076.271240234375
27,0.3170731707317074,1.2146532753831707e-05,-1,-5,2,1076.271240234375
28,0.36585365853658547,5.635988782159984e-05,-1,-5,2,1076.271240234375
29,0.41463414634146356,0.0,-1,-5,2,1076.271240234375
30,0.46341463414634143,0.0,-1,-5,2,1076.271240234375
31,0.5121951219512195,0.0,-1,-5,2,1076.271240234375
32,0.5609756097560976,0.0,-1,-5,2,1076.271240234375
33,0.6097560975609757,0.0,-1,-5,2,1076.271240234375
34,0.6585365853658538,0.0,-1,-5,2,1076.271240234375
35,0.7073170731707317,0.0,-1,-5,2,1076.271240234375
36,0.7560975609756098,0.0,-1,-5,2,1076.271240234375
37,0.8048780487804879,0.0,-1,-5,2,1076.271240234375
38,0.853658536585366,0.0,-1,-5,2,1076.271240234375
39,0.902439024390244,0.0,-1,-5,2,1076.271240234375
40,0.9512195121951219,0.0,-1,-5,2,1076.271240234375
41,1.0,0.0,-1,-5,2,1076.271240234375
0,-1.0,0.0,-1,-4,2,1076.271240234375
1,-0.9512195121951219,0.0,-1,-4,2,1076.271240234375
2,-0.9024390243902439,0.0,-1,-4,2,1076.271240234375
3,-0.8536585365853658,0.0,-1,-4,2,1076.271240234375
4,-0.8048780487804879,0.0,-1,-4,2,1076.271240234375
5,-0.7560975609756098,0.0,-1,-4,2,1076.271240234375
6,-0.7073170731707317,0.0,-1,-4,2,1076.271240234375
7,-0.6585365853658536,0.0,-1,-4,2,1076.271240234375
8,-0.6097560975609756,0.0,-1,-4,2,1076.271240234375
9,-0.5609756097560976,7.195365469669923e-06,-1,-4,2,1076.271240234375
10,-0.5121951219512195,2.545391453168122e-06,-1,-4,2,1076.271240234375
11,-0.46341463414634143,1.0425126362179071e-07,-1,-4,2,1076.271240234375
12,-0.41463414634146334,3.7406857700261753e-07,-1,-4,2,1076.271240234375
13,-0.36585365853658536,4.631997114756814e-07,-1,-4,2,1076.271240234375
14,-0.31707317073170727,4.845418970944593e-06,-1,-4,2,1076.271240234375
15,-0.2682926829268293,3.0534745292243315e-06,-1,-4,2,1076.271240234375
16,-0.2195121951219512,1.5809982869541273e-05,-1,-4,2,1076.271240234375
17,-0.1707317073170731,6.351657793857157e-05,-1,-4,2,1076.271240234375
18,-0.12195121951219512,2.112857146130409e-05,-1,-4,2,1076.271240234375
19,-0.07317073170731703,4.47870661446359e-05,-1,-4,2,1076.271240234375
20,-0.024390243902439046,0.00013425004726741463,-1,-4,2,1076.271240234375
21,0.024390243902439046,2.5278462999267504e-05,-1,-4,2,1076.271240234375
22,0.07317073170731714,0.00012239598436281085,-1,-4,2,1076.271240234375
23,0.12195121951219523,1.205532498715911e-05,-1,-4,2,1076.271240234375
24,0.17073170731707332,2.7400930775911547e-05,-1,-4,2,1076.271240234375
25,0.2195121951219512,2.894729959734832e-06,-1,-4,2,1076.271240234375
26,0.2682926829268293,0.0001004239747999236,-1,-4,2,1076.271240234375
27,0.3170731707317074,8.688506204634905e-05,-1,-4,2,1076.271240234375
28,0.36585365853658547,0.0014297249726951122,-1,-4,2,1076.271240234375
29,0.41463414634146356,0.0004385622451081872,-1,-4,2,1076.271240234375
30,0.46341463414634143,0.008601377718150616,-1,-4,2,1076.271240234375
31,0.5121951219512195,0.007365143392235041,-1,-4,2,1076.271240234375
32,0.5609756097560976,0.014853605069220066,-1,-4,2,1076.271240234375
33,0.6097560975609757,0.002754624467343092,-1,-4,2,1076.271240234375
34,0.6585365853658538,0.0021615370642393827,-1,-4,2,1076.271240234375
35,0.7073170731707317,0.000719373463653028,-1,-4,2,1076.271240234375
36,0.7560975609756098,0.00018750190793070942,-1,-4,2,1076.271240234375
37,0.8048780487804879,4.651224298868328e-05,-1,-4,2,1076.271240234375
38,0.853658536585366,0.00016430120740551502,-1,-4,2,1076.271240234375
39,0.902439024390244,0.0003688740252982825,-1,-4,2,1076.271240234375
40,0.9512195121951219,0.0005930173210799694,-1,-4,2,1076.271240234375
41,1.0,0.00028352017397992313,-1,-4,2,1076.271240234375
0,-1.0,0.029659289866685867,-1,-2,3,1076.271240234375
1,-0.9512195121951219,0.03703496232628822,-1,-2,3,1076.271240234375
2,-0.9024390243902439,0.4373724162578583,-1,-2,3,1076.271240234375
3,-0.8536585365853658,0.27540847659111023,-1,-2,3,1076.271240234375
4,-0.8048780487804879,0.11387959867715836,-1,-2,3,1076.271240234375
5,-0.7560975609756098,0.01346655935049057,-1,-2,3,1076.271240234375
6,-0.7073170731707317,0.03192831203341484,-1,-2,3,1076.271240234375
7,-0.6585365853658536,0.0029987238813191652,-1,-2,3,1076.271240234375
8,-0.6097560975609756,0.01379033550620079,-1,-2,3,1076.271240234375
9,-0.5609756097560976,0.001224610721692443,-1,-2,3,1076.271240234375
10,-0.5121951219512195,0.008788424544036388,-1,-2,3,1076.271240234375
11,-0.46341463414634143,0.0003873904061038047,-1,-2,3,1076.271240234375
12,-0.41463414634146334,0.005107231438159943,-1,-2,3,1076.271240234375
13,-0.36585365853658536,0.00016174673510249704,-1,-2,3,1076.271240234375
14,-0.31707317073170727,0.0036989969667047262,-1,-2,3,1076.271240234375
15,-0.2682926829268293,0.0006318467785604298,-1,-2,3,1076.271240234375
16,-0.2195121951219512,0.0011685225181281567,-1,-2,3,1076.271240234375
17,-0.1707317073170731,0.0003902432508766651,-1,-2,3,1076.271240234375
18,-0.12195121951219512,0.0017320108599960804,-1,-2,3,1076.271240234375
19,-0.07317073170731703,0.00018127176736015826,-1,-2,3,1076.271240234375
20,-0.024390243902439046,0.0013106092810630798,-1,-2,3,1076.271240234375
21,0.024390243902439046,0.0002455547219142318,-1,-2,3,1076.271240234375
22,0.07317073170731714,0.0009773204801604152,-1,-2,3,1076.271240234375
23,0.12195121951219523,0.0002934117801487446,-1,-2,3,1076.271240234375
24,0.17073170731707332,0.0006188085535541177,-1,-2,3,1076.271240234375
25,0.2195121951219512,0.0003689670411404222,-1,-2,3,1076.271240234375
26,0.2682926829268293,0.00029895498300902545,-1,-2,3,1076.271240234375
27,0.3170731707317074,0.0005774914752691984,-1,-2,3,1076.271240234375
28,0.36585365853658547,0.0008342944202013314,-1,-2,3,1076.271240234375
29,0.41463414634146356,0.0003181718348059803,-1,-2,3,1076.271240234375
30,0.46341463414634143,0.00038663262967020273,-1,-2,3,1076.271240234375
31,0.5121951219512195,0.0002557912084739655,-1,-2,3,1076.271240234375
32,0.5609756097560976,0.0002175195113522932,-1,-2,3,1076.271240234375
33,0.6097560975609757,0.00045289064291864634,-1,-2,3,1076.271240234375
34,0.6585365853658538,0.00015926489140838385,-1,-2,3,1076.271240234375
35,0.7073170731707317,0.00037829834036529064,-1,-2,3,1076.271240234375
36,0.7560975609756098,6.498775474028662e-05,-1,-2,3,1076.271240234375
37,0.8048780487804879,6.410137575585395e-05,-1,-2,3,1076.271240234375
38,0.853658536585366,9.0368339442648e-05,-1,-2,3,1076.271240234375
39,0.902439024390244,9.624774975236505e-05,-1,-2,3,1076.271240234375
40,0.9512195121951219,2.9672484743059613e-05,-1,-2,3,1076.271240234375
41,1.0,0.00015331273607444018,-1,-2,3,1076.271240234375
0,-1.0,0.00032224610913544893,-1,2,4,1076.271240234375
1,-0.9512195121951219,0.00023371280985884368,-1,2,4,1076.271240234375
2,-0.9024390243902439,6.951029354240745e-05,-1,2,4,1076.271240234375
3,-0.8536585365853658,0.00048452752525918186,-1,2,4,1076.271240234375
4,-0.8048780487804879,0.00030826631700620055,-1,2,4,1076.271240234375
5,-0.7560975609756098,0.0002136645489372313,-1,2,4,1076.271240234375
6,-0.7073170731707317,0.0005956272361800075,-1,2,4,1076.271240234375
7,-0.6585365853658536,2.6254508611600613e-06,-1,2,4,1076.271240234375
8,-0.6097560975609756,0.0006134994328022003,-1,2,4,1076.271240234375
9,-0.5609756097560976,0.0004580705426633358,-1,2,4,1076.271240234375
10,-0.5121951219512195,0.0002463332493789494,-1,2,4,1076.271240234375
11,-0.46341463414634143,0.0012513094116002321,-1,2,4,1076.271240234375
12,-0.41463414634146334,0.00011808554700110108,-1,2,4,1076.271240234375
13,-0.36585365853658536,0.0006039892323315144,-1,2,4,1076.271240234375
14,-0.31707317073170727,0.0010560910450294614,-1,2,4,1076.271240234375
15,-0.2682926829268293,1.1890031601069495e-05,-1,2,4,1076.271240234375
16,-0.2195121951219512,0.0015526623465120792,-1,2,4,1076.271240234375
17,-0.1707317073170731,0.0005882554105482996,-1,2,4,1076.271240234375
18,-0.12195121951219512,0.0004213870852254331,-1,2,4,1076.271240234375
19,-0.07317073170731703,0.002358702477067709,-1,2,4,1076.271240234375
20,-0.024390243902439046,0.0002255023136967793,-1,2,4,1076.271240234375
21,0.024390243902439046,0.0014828412095084786,-1,2,4,1076.271240234375
22,0.07317073170731714,0.0018451352370902896,-1,2,4,1076.271240234375
23,0.12195121951219523,0.0003271611931268126,-1,2,4,1076.271240234375
24,0.17073170731707332,0.004237451124936342,-1,2,4,1076.271240234375
25,0.2195121951219512,0.0006845394382253289,-1,2,4,1076.271240234375
26,0.2682926829268293,0.0028407173231244087,-1,2,4,1076.271240234375
27,0.3170731707317074,0.0024709501303732395,-1,2,4,1076.271240234375
28,0.36585365853658547,0.0015794298378750682,-1,2,4,1076.271240234375
29,0.41463414634146356,0.005494759418070316,-1,2,4,1076.271240234375
30,0.46341463414634143,0.011077319271862507,-1,2,4,1076.271240234375
31,0.5121951219512195,0.0005456380313262343,-1,2,4,1076.271240234375
32,0.5609756097560976,0.027894746512174606,-1,2,4,1076.271240234375
33,0.6097560975609757,0.01853208802640438,-1,2,4,1076.271240234375
34,0.6585365853658538,0.03309924900531769,-1,2,4,1076.271240234375
35,0.7073170731707317,0.35235321521759033,-1,2,4,1076.271240234375
36,0.7560975609756098,0.5025449991226196,-1,2,4,1076.271240234375
37,0.8048780487804879,0.18667028844356537,-1,2,4,1076.271240234375
38,0.853658536585366,0.02200734242796898,-1,2,4,1076.271240234375
39,0.902439024390244,0.028217555955052376,-1,2,4,1076.271240234375
40,0.9512195121951219,0.007133909035474062,-1,2,4,1076.271240234375
41,1.0,0.003252060618251562,-1,2,4,1076.271240234375
0,-1.0,5.040201358497143e-05,-1,3,4,1076.271240234375
1,-0.9512195121951219,0.00012972501281183213,-1,3,4,1076.271240234375
2,-0.9024390243902439,4.805792559636757e-05,-1,3,4,1076.271240234375
3,-0.8536585365853658,0.00019481524941511452,-1,3,4,1076.271240234375
4,-0.8048780487804879,0.000204140626010485,-1,3,4,1076.271240234375
5,-0.7560975609756098,5.219521335675381e-05,-1,3,4,1076.271240234375
6,-0.7073170731707317,0.000933071889448911,-1,3,4,1076.271240234375
7,-0.6585365853658536,2.372952258156147e-05,-1,3,4,1076.271240234375
8,-0.6097560975609756,0.0015273443423211575,-1,3,4,1076.271240234375
9,-0.5609756097560976,0.003967346157878637,-1,3,4,1076.271240234375
10,-0.5121951219512195,0.03513151779770851,-1,3,4,1076.271240234375
11,-0.46341463414634143,0.018840521574020386,-1,3,4,1076.271240234375
12,-0.41463414634146334,0.00011267663649050519,-1,3,4,1076.271240234375
13,-0.36585365853658536,0.001166728907264769,-1,3,4,1076.271240234375
14,-0.31707317073170727,0.0004434521833900362,-1,3,4,1076.271240234375
15,-0.2682926829268293,0.00014458564692176878,-1,3,4,1076.271240234375
16,-0.2195121951219512,0.00027705414686352015,-1,3,4,1076.271240234375
17,-0.1707317073170731,2.163301542168483e-05,-1,3,4,1076.271240234375
18,-0.12195121951219512,0.0002042055712081492,-1,3,4,1076.271240234375
19,-0.07317073170731703,4.056293619214557e-05,-1,3,4,1076.271240234375
20,-0.024390243902439046,6.934075645403937e-05,-1,3,4,1076.271240234375
21,0.024390243902439046,0.00012291809252928942,-1,3,4,1076.271240234375
22,0.07317073170731714,4.75873775940272e-06,-1,3,4,1076.271240234375
23,0.12195121951219523,7.308772910619155e-05,-1,3,4,1076.271240234375
24,0.17073170731707332,1.4085158909438178e-05,-1,3,4,1076.271240234375
25,0.2195121951219512,1.7380800272803754e-05,-1,3,4,1076.271240234375
26,0.2682926829268293,2.2038746465113945e-05,-1,3,4,1076.271240234375
27,0.3170731707317074,2.8465071864047786e-06,-1,3,4,1076.271240234375
28,0.36585365853658547,1.4611656297347508e-05,-1,3,4,1076.271240234375
29,0.41463414634146356,2.1770038074464537e-06,-1,3,4,1076.271240234375
30,0.46341463414634143,6.781295269320253e-06,-1,3,4,1076.271240234375
31,0.5121951219512195,3.296762588433921e-05,-1,3,4,1076.271240234375
32,0.5609756097560976,4.726176484837197e-05,-1,3,4,1076.271240234375
33,0.6097560975609757,1.8897557310992852e-05,-1,3,4,1076.271240234375
34,0.6585365853658538,4.82319501315942e-06,-1,3,4,1076.271240234375
35,0.7073170731707317,6.163623766042292e-05,-1,3,4,1076.271240234375
36,0.7560975609756098,0.00026492454344406724,-1,3,4,1076.271240234375
37,0.8048780487804879,4.660123522626236e-05,-1,3,4,1076.271240234375
38,0.853658536585366,1.8683289454202168e-05,-1,3,4,1076.271240234375
39,0.902439024390244,2.109270826622378e-05,-1,3,4,1076.271240234375
40,0.9512195121951219,5.021154720452614e-05,-1,3,4,1076.271240234375
41,1.0,0.0001776891585905105,-1,3,4,1076.271240234375
0,-1.0,0.0,-1,7,5,1076.271240234375
1,-0.9512195121951219,0.0,-1,7,5,1076.271240234375
2,-0.9024390243902439,0.0,-1,7,5,1076.271240234375
3,-0.8536585365853658,0.0,-1,7,5,1076.271240234375
4,-0.8048780487804879,0.0,-1,7,5,1076.271240234375
5,-0.7560975609756098,0.0,-1,7,5,1076.271240234375
6,-0.7073170731707317,0.0,-1,7,5,1076.271240234375
7,-0.6585365853658536,0.0,-1,7,5,1076.271240234375
8,-0.6097560975609756,0.0,-1,7,5,1076.271240234375
9,-0.5609756097560976,0.0,-1,7,5,1076.271240234375
10,-0.5121951219512195,0.0,-1,7,5,1076.271240234375
11,-0.46341463414634143,0.0,-1,7,5,1076.271240234375
12,-0.41463414634146334,0.0,-1,7,5,1076.271240234375
13,-0.36585365853658536,0.0,-1,7,5,1076.271240234375
14,-0.31707317073170727,0.0,-1,7,5,1076.271240234375
15,-0.2682926829268293,0.0,-1,7,5,1076.271240234375
16,-0.2195121951219512,0.0,-1,7,5,1076.271240234375
17,-0.1707317073170731,0.0,-1,7,5,1076.271240234375
18,-0.12195121951219512,0.0,-1,7,5,1076.271240234375
19,-0.07317073170731703,0.0,-1,7,5,1076.271240234375
20,-0.024390243902439046,0.0,-1,7,5,1076.271240234375
21,0.024390243902439046,9.784502026377595e-07,-1,7,5,1076.271240234375
22,0.07317073170731714,8.348577580363781e-07,-1,7,5,1076.271240234375
23,0.12195121951219523,5.471517852129182e-07,-1,7,5,1076.271240234375
24,0.17073170731707332,2.631231154737179e-06,-1,7,5,1076.271240234375
25,0.2195121951219512,3.917830326827243e-06,-1,7,5,1076.271240234375
26,0.2682926829268293,7.846634844099754e-07,-1,7,5,1076.271240234375
27,0.3170731707317074,5.6891603890107945e-06,-1,7,5,1076.271240234375
28,0.36585365853658547,3.287520485173445e-06,-1,7,5,1076.271240234375
29,0.41463414634146356,7.559278401458869e-06,-1,7,5,1076.271240234375
30,0.46341463414634143,8.288039680337533e-06,-1,7,5,1076.271240234375
31,0.5121951219512195,5.711784069717396e-06,-1,7,5,1076.271240234375
32,0.5609756097560976,4.297191117075272e-05,-1,7,5,1076.271240234375
33,0.6097560975609757,4.142932539252797e-06,-1,7,5,1076.271240234375
34,0.6585365853658538,0.0006801662384532392,-1,7,5,1076.271240234375
35,0.7073170731707317,0.005190517287701368,-1,7,5,1076.271240234375
36,0.7560975609756098,0.0003292324545327574,-1,7,5,1076.271240234375
37,0.8048780487804879,1.4791661442359327e-06,-1,7,5,1076.271240234375
38,0.853658536585366,6.558577297255397e-05,-1,7,5,1076.271240234375
39,0.902439024390244,5.63959292776417e-06,-1,7,5,1076.271240234375
40,0.9512195121951219,9.443993803870399e-06,-1,7,5,1076.271240234375
41,1.0,3.8060288716224022e-06,-1,7,5,1076.271240234375
0,-1.0,0.0,-1,8,5,1076.271240234375
1,-0.9512195121951219,0.0,-1,8,5,1076.271240234375
2,-0.9024390243902439,0.0,-1,8,5,1076.271240234375
3,-0.8536585365853658,0.0,-1,8,5,1076.271240234375
4,-0.8048780487804879,0.0,-1,8,5,1076.271240234375
5,-0.7560975609756098,0.0,-1,8,5,1076.271240234375
6,-0.7073170731707317,0.0,-1,8,5,1076.271240234375
7,-0.6585365853658536,0.0,-1,8,5,1076.271240234375
8,-0.6097560975609756,0.0,-1,8,5,1076.271240234375
9,-0.5609756097560976,0.0,-1,8,5,1076.271240234375
10,-0.5121951219512195,0.0,-1,8,5,1076.271240234375
11,-0.46341463414634143,0.0,-1,8,5,1076.271240234375
12,-0.41463414634146334,0.0,-1,8,5,1076.271240234375
13,-0.36585365853658536,0.0,-1,8,5,1076.271240234375
14,-0.31707317073170727,0.0,-1,8,5,1076.271240234375
15,-0.2682926829268293,0.0,-1,8,5,1076.271240234375
16,-0.2195121951219512,0.0,-1,8,5,1076.271240234375
17,-0.1707317073170731,0.0,-1,8,5,1076.271240234375
18,-0.12195121951219512,2.227842742286157e-06,-1,8,5,1076.271240234375
19,-0.07317073170731703,3.5555103750084527e-06,-1,8,5,1076.271240234375
20,-0.024390243902439046,3.475228140814579e-06,-1,8,5,1076.271240234375
21,0.024390243902439046,3.94470453102258e-06,-1,8,5,1076.271240234375
22,0.07317073170731714,3.784161322073487e-07,-1,8,5,1076.271240234375
23,0.12195121951219523,4.384729436424095e-06,-1,8,5,1076.271240234375
24,0.17073170731707332,1.5391593478852883e-05,-1,8,5,1076.271240234375
25,0.2195121951219512,1.2937753126607276e-06,-1,8,5,1076.271240234375
26,0.2682926829268293,1.9772551240748726e-05,-1,8,5,1076.271240234375
27,0.3170731707317074,3.627539990702644e-05,-1,8,5,1076.271240234375
28,0.36585365853658547,5.521315870282706e-06,-1,8,5,1076.271240234375
29,0.41463414634146356,0.00036280890344642103,-1,8,5,1076.271240234375
30,0.46341463414634143,0.0029260546434670687,-1,8,5,1076.271240234375
31,0.5121951219512195,0.00017423398094251752,-1,8,5,1076.271240234375
32,0.5609756097560976,0.00013130033039487898,-1,8,5,1076.271240234375
33,0.6097560975609757,8.119252015603706e-05,-1,8,5,1076.271240234375
34,0.6585365853658538,1.3481655969371786e-06,-1,8,5,1076.271240234375
35,0.7073170731707317,1.6778005374362692e-05,-1,8,5,1076.271240234375
36,0.7560975609756098,5.761463398812339e-06,-1,8,5,1076.271240234375
37,0.8048780487804879,3.402257334528258e-06,-1,8,5,1076.271240234375
38,0.853658536585366,2.8013203063892433e-06,-1,8,5,1076.271240234375
39,0.902439024390244,4.979204277333338e-06,-1,8,5,1076.271240234375
40,0.9512195121951219,1.1614913546509342e-06,-1,8,5,1076.271240234375
41,1.0,3.9338738133665174e-06,-1,8,5,1076.271240234375
0,-1.0,0.0,-1,9,5,1076.271240234375
1,-0.9512195121951219,0.0,-1,9,5,1076.271240234375
2,-0.9024390243902439,0.0,-1,9,5,1076.271240234375
3,-0.8536585365853658,0.0,-1,9,5,1076.271240234375
4,-0.8048780487804879,0.0,-1,9,5,1076.271240234375
5,-0.7560975609756098,0.0,-1,9,5,1076.271240234375
6,-0.7073170731707317,0.0,-1,9,5,1076.271240234375
7,-0.6585365853658536,0.0,-1,9,5,1076.271240234375
8,-0.6097560975609756,0.0,-1,9,5,1076.271240234375
9,-0.5609756097560976,0.0,-1,9,5,1076.271240234375
10,-0.5121951219512195,0.0,-1,9,5,1076.271240234375
11,-0.46341463414634143,0.0,-1,9,5,1076.271240234375
12,-0.41463414634146334,0.0,-1,9,5,1076.271240234375
13,-0.36585365853658536,0.0,-1,9,5,1076.271240234375
14,-0.31707317073170727,0.0,-1,9,5,1076.271240234375
15,-0.2682926829268293,0.0,-1,9,5,1076.271240234375
16,-0.2195121951219512,0.0,-1,9,5,1076.271240234375
17,-0.1707317073170731,2.0957597826054553e-06,-1,9,5,1076.271240234375
18,-0.12195121951219512,4.266878477210412e-07,-1,9,5,1076.271240234375
19,-0.07317073170731703,1.1770005414746265e-07,-1,9,5,1076.271240234375
20,-0.024390243902439046,2.935426266503782e-07,-1,9,5,1076.271240234375
21,0.024390243902439046,4.864760398959334e-07,-1,9,5,1076.271240234375
22,0.07317073170731714,3.442042725509964e-06,-1,9,5,1076.271240234375
23,0.12195121951219523,2.550230419728905e-06,-1,9,5,1076.271240234375
24,0.17073170731707332,1.4079357242735568e-05,-1,9,5,1076.271240234375
25,0.2195121951219512,1.717596205708105e-05,-1,9,5,1076.271240234375
26,0.2682926829268293,1.6885662262211554e-05,-1,9,5,1076.271240234375
27,0.3170731707317074,0.00011042356345569715,-1,9,5,1076.271240234375
28,0.36585365853658547,0.0002852551406249404,-1,9,5,1076.271240234375
29,0.41463414634146356,5.11743055540137e-05,-1,9,5,1076.271240234375
30,0.46341463414634143,3.890059088007547e-05,-1,9,5,1076.271240234375
31,0.5121951219512195,2.8852695322711952e-05,-1,9,5,1076.271240234375
32,0.5609756097560976,4.469511168281315e-06,-1,9,5,1076.271240234375
33,0.6097560975609757,1.641359176574042e-06,-1,9,5,1076.271240234375
34,0.6585365853658538,1.044834448293841e-06,-1,9,5,1076.271240234375
35,0.7073170731707317,1.8679482991501573e-06,-1,9,5,1076.271240234375
36,0.7560975609756098,1.7388776996085653e-06,-1,9,5,1076.271240234375
37,0.8048780487804879,8.769016858423129e-06,-1,9,5,1076.271240234375
38,0.853658536585366,5.738561981161183e-08,-1,9,5,1076.271240234375
39,0.902439024390244,1.0579768741081352e-06,-1,9,5,1076.271240234375
40,0.9512195121951219,0.0,-1,9,5,1076.271240234375
41,1.0,0.0,-1,9,5,1076.271240234375
0,-1.0,0.0,0,-9,-4,1076.271240234375
1,-0.9512195121951219,0.0,0,-9,-4,1076.271240234375
2,-0.9024390243902439,0.0,0,-9,-4,1076.271240234375
3,-0.8536585365853658,0.0,0,-9,-4,1076.271240234375
4,-0.8048780487804879,0.0,0,-9,-4,1076.271240234375
5,-0.7560975609756098,0.0,0,-9,-4,1076.271240234375
6,-0.7073170731707317,0.0,0,-9,-4,1076.271240234375
7,-0.6585365853658536,0.0,0,-9,-4,1076.271240234375
8,-0.6097560975609756,0.0,0,-9,-4,1076.271240234375
9,-0.5609756097560976,0.0,0,-9,-4,1076.271240234375
10,-0.5121951219512195,0.0,0,-9,-4,1076.271240234375
11,-0.46341463414634143,0.0,0,-9,-4,1076.271240234375
12,-0.41463414634146334,0.0,0,-9,-4,1076.271240234375
13,-0.36585365853658536,0.0,0,-9,-4,1076.271240234375
14,-0.31707317073170727,0.0,0,-9,-4,1076.271240234375
15,-0.2682926829268293,0.0,0,-9,-4,1076.271240234375
16,-0.2195121951219512,0.0,0,-9,-4,1076.271240234375
17,-0.1707317073170731,0.0,0,-9,-4,1076.271240234375
18,-0.12195121951219512,0.0,0,-9,-4,1076.271240234375
19,-0.07317073170731703,0.0,0,-9,-4,1076.271240234375
20,-0.024390243902439046,0.0,0,-9,-4,1076.271240234375
21,0.024390243902439046,0.0,0,-9,-4,1076.271240234375
22,0.07317073170731714,0.0,0,-9,-4,1076.271240234375
23,0.12195121951219523,1.0612684491206892e-06,0,-9,-4,1076.271240234375
24,0.17073170731707332,3.350282327119203e-07,0,-9,-4,1076.271240234375
25,0.2195121951219512,3.6745990428244113e-07,0,-9,-4,1076.271240234375
26,0.2682926829268293,7.646654012205545e-07,0,-9,-4,1076.271240234375
27,0.3170731707317074,3.416932941036066e-06,0,-9,-4,1076.271240234375
28,0.36585365853658547,1.7288541130255908e-05,0,-9,-4,1076.271240234375
29,0.41463414634146356,2.097894684993662e-05,0,-9,-4,1076.271240234375
30,0.46341463414634143,9.569323992764112e-06,0,-9,-4,1076.271240234375
31,0.5121951219512195,6.893329100421397e-06,0,-9,-4,1076.271240234375
32,0.5609756097560976,2.826027230184991e-05,0,-9,-4,1076.271240234375
33,0.6097560975609757,0.001000126707367599,0,-9,-4,1076.271240234375
34,0.6585365853658538,0.0007560603553429246,0,-9,-4,1076.271240234375
35,0.7073170731707317,3.9265007217181846e-05,0,-9,-4,1076.271240234375
36,0.7560975609756098,0.0001488577836425975,0,-9,-4,1076.271240234375
37,0.8048780487804879,3.769500835915096e-06,0,-9,-4,1076.271240234375
38,0.853658536585366,1.921865759868524e-06,0,-9,-4,1076.271240234375
39,0.902439024390244,1.8311190785880171e-07,0,-9,-4,1076.271240234375
40,0.9512195121951219,3.384957949492673e-07,0,-9,-4,1076.271240234375
41,1.0,3.3997073387581622e-06,0,-9,-4,1076.271240234375
0,-1.0,2.8977007460184723e-08,0,-9,-3,1076.271240234375
1,-0.9512195121951219,6.397594347617996e-07,0,-9,-3,1076.271240234375
2,-0.9024390243902439,6.7586802288133185e-06,0,-9,-3,1076.271240234375
3,-0.8536585365853658,3.871158696711063e-06,0,-9,-3,1076.271240234375
4,-0.8048780487804879,2.26570809900295e-05,0,-9,-3,1076.271240234375
5,-0.7560975609756098,5.115623480378417e-07,0,-9,-3,1076.271240234375
6,-0.7073170731707317,7.668772354918474e-07,0,-9,-3,1076.271240234375
7,-0.6585365853658536,9.176004596156417e-07,0,-9,-3,1076.271240234375
8,-0.6097560975609756,5.733179932576604e-05,0,-9,-3,1076.271240234375
9,-0.5609756097560976,3.8913881894586666e-07,0,-9,-3,1076.271240234375
10,-0.5121951219512195,6.112130904512014e-06,0,-9,-3,1076.271240234375
11,-0.46341463414634143,5.282421170704765e-06,0,-9,-3,1076.271240234375
12,-0.41463414634146334,2.887058826672728e-06,0,-9,-3,1076.271240234375
13,-0.36585365853658536,1.8267137136263045e-07,0,-9,-3,1076.271240234375
14,-0.31707317073170727,4.1412189233369645e-08,0,-9,-3,1076.271240234375
15,-0.2682926829268293,1.6287880555410084e-07,0,-9,-3,1076.271240234375
16,-0.2195121951219512,3.782029622811933e-08,0,-9,-3,1076.271240234375
17,-0.1707317073170731,1.404688703132706e-07,0,-9,-3,1076.271240234375
18,-0.12195121951219512,0.0,0,-9,-3,1076.271240234375
19,-0.07317073170731703,0.0,0,-9,-3,1076.271240234375
20,-0.024390243902439046,0.0,0,-9,-3,1076.271240234375
21,0.024390243902439046,0.0,0,-9,-3,1076.271240234375
22,0.07317073170731714,0.0,0,-9,-3,1076.271240234375
23,0.12195121951219523,0.0,0,-9,-3,1076.271240234375
24,0.17073170731707332,0.0,0,-9,-3,1076.271240234375
25,0.2195121951219512,0.0,0,-9,-3,1076.271240234375
26,0.2682926829268293,0.0,0,-9,-3,1076.271240234375
27,0.3170731707317074,0.0,0,-9,-3,1076.271240234375
28,0.36585365853658547,0.0,0,-9,-3,1076.271240234375
29,0.41463414634146356,0.0,0,-9,-3,1076.271240234375
30,0.46341463414634143,0.0,0,-9,-3,1076.271240234375
31,0.5121951219512195,0.0,0,-9,-3,1076.271240234375
32,0.5609756097560976,0.0,0,-9,-3,1076.271240234375
33,0.6097560975609757,0.0,0,-9,-3,1076.271240234375
34,0.6585365853658538,0.0,0,-9,-3,1076.271240234375
35,0.7073170731707317,0.0,0,-9,-3,1076.271240234375
36,0.7560975609756098,0.0,0,-9,-3,1076.271240234375
37,0.8048780487804879,0.0,0,-9,-3,1076.271240234375
38,0.853658536585366,0.0,0,-9,-3,1076.271240234375
39,0.902439024390244,0.0,0,-9,-3,1076.271240234375
40,0.9512195121951219,0.0,0,-9,-3,1076.271240234375
41,1.0,0.0,0,-9,-3,1076.271240234375
0,-1.0,0.0,0,-8,-3,1076.271240234375
1,-0.9512195121951219,0.0,0,-8,-3,1076.271240234375
2,-0.9024390243902439,0.0,0,-8,-3,1076.271240234375
3,-0.8536585365853658,0.0,0,-8,-3,1076.271240234375
4,-0.8048780487804879,0.0,0,-8,-3,1076.271240234375
5,-0.7560975609756098,0.0,0,-8,-3,1076.271240234375
6,-0.7073170731707317,0.0,0,-8,-3,1076.271240234375
7,-0.6585365853658536,0.0,0,-8,-3,1076.271240234375
8,-0.6097560975609756,0.0,0,-8,-3,1076.271240234375
9,-0.5609756097560976,2.341277216544313e-08,0,-8,-3,1076.271240234375
10,-0.5121951219512195,5.902423367842857e-07,0,-8,-3,1076.271240234375
11,-0.46341463414634143,5.155636699782917e-07,0,-8,-3,1076.271240234375
12,-0.41463414634146334,1.0258171414534445e-06,0,-8,-3,1076.271240234375
13,-0.36585365853658536,7.109682087502733e-08,0,-8,-3,1076.271240234375
14,-0.31707317073170727,1.0894157185248332e-06,0,-8,-3,1076.271240234375
15,-0.2682926829268293,4.345762135926634e-06,0,-8,-3,1076.271240234375
16,-0.2195121951219512,1.84703640115913e-05,0,-8,-3,1076.271240234375
17,-0.1707317073170731,2.9608984277729178e-06,0,-8,-3,1076.271240234375
18,-0.12195121951219512,5.597765721176984e-06,0,-8,-3,1076.271240234375
19,-0.07317073170731703,3.2398834264313336e-06,0,-8,-3,1076.271240234375
20,-0.024390243902439046,0.00012977838923688978,0,-8,-3,1076.271240234375
21,0.024390243902439046,9.297849828726612e-06,0,-8,-3,1076.271240234375
22,0.07317073170731714,1.2386723255985999e-06,0,-8,-3,1076.271240234375
23,0.12195121951219523,5.49272158423264e-07,0,-8,-3,1076.271240234375
24,0.17073170731707332,2.302734174008947e-06,0,-8,-3,1076.271240234375
25,0.2195121951219512,5.767153155034066e-08,0,-8,-3,1076.271240234375
26,0.2682926829268293,1.0246549209114164e-06,0,-8,-3,1076.271240234375
27,0.3170731707317074,7.071969776006881e-06,0,-8,-3,1076.271240234375
28,0.36585365853658547,1.1267138688708656e-06,0,-8,-3,1076.271240234375
29,0.41463414634146356,3.0368669285962824e-06,0,-8,-3,1076.271240234375
30,0.46341463414634143,1.0684600511012832e-06,0,-8,-3,1076.271240234375
31,0.5121951219512195,3.8466683349724917e-07,0,-8,-3,1076.271240234375
32,0.5609756097560976,2.29856453870525e-08,0,-8,-3,1076.271240234375
33,0.6097560975609757,0.0,0,-8,-3,1076.271240234375
34,0.6585365853658538,0.0,0,-8,-3,1076.271240234375
35,0.7073170731707317,0.0,0,-8,-3,1076.271240234375
36,0.7560975609756098,0.0,0,-8,-3,1076.271240234375
37,0.8048780487804879,0.0,0,-8,-3,1076.271240234375
38,0.853658536585366,0.0,0,-8,-3,1076.271240234375
39,0.902439024390244,0.0,0,-8,-3,1076.271240234375
40,0.9512195121951219,0.0,0,-8,-3,1076.271240234375
41,1.0,0.0,0,-8,-3,1076.271240234375
0,-1.0,0.0,0,-7,-3,1076.271240234375
1,-0.9512195121951219,0.0,0,-7,-3,1076.271240234375
2,-0.9024390243902439,0.0,0,-7,-3,1076.271240234375
3,-0.8536585365853658,0.0,0,-7,-3,1076.271240234375
4,-0.8048780487804879,0.0,0,-7,-3,1076.271240234375
5,-0.7560975609756098,0.0,0,-7,-3,1076.271240234375
6,-0.7073170731707317,0.0,0,-7,-3,1076.271240234375
7,-0.6585365853658536,0.0,0,-7,-3,1076.271240234375
8,-0.6097560975609756,0.0,0,-7,-3,1076.271240234375
9,-0.5609756097560976,0.0,0,-7,-3,1076.271240234375
10,-0.5121951219512195,0.0,0,-7,-3,1076.271240234375
11,-0.46341463414634143,0.0,0,-7,-3,1076.271240234375
12,-0.41463414634146334,0.0,0,-7,-3,1076.271240234375
13,-0.36585365853658536,0.0,0,-7,-3,1076.271240234375
14,-0.31707317073170727,0.0,0,-7,-3,1076.271240234375
15,-0.2682926829268293,0.0,0,-7,-3,1076.271240234375
16,-0.2195121951219512,0.0,0,-7,-3,1076.271240234375
17,-0.1707317073170731,0.0,0,-7,-3,1076.271240234375
18,-0.12195121951219512,0.0,0,-7,-3,1076.271240234375
19,-0.07317073170731703,0.0,0,-7,-3,1076.271240234375
20,-0.024390243902439046,0.0,0,-7,-3,1076.271240234375
21,0.024390243902439046,0.0,0,-7,-3,1076.271240234375
22,0.07317073170731714,0.0,0,-7,-3,1076.271240234375
23,0.12195121951219523,0.0,0,-7,-3,1076.271240234375
24,0.17073170731707332,1.608265620234306e-06,0,-7,-3,1076.271240234375
25,0.2195121951219512,2.662474116732483e-06,0,-7,-3,1076.271240234375
26,0.2682926829268293,4.885106591245858e-06,0,-7,-3,1076.271240234375
27,0.3170731707317074,9.1039976268803e-07,0,-7,-3,1076.271240234375
28,0.36585365853658547,1.4885700693412218e-05,0,-7,-3,1076.271240234375
29,0.41463414634146356,9.605768354958855e-06,0,-7,-3,1076.271240234375
30,0.46341463414634143,4.099792363376764e-07,0,-7,-3,1076.271240234375
31,0.5121951219512195,4.013041234429693e-06,0,-7,-3,1076.271240234375
32,0.5609756097560976,3.758219008886954e-06,0,-7,-3,1076.271240234375
33,0.6097560975609757,2.5576230200385908e-06,0,-7,-3,1076.271240234375
34,0.6585365853658538,7.948742677399423e-06,0,-7,-3,1076.271240234375
35,0.7073170731707317,1.0364354238845408e-05,0,-7,-3,1076.271240234375
36,0.7560975609756098,3.7005813737778226e-06,0,-7,-3,1076.271240234375
37,0.8048780487804879,0.0023114143405109644,0,-7,-3,1076.271240234375
38,0.853658536585366,0.00037078032619319856,0,-7,-3,1076.271240234375
39,0.902439024390244,1.9450659237918444e-05,0,-7,-3,1076.271240234375
40,0.9512195121951219,3.7287845771061257e-05,0,-7,-3,1076.271240234375
41,1.0,1.1551544048415963e-05,0,-7,-3,1076.271240234375
0,-1.0,0.0005006685969419777,0,-7,-2,1076.271240234375
1,-0.9512195121951219,0.00035052798921242356,0,-7,-2,1076.271240234375
2,-0.9024390243902439,0.002063993364572525,0,-7,-2,1076.271240234375
3,-0.8536585365853658,0.0042078751139342785,0,-7,-2,1076.271240234375
4,-0.8048780487804879,0.0011069715255871415,0,-7,-2,1076.271240234375
5,-0.7560975609756098,2.4578688680776395e-05,0,-7,-2,1076.271240234375
6,-0.7073170731707317,4.735804850497516e-06,0,-7,-2,1076.271240234375
7,-0.6585365853658536,8.041661203606054e-06,0,-7,-2,1076.271240234375
8,-0.6097560975609756,7.38405049105495e-07,0,-7,-2,1076.271240234375
9,-0.5609756097560976,1.7911697014483252e-08,0,-7,-2,1076.271240234375
10,-0.5121951219512195,2.4437770207441645e-06,0,-7,-2,1076.271240234375
11,-0.46341463414634143,8.577432595302525e-07,0,-7,-2,1076.271240234375
12,-0.41463414634146334,1.7654531347943703e-07,0,-7,-2,1076.271240234375
13,-0.36585365853658536,2.404910333098087e-07,0,-7,-2,1076.271240234375
14,-0.31707317073170727,1.4436417394847467e-08,0,-7,-2,1076.271240234375
15,-0.2682926829268293,9.225618669006508e-08,0,-7,-2,1076.271240234375
16,-0.2195121951219512,0.0,0,-7,-2,1076.271240234375
17,-0.1707317073170731,0.0,0,-7,-2,1076.271240234375
18,-0.12195121951219512,0.0,0,-7,-2,1076.271240234375
19,-0.07317073170731703,0.0,0,-7,-2,1076.271240234375
20,-0.024390243902439046,0.0,0,-7,-2,1076.271240234375
21,0.024390243902439046,0.0,0,-7,-2,1076.271240234375
22,0.07317073170731714,0.0,0,-7,-2,1076.271240234375
23,0.12195121951219523,0.0,0,-7,-2,1076.271240234375
24,0.17073170731707332,0.0,0,-7,-2,1076.271240234375
25,0.2195121951219512,0.0,0,-7,-2,1076.271240234375
26,0.2682926829268293,0.0,0,-7,-2,1076.271240234375
27,0.3170731707317074,0.0,0,-7,-2,1076.271240234375
28,0.36585365853658547,0.0,0,-7,-2,1076.271240234375
29,0.41463414634146356,0.0,0,-7,-2,1076.271240234375
30,0.46341463414634143,0.0,0,-7,-2,1076.271240234375
31,0.5121951219512195,0.0,0,-7,-2,1076.271240234375
32,0.5609756097560976,0.0,0,-7,-2,1076.271240234375
33,0.6097560975609757,0.0,0,-7,-2,1076.271240234375
34,0.6585365853658538,0.0,0,-7,-2,1076.271240234375
35,0.7073170731707317,0.0,0,-7,-2,1076.271240234375
36,0.7560975609756098,0.0,0,-7,-2,1076.271240234375
37,0.8048780487804879,0.0,0,-7,-2,1076.271240234375
38,0.853658536585366,0.0,0,-7,-2,1076.271240234375
39,0.902439024390244,0.0,0,-7,-2,1076.271240234375
40,0.9512195121951219,0.0,0,-7,-2,1076.271240234375
41,1.0,0.0,0,-7,-2,1076.271240234375
0,-1.0,0.0,0,-6,-2,1076.271240234375
1,-0.9512195121951219,4.4742741920345e-06,0,-6,-2,1076.271240234375
2,-0.9024390243902439,5.058847818872891e-06,0,-6,-2,1076.271240234375
3,-0.8536585365853658,3.9646645745960996e-05,0,-6,-2,1076.271240234375
4,-0.8048780487804879,7.78297835495323e-05,0,-6,-2,1076.271240234375
5,-0.7560975609756098,8.787139336163818e-07,0,-6,-2,1076.271240234375
6,-0.7073170731707317,0.00018755426572170109,0,-6,-2,1076.271240234375
7,-0.6585365853658536,0.00010027625103248283,0,-6,-2,1076.271240234375
8,-0.6097560975609756,8.445041021332145e-05,0,-6,-2,1076.271240234375
9,-0.5609756097560976,1.3179920642869547e-05,0,-6,-2,1076.271240234375
10,-0.5121951219512195,2.3095776668924373e-06,0,-6,-2,1076.271240234375
11,-0.46341463414634143,4.560087347726949e-07,0,-6,-2,1076.271240234375
12,-0.41463414634146334,2.871247306757141e-05,0,-6,-2,1076.271240234375
13,-0.36585365853658536,5.095386768516619e-06,0,-6,-2,1076.271240234375
14,-0.31707317073170727,2.9759410608676262e-05,0,-6,-2,1076.271240234375
15,-0.2682926829268293,1.4213669601303991e-05,0,-6,-2,1076.271240234375
16,-0.2195121951219512,8.066340524237603e-05,0,-6,-2,1076.271240234375
17,-0.1707317073170731,0.0014767153188586235,0,-6,-2,1076.271240234375
18,-0.12195121951219512,1.2622270332940388e-05,0,-6,-2,1076.271240234375
19,-0.07317073170731703,4.129136505071074e-05,0,-6,-2,1076.271240234375
20,-0.024390243902439046,3.6875810565106804e-06,0,-6,-2,1076.271240234375
21,0.024390243902439046,9.737505024531856e-06,0,-6,-2,1076.271240234375
22,0.07317073170731714,2.892173824875499e-06,0,-6,-2,1076.271240234375
23,0.12195121951219523,2.2815660486230627e-05,0,-6,-2,1076.271240234375
24,0.17073170731707332,2.3139462427934632e-05,0,-6,-2,1076.271240234375
25,0.2195121951219512,3.495973146527831e-07,0,-6,-2,1076.271240234375
26,0.2682926829268293,8.394284668611363e-05,0,-6,-2,1076.271240234375
27,0.3170731707317074,4.742465171148069e-05,0,-6,-2,1076.271240234375
28,0.36585365853658547,0.0002543659065850079,0,-6,-2,1076.271240234375
29,0.41463414634146356,1.5718394934083335e-05,0,-6,-2,1076.271240234375
30,0.46341463414634143,9.984724783862475e-06,0,-6,-2,1076.271240234375
31,0.5121951219512195,3.6679239201475866e-06,0,-6,-2,1076.271240234375
32,0.5609756097560976,2.4460789518343518e-06,0,-6,-2,1076.271240234375
33,0.6097560975609757,8.145191713992972e-06,0,-6,-2,1076.271240234375
34,0.6585365853658538,0.0,0,-6,-2,1076.271240234375
35,0.7073170731707317,0.0,0,-6,-2,1076.271240234375
36,0.7560975609756098,0.0,0,-6,-2,1076.271240234375
37,0.8048780487804879,0.0,0,-6,-2,1076.271240234375
38,0.853658536585366,0.0,0,-6,-2,1076.271240234375
39,0.902439024390244,0.0,0,-6,-2,1076.271240234375
40,0.9512195121951219,0.0,0,-6,-2,1076.271240234375
41,1.0,0.0,0,-6,-2,1076.271240234375
0,-1.0,0.0,0,-5,-2,1076.271240234375
1,-0.9512195121951219,0.0,0,-5,-2,1076.271240234375
2,-0.9024390243902439,0.0,0,-5,-2,1076.271240234375
3,-0.8536585365853658,0.0,0,-5,-2,1076.271240234375
4,-0.8048780487804879,0.0,0,-5,-2,1076.271240234375
5,-0.7560975609756098,0.0,0,-5,-2,1076.271240234375
6,-0.7073170731707317,0.0,0,-5,-2,1076.271240234375
7,-0.6585365853658536,0.0,0,-5,-2,1076.271240234375
8,-0.6097560975609756,0.0,0,-5,-2,1076.271240234375
9,-0.5609756097560976,0.0,0,-5,-2,1076.271240234375
10,-0.5121951219512195,0.0,0,-5,-2,1076.271240234375
11,-0.46341463414634143,0.0,0,-5,-2,1076.271240234375
12,-0.41463414634146334,0.0,0,-5,-2,1076.271240234375
13,-0.36585365853658536,0.0,0,-5,-2,1076.271240234375
14,-0.31707317073170727,0.0,0,-5,-2,1076.271240234375
15,-0.2682926829268293,0.0,0,-5,-2,1076.271240234375
16,-0.2195121951219512,0.0,0,-5,-2,1076.271240234375
17,-0.1707317073170731,0.0,0,-5,-2,1076.271240234375
18,-0.12195121951219512,3.3691055705276085e-06,0,-5,-2,1076.271240234375
19,-0.07317073170731703,4.212356543575879e-06,0,-5,-2,1076.271240234375
20,-0.024390243902439046,1.4220262301023467e-06,0,-5,-2,1076.271240234375
21,0.024390243902439046,9.866848813544493e-07,0,-5,-2,1076.271240234375
22,0.07317073170731714,7.450609729175994e-08,0,-5,-2,1076.271240234375
23,0.12195121951219523,6.2126991906552576e-06,0,-5,-2,1076.271240234375
24,0.17073170731707332,3.1145268053478503e-07,0,-5,-2,1076.271240234375
25,0.2195121951219512,6.853449121990707e-06,0,-5,-2,1076.271240234375
26,0.2682926829268293,3.6445201203605393e-06,0,-5,-2,1076.271240234375
27,0.3170731707317074,1.0875924999709241e-05,0,-5,-2,1076.271240234375
28,0.36585365853658547,7.411800470435992e-05,0,-5,-2,1076.271240234375
29,0.41463414634146356,1.3954761925560888e-05,0,-5,-2,1076.271240234375
30,0.46341463414634143,3.6053344956599176e-05,0,-5,-2,1076.271240234375
31,0.5121951219512195,2.9366616217885166e-05,0,-5,-2,1076.271240234375
32,0.5609756097560976,9.271885937778279e-05,0,-5,-2,1076.271240234375
33,0.6097560975609757,4.587403600453399e-05,0,-5,-2,1076.271240234375
34,0.6585365853658538,3.0302608138299547e-05,0,-5,-2,1076.271240234375
35,0.7073170731707317,0.00024176761507987976,0,-5,-2,1076.271240234375
36,0.7560975609756098,0.00047697691479697824,0,-5,-2,1076.271240234375
37,0.8048780487804879,0.00375705910846591,0,-5,-2,1076.271240234375
38,0.853658536585366,0.010167314670979977,0,-5,-2,1076.271240234375
39,0.902439024390244,0.0011689241509884596,0,-5,-2,1076.271240234375
40,0.9512195121951219,0.0004742819583043456,0,-5,-2,1076.271240234375
41,1.0,0.00015638249169569463,0,-5,-2,1076.271240234375
0,-1.0,0.00015183024515863508,0,-4,-1,1076.271240234375
1,-0.9512195121951219,0.001186646637506783,0,-4,-1,1076.271240234375
2,-0.9024390243902439,0.025008082389831543,0,-4,-1,1076.271240234375
3,-0.8536585365853658,0.39039525389671326,0,-4,-1,1076.271240234375
4,-0.8048780487804879,0.06571245193481445,0,-4,-1,1076.271240234375
5,-0.7560975609756098,0.0032260834705084562,0,-4,-1,1076.271240234375
6,-0.7073170731707317,0.000899249454960227,0,-4,-1,1076.271240234375
7,-0.6585365853658536,0.0005833042087033391,0,-4,-1,1076.271240234375
8,-0.6097560975609756,6.818606198066846e-05,0,-4,-1,1076.271240234375
9,-0.5609756097560976,5.137462358106859e-05,0,-4,-1,1076.271240234375
10,-0.5121951219512195,7.211883348645642e-05,0,-4,-1,1076.271240234375
11,-0.46341463414634143,1.3605738786282018e-05,0,-4,-1,1076.271240234375
12,-0.41463414634146334,8.199302101274952e-05,0,-4,-1,1076.271240234375
13,-0.36585365853658536,0.000159962844918482,0,-4,-1,1076.271240234375
14,-0.31707317073170727,7.720509165665135e-05,0,-4,-1,1076.271240234375
15,-0.2682926829268293,9.865685569820926e-05,0,-4,-1,1076.271240234375
16,-0.2195121951219512,0.00014493595517706126,0,-4,-1,1076.271240234375
17,-0.1707317073170731,2.2235684809857048e-05,0,-4,-1,1076.271240234375
18,-0.12195121951219512,7.94018978922395e-06,0,-4,-1,1076.271240234375
19,-0.07317073170731703,5.0219947297591716e-05,0,-4,-1,1076.271240234375
20,-0.024390243902439046,1.4820513570157345e-05,0,-4,-1,1076.271240234375
21,0.024390243902439046,0.0002996023395098746,0,-4,-1,1076.271240234375
22,0.07317073170731714,4.743340105051175e-05,0,-4,-1,1076.271240234375
23,0.12195121951219523,8.947548849391751e-06,0,-4,-1,1076.271240234375
24,0.17073170731707332,1.2129116839787457e-05,0,-4,-1,1076.271240234375
25,0.2195121951219512,1.7260408640140668e-05,0,-4,-1,1076.271240234375
26,0.2682926829268293,1.475015210417041e-06,0,-4,-1,1076.271240234375
27,0.3170731707317074,2.8601314625120722e-05,0,-4,-1,1076.271240234375
28,0.36585365853658547,0.0,0,-4,-1,1076.271240234375
29,0.41463414634146356,0.0,0,-4,-1,1076.271240234375
30,0.46341463414634143,0.0,0,-4,-1,1076.271240234375
31,0.5121951219512195,0.0,0,-4,-1,1076.271240234375
32,0.5609756097560976,0.0,0,-4,-1,1076.271240234375
33,0.6097560975609757,0.0,0,-4,-1,1076.271240234375
34,0.6585365853658538,0.0,0,-4,-1,1076.271240234375
35,0.7073170731707317,0.0,0,-4,-1,1076.271240234375
36,0.7560975609756098,0.0,0,-4,-1,1076.271240234375
37,0.8048780487804879,0.0,0,-4,-1,1076.271240234375
38,0.853658536585366,0.0,0,-4,-1,1076.271240234375
39,0.902439024390244,0.0,0,-4,-1,1076.271240234375
40,0.9512195121951219,0.0,0,-4,-1,1076.271240234375
41,1.0,0.0,0,-4,-1,1076.271240234375
0,-1.0,0.00026306023937650025,0,-3,-1,1076.271240234375
1,-0.9512195121951219,0.0006625199457630515,0,-3,-1,1076.271240234375
2,-0.9024390243902439,0.00017166734323836863,0,-3,-1,1076.271240234375
3,-0.8536585365853658,3.394572195247747e-05,0,-3,-1,1076.271240234375
4,-0.8048780487804879,0.0010137032950296998,0,-3,-1,1076.271240234375
5,-0.7560975609756098,0.0001377099397359416,0,-3,-1,1076.271240234375
6,-0.7073170731707317,0.0001819940225686878,0,-3,-1,1076.271240234375
7,-0.6585365853658536,8.202844765037298e-05,0,-3,-1,1076.271240234375
8,-0.6097560975609756,0.00042131220106966794,0,-3,-1,1076.271240234375
9,-0.5609756097560976,0.0015961654717102647,0,-3,-1,1076.271240234375
10,-0.5121951219512195,0.00029568368336185813,0,-3,-1,1076.271240234375
11,-0.46341463414634143,0.00015990588872227818,0,-3,-1,1076.271240234375
12,-0.41463414634146334,0.00220826780423522,0,-3,-1,1076.271240234375
13,-0.36585365853658536,0.000702710181940347,0,-3,-1,1076.271240234375
14,-0.31707317073170727,0.00044652906944975257,0,-3,-1,1076.271240234375
15,-0.2682926829268293,0.0034397917333990335,0,-3,-1,1076.271240234375
16,-0.2195121951219512,0.0012420439161360264,0,-3,-1,1076.271240234375
17,-0.1707317073170731,0.0011727791279554367,0,-3,-1,1076.271240234375
18,-0.12195121951219512,0.005237599369138479,0,-3,-1,1076.271240234375
19,-0.07317073170731703,0.0009589071269147098,0,-3,-1,1076.271240234375
20,-0.024390243902439046,0.003579180222004652,0,-3,-1,1076.271240234375
21,0.024390243902439046,0.011954441666603088,0,-3,-1,1076.271240234375
22,0.07317073170731714,0.0003934174310415983,0,-3,-1,1076.271240234375
23,0.12195121951219523,0.021103838458657265,0,-3,-1,1076.271240234375
24,0.17073170731707332,0.007761935703456402,0,-3,-1,1076.271240234375
25,0.2195121951219512,0.005137870088219643,0,-3,-1,1076.271240234375
26,0.2682926829268293,0.09270822256803513,0,-3,-1,1076.271240234375
27,0.3170731707317074,0.15665018558502197,0,-3,-1,1076.271240234375
28,0.36585365853658547,0.9545486569404602,0,-3,-1,1076.271240234375
29,0.41463414634146356,0.07288092374801636,0,-3,-1,1076.271240234375
30,0.46341463414634143,0.08398615568876266,0,-3,-1,1076.271240234375
31,0.5121951219512195,0.0009474458056502044,0,-3,-1,1076.271240234375
32,0.5609756097560976,0.017809152603149414,0,-3,-1,1076.271240234375
33,0.6097560975609757,0.016257351264357567,0,-3,-1,1076.271240234375
34,0.6585365853658538,1.6072903008534922e-06,0,-3,-1,1076.271240234375
35,0.7073170731707317,0.007665154989808798,0,-3,-1,1076.271240234375
36,0.7560975609756098,0.0024042590521275997,0,-3,-1,1076.271240234375
37,0.8048780487804879,0.002212103921920061,0,-3,-1,1076.271240234375
38,0.853658536585366,0.002876751823350787,0,-3,-1,1076.271240234375
39,0.902439024390244,0.0009207295370288193,0,-3,-1,1076.271240234375
40,0.9512195121951219,0.000427275343099609,0,-3,-1,1076.271240234375
41,1.0,0.0011874112533405423,0,-3,-1,1076.271240234375
0,-1.0,0.0,0,4,1,1076.271240234375
1,-0.9512195121951219,0.0,0,4,1,1076.271240234375
2,-0.9024390243902439,0.0,0,4,1,1076.271240234375
3,-0.8536585365853658,0.0,0,4,1,1076.271240234375
4,-0.8048780487804879,0.0,0,4,1,1076.271240234375
5,-0.7560975609756098,0.0,0,4,1,1076.271240234375
6,-0.7073170731707317,0.0,0,4,1,1076.271240234375
7,-0.6585365853658536,7.80929781285522e-07,0,4,1,1076.271240234375
8,-0.6097560975609756,3.701709943015885e-07,0,4,1,1076.271240234375
9,-0.5609756097560976,2.2290491870080587e-06,0,4,1,1076.271240234375
10,-0.5121951219512195,5.003912519896403e-07,0,4,1,1076.271240234375
11,-0.46341463414634143,1.5460977010661736e-05,0,4,1,1076.271240234375
12,-0.41463414634146334,1.1598029232118279e-05,0,4,1,1076.271240234375
13,-0.36585365853658536,5.8604250625649e-06,0,4,1,1076.271240234375
14,-0.31707317073170727,1.3382530596572906e-05,0,4,1,1076.271240234375
15,-0.2682926829268293,1.5259468000294873e-06,0,4,1,1076.271240234375
16,-0.2195121951219512,1.6647874190311995e-06,0,4,1,1076.271240234375
17,-0.1707317073170731,4.0681541577214375e-05,0,4,1,1076.271240234375
18,-0.12195121951219512,0.00013160528033040464,0,4,1,1076.271240234375
19,-0.07317073170731703,6.723268597852439e-05,0,4,1,1076.271240234375
20,-0.024390243902439046,0.00023801563656888902,0,4,1,1076.271240234375
21,0.024390243902439046,7.034464942989871e-05,0,4,1,1076.271240234375
22,0.07317073170731714,3.9604401536053047e-05,0,4,1,1076.271240234375
23,0.12195121951219523,3.784162618103437e-05,0,4,1,1076.271240234375
24,0.17073170731707332,7.433175051119179e-05,0,4,1,1076.271240234375
25,0.2195121951219512,6.80595303492737e-06,0,4,1,1076.271240234375
26,0.2682926829268293,0.0007297535776160657,0,4,1,1076.271240234375
27,0.3170731707317074,0.0006215532775968313,0,4,1,1076.271240234375
28,0.36585365853658547,0.0019675937946885824,0,4,1,1076.271240234375
29,0.41463414634146356,0.0009310241439379752,0,4,1,1076.271240234375
30,0.46341463414634143,0.0036443157587200403,0,4,1,1076.271240234375
31,0.5121951219512195,0.05855554714798927,0,4,1,1076.271240234375
32,0.5609756097560976,0.006676799617707729,0,4,1,1076.271240234375
33,0.6097560975609757,0.003513679839670658,0,4,1,1076.271240234375
34,0.6585365853658538,0.001936291460879147,0,4,1,1076.271240234375
35,0.7073170731707317,0.002388046123087406,0,4,1,1076.271240234375
36,0.7560975609756098,9.761599358171225e-05,0,4,1,1076.271240234375
37,0.8048780487804879,0.0006312545156106353,0,4,1,1076.271240234375
38,0.853658536585366,0.00011485702270874754,0,4,1,1076.271240234375
39,0.902439024390244,0.00014718034071847796,0,4,1,1076.271240234375
40,0.9512195121951219,0.00025130045833066106,0,4,1,1076.271240234375
41,1.0,0.00010489784472156316,0,4,1,1076.271240234375
0,-1.0,0.0,0,5,1,1076.271240234375
1,-0.9512195121951219,0.0,0,5,1,1076.271240234375
2,-0.9024390243902439,1.7587062757229432e-06,0,5,1,1076.271240234375
3,-0.8536585365853658,4.883360134044779e-07,0,5,1,1076.271240234375
4,-0.8048780487804879,5.22684103998472e-06,0,5,1,1076.271240234375
5,-0.7560975609756098,1.9168321614415618e-06,0,5,1,1076.271240234375
6,-0.7073170731707317,5.306845650920877e-06,0,5,1,1076.271240234375
7,-0.6585365853658536,1.3582657629740424e-06,0,5,1,1076.271240234375
8,-0.6097560975609756,2.532801090637804e-06,0,5,1,1076.271240234375
9,-0.5609756097560976,4.7707849262224045e-06,0,5,1,1076.271240234375
10,-0.5121951219512195,8.082150998234283e-06,0,5,1,1076.271240234375
11,-0.46341463414634143,7.429857760143932e-06,0,5,1,1076.271240234375
12,-0.41463414634146334,8.648970833746716e-06,0,5,1,1076.271240234375
13,-0.36585365853658536,1.9942432118114084e-05,0,5,1,1076.271240234375
14,-0.31707317073170727,1.3965498510515317e-05,0,5,1,1076.271240234375
15,-0.2682926829268293,1.1615991752478294e-05,0,5,1,1076.271240234375
16,-0.2195121951219512,2.9951439501019195e-05,0,5,1,1076.271240234375
17,-0.1707317073170731,3.691083475132473e-05,0,5,1,1076.271240234375
18,-0.12195121951219512,3.216748882550746e-05,0,5,1,1076.271240234375
19,-0.07317073170731703,0.00010431063128635287,0,5,1,1076.271240234375
20,-0.024390243902439046,0.00010037858010036871,0,5,1,1076.271240234375
21,0.024390243902439046,0.0029428722336888313,0,5,1,1076.271240234375
22,0.07317073170731714,0.0001164554269053042,0,5,1,1076.271240234375
23,0.12195121951219523,6.759641109965742e-05,0,5,1,1076.271240234375
24,0.17073170731707332,4.6365523303393275e-05,0,5,1,1076.271240234375
25,0.2195121951219512,4.6945704525569454e-05,0,5,1,1076.271240234375
26,0.2682926829268293,2.2536263713845983e-05,0,5,1,1076.271240234375
27,0.3170731707317074,3.673629180411808e-06,0,5,1,1076.271240234375
28,0.36585365853658547,1.536307934202341e-07,0,5,1,1076.271240234375
29,0.41463414634146356,2.3353215965471463e-06,0,5,1,1076.271240234375
30,0.46341463414634143,1.6601417200945434e-06,0,5,1,1076.271240234375
31,0.5121951219512195,5.21677102369722e-05,0,5,1,1076.271240234375
32,0.5609756097560976,4.768628969031852e-06,0,5,1,1076.271240234375
33,0.6097560975609757,7.229492439364549e-06,0,5,1,1076.271240234375
34,0.6585365853658538,1.0084901077789254e-05,0,5,1,1076.271240234375
35,0.7073170731707317,6.36957793176407e-07,0,5,1,1076.271240234375
36,0.7560975609756098,1.1465382158348802e-05,0,5,1,1076.271240234375
37,0.8048780487804879,1.409559445164632e-05,0,5,1,1076.271240234375
38,0.853658536585366,8.491131666232832e-06,0,5,1,1076.271240234375
39,0.902439024390244,8.928656825446524e-06,0,5,1,1076.271240234375
40,0.9512195121951219,1.0113834605363081e-06,0,5,1,1076.271240234375
41,1.0,1.991299996007001e-06,0,5,1,1076.271240234375
0,-1.0,1.1310382888041204e-06,0,6,1,1076.271240234375
1,-0.9512195121951219,5.234498530626297e-06,0,6,1,1076.271240234375
2,-0.9024390243902439,3.1669012514612405e-06,0,6,1,1076.271240234375
3,-0.8536585365853658,8.137164400068286e-07,0,6,1,1076.271240234375
4,-0.8048780487804879,1.1436475233495003e-06,0,6,1,1076.271240234375
5,-0.7560975609756098,2.868592127924785e-05,0,6,1,1076.271240234375
6,-0.7073170731707317,3.740174724953249e-05,0,6,1,1076.271240234375
7,-0.6585365853658536,8.71054726303555e-06,0,6,1,1076.271240234375
8,-0.6097560975609756,3.749885593151703e-07,0,6,1,1076.271240234375
9,-0.5609756097560976,2.9295366402948275e-05,0,6,1,1076.271240234375
10,-0.5121951219512195,6.567793207068462e-07,0,6,1,1076.271240234375
11,-0.46341463414634143,1.7491836842964403e-05,0,6,1,1076.271240234375
12,-0.41463414634146334,4.0384653402725235e-05,0,6,1,1076.271240234375
13,-0.36585365853658536,3.903173274011351e-05,0,6,1,1076.271240234375
14,-0.31707317073170727,3.9066751924110577e-05,0,6,1,1076.271240234375
15,-0.2682926829268293,2.5139868739643134e-05,0,6,1,1076.271240234375
16,-0.2195121951219512,0.005053037777543068,0,6,1,1076.271240234375
17,-0.1707317073170731,0.00029901418020017445,0,6,1,1076.271240234375
18,-0.12195121951219512,1.3951585060567595e-05,0,6,1,1076.271240234375
19,-0.07317073170731703,2.843394031515345e-05,0,6,1,1076.271240234375
20,-0.024390243902439046,2.4436596504529007e-05,0,6,1,1076.271240234375
21,0.024390243902439046,3.593245025967917e-07,0,6,1,1076.271240234375
22,0.07317073170731714,8.908077120395319e-07,0,6,1,1076.271240234375
23,0.12195121951219523,5.665123353537638e-06,0,6,1,1076.271240234375
24,0.17073170731707332,1.0487705367268063e-05,0,6,1,1076.271240234375
25,0.2195121951219512,6.174610120979196e-07,0,6,1,1076.271240234375
26,0.2682926829268293,3.498267915347242e-06,0,6,1,1076.271240234375
27,0.3170731707317074,2.8650231342908228e-06,0,6,1,1076.271240234375
28,0.36585365853658547,2.1203347841947107e-06,0,6,1,1076.271240234375
29,0.41463414634146356,1.7882998690765817e-06,0,6,1,1076.271240234375
30,0.46341463414634143,2.777091140160337e-06,0,6,1,1076.271240234375
31,0.5121951219512195,1.1053822163376026e-05,0,6,1,1076.271240234375
32,0.5609756097560976,1.0427901315779309e-06,0,6,1,1076.271240234375
33,0.6097560975609757,0.0,0,6,1,1076.271240234375
34,0.6585365853658538,0.0,0,6,1,1076.271240234375
35,0.7073170731707317,0.0,0,6,1,1076.271240234375
36,0.7560975609756098,0.0,0,6,1,1076.271240234375
37,0.8048780487804879,0.0,0,6,1,1076.271240234375
38,0.853658536585366,0.0,0,6,1,1076.271240234375
39,0.902439024390244,0.0,0,6,1,1076.271240234375
40,0.9512195121951219,0.0,0,6,1,1076.271240234375
41,1.0,0.0,0,6,1,1076.271240234375
0,-1.0,9.342667908640578e-06,0,7,1,1076.271240234375
1,-0.9512195121951219,3.4383315323793795e-06,0,7,1,1076.271240234375
2,-0.9024390243902439,7.692567123740446e-06,0,7,1,1076.271240234375
3,-0.8536585365853658,5.035266781305836e-07,0,7,1,1076.271240234375
4,-0.8048780487804879,2.5355242541991174e-05,0,7,1,1076.271240234375
5,-0.7560975609756098,2.666042018972803e-05,0,7,1,1076.271240234375
6,-0.7073170731707317,1.4928838027117308e-05,0,7,1,1076.271240234375
7,-0.6585365853658536,3.3160864404635504e-05,0,7,1,1076.271240234375
8,-0.6097560975609756,4.607156370184384e-05,0,7,1,1076.271240234375
9,-0.5609756097560976,9.910541848512366e-05,0,7,1,1076.271240234375
10,-0.5121951219512195,9.99269395833835e-05,0,7,1,1076.271240234375
11,-0.46341463414634143,0.00046481096069328487,0,7,1,1076.271240234375
12,-0.41463414634146334,0.001314398949034512,0,7,1,1076.271240234375
13,-0.36585365853658536,0.0399731770157814,0,7,1,1076.271240234375
14,-0.31707317073170727,0.0006020681466907263,0,7,1,1076.271240234375
15,-0.2682926829268293,0.0003178743936587125,0,7,1,1076.271240234375
16,-0.2195121951219512,0.00012350361794233322,0,7,1,1076.271240234375
17,-0.1707317073170731,8.517773676430807e-05,0,7,1,1076.271240234375
18,-0.12195121951219512,3.421125438762829e-05,0,7,1,1076.271240234375
19,-0.07317073170731703,5.644612974720076e-05,0,7,1,1076.271240234375
20,-0.024390243902439046,2.0512556147878058e-05,0,7,1,1076.271240234375
21,0.024390243902439046,2.3336233425652608e-05,0,7,1,1076.271240234375
22,0.07317073170731714,1.1163200724695344e-05,0,7,1,1076.271240234375
23,0.12195121951219523,1.9232047634432092e-05,0,7,1,1076.271240234375
24,0.17073170731707332,8.916754268284421e-06,0,7,1,1076.271240234375
25,0.2195121951219512,1.5650155546609312e-05,0,7,1,1076.271240234375
26,0.2682926829268293,3.2537218430661596e-06,0,7,1,1076.271240234375
27,0.3170731707317074,1.1976202586083673e-05,0,7,1,1076.271240234375
28,0.36585365853658547,0.0,0,7,1,1076.271240234375
29,0.41463414634146356,0.0,0,7,1,1076.271240234375
30,0.46341463414634143,0.0,0,7,1,1076.271240234375
31,0.5121951219512195,0.0,0,7,1,1076.271240234375
32,0.5609756097560976,0.0,0,7,1,1076.271240234375
33,0.6097560975609757,0.0,0,7,1,1076.271240234375
34,0.6585365853658538,0.0,0,7,1,1076.271240234375
35,0.7073170731707317,0.0,0,7,1,1076.271240234375
36,0.7560975609756098,0.0,0,7,1,1076.271240234375
37,0.8048780487804879,0.0,0,7,1,1076.271240234375
38,0.853658536585366,0.0,0,7,1,1076.271240234375
39,0.902439024390244,0.0,0,7,1,1076.271240234375
40,0.9512195121951219,0.0,0,7,1,1076.271240234375
41,1.0,0.0,0,7,1,1076.271240234375
0,-1.0,6.5319072746206075e-06,0,8,1,1076.271240234375
1,-0.9512195121951219,2.9411814921331825e-06,0,8,1,1076.271240234375
2,-0.9024390243902439,6.150397098281246e-07,0,8,1,1076.271240234375
3,-0.8536585365853658,3.5878369999409188e-06,0,8,1,1076.271240234375
4,-0.8048780487804879,6.454229605878936e-06,0,8,1,1076.271240234375
5,-0.7560975609756098,6.929924438736634e-06,0,8,1,1076.271240234375
6,-0.7073170731707317,2.950139560198295e-06,0,8,1,1076.271240234375
7,-0.6585365853658536,6.383524578268407e-06,0,8,1,1076.271240234375
8,-0.6097560975609756,1.0571817256277427e-05,0,8,1,1076.271240234375
9,-0.5609756097560976,4.40048597738496e-06,0,8,1,1076.271240234375
10,-0.5121951219512195,8.7428190454375e-05,0,8,1,1076.271240234375
11,-0.46341463414634143,0.0019806353375315666,0,8,1,1076.271240234375
12,-0.41463414634146334,0.00021548572112806141,0,8,1,1076.271240234375
13,-0.36585365853658536,0.0004679977719206363,0,8,1,1076.271240234375
14,-0.31707317073170727,8.483812962367665e-06,0,8,1,1076.271240234375
15,-0.2682926829268293,2.4038165520323673e-06,0,8,1,1076.271240234375
16,-0.2195121951219512,4.478893970372155e-06,0,8,1,1076.271240234375
17,-0.1707317073170731,2.21288564716815e-06,0,8,1,1076.271240234375
18,-0.12195121951219512,6.665645457815117e-08,0,8,1,1076.271240234375
19,-0.07317073170731703,1.1097814223148816e-07,0,8,1,1076.271240234375
20,-0.024390243902439046,4.714749593404122e-06,0,8,1,1076.271240234375
21,0.024390243902439046,7.03150107028705e-08,0,8,1,1076.271240234375
22,0.07317073170731714,1.6991293705359567e-07,0,8,1,1076.271240234375
23,0.12195121951219523,4.3131367988280545e-07,0,8,1,1076.271240234375
24,0.17073170731707332,2.1545439210512995e-07,0,8,1,1076.271240234375
25,0.2195121951219512,0.0,0,8,1,1076.271240234375
26,0.2682926829268293,0.0,0,8,1,1076.271240234375
27,0.3170731707317074,0.0,0,8,1,1076.271240234375
28,0.36585365853658547,0.0,0,8,1,1076.271240234375
29,0.41463414634146356,0.0,0,8,1,1076.271240234375
30,0.46341463414634143,0.0,0,8,1,1076.271240234375
31,0.5121951219512195,0.0,0,8,1,1076.271240234375
32,0.5609756097560976,0.0,0,8,1,1076.271240234375
33,0.6097560975609757,0.0,0,8,1,1076.271240234375
34,0.6585365853658538,0.0,0,8,1,1076.271240234375
35,0.7073170731707317,0.0,0,8,1,1076.271240234375
36,0.7560975609756098,0.0,0,8,1,1076.271240234375
37,0.8048780487804879,0.0,0,8,1,1076.271240234375
38,0.853658536585366,0.0,0,8,1,1076.271240234375
39,0.902439024390244,0.0,0,8,1,1076.271240234375
40,0.9512195121951219,0.0,0,8,1,1076.271240234375
41,1.0,0.0,0,8,1,1076.271240234375
0,-1.0,8.840349785543822e-09,0,9,1,1076.271240234375
1,-0.9512195121951219,2.1447062863444444e-06,0,9,1,1076.271240234375
2,-0.9024390243902439,4.4923737618773885e-07,0,9,1,1076.271240234375
3,-0.8536585365853658,6.592732120225264e-07,0,9,1,1076.271240234375
4,-0.8048780487804879,1.3395924725045916e-06,0,9,1,1076.271240234375
5,-0.7560975609756098,3.4240272270835703e-06,0,9,1,1076.271240234375
6,-0.7073170731707317,4.827991688216571e-06,0,9,1,1076.271240234375
7,-0.6585365853658536,5.467399660119554e-06,0,9,1,1076.271240234375
8,-0.6097560975609756,9.46931595535716e-06,0,9,1,1076.271240234375
9,-0.5609756097560976,1.2005767530354206e-05,0,9,1,1076.271240234375
10,-0.5121951219512195,3.136769009870477e-05,0,9,1,1076.271240234375
11,-0.46341463414634143,0.007605506107211113,0,9,1,1076.271240234375
12,-0.41463414634146334,3.758016100618988e-05,0,9,1,1076.271240234375
13,-0.36585365853658536,0.00011492939665913582,0,9,1,1076.271240234375
14,-0.31707317073170727,1.4331018974189647e-05,0,9,1,1076.271240234375
15,-0.2682926829268293,7.338297109527048e-06,0,9,1,1076.271240234375
16,-0.2195121951219512,4.490587798500201e-06,0,9,1,1076.271240234375
17,-0.1707317073170731,2.896400701501989e-06,0,9,1,1076.271240234375
18,-0.12195121951219512,1.4443496638705255e-06,0,9,1,1076.271240234375
19,-0.07317073170731703,2.6027950639218034e-07,0,9,1,1076.271240234375
20,-0.024390243902439046,7.29002465504891e-07,0,9,1,1076.271240234375
21,0.024390243902439046,1.1369198915645029e-07,0,9,1,1076.271240234375
22,0.07317073170731714,2.5234866640744258e-08,0,9,1,1076.271240234375
23,0.12195121951219523,0.0,0,9,1,1076.271240234375
24,0.17073170731707332,0.0,0,9,1,1076.271240234375
25,0.2195121951219512,0.0,0,9,1,1076.271240234375
26,0.2682926829268293,0.0,0,9,1,1076.271240234375
27,0.3170731707317074,0.0,0,9,1,1076.271240234375
28,0.36585365853658547,0.0,0,9,1,1076.271240234375
29,0.41463414634146356,0.0,0,9,1,1076.271240234375
30,0.46341463414634143,0.0,0,9,1,1076.271240234375
31,0.5121951219512195,0.0,0,9,1,1076.271240234375
32,0.5609756097560976,0.0,0,9,1,1076.271240234375
33,0.6097560975609757,0.0,0,9,1,1076.271240234375
34,0.6585365853658538,0.0,0,9,1,1076.271240234375
35,0.7073170731707317,0.0,0,9,1,1076.271240234375
36,0.7560975609756098,0.0,0,9,1,1076.271240234375
37,0.8048780487804879,0.0,0,9,1,1076.271240234375
38,0.853658536585366,0.0,0,9,1,1076.271240234375
39,0.902439024390244,0.0,0,9,1,1076.271240234375
40,0.9512195121951219,0.0,0,9,1,1076.271240234375
41,1.0,0.0,0,9,1,1076.271240234375
0,-1.0,0.0,1,-8,-7,1076.271240234375
1,-0.9512195121951219,0.0,1,-8,-7,1076.271240234375
2,-0.9024390243902439,0.0,1,-8,-7,1076.271240234375
3,-0.8536585365853658,0.0,1,-8,-7,1076.271240234375
4,-0.8048780487804879,0.0,1,-8,-7,1076.271240234375
5,-0.7560975609756098,0.0,1,-8,-7,1076.271240234375
6,-0.7073170731707317,0.0,1,-8,-7,1076.271240234375
7,-0.6585365853658536,0.0,1,-8,-7,1076.271240234375
8,-0.6097560975609756,0.0,1,-8,-7,1076.271240234375
9,-0.5609756097560976,0.0,1,-8,-7,1076.271240234375
10,-0.5121951219512195,0.0,1,-8,-7,1076.271240234375
11,-0.46341463414634143,0.0,1,-8,-7,1076.271240234375
12,-0.41463414634146334,0.0,1,-8,-7,1076.271240234375
13,-0.36585365853658536,0.0,1,-8,-7,1076.271240234375
14,-0.31707317073170727,0.0,1,-8,-7,1076.271240234375
15,-0.2682926829268293,0.0,1,-8,-7,1076.271240234375
16,-0.2195121951219512,9.340438111848925e-08,1,-8,-7,1076.271240234375
17,-0.1707317073170731,3.5735735082198516e-07,1,-8,-7,1076.271240234375
18,-0.12195121951219512,8.76691359508186e-08,1,-8,-7,1076.271240234375
19,-0.07317073170731703,1.515032721499665e-08,1,-8,-7,1076.271240234375
20,-0.024390243902439046,3.701957439261605e-06,1,-8,-7,1076.271240234375
21,0.024390243902439046,7.655022216113139e-08,1,-8,-7,1076.271240234375
22,0.07317073170731714,1.3082064924674341e-06,1,-8,-7,1076.271240234375
23,0.12195121951219523,4.291216555429855e-06,1,-8,-7,1076.271240234375
24,0.17073170731707332,7.78793150857382e-07,1,-8,-7,1076.271240234375
25,0.2195121951219512,9.94879701465834e-06,1,-8,-7,1076.271240234375
26,0.2682926829268293,2.0821735233766958e-05,1,-8,-7,1076.271240234375
27,0.3170731707317074,1.2431605682650115e-05,1,-8,-7,1076.271240234375
28,0.36585365853658547,0.004090470727533102,1,-8,-7,1076.271240234375
29,0.41463414634146356,0.0003574828733690083,1,-8,-7,1076.271240234375
30,0.46341463414634143,4.86211029055994e-05,1,-8,-7,1076.271240234375
31,0.5121951219512195,6.7077207859256305e-06,1,-8,-7,1076.271240234375
32,0.5609756097560976,3.2656845405654167e-07,1,-8,-7,1076.271240234375
33,0.6097560975609757,2.0546792711684247e-06,1,-8,-7,1076.271240234375
34,0.6585365853658538,2.055009531432006e-07,1,-8,-7,1076.271240234375
35,0.7073170731707317,1.04139053291874e-06,1,-8,-7,1076.271240234375
36,0.7560975609756098,8.215529874178173e-07,1,-8,-7,1076.271240234375
37,0.8048780487804879,1.3087981187709374e-07,1,-8,-7,1076.271240234375
38,0.853658536585366,7.885074069235998e-07,1,-8,-7,1076.271240234375
39,0.902439024390244,9.894529995335688e-08,1,-8,-7,1076.271240234375
40,0.9512195121951219,8.731536240702553e-07,1,-8,-7,1076.271240234375
41,1.0,0.0,1,-8,-7,1076.271240234375
0,-1.0,6.820807243457239e-07,1,-7,-6,1076.271240234375
1,-0.9512195121951219,3.651019142125733e-06,1,-7,-6,1076.271240234375
2,-0.9024390243902439,8.22842321213102e-06,1,-7,-6,1076.271240234375
3,-0.8536585365853658,1.6339858120772988e-05,1,-7,-6,1076.271240234375
4,-0.8048780487804879,1.405420061928453e-05,1,-7,-6,1076.271240234375
5,-0.7560975609756098,1.127201448980486e-05,1,-7,-6,1076.271240234375
6,-0.7073170731707317,2.714696620387258e-06,1,-7,-6,1076.271240234375
7,-0.6585365853658536,1.654141306062229e-05,1,-7,-6,1076.271240234375
8,-0.6097560975609756,1.5468297078768956e-06,1,-7,-6,1076.271240234375
9,-0.5609756097560976,6.428636697819456e-05,1,-7,-6,1076.271240234375
10,-0.5121951219512195,2.251227897431818e-06,1,-7,-6,1076.271240234375
11,-0.46341463414634143,0.0005786438705399632,1,-7,-6,1076.271240234375
12,-0.41463414634146334,0.013027695938944817,1,-7,-6,1076.271240234375
13,-0.36585365853658536,0.0005575380055233836,1,-7,-6,1076.271240234375
14,-0.31707317073170727,1.6508214457644499e-06,1,-7,-6,1076.271240234375
15,-0.2682926829268293,6.419538840418682e-05,1,-7,-6,1076.271240234375
16,-0.2195121951219512,1.121207105825306e-06,1,-7,-6,1076.271240234375
17,-0.1707317073170731,1.8099608496413566e-05,1,-7,-6,1076.271240234375
18,-0.12195121951219512,7.3034316301345825e-06,1,-7,-6,1076.271240234375
19,-0.07317073170731703,8.34159891383024e-06,1,-7,-6,1076.271240234375
20,-0.024390243902439046,1.420378680450085e-06,1,-7,-6,1076.271240234375
21,0.024390243902439046,4.595668997353641e-06,1,-7,-6,1076.271240234375
22,0.07317073170731714,7.378269856417319e-06,1,-7,-6,1076.271240234375
23,0.12195121951219523,1.7999986084760167e-05,1,-7,-6,1076.271240234375
24,0.17073170731707332,1.0133571777259931e-05,1,-7,-6,1076.271240234375
25,0.2195121951219512,1.4071879377297591e-06,1,-7,-6,1076.271240234375
26,0.2682926829268293,3.996346435997111e-07,1,-7,-6,1076.271240234375
27,0.3170731707317074,0.0,1,-7,-6,1076.271240234375
28,0.36585365853658547,0.0,1,-7,-6,1076.271240234375
29,0.41463414634146356,0.0,1,-7,-6,1076.271240234375
30,0.46341463414634143,0.0,1,-7,-6,1076.271240234375
31,0.5121951219512195,0.0,1,-7,-6,1076.271240234375
32,0.5609756097560976,0.0,1,-7,-6,1076.271240234375
33,0.6097560975609757,0.0,1,-7,-6,1076.271240234375
34,0.6585365853658538,0.0,1,-7,-6,1076.271240234375
35,0.7073170731707317,0.0,1,-7,-6,1076.271240234375
36,0.7560975609756098,0.0,1,-7,-6,1076.271240234375
37,0.8048780487804879,0.0,1,-7,-6,1076.271240234375
38,0.853658536585366,0.0,1,-7,-6,1076.271240234375
39,0.902439024390244,0.0,1,-7,-6,1076.271240234375
40,0.9512195121951219,0.0,1,-7,-6,1076.271240234375
41,1.0,0.0,1,-7,-6,1076.271240234375
0,-1.0,0.0,1,-6,-6,1076.271240234375
1,-0.9512195121951219,0.0,1,-6,-6,1076.271240234375
2,-0.9024390243902439,0.0,1,-6,-6,1076.271240234375
3,-0.8536585365853658,0.0,1,-6,-6,1076.271240234375
4,-0.8048780487804879,0.0,1,-6,-6,1076.271240234375
5,-0.7560975609756098,0.0,1,-6,-6,1076.271240234375
6,-0.7073170731707317,0.0,1,-6,-6,1076.271240234375
7,-0.6585365853658536,0.0,1,-6,-6,1076.271240234375
8,-0.6097560975609756,0.0,1,-6,-6,1076.271240234375
9,-0.5609756097560976,0.0,1,-6,-6,1076.271240234375
10,-0.5121951219512195,0.0,1,-6,-6,1076.271240234375
11,-0.46341463414634143,0.0,1,-6,-6,1076.271240234375
12,-0.41463414634146334,0.0,1,-6,-6,1076.271240234375
13,-0.36585365853658536,1.4663960428151768e-05,1,-6,-6,1076.271240234375
14,-0.31707317073170727,1.0284604286425747e-05,1,-6,-6,1076.271240234375
15,-0.2682926829268293,9.505718026048271e-07,1,-6,-6,1076.271240234375
16,-0.2195121951219512,8.989389243652113e-06,1,-6,-6,1076.271240234375
17,-0.1707317073170731,2.1720896256738342e-05,1,-6,-6,1076.271240234375
18,-0.12195121951219512,2.170357583963778e-05,1,-6,-6,1076.271240234375
19,-0.07317073170731703,3.299817024071672e-07,1,-6,-6,1076.271240234375
20,-0.024390243902439046,1.9055805751122534e-05,1,-6,-6,1076.271240234375
21,0.024390243902439046,3.3818323572631925e-05,1,-6,-6,1076.271240234375
22,0.07317073170731714,3.890336665790528e-05,1,-6,-6,1076.271240234375
23,0.12195121951219523,2.4496939659002237e-05,1,-6,-6,1076.271240234375
24,0.17073170731707332,9.087903163162991e-05,1,-6,-6,1076.271240234375
25,0.2195121951219512,9.717322245705873e-05,1,-6,-6,1076.271240234375
26,0.2682926829268293,3.394543455215171e-05,1,-6,-6,1076.271240234375
27,0.3170731707317074,0.00039578560972586274,1,-6,-6,1076.271240234375
28,0.36585365853658547,0.003293113550171256,1,-6,-6,1076.271240234375
29,0.41463414634146356,0.0555010661482811,1,-6,-6,1076.271240234375
30,0.46341463414634143,0.0032749022357165813,1,-6,-6,1076.271240234375
31,0.5121951219512195,0.0011419873917475343,1,-6,-6,1076.271240234375
32,0.5609756097560976,0.00037177756894379854,1,-6,-6,1076.271240234375
33,0.6097560975609757,0.00010819841554621235,1,-6,-6,1076.271240234375
34,0.6585365853658538,3.12006750391447e-06,1,-6,-6,1076.271240234375
35,0.7073170731707317,1.0255184861307498e-05,1,-6,-6,1076.271240234375
36,0.7560975609756098,1.8854929294320755e-05,1,-6,-6,1076.271240234375
37,0.8048780487804879,3.07266200252343e-05,1,-6,-6,1076.271240234375
38,0.853658536585366,5.943028554611374e-06,1,-6,-6,1076.271240234375
39,0.902439024390244,5.120930836710613e-06,1,-6,-6,1076.271240234375
40,0.9512195121951219,2.0424679405550705e-06,1,-6,-6,1076.271240234375
41,1.0,3.4417228107486153e-06,1,-6,-6,1076.271240234375
0,-1.0,0.0005412247846834362,1,-5,-5,1076.271240234375
1,-0.9512195121951219,0.0015355178620666265,1,-5,-5,1076.271240234375
2,-0.9024390243902439,0.006294162478297949,1,-5,-5,1076.271240234375
3,-0.8536585365853658,0.005027035251259804,1,-5,-5,1076.271240234375
4,-0.8048780487804879,0.024421093985438347,1,-5,-5,1076.271240234375
5,-0.7560975609756098,0.00238989875651896,1,-5,-5,1076.271240234375
6,-0.7073170731707317,0.0011998580303043127,1,-5,-5,1076.271240234375
7,-0.6585365853658536,0.0007468301337212324,1,-5,-5,1076.271240234375
8,-0.6097560975609756,0.0004072445153724402,1,-5,-5,1076.271240234375
9,-0.5609756097560976,0.00025111547438427806,1,-5,-5,1076.271240234375
10,-0.5121951219512195,0.0003549479879438877,1,-5,-5,1076.271240234375
11,-0.46341463414634143,0.00014272741100285202,1,-5,-5,1076.271240234375
12,-0.41463414634146334,0.0004905653186142445,1,-5,-5,1076.271240234375
13,-0.36585365853658536,8.87827900442062e-06,1,-5,-5,1076.271240234375
14,-0.31707317073170727,6.196548929437995e-05,1,-5,-5,1076.271240234375
15,-0.2682926829268293,2.569168464106042e-05,1,-5,-5,1076.271240234375
16,-0.2195121951219512,2.019124622165691e-05,1,-5,-5,1076.271240234375
17,-0.1707317073170731,6.744181155227125e-05,1,-5,-5,1076.271240234375
18,-0.12195121951219512,7.172136065491941e-06,1,-5,-5,1076.271240234375
19,-0.07317073170731703,2.146009137504734e-05,1,-5,-5,1076.271240234375
20,-0.024390243902439046,1.520245223218808e-05,1,-5,-5,1076.271240234375
21,0.024390243902439046,3.6010706025990658e-06,1,-5,-5,1076.271240234375
22,0.07317073170731714,7.659870789211709e-06,1,-5,-5,1076.271240234375
23,0.12195121951219523,2.2223505311558256e-06,1,-5,-5,1076.271240234375
24,0.17073170731707332,0.0,1,-5,-5,1076.271240234375
25,0.2195121951219512,0.0,1,-5,-5,1076.271240234375
26,0.2682926829268293,0.0,1,-5,-5,1076.271240234375
27,0.3170731707317074,0.0,1,-5,-5,1076.271240234375
28,0.36585365853658547,0.0,1,-5,-5,1076.271240234375
29,0.41463414634146356,0.0,1,-5,-5,1076.271240234375
30,0.46341463414634143,0.0,1,-5,-5,1076.271240234375
31,0.5121951219512195,0.0,1,-5,-5,1076.271240234375
32,0.5609756097560976,0.0,1,-5,-5,1076.271240234375
33,0.6097560975609757,0.0,1,-5,-5,1076.271240234375
34,0.6585365853658538,0.0,1,-5,-5,1076.271240234375
35,0.7073170731707317,0.0,1,-5,-5,1076.271240234375
36,0.7560975609756098,0.0,1,-5,-5,1076.271240234375
37,0.8048780487804879,0.0,1,-5,-5,1076.271240234375
38,0.853658536585366,0.0,1,-5,-5,1076.271240234375
39,0.902439024390244,0.0,1,-5,-5,1076.271240234375
40,0.9512195121951219,0.0,1,-5,-5,1076.271240234375
41,1.0,0.0,1,-5,-5,1076.271240234375
0,-1.0,2.498422509233933e-05,1,-4,-5,1076.271240234375
1,-0.9512195121951219,3.594912777771242e-05,1,-4,-5,1076.271240234375
2,-0.9024390243902439,7.483114313799888e-05,1,-4,-5,1076.271240234375
3,-0.8536585365853658,0.00019413451082073152,1,-4,-5,1076.271240234375
4,-0.8048780487804879,6.275474152062088e-05,1,-4,-5,1076.271240234375
5,-0.7560975609756098,0.0002492078929208219,1,-4,-5,1076.271240234375
6,-0.7073170731707317,3.160794221912511e-05,1,-4,-5,1076.271240234375
7,-0.6585365853658536,0.00016228610184043646,1,-4,-5,1076.271240234375
8,-0.6097560975609756,0.00021476611436810344,1,-4,-5,1076.271240234375
9,-0.5609756097560976,0.00013094779569655657,1,-4,-5,1076.271240234375
10,-0.5121951219512195,2.90422176476568e-05,1,-4,-5,1076.271240234375
11,-0.46341463414634143,1.958128450496588e-05,1,-4,-5,1076.271240234375
12,-0.41463414634146334,7.961972733028233e-05,1,-4,-5,1076.271240234375
13,-0.36585365853658536,2.342176958336495e-05,1,-4,-5,1076.271240234375
14,-0.31707317073170727,2.410840716038365e-05,1,-4,-5,1076.271240234375
15,-0.2682926829268293,7.778804865665734e-05,1,-4,-5,1076.271240234375
16,-0.2195121951219512,4.740382735235471e-07,1,-4,-5,1076.271240234375
17,-0.1707317073170731,0.0005156282568350434,1,-4,-5,1076.271240234375
18,-0.12195121951219512,0.0007471255958080292,1,-4,-5,1076.271240234375
19,-0.07317073170731703,0.0014537295792251825,1,-4,-5,1076.271240234375
20,-0.024390243902439046,0.001849447377026081,1,-4,-5,1076.271240234375
21,0.024390243902439046,0.0005852452595718205,1,-4,-5,1076.271240234375
22,0.07317073170731714,0.000511865655425936,1,-4,-5,1076.271240234375
23,0.12195121951219523,0.025640174746513367,1,-4,-5,1076.271240234375
24,0.17073170731707332,0.018750455230474472,1,-4,-5,1076.271240234375
25,0.2195121951219512,0.0012350714532658458,1,-4,-5,1076.271240234375
26,0.2682926829268293,0.00021512921375688165,1,-4,-5,1076.271240234375
27,0.3170731707317074,0.0012442712904885411,1,-4,-5,1076.271240234375
28,0.36585365853658547,0.0016119999345391989,1,-4,-5,1076.271240234375
29,0.41463414634146356,0.0005374677712097764,1,-4,-5,1076.271240234375
30,0.46341463414634143,0.0003314716159366071,1,-4,-5,1076.271240234375
31,0.5121951219512195,5.374678039515857e-06,1,-4,-5,1076.271240234375
32,0.5609756097560976,1.5202114127532695e-06,1,-4,-5,1076.271240234375
33,0.6097560975609757,2.3853259335737675e-05,1,-4,-5,1076.271240234375
34,0.6585365853658538,2.5397035642527044e-05,1,-4,-5,1076.271240234375
35,0.7073170731707317,0.0001273623201996088,1,-4,-5,1076.271240234375
36,0.7560975609756098,5.304734440869652e-05,1,-4,-5,1076.271240234375
37,0.8048780487804879,5.8434728998690844e-05,1,-4,-5,1076.271240234375
38,0.853658536585366,0.00014044533600099385,1,-4,-5,1076.271240234375
39,0.902439024390244,0.000259133375948295,1,-4,-5,1076.271240234375
40,0.9512195121951219,0.00016821958706714213,1,-4,-5,1076.271240234375
41,1.0,1.0737016054918058e-05,1,-4,-5,1076.271240234375
0,-1.0,0.001027922728098929,1,-1,-4,1076.271240234375
1,-0.9512195121951219,0.0023389398120343685,1,-1,-4,1076.271240234375
2,-0.9024390243902439,0.0018483748426660895,1,-1,-4,1076.271240234375
3,-0.8536585365853658,0.0009314710623584688,1,-1,-4,1076.271240234375
4,-0.8048780487804879,1.9243861970608123e-05,1,-1,-4,1076.271240234375
5,-0.7560975609756098,0.0002970180648844689,1,-1,-4,1076.271240234375
6,-0.7073170731707317,0.0020027596037834883,1,-1,-4,1076.271240234375
7,-0.6585365853658536,0.003710951888933778,1,-1,-4,1076.271240234375
8,-0.6097560975609756,0.004114478826522827,1,-1,-4,1076.271240234375
9,-0.5609756097560976,0.002347464207559824,1,-1,-4,1076.271240234375
10,-0.5121951219512195,0.00026663788594305515,1,-1,-4,1076.271240234375
11,-0.46341463414634143,0.00033814189373515546,1,-1,-4,1076.271240234375
12,-0.41463414634146334,0.0028124013915657997,1,-1,-4,1076.271240234375
13,-0.36585365853658536,0.005534599535167217,1,-1,-4,1076.271240234375
14,-0.31707317073170727,0.005829725880175829,1,-1,-4,1076.271240234375
15,-0.2682926829268293,0.0030417582020163536,1,-1,-4,1076.271240234375
16,-0.2195121951219512,0.0002042470732703805,1,-1,-4,1076.271240234375
17,-0.1707317073170731,0.0008562661241739988,1,-1,-4,1076.271240234375
18,-0.12195121951219512,0.00639801612123847,1,-1,-4,1076.271240234375
19,-0.07317073170731703,0.003445003181695938,1,-1,-4,1076.271240234375
20,-0.024390243902439046,0.008128862828016281,1,-1,-4,1076.271240234375
21,0.024390243902439046,0.005241621285676956,1,-1,-4,1076.271240234375
22,0.07317073170731714,0.00043078226735815406,1,-1,-4,1076.271240234375
23,0.12195121951219523,0.007855894975364208,1,-1,-4,1076.271240234375
24,0.17073170731707332,0.001439473475329578,1,-1,-4,1076.271240234375
25,0.2195121951219512,0.02026928961277008,1,-1,-4,1076.271240234375
26,0.2682926829268293,0.017515772953629494,1,-1,-4,1076.271240234375
27,0.3170731707317074,0.029317060485482216,1,-1,-4,1076.271240234375
28,0.36585365853658547,0.005159386899322271,1,-1,-4,1076.271240234375
29,0.41463414634146356,0.004943399224430323,1,-1,-4,1076.271240234375
30,0.46341463414634143,0.02915850095450878,1,-1,-4,1076.271240234375
31,0.5121951219512195,0.05797884613275528,1,-1,-4,1076.271240234375
32,0.5609756097560976,0.07723984867334366,1,-1,-4,1076.271240234375
33,0.6097560975609757,0.051522377878427505,1,-1,-4,1076.271240234375
34,0.6585365853658538,0.012420817278325558,1,-1,-4,1076.271240234375
35,0.7073170731707317,0.006880179047584534,1,-1,-4,1076.271240234375
36,0.7560975609756098,0.08035020530223846,1,-1,-4,1076.271240234375
37,0.8048780487804879,0.13287968933582306,1,-1,-4,1076.271240234375
38,0.853658536585366,0.3147864043712616,1,-1,-4,1076.271240234375
39,0.902439024390244,0.6706172823905945,1,-1,-4,1076.271240234375
40,0.9512195121951219,0.7146262526512146,1,-1,-4,1076.271240234375
41,1.0,0.038248006254434586,1,-1,-4,1076.271240234375
0,-1.0,0.00022772538068238646,1,2,-3,1076.271240234375
1,-0.9512195121951219,2.540953028074e-05,1,2,-3,1076.271240234375
2,-0.9024390243902439,0.00016524568491149694,1,2,-3,1076.271240234375
3,-0.8536585365853658,0.00010905545059358701,1,2,-3,1076.271240234375
4,-0.8048780487804879,0.00012964221241418272,1,2,-3,1076.271240234375
5,-0.7560975609756098,0.0001798617740860209,1,2,-3,1076.271240234375
6,-0.7073170731707317,0.00019753411470446736,1,2,-3,1076.271240234375
7,-0.6585365853658536,0.00021208034013397992,1,2,-3,1076.271240234375
8,-0.6097560975609756,0.00017681049939710647,1,2,-3,1076.271240234375
9,-0.5609756097560976,0.0003013877139892429,1,2,-3,1076.271240234375
10,-0.5121951219512195,0.00013941955694463104,1,2,-3,1076.271240234375
11,-0.46341463414634143,0.000330859242239967,1,2,-3,1076.271240234375
12,-0.41463414634146334,0.00010811854735948145,1,2,-3,1076.271240234375
13,-0.36585365853658536,0.0003359717084094882,1,2,-3,1076.271240234375
14,-0.31707317073170727,8.638381405035034e-05,1,2,-3,1076.271240234375
15,-0.2682926829268293,0.0005293661961331964,1,2,-3,1076.271240234375
16,-0.2195121951219512,0.00011443869152572006,1,2,-3,1076.271240234375
17,-0.1707317073170731,0.0007189463940449059,1,2,-3,1076.271240234375
18,-0.12195121951219512,7.165206625359133e-05,1,2,-3,1076.271240234375
19,-0.07317073170731703,0.0005518696270883083,1,2,-3,1076.271240234375
20,-0.024390243902439046,2.90234947897261e-05,1,2,-3,1076.271240234375
21,0.024390243902439046,0.0011601699516177177,1,2,-3,1076.271240234375
22,0.07317073170731714,6.971682068979135e-06,1,2,-3,1076.271240234375
23,0.12195121951219523,0.0012975302524864674,1,2,-3,1076.271240234375
24,0.17073170731707332,6.185806341818534e-06,1,2,-3,1076.271240234375
25,0.2195121951219512,0.001614050823263824,1,2,-3,1076.271240234375
26,0.2682926829268293,1.7918726371135563e-05,1,2,-3,1076.271240234375
27,0.3170731707317074,0.0019703309517353773,1,2,-3,1076.271240234375
28,0.36585365853658547,0.0005010073073208332,1,2,-3,1076.271240234375
29,0.41463414634146356,0.0021113206166774035,1,2,-3,1076.271240234375
30,0.46341463414634143,0.0006666661356575787,1,2,-3,1076.271240234375
31,0.5121951219512195,0.0021436824463307858,1,2,-3,1076.271240234375
32,0.5609756097560976,0.0023284349590539932,1,2,-3,1076.271240234375
33,0.6097560975609757,0.002814917592331767,1,2,-3,1076.271240234375
34,0.6585365853658538,0.005009226500988007,1,2,-3,1076.271240234375
35,0.7073170731707317,0.005195395555347204,1,2,-3,1076.271240234375
36,0.7560975609756098,0.0026374247390776873,1,2,-3,1076.271240234375
37,0.8048780487804879,0.019880173727869987,1,2,-3,1076.271240234375
38,0.853658536585366,0.008313143625855446,1,2,-3,1076.271240234375
39,0.902439024390244,0.017052095383405685,1,2,-3,1076.271240234375
40,0.9512195121951219,0.1585458219051361,1,2,-3,1076.271240234375
41,1.0,0.6659321188926697,1,2,-3,1076.271240234375
0,-1.0,4.2038307583425194e-05,1,3,-3,1076.271240234375
1,-0.9512195121951219,3.1783670237928163e-06,1,3,-3,1076.271240234375
2,-0.9024390243902439,4.0571853787696455e-06,1,3,-3,1076.271240234375
3,-0.8536585365853658,6.299304004642181e-06,1,3,-3,1076.271240234375
4,-0.8048780487804879,9.6625799415051e-06,1,3,-3,1076.271240234375
5,-0.7560975609756098,4.212000567349605e-05,1,3,-3,1076.271240234375
6,-0.7073170731707317,8.552055078325793e-06,1,3,-3,1076.271240234375
7,-0.6585365853658536,1.751349918777123e-05,1,3,-3,1076.271240234375
8,-0.6097560975609756,5.604799298453145e-06,1,3,-3,1076.271240234375
9,-0.5609756097560976,2.5974410164053552e-05,1,3,-3,1076.271240234375
10,-0.5121951219512195,0.00011755090235965326,1,3,-3,1076.271240234375
11,-0.46341463414634143,3.4883065382018685e-05,1,3,-3,1076.271240234375
12,-0.41463414634146334,4.9551213123777416e-06,1,3,-3,1076.271240234375
13,-0.36585365853658536,0.00012645179231185466,1,3,-3,1076.271240234375
14,-0.31707317073170727,0.00013144816330168396,1,3,-3,1076.271240234375
15,-0.2682926829268293,7.860531695769168e-06,1,3,-3,1076.271240234375
16,-0.2195121951219512,0.0004309714713599533,1,3,-3,1076.271240234375
17,-0.1707317073170731,0.0008997722179628909,1,3,-3,1076.271240234375
18,-0.12195121951219512,8.897650695871562e-05,1,3,-3,1076.271240234375
19,-0.07317073170731703,0.024271490052342415,1,3,-3,1076.271240234375
20,-0.024390243902439046,0.01498820073902607,1,3,-3,1076.271240234375
21,0.024390243902439046,0.000742725795134902,1,3,-3,1076.271240234375
22,0.07317073170731714,0.00023025699192658067,1,3,-3,1076.271240234375
23,0.12195121951219523,0.00045890393084846437,1,3,-3,1076.271240234375
24,0.17073170731707332,7.168434967752546e-05,1,3,-3,1076.271240234375
25,0.2195121951219512,1.8837463358067907e-05,1,3,-3,1076.271240234375
26,0.2682926829268293,9.40132886171341e-05,1,3,-3,1076.271240234375
27,0.3170731707317074,8.60248546814546e-05,1,3,-3,1076.271240234375
28,0.36585365853658547,2.8877053409814835e-05,1,3,-3,1076.271240234375
29,0.41463414634146356,0.00010460873454576358,1,3,-3,1076.271240234375
30,0.46341463414634143,4.4707292545353994e-05,1,3,-3,1076.271240234375
31,0.5121951219512195,3.9088408811949193e-05,1,3,-3,1076.271240234375
32,0.5609756097560976,3.533177368808538e-05,1,3,-3,1076.271240234375
33,0.6097560975609757,3.803069193963893e-05,1,3,-3,1076.271240234375
34,0.6585365853658538,1.3263777873362415e-05,1,3,-3,1076.271240234375
35,0.7073170731707317,1.1010566595359705e-05,1,3,-3,1076.271240234375
36,0.7560975609756098,4.122282189200632e-05,1,3,-3,1076.271240234375
37,0.8048780487804879,1.2944919944857247e-05,1,3,-3,1076.271240234375
38,0.853658536585366,9.395642337040044e-06,1,3,-3,1076.271240234375
39,0.902439024390244,4.752840322908014e-05,1,3,-3,1076.271240234375
40,0.9512195121951219,0.00011318512406433001,1,3,-3,1076.271240234375
41,1.0,0.0002134627429768443,1,3,-3,1076.271240234375
0,-1.0,1.084072846424533e-05,1,4,-3,1076.271240234375
1,-0.9512195121951219,2.5593779355403967e-05,1,4,-3,1076.271240234375
2,-0.9024390243902439,9.95507161860587e-06,1,4,-3,1076.271240234375
3,-0.8536585365853658,2.2516129320138134e-05,1,4,-3,1076.271240234375
4,-0.8048780487804879,1.3250323718239088e-05,1,4,-3,1076.271240234375
5,-0.7560975609756098,0.0005180592997930944,1,4,-3,1076.271240234375
6,-0.7073170731707317,0.00011348895350238308,1,4,-3,1076.271240234375
7,-0.6585365853658536,0.00021414030925370753,1,4,-3,1076.271240234375
8,-0.6097560975609756,0.0004748489009216428,1,4,-3,1076.271240234375
9,-0.5609756097560976,0.0031616459600627422,1,4,-3,1076.271240234375
10,-0.5121951219512195,0.009945658035576344,1,4,-3,1076.271240234375
11,-0.46341463414634143,0.00015179088222794235,1,4,-3,1076.271240234375
12,-0.41463414634146334,2.588339521025773e-05,1,4,-3,1076.271240234375
13,-0.36585365853658536,9.82204255706165e-06,1,4,-3,1076.271240234375
14,-0.31707317073170727,2.704048529267311e-05,1,4,-3,1076.271240234375
15,-0.2682926829268293,5.442339443106903e-06,1,4,-3,1076.271240234375
16,-0.2195121951219512,1.890218845801428e-05,1,4,-3,1076.271240234375
17,-0.1707317073170731,9.97826373350108e-06,1,4,-3,1076.271240234375
18,-0.12195121951219512,1.1769857337640133e-05,1,4,-3,1076.271240234375
19,-0.07317073170731703,2.1636291421600617e-05,1,4,-3,1076.271240234375
20,-0.024390243902439046,4.146894934820011e-05,1,4,-3,1076.271240234375
21,0.024390243902439046,8.7554080892005e-06,1,4,-3,1076.271240234375
22,0.07317073170731714,2.9428831567201996e-06,1,4,-3,1076.271240234375
23,0.12195121951219523,2.954429646706558e-06,1,4,-3,1076.271240234375
24,0.17073170731707332,4.1959407326430664e-07,1,4,-3,1076.271240234375
25,0.2195121951219512,2.867424768737692e-07,1,4,-3,1076.271240234375
26,0.2682926829268293,3.594081135815941e-06,1,4,-3,1076.271240234375
27,0.3170731707317074,1.4020438356965315e-05,1,4,-3,1076.271240234375
28,0.36585365853658547,4.851981429965235e-07,1,4,-3,1076.271240234375
29,0.41463414634146356,3.929485956177814e-06,1,4,-3,1076.271240234375
30,0.46341463414634143,4.520398306340212e-06,1,4,-3,1076.271240234375
31,0.5121951219512195,4.949056346958969e-06,1,4,-3,1076.271240234375
32,0.5609756097560976,1.7064703570213169e-06,1,4,-3,1076.271240234375
33,0.6097560975609757,8.535862434655428e-07,1,4,-3,1076.271240234375
34,0.6585365853658538,0.0,1,4,-3,1076.271240234375
35,0.7073170731707317,0.0,1,4,-3,1076.271240234375
36,0.7560975609756098,0.0,1,4,-3,1076.271240234375
37,0.8048780487804879,0.0,1,4,-3,1076.271240234375
38,0.853658536585366,0.0,1,4,-3,1076.271240234375
39,0.902439024390244,0.0,1,4,-3,1076.271240234375
40,0.9512195121951219,0.0,1,4,-3,1076.271240234375
41,1.0,0.0,1,4,-3,1076.271240234375
0,-1.0,0.0002700599725358188,1,5,-3,1076.271240234375
1,-0.9512195121951219,0.0005174141842871904,1,5,-3,1076.271240234375
2,-0.9024390243902439,0.0005907347658649087,1,5,-3,1076.271240234375
3,-0.8536585365853658,0.0007617207011207938,1,5,-3,1076.271240234375
4,-0.8048780487804879,0.0011027518194168806,1,5,-3,1076.271240234375
5,-0.7560975609756098,0.10466301441192627,1,5,-3,1076.271240234375
6,-0.7073170731707317,0.0024009537883102894,1,5,-3,1076.271240234375
7,-0.6585365853658536,0.0014633539831265807,1,5,-3,1076.271240234375
8,-0.6097560975609756,0.0008339218911714852,1,5,-3,1076.271240234375
9,-0.5609756097560976,0.0006007032934576273,1,5,-3,1076.271240234375
10,-0.5121951219512195,0.00014560057024937123,1,5,-3,1076.271240234375
11,-0.46341463414634143,8.83910252014175e-05,1,5,-3,1076.271240234375
12,-0.41463414634146334,2.1577887309831567e-05,1,5,-3,1076.271240234375
13,-0.36585365853658536,1.3799646694678813e-05,1,5,-3,1076.271240234375
14,-0.31707317073170727,2.165723344660364e-05,1,5,-3,1076.271240234375
15,-0.2682926829268293,5.214906559558585e-05,1,5,-3,1076.271240234375
16,-0.2195121951219512,7.120287045836449e-05,1,5,-3,1076.271240234375
17,-0.1707317073170731,3.6981975426897407e-05,1,5,-3,1076.271240234375
18,-0.12195121951219512,5.336485628504306e-05,1,5,-3,1076.271240234375
19,-0.07317073170731703,2.6656289264792576e-05,1,5,-3,1076.271240234375
20,-0.024390243902439046,1.3681909877050202e-05,1,5,-3,1076.271240234375
21,0.024390243902439046,1.3945609111942758e-07,1,5,-3,1076.271240234375
22,0.07317073170731714,5.124415110913105e-06,1,5,-3,1076.271240234375
23,0.12195121951219523,1.1149711099278647e-05,1,5,-3,1076.271240234375
24,0.17073170731707332,2.3810640414012596e-05,1,5,-3,1076.271240234375
25,0.2195121951219512,0.0,1,5,-3,1076.271240234375
26,0.2682926829268293,0.0,1,5,-3,1076.271240234375
27,0.3170731707317074,0.0,1,5,-3,1076.271240234375
28,0.36585365853658547,0.0,1,5,-3,1076.271240234375
29,0.41463414634146356,0.0,1,5,-3,1076.271240234375
30,0.46341463414634143,0.0,1,5,-3,1076.271240234375
31,0.5121951219512195,0.0,1,5,-3,1076.271240234375
32,0.5609756097560976,0.0,1,5,-3,1076.271240234375
33,0.6097560975609757,0.0,1,5,-3,1076.271240234375
34,0.6585365853658538,0.0,1,5,-3,1076.271240234375
35,0.7073170731707317,0.0,1,5,-3,1076.271240234375
36,0.7560975609756098,0.0,1,5,-3,1076.271240234375
37,0.8048780487804879,0.0,1,5,-3,1076.271240234375
38,0.853658536585366,0.0,1,5,-3,1076.271240234375
39,0.902439024390244,0.0,1,5,-3,1076.271240234375
40,0.9512195121951219,0.0,1,5,-3,1076.271240234375
41,1.0,0.0,1,5,-3,1076.271240234375
0,-1.0,6.129730172688141e-05,1,6,-3,1076.271240234375
1,-0.9512195121951219,9.232033335138112e-05,1,6,-3,1076.271240234375
2,-0.9024390243902439,0.0016456427983939648,1,6,-3,1076.271240234375
3,-0.8536585365853658,0.00436750054359436,1,6,-3,1076.271240234375
4,-0.8048780487804879,0.0005124554736539721,1,6,-3,1076.271240234375
5,-0.7560975609756098,0.0013283240841701627,1,6,-3,1076.271240234375
6,-0.7073170731707317,6.25172879153979e-06,1,6,-3,1076.271240234375
7,-0.6585365853658536,5.310903361532837e-05,1,6,-3,1076.271240234375
8,-0.6097560975609756,9.311244866694324e-06,1,6,-3,1076.271240234375
9,-0.5609756097560976,6.998851631578873e-07,1,6,-3,1076.271240234375
10,-0.5121951219512195,5.810002221551258e-06,1,6,-3,1076.271240234375
11,-0.46341463414634143,7.0938335738901515e-06,1,6,-3,1076.271240234375
12,-0.41463414634146334,6.39528370811604e-05,1,6,-3,1076.271240234375
13,-0.36585365853658536,7.456296202690282e-07,1,6,-3,1076.271240234375
14,-0.31707317073170727,1.0917932513621054e-07,1,6,-3,1076.271240234375
15,-0.2682926829268293,9.463019523536786e-07,1,6,-3,1076.271240234375
16,-0.2195121951219512,1.9753442757064477e-06,1,6,-3,1076.271240234375
17,-0.1707317073170731,6.542921937580104e-07,1,6,-3,1076.271240234375
18,-0.12195121951219512,3.1095760277821682e-06,1,6,-3,1076.271240234375
19,-0.07317073170731703,0.0,1,6,-3,1076.271240234375
20,-0.024390243902439046,0.0,1,6,-3,1076.271240234375
21,0.024390243902439046,0.0,1,6,-3,1076.271240234375
22,0.07317073170731714,0.0,1,6,-3,1076.271240234375
23,0.12195121951219523,0.0,1,6,-3,1076.271240234375
24,0.17073170731707332,0.0,1,6,-3,1076.271240234375
25,0.2195121951219512,0.0,1,6,-3,1076.271240234375
26,0.2682926829268293,0.0,1,6,-3,1076.271240234375
27,0.3170731707317074,0.0,1,6,-3,1076.271240234375
28,0.36585365853658547,0.0,1,6,-3,1076.271240234375
29,0.41463414634146356,0.0,1,6,-3,1076.271240234375
30,0.46341463414634143,0.0,1,6,-3,1076.271240234375
31,0.5121951219512195,0.0,1,6,-3,1076.271240234375
32,0.5609756097560976,0.0,1,6,-3,1076.271240234375
33,0.6097560975609757,0.0,1,6,-3,1076.271240234375
34,0.6585365853658538,0.0,1,6,-3,1076.271240234375
35,0.7073170731707317,0.0,1,6,-3,1076.271240234375
36,0.7560975609756098,0.0,1,6,-3,1076.271240234375
37,0.8048780487804879,0.0,1,6,-3,1076.271240234375
38,0.853658536585366,0.0,1,6,-3,1076.271240234375
39,0.902439024390244,0.0,1,6,-3,1076.271240234375
40,0.9512195121951219,0.0,1,6,-3,1076.271240234375
41,1.0,0.0,1,6,-3,1076.271240234375
0,-1.0,0.00023319313186220825,1,7,-3,1076.271240234375
1,-0.9512195121951219,1.653452818572987e-05,1,7,-3,1076.271240234375
2,-0.9024390243902439,0.0034643150866031647,1,7,-3,1076.271240234375
3,-0.8536585365853658,0.0001860254560597241,1,7,-3,1076.271240234375
4,-0.8048780487804879,1.227634129463695e-05,1,7,-3,1076.271240234375
5,-0.7560975609756098,0.00015850395720917732,1,7,-3,1076.271240234375
6,-0.7073170731707317,3.412655496504158e-05,1,7,-3,1076.271240234375
7,-0.6585365853658536,1.2742653780151159e-05,1,7,-3,1076.271240234375
8,-0.6097560975609756,1.363355636385677e-06,1,7,-3,1076.271240234375
9,-0.5609756097560976,2.8869558263977524e-06,1,7,-3,1076.271240234375
10,-0.5121951219512195,1.3211913028499112e-05,1,7,-3,1076.271240234375
11,-0.46341463414634143,8.13380211184267e-06,1,7,-3,1076.271240234375
12,-0.41463414634146334,2.1129962988197803e-06,1,7,-3,1076.271240234375
13,-0.36585365853658536,2.616043957459624e-06,1,7,-3,1076.271240234375
14,-0.31707317073170727,5.039478764956584e-06,1,7,-3,1076.271240234375
15,-0.2682926829268293,2.1126782030478353e-06,1,7,-3,1076.271240234375
16,-0.2195121951219512,3.5173084143025335e-06,1,7,-3,1076.271240234375
17,-0.1707317073170731,0.0,1,7,-3,1076.271240234375
18,-0.12195121951219512,0.0,1,7,-3,1076.271240234375
19,-0.07317073170731703,0.0,1,7,-3,1076.271240234375
20,-0.024390243902439046,0.0,1,7,-3,1076.271240234375
21,0.024390243902439046,0.0,1,7,-3,1076.271240234375
22,0.07317073170731714,0.0,1,7,-3,1076.271240234375
23,0.12195121951219523,0.0,1,7,-3,1076.271240234375
24,0.17073170731707332,0.0,1,7,-3,1076.271240234375
25,0.2195121951219512,0.0,1,7,-3,1076.271240234375
26,0.2682926829268293,0.0,1,7,-3,1076.271240234375
27,0.3170731707317074,0.0,1,7,-3,1076.271240234375
28,0.36585365853658547,0.0,1,7,-3,1076.271240234375
29,0.41463414634146356,0.0,1,7,-3,1076.271240234375
30,0.46341463414634143,0.0,1,7,-3,1076.271240234375
31,0.5121951219512195,0.0,1,7,-3,1076.271240234375
32,0.5609756097560976,0.0,1,7,-3,1076.271240234375
33,0.6097560975609757,0.0,1,7,-3,1076.271240234375
34,0.6585365853658538,0.0,1,7,-3,1076.271240234375
35,0.7073170731707317,0.0,1,7,-3,1076.271240234375
36,0.7560975609756098,0.0,1,7,-3,1076.271240234375
37,0.8048780487804879,0.0,1,7,-3,1076.271240234375
38,0.853658536585366,0.0,1,7,-3,1076.271240234375
39,0.902439024390244,0.0,1,7,-3,1076.271240234375
40,0.9512195121951219,0.0,1,7,-3,1076.271240234375
41,1.0,0.0,1,7,-3,1076.271240234375
0,-1.0,0.0,1,7,-2,1076.271240234375
1,-0.9512195121951219,0.0,1,7,-2,1076.271240234375
2,-0.9024390243902439,0.0,1,7,-2,1076.271240234375
3,-0.8536585365853658,0.0,1,7,-2,1076.271240234375
4,-0.8048780487804879,0.0,1,7,-2,1076.271240234375
5,-0.7560975609756098,0.0,1,7,-2,1076.271240234375
6,-0.7073170731707317,0.0,1,7,-2,1076.271240234375
7,-0.6585365853658536,0.0,1,7,-2,1076.271240234375
8,-0.6097560975609756,0.0,1,7,-2,1076.271240234375
9,-0.5609756097560976,0.0,1,7,-2,1076.271240234375
10,-0.5121951219512195,0.0,1,7,-2,1076.271240234375
11,-0.46341463414634143,0.0,1,7,-2,1076.271240234375
12,-0.41463414634146334,0.0,1,7,-2,1076.271240234375
13,-0.36585365853658536,0.0,1,7,-2,1076.271240234375
14,-0.31707317073170727,0.0,1,7,-2,1076.271240234375
15,-0.2682926829268293,0.0,1,7,-2,1076.271240234375
16,-0.2195121951219512,0.0,1,7,-2,1076.271240234375
17,-0.1707317073170731,0.0,1,7,-2,1076.271240234375
18,-0.12195121951219512,0.0,1,7,-2,1076.271240234375
19,-0.07317073170731703,0.0,1,7,-2,1076.271240234375
20,-0.024390243902439046,0.0,1,7,-2,1076.271240234375
21,0.024390243902439046,0.0,1,7,-2,1076.271240234375
22,0.07317073170731714,0.0,1,7,-2,1076.271240234375
23,0.12195121951219523,0.0,1,7,-2,1076.271240234375
24,0.17073170731707332,5.45086464853739e-08,1,7,-2,1076.271240234375
25,0.2195121951219512,2.7972777161267004e-07,1,7,-2,1076.271240234375
26,0.2682926829268293,3.319461256978684e-06,1,7,-2,1076.271240234375
27,0.3170731707317074,1.0029597206084873e-06,1,7,-2,1076.271240234375
28,0.36585365853658547,3.2160794489755062e-06,1,7,-2,1076.271240234375
29,0.41463414634146356,6.229254267964279e-07,1,7,-2,1076.271240234375
30,0.46341463414634143,1.1346678547852207e-06,1,7,-2,1076.271240234375
31,0.5121951219512195,6.198490154929459e-06,1,7,-2,1076.271240234375
32,0.5609756097560976,1.0761061730590882e-06,1,7,-2,1076.271240234375
33,0.6097560975609757,1.042029725795146e-05,1,7,-2,1076.271240234375
34,0.6585365853658538,5.749903266405454e-06,1,7,-2,1076.271240234375
35,0.7073170731707317,2.9363143767113797e-05,1,7,-2,1076.271240234375
36,0.7560975609756098,6.063526598154567e-05,1,7,-2,1076.271240234375
37,0.8048780487804879,0.002595329424366355,1,7,-2,1076.271240234375
38,0.853658536585366,0.00021904819004703313,1,7,-2,1076.271240234375
39,0.902439024390244,3.744655032278388e-06,1,7,-2,1076.271240234375
40,0.9512195121951219,6.327242317638593e-06,1,7,-2,1076.271240234375
41,1.0,7.640543117304333e-06,1,7,-2,1076.271240234375
0,-1.0,7.447584721376188e-06,1,8,-3,1076.271240234375
1,-0.9512195121951219,0.000128327461425215,1,8,-3,1076.271240234375
2,-0.9024390243902439,0.002247958444058895,1,8,-3,1076.271240234375
3,-0.8536585365853658,0.0012004021555185318,1,8,-3,1076.271240234375
4,-0.8048780487804879,5.50861113879364e-06,1,8,-3,1076.271240234375
5,-0.7560975609756098,1.9660568796098232e-05,1,8,-3,1076.271240234375
6,-0.7073170731707317,1.4616731505157077e-06,1,8,-3,1076.271240234375
7,-0.6585365853658536,1.9314697965455707e-06,1,8,-3,1076.271240234375
8,-0.6097560975609756,1.9382167693038355e-07,1,8,-3,1076.271240234375
9,-0.5609756097560976,2.6049558073282242e-05,1,8,-3,1076.271240234375
10,-0.5121951219512195,2.502888719391194e-06,1,8,-3,1076.271240234375
11,-0.46341463414634143,1.690030899226258e-06,1,8,-3,1076.271240234375
12,-0.41463414634146334,5.476402407111891e-07,1,8,-3,1076.271240234375
13,-0.36585365853658536,1.5220084605971351e-06,1,8,-3,1076.271240234375
14,-0.31707317073170727,2.820662530211848e-07,1,8,-3,1076.271240234375
15,-0.2682926829268293,0.0,1,8,-3,1076.271240234375
16,-0.2195121951219512,0.0,1,8,-3,1076.271240234375
17,-0.1707317073170731,0.0,1,8,-3,1076.271240234375
18,-0.12195121951219512,0.0,1,8,-3,1076.271240234375
19,-0.07317073170731703,0.0,1,8,-3,1076.271240234375
20,-0.024390243902439046,0.0,1,8,-3,1076.271240234375
21,0.024390243902439046,0.0,1,8,-3,1076.271240234375
22,0.07317073170731714,0.0,1,8,-3,1076.271240234375
23,0.12195121951219523,0.0,1,8,-3,1076.271240234375
24,0.17073170731707332,0.0,1,8,-3,1076.271240234375
25,0.2195121951219512,0.0,1,8,-3,1076.271240234375
26,0.2682926829268293,0.0,1,8,-3,1076.271240234375
27,0.3170731707317074,0.0,1,8,-3,1076.271240234375
28,0.36585365853658547,0.0,1,8,-3,1076.271240234375
29,0.41463414634146356,0.0,1,8,-3,1076.271240234375
30,0.46341463414634143,0.0,1,8,-3,1076.271240234375
31,0.5121951219512195,0.0,1,8,-3,1076.271240234375
32,0.5609756097560976,0.0,1,8,-3,1076.271240234375
33,0.6097560975609757,0.0,1,8,-3,1076.271240234375
34,0.6585365853658538,0.0,1,8,-3,1076.271240234375
35,0.7073170731707317,0.0,1,8,-3,1076.271240234375
36,0.7560975609756098,0.0,1,8,-3,1076.271240234375
37,0.8048780487804879,0.0,1,8,-3,1076.271240234375
38,0.853658536585366,0.0,1,8,-3,1076.271240234375
39,0.902439024390244,0.0,1,8,-3,1076.271240234375
40,0.9512195121951219,0.0,1,8,-3,1076.271240234375
41,1.0,0.0,1,8,-3,1076.271240234375
0,-1.0,0.0,1,8,-2,1076.271240234375
1,-0.9512195121951219,0.0,1,8,-2,1076.271240234375
2,-0.9024390243902439,0.0,1,8,-2,1076.271240234375
3,-0.8536585365853658,0.0,1,8,-2,1076.271240234375
4,-0.8048780487804879,0.0,1,8,-2,1076.271240234375
5,-0.7560975609756098,0.0,1,8,-2,1076.271240234375
6,-0.7073170731707317,0.0,1,8,-2,1076.271240234375
7,-0.6585365853658536,0.0,1,8,-2,1076.271240234375
8,-0.6097560975609756,0.0,1,8,-2,1076.271240234375
9,-0.5609756097560976,0.0,1,8,-2,1076.271240234375
10,-0.5121951219512195,0.0,1,8,-2,1076.271240234375
11,-0.46341463414634143,0.0,1,8,-2,1076.271240234375
12,-0.41463414634146334,0.0,1,8,-2,1076.271240234375
13,-0.36585365853658536,0.0,1,8,-2,1076.271240234375
14,-0.31707317073170727,0.0,1,8,-2,1076.271240234375
15,-0.2682926829268293,0.0,1,8,-2,1076.271240234375
16,-0.2195121951219512,0.0,1,8,-2,1076.271240234375
17,-0.1707317073170731,0.0,1,8,-2,1076.271240234375
18,-0.12195121951219512,0.0,1,8,-2,1076.271240234375
19,-0.07317073170731703,0.0,1,8,-2,1076.271240234375
20,-0.024390243902439046,0.0,1,8,-2,1076.271240234375
21,0.024390243902439046,0.0,1,8,-2,1076.271240234375
22,0.07317073170731714,5.439610504254233e-07,1,8,-2,1076.271240234375
23,0.12195121951219523,5.22781306244724e-07,1,8,-2,1076.271240234375
24,0.17073170731707332,1.01288360383478e-05,1,8,-2,1076.271240234375
25,0.2195121951219512,3.261652864239295e-06,1,8,-2,1076.271240234375
26,0.2682926829268293,5.976136208118987e-07,1,8,-2,1076.271240234375
27,0.3170731707317074,1.1179900383240238e-07,1,8,-2,1076.271240234375
28,0.36585365853658547,2.5484603156655794e-06,1,8,-2,1076.271240234375
29,0.41463414634146356,1.2428356967575382e-05,1,8,-2,1076.271240234375
30,0.46341463414634143,9.882276117423316e-07,1,8,-2,1076.271240234375
31,0.5121951219512195,0.00012761299149133265,1,8,-2,1076.271240234375
32,0.5609756097560976,0.00013836633297614753,1,8,-2,1076.271240234375
33,0.6097560975609757,0.0028547265101224184,1,8,-2,1076.271240234375
34,0.6585365853658538,0.00024470474454574287,1,8,-2,1076.271240234375
35,0.7073170731707317,2.611257286844193e-06,1,8,-2,1076.271240234375
36,0.7560975609756098,1.672880352998618e-05,1,8,-2,1076.271240234375
37,0.8048780487804879,3.128884418401867e-05,1,8,-2,1076.271240234375
38,0.853658536585366,1.253012305824086e-05,1,8,-2,1076.271240234375
39,0.902439024390244,1.5068943639562349e-06,1,8,-2,1076.271240234375
40,0.9512195121951219,2.9184820959926583e-06,1,8,-2,1076.271240234375
41,1.0,9.70523274190782e-07,1,8,-2,1076.271240234375
0,-1.0,2.4111338916554814e-06,1,9,-3,1076.271240234375
1,-0.9512195121951219,1.0149256922886707e-05,1,9,-3,1076.271240234375
2,-0.9024390243902439,0.00016974862955976278,1,9,-3,1076.271240234375
3,-0.8536585365853658,2.374192808929365e-05,1,9,-3,1076.271240234375
4,-0.8048780487804879,0.00011160719441249967,1,9,-3,1076.271240234375
5,-0.7560975609756098,2.3104088541003875e-05,1,9,-3,1076.271240234375
6,-0.7073170731707317,7.425232979585417e-06,1,9,-3,1076.271240234375
7,-0.6585365853658536,1.1404383258195594e-05,1,9,-3,1076.271240234375
8,-0.6097560975609756,5.326456289367343e-07,1,9,-3,1076.271240234375
9,-0.5609756097560976,1.412462665939529e-06,1,9,-3,1076.271240234375
10,-0.5121951219512195,5.131857051310362e-06,1,9,-3,1076.271240234375
11,-0.46341463414634143,8.311104124913982e-07,1,9,-3,1076.271240234375
12,-0.41463414634146334,3.520877385199128e-07,1,9,-3,1076.271240234375
13,-0.36585365853658536,1.724714707052044e-06,1,9,-3,1076.271240234375
14,-0.31707317073170727,7.196290994215815e-07,1,9,-3,1076.271240234375
15,-0.2682926829268293,0.0,1,9,-3,1076.271240234375
16,-0.2195121951219512,0.0,1,9,-3,1076.271240234375
17,-0.1707317073170731,0.0,1,9,-3,1076.271240234375
18,-0.12195121951219512,0.0,1,9,-3,1076.271240234375
19,-0.07317073170731703,0.0,1,9,-3,1076.271240234375
20,-0.024390243902439046,0.0,1,9,-3,1076.271240234375
21,0.024390243902439046,0.0,1,9,-3,1076.271240234375
22,0.07317073170731714,0.0,1,9,-3,1076.271240234375
23,0.12195121951219523,0.0,1,9,-3,1076.271240234375
24,0.17073170731707332,0.0,1,9,-3,1076.271240234375
25,0.2195121951219512,0.0,1,9,-3,1076.271240234375
26,0.2682926829268293,0.0,1,9,-3,1076.271240234375
27,0.3170731707317074,0.0,1,9,-3,1076.271240234375
28,0.36585365853658547,0.0,1,9,-3,1076.271240234375
29,0.41463414634146356,0.0,1,9,-3,1076.271240234375
30,0.46341463414634143,0.0,1,9,-3,1076.271240234375
31,0.5121951219512195,0.0,1,9,-3,1076.271240234375
32,0.5609756097560976,0.0,1,9,-3,1076.271240234375
33,0.6097560975609757,0.0,1,9,-3,1076.271240234375
34,0.6585365853658538,0.0,1,9,-3,1076.271240234375
35,0.7073170731707317,0.0,1,9,-3,1076.271240234375
36,0.7560975609756098,0.0,1,9,-3,1076.271240234375
37,0.8048780487804879,0.0,1,9,-3,1076.271240234375
38,0.853658536585366,0.0,1,9,-3,1076.271240234375
39,0.902439024390244,0.0,1,9,-3,1076.271240234375
40,0.9512195121951219,0.0,1,9,-3,1076.271240234375
41,1.0,0.0,1,9,-3,1076.271240234375
0,-1.0,0.0,1,9,-2,1076.271240234375
1,-0.9512195121951219,0.0,1,9,-2,1076.271240234375
2,-0.9024390243902439,0.0,1,9,-2,1076.271240234375
3,-0.8536585365853658,0.0,1,9,-2,1076.271240234375
4,-0.8048780487804879,0.0,1,9,-2,1076.271240234375
5,-0.7560975609756098,0.0,1,9,-2,1076.271240234375
6,-0.7073170731707317,0.0,1,9,-2,1076.271240234375
7,-0.6585365853658536,0.0,1,9,-2,1076.271240234375
8,-0.6097560975609756,0.0,1,9,-2,1076.271240234375
9,-0.5609756097560976,0.0,1,9,-2,1076.271240234375
10,-0.5121951219512195,0.0,1,9,-2,1076.271240234375
11,-0.46341463414634143,0.0,1,9,-2,1076.271240234375
12,-0.41463414634146334,0.0,1,9,-2,1076.271240234375
13,-0.36585365853658536,0.0,1,9,-2,1076.271240234375
14,-0.31707317073170727,0.0,1,9,-2,1076.271240234375
15,-0.2682926829268293,0.0,1,9,-2,1076.271240234375
16,-0.2195121951219512,0.0,1,9,-2,1076.271240234375
17,-0.1707317073170731,0.0,1,9,-2,1076.271240234375
18,-0.12195121951219512,0.0,1,9,-2,1076.271240234375
19,-0.07317073170731703,0.0,1,9,-2,1076.271240234375
20,-0.024390243902439046,0.0,1,9,-2,1076.271240234375
21,0.024390243902439046,2.046692486601387e-07,1,9,-2,1076.271240234375
22,0.07317073170731714,3.941504473914392e-06,1,9,-2,1076.271240234375
23,0.12195121951219523,7.280344220816914e-07,1,9,-2,1076.271240234375
24,0.17073170731707332,2.6424231691635214e-07,1,9,-2,1076.271240234375
25,0.2195121951219512,1.4954180116433236e-08,1,9,-2,1076.271240234375
26,0.2682926829268293,8.044885646540934e-08,1,9,-2,1076.271240234375
27,0.3170731707317074,1.034869114846515e-06,1,9,-2,1076.271240234375
28,0.36585365853658547,4.116276613785885e-05,1,9,-2,1076.271240234375
29,0.41463414634146356,3.2114551231643418e-06,1,9,-2,1076.271240234375
30,0.46341463414634143,2.999842763529159e-06,1,9,-2,1076.271240234375
31,0.5121951219512195,0.00402487488463521,1,9,-2,1076.271240234375
32,0.5609756097560976,0.00024993912666104734,1,9,-2,1076.271240234375
33,0.6097560975609757,1.920728436743957e-06,1,9,-2,1076.271240234375
34,0.6585365853658538,1.7640533769736066e-05,1,9,-2,1076.271240234375
35,0.7073170731707317,8.270004059340863e-07,1,9,-2,1076.271240234375
36,0.7560975609756098,5.726691370000481e-07,1,9,-2,1076.271240234375
37,0.8048780487804879,1.5998308526832261e-06,1,9,-2,1076.271240234375
38,0.853658536585366,9.431949621330205e-08,1,9,-2,1076.271240234375
39,0.902439024390244,1.0435321655677399e-06,1,9,-2,1076.271240234375
40,0.9512195121951219,4.932772299071075e-06,1,9,-2,1076.271240234375
41,1.0,1.8129537693312159e-06,1,9,-2,1076.271240234375
0,-1.0,0.0,2,-6,-10,1076.271240234375
1,-0.9512195121951219,0.0,2,-6,-10,1076.271240234375
2,-0.9024390243902439,0.0,2,-6,-10,1076.271240234375
3,-0.8536585365853658,0.0,2,-6,-10,1076.271240234375
4,-0.8048780487804879,0.0,2,-6,-10,1076.271240234375
5,-0.7560975609756098,0.0,2,-6,-10,1076.271240234375
6,-0.7073170731707317,0.0,2,-6,-10,1076.271240234375
7,-0.6585365853658536,0.0,2,-6,-10,1076.271240234375
8,-0.6097560975609756,0.0,2,-6,-10,1076.271240234375
9,-0.5609756097560976,0.0,2,-6,-10,1076.271240234375
10,-0.5121951219512195,0.0,2,-6,-10,1076.271240234375
11,-0.46341463414634143,0.0,2,-6,-10,1076.271240234375
12,-0.41463414634146334,2.1765828250863706e-07,2,-6,-10,1076.271240234375
13,-0.36585365853658536,8.752306257520104e-07,2,-6,-10,1076.271240234375
14,-0.31707317073170727,1.9974561382696265e-06,2,-6,-10,1076.271240234375
15,-0.2682926829268293,8.936089557209925e-08,2,-6,-10,1076.271240234375
16,-0.2195121951219512,8.97216310136173e-08,2,-6,-10,1076.271240234375
17,-0.1707317073170731,1.7471870705776382e-07,2,-6,-10,1076.271240234375
18,-0.12195121951219512,4.337593395575823e-07,2,-6,-10,1076.271240234375
19,-0.07317073170731703,8.137519103001978e-08,2,-6,-10,1076.271240234375
20,-0.024390243902439046,1.2629128320895688e-07,2,-6,-10,1076.271240234375
21,0.024390243902439046,1.398210542902234e-06,2,-6,-10,1076.271240234375
22,0.07317073170731714,9.008451797853922e-07,2,-6,-10,1076.271240234375
23,0.12195121951219523,2.25116991714458e-06,2,-6,-10,1076.271240234375
24,0.17073170731707332,7.309397915378213e-06,2,-6,-10,1076.271240234375
25,0.2195121951219512,2.552863179516862e-06,2,-6,-10,1076.271240234375
26,0.2682926829268293,3.94742819480598e-05,2,-6,-10,1076.271240234375
27,0.3170731707317074,6.273790495470166e-05,2,-6,-10,1076.271240234375
28,0.36585365853658547,0.00023948546731844544,2,-6,-10,1076.271240234375
29,0.41463414634146356,0.0005100914277136326,2,-6,-10,1076.271240234375
30,0.46341463414634143,0.00020976066298317164,2,-6,-10,1076.271240234375
31,0.5121951219512195,2.1022384316893294e-05,2,-6,-10,1076.271240234375
32,0.5609756097560976,1.6763549865572713e-05,2,-6,-10,1076.271240234375
33,0.6097560975609757,6.877444320707582e-06,2,-6,-10,1076.271240234375
34,0.6585365853658538,4.54859628007398e-06,2,-6,-10,1076.271240234375
35,0.7073170731707317,2.305376710864948e-06,2,-6,-10,1076.271240234375
36,0.7560975609756098,6.844927042948257e-07,2,-6,-10,1076.271240234375
37,0.8048780487804879,1.2228709920236724e-06,2,-6,-10,1076.271240234375
38,0.853658536585366,1.4994338926044293e-06,2,-6,-10,1076.271240234375
39,0.902439024390244,3.366119756265107e-07,2,-6,-10,1076.271240234375
40,0.9512195121951219,6.368206868501147e-07,2,-6,-10,1076.271240234375
41,1.0,3.592548409869778e-07,2,-6,-10,1076.271240234375
0,-1.0,1.951959711732343e-05,2,-5,-9,1076.271240234375
1,-0.9512195121951219,3.911738167516887e-05,2,-5,-9,1076.271240234375
2,-0.9024390243902439,6.195247988216579e-05,2,-5,-9,1076.271240234375
3,-0.8536585365853658,0.0004583248228300363,2,-5,-9,1076.271240234375
4,-0.8048780487804879,0.014821541495621204,2,-5,-9,1076.271240234375
5,-0.7560975609756098,0.0015874361852183938,2,-5,-9,1076.271240234375
6,-0.7073170731707317,0.0003187065594829619,2,-5,-9,1076.271240234375
7,-0.6585365853658536,0.00012189854896860197,2,-5,-9,1076.271240234375
8,-0.6097560975609756,8.816600166028365e-05,2,-5,-9,1076.271240234375
9,-0.5609756097560976,4.492424341151491e-05,2,-5,-9,1076.271240234375
10,-0.5121951219512195,5.732835052185692e-05,2,-5,-9,1076.271240234375
11,-0.46341463414634143,9.603487342246808e-06,2,-5,-9,1076.271240234375
12,-0.41463414634146334,2.7596506697591394e-06,2,-5,-9,1076.271240234375
13,-0.36585365853658536,1.3739895621256437e-05,2,-5,-9,1076.271240234375
14,-0.31707317073170727,4.096871180081507e-06,2,-5,-9,1076.271240234375
15,-0.2682926829268293,3.2616571843391284e-05,2,-5,-9,1076.271240234375
16,-0.2195121951219512,2.0757231595780468e-06,2,-5,-9,1076.271240234375
17,-0.1707317073170731,3.85993780582794e-06,2,-5,-9,1076.271240234375
18,-0.12195121951219512,4.9477798711450305e-06,2,-5,-9,1076.271240234375
19,-0.07317073170731703,6.640826086368179e-06,2,-5,-9,1076.271240234375
20,-0.024390243902439046,6.98382450536883e-07,2,-5,-9,1076.271240234375
21,0.024390243902439046,1.8923288962469087e-06,2,-5,-9,1076.271240234375
22,0.07317073170731714,4.195593646727502e-06,2,-5,-9,1076.271240234375
23,0.12195121951219523,9.41914549912326e-07,2,-5,-9,1076.271240234375
24,0.17073170731707332,5.85013958698255e-06,2,-5,-9,1076.271240234375
25,0.2195121951219512,7.253455578393186e-07,2,-5,-9,1076.271240234375
26,0.2682926829268293,2.052827085208264e-06,2,-5,-9,1076.271240234375
27,0.3170731707317074,0.0,2,-5,-9,1076.271240234375
28,0.36585365853658547,0.0,2,-5,-9,1076.271240234375
29,0.41463414634146356,0.0,2,-5,-9,1076.271240234375
30,0.46341463414634143,0.0,2,-5,-9,1076.271240234375
31,0.5121951219512195,0.0,2,-5,-9,1076.271240234375
32,0.5609756097560976,0.0,2,-5,-9,1076.271240234375
33,0.6097560975609757,0.0,2,-5,-9,1076.271240234375
34,0.6585365853658538,0.0,2,-5,-9,1076.271240234375
35,0.7073170731707317,0.0,2,-5,-9,1076.271240234375
36,0.7560975609756098,0.0,2,-5,-9,1076.271240234375
37,0.8048780487804879,0.0,2,-5,-9,1076.271240234375
38,0.853658536585366,0.0,2,-5,-9,1076.271240234375
39,0.902439024390244,0.0,2,-5,-9,1076.271240234375
40,0.9512195121951219,0.0,2,-5,-9,1076.271240234375
41,1.0,0.0,2,-5,-9,1076.271240234375
0,-1.0,8.783964403846767e-06,2,-4,-9,1076.271240234375
1,-0.9512195121951219,9.33767751121195e-06,2,-4,-9,1076.271240234375
2,-0.9024390243902439,3.59734849553206e-06,2,-4,-9,1076.271240234375
3,-0.8536585365853658,6.168653271743096e-06,2,-4,-9,1076.271240234375
4,-0.8048780487804879,4.8527166654821485e-05,2,-4,-9,1076.271240234375
5,-0.7560975609756098,1.0131132057722425e-06,2,-4,-9,1076.271240234375
6,-0.7073170731707317,1.5808956959517673e-05,2,-4,-9,1076.271240234375
7,-0.6585365853658536,5.812487506773323e-05,2,-4,-9,1076.271240234375
8,-0.6097560975609756,6.242030940484256e-05,2,-4,-9,1076.271240234375
9,-0.5609756097560976,2.9261325835250318e-05,2,-4,-9,1076.271240234375
10,-0.5121951219512195,3.866461702273227e-05,2,-4,-9,1076.271240234375
11,-0.46341463414634143,6.436098919948563e-05,2,-4,-9,1076.271240234375
12,-0.41463414634146334,4.626486042980105e-05,2,-4,-9,1076.271240234375
13,-0.36585365853658536,9.393774234922603e-06,2,-4,-9,1076.271240234375
14,-0.31707317073170727,1.8704668036662042e-05,2,-4,-9,1076.271240234375
15,-0.2682926829268293,3.428525815252215e-05,2,-4,-9,1076.271240234375
16,-0.2195121951219512,2.344740460102912e-05,2,-4,-9,1076.271240234375
17,-0.1707317073170731,1.5212923244689591e-05,2,-4,-9,1076.271240234375
18,-0.12195121951219512,3.4670210879994556e-05,2,-4,-9,1076.271240234375
19,-0.07317073170731703,2.0296786829021585e-07,2,-4,-9,1076.271240234375
20,-0.024390243902439046,5.4089887271402404e-05,2,-4,-9,1076.271240234375
21,0.024390243902439046,0.0007081591174937785,2,-4,-9,1076.271240234375
22,0.07317073170731714,4.1942610550904647e-05,2,-4,-9,1076.271240234375
23,0.12195121951219523,0.0001149203089880757,2,-4,-9,1076.271240234375
24,0.17073170731707332,0.00017516154912300408,2,-4,-9,1076.271240234375
25,0.2195121951219512,0.006420436780899763,2,-4,-9,1076.271240234375
26,0.2682926829268293,0.006889249198138714,2,-4,-9,1076.271240234375
27,0.3170731707317074,3.830151035799645e-05,2,-4,-9,1076.271240234375
28,0.36585365853658547,0.00025848959921859205,2,-4,-9,1076.271240234375
29,0.41463414634146356,2.717398456297815e-05,2,-4,-9,1076.271240234375
30,0.46341463414634143,0.00010077848855871707,2,-4,-9,1076.271240234375
31,0.5121951219512195,4.9781170673668385e-05,2,-4,-9,1076.271240234375
32,0.5609756097560976,7.887406354711857e-06,2,-4,-9,1076.271240234375
33,0.6097560975609757,1.806187697184214e-06,2,-4,-9,1076.271240234375
34,0.6585365853658538,9.983536074287258e-06,2,-4,-9,1076.271240234375
35,0.7073170731707317,3.516346851029084e-06,2,-4,-9,1076.271240234375
36,0.7560975609756098,8.917692866816651e-06,2,-4,-9,1076.271240234375
37,0.8048780487804879,2.325976311112754e-05,2,-4,-9,1076.271240234375
38,0.853658536585366,3.27983843817492e-06,2,-4,-9,1076.271240234375
39,0.902439024390244,9.65722938417457e-06,2,-4,-9,1076.271240234375
40,0.9512195121951219,4.769253428094089e-05,2,-4,-9,1076.271240234375
41,1.0,1.1017551514669321e-05,2,-4,-9,1076.271240234375
0,-1.0,6.536839123327809e-07,2,2,-7,1076.271240234375
1,-0.9512195121951219,1.1578193834793638e-06,2,2,-7,1076.271240234375
2,-0.9024390243902439,5.00330543218297e-07,2,2,-7,1076.271240234375
3,-0.8536585365853658,4.1582185872357513e-07,2,2,-7,1076.271240234375
4,-0.8048780487804879,6.444701057262137e-07,2,2,-7,1076.271240234375
5,-0.7560975609756098,4.1486828195047565e-06,2,2,-7,1076.271240234375
6,-0.7073170731707317,1.2691104984696722e-06,2,2,-7,1076.271240234375
7,-0.6585365853658536,7.672657375223935e-06,2,2,-7,1076.271240234375
8,-0.6097560975609756,1.7084705916659004e-07,2,2,-7,1076.271240234375
9,-0.5609756097560976,1.6103441566883703e-06,2,2,-7,1076.271240234375
10,-0.5121951219512195,1.4569482118531596e-06,2,2,-7,1076.271240234375
11,-0.46341463414634143,7.64455853641266e-06,2,2,-7,1076.271240234375
12,-0.41463414634146334,2.7041376142733498e-06,2,2,-7,1076.271240234375
13,-0.36585365853658536,7.710378667979967e-06,2,2,-7,1076.271240234375
14,-0.31707317073170727,4.1695061554491986e-06,2,2,-7,1076.271240234375
15,-0.2682926829268293,3.879067662637681e-06,2,2,-7,1076.271240234375
16,-0.2195121951219512,4.491992910971021e-07,2,2,-7,1076.271240234375
17,-0.1707317073170731,1.9515786675583513e-07,2,2,-7,1076.271240234375
18,-0.12195121951219512,2.9127352263458306e-06,2,2,-7,1076.271240234375
19,-0.07317073170731703,1.9071570932283066e-05,2,2,-7,1076.271240234375
20,-0.024390243902439046,5.3868450777372345e-05,2,2,-7,1076.271240234375
21,0.024390243902439046,1.8592670869566064e-07,2,2,-7,1076.271240234375
22,0.07317073170731714,2.3638829588890076e-05,2,2,-7,1076.271240234375
23,0.12195121951219523,1.259615913795642e-07,2,2,-7,1076.271240234375
24,0.17073170731707332,2.9064094633213244e-05,2,2,-7,1076.271240234375
25,0.2195121951219512,1.3436276731226826e-06,2,2,-7,1076.271240234375
26,0.2682926829268293,5.181024971534498e-05,2,2,-7,1076.271240234375
27,0.3170731707317074,3.337471207487397e-05,2,2,-7,1076.271240234375
28,0.36585365853658547,6.64976832922548e-05,2,2,-7,1076.271240234375
29,0.41463414634146356,1.9281675122329034e-05,2,2,-7,1076.271240234375
30,0.46341463414634143,0.003887583501636982,2,2,-7,1076.271240234375
31,0.5121951219512195,0.004170452244579792,2,2,-7,1076.271240234375
32,0.5609756097560976,0.0014955376973375678,2,2,-7,1076.271240234375
33,0.6097560975609757,0.00022845652711112052,2,2,-7,1076.271240234375
34,0.6585365853658538,2.1234545783954673e-06,2,2,-7,1076.271240234375
35,0.7073170731707317,1.4114835721557029e-05,2,2,-7,1076.271240234375
36,0.7560975609756098,2.0846644474659115e-05,2,2,-7,1076.271240234375
37,0.8048780487804879,1.4376645594893489e-05,2,2,-7,1076.271240234375
38,0.853658536585366,1.615891775941236e-08,2,2,-7,1076.271240234375
39,0.902439024390244,2.9988272217451595e-05,2,2,-7,1076.271240234375
40,0.9512195121951219,3.8441954529844224e-05,2,2,-7,1076.271240234375
41,1.0,5.6843808124540374e-05,2,2,-7,1076.271240234375
0,-1.0,3.6202900446369313e-06,2,3,-7,1076.271240234375
1,-0.9512195121951219,2.9834277484042104e-06,2,3,-7,1076.271240234375
2,-0.9024390243902439,1.0131815542990807e-05,2,3,-7,1076.271240234375
3,-0.8536585365853658,1.538326068839524e-05,2,3,-7,1076.271240234375
4,-0.8048780487804879,1.195332697534468e-05,2,3,-7,1076.271240234375
5,-0.7560975609756098,6.23059895588085e-05,2,3,-7,1076.271240234375
6,-0.7073170731707317,2.6341347620473243e-05,2,3,-7,1076.271240234375
7,-0.6585365853658536,6.572114216396585e-05,2,3,-7,1076.271240234375
8,-0.6097560975609756,7.282205842784606e-06,2,3,-7,1076.271240234375
9,-0.5609756097560976,1.0142808605451137e-05,2,3,-7,1076.271240234375
10,-0.5121951219512195,7.471432036254555e-05,2,3,-7,1076.271240234375
11,-0.46341463414634143,3.2676125556463376e-05,2,3,-7,1076.271240234375
12,-0.41463414634146334,1.0421894330647774e-05,2,3,-7,1076.271240234375
13,-0.36585365853658536,5.3719882998848334e-05,2,3,-7,1076.271240234375
14,-0.31707317073170727,0.0026859312783926725,2,3,-7,1076.271240234375
15,-0.2682926829268293,0.003203656990081072,2,3,-7,1076.271240234375
16,-0.2195121951219512,1.9873303244821727e-05,2,3,-7,1076.271240234375
17,-0.1707317073170731,7.632555934833363e-05,2,3,-7,1076.271240234375
18,-0.12195121951219512,9.003894228953868e-05,2,3,-7,1076.271240234375
19,-0.07317073170731703,3.465799454716034e-05,2,3,-7,1076.271240234375
20,-0.024390243902439046,3.997326075477758e-06,2,3,-7,1076.271240234375
21,0.024390243902439046,9.025590657074645e-07,2,3,-7,1076.271240234375
22,0.07317073170731714,2.127083826053422e-05,2,3,-7,1076.271240234375
23,0.12195121951219523,1.0166304491576739e-05,2,3,-7,1076.271240234375
24,0.17073170731707332,5.263905222818721e-07,2,3,-7,1076.271240234375
25,0.2195121951219512,1.397327991981001e-06,2,3,-7,1076.271240234375
26,0.2682926829268293,6.503458735096501e-06,2,3,-7,1076.271240234375
27,0.3170731707317074,6.125306754256599e-06,2,3,-7,1076.271240234375
28,0.36585365853658547,3.0252060696511762e-06,2,3,-7,1076.271240234375
29,0.41463414634146356,3.765108658626559e-06,2,3,-7,1076.271240234375
30,0.46341463414634143,7.086273853929015e-06,2,3,-7,1076.271240234375
31,0.5121951219512195,3.241671819864678e-08,2,3,-7,1076.271240234375
32,0.5609756097560976,1.5700979929533787e-06,2,3,-7,1076.271240234375
33,0.6097560975609757,2.8082088192604715e-06,2,3,-7,1076.271240234375
34,0.6585365853658538,4.510244252742268e-06,2,3,-7,1076.271240234375
35,0.7073170731707317,5.1733513828367e-07,2,3,-7,1076.271240234375
36,0.7560975609756098,9.360006743008853e-07,2,3,-7,1076.271240234375
37,0.8048780487804879,1.3977144135424169e-06,2,3,-7,1076.271240234375
38,0.853658536585366,7.906964469839295e-07,2,3,-7,1076.271240234375
39,0.902439024390244,2.6402542516734684e-06,2,3,-7,1076.271240234375
40,0.9512195121951219,3.176919562974945e-05,2,3,-7,1076.271240234375
41,1.0,4.753522080136463e-05,2,3,-7,1076.271240234375
0,-1.0,2.100169331242796e-05,2,4,-7,1076.271240234375
1,-0.9512195121951219,2.7626681912806816e-05,2,4,-7,1076.271240234375
2,-0.9024390243902439,2.7399453756515868e-05,2,4,-7,1076.271240234375
3,-0.8536585365853658,2.9503664336516522e-05,2,4,-7,1076.271240234375
4,-0.8048780487804879,0.00010621259571053088,2,4,-7,1076.271240234375
5,-0.7560975609756098,0.0008684454369358718,2,4,-7,1076.271240234375
6,-0.7073170731707317,6.944508641026914e-05,2,4,-7,1076.271240234375
7,-0.6585365853658536,0.007238863501697779,2,4,-7,1076.271240234375
8,-0.6097560975609756,0.0005287910462357104,2,4,-7,1076.271240234375
9,-0.5609756097560976,0.0001809090026654303,2,4,-7,1076.271240234375
10,-0.5121951219512195,5.81232707190793e-05,2,4,-7,1076.271240234375
11,-0.46341463414634143,2.2417967556975782e-05,2,4,-7,1076.271240234375
12,-0.41463414634146334,5.509494076250121e-05,2,4,-7,1076.271240234375
13,-0.36585365853658536,1.5033286217658315e-05,2,4,-7,1076.271240234375
14,-0.31707317073170727,1.041355062625371e-05,2,4,-7,1076.271240234375
15,-0.2682926829268293,3.337837915751152e-05,2,4,-7,1076.271240234375
16,-0.2195121951219512,4.2704486986622214e-05,2,4,-7,1076.271240234375
17,-0.1707317073170731,2.2500926206703298e-05,2,4,-7,1076.271240234375
18,-0.12195121951219512,1.2252660781086888e-05,2,4,-7,1076.271240234375
19,-0.07317073170731703,2.396730451437179e-05,2,4,-7,1076.271240234375
20,-0.024390243902439046,3.1942210654278824e-08,2,4,-7,1076.271240234375
21,0.024390243902439046,1.4305319382401649e-06,2,4,-7,1076.271240234375
22,0.07317073170731714,1.4908508774169604e-06,2,4,-7,1076.271240234375
23,0.12195121951219523,1.7631563196118805e-06,2,4,-7,1076.271240234375
24,0.17073170731707332,3.117870335245243e-07,2,4,-7,1076.271240234375
25,0.2195121951219512,5.3916352271699e-07,2,4,-7,1076.271240234375
26,0.2682926829268293,6.413555979634111e-07,2,4,-7,1076.271240234375
27,0.3170731707317074,3.0709296083841764e-07,2,4,-7,1076.271240234375
28,0.36585365853658547,3.2780981200630777e-06,2,4,-7,1076.271240234375
29,0.41463414634146356,2.3280172172235325e-06,2,4,-7,1076.271240234375
30,0.46341463414634143,0.0,2,4,-7,1076.271240234375
31,0.5121951219512195,0.0,2,4,-7,1076.271240234375
32,0.5609756097560976,0.0,2,4,-7,1076.271240234375
33,0.6097560975609757,0.0,2,4,-7,1076.271240234375
34,0.6585365853658538,0.0,2,4,-7,1076.271240234375
35,0.7073170731707317,0.0,2,4,-7,1076.271240234375
36,0.7560975609756098,0.0,2,4,-7,1076.271240234375
37,0.8048780487804879,0.0,2,4,-7,1076.271240234375
38,0.853658536585366,0.0,2,4,-7,1076.271240234375
39,0.902439024390244,0.0,2,4,-7,1076.271240234375
40,0.9512195121951219,0.0,2,4,-7,1076.271240234375
41,1.0,0.0,2,4,-7,1076.271240234375
0,-1.0,0.0001244973245775327,2,5,-7,1076.271240234375
1,-0.9512195121951219,1.0887367352552246e-05,2,5,-7,1076.271240234375
2,-0.9024390243902439,0.0005797902122139931,2,5,-7,1076.271240234375
3,-0.8536585365853658,0.0005564222810789943,2,5,-7,1076.271240234375
4,-0.8048780487804879,0.003392200917005539,2,5,-7,1076.271240234375
5,-0.7560975609756098,5.557638723985292e-05,2,5,-7,1076.271240234375
6,-0.7073170731707317,5.693232378689572e-05,2,5,-7,1076.271240234375
7,-0.6585365853658536,4.561444802675396e-05,2,5,-7,1076.271240234375
8,-0.6097560975609756,4.7329291419373476e-07,2,5,-7,1076.271240234375
9,-0.5609756097560976,7.77486820879858e-06,2,5,-7,1076.271240234375
10,-0.5121951219512195,2.4587661755504087e-05,2,5,-7,1076.271240234375
11,-0.46341463414634143,1.097210497391643e-05,2,5,-7,1076.271240234375
12,-0.41463414634146334,8.606310984760057e-06,2,5,-7,1076.271240234375
13,-0.36585365853658536,2.3184134079201613e-06,2,5,-7,1076.271240234375
14,-0.31707317073170727,1.459026293559873e-06,2,5,-7,1076.271240234375
15,-0.2682926829268293,8.187212188204285e-06,2,5,-7,1076.271240234375
16,-0.2195121951219512,2.0068771391379414e-06,2,5,-7,1076.271240234375
17,-0.1707317073170731,2.4323394427483436e-06,2,5,-7,1076.271240234375
18,-0.12195121951219512,1.6143093262144248e-06,2,5,-7,1076.271240234375
19,-0.07317073170731703,3.5216226024203934e-06,2,5,-7,1076.271240234375
20,-0.024390243902439046,4.1158938302032766e-07,2,5,-7,1076.271240234375
21,0.024390243902439046,3.333040865527437e-07,2,5,-7,1076.271240234375
22,0.07317073170731714,1.6687895367795136e-06,2,5,-7,1076.271240234375
23,0.12195121951219523,0.0,2,5,-7,1076.271240234375
24,0.17073170731707332,0.0,2,5,-7,1076.271240234375
25,0.2195121951219512,0.0,2,5,-7,1076.271240234375
26,0.2682926829268293,0.0,2,5,-7,1076.271240234375
27,0.3170731707317074,0.0,2,5,-7,1076.271240234375
28,0.36585365853658547,0.0,2,5,-7,1076.271240234375
29,0.41463414634146356,0.0,2,5,-7,1076.271240234375
30,0.46341463414634143,0.0,2,5,-7,1076.271240234375
31,0.5121951219512195,0.0,2,5,-7,1076.271240234375
32,0.5609756097560976,0.0,2,5,-7,1076.271240234375
33,0.6097560975609757,0.0,2,5,-7,1076.271240234375
34,0.6585365853658538,0.0,2,5,-7,1076.271240234375
35,0.7073170731707317,0.0,2,5,-7,1076.271240234375
36,0.7560975609756098,0.0,2,5,-7,1076.271240234375
37,0.8048780487804879,0.0,2,5,-7,1076.271240234375
38,0.853658536585366,0.0,2,5,-7,1076.271240234375
39,0.902439024390244,0.0,2,5,-7,1076.271240234375
40,0.9512195121951219,0.0,2,5,-7,1076.271240234375
41,1.0,0.0,2,5,-7,1076.271240234375
0,-1.0,0.0001580816606292501,2,6,-7,1076.271240234375
1,-0.9512195121951219,0.00030081853037700057,2,6,-7,1076.271240234375
2,-0.9024390243902439,0.0031959705520421267,2,6,-7,1076.271240234375
3,-0.8536585365853658,0.0009352121269330382,2,6,-7,1076.271240234375
4,-0.8048780487804879,0.00019183002586942166,2,6,-7,1076.271240234375
5,-0.7560975609756098,0.00037967730895616114,2,6,-7,1076.271240234375
6,-0.7073170731707317,9.278845936933067e-06,2,6,-7,1076.271240234375
7,-0.6585365853658536,3.1515387490799185e-06,2,6,-7,1076.271240234375
8,-0.6097560975609756,3.5706721064343583e-06,2,6,-7,1076.271240234375
9,-0.5609756097560976,2.596215836092597e-06,2,6,-7,1076.271240234375
10,-0.5121951219512195,3.382126578799216e-06,2,6,-7,1076.271240234375
11,-0.46341463414634143,2.997866658915882e-06,2,6,-7,1076.271240234375
12,-0.41463414634146334,1.5295820503524737e-06,2,6,-7,1076.271240234375
13,-0.36585365853658536,2.995504246428027e-06,2,6,-7,1076.271240234375
14,-0.31707317073170727,1.5760684846100048e-07,2,6,-7,1076.271240234375
15,-0.2682926829268293,2.37774270317459e-06,2,6,-7,1076.271240234375
16,-0.2195121951219512,6.51766129067255e-07,2,6,-7,1076.271240234375
17,-0.1707317073170731,8.793854249233846e-07,2,6,-7,1076.271240234375
18,-0.12195121951219512,2.1868752355658216e-06,2,6,-7,1076.271240234375
19,-0.07317073170731703,0.0,2,6,-7,1076.271240234375
20,-0.024390243902439046,0.0,2,6,-7,1076.271240234375
21,0.024390243902439046,0.0,2,6,-7,1076.271240234375
22,0.07317073170731714,0.0,2,6,-7,1076.271240234375
23,0.12195121951219523,0.0,2,6,-7,1076.271240234375
24,0.17073170731707332,0.0,2,6,-7,1076.271240234375
25,0.2195121951219512,0.0,2,6,-7,1076.271240234375
26,0.2682926829268293,0.0,2,6,-7,1076.271240234375
27,0.3170731707317074,0.0,2,6,-7,1076.271240234375
28,0.36585365853658547,0.0,2,6,-7,1076.271240234375
29,0.41463414634146356,0.0,2,6,-7,1076.271240234375
30,0.46341463414634143,0.0,2,6,-7,1076.271240234375
31,0.5121951219512195,0.0,2,6,-7,1076.271240234375
32,0.5609756097560976,0.0,2,6,-7,1076.271240234375
33,0.6097560975609757,0.0,2,6,-7,1076.271240234375
34,0.6585365853658538,0.0,2,6,-7,1076.271240234375
35,0.7073170731707317,0.0,2,6,-7,1076.271240234375
36,0.7560975609756098,0.0,2,6,-7,1076.271240234375
37,0.8048780487804879,0.0,2,6,-7,1076.271240234375
38,0.853658536585366,0.0,2,6,-7,1076.271240234375
39,0.902439024390244,0.0,2,6,-7,1076.271240234375
40,0.9512195121951219,0.0,2,6,-7,1076.271240234375
41,1.0,0.0,2,6,-7,1076.271240234375
0,-1.0,0.0,2,6,-6,1076.271240234375
1,-0.9512195121951219,0.0,2,6,-6,1076.271240234375
2,-0.9024390243902439,0.0,2,6,-6,1076.271240234375
3,-0.8536585365853658,0.0,2,6,-6,1076.271240234375
4,-0.8048780487804879,0.0,2,6,-6,1076.271240234375
5,-0.7560975609756098,0.0,2,6,-6,1076.271240234375
6,-0.7073170731707317,0.0,2,6,-6,1076.271240234375
7,-0.6585365853658536,0.0,2,6,-6,1076.271240234375
8,-0.6097560975609756,0.0,2,6,-6,1076.271240234375
9,-0.5609756097560976,0.0,2,6,-6,1076.271240234375
10,-0.5121951219512195,0.0,2,6,-6,1076.271240234375
11,-0.46341463414634143,0.0,2,6,-6,1076.271240234375
12,-0.41463414634146334,0.0,2,6,-6,1076.271240234375
13,-0.36585365853658536,0.0,2,6,-6,1076.271240234375
14,-0.31707317073170727,0.0,2,6,-6,1076.271240234375
15,-0.2682926829268293,0.0,2,6,-6,1076.271240234375
16,-0.2195121951219512,0.0,2,6,-6,1076.271240234375
17,-0.1707317073170731,0.0,2,6,-6,1076.271240234375
18,-0.12195121951219512,0.0,2,6,-6,1076.271240234375
19,-0.07317073170731703,0.0,2,6,-6,1076.271240234375
20,-0.024390243902439046,0.0,2,6,-6,1076.271240234375
21,0.024390243902439046,0.0,2,6,-6,1076.271240234375
22,0.07317073170731714,0.0,2,6,-6,1076.271240234375
23,0.12195121951219523,0.0,2,6,-6,1076.271240234375
24,0.17073170731707332,8.906449124879146e-07,2,6,-6,1076.271240234375
25,0.2195121951219512,7.621515862865635e-08,2,6,-6,1076.271240234375
26,0.2682926829268293,2.648260704063432e-07,2,6,-6,1076.271240234375
27,0.3170731707317074,1.152712556518054e-07,2,6,-6,1076.271240234375
28,0.36585365853658547,1.911417712108232e-06,2,6,-6,1076.271240234375
29,0.41463414634146356,1.6962048903224058e-06,2,6,-6,1076.271240234375
30,0.46341463414634143,4.53353504781262e-06,2,6,-6,1076.271240234375
31,0.5121951219512195,1.0088954560671937e-08,2,6,-6,1076.271240234375
32,0.5609756097560976,7.85338272635272e-07,2,6,-6,1076.271240234375
33,0.6097560975609757,8.30530552775599e-06,2,6,-6,1076.271240234375
34,0.6585365853658538,1.1154660569445696e-05,2,6,-6,1076.271240234375
35,0.7073170731707317,1.4153592019283678e-05,2,6,-6,1076.271240234375
36,0.7560975609756098,3.075567747146124e-06,2,6,-6,1076.271240234375
37,0.8048780487804879,3.0050545319681987e-05,2,6,-6,1076.271240234375
38,0.853658536585366,0.00021949352230876684,2,6,-6,1076.271240234375
39,0.902439024390244,0.0008535339147783816,2,6,-6,1076.271240234375
40,0.9512195121951219,0.00020030168525408953,2,6,-6,1076.271240234375
41,1.0,1.3318440323928371e-05,2,6,-6,1076.271240234375
0,-1.0,3.2944033591775224e-05,2,7,-7,1076.271240234375
1,-0.9512195121951219,6.241514347493649e-05,2,7,-7,1076.271240234375
2,-0.9024390243902439,0.007452249526977539,2,7,-7,1076.271240234375
3,-0.8536585365853658,5.800850340165198e-05,2,7,-7,1076.271240234375
4,-0.8048780487804879,2.142458106391132e-05,2,7,-7,1076.271240234375
5,-0.7560975609756098,3.807502434938215e-05,2,7,-7,1076.271240234375
6,-0.7073170731707317,9.762504305399489e-06,2,7,-7,1076.271240234375
7,-0.6585365853658536,1.3563487755163806e-06,2,7,-7,1076.271240234375
8,-0.6097560975609756,7.765787017888215e-07,2,7,-7,1076.271240234375
9,-0.5609756097560976,2.447723773002508e-06,2,7,-7,1076.271240234375
10,-0.5121951219512195,1.7975182800000766e-06,2,7,-7,1076.271240234375
11,-0.46341463414634143,1.492145855763738e-07,2,7,-7,1076.271240234375
12,-0.41463414634146334,1.1857960089400876e-06,2,7,-7,1076.271240234375
13,-0.36585365853658536,4.2509969944148907e-07,2,7,-7,1076.271240234375
14,-0.31707317073170727,1.1260849532845896e-06,2,7,-7,1076.271240234375
15,-0.2682926829268293,8.313216426358849e-07,2,7,-7,1076.271240234375
16,-0.2195121951219512,0.0,2,7,-7,1076.271240234375
17,-0.1707317073170731,0.0,2,7,-7,1076.271240234375
18,-0.12195121951219512,0.0,2,7,-7,1076.271240234375
19,-0.07317073170731703,0.0,2,7,-7,1076.271240234375
20,-0.024390243902439046,0.0,2,7,-7,1076.271240234375
21,0.024390243902439046,0.0,2,7,-7,1076.271240234375
22,0.07317073170731714,0.0,2,7,-7,1076.271240234375
23,0.12195121951219523,0.0,2,7,-7,1076.271240234375
24,0.17073170731707332,0.0,2,7,-7,1076.271240234375
25,0.2195121951219512,0.0,2,7,-7,1076.271240234375
26,0.2682926829268293,0.0,2,7,-7,1076.271240234375
27,0.3170731707317074,0.0,2,7,-7,1076.271240234375
28,0.36585365853658547,0.0,2,7,-7,1076.271240234375
29,0.41463414634146356,0.0,2,7,-7,1076.271240234375
30,0.46341463414634143,0.0,2,7,-7,1076.271240234375
31,0.5121951219512195,0.0,2,7,-7,1076.271240234375
32,0.5609756097560976,0.0,2,7,-7,1076.271240234375
33,0.6097560975609757,0.0,2,7,-7,1076.271240234375
34,0.6585365853658538,0.0,2,7,-7,1076.271240234375
35,0.7073170731707317,0.0,2,7,-7,1076.271240234375
36,0.7560975609756098,0.0,2,7,-7,1076.271240234375
37,0.8048780487804879,0.0,2,7,-7,1076.271240234375
38,0.853658536585366,0.0,2,7,-7,1076.271240234375
39,0.902439024390244,0.0,2,7,-7,1076.271240234375
40,0.9512195121951219,0.0,2,7,-7,1076.271240234375
41,1.0,0.0,2,7,-7,1076.271240234375
0,-1.0,0.0,2,7,-6,1076.271240234375
1,-0.9512195121951219,0.0,2,7,-6,1076.271240234375
2,-0.9024390243902439,0.0,2,7,-6,1076.271240234375
3,-0.8536585365853658,0.0,2,7,-6,1076.271240234375
4,-0.8048780487804879,0.0,2,7,-6,1076.271240234375
5,-0.7560975609756098,0.0,2,7,-6,1076.271240234375
6,-0.7073170731707317,0.0,2,7,-6,1076.271240234375
7,-0.6585365853658536,0.0,2,7,-6,1076.271240234375
8,-0.6097560975609756,0.0,2,7,-6,1076.271240234375
9,-0.5609756097560976,0.0,2,7,-6,1076.271240234375
10,-0.5121951219512195,0.0,2,7,-6,1076.271240234375
11,-0.46341463414634143,0.0,2,7,-6,1076.271240234375
12,-0.41463414634146334,0.0,2,7,-6,1076.271240234375
13,-0.36585365853658536,0.0,2,7,-6,1076.271240234375
14,-0.31707317073170727,0.0,2,7,-6,1076.271240234375
15,-0.2682926829268293,0.0,2,7,-6,1076.271240234375
16,-0.2195121951219512,0.0,2,7,-6,1076.271240234375
17,-0.1707317073170731,0.0,2,7,-6,1076.271240234375
18,-0.12195121951219512,0.0,2,7,-6,1076.271240234375
19,-0.07317073170731703,0.0,2,7,-6,1076.271240234375
20,-0.024390243902439046,0.0,2,7,-6,1076.271240234375
21,0.024390243902439046,2.881784268993215e-07,2,7,-6,1076.271240234375
22,0.07317073170731714,2.015840294689042e-07,2,7,-6,1076.271240234375
23,0.12195121951219523,1.612447022125707e-06,2,7,-6,1076.271240234375
24,0.17073170731707332,4.981017355021322e-06,2,7,-6,1076.271240234375
25,0.2195121951219512,5.866213996341685e-06,2,7,-6,1076.271240234375
26,0.2682926829268293,4.331260697654216e-06,2,7,-6,1076.271240234375
27,0.3170731707317074,7.334654128499096e-07,2,7,-6,1076.271240234375
28,0.36585365853658547,1.7556042166688712e-06,2,7,-6,1076.271240234375
29,0.41463414634146356,4.8301517381332815e-06,2,7,-6,1076.271240234375
30,0.46341463414634143,2.4322803255927283e-06,2,7,-6,1076.271240234375
31,0.5121951219512195,6.847071199445054e-05,2,7,-6,1076.271240234375
32,0.5609756097560976,3.5632492654258385e-05,2,7,-6,1076.271240234375
33,0.6097560975609757,0.00030066820909269154,2,7,-6,1076.271240234375
34,0.6585365853658538,0.0018218399491161108,2,7,-6,1076.271240234375
35,0.7073170731707317,0.00024904267047531903,2,7,-6,1076.271240234375
36,0.7560975609756098,2.1472729713423178e-05,2,7,-6,1076.271240234375
37,0.8048780487804879,1.5411592357850168e-06,2,7,-6,1076.271240234375
38,0.853658536585366,1.5277512375178048e-06,2,7,-6,1076.271240234375
39,0.902439024390244,2.1764092252851697e-06,2,7,-6,1076.271240234375
40,0.9512195121951219,1.9561906810849905e-05,2,7,-6,1076.271240234375
41,1.0,1.4907013792253565e-05,2,7,-6,1076.271240234375
