tilt_index,tilt_angle,intensity,h,k,l,thickness
0,-1.0,6.354387096507708e-07,-3,-6,7,1157.627197265625
1,-0.9512195121951219,3.90847958442464e-07,-3,-6,7,1157.627197265625
2,-0.9024390243902439,6.064212357159704e-06,-3,-6,7,1157.627197265625
3,-0.8536585365853658,1.5510271396124153e-06,-3,-6,7,1157.627197265625
4,-0.8048780487804879,2.099177208947367e-06,-3,-6,7,1157.627197265625
5,-0.7560975609756098,1.766541026881896e-05,-3,-6,7,1157.627197265625
6,-0.7073170731707317,2.3935122953844257e-05,-3,-6,7,1157.627197265625
7,-0.6585365853658536,7.158509106375277e-05,-3,-6,7,1157.627197265625
8,-0.6097560975609756,0.0001283128949580714,-3,-6,7,1157.627197265625
9,-0.5609756097560976,0.007442518603056669,-3,-6,7,1157.627197265625
10,-0.5121951219512195,0.0005318198236636817,-3,-6,7,1157.627197265625
11,-0.46341463414634143,3.6950266803614795e-05,-3,-6,7,1157.627197265625
12,-0.41463414634146334,3.9994098187889904e-05,-3,-6,7,1157.627197265625
13,-0.36585365853658536,6.062521151761757e-07,-3,-6,7,1157.627197265625
14,-0.31707317073170727,5.997851076244842e-06,-3,-6,7,1157.627197265625
15,-0.2682926829268293,2.4498676793882623e-06,-3,-6,7,1157.627197265625
16,-0.2195121951219512,2.7840085294883465e-06,-3,-6,7,1157.627197265625
17,-0.1707317073170731,1.822016747610178e-05,-3,-6,7,1157.627197265625
18,-0.12195121951219512,3.699075534768781e-07,-3,-6,7,1157.627197265625
19,-0.07317073170731703,2.2096853626862867e-06,-3,-6,7,1157.627197265625
20,-0.024390243902439046,1.1716116432580748e-06,-3,-6,7,1157.627197265625
21,0.024390243902439046,2.537718046369264e-06,-3,-6,7,1157.627197265625
22,0.07317073170731714,1.9054448330280138e-06,-3,-6,7,1157.627197265625
23,0.12195121951219523,2.6231450078739726e-07,-3,-6,7,1157.627197265625
24,0.17073170731707332,0.0,-3,-6,7,1157.627197265625
25,0.2195121951219512,0.0,-3,-6,7,1157.627197265625
26,0.2682926829268293,0.0,-3,-6,7,1157.627197265625
27,0.3170731707317074,0.0,-3,-6,7,1157.627197265625
28,0.36585365853658547,0.0,-3,-6,7,1157.627197265625
29,0.41463414634146356,0.0,-3,-6,7,1157.627197265625
30,0.46341463414634143,0.0,-3,-6,7,1157.627197265625
31,0.5121951219512195,0.0,-3,-6,7,1157.627197265625
32,0.5609756097560976,0.0,-3,-6,7,1157.627197265625
33,0.6097560975609757,0.0,-3,-6,7,1157.627197265625
34,0.6585365853658538,0.0,-3,-6,7,1157.627197265625
35,0.7073170731707317,0.0,-3,-6,7,1157.627197265625
36,0.7560975609756098,0.0,-3,-6,7,1157.627197265625
37,0.8048780487804879,0.0,-3,-6,7,1157.627197265625
38,0.853658536585366,0.0,-3,-6,7,1157.627197265625
39,0.902439024390244,0.0,-3,-6,7,1157.627197265625
40,0.9512195121951219,0.0,-3,-6,7,1157.627197265625
41,1.0,0.0,-3,-6,7,1157.627197265625
0,-1.0,0.0,-3,-5,7,1157.627197265625
1,-0.9512195121951219,0.0,-3,-5,7,1157.627197265625
2,-0.9024390243902439,0.0,-3,-5,7,1157.627197265625
3,-0.8536585365853658,0.0,-3,-5,7,1157.627197265625
4,-0.8048780487804879,0.0,-3,-5,7,1157.627197265625
5,-0.7560975609756098,0.0,-3,-5,7,1157.627197265625
6,-0.7073170731707317,0.0,-3,-5,7,1157.627197265625
7,-0.6585365853658536,0.0,-3,-5,7,1157.627197265625
8,-0.6097560975609756,0.0,-3,-5,7,1157.627197265625
9,-0.5609756097560976,0.0,-3,-5,7,1157.627197265625
10,-0.5121951219512195,0.0,-3,-5,7,1157.627197265625
11,-0.46341463414634143,0.0,-3,-5,7,1157.627197265625
12,-0.41463414634146334,0.0,-3,-5,7,1157.627197265625
13,-0.36585365853658536,0.0,-3,-5,7,1157.627197265625
14,-0.31707317073170727,0.0,-3,-5,7,1157.627197265625
15,-0.2682926829268293,0.0,-3,-5,7,1157.627197265625
16,-0.2195121951219512,0.0,-3,-5,7,1157.627197265625
17,-0.1707317073170731,0.0,-3,-5,7,1157.627197265625
18,-0.12195121951219512,1.2890423022327013e-06,-3,-5,7,1157.627197265625
19,-0.07317073170731703,1.690395805553635e-07,-3,-5,7,1157.627197265625
20,-0.024390243902439046,2.2876090497447876e-06,-3,-5,7,1157.627197265625
21,0.024390243902439046,2.1493249278137228e-06,-3,-5,7,1157.627197265625
22,0.07317073170731714,3.361807102919556e-06,-3,-5,7,1157.627197265625
23,0.12195121951219523,1.2246525784576079e-06,-3,-5,7,1157.627197265625
24,0.17073170731707332,4.644259206543211e-06,-3,-5,7,1157.627197265625
25,0.2195121951219512,1.196859329866129e-06,-3,-5,7,1157.627197265625
26,0.2682926829268293,2.1012499928474426e-05,-3,-5,7,1157.627197265625
27,0.3170731707317074,4.706300751422532e-05,-3,-5,7,1157.627197265625
28,0.36585365853658547,6.830894676568278e-07,-3,-5,7,1157.627197265625
29,0.41463414634146356,8.405476137340884e-07,-3,-5,7,1157.627197265625
30,0.46341463414634143,5.598186544375494e-05,-3,-5,7,1157.627197265625
31,0.5121951219512195,1.0790992746478878e-05,-3,-5,7,1157.627197265625
32,0.5609756097560976,2.0241366655682214e-05,-3,-5,7,1157.627197265625
33,0.6097560975609757,2.85171736322809e-05,-3,-5,7,1157.627197265625
34,0.6585365853658538,0.0011704619973897934,-3,-5,7,1157.627197265625
35,0.7073170731707317,7.073001324897632e-05,-3,-5,7,1157.627197265625
36,0.7560975609756098,4.212124986224808e-05,-3,-5,7,1157.627197265625
37,0.8048780487804879,4.144410559092648e-05,-3,-5,7,1157.627197265625
38,0.853658536585366,1.6462595340271946e-06,-3,-5,7,1157.627197265625
39,0.902439024390244,4.920538412989117e-05,-3,-5,7,1157.627197265625
40,0.9512195121951219,2.5006644136738032e-05,-3,-5,7,1157.627197265625
41,1.0,4.570443707052618e-06,-3,-5,7,1157.627197265625
0,-1.0,3.6869582800136413e-06,-3,-4,8,1157.627197265625
1,-0.9512195121951219,4.641204213839956e-06,-3,-4,8,1157.627197265625
2,-0.9024390243902439,2.5527979730100014e-08,-3,-4,8,1157.627197265625
3,-0.8536585365853658,4.59341117675649e-06,-3,-4,8,1157.627197265625
4,-0.8048780487804879,1.8564298443379812e-05,-3,-4,8,1157.627197265625
5,-0.7560975609756098,7.785941124893725e-05,-3,-4,8,1157.627197265625
6,-0.7073170731707317,0.000169315782841295,-3,-4,8,1157.627197265625
7,-0.6585365853658536,0.00023369384871330112,-3,-4,8,1157.627197265625
8,-0.6097560975609756,0.0011346342507749796,-3,-4,8,1157.627197265625
9,-0.5609756097560976,0.0004779815790243447,-3,-4,8,1157.627197265625
10,-0.5121951219512195,0.0006117888260632753,-3,-4,8,1157.627197265625
11,-0.46341463414634143,0.00023980651167221367,-3,-4,8,1157.627197265625
12,-0.41463414634146334,0.0001253296504728496,-3,-4,8,1157.627197265625
13,-0.36585365853658536,8.360100036952645e-05,-3,-4,8,1157.627197265625
14,-0.31707317073170727,0.00013180795940570533,-3,-4,8,1157.627197265625
15,-0.2682926829268293,6.240748916752636e-05,-3,-4,8,1157.627197265625
16,-0.2195121951219512,1.7338992620352656e-05,-3,-4,8,1157.627197265625
17,-0.1707317073170731,1.1538982107595075e-06,-3,-4,8,1157.627197265625
18,-0.12195121951219512,3.825688963843277e-06,-3,-4,8,1157.627197265625
19,-0.07317073170731703,5.34279251951375e-07,-3,-4,8,1157.627197265625
20,-0.024390243902439046,4.5424735617416445e-06,-3,-4,8,1157.627197265625
21,0.024390243902439046,6.403986844816245e-06,-3,-4,8,1157.627197265625
22,0.07317073170731714,1.1283931598882191e-05,-3,-4,8,1157.627197265625
23,0.12195121951219523,4.114614512218395e-06,-3,-4,8,1157.627197265625
24,0.17073170731707332,1.8227568716611131e-06,-3,-4,8,1157.627197265625
25,0.2195121951219512,2.3959703412401723e-06,-3,-4,8,1157.627197265625
26,0.2682926829268293,8.049942152865697e-07,-3,-4,8,1157.627197265625
27,0.3170731707317074,1.3044568447639904e-07,-3,-4,8,1157.627197265625
28,0.36585365853658547,3.542776596532349e-07,-3,-4,8,1157.627197265625
29,0.41463414634146356,4.680510699017759e-07,-3,-4,8,1157.627197265625
30,0.46341463414634143,0.0,-3,-4,8,1157.627197265625
31,0.5121951219512195,0.0,-3,-4,8,1157.627197265625
32,0.5609756097560976,0.0,-3,-4,8,1157.627197265625
33,0.6097560975609757,0.0,-3,-4,8,1157.627197265625
34,0.6585365853658538,0.0,-3,-4,8,1157.627197265625
35,0.7073170731707317,0.0,-3,-4,8,1157.627197265625
36,0.7560975609756098,0.0,-3,-4,8,1157.627197265625
37,0.8048780487804879,0.0,-3,-4,8,1157.627197265625
38,0.853658536585366,0.0,-3,-4,8,1157.627197265625
39,0.902439024390244,0.0,-3,-4,8,1157.627197265625
40,0.9512195121951219,0.0,-3,-4,8,1157.627197265625
41,1.0,0.0,-3,-4,8,1157.627197265625
0,-1.0,4.004401944257552e-06,-3,4,11,1157.627197265625
1,-0.9512195121951219,8.730169611226302e-06,-3,4,11,1157.627197265625
2,-0.9024390243902439,2.550606950535439e-06,-3,4,11,1157.627197265625
3,-0.8536585365853658,3.032004087799578e-06,-3,4,11,1157.627197265625
4,-0.8048780487804879,3.362490679137409e-05,-3,4,11,1157.627197265625
5,-0.7560975609756098,3.8007652619853616e-05,-3,4,11,1157.627197265625
6,-0.7073170731707317,6.212363587110303e-06,-3,4,11,1157.627197265625
7,-0.6585365853658536,3.1662344554206356e-05,-3,4,11,1157.627197265625
8,-0.6097560975609756,2.3223543394124135e-05,-3,4,11,1157.627197265625
9,-0.5609756097560976,4.316711056162603e-05,-3,4,11,1157.627197265625
10,-0.5121951219512195,0.000768001948017627,-3,4,11,1157.627197265625
11,-0.46341463414634143,0.007154388353228569,-3,4,11,1157.627197265625
12,-0.41463414634146334,0.0008923657587729394,-3,4,11,1157.627197265625
13,-0.36585365853658536,0.0005441429675556719,-3,4,11,1157.627197265625
14,-0.31707317073170727,8.083721331786364e-05,-3,4,11,1157.627197265625
15,-0.2682926829268293,1.9010776668437757e-06,-3,4,11,1157.627197265625
16,-0.2195121951219512,4.5397326175589114e-05,-3,4,11,1157.627197265625
17,-0.1707317073170731,5.479651736095548e-05,-3,4,11,1157.627197265625
18,-0.12195121951219512,9.985144060919993e-06,-3,4,11,1157.627197265625
19,-0.07317073170731703,4.2398362154472125e-08,-3,4,11,1157.627197265625
20,-0.024390243902439046,6.8260260377428494e-06,-3,4,11,1157.627197265625
21,0.024390243902439046,1.0788822692120448e-05,-3,4,11,1157.627197265625
22,0.07317073170731714,3.701702553371433e-06,-3,4,11,1157.627197265625
23,0.12195121951219523,6.105059355832054e-07,-3,4,11,1157.627197265625
24,0.17073170731707332,3.9560468394483905e-06,-3,4,11,1157.627197265625
25,0.2195121951219512,1.8227046894025989e-06,-3,4,11,1157.627197265625
26,0.2682926829268293,7.10889935362502e-06,-3,4,11,1157.627197265625
27,0.3170731707317074,2.2118535980553133e-06,-3,4,11,1157.627197265625
28,0.36585365853658547,6.0613301684497856e-06,-3,4,11,1157.627197265625
29,0.41463414634146356,3.198299509676872e-06,-3,4,11,1157.627197265625
30,0.46341463414634143,1.555474113956734e-07,-3,4,11,1157.627197265625
31,0.5121951219512195,5.329362693373696e-07,-3,4,11,1157.627197265625
32,0.5609756097560976,4.132737103645923e-06,-3,4,11,1157.627197265625
33,0.6097560975609757,9.26211498608609e-07,-3,4,11,1157.627197265625
34,0.6585365853658538,8.726055966690183e-07,-3,4,11,1157.627197265625
35,0.7073170731707317,2.2408248696592636e-06,-3,4,11,1157.627197265625
36,0.7560975609756098,7.042494871711824e-06,-3,4,11,1157.627197265625
37,0.8048780487804879,6.5076028477051295e-06,-3,4,11,1157.627197265625
38,0.853658536585366,3.953117811761331e-06,-3,4,11,1157.627197265625
39,0.902439024390244,1.248675471288152e-05,-3,4,11,1157.627197265625
40,0.9512195121951219,4.3259942685835995e-06,-3,4,11,1157.627197265625
41,1.0,7.095200544426916e-06,-3,4,11,1157.627197265625
0,-1.0,0.0,-2,-8,2,1157.627197265625
1,-0.9512195121951219,0.0,-2,-8,2,1157.627197265625
2,-0.9024390243902439,0.0,-2,-8,2,1157.627197265625
3,-0.8536585365853658,0.0,-2,-8,2,1157.627197265625
4,-0.8048780487804879,0.0,-2,-8,2,1157.627197265625
5,-0.7560975609756098,0.0,-2,-8,2,1157.627197265625
6,-0.7073170731707317,0.0,-2,-8,2,1157.627197265625
7,-0.6585365853658536,0.0,-2,-8,2,1157.627197265625
8,-0.6097560975609756,0.0,-2,-8,2,1157.627197265625
9,-0.5609756097560976,0.0,-2,-8,2,1157.627197265625
10,-0.5121951219512195,0.0,-2,-8,2,1157.627197265625
11,-0.46341463414634143,0.0,-2,-8,2,1157.627197265625
12,-0.41463414634146334,0.0,-2,-8,2,1157.627197265625
13,-0.36585365853658536,0.0,-2,-8,2,1157.627197265625
14,-0.31707317073170727,0.0,-2,-8,2,1157.627197265625
15,-0.2682926829268293,0.0,-2,-8,2,1157.627197265625
16,-0.2195121951219512,0.0,-2,-8,2,1157.627197265625
17,-0.1707317073170731,0.0,-2,-8,2,1157.627197265625
18,-0.12195121951219512,0.0,-2,-8,2,1157.627197265625
19,-0.07317073170731703,0.0,-2,-8,2,1157.627197265625
20,-0.024390243902439046,0.0,-2,-8,2,1157.627197265625
21,0.024390243902439046,0.0,-2,-8,2,1157.627197265625
22,0.07317073170731714,1.7102599940699292e-06,-2,-8,2,1157.627197265625
23,0.12195121951219523,1.1956748835473263e-07,-2,-8,2,1157.627197265625
24,0.17073170731707332,6.46722583041992e-07,-2,-8,2,1157.627197265625
25,0.2195121951219512,3.6866535424451286e-07,-2,-8,2,1157.627197265625
26,0.2682926829268293,4.790387038156041e-07,-2,-8,2,1157.627197265625
27,0.3170731707317074,2.931952622020617e-06,-2,-8,2,1157.627197265625
28,0.36585365853658547,4.538570408385567e-08,-2,-8,2,1157.627197265625
29,0.41463414634146356,1.2114418495912105e-05,-2,-8,2,1157.627197265625
30,0.46341463414634143,3.596292299334891e-05,-2,-8,2,1157.627197265625
31,0.5121951219512195,1.5309191439882852e-05,-2,-8,2,1157.627197265625
32,0.5609756097560976,1.613824315427337e-05,-2,-8,2,1157.627197265625
33,0.6097560975609757,5.360945124266436e-06,-2,-8,2,1157.627197265625
34,0.6585365853658538,0.00017034600023180246,-2,-8,2,1157.627197265625
35,0.7073170731707317,1.459105533285765e-05,-2,-8,2,1157.627197265625
36,0.7560975609756098,1.098799998544564e-06,-2,-8,2,1157.627197265625
37,0.8048780487804879,2.3533507373940665e-06,-2,-8,2,1157.627197265625
38,0.853658536585366,4.2019786405944615e-07,-2,-8,2,1157.627197265625
39,0.902439024390244,1.8680383107039233e-07,-2,-8,2,1157.627197265625
40,0.9512195121951219,1.580286152602639e-06,-2,-8,2,1157.627197265625
41,1.0,1.835010579043228e-07,-2,-8,2,1157.627197265625
0,-1.0,1.912843254103791e-05,-2,-8,3,1157.627197265625
1,-0.9512195121951219,9.422990115126595e-05,-2,-8,3,1157.627197265625
2,-0.9024390243902439,0.0005929804174229503,-2,-8,3,1157.627197265625
3,-0.8536585365853658,2.7225591111346148e-05,-2,-8,3,1157.627197265625
4,-0.8048780487804879,2.3579116259497823e-06,-2,-8,3,1157.627197265625
5,-0.7560975609756098,1.254919311577396e-06,-2,-8,3,1157.627197265625
6,-0.7073170731707317,1.2028550600007293e-06,-2,-8,3,1157.627197265625
7,-0.6585365853658536,7.420798198154444e-08,-2,-8,3,1157.627197265625
8,-0.6097560975609756,8.231702395278262e-07,-2,-8,3,1157.627197265625
9,-0.5609756097560976,4.479515425259706e-08,-2,-8,3,1157.627197265625
10,-0.5121951219512195,5.58364376956888e-07,-2,-8,3,1157.627197265625
11,-0.46341463414634143,1.4618158274970483e-06,-2,-8,3,1157.627197265625
12,-0.41463414634146334,7.348483563873742e-07,-2,-8,3,1157.627197265625
13,-0.36585365853658536,2.1650394899097591e-07,-2,-8,3,1157.627197265625
14,-0.31707317073170727,0.0,-2,-8,3,1157.627197265625
15,-0.2682926829268293,0.0,-2,-8,3,1157.627197265625
16,-0.2195121951219512,0.0,-2,-8,3,1157.627197265625
17,-0.1707317073170731,0.0,-2,-8,3,1157.627197265625
18,-0.12195121951219512,0.0,-2,-8,3,1157.627197265625
19,-0.07317073170731703,0.0,-2,-8,3,1157.627197265625
20,-0.024390243902439046,0.0,-2,-8,3,1157.627197265625
21,0.024390243902439046,0.0,-2,-8,3,1157.627197265625
22,0.07317073170731714,0.0,-2,-8,3,1157.627197265625
23,0.12195121951219523,0.0,-2,-8,3,1157.627197265625
24,0.17073170731707332,0.0,-2,-8,3,1157.627197265625
25,0.2195121951219512,0.0,-2,-8,3,1157.627197265625
26,0.2682926829268293,0.0,-2,-8,3,1157.627197265625
27,0.3170731707317074,0.0,-2,-8,3,1157.627197265625
28,0.36585365853658547,0.0,-2,-8,3,1157.627197265625
29,0.41463414634146356,0.0,-2,-8,3,1157.627197265625
30,0.46341463414634143,0.0,-2,-8,3,1157.627197265625
31,0.5121951219512195,0.0,-2,-8,3,1157.627197265625
32,0.5609756097560976,0.0,-2,-8,3,1157.627197265625
33,0.6097560975609757,0.0,-2,-8,3,1157.627197265625
34,0.6585365853658538,0.0,-2,-8,3,1157.627197265625
35,0.7073170731707317,0.0,-2,-8,3,1157.627197265625
36,0.7560975609756098,0.0,-2,-8,3,1157.627197265625
37,0.8048780487804879,0.0,-2,-8,3,1157.627197265625
38,0.853658536585366,0.0,-2,-8,3,1157.627197265625
39,0.902439024390244,0.0,-2,-8,3,1157.627197265625
40,0.9512195121951219,0.0,-2,-8,3,1157.627197265625
41,1.0,0.0,-2,-8,3,1157.627197265625
0,-1.0,0.0,-2,-7,3,1157.627197265625
1,-0.9512195121951219,0.0,-2,-7,3,1157.627197265625
2,-0.9024390243902439,0.0,-2,-7,3,1157.627197265625
3,-0.8536585365853658,0.0,-2,-7,3,1157.627197265625
4,-0.8048780487804879,0.0,-2,-7,3,1157.627197265625
5,-0.7560975609756098,0.0,-2,-7,3,1157.627197265625
6,-0.7073170731707317,0.0,-2,-7,3,1157.627197265625
7,-0.6585365853658536,0.0,-2,-7,3,1157.627197265625
8,-0.6097560975609756,0.0,-2,-7,3,1157.627197265625
9,-0.5609756097560976,1.864143683860675e-07,-2,-7,3,1157.627197265625
10,-0.5121951219512195,4.324216718032403e-07,-2,-7,3,1157.627197265625
11,-0.46341463414634143,1.5548262126685586e-06,-2,-7,3,1157.627197265625
12,-0.41463414634146334,2.523686077893217e-07,-2,-7,3,1157.627197265625
13,-0.36585365853658536,1.3026642591285054e-05,-2,-7,3,1157.627197265625
14,-0.31707317073170727,1.4973527868278325e-05,-2,-7,3,1157.627197265625
15,-0.2682926829268293,5.2571144806279335e-06,-2,-7,3,1157.627197265625
16,-0.2195121951219512,8.477538244733296e-07,-2,-7,3,1157.627197265625
17,-0.1707317073170731,2.027495065703988e-05,-2,-7,3,1157.627197265625
18,-0.12195121951219512,9.094883353100158e-06,-2,-7,3,1157.627197265625
19,-0.07317073170731703,2.614234108477831e-05,-2,-7,3,1157.627197265625
20,-0.024390243902439046,0.0001656277891015634,-2,-7,3,1157.627197265625
21,0.024390243902439046,0.0033965359907597303,-2,-7,3,1157.627197265625
22,0.07317073170731714,0.0005453791236504912,-2,-7,3,1157.627197265625
23,0.12195121951219523,0.00014519751130137593,-2,-7,3,1157.627197265625
24,0.17073170731707332,1.2840659110224806e-05,-2,-7,3,1157.627197265625
25,0.2195121951219512,9.36365495363134e-07,-2,-7,3,1157.627197265625
26,0.2682926829268293,4.098941190022742e-06,-2,-7,3,1157.627197265625
27,0.3170731707317074,2.0550489807646954e-06,-2,-7,3,1157.627197265625
28,0.36585365853658547,2.1246893311399617e-07,-2,-7,3,1157.627197265625
29,0.41463414634146356,2.997221884015744e-07,-2,-7,3,1157.627197265625
30,0.46341463414634143,3.444986305112252e-06,-2,-7,3,1157.627197265625
31,0.5121951219512195,1.5422173191836919e-06,-2,-7,3,1157.627197265625
32,0.5609756097560976,3.847585958283162e-06,-2,-7,3,1157.627197265625
33,0.6097560975609757,2.509807927708607e-06,-2,-7,3,1157.627197265625
34,0.6585365853658538,8.835036169330124e-07,-2,-7,3,1157.627197265625
35,0.7073170731707317,0.0,-2,-7,3,1157.627197265625
36,0.7560975609756098,0.0,-2,-7,3,1157.627197265625
37,0.8048780487804879,0.0,-2,-7,3,1157.627197265625
38,0.853658536585366,0.0,-2,-7,3,1157.627197265625
39,0.902439024390244,0.0,-2,-7,3,1157.627197265625
40,0.9512195121951219,0.0,-2,-7,3,1157.627197265625
41,1.0,0.0,-2,-7,3,1157.627197265625
0,-1.0,2.779684291454032e-05,-2,-6,4,1157.627197265625
1,-0.9512195121951219,8.318036634591408e-06,-2,-6,4,1157.627197265625
2,-0.9024390243902439,3.7029487430118024e-05,-2,-6,4,1157.627197265625
3,-0.8536585365853658,0.00011176689440617338,-2,-6,4,1157.627197265625
4,-0.8048780487804879,0.00048645760398358107,-2,-6,4,1157.627197265625
5,-0.7560975609756098,0.008893107064068317,-2,-6,4,1157.627197265625
6,-0.7073170731707317,0.0006344447610899806,-2,-6,4,1157.627197265625
7,-0.6585365853658536,8.15057831005106e-07,-2,-6,4,1157.627197265625
8,-0.6097560975609756,3.354947330080904e-05,-2,-6,4,1157.627197265625
9,-0.5609756097560976,1.8322498362977058e-05,-2,-6,4,1157.627197265625
10,-0.5121951219512195,6.297823347267695e-06,-2,-6,4,1157.627197265625
11,-0.46341463414634143,1.2095037163817324e-05,-2,-6,4,1157.627197265625
12,-0.41463414634146334,1.695630800213621e-07,-2,-6,4,1157.627197265625
13,-0.36585365853658536,3.8803987990831956e-05,-2,-6,4,1157.627197265625
14,-0.31707317073170727,1.9087538021267392e-05,-2,-6,4,1157.627197265625
15,-0.2682926829268293,1.331148905592272e-05,-2,-6,4,1157.627197265625
16,-0.2195121951219512,1.7016735682773287e-06,-2,-6,4,1157.627197265625
17,-0.1707317073170731,2.42895694100298e-05,-2,-6,4,1157.627197265625
18,-0.12195121951219512,1.7924193116414244e-06,-2,-6,4,1157.627197265625
19,-0.07317073170731703,2.2018200525053544e-06,-2,-6,4,1157.627197265625
20,-0.024390243902439046,1.2094773182980134e-06,-2,-6,4,1157.627197265625
21,0.024390243902439046,0.0,-2,-6,4,1157.627197265625
22,0.07317073170731714,0.0,-2,-6,4,1157.627197265625
23,0.12195121951219523,0.0,-2,-6,4,1157.627197265625
24,0.17073170731707332,0.0,-2,-6,4,1157.627197265625
25,0.2195121951219512,0.0,-2,-6,4,1157.627197265625
26,0.2682926829268293,0.0,-2,-6,4,1157.627197265625
27,0.3170731707317074,0.0,-2,-6,4,1157.627197265625
28,0.36585365853658547,0.0,-2,-6,4,1157.627197265625
29,0.41463414634146356,0.0,-2,-6,4,1157.627197265625
30,0.46341463414634143,0.0,-2,-6,4,1157.627197265625
31,0.5121951219512195,0.0,-2,-6,4,1157.627197265625
32,0.5609756097560976,0.0,-2,-6,4,1157.627197265625
33,0.6097560975609757,0.0,-2,-6,4,1157.627197265625
34,0.6585365853658538,0.0,-2,-6,4,1157.627197265625
35,0.7073170731707317,0.0,-2,-6,4,1157.627197265625
36,0.7560975609756098,0.0,-2,-6,4,1157.627197265625
37,0.8048780487804879,0.0,-2,-6,4,1157.627197265625
38,0.853658536585366,0.0,-2,-6,4,1157.627197265625
39,0.902439024390244,0.0,-2,-6,4,1157.627197265625
40,0.9512195121951219,0.0,-2,-6,4,1157.627197265625
41,1.0,0.0,-2,-6,4,1157.627197265625
0,-1.0,0.0,-2,-5,4,1157.627197265625
1,-0.9512195121951219,0.0,-2,-5,4,1157.627197265625
2,-0.9024390243902439,0.0,-2,-5,4,1157.627197265625
3,-0.8536585365853658,0.0,-2,-5,4,1157.627197265625
4,-0.8048780487804879,0.0,-2,-5,4,1157.627197265625
5,-0.7560975609756098,0.0,-2,-5,4,1157.627197265625
6,-0.7073170731707317,0.0,-2,-5,4,1157.627197265625
7,-0.6585365853658536,0.0,-2,-5,4,1157.627197265625
8,-0.6097560975609756,0.0,-2,-5,4,1157.627197265625
9,-0.5609756097560976,0.0,-2,-5,4,1157.627197265625
10,-0.5121951219512195,0.0,-2,-5,4,1157.627197265625
11,-0.46341463414634143,0.0,-2,-5,4,1157.627197265625
12,-0.41463414634146334,0.0,-2,-5,4,1157.627197265625
13,-0.36585365853658536,4.670117959904019e-06,-2,-5,4,1157.627197265625
14,-0.31707317073170727,4.0206523976848985e-07,-2,-5,4,1157.627197265625
15,-0.2682926829268293,1.1588837878662162e-05,-2,-5,4,1157.627197265625
16,-0.2195121951219512,3.84968825528631e-06,-2,-5,4,1157.627197265625
17,-0.1707317073170731,9.53799462877214e-06,-2,-5,4,1157.627197265625
18,-0.12195121951219512,3.257741809647996e-06,-2,-5,4,1157.627197265625
19,-0.07317073170731703,4.426858140504919e-06,-2,-5,4,1157.627197265625
20,-0.024390243902439046,7.102104973455425e-06,-2,-5,4,1157.627197265625
21,0.024390243902439046,3.548790846252814e-05,-2,-5,4,1157.627197265625
22,0.07317073170731714,2.512856008252129e-05,-2,-5,4,1157.627197265625
23,0.12195121951219523,2.5527344860165613e-06,-2,-5,4,1157.627197265625
24,0.17073170731707332,9.506298738415353e-06,-2,-5,4,1157.627197265625
25,0.2195121951219512,1.8149348761653528e-05,-2,-5,4,1157.627197265625
26,0.2682926829268293,2.815826519508846e-06,-2,-5,4,1157.627197265625
27,0.3170731707317074,2.2884656573296525e-05,-2,-5,4,1157.627197265625
28,0.36585365853658547,0.00015196649474091828,-2,-5,4,1157.627197265625
29,0.41463414634146356,0.0015573011478409171,-2,-5,4,1157.627197265625
30,0.46341463414634143,0.05186434090137482,-2,-5,4,1157.627197265625
31,0.5121951219512195,3.472475873422809e-05,-2,-5,4,1157.627197265625
32,0.5609756097560976,0.0001591849431861192,-2,-5,4,1157.627197265625
33,0.6097560975609757,8.794779205345549e-06,-2,-5,4,1157.627197265625
34,0.6585365853658538,0.00036550083314068615,-2,-5,4,1157.627197265625
35,0.7073170731707317,1.4924909919500351e-05,-2,-5,4,1157.627197265625
36,0.7560975609756098,5.171359134692466e-06,-2,-5,4,1157.627197265625
37,0.8048780487804879,1.3148148809705162e-06,-2,-5,4,1157.627197265625
38,0.853658536585366,4.097095370525494e-06,-2,-5,4,1157.627197265625
39,0.902439024390244,2.932530605903594e-06,-2,-5,4,1157.627197265625
40,0.9512195121951219,2.219689304183703e-05,-2,-5,4,1157.627197265625
41,1.0,5.7851557357935235e-06,-2,-5,4,1157.627197265625
0,-1.0,2.2596388589590788e-05,-2,-4,5,1157.627197265625
1,-0.9512195121951219,5.305152808432467e-05,-2,-4,5,1157.627197265625
2,-0.9024390243902439,0.0005222114268690348,-2,-4,5,1157.627197265625
3,-0.8536585365853658,0.0010019573383033276,-2,-4,5,1157.627197265625
4,-0.8048780487804879,0.01841253787279129,-2,-4,5,1157.627197265625
5,-0.7560975609756098,0.00042224605567753315,-2,-4,5,1157.627197265625
6,-0.7073170731707317,0.0004219396214466542,-2,-4,5,1157.627197265625
7,-0.6585365853658536,0.00036201681359671056,-2,-4,5,1157.627197265625
8,-0.6097560975609756,1.3019020116189495e-05,-2,-4,5,1157.627197265625
9,-0.5609756097560976,7.763095709378831e-06,-2,-4,5,1157.627197265625
10,-0.5121951219512195,8.621610504633281e-06,-2,-4,5,1157.627197265625
11,-0.46341463414634143,5.114456598676043e-06,-2,-4,5,1157.627197265625
12,-0.41463414634146334,6.075309556763386e-06,-2,-4,5,1157.627197265625
13,-0.36585365853658536,2.6989671823685057e-05,-2,-4,5,1157.627197265625
14,-0.31707317073170727,7.952717714942992e-05,-2,-4,5,1157.627197265625
15,-0.2682926829268293,4.318245191825554e-05,-2,-4,5,1157.627197265625
16,-0.2195121951219512,5.342578879208304e-05,-2,-4,5,1157.627197265625
17,-0.1707317073170731,4.939129939884879e-05,-2,-4,5,1157.627197265625
18,-0.12195121951219512,3.2287334761349484e-06,-2,-4,5,1157.627197265625
19,-0.07317073170731703,3.155297235934995e-06,-2,-4,5,1157.627197265625
20,-0.024390243902439046,1.6557189155719243e-05,-2,-4,5,1157.627197265625
21,0.024390243902439046,3.3038355695680366e-07,-2,-4,5,1157.627197265625
22,0.07317073170731714,1.2184011666249717e-06,-2,-4,5,1157.627197265625
23,0.12195121951219523,7.222939188977762e-07,-2,-4,5,1157.627197265625
24,0.17073170731707332,2.1093818247663876e-07,-2,-4,5,1157.627197265625
25,0.2195121951219512,4.6387885532794826e-08,-2,-4,5,1157.627197265625
26,0.2682926829268293,1.1101307251237813e-07,-2,-4,5,1157.627197265625
27,0.3170731707317074,0.0,-2,-4,5,1157.627197265625
28,0.36585365853658547,0.0,-2,-4,5,1157.627197265625
29,0.41463414634146356,0.0,-2,-4,5,1157.627197265625
30,0.46341463414634143,0.0,-2,-4,5,1157.627197265625
31,0.5121951219512195,0.0,-2,-4,5,1157.627197265625
32,0.5609756097560976,0.0,-2,-4,5,1157.627197265625
33,0.6097560975609757,0.0,-2,-4,5,1157.627197265625
34,0.6585365853658538,0.0,-2,-4,5,1157.627197265625
35,0.7073170731707317,0.0,-2,-4,5,1157.627197265625
36,0.7560975609756098,0.0,-2,-4,5,1157.627197265625
37,0.8048780487804879,0.0,-2,-4,5,1157.627197265625
38,0.853658536585366,0.0,-2,-4,5,1157.627197265625
39,0.902439024390244,0.0,-2,-4,5,1157.627197265625
40,0.9512195121951219,0.0,-2,-4,5,1157.627197265625
41,1.0,0.0,-2,-4,5,1157.627197265625
0,-1.0,0.0,-2,-3,5,1157.627197265625
1,-0.9512195121951219,0.0,-2,-3,5,1157.627197265625
2,-0.9024390243902439,0.0,-2,-3,5,1157.627197265625
3,-0.8536585365853658,0.0,-2,-3,5,1157.627197265625
4,-0.8048780487804879,0.0,-2,-3,5,1157.627197265625
5,-0.7560975609756098,0.0,-2,-3,5,1157.627197265625
6,-0.7073170731707317,0.0,-2,-3,5,1157.627197265625
7,-0.6585365853658536,0.0,-2,-3,5,1157.627197265625
8,-0.6097560975609756,0.0,-2,-3,5,1157.627197265625
9,-0.5609756097560976,0.0,-2,-3,5,1157.627197265625
10,-0.5121951219512195,0.0,-2,-3,5,1157.627197265625
11,-0.46341463414634143,0.0,-2,-3,5,1157.627197265625
12,-0.41463414634146334,1.998918924073223e-05,-2,-3,5,1157.627197265625
13,-0.36585365853658536,3.3028106827259762e-06,-2,-3,5,1157.627197265625
14,-0.31707317073170727,3.8051071896916255e-05,-2,-3,5,1157.627197265625
15,-0.2682926829268293,0.00012540440366137773,-2,-3,5,1157.627197265625
16,-0.2195121951219512,7.91301135905087e-05,-2,-3,5,1157.627197265625
17,-0.1707317073170731,8.310210978379473e-05,-2,-3,5,1157.627197265625
18,-0.12195121951219512,1.9036643834624556e-06,-2,-3,5,1157.627197265625
19,-0.07317073170731703,3.387072138139047e-05,-2,-3,5,1157.627197265625
20,-0.024390243902439046,4.048153277835809e-05,-2,-3,5,1157.627197265625
21,0.024390243902439046,8.069106115726754e-05,-2,-3,5,1157.627197265625
22,0.07317073170731714,0.0002823361719492823,-2,-3,5,1157.627197265625
23,0.12195121951219523,0.00010468573600519449,-2,-3,5,1157.627197265625
24,0.17073170731707332,2.077814679068979e-05,-2,-3,5,1157.627197265625
25,0.2195121951219512,1.0938366358459461e-05,-2,-3,5,1157.627197265625
26,0.2682926829268293,7.976577035151422e-05,-2,-3,5,1157.627197265625
27,0.3170731707317074,0.00031272167689166963,-2,-3,5,1157.627197265625
28,0.36585365853658547,0.00011202905443497002,-2,-3,5,1157.627197265625
29,0.41463414634146356,5.639646769850515e-05,-2,-3,5,1157.627197265625
30,0.46341463414634143,0.0002736113383434713,-2,-3,5,1157.627197265625
31,0.5121951219512195,1.6891690393094905e-05,-2,-3,5,1157.627197265625
32,0.5609756097560976,0.0003167482791468501,-2,-3,5,1157.627197265625
33,0.6097560975609757,0.000971366825979203,-2,-3,5,1157.627197265625
34,0.6585365853658538,0.0014170336071401834,-2,-3,5,1157.627197265625
35,0.7073170731707317,0.0013477253960445523,-2,-3,5,1157.627197265625
36,0.7560975609756098,0.00021518445282708853,-2,-3,5,1157.627197265625
37,0.8048780487804879,0.00041778982267715037,-2,-3,5,1157.627197265625
38,0.853658536585366,0.010936900041997433,-2,-3,5,1157.627197265625
39,0.902439024390244,0.16735820472240448,-2,-3,5,1157.627197265625
40,0.9512195121951219,0.14597906172275543,-2,-3,5,1157.627197265625
41,1.0,0.011943426914513111,-2,-3,5,1157.627197265625
0,-1.0,0.0011864033294841647,-2,1,7,1157.627197265625
1,-0.9512195121951219,0.0006071183015592396,-2,1,7,1157.627197265625
2,-0.9024390243902439,0.0005778083577752113,-2,1,7,1157.627197265625
3,-0.8536585365853658,0.003888864768669009,-2,1,7,1157.627197265625
4,-0.8048780487804879,0.03056822344660759,-2,1,7,1157.627197265625
5,-0.7560975609756098,0.007344849873334169,-2,1,7,1157.627197265625
6,-0.7073170731707317,0.033277496695518494,-2,1,7,1157.627197265625
7,-0.6585365853658536,0.06333962082862854,-2,1,7,1157.627197265625
8,-0.6097560975609756,0.10441949218511581,-2,1,7,1157.627197265625
9,-0.5609756097560976,0.13100580871105194,-2,1,7,1157.627197265625
10,-0.5121951219512195,0.115902379155159,-2,1,7,1157.627197265625
11,-0.46341463414634143,0.1948053538799286,-2,1,7,1157.627197265625
12,-0.41463414634146334,0.2464495599269867,-2,1,7,1157.627197265625
13,-0.36585365853658536,0.15175695717334747,-2,1,7,1157.627197265625
14,-0.31707317073170727,0.025948883965611458,-2,1,7,1157.627197265625
15,-0.2682926829268293,0.0026804956141859293,-2,1,7,1157.627197265625
16,-0.2195121951219512,0.008373507298529148,-2,1,7,1157.627197265625
17,-0.1707317073170731,0.009643037803471088,-2,1,7,1157.627197265625
18,-0.12195121951219512,0.0011068766470998526,-2,1,7,1157.627197265625
19,-0.07317073170731703,0.0003648101701401174,-2,1,7,1157.627197265625
20,-0.024390243902439046,0.003923463169485331,-2,1,7,1157.627197265625
21,0.024390243902439046,0.0009350221953354776,-2,1,7,1157.627197265625
22,0.07317073170731714,0.0027833653148263693,-2,1,7,1157.627197265625
23,0.12195121951219523,0.004082055296748877,-2,1,7,1157.627197265625
24,0.17073170731707332,0.0035168221220374107,-2,1,7,1157.627197265625
25,0.2195121951219512,0.0035118560772389174,-2,1,7,1157.627197265625
26,0.2682926829268293,0.0010502660879865289,-2,1,7,1157.627197265625
27,0.3170731707317074,0.00012473911920096725,-2,1,7,1157.627197265625
28,0.36585365853658547,6.966651562834159e-05,-2,1,7,1157.627197265625
29,0.41463414634146356,0.002395658055320382,-2,1,7,1157.627197265625
30,0.46341463414634143,0.0008735992596484721,-2,1,7,1157.627197265625
31,0.5121951219512195,0.0006732382462359965,-2,1,7,1157.627197265625
32,0.5609756097560976,0.0015847270842641592,-2,1,7,1157.627197265625
33,0.6097560975609757,0.0012927186908200383,-2,1,7,1157.627197265625
34,0.6585365853658538,0.0006154509610496461,-2,1,7,1157.627197265625
35,0.7073170731707317,0.0003263638645876199,-2,1,7,1157.627197265625
36,0.7560975609756098,1.6017176676541567e-05,-2,1,7,1157.627197265625
37,0.8048780487804879,2.048630813078489e-05,-2,1,7,1157.627197265625
38,0.853658536585366,0.0001826916413847357,-2,1,7,1157.627197265625
39,0.902439024390244,0.00026930993772111833,-2,1,7,1157.627197265625
40,0.9512195121951219,0.0006692910683341324,-2,1,7,1157.627197265625
41,1.0,0.0009273442556150258,-2,1,7,1157.627197265625
0,-1.0,1.1517590792209376e-05,-2,4,8,1157.627197265625
1,-0.9512195121951219,5.892874810342619e-07,-2,4,8,1157.627197265625
2,-0.9024390243902439,3.354750788275851e-06,-2,4,8,1157.627197265625
3,-0.8536585365853658,2.153293098672293e-05,-2,4,8,1157.627197265625
4,-0.8048780487804879,6.240569928195328e-05,-2,4,8,1157.627197265625
5,-0.7560975609756098,8.183337922673672e-05,-2,4,8,1157.627197265625
6,-0.7073170731707317,5.2366169256856665e-05,-2,4,8,1157.627197265625
7,-0.6585365853658536,8.170511136995628e-05,-2,4,8,1157.627197265625
8,-0.6097560975609756,0.00033451823401264846,-2,4,8,1157.627197265625
9,-0.5609756097560976,0.0004730079381261021,-2,4,8,1157.627197265625
10,-0.5121951219512195,0.0005661160103045404,-2,4,8,1157.627197265625
11,-0.46341463414634143,0.0017803972586989403,-2,4,8,1157.627197265625
12,-0.41463414634146334,0.003461648477241397,-2,4,8,1157.627197265625
13,-0.36585365853658536,0.004072282463312149,-2,4,8,1157.627197265625
14,-0.31707317073170727,0.002832879079505801,-2,4,8,1157.627197265625
15,-0.2682926829268293,0.0044396501034498215,-2,4,8,1157.627197265625
16,-0.2195121951219512,0.00030507962219417095,-2,4,8,1157.627197265625
17,-0.1707317073170731,0.0007197624072432518,-2,4,8,1157.627197265625
18,-0.12195121951219512,6.681403465336189e-05,-2,4,8,1157.627197265625
19,-0.07317073170731703,1.2643500667763874e-05,-2,4,8,1157.627197265625
20,-0.024390243902439046,3.3197113225469366e-05,-2,4,8,1157.627197265625
21,0.024390243902439046,1.819322392293543e-06,-2,4,8,1157.627197265625
22,0.07317073170731714,2.1264634142426075e-06,-2,4,8,1157.627197265625
23,0.12195121951219523,1.4447968169406522e-05,-2,4,8,1157.627197265625
24,0.17073170731707332,2.5783158434933284e-06,-2,4,8,1157.627197265625
25,0.2195121951219512,2.2050965071684914e-06,-2,4,8,1157.627197265625
26,0.2682926829268293,2.4081546143861488e-06,-2,4,8,1157.627197265625
27,0.3170731707317074,1.8276302853337256e-06,-2,4,8,1157.627197265625
28,0.36585365853658547,1.3675147556568845e-06,-2,4,8,1157.627197265625
29,0.41463414634146356,1.9539706045179628e-05,-2,4,8,1157.627197265625
30,0.46341463414634143,2.3305897229874972e-06,-2,4,8,1157.627197265625
31,0.5121951219512195,8.753899010116584e-07,-2,4,8,1157.627197265625
32,0.5609756097560976,1.8964932451126515e-06,-2,4,8,1157.627197265625
33,0.6097560975609757,4.980392077413853e-06,-2,4,8,1157.627197265625
34,0.6585365853658538,1.160228293883847e-06,-2,4,8,1157.627197265625
35,0.7073170731707317,2.6567768145469017e-06,-2,4,8,1157.627197265625
36,0.7560975609756098,2.984960929097724e-06,-2,4,8,1157.627197265625
37,0.8048780487804879,1.0091534022649284e-05,-2,4,8,1157.627197265625
38,0.853658536585366,1.0290251339029055e-05,-2,4,8,1157.627197265625
39,0.902439024390244,3.450589065323584e-05,-2,4,8,1157.627197265625
40,0.9512195121951219,1.7851449229056016e-05,-2,4,8,1157.627197265625
41,1.0,1.6085494962680968e-06,-2,4,8,1157.627197265625
0,-1.0,0.0,-2,6,9,1157.627197265625
1,-0.9512195121951219,0.0,-2,6,9,1157.627197265625
2,-0.9024390243902439,0.0,-2,6,9,1157.627197265625
3,-0.8536585365853658,0.0,-2,6,9,1157.627197265625
4,-0.8048780487804879,0.0,-2,6,9,1157.627197265625
5,-0.7560975609756098,0.0,-2,6,9,1157.627197265625
6,-0.7073170731707317,0.0,-2,6,9,1157.627197265625
7,-0.6585365853658536,0.0,-2,6,9,1157.627197265625
8,-0.6097560975609756,0.0,-2,6,9,1157.627197265625
9,-0.5609756097560976,0.0,-2,6,9,1157.627197265625
10,-0.5121951219512195,0.0,-2,6,9,1157.627197265625
11,-0.46341463414634143,0.0,-2,6,9,1157.627197265625
12,-0.41463414634146334,0.0,-2,6,9,1157.627197265625
13,-0.36585365853658536,0.0,-2,6,9,1157.627197265625
14,-0.31707317073170727,0.0,-2,6,9,1157.627197265625
15,-0.2682926829268293,0.0,-2,6,9,1157.627197265625
16,-0.2195121951219512,0.0,-2,6,9,1157.627197265625
17,-0.1707317073170731,0.0,-2,6,9,1157.627197265625
18,-0.12195121951219512,0.0,-2,6,9,1157.627197265625
19,-0.07317073170731703,0.0,-2,6,9,1157.627197265625
20,-0.024390243902439046,0.0,-2,6,9,1157.627197265625
21,0.024390243902439046,1.8993550838786177e-06,-2,6,9,1157.627197265625
22,0.07317073170731714,5.964391675661318e-06,-2,6,9,1157.627197265625
23,0.12195121951219523,1.5202061831587343e-06,-2,6,9,1157.627197265625
24,0.17073170731707332,5.245374268270098e-08,-2,6,9,1157.627197265625
25,0.2195121951219512,5.339536983228754e-06,-2,6,9,1157.627197265625
26,0.2682926829268293,5.556142696150346e-06,-2,6,9,1157.627197265625
27,0.3170731707317074,2.9131290375516983e-06,-2,6,9,1157.627197265625
28,0.36585365853658547,1.9644356143544428e-05,-2,6,9,1157.627197265625
29,0.41463414634146356,9.922026038111653e-06,-2,6,9,1157.627197265625
30,0.46341463414634143,2.3879154014139203e-06,-2,6,9,1157.627197265625
31,0.5121951219512195,0.00017699727322906256,-2,6,9,1157.627197265625
32,0.5609756097560976,4.276680192560889e-05,-2,6,9,1157.627197265625
33,0.6097560975609757,1.3462753486237489e-05,-2,6,9,1157.627197265625
34,0.6585365853658538,5.070841780252522e-06,-2,6,9,1157.627197265625
35,0.7073170731707317,6.754300557076931e-05,-2,6,9,1157.627197265625
36,0.7560975609756098,0.00012329321180004627,-2,6,9,1157.627197265625
37,0.8048780487804879,7.164388807723299e-05,-2,6,9,1157.627197265625
38,0.853658536585366,0.0007172910845838487,-2,6,9,1157.627197265625
39,0.902439024390244,0.00968665350228548,-2,6,9,1157.627197265625
40,0.9512195121951219,0.0006127138040028512,-2,6,9,1157.627197265625
41,1.0,1.898967411761987e-06,-2,6,9,1157.627197265625
0,-1.0,0.0,-2,7,9,1157.627197265625
1,-0.9512195121951219,0.0,-2,7,9,1157.627197265625
2,-0.9024390243902439,0.0,-2,7,9,1157.627197265625
3,-0.8536585365853658,0.0,-2,7,9,1157.627197265625
4,-0.8048780487804879,0.0,-2,7,9,1157.627197265625
5,-0.7560975609756098,0.0,-2,7,9,1157.627197265625
6,-0.7073170731707317,0.0,-2,7,9,1157.627197265625
7,-0.6585365853658536,0.0,-2,7,9,1157.627197265625
8,-0.6097560975609756,0.0,-2,7,9,1157.627197265625
9,-0.5609756097560976,0.0,-2,7,9,1157.627197265625
10,-0.5121951219512195,5.093764343655494e-07,-2,7,9,1157.627197265625
11,-0.46341463414634143,2.2247211290959967e-06,-2,7,9,1157.627197265625
12,-0.41463414634146334,1.061404532265442e-06,-2,7,9,1157.627197265625
13,-0.36585365853658536,1.0591619457045454e-06,-2,7,9,1157.627197265625
14,-0.31707317073170727,2.002156662683774e-07,-2,7,9,1157.627197265625
15,-0.2682926829268293,1.0529347491683438e-06,-2,7,9,1157.627197265625
16,-0.2195121951219512,1.9919218630093383e-06,-2,7,9,1157.627197265625
17,-0.1707317073170731,7.860108439672331e-07,-2,7,9,1157.627197265625
18,-0.12195121951219512,2.56928024100489e-06,-2,7,9,1157.627197265625
19,-0.07317073170731703,4.5953715925861616e-06,-2,7,9,1157.627197265625
20,-0.024390243902439046,6.581678491102139e-08,-2,7,9,1157.627197265625
21,0.024390243902439046,8.367259738406574e-07,-2,7,9,1157.627197265625
22,0.07317073170731714,9.48951219470473e-06,-2,7,9,1157.627197265625
23,0.12195121951219523,6.291959834925365e-06,-2,7,9,1157.627197265625
24,0.17073170731707332,4.007309144071769e-06,-2,7,9,1157.627197265625
25,0.2195121951219512,3.913416003342718e-05,-2,7,9,1157.627197265625
26,0.2682926829268293,1.1276490567979636e-06,-2,7,9,1157.627197265625
27,0.3170731707317074,5.707453283321229e-07,-2,7,9,1157.627197265625
28,0.36585365853658547,2.4628511710034218e-06,-2,7,9,1157.627197265625
29,0.41463414634146356,3.436962060732185e-06,-2,7,9,1157.627197265625
30,0.46341463414634143,9.68817516877607e-07,-2,7,9,1157.627197265625
31,0.5121951219512195,3.7419434306684707e-07,-2,7,9,1157.627197265625
32,0.5609756097560976,2.25823896471411e-06,-2,7,9,1157.627197265625
33,0.6097560975609757,1.6822663440052565e-07,-2,7,9,1157.627197265625
34,0.6585365853658538,9.421091107242319e-08,-2,7,9,1157.627197265625
35,0.7073170731707317,5.172397550268215e-07,-2,7,9,1157.627197265625
36,0.7560975609756098,1.9498445453791646e-06,-2,7,9,1157.627197265625
37,0.8048780487804879,1.325632183579728e-05,-2,7,9,1157.627197265625
38,0.853658536585366,6.135393959993962e-06,-2,7,9,1157.627197265625
39,0.902439024390244,6.017380655976012e-06,-2,7,9,1157.627197265625
40,0.9512195121951219,0.0,-2,7,9,1157.627197265625
41,1.0,0.0,-2,7,9,1157.627197265625
0,-1.0,0.0,-1,-9,-2,1157.627197265625
1,-0.9512195121951219,0.0,-1,-9,-2,1157.627197265625
2,-0.9024390243902439,0.0,-1,-9,-2,1157.627197265625
3,-0.8536585365853658,0.0,-1,-9,-2,1157.627197265625
4,-0.8048780487804879,0.0,-1,-9,-2,1157.627197265625
5,-0.7560975609756098,0.0,-1,-9,-2,1157.627197265625
6,-0.7073170731707317,0.0,-1,-9,-2,1157.627197265625
7,-0.6585365853658536,0.0,-1,-9,-2,1157.627197265625
8,-0.6097560975609756,0.0,-1,-9,-2,1157.627197265625
9,-0.5609756097560976,0.0,-1,-9,-2,1157.627197265625
10,-0.5121951219512195,0.0,-1,-9,-2,1157.627197265625
11,-0.46341463414634143,0.0,-1,-9,-2,1157.627197265625
12,-0.41463414634146334,0.0,-1,-9,-2,1157.627197265625
13,-0.36585365853658536,0.0,-1,-9,-2,1157.627197265625
14,-0.31707317073170727,0.0,-1,-9,-2,1157.627197265625
15,-0.2682926829268293,0.0,-1,-9,-2,1157.627197265625
16,-0.2195121951219512,0.0,-1,-9,-2,1157.627197265625
17,-0.1707317073170731,0.0,-1,-9,-2,1157.627197265625
18,-0.12195121951219512,0.0,-1,-9,-2,1157.627197265625
19,-0.07317073170731703,0.0,-1,-9,-2,1157.627197265625
20,-0.024390243902439046,0.0,-1,-9,-2,1157.627197265625
21,0.024390243902439046,9.499608495389111e-07,-1,-9,-2,1157.627197265625
22,0.07317073170731714,7.885946615715511e-07,-1,-9,-2,1157.627197265625
23,0.12195121951219523,9.575703188602347e-06,-1,-9,-2,1157.627197265625
24,0.17073170731707332,1.7630659954193106e-07,-1,-9,-2,1157.627197265625
25,0.2195121951219512,7.582713124065776e-08,-1,-9,-2,1157.627197265625
26,0.2682926829268293,2.6083029069923214e-07,-1,-9,-2,1157.627197265625
27,0.3170731707317074,6.41418773739133e-06,-1,-9,-2,1157.627197265625
28,0.36585365853658547,9.44988369155908e-06,-1,-9,-2,1157.627197265625
29,0.41463414634146356,1.756161691446323e-05,-1,-9,-2,1157.627197265625
30,0.46341463414634143,5.124410381540656e-05,-1,-9,-2,1157.627197265625
31,0.5121951219512195,0.00030408240854740143,-1,-9,-2,1157.627197265625
32,0.5609756097560976,1.314571136390441e-06,-1,-9,-2,1157.627197265625
33,0.6097560975609757,1.1272053598077036e-05,-1,-9,-2,1157.627197265625
34,0.6585365853658538,3.125333387288265e-05,-1,-9,-2,1157.627197265625
35,0.7073170731707317,2.081601678582956e-06,-1,-9,-2,1157.627197265625
36,0.7560975609756098,3.971217665821314e-07,-1,-9,-2,1157.627197265625
37,0.8048780487804879,2.1465987174451584e-06,-1,-9,-2,1157.627197265625
38,0.853658536585366,6.39141831015877e-07,-1,-9,-2,1157.627197265625
39,0.902439024390244,1.2138550573581597e-06,-1,-9,-2,1157.627197265625
40,0.9512195121951219,4.6021821908937e-09,-1,-9,-2,1157.627197265625
41,1.0,0.0,-1,-9,-2,1157.627197265625
0,-1.0,5.691863407264464e-07,-1,-9,-1,1157.627197265625
1,-0.9512195121951219,1.7620524886297062e-05,-1,-9,-1,1157.627197265625
2,-0.9024390243902439,7.031056156847626e-06,-1,-9,-1,1157.627197265625
3,-0.8536585365853658,3.920041854144074e-05,-1,-9,-1,1157.627197265625
4,-0.8048780487804879,0.0027172910049557686,-1,-9,-1,1157.627197265625
5,-0.7560975609756098,7.95211162767373e-05,-1,-9,-1,1157.627197265625
6,-0.7073170731707317,6.8011968323844485e-06,-1,-9,-1,1157.627197265625
7,-0.6585365853658536,5.532770501304185e-06,-1,-9,-1,1157.627197265625
8,-0.6097560975609756,4.165383415966062e-06,-1,-9,-1,1157.627197265625
9,-0.5609756097560976,7.20691900824022e-07,-1,-9,-1,1157.627197265625
10,-0.5121951219512195,1.8899991118814796e-06,-1,-9,-1,1157.627197265625
11,-0.46341463414634143,2.7816333840746665e-06,-1,-9,-1,1157.627197265625
12,-0.41463414634146334,9.865614174486836e-07,-1,-9,-1,1157.627197265625
13,-0.36585365853658536,1.2043274466577714e-07,-1,-9,-1,1157.627197265625
14,-0.31707317073170727,6.8792446654697414e-06,-1,-9,-1,1157.627197265625
15,-0.2682926829268293,0.0,-1,-9,-1,1157.627197265625
16,-0.2195121951219512,0.0,-1,-9,-1,1157.627197265625
17,-0.1707317073170731,0.0,-1,-9,-1,1157.627197265625
18,-0.12195121951219512,0.0,-1,-9,-1,1157.627197265625
19,-0.07317073170731703,0.0,-1,-9,-1,1157.627197265625
20,-0.024390243902439046,0.0,-1,-9,-1,1157.627197265625
21,0.024390243902439046,0.0,-1,-9,-1,1157.627197265625
22,0.07317073170731714,0.0,-1,-9,-1,1157.627197265625
23,0.12195121951219523,0.0,-1,-9,-1,1157.627197265625
24,0.17073170731707332,0.0,-1,-9,-1,1157.627197265625
25,0.2195121951219512,0.0,-1,-9,-1,1157.627197265625
26,0.2682926829268293,0.0,-1,-9,-1,1157.627197265625
27,0.3170731707317074,0.0,-1,-9,-1,1157.627197265625
28,0.36585365853658547,0.0,-1,-9,-1,1157.627197265625
29,0.41463414634146356,0.0,-1,-9,-1,1157.627197265625
30,0.46341463414634143,0.0,-1,-9,-1,1157.627197265625
31,0.5121951219512195,0.0,-1,-9,-1,1157.627197265625
32,0.5609756097560976,0.0,-1,-9,-1,1157.627197265625
33,0.6097560975609757,0.0,-1,-9,-1,1157.627197265625
34,0.6585365853658538,0.0,-1,-9,-1,1157.627197265625
35,0.7073170731707317,0.0,-1,-9,-1,1157.627197265625
36,0.7560975609756098,0.0,-1,-9,-1,1157.627197265625
37,0.8048780487804879,0.0,-1,-9,-1,1157.627197265625
38,0.853658536585366,0.0,-1,-9,-1,1157.627197265625
39,0.902439024390244,0.0,-1,-9,-1,1157.627197265625
40,0.9512195121951219,0.0,-1,-9,-1,1157.627197265625
41,1.0,0.0,-1,-9,-1,1157.627197265625
0,-1.0,0.0,-1,-8,-1,1157.627197265625
1,-0.9512195121951219,0.0,-1,-8,-1,1157.627197265625
2,-0.9024390243902439,0.0,-1,-8,-1,1157.627197265625
3,-0.8536585365853658,0.0,-1,-8,-1,1157.627197265625
4,-0.8048780487804879,0.0,-1,-8,-1,1157.627197265625
5,-0.7560975609756098,0.0,-1,-8,-1,1157.627197265625
6,-0.7073170731707317,0.0,-1,-8,-1,1157.627197265625
7,-0.6585365853658536,0.0,-1,-8,-1,1157.627197265625
8,-0.6097560975609756,0.0,-1,-8,-1,1157.627197265625
9,-0.5609756097560976,0.0,-1,-8,-1,1157.627197265625
10,-0.5121951219512195,0.0,-1,-8,-1,1157.627197265625
11,-0.46341463414634143,4.232063474773895e-06,-1,-8,-1,1157.627197265625
12,-0.41463414634146334,2.3976806460268563e-06,-1,-8,-1,1157.627197265625
13,-0.36585365853658536,6.350736612148467e-07,-1,-8,-1,1157.627197265625
14,-0.31707317073170727,1.4664734635516652e-06,-1,-8,-1,1157.627197265625
15,-0.2682926829268293,5.906441202796486e-08,-1,-8,-1,1157.627197265625
16,-0.2195121951219512,3.929171441541257e-07,-1,-8,-1,1157.627197265625
17,-0.1707317073170731,3.473132164799608e-05,-1,-8,-1,1157.627197265625
18,-0.12195121951219512,5.496178346220404e-06,-1,-8,-1,1157.627197265625
19,-0.07317073170731703,9.682304380476126e-07,-1,-8,-1,1157.627197265625
20,-0.024390243902439046,9.032488378579728e-06,-1,-8,-1,1157.627197265625
21,0.024390243902439046,0.00014381736400537193,-1,-8,-1,1157.627197265625
22,0.07317073170731714,0.0008711264235898852,-1,-8,-1,1157.627197265625
23,0.12195121951219523,0.0009392868960276246,-1,-8,-1,1157.627197265625
24,0.17073170731707332,5.705790317733772e-05,-1,-8,-1,1157.627197265625
25,0.2195121951219512,9.864790627034381e-06,-1,-8,-1,1157.627197265625
26,0.2682926829268293,1.0943513188976794e-06,-1,-8,-1,1157.627197265625
27,0.3170731707317074,1.3657104318554047e-05,-1,-8,-1,1157.627197265625
28,0.36585365853658547,2.7068388135376154e-06,-1,-8,-1,1157.627197265625
29,0.41463414634146356,1.0738970559032168e-05,-1,-8,-1,1157.627197265625
30,0.46341463414634143,3.587493893064675e-06,-1,-8,-1,1157.627197265625
31,0.5121951219512195,2.508453007976641e-06,-1,-8,-1,1157.627197265625
32,0.5609756097560976,2.528728373363265e-06,-1,-8,-1,1157.627197265625
33,0.6097560975609757,2.0983422928111395e-06,-1,-8,-1,1157.627197265625
34,0.6585365853658538,1.6496937860210892e-06,-1,-8,-1,1157.627197265625
35,0.7073170731707317,0.0,-1,-8,-1,1157.627197265625
36,0.7560975609756098,0.0,-1,-8,-1,1157.627197265625
37,0.8048780487804879,0.0,-1,-8,-1,1157.627197265625
38,0.853658536585366,0.0,-1,-8,-1,1157.627197265625
39,0.902439024390244,0.0,-1,-8,-1,1157.627197265625
40,0.9512195121951219,0.0,-1,-8,-1,1157.627197265625
41,1.0,0.0,-1,-8,-1,1157.627197265625
0,-1.0,5.3343128456617706e-06,-1,-7,0,1157.627197265625
1,-0.9512195121951219,7.249839200085262e-06,-1,-7,0,1157.627197265625
2,-0.9024390243902439,6.089759381211479e-07,-1,-7,0,1157.627197265625
3,-0.8536585365853658,2.4662779196660267e-07,-1,-7,0,1157.627197265625
4,-0.8048780487804879,2.059365579043515e-05,-1,-7,0,1157.627197265625
5,-0.7560975609756098,2.3719419914414175e-05,-1,-7,0,1157.627197265625
6,-0.7073170731707317,2.2238824385567568e-05,-1,-7,0,1157.627197265625
7,-0.6585365853658536,4.781020834343508e-05,-1,-7,0,1157.627197265625
8,-0.6097560975609756,3.7750731280539185e-05,-1,-7,0,1157.627197265625
9,-0.5609756097560976,0.00011860828089993447,-1,-7,0,1157.627197265625
10,-0.5121951219512195,0.0027630103286355734,-1,-7,0,1157.627197265625
11,-0.46341463414634143,0.008393818512558937,-1,-7,0,1157.627197265625
12,-0.41463414634146334,0.00022249872563406825,-1,-7,0,1157.627197265625
13,-0.36585365853658536,4.178861217951635e-06,-1,-7,0,1157.627197265625
14,-0.31707317073170727,0.00023703608894720674,-1,-7,0,1157.627197265625
15,-0.2682926829268293,8.771401917329058e-05,-1,-7,0,1157.627197265625
16,-0.2195121951219512,7.339462513300532e-07,-1,-7,0,1157.627197265625
17,-0.1707317073170731,5.067967504146509e-05,-1,-7,0,1157.627197265625
18,-0.12195121951219512,2.0719700842164457e-05,-1,-7,0,1157.627197265625
19,-0.07317073170731703,2.835833186054515e-07,-1,-7,0,1157.627197265625
20,-0.024390243902439046,5.798896381747909e-06,-1,-7,0,1157.627197265625
21,0.024390243902439046,9.183368092635646e-06,-1,-7,0,1157.627197265625
22,0.07317073170731714,7.998424734978471e-06,-1,-7,0,1157.627197265625
23,0.12195121951219523,2.7713193162526295e-07,-1,-7,0,1157.627197265625
24,0.17073170731707332,3.485762363197864e-07,-1,-7,0,1157.627197265625
25,0.2195121951219512,0.0,-1,-7,0,1157.627197265625
26,0.2682926829268293,0.0,-1,-7,0,1157.627197265625
27,0.3170731707317074,0.0,-1,-7,0,1157.627197265625
28,0.36585365853658547,0.0,-1,-7,0,1157.627197265625
29,0.41463414634146356,0.0,-1,-7,0,1157.627197265625
30,0.46341463414634143,0.0,-1,-7,0,1157.627197265625
31,0.5121951219512195,0.0,-1,-7,0,1157.627197265625
32,0.5609756097560976,0.0,-1,-7,0,1157.627197265625
33,0.6097560975609757,0.0,-1,-7,0,1157.627197265625
34,0.6585365853658538,0.0,-1,-7,0,1157.627197265625
35,0.7073170731707317,0.0,-1,-7,0,1157.627197265625
36,0.7560975609756098,0.0,-1,-7,0,1157.627197265625
37,0.8048780487804879,0.0,-1,-7,0,1157.627197265625
38,0.853658536585366,0.0,-1,-7,0,1157.627197265625
39,0.902439024390244,0.0,-1,-7,0,1157.627197265625
40,0.9512195121951219,0.0,-1,-7,0,1157.627197265625
41,1.0,0.0,-1,-7,0,1157.627197265625
0,-1.0,0.0,-1,-6,0,1157.627197265625
1,-0.9512195121951219,0.0,-1,-6,0,1157.627197265625
2,-0.9024390243902439,0.0,-1,-6,0,1157.627197265625
3,-0.8536585365853658,0.0,-1,-6,0,1157.627197265625
4,-0.8048780487804879,0.0,-1,-6,0,1157.627197265625
5,-0.7560975609756098,0.0,-1,-6,0,1157.627197265625
6,-0.7073170731707317,0.0,-1,-6,0,1157.627197265625
7,-0.6585365853658536,0.0,-1,-6,0,1157.627197265625
8,-0.6097560975609756,0.0,-1,-6,0,1157.627197265625
9,-0.5609756097560976,0.0,-1,-6,0,1157.627197265625
10,-0.5121951219512195,0.0,-1,-6,0,1157.627197265625
11,-0.46341463414634143,0.0,-1,-6,0,1157.627197265625
12,-0.41463414634146334,0.0,-1,-6,0,1157.627197265625
13,-0.36585365853658536,0.0,-1,-6,0,1157.627197265625
14,-0.31707317073170727,0.0,-1,-6,0,1157.627197265625
15,-0.2682926829268293,0.0,-1,-6,0,1157.627197265625
16,-0.2195121951219512,0.0,-1,-6,0,1157.627197265625
17,-0.1707317073170731,0.0,-1,-6,0,1157.627197265625
18,-0.12195121951219512,0.0,-1,-6,0,1157.627197265625
19,-0.07317073170731703,2.040425897575915e-05,-1,-6,0,1157.627197265625
20,-0.024390243902439046,9.066292477655225e-06,-1,-6,0,1157.627197265625
21,0.024390243902439046,4.630637704394758e-05,-1,-6,0,1157.627197265625
22,0.07317073170731714,1.6012070773285814e-05,-1,-6,0,1157.627197265625
23,0.12195121951219523,3.5329012462170795e-05,-1,-6,0,1157.627197265625
24,0.17073170731707332,1.2964222833034e-06,-1,-6,0,1157.627197265625
25,0.2195121951219512,4.3628151615848765e-05,-1,-6,0,1157.627197265625
26,0.2682926829268293,9.690038496046327e-06,-1,-6,0,1157.627197265625
27,0.3170731707317074,6.477761780843139e-05,-1,-6,0,1157.627197265625
28,0.36585365853658547,1.7067231965484098e-05,-1,-6,0,1157.627197265625
29,0.41463414634146356,6.875457529531559e-06,-1,-6,0,1157.627197265625
30,0.46341463414634143,0.00012516372953541577,-1,-6,0,1157.627197265625
31,0.5121951219512195,0.00045776800834573805,-1,-6,0,1157.627197265625
32,0.5609756097560976,2.3842840164434165e-06,-1,-6,0,1157.627197265625
33,0.6097560975609757,0.0035584531724452972,-1,-6,0,1157.627197265625
34,0.6585365853658538,0.07311181724071503,-1,-6,0,1157.627197265625
35,0.7073170731707317,0.002808390650898218,-1,-6,0,1157.627197265625
36,0.7560975609756098,0.0005992090445943177,-1,-6,0,1157.627197265625
37,0.8048780487804879,0.0004473914741538465,-1,-6,0,1157.627197265625
38,0.853658536585366,7.204399480542634e-06,-1,-6,0,1157.627197265625
39,0.902439024390244,3.878702045767568e-05,-1,-6,0,1157.627197265625
40,0.9512195121951219,2.1711946828872897e-05,-1,-6,0,1157.627197265625
41,1.0,7.431537233060226e-05,-1,-6,0,1157.627197265625
0,-1.0,4.7255248318833765e-06,-1,-5,1,1157.627197265625
1,-0.9512195121951219,4.9023710744222626e-05,-1,-5,1,1157.627197265625
2,-0.9024390243902439,6.507414218503982e-05,-1,-5,1,1157.627197265625
3,-0.8536585365853658,7.99228928372031e-06,-1,-5,1,1157.627197265625
4,-0.8048780487804879,2.62732010014588e-05,-1,-5,1,1157.627197265625
5,-0.7560975609756098,6.666479021077976e-05,-1,-5,1,1157.627197265625
6,-0.7073170731707317,0.00014867869322188199,-1,-5,1,1157.627197265625
7,-0.6585365853658536,8.820761286187917e-05,-1,-5,1,1157.627197265625
8,-0.6097560975609756,2.624077524160384e-06,-1,-5,1,1157.627197265625
9,-0.5609756097560976,6.416910036932677e-05,-1,-5,1,1157.627197265625
10,-0.5121951219512195,8.751925633987412e-05,-1,-5,1,1157.627197265625
11,-0.46341463414634143,1.5854615412536077e-05,-1,-5,1,1157.627197265625
12,-0.41463414634146334,9.977517038350925e-05,-1,-5,1,1157.627197265625
13,-0.36585365853658536,0.0006732676411047578,-1,-5,1,1157.627197265625
14,-0.31707317073170727,0.0016880774637684226,-1,-5,1,1157.627197265625
15,-0.2682926829268293,0.0012907462660223246,-1,-5,1,1157.627197265625
16,-0.2195121951219512,0.0009292644099332392,-1,-5,1,1157.627197265625
17,-0.1707317073170731,0.1431369185447693,-1,-5,1,1157.627197265625
18,-0.12195121951219512,0.013367854058742523,-1,-5,1,1157.627197265625
19,-0.07317073170731703,0.001300028176046908,-1,-5,1,1157.627197265625
20,-0.024390243902439046,1.393828097207006e-05,-1,-5,1,1157.627197265625
21,0.024390243902439046,0.0004989083972759545,-1,-5,1,1157.627197265625
22,0.07317073170731714,0.000271198689006269,-1,-5,1,1157.627197265625
23,0.12195121951219523,0.00016660512483213097,-1,-5,1,1157.627197265625
24,0.17073170731707332,2.04264979402069e-05,-1,-5,1,1157.627197265625
25,0.2195121951219512,0.00011347032705089077,-1,-5,1,1157.627197265625
26,0.2682926829268293,0.00014766021922696382,-1,-5,1,1157.627197265625
27,0.3170731707317074,6.661034421995282e-05,-1,-5,1,1157.627197265625
28,0.36585365853658547,1.14351660158718e-05,-1,-5,1,1157.627197265625
29,0.41463414634146356,7.16022896085633e-07,-1,-5,1,1157.627197265625
30,0.46341463414634143,1.7593414668226615e-05,-1,-5,1,1157.627197265625
31,0.5121951219512195,2.338323429285083e-05,-1,-5,1,1157.627197265625
32,0.5609756097560976,4.858947022512439e-07,-1,-5,1,1157.627197265625
33,0.6097560975609757,2.541964022384491e-06,-1,-5,1,1157.627197265625
34,0.6585365853658538,0.0001053879750543274,-1,-5,1,1157.627197265625
35,0.7073170731707317,3.723568079294637e-05,-1,-5,1,1157.627197265625
36,0.7560975609756098,0.0,-1,-5,1,1157.627197265625
37,0.8048780487804879,0.0,-1,-5,1,1157.627197265625
38,0.853658536585366,0.0,-1,-5,1,1157.627197265625
39,0.902439024390244,0.0,-1,-5,1,1157.627197265625
40,0.9512195121951219,0.0,-1,-5,1,1157.627197265625
41,1.0,0.0,-1,-5,1,1157.627197265625
0,-1.0,1.7908651273046416e-07,-1,-3,2,1157.627197265625
1,-0.9512195121951219,7.076212932588533e-05,-1,-3,2,1157.627197265625
2,-0.9024390243902439,0.00022890778200235218,-1,-3,2,1157.627197265625
3,-0.8536585365853658,0.00018988379451911896,-1,-3,2,1157.627197265625
4,-0.8048780487804879,8.009886369109154e-05,-1,-3,2,1157.627197265625
5,-0.7560975609756098,5.136959225637838e-05,-1,-3,2,1157.627197265625
6,-0.7073170731707317,0.00019126494589727372,-1,-3,2,1157.627197265625
7,-0.6585365853658536,6.534339627251029e-05,-1,-3,2,1157.627197265625
8,-0.6097560975609756,0.00022826892381999642,-1,-3,2,1157.627197265625
9,-0.5609756097560976,3.2989115425152704e-05,-1,-3,2,1157.627197265625
10,-0.5121951219512195,0.00038644930464215577,-1,-3,2,1157.627197265625
11,-0.46341463414634143,0.000837600149679929,-1,-3,2,1157.627197265625
12,-0.41463414634146334,0.00015435826207976788,-1,-3,2,1157.627197265625
13,-0.36585365853658536,0.00014786918472964317,-1,-3,2,1157.627197265625
14,-0.31707317073170727,0.00016184450942091644,-1,-3,2,1157.627197265625
15,-0.2682926829268293,0.001829381100833416,-1,-3,2,1157.627197265625
16,-0.2195121951219512,0.002778595080599189,-1,-3,2,1157.627197265625
17,-0.1707317073170731,0.00020222969760652632,-1,-3,2,1157.627197265625
18,-0.12195121951219512,0.0007496721227653325,-1,-3,2,1157.627197265625
19,-0.07317073170731703,0.014352072030305862,-1,-3,2,1157.627197265625
20,-0.024390243902439046,0.09408709406852722,-1,-3,2,1157.627197265625
21,0.024390243902439046,0.18242616951465607,-1,-3,2,1157.627197265625
22,0.07317073170731714,0.016239922493696213,-1,-3,2,1157.627197265625
23,0.12195121951219523,0.0023213750682771206,-1,-3,2,1157.627197265625
24,0.17073170731707332,0.0014410348376259208,-1,-3,2,1157.627197265625
25,0.2195121951219512,0.000486698787426576,-1,-3,2,1157.627197265625
26,0.2682926829268293,0.0007354895351454616,-1,-3,2,1157.627197265625
27,0.3170731707317074,0.001137457089498639,-1,-3,2,1157.627197265625
28,0.36585365853658547,0.0014161329017952085,-1,-3,2,1157.627197265625
29,0.41463414634146356,0.00029737764270976186,-1,-3,2,1157.627197265625
30,0.46341463414634143,0.0007232484058476985,-1,-3,2,1157.627197265625
31,0.5121951219512195,0.0003503014158923179,-1,-3,2,1157.627197265625
32,0.5609756097560976,0.0004584540438372642,-1,-3,2,1157.627197265625
33,0.6097560975609757,0.00016810931265354156,-1,-3,2,1157.627197265625
34,0.6585365853658538,0.00014493110938929021,-1,-3,2,1157.627197265625
35,0.7073170731707317,1.0592549188004341e-05,-1,-3,2,1157.627197265625
36,0.7560975609756098,0.00020713148114737123,-1,-3,2,1157.627197265625
37,0.8048780487804879,0.0002462819393258542,-1,-3,2,1157.627197265625
38,0.853658536585366,9.152625716524199e-05,-1,-3,2,1157.627197265625
39,0.902439024390244,2.8600388759514317e-05,-1,-3,2,1157.627197265625
40,0.9512195121951219,0.00014483288396149874,-1,-3,2,1157.627197265625
41,1.0,0.000185280034202151,-1,-3,2,1157.627197265625
0,-1.0,0.0017055547796189785,-1,-1,3,1157.627197265625
1,-0.9512195121951219,0.0023372401483356953,-1,-1,3,1157.627197265625
2,-0.9024390243902439,0.0015761014074087143,-1,-1,3,1157.627197265625
3,-0.8536585365853658,0.00048264506040140986,-1,-1,3,1157.627197265625
4,-0.8048780487804879,0.006458269897848368,-1,-1,3,1157.627197265625
5,-0.7560975609756098,0.0005568554042838514,-1,-1,3,1157.627197265625
6,-0.7073170731707317,0.004640834406018257,-1,-1,3,1157.627197265625
7,-0.6585365853658536,0.0014811321161687374,-1,-1,3,1157.627197265625
8,-0.6097560975609756,0.005416307598352432,-1,-1,3,1157.627197265625
9,-0.5609756097560976,0.014247673563659191,-1,-1,3,1157.627197265625
10,-0.5121951219512195,0.007388467434793711,-1,-1,3,1157.627197265625
11,-0.46341463414634143,0.006750588305294514,-1,-1,3,1157.627197265625
12,-0.41463414634146334,0.11418149620294571,-1,-1,3,1157.627197265625
13,-0.36585365853658536,0.3060520887374878,-1,-1,3,1157.627197265625
14,-0.31707317073170727,0.3229593336582184,-1,-1,3,1157.627197265625
15,-0.2682926829268293,0.14905774593353271,-1,-1,3,1157.627197265625
16,-0.2195121951219512,0.016198627650737762,-1,-1,3,1157.627197265625
17,-0.1707317073170731,0.007854190655052662,-1,-1,3,1157.627197265625
18,-0.12195121951219512,0.019665706902742386,-1,-1,3,1157.627197265625
19,-0.07317073170731703,0.010790715925395489,-1,-1,3,1157.627197265625
20,-0.024390243902439046,5.618669092655182e-05,-1,-1,3,1157.627197265625
21,0.024390243902439046,0.004292312543839216,-1,-1,3,1157.627197265625
22,0.07317073170731714,0.008932123892009258,-1,-1,3,1157.627197265625
23,0.12195121951219523,0.0008963199215941131,-1,-1,3,1157.627197265625
24,0.17073170731707332,0.0015755343483760953,-1,-1,3,1157.627197265625
25,0.2195121951219512,0.0027741023804992437,-1,-1,3,1157.627197265625
26,0.2682926829268293,0.002174916910007596,-1,-1,3,1157.627197265625
27,0.3170731707317074,7.995950727490708e-05,-1,-1,3,1157.627197265625
28,0.36585365853658547,0.0015135400462895632,-1,-1,3,1157.627197265625
29,0.41463414634146356,0.0019295249367132783,-1,-1,3,1157.627197265625
30,0.46341463414634143,0.0006175945745781064,-1,-1,3,1157.627197265625
31,0.5121951219512195,0.0006425639148801565,-1,-1,3,1157.627197265625
32,0.5609756097560976,0.0023714746348559856,-1,-1,3,1157.627197265625
33,0.6097560975609757,0.0009282377432100475,-1,-1,3,1157.627197265625
34,0.6585365853658538,0.00015595047443639487,-1,-1,3,1157.627197265625
35,0.7073170731707317,0.0008724132203496993,-1,-1,3,1157.627197265625
36,0.7560975609756098,0.0006360600236803293,-1,-1,3,1157.627197265625
37,0.8048780487804879,1.8715221813181415e-05,-1,-1,3,1157.627197265625
38,0.853658536585366,0.0007120012305676937,-1,-1,3,1157.627197265625
39,0.902439024390244,0.000541617046110332,-1,-1,3,1157.627197265625
40,0.9512195121951219,0.000249783624894917,-1,-1,3,1157.627197265625
41,1.0,1.843446989369113e-05,-1,-1,3,1157.627197265625
0,-1.0,0.0,-1,4,5,1157.627197265625
1,-0.9512195121951219,0.0,-1,4,5,1157.627197265625
2,-0.9024390243902439,0.0,-1,4,5,1157.627197265625
3,-0.8536585365853658,3.790298069361597e-05,-1,4,5,1157.627197265625
4,-0.8048780487804879,2.6530108243605355e-06,-1,4,5,1157.627197265625
5,-0.7560975609756098,7.717197149759158e-05,-1,4,5,1157.627197265625
6,-0.7073170731707317,2.4831653718138114e-05,-1,4,5,1157.627197265625
7,-0.6585365853658536,1.2499518561526202e-05,-1,4,5,1157.627197265625
8,-0.6097560975609756,3.997412477474427e-06,-1,4,5,1157.627197265625
9,-0.5609756097560976,8.501770935254171e-06,-1,4,5,1157.627197265625
10,-0.5121951219512195,1.9144692487316206e-05,-1,4,5,1157.627197265625
11,-0.46341463414634143,0.00020196204422973096,-1,4,5,1157.627197265625
12,-0.41463414634146334,4.906402318738401e-05,-1,4,5,1157.627197265625
13,-0.36585365853658536,1.4035801541467663e-05,-1,4,5,1157.627197265625
14,-0.31707317073170727,0.00016845444042701274,-1,4,5,1157.627197265625
15,-0.2682926829268293,1.8691844161367044e-05,-1,4,5,1157.627197265625
16,-0.2195121951219512,0.00011581131548155099,-1,4,5,1157.627197265625
17,-0.1707317073170731,9.00080194696784e-05,-1,4,5,1157.627197265625
18,-0.12195121951219512,0.00016922740906011313,-1,4,5,1157.627197265625
19,-0.07317073170731703,0.0002125747560057789,-1,4,5,1157.627197265625
20,-0.024390243902439046,0.00022626692953053862,-1,4,5,1157.627197265625
21,0.024390243902439046,0.00010102168016601354,-1,4,5,1157.627197265625
22,0.07317073170731714,8.383846761716995e-06,-1,4,5,1157.627197265625
23,0.12195121951219523,4.183571491012117e-06,-1,4,5,1157.627197265625
24,0.17073170731707332,0.00016281675198115408,-1,4,5,1157.627197265625
25,0.2195121951219512,0.0006352521595545113,-1,4,5,1157.627197265625
26,0.2682926829268293,0.002006533555686474,-1,4,5,1157.627197265625
27,0.3170731707317074,0.005822653416544199,-1,4,5,1157.627197265625
28,0.36585365853658547,0.0294035654515028,-1,4,5,1157.627197265625
29,0.41463414634146356,0.09077233076095581,-1,4,5,1157.627197265625
30,0.46341463414634143,0.0012842834694311023,-1,4,5,1157.627197265625
31,0.5121951219512195,0.00018915740656666458,-1,4,5,1157.627197265625
32,0.5609756097560976,4.8612855607643723e-05,-1,4,5,1157.627197265625
33,0.6097560975609757,0.00012229688582010567,-1,4,5,1157.627197265625
34,0.6585365853658538,0.00015848746988922358,-1,4,5,1157.627197265625
35,0.7073170731707317,0.00019711362256202847,-1,4,5,1157.627197265625
36,0.7560975609756098,5.946409146417864e-05,-1,4,5,1157.627197265625
37,0.8048780487804879,0.00014384134556166828,-1,4,5,1157.627197265625
38,0.853658536585366,5.1337203331058845e-05,-1,4,5,1157.627197265625
39,0.902439024390244,3.9654432839597575e-06,-1,4,5,1157.627197265625
40,0.9512195121951219,1.1949528925470077e-05,-1,4,5,1157.627197265625
41,1.0,4.970155714545399e-05,-1,4,5,1157.627197265625
0,-1.0,1.8045398974209093e-05,-1,5,5,1157.627197265625
1,-0.9512195121951219,7.026557796052657e-06,-1,5,5,1157.627197265625
2,-0.9024390243902439,9.318533557234332e-05,-1,5,5,1157.627197265625
3,-0.8536585365853658,2.5972263756557368e-05,-1,5,5,1157.627197265625
4,-0.8048780487804879,1.0516245311009698e-05,-1,5,5,1157.627197265625
5,-0.7560975609756098,0.0007894355221651495,-1,5,5,1157.627197265625
6,-0.7073170731707317,0.000133032095618546,-1,5,5,1157.627197265625
7,-0.6585365853658536,0.0008257118170149624,-1,5,5,1157.627197265625
8,-0.6097560975609756,0.0032802110072225332,-1,5,5,1157.627197265625
9,-0.5609756097560976,0.024662530049681664,-1,5,5,1157.627197265625
10,-0.5121951219512195,0.002083130879327655,-1,5,5,1157.627197265625
11,-0.46341463414634143,0.00018013216322287917,-1,5,5,1157.627197265625
12,-0.41463414634146334,1.8186694433097728e-05,-1,5,5,1157.627197265625
13,-0.36585365853658536,9.608350956114009e-05,-1,5,5,1157.627197265625
14,-0.31707317073170727,5.045559009886347e-05,-1,5,5,1157.627197265625
15,-0.2682926829268293,0.0002902223786804825,-1,5,5,1157.627197265625
16,-0.2195121951219512,0.000855878519359976,-1,5,5,1157.627197265625
17,-0.1707317073170731,0.0006769030587747693,-1,5,5,1157.627197265625
18,-0.12195121951219512,0.00013620458776131272,-1,5,5,1157.627197265625
19,-0.07317073170731703,3.7574405723717064e-05,-1,5,5,1157.627197265625
20,-0.024390243902439046,0.00013818249863106757,-1,5,5,1157.627197265625
21,0.024390243902439046,0.00022112828446552157,-1,5,5,1157.627197265625
22,0.07317073170731714,1.231754504260607e-05,-1,5,5,1157.627197265625
23,0.12195121951219523,0.00011423548130551353,-1,5,5,1157.627197265625
24,0.17073170731707332,8.493199857184663e-05,-1,5,5,1157.627197265625
25,0.2195121951219512,5.995331594021991e-05,-1,5,5,1157.627197265625
26,0.2682926829268293,7.776999700581655e-05,-1,5,5,1157.627197265625
27,0.3170731707317074,3.2424668461317196e-05,-1,5,5,1157.627197265625
28,0.36585365853658547,1.6176996723515913e-05,-1,5,5,1157.627197265625
29,0.41463414634146356,4.886223905486986e-05,-1,5,5,1157.627197265625
30,0.46341463414634143,3.123028591289767e-06,-1,5,5,1157.627197265625
31,0.5121951219512195,0.0,-1,5,5,1157.627197265625
32,0.5609756097560976,0.0,-1,5,5,1157.627197265625
33,0.6097560975609757,0.0,-1,5,5,1157.627197265625
34,0.6585365853658538,0.0,-1,5,5,1157.627197265625
35,0.7073170731707317,0.0,-1,5,5,1157.627197265625
36,0.7560975609756098,0.0,-1,5,5,1157.627197265625
37,0.8048780487804879,0.0,-1,5,5,1157.627197265625
38,0.853658536585366,0.0,-1,5,5,1157.627197265625
39,0.902439024390244,0.0,-1,5,5,1157.627197265625
40,0.9512195121951219,0.0,-1,5,5,1157.627197265625
41,1.0,0.0,-1,5,5,1157.627197265625
0,-1.0,0.0,-1,7,6,1157.627197265625
1,-0.9512195121951219,0.0,-1,7,6,1157.627197265625
2,-0.9024390243902439,0.0,-1,7,6,1157.627197265625
3,-0.8536585365853658,0.0,-1,7,6,1157.627197265625
4,-0.8048780487804879,0.0,-1,7,6,1157.627197265625
5,-0.7560975609756098,0.0,-1,7,6,1157.627197265625
6,-0.7073170731707317,0.0,-1,7,6,1157.627197265625
7,-0.6585365853658536,0.0,-1,7,6,1157.627197265625
8,-0.6097560975609756,0.0,-1,7,6,1157.627197265625
9,-0.5609756097560976,0.0,-1,7,6,1157.627197265625
10,-0.5121951219512195,0.0,-1,7,6,1157.627197265625
11,-0.46341463414634143,0.0,-1,7,6,1157.627197265625
12,-0.41463414634146334,0.0,-1,7,6,1157.627197265625
13,-0.36585365853658536,0.0,-1,7,6,1157.627197265625
14,-0.31707317073170727,0.0,-1,7,6,1157.627197265625
15,-0.2682926829268293,0.0,-1,7,6,1157.627197265625
16,-0.2195121951219512,0.0,-1,7,6,1157.627197265625
17,-0.1707317073170731,0.0,-1,7,6,1157.627197265625
18,-0.12195121951219512,1.5224310345729464e-06,-1,7,6,1157.627197265625
19,-0.07317073170731703,1.3178594144847011e-06,-1,7,6,1157.627197265625
20,-0.024390243902439046,4.995629751647357e-06,-1,7,6,1157.627197265625
21,0.024390243902439046,8.160541575819025e-09,-1,7,6,1157.627197265625
22,0.07317073170731714,3.522257429722231e-06,-1,7,6,1157.627197265625
23,0.12195121951219523,8.305597134494747e-07,-1,7,6,1157.627197265625
24,0.17073170731707332,4.3147192627657205e-06,-1,7,6,1157.627197265625
25,0.2195121951219512,7.282163096533623e-06,-1,7,6,1157.627197265625
26,0.2682926829268293,1.9276612874818966e-05,-1,7,6,1157.627197265625
27,0.3170731707317074,8.404041000176221e-05,-1,7,6,1157.627197265625
28,0.36585365853658547,6.105324428062886e-05,-1,7,6,1157.627197265625
29,0.41463414634146356,0.0002333718293812126,-1,7,6,1157.627197265625
30,0.46341463414634143,4.350780272943666e-06,-1,7,6,1157.627197265625
31,0.5121951219512195,0.00028588215354830027,-1,7,6,1157.627197265625
32,0.5609756097560976,0.005424386356025934,-1,7,6,1157.627197265625
33,0.6097560975609757,3.241976082790643e-05,-1,7,6,1157.627197265625
34,0.6585365853658538,2.119983582815621e-05,-1,7,6,1157.627197265625
35,0.7073170731707317,2.938446414191276e-05,-1,7,6,1157.627197265625
36,0.7560975609756098,8.906942639441695e-06,-1,7,6,1157.627197265625
37,0.8048780487804879,3.385067611816339e-05,-1,7,6,1157.627197265625
38,0.853658536585366,1.7369700344715966e-06,-1,7,6,1157.627197265625
39,0.902439024390244,1.8599434042698704e-05,-1,7,6,1157.627197265625
40,0.9512195121951219,1.7214258605235955e-06,-1,7,6,1157.627197265625
41,1.0,1.172605152532924e-05,-1,7,6,1157.627197265625
0,-1.0,0.0,-1,8,6,1157.627197265625
1,-0.9512195121951219,0.0,-1,8,6,1157.627197265625
2,-0.9024390243902439,0.0,-1,8,6,1157.627197265625
3,-0.8536585365853658,0.0,-1,8,6,1157.627197265625
4,-0.8048780487804879,0.0,-1,8,6,1157.627197265625
5,-0.7560975609756098,0.0,-1,8,6,1157.627197265625
6,-0.7073170731707317,0.0,-1,8,6,1157.627197265625
7,-0.6585365853658536,0.0,-1,8,6,1157.627197265625
8,-0.6097560975609756,0.0,-1,8,6,1157.627197265625
9,-0.5609756097560976,0.0,-1,8,6,1157.627197265625
10,-0.5121951219512195,4.0664454559191654e-07,-1,8,6,1157.627197265625
11,-0.46341463414634143,3.203103915438987e-08,-1,8,6,1157.627197265625
12,-0.41463414634146334,7.344922892116301e-07,-1,8,6,1157.627197265625
13,-0.36585365853658536,1.2054580338372034e-06,-1,8,6,1157.627197265625
14,-0.31707317073170727,8.967184612629353e-07,-1,8,6,1157.627197265625
15,-0.2682926829268293,3.109032888914953e-07,-1,8,6,1157.627197265625
16,-0.2195121951219512,1.750262299538008e-06,-1,8,6,1157.627197265625
17,-0.1707317073170731,2.07629932447162e-06,-1,8,6,1157.627197265625
18,-0.12195121951219512,3.986683168477612e-06,-1,8,6,1157.627197265625
19,-0.07317073170731703,1.3548637070925906e-05,-1,8,6,1157.627197265625
20,-0.024390243902439046,2.1183283024583943e-05,-1,8,6,1157.627197265625
21,0.024390243902439046,9.282206519856118e-06,-1,8,6,1157.627197265625
22,0.07317073170731714,0.004900786560028791,-1,8,6,1157.627197265625
23,0.12195121951219523,0.00010380182357039303,-1,8,6,1157.627197265625
24,0.17073170731707332,4.46791309514083e-05,-1,8,6,1157.627197265625
25,0.2195121951219512,1.6493486327817664e-05,-1,8,6,1157.627197265625
26,0.2682926829268293,1.9271169549028855e-06,-1,8,6,1157.627197265625
27,0.3170731707317074,1.6016840618249262e-06,-1,8,6,1157.627197265625
28,0.36585365853658547,6.495881166301842e-07,-1,8,6,1157.627197265625
29,0.41463414634146356,4.742552391689969e-06,-1,8,6,1157.627197265625
30,0.46341463414634143,2.5144413484667893e-06,-1,8,6,1157.627197265625
31,0.5121951219512195,3.1718948889647436e-07,-1,8,6,1157.627197265625
32,0.5609756097560976,4.593464836943895e-06,-1,8,6,1157.627197265625
33,0.6097560975609757,3.344091965118423e-05,-1,8,6,1157.627197265625
34,0.6585365853658538,7.731582627457101e-06,-1,8,6,1157.627197265625
35,0.7073170731707317,0.0,-1,8,6,1157.627197265625
36,0.7560975609756098,0.0,-1,8,6,1157.627197265625
37,0.8048780487804879,0.0,-1,8,6,1157.627197265625
38,0.853658536585366,0.0,-1,8,6,1157.627197265625
39,0.902439024390244,0.0,-1,8,6,1157.627197265625
40,0.9512195121951219,0.0,-1,8,6,1157.627197265625
41,1.0,0.0,-1,8,6,1157.627197265625
0,-1.0,0.0,-1,9,6,1157.627197265625
1,-0.9512195121951219,0.0,-1,9,6,1157.627197265625
2,-0.9024390243902439,0.0,-1,9,6,1157.627197265625
3,-0.8536585365853658,0.0,-1,9,6,1157.627197265625
4,-0.8048780487804879,2.557466416419629e-07,-1,9,6,1157.627197265625
5,-0.7560975609756098,2.254703730386609e-07,-1,9,6,1157.627197265625
6,-0.7073170731707317,2.564508747582295e-07,-1,9,6,1157.627197265625
7,-0.6585365853658536,8.983762427305919e-07,-1,9,6,1157.627197265625
8,-0.6097560975609756,2.0797381239390234e-07,-1,9,6,1157.627197265625
9,-0.5609756097560976,5.84936792336066e-08,-1,9,6,1157.627197265625
10,-0.5121951219512195,2.2093044549365004e-07,-1,9,6,1157.627197265625
11,-0.46341463414634143,1.392002531019898e-07,-1,9,6,1157.627197265625
12,-0.41463414634146334,1.683210939518176e-07,-1,9,6,1157.627197265625
13,-0.36585365853658536,2.18526611206471e-06,-1,9,6,1157.627197265625
14,-0.31707317073170727,1.4342961549118627e-05,-1,9,6,1157.627197265625
15,-0.2682926829268293,0.00039912763168103993,-1,9,6,1157.627197265625
16,-0.2195121951219512,0.00011314373114146292,-1,9,6,1157.627197265625
17,-0.1707317073170731,1.475327280786587e-05,-1,9,6,1157.627197265625
18,-0.12195121951219512,4.106621872779215e-06,-1,9,6,1157.627197265625
19,-0.07317073170731703,3.107054453721503e-06,-1,9,6,1157.627197265625
20,-0.024390243902439046,1.3021112863498274e-06,-1,9,6,1157.627197265625
21,0.024390243902439046,1.4695438039780129e-06,-1,9,6,1157.627197265625
22,0.07317073170731714,6.65572258640168e-07,-1,9,6,1157.627197265625
23,0.12195121951219523,1.4842930795566645e-06,-1,9,6,1157.627197265625
24,0.17073170731707332,1.0141332040802808e-07,-1,9,6,1157.627197265625
25,0.2195121951219512,3.2331012533859393e-08,-1,9,6,1157.627197265625
26,0.2682926829268293,5.718860407455395e-08,-1,9,6,1157.627197265625
27,0.3170731707317074,0.0,-1,9,6,1157.627197265625
28,0.36585365853658547,0.0,-1,9,6,1157.627197265625
29,0.41463414634146356,0.0,-1,9,6,1157.627197265625
30,0.46341463414634143,0.0,-1,9,6,1157.627197265625
31,0.5121951219512195,0.0,-1,9,6,1157.627197265625
32,0.5609756097560976,0.0,-1,9,6,1157.627197265625
33,0.6097560975609757,0.0,-1,9,6,1157.627197265625
34,0.6585365853658538,0.0,-1,9,6,1157.627197265625
35,0.7073170731707317,0.0,-1,9,6,1157.627197265625
36,0.7560975609756098,0.0,-1,9,6,1157.627197265625
37,0.8048780487804879,0.0,-1,9,6,1157.627197265625
38,0.853658536585366,0.0,-1,9,6,1157.627197265625
39,0.902439024390244,0.0,-1,9,6,1157.627197265625
40,0.9512195121951219,0.0,-1,9,6,1157.627197265625
41,1.0,0.0,-1,9,6,1157.627197265625
0,-1.0,0.0,0,-9,-5,1157.627197265625
1,-0.9512195121951219,0.0,0,-9,-5,1157.627197265625
2,-0.9024390243902439,0.0,0,-9,-5,1157.627197265625
3,-0.8536585365853658,0.0,0,-9,-5,1157.627197265625
4,-0.8048780487804879,0.0,0,-9,-5,1157.627197265625
5,-0.7560975609756098,2.4473392201684874e-08,0,-9,-5,1157.627197265625
6,-0.7073170731707317,3.7745041936432244e-07,0,-9,-5,1157.627197265625
7,-0.6585365853658536,1.4893718969233305e-07,0,-9,-5,1157.627197265625
8,-0.6097560975609756,5.957971538350648e-08,0,-9,-5,1157.627197265625
9,-0.5609756097560976,3.0397148975680466e-07,0,-9,-5,1157.627197265625
10,-0.5121951219512195,2.1627486148645403e-06,0,-9,-5,1157.627197265625
11,-0.46341463414634143,2.0607594706234522e-06,0,-9,-5,1157.627197265625
12,-0.41463414634146334,1.6877766029210761e-06,0,-9,-5,1157.627197265625
13,-0.36585365853658536,5.018288220526301e-07,0,-9,-5,1157.627197265625
14,-0.31707317073170727,0.0003683457034640014,0,-9,-5,1157.627197265625
15,-0.2682926829268293,4.1830233385553584e-05,0,-9,-5,1157.627197265625
16,-0.2195121951219512,5.098950623505516e-06,0,-9,-5,1157.627197265625
17,-0.1707317073170731,9.392425454279874e-06,0,-9,-5,1157.627197265625
18,-0.12195121951219512,2.125528453689185e-06,0,-9,-5,1157.627197265625
19,-0.07317073170731703,1.2434497875801753e-05,0,-9,-5,1157.627197265625
20,-0.024390243902439046,6.149726345938689e-07,0,-9,-5,1157.627197265625
21,0.024390243902439046,9.392530841978441e-08,0,-9,-5,1157.627197265625
22,0.07317073170731714,6.983593152654066e-07,0,-9,-5,1157.627197265625
23,0.12195121951219523,2.0264030453631676e-08,0,-9,-5,1157.627197265625
24,0.17073170731707332,2.1221224244527548e-07,0,-9,-5,1157.627197265625
25,0.2195121951219512,5.503025590769539e-08,0,-9,-5,1157.627197265625
26,0.2682926829268293,9.202334894098385e-08,0,-9,-5,1157.627197265625
27,0.3170731707317074,0.0,0,-9,-5,1157.627197265625
28,0.36585365853658547,0.0,0,-9,-5,1157.627197265625
29,0.41463414634146356,0.0,0,-9,-5,1157.627197265625
30,0.46341463414634143,0.0,0,-9,-5,1157.627197265625
31,0.5121951219512195,0.0,0,-9,-5,1157.627197265625
32,0.5609756097560976,0.0,0,-9,-5,1157.627197265625
33,0.6097560975609757,0.0,0,-9,-5,1157.627197265625
34,0.6585365853658538,0.0,0,-9,-5,1157.627197265625
35,0.7073170731707317,0.0,0,-9,-5,1157.627197265625
36,0.7560975609756098,0.0,0,-9,-5,1157.627197265625
37,0.8048780487804879,0.0,0,-9,-5,1157.627197265625
38,0.853658536585366,0.0,0,-9,-5,1157.627197265625
39,0.902439024390244,0.0,0,-9,-5,1157.627197265625
40,0.9512195121951219,0.0,0,-9,-5,1157.627197265625
41,1.0,0.0,0,-9,-5,1157.627197265625
0,-1.0,0.0,0,-8,-5,1157.627197265625
1,-0.9512195121951219,0.0,0,-8,-5,1157.627197265625
2,-0.9024390243902439,0.0,0,-8,-5,1157.627197265625
3,-0.8536585365853658,0.0,0,-8,-5,1157.627197265625
4,-0.8048780487804879,0.0,0,-8,-5,1157.627197265625
5,-0.7560975609756098,0.0,0,-8,-5,1157.627197265625
6,-0.7073170731707317,0.0,0,-8,-5,1157.627197265625
7,-0.6585365853658536,0.0,0,-8,-5,1157.627197265625
8,-0.6097560975609756,0.0,0,-8,-5,1157.627197265625
9,-0.5609756097560976,0.0,0,-8,-5,1157.627197265625
10,-0.5121951219512195,0.0,0,-8,-5,1157.627197265625
11,-0.46341463414634143,0.0,0,-8,-5,1157.627197265625
12,-0.41463414634146334,0.0,0,-8,-5,1157.627197265625
13,-0.36585365853658536,0.0,0,-8,-5,1157.627197265625
14,-0.31707317073170727,0.0,0,-8,-5,1157.627197265625
15,-0.2682926829268293,0.0,0,-8,-5,1157.627197265625
16,-0.2195121951219512,0.0,0,-8,-5,1157.627197265625
17,-0.1707317073170731,0.0,0,-8,-5,1157.627197265625
18,-0.12195121951219512,0.0,0,-8,-5,1157.627197265625
19,-0.07317073170731703,0.0,0,-8,-5,1157.627197265625
20,-0.024390243902439046,0.0,0,-8,-5,1157.627197265625
21,0.024390243902439046,0.0,0,-8,-5,1157.627197265625
22,0.07317073170731714,0.0,0,-8,-5,1157.627197265625
23,0.12195121951219523,0.0,0,-8,-5,1157.627197265625
24,0.17073170731707332,2.937027147709159e-06,0,-8,-5,1157.627197265625
25,0.2195121951219512,5.0205526349600405e-06,0,-8,-5,1157.627197265625
26,0.2682926829268293,8.806625828583492e-07,0,-8,-5,1157.627197265625
27,0.3170731707317074,7.35898720449768e-05,0,-8,-5,1157.627197265625
28,0.36585365853658547,1.7681392137092189e-06,0,-8,-5,1157.627197265625
29,0.41463414634146356,2.207302713941317e-06,0,-8,-5,1157.627197265625
30,0.46341463414634143,4.124505721847527e-06,0,-8,-5,1157.627197265625
31,0.5121951219512195,1.6564250472583808e-05,0,-8,-5,1157.627197265625
32,0.5609756097560976,7.224931323435158e-05,0,-8,-5,1157.627197265625
33,0.6097560975609757,6.561747431987897e-05,0,-8,-5,1157.627197265625
34,0.6585365853658538,0.0001946783158928156,0,-8,-5,1157.627197265625
35,0.7073170731707317,0.006113761104643345,0,-8,-5,1157.627197265625
36,0.7560975609756098,0.0007617680239491165,0,-8,-5,1157.627197265625
37,0.8048780487804879,5.304635124048218e-05,0,-8,-5,1157.627197265625
38,0.853658536585366,2.6542524210526608e-05,0,-8,-5,1157.627197265625
39,0.902439024390244,2.44467501033796e-05,0,-8,-5,1157.627197265625
40,0.9512195121951219,7.205328074633144e-06,0,-8,-5,1157.627197265625
41,1.0,1.8154287317884155e-06,0,-8,-5,1157.627197265625
0,-1.0,2.772908089809789e-07,0,-8,-4,1157.627197265625
1,-0.9512195121951219,1.6658447066220106e-06,0,-8,-4,1157.627197265625
2,-0.9024390243902439,4.765222911373712e-06,0,-8,-4,1157.627197265625
3,-0.8536585365853658,1.8282220480614342e-05,0,-8,-4,1157.627197265625
4,-0.8048780487804879,0.00012080164015060291,0,-8,-4,1157.627197265625
5,-0.7560975609756098,3.071106402785517e-05,0,-8,-4,1157.627197265625
6,-0.7073170731707317,0.00035963175469078124,0,-8,-4,1157.627197265625
7,-0.6585365853658536,0.00021815838408656418,0,-8,-4,1157.627197265625
8,-0.6097560975609756,1.4717383237439208e-05,0,-8,-4,1157.627197265625
9,-0.5609756097560976,1.475414251217444e-06,0,-8,-4,1157.627197265625
10,-0.5121951219512195,5.712390702683479e-06,0,-8,-4,1157.627197265625
11,-0.46341463414634143,3.158513663947815e-06,0,-8,-4,1157.627197265625
12,-0.41463414634146334,5.9753042478405405e-06,0,-8,-4,1157.627197265625
13,-0.36585365853658536,3.431081267990521e-06,0,-8,-4,1157.627197265625
14,-0.31707317073170727,1.4715575161972083e-05,0,-8,-4,1157.627197265625
15,-0.2682926829268293,7.813351658114698e-06,0,-8,-4,1157.627197265625
16,-0.2195121951219512,1.753931996972824e-06,0,-8,-4,1157.627197265625
17,-0.1707317073170731,6.626423328270903e-06,0,-8,-4,1157.627197265625
18,-0.12195121951219512,2.613613219182298e-07,0,-8,-4,1157.627197265625
19,-0.07317073170731703,0.0,0,-8,-4,1157.627197265625
20,-0.024390243902439046,0.0,0,-8,-4,1157.627197265625
21,0.024390243902439046,0.0,0,-8,-4,1157.627197265625
22,0.07317073170731714,0.0,0,-8,-4,1157.627197265625
23,0.12195121951219523,0.0,0,-8,-4,1157.627197265625
24,0.17073170731707332,0.0,0,-8,-4,1157.627197265625
25,0.2195121951219512,0.0,0,-8,-4,1157.627197265625
26,0.2682926829268293,0.0,0,-8,-4,1157.627197265625
27,0.3170731707317074,0.0,0,-8,-4,1157.627197265625
28,0.36585365853658547,0.0,0,-8,-4,1157.627197265625
29,0.41463414634146356,0.0,0,-8,-4,1157.627197265625
30,0.46341463414634143,0.0,0,-8,-4,1157.627197265625
31,0.5121951219512195,0.0,0,-8,-4,1157.627197265625
32,0.5609756097560976,0.0,0,-8,-4,1157.627197265625
33,0.6097560975609757,0.0,0,-8,-4,1157.627197265625
34,0.6585365853658538,0.0,0,-8,-4,1157.627197265625
35,0.7073170731707317,0.0,0,-8,-4,1157.627197265625
36,0.7560975609756098,0.0,0,-8,-4,1157.627197265625
37,0.8048780487804879,0.0,0,-8,-4,1157.627197265625
38,0.853658536585366,0.0,0,-8,-4,1157.627197265625
39,0.902439024390244,0.0,0,-8,-4,1157.627197265625
40,0.9512195121951219,0.0,0,-8,-4,1157.627197265625
41,1.0,0.0,0,-8,-4,1157.627197265625
0,-1.0,0.0,0,-7,-4,1157.627197265625
1,-0.9512195121951219,0.0,0,-7,-4,1157.627197265625
2,-0.9024390243902439,0.0,0,-7,-4,1157.627197265625
3,-0.8536585365853658,0.0,0,-7,-4,1157.627197265625
4,-0.8048780487804879,0.0,0,-7,-4,1157.627197265625
5,-0.7560975609756098,0.0,0,-7,-4,1157.627197265625
6,-0.7073170731707317,0.0,0,-7,-4,1157.627197265625
7,-0.6585365853658536,0.0,0,-7,-4,1157.627197265625
8,-0.6097560975609756,0.0,0,-7,-4,1157.627197265625
9,-0.5609756097560976,0.0,0,-7,-4,1157.627197265625
10,-0.5121951219512195,0.0,0,-7,-4,1157.627197265625
11,-0.46341463414634143,0.0,0,-7,-4,1157.627197265625
12,-0.41463414634146334,0.0,0,-7,-4,1157.627197265625
13,-0.36585365853658536,0.0,0,-7,-4,1157.627197265625
14,-0.31707317073170727,0.00016322830924764276,0,-7,-4,1157.627197265625
15,-0.2682926829268293,9.188045623886865e-06,0,-7,-4,1157.627197265625
16,-0.2195121951219512,9.795132427825592e-06,0,-7,-4,1157.627197265625
17,-0.1707317073170731,4.289633216103539e-05,0,-7,-4,1157.627197265625
18,-0.12195121951219512,1.8109331278992613e-07,0,-7,-4,1157.627197265625
19,-0.07317073170731703,1.486066776124062e-05,0,-7,-4,1157.627197265625
20,-0.024390243902439046,2.0607825717888772e-05,0,-7,-4,1157.627197265625
21,0.024390243902439046,2.8277834644541144e-05,0,-7,-4,1157.627197265625
22,0.07317073170731714,0.00012277466885279864,0,-7,-4,1157.627197265625
23,0.12195121951219523,0.00010547526471782476,0,-7,-4,1157.627197265625
24,0.17073170731707332,1.2976720427104738e-05,0,-7,-4,1157.627197265625
25,0.2195121951219512,0.00019534937746357173,0,-7,-4,1157.627197265625
26,0.2682926829268293,0.0012947405921295285,0,-7,-4,1157.627197265625
27,0.3170731707317074,0.036693673580884933,0,-7,-4,1157.627197265625
28,0.36585365853658547,0.000766527489759028,0,-7,-4,1157.627197265625
29,0.41463414634146356,0.0002579237916506827,0,-7,-4,1157.627197265625
30,0.46341463414634143,5.1330298447282985e-06,0,-7,-4,1157.627197265625
31,0.5121951219512195,5.080114715383388e-05,0,-7,-4,1157.627197265625
32,0.5609756097560976,3.6504883610177785e-05,0,-7,-4,1157.627197265625
33,0.6097560975609757,2.713559297262691e-06,0,-7,-4,1157.627197265625
34,0.6585365853658538,1.6024125216063112e-05,0,-7,-4,1157.627197265625
35,0.7073170731707317,2.931759127022815e-06,0,-7,-4,1157.627197265625
36,0.7560975609756098,7.961219125718344e-06,0,-7,-4,1157.627197265625
37,0.8048780487804879,4.636900484911166e-06,0,-7,-4,1157.627197265625
38,0.853658536585366,1.5505420378758572e-06,0,-7,-4,1157.627197265625
39,0.902439024390244,5.537087304219313e-07,0,-7,-4,1157.627197265625
40,0.9512195121951219,2.212955223512836e-06,0,-7,-4,1157.627197265625
41,1.0,0.0,0,-7,-4,1157.627197265625
0,-1.0,4.655381871998543e-06,0,-6,-3,1157.627197265625
1,-0.9512195121951219,2.1483265300048515e-05,0,-6,-3,1157.627197265625
2,-0.9024390243902439,1.5710614889030694e-06,0,-6,-3,1157.627197265625
3,-0.8536585365853658,5.5390097259078175e-05,0,-6,-3,1157.627197265625
4,-0.8048780487804879,2.9082937089697225e-06,0,-6,-3,1157.627197265625
5,-0.7560975609756098,3.63785402441863e-05,0,-6,-3,1157.627197265625
6,-0.7073170731707317,1.95158372662263e-05,0,-6,-3,1157.627197265625
7,-0.6585365853658536,8.075458026723936e-06,0,-6,-3,1157.627197265625
8,-0.6097560975609756,0.0001839367760112509,0,-6,-3,1157.627197265625
9,-0.5609756097560976,2.670099820534233e-05,0,-6,-3,1157.627197265625
10,-0.5121951219512195,4.4724580220645294e-05,0,-6,-3,1157.627197265625
11,-0.46341463414634143,0.00030256816535256803,0,-6,-3,1157.627197265625
12,-0.41463414634146334,0.0007255201344378293,0,-6,-3,1157.627197265625
13,-0.36585365853658536,0.00419959332793951,0,-6,-3,1157.627197265625
14,-0.31707317073170727,0.10733363032341003,0,-6,-3,1157.627197265625
15,-0.2682926829268293,0.0057669333182275295,0,-6,-3,1157.627197265625
16,-0.2195121951219512,7.158552034525201e-05,0,-6,-3,1157.627197265625
17,-0.1707317073170731,0.0015215652529150248,0,-6,-3,1157.627197265625
18,-0.12195121951219512,6.865560862934217e-05,0,-6,-3,1157.627197265625
19,-0.07317073170731703,4.4153915951028466e-05,0,-6,-3,1157.627197265625
20,-0.024390243902439046,0.00016996351769194007,0,-6,-3,1157.627197265625
21,0.024390243902439046,1.961684029083699e-05,0,-6,-3,1157.627197265625
22,0.07317073170731714,2.117958320013713e-05,0,-6,-3,1157.627197265625
23,0.12195121951219523,5.6447770475642756e-06,0,-6,-3,1157.627197265625
24,0.17073170731707332,3.353165811859071e-05,0,-6,-3,1157.627197265625
25,0.2195121951219512,2.4053721062955447e-05,0,-6,-3,1157.627197265625
26,0.2682926829268293,6.312416189757641e-06,0,-6,-3,1157.627197265625
27,0.3170731707317074,6.781913543818519e-05,0,-6,-3,1157.627197265625
28,0.36585365853658547,2.4839832803991158e-06,0,-6,-3,1157.627197265625
29,0.41463414634146356,2.2901353077031672e-05,0,-6,-3,1157.627197265625
30,0.46341463414634143,5.077918103779666e-06,0,-6,-3,1157.627197265625
31,0.5121951219512195,0.0,0,-6,-3,1157.627197265625
32,0.5609756097560976,0.0,0,-6,-3,1157.627197265625
33,0.6097560975609757,0.0,0,-6,-3,1157.627197265625
34,0.6585365853658538,0.0,0,-6,-3,1157.627197265625
35,0.7073170731707317,0.0,0,-6,-3,1157.627197265625
36,0.7560975609756098,0.0,0,-6,-3,1157.627197265625
37,0.8048780487804879,0.0,0,-6,-3,1157.627197265625
38,0.853658536585366,0.0,0,-6,-3,1157.627197265625
39,0.902439024390244,0.0,0,-6,-3,1157.627197265625
40,0.9512195121951219,0.0,0,-6,-3,1157.627197265625
41,1.0,0.0,0,-6,-3,1157.627197265625
0,-1.0,3.080723399762064e-05,0,-4,-2,1157.627197265625
1,-0.9512195121951219,2.8769996788469143e-05,0,-4,-2,1157.627197265625
2,-0.9024390243902439,1.617377893126104e-05,0,-4,-2,1157.627197265625
3,-0.8536585365853658,1.8514887415221892e-05,0,-4,-2,1157.627197265625
4,-0.8048780487804879,4.196861482341774e-05,0,-4,-2,1157.627197265625
5,-0.7560975609756098,2.748393853835296e-05,0,-4,-2,1157.627197265625
6,-0.7073170731707317,2.637146280903835e-06,0,-4,-2,1157.627197265625
7,-0.6585365853658536,7.640699550393037e-06,0,-4,-2,1157.627197265625
8,-0.6097560975609756,8.44461283122655e-06,0,-4,-2,1157.627197265625
9,-0.5609756097560976,3.2472241855430184e-06,0,-4,-2,1157.627197265625
10,-0.5121951219512195,1.78373848029878e-05,0,-4,-2,1157.627197265625
11,-0.46341463414634143,4.035234451293945e-05,0,-4,-2,1157.627197265625
12,-0.41463414634146334,4.513684689300135e-05,0,-4,-2,1157.627197265625
13,-0.36585365853658536,4.6254630433395505e-05,0,-4,-2,1157.627197265625
14,-0.31707317073170727,0.0006231565494090319,0,-4,-2,1157.627197265625
15,-0.2682926829268293,7.435953739332035e-05,0,-4,-2,1157.627197265625
16,-0.2195121951219512,0.0002888730086851865,0,-4,-2,1157.627197265625
17,-0.1707317073170731,0.00015774900384712964,0,-4,-2,1157.627197265625
18,-0.12195121951219512,0.0011901624966412783,0,-4,-2,1157.627197265625
19,-0.07317073170731703,0.001914930297061801,0,-4,-2,1157.627197265625
20,-0.024390243902439046,0.0008648507646284997,0,-4,-2,1157.627197265625
21,0.024390243902439046,0.10446938872337341,0,-4,-2,1157.627197265625
22,0.07317073170731714,0.1288127303123474,0,-4,-2,1157.627197265625
23,0.12195121951219523,0.011043508537113667,0,-4,-2,1157.627197265625
24,0.17073170731707332,0.0023258903529495,0,-4,-2,1157.627197265625
25,0.2195121951219512,0.0006545629585161805,0,-4,-2,1157.627197265625
26,0.2682926829268293,1.4067686606722418e-05,0,-4,-2,1157.627197265625
27,0.3170731707317074,1.3499080523615703e-05,0,-4,-2,1157.627197265625
28,0.36585365853658547,7.639047544216737e-05,0,-4,-2,1157.627197265625
29,0.41463414634146356,8.72442324180156e-05,0,-4,-2,1157.627197265625
30,0.46341463414634143,0.00010246429883409292,0,-4,-2,1157.627197265625
31,0.5121951219512195,1.6174220945686102e-05,0,-4,-2,1157.627197265625
32,0.5609756097560976,3.510530586936511e-05,0,-4,-2,1157.627197265625
33,0.6097560975609757,1.3510607459465973e-05,0,-4,-2,1157.627197265625
34,0.6585365853658538,5.1762108341790736e-05,0,-4,-2,1157.627197265625
35,0.7073170731707317,2.927175592049025e-05,0,-4,-2,1157.627197265625
36,0.7560975609756098,5.625852645607665e-05,0,-4,-2,1157.627197265625
37,0.8048780487804879,5.4061238188296556e-05,0,-4,-2,1157.627197265625
38,0.853658536585366,3.668519275379367e-05,0,-4,-2,1157.627197265625
39,0.902439024390244,1.6989952200674452e-05,0,-4,-2,1157.627197265625
40,0.9512195121951219,4.120312587474473e-05,0,-4,-2,1157.627197265625
41,1.0,3.9704125811113045e-05,0,-4,-2,1157.627197265625
0,-1.0,5.5498625442851335e-05,0,-2,-1,1157.627197265625
1,-0.9512195121951219,0.00021579896565526724,0,-2,-1,1157.627197265625
2,-0.9024390243902439,5.2183560910634696e-05,0,-2,-1,1157.627197265625
3,-0.8536585365853658,0.00028481066692620516,0,-2,-1,1157.627197265625
4,-0.8048780487804879,4.0861083107301965e-05,0,-2,-1,1157.627197265625
5,-0.7560975609756098,8.732104470254853e-05,0,-2,-1,1157.627197265625
6,-0.7073170731707317,0.00012669315037783235,0,-2,-1,1157.627197265625
7,-0.6585365853658536,0.0005184903275221586,0,-2,-1,1157.627197265625
8,-0.6097560975609756,3.662664312287234e-05,0,-2,-1,1157.627197265625
9,-0.5609756097560976,0.00029753928538411856,0,-2,-1,1157.627197265625
10,-0.5121951219512195,2.3893877369118854e-05,0,-2,-1,1157.627197265625
11,-0.46341463414634143,0.00021883346198592335,0,-2,-1,1157.627197265625
12,-0.41463414634146334,0.0002522848080843687,0,-2,-1,1157.627197265625
13,-0.36585365853658536,9.820733248488978e-05,0,-2,-1,1157.627197265625
14,-0.31707317073170727,0.00032773774000816047,0,-2,-1,1157.627197265625
15,-0.2682926829268293,0.0011637761490419507,0,-2,-1,1157.627197265625
16,-0.2195121951219512,0.0007747971103526652,0,-2,-1,1157.627197265625
17,-0.1707317073170731,0.0003361199051141739,0,-2,-1,1157.627197265625
18,-0.12195121951219512,0.0010617389343678951,0,-2,-1,1157.627197265625
19,-0.07317073170731703,0.0006383494473993778,0,-2,-1,1157.627197265625
20,-0.024390243902439046,0.0015828554751351476,0,-2,-1,1157.627197265625
21,0.024390243902439046,7.3619419708848e-05,0,-2,-1,1157.627197265625
22,0.07317073170731714,0.0057569341734051704,0,-2,-1,1157.627197265625
23,0.12195121951219523,0.00020524660067167133,0,-2,-1,1157.627197265625
24,0.17073170731707332,0.00803233403712511,0,-2,-1,1157.627197265625
25,0.2195121951219512,6.474254041677341e-05,0,-2,-1,1157.627197265625
26,0.2682926829268293,0.023483911529183388,0,-2,-1,1157.627197265625
27,0.3170731707317074,0.001791618880815804,0,-2,-1,1157.627197265625
28,0.36585365853658547,0.12755566835403442,0,-2,-1,1157.627197265625
29,0.41463414634146356,0.36399582028388977,0,-2,-1,1157.627197265625
30,0.46341463414634143,0.2066521942615509,0,-2,-1,1157.627197265625
31,0.5121951219512195,0.011849828064441681,0,-2,-1,1157.627197265625
32,0.5609756097560976,0.02018079347908497,0,-2,-1,1157.627197265625
33,0.6097560975609757,0.004556551109999418,0,-2,-1,1157.627197265625
34,0.6585365853658538,0.008478297851979733,0,-2,-1,1157.627197265625
35,0.7073170731707317,0.0033795274794101715,0,-2,-1,1157.627197265625
36,0.7560975609756098,0.0019384128972887993,0,-2,-1,1157.627197265625
37,0.8048780487804879,0.002505295444279909,0,-2,-1,1157.627197265625
38,0.853658536585366,0.0008712374838069081,0,-2,-1,1157.627197265625
39,0.902439024390244,0.001614416018128395,0,-2,-1,1157.627197265625
40,0.9512195121951219,0.0005125526222400367,0,-2,-1,1157.627197265625
41,1.0,0.0025956418830901384,0,-2,-1,1157.627197265625
0,-1.0,0.013773606158792973,0,3,1,1157.627197265625
1,-0.9512195121951219,0.00038960762321949005,0,3,1,1157.627197265625
2,-0.9024390243902439,0.030941426753997803,0,3,1,1157.627197265625
3,-0.8536585365853658,0.070626400411129,0,3,1,1157.627197265625
4,-0.8048780487804879,0.00026452081510797143,0,3,1,1157.627197265625
5,-0.7560975609756098,0.8397354483604431,0,3,1,1157.627197265625
6,-0.7073170731707317,0.2331552803516388,0,3,1,1157.627197265625
7,-0.6585365853658536,0.11468510329723358,0,3,1,1157.627197265625
8,-0.6097560975609756,7.998976070666686e-05,0,3,1,1157.627197265625
9,-0.5609756097560976,0.030208628624677658,0,3,1,1157.627197265625
10,-0.5121951219512195,0.018147224560379982,0,3,1,1157.627197265625
11,-0.46341463414634143,0.0003381925052963197,0,3,1,1157.627197265625
12,-0.41463414634146334,0.0046111964620649815,0,3,1,1157.627197265625
13,-0.36585365853658536,0.007149172481149435,0,3,1,1157.627197265625
14,-0.31707317073170727,0.0015073295217007399,0,3,1,1157.627197265625
15,-0.2682926829268293,0.000396513583837077,0,3,1,1157.627197265625
16,-0.2195121951219512,0.001996050588786602,0,3,1,1157.627197265625
17,-0.1707317073170731,0.0003580701013561338,0,3,1,1157.627197265625
18,-0.12195121951219512,0.0007019785116426647,0,3,1,1157.627197265625
19,-0.07317073170731703,0.00258101848885417,0,3,1,1157.627197265625
20,-0.024390243902439046,0.0013376432470977306,0,3,1,1157.627197265625
21,0.024390243902439046,9.194005542667583e-05,0,3,1,1157.627197265625
22,0.07317073170731714,0.0009088568622246385,0,3,1,1157.627197265625
23,0.12195121951219523,0.0004958363133482635,0,3,1,1157.627197265625
24,0.17073170731707332,0.0006733881891705096,0,3,1,1157.627197265625
25,0.2195121951219512,0.00010236260277451947,0,3,1,1157.627197265625
26,0.2682926829268293,0.0004104562976863235,0,3,1,1157.627197265625
27,0.3170731707317074,0.00033967121271416545,0,3,1,1157.627197265625
28,0.36585365853658547,2.1363686755648814e-05,0,3,1,1157.627197265625
29,0.41463414634146356,0.0005452901241369545,0,3,1,1157.627197265625
30,0.46341463414634143,0.0006095982971601188,0,3,1,1157.627197265625
31,0.5121951219512195,4.259034540154971e-05,0,3,1,1157.627197265625
32,0.5609756097560976,0.00039190458483062685,0,3,1,1157.627197265625
33,0.6097560975609757,0.0008829719154164195,0,3,1,1157.627197265625
34,0.6585365853658538,0.000163144402904436,0,3,1,1157.627197265625
35,0.7073170731707317,0.0001022234428091906,0,3,1,1157.627197265625
36,0.7560975609756098,0.0007171876495704055,0,3,1,1157.627197265625
37,0.8048780487804879,0.0005279793404042721,0,3,1,1157.627197265625
38,0.853658536585366,6.1289883888093755e-06,0,3,1,1157.627197265625
39,0.902439024390244,0.0,0,3,1,1157.627197265625
40,0.9512195121951219,0.0,0,3,1,1157.627197265625
41,1.0,0.0,0,3,1,1157.627197265625
0,-1.0,0.0,0,5,2,1157.627197265625
1,-0.9512195121951219,0.0,0,5,2,1157.627197265625
2,-0.9024390243902439,0.0,0,5,2,1157.627197265625
3,-0.8536585365853658,0.0,0,5,2,1157.627197265625
4,-0.8048780487804879,0.0,0,5,2,1157.627197265625
5,-0.7560975609756098,0.0,0,5,2,1157.627197265625
6,-0.7073170731707317,0.0,0,5,2,1157.627197265625
7,-0.6585365853658536,0.0,0,5,2,1157.627197265625
8,-0.6097560975609756,0.0,0,5,2,1157.627197265625
9,-0.5609756097560976,0.0,0,5,2,1157.627197265625
10,-0.5121951219512195,0.0,0,5,2,1157.627197265625
11,-0.46341463414634143,1.5615599977536476e-06,0,5,2,1157.627197265625
12,-0.41463414634146334,1.7939225926966174e-07,0,5,2,1157.627197265625
13,-0.36585365853658536,1.679554912925596e-07,0,5,2,1157.627197265625
14,-0.31707317073170727,1.3653515225087176e-06,0,5,2,1157.627197265625
15,-0.2682926829268293,1.1037972171834554e-06,0,5,2,1157.627197265625
16,-0.2195121951219512,6.55085341350059e-06,0,5,2,1157.627197265625
17,-0.1707317073170731,1.0855713981072768e-06,0,5,2,1157.627197265625
18,-0.12195121951219512,4.76234390589525e-06,0,5,2,1157.627197265625
19,-0.07317073170731703,8.448825610685162e-06,0,5,2,1157.627197265625
20,-0.024390243902439046,0.00017590996867511421,0,5,2,1157.627197265625
21,0.024390243902439046,6.710828165523708e-05,0,5,2,1157.627197265625
22,0.07317073170731714,2.2390322556020692e-05,0,5,2,1157.627197265625
23,0.12195121951219523,4.3918894334638026e-06,0,5,2,1157.627197265625
24,0.17073170731707332,4.181988515483681e-06,0,5,2,1157.627197265625
25,0.2195121951219512,0.00023061480897013098,0,5,2,1157.627197265625
26,0.2682926829268293,0.00014378977357409894,0,5,2,1157.627197265625
27,0.3170731707317074,0.00019295002857688814,0,5,2,1157.627197265625
28,0.36585365853658547,0.00023847735428716987,0,5,2,1157.627197265625
29,0.41463414634146356,0.0008668890222907066,0,5,2,1157.627197265625
30,0.46341463414634143,0.007756237871944904,0,5,2,1157.627197265625
31,0.5121951219512195,0.00023987317399587482,0,5,2,1157.627197265625
32,0.5609756097560976,0.00013898136967327446,0,5,2,1157.627197265625
33,0.6097560975609757,3.7161833461141214e-05,0,5,2,1157.627197265625
34,0.6585365853658538,0.00010861592454602942,0,5,2,1157.627197265625
35,0.7073170731707317,5.756081372965127e-05,0,5,2,1157.627197265625
36,0.7560975609756098,8.541325951227918e-05,0,5,2,1157.627197265625
37,0.8048780487804879,7.209597970359027e-05,0,5,2,1157.627197265625
38,0.853658536585366,3.440338559812517e-06,0,5,2,1157.627197265625
39,0.902439024390244,2.6472862373339012e-05,0,5,2,1157.627197265625
40,0.9512195121951219,2.6036509552795906e-06,0,5,2,1157.627197265625
41,1.0,1.8908740457845852e-05,0,5,2,1157.627197265625
0,-1.0,1.142302880907664e-05,0,6,2,1157.627197265625
1,-0.9512195121951219,7.441416869369277e-07,0,6,2,1157.627197265625
2,-0.9024390243902439,1.6375965060433373e-05,0,6,2,1157.627197265625
3,-0.8536585365853658,1.843985592131503e-05,0,6,2,1157.627197265625
4,-0.8048780487804879,1.4412554492082563e-06,0,6,2,1157.627197265625
5,-0.7560975609756098,0.00038686246261931956,0,6,2,1157.627197265625
6,-0.7073170731707317,0.00011276562145212665,0,6,2,1157.627197265625
7,-0.6585365853658536,1.1024633749912027e-05,0,6,2,1157.627197265625
8,-0.6097560975609756,1.0290596037521027e-05,0,6,2,1157.627197265625
9,-0.5609756097560976,1.621180672373157e-06,0,6,2,1157.627197265625
10,-0.5121951219512195,2.4836215288814856e-06,0,6,2,1157.627197265625
11,-0.46341463414634143,3.148476025671698e-06,0,6,2,1157.627197265625
12,-0.41463414634146334,5.977641194476746e-06,0,6,2,1157.627197265625
13,-0.36585365853658536,4.665884262067266e-06,0,6,2,1157.627197265625
14,-0.31707317073170727,1.4256825124903116e-05,0,6,2,1157.627197265625
15,-0.2682926829268293,8.835560583975166e-05,0,6,2,1157.627197265625
16,-0.2195121951219512,0.0022025234065949917,0,6,2,1157.627197265625
17,-0.1707317073170731,5.005132334190421e-05,0,6,2,1157.627197265625
18,-0.12195121951219512,8.93821197678335e-06,0,6,2,1157.627197265625
19,-0.07317073170731703,8.7063663158915e-06,0,6,2,1157.627197265625
20,-0.024390243902439046,9.209017662215047e-06,0,6,2,1157.627197265625
21,0.024390243902439046,5.940436267337645e-07,0,6,2,1157.627197265625
22,0.07317073170731714,5.147868705535075e-06,0,6,2,1157.627197265625
23,0.12195121951219523,5.6006470003922004e-06,0,6,2,1157.627197265625
24,0.17073170731707332,8.168437489075586e-06,0,6,2,1157.627197265625
25,0.2195121951219512,3.3306692785117775e-05,0,6,2,1157.627197265625
26,0.2682926829268293,6.998054595896974e-05,0,6,2,1157.627197265625
27,0.3170731707317074,0.0004947959678247571,0,6,2,1157.627197265625
28,0.36585365853658547,1.0238974027743097e-05,0,6,2,1157.627197265625
29,0.41463414634146356,5.710580080631189e-05,0,6,2,1157.627197265625
30,0.46341463414634143,3.308284794911742e-05,0,6,2,1157.627197265625
31,0.5121951219512195,2.4242294784926344e-06,0,6,2,1157.627197265625
32,0.5609756097560976,9.648022114561172e-07,0,6,2,1157.627197265625
33,0.6097560975609757,0.0,0,6,2,1157.627197265625
34,0.6585365853658538,0.0,0,6,2,1157.627197265625
35,0.7073170731707317,0.0,0,6,2,1157.627197265625
36,0.7560975609756098,0.0,0,6,2,1157.627197265625
37,0.8048780487804879,0.0,0,6,2,1157.627197265625
38,0.853658536585366,0.0,0,6,2,1157.627197265625
39,0.902439024390244,0.0,0,6,2,1157.627197265625
40,0.9512195121951219,0.0,0,6,2,1157.627197265625
41,1.0,0.0,0,6,2,1157.627197265625
0,-1.0,3.0504417736665346e-05,0,7,2,1157.627197265625
1,-0.9512195121951219,2.699357173696626e-05,0,7,2,1157.627197265625
2,-0.9024390243902439,3.825714884442277e-05,0,7,2,1157.627197265625
3,-0.8536585365853658,1.0923572517640423e-06,0,7,2,1157.627197265625
4,-0.8048780487804879,2.1862431367480895e-06,0,7,2,1157.627197265625
5,-0.7560975609756098,0.00018046658078674227,0,7,2,1157.627197265625
6,-0.7073170731707317,0.00045682734344154596,0,7,2,1157.627197265625
7,-0.6585365853658536,0.0062073045410215855,0,7,2,1157.627197265625
8,-0.6097560975609756,0.001465699402615428,0,7,2,1157.627197265625
9,-0.5609756097560976,5.454007623484358e-05,0,7,2,1157.627197265625
10,-0.5121951219512195,5.553863047680352e-06,0,7,2,1157.627197265625
11,-0.46341463414634143,0.00016001380572561175,0,7,2,1157.627197265625
12,-0.41463414634146334,5.318277544574812e-06,0,7,2,1157.627197265625
13,-0.36585365853658536,2.3134807634050958e-05,0,7,2,1157.627197265625
14,-0.31707317073170727,2.4964544991235016e-06,0,7,2,1157.627197265625
15,-0.2682926829268293,3.6994624679209664e-06,0,7,2,1157.627197265625
16,-0.2195121951219512,1.5497912499995437e-06,0,7,2,1157.627197265625
17,-0.1707317073170731,2.720771306030656e-07,0,7,2,1157.627197265625
18,-0.12195121951219512,1.2126471347073675e-06,0,7,2,1157.627197265625
19,-0.07317073170731703,3.0583240118176036e-07,0,7,2,1157.627197265625
20,-0.024390243902439046,2.923982300728767e-08,0,7,2,1157.627197265625
21,0.024390243902439046,1.0254716187318991e-07,0,7,2,1157.627197265625
22,0.07317073170731714,0.0,0,7,2,1157.627197265625
23,0.12195121951219523,0.0,0,7,2,1157.627197265625
24,0.17073170731707332,0.0,0,7,2,1157.627197265625
25,0.2195121951219512,0.0,0,7,2,1157.627197265625
26,0.2682926829268293,0.0,0,7,2,1157.627197265625
27,0.3170731707317074,0.0,0,7,2,1157.627197265625
28,0.36585365853658547,0.0,0,7,2,1157.627197265625
29,0.41463414634146356,0.0,0,7,2,1157.627197265625
30,0.46341463414634143,0.0,0,7,2,1157.627197265625
31,0.5121951219512195,0.0,0,7,2,1157.627197265625
32,0.5609756097560976,0.0,0,7,2,1157.627197265625
33,0.6097560975609757,0.0,0,7,2,1157.627197265625
34,0.6585365853658538,0.0,0,7,2,1157.627197265625
35,0.7073170731707317,0.0,0,7,2,1157.627197265625
36,0.7560975609756098,0.0,0,7,2,1157.627197265625
37,0.8048780487804879,0.0,0,7,2,1157.627197265625
38,0.853658536585366,0.0,0,7,2,1157.627197265625
39,0.902439024390244,0.0,0,7,2,1157.627197265625
40,0.9512195121951219,0.0,0,7,2,1157.627197265625
41,1.0,0.0,0,7,2,1157.627197265625
0,-1.0,0.00035342303453944623,0,8,2,1157.627197265625
1,-0.9512195121951219,0.002381926402449608,0,8,2,1157.627197265625
2,-0.9024390243902439,2.9075990823912434e-05,0,8,2,1157.627197265625
3,-0.8536585365853658,4.698807515524095e-06,0,8,2,1157.627197265625
4,-0.8048780487804879,4.657855970435776e-05,0,8,2,1157.627197265625
5,-0.7560975609756098,4.628629540093243e-06,0,8,2,1157.627197265625
6,-0.7073170731707317,2.051801629932015e-06,0,8,2,1157.627197265625
7,-0.6585365853658536,9.113601663557347e-06,0,8,2,1157.627197265625
8,-0.6097560975609756,1.3777823824057123e-06,0,8,2,1157.627197265625
9,-0.5609756097560976,1.5058965345815523e-06,0,8,2,1157.627197265625
10,-0.5121951219512195,2.762086523944163e-07,0,8,2,1157.627197265625
11,-0.46341463414634143,5.194573304834194e-07,0,8,2,1157.627197265625
12,-0.41463414634146334,1.6567685179325053e-06,0,8,2,1157.627197265625
13,-0.36585365853658536,7.209119985418511e-07,0,8,2,1157.627197265625
14,-0.31707317073170727,0.0,0,8,2,1157.627197265625
15,-0.2682926829268293,0.0,0,8,2,1157.627197265625
16,-0.2195121951219512,0.0,0,8,2,1157.627197265625
17,-0.1707317073170731,0.0,0,8,2,1157.627197265625
18,-0.12195121951219512,0.0,0,8,2,1157.627197265625
19,-0.07317073170731703,0.0,0,8,2,1157.627197265625
20,-0.024390243902439046,0.0,0,8,2,1157.627197265625
21,0.024390243902439046,0.0,0,8,2,1157.627197265625
22,0.07317073170731714,0.0,0,8,2,1157.627197265625
23,0.12195121951219523,0.0,0,8,2,1157.627197265625
24,0.17073170731707332,0.0,0,8,2,1157.627197265625
25,0.2195121951219512,0.0,0,8,2,1157.627197265625
26,0.2682926829268293,0.0,0,8,2,1157.627197265625
27,0.3170731707317074,0.0,0,8,2,1157.627197265625
28,0.36585365853658547,0.0,0,8,2,1157.627197265625
29,0.41463414634146356,0.0,0,8,2,1157.627197265625
30,0.46341463414634143,0.0,0,8,2,1157.627197265625
31,0.5121951219512195,0.0,0,8,2,1157.627197265625
32,0.5609756097560976,0.0,0,8,2,1157.627197265625
33,0.6097560975609757,0.0,0,8,2,1157.627197265625
34,0.6585365853658538,0.0,0,8,2,1157.627197265625
35,0.7073170731707317,0.0,0,8,2,1157.627197265625
36,0.7560975609756098,0.0,0,8,2,1157.627197265625
37,0.8048780487804879,0.0,0,8,2,1157.627197265625
38,0.853658536585366,0.0,0,8,2,1157.627197265625
39,0.902439024390244,0.0,0,8,2,1157.627197265625
40,0.9512195121951219,0.0,0,8,2,1157.627197265625
41,1.0,0.0,0,8,2,1157.627197265625
0,-1.0,0.0,0,8,3,1157.627197265625
1,-0.9512195121951219,0.0,0,8,3,1157.627197265625
2,-0.9024390243902439,0.0,0,8,3,1157.627197265625
3,-0.8536585365853658,0.0,0,8,3,1157.627197265625
4,-0.8048780487804879,0.0,0,8,3,1157.627197265625
5,-0.7560975609756098,0.0,0,8,3,1157.627197265625
6,-0.7073170731707317,0.0,0,8,3,1157.627197265625
7,-0.6585365853658536,0.0,0,8,3,1157.627197265625
8,-0.6097560975609756,0.0,0,8,3,1157.627197265625
9,-0.5609756097560976,0.0,0,8,3,1157.627197265625
10,-0.5121951219512195,0.0,0,8,3,1157.627197265625
11,-0.46341463414634143,0.0,0,8,3,1157.627197265625
12,-0.41463414634146334,0.0,0,8,3,1157.627197265625
13,-0.36585365853658536,0.0,0,8,3,1157.627197265625
14,-0.31707317073170727,0.0,0,8,3,1157.627197265625
15,-0.2682926829268293,0.0,0,8,3,1157.627197265625
16,-0.2195121951219512,0.0,0,8,3,1157.627197265625
17,-0.1707317073170731,0.0,0,8,3,1157.627197265625
18,-0.12195121951219512,0.0,0,8,3,1157.627197265625
19,-0.07317073170731703,0.0,0,8,3,1157.627197265625
20,-0.024390243902439046,0.0,0,8,3,1157.627197265625
21,0.024390243902439046,0.0,0,8,3,1157.627197265625
22,0.07317073170731714,4.7302967232099036e-07,0,8,3,1157.627197265625
23,0.12195121951219523,3.0455115052063775e-07,0,8,3,1157.627197265625
24,0.17073170731707332,1.687608164324672e-09,0,8,3,1157.627197265625
25,0.2195121951219512,1.7680534938335768e-06,0,8,3,1157.627197265625
26,0.2682926829268293,4.533396236183762e-07,0,8,3,1157.627197265625
27,0.3170731707317074,8.275222285192285e-07,0,8,3,1157.627197265625
28,0.36585365853658547,8.856167710291629e-07,0,8,3,1157.627197265625
29,0.41463414634146356,8.918925232137553e-06,0,8,3,1157.627197265625
30,0.46341463414634143,1.002691078610951e-05,0,8,3,1157.627197265625
31,0.5121951219512195,1.3466402606354677e-06,0,8,3,1157.627197265625
32,0.5609756097560976,2.9688035283470526e-06,0,8,3,1157.627197265625
33,0.6097560975609757,4.389440164231928e-06,0,8,3,1157.627197265625
34,0.6585365853658538,1.3141426279617008e-05,0,8,3,1157.627197265625
35,0.7073170731707317,1.6289980067085708e-06,0,8,3,1157.627197265625
36,0.7560975609756098,1.9470301140245283e-06,0,8,3,1157.627197265625
37,0.8048780487804879,1.8978812477143947e-06,0,8,3,1157.627197265625
38,0.853658536585366,9.590421257144044e-08,0,8,3,1157.627197265625
39,0.902439024390244,1.2995059250897611e-06,0,8,3,1157.627197265625
40,0.9512195121951219,2.6965801680489676e-06,0,8,3,1157.627197265625
41,1.0,8.237635142904765e-07,0,8,3,1157.627197265625
0,-1.0,0.0,0,9,3,1157.627197265625
1,-0.9512195121951219,0.0,0,9,3,1157.627197265625
2,-0.9024390243902439,0.0,0,9,3,1157.627197265625
3,-0.8536585365853658,0.0,0,9,3,1157.627197265625
4,-0.8048780487804879,0.0,0,9,3,1157.627197265625
5,-0.7560975609756098,0.0,0,9,3,1157.627197265625
6,-0.7073170731707317,0.0,0,9,3,1157.627197265625
7,-0.6585365853658536,0.0,0,9,3,1157.627197265625
8,-0.6097560975609756,0.0,0,9,3,1157.627197265625
9,-0.5609756097560976,0.0,0,9,3,1157.627197265625
10,-0.5121951219512195,0.0,0,9,3,1157.627197265625
11,-0.46341463414634143,0.0,0,9,3,1157.627197265625
12,-0.41463414634146334,0.0,0,9,3,1157.627197265625
13,-0.36585365853658536,0.0,0,9,3,1157.627197265625
14,-0.31707317073170727,0.0,0,9,3,1157.627197265625
15,-0.2682926829268293,0.0,0,9,3,1157.627197265625
16,-0.2195121951219512,5.089511887490517e-07,0,9,3,1157.627197265625
17,-0.1707317073170731,3.740692733344986e-08,0,9,3,1157.627197265625
18,-0.12195121951219512,3.571477336095086e-08,0,9,3,1157.627197265625
19,-0.07317073170731703,2.9134380952200445e-07,0,9,3,1157.627197265625
20,-0.024390243902439046,1.6449412214569747e-06,0,9,3,1157.627197265625
21,0.024390243902439046,8.485834541716031e-07,0,9,3,1157.627197265625
22,0.07317073170731714,3.0204266749933595e-06,0,9,3,1157.627197265625
23,0.12195121951219523,1.3711975270780385e-06,0,9,3,1157.627197265625
24,0.17073170731707332,4.6891163947293535e-06,0,9,3,1157.627197265625
25,0.2195121951219512,3.26605440932326e-05,0,9,3,1157.627197265625
26,0.2682926829268293,1.731222255330067e-05,0,9,3,1157.627197265625
27,0.3170731707317074,7.371974061243236e-05,0,9,3,1157.627197265625
28,0.36585365853658547,6.634431338170543e-05,0,9,3,1157.627197265625
29,0.41463414634146356,3.2367552194045857e-07,0,9,3,1157.627197265625
30,0.46341463414634143,1.7411617818652303e-06,0,9,3,1157.627197265625
31,0.5121951219512195,4.853899895351788e-07,0,9,3,1157.627197265625
32,0.5609756097560976,2.2558688215212896e-06,0,9,3,1157.627197265625
33,0.6097560975609757,2.4735298254086047e-08,0,9,3,1157.627197265625
34,0.6585365853658538,6.026013465998403e-08,0,9,3,1157.627197265625
35,0.7073170731707317,1.999776628736072e-07,0,9,3,1157.627197265625
36,0.7560975609756098,2.160238409487647e-06,0,9,3,1157.627197265625
37,0.8048780487804879,5.126486257722718e-07,0,9,3,1157.627197265625
38,0.853658536585366,0.0,0,9,3,1157.627197265625
39,0.902439024390244,0.0,0,9,3,1157.627197265625
40,0.9512195121951219,0.0,0,9,3,1157.627197265625
41,1.0,0.0,0,9,3,1157.627197265625
0,-1.0,6.434293027268723e-07,1,-8,-8,1157.627197265625
1,-0.9512195121951219,5.288331522024237e-06,1,-8,-8,1157.627197265625
2,-0.9024390243902439,8.807201652416552e-07,1,-8,-8,1157.627197265625
3,-0.8536585365853658,1.6996311558159505e-07,1,-8,-8,1157.627197265625
4,-0.8048780487804879,1.2007387795165414e-06,1,-8,-8,1157.627197265625
5,-0.7560975609756098,7.1376634878106415e-06,1,-8,-8,1157.627197265625
6,-0.7073170731707317,1.546687826703419e-06,1,-8,-8,1157.627197265625
7,-0.6585365853658536,5.266592324915109e-06,1,-8,-8,1157.627197265625
8,-0.6097560975609756,2.9161933525756467e-06,1,-8,-8,1157.627197265625
9,-0.5609756097560976,5.176821559871314e-06,1,-8,-8,1157.627197265625
10,-0.5121951219512195,7.127439403120661e-06,1,-8,-8,1157.627197265625
11,-0.46341463414634143,2.875925747503061e-05,1,-8,-8,1157.627197265625
12,-0.41463414634146334,0.0012937212595716119,1,-8,-8,1157.627197265625
13,-0.36585365853658536,1.9891667761839926e-06,1,-8,-8,1157.627197265625
14,-0.31707317073170727,4.457964678294957e-05,1,-8,-8,1157.627197265625
15,-0.2682926829268293,1.4589838428946678e-05,1,-8,-8,1157.627197265625
16,-0.2195121951219512,2.609913281048648e-07,1,-8,-8,1157.627197265625
17,-0.1707317073170731,1.983974868835503e-07,1,-8,-8,1157.627197265625
18,-0.12195121951219512,4.413974181716185e-07,1,-8,-8,1157.627197265625
19,-0.07317073170731703,1.2993115916515308e-08,1,-8,-8,1157.627197265625
20,-0.024390243902439046,5.947761678726238e-07,1,-8,-8,1157.627197265625
21,0.024390243902439046,8.6099174723131e-07,1,-8,-8,1157.627197265625
22,0.07317073170731714,1.051367348736676e-06,1,-8,-8,1157.627197265625
23,0.12195121951219523,3.013416289832094e-07,1,-8,-8,1157.627197265625
24,0.17073170731707332,1.3516044816697104e-07,1,-8,-8,1157.627197265625
25,0.2195121951219512,0.0,1,-8,-8,1157.627197265625
26,0.2682926829268293,0.0,1,-8,-8,1157.627197265625
27,0.3170731707317074,0.0,1,-8,-8,1157.627197265625
28,0.36585365853658547,0.0,1,-8,-8,1157.627197265625
29,0.41463414634146356,0.0,1,-8,-8,1157.627197265625
30,0.46341463414634143,0.0,1,-8,-8,1157.627197265625
31,0.5121951219512195,0.0,1,-8,-8,1157.627197265625
32,0.5609756097560976,0.0,1,-8,-8,1157.627197265625
33,0.6097560975609757,0.0,1,-8,-8,1157.627197265625
34,0.6585365853658538,0.0,1,-8,-8,1157.627197265625
35,0.7073170731707317,0.0,1,-8,-8,1157.627197265625
36,0.7560975609756098,0.0,1,-8,-8,1157.627197265625
37,0.8048780487804879,0.0,1,-8,-8,1157.627197265625
38,0.853658536585366,0.0,1,-8,-8,1157.627197265625
39,0.902439024390244,0.0,1,-8,-8,1157.627197265625
40,0.9512195121951219,0.0,1,-8,-8,1157.627197265625
41,1.0,0.0,1,-8,-8,1157.627197265625
0,-1.0,0.0,1,-7,-8,1157.627197265625
1,-0.9512195121951219,0.0,1,-7,-8,1157.627197265625
2,-0.9024390243902439,0.0,1,-7,-8,1157.627197265625
3,-0.8536585365853658,0.0,1,-7,-8,1157.627197265625
4,-0.8048780487804879,0.0,1,-7,-8,1157.627197265625
5,-0.7560975609756098,0.0,1,-7,-8,1157.627197265625
6,-0.7073170731707317,0.0,1,-7,-8,1157.627197265625
7,-0.6585365853658536,0.0,1,-7,-8,1157.627197265625
8,-0.6097560975609756,0.0,1,-7,-8,1157.627197265625
9,-0.5609756097560976,0.0,1,-7,-8,1157.627197265625
10,-0.5121951219512195,0.0,1,-7,-8,1157.627197265625
11,-0.46341463414634143,0.0,1,-7,-8,1157.627197265625
12,-0.41463414634146334,0.0,1,-7,-8,1157.627197265625
13,-0.36585365853658536,0.0,1,-7,-8,1157.627197265625
14,-0.31707317073170727,0.0,1,-7,-8,1157.627197265625
15,-0.2682926829268293,0.0,1,-7,-8,1157.627197265625
16,-0.2195121951219512,0.0,1,-7,-8,1157.627197265625
17,-0.1707317073170731,0.0,1,-7,-8,1157.627197265625
18,-0.12195121951219512,0.0,1,-7,-8,1157.627197265625
19,-0.07317073170731703,0.0,1,-7,-8,1157.627197265625
20,-0.024390243902439046,7.100833254725103e-10,1,-7,-8,1157.627197265625
21,0.024390243902439046,2.790041435218882e-06,1,-7,-8,1157.627197265625
22,0.07317073170731714,1.0191354427036003e-08,1,-7,-8,1157.627197265625
23,0.12195121951219523,1.9957719814556185e-06,1,-7,-8,1157.627197265625
24,0.17073170731707332,3.472980097285472e-06,1,-7,-8,1157.627197265625
25,0.2195121951219512,8.374513527087402e-07,1,-7,-8,1157.627197265625
26,0.2682926829268293,1.3538760867959354e-05,1,-7,-8,1157.627197265625
27,0.3170731707317074,2.5167369130940642e-06,1,-7,-8,1157.627197265625
28,0.36585365853658547,5.930415227339836e-06,1,-7,-8,1157.627197265625
29,0.41463414634146356,5.887426596018486e-06,1,-7,-8,1157.627197265625
30,0.46341463414634143,5.541436394196353e-07,1,-7,-8,1157.627197265625
31,0.5121951219512195,1.6776506299720495e-06,1,-7,-8,1157.627197265625
32,0.5609756097560976,3.5218596167396754e-05,1,-7,-8,1157.627197265625
33,0.6097560975609757,0.0001436117454431951,1,-7,-8,1157.627197265625
34,0.6585365853658538,8.152168447850272e-05,1,-7,-8,1157.627197265625
35,0.7073170731707317,1.4152511766951648e-06,1,-7,-8,1157.627197265625
36,0.7560975609756098,1.0589182238618378e-05,1,-7,-8,1157.627197265625
37,0.8048780487804879,5.311082986736437e-06,1,-7,-8,1157.627197265625
38,0.853658536585366,8.783887096797116e-06,1,-7,-8,1157.627197265625
39,0.902439024390244,9.935883099387866e-06,1,-7,-8,1157.627197265625
40,0.9512195121951219,3.302636741864262e-06,1,-7,-8,1157.627197265625
41,1.0,1.0423881349197472e-06,1,-7,-8,1157.627197265625
0,-1.0,4.760595038533211e-05,1,-7,-7,1157.627197265625
1,-0.9512195121951219,0.0020282287150621414,1,-7,-7,1157.627197265625
2,-0.9024390243902439,0.0005566849140450358,1,-7,-7,1157.627197265625
3,-0.8536585365853658,5.440769382403232e-05,1,-7,-7,1157.627197265625
4,-0.8048780487804879,1.7229720469913445e-05,1,-7,-7,1157.627197265625
5,-0.7560975609756098,1.2084292393410578e-06,1,-7,-7,1157.627197265625
6,-0.7073170731707317,1.4179838672134792e-06,1,-7,-7,1157.627197265625
7,-0.6585365853658536,1.0424726042401744e-06,1,-7,-7,1157.627197265625
8,-0.6097560975609756,2.2871070370911184e-07,1,-7,-7,1157.627197265625
9,-0.5609756097560976,1.755475636855408e-06,1,-7,-7,1157.627197265625
10,-0.5121951219512195,1.9350807178852847e-07,1,-7,-7,1157.627197265625
11,-0.46341463414634143,3.8174874816832016e-07,1,-7,-7,1157.627197265625
12,-0.41463414634146334,3.302743834865396e-06,1,-7,-7,1157.627197265625
13,-0.36585365853658536,1.055326947607682e-06,1,-7,-7,1157.627197265625
14,-0.31707317073170727,1.9323972082929686e-05,1,-7,-7,1157.627197265625
15,-0.2682926829268293,3.4592364954733057e-06,1,-7,-7,1157.627197265625
16,-0.2195121951219512,0.0,1,-7,-7,1157.627197265625
17,-0.1707317073170731,0.0,1,-7,-7,1157.627197265625
18,-0.12195121951219512,0.0,1,-7,-7,1157.627197265625
19,-0.07317073170731703,0.0,1,-7,-7,1157.627197265625
20,-0.024390243902439046,0.0,1,-7,-7,1157.627197265625
21,0.024390243902439046,0.0,1,-7,-7,1157.627197265625
22,0.07317073170731714,0.0,1,-7,-7,1157.627197265625
23,0.12195121951219523,0.0,1,-7,-7,1157.627197265625
24,0.17073170731707332,0.0,1,-7,-7,1157.627197265625
25,0.2195121951219512,0.0,1,-7,-7,1157.627197265625
26,0.2682926829268293,0.0,1,-7,-7,1157.627197265625
27,0.3170731707317074,0.0,1,-7,-7,1157.627197265625
28,0.36585365853658547,0.0,1,-7,-7,1157.627197265625
29,0.41463414634146356,0.0,1,-7,-7,1157.627197265625
30,0.46341463414634143,0.0,1,-7,-7,1157.627197265625
31,0.5121951219512195,0.0,1,-7,-7,1157.627197265625
32,0.5609756097560976,0.0,1,-7,-7,1157.627197265625
33,0.6097560975609757,0.0,1,-7,-7,1157.627197265625
34,0.6585365853658538,0.0,1,-7,-7,1157.627197265625
35,0.7073170731707317,0.0,1,-7,-7,1157.627197265625
36,0.7560975609756098,0.0,1,-7,-7,1157.627197265625
37,0.8048780487804879,0.0,1,-7,-7,1157.627197265625
38,0.853658536585366,0.0,1,-7,-7,1157.627197265625
39,0.902439024390244,0.0,1,-7,-7,1157.627197265625
40,0.9512195121951219,0.0,1,-7,-7,1157.627197265625
41,1.0,0.0,1,-7,-7,1157.627197265625
0,-1.0,0.0,1,-6,-7,1157.627197265625
1,-0.9512195121951219,0.0,1,-6,-7,1157.627197265625
2,-0.9024390243902439,0.0,1,-6,-7,1157.627197265625
3,-0.8536585365853658,0.0,1,-6,-7,1157.627197265625
4,-0.8048780487804879,0.0,1,-6,-7,1157.627197265625
5,-0.7560975609756098,0.0,1,-6,-7,1157.627197265625
6,-0.7073170731707317,0.0,1,-6,-7,1157.627197265625
7,-0.6585365853658536,5.239536449153093e-07,1,-6,-7,1157.627197265625
8,-0.6097560975609756,2.5837880457402207e-07,1,-6,-7,1157.627197265625
9,-0.5609756097560976,4.123511644138489e-06,1,-6,-7,1157.627197265625
10,-0.5121951219512195,6.287235919444356e-06,1,-6,-7,1157.627197265625
11,-0.46341463414634143,2.1059950086055323e-06,1,-6,-7,1157.627197265625
12,-0.41463414634146334,3.6494168398348847e-06,1,-6,-7,1157.627197265625
13,-0.36585365853658536,2.9837699457857525e-06,1,-6,-7,1157.627197265625
14,-0.31707317073170727,8.663818107379484e-07,1,-6,-7,1157.627197265625
15,-0.2682926829268293,9.135131335824553e-07,1,-6,-7,1157.627197265625
16,-0.2195121951219512,1.3763569768343586e-06,1,-6,-7,1157.627197265625
17,-0.1707317073170731,7.528178684879094e-06,1,-6,-7,1157.627197265625
18,-0.12195121951219512,2.524453293517581e-06,1,-6,-7,1157.627197265625
19,-0.07317073170731703,7.606632834722404e-07,1,-6,-7,1157.627197265625
20,-0.024390243902439046,1.6610496231805882e-06,1,-6,-7,1157.627197265625
21,0.024390243902439046,4.538999201031402e-05,1,-6,-7,1157.627197265625
22,0.07317073170731714,0.00019498851906973869,1,-6,-7,1157.627197265625
23,0.12195121951219523,0.0004095346957910806,1,-6,-7,1157.627197265625
24,0.17073170731707332,0.0002947842294815928,1,-6,-7,1157.627197265625
25,0.2195121951219512,3.4158892958657816e-05,1,-6,-7,1157.627197265625
26,0.2682926829268293,0.0001453825825592503,1,-6,-7,1157.627197265625
27,0.3170731707317074,1.1884885680046864e-05,1,-6,-7,1157.627197265625
28,0.36585365853658547,3.906315669155447e-06,1,-6,-7,1157.627197265625
29,0.41463414634146356,1.5589838540108758e-06,1,-6,-7,1157.627197265625
30,0.46341463414634143,9.812530379349482e-07,1,-6,-7,1157.627197265625
31,0.5121951219512195,1.0684785820558318e-06,1,-6,-7,1157.627197265625
32,0.5609756097560976,4.237905670834152e-07,1,-6,-7,1157.627197265625
33,0.6097560975609757,2.0227039954079373e-07,1,-6,-7,1157.627197265625
34,0.6585365853658538,1.9018760610833851e-07,1,-6,-7,1157.627197265625
35,0.7073170731707317,3.841604666376952e-06,1,-6,-7,1157.627197265625
36,0.7560975609756098,9.49521654547425e-06,1,-6,-7,1157.627197265625
37,0.8048780487804879,2.622763872750511e-07,1,-6,-7,1157.627197265625
38,0.853658536585366,8.72976102073153e-07,1,-6,-7,1157.627197265625
39,0.902439024390244,8.087653782240523e-07,1,-6,-7,1157.627197265625
40,0.9512195121951219,2.6573294675813486e-08,1,-6,-7,1157.627197265625
41,1.0,0.0,1,-6,-7,1157.627197265625
0,-1.0,1.7521738300274592e-06,1,-5,-6,1157.627197265625
1,-0.9512195121951219,1.2919762411911506e-05,1,-5,-6,1157.627197265625
2,-0.9024390243902439,0.00021595388534478843,1,-5,-6,1157.627197265625
3,-0.8536585365853658,0.0002136194088961929,1,-5,-6,1157.627197265625
4,-0.8048780487804879,3.417714106035419e-05,1,-5,-6,1157.627197265625
5,-0.7560975609756098,0.00013950014545116574,1,-5,-6,1157.627197265625
6,-0.7073170731707317,0.0012527622748166323,1,-5,-6,1157.627197265625
7,-0.6585365853658536,0.0019006257643923163,1,-5,-6,1157.627197265625
8,-0.6097560975609756,0.00017311362898908556,1,-5,-6,1157.627197265625
9,-0.5609756097560976,7.066137186484411e-05,1,-5,-6,1157.627197265625
10,-0.5121951219512195,0.0006622506189160049,1,-5,-6,1157.627197265625
11,-0.46341463414634143,7.139685749280034e-07,1,-5,-6,1157.627197265625
12,-0.41463414634146334,2.2316427930491045e-05,1,-5,-6,1157.627197265625
13,-0.36585365853658536,7.407428256556159e-06,1,-5,-6,1157.627197265625
14,-0.31707317073170727,5.313735073286807e-06,1,-5,-6,1157.627197265625
15,-0.2682926829268293,6.738520141880144e-07,1,-5,-6,1157.627197265625
16,-0.2195121951219512,1.7262647133975406e-06,1,-5,-6,1157.627197265625
17,-0.1707317073170731,4.014867954538204e-06,1,-5,-6,1157.627197265625
18,-0.12195121951219512,3.7528718621615553e-06,1,-5,-6,1157.627197265625
19,-0.07317073170731703,4.0874741102925327e-07,1,-5,-6,1157.627197265625
20,-0.024390243902439046,1.9815016116808692e-07,1,-5,-6,1157.627197265625
21,0.024390243902439046,1.3692782886209898e-05,1,-5,-6,1157.627197265625
22,0.07317073170731714,8.058779712882824e-06,1,-5,-6,1157.627197265625
23,0.12195121951219523,1.765420165611431e-07,1,-5,-6,1157.627197265625
24,0.17073170731707332,4.350964900368126e-06,1,-5,-6,1157.627197265625
25,0.2195121951219512,2.5186534458043752e-06,1,-5,-6,1157.627197265625
26,0.2682926829268293,1.4964996353228344e-06,1,-5,-6,1157.627197265625
27,0.3170731707317074,2.5473584628343815e-06,1,-5,-6,1157.627197265625
28,0.36585365853658547,0.0,1,-5,-6,1157.627197265625
29,0.41463414634146356,0.0,1,-5,-6,1157.627197265625
30,0.46341463414634143,0.0,1,-5,-6,1157.627197265625
31,0.5121951219512195,0.0,1,-5,-6,1157.627197265625
32,0.5609756097560976,0.0,1,-5,-6,1157.627197265625
33,0.6097560975609757,0.0,1,-5,-6,1157.627197265625
34,0.6585365853658538,0.0,1,-5,-6,1157.627197265625
35,0.7073170731707317,0.0,1,-5,-6,1157.627197265625
36,0.7560975609756098,0.0,1,-5,-6,1157.627197265625
37,0.8048780487804879,0.0,1,-5,-6,1157.627197265625
38,0.853658536585366,0.0,1,-5,-6,1157.627197265625
39,0.902439024390244,0.0,1,-5,-6,1157.627197265625
40,0.9512195121951219,0.0,1,-5,-6,1157.627197265625
41,1.0,0.0,1,-5,-6,1157.627197265625
0,-1.0,0.0,1,-4,-6,1157.627197265625
1,-0.9512195121951219,0.0,1,-4,-6,1157.627197265625
2,-0.9024390243902439,0.0,1,-4,-6,1157.627197265625
3,-0.8536585365853658,0.0,1,-4,-6,1157.627197265625
4,-0.8048780487804879,0.0,1,-4,-6,1157.627197265625
5,-0.7560975609756098,0.0,1,-4,-6,1157.627197265625
6,-0.7073170731707317,0.0,1,-4,-6,1157.627197265625
7,-0.6585365853658536,0.0,1,-4,-6,1157.627197265625
8,-0.6097560975609756,0.0,1,-4,-6,1157.627197265625
9,-0.5609756097560976,0.0,1,-4,-6,1157.627197265625
10,-0.5121951219512195,0.0,1,-4,-6,1157.627197265625
11,-0.46341463414634143,0.0,1,-4,-6,1157.627197265625
12,-0.41463414634146334,0.0,1,-4,-6,1157.627197265625
13,-0.36585365853658536,0.0,1,-4,-6,1157.627197265625
14,-0.31707317073170727,4.5074531954014674e-05,1,-4,-6,1157.627197265625
15,-0.2682926829268293,2.8150736852694536e-06,1,-4,-6,1157.627197265625
16,-0.2195121951219512,1.0166187536242433e-07,1,-4,-6,1157.627197265625
17,-0.1707317073170731,7.113334959285567e-06,1,-4,-6,1157.627197265625
18,-0.12195121951219512,7.7309539392445e-07,1,-4,-6,1157.627197265625
19,-0.07317073170731703,2.460611085552955e-06,1,-4,-6,1157.627197265625
20,-0.024390243902439046,9.071913154912181e-06,1,-4,-6,1157.627197265625
21,0.024390243902439046,4.51498544862261e-06,1,-4,-6,1157.627197265625
22,0.07317073170731714,2.6799916668096557e-05,1,-4,-6,1157.627197265625
23,0.12195121951219523,1.8775539501802996e-05,1,-4,-6,1157.627197265625
24,0.17073170731707332,8.287836681120098e-05,1,-4,-6,1157.627197265625
25,0.2195121951219512,9.735987987369299e-06,1,-4,-6,1157.627197265625
26,0.2682926829268293,7.61848832553369e-06,1,-4,-6,1157.627197265625
27,0.3170731707317074,1.2146053904871223e-06,1,-4,-6,1157.627197265625
28,0.36585365853658547,4.418354365043342e-05,1,-4,-6,1157.627197265625
29,0.41463414634146356,8.017744403332472e-05,1,-4,-6,1157.627197265625
30,0.46341463414634143,1.8960998886541347e-06,1,-4,-6,1157.627197265625
31,0.5121951219512195,7.52885898691602e-05,1,-4,-6,1157.627197265625
32,0.5609756097560976,6.296534411376342e-05,1,-4,-6,1157.627197265625
33,0.6097560975609757,8.875389175955206e-05,1,-4,-6,1157.627197265625
34,0.6585365853658538,0.00012371919001452625,1,-4,-6,1157.627197265625
35,0.7073170731707317,0.00016572116874158382,1,-4,-6,1157.627197265625
36,0.7560975609756098,9.208379924530163e-05,1,-4,-6,1157.627197265625
37,0.8048780487804879,1.5196639651549049e-05,1,-4,-6,1157.627197265625
38,0.853658536585366,0.0008403099491260946,1,-4,-6,1157.627197265625
39,0.902439024390244,0.011004229076206684,1,-4,-6,1157.627197265625
40,0.9512195121951219,0.0005923601565882564,1,-4,-6,1157.627197265625
41,1.0,0.0002626118657644838,1,-4,-6,1157.627197265625
0,-1.0,0.0005254949210211635,1,-3,-5,1157.627197265625
1,-0.9512195121951219,4.120239827898331e-05,1,-3,-5,1157.627197265625
2,-0.9024390243902439,0.0005137473926879466,1,-3,-5,1157.627197265625
3,-0.8536585365853658,0.0007809634553268552,1,-3,-5,1157.627197265625
4,-0.8048780487804879,4.159071249887347e-05,1,-3,-5,1157.627197265625
5,-0.7560975609756098,0.0003100338508374989,1,-3,-5,1157.627197265625
6,-0.7073170731707317,0.0005154606187716126,1,-3,-5,1157.627197265625
7,-0.6585365853658536,0.0010069229174405336,1,-3,-5,1157.627197265625
8,-0.6097560975609756,0.004691352602094412,1,-3,-5,1157.627197265625
9,-0.5609756097560976,0.011407321318984032,1,-3,-5,1157.627197265625
10,-0.5121951219512195,0.11573014408349991,1,-3,-5,1157.627197265625
11,-0.46341463414634143,0.019635556265711784,1,-3,-5,1157.627197265625
12,-0.41463414634146334,0.012932058423757553,1,-3,-5,1157.627197265625
13,-0.36585365853658536,0.00033343693939968944,1,-3,-5,1157.627197265625
14,-0.31707317073170727,0.005222726613283157,1,-3,-5,1157.627197265625
15,-0.2682926829268293,0.0005455138743855059,1,-3,-5,1157.627197265625
16,-0.2195121951219512,0.00023673709074500948,1,-3,-5,1157.627197265625
17,-0.1707317073170731,0.002474667737260461,1,-3,-5,1157.627197265625
18,-0.12195121951219512,0.0003421271394472569,1,-3,-5,1157.627197265625
19,-0.07317073170731703,4.9232323362957686e-05,1,-3,-5,1157.627197265625
20,-0.024390243902439046,0.00043204636313021183,1,-3,-5,1157.627197265625
21,0.024390243902439046,0.00012460528523661196,1,-3,-5,1157.627197265625
22,0.07317073170731714,0.0001022717115120031,1,-3,-5,1157.627197265625
23,0.12195121951219523,0.0002871275646612048,1,-3,-5,1157.627197265625
24,0.17073170731707332,1.2994049029657617e-05,1,-3,-5,1157.627197265625
25,0.2195121951219512,9.185941598843783e-05,1,-3,-5,1157.627197265625
26,0.2682926829268293,0.0001777489233063534,1,-3,-5,1157.627197265625
27,0.3170731707317074,5.6572673202026635e-05,1,-3,-5,1157.627197265625
28,0.36585365853658547,0.00014094245852902532,1,-3,-5,1157.627197265625
29,0.41463414634146356,2.0266488718334585e-05,1,-3,-5,1157.627197265625
30,0.46341463414634143,0.00011115298548247665,1,-3,-5,1157.627197265625
31,0.5121951219512195,6.322168337646872e-05,1,-3,-5,1157.627197265625
32,0.5609756097560976,0.00012422539293766022,1,-3,-5,1157.627197265625
33,0.6097560975609757,3.8854655031173024e-06,1,-3,-5,1157.627197265625
34,0.6585365853658538,2.850658529496286e-05,1,-3,-5,1157.627197265625
35,0.7073170731707317,7.475747406715527e-05,1,-3,-5,1157.627197265625
36,0.7560975609756098,3.732640379894292e-06,1,-3,-5,1157.627197265625
37,0.8048780487804879,6.052163371350616e-05,1,-3,-5,1157.627197265625
38,0.853658536585366,5.209734445088543e-05,1,-3,-5,1157.627197265625
39,0.902439024390244,8.251822691818234e-06,1,-3,-5,1157.627197265625
40,0.9512195121951219,4.976379204890691e-05,1,-3,-5,1157.627197265625
41,1.0,4.447169339982793e-05,1,-3,-5,1157.627197265625
0,-1.0,0.0,1,4,-2,1157.627197265625
1,-0.9512195121951219,0.0,1,4,-2,1157.627197265625
2,-0.9024390243902439,0.0,1,4,-2,1157.627197265625
3,-0.8536585365853658,3.793812356889248e-05,1,4,-2,1157.627197265625
4,-0.8048780487804879,1.3800801752950065e-05,1,4,-2,1157.627197265625
5,-0.7560975609756098,5.879594027646817e-05,1,4,-2,1157.627197265625
6,-0.7073170731707317,1.2639097803912591e-05,1,4,-2,1157.627197265625
7,-0.6585365853658536,1.1399253708077595e-05,1,4,-2,1157.627197265625
8,-0.6097560975609756,4.086925400770269e-05,1,4,-2,1157.627197265625
9,-0.5609756097560976,1.2985400644538458e-05,1,4,-2,1157.627197265625
10,-0.5121951219512195,2.854181184375193e-05,1,4,-2,1157.627197265625
11,-0.46341463414634143,6.466536433435977e-05,1,4,-2,1157.627197265625
12,-0.41463414634146334,4.604245077644009e-06,1,4,-2,1157.627197265625
13,-0.36585365853658536,5.2638556553574745e-06,1,4,-2,1157.627197265625
14,-0.31707317073170727,3.3337973945890553e-06,1,4,-2,1157.627197265625
15,-0.2682926829268293,3.452068267506547e-05,1,4,-2,1157.627197265625
16,-0.2195121951219512,1.8980490494868718e-05,1,4,-2,1157.627197265625
17,-0.1707317073170731,5.693433195119724e-05,1,4,-2,1157.627197265625
18,-0.12195121951219512,7.91124693932943e-05,1,4,-2,1157.627197265625
19,-0.07317073170731703,6.372053030645475e-05,1,4,-2,1157.627197265625
20,-0.024390243902439046,0.00029637926490977407,1,4,-2,1157.627197265625
21,0.024390243902439046,0.00014409142022486776,1,4,-2,1157.627197265625
22,0.07317073170731714,0.0003457342099864036,1,4,-2,1157.627197265625
23,0.12195121951219523,0.0007998860673978925,1,4,-2,1157.627197265625
24,0.17073170731707332,0.002482616575434804,1,4,-2,1157.627197265625
25,0.2195121951219512,0.04477190226316452,1,4,-2,1157.627197265625
26,0.2682926829268293,0.010054931044578552,1,4,-2,1157.627197265625
27,0.3170731707317074,0.0013424762291833758,1,4,-2,1157.627197265625
28,0.36585365853658547,0.0006978176534175873,1,4,-2,1157.627197265625
29,0.41463414634146356,0.00034448949736543,1,4,-2,1157.627197265625
30,0.46341463414634143,8.877946675056592e-05,1,4,-2,1157.627197265625
31,0.5121951219512195,0.00012177445023553446,1,4,-2,1157.627197265625
32,0.5609756097560976,5.4587329941568896e-05,1,4,-2,1157.627197265625
33,0.6097560975609757,3.351905252202414e-05,1,4,-2,1157.627197265625
34,0.6585365853658538,7.326262857532129e-05,1,4,-2,1157.627197265625
35,0.7073170731707317,7.511165313189849e-05,1,4,-2,1157.627197265625
36,0.7560975609756098,7.677269604755566e-05,1,4,-2,1157.627197265625
37,0.8048780487804879,4.9484682676848024e-05,1,4,-2,1157.627197265625
38,0.853658536585366,3.4637389035196975e-05,1,4,-2,1157.627197265625
39,0.902439024390244,1.888934821181465e-05,1,4,-2,1157.627197265625
40,0.9512195121951219,4.4673455704469234e-05,1,4,-2,1157.627197265625
41,1.0,3.293127883807756e-05,1,4,-2,1157.627197265625
0,-1.0,4.256070315022953e-05,1,5,-2,1157.627197265625
1,-0.9512195121951219,7.68457175581716e-05,1,5,-2,1157.627197265625
2,-0.9024390243902439,3.391109260064695e-07,1,5,-2,1157.627197265625
3,-0.8536585365853658,4.9000923354469705e-06,1,5,-2,1157.627197265625
4,-0.8048780487804879,7.795835017532227e-07,1,5,-2,1157.627197265625
5,-0.7560975609756098,0.000915150623768568,1,5,-2,1157.627197265625
6,-0.7073170731707317,0.0003990656405221671,1,5,-2,1157.627197265625
7,-0.6585365853658536,0.0005013762856833637,1,5,-2,1157.627197265625
8,-0.6097560975609756,4.092358722118661e-05,1,5,-2,1157.627197265625
9,-0.5609756097560976,0.0025637110229581594,1,5,-2,1157.627197265625
10,-0.5121951219512195,0.008902044966816902,1,5,-2,1157.627197265625
11,-0.46341463414634143,0.0005246204091235995,1,5,-2,1157.627197265625
12,-0.41463414634146334,1.0489124179002829e-05,1,5,-2,1157.627197265625
13,-0.36585365853658536,0.00031703748391009867,1,5,-2,1157.627197265625
14,-0.31707317073170727,0.00010239224502583966,1,5,-2,1157.627197265625
15,-0.2682926829268293,0.0006574619328603148,1,5,-2,1157.627197265625
16,-0.2195121951219512,0.0004663777945097536,1,5,-2,1157.627197265625
17,-0.1707317073170731,9.68294043559581e-05,1,5,-2,1157.627197265625
18,-0.12195121951219512,0.0004543588147498667,1,5,-2,1157.627197265625
19,-0.07317073170731703,1.5381102684841608e-06,1,5,-2,1157.627197265625
20,-0.024390243902439046,7.372956315521151e-05,1,5,-2,1157.627197265625
21,0.024390243902439046,2.830766243278049e-05,1,5,-2,1157.627197265625
22,0.07317073170731714,2.0571467302943347e-06,1,5,-2,1157.627197265625
23,0.12195121951219523,1.0911979188676924e-05,1,5,-2,1157.627197265625
24,0.17073170731707332,9.210746611643117e-06,1,5,-2,1157.627197265625
25,0.2195121951219512,3.6627084227802698e-06,1,5,-2,1157.627197265625
26,0.2682926829268293,1.124873961089179e-06,1,5,-2,1157.627197265625
27,0.3170731707317074,3.2244649901258526e-06,1,5,-2,1157.627197265625
28,0.36585365853658547,7.879762051743455e-06,1,5,-2,1157.627197265625
29,0.41463414634146356,0.0,1,5,-2,1157.627197265625
30,0.46341463414634143,0.0,1,5,-2,1157.627197265625
31,0.5121951219512195,0.0,1,5,-2,1157.627197265625
32,0.5609756097560976,0.0,1,5,-2,1157.627197265625
33,0.6097560975609757,0.0,1,5,-2,1157.627197265625
34,0.6585365853658538,0.0,1,5,-2,1157.627197265625
35,0.7073170731707317,0.0,1,5,-2,1157.627197265625
36,0.7560975609756098,0.0,1,5,-2,1157.627197265625
37,0.8048780487804879,0.0,1,5,-2,1157.627197265625
38,0.853658536585366,0.0,1,5,-2,1157.627197265625
39,0.902439024390244,0.0,1,5,-2,1157.627197265625
40,0.9512195121951219,0.0,1,5,-2,1157.627197265625
41,1.0,0.0,1,5,-2,1157.627197265625
0,-1.0,0.0,1,6,-1,1157.627197265625
1,-0.9512195121951219,0.0,1,6,-1,1157.627197265625
2,-0.9024390243902439,0.0,1,6,-1,1157.627197265625
3,-0.8536585365853658,0.0,1,6,-1,1157.627197265625
4,-0.8048780487804879,0.0,1,6,-1,1157.627197265625
5,-0.7560975609756098,0.0,1,6,-1,1157.627197265625
6,-0.7073170731707317,0.0,1,6,-1,1157.627197265625
7,-0.6585365853658536,0.0,1,6,-1,1157.627197265625
8,-0.6097560975609756,0.0,1,6,-1,1157.627197265625
9,-0.5609756097560976,0.0,1,6,-1,1157.627197265625
10,-0.5121951219512195,0.0,1,6,-1,1157.627197265625
11,-0.46341463414634143,0.0,1,6,-1,1157.627197265625
12,-0.41463414634146334,0.0,1,6,-1,1157.627197265625
13,-0.36585365853658536,0.0,1,6,-1,1157.627197265625
14,-0.31707317073170727,0.0,1,6,-1,1157.627197265625
15,-0.2682926829268293,0.0,1,6,-1,1157.627197265625
16,-0.2195121951219512,0.0,1,6,-1,1157.627197265625
17,-0.1707317073170731,0.0,1,6,-1,1157.627197265625
18,-0.12195121951219512,0.0,1,6,-1,1157.627197265625
19,-0.07317073170731703,0.0,1,6,-1,1157.627197265625
20,-0.024390243902439046,0.0,1,6,-1,1157.627197265625
21,0.024390243902439046,0.0,1,6,-1,1157.627197265625
22,0.07317073170731714,0.0,1,6,-1,1157.627197265625
23,0.12195121951219523,0.0,1,6,-1,1157.627197265625
24,0.17073170731707332,1.7469297972638742e-06,1,6,-1,1157.627197265625
25,0.2195121951219512,1.8831954093911918e-06,1,6,-1,1157.627197265625
26,0.2682926829268293,1.9866067304974422e-05,1,6,-1,1157.627197265625
27,0.3170731707317074,1.7963418486033333e-07,1,6,-1,1157.627197265625
28,0.36585365853658547,1.3299840247782413e-05,1,6,-1,1157.627197265625
29,0.41463414634146356,8.380375220440328e-06,1,6,-1,1157.627197265625
30,0.46341463414634143,4.074056050740182e-06,1,6,-1,1157.627197265625
31,0.5121951219512195,1.696044762411475e-07,1,6,-1,1157.627197265625
32,0.5609756097560976,1.003689794742968e-05,1,6,-1,1157.627197265625
33,0.6097560975609757,1.6741527133490308e-06,1,6,-1,1157.627197265625
34,0.6585365853658538,2.7775899070547894e-05,1,6,-1,1157.627197265625
35,0.7073170731707317,9.307828804594465e-06,1,6,-1,1157.627197265625
36,0.7560975609756098,4.142955003771931e-05,1,6,-1,1157.627197265625
37,0.8048780487804879,4.946288754581474e-05,1,6,-1,1157.627197265625
38,0.853658536585366,8.55846083140932e-05,1,6,-1,1157.627197265625
39,0.902439024390244,4.7111210733419284e-05,1,6,-1,1157.627197265625
40,0.9512195121951219,0.005751157179474831,1,6,-1,1157.627197265625
41,1.0,9.262540697818622e-05,1,6,-1,1157.627197265625
0,-1.0,0.0,1,7,-1,1157.627197265625
1,-0.9512195121951219,0.0,1,7,-1,1157.627197265625
2,-0.9024390243902439,0.0,1,7,-1,1157.627197265625
3,-0.8536585365853658,0.0,1,7,-1,1157.627197265625
4,-0.8048780487804879,0.0,1,7,-1,1157.627197265625
5,-0.7560975609756098,0.0,1,7,-1,1157.627197265625
6,-0.7073170731707317,0.0,1,7,-1,1157.627197265625
7,-0.6585365853658536,0.0,1,7,-1,1157.627197265625
8,-0.6097560975609756,0.0,1,7,-1,1157.627197265625
9,-0.5609756097560976,0.0,1,7,-1,1157.627197265625
10,-0.5121951219512195,0.0,1,7,-1,1157.627197265625
11,-0.46341463414634143,0.0,1,7,-1,1157.627197265625
12,-0.41463414634146334,0.0,1,7,-1,1157.627197265625
13,-0.36585365853658536,0.0,1,7,-1,1157.627197265625
14,-0.31707317073170727,0.0,1,7,-1,1157.627197265625
15,-0.2682926829268293,6.921368367329706e-07,1,7,-1,1157.627197265625
16,-0.2195121951219512,3.3701849133649375e-07,1,7,-1,1157.627197265625
17,-0.1707317073170731,2.1595825216991216e-07,1,7,-1,1157.627197265625
18,-0.12195121951219512,2.24347013499937e-06,1,7,-1,1157.627197265625
19,-0.07317073170731703,7.658173899471876e-07,1,7,-1,1157.627197265625
20,-0.024390243902439046,1.2449230268885003e-07,1,7,-1,1157.627197265625
21,0.024390243902439046,2.292048748131492e-06,1,7,-1,1157.627197265625
22,0.07317073170731714,1.1068195817642845e-05,1,7,-1,1157.627197265625
23,0.12195121951219523,5.7290012591693085e-06,1,7,-1,1157.627197265625
24,0.17073170731707332,4.0407005144516006e-05,1,7,-1,1157.627197265625
25,0.2195121951219512,6.302814290393144e-05,1,7,-1,1157.627197265625
26,0.2682926829268293,8.068321767495945e-05,1,7,-1,1157.627197265625
27,0.3170731707317074,2.721701457630843e-05,1,7,-1,1157.627197265625
28,0.36585365853658547,0.0003202191728632897,1,7,-1,1157.627197265625
29,0.41463414634146356,5.419670924311504e-05,1,7,-1,1157.627197265625
30,0.46341463414634143,4.079804057255387e-05,1,7,-1,1157.627197265625
31,0.5121951219512195,8.417601748078596e-06,1,7,-1,1157.627197265625
32,0.5609756097560976,1.595928733877372e-05,1,7,-1,1157.627197265625
33,0.6097560975609757,1.8091364836436696e-05,1,7,-1,1157.627197265625
34,0.6585365853658538,1.60799197601591e-06,1,7,-1,1157.627197265625
35,0.7073170731707317,6.189258328959113e-06,1,7,-1,1157.627197265625
36,0.7560975609756098,1.0087743618214517e-07,1,7,-1,1157.627197265625
37,0.8048780487804879,7.565971031908703e-07,1,7,-1,1157.627197265625
38,0.853658536585366,2.527584001654759e-06,1,7,-1,1157.627197265625
39,0.902439024390244,9.801393616726273e-07,1,7,-1,1157.627197265625
40,0.9512195121951219,3.96070981878438e-06,1,7,-1,1157.627197265625
41,1.0,4.545547653833637e-06,1,7,-1,1157.627197265625
0,-1.0,0.0,1,8,-1,1157.627197265625
1,-0.9512195121951219,0.0,1,8,-1,1157.627197265625
2,-0.9024390243902439,0.0,1,8,-1,1157.627197265625
3,-0.8536585365853658,0.0,1,8,-1,1157.627197265625
4,-0.8048780487804879,0.0,1,8,-1,1157.627197265625
5,-0.7560975609756098,0.0,1,8,-1,1157.627197265625
6,-0.7073170731707317,0.0,1,8,-1,1157.627197265625
7,-0.6585365853658536,0.0,1,8,-1,1157.627197265625
8,-0.6097560975609756,0.0,1,8,-1,1157.627197265625
9,-0.5609756097560976,4.997177711629774e-07,1,8,-1,1157.627197265625
10,-0.5121951219512195,1.5035257092677057e-06,1,8,-1,1157.627197265625
11,-0.46341463414634143,1.3117308128585137e-07,1,8,-1,1157.627197265625
12,-0.41463414634146334,1.0514454515941907e-06,1,8,-1,1157.627197265625
13,-0.36585365853658536,1.5592501085848198e-06,1,8,-1,1157.627197265625
14,-0.31707317073170727,2.0001913071610034e-05,1,8,-1,1157.627197265625
15,-0.2682926829268293,3.492323912723805e-06,1,8,-1,1157.627197265625
16,-0.2195121951219512,2.3651422452530824e-05,1,8,-1,1157.627197265625
17,-0.1707317073170731,2.7633319405140355e-05,1,8,-1,1157.627197265625
18,-0.12195121951219512,2.3688106011832133e-05,1,8,-1,1157.627197265625
19,-0.07317073170731703,6.687249697279185e-05,1,8,-1,1157.627197265625
20,-0.024390243902439046,0.00037773093208670616,1,8,-1,1157.627197265625
21,0.024390243902439046,4.4987078581470996e-05,1,8,-1,1157.627197265625
22,0.07317073170731714,5.82283837502473e-06,1,8,-1,1157.627197265625
23,0.12195121951219523,1.2084644367860164e-05,1,8,-1,1157.627197265625
24,0.17073170731707332,7.9695582826389e-06,1,8,-1,1157.627197265625
25,0.2195121951219512,1.288913881580811e-05,1,8,-1,1157.627197265625
26,0.2682926829268293,7.5088805715495255e-06,1,8,-1,1157.627197265625
27,0.3170731707317074,8.3607128544827e-06,1,8,-1,1157.627197265625
28,0.36585365853658547,5.105066975374939e-06,1,8,-1,1157.627197265625
29,0.41463414634146356,9.858614248514641e-06,1,8,-1,1157.627197265625
30,0.46341463414634143,4.333691776992055e-06,1,8,-1,1157.627197265625
31,0.5121951219512195,1.5861564861552324e-06,1,8,-1,1157.627197265625
32,0.5609756097560976,4.344929493527161e-06,1,8,-1,1157.627197265625
33,0.6097560975609757,0.0,1,8,-1,1157.627197265625
34,0.6585365853658538,0.0,1,8,-1,1157.627197265625
35,0.7073170731707317,0.0,1,8,-1,1157.627197265625
36,0.7560975609756098,0.0,1,8,-1,1157.627197265625
37,0.8048780487804879,0.0,1,8,-1,1157.627197265625
38,0.853658536585366,0.0,1,8,-1,1157.627197265625
39,0.902439024390244,0.0,1,8,-1,1157.627197265625
40,0.9512195121951219,0.0,1,8,-1,1157.627197265625
41,1.0,0.0,1,8,-1,1157.627197265625
0,-1.0,0.0,1,9,-1,1157.627197265625
1,-0.9512195121951219,0.0,1,9,-1,1157.627197265625
2,-0.9024390243902439,0.0,1,9,-1,1157.627197265625
3,-0.8536585365853658,0.0,1,9,-1,1157.627197265625
4,-0.8048780487804879,0.0,1,9,-1,1157.627197265625
5,-0.7560975609756098,3.4100850143659045e-07,1,9,-1,1157.627197265625
6,-0.7073170731707317,1.0298811048414791e-07,1,9,-1,1157.627197265625
7,-0.6585365853658536,1.0989753036483307e-06,1,9,-1,1157.627197265625
8,-0.6097560975609756,4.9482672181966336e-08,1,9,-1,1157.627197265625
9,-0.5609756097560976,3.9612871205463307e-07,1,9,-1,1157.627197265625
10,-0.5121951219512195,1.3461061598718516e-07,1,9,-1,1157.627197265625
11,-0.46341463414634143,5.515461793947907e-07,1,9,-1,1157.627197265625
12,-0.41463414634146334,1.4499535154754994e-06,1,9,-1,1157.627197265625
13,-0.36585365853658536,5.556353698921157e-06,1,9,-1,1157.627197265625
14,-0.31707317073170727,1.5907503438938875e-06,1,9,-1,1157.627197265625
15,-0.2682926829268293,0.0008279592148028314,1,9,-1,1157.627197265625
16,-0.2195121951219512,1.4723066669830587e-05,1,9,-1,1157.627197265625
17,-0.1707317073170731,8.814208740659524e-06,1,9,-1,1157.627197265625
18,-0.12195121951219512,1.1351777402524021e-06,1,9,-1,1157.627197265625
19,-0.07317073170731703,5.700807150788023e-07,1,9,-1,1157.627197265625
20,-0.024390243902439046,1.975344503080123e-06,1,9,-1,1157.627197265625
21,0.024390243902439046,1.3308245797816198e-05,1,9,-1,1157.627197265625
22,0.07317073170731714,1.4289638272657612e-07,1,9,-1,1157.627197265625
23,0.12195121951219523,1.9498786585359085e-08,1,9,-1,1157.627197265625
24,0.17073170731707332,1.9799568917733268e-07,1,9,-1,1157.627197265625
25,0.2195121951219512,9.0383942108474e-08,1,9,-1,1157.627197265625
26,0.2682926829268293,0.0,1,9,-1,1157.627197265625
27,0.3170731707317074,0.0,1,9,-1,1157.627197265625
28,0.36585365853658547,0.0,1,9,-1,1157.627197265625
29,0.41463414634146356,0.0,1,9,-1,1157.627197265625
30,0.46341463414634143,0.0,1,9,-1,1157.627197265625
31,0.5121951219512195,0.0,1,9,-1,1157.627197265625
32,0.5609756097560976,0.0,1,9,-1,1157.627197265625
33,0.6097560975609757,0.0,1,9,-1,1157.627197265625
34,0.6585365853658538,0.0,1,9,-1,1157.627197265625
35,0.7073170731707317,0.0,1,9,-1,1157.627197265625
36,0.7560975609756098,0.0,1,9,-1,1157.627197265625
37,0.8048780487804879,0.0,1,9,-1,1157.627197265625
38,0.853658536585366,0.0,1,9,-1,1157.627197265625
39,0.902439024390244,0.0,1,9,-1,1157.627197265625
40,0.9512195121951219,0.0,1,9,-1,1157.627197265625
41,1.0,0.0,1,9,-1,1157.627197265625
0,-1.0,2.5224198907380924e-06,2,-5,-10,1157.627197265625
1,-0.9512195121951219,4.709288987214677e-06,2,-5,-10,1157.627197265625
2,-0.9024390243902439,4.336446181696374e-06,2,-5,-10,1157.627197265625
3,-0.8536585365853658,4.924470340483822e-05,2,-5,-10,1157.627197265625
4,-0.8048780487804879,0.0001856610761024058,2,-5,-10,1157.627197265625
5,-0.7560975609756098,0.002055411459878087,2,-5,-10,1157.627197265625
6,-0.7073170731707317,0.012077436782419682,2,-5,-10,1157.627197265625
7,-0.6585365853658536,0.000711208616849035,2,-5,-10,1157.627197265625
8,-0.6097560975609756,0.0002439265517750755,2,-5,-10,1157.627197265625
9,-0.5609756097560976,0.00031607714481651783,2,-5,-10,1157.627197265625
10,-0.5121951219512195,7.734481641819002e-07,2,-5,-10,1157.627197265625
11,-0.46341463414634143,2.20434940274572e-05,2,-5,-10,1157.627197265625
12,-0.41463414634146334,3.4621593840711284e-06,2,-5,-10,1157.627197265625
13,-0.36585365853658536,7.451165402017068e-06,2,-5,-10,1157.627197265625
14,-0.31707317073170727,1.3366130588110536e-05,2,-5,-10,1157.627197265625
15,-0.2682926829268293,1.8532753074396169e-06,2,-5,-10,1157.627197265625
16,-0.2195121951219512,1.53460098317737e-06,2,-5,-10,1157.627197265625
17,-0.1707317073170731,1.2935433915117756e-05,2,-5,-10,1157.627197265625
18,-0.12195121951219512,9.8330465334584e-06,2,-5,-10,1157.627197265625
19,-0.07317073170731703,8.715209332876839e-06,2,-5,-10,1157.627197265625
20,-0.024390243902439046,1.1635243026830722e-05,2,-5,-10,1157.627197265625
21,0.024390243902439046,4.190783783997176e-06,2,-5,-10,1157.627197265625
22,0.07317073170731714,5.910310392209794e-06,2,-5,-10,1157.627197265625
23,0.12195121951219523,3.52790493707289e-06,2,-5,-10,1157.627197265625
24,0.17073170731707332,1.2346919220362906e-06,2,-5,-10,1157.627197265625
25,0.2195121951219512,4.482734823341161e-07,2,-5,-10,1157.627197265625
26,0.2682926829268293,4.153423560637748e-08,2,-5,-10,1157.627197265625
27,0.3170731707317074,7.621760573783831e-07,2,-5,-10,1157.627197265625
28,0.36585365853658547,0.0,2,-5,-10,1157.627197265625
29,0.41463414634146356,0.0,2,-5,-10,1157.627197265625
30,0.46341463414634143,0.0,2,-5,-10,1157.627197265625
31,0.5121951219512195,0.0,2,-5,-10,1157.627197265625
32,0.5609756097560976,0.0,2,-5,-10,1157.627197265625
33,0.6097560975609757,0.0,2,-5,-10,1157.627197265625
34,0.6585365853658538,0.0,2,-5,-10,1157.627197265625
35,0.7073170731707317,0.0,2,-5,-10,1157.627197265625
36,0.7560975609756098,0.0,2,-5,-10,1157.627197265625
37,0.8048780487804879,0.0,2,-5,-10,1157.627197265625
38,0.853658536585366,0.0,2,-5,-10,1157.627197265625
39,0.902439024390244,0.0,2,-5,-10,1157.627197265625
40,0.9512195121951219,0.0,2,-5,-10,1157.627197265625
41,1.0,0.0,2,-5,-10,1157.627197265625
0,-1.0,0.0,2,-4,-10,1157.627197265625
1,-0.9512195121951219,0.0,2,-4,-10,1157.627197265625
2,-0.9024390243902439,0.0,2,-4,-10,1157.627197265625
3,-0.8536585365853658,0.0,2,-4,-10,1157.627197265625
4,-0.8048780487804879,0.0,2,-4,-10,1157.627197265625
5,-0.7560975609756098,0.0,2,-4,-10,1157.627197265625
6,-0.7073170731707317,0.0,2,-4,-10,1157.627197265625
7,-0.6585365853658536,0.0,2,-4,-10,1157.627197265625
8,-0.6097560975609756,0.0,2,-4,-10,1157.627197265625
9,-0.5609756097560976,0.0,2,-4,-10,1157.627197265625
10,-0.5121951219512195,0.0,2,-4,-10,1157.627197265625
11,-0.46341463414634143,0.0,2,-4,-10,1157.627197265625
12,-0.41463414634146334,1.2401785625115735e-06,2,-4,-10,1157.627197265625
13,-0.36585365853658536,2.723754448652471e-07,2,-4,-10,1157.627197265625
14,-0.31707317073170727,4.491101890380378e-07,2,-4,-10,1157.627197265625
15,-0.2682926829268293,5.008263883610198e-07,2,-4,-10,1157.627197265625
16,-0.2195121951219512,1.656856056797551e-06,2,-4,-10,1157.627197265625
17,-0.1707317073170731,5.533340754482197e-06,2,-4,-10,1157.627197265625
18,-0.12195121951219512,3.374108928255737e-06,2,-4,-10,1157.627197265625
19,-0.07317073170731703,3.074135975111858e-06,2,-4,-10,1157.627197265625
20,-0.024390243902439046,1.5670620996388607e-06,2,-4,-10,1157.627197265625
21,0.024390243902439046,1.8171967042235337e-07,2,-4,-10,1157.627197265625
22,0.07317073170731714,3.568934516806621e-07,2,-4,-10,1157.627197265625
23,0.12195121951219523,3.982499492849456e-06,2,-4,-10,1157.627197265625
24,0.17073170731707332,4.482593340071617e-06,2,-4,-10,1157.627197265625
25,0.2195121951219512,7.6016717684979085e-06,2,-4,-10,1157.627197265625
26,0.2682926829268293,3.0239946227084147e-06,2,-4,-10,1157.627197265625
27,0.3170731707317074,5.382419203669997e-06,2,-4,-10,1157.627197265625
28,0.36585365853658547,3.7740230709459865e-06,2,-4,-10,1157.627197265625
29,0.41463414634146356,1.3772622878605034e-05,2,-4,-10,1157.627197265625
30,0.46341463414634143,6.791331088606967e-06,2,-4,-10,1157.627197265625
31,0.5121951219512195,2.7823880373034626e-05,2,-4,-10,1157.627197265625
32,0.5609756097560976,5.813092502648942e-05,2,-4,-10,1157.627197265625
33,0.6097560975609757,5.7740213378565386e-05,2,-4,-10,1157.627197265625
34,0.6585365853658538,6.274142651818693e-05,2,-4,-10,1157.627197265625
35,0.7073170731707317,4.600100055540679e-06,2,-4,-10,1157.627197265625
36,0.7560975609756098,1.4301316696219146e-05,2,-4,-10,1157.627197265625
37,0.8048780487804879,0.00039493318763561547,2,-4,-10,1157.627197265625
38,0.853658536585366,0.008039172738790512,2,-4,-10,1157.627197265625
39,0.902439024390244,0.006489288993179798,2,-4,-10,1157.627197265625
40,0.9512195121951219,0.0006439098506234586,2,-4,-10,1157.627197265625
41,1.0,9.472856618231162e-05,2,-4,-10,1157.627197265625
0,-1.0,4.706656909547746e-06,2,-3,-9,1157.627197265625
1,-0.9512195121951219,1.595370667928364e-05,2,-3,-9,1157.627197265625
2,-0.9024390243902439,1.968651486095041e-05,2,-3,-9,1157.627197265625
3,-0.8536585365853658,1.76978010131279e-05,2,-3,-9,1157.627197265625
4,-0.8048780487804879,3.293290092187817e-06,2,-3,-9,1157.627197265625
5,-0.7560975609756098,4.011324199382216e-05,2,-3,-9,1157.627197265625
6,-0.7073170731707317,3.5525015846360475e-05,2,-3,-9,1157.627197265625
7,-0.6585365853658536,2.7853688152390532e-05,2,-3,-9,1157.627197265625
8,-0.6097560975609756,4.603361230692826e-05,2,-3,-9,1157.627197265625
9,-0.5609756097560976,5.595137918135151e-05,2,-3,-9,1157.627197265625
10,-0.5121951219512195,0.0006939971935935318,2,-3,-9,1157.627197265625
11,-0.46341463414634143,0.0017666135681793094,2,-3,-9,1157.627197265625
12,-0.41463414634146334,0.0005977044347673655,2,-3,-9,1157.627197265625
13,-0.36585365853658536,0.0004143830155953765,2,-3,-9,1157.627197265625
14,-0.31707317073170727,0.0003695138730108738,2,-3,-9,1157.627197265625
15,-0.2682926829268293,1.5843314031371847e-05,2,-3,-9,1157.627197265625
16,-0.2195121951219512,3.301951437606476e-05,2,-3,-9,1157.627197265625
17,-0.1707317073170731,9.346244382868463e-07,2,-3,-9,1157.627197265625
18,-0.12195121951219512,3.0799105843470898e-06,2,-3,-9,1157.627197265625
19,-0.07317073170731703,7.840885700716171e-06,2,-3,-9,1157.627197265625
20,-0.024390243902439046,8.36586914374493e-05,2,-3,-9,1157.627197265625
21,0.024390243902439046,7.671633647987619e-05,2,-3,-9,1157.627197265625
22,0.07317073170731714,0.00015848684415686876,2,-3,-9,1157.627197265625
23,0.12195121951219523,7.487749098800123e-05,2,-3,-9,1157.627197265625
24,0.17073170731707332,1.1174066457897425e-05,2,-3,-9,1157.627197265625
25,0.2195121951219512,1.9707082174136303e-05,2,-3,-9,1157.627197265625
26,0.2682926829268293,6.299706001300365e-06,2,-3,-9,1157.627197265625
27,0.3170731707317074,2.273207064718008e-05,2,-3,-9,1157.627197265625
28,0.36585365853658547,1.0720295904320665e-05,2,-3,-9,1157.627197265625
29,0.41463414634146356,5.524626089936646e-07,2,-3,-9,1157.627197265625
30,0.46341463414634143,2.9469742912624497e-06,2,-3,-9,1157.627197265625
31,0.5121951219512195,2.082268565573031e-06,2,-3,-9,1157.627197265625
32,0.5609756097560976,7.951184670673683e-07,2,-3,-9,1157.627197265625
33,0.6097560975609757,4.3436355667836324e-07,2,-3,-9,1157.627197265625
34,0.6585365853658538,8.124487180793949e-07,2,-3,-9,1157.627197265625
35,0.7073170731707317,1.4516307373924064e-06,2,-3,-9,1157.627197265625
36,0.7560975609756098,5.009262167732231e-06,2,-3,-9,1157.627197265625
37,0.8048780487804879,2.855598495443701e-06,2,-3,-9,1157.627197265625
38,0.853658536585366,1.4161439139570575e-05,2,-3,-9,1157.627197265625
39,0.902439024390244,2.450048123137094e-05,2,-3,-9,1157.627197265625
40,0.9512195121951219,4.051681571581867e-06,2,-3,-9,1157.627197265625
41,1.0,4.3069979938081815e-07,2,-3,-9,1157.627197265625
0,-1.0,0.008716349489986897,2,-1,-8,1157.627197265625
1,-0.9512195121951219,0.006434157025068998,2,-1,-8,1157.627197265625
2,-0.9024390243902439,0.00015830527991056442,2,-1,-8,1157.627197265625
3,-0.8536585365853658,0.00033374331542290747,2,-1,-8,1157.627197265625
4,-0.8048780487804879,0.0027665141969919205,2,-1,-8,1157.627197265625
5,-0.7560975609756098,0.009440431371331215,2,-1,-8,1157.627197265625
6,-0.7073170731707317,0.00482605118304491,2,-1,-8,1157.627197265625
7,-0.6585365853658536,0.005186699330806732,2,-1,-8,1157.627197265625
8,-0.6097560975609756,0.008194130845367908,2,-1,-8,1157.627197265625
9,-0.5609756097560976,0.005322772078216076,2,-1,-8,1157.627197265625
10,-0.5121951219512195,0.064303919672966,2,-1,-8,1157.627197265625
11,-0.46341463414634143,0.08811935037374496,2,-1,-8,1157.627197265625
12,-0.41463414634146334,0.035364966839551926,2,-1,-8,1157.627197265625
13,-0.36585365853658536,0.021384472027420998,2,-1,-8,1157.627197265625
14,-0.31707317073170727,0.009760525077581406,2,-1,-8,1157.627197265625
15,-0.2682926829268293,0.0030293443705886602,2,-1,-8,1157.627197265625
16,-0.2195121951219512,0.0003063658659812063,2,-1,-8,1157.627197265625
17,-0.1707317073170731,0.00018156856822315603,2,-1,-8,1157.627197265625
18,-0.12195121951219512,0.0005359541974030435,2,-1,-8,1157.627197265625
19,-0.07317073170731703,0.0008543264120817184,2,-1,-8,1157.627197265625
20,-0.024390243902439046,0.0009381291456520557,2,-1,-8,1157.627197265625
21,0.024390243902439046,0.0008894866332411766,2,-1,-8,1157.627197265625
22,0.07317073170731714,0.00030304925167001784,2,-1,-8,1157.627197265625
23,0.12195121951219523,0.00013995262270327657,2,-1,-8,1157.627197265625
24,0.17073170731707332,8.527587488060817e-05,2,-1,-8,1157.627197265625
25,0.2195121951219512,7.777610881021246e-05,2,-1,-8,1157.627197265625
26,0.2682926829268293,0.0002137466799467802,2,-1,-8,1157.627197265625
27,0.3170731707317074,0.0002752452564891428,2,-1,-8,1157.627197265625
28,0.36585365853658547,0.000161241929163225,2,-1,-8,1157.627197265625
29,0.41463414634146356,0.0005394565523602068,2,-1,-8,1157.627197265625
30,0.46341463414634143,1.3525468602892943e-05,2,-1,-8,1157.627197265625
31,0.5121951219512195,1.0201877557847183e-05,2,-1,-8,1157.627197265625
32,0.5609756097560976,6.31551883998327e-05,2,-1,-8,1157.627197265625
33,0.6097560975609757,0.0002565621107351035,2,-1,-8,1157.627197265625
34,0.6585365853658538,0.00022938493930269033,2,-1,-8,1157.627197265625
35,0.7073170731707317,9.260536171495914e-05,2,-1,-8,1157.627197265625
36,0.7560975609756098,0.00041760108433663845,2,-1,-8,1157.627197265625
37,0.8048780487804879,3.724606358446181e-05,2,-1,-8,1157.627197265625
38,0.853658536585366,0.0001054840613505803,2,-1,-8,1157.627197265625
39,0.902439024390244,1.7701393517199904e-05,2,-1,-8,1157.627197265625
40,0.9512195121951219,5.408935248851776e-05,2,-1,-8,1157.627197265625
41,1.0,8.525156590621918e-05,2,-1,-8,1157.627197265625
0,-1.0,1.0078166269522626e-05,2,1,-7,1157.627197265625
1,-0.9512195121951219,0.0001268288033315912,2,1,-7,1157.627197265625
2,-0.9024390243902439,5.646626959787682e-05,2,1,-7,1157.627197265625
3,-0.8536585365853658,4.014709247712744e-06,2,1,-7,1157.627197265625
4,-0.8048780487804879,5.262398553895764e-05,2,1,-7,1157.627197265625
5,-0.7560975609756098,8.288107346743345e-05,2,1,-7,1157.627197265625
6,-0.7073170731707317,3.905991616193205e-05,2,1,-7,1157.627197265625
7,-0.6585365853658536,9.548317029839382e-05,2,1,-7,1157.627197265625
8,-0.6097560975609756,2.686884363356512e-05,2,1,-7,1157.627197265625
9,-0.5609756097560976,8.671624527778476e-05,2,1,-7,1157.627197265625
10,-0.5121951219512195,8.840014925226569e-05,2,1,-7,1157.627197265625
11,-0.46341463414634143,2.814178697008174e-05,2,1,-7,1157.627197265625
12,-0.41463414634146334,1.605456418474205e-05,2,1,-7,1157.627197265625
13,-0.36585365853658536,0.00012199358025100082,2,1,-7,1157.627197265625
14,-0.31707317073170727,7.318201096495613e-05,2,1,-7,1157.627197265625
15,-0.2682926829268293,5.60117005079519e-05,2,1,-7,1157.627197265625
16,-0.2195121951219512,0.00016345703625120223,2,1,-7,1157.627197265625
17,-0.1707317073170731,9.128106466960162e-05,2,1,-7,1157.627197265625
18,-0.12195121951219512,7.318046613136175e-08,2,1,-7,1157.627197265625
19,-0.07317073170731703,0.0013792086392641068,2,1,-7,1157.627197265625
20,-0.024390243902439046,0.0007757113198749721,2,1,-7,1157.627197265625
21,0.024390243902439046,2.0014955225633457e-05,2,1,-7,1157.627197265625
22,0.07317073170731714,0.0005371859297156334,2,1,-7,1157.627197265625
23,0.12195121951219523,0.00014406816626433283,2,1,-7,1157.627197265625
24,0.17073170731707332,1.2858900845458265e-05,2,1,-7,1157.627197265625
25,0.2195121951219512,0.00028500621556304395,2,1,-7,1157.627197265625
26,0.2682926829268293,0.0003383448056410998,2,1,-7,1157.627197265625
27,0.3170731707317074,0.0002462724514771253,2,1,-7,1157.627197265625
28,0.36585365853658547,0.00136014714371413,2,1,-7,1157.627197265625
29,0.41463414634146356,0.00031942236819304526,2,1,-7,1157.627197265625
30,0.46341463414634143,0.0004497076733969152,2,1,-7,1157.627197265625
31,0.5121951219512195,0.0031760341953486204,2,1,-7,1157.627197265625
32,0.5609756097560976,0.0013366079656407237,2,1,-7,1157.627197265625
33,0.6097560975609757,0.003182973712682724,2,1,-7,1157.627197265625
34,0.6585365853658538,0.03203439712524414,2,1,-7,1157.627197265625
35,0.7073170731707317,0.07048338651657104,2,1,-7,1157.627197265625
36,0.7560975609756098,0.0668833926320076,2,1,-7,1157.627197265625
37,0.8048780487804879,0.025352824479341507,2,1,-7,1157.627197265625
38,0.853658536585366,0.0007191150798462331,2,1,-7,1157.627197265625
39,0.902439024390244,0.0016930358251556754,2,1,-7,1157.627197265625
40,0.9512195121951219,0.003675138344988227,2,1,-7,1157.627197265625
41,1.0,0.00020731064432766289,2,1,-7,1157.627197265625
0,-1.0,0.0,2,3,-6,1157.627197265625
1,-0.9512195121951219,0.0,2,3,-6,1157.627197265625
2,-0.9024390243902439,0.0,2,3,-6,1157.627197265625
3,-0.8536585365853658,0.0,2,3,-6,1157.627197265625
4,-0.8048780487804879,0.0,2,3,-6,1157.627197265625
5,-0.7560975609756098,0.0,2,3,-6,1157.627197265625
6,-0.7073170731707317,0.0,2,3,-6,1157.627197265625
7,-0.6585365853658536,0.0,2,3,-6,1157.627197265625
8,-0.6097560975609756,0.0,2,3,-6,1157.627197265625
9,-0.5609756097560976,0.0,2,3,-6,1157.627197265625
10,-0.5121951219512195,0.0,2,3,-6,1157.627197265625
11,-0.46341463414634143,0.0,2,3,-6,1157.627197265625
12,-0.41463414634146334,1.7068535953512765e-06,2,3,-6,1157.627197265625
13,-0.36585365853658536,2.3768166101945098e-07,2,3,-6,1157.627197265625
14,-0.31707317073170727,3.8902607002455625e-07,2,3,-6,1157.627197265625
15,-0.2682926829268293,1.7379294376951293e-06,2,3,-6,1157.627197265625
16,-0.2195121951219512,3.4641216188902035e-06,2,3,-6,1157.627197265625
17,-0.1707317073170731,9.27549262996763e-06,2,3,-6,1157.627197265625
18,-0.12195121951219512,3.078731879213592e-06,2,3,-6,1157.627197265625
19,-0.07317073170731703,9.530954230285715e-07,2,3,-6,1157.627197265625
20,-0.024390243902439046,1.00285080861795e-06,2,3,-6,1157.627197265625
21,0.024390243902439046,2.8399572329362854e-06,2,3,-6,1157.627197265625
22,0.07317073170731714,2.607416945465957e-06,2,3,-6,1157.627197265625
23,0.12195121951219523,1.2457379625629983e-06,2,3,-6,1157.627197265625
24,0.17073170731707332,1.312426718413917e-07,2,3,-6,1157.627197265625
25,0.2195121951219512,1.2999288628634531e-05,2,3,-6,1157.627197265625
26,0.2682926829268293,1.222750506713055e-05,2,3,-6,1157.627197265625
27,0.3170731707317074,1.983210131584201e-05,2,3,-6,1157.627197265625
28,0.36585365853658547,5.4916632507229224e-05,2,3,-6,1157.627197265625
29,0.41463414634146356,0.00012208968109916896,2,3,-6,1157.627197265625
30,0.46341463414634143,5.312882058206014e-05,2,3,-6,1157.627197265625
31,0.5121951219512195,7.130693848012015e-05,2,3,-6,1157.627197265625
32,0.5609756097560976,6.090346005294123e-07,2,3,-6,1157.627197265625
33,0.6097560975609757,1.835954753914848e-05,2,3,-6,1157.627197265625
34,0.6585365853658538,9.10463641048409e-05,2,3,-6,1157.627197265625
35,0.7073170731707317,4.125242048758082e-05,2,3,-6,1157.627197265625
36,0.7560975609756098,7.347375503741205e-05,2,3,-6,1157.627197265625
37,0.8048780487804879,1.8764976630336605e-05,2,3,-6,1157.627197265625
38,0.853658536585366,0.00017454552289564162,2,3,-6,1157.627197265625
39,0.902439024390244,0.00022551201982423663,2,3,-6,1157.627197265625
40,0.9512195121951219,0.005490965209901333,2,3,-6,1157.627197265625
41,1.0,0.0002842624671757221,2,3,-6,1157.627197265625
0,-1.0,2.908146825575386e-06,2,4,-6,1157.627197265625
1,-0.9512195121951219,1.3282958207128104e-05,2,4,-6,1157.627197265625
2,-0.9024390243902439,7.66374432714656e-06,2,4,-6,1157.627197265625
3,-0.8536585365853658,9.80136428552214e-06,2,4,-6,1157.627197265625
4,-0.8048780487804879,4.0280374946632946e-07,2,4,-6,1157.627197265625
5,-0.7560975609756098,3.1573581509292126e-05,2,4,-6,1157.627197265625
6,-0.7073170731707317,9.580334335623775e-06,2,4,-6,1157.627197265625
7,-0.6585365853658536,3.0197063551895553e-06,2,4,-6,1157.627197265625
8,-0.6097560975609756,2.9694385830225656e-06,2,4,-6,1157.627197265625
9,-0.5609756097560976,7.075633766362444e-05,2,4,-6,1157.627197265625
10,-0.5121951219512195,4.244722003932111e-05,2,4,-6,1157.627197265625
11,-0.46341463414634143,6.122258491814137e-05,2,4,-6,1157.627197265625
12,-0.41463414634146334,4.944162355968729e-05,2,4,-6,1157.627197265625
13,-0.36585365853658536,3.702209141920321e-05,2,4,-6,1157.627197265625
14,-0.31707317073170727,0.00013443494390230626,2,4,-6,1157.627197265625
15,-0.2682926829268293,0.0004241722635924816,2,4,-6,1157.627197265625
16,-0.2195121951219512,0.001307477941736579,2,4,-6,1157.627197265625
17,-0.1707317073170731,0.010795115493237972,2,4,-6,1157.627197265625
18,-0.12195121951219512,0.01801116205751896,2,4,-6,1157.627197265625
19,-0.07317073170731703,0.0019358793506398797,2,4,-6,1157.627197265625
20,-0.024390243902439046,0.0005974008236080408,2,4,-6,1157.627197265625
21,0.024390243902439046,0.00018210032430943102,2,4,-6,1157.627197265625
22,0.07317073170731714,0.00017818904598243535,2,4,-6,1157.627197265625
23,0.12195121951219523,6.803668657084927e-05,2,4,-6,1157.627197265625
24,0.17073170731707332,3.1638741347705945e-05,2,4,-6,1157.627197265625
25,0.2195121951219512,4.253734368830919e-05,2,4,-6,1157.627197265625
26,0.2682926829268293,9.299594239564613e-06,2,4,-6,1157.627197265625
27,0.3170731707317074,3.6684291444544215e-06,2,4,-6,1157.627197265625
28,0.36585365853658547,1.1498162848511129e-06,2,4,-6,1157.627197265625
29,0.41463414634146356,2.3066540677518788e-07,2,4,-6,1157.627197265625
30,0.46341463414634143,6.745837254129583e-06,2,4,-6,1157.627197265625
31,0.5121951219512195,1.3758120076090563e-05,2,4,-6,1157.627197265625
32,0.5609756097560976,2.063523879769491e-06,2,4,-6,1157.627197265625
33,0.6097560975609757,2.671515630936483e-06,2,4,-6,1157.627197265625
34,0.6585365853658538,2.1309224393917248e-05,2,4,-6,1157.627197265625
35,0.7073170731707317,2.485509503458161e-05,2,4,-6,1157.627197265625
36,0.7560975609756098,2.1322735847206786e-05,2,4,-6,1157.627197265625
37,0.8048780487804879,6.294639752013609e-05,2,4,-6,1157.627197265625
38,0.853658536585366,6.103425107539806e-07,2,4,-6,1157.627197265625
39,0.902439024390244,1.2463457096600905e-05,2,4,-6,1157.627197265625
40,0.9512195121951219,0.0,2,4,-6,1157.627197265625
41,1.0,0.0,2,4,-6,1157.627197265625
0,-1.0,2.038477578025777e-05,2,5,-6,1157.627197265625
1,-0.9512195121951219,4.1399594010727014e-06,2,5,-6,1157.627197265625
2,-0.9024390243902439,5.401646831160178e-06,2,5,-6,1157.627197265625
3,-0.8536585365853658,0.00024100631708279252,2,5,-6,1157.627197265625
4,-0.8048780487804879,0.0013540295185521245,2,5,-6,1157.627197265625
5,-0.7560975609756098,0.0011087277671322227,2,5,-6,1157.627197265625
6,-0.7073170731707317,2.501772905816324e-05,2,5,-6,1157.627197265625
7,-0.6585365853658536,3.764240091186366e-06,2,5,-6,1157.627197265625
8,-0.6097560975609756,4.629632530850358e-05,2,5,-6,1157.627197265625
9,-0.5609756097560976,2.8027690859744325e-05,2,5,-6,1157.627197265625
10,-0.5121951219512195,1.483477717556525e-06,2,5,-6,1157.627197265625
11,-0.46341463414634143,9.921348009811481e-07,2,5,-6,1157.627197265625
12,-0.41463414634146334,2.2621902644459624e-06,2,5,-6,1157.627197265625
13,-0.36585365853658536,6.896885906826355e-08,2,5,-6,1157.627197265625
14,-0.31707317073170727,5.447482749332266e-07,2,5,-6,1157.627197265625
15,-0.2682926829268293,1.9573739962197578e-07,2,5,-6,1157.627197265625
16,-0.2195121951219512,6.013880238242564e-07,2,5,-6,1157.627197265625
17,-0.1707317073170731,3.4345159747317666e-06,2,5,-6,1157.627197265625
18,-0.12195121951219512,3.213035142834997e-06,2,5,-6,1157.627197265625
19,-0.07317073170731703,3.092729272680117e-08,2,5,-6,1157.627197265625
20,-0.024390243902439046,4.7631155553062854e-07,2,5,-6,1157.627197265625
21,0.024390243902439046,8.605326229371713e-08,2,5,-6,1157.627197265625
22,0.07317073170731714,7.249939670828098e-08,2,5,-6,1157.627197265625
23,0.12195121951219523,0.0,2,5,-6,1157.627197265625
24,0.17073170731707332,0.0,2,5,-6,1157.627197265625
25,0.2195121951219512,0.0,2,5,-6,1157.627197265625
26,0.2682926829268293,0.0,2,5,-6,1157.627197265625
27,0.3170731707317074,0.0,2,5,-6,1157.627197265625
28,0.36585365853658547,0.0,2,5,-6,1157.627197265625
29,0.41463414634146356,0.0,2,5,-6,1157.627197265625
30,0.46341463414634143,0.0,2,5,-6,1157.627197265625
31,0.5121951219512195,0.0,2,5,-6,1157.627197265625
32,0.5609756097560976,0.0,2,5,-6,1157.627197265625
33,0.6097560975609757,0.0,2,5,-6,1157.627197265625
34,0.6585365853658538,0.0,2,5,-6,1157.627197265625
35,0.7073170731707317,0.0,2,5,-6,1157.627197265625
36,0.7560975609756098,0.0,2,5,-6,1157.627197265625
37,0.8048780487804879,0.0,2,5,-6,1157.627197265625
38,0.853658536585366,0.0,2,5,-6,1157.627197265625
39,0.902439024390244,0.0,2,5,-6,1157.627197265625
40,0.9512195121951219,0.0,2,5,-6,1157.627197265625
41,1.0,0.0,2,5,-6,1157.627197265625
0,-1.0,0.0,2,6,-5,1157.627197265625
1,-0.9512195121951219,0.0,2,6,-5,1157.627197265625
2,-0.9024390243902439,0.0,2,6,-5,1157.627197265625
3,-0.8536585365853658,0.0,2,6,-5,1157.627197265625
4,-0.8048780487804879,0.0,2,6,-5,1157.627197265625
5,-0.7560975609756098,0.0,2,6,-5,1157.627197265625
6,-0.7073170731707317,0.0,2,6,-5,1157.627197265625
7,-0.6585365853658536,0.0,2,6,-5,1157.627197265625
8,-0.6097560975609756,0.0,2,6,-5,1157.627197265625
9,-0.5609756097560976,0.0,2,6,-5,1157.627197265625
10,-0.5121951219512195,0.0,2,6,-5,1157.627197265625
11,-0.46341463414634143,0.0,2,6,-5,1157.627197265625
12,-0.41463414634146334,0.0,2,6,-5,1157.627197265625
13,-0.36585365853658536,0.0,2,6,-5,1157.627197265625
14,-0.31707317073170727,0.0,2,6,-5,1157.627197265625
15,-0.2682926829268293,0.0,2,6,-5,1157.627197265625
16,-0.2195121951219512,0.0,2,6,-5,1157.627197265625
17,-0.1707317073170731,0.0,2,6,-5,1157.627197265625
18,-0.12195121951219512,9.371851916739615e-08,2,6,-5,1157.627197265625
19,-0.07317073170731703,2.766282136690279e-07,2,6,-5,1157.627197265625
20,-0.024390243902439046,1.491496277594706e-07,2,6,-5,1157.627197265625
21,0.024390243902439046,6.463968134085007e-07,2,6,-5,1157.627197265625
22,0.07317073170731714,2.814651622884412e-07,2,6,-5,1157.627197265625
23,0.12195121951219523,1.081078721654194e-06,2,6,-5,1157.627197265625
24,0.17073170731707332,2.1939052885500132e-07,2,6,-5,1157.627197265625
25,0.2195121951219512,2.0237997887306847e-05,2,6,-5,1157.627197265625
26,0.2682926829268293,5.6565527302154806e-06,2,6,-5,1157.627197265625
27,0.3170731707317074,9.667966878623702e-06,2,6,-5,1157.627197265625
28,0.36585365853658547,1.6722797226975672e-05,2,6,-5,1157.627197265625
29,0.41463414634146356,6.6854590841103345e-06,2,6,-5,1157.627197265625
30,0.46341463414634143,7.989402547536884e-06,2,6,-5,1157.627197265625
31,0.5121951219512195,1.786598477337975e-05,2,6,-5,1157.627197265625
32,0.5609756097560976,0.0005806980771012604,2,6,-5,1157.627197265625
33,0.6097560975609757,0.00013230668264441192,2,6,-5,1157.627197265625
34,0.6585365853658538,6.187468534335494e-05,2,6,-5,1157.627197265625
35,0.7073170731707317,1.3357421266846359e-05,2,6,-5,1157.627197265625
36,0.7560975609756098,6.2226408772403374e-06,2,6,-5,1157.627197265625
37,0.8048780487804879,5.119529760122532e-07,2,6,-5,1157.627197265625
38,0.853658536585366,6.5260032897640485e-06,2,6,-5,1157.627197265625
39,0.902439024390244,7.69426094393566e-07,2,6,-5,1157.627197265625
40,0.9512195121951219,6.424867478926899e-06,2,6,-5,1157.627197265625
41,1.0,1.8824222536295565e-07,2,6,-5,1157.627197265625
0,-1.0,0.0,2,7,-5,1157.627197265625
1,-0.9512195121951219,0.0,2,7,-5,1157.627197265625
2,-0.9024390243902439,0.0,2,7,-5,1157.627197265625
3,-0.8536585365853658,0.0,2,7,-5,1157.627197265625
4,-0.8048780487804879,0.0,2,7,-5,1157.627197265625
5,-0.7560975609756098,0.0,2,7,-5,1157.627197265625
6,-0.7073170731707317,0.0,2,7,-5,1157.627197265625
7,-0.6585365853658536,0.0,2,7,-5,1157.627197265625
8,-0.6097560975609756,0.0,2,7,-5,1157.627197265625
9,-0.5609756097560976,0.0,2,7,-5,1157.627197265625
10,-0.5121951219512195,1.9408662410569377e-07,2,7,-5,1157.627197265625
11,-0.46341463414634143,6.416007067855389e-07,2,7,-5,1157.627197265625
12,-0.41463414634146334,9.367045095132198e-07,2,7,-5,1157.627197265625
13,-0.36585365853658536,8.440547105692531e-08,2,7,-5,1157.627197265625
14,-0.31707317073170727,1.1238201977903373e-06,2,7,-5,1157.627197265625
15,-0.2682926829268293,3.275387598478119e-06,2,7,-5,1157.627197265625
16,-0.2195121951219512,4.5880542529630475e-06,2,7,-5,1157.627197265625
17,-0.1707317073170731,8.161456207744777e-06,2,7,-5,1157.627197265625
18,-0.12195121951219512,1.621501724002883e-05,2,7,-5,1157.627197265625
19,-0.07317073170731703,4.6751738409511745e-06,2,7,-5,1157.627197265625
20,-0.024390243902439046,2.4097133064060472e-05,2,7,-5,1157.627197265625
21,0.024390243902439046,6.351112915581325e-06,2,7,-5,1157.627197265625
22,0.07317073170731714,0.0002572852827142924,2,7,-5,1157.627197265625
23,0.12195121951219523,0.0027822861447930336,2,7,-5,1157.627197265625
24,0.17073170731707332,4.231237107887864e-05,2,7,-5,1157.627197265625
25,0.2195121951219512,8.541655915905721e-06,2,7,-5,1157.627197265625
26,0.2682926829268293,1.0281438335368875e-05,2,7,-5,1157.627197265625
27,0.3170731707317074,7.932337211968843e-06,2,7,-5,1157.627197265625
28,0.36585365853658547,7.967659030327923e-07,2,7,-5,1157.627197265625
29,0.41463414634146356,8.820828725220053e-07,2,7,-5,1157.627197265625
30,0.46341463414634143,4.191313607293523e-08,2,7,-5,1157.627197265625
31,0.5121951219512195,5.10309246237739e-06,2,7,-5,1157.627197265625
32,0.5609756097560976,3.6795902360609034e-06,2,7,-5,1157.627197265625
33,0.6097560975609757,1.7860469370134524e-06,2,7,-5,1157.627197265625
34,0.6585365853658538,1.3854173630534206e-07,2,7,-5,1157.627197265625
35,0.7073170731707317,7.895161616033874e-06,2,7,-5,1157.627197265625
36,0.7560975609756098,1.046891497935576e-06,2,7,-5,1157.627197265625
37,0.8048780487804879,0.0,2,7,-5,1157.627197265625
38,0.853658536585366,0.0,2,7,-5,1157.627197265625
39,0.902439024390244,0.0,2,7,-5,1157.627197265625
40,0.9512195121951219,0.0,2,7,-5,1157.627197265625
41,1.0,0.0,2,7,-5,1157.627197265625
0,-1.0,1.970459834410576e-06,3,2,-11,1157.627197265625
1,-0.9512195121951219,1.3277871175887412e-06,3,2,-11,1157.627197265625
2,-0.9024390243902439,4.400614628252697e-08,3,2,-11,1157.627197265625
3,-0.8536585365853658,8.79703202372184e-06,3,2,-11,1157.627197265625
4,-0.8048780487804879,6.079840659367619e-06,3,2,-11,1157.627197265625
5,-0.7560975609756098,1.803382474463433e-05,3,2,-11,1157.627197265625
6,-0.7073170731707317,5.846771273354534e-06,3,2,-11,1157.627197265625
7,-0.6585365853658536,4.1697323467815295e-05,3,2,-11,1157.627197265625
8,-0.6097560975609756,6.4914097492874134e-06,3,2,-11,1157.627197265625
9,-0.5609756097560976,3.390158599358983e-05,3,2,-11,1157.627197265625
10,-0.5121951219512195,3.258716606069356e-05,3,2,-11,1157.627197265625
11,-0.46341463414634143,9.857409895630553e-05,3,2,-11,1157.627197265625
12,-0.41463414634146334,0.000971422647126019,3,2,-11,1157.627197265625
13,-0.36585365853658536,0.00035625766031444073,3,2,-11,1157.627197265625
14,-0.31707317073170727,0.00010247027239529416,3,2,-11,1157.627197265625
15,-0.2682926829268293,2.753181661319104e-06,3,2,-11,1157.627197265625
16,-0.2195121951219512,3.0879797122906893e-05,3,2,-11,1157.627197265625
17,-0.1707317073170731,2.3855402105255052e-05,3,2,-11,1157.627197265625
18,-0.12195121951219512,1.4523867321258876e-05,3,2,-11,1157.627197265625
19,-0.07317073170731703,7.594853286718717e-06,3,2,-11,1157.627197265625
20,-0.024390243902439046,8.089873517747037e-07,3,2,-11,1157.627197265625
21,0.024390243902439046,1.948249291672255e-06,3,2,-11,1157.627197265625
22,0.07317073170731714,3.5211460271966644e-06,3,2,-11,1157.627197265625
23,0.12195121951219523,3.061561812955915e-07,3,2,-11,1157.627197265625
24,0.17073170731707332,3.937087512895232e-06,3,2,-11,1157.627197265625
25,0.2195121951219512,6.165792569845507e-07,3,2,-11,1157.627197265625
26,0.2682926829268293,1.6345815083695925e-06,3,2,-11,1157.627197265625
27,0.3170731707317074,1.3870212001165783e-07,3,2,-11,1157.627197265625
28,0.36585365853658547,4.099974404425666e-08,3,2,-11,1157.627197265625
29,0.41463414634146356,2.6568316116026836e-06,3,2,-11,1157.627197265625
30,0.46341463414634143,1.7636820075495052e-06,3,2,-11,1157.627197265625
31,0.5121951219512195,1.4250898630052689e-06,3,2,-11,1157.627197265625
32,0.5609756097560976,1.1363474641257199e-06,3,2,-11,1157.627197265625
33,0.6097560975609757,4.429923023963056e-07,3,2,-11,1157.627197265625
34,0.6585365853658538,8.587143383920193e-06,3,2,-11,1157.627197265625
35,0.7073170731707317,1.0335011211282108e-05,3,2,-11,1157.627197265625
36,0.7560975609756098,8.060465916059911e-06,3,2,-11,1157.627197265625
37,0.8048780487804879,5.33601038910092e-08,3,2,-11,1157.627197265625
38,0.853658536585366,2.4706748646963206e-08,3,2,-11,1157.627197265625
39,0.902439024390244,9.725331437948626e-07,3,2,-11,1157.627197265625
40,0.9512195121951219,6.043269991096167e-07,3,2,-11,1157.627197265625
41,1.0,2.1837824704107334e-07,3,2,-11,1157.627197265625
