tilt_index,tilt_angle,intensity,h,k,l,thickness
0,-1.0,1.2316670563450316e-06,-3,-6,7,1971.1864013671875
1,-0.9512195121951219,2.88505134449224e-06,-3,-6,7,1971.1864013671875
2,-0.9024390243902439,5.493102435139008e-06,-3,-6,7,1971.1864013671875
3,-0.8536585365853658,1.199625671688409e-06,-3,-6,7,1971.1864013671875
4,-0.8048780487804879,2.832713107636664e-06,-3,-6,7,1971.1864013671875
5,-0.7560975609756098,1.6728963601053692e-05,-3,-6,7,1971.1864013671875
6,-0.7073170731707317,4.171024841070903e-07,-3,-6,7,1971.1864013671875
7,-0.6585365853658536,4.417521267896518e-05,-3,-6,7,1971.1864013671875
8,-0.6097560975609756,0.0009273163741454482,-3,-6,7,1971.1864013671875
9,-0.5609756097560976,0.013026053085923195,-3,-6,7,1971.1864013671875
10,-0.5121951219512195,0.00022211697068996727,-3,-6,7,1971.1864013671875
11,-0.46341463414634143,6.651527201029239e-06,-3,-6,7,1971.1864013671875
12,-0.41463414634146334,9.733646038512234e-06,-3,-6,7,1971.1864013671875
13,-0.36585365853658536,5.481655080075143e-06,-3,-6,7,1971.1864013671875
14,-0.31707317073170727,1.582852462433948e-07,-3,-6,7,1971.1864013671875
15,-0.2682926829268293,5.167259587324224e-06,-3,-6,7,1971.1864013671875
16,-0.2195121951219512,4.840925953430997e-07,-3,-6,7,1971.1864013671875
17,-0.1707317073170731,1.4682442269986495e-05,-3,-6,7,1971.1864013671875
18,-0.12195121951219512,2.9788934625685215e-06,-3,-6,7,1971.1864013671875
19,-0.07317073170731703,1.9713756955752615e-06,-3,-6,7,1971.1864013671875
20,-0.024390243902439046,3.7126565075595863e-06,-3,-6,7,1971.1864013671875
21,0.024390243902439046,3.7038259961263975e-06,-3,-6,7,1971.1864013671875
22,0.07317073170731714,5.206624791753711e-06,-3,-6,7,1971.1864013671875
23,0.12195121951219523,6.573656037289766e-07,-3,-6,7,1971.1864013671875
24,0.17073170731707332,0.0,-3,-6,7,1971.1864013671875
25,0.2195121951219512,0.0,-3,-6,7,1971.1864013671875
26,0.2682926829268293,0.0,-3,-6,7,1971.1864013671875
27,0.3170731707317074,0.0,-3,-6,7,1971.1864013671875
28,0.36585365853658547,0.0,-3,-6,7,1971.1864013671875
29,0.41463414634146356,0.0,-3,-6,7,1971.1864013671875
30,0.46341463414634143,0.0,-3,-6,7,1971.1864013671875
31,0.5121951219512195,0.0,-3,-6,7,1971.1864013671875
32,0.5609756097560976,0.0,-3,-6,7,1971.1864013671875
33,0.6097560975609757,0.0,-3,-6,7,1971.1864013671875
34,0.6585365853658538,0.0,-3,-6,7,1971.1864013671875
35,0.7073170731707317,0.0,-3,-6,7,1971.1864013671875
36,0.7560975609756098,0.0,-3,-6,7,1971.1864013671875
37,0.8048780487804879,0.0,-3,-6,7,1971.1864013671875
38,0.853658536585366,0.0,-3,-6,7,1971.1864013671875
39,0.902439024390244,0.0,-3,-6,7,1971.1864013671875
40,0.9512195121951219,0.0,-3,-6,7,1971.1864013671875
41,1.0,0.0,-3,-6,7,1971.1864013671875
0,-1.0,0.0,-3,-5,7,1971.1864013671875
1,-0.9512195121951219,0.0,-3,-5,7,1971.1864013671875
2,-0.9024390243902439,0.0,-3,-5,7,1971.1864013671875
3,-0.8536585365853658,0.0,-3,-5,7,1971.1864013671875
4,-0.8048780487804879,0.0,-3,-5,7,1971.1864013671875
5,-0.7560975609756098,0.0,-3,-5,7,1971.1864013671875
6,-0.7073170731707317,0.0,-3,-5,7,1971.1864013671875
7,-0.6585365853658536,0.0,-3,-5,7,1971.1864013671875
8,-0.6097560975609756,0.0,-3,-5,7,1971.1864013671875
9,-0.5609756097560976,0.0,-3,-5,7,1971.1864013671875
10,-0.5121951219512195,0.0,-3,-5,7,1971.1864013671875
11,-0.46341463414634143,0.0,-3,-5,7,1971.1864013671875
12,-0.41463414634146334,0.0,-3,-5,7,1971.1864013671875
13,-0.36585365853658536,0.0,-3,-5,7,1971.1864013671875
14,-0.31707317073170727,0.0,-3,-5,7,1971.1864013671875
15,-0.2682926829268293,0.0,-3,-5,7,1971.1864013671875
16,-0.2195121951219512,0.0,-3,-5,7,1971.1864013671875
17,-0.1707317073170731,0.0,-3,-5,7,1971.1864013671875
18,-0.12195121951219512,3.84143163500994e-07,-3,-5,7,1971.1864013671875
19,-0.07317073170731703,4.611804342857795e-07,-3,-5,7,1971.1864013671875
20,-0.024390243902439046,3.664302994366153e-07,-3,-5,7,1971.1864013671875
21,0.024390243902439046,3.903620381606743e-06,-3,-5,7,1971.1864013671875
22,0.07317073170731714,2.641699666128261e-06,-3,-5,7,1971.1864013671875
23,0.12195121951219523,1.4335981859403546e-06,-3,-5,7,1971.1864013671875
24,0.17073170731707332,8.296876330859959e-06,-3,-5,7,1971.1864013671875
25,0.2195121951219512,1.23277686725487e-06,-3,-5,7,1971.1864013671875
26,0.2682926829268293,4.171545151621103e-05,-3,-5,7,1971.1864013671875
27,0.3170731707317074,1.0094006029248703e-05,-3,-5,7,1971.1864013671875
28,0.36585365853658547,4.826618351216894e-06,-3,-5,7,1971.1864013671875
29,0.41463414634146356,2.189021688536741e-05,-3,-5,7,1971.1864013671875
30,0.46341463414634143,0.00010417595331091434,-3,-5,7,1971.1864013671875
31,0.5121951219512195,2.9243938115541823e-05,-3,-5,7,1971.1864013671875
32,0.5609756097560976,5.711992707801983e-05,-3,-5,7,1971.1864013671875
33,0.6097560975609757,0.00013341022713575512,-3,-5,7,1971.1864013671875
34,0.6585365853658538,0.00826418586075306,-3,-5,7,1971.1864013671875
35,0.7073170731707317,0.00028515150188468397,-3,-5,7,1971.1864013671875
36,0.7560975609756098,6.6490028984844685e-06,-3,-5,7,1971.1864013671875
37,0.8048780487804879,0.0001343785843346268,-3,-5,7,1971.1864013671875
38,0.853658536585366,7.94746392784873e-06,-3,-5,7,1971.1864013671875
39,0.902439024390244,2.652203147590626e-05,-3,-5,7,1971.1864013671875
40,0.9512195121951219,0.0002142438170267269,-3,-5,7,1971.1864013671875
41,1.0,4.238274414092302e-06,-3,-5,7,1971.1864013671875
0,-1.0,6.4818887040019035e-06,-3,-4,8,1971.1864013671875
1,-0.9512195121951219,2.020312058448326e-05,-3,-4,8,1971.1864013671875
2,-0.9024390243902439,9.39130495680729e-06,-3,-4,8,1971.1864013671875
3,-0.8536585365853658,4.0254835766972974e-05,-3,-4,8,1971.1864013671875
4,-0.8048780487804879,2.4716478947084397e-05,-3,-4,8,1971.1864013671875
5,-0.7560975609756098,1.942158633028157e-05,-3,-4,8,1971.1864013671875
6,-0.7073170731707317,9.694382606539875e-05,-3,-4,8,1971.1864013671875
7,-0.6585365853658536,0.00020806894463021308,-3,-4,8,1971.1864013671875
8,-0.6097560975609756,0.002686422783881426,-3,-4,8,1971.1864013671875
9,-0.5609756097560976,0.009890373796224594,-3,-4,8,1971.1864013671875
10,-0.5121951219512195,0.001129297656007111,-3,-4,8,1971.1864013671875
11,-0.46341463414634143,4.917545447824523e-05,-3,-4,8,1971.1864013671875
12,-0.41463414634146334,1.1764643204514869e-05,-3,-4,8,1971.1864013671875
13,-0.36585365853658536,0.0002146846236428246,-3,-4,8,1971.1864013671875
14,-0.31707317073170727,6.0298556491034105e-05,-3,-4,8,1971.1864013671875
15,-0.2682926829268293,5.568724592563967e-09,-3,-4,8,1971.1864013671875
16,-0.2195121951219512,1.0136014680028893e-05,-3,-4,8,1971.1864013671875
17,-0.1707317073170731,2.6895936571236234e-06,-3,-4,8,1971.1864013671875
18,-0.12195121951219512,3.63129561264941e-06,-3,-4,8,1971.1864013671875
19,-0.07317073170731703,2.010635171245667e-06,-3,-4,8,1971.1864013671875
20,-0.024390243902439046,6.557769211212872e-06,-3,-4,8,1971.1864013671875
21,0.024390243902439046,1.1108973012596834e-05,-3,-4,8,1971.1864013671875
22,0.07317073170731714,1.342755240330007e-05,-3,-4,8,1971.1864013671875
23,0.12195121951219523,3.814432602666784e-06,-3,-4,8,1971.1864013671875
24,0.17073170731707332,3.0728460842510685e-06,-3,-4,8,1971.1864013671875
25,0.2195121951219512,1.8561356682766927e-06,-3,-4,8,1971.1864013671875
26,0.2682926829268293,7.921730684756767e-07,-3,-4,8,1971.1864013671875
27,0.3170731707317074,1.951843309200285e-08,-3,-4,8,1971.1864013671875
28,0.36585365853658547,5.698801146536425e-07,-3,-4,8,1971.1864013671875
29,0.41463414634146356,2.5856902539089788e-06,-3,-4,8,1971.1864013671875
30,0.46341463414634143,0.0,-3,-4,8,1971.1864013671875
31,0.5121951219512195,0.0,-3,-4,8,1971.1864013671875
32,0.5609756097560976,0.0,-3,-4,8,1971.1864013671875
33,0.6097560975609757,0.0,-3,-4,8,1971.1864013671875
34,0.6585365853658538,0.0,-3,-4,8,1971.1864013671875
35,0.7073170731707317,0.0,-3,-4,8,1971.1864013671875
36,0.7560975609756098,0.0,-3,-4,8,1971.1864013671875
37,0.8048780487804879,0.0,-3,-4,8,1971.1864013671875
38,0.853658536585366,0.0,-3,-4,8,1971.1864013671875
39,0.902439024390244,0.0,-3,-4,8,1971.1864013671875
40,0.9512195121951219,0.0,-3,-4,8,1971.1864013671875
41,1.0,0.0,-3,-4,8,1971.1864013671875
0,-1.0,1.8332036688661901e-06,-3,4,11,1971.1864013671875
1,-0.9512195121951219,2.569047410361236e-07,-3,4,11,1971.1864013671875
2,-0.9024390243902439,6.493271484941943e-06,-3,4,11,1971.1864013671875
3,-0.8536585365853658,4.869082658842672e-06,-3,4,11,1971.1864013671875
4,-0.8048780487804879,1.4607491038987064e-06,-3,4,11,1971.1864013671875
5,-0.7560975609756098,2.0090286852791905e-05,-3,4,11,1971.1864013671875
6,-0.7073170731707317,8.268268175015692e-06,-3,4,11,1971.1864013671875
7,-0.6585365853658536,5.620242518489249e-05,-3,4,11,1971.1864013671875
8,-0.6097560975609756,0.00013315647083800286,-3,4,11,1971.1864013671875
9,-0.5609756097560976,0.00010861943883355707,-3,4,11,1971.1864013671875
10,-0.5121951219512195,0.0007848409004509449,-3,4,11,1971.1864013671875
11,-0.46341463414634143,0.03362135961651802,-3,4,11,1971.1864013671875
12,-0.41463414634146334,0.0045150648802518845,-3,4,11,1971.1864013671875
13,-0.36585365853658536,0.0004347963258624077,-3,4,11,1971.1864013671875
14,-0.31707317073170727,3.972818376496434e-06,-3,4,11,1971.1864013671875
15,-0.2682926829268293,1.6188416338991374e-05,-3,4,11,1971.1864013671875
16,-0.2195121951219512,5.241821054369211e-05,-3,4,11,1971.1864013671875
17,-0.1707317073170731,2.393848990323022e-05,-3,4,11,1971.1864013671875
18,-0.12195121951219512,1.677573163760826e-05,-3,4,11,1971.1864013671875
19,-0.07317073170731703,3.0177016014931723e-06,-3,4,11,1971.1864013671875
20,-0.024390243902439046,1.2652387340494897e-05,-3,4,11,1971.1864013671875
21,0.024390243902439046,9.363119715999346e-06,-3,4,11,1971.1864013671875
22,0.07317073170731714,4.05530499847373e-06,-3,4,11,1971.1864013671875
23,0.12195121951219523,3.0400885862036375e-06,-3,4,11,1971.1864013671875
24,0.17073170731707332,6.190933618199779e-06,-3,4,11,1971.1864013671875
25,0.2195121951219512,9.766376024344936e-06,-3,4,11,1971.1864013671875
26,0.2682926829268293,2.9575355711131124e-06,-3,4,11,1971.1864013671875
27,0.3170731707317074,9.66465722740395e-06,-3,4,11,1971.1864013671875
28,0.36585365853658547,1.9535293631633976e-06,-3,4,11,1971.1864013671875
29,0.41463414634146356,1.0025948540715035e-05,-3,4,11,1971.1864013671875
30,0.46341463414634143,2.5750588861228607e-07,-3,4,11,1971.1864013671875
31,0.5121951219512195,9.261683544536936e-07,-3,4,11,1971.1864013671875
32,0.5609756097560976,1.4562372143700486e-06,-3,4,11,1971.1864013671875
33,0.6097560975609757,5.058270744484616e-07,-3,4,11,1971.1864013671875
34,0.6585365853658538,1.0558038638919243e-06,-3,4,11,1971.1864013671875
35,0.7073170731707317,3.316529841868032e-07,-3,4,11,1971.1864013671875
36,0.7560975609756098,1.4118791114015039e-05,-3,4,11,1971.1864013671875
37,0.8048780487804879,4.045162131660618e-05,-3,4,11,1971.1864013671875
38,0.853658536585366,1.442013217456406e-05,-3,4,11,1971.1864013671875
39,0.902439024390244,1.337316348326567e-06,-3,4,11,1971.1864013671875
40,0.9512195121951219,1.6970294609564007e-06,-3,4,11,1971.1864013671875
41,1.0,6.04858996666735e-07,-3,4,11,1971.1864013671875
0,-1.0,0.0,-2,-8,2,1971.1864013671875
1,-0.9512195121951219,0.0,-2,-8,2,1971.1864013671875
2,-0.9024390243902439,0.0,-2,-8,2,1971.1864013671875
3,-0.8536585365853658,0.0,-2,-8,2,1971.1864013671875
4,-0.8048780487804879,0.0,-2,-8,2,1971.1864013671875
5,-0.7560975609756098,0.0,-2,-8,2,1971.1864013671875
6,-0.7073170731707317,0.0,-2,-8,2,1971.1864013671875
7,-0.6585365853658536,0.0,-2,-8,2,1971.1864013671875
8,-0.6097560975609756,0.0,-2,-8,2,1971.1864013671875
9,-0.5609756097560976,0.0,-2,-8,2,1971.1864013671875
10,-0.5121951219512195,0.0,-2,-8,2,1971.1864013671875
11,-0.46341463414634143,0.0,-2,-8,2,1971.1864013671875
12,-0.41463414634146334,0.0,-2,-8,2,1971.1864013671875
13,-0.36585365853658536,0.0,-2,-8,2,1971.1864013671875
14,-0.31707317073170727,0.0,-2,-8,2,1971.1864013671875
15,-0.2682926829268293,0.0,-2,-8,2,1971.1864013671875
16,-0.2195121951219512,0.0,-2,-8,2,1971.1864013671875
17,-0.1707317073170731,0.0,-2,-8,2,1971.1864013671875
18,-0.12195121951219512,0.0,-2,-8,2,1971.1864013671875
19,-0.07317073170731703,0.0,-2,-8,2,1971.1864013671875
20,-0.024390243902439046,0.0,-2,-8,2,1971.1864013671875
21,0.024390243902439046,0.0,-2,-8,2,1971.1864013671875
22,0.07317073170731714,9.148541721515357e-06,-2,-8,2,1971.1864013671875
23,0.12195121951219523,8.614419471086876e-07,-2,-8,2,1971.1864013671875
24,0.17073170731707332,9.311116855315049e-07,-2,-8,2,1971.1864013671875
25,0.2195121951219512,4.0892723518481944e-07,-2,-8,2,1971.1864013671875
26,0.2682926829268293,1.2355046692391625e-06,-2,-8,2,1971.1864013671875
27,0.3170731707317074,1.9517967757565202e-06,-2,-8,2,1971.1864013671875
28,0.36585365853658547,1.6751073417253792e-05,-2,-8,2,1971.1864013671875
29,0.41463414634146356,1.2695172699750401e-05,-2,-8,2,1971.1864013671875
30,0.46341463414634143,0.00013240041153039783,-2,-8,2,1971.1864013671875
31,0.5121951219512195,4.3517469748621807e-05,-2,-8,2,1971.1864013671875
32,0.5609756097560976,3.088887388003059e-05,-2,-8,2,1971.1864013671875
33,0.6097560975609757,0.00013620471872854978,-2,-8,2,1971.1864013671875
34,0.6585365853658538,0.0002842649701051414,-2,-8,2,1971.1864013671875
35,0.7073170731707317,1.0745934559963644e-05,-2,-8,2,1971.1864013671875
36,0.7560975609756098,2.865827468667703e-07,-2,-8,2,1971.1864013671875
37,0.8048780487804879,7.856595402699895e-06,-2,-8,2,1971.1864013671875
38,0.853658536585366,1.8785007682708965e-07,-2,-8,2,1971.1864013671875
39,0.902439024390244,2.477385407928523e-08,-2,-8,2,1971.1864013671875
40,0.9512195121951219,5.264662945592136e-07,-2,-8,2,1971.1864013671875
41,1.0,2.2457811610365752e-07,-2,-8,2,1971.1864013671875
0,-1.0,5.600110398518154e-06,-2,-8,3,1971.1864013671875
1,-0.9512195121951219,0.00014440789527725428,-2,-8,3,1971.1864013671875
2,-0.9024390243902439,1.1735158295778092e-05,-2,-8,3,1971.1864013671875
3,-0.8536585365853658,1.3488067452271935e-05,-2,-8,3,1971.1864013671875
4,-0.8048780487804879,7.393768441943394e-08,-2,-8,3,1971.1864013671875
5,-0.7560975609756098,4.6790881924607675e-07,-2,-8,3,1971.1864013671875
6,-0.7073170731707317,4.4116751496403595e-07,-2,-8,3,1971.1864013671875
7,-0.6585365853658536,1.1772967809520196e-06,-2,-8,3,1971.1864013671875
8,-0.6097560975609756,9.108009635383496e-08,-2,-8,3,1971.1864013671875
9,-0.5609756097560976,1.4115599924480193e-06,-2,-8,3,1971.1864013671875
10,-0.5121951219512195,9.292682534578489e-08,-2,-8,3,1971.1864013671875
11,-0.46341463414634143,1.1498532330733724e-06,-2,-8,3,1971.1864013671875
12,-0.41463414634146334,2.1729549359861267e-07,-2,-8,3,1971.1864013671875
13,-0.36585365853658536,4.3534278404422366e-08,-2,-8,3,1971.1864013671875
14,-0.31707317073170727,0.0,-2,-8,3,1971.1864013671875
15,-0.2682926829268293,0.0,-2,-8,3,1971.1864013671875
16,-0.2195121951219512,0.0,-2,-8,3,1971.1864013671875
17,-0.1707317073170731,0.0,-2,-8,3,1971.1864013671875
18,-0.12195121951219512,0.0,-2,-8,3,1971.1864013671875
19,-0.07317073170731703,0.0,-2,-8,3,1971.1864013671875
20,-0.024390243902439046,0.0,-2,-8,3,1971.1864013671875
21,0.024390243902439046,0.0,-2,-8,3,1971.1864013671875
22,0.07317073170731714,0.0,-2,-8,3,1971.1864013671875
23,0.12195121951219523,0.0,-2,-8,3,1971.1864013671875
24,0.17073170731707332,0.0,-2,-8,3,1971.1864013671875
25,0.2195121951219512,0.0,-2,-8,3,1971.1864013671875
26,0.2682926829268293,0.0,-2,-8,3,1971.1864013671875
27,0.3170731707317074,0.0,-2,-8,3,1971.1864013671875
28,0.36585365853658547,0.0,-2,-8,3,1971.1864013671875
29,0.41463414634146356,0.0,-2,-8,3,1971.1864013671875
30,0.46341463414634143,0.0,-2,-8,3,1971.1864013671875
31,0.5121951219512195,0.0,-2,-8,3,1971.1864013671875
32,0.5609756097560976,0.0,-2,-8,3,1971.1864013671875
33,0.6097560975609757,0.0,-2,-8,3,1971.1864013671875
34,0.6585365853658538,0.0,-2,-8,3,1971.1864013671875
35,0.7073170731707317,0.0,-2,-8,3,1971.1864013671875
36,0.7560975609756098,0.0,-2,-8,3,1971.1864013671875
37,0.8048780487804879,0.0,-2,-8,3,1971.1864013671875
38,0.853658536585366,0.0,-2,-8,3,1971.1864013671875
39,0.902439024390244,0.0,-2,-8,3,1971.1864013671875
40,0.9512195121951219,0.0,-2,-8,3,1971.1864013671875
41,1.0,0.0,-2,-8,3,1971.1864013671875
0,-1.0,0.0,-2,-7,3,1971.1864013671875
1,-0.9512195121951219,0.0,-2,-7,3,1971.1864013671875
2,-0.9024390243902439,0.0,-2,-7,3,1971.1864013671875
3,-0.8536585365853658,0.0,-2,-7,3,1971.1864013671875
4,-0.8048780487804879,0.0,-2,-7,3,1971.1864013671875
5,-0.7560975609756098,0.0,-2,-7,3,1971.1864013671875
6,-0.7073170731707317,0.0,-2,-7,3,1971.1864013671875
7,-0.6585365853658536,0.0,-2,-7,3,1971.1864013671875
8,-0.6097560975609756,0.0,-2,-7,3,1971.1864013671875
9,-0.5609756097560976,7.173638323365594e-07,-2,-7,3,1971.1864013671875
10,-0.5121951219512195,1.333062442654409e-07,-2,-7,3,1971.1864013671875
11,-0.46341463414634143,2.539179604355013e-07,-2,-7,3,1971.1864013671875
12,-0.41463414634146334,3.824592198498067e-08,-2,-7,3,1971.1864013671875
13,-0.36585365853658536,5.7442375691607594e-06,-2,-7,3,1971.1864013671875
14,-0.31707317073170727,2.6523704946157522e-05,-2,-7,3,1971.1864013671875
15,-0.2682926829268293,1.25526889860339e-06,-2,-7,3,1971.1864013671875
16,-0.2195121951219512,9.93498269963311e-06,-2,-7,3,1971.1864013671875
17,-0.1707317073170731,3.0389988751267083e-05,-2,-7,3,1971.1864013671875
18,-0.12195121951219512,3.2028499390435172e-06,-2,-7,3,1971.1864013671875
19,-0.07317073170731703,6.870836841699202e-06,-2,-7,3,1971.1864013671875
20,-0.024390243902439046,8.670028910273686e-05,-2,-7,3,1971.1864013671875
21,0.024390243902439046,0.017826450988650322,-2,-7,3,1971.1864013671875
22,0.07317073170731714,0.007651808205991983,-2,-7,3,1971.1864013671875
23,0.12195121951219523,0.00016365887131541967,-2,-7,3,1971.1864013671875
24,0.17073170731707332,2.8675121939159e-05,-2,-7,3,1971.1864013671875
25,0.2195121951219512,4.1449579839536455e-06,-2,-7,3,1971.1864013671875
26,0.2682926829268293,2.2727410851075547e-06,-2,-7,3,1971.1864013671875
27,0.3170731707317074,1.5203356724668993e-06,-2,-7,3,1971.1864013671875
28,0.36585365853658547,9.255275585928757e-07,-2,-7,3,1971.1864013671875
29,0.41463414634146356,8.588552304900077e-07,-2,-7,3,1971.1864013671875
30,0.46341463414634143,9.773936653800774e-06,-2,-7,3,1971.1864013671875
31,0.5121951219512195,8.14865970255596e-08,-2,-7,3,1971.1864013671875
32,0.5609756097560976,3.0440564842137974e-06,-2,-7,3,1971.1864013671875
33,0.6097560975609757,1.199526423079078e-06,-2,-7,3,1971.1864013671875
34,0.6585365853658538,4.545823685475625e-06,-2,-7,3,1971.1864013671875
35,0.7073170731707317,0.0,-2,-7,3,1971.1864013671875
36,0.7560975609756098,0.0,-2,-7,3,1971.1864013671875
37,0.8048780487804879,0.0,-2,-7,3,1971.1864013671875
38,0.853658536585366,0.0,-2,-7,3,1971.1864013671875
39,0.902439024390244,0.0,-2,-7,3,1971.1864013671875
40,0.9512195121951219,0.0,-2,-7,3,1971.1864013671875
41,1.0,0.0,-2,-7,3,1971.1864013671875
0,-1.0,4.804057425644714e-06,-2,-6,4,1971.1864013671875
1,-0.9512195121951219,8.326427632709965e-05,-2,-6,4,1971.1864013671875
2,-0.9024390243902439,2.9276689019752666e-05,-2,-6,4,1971.1864013671875
3,-0.8536585365853658,0.00044945449917577207,-2,-6,4,1971.1864013671875
4,-0.8048780487804879,0.00020578534167725593,-2,-6,4,1971.1864013671875
5,-0.7560975609756098,0.005680084228515625,-2,-6,4,1971.1864013671875
6,-0.7073170731707317,0.0008387639536522329,-2,-6,4,1971.1864013671875
7,-0.6585365853658536,0.00012517209688667208,-2,-6,4,1971.1864013671875
8,-0.6097560975609756,2.2937896574148908e-05,-2,-6,4,1971.1864013671875
9,-0.5609756097560976,9.520827006781474e-06,-2,-6,4,1971.1864013671875
10,-0.5121951219512195,1.289236024604179e-05,-2,-6,4,1971.1864013671875
11,-0.46341463414634143,6.4349346757808235e-06,-2,-6,4,1971.1864013671875
12,-0.41463414634146334,1.2416576282703318e-05,-2,-6,4,1971.1864013671875
13,-0.36585365853658536,1.9594424884417094e-05,-2,-6,4,1971.1864013671875
14,-0.31707317073170727,6.450075306929648e-05,-2,-6,4,1971.1864013671875
15,-0.2682926829268293,1.6345836684195092e-07,-2,-6,4,1971.1864013671875
16,-0.2195121951219512,1.2699712215180625e-06,-2,-6,4,1971.1864013671875
17,-0.1707317073170731,1.971111305465456e-05,-2,-6,4,1971.1864013671875
18,-0.12195121951219512,1.7895974906423362e-06,-2,-6,4,1971.1864013671875
19,-0.07317073170731703,1.9002346789420699e-06,-2,-6,4,1971.1864013671875
20,-0.024390243902439046,1.519346255918208e-06,-2,-6,4,1971.1864013671875
21,0.024390243902439046,0.0,-2,-6,4,1971.1864013671875
22,0.07317073170731714,0.0,-2,-6,4,1971.1864013671875
23,0.12195121951219523,0.0,-2,-6,4,1971.1864013671875
24,0.17073170731707332,0.0,-2,-6,4,1971.1864013671875
25,0.2195121951219512,0.0,-2,-6,4,1971.1864013671875
26,0.2682926829268293,0.0,-2,-6,4,1971.1864013671875
27,0.3170731707317074,0.0,-2,-6,4,1971.1864013671875
28,0.36585365853658547,0.0,-2,-6,4,1971.1864013671875
29,0.41463414634146356,0.0,-2,-6,4,1971.1864013671875
30,0.46341463414634143,0.0,-2,-6,4,1971.1864013671875
31,0.5121951219512195,0.0,-2,-6,4,1971.1864013671875
32,0.5609756097560976,0.0,-2,-6,4,1971.1864013671875
33,0.6097560975609757,0.0,-2,-6,4,1971.1864013671875
34,0.6585365853658538,0.0,-2,-6,4,1971.1864013671875
35,0.7073170731707317,0.0,-2,-6,4,1971.1864013671875
36,0.7560975609756098,0.0,-2,-6,4,1971.1864013671875
37,0.8048780487804879,0.0,-2,-6,4,1971.1864013671875
38,0.853658536585366,0.0,-2,-6,4,1971.1864013671875
39,0.902439024390244,0.0,-2,-6,4,1971.1864013671875
40,0.9512195121951219,0.0,-2,-6,4,1971.1864013671875
41,1.0,0.0,-2,-6,4,1971.1864013671875
0,-1.0,0.0,-2,-5,4,1971.1864013671875
1,-0.9512195121951219,0.0,-2,-5,4,1971.1864013671875
2,-0.9024390243902439,0.0,-2,-5,4,1971.1864013671875
3,-0.8536585365853658,0.0,-2,-5,4,1971.1864013671875
4,-0.8048780487804879,0.0,-2,-5,4,1971.1864013671875
5,-0.7560975609756098,0.0,-2,-5,4,1971.1864013671875
6,-0.7073170731707317,0.0,-2,-5,4,1971.1864013671875
7,-0.6585365853658536,0.0,-2,-5,4,1971.1864013671875
8,-0.6097560975609756,0.0,-2,-5,4,1971.1864013671875
9,-0.5609756097560976,0.0,-2,-5,4,1971.1864013671875
10,-0.5121951219512195,0.0,-2,-5,4,1971.1864013671875
11,-0.46341463414634143,0.0,-2,-5,4,1971.1864013671875
12,-0.41463414634146334,0.0,-2,-5,4,1971.1864013671875
13,-0.36585365853658536,4.9133890570374206e-05,-2,-5,4,1971.1864013671875
14,-0.31707317073170727,3.798941179411486e-06,-2,-5,4,1971.1864013671875
15,-0.2682926829268293,2.957942115244805e-06,-2,-5,4,1971.1864013671875
16,-0.2195121951219512,7.775454832881223e-06,-2,-5,4,1971.1864013671875
17,-0.1707317073170731,2.309922274434939e-05,-2,-5,4,1971.1864013671875
18,-0.12195121951219512,3.849417680612532e-06,-2,-5,4,1971.1864013671875
19,-0.07317073170731703,4.149460437474772e-06,-2,-5,4,1971.1864013671875
20,-0.024390243902439046,1.1756802450690884e-05,-2,-5,4,1971.1864013671875
21,0.024390243902439046,3.1697047234047204e-05,-2,-5,4,1971.1864013671875
22,0.07317073170731714,1.1481542969704606e-05,-2,-5,4,1971.1864013671875
23,0.12195121951219523,1.7638618373894133e-05,-2,-5,4,1971.1864013671875
24,0.17073170731707332,3.145393975501065e-06,-2,-5,4,1971.1864013671875
25,0.2195121951219512,7.609427029819926e-06,-2,-5,4,1971.1864013671875
26,0.2682926829268293,1.3674558431375772e-05,-2,-5,4,1971.1864013671875
27,0.3170731707317074,1.5497856793444953e-06,-2,-5,4,1971.1864013671875
28,0.36585365853658547,0.00015986058861017227,-2,-5,4,1971.1864013671875
29,0.41463414634146356,0.003953607752919197,-2,-5,4,1971.1864013671875
30,0.46341463414634143,0.1655598133802414,-2,-5,4,1971.1864013671875
31,0.5121951219512195,0.0010236308444291353,-2,-5,4,1971.1864013671875
32,0.5609756097560976,0.00015840379637666047,-2,-5,4,1971.1864013671875
33,0.6097560975609757,4.575404545903439e-06,-2,-5,4,1971.1864013671875
34,0.6585365853658538,0.0002025832363869995,-2,-5,4,1971.1864013671875
35,0.7073170731707317,5.583712481893599e-05,-2,-5,4,1971.1864013671875
36,0.7560975609756098,4.753292614623206e-06,-2,-5,4,1971.1864013671875
37,0.8048780487804879,4.156213435635436e-06,-2,-5,4,1971.1864013671875
38,0.853658536585366,2.261388317492674e-06,-2,-5,4,1971.1864013671875
39,0.902439024390244,5.033112302044174e-06,-2,-5,4,1971.1864013671875
40,0.9512195121951219,4.352859377831919e-06,-2,-5,4,1971.1864013671875
41,1.0,2.12541044675163e-06,-2,-5,4,1971.1864013671875
0,-1.0,0.0004174092609900981,-2,-4,5,1971.1864013671875
1,-0.9512195121951219,0.0005247285007499158,-2,-4,5,1971.1864013671875
2,-0.9024390243902439,1.1736346294810573e-07,-2,-4,5,1971.1864013671875
3,-0.8536585365853658,0.0008377862395718694,-2,-4,5,1971.1864013671875
4,-0.8048780487804879,0.03464516997337341,-2,-4,5,1971.1864013671875
5,-0.7560975609756098,0.005409816280007362,-2,-4,5,1971.1864013671875
6,-0.7073170731707317,0.00015019589045550674,-2,-4,5,1971.1864013671875
7,-0.6585365853658536,0.00046491980901919305,-2,-4,5,1971.1864013671875
8,-0.6097560975609756,0.0002295827871421352,-2,-4,5,1971.1864013671875
9,-0.5609756097560976,0.00010129386646440253,-2,-4,5,1971.1864013671875
10,-0.5121951219512195,3.1388084607897326e-05,-2,-4,5,1971.1864013671875
11,-0.46341463414634143,1.4454167285293806e-05,-2,-4,5,1971.1864013671875
12,-0.41463414634146334,3.2615782401990145e-05,-2,-4,5,1971.1864013671875
13,-0.36585365853658536,5.204662011237815e-05,-2,-4,5,1971.1864013671875
14,-0.31707317073170727,4.785786950378679e-05,-2,-4,5,1971.1864013671875
15,-0.2682926829268293,3.8219368434511125e-06,-2,-4,5,1971.1864013671875
16,-0.2195121951219512,0.00016818783478811383,-2,-4,5,1971.1864013671875
17,-0.1707317073170731,4.7914440074237064e-05,-2,-4,5,1971.1864013671875
18,-0.12195121951219512,8.776708455116022e-06,-2,-4,5,1971.1864013671875
19,-0.07317073170731703,1.3193033510106034e-06,-2,-4,5,1971.1864013671875
20,-0.024390243902439046,3.855629984172992e-06,-2,-4,5,1971.1864013671875
21,0.024390243902439046,1.5476627595489845e-05,-2,-4,5,1971.1864013671875
22,0.07317073170731714,5.341114501788979e-06,-2,-4,5,1971.1864013671875
23,0.12195121951219523,9.226469614986854e-07,-2,-4,5,1971.1864013671875
24,0.17073170731707332,2.5123790692305192e-06,-2,-4,5,1971.1864013671875
25,0.2195121951219512,8.457250260107685e-07,-2,-4,5,1971.1864013671875
26,0.2682926829268293,4.991624109607073e-07,-2,-4,5,1971.1864013671875
27,0.3170731707317074,0.0,-2,-4,5,1971.1864013671875
28,0.36585365853658547,0.0,-2,-4,5,1971.1864013671875
29,0.41463414634146356,0.0,-2,-4,5,1971.1864013671875
30,0.46341463414634143,0.0,-2,-4,5,1971.1864013671875
31,0.5121951219512195,0.0,-2,-4,5,1971.1864013671875
32,0.5609756097560976,0.0,-2,-4,5,1971.1864013671875
33,0.6097560975609757,0.0,-2,-4,5,1971.1864013671875
34,0.6585365853658538,0.0,-2,-4,5,1971.1864013671875
35,0.7073170731707317,0.0,-2,-4,5,1971.1864013671875
36,0.7560975609756098,0.0,-2,-4,5,1971.1864013671875
37,0.8048780487804879,0.0,-2,-4,5,1971.1864013671875
38,0.853658536585366,0.0,-2,-4,5,1971.1864013671875
39,0.902439024390244,0.0,-2,-4,5,1971.1864013671875
40,0.9512195121951219,0.0,-2,-4,5,1971.1864013671875
41,1.0,0.0,-2,-4,5,1971.1864013671875
0,-1.0,0.0,-2,-3,5,1971.1864013671875
1,-0.9512195121951219,0.0,-2,-3,5,1971.1864013671875
2,-0.9024390243902439,0.0,-2,-3,5,1971.1864013671875
3,-0.8536585365853658,0.0,-2,-3,5,1971.1864013671875
4,-0.8048780487804879,0.0,-2,-3,5,1971.1864013671875
5,-0.7560975609756098,0.0,-2,-3,5,1971.1864013671875
6,-0.7073170731707317,0.0,-2,-3,5,1971.1864013671875
7,-0.6585365853658536,0.0,-2,-3,5,1971.1864013671875
8,-0.6097560975609756,0.0,-2,-3,5,1971.1864013671875
9,-0.5609756097560976,0.0,-2,-3,5,1971.1864013671875
10,-0.5121951219512195,0.0,-2,-3,5,1971.1864013671875
11,-0.46341463414634143,0.0,-2,-3,5,1971.1864013671875
12,-0.41463414634146334,1.8101558453054167e-05,-2,-3,5,1971.1864013671875
13,-0.36585365853658536,3.7846952182007954e-05,-2,-3,5,1971.1864013671875
14,-0.31707317073170727,3.900027149938978e-05,-2,-3,5,1971.1864013671875
15,-0.2682926829268293,2.674269853741862e-05,-2,-3,5,1971.1864013671875
16,-0.2195121951219512,7.27372316760011e-05,-2,-3,5,1971.1864013671875
17,-0.1707317073170731,8.511718078807462e-06,-2,-3,5,1971.1864013671875
18,-0.12195121951219512,0.00011741487105609849,-2,-3,5,1971.1864013671875
19,-0.07317073170731703,4.3975465814583004e-05,-2,-3,5,1971.1864013671875
20,-0.024390243902439046,5.702537237084471e-06,-2,-3,5,1971.1864013671875
21,0.024390243902439046,1.3083641533739865e-05,-2,-3,5,1971.1864013671875
22,0.07317073170731714,0.00015145742509048432,-2,-3,5,1971.1864013671875
23,0.12195121951219523,0.00035236176336184144,-2,-3,5,1971.1864013671875
24,0.17073170731707332,9.278325705963653e-06,-2,-3,5,1971.1864013671875
25,0.2195121951219512,0.0002099903067573905,-2,-3,5,1971.1864013671875
26,0.2682926829268293,3.831650610663928e-05,-2,-3,5,1971.1864013671875
27,0.3170731707317074,3.465886038611643e-05,-2,-3,5,1971.1864013671875
28,0.36585365853658547,0.00034776751999743283,-2,-3,5,1971.1864013671875
29,0.41463414634146356,3.24960274156183e-05,-2,-3,5,1971.1864013671875
30,0.46341463414634143,0.0004140943055972457,-2,-3,5,1971.1864013671875
31,0.5121951219512195,1.4771927453693934e-05,-2,-3,5,1971.1864013671875
32,0.5609756097560976,0.0007412874838337302,-2,-3,5,1971.1864013671875
33,0.6097560975609757,0.0003276984498370439,-2,-3,5,1971.1864013671875
34,0.6585365853658538,0.000698594085406512,-2,-3,5,1971.1864013671875
35,0.7073170731707317,0.0019563143141567707,-2,-3,5,1971.1864013671875
36,0.7560975609756098,6.630148163822014e-06,-2,-3,5,1971.1864013671875
37,0.8048780487804879,0.00779289286583662,-2,-3,5,1971.1864013671875
38,0.853658536585366,0.003213093848899007,-2,-3,5,1971.1864013671875
39,0.902439024390244,0.09164144098758698,-2,-3,5,1971.1864013671875
40,0.9512195121951219,0.04426577687263489,-2,-3,5,1971.1864013671875
41,1.0,0.006199554540216923,-2,-3,5,1971.1864013671875
0,-1.0,0.0012513442197814584,-2,1,7,1971.1864013671875
1,-0.9512195121951219,0.0053434488363564014,-2,1,7,1971.1864013671875
2,-0.9024390243902439,0.016962526366114616,-2,1,7,1971.1864013671875
3,-0.8536585365853658,0.028723858296871185,-2,1,7,1971.1864013671875
4,-0.8048780487804879,0.043701671063899994,-2,1,7,1971.1864013671875
5,-0.7560975609756098,0.016368895769119263,-2,1,7,1971.1864013671875
6,-0.7073170731707317,0.022542361170053482,-2,1,7,1971.1864013671875
7,-0.6585365853658536,0.08807048946619034,-2,1,7,1971.1864013671875
8,-0.6097560975609756,0.1882457733154297,-2,1,7,1971.1864013671875
9,-0.5609756097560976,0.31769993901252747,-2,1,7,1971.1864013671875
10,-0.5121951219512195,0.28958162665367126,-2,1,7,1971.1864013671875
11,-0.46341463414634143,0.30366072058677673,-2,1,7,1971.1864013671875
12,-0.41463414634146334,0.4477423429489136,-2,1,7,1971.1864013671875
13,-0.36585365853658536,0.16933566331863403,-2,1,7,1971.1864013671875
14,-0.31707317073170727,0.005925547797232866,-2,1,7,1971.1864013671875
15,-0.2682926829268293,0.020115617662668228,-2,1,7,1971.1864013671875
16,-0.2195121951219512,0.00028973925509490073,-2,1,7,1971.1864013671875
17,-0.1707317073170731,0.00832471251487732,-2,1,7,1971.1864013671875
18,-0.12195121951219512,0.011057769879698753,-2,1,7,1971.1864013671875
19,-0.07317073170731703,0.009429286234080791,-2,1,7,1971.1864013671875
20,-0.024390243902439046,9.061709715751931e-05,-2,1,7,1971.1864013671875
21,0.024390243902439046,0.00032492208993062377,-2,1,7,1971.1864013671875
22,0.07317073170731714,0.0015640156343579292,-2,1,7,1971.1864013671875
23,0.12195121951219523,0.004090403206646442,-2,1,7,1971.1864013671875
24,0.17073170731707332,0.0028140004724264145,-2,1,7,1971.1864013671875
25,0.2195121951219512,0.0007844366482459009,-2,1,7,1971.1864013671875
26,0.2682926829268293,0.000508402765262872,-2,1,7,1971.1864013671875
27,0.3170731707317074,0.0009559684549458325,-2,1,7,1971.1864013671875
28,0.36585365853658547,0.0017676621209830046,-2,1,7,1971.1864013671875
29,0.41463414634146356,0.001677235122770071,-2,1,7,1971.1864013671875
30,0.46341463414634143,0.00013420431059785187,-2,1,7,1971.1864013671875
31,0.5121951219512195,0.0005371827282942832,-2,1,7,1971.1864013671875
32,0.5609756097560976,0.0006018567364662886,-2,1,7,1971.1864013671875
33,0.6097560975609757,0.0013154816115275025,-2,1,7,1971.1864013671875
34,0.6585365853658538,0.0008356278412975371,-2,1,7,1971.1864013671875
35,0.7073170731707317,0.0003571263514459133,-2,1,7,1971.1864013671875
36,0.7560975609756098,0.0003406134492252022,-2,1,7,1971.1864013671875
37,0.8048780487804879,0.0003981209883932024,-2,1,7,1971.1864013671875
38,0.853658536585366,0.0008229929371736944,-2,1,7,1971.1864013671875
39,0.902439024390244,0.000565382419154048,-2,1,7,1971.1864013671875
40,0.9512195121951219,0.000356142467353493,-2,1,7,1971.1864013671875
41,1.0,5.053783388575539e-05,-2,1,7,1971.1864013671875
0,-1.0,4.250572146702325e-06,-2,4,8,1971.1864013671875
1,-0.9512195121951219,2.0067755031050183e-05,-2,4,8,1971.1864013671875
2,-0.9024390243902439,2.3386715838569216e-05,-2,4,8,1971.1864013671875
3,-0.8536585365853658,4.3087136873509735e-05,-2,4,8,1971.1864013671875
4,-0.8048780487804879,7.069654384395108e-05,-2,4,8,1971.1864013671875
5,-0.7560975609756098,5.4266824008664116e-05,-2,4,8,1971.1864013671875
6,-0.7073170731707317,2.9408389309537597e-05,-2,4,8,1971.1864013671875
7,-0.6585365853658536,0.0001908980484586209,-2,4,8,1971.1864013671875
8,-0.6097560975609756,0.0004480914503801614,-2,4,8,1971.1864013671875
9,-0.5609756097560976,0.0011278842575848103,-2,4,8,1971.1864013671875
10,-0.5121951219512195,0.0016604732954874635,-2,4,8,1971.1864013671875
11,-0.46341463414634143,0.002995589515194297,-2,4,8,1971.1864013671875
12,-0.41463414634146334,0.0057990155182778835,-2,4,8,1971.1864013671875
13,-0.36585365853658536,0.0035306692589074373,-2,4,8,1971.1864013671875
14,-0.31707317073170727,0.004538165405392647,-2,4,8,1971.1864013671875
15,-0.2682926829268293,0.0020479196682572365,-2,4,8,1971.1864013671875
16,-0.2195121951219512,0.0008333335281349719,-2,4,8,1971.1864013671875
17,-0.1707317073170731,0.00038729707011952996,-2,4,8,1971.1864013671875
18,-0.12195121951219512,0.0001375789288431406,-2,4,8,1971.1864013671875
19,-0.07317073170731703,1.623071511858143e-05,-2,4,8,1971.1864013671875
20,-0.024390243902439046,1.621519186301157e-05,-2,4,8,1971.1864013671875
21,0.024390243902439046,3.3855058063636534e-06,-2,4,8,1971.1864013671875
22,0.07317073170731714,1.1835991244879551e-05,-2,4,8,1971.1864013671875
23,0.12195121951219523,1.75650384335313e-05,-2,4,8,1971.1864013671875
24,0.17073170731707332,1.2168858120276127e-05,-2,4,8,1971.1864013671875
25,0.2195121951219512,3.1265985853679013e-06,-2,4,8,1971.1864013671875
26,0.2682926829268293,6.118615146988304e-06,-2,4,8,1971.1864013671875
27,0.3170731707317074,9.158644388662651e-06,-2,4,8,1971.1864013671875
28,0.36585365853658547,4.420406639837893e-06,-2,4,8,1971.1864013671875
29,0.41463414634146356,5.0134924094891176e-05,-2,4,8,1971.1864013671875
30,0.46341463414634143,3.0986338828142834e-08,-2,4,8,1971.1864013671875
31,0.5121951219512195,3.8042139749450143e-06,-2,4,8,1971.1864013671875
32,0.5609756097560976,1.4106832395555102e-06,-2,4,8,1971.1864013671875
33,0.6097560975609757,2.5195452053594636e-06,-2,4,8,1971.1864013671875
34,0.6585365853658538,3.0534247343894094e-06,-2,4,8,1971.1864013671875
35,0.7073170731707317,5.616023486254562e-07,-2,4,8,1971.1864013671875
36,0.7560975609756098,1.2825314570363844e-06,-2,4,8,1971.1864013671875
37,0.8048780487804879,2.922725741427712e-07,-2,4,8,1971.1864013671875
38,0.853658536585366,1.5930335166558507e-06,-2,4,8,1971.1864013671875
39,0.902439024390244,6.13891170360148e-05,-2,4,8,1971.1864013671875
40,0.9512195121951219,1.0454870789544657e-05,-2,4,8,1971.1864013671875
41,1.0,8.56629412737675e-06,-2,4,8,1971.1864013671875
0,-1.0,0.0,-2,6,9,1971.1864013671875
1,-0.9512195121951219,0.0,-2,6,9,1971.1864013671875
2,-0.9024390243902439,0.0,-2,6,9,1971.1864013671875
3,-0.8536585365853658,0.0,-2,6,9,1971.1864013671875
4,-0.8048780487804879,0.0,-2,6,9,1971.1864013671875
5,-0.7560975609756098,0.0,-2,6,9,1971.1864013671875
6,-0.7073170731707317,0.0,-2,6,9,1971.1864013671875
7,-0.6585365853658536,0.0,-2,6,9,1971.1864013671875
8,-0.6097560975609756,0.0,-2,6,9,1971.1864013671875
9,-0.5609756097560976,0.0,-2,6,9,1971.1864013671875
10,-0.5121951219512195,0.0,-2,6,9,1971.1864013671875
11,-0.46341463414634143,0.0,-2,6,9,1971.1864013671875
12,-0.41463414634146334,0.0,-2,6,9,1971.1864013671875
13,-0.36585365853658536,0.0,-2,6,9,1971.1864013671875
14,-0.31707317073170727,0.0,-2,6,9,1971.1864013671875
15,-0.2682926829268293,0.0,-2,6,9,1971.1864013671875
16,-0.2195121951219512,0.0,-2,6,9,1971.1864013671875
17,-0.1707317073170731,0.0,-2,6,9,1971.1864013671875
18,-0.12195121951219512,0.0,-2,6,9,1971.1864013671875
19,-0.07317073170731703,0.0,-2,6,9,1971.1864013671875
20,-0.024390243902439046,0.0,-2,6,9,1971.1864013671875
21,0.024390243902439046,1.3863403864888824e-06,-2,6,9,1971.1864013671875
22,0.07317073170731714,6.718147687934106e-06,-2,6,9,1971.1864013671875
23,0.12195121951219523,5.886116923647933e-06,-2,6,9,1971.1864013671875
24,0.17073170731707332,1.4167480912874453e-06,-2,6,9,1971.1864013671875
25,0.2195121951219512,1.245234102498216e-06,-2,6,9,1971.1864013671875
26,0.2682926829268293,1.3610437008537701e-06,-2,6,9,1971.1864013671875
27,0.3170731707317074,9.171584679279476e-06,-2,6,9,1971.1864013671875
28,0.36585365853658547,8.790545507508796e-06,-2,6,9,1971.1864013671875
29,0.41463414634146356,6.119525096437428e-06,-2,6,9,1971.1864013671875
30,0.46341463414634143,5.712072379537858e-07,-2,6,9,1971.1864013671875
31,0.5121951219512195,0.0003435072721913457,-2,6,9,1971.1864013671875
32,0.5609756097560976,4.191527477814816e-05,-2,6,9,1971.1864013671875
33,0.6097560975609757,5.774887540610507e-05,-2,6,9,1971.1864013671875
34,0.6585365853658538,2.952814793388825e-05,-2,6,9,1971.1864013671875
35,0.7073170731707317,1.9498782421578653e-05,-2,6,9,1971.1864013671875
36,0.7560975609756098,4.268198972567916e-05,-2,6,9,1971.1864013671875
37,0.8048780487804879,0.00044870752026326954,-2,6,9,1971.1864013671875
38,0.853658536585366,0.0030546195339411497,-2,6,9,1971.1864013671875
39,0.902439024390244,0.0017710032407194376,-2,6,9,1971.1864013671875
40,0.9512195121951219,4.711952351499349e-05,-2,6,9,1971.1864013671875
41,1.0,4.877333776676096e-05,-2,6,9,1971.1864013671875
0,-1.0,0.0,-2,7,9,1971.1864013671875
1,-0.9512195121951219,0.0,-2,7,9,1971.1864013671875
2,-0.9024390243902439,0.0,-2,7,9,1971.1864013671875
3,-0.8536585365853658,0.0,-2,7,9,1971.1864013671875
4,-0.8048780487804879,0.0,-2,7,9,1971.1864013671875
5,-0.7560975609756098,0.0,-2,7,9,1971.1864013671875
6,-0.7073170731707317,0.0,-2,7,9,1971.1864013671875
7,-0.6585365853658536,0.0,-2,7,9,1971.1864013671875
8,-0.6097560975609756,0.0,-2,7,9,1971.1864013671875
9,-0.5609756097560976,0.0,-2,7,9,1971.1864013671875
10,-0.5121951219512195,2.84929592453409e-06,-2,7,9,1971.1864013671875
11,-0.46341463414634143,2.9559755603258964e-06,-2,7,9,1971.1864013671875
12,-0.41463414634146334,2.024906507358537e-06,-2,7,9,1971.1864013671875
13,-0.36585365853658536,6.029998758094735e-07,-2,7,9,1971.1864013671875
14,-0.31707317073170727,1.3002265859540785e-06,-2,7,9,1971.1864013671875
15,-0.2682926829268293,1.050127480084484e-06,-2,7,9,1971.1864013671875
16,-0.2195121951219512,1.391969249198155e-06,-2,7,9,1971.1864013671875
17,-0.1707317073170731,9.531078148938832e-08,-2,7,9,1971.1864013671875
18,-0.12195121951219512,1.0770278180416426e-07,-2,7,9,1971.1864013671875
19,-0.07317073170731703,8.977865036285948e-06,-2,7,9,1971.1864013671875
20,-0.024390243902439046,1.0062935871246736e-06,-2,7,9,1971.1864013671875
21,0.024390243902439046,3.051343355764402e-07,-2,7,9,1971.1864013671875
22,0.07317073170731714,1.1565173736016732e-05,-2,7,9,1971.1864013671875
23,0.12195121951219523,2.928716094174888e-05,-2,7,9,1971.1864013671875
24,0.17073170731707332,2.570601736806566e-06,-2,7,9,1971.1864013671875
25,0.2195121951219512,5.6394357670797035e-05,-2,7,9,1971.1864013671875
26,0.2682926829268293,5.230127953836927e-06,-2,7,9,1971.1864013671875
27,0.3170731707317074,7.810486977177789e-07,-2,7,9,1971.1864013671875
28,0.36585365853658547,2.960253198125429e-07,-2,7,9,1971.1864013671875
29,0.41463414634146356,5.720208719139919e-06,-2,7,9,1971.1864013671875
30,0.46341463414634143,3.6005201309308177e-07,-2,7,9,1971.1864013671875
31,0.5121951219512195,1.3099422631057678e-06,-2,7,9,1971.1864013671875
32,0.5609756097560976,1.3218949561633053e-06,-2,7,9,1971.1864013671875
33,0.6097560975609757,5.317605769050715e-07,-2,7,9,1971.1864013671875
34,0.6585365853658538,1.7199546675783495e-08,-2,7,9,1971.1864013671875
35,0.7073170731707317,1.501718287499898e-07,-2,7,9,1971.1864013671875
36,0.7560975609756098,2.882704279727477e-07,-2,7,9,1971.1864013671875
37,0.8048780487804879,2.567541741882451e-06,-2,7,9,1971.1864013671875
38,0.853658536585366,2.768368176475633e-06,-2,7,9,1971.1864013671875
39,0.902439024390244,2.1286296032485552e-06,-2,7,9,1971.1864013671875
40,0.9512195121951219,0.0,-2,7,9,1971.1864013671875
41,1.0,0.0,-2,7,9,1971.1864013671875
0,-1.0,0.0,-1,-9,-2,1971.1864013671875
1,-0.9512195121951219,0.0,-1,-9,-2,1971.1864013671875
2,-0.9024390243902439,0.0,-1,-9,-2,1971.1864013671875
3,-0.8536585365853658,0.0,-1,-9,-2,1971.1864013671875
4,-0.8048780487804879,0.0,-1,-9,-2,1971.1864013671875
5,-0.7560975609756098,0.0,-1,-9,-2,1971.1864013671875
6,-0.7073170731707317,0.0,-1,-9,-2,1971.1864013671875
7,-0.6585365853658536,0.0,-1,-9,-2,1971.1864013671875
8,-0.6097560975609756,0.0,-1,-9,-2,1971.1864013671875
9,-0.5609756097560976,0.0,-1,-9,-2,1971.1864013671875
10,-0.5121951219512195,0.0,-1,-9,-2,1971.1864013671875
11,-0.46341463414634143,0.0,-1,-9,-2,1971.1864013671875
12,-0.41463414634146334,0.0,-1,-9,-2,1971.1864013671875
13,-0.36585365853658536,0.0,-1,-9,-2,1971.1864013671875
14,-0.31707317073170727,0.0,-1,-9,-2,1971.1864013671875
15,-0.2682926829268293,0.0,-1,-9,-2,1971.1864013671875
16,-0.2195121951219512,0.0,-1,-9,-2,1971.1864013671875
17,-0.1707317073170731,0.0,-1,-9,-2,1971.1864013671875
18,-0.12195121951219512,0.0,-1,-9,-2,1971.1864013671875
19,-0.07317073170731703,0.0,-1,-9,-2,1971.1864013671875
20,-0.024390243902439046,0.0,-1,-9,-2,1971.1864013671875
21,0.024390243902439046,1.4201649491951684e-06,-1,-9,-2,1971.1864013671875
22,0.07317073170731714,6.722502803313546e-07,-1,-9,-2,1971.1864013671875
23,0.12195121951219523,1.3563164429797325e-05,-1,-9,-2,1971.1864013671875
24,0.17073170731707332,8.641169415568584e-07,-1,-9,-2,1971.1864013671875
25,0.2195121951219512,1.2592108760145493e-06,-1,-9,-2,1971.1864013671875
26,0.2682926829268293,6.489750035143516e-07,-1,-9,-2,1971.1864013671875
27,0.3170731707317074,1.7628117348067462e-05,-1,-9,-2,1971.1864013671875
28,0.36585365853658547,3.0782587145949947e-06,-1,-9,-2,1971.1864013671875
29,0.41463414634146356,1.498714573244797e-05,-1,-9,-2,1971.1864013671875
30,0.46341463414634143,3.5194578231312335e-05,-1,-9,-2,1971.1864013671875
31,0.5121951219512195,0.0005219960585236549,-1,-9,-2,1971.1864013671875
32,0.5609756097560976,5.418179171101656e-06,-1,-9,-2,1971.1864013671875
33,0.6097560975609757,1.439847892470425e-05,-1,-9,-2,1971.1864013671875
34,0.6585365853658538,8.101497951429337e-05,-1,-9,-2,1971.1864013671875
35,0.7073170731707317,5.753709046985023e-07,-1,-9,-2,1971.1864013671875
36,0.7560975609756098,1.4020791923030629e-06,-1,-9,-2,1971.1864013671875
37,0.8048780487804879,1.743830694067583e-06,-1,-9,-2,1971.1864013671875
38,0.853658536585366,1.732340422222478e-07,-1,-9,-2,1971.1864013671875
39,0.902439024390244,1.372628730678116e-06,-1,-9,-2,1971.1864013671875
40,0.9512195121951219,3.0753128044125333e-07,-1,-9,-2,1971.1864013671875
41,1.0,0.0,-1,-9,-2,1971.1864013671875
0,-1.0,4.574806951040955e-07,-1,-9,-1,1971.1864013671875
1,-0.9512195121951219,6.91587138135219e-06,-1,-9,-1,1971.1864013671875
2,-0.9024390243902439,1.1067135119446903e-06,-1,-9,-1,1971.1864013671875
3,-0.8536585365853658,2.3668044377700426e-05,-1,-9,-1,1971.1864013671875
4,-0.8048780487804879,0.00916075985878706,-1,-9,-1,1971.1864013671875
5,-0.7560975609756098,1.0553974334470695e-06,-1,-9,-1,1971.1864013671875
6,-0.7073170731707317,2.078698116747546e-06,-1,-9,-1,1971.1864013671875
7,-0.6585365853658536,3.9399100160153466e-07,-1,-9,-1,1971.1864013671875
8,-0.6097560975609756,2.037181729974691e-06,-1,-9,-1,1971.1864013671875
9,-0.5609756097560976,2.4924381705204723e-06,-1,-9,-1,1971.1864013671875
10,-0.5121951219512195,8.554280839234707e-07,-1,-9,-1,1971.1864013671875
11,-0.46341463414634143,4.8231004967647095e-08,-1,-9,-1,1971.1864013671875
12,-0.41463414634146334,3.3962572842938243e-07,-1,-9,-1,1971.1864013671875
13,-0.36585365853658536,4.535198968369514e-06,-1,-9,-1,1971.1864013671875
14,-0.31707317073170727,6.646850124525372e-06,-1,-9,-1,1971.1864013671875
15,-0.2682926829268293,0.0,-1,-9,-1,1971.1864013671875
16,-0.2195121951219512,0.0,-1,-9,-1,1971.1864013671875
17,-0.1707317073170731,0.0,-1,-9,-1,1971.1864013671875
18,-0.12195121951219512,0.0,-1,-9,-1,1971.1864013671875
19,-0.07317073170731703,0.0,-1,-9,-1,1971.1864013671875
20,-0.024390243902439046,0.0,-1,-9,-1,1971.1864013671875
21,0.024390243902439046,0.0,-1,-9,-1,1971.1864013671875
22,0.07317073170731714,0.0,-1,-9,-1,1971.1864013671875
23,0.12195121951219523,0.0,-1,-9,-1,1971.1864013671875
24,0.17073170731707332,0.0,-1,-9,-1,1971.1864013671875
25,0.2195121951219512,0.0,-1,-9,-1,1971.1864013671875
26,0.2682926829268293,0.0,-1,-9,-1,1971.1864013671875
27,0.3170731707317074,0.0,-1,-9,-1,1971.1864013671875
28,0.36585365853658547,0.0,-1,-9,-1,1971.1864013671875
29,0.41463414634146356,0.0,-1,-9,-1,1971.1864013671875
30,0.46341463414634143,0.0,-1,-9,-1,1971.1864013671875
31,0.5121951219512195,0.0,-1,-9,-1,1971.1864013671875
32,0.5609756097560976,0.0,-1,-9,-1,1971.1864013671875
33,0.6097560975609757,0.0,-1,-9,-1,1971.1864013671875
34,0.6585365853658538,0.0,-1,-9,-1,1971.1864013671875
35,0.7073170731707317,0.0,-1,-9,-1,1971.1864013671875
36,0.7560975609756098,0.0,-1,-9,-1,1971.1864013671875
37,0.8048780487804879,0.0,-1,-9,-1,1971.1864013671875
38,0.853658536585366,0.0,-1,-9,-1,1971.1864013671875
39,0.902439024390244,0.0,-1,-9,-1,1971.1864013671875
40,0.9512195121951219,0.0,-1,-9,-1,1971.1864013671875
41,1.0,0.0,-1,-9,-1,1971.1864013671875
0,-1.0,0.0,-1,-8,-1,1971.1864013671875
1,-0.9512195121951219,0.0,-1,-8,-1,1971.1864013671875
2,-0.9024390243902439,0.0,-1,-8,-1,1971.1864013671875
3,-0.8536585365853658,0.0,-1,-8,-1,1971.1864013671875
4,-0.8048780487804879,0.0,-1,-8,-1,1971.1864013671875
5,-0.7560975609756098,0.0,-1,-8,-1,1971.1864013671875
6,-0.7073170731707317,0.0,-1,-8,-1,1971.1864013671875
7,-0.6585365853658536,0.0,-1,-8,-1,1971.1864013671875
8,-0.6097560975609756,0.0,-1,-8,-1,1971.1864013671875
9,-0.5609756097560976,0.0,-1,-8,-1,1971.1864013671875
10,-0.5121951219512195,0.0,-1,-8,-1,1971.1864013671875
11,-0.46341463414634143,2.2020338974471088e-07,-1,-8,-1,1971.1864013671875
12,-0.41463414634146334,3.793878420310648e-07,-1,-8,-1,1971.1864013671875
13,-0.36585365853658536,3.021271822944982e-06,-1,-8,-1,1971.1864013671875
14,-0.31707317073170727,2.6580746634863317e-06,-1,-8,-1,1971.1864013671875
15,-0.2682926829268293,3.816744538198691e-07,-1,-8,-1,1971.1864013671875
16,-0.2195121951219512,3.239352054151823e-06,-1,-8,-1,1971.1864013671875
17,-0.1707317073170731,4.917751357425004e-05,-1,-8,-1,1971.1864013671875
18,-0.12195121951219512,6.252389994187979e-06,-1,-8,-1,1971.1864013671875
19,-0.07317073170731703,4.231627826811746e-06,-1,-8,-1,1971.1864013671875
20,-0.024390243902439046,1.552912908664439e-05,-1,-8,-1,1971.1864013671875
21,0.024390243902439046,0.00012314019841142,-1,-8,-1,1971.1864013671875
22,0.07317073170731714,0.0008016490610316396,-1,-8,-1,1971.1864013671875
23,0.12195121951219523,0.0007749096257612109,-1,-8,-1,1971.1864013671875
24,0.17073170731707332,3.7860085285501555e-05,-1,-8,-1,1971.1864013671875
25,0.2195121951219512,8.673794582136907e-06,-1,-8,-1,1971.1864013671875
26,0.2682926829268293,5.550982677959837e-06,-1,-8,-1,1971.1864013671875
27,0.3170731707317074,1.3291389223013539e-05,-1,-8,-1,1971.1864013671875
28,0.36585365853658547,1.3964988738734974e-06,-1,-8,-1,1971.1864013671875
29,0.41463414634146356,7.41923258829047e-06,-1,-8,-1,1971.1864013671875
30,0.46341463414634143,4.938784968544496e-06,-1,-8,-1,1971.1864013671875
31,0.5121951219512195,1.1360923508618725e-06,-1,-8,-1,1971.1864013671875
32,0.5609756097560976,3.1847516765992623e-06,-1,-8,-1,1971.1864013671875
33,0.6097560975609757,1.46433808367874e-06,-1,-8,-1,1971.1864013671875
34,0.6585365853658538,3.7527559015870793e-06,-1,-8,-1,1971.1864013671875
35,0.7073170731707317,0.0,-1,-8,-1,1971.1864013671875
36,0.7560975609756098,0.0,-1,-8,-1,1971.1864013671875
37,0.8048780487804879,0.0,-1,-8,-1,1971.1864013671875
38,0.853658536585366,0.0,-1,-8,-1,1971.1864013671875
39,0.902439024390244,0.0,-1,-8,-1,1971.1864013671875
40,0.9512195121951219,0.0,-1,-8,-1,1971.1864013671875
41,1.0,0.0,-1,-8,-1,1971.1864013671875
0,-1.0,2.7700832561095012e-06,-1,-7,0,1971.1864013671875
1,-0.9512195121951219,7.783858563925605e-06,-1,-7,0,1971.1864013671875
2,-0.9024390243902439,1.10666851469432e-05,-1,-7,0,1971.1864013671875
3,-0.8536585365853658,3.696008934639394e-05,-1,-7,0,1971.1864013671875
4,-0.8048780487804879,1.3666109452969977e-06,-1,-7,0,1971.1864013671875
5,-0.7560975609756098,3.239831858081743e-05,-1,-7,0,1971.1864013671875
6,-0.7073170731707317,4.579352662403835e-06,-1,-7,0,1971.1864013671875
7,-0.6585365853658536,1.4904290992490132e-06,-1,-7,0,1971.1864013671875
8,-0.6097560975609756,1.2507777682913002e-05,-1,-7,0,1971.1864013671875
9,-0.5609756097560976,0.00013942146324552596,-1,-7,0,1971.1864013671875
10,-0.5121951219512195,0.0024136218708008528,-1,-7,0,1971.1864013671875
11,-0.46341463414634143,0.0025904509238898754,-1,-7,0,1971.1864013671875
12,-0.41463414634146334,8.929230534704402e-05,-1,-7,0,1971.1864013671875
13,-0.36585365853658536,0.00034051164402626455,-1,-7,0,1971.1864013671875
14,-0.31707317073170727,0.0003418227715883404,-1,-7,0,1971.1864013671875
15,-0.2682926829268293,4.803992123925127e-05,-1,-7,0,1971.1864013671875
16,-0.2195121951219512,2.2062400603317656e-05,-1,-7,0,1971.1864013671875
17,-0.1707317073170731,4.339278530096635e-05,-1,-7,0,1971.1864013671875
18,-0.12195121951219512,2.9823552267771447e-06,-1,-7,0,1971.1864013671875
19,-0.07317073170731703,1.8509295784951973e-07,-1,-7,0,1971.1864013671875
20,-0.024390243902439046,3.258521701354766e-07,-1,-7,0,1971.1864013671875
21,0.024390243902439046,6.336363185255323e-06,-1,-7,0,1971.1864013671875
22,0.07317073170731714,5.895641152164899e-06,-1,-7,0,1971.1864013671875
23,0.12195121951219523,2.198843503720127e-06,-1,-7,0,1971.1864013671875
24,0.17073170731707332,2.411971308902139e-06,-1,-7,0,1971.1864013671875
25,0.2195121951219512,0.0,-1,-7,0,1971.1864013671875
26,0.2682926829268293,0.0,-1,-7,0,1971.1864013671875
27,0.3170731707317074,0.0,-1,-7,0,1971.1864013671875
28,0.36585365853658547,0.0,-1,-7,0,1971.1864013671875
29,0.41463414634146356,0.0,-1,-7,0,1971.1864013671875
30,0.46341463414634143,0.0,-1,-7,0,1971.1864013671875
31,0.5121951219512195,0.0,-1,-7,0,1971.1864013671875
32,0.5609756097560976,0.0,-1,-7,0,1971.1864013671875
33,0.6097560975609757,0.0,-1,-7,0,1971.1864013671875
34,0.6585365853658538,0.0,-1,-7,0,1971.1864013671875
35,0.7073170731707317,0.0,-1,-7,0,1971.1864013671875
36,0.7560975609756098,0.0,-1,-7,0,1971.1864013671875
37,0.8048780487804879,0.0,-1,-7,0,1971.1864013671875
38,0.853658536585366,0.0,-1,-7,0,1971.1864013671875
39,0.902439024390244,0.0,-1,-7,0,1971.1864013671875
40,0.9512195121951219,0.0,-1,-7,0,1971.1864013671875
41,1.0,0.0,-1,-7,0,1971.1864013671875
0,-1.0,0.0,-1,-6,0,1971.1864013671875
1,-0.9512195121951219,0.0,-1,-6,0,1971.1864013671875
2,-0.9024390243902439,0.0,-1,-6,0,1971.1864013671875
3,-0.8536585365853658,0.0,-1,-6,0,1971.1864013671875
4,-0.8048780487804879,0.0,-1,-6,0,1971.1864013671875
5,-0.7560975609756098,0.0,-1,-6,0,1971.1864013671875
6,-0.7073170731707317,0.0,-1,-6,0,1971.1864013671875
7,-0.6585365853658536,0.0,-1,-6,0,1971.1864013671875
8,-0.6097560975609756,0.0,-1,-6,0,1971.1864013671875
9,-0.5609756097560976,0.0,-1,-6,0,1971.1864013671875
10,-0.5121951219512195,0.0,-1,-6,0,1971.1864013671875
11,-0.46341463414634143,0.0,-1,-6,0,1971.1864013671875
12,-0.41463414634146334,0.0,-1,-6,0,1971.1864013671875
13,-0.36585365853658536,0.0,-1,-6,0,1971.1864013671875
14,-0.31707317073170727,0.0,-1,-6,0,1971.1864013671875
15,-0.2682926829268293,0.0,-1,-6,0,1971.1864013671875
16,-0.2195121951219512,0.0,-1,-6,0,1971.1864013671875
17,-0.1707317073170731,0.0,-1,-6,0,1971.1864013671875
18,-0.12195121951219512,0.0,-1,-6,0,1971.1864013671875
19,-0.07317073170731703,6.9455322773137596e-06,-1,-6,0,1971.1864013671875
20,-0.024390243902439046,1.599481220182497e-05,-1,-6,0,1971.1864013671875
21,0.024390243902439046,1.0061763532576151e-05,-1,-6,0,1971.1864013671875
22,0.07317073170731714,7.343172183027491e-05,-1,-6,0,1971.1864013671875
23,0.12195121951219523,9.983053132600617e-06,-1,-6,0,1971.1864013671875
24,0.17073170731707332,6.684068648610264e-05,-1,-6,0,1971.1864013671875
25,0.2195121951219512,4.106566962036595e-07,-1,-6,0,1971.1864013671875
26,0.2682926829268293,7.928645209176466e-05,-1,-6,0,1971.1864013671875
27,0.3170731707317074,1.2311925274843816e-05,-1,-6,0,1971.1864013671875
28,0.36585365853658547,3.3743694075383246e-05,-1,-6,0,1971.1864013671875
29,0.41463414634146356,7.51298139221035e-05,-1,-6,0,1971.1864013671875
30,0.46341463414634143,2.820164263539482e-05,-1,-6,0,1971.1864013671875
31,0.5121951219512195,0.00030380705720745027,-1,-6,0,1971.1864013671875
32,0.5609756097560976,0.00015105465718079358,-1,-6,0,1971.1864013671875
33,0.6097560975609757,0.0026912984903901815,-1,-6,0,1971.1864013671875
34,0.6585365853658538,0.19350363314151764,-1,-6,0,1971.1864013671875
35,0.7073170731707317,0.0029249589424580336,-1,-6,0,1971.1864013671875
36,0.7560975609756098,0.0005107366014271975,-1,-6,0,1971.1864013671875
37,0.8048780487804879,0.00025886896764859557,-1,-6,0,1971.1864013671875
38,0.853658536585366,9.57692554948153e-06,-1,-6,0,1971.1864013671875
39,0.902439024390244,8.611966040916741e-05,-1,-6,0,1971.1864013671875
40,0.9512195121951219,4.5417727960739285e-06,-1,-6,0,1971.1864013671875
41,1.0,3.518956873449497e-05,-1,-6,0,1971.1864013671875
0,-1.0,3.121428380836733e-05,-1,-5,1,1971.1864013671875
1,-0.9512195121951219,1.933668136189226e-05,-1,-5,1,1971.1864013671875
2,-0.9024390243902439,2.887092159653548e-05,-1,-5,1,1971.1864013671875
3,-0.8536585365853658,1.3885872931496124e-06,-1,-5,1,1971.1864013671875
4,-0.8048780487804879,7.040459422569256e-06,-1,-5,1,1971.1864013671875
5,-0.7560975609756098,0.00011523673310875893,-1,-5,1,1971.1864013671875
6,-0.7073170731707317,2.1514977106562583e-06,-1,-5,1,1971.1864013671875
7,-0.6585365853658536,4.131983587285504e-05,-1,-5,1,1971.1864013671875
8,-0.6097560975609756,0.00010884662333410233,-1,-5,1,1971.1864013671875
9,-0.5609756097560976,8.085691661108285e-06,-1,-5,1,1971.1864013671875
10,-0.5121951219512195,0.00011630924564087763,-1,-5,1,1971.1864013671875
11,-0.46341463414634143,7.629468018421903e-05,-1,-5,1,1971.1864013671875
12,-0.41463414634146334,0.00010554004256846383,-1,-5,1,1971.1864013671875
13,-0.36585365853658536,5.750565105699934e-05,-1,-5,1,1971.1864013671875
14,-0.31707317073170727,0.0023881325032562017,-1,-5,1,1971.1864013671875
15,-0.2682926829268293,0.003835293697193265,-1,-5,1,1971.1864013671875
16,-0.2195121951219512,0.024254893884062767,-1,-5,1,1971.1864013671875
17,-0.1707317073170731,0.1808222234249115,-1,-5,1,1971.1864013671875
18,-0.12195121951219512,0.014029343612492085,-1,-5,1,1971.1864013671875
19,-0.07317073170731703,0.0016748394118621945,-1,-5,1,1971.1864013671875
20,-0.024390243902439046,0.00044772253022529185,-1,-5,1,1971.1864013671875
21,0.024390243902439046,0.00015496146806981415,-1,-5,1,1971.1864013671875
22,0.07317073170731714,0.0002200891321990639,-1,-5,1,1971.1864013671875
23,0.12195121951219523,9.348853927804157e-05,-1,-5,1,1971.1864013671875
24,0.17073170731707332,0.00020449016301427037,-1,-5,1,1971.1864013671875
25,0.2195121951219512,0.00019323236483614892,-1,-5,1,1971.1864013671875
26,0.2682926829268293,0.0001301273878198117,-1,-5,1,1971.1864013671875
27,0.3170731707317074,9.810760820982978e-05,-1,-5,1,1971.1864013671875
28,0.36585365853658547,4.668920882977545e-05,-1,-5,1,1971.1864013671875
29,0.41463414634146356,6.992869748501107e-05,-1,-5,1,1971.1864013671875
30,0.46341463414634143,2.6226807676721364e-05,-1,-5,1,1971.1864013671875
31,0.5121951219512195,2.052682793873828e-05,-1,-5,1,1971.1864013671875
32,0.5609756097560976,2.808135650411714e-05,-1,-5,1,1971.1864013671875
33,0.6097560975609757,5.605375008599367e-06,-1,-5,1,1971.1864013671875
34,0.6585365853658538,0.0001952088496182114,-1,-5,1,1971.1864013671875
35,0.7073170731707317,4.315379192121327e-05,-1,-5,1,1971.1864013671875
36,0.7560975609756098,0.0,-1,-5,1,1971.1864013671875
37,0.8048780487804879,0.0,-1,-5,1,1971.1864013671875
38,0.853658536585366,0.0,-1,-5,1,1971.1864013671875
39,0.902439024390244,0.0,-1,-5,1,1971.1864013671875
40,0.9512195121951219,0.0,-1,-5,1,1971.1864013671875
41,1.0,0.0,-1,-5,1,1971.1864013671875
0,-1.0,7.070473657222465e-05,-1,-3,2,1971.1864013671875
1,-0.9512195121951219,3.931988248950802e-05,-1,-3,2,1971.1864013671875
2,-0.9024390243902439,0.00023020702064968646,-1,-3,2,1971.1864013671875
3,-0.8536585365853658,8.291309495689347e-05,-1,-3,2,1971.1864013671875
4,-0.8048780487804879,5.1514307415345684e-05,-1,-3,2,1971.1864013671875
5,-0.7560975609756098,0.00022063625510782003,-1,-3,2,1971.1864013671875
6,-0.7073170731707317,0.0003648246929515153,-1,-3,2,1971.1864013671875
7,-0.6585365853658536,0.00018752773758023977,-1,-3,2,1971.1864013671875
8,-0.6097560975609756,0.000454881286714226,-1,-3,2,1971.1864013671875
9,-0.5609756097560976,0.00043503710185177624,-1,-3,2,1971.1864013671875
10,-0.5121951219512195,5.6075565225910395e-05,-1,-3,2,1971.1864013671875
11,-0.46341463414634143,0.00011853828618768603,-1,-3,2,1971.1864013671875
12,-0.41463414634146334,0.00030990151572041214,-1,-3,2,1971.1864013671875
13,-0.36585365853658536,0.0003556013689376414,-1,-3,2,1971.1864013671875
14,-0.31707317073170727,0.0011766351526603103,-1,-3,2,1971.1864013671875
15,-0.2682926829268293,0.0022200183011591434,-1,-3,2,1971.1864013671875
16,-0.2195121951219512,0.0006679057260043919,-1,-3,2,1971.1864013671875
17,-0.1707317073170731,0.0001662597933318466,-1,-3,2,1971.1864013671875
18,-0.12195121951219512,0.0070108347572386265,-1,-3,2,1971.1864013671875
19,-0.07317073170731703,0.011731059290468693,-1,-3,2,1971.1864013671875
20,-0.024390243902439046,0.00010556480992818251,-1,-3,2,1971.1864013671875
21,0.024390243902439046,0.38297775387763977,-1,-3,2,1971.1864013671875
22,0.07317073170731714,0.04832033812999725,-1,-3,2,1971.1864013671875
23,0.12195121951219523,0.0024114754050970078,-1,-3,2,1971.1864013671875
24,0.17073170731707332,0.0067282323725521564,-1,-3,2,1971.1864013671875
25,0.2195121951219512,0.0005927239544689655,-1,-3,2,1971.1864013671875
26,0.2682926829268293,0.00046227549319155514,-1,-3,2,1971.1864013671875
27,0.3170731707317074,5.41103545401711e-05,-1,-3,2,1971.1864013671875
28,0.36585365853658547,0.0009753818158060312,-1,-3,2,1971.1864013671875
29,0.41463414634146356,0.0005261628539301455,-1,-3,2,1971.1864013671875
30,0.46341463414634143,0.0006486455677077174,-1,-3,2,1971.1864013671875
31,0.5121951219512195,0.00043906160863116384,-1,-3,2,1971.1864013671875
32,0.5609756097560976,0.0003520572208799422,-1,-3,2,1971.1864013671875
33,0.6097560975609757,0.00026160659035667777,-1,-3,2,1971.1864013671875
34,0.6585365853658538,0.00018160499166697264,-1,-3,2,1971.1864013671875
35,0.7073170731707317,0.00031395029509440064,-1,-3,2,1971.1864013671875
36,0.7560975609756098,3.861257937387563e-05,-1,-3,2,1971.1864013671875
37,0.8048780487804879,6.625648529734462e-05,-1,-3,2,1971.1864013671875
38,0.853658536585366,0.00022198363149072975,-1,-3,2,1971.1864013671875
39,0.902439024390244,0.00010246874444419518,-1,-3,2,1971.1864013671875
40,0.9512195121951219,2.4156706786016002e-05,-1,-3,2,1971.1864013671875
41,1.0,0.00017784835654310882,-1,-3,2,1971.1864013671875
0,-1.0,0.002119950018823147,-1,-1,3,1971.1864013671875
1,-0.9512195121951219,0.00013466982636600733,-1,-1,3,1971.1864013671875
2,-0.9024390243902439,0.0029386712703853846,-1,-1,3,1971.1864013671875
3,-0.8536585365853658,0.00018984627968166023,-1,-1,3,1971.1864013671875
4,-0.8048780487804879,0.005834035109728575,-1,-1,3,1971.1864013671875
5,-0.7560975609756098,0.0036165076307952404,-1,-1,3,1971.1864013671875
6,-0.7073170731707317,0.0036365429405122995,-1,-1,3,1971.1864013671875
7,-0.6585365853658536,0.0010627192677929997,-1,-1,3,1971.1864013671875
8,-0.6097560975609756,0.004691945388913155,-1,-1,3,1971.1864013671875
9,-0.5609756097560976,0.010579383000731468,-1,-1,3,1971.1864013671875
10,-0.5121951219512195,0.000298838596791029,-1,-1,3,1971.1864013671875
11,-0.46341463414634143,0.09301240742206573,-1,-1,3,1971.1864013671875
12,-0.41463414634146334,0.12422002106904984,-1,-1,3,1971.1864013671875
13,-0.36585365853658536,0.7070600986480713,-1,-1,3,1971.1864013671875
14,-0.31707317073170727,0.32739776372909546,-1,-1,3,1971.1864013671875
15,-0.2682926829268293,0.0005231032846495509,-1,-1,3,1971.1864013671875
16,-0.2195121951219512,0.07301231473684311,-1,-1,3,1971.1864013671875
17,-0.1707317073170731,0.0006757515366189182,-1,-1,3,1971.1864013671875
18,-0.12195121951219512,0.015876248478889465,-1,-1,3,1971.1864013671875
19,-0.07317073170731703,0.001846213941462338,-1,-1,3,1971.1864013671875
20,-0.024390243902439046,0.010294396430253983,-1,-1,3,1971.1864013671875
21,0.024390243902439046,0.002139251446351409,-1,-1,3,1971.1864013671875
22,0.07317073170731714,0.00678310077637434,-1,-1,3,1971.1864013671875
23,0.12195121951219523,0.0005599584546871483,-1,-1,3,1971.1864013671875
24,0.17073170731707332,0.00444338284432888,-1,-1,3,1971.1864013671875
25,0.2195121951219512,0.00020781006605830044,-1,-1,3,1971.1864013671875
26,0.2682926829268293,0.003213141579180956,-1,-1,3,1971.1864013671875
27,0.3170731707317074,0.0008359312196262181,-1,-1,3,1971.1864013671875
28,0.36585365853658547,0.0021208967082202435,-1,-1,3,1971.1864013671875
29,0.41463414634146356,3.42662024195306e-05,-1,-1,3,1971.1864013671875
30,0.46341463414634143,0.0023605444002896547,-1,-1,3,1971.1864013671875
31,0.5121951219512195,0.000740549061447382,-1,-1,3,1971.1864013671875
32,0.5609756097560976,0.0013971751322969794,-1,-1,3,1971.1864013671875
33,0.6097560975609757,0.00019558935309760273,-1,-1,3,1971.1864013671875
34,0.6585365853658538,0.0009323469712398946,-1,-1,3,1971.1864013671875
35,0.7073170731707317,0.00026008932036347687,-1,-1,3,1971.1864013671875
36,0.7560975609756098,0.00041977743967436254,-1,-1,3,1971.1864013671875
37,0.8048780487804879,0.00021565487259067595,-1,-1,3,1971.1864013671875
38,0.853658536585366,0.0011536780511960387,-1,-1,3,1971.1864013671875
39,0.902439024390244,0.00039545545587316155,-1,-1,3,1971.1864013671875
40,0.9512195121951219,0.0009767236188054085,-1,-1,3,1971.1864013671875
41,1.0,0.0005983699229545891,-1,-1,3,1971.1864013671875
0,-1.0,0.0,-1,4,5,1971.1864013671875
1,-0.9512195121951219,0.0,-1,4,5,1971.1864013671875
2,-0.9024390243902439,0.0,-1,4,5,1971.1864013671875
3,-0.8536585365853658,5.300891643855721e-05,-1,4,5,1971.1864013671875
4,-0.8048780487804879,1.0851929800992366e-05,-1,4,5,1971.1864013671875
5,-0.7560975609756098,5.20292041983339e-06,-1,4,5,1971.1864013671875
6,-0.7073170731707317,2.49323984462535e-05,-1,4,5,1971.1864013671875
7,-0.6585365853658536,8.521354175172746e-06,-1,4,5,1971.1864013671875
8,-0.6097560975609756,6.233309477465809e-07,-1,4,5,1971.1864013671875
9,-0.5609756097560976,6.288153963396326e-05,-1,4,5,1971.1864013671875
10,-0.5121951219512195,5.386982957134023e-05,-1,4,5,1971.1864013671875
11,-0.46341463414634143,0.00012125602370360866,-1,4,5,1971.1864013671875
12,-0.41463414634146334,4.071523289894685e-05,-1,4,5,1971.1864013671875
13,-0.36585365853658536,4.423528298502788e-05,-1,4,5,1971.1864013671875
14,-0.31707317073170727,4.1049996070796624e-05,-1,4,5,1971.1864013671875
15,-0.2682926829268293,0.0003868291969411075,-1,4,5,1971.1864013671875
16,-0.2195121951219512,2.0205041437293403e-05,-1,4,5,1971.1864013671875
17,-0.1707317073170731,0.00021332220057956874,-1,4,5,1971.1864013671875
18,-0.12195121951219512,1.109005188482115e-05,-1,4,5,1971.1864013671875
19,-0.07317073170731703,0.0001846354134613648,-1,4,5,1971.1864013671875
20,-0.024390243902439046,7.245390065691026e-07,-1,4,5,1971.1864013671875
21,0.024390243902439046,0.00021706863481085747,-1,4,5,1971.1864013671875
22,0.07317073170731714,4.896476457361132e-05,-1,4,5,1971.1864013671875
23,0.12195121951219523,0.000584096007514745,-1,4,5,1971.1864013671875
24,0.17073170731707332,2.4551643946324475e-05,-1,4,5,1971.1864013671875
25,0.2195121951219512,0.0013934160815551877,-1,4,5,1971.1864013671875
26,0.2682926829268293,8.924123903852887e-06,-1,4,5,1971.1864013671875
27,0.3170731707317074,0.00594338309019804,-1,4,5,1971.1864013671875
28,0.36585365853658547,7.463146175723523e-05,-1,4,5,1971.1864013671875
29,0.41463414634146356,0.11569565534591675,-1,4,5,1971.1864013671875
30,0.46341463414634143,0.0008245579665526748,-1,4,5,1971.1864013671875
31,0.5121951219512195,0.004112075082957745,-1,4,5,1971.1864013671875
32,0.5609756097560976,0.00010718937119236216,-1,4,5,1971.1864013671875
33,0.6097560975609757,0.0005681904731318355,-1,4,5,1971.1864013671875
34,0.6585365853658538,9.846489410847425e-05,-1,4,5,1971.1864013671875
35,0.7073170731707317,0.000350593269104138,-1,4,5,1971.1864013671875
36,0.7560975609756098,0.000295605743303895,-1,4,5,1971.1864013671875
37,0.8048780487804879,0.00019450165564194322,-1,4,5,1971.1864013671875
38,0.853658536585366,2.968712396977935e-05,-1,4,5,1971.1864013671875
39,0.902439024390244,0.00015072649694047868,-1,4,5,1971.1864013671875
40,0.9512195121951219,1.7195810869452544e-05,-1,4,5,1971.1864013671875
41,1.0,0.00012681889347732067,-1,4,5,1971.1864013671875
0,-1.0,5.606351624010131e-05,-1,5,5,1971.1864013671875
1,-0.9512195121951219,0.00011873868788825348,-1,5,5,1971.1864013671875
2,-0.9024390243902439,3.65312589565292e-05,-1,5,5,1971.1864013671875
3,-0.8536585365853658,6.1254718275449704e-06,-1,5,5,1971.1864013671875
4,-0.8048780487804879,5.464527566800825e-05,-1,5,5,1971.1864013671875
5,-0.7560975609756098,0.00018619677575770766,-1,5,5,1971.1864013671875
6,-0.7073170731707317,0.0005288521060720086,-1,5,5,1971.1864013671875
7,-0.6585365853658536,0.0008212706306949258,-1,5,5,1971.1864013671875
8,-0.6097560975609756,0.0037119591142982244,-1,5,5,1971.1864013671875
9,-0.5609756097560976,0.018922071903944016,-1,5,5,1971.1864013671875
10,-0.5121951219512195,0.0024996770080178976,-1,5,5,1971.1864013671875
11,-0.46341463414634143,0.0003792349307332188,-1,5,5,1971.1864013671875
12,-0.41463414634146334,0.0003406595205888152,-1,5,5,1971.1864013671875
13,-0.36585365853658536,8.056553633650765e-05,-1,5,5,1971.1864013671875
14,-0.31707317073170727,7.153566548367962e-05,-1,5,5,1971.1864013671875
15,-0.2682926829268293,6.4684463723097e-05,-1,5,5,1971.1864013671875
16,-0.2195121951219512,0.0005453777848742902,-1,5,5,1971.1864013671875
17,-0.1707317073170731,0.00032508064759895205,-1,5,5,1971.1864013671875
18,-0.12195121951219512,9.585818770574406e-05,-1,5,5,1971.1864013671875
19,-0.07317073170731703,0.000282294990029186,-1,5,5,1971.1864013671875
20,-0.024390243902439046,6.824151932960376e-05,-1,5,5,1971.1864013671875
21,0.024390243902439046,6.383311847457662e-05,-1,5,5,1971.1864013671875
22,0.07317073170731714,2.6143812647205777e-05,-1,5,5,1971.1864013671875
23,0.12195121951219523,1.4492135051114019e-05,-1,5,5,1971.1864013671875
24,0.17073170731707332,5.996026175125735e-06,-1,5,5,1971.1864013671875
25,0.2195121951219512,2.7531381419976242e-05,-1,5,5,1971.1864013671875
26,0.2682926829268293,3.424098758841865e-05,-1,5,5,1971.1864013671875
27,0.3170731707317074,6.642578227911144e-05,-1,5,5,1971.1864013671875
28,0.36585365853658547,5.254556526779197e-05,-1,5,5,1971.1864013671875
29,0.41463414634146356,2.338354170206003e-05,-1,5,5,1971.1864013671875
30,0.46341463414634143,8.382654414162971e-06,-1,5,5,1971.1864013671875
31,0.5121951219512195,0.0,-1,5,5,1971.1864013671875
32,0.5609756097560976,0.0,-1,5,5,1971.1864013671875
33,0.6097560975609757,0.0,-1,5,5,1971.1864013671875
34,0.6585365853658538,0.0,-1,5,5,1971.1864013671875
35,0.7073170731707317,0.0,-1,5,5,1971.1864013671875
36,0.7560975609756098,0.0,-1,5,5,1971.1864013671875
37,0.8048780487804879,0.0,-1,5,5,1971.1864013671875
38,0.853658536585366,0.0,-1,5,5,1971.1864013671875
39,0.902439024390244,0.0,-1,5,5,1971.1864013671875
40,0.9512195121951219,0.0,-1,5,5,1971.1864013671875
41,1.0,0.0,-1,5,5,1971.1864013671875
0,-1.0,0.0,-1,7,6,1971.1864013671875
1,-0.9512195121951219,0.0,-1,7,6,1971.1864013671875
2,-0.9024390243902439,0.0,-1,7,6,1971.1864013671875
3,-0.8536585365853658,0.0,-1,7,6,1971.1864013671875
4,-0.8048780487804879,0.0,-1,7,6,1971.1864013671875
5,-0.7560975609756098,0.0,-1,7,6,1971.1864013671875
6,-0.7073170731707317,0.0,-1,7,6,1971.1864013671875
7,-0.6585365853658536,0.0,-1,7,6,1971.1864013671875
8,-0.6097560975609756,0.0,-1,7,6,1971.1864013671875
9,-0.5609756097560976,0.0,-1,7,6,1971.1864013671875
10,-0.5121951219512195,0.0,-1,7,6,1971.1864013671875
11,-0.46341463414634143,0.0,-1,7,6,1971.1864013671875
12,-0.41463414634146334,0.0,-1,7,6,1971.1864013671875
13,-0.36585365853658536,0.0,-1,7,6,1971.1864013671875
14,-0.31707317073170727,0.0,-1,7,6,1971.1864013671875
15,-0.2682926829268293,0.0,-1,7,6,1971.1864013671875
16,-0.2195121951219512,0.0,-1,7,6,1971.1864013671875
17,-0.1707317073170731,0.0,-1,7,6,1971.1864013671875
18,-0.12195121951219512,3.435166036069859e-07,-1,7,6,1971.1864013671875
19,-0.07317073170731703,3.5006994494324317e-06,-1,7,6,1971.1864013671875
20,-0.024390243902439046,2.1944572381471517e-06,-1,7,6,1971.1864013671875
21,0.024390243902439046,1.4774090573155263e-07,-1,7,6,1971.1864013671875
22,0.07317073170731714,1.1715368600562215e-05,-1,7,6,1971.1864013671875
23,0.12195121951219523,6.846179530839436e-06,-1,7,6,1971.1864013671875
24,0.17073170731707332,4.154196631134255e-07,-1,7,6,1971.1864013671875
25,0.2195121951219512,1.1472590813355055e-05,-1,7,6,1971.1864013671875
26,0.2682926829268293,7.190074029495008e-06,-1,7,6,1971.1864013671875
27,0.3170731707317074,2.9478795113391243e-05,-1,7,6,1971.1864013671875
28,0.36585365853658547,8.26062387204729e-06,-1,7,6,1971.1864013671875
29,0.41463414634146356,0.00029427718254737556,-1,7,6,1971.1864013671875
30,0.46341463414634143,1.0861091141123325e-05,-1,7,6,1971.1864013671875
31,0.5121951219512195,9.888526983559132e-05,-1,7,6,1971.1864013671875
32,0.5609756097560976,0.006990681868046522,-1,7,6,1971.1864013671875
33,0.6097560975609757,0.00010355116683058441,-1,7,6,1971.1864013671875
34,0.6585365853658538,1.4485785868600942e-05,-1,7,6,1971.1864013671875
35,0.7073170731707317,3.738751183846034e-05,-1,7,6,1971.1864013671875
36,0.7560975609756098,3.4325876185903326e-05,-1,7,6,1971.1864013671875
37,0.8048780487804879,2.2473823264590465e-05,-1,7,6,1971.1864013671875
38,0.853658536585366,1.5718279655629885e-06,-1,7,6,1971.1864013671875
39,0.902439024390244,1.3478480468620546e-05,-1,7,6,1971.1864013671875
40,0.9512195121951219,1.0915422535617836e-05,-1,7,6,1971.1864013671875
41,1.0,1.034227125273901e-06,-1,7,6,1971.1864013671875
0,-1.0,0.0,-1,8,6,1971.1864013671875
1,-0.9512195121951219,0.0,-1,8,6,1971.1864013671875
2,-0.9024390243902439,0.0,-1,8,6,1971.1864013671875
3,-0.8536585365853658,0.0,-1,8,6,1971.1864013671875
4,-0.8048780487804879,0.0,-1,8,6,1971.1864013671875
5,-0.7560975609756098,0.0,-1,8,6,1971.1864013671875
6,-0.7073170731707317,0.0,-1,8,6,1971.1864013671875
7,-0.6585365853658536,0.0,-1,8,6,1971.1864013671875
8,-0.6097560975609756,0.0,-1,8,6,1971.1864013671875
9,-0.5609756097560976,0.0,-1,8,6,1971.1864013671875
10,-0.5121951219512195,9.246359127246251e-07,-1,8,6,1971.1864013671875
11,-0.46341463414634143,5.054885718891455e-07,-1,8,6,1971.1864013671875
12,-0.41463414634146334,3.699233559473214e-07,-1,8,6,1971.1864013671875
13,-0.36585365853658536,4.6732984060327e-07,-1,8,6,1971.1864013671875
14,-0.31707317073170727,2.830904861639283e-07,-1,8,6,1971.1864013671875
15,-0.2682926829268293,4.189709670754382e-06,-1,8,6,1971.1864013671875
16,-0.2195121951219512,9.99998337647412e-06,-1,8,6,1971.1864013671875
17,-0.1707317073170731,1.6849055555212544e-06,-1,8,6,1971.1864013671875
18,-0.12195121951219512,7.169891432567965e-06,-1,8,6,1971.1864013671875
19,-0.07317073170731703,1.2128706657676958e-05,-1,8,6,1971.1864013671875
20,-0.024390243902439046,3.271002788096666e-05,-1,8,6,1971.1864013671875
21,0.024390243902439046,8.870977035257965e-05,-1,8,6,1971.1864013671875
22,0.07317073170731714,0.012413635849952698,-1,8,6,1971.1864013671875
23,0.12195121951219523,1.8658553017303348e-05,-1,8,6,1971.1864013671875
24,0.17073170731707332,1.1370703987267916e-06,-1,8,6,1971.1864013671875
25,0.2195121951219512,1.088386284209264e-06,-1,8,6,1971.1864013671875
26,0.2682926829268293,1.4052365031602676e-06,-1,8,6,1971.1864013671875
27,0.3170731707317074,4.2923934415739495e-06,-1,8,6,1971.1864013671875
28,0.36585365853658547,2.4038147330429638e-06,-1,8,6,1971.1864013671875
29,0.41463414634146356,5.592545448962483e-07,-1,8,6,1971.1864013671875
30,0.46341463414634143,3.156370894430438e-06,-1,8,6,1971.1864013671875
31,0.5121951219512195,2.289822759848903e-06,-1,8,6,1971.1864013671875
32,0.5609756097560976,3.1546987884212285e-06,-1,8,6,1971.1864013671875
33,0.6097560975609757,4.765700577991083e-05,-1,8,6,1971.1864013671875
34,0.6585365853658538,4.097612873010803e-06,-1,8,6,1971.1864013671875
35,0.7073170731707317,0.0,-1,8,6,1971.1864013671875
36,0.7560975609756098,0.0,-1,8,6,1971.1864013671875
37,0.8048780487804879,0.0,-1,8,6,1971.1864013671875
38,0.853658536585366,0.0,-1,8,6,1971.1864013671875
39,0.902439024390244,0.0,-1,8,6,1971.1864013671875
40,0.9512195121951219,0.0,-1,8,6,1971.1864013671875
41,1.0,0.0,-1,8,6,1971.1864013671875
0,-1.0,0.0,-1,9,6,1971.1864013671875
1,-0.9512195121951219,0.0,-1,9,6,1971.1864013671875
2,-0.9024390243902439,0.0,-1,9,6,1971.1864013671875
3,-0.8536585365853658,0.0,-1,9,6,1971.1864013671875
4,-0.8048780487804879,1.190744924883802e-07,-1,9,6,1971.1864013671875
5,-0.7560975609756098,6.052638923392806e-08,-1,9,6,1971.1864013671875
6,-0.7073170731707317,7.810148971998387e-09,-1,9,6,1971.1864013671875
7,-0.6585365853658536,3.1402689728565747e-06,-1,9,6,1971.1864013671875
8,-0.6097560975609756,1.34517264882561e-07,-1,9,6,1971.1864013671875
9,-0.5609756097560976,3.3947094379982445e-07,-1,9,6,1971.1864013671875
10,-0.5121951219512195,1.0709121625041007e-06,-1,9,6,1971.1864013671875
11,-0.46341463414634143,2.1866152621896617e-07,-1,9,6,1971.1864013671875
12,-0.41463414634146334,5.841754955326905e-07,-1,9,6,1971.1864013671875
13,-0.36585365853658536,4.7462922339036595e-06,-1,9,6,1971.1864013671875
14,-0.31707317073170727,1.290301042899955e-05,-1,9,6,1971.1864013671875
15,-0.2682926829268293,4.555390842142515e-05,-1,9,6,1971.1864013671875
16,-0.2195121951219512,0.00015425935271196067,-1,9,6,1971.1864013671875
17,-0.1707317073170731,1.6071140862550237e-06,-1,9,6,1971.1864013671875
18,-0.12195121951219512,4.619895662472118e-06,-1,9,6,1971.1864013671875
19,-0.07317073170731703,2.0849087434271496e-07,-1,9,6,1971.1864013671875
20,-0.024390243902439046,2.0759891867783153e-06,-1,9,6,1971.1864013671875
21,0.024390243902439046,9.727517635838012e-07,-1,9,6,1971.1864013671875
22,0.07317073170731714,4.5147130549594294e-06,-1,9,6,1971.1864013671875
23,0.12195121951219523,2.492843805157463e-06,-1,9,6,1971.1864013671875
24,0.17073170731707332,4.572841021399654e-07,-1,9,6,1971.1864013671875
25,0.2195121951219512,4.025312989597296e-07,-1,9,6,1971.1864013671875
26,0.2682926829268293,2.9616234087370685e-07,-1,9,6,1971.1864013671875
27,0.3170731707317074,0.0,-1,9,6,1971.1864013671875
28,0.36585365853658547,0.0,-1,9,6,1971.1864013671875
29,0.41463414634146356,0.0,-1,9,6,1971.1864013671875
30,0.46341463414634143,0.0,-1,9,6,1971.1864013671875
31,0.5121951219512195,0.0,-1,9,6,1971.1864013671875
32,0.5609756097560976,0.0,-1,9,6,1971.1864013671875
33,0.6097560975609757,0.0,-1,9,6,1971.1864013671875
34,0.6585365853658538,0.0,-1,9,6,1971.1864013671875
35,0.7073170731707317,0.0,-1,9,6,1971.1864013671875
36,0.7560975609756098,0.0,-1,9,6,1971.1864013671875
37,0.8048780487804879,0.0,-1,9,6,1971.1864013671875
38,0.853658536585366,0.0,-1,9,6,1971.1864013671875
39,0.902439024390244,0.0,-1,9,6,1971.1864013671875
40,0.9512195121951219,0.0,-1,9,6,1971.1864013671875
41,1.0,0.0,-1,9,6,1971.1864013671875
0,-1.0,0.0,0,-9,-5,1971.1864013671875
1,-0.9512195121951219,0.0,0,-9,-5,1971.1864013671875
2,-0.9024390243902439,0.0,0,-9,-5,1971.1864013671875
3,-0.8536585365853658,0.0,0,-9,-5,1971.1864013671875
4,-0.8048780487804879,0.0,0,-9,-5,1971.1864013671875
5,-0.7560975609756098,7.305259686063437e-08,0,-9,-5,1971.1864013671875
6,-0.7073170731707317,5.098161182104377e-06,0,-9,-5,1971.1864013671875
7,-0.6585365853658536,1.8354344888393825e-07,0,-9,-5,1971.1864013671875
8,-0.6097560975609756,3.234851249089843e-07,0,-9,-5,1971.1864013671875
9,-0.5609756097560976,1.9861350608607609e-07,0,-9,-5,1971.1864013671875
10,-0.5121951219512195,2.5954223019653e-06,0,-9,-5,1971.1864013671875
11,-0.46341463414634143,3.071801984333433e-06,0,-9,-5,1971.1864013671875
12,-0.41463414634146334,4.13069392379839e-06,0,-9,-5,1971.1864013671875
13,-0.36585365853658536,3.0535452424373943e-06,0,-9,-5,1971.1864013671875
14,-0.31707317073170727,0.0004723350575659424,0,-9,-5,1971.1864013671875
15,-0.2682926829268293,0.00010146614658879116,0,-9,-5,1971.1864013671875
16,-0.2195121951219512,2.7697049517882988e-05,0,-9,-5,1971.1864013671875
17,-0.1707317073170731,6.926994046807522e-06,0,-9,-5,1971.1864013671875
18,-0.12195121951219512,5.4177588026504964e-05,0,-9,-5,1971.1864013671875
19,-0.07317073170731703,2.1854229999007657e-06,0,-9,-5,1971.1864013671875
20,-0.024390243902439046,1.8858538908261835e-07,0,-9,-5,1971.1864013671875
21,0.024390243902439046,4.0529236855491035e-08,0,-9,-5,1971.1864013671875
22,0.07317073170731714,6.536956789204851e-07,0,-9,-5,1971.1864013671875
23,0.12195121951219523,4.1782300286286045e-07,0,-9,-5,1971.1864013671875
24,0.17073170731707332,1.8734350248905685e-07,0,-9,-5,1971.1864013671875
25,0.2195121951219512,1.9246442661824403e-07,0,-9,-5,1971.1864013671875
26,0.2682926829268293,5.0574051613239135e-08,0,-9,-5,1971.1864013671875
27,0.3170731707317074,0.0,0,-9,-5,1971.1864013671875
28,0.36585365853658547,0.0,0,-9,-5,1971.1864013671875
29,0.41463414634146356,0.0,0,-9,-5,1971.1864013671875
30,0.46341463414634143,0.0,0,-9,-5,1971.1864013671875
31,0.5121951219512195,0.0,0,-9,-5,1971.1864013671875
32,0.5609756097560976,0.0,0,-9,-5,1971.1864013671875
33,0.6097560975609757,0.0,0,-9,-5,1971.1864013671875
34,0.6585365853658538,0.0,0,-9,-5,1971.1864013671875
35,0.7073170731707317,0.0,0,-9,-5,1971.1864013671875
36,0.7560975609756098,0.0,0,-9,-5,1971.1864013671875
37,0.8048780487804879,0.0,0,-9,-5,1971.1864013671875
38,0.853658536585366,0.0,0,-9,-5,1971.1864013671875
39,0.902439024390244,0.0,0,-9,-5,1971.1864013671875
40,0.9512195121951219,0.0,0,-9,-5,1971.1864013671875
41,1.0,0.0,0,-9,-5,1971.1864013671875
0,-1.0,0.0,0,-8,-5,1971.1864013671875
1,-0.9512195121951219,0.0,0,-8,-5,1971.1864013671875
2,-0.9024390243902439,0.0,0,-8,-5,1971.1864013671875
3,-0.8536585365853658,0.0,0,-8,-5,1971.1864013671875
4,-0.8048780487804879,0.0,0,-8,-5,1971.1864013671875
5,-0.7560975609756098,0.0,0,-8,-5,1971.1864013671875
6,-0.7073170731707317,0.0,0,-8,-5,1971.1864013671875
7,-0.6585365853658536,0.0,0,-8,-5,1971.1864013671875
8,-0.6097560975609756,0.0,0,-8,-5,1971.1864013671875
9,-0.5609756097560976,0.0,0,-8,-5,1971.1864013671875
10,-0.5121951219512195,0.0,0,-8,-5,1971.1864013671875
11,-0.46341463414634143,0.0,0,-8,-5,1971.1864013671875
12,-0.41463414634146334,0.0,0,-8,-5,1971.1864013671875
13,-0.36585365853658536,0.0,0,-8,-5,1971.1864013671875
14,-0.31707317073170727,0.0,0,-8,-5,1971.1864013671875
15,-0.2682926829268293,0.0,0,-8,-5,1971.1864013671875
16,-0.2195121951219512,0.0,0,-8,-5,1971.1864013671875
17,-0.1707317073170731,0.0,0,-8,-5,1971.1864013671875
18,-0.12195121951219512,0.0,0,-8,-5,1971.1864013671875
19,-0.07317073170731703,0.0,0,-8,-5,1971.1864013671875
20,-0.024390243902439046,0.0,0,-8,-5,1971.1864013671875
21,0.024390243902439046,0.0,0,-8,-5,1971.1864013671875
22,0.07317073170731714,0.0,0,-8,-5,1971.1864013671875
23,0.12195121951219523,0.0,0,-8,-5,1971.1864013671875
24,0.17073170731707332,4.840384804083442e-07,0,-8,-5,1971.1864013671875
25,0.2195121951219512,4.508653091761516e-06,0,-8,-5,1971.1864013671875
26,0.2682926829268293,4.87391434944584e-06,0,-8,-5,1971.1864013671875
27,0.3170731707317074,0.00013327669876161963,0,-8,-5,1971.1864013671875
28,0.36585365853658547,7.691742212045938e-07,0,-8,-5,1971.1864013671875
29,0.41463414634146356,7.305554845515871e-06,0,-8,-5,1971.1864013671875
30,0.46341463414634143,1.6765099644544534e-05,0,-8,-5,1971.1864013671875
31,0.5121951219512195,3.7722784327343106e-06,0,-8,-5,1971.1864013671875
32,0.5609756097560976,5.580278411798645e-06,0,-8,-5,1971.1864013671875
33,0.6097560975609757,5.98321421421133e-05,0,-8,-5,1971.1864013671875
34,0.6585365853658538,3.1436371500603855e-05,0,-8,-5,1971.1864013671875
35,0.7073170731707317,4.7727604396641254e-05,0,-8,-5,1971.1864013671875
36,0.7560975609756098,0.0005390378064475954,0,-8,-5,1971.1864013671875
37,0.8048780487804879,0.00014971618657000363,0,-8,-5,1971.1864013671875
38,0.853658536585366,5.326385871740058e-05,0,-8,-5,1971.1864013671875
39,0.902439024390244,2.0431793018360622e-05,0,-8,-5,1971.1864013671875
40,0.9512195121951219,1.2846498066210188e-05,0,-8,-5,1971.1864013671875
41,1.0,8.698621968505904e-06,0,-8,-5,1971.1864013671875
0,-1.0,6.056044639990432e-06,0,-8,-4,1971.1864013671875
1,-0.9512195121951219,1.5947331348797888e-06,0,-8,-4,1971.1864013671875
2,-0.9024390243902439,4.6650242779833206e-08,0,-8,-4,1971.1864013671875
3,-0.8536585365853658,2.4208335162256844e-05,0,-8,-4,1971.1864013671875
4,-0.8048780487804879,7.680542330490425e-05,0,-8,-4,1971.1864013671875
5,-0.7560975609756098,0.00012151730334153399,0,-8,-4,1971.1864013671875
6,-0.7073170731707317,0.004184237215667963,0,-8,-4,1971.1864013671875
7,-0.6585365853658536,2.968013177451212e-06,0,-8,-4,1971.1864013671875
8,-0.6097560975609756,0.00010771613597171381,0,-8,-4,1971.1864013671875
9,-0.5609756097560976,1.1214390724489931e-05,0,-8,-4,1971.1864013671875
10,-0.5121951219512195,8.991873073682655e-06,0,-8,-4,1971.1864013671875
11,-0.46341463414634143,9.007313565234654e-06,0,-8,-4,1971.1864013671875
12,-0.41463414634146334,5.461875389300985e-06,0,-8,-4,1971.1864013671875
13,-0.36585365853658536,3.7868621802772395e-06,0,-8,-4,1971.1864013671875
14,-0.31707317073170727,1.8297036149306223e-05,0,-8,-4,1971.1864013671875
15,-0.2682926829268293,8.866670100360352e-07,0,-8,-4,1971.1864013671875
16,-0.2195121951219512,1.3677376955456566e-06,0,-8,-4,1971.1864013671875
17,-0.1707317073170731,7.784755325701553e-06,0,-8,-4,1971.1864013671875
18,-0.12195121951219512,1.5950400893416372e-06,0,-8,-4,1971.1864013671875
19,-0.07317073170731703,0.0,0,-8,-4,1971.1864013671875
20,-0.024390243902439046,0.0,0,-8,-4,1971.1864013671875
21,0.024390243902439046,0.0,0,-8,-4,1971.1864013671875
22,0.07317073170731714,0.0,0,-8,-4,1971.1864013671875
23,0.12195121951219523,0.0,0,-8,-4,1971.1864013671875
24,0.17073170731707332,0.0,0,-8,-4,1971.1864013671875
25,0.2195121951219512,0.0,0,-8,-4,1971.1864013671875
26,0.2682926829268293,0.0,0,-8,-4,1971.1864013671875
27,0.3170731707317074,0.0,0,-8,-4,1971.1864013671875
28,0.36585365853658547,0.0,0,-8,-4,1971.1864013671875
29,0.41463414634146356,0.0,0,-8,-4,1971.1864013671875
30,0.46341463414634143,0.0,0,-8,-4,1971.1864013671875
31,0.5121951219512195,0.0,0,-8,-4,1971.1864013671875
32,0.5609756097560976,0.0,0,-8,-4,1971.1864013671875
33,0.6097560975609757,0.0,0,-8,-4,1971.1864013671875
34,0.6585365853658538,0.0,0,-8,-4,1971.1864013671875
35,0.7073170731707317,0.0,0,-8,-4,1971.1864013671875
36,0.7560975609756098,0.0,0,-8,-4,1971.1864013671875
37,0.8048780487804879,0.0,0,-8,-4,1971.1864013671875
38,0.853658536585366,0.0,0,-8,-4,1971.1864013671875
39,0.902439024390244,0.0,0,-8,-4,1971.1864013671875
40,0.9512195121951219,0.0,0,-8,-4,1971.1864013671875
41,1.0,0.0,0,-8,-4,1971.1864013671875
0,-1.0,0.0,0,-7,-4,1971.1864013671875
1,-0.9512195121951219,0.0,0,-7,-4,1971.1864013671875
2,-0.9024390243902439,0.0,0,-7,-4,1971.1864013671875
3,-0.8536585365853658,0.0,0,-7,-4,1971.1864013671875
4,-0.8048780487804879,0.0,0,-7,-4,1971.1864013671875
5,-0.7560975609756098,0.0,0,-7,-4,1971.1864013671875
6,-0.7073170731707317,0.0,0,-7,-4,1971.1864013671875
7,-0.6585365853658536,0.0,0,-7,-4,1971.1864013671875
8,-0.6097560975609756,0.0,0,-7,-4,1971.1864013671875
9,-0.5609756097560976,0.0,0,-7,-4,1971.1864013671875
10,-0.5121951219512195,0.0,0,-7,-4,1971.1864013671875
11,-0.46341463414634143,0.0,0,-7,-4,1971.1864013671875
12,-0.41463414634146334,0.0,0,-7,-4,1971.1864013671875
13,-0.36585365853658536,0.0,0,-7,-4,1971.1864013671875
14,-0.31707317073170727,0.0002983056183438748,0,-7,-4,1971.1864013671875
15,-0.2682926829268293,6.743187441315968e-06,0,-7,-4,1971.1864013671875
16,-0.2195121951219512,5.45020202480373e-06,0,-7,-4,1971.1864013671875
17,-0.1707317073170731,3.580199700081721e-05,0,-7,-4,1971.1864013671875
18,-0.12195121951219512,2.9515740607166663e-05,0,-7,-4,1971.1864013671875
19,-0.07317073170731703,1.4600341273762751e-05,0,-7,-4,1971.1864013671875
20,-0.024390243902439046,4.572270427161129e-06,0,-7,-4,1971.1864013671875
21,0.024390243902439046,2.052834679489024e-05,0,-7,-4,1971.1864013671875
22,0.07317073170731714,6.135107832960784e-05,0,-7,-4,1971.1864013671875
23,0.12195121951219523,6.986475636949763e-05,0,-7,-4,1971.1864013671875
24,0.17073170731707332,0.00017042523541022092,0,-7,-4,1971.1864013671875
25,0.2195121951219512,0.0003556187730282545,0,-7,-4,1971.1864013671875
26,0.2682926829268293,0.0007257337565533817,0,-7,-4,1971.1864013671875
27,0.3170731707317074,0.1016823947429657,0,-7,-4,1971.1864013671875
28,0.36585365853658547,8.423348481301218e-05,0,-7,-4,1971.1864013671875
29,0.41463414634146356,0.00015028483176138252,0,-7,-4,1971.1864013671875
30,0.46341463414634143,0.00015461223665624857,0,-7,-4,1971.1864013671875
31,0.5121951219512195,8.57542545418255e-05,0,-7,-4,1971.1864013671875
32,0.5609756097560976,3.850441862596199e-05,0,-7,-4,1971.1864013671875
33,0.6097560975609757,4.187058038951363e-06,0,-7,-4,1971.1864013671875
34,0.6585365853658538,1.2488714673963841e-05,0,-7,-4,1971.1864013671875
35,0.7073170731707317,4.794793312612455e-06,0,-7,-4,1971.1864013671875
36,0.7560975609756098,5.033715297031449e-06,0,-7,-4,1971.1864013671875
37,0.8048780487804879,1.668868753768038e-05,0,-7,-4,1971.1864013671875
38,0.853658536585366,2.7182065309716563e-07,0,-7,-4,1971.1864013671875
39,0.902439024390244,6.364434739225544e-07,0,-7,-4,1971.1864013671875
40,0.9512195121951219,2.9240625281090615e-06,0,-7,-4,1971.1864013671875
41,1.0,0.0,0,-7,-4,1971.1864013671875
0,-1.0,1.894740307761822e-05,0,-6,-3,1971.1864013671875
1,-0.9512195121951219,1.9309229173813947e-05,0,-6,-3,1971.1864013671875
2,-0.9024390243902439,3.730840717253159e-06,0,-6,-3,1971.1864013671875
3,-0.8536585365853658,3.311144246254116e-05,0,-6,-3,1971.1864013671875
4,-0.8048780487804879,6.3948773458832875e-06,0,-6,-3,1971.1864013671875
5,-0.7560975609756098,2.7517851776792668e-05,0,-6,-3,1971.1864013671875
6,-0.7073170731707317,2.8624676815525163e-06,0,-6,-3,1971.1864013671875
7,-0.6585365853658536,1.997428626054898e-05,0,-6,-3,1971.1864013671875
8,-0.6097560975609756,0.00018532300600782037,0,-6,-3,1971.1864013671875
9,-0.5609756097560976,2.617774771351833e-05,0,-6,-3,1971.1864013671875
10,-0.5121951219512195,6.887446215841919e-05,0,-6,-3,1971.1864013671875
11,-0.46341463414634143,0.00028314930386841297,0,-6,-3,1971.1864013671875
12,-0.41463414634146334,0.00048572104424238205,0,-6,-3,1971.1864013671875
13,-0.36585365853658536,0.0017542705172672868,0,-6,-3,1971.1864013671875
14,-0.31707317073170727,0.2513107359409332,0,-6,-3,1971.1864013671875
15,-0.2682926829268293,0.004222705494612455,0,-6,-3,1971.1864013671875
16,-0.2195121951219512,8.117305696941912e-05,0,-6,-3,1971.1864013671875
17,-0.1707317073170731,0.0008325836970470846,0,-6,-3,1971.1864013671875
18,-0.12195121951219512,0.00011570455535547808,0,-6,-3,1971.1864013671875
19,-0.07317073170731703,4.369629823486321e-05,0,-6,-3,1971.1864013671875
20,-0.024390243902439046,0.00015921203885227442,0,-6,-3,1971.1864013671875
21,0.024390243902439046,5.504061482497491e-05,0,-6,-3,1971.1864013671875
22,0.07317073170731714,3.9100828871596605e-05,0,-6,-3,1971.1864013671875
23,0.12195121951219523,7.763859457554645e-07,0,-6,-3,1971.1864013671875
24,0.17073170731707332,6.0159167333040386e-05,0,-6,-3,1971.1864013671875
25,0.2195121951219512,1.9346942281117663e-05,0,-6,-3,1971.1864013671875
26,0.2682926829268293,1.1693171472870745e-05,0,-6,-3,1971.1864013671875
27,0.3170731707317074,0.00014311884297057986,0,-6,-3,1971.1864013671875
28,0.36585365853658547,3.757820365990483e-08,0,-6,-3,1971.1864013671875
29,0.41463414634146356,2.6975840228260495e-05,0,-6,-3,1971.1864013671875
30,0.46341463414634143,1.979964508791454e-06,0,-6,-3,1971.1864013671875
31,0.5121951219512195,0.0,0,-6,-3,1971.1864013671875
32,0.5609756097560976,0.0,0,-6,-3,1971.1864013671875
33,0.6097560975609757,0.0,0,-6,-3,1971.1864013671875
34,0.6585365853658538,0.0,0,-6,-3,1971.1864013671875
35,0.7073170731707317,0.0,0,-6,-3,1971.1864013671875
36,0.7560975609756098,0.0,0,-6,-3,1971.1864013671875
37,0.8048780487804879,0.0,0,-6,-3,1971.1864013671875
38,0.853658536585366,0.0,0,-6,-3,1971.1864013671875
39,0.902439024390244,0.0,0,-6,-3,1971.1864013671875
40,0.9512195121951219,0.0,0,-6,-3,1971.1864013671875
41,1.0,0.0,0,-6,-3,1971.1864013671875
0,-1.0,4.462314336706186e-06,0,-4,-2,1971.1864013671875
1,-0.9512195121951219,5.88446891924832e-06,0,-4,-2,1971.1864013671875
2,-0.9024390243902439,5.77690525460639e-06,0,-4,-2,1971.1864013671875
3,-0.8536585365853658,2.5259481617467827e-07,0,-4,-2,1971.1864013671875
4,-0.8048780487804879,2.322007821931038e-05,0,-4,-2,1971.1864013671875
5,-0.7560975609756098,6.926750211277977e-05,0,-4,-2,1971.1864013671875
6,-0.7073170731707317,4.929911665385589e-05,0,-4,-2,1971.1864013671875
7,-0.6585365853658536,6.100999962654896e-05,0,-4,-2,1971.1864013671875
8,-0.6097560975609756,3.894056135322899e-06,0,-4,-2,1971.1864013671875
9,-0.5609756097560976,3.3148102374980226e-05,0,-4,-2,1971.1864013671875
10,-0.5121951219512195,5.73086435906589e-05,0,-4,-2,1971.1864013671875
11,-0.46341463414634143,2.166229569411371e-05,0,-4,-2,1971.1864013671875
12,-0.41463414634146334,7.241474668262526e-05,0,-4,-2,1971.1864013671875
13,-0.36585365853658536,8.994418021757156e-05,0,-4,-2,1971.1864013671875
14,-0.31707317073170727,0.0007243422442115843,0,-4,-2,1971.1864013671875
15,-0.2682926829268293,0.0003500363091006875,0,-4,-2,1971.1864013671875
16,-0.2195121951219512,0.00013115204637870193,0,-4,-2,1971.1864013671875
17,-0.1707317073170731,0.00013256969396024942,0,-4,-2,1971.1864013671875
18,-0.12195121951219512,0.0004226134915370494,0,-4,-2,1971.1864013671875
19,-0.07317073170731703,0.00022519893536809832,0,-4,-2,1971.1864013671875
20,-0.024390243902439046,0.0066292001865804195,0,-4,-2,1971.1864013671875
21,0.024390243902439046,0.03668031096458435,0,-4,-2,1971.1864013671875
22,0.07317073170731714,0.10701274126768112,0,-4,-2,1971.1864013671875
23,0.12195121951219523,0.005571745336055756,0,-4,-2,1971.1864013671875
24,0.17073170731707332,0.0011039506644010544,0,-4,-2,1971.1864013671875
25,0.2195121951219512,0.0003479073056951165,0,-4,-2,1971.1864013671875
26,0.2682926829268293,8.633011020720005e-06,0,-4,-2,1971.1864013671875
27,0.3170731707317074,3.247770291636698e-05,0,-4,-2,1971.1864013671875
28,0.36585365853658547,0.00039898979593999684,0,-4,-2,1971.1864013671875
29,0.41463414634146356,0.0007149164448492229,0,-4,-2,1971.1864013671875
30,0.46341463414634143,0.00021066117915324867,0,-4,-2,1971.1864013671875
31,0.5121951219512195,0.0001255457755178213,0,-4,-2,1971.1864013671875
32,0.5609756097560976,1.2152438102930319e-05,0,-4,-2,1971.1864013671875
33,0.6097560975609757,5.698182576452382e-05,0,-4,-2,1971.1864013671875
34,0.6585365853658538,5.260176840238273e-05,0,-4,-2,1971.1864013671875
35,0.7073170731707317,7.246762834256515e-05,0,-4,-2,1971.1864013671875
36,0.7560975609756098,3.2144394936040044e-05,0,-4,-2,1971.1864013671875
37,0.8048780487804879,3.918831680493895e-06,0,-4,-2,1971.1864013671875
38,0.853658536585366,4.534180334303528e-05,0,-4,-2,1971.1864013671875
39,0.902439024390244,2.425881575618405e-07,0,-4,-2,1971.1864013671875
40,0.9512195121951219,1.3458634384733159e-05,0,-4,-2,1971.1864013671875
41,1.0,3.4792949008988217e-05,0,-4,-2,1971.1864013671875
0,-1.0,0.00016363596660085022,0,-2,-1,1971.1864013671875
1,-0.9512195121951219,0.00019413013069424778,0,-2,-1,1971.1864013671875
2,-0.9024390243902439,1.5431511201313697e-05,0,-2,-1,1971.1864013671875
3,-0.8536585365853658,9.880989637167659e-06,0,-2,-1,1971.1864013671875
4,-0.8048780487804879,0.0001610072940820828,0,-2,-1,1971.1864013671875
5,-0.7560975609756098,0.00011858973448397592,0,-2,-1,1971.1864013671875
6,-0.7073170731707317,4.54135806648992e-05,0,-2,-1,1971.1864013671875
7,-0.6585365853658536,6.658763595623896e-05,0,-2,-1,1971.1864013671875
8,-0.6097560975609756,3.105986979790032e-05,0,-2,-1,1971.1864013671875
9,-0.5609756097560976,0.00023312473786063492,0,-2,-1,1971.1864013671875
10,-0.5121951219512195,0.0003313030756544322,0,-2,-1,1971.1864013671875
11,-0.46341463414634143,2.1367661247495562e-05,0,-2,-1,1971.1864013671875
12,-0.41463414634146334,8.550064376322553e-05,0,-2,-1,1971.1864013671875
13,-0.36585365853658536,0.000422784622060135,0,-2,-1,1971.1864013671875
14,-0.31707317073170727,0.0005984628805890679,0,-2,-1,1971.1864013671875
15,-0.2682926829268293,0.0010517329210415483,0,-2,-1,1971.1864013671875
16,-0.2195121951219512,0.0016265467274934053,0,-2,-1,1971.1864013671875
17,-0.1707317073170731,0.00013897722237743437,0,-2,-1,1971.1864013671875
18,-0.12195121951219512,1.759126280376222e-05,0,-2,-1,1971.1864013671875
19,-0.07317073170731703,0.0011471183970570564,0,-2,-1,1971.1864013671875
20,-0.024390243902439046,0.0023057430516928434,0,-2,-1,1971.1864013671875
21,0.024390243902439046,0.001797177130356431,0,-2,-1,1971.1864013671875
22,0.07317073170731714,0.001358145847916603,0,-2,-1,1971.1864013671875
23,0.12195121951219523,5.340990173863247e-05,0,-2,-1,1971.1864013671875
24,0.17073170731707332,0.0031421398743987083,0,-2,-1,1971.1864013671875
25,0.2195121951219512,0.009474190883338451,0,-2,-1,1971.1864013671875
26,0.2682926829268293,0.020533278584480286,0,-2,-1,1971.1864013671875
27,0.3170731707317074,0.014534168876707554,0,-2,-1,1971.1864013671875
28,0.36585365853658547,0.0012585187796503305,0,-2,-1,1971.1864013671875
29,0.41463414634146356,0.6038192510604858,0,-2,-1,1971.1864013671875
30,0.46341463414634143,0.05849463865160942,0,-2,-1,1971.1864013671875
31,0.5121951219512195,0.06373786181211472,0,-2,-1,1971.1864013671875
32,0.5609756097560976,0.015007969923317432,0,-2,-1,1971.1864013671875
33,0.6097560975609757,0.0010076023172587156,0,-2,-1,1971.1864013671875
34,0.6585365853658538,0.0006531759863719344,0,-2,-1,1971.1864013671875
35,0.7073170731707317,0.004012786317616701,0,-2,-1,1971.1864013671875
36,0.7560975609756098,0.0035738819278776646,0,-2,-1,1971.1864013671875
37,0.8048780487804879,0.00132181984372437,0,-2,-1,1971.1864013671875
38,0.853658536585366,0.00037150480784475803,0,-2,-1,1971.1864013671875
39,0.902439024390244,0.00018599773466121405,0,-2,-1,1971.1864013671875
40,0.9512195121951219,0.0012717319186776876,0,-2,-1,1971.1864013671875
41,1.0,0.0019173873588442802,0,-2,-1,1971.1864013671875
0,-1.0,0.007262485567480326,0,3,1,1971.1864013671875
1,-0.9512195121951219,0.005698817316442728,0,3,1,1971.1864013671875
2,-0.9024390243902439,0.0006948534864932299,0,3,1,1971.1864013671875
3,-0.8536585365853658,0.026770420372486115,0,3,1,1971.1864013671875
4,-0.8048780487804879,0.11892122030258179,0,3,1,1971.1864013671875
5,-0.7560975609756098,0.021088887006044388,0,3,1,1971.1864013671875
6,-0.7073170731707317,0.26858755946159363,0,3,1,1971.1864013671875
7,-0.6585365853658536,0.08640379458665848,0,3,1,1971.1864013671875
8,-0.6097560975609756,0.05488700047135353,0,3,1,1971.1864013671875
9,-0.5609756097560976,0.03627990186214447,0,3,1,1971.1864013671875
10,-0.5121951219512195,0.005805297754704952,0,3,1,1971.1864013671875
11,-0.46341463414634143,0.0015356868971139193,0,3,1,1971.1864013671875
12,-0.41463414634146334,0.0017961927223950624,0,3,1,1971.1864013671875
13,-0.36585365853658536,0.0024376162327826023,0,3,1,1971.1864013671875
14,-0.31707317073170727,0.004160421434789896,0,3,1,1971.1864013671875
15,-0.2682926829268293,0.002151863183826208,0,3,1,1971.1864013671875
16,-0.2195121951219512,0.0018261775840073824,0,3,1,1971.1864013671875
17,-0.1707317073170731,0.001696089399047196,0,3,1,1971.1864013671875
18,-0.12195121951219512,0.0001900180068332702,0,3,1,1971.1864013671875
19,-0.07317073170731703,0.0016619974048808217,0,3,1,1971.1864013671875
20,-0.024390243902439046,0.00190158246550709,0,3,1,1971.1864013671875
21,0.024390243902439046,0.0011237891158089042,0,3,1,1971.1864013671875
22,0.07317073170731714,0.0005778383347205818,0,3,1,1971.1864013671875
23,0.12195121951219523,0.00016595100169070065,0,3,1,1971.1864013671875
24,0.17073170731707332,0.0002459863026160747,0,3,1,1971.1864013671875
25,0.2195121951219512,0.0002298173785675317,0,3,1,1971.1864013671875
26,0.2682926829268293,0.00018550506501924247,0,3,1,1971.1864013671875
27,0.3170731707317074,0.0008844427648000419,0,3,1,1971.1864013671875
28,0.36585365853658547,0.00045161761227063835,0,3,1,1971.1864013671875
29,0.41463414634146356,0.0008331727585755289,0,3,1,1971.1864013671875
30,0.46341463414634143,0.001080828718841076,0,3,1,1971.1864013671875
31,0.5121951219512195,0.0004933615564368665,0,3,1,1971.1864013671875
32,0.5609756097560976,1.1616060874075629e-05,0,3,1,1971.1864013671875
33,0.6097560975609757,0.00011898852972080931,0,3,1,1971.1864013671875
34,0.6585365853658538,0.0004787666257470846,0,3,1,1971.1864013671875
35,0.7073170731707317,0.0004599084204528481,0,3,1,1971.1864013671875
36,0.7560975609756098,0.00033635133877396584,0,3,1,1971.1864013671875
37,0.8048780487804879,7.64950891607441e-06,0,3,1,1971.1864013671875
38,0.853658536585366,0.0001547426072647795,0,3,1,1971.1864013671875
39,0.902439024390244,0.0,0,3,1,1971.1864013671875
40,0.9512195121951219,0.0,0,3,1,1971.1864013671875
41,1.0,0.0,0,3,1,1971.1864013671875
0,-1.0,0.0,0,5,2,1971.1864013671875
1,-0.9512195121951219,0.0,0,5,2,1971.1864013671875
2,-0.9024390243902439,0.0,0,5,2,1971.1864013671875
3,-0.8536585365853658,0.0,0,5,2,1971.1864013671875
4,-0.8048780487804879,0.0,0,5,2,1971.1864013671875
5,-0.7560975609756098,0.0,0,5,2,1971.1864013671875
6,-0.7073170731707317,0.0,0,5,2,1971.1864013671875
7,-0.6585365853658536,0.0,0,5,2,1971.1864013671875
8,-0.6097560975609756,0.0,0,5,2,1971.1864013671875
9,-0.5609756097560976,0.0,0,5,2,1971.1864013671875
10,-0.5121951219512195,0.0,0,5,2,1971.1864013671875
11,-0.46341463414634143,1.45695068454188e-07,0,5,2,1971.1864013671875
12,-0.41463414634146334,2.7657256396196317e-07,0,5,2,1971.1864013671875
13,-0.36585365853658536,5.239031963810703e-08,0,5,2,1971.1864013671875
14,-0.31707317073170727,1.0600489304124494e-06,0,5,2,1971.1864013671875
15,-0.2682926829268293,3.3961084682232467e-06,0,5,2,1971.1864013671875
16,-0.2195121951219512,3.460162929513899e-07,0,5,2,1971.1864013671875
17,-0.1707317073170731,3.7785761719533184e-07,0,5,2,1971.1864013671875
18,-0.12195121951219512,5.570781468122732e-06,0,5,2,1971.1864013671875
19,-0.07317073170731703,4.627569524018327e-06,0,5,2,1971.1864013671875
20,-0.024390243902439046,7.191509939730167e-05,0,5,2,1971.1864013671875
21,0.024390243902439046,5.935287117608823e-05,0,5,2,1971.1864013671875
22,0.07317073170731714,3.498848673189059e-05,0,5,2,1971.1864013671875
23,0.12195121951219523,2.3607422917848453e-05,0,5,2,1971.1864013671875
24,0.17073170731707332,1.910542050609365e-05,0,5,2,1971.1864013671875
25,0.2195121951219512,4.6712299081264064e-05,0,5,2,1971.1864013671875
26,0.2682926829268293,3.999011460109614e-05,0,5,2,1971.1864013671875
27,0.3170731707317074,0.0001451474236091599,0,5,2,1971.1864013671875
28,0.36585365853658547,0.00022018967138137668,0,5,2,1971.1864013671875
29,0.41463414634146356,0.0020411298610270023,0,5,2,1971.1864013671875
30,0.46341463414634143,0.014797443524003029,0,5,2,1971.1864013671875
31,0.5121951219512195,0.0004408539389260113,0,5,2,1971.1864013671875
32,0.5609756097560976,0.00010367095819674432,0,5,2,1971.1864013671875
33,0.6097560975609757,0.0001849444815889001,0,5,2,1971.1864013671875
34,0.6585365853658538,0.00040672693285159767,0,5,2,1971.1864013671875
35,0.7073170731707317,2.9582044589915313e-05,0,5,2,1971.1864013671875
36,0.7560975609756098,6.281299283728004e-05,0,5,2,1971.1864013671875
37,0.8048780487804879,3.4357824915787205e-05,0,5,2,1971.1864013671875
38,0.853658536585366,1.4661542309113429e-06,0,5,2,1971.1864013671875
39,0.902439024390244,1.3028215107624419e-05,0,5,2,1971.1864013671875
40,0.9512195121951219,3.7842946767341346e-05,0,5,2,1971.1864013671875
41,1.0,1.3183824194129556e-05,0,5,2,1971.1864013671875
0,-1.0,2.4889955057005864e-06,0,6,2,1971.1864013671875
1,-0.9512195121951219,1.10431901703123e-05,0,6,2,1971.1864013671875
2,-0.9024390243902439,2.433515419397736e-06,0,6,2,1971.1864013671875
3,-0.8536585365853658,6.465242222475354e-06,0,6,2,1971.1864013671875
4,-0.8048780487804879,5.240982136456296e-05,0,6,2,1971.1864013671875
5,-0.7560975609756098,1.9315097233629785e-05,0,6,2,1971.1864013671875
6,-0.7073170731707317,6.063829641789198e-05,0,6,2,1971.1864013671875
7,-0.6585365853658536,9.256580597138964e-06,0,6,2,1971.1864013671875
8,-0.6097560975609756,3.485084016574547e-05,0,6,2,1971.1864013671875
9,-0.5609756097560976,2.101610789395636e-06,0,6,2,1971.1864013671875
10,-0.5121951219512195,7.413266871481028e-07,0,6,2,1971.1864013671875
11,-0.46341463414634143,2.3209158825920895e-06,0,6,2,1971.1864013671875
12,-0.41463414634146334,2.1523528630496003e-05,0,6,2,1971.1864013671875
13,-0.36585365853658536,1.7532451238366775e-05,0,6,2,1971.1864013671875
14,-0.31707317073170727,1.7020614905050024e-05,0,6,2,1971.1864013671875
15,-0.2682926829268293,0.00012107315706089139,0,6,2,1971.1864013671875
16,-0.2195121951219512,0.006068439222872257,0,6,2,1971.1864013671875
17,-0.1707317073170731,8.267649536719546e-05,0,6,2,1971.1864013671875
18,-0.12195121951219512,1.2276460665816558e-06,0,6,2,1971.1864013671875
19,-0.07317073170731703,4.929826445732033e-06,0,6,2,1971.1864013671875
20,-0.024390243902439046,5.0753133109537885e-06,0,6,2,1971.1864013671875
21,0.024390243902439046,1.2805439837393351e-05,0,6,2,1971.1864013671875
22,0.07317073170731714,1.8828350221156143e-05,0,6,2,1971.1864013671875
23,0.12195121951219523,1.219055661749735e-06,0,6,2,1971.1864013671875
24,0.17073170731707332,7.969470061652828e-06,0,6,2,1971.1864013671875
25,0.2195121951219512,2.2221756807994097e-05,0,6,2,1971.1864013671875
26,0.2682926829268293,2.937651879619807e-05,0,6,2,1971.1864013671875
27,0.3170731707317074,0.00011240098683629185,0,6,2,1971.1864013671875
28,0.36585365853658547,0.0001050463761202991,0,6,2,1971.1864013671875
29,0.41463414634146356,4.303946843720041e-05,0,6,2,1971.1864013671875
30,0.46341463414634143,1.6031223140089423e-06,0,6,2,1971.1864013671875
31,0.5121951219512195,1.4798912161495537e-05,0,6,2,1971.1864013671875
32,0.5609756097560976,9.358451279695146e-06,0,6,2,1971.1864013671875
33,0.6097560975609757,0.0,0,6,2,1971.1864013671875
34,0.6585365853658538,0.0,0,6,2,1971.1864013671875
35,0.7073170731707317,0.0,0,6,2,1971.1864013671875
36,0.7560975609756098,0.0,0,6,2,1971.1864013671875
37,0.8048780487804879,0.0,0,6,2,1971.1864013671875
38,0.853658536585366,0.0,0,6,2,1971.1864013671875
39,0.902439024390244,0.0,0,6,2,1971.1864013671875
40,0.9512195121951219,0.0,0,6,2,1971.1864013671875
41,1.0,0.0,0,6,2,1971.1864013671875
0,-1.0,2.7766323910327628e-05,0,7,2,1971.1864013671875
1,-0.9512195121951219,1.738633363856934e-05,0,7,2,1971.1864013671875
2,-0.9024390243902439,2.55894356087083e-05,0,7,2,1971.1864013671875
3,-0.8536585365853658,6.605915132240625e-06,0,7,2,1971.1864013671875
4,-0.8048780487804879,2.253572893096134e-05,0,7,2,1971.1864013671875
5,-0.7560975609756098,3.9857284718891606e-05,0,7,2,1971.1864013671875
6,-0.7073170731707317,0.0004138294607400894,0,7,2,1971.1864013671875
7,-0.6585365853658536,0.01377104315906763,0,7,2,1971.1864013671875
8,-0.6097560975609756,0.0029686344787478447,0,7,2,1971.1864013671875
9,-0.5609756097560976,0.00010566660785116255,0,7,2,1971.1864013671875
10,-0.5121951219512195,2.1094163457746617e-05,0,7,2,1971.1864013671875
11,-0.46341463414634143,0.00042149765067733824,0,7,2,1971.1864013671875
12,-0.41463414634146334,1.2460321840990218e-06,0,7,2,1971.1864013671875
13,-0.36585365853658536,1.639633410377428e-05,0,7,2,1971.1864013671875
14,-0.31707317073170727,2.6570428417471703e-06,0,7,2,1971.1864013671875
15,-0.2682926829268293,2.196454488512245e-06,0,7,2,1971.1864013671875
16,-0.2195121951219512,6.223345963007887e-07,0,7,2,1971.1864013671875
17,-0.1707317073170731,2.151147782569751e-06,0,7,2,1971.1864013671875
18,-0.12195121951219512,4.769121542125276e-09,0,7,2,1971.1864013671875
19,-0.07317073170731703,5.4064781096485603e-08,0,7,2,1971.1864013671875
20,-0.024390243902439046,1.3317198011009168e-07,0,7,2,1971.1864013671875
21,0.024390243902439046,1.355975172145918e-07,0,7,2,1971.1864013671875
22,0.07317073170731714,0.0,0,7,2,1971.1864013671875
23,0.12195121951219523,0.0,0,7,2,1971.1864013671875
24,0.17073170731707332,0.0,0,7,2,1971.1864013671875
25,0.2195121951219512,0.0,0,7,2,1971.1864013671875
26,0.2682926829268293,0.0,0,7,2,1971.1864013671875
27,0.3170731707317074,0.0,0,7,2,1971.1864013671875
28,0.36585365853658547,0.0,0,7,2,1971.1864013671875
29,0.41463414634146356,0.0,0,7,2,1971.1864013671875
30,0.46341463414634143,0.0,0,7,2,1971.1864013671875
31,0.5121951219512195,0.0,0,7,2,1971.1864013671875
32,0.5609756097560976,0.0,0,7,2,1971.1864013671875
33,0.6097560975609757,0.0,0,7,2,1971.1864013671875
34,0.6585365853658538,0.0,0,7,2,1971.1864013671875
35,0.7073170731707317,0.0,0,7,2,1971.1864013671875
36,0.7560975609756098,0.0,0,7,2,1971.1864013671875
37,0.8048780487804879,0.0,0,7,2,1971.1864013671875
38,0.853658536585366,0.0,0,7,2,1971.1864013671875
39,0.902439024390244,0.0,0,7,2,1971.1864013671875
40,0.9512195121951219,0.0,0,7,2,1971.1864013671875
41,1.0,0.0,0,7,2,1971.1864013671875
0,-1.0,0.00011993951920885593,0,8,2,1971.1864013671875
1,-0.9512195121951219,0.006715093273669481,0,8,2,1971.1864013671875
2,-0.9024390243902439,0.0001262219884665683,0,8,2,1971.1864013671875
3,-0.8536585365853658,2.154028697987087e-05,0,8,2,1971.1864013671875
4,-0.8048780487804879,3.8270703953457996e-05,0,8,2,1971.1864013671875
5,-0.7560975609756098,2.896554178732913e-06,0,8,2,1971.1864013671875
6,-0.7073170731707317,1.2427130968717393e-06,0,8,2,1971.1864013671875
7,-0.6585365853658536,1.536007403046824e-05,0,8,2,1971.1864013671875
8,-0.6097560975609756,7.007342333054112e-07,0,8,2,1971.1864013671875
9,-0.5609756097560976,1.6188679410333862e-06,0,8,2,1971.1864013671875
10,-0.5121951219512195,5.512335974344751e-07,0,8,2,1971.1864013671875
11,-0.46341463414634143,4.2156071344834345e-07,0,8,2,1971.1864013671875
12,-0.41463414634146334,4.037165979298152e-07,0,8,2,1971.1864013671875
13,-0.36585365853658536,4.445820778187226e-08,0,8,2,1971.1864013671875
14,-0.31707317073170727,0.0,0,8,2,1971.1864013671875
15,-0.2682926829268293,0.0,0,8,2,1971.1864013671875
16,-0.2195121951219512,0.0,0,8,2,1971.1864013671875
17,-0.1707317073170731,0.0,0,8,2,1971.1864013671875
18,-0.12195121951219512,0.0,0,8,2,1971.1864013671875
19,-0.07317073170731703,0.0,0,8,2,1971.1864013671875
20,-0.024390243902439046,0.0,0,8,2,1971.1864013671875
21,0.024390243902439046,0.0,0,8,2,1971.1864013671875
22,0.07317073170731714,0.0,0,8,2,1971.1864013671875
23,0.12195121951219523,0.0,0,8,2,1971.1864013671875
24,0.17073170731707332,0.0,0,8,2,1971.1864013671875
25,0.2195121951219512,0.0,0,8,2,1971.1864013671875
26,0.2682926829268293,0.0,0,8,2,1971.1864013671875
27,0.3170731707317074,0.0,0,8,2,1971.1864013671875
28,0.36585365853658547,0.0,0,8,2,1971.1864013671875
29,0.41463414634146356,0.0,0,8,2,1971.1864013671875
30,0.46341463414634143,0.0,0,8,2,1971.1864013671875
31,0.5121951219512195,0.0,0,8,2,1971.1864013671875
32,0.5609756097560976,0.0,0,8,2,1971.1864013671875
33,0.6097560975609757,0.0,0,8,2,1971.1864013671875
34,0.6585365853658538,0.0,0,8,2,1971.1864013671875
35,0.7073170731707317,0.0,0,8,2,1971.1864013671875
36,0.7560975609756098,0.0,0,8,2,1971.1864013671875
37,0.8048780487804879,0.0,0,8,2,1971.1864013671875
38,0.853658536585366,0.0,0,8,2,1971.1864013671875
39,0.902439024390244,0.0,0,8,2,1971.1864013671875
40,0.9512195121951219,0.0,0,8,2,1971.1864013671875
41,1.0,0.0,0,8,2,1971.1864013671875
0,-1.0,0.0,0,8,3,1971.1864013671875
1,-0.9512195121951219,0.0,0,8,3,1971.1864013671875
2,-0.9024390243902439,0.0,0,8,3,1971.1864013671875
3,-0.8536585365853658,0.0,0,8,3,1971.1864013671875
4,-0.8048780487804879,0.0,0,8,3,1971.1864013671875
5,-0.7560975609756098,0.0,0,8,3,1971.1864013671875
6,-0.7073170731707317,0.0,0,8,3,1971.1864013671875
7,-0.6585365853658536,0.0,0,8,3,1971.1864013671875
8,-0.6097560975609756,0.0,0,8,3,1971.1864013671875
9,-0.5609756097560976,0.0,0,8,3,1971.1864013671875
10,-0.5121951219512195,0.0,0,8,3,1971.1864013671875
11,-0.46341463414634143,0.0,0,8,3,1971.1864013671875
12,-0.41463414634146334,0.0,0,8,3,1971.1864013671875
13,-0.36585365853658536,0.0,0,8,3,1971.1864013671875
14,-0.31707317073170727,0.0,0,8,3,1971.1864013671875
15,-0.2682926829268293,0.0,0,8,3,1971.1864013671875
16,-0.2195121951219512,0.0,0,8,3,1971.1864013671875
17,-0.1707317073170731,0.0,0,8,3,1971.1864013671875
18,-0.12195121951219512,0.0,0,8,3,1971.1864013671875
19,-0.07317073170731703,0.0,0,8,3,1971.1864013671875
20,-0.024390243902439046,0.0,0,8,3,1971.1864013671875
21,0.024390243902439046,0.0,0,8,3,1971.1864013671875
22,0.07317073170731714,8.231475021602819e-07,0,8,3,1971.1864013671875
23,0.12195121951219523,3.3574798408153583e-07,0,8,3,1971.1864013671875
24,0.17073170731707332,7.866654527788342e-07,0,8,3,1971.1864013671875
25,0.2195121951219512,1.2832480251745437e-06,0,8,3,1971.1864013671875
26,0.2682926829268293,8.440266441311906e-08,0,8,3,1971.1864013671875
27,0.3170731707317074,1.3323898429007386e-07,0,8,3,1971.1864013671875
28,0.36585365853658547,5.248905381449731e-07,0,8,3,1971.1864013671875
29,0.41463414634146356,4.221233211865183e-06,0,8,3,1971.1864013671875
30,0.46341463414634143,1.6369856894016266e-05,0,8,3,1971.1864013671875
31,0.5121951219512195,5.581103323493153e-06,0,8,3,1971.1864013671875
32,0.5609756097560976,3.955476586270379e-06,0,8,3,1971.1864013671875
33,0.6097560975609757,1.28712179048307e-06,0,8,3,1971.1864013671875
34,0.6585365853658538,0.00017395030590705574,0,8,3,1971.1864013671875
35,0.7073170731707317,4.196719146420946e-06,0,8,3,1971.1864013671875
36,0.7560975609756098,3.354657565068919e-07,0,8,3,1971.1864013671875
37,0.8048780487804879,2.67355261485136e-07,0,8,3,1971.1864013671875
38,0.853658536585366,3.5742164072871674e-07,0,8,3,1971.1864013671875
39,0.902439024390244,3.4689512631302932e-06,0,8,3,1971.1864013671875
40,0.9512195121951219,2.225572416136856e-06,0,8,3,1971.1864013671875
41,1.0,3.171727769313293e-08,0,8,3,1971.1864013671875
0,-1.0,0.0,0,9,3,1971.1864013671875
1,-0.9512195121951219,0.0,0,9,3,1971.1864013671875
2,-0.9024390243902439,0.0,0,9,3,1971.1864013671875
3,-0.8536585365853658,0.0,0,9,3,1971.1864013671875
4,-0.8048780487804879,0.0,0,9,3,1971.1864013671875
5,-0.7560975609756098,0.0,0,9,3,1971.1864013671875
6,-0.7073170731707317,0.0,0,9,3,1971.1864013671875
7,-0.6585365853658536,0.0,0,9,3,1971.1864013671875
8,-0.6097560975609756,0.0,0,9,3,1971.1864013671875
9,-0.5609756097560976,0.0,0,9,3,1971.1864013671875
10,-0.5121951219512195,0.0,0,9,3,1971.1864013671875
11,-0.46341463414634143,0.0,0,9,3,1971.1864013671875
12,-0.41463414634146334,0.0,0,9,3,1971.1864013671875
13,-0.36585365853658536,0.0,0,9,3,1971.1864013671875
14,-0.31707317073170727,0.0,0,9,3,1971.1864013671875
15,-0.2682926829268293,0.0,0,9,3,1971.1864013671875
16,-0.2195121951219512,8.639515840513923e-07,0,9,3,1971.1864013671875
17,-0.1707317073170731,3.527040348672017e-08,0,9,3,1971.1864013671875
18,-0.12195121951219512,1.906727646883155e-07,0,9,3,1971.1864013671875
19,-0.07317073170731703,5.427434501825701e-08,0,9,3,1971.1864013671875
20,-0.024390243902439046,1.4597236486224574e-06,0,9,3,1971.1864013671875
21,0.024390243902439046,4.206362518743845e-06,0,9,3,1971.1864013671875
22,0.07317073170731714,2.4577784643042833e-06,0,9,3,1971.1864013671875
23,0.12195121951219523,2.6383445401734207e-06,0,9,3,1971.1864013671875
24,0.17073170731707332,2.2903200260770973e-06,0,9,3,1971.1864013671875
25,0.2195121951219512,6.434159786294913e-06,0,9,3,1971.1864013671875
26,0.2682926829268293,2.9914641345385462e-05,0,9,3,1971.1864013671875
27,0.3170731707317074,4.6713848860235885e-06,0,9,3,1971.1864013671875
28,0.36585365853658547,0.00015445864119101316,0,9,3,1971.1864013671875
29,0.41463414634146356,1.1949814506806433e-06,0,9,3,1971.1864013671875
30,0.46341463414634143,5.187606575418613e-07,0,9,3,1971.1864013671875
31,0.5121951219512195,2.0036512182741717e-07,0,9,3,1971.1864013671875
32,0.5609756097560976,1.2600282843777677e-06,0,9,3,1971.1864013671875
33,0.6097560975609757,2.1254585647056956e-08,0,9,3,1971.1864013671875
34,0.6585365853658538,1.4159992645090824e-07,0,9,3,1971.1864013671875
35,0.7073170731707317,2.1070945876999758e-07,0,9,3,1971.1864013671875
36,0.7560975609756098,5.213298663875321e-06,0,9,3,1971.1864013671875
37,0.8048780487804879,2.098439466635682e-07,0,9,3,1971.1864013671875
38,0.853658536585366,0.0,0,9,3,1971.1864013671875
39,0.902439024390244,0.0,0,9,3,1971.1864013671875
40,0.9512195121951219,0.0,0,9,3,1971.1864013671875
41,1.0,0.0,0,9,3,1971.1864013671875
0,-1.0,1.9474434509447747e-08,1,-8,-8,1971.1864013671875
1,-0.9512195121951219,8.908726158551872e-06,1,-8,-8,1971.1864013671875
2,-0.9024390243902439,1.4672257293568691e-06,1,-8,-8,1971.1864013671875
3,-0.8536585365853658,5.651775225601341e-08,1,-8,-8,1971.1864013671875
4,-0.8048780487804879,6.643056167376926e-07,1,-8,-8,1971.1864013671875
5,-0.7560975609756098,1.2852542567998171e-05,1,-8,-8,1971.1864013671875
6,-0.7073170731707317,2.781310648458657e-08,1,-8,-8,1971.1864013671875
7,-0.6585365853658536,3.1470690373680554e-06,1,-8,-8,1971.1864013671875
8,-0.6097560975609756,2.2507786923142703e-07,1,-8,-8,1971.1864013671875
9,-0.5609756097560976,8.039679414650891e-06,1,-8,-8,1971.1864013671875
10,-0.5121951219512195,2.04805405701336e-06,1,-8,-8,1971.1864013671875
11,-0.46341463414634143,1.5040277503430843e-05,1,-8,-8,1971.1864013671875
12,-0.41463414634146334,0.007292097434401512,1,-8,-8,1971.1864013671875
13,-0.36585365853658536,2.3216303816298023e-05,1,-8,-8,1971.1864013671875
14,-0.31707317073170727,0.0002766636316664517,1,-8,-8,1971.1864013671875
15,-0.2682926829268293,1.8577433138489141e-06,1,-8,-8,1971.1864013671875
16,-0.2195121951219512,2.50238394983171e-06,1,-8,-8,1971.1864013671875
17,-0.1707317073170731,6.054773393771029e-07,1,-8,-8,1971.1864013671875
18,-0.12195121951219512,1.1903699714821414e-06,1,-8,-8,1971.1864013671875
19,-0.07317073170731703,1.361098043162201e-07,1,-8,-8,1971.1864013671875
20,-0.024390243902439046,4.4153108547106967e-07,1,-8,-8,1971.1864013671875
21,0.024390243902439046,7.32405908365763e-07,1,-8,-8,1971.1864013671875
22,0.07317073170731714,1.1812848015324562e-06,1,-8,-8,1971.1864013671875
23,0.12195121951219523,1.3830006651005533e-07,1,-8,-8,1971.1864013671875
24,0.17073170731707332,1.5255578489359323e-07,1,-8,-8,1971.1864013671875
25,0.2195121951219512,0.0,1,-8,-8,1971.1864013671875
26,0.2682926829268293,0.0,1,-8,-8,1971.1864013671875
27,0.3170731707317074,0.0,1,-8,-8,1971.1864013671875
28,0.36585365853658547,0.0,1,-8,-8,1971.1864013671875
29,0.41463414634146356,0.0,1,-8,-8,1971.1864013671875
30,0.46341463414634143,0.0,1,-8,-8,1971.1864013671875
31,0.5121951219512195,0.0,1,-8,-8,1971.1864013671875
32,0.5609756097560976,0.0,1,-8,-8,1971.1864013671875
33,0.6097560975609757,0.0,1,-8,-8,1971.1864013671875
34,0.6585365853658538,0.0,1,-8,-8,1971.1864013671875
35,0.7073170731707317,0.0,1,-8,-8,1971.1864013671875
36,0.7560975609756098,0.0,1,-8,-8,1971.1864013671875
37,0.8048780487804879,0.0,1,-8,-8,1971.1864013671875
38,0.853658536585366,0.0,1,-8,-8,1971.1864013671875
39,0.902439024390244,0.0,1,-8,-8,1971.1864013671875
40,0.9512195121951219,0.0,1,-8,-8,1971.1864013671875
41,1.0,0.0,1,-8,-8,1971.1864013671875
0,-1.0,0.0,1,-7,-8,1971.1864013671875
1,-0.9512195121951219,0.0,1,-7,-8,1971.1864013671875
2,-0.9024390243902439,0.0,1,-7,-8,1971.1864013671875
3,-0.8536585365853658,0.0,1,-7,-8,1971.1864013671875
4,-0.8048780487804879,0.0,1,-7,-8,1971.1864013671875
5,-0.7560975609756098,0.0,1,-7,-8,1971.1864013671875
6,-0.7073170731707317,0.0,1,-7,-8,1971.1864013671875
7,-0.6585365853658536,0.0,1,-7,-8,1971.1864013671875
8,-0.6097560975609756,0.0,1,-7,-8,1971.1864013671875
9,-0.5609756097560976,0.0,1,-7,-8,1971.1864013671875
10,-0.5121951219512195,0.0,1,-7,-8,1971.1864013671875
11,-0.46341463414634143,0.0,1,-7,-8,1971.1864013671875
12,-0.41463414634146334,0.0,1,-7,-8,1971.1864013671875
13,-0.36585365853658536,0.0,1,-7,-8,1971.1864013671875
14,-0.31707317073170727,0.0,1,-7,-8,1971.1864013671875
15,-0.2682926829268293,0.0,1,-7,-8,1971.1864013671875
16,-0.2195121951219512,0.0,1,-7,-8,1971.1864013671875
17,-0.1707317073170731,0.0,1,-7,-8,1971.1864013671875
18,-0.12195121951219512,0.0,1,-7,-8,1971.1864013671875
19,-0.07317073170731703,0.0,1,-7,-8,1971.1864013671875
20,-0.024390243902439046,1.8010108533417224e-06,1,-7,-8,1971.1864013671875
21,0.024390243902439046,1.269899598810298e-06,1,-7,-8,1971.1864013671875
22,0.07317073170731714,1.2497395118771237e-06,1,-7,-8,1971.1864013671875
23,0.12195121951219523,7.39720960041268e-08,1,-7,-8,1971.1864013671875
24,0.17073170731707332,5.018651791033335e-06,1,-7,-8,1971.1864013671875
25,0.2195121951219512,4.104816071048845e-06,1,-7,-8,1971.1864013671875
26,0.2682926829268293,4.05002629122464e-06,1,-7,-8,1971.1864013671875
27,0.3170731707317074,2.0965848307241686e-05,1,-7,-8,1971.1864013671875
28,0.36585365853658547,1.5151533716561971e-06,1,-7,-8,1971.1864013671875
29,0.41463414634146356,1.123855690821074e-05,1,-7,-8,1971.1864013671875
30,0.46341463414634143,4.342120519140735e-06,1,-7,-8,1971.1864013671875
31,0.5121951219512195,3.7653205708920723e-06,1,-7,-8,1971.1864013671875
32,0.5609756097560976,1.7105920051108114e-05,1,-7,-8,1971.1864013671875
33,0.6097560975609757,0.00033796147909015417,1,-7,-8,1971.1864013671875
34,0.6585365853658538,0.0001969569275388494,1,-7,-8,1971.1864013671875
35,0.7073170731707317,4.057452770211967e-06,1,-7,-8,1971.1864013671875
36,0.7560975609756098,4.403103503136663e-06,1,-7,-8,1971.1864013671875
37,0.8048780487804879,1.2168952707725111e-05,1,-7,-8,1971.1864013671875
38,0.853658536585366,2.8997936169616878e-05,1,-7,-8,1971.1864013671875
39,0.902439024390244,3.134258076897822e-05,1,-7,-8,1971.1864013671875
40,0.9512195121951219,5.162950174053549e-07,1,-7,-8,1971.1864013671875
41,1.0,7.747748895781115e-07,1,-7,-8,1971.1864013671875
0,-1.0,0.0002515059895813465,1,-7,-7,1971.1864013671875
1,-0.9512195121951219,0.00592011446133256,1,-7,-7,1971.1864013671875
2,-0.9024390243902439,0.000281479035038501,1,-7,-7,1971.1864013671875
3,-0.8536585365853658,4.6138069592416286e-05,1,-7,-7,1971.1864013671875
4,-0.8048780487804879,4.252659437042894e-06,1,-7,-7,1971.1864013671875
5,-0.7560975609756098,1.8049846630674438e-06,1,-7,-7,1971.1864013671875
6,-0.7073170731707317,2.4241917344625108e-05,1,-7,-7,1971.1864013671875
7,-0.6585365853658536,5.693470939149847e-07,1,-7,-7,1971.1864013671875
8,-0.6097560975609756,7.324207444980857e-07,1,-7,-7,1971.1864013671875
9,-0.5609756097560976,2.057521442111465e-06,1,-7,-7,1971.1864013671875
10,-0.5121951219512195,6.431283736674231e-07,1,-7,-7,1971.1864013671875
11,-0.46341463414634143,9.84553253147169e-07,1,-7,-7,1971.1864013671875
12,-0.41463414634146334,9.188212061417289e-06,1,-7,-7,1971.1864013671875
13,-0.36585365853658536,6.175844760036853e-07,1,-7,-7,1971.1864013671875
14,-0.31707317073170727,4.660957711166702e-05,1,-7,-7,1971.1864013671875
15,-0.2682926829268293,3.9109048088903364e-07,1,-7,-7,1971.1864013671875
16,-0.2195121951219512,0.0,1,-7,-7,1971.1864013671875
17,-0.1707317073170731,0.0,1,-7,-7,1971.1864013671875
18,-0.12195121951219512,0.0,1,-7,-7,1971.1864013671875
19,-0.07317073170731703,0.0,1,-7,-7,1971.1864013671875
20,-0.024390243902439046,0.0,1,-7,-7,1971.1864013671875
21,0.024390243902439046,0.0,1,-7,-7,1971.1864013671875
22,0.07317073170731714,0.0,1,-7,-7,1971.1864013671875
23,0.12195121951219523,0.0,1,-7,-7,1971.1864013671875
24,0.17073170731707332,0.0,1,-7,-7,1971.1864013671875
25,0.2195121951219512,0.0,1,-7,-7,1971.1864013671875
26,0.2682926829268293,0.0,1,-7,-7,1971.1864013671875
27,0.3170731707317074,0.0,1,-7,-7,1971.1864013671875
28,0.36585365853658547,0.0,1,-7,-7,1971.1864013671875
29,0.41463414634146356,0.0,1,-7,-7,1971.1864013671875
30,0.46341463414634143,0.0,1,-7,-7,1971.1864013671875
31,0.5121951219512195,0.0,1,-7,-7,1971.1864013671875
32,0.5609756097560976,0.0,1,-7,-7,1971.1864013671875
33,0.6097560975609757,0.0,1,-7,-7,1971.1864013671875
34,0.6585365853658538,0.0,1,-7,-7,1971.1864013671875
35,0.7073170731707317,0.0,1,-7,-7,1971.1864013671875
36,0.7560975609756098,0.0,1,-7,-7,1971.1864013671875
37,0.8048780487804879,0.0,1,-7,-7,1971.1864013671875
38,0.853658536585366,0.0,1,-7,-7,1971.1864013671875
39,0.902439024390244,0.0,1,-7,-7,1971.1864013671875
40,0.9512195121951219,0.0,1,-7,-7,1971.1864013671875
41,1.0,0.0,1,-7,-7,1971.1864013671875
0,-1.0,0.0,1,-6,-7,1971.1864013671875
1,-0.9512195121951219,0.0,1,-6,-7,1971.1864013671875
2,-0.9024390243902439,0.0,1,-6,-7,1971.1864013671875
3,-0.8536585365853658,0.0,1,-6,-7,1971.1864013671875
4,-0.8048780487804879,0.0,1,-6,-7,1971.1864013671875
5,-0.7560975609756098,0.0,1,-6,-7,1971.1864013671875
6,-0.7073170731707317,0.0,1,-6,-7,1971.1864013671875
7,-0.6585365853658536,3.5800148907583207e-06,1,-6,-7,1971.1864013671875
8,-0.6097560975609756,1.064102320924576e-06,1,-6,-7,1971.1864013671875
9,-0.5609756097560976,3.892262611771002e-06,1,-6,-7,1971.1864013671875
10,-0.5121951219512195,2.356580262130592e-05,1,-6,-7,1971.1864013671875
11,-0.46341463414634143,1.0604375347611494e-05,1,-6,-7,1971.1864013671875
12,-0.41463414634146334,5.410286689766508e-07,1,-6,-7,1971.1864013671875
13,-0.36585365853658536,2.72067131845688e-06,1,-6,-7,1971.1864013671875
14,-0.31707317073170727,5.235519324742199e-07,1,-6,-7,1971.1864013671875
15,-0.2682926829268293,7.919310860415862e-07,1,-6,-7,1971.1864013671875
16,-0.2195121951219512,2.1625164663419127e-06,1,-6,-7,1971.1864013671875
17,-0.1707317073170731,3.2445793749502627e-06,1,-6,-7,1971.1864013671875
18,-0.12195121951219512,4.886002358261976e-08,1,-6,-7,1971.1864013671875
19,-0.07317073170731703,2.5245790311601013e-06,1,-6,-7,1971.1864013671875
20,-0.024390243902439046,3.1329172998084687e-06,1,-6,-7,1971.1864013671875
21,0.024390243902439046,0.00010152651520911604,1,-6,-7,1971.1864013671875
22,0.07317073170731714,0.00021986122010275722,1,-6,-7,1971.1864013671875
23,0.12195121951219523,0.00019803371105808765,1,-6,-7,1971.1864013671875
24,0.17073170731707332,0.00014725395885761827,1,-6,-7,1971.1864013671875
25,0.2195121951219512,2.6492063625482842e-05,1,-6,-7,1971.1864013671875
26,0.2682926829268293,2.524796946090646e-05,1,-6,-7,1971.1864013671875
27,0.3170731707317074,0.00025220582028850913,1,-6,-7,1971.1864013671875
28,0.36585365853658547,4.0868024370865896e-05,1,-6,-7,1971.1864013671875
29,0.41463414634146356,1.0075767022499349e-05,1,-6,-7,1971.1864013671875
30,0.46341463414634143,5.785883786302293e-06,1,-6,-7,1971.1864013671875
31,0.5121951219512195,1.389778532256969e-07,1,-6,-7,1971.1864013671875
32,0.5609756097560976,1.4949633850847022e-06,1,-6,-7,1971.1864013671875
33,0.6097560975609757,2.461837027567526e-07,1,-6,-7,1971.1864013671875
34,0.6585365853658538,5.413199346548936e-07,1,-6,-7,1971.1864013671875
35,0.7073170731707317,2.9075349061713496e-07,1,-6,-7,1971.1864013671875
36,0.7560975609756098,6.690184818580747e-06,1,-6,-7,1971.1864013671875
37,0.8048780487804879,2.5914016532624373e-07,1,-6,-7,1971.1864013671875
38,0.853658536585366,1.6283817103612819e-06,1,-6,-7,1971.1864013671875
39,0.902439024390244,3.44396566820393e-10,1,-6,-7,1971.1864013671875
40,0.9512195121951219,1.8404841739538824e-07,1,-6,-7,1971.1864013671875
41,1.0,0.0,1,-6,-7,1971.1864013671875
0,-1.0,1.0491779903532006e-05,1,-5,-6,1971.1864013671875
1,-0.9512195121951219,1.4621797163272277e-05,1,-5,-6,1971.1864013671875
2,-0.9024390243902439,0.0002925903245341033,1,-5,-6,1971.1864013671875
3,-0.8536585365853658,0.00016236698138527572,1,-5,-6,1971.1864013671875
4,-0.8048780487804879,0.0001783361949492246,1,-5,-6,1971.1864013671875
5,-0.7560975609756098,0.00016961786604952067,1,-5,-6,1971.1864013671875
6,-0.7073170731707317,0.00011060084943892434,1,-5,-6,1971.1864013671875
7,-0.6585365853658536,0.005794093012809753,1,-5,-6,1971.1864013671875
8,-0.6097560975609756,0.00010216482041869313,1,-5,-6,1971.1864013671875
9,-0.5609756097560976,5.101865099277347e-05,1,-5,-6,1971.1864013671875
10,-0.5121951219512195,0.0005361782386898994,1,-5,-6,1971.1864013671875
11,-0.46341463414634143,3.819893390755169e-05,1,-5,-6,1971.1864013671875
12,-0.41463414634146334,2.293123361596372e-05,1,-5,-6,1971.1864013671875
13,-0.36585365853658536,1.4060824469197541e-05,1,-5,-6,1971.1864013671875
14,-0.31707317073170727,7.6267888289294206e-06,1,-5,-6,1971.1864013671875
15,-0.2682926829268293,3.880330950778443e-06,1,-5,-6,1971.1864013671875
16,-0.2195121951219512,4.80696371596423e-06,1,-5,-6,1971.1864013671875
17,-0.1707317073170731,9.076530659513082e-06,1,-5,-6,1971.1864013671875
18,-0.12195121951219512,1.0378942533861846e-05,1,-5,-6,1971.1864013671875
19,-0.07317073170731703,2.396128593318281e-07,1,-5,-6,1971.1864013671875
20,-0.024390243902439046,1.4489978639176115e-06,1,-5,-6,1971.1864013671875
21,0.024390243902439046,1.1740688933059573e-05,1,-5,-6,1971.1864013671875
22,0.07317073170731714,9.580688129062764e-06,1,-5,-6,1971.1864013671875
23,0.12195121951219523,1.104902622728332e-07,1,-5,-6,1971.1864013671875
24,0.17073170731707332,2.5334057340842264e-07,1,-5,-6,1971.1864013671875
25,0.2195121951219512,1.581921509341555e-07,1,-5,-6,1971.1864013671875
26,0.2682926829268293,3.632008258591668e-07,1,-5,-6,1971.1864013671875
27,0.3170731707317074,1.4471005442828755e-06,1,-5,-6,1971.1864013671875
28,0.36585365853658547,0.0,1,-5,-6,1971.1864013671875
29,0.41463414634146356,0.0,1,-5,-6,1971.1864013671875
30,0.46341463414634143,0.0,1,-5,-6,1971.1864013671875
31,0.5121951219512195,0.0,1,-5,-6,1971.1864013671875
32,0.5609756097560976,0.0,1,-5,-6,1971.1864013671875
33,0.6097560975609757,0.0,1,-5,-6,1971.1864013671875
34,0.6585365853658538,0.0,1,-5,-6,1971.1864013671875
35,0.7073170731707317,0.0,1,-5,-6,1971.1864013671875
36,0.7560975609756098,0.0,1,-5,-6,1971.1864013671875
37,0.8048780487804879,0.0,1,-5,-6,1971.1864013671875
38,0.853658536585366,0.0,1,-5,-6,1971.1864013671875
39,0.902439024390244,0.0,1,-5,-6,1971.1864013671875
40,0.9512195121951219,0.0,1,-5,-6,1971.1864013671875
41,1.0,0.0,1,-5,-6,1971.1864013671875
0,-1.0,0.0,1,-4,-6,1971.1864013671875
1,-0.9512195121951219,0.0,1,-4,-6,1971.1864013671875
2,-0.9024390243902439,0.0,1,-4,-6,1971.1864013671875
3,-0.8536585365853658,0.0,1,-4,-6,1971.1864013671875
4,-0.8048780487804879,0.0,1,-4,-6,1971.1864013671875
5,-0.7560975609756098,0.0,1,-4,-6,1971.1864013671875
6,-0.7073170731707317,0.0,1,-4,-6,1971.1864013671875
7,-0.6585365853658536,0.0,1,-4,-6,1971.1864013671875
8,-0.6097560975609756,0.0,1,-4,-6,1971.1864013671875
9,-0.5609756097560976,0.0,1,-4,-6,1971.1864013671875
10,-0.5121951219512195,0.0,1,-4,-6,1971.1864013671875
11,-0.46341463414634143,0.0,1,-4,-6,1971.1864013671875
12,-0.41463414634146334,0.0,1,-4,-6,1971.1864013671875
13,-0.36585365853658536,0.0,1,-4,-6,1971.1864013671875
14,-0.31707317073170727,4.611259282683022e-05,1,-4,-6,1971.1864013671875
15,-0.2682926829268293,5.992790192976827e-07,1,-4,-6,1971.1864013671875
16,-0.2195121951219512,1.3835480785928667e-05,1,-4,-6,1971.1864013671875
17,-0.1707317073170731,1.3199544810049701e-05,1,-4,-6,1971.1864013671875
18,-0.12195121951219512,9.598474207450636e-06,1,-4,-6,1971.1864013671875
19,-0.07317073170731703,4.596522558131255e-07,1,-4,-6,1971.1864013671875
20,-0.024390243902439046,1.324484583165031e-05,1,-4,-6,1971.1864013671875
21,0.024390243902439046,5.8568025451677386e-06,1,-4,-6,1971.1864013671875
22,0.07317073170731714,1.989525117096491e-05,1,-4,-6,1971.1864013671875
23,0.12195121951219523,1.0765819752123207e-05,1,-4,-6,1971.1864013671875
24,0.17073170731707332,3.545299114193767e-05,1,-4,-6,1971.1864013671875
25,0.2195121951219512,9.53643029788509e-06,1,-4,-6,1971.1864013671875
26,0.2682926829268293,1.1486461517051794e-05,1,-4,-6,1971.1864013671875
27,0.3170731707317074,6.069922892493196e-05,1,-4,-6,1971.1864013671875
28,0.36585365853658547,1.7956099327420816e-05,1,-4,-6,1971.1864013671875
29,0.41463414634146356,5.249094101600349e-05,1,-4,-6,1971.1864013671875
30,0.46341463414634143,1.40680367621826e-05,1,-4,-6,1971.1864013671875
31,0.5121951219512195,7.06484861439094e-05,1,-4,-6,1971.1864013671875
32,0.5609756097560976,2.861825305444654e-05,1,-4,-6,1971.1864013671875
33,0.6097560975609757,0.00016919494373723865,1,-4,-6,1971.1864013671875
34,0.6585365853658538,3.3062180591514334e-05,1,-4,-6,1971.1864013671875
35,0.7073170731707317,0.00037099330802448094,1,-4,-6,1971.1864013671875
36,0.7560975609756098,4.817068111151457e-05,1,-4,-6,1971.1864013671875
37,0.8048780487804879,0.0003068162768613547,1,-4,-6,1971.1864013671875
38,0.853658536585366,0.00015668726700823754,1,-4,-6,1971.1864013671875
39,0.902439024390244,0.024408452212810516,1,-4,-6,1971.1864013671875
40,0.9512195121951219,0.003024490550160408,1,-4,-6,1971.1864013671875
41,1.0,2.0062574549228884e-05,1,-4,-6,1971.1864013671875
0,-1.0,0.00023035200138110667,1,-3,-5,1971.1864013671875
1,-0.9512195121951219,8.195862392312847e-06,1,-3,-5,1971.1864013671875
2,-0.9024390243902439,4.9369897169526666e-05,1,-3,-5,1971.1864013671875
3,-0.8536585365853658,4.17703231505584e-05,1,-3,-5,1971.1864013671875
4,-0.8048780487804879,0.0012247085105627775,1,-3,-5,1971.1864013671875
5,-0.7560975609756098,0.0010589670855551958,1,-3,-5,1971.1864013671875
6,-0.7073170731707317,0.002062988467514515,1,-3,-5,1971.1864013671875
7,-0.6585365853658536,0.005965127609670162,1,-3,-5,1971.1864013671875
8,-0.6097560975609756,0.007009396329522133,1,-3,-5,1971.1864013671875
9,-0.5609756097560976,0.015289099887013435,1,-3,-5,1971.1864013671875
10,-0.5121951219512195,0.12428675591945648,1,-3,-5,1971.1864013671875
11,-0.46341463414634143,0.039312709122896194,1,-3,-5,1971.1864013671875
12,-0.41463414634146334,0.0040851472876966,1,-3,-5,1971.1864013671875
13,-0.36585365853658536,0.002616328652948141,1,-3,-5,1971.1864013671875
14,-0.31707317073170727,0.003063133219256997,1,-3,-5,1971.1864013671875
15,-0.2682926829268293,0.0018111072713509202,1,-3,-5,1971.1864013671875
16,-0.2195121951219512,0.0016180502716451883,1,-3,-5,1971.1864013671875
17,-0.1707317073170731,0.0027241443749517202,1,-3,-5,1971.1864013671875
18,-0.12195121951219512,0.00044777526636607945,1,-3,-5,1971.1864013671875
19,-0.07317073170731703,0.0001781420869519934,1,-3,-5,1971.1864013671875
20,-0.024390243902439046,0.00011774170707212761,1,-3,-5,1971.1864013671875
21,0.024390243902439046,0.00020681240130215883,1,-3,-5,1971.1864013671875
22,0.07317073170731714,0.0004317761631682515,1,-3,-5,1971.1864013671875
23,0.12195121951219523,0.000270299322437495,1,-3,-5,1971.1864013671875
24,0.17073170731707332,0.00019111701112706214,1,-3,-5,1971.1864013671875
25,0.2195121951219512,0.0001879265473689884,1,-3,-5,1971.1864013671875
26,0.2682926829268293,0.00017512452905066311,1,-3,-5,1971.1864013671875
27,0.3170731707317074,8.740311386645772e-06,1,-3,-5,1971.1864013671875
28,0.36585365853658547,6.511914307338884e-06,1,-3,-5,1971.1864013671875
29,0.41463414634146356,0.00017620209837332368,1,-3,-5,1971.1864013671875
30,0.46341463414634143,0.0001528613647678867,1,-3,-5,1971.1864013671875
31,0.5121951219512195,0.00016889069229364395,1,-3,-5,1971.1864013671875
32,0.5609756097560976,0.00010077504703076556,1,-3,-5,1971.1864013671875
33,0.6097560975609757,9.770345059223473e-05,1,-3,-5,1971.1864013671875
34,0.6585365853658538,1.8035805624094792e-05,1,-3,-5,1971.1864013671875
35,0.7073170731707317,5.145028353581438e-06,1,-3,-5,1971.1864013671875
36,0.7560975609756098,1.7240236047655344e-05,1,-3,-5,1971.1864013671875
37,0.8048780487804879,4.825255018658936e-06,1,-3,-5,1971.1864013671875
38,0.853658536585366,7.581829777336679e-06,1,-3,-5,1971.1864013671875
39,0.902439024390244,8.350129792233929e-05,1,-3,-5,1971.1864013671875
40,0.9512195121951219,8.233395783463493e-05,1,-3,-5,1971.1864013671875
41,1.0,5.7423436373937875e-05,1,-3,-5,1971.1864013671875
0,-1.0,0.0,1,4,-2,1971.1864013671875
1,-0.9512195121951219,0.0,1,4,-2,1971.1864013671875
2,-0.9024390243902439,0.0,1,4,-2,1971.1864013671875
3,-0.8536585365853658,1.7499711191248934e-07,1,4,-2,1971.1864013671875
4,-0.8048780487804879,5.233736737864092e-05,1,4,-2,1971.1864013671875
5,-0.7560975609756098,5.4128572628542315e-06,1,4,-2,1971.1864013671875
6,-0.7073170731707317,8.77664024301339e-06,1,4,-2,1971.1864013671875
7,-0.6585365853658536,8.444744992175401e-08,1,4,-2,1971.1864013671875
8,-0.6097560975609756,3.912023385055363e-05,1,4,-2,1971.1864013671875
9,-0.5609756097560976,4.415871808305383e-05,1,4,-2,1971.1864013671875
10,-0.5121951219512195,1.5118767805688549e-05,1,4,-2,1971.1864013671875
11,-0.46341463414634143,1.8882928998209536e-05,1,4,-2,1971.1864013671875
12,-0.41463414634146334,8.892500773072243e-06,1,4,-2,1971.1864013671875
13,-0.36585365853658536,3.2054391340352595e-05,1,4,-2,1971.1864013671875
14,-0.31707317073170727,5.366418463381706e-06,1,4,-2,1971.1864013671875
15,-0.2682926829268293,8.792158041615039e-05,1,4,-2,1971.1864013671875
16,-0.2195121951219512,5.150704237166792e-05,1,4,-2,1971.1864013671875
17,-0.1707317073170731,7.76521392253926e-06,1,4,-2,1971.1864013671875
18,-0.12195121951219512,9.55812429310754e-05,1,4,-2,1971.1864013671875
19,-0.07317073170731703,0.00016182394756469876,1,4,-2,1971.1864013671875
20,-0.024390243902439046,0.00015674397582188249,1,4,-2,1971.1864013671875
21,0.024390243902439046,0.00016876283916644752,1,4,-2,1971.1864013671875
22,0.07317073170731714,0.0005256988806650043,1,4,-2,1971.1864013671875
23,0.12195121951219523,8.647236973047256e-05,1,4,-2,1971.1864013671875
24,0.17073170731707332,0.0020514766220003366,1,4,-2,1971.1864013671875
25,0.2195121951219512,0.05799983814358711,1,4,-2,1971.1864013671875
26,0.2682926829268293,0.003639026079326868,1,4,-2,1971.1864013671875
27,0.3170731707317074,0.0005314515437930822,1,4,-2,1971.1864013671875
28,0.36585365853658547,0.0006582852802239358,1,4,-2,1971.1864013671875
29,0.41463414634146356,0.00041618532850407064,1,4,-2,1971.1864013671875
30,0.46341463414634143,3.8892985685379244e-06,1,4,-2,1971.1864013671875
31,0.5121951219512195,0.00012834442895837128,1,4,-2,1971.1864013671875
32,0.5609756097560976,0.00013962259981781244,1,4,-2,1971.1864013671875
33,0.6097560975609757,0.000102565398265142,1,4,-2,1971.1864013671875
34,0.6585365853658538,6.869577191537246e-05,1,4,-2,1971.1864013671875
35,0.7073170731707317,6.567127275047824e-05,1,4,-2,1971.1864013671875
36,0.7560975609756098,1.2222475561429746e-05,1,4,-2,1971.1864013671875
37,0.8048780487804879,3.3077216357924044e-05,1,4,-2,1971.1864013671875
38,0.853658536585366,2.779969508992508e-05,1,4,-2,1971.1864013671875
39,0.902439024390244,6.774296707590111e-06,1,4,-2,1971.1864013671875
40,0.9512195121951219,2.6427154807606712e-05,1,4,-2,1971.1864013671875
41,1.0,3.512318289722316e-05,1,4,-2,1971.1864013671875
0,-1.0,1.2933526704728138e-05,1,5,-2,1971.1864013671875
1,-0.9512195121951219,2.880148713302333e-05,1,5,-2,1971.1864013671875
2,-0.9024390243902439,9.088945262192283e-06,1,5,-2,1971.1864013671875
3,-0.8536585365853658,2.216089706053026e-05,1,5,-2,1971.1864013671875
4,-0.8048780487804879,9.162107016891241e-05,1,5,-2,1971.1864013671875
5,-0.7560975609756098,2.6770017939270474e-05,1,5,-2,1971.1864013671875
6,-0.7073170731707317,0.0006245090044103563,1,5,-2,1971.1864013671875
7,-0.6585365853658536,0.0005889913300052285,1,5,-2,1971.1864013671875
8,-0.6097560975609756,0.00099368195515126,1,5,-2,1971.1864013671875
9,-0.5609756097560976,0.0020985850133001804,1,5,-2,1971.1864013671875
10,-0.5121951219512195,0.003168670227751136,1,5,-2,1971.1864013671875
11,-0.46341463414634143,1.6208499800995924e-05,1,5,-2,1971.1864013671875
12,-0.41463414634146334,7.433965220116079e-05,1,5,-2,1971.1864013671875
13,-0.36585365853658536,0.00015572342090308666,1,5,-2,1971.1864013671875
14,-0.31707317073170727,0.00026464424445293844,1,5,-2,1971.1864013671875
15,-0.2682926829268293,0.0003477872523944825,1,5,-2,1971.1864013671875
16,-0.2195121951219512,0.0003140870248898864,1,5,-2,1971.1864013671875
17,-0.1707317073170731,9.007319749798626e-05,1,5,-2,1971.1864013671875
18,-0.12195121951219512,8.153900125762448e-06,1,5,-2,1971.1864013671875
19,-0.07317073170731703,0.0001094102262868546,1,5,-2,1971.1864013671875
20,-0.024390243902439046,4.9669652071315795e-05,1,5,-2,1971.1864013671875
21,0.024390243902439046,1.8246522586196079e-06,1,5,-2,1971.1864013671875
22,0.07317073170731714,1.7483696410636185e-06,1,5,-2,1971.1864013671875
23,0.12195121951219523,2.430139375064755e-06,1,5,-2,1971.1864013671875
24,0.17073170731707332,7.403147719742265e-06,1,5,-2,1971.1864013671875
25,0.2195121951219512,2.928628964582458e-05,1,5,-2,1971.1864013671875
26,0.2682926829268293,1.8869767473006505e-06,1,5,-2,1971.1864013671875
27,0.3170731707317074,3.005204462169786e-06,1,5,-2,1971.1864013671875
28,0.36585365853658547,2.269833657919662e-06,1,5,-2,1971.1864013671875
29,0.41463414634146356,0.0,1,5,-2,1971.1864013671875
30,0.46341463414634143,0.0,1,5,-2,1971.1864013671875
31,0.5121951219512195,0.0,1,5,-2,1971.1864013671875
32,0.5609756097560976,0.0,1,5,-2,1971.1864013671875
33,0.6097560975609757,0.0,1,5,-2,1971.1864013671875
34,0.6585365853658538,0.0,1,5,-2,1971.1864013671875
35,0.7073170731707317,0.0,1,5,-2,1971.1864013671875
36,0.7560975609756098,0.0,1,5,-2,1971.1864013671875
37,0.8048780487804879,0.0,1,5,-2,1971.1864013671875
38,0.853658536585366,0.0,1,5,-2,1971.1864013671875
39,0.902439024390244,0.0,1,5,-2,1971.1864013671875
40,0.9512195121951219,0.0,1,5,-2,1971.1864013671875
41,1.0,0.0,1,5,-2,1971.1864013671875
0,-1.0,0.0,1,6,-1,1971.1864013671875
1,-0.9512195121951219,0.0,1,6,-1,1971.1864013671875
2,-0.9024390243902439,0.0,1,6,-1,1971.1864013671875
3,-0.8536585365853658,0.0,1,6,-1,1971.1864013671875
4,-0.8048780487804879,0.0,1,6,-1,1971.1864013671875
5,-0.7560975609756098,0.0,1,6,-1,1971.1864013671875
6,-0.7073170731707317,0.0,1,6,-1,1971.1864013671875
7,-0.6585365853658536,0.0,1,6,-1,1971.1864013671875
8,-0.6097560975609756,0.0,1,6,-1,1971.1864013671875
9,-0.5609756097560976,0.0,1,6,-1,1971.1864013671875
10,-0.5121951219512195,0.0,1,6,-1,1971.1864013671875
11,-0.46341463414634143,0.0,1,6,-1,1971.1864013671875
12,-0.41463414634146334,0.0,1,6,-1,1971.1864013671875
13,-0.36585365853658536,0.0,1,6,-1,1971.1864013671875
14,-0.31707317073170727,0.0,1,6,-1,1971.1864013671875
15,-0.2682926829268293,0.0,1,6,-1,1971.1864013671875
16,-0.2195121951219512,0.0,1,6,-1,1971.1864013671875
17,-0.1707317073170731,0.0,1,6,-1,1971.1864013671875
18,-0.12195121951219512,0.0,1,6,-1,1971.1864013671875
19,-0.07317073170731703,0.0,1,6,-1,1971.1864013671875
20,-0.024390243902439046,0.0,1,6,-1,1971.1864013671875
21,0.024390243902439046,0.0,1,6,-1,1971.1864013671875
22,0.07317073170731714,0.0,1,6,-1,1971.1864013671875
23,0.12195121951219523,0.0,1,6,-1,1971.1864013671875
24,0.17073170731707332,2.0972097445337567e-06,1,6,-1,1971.1864013671875
25,0.2195121951219512,4.049606559419772e-06,1,6,-1,1971.1864013671875
26,0.2682926829268293,2.05680566978117e-06,1,6,-1,1971.1864013671875
27,0.3170731707317074,5.128022166900337e-06,1,6,-1,1971.1864013671875
28,0.36585365853658547,7.404707503155805e-06,1,6,-1,1971.1864013671875
29,0.41463414634146356,3.3041585538740037e-06,1,6,-1,1971.1864013671875
30,0.46341463414634143,7.193128567450913e-06,1,6,-1,1971.1864013671875
31,0.5121951219512195,5.428962595033227e-07,1,6,-1,1971.1864013671875
32,0.5609756097560976,9.379985385749023e-06,1,6,-1,1971.1864013671875
33,0.6097560975609757,8.01842190867319e-07,1,6,-1,1971.1864013671875
34,0.6585365853658538,2.6992798666469753e-05,1,6,-1,1971.1864013671875
35,0.7073170731707317,8.571155376557726e-06,1,6,-1,1971.1864013671875
36,0.7560975609756098,4.8395821067970246e-05,1,6,-1,1971.1864013671875
37,0.8048780487804879,2.1346336609440186e-07,1,6,-1,1971.1864013671875
38,0.853658536585366,0.00014595834363717586,1,6,-1,1971.1864013671875
39,0.902439024390244,3.7256326322676614e-05,1,6,-1,1971.1864013671875
40,0.9512195121951219,0.008842061273753643,1,6,-1,1971.1864013671875
41,1.0,2.1728648789576255e-05,1,6,-1,1971.1864013671875
0,-1.0,0.0,1,7,-1,1971.1864013671875
1,-0.9512195121951219,0.0,1,7,-1,1971.1864013671875
2,-0.9024390243902439,0.0,1,7,-1,1971.1864013671875
3,-0.8536585365853658,0.0,1,7,-1,1971.1864013671875
4,-0.8048780487804879,0.0,1,7,-1,1971.1864013671875
5,-0.7560975609756098,0.0,1,7,-1,1971.1864013671875
6,-0.7073170731707317,0.0,1,7,-1,1971.1864013671875
7,-0.6585365853658536,0.0,1,7,-1,1971.1864013671875
8,-0.6097560975609756,0.0,1,7,-1,1971.1864013671875
9,-0.5609756097560976,0.0,1,7,-1,1971.1864013671875
10,-0.5121951219512195,0.0,1,7,-1,1971.1864013671875
11,-0.46341463414634143,0.0,1,7,-1,1971.1864013671875
12,-0.41463414634146334,0.0,1,7,-1,1971.1864013671875
13,-0.36585365853658536,0.0,1,7,-1,1971.1864013671875
14,-0.31707317073170727,0.0,1,7,-1,1971.1864013671875
15,-0.2682926829268293,1.2816659591408097e-06,1,7,-1,1971.1864013671875
16,-0.2195121951219512,1.0302043165211217e-06,1,7,-1,1971.1864013671875
17,-0.1707317073170731,6.701492338834214e-07,1,7,-1,1971.1864013671875
18,-0.12195121951219512,1.9690768127134106e-08,1,7,-1,1971.1864013671875
19,-0.07317073170731703,5.790826094198565e-07,1,7,-1,1971.1864013671875
20,-0.024390243902439046,1.0890681778619182e-06,1,7,-1,1971.1864013671875
21,0.024390243902439046,4.692650236393092e-06,1,7,-1,1971.1864013671875
22,0.07317073170731714,2.9427286790451035e-05,1,7,-1,1971.1864013671875
23,0.12195121951219523,5.547922228288371e-06,1,7,-1,1971.1864013671875
24,0.17073170731707332,6.0243414736760315e-06,1,7,-1,1971.1864013671875
25,0.2195121951219512,7.307091436814517e-05,1,7,-1,1971.1864013671875
26,0.2682926829268293,4.004040420113597e-06,1,7,-1,1971.1864013671875
27,0.3170731707317074,2.6317664378439076e-05,1,7,-1,1971.1864013671875
28,0.36585365853658547,3.971935439039953e-05,1,7,-1,1971.1864013671875
29,0.41463414634146356,0.00022457221348304302,1,7,-1,1971.1864013671875
30,0.46341463414634143,8.394951873924583e-05,1,7,-1,1971.1864013671875
31,0.5121951219512195,1.3709452105103992e-05,1,7,-1,1971.1864013671875
32,0.5609756097560976,2.0243080143700354e-05,1,7,-1,1971.1864013671875
33,0.6097560975609757,3.1799979751667706e-06,1,7,-1,1971.1864013671875
34,0.6585365853658538,9.109000529861078e-06,1,7,-1,1971.1864013671875
35,0.7073170731707317,5.798306574433809e-06,1,7,-1,1971.1864013671875
36,0.7560975609756098,6.790890552110795e-07,1,7,-1,1971.1864013671875
37,0.8048780487804879,2.2105189145804616e-07,1,7,-1,1971.1864013671875
38,0.853658536585366,3.700725415001216e-07,1,7,-1,1971.1864013671875
39,0.902439024390244,9.178671120935178e-07,1,7,-1,1971.1864013671875
40,0.9512195121951219,6.476694579760078e-06,1,7,-1,1971.1864013671875
41,1.0,1.607643639545131e-06,1,7,-1,1971.1864013671875
0,-1.0,0.0,1,8,-1,1971.1864013671875
1,-0.9512195121951219,0.0,1,8,-1,1971.1864013671875
2,-0.9024390243902439,0.0,1,8,-1,1971.1864013671875
3,-0.8536585365853658,0.0,1,8,-1,1971.1864013671875
4,-0.8048780487804879,0.0,1,8,-1,1971.1864013671875
5,-0.7560975609756098,0.0,1,8,-1,1971.1864013671875
6,-0.7073170731707317,0.0,1,8,-1,1971.1864013671875
7,-0.6585365853658536,0.0,1,8,-1,1971.1864013671875
8,-0.6097560975609756,0.0,1,8,-1,1971.1864013671875
9,-0.5609756097560976,3.4106146813428495e-06,1,8,-1,1971.1864013671875
10,-0.5121951219512195,4.654986867080879e-07,1,8,-1,1971.1864013671875
11,-0.46341463414634143,1.1540910236362834e-06,1,8,-1,1971.1864013671875
12,-0.41463414634146334,2.994920123455813e-06,1,8,-1,1971.1864013671875
13,-0.36585365853658536,1.8970140445162542e-06,1,8,-1,1971.1864013671875
14,-0.31707317073170727,2.074807525787037e-05,1,8,-1,1971.1864013671875
15,-0.2682926829268293,2.5644496872700984e-06,1,8,-1,1971.1864013671875
16,-0.2195121951219512,3.051063140446786e-05,1,8,-1,1971.1864013671875
17,-0.1707317073170731,1.5063651517266408e-05,1,8,-1,1971.1864013671875
18,-0.12195121951219512,9.765317372512072e-07,1,8,-1,1971.1864013671875
19,-0.07317073170731703,9.245331602869555e-05,1,8,-1,1971.1864013671875
20,-0.024390243902439046,0.0014805486425757408,1,8,-1,1971.1864013671875
21,0.024390243902439046,0.00031316609238274395,1,8,-1,1971.1864013671875
22,0.07317073170731714,7.124122930690646e-06,1,8,-1,1971.1864013671875
23,0.12195121951219523,2.733093970164191e-05,1,8,-1,1971.1864013671875
24,0.17073170731707332,3.1569190468871966e-05,1,8,-1,1971.1864013671875
25,0.2195121951219512,7.844353604014032e-06,1,8,-1,1971.1864013671875
26,0.2682926829268293,2.621538669700385e-06,1,8,-1,1971.1864013671875
27,0.3170731707317074,8.887202966434415e-06,1,8,-1,1971.1864013671875
28,0.36585365853658547,3.330745357743581e-06,1,8,-1,1971.1864013671875
29,0.41463414634146356,8.673921911395155e-06,1,8,-1,1971.1864013671875
30,0.46341463414634143,4.278932465240359e-06,1,8,-1,1971.1864013671875
31,0.5121951219512195,6.793772627133876e-06,1,8,-1,1971.1864013671875
32,0.5609756097560976,9.71615349953936e-07,1,8,-1,1971.1864013671875
33,0.6097560975609757,0.0,1,8,-1,1971.1864013671875
34,0.6585365853658538,0.0,1,8,-1,1971.1864013671875
35,0.7073170731707317,0.0,1,8,-1,1971.1864013671875
36,0.7560975609756098,0.0,1,8,-1,1971.1864013671875
37,0.8048780487804879,0.0,1,8,-1,1971.1864013671875
38,0.853658536585366,0.0,1,8,-1,1971.1864013671875
39,0.902439024390244,0.0,1,8,-1,1971.1864013671875
40,0.9512195121951219,0.0,1,8,-1,1971.1864013671875
41,1.0,0.0,1,8,-1,1971.1864013671875
0,-1.0,0.0,1,9,-1,1971.1864013671875
1,-0.9512195121951219,0.0,1,9,-1,1971.1864013671875
2,-0.9024390243902439,0.0,1,9,-1,1971.1864013671875
3,-0.8536585365853658,0.0,1,9,-1,1971.1864013671875
4,-0.8048780487804879,0.0,1,9,-1,1971.1864013671875
5,-0.7560975609756098,1.4048863761217945e-07,1,9,-1,1971.1864013671875
6,-0.7073170731707317,3.1162824143393664e-07,1,9,-1,1971.1864013671875
7,-0.6585365853658536,1.6907183635339607e-06,1,9,-1,1971.1864013671875
8,-0.6097560975609756,6.642682137680822e-07,1,9,-1,1971.1864013671875
9,-0.5609756097560976,1.1399448140991808e-07,1,9,-1,1971.1864013671875
10,-0.5121951219512195,6.567395161027889e-08,1,9,-1,1971.1864013671875
11,-0.46341463414634143,3.268455017746419e-08,1,9,-1,1971.1864013671875
12,-0.41463414634146334,2.2113714237548265e-07,1,9,-1,1971.1864013671875
13,-0.36585365853658536,3.602755896281451e-06,1,9,-1,1971.1864013671875
14,-0.31707317073170727,2.1903517335886136e-05,1,9,-1,1971.1864013671875
15,-0.2682926829268293,0.002054755575954914,1,9,-1,1971.1864013671875
16,-0.2195121951219512,6.609974434468313e-07,1,9,-1,1971.1864013671875
17,-0.1707317073170731,2.1074765754747204e-06,1,9,-1,1971.1864013671875
18,-0.12195121951219512,9.36084916247637e-07,1,9,-1,1971.1864013671875
19,-0.07317073170731703,1.271439145966724e-06,1,9,-1,1971.1864013671875
20,-0.024390243902439046,9.264097116101766e-07,1,9,-1,1971.1864013671875
21,0.024390243902439046,1.9509303456288762e-05,1,9,-1,1971.1864013671875
22,0.07317073170731714,4.936543064104626e-06,1,9,-1,1971.1864013671875
23,0.12195121951219523,5.020433846425476e-08,1,9,-1,1971.1864013671875
24,0.17073170731707332,2.030393346785786e-07,1,9,-1,1971.1864013671875
25,0.2195121951219512,1.977842956080167e-08,1,9,-1,1971.1864013671875
26,0.2682926829268293,0.0,1,9,-1,1971.1864013671875
27,0.3170731707317074,0.0,1,9,-1,1971.1864013671875
28,0.36585365853658547,0.0,1,9,-1,1971.1864013671875
29,0.41463414634146356,0.0,1,9,-1,1971.1864013671875
30,0.46341463414634143,0.0,1,9,-1,1971.1864013671875
31,0.5121951219512195,0.0,1,9,-1,1971.1864013671875
32,0.5609756097560976,0.0,1,9,-1,1971.1864013671875
33,0.6097560975609757,0.0,1,9,-1,1971.1864013671875
34,0.6585365853658538,0.0,1,9,-1,1971.1864013671875
35,0.7073170731707317,0.0,1,9,-1,1971.1864013671875
36,0.7560975609756098,0.0,1,9,-1,1971.1864013671875
37,0.8048780487804879,0.0,1,9,-1,1971.1864013671875
38,0.853658536585366,0.0,1,9,-1,1971.1864013671875
39,0.902439024390244,0.0,1,9,-1,1971.1864013671875
40,0.9512195121951219,0.0,1,9,-1,1971.1864013671875
41,1.0,0.0,1,9,-1,1971.1864013671875
0,-1.0,6.963293708395213e-05,2,-5,-10,1971.1864013671875
1,-0.9512195121951219,0.00013230042532086372,2,-5,-10,1971.1864013671875
2,-0.9024390243902439,2.3415215764543973e-05,2,-5,-10,1971.1864013671875
3,-0.8536585365853658,1.984828713830211e-06,2,-5,-10,1971.1864013671875
4,-0.8048780487804879,1.3683975339517929e-05,2,-5,-10,1971.1864013671875
5,-0.7560975609756098,0.0005514288204722106,2,-5,-10,1971.1864013671875
6,-0.7073170731707317,0.030122792348265648,2,-5,-10,1971.1864013671875
7,-0.6585365853658536,0.0004034415469504893,2,-5,-10,1971.1864013671875
8,-0.6097560975609756,8.133976371027529e-05,2,-5,-10,1971.1864013671875
9,-0.5609756097560976,0.0002534491941332817,2,-5,-10,1971.1864013671875
10,-0.5121951219512195,0.00015914620598778129,2,-5,-10,1971.1864013671875
11,-0.46341463414634143,1.908757803903427e-05,2,-5,-10,1971.1864013671875
12,-0.41463414634146334,2.9137288947822526e-05,2,-5,-10,1971.1864013671875
13,-0.36585365853658536,1.620693910808768e-05,2,-5,-10,1971.1864013671875
14,-0.31707317073170727,5.8792920754058287e-05,2,-5,-10,1971.1864013671875
15,-0.2682926829268293,6.601143923035124e-06,2,-5,-10,1971.1864013671875
16,-0.2195121951219512,3.1175537174021883e-07,2,-5,-10,1971.1864013671875
17,-0.1707317073170731,1.0071385986520909e-05,2,-5,-10,1971.1864013671875
18,-0.12195121951219512,9.00924533198122e-06,2,-5,-10,1971.1864013671875
19,-0.07317073170731703,8.101742423605174e-06,2,-5,-10,1971.1864013671875
20,-0.024390243902439046,7.315914444916416e-06,2,-5,-10,1971.1864013671875
21,0.024390243902439046,2.2477393031294923e-06,2,-5,-10,1971.1864013671875
22,0.07317073170731714,1.003333522930916e-06,2,-5,-10,1971.1864013671875
23,0.12195121951219523,3.874868639286433e-07,2,-5,-10,1971.1864013671875
24,0.17073170731707332,3.7459010400198167e-06,2,-5,-10,1971.1864013671875
25,0.2195121951219512,5.082030384073732e-06,2,-5,-10,1971.1864013671875
26,0.2682926829268293,4.7893295231915545e-06,2,-5,-10,1971.1864013671875
27,0.3170731707317074,3.959723017032957e-06,2,-5,-10,1971.1864013671875
28,0.36585365853658547,0.0,2,-5,-10,1971.1864013671875
29,0.41463414634146356,0.0,2,-5,-10,1971.1864013671875
30,0.46341463414634143,0.0,2,-5,-10,1971.1864013671875
31,0.5121951219512195,0.0,2,-5,-10,1971.1864013671875
32,0.5609756097560976,0.0,2,-5,-10,1971.1864013671875
33,0.6097560975609757,0.0,2,-5,-10,1971.1864013671875
34,0.6585365853658538,0.0,2,-5,-10,1971.1864013671875
35,0.7073170731707317,0.0,2,-5,-10,1971.1864013671875
36,0.7560975609756098,0.0,2,-5,-10,1971.1864013671875
37,0.8048780487804879,0.0,2,-5,-10,1971.1864013671875
38,0.853658536585366,0.0,2,-5,-10,1971.1864013671875
39,0.902439024390244,0.0,2,-5,-10,1971.1864013671875
40,0.9512195121951219,0.0,2,-5,-10,1971.1864013671875
41,1.0,0.0,2,-5,-10,1971.1864013671875
0,-1.0,0.0,2,-4,-10,1971.1864013671875
1,-0.9512195121951219,0.0,2,-4,-10,1971.1864013671875
2,-0.9024390243902439,0.0,2,-4,-10,1971.1864013671875
3,-0.8536585365853658,0.0,2,-4,-10,1971.1864013671875
4,-0.8048780487804879,0.0,2,-4,-10,1971.1864013671875
5,-0.7560975609756098,0.0,2,-4,-10,1971.1864013671875
6,-0.7073170731707317,0.0,2,-4,-10,1971.1864013671875
7,-0.6585365853658536,0.0,2,-4,-10,1971.1864013671875
8,-0.6097560975609756,0.0,2,-4,-10,1971.1864013671875
9,-0.5609756097560976,0.0,2,-4,-10,1971.1864013671875
10,-0.5121951219512195,0.0,2,-4,-10,1971.1864013671875
11,-0.46341463414634143,0.0,2,-4,-10,1971.1864013671875
12,-0.41463414634146334,2.553497779445024e-06,2,-4,-10,1971.1864013671875
13,-0.36585365853658536,4.149270580455777e-07,2,-4,-10,1971.1864013671875
14,-0.31707317073170727,4.103540504729608e-06,2,-4,-10,1971.1864013671875
15,-0.2682926829268293,4.609417374012992e-06,2,-4,-10,1971.1864013671875
16,-0.2195121951219512,3.2125856819220644e-07,2,-4,-10,1971.1864013671875
17,-0.1707317073170731,3.6930846363247838e-06,2,-4,-10,1971.1864013671875
18,-0.12195121951219512,6.293637397902785e-07,2,-4,-10,1971.1864013671875
19,-0.07317073170731703,4.970175268681487e-06,2,-4,-10,1971.1864013671875
20,-0.024390243902439046,9.707910209044712e-08,2,-4,-10,1971.1864013671875
21,0.024390243902439046,3.0144872198434314e-06,2,-4,-10,1971.1864013671875
22,0.07317073170731714,5.147944648342673e-07,2,-4,-10,1971.1864013671875
23,0.12195121951219523,9.892297384794801e-06,2,-4,-10,1971.1864013671875
24,0.17073170731707332,2.23588514813855e-07,2,-4,-10,1971.1864013671875
25,0.2195121951219512,5.473123110277811e-06,2,-4,-10,1971.1864013671875
26,0.2682926829268293,5.045291345595615e-06,2,-4,-10,1971.1864013671875
27,0.3170731707317074,3.2762754926807247e-06,2,-4,-10,1971.1864013671875
28,0.36585365853658547,6.579873570444761e-06,2,-4,-10,1971.1864013671875
29,0.41463414634146356,2.0852527086390182e-05,2,-4,-10,1971.1864013671875
30,0.46341463414634143,1.2389882613206282e-05,2,-4,-10,1971.1864013671875
31,0.5121951219512195,2.0129875338170677e-05,2,-4,-10,1971.1864013671875
32,0.5609756097560976,3.158712570439093e-05,2,-4,-10,1971.1864013671875
33,0.6097560975609757,2.8762074180122e-06,2,-4,-10,1971.1864013671875
34,0.6585365853658538,9.161438356386498e-05,2,-4,-10,1971.1864013671875
35,0.7073170731707317,6.936723480066576e-07,2,-4,-10,1971.1864013671875
36,0.7560975609756098,0.0002855132916010916,2,-4,-10,1971.1864013671875
37,0.8048780487804879,8.001439709914848e-05,2,-4,-10,1971.1864013671875
38,0.853658536585366,0.008639316074550152,2,-4,-10,1971.1864013671875
39,0.902439024390244,0.0015201624482870102,2,-4,-10,1971.1864013671875
40,0.9512195121951219,0.0005307486862875521,2,-4,-10,1971.1864013671875
41,1.0,7.417429878842086e-05,2,-4,-10,1971.1864013671875
0,-1.0,5.385962140280753e-06,2,-3,-9,1971.1864013671875
1,-0.9512195121951219,1.256731411558576e-05,2,-3,-9,1971.1864013671875
2,-0.9024390243902439,2.9011794140387792e-06,2,-3,-9,1971.1864013671875
3,-0.8536585365853658,1.7338814359391108e-05,2,-3,-9,1971.1864013671875
4,-0.8048780487804879,1.203673400596017e-05,2,-3,-9,1971.1864013671875
5,-0.7560975609756098,7.735774488537572e-06,2,-3,-9,1971.1864013671875
6,-0.7073170731707317,1.739168874337338e-05,2,-3,-9,1971.1864013671875
7,-0.6585365853658536,0.00012105462519684806,2,-3,-9,1971.1864013671875
8,-0.6097560975609756,8.70311341714114e-05,2,-3,-9,1971.1864013671875
9,-0.5609756097560976,6.643393135163933e-05,2,-3,-9,1971.1864013671875
10,-0.5121951219512195,0.0016157814534381032,2,-3,-9,1971.1864013671875
11,-0.46341463414634143,0.0028713082429021597,2,-3,-9,1971.1864013671875
12,-0.41463414634146334,0.00793509092181921,2,-3,-9,1971.1864013671875
13,-0.36585365853658536,0.0044651757925748825,2,-3,-9,1971.1864013671875
14,-0.31707317073170727,0.0001110391749534756,2,-3,-9,1971.1864013671875
15,-0.2682926829268293,6.36609474895522e-05,2,-3,-9,1971.1864013671875
16,-0.2195121951219512,4.315831756684929e-05,2,-3,-9,1971.1864013671875
17,-0.1707317073170731,5.5886768677737564e-05,2,-3,-9,1971.1864013671875
18,-0.12195121951219512,2.7597450753091834e-05,2,-3,-9,1971.1864013671875
19,-0.07317073170731703,2.2008505766279995e-05,2,-3,-9,1971.1864013671875
20,-0.024390243902439046,7.410055695800111e-05,2,-3,-9,1971.1864013671875
21,0.024390243902439046,0.00044036254985257983,2,-3,-9,1971.1864013671875
22,0.07317073170731714,0.0003175407473463565,2,-3,-9,1971.1864013671875
23,0.12195121951219523,4.216306115267798e-05,2,-3,-9,1971.1864013671875
24,0.17073170731707332,2.8688223210338037e-06,2,-3,-9,1971.1864013671875
25,0.2195121951219512,2.368799687246792e-05,2,-3,-9,1971.1864013671875
26,0.2682926829268293,2.8527942049549893e-05,2,-3,-9,1971.1864013671875
27,0.3170731707317074,5.142817826708779e-06,2,-3,-9,1971.1864013671875
28,0.36585365853658547,3.713541218530736e-06,2,-3,-9,1971.1864013671875
29,0.41463414634146356,1.6955341379798483e-06,2,-3,-9,1971.1864013671875
30,0.46341463414634143,1.4066483799979324e-06,2,-3,-9,1971.1864013671875
31,0.5121951219512195,1.9902233816537773e-06,2,-3,-9,1971.1864013671875
32,0.5609756097560976,7.496485636693251e-07,2,-3,-9,1971.1864013671875
33,0.6097560975609757,3.4278129987797e-06,2,-3,-9,1971.1864013671875
34,0.6585365853658538,8.775529636295687e-07,2,-3,-9,1971.1864013671875
35,0.7073170731707317,5.820010755996918e-06,2,-3,-9,1971.1864013671875
36,0.7560975609756098,2.367560909988242e-06,2,-3,-9,1971.1864013671875
37,0.8048780487804879,5.155824283065158e-07,2,-3,-9,1971.1864013671875
38,0.853658536585366,2.3576079911435954e-05,2,-3,-9,1971.1864013671875
39,0.902439024390244,4.355582859716378e-06,2,-3,-9,1971.1864013671875
40,0.9512195121951219,2.965235353258322e-06,2,-3,-9,1971.1864013671875
41,1.0,1.4104133470027591e-06,2,-3,-9,1971.1864013671875
0,-1.0,0.0021357254590839148,2,-1,-8,1971.1864013671875
1,-0.9512195121951219,0.008059543557465076,2,-1,-8,1971.1864013671875
2,-0.9024390243902439,8.33235026220791e-05,2,-1,-8,1971.1864013671875
3,-0.8536585365853658,0.0016174017218872905,2,-1,-8,1971.1864013671875
4,-0.8048780487804879,0.0008707759552635252,2,-1,-8,1971.1864013671875
5,-0.7560975609756098,0.003906478174030781,2,-1,-8,1971.1864013671875
6,-0.7073170731707317,0.008898820728063583,2,-1,-8,1971.1864013671875
7,-0.6585365853658536,0.004944347310811281,2,-1,-8,1971.1864013671875
8,-0.6097560975609756,0.016415389254689217,2,-1,-8,1971.1864013671875
9,-0.5609756097560976,0.016489490866661072,2,-1,-8,1971.1864013671875
10,-0.5121951219512195,0.20238955318927765,2,-1,-8,1971.1864013671875
11,-0.46341463414634143,0.15021835267543793,2,-1,-8,1971.1864013671875
12,-0.41463414634146334,0.044619400054216385,2,-1,-8,1971.1864013671875
13,-0.36585365853658536,0.015003780834376812,2,-1,-8,1971.1864013671875
14,-0.31707317073170727,0.0018509591463953257,2,-1,-8,1971.1864013671875
15,-0.2682926829268293,0.006872652564197779,2,-1,-8,1971.1864013671875
16,-0.2195121951219512,0.004527310375124216,2,-1,-8,1971.1864013671875
17,-0.1707317073170731,0.0011368023697286844,2,-1,-8,1971.1864013671875
18,-0.12195121951219512,5.054876965004951e-05,2,-1,-8,1971.1864013671875
19,-0.07317073170731703,0.0002761722425930202,2,-1,-8,1971.1864013671875
20,-0.024390243902439046,0.0011928053572773933,2,-1,-8,1971.1864013671875
21,0.024390243902439046,0.0007364796474575996,2,-1,-8,1971.1864013671875
22,0.07317073170731714,4.0501250623492524e-05,2,-1,-8,1971.1864013671875
23,0.12195121951219523,3.4367192711215466e-05,2,-1,-8,1971.1864013671875
24,0.17073170731707332,0.0003999712353106588,2,-1,-8,1971.1864013671875
25,0.2195121951219512,0.0006246448610909283,2,-1,-8,1971.1864013671875
26,0.2682926829268293,0.00040908006485551596,2,-1,-8,1971.1864013671875
27,0.3170731707317074,5.624102868750924e-06,2,-1,-8,1971.1864013671875
28,0.36585365853658547,0.00033214883296750486,2,-1,-8,1971.1864013671875
29,0.41463414634146356,0.0004183912242297083,2,-1,-8,1971.1864013671875
30,0.46341463414634143,2.8845757697126828e-05,2,-1,-8,1971.1864013671875
31,0.5121951219512195,0.00012984024942852557,2,-1,-8,1971.1864013671875
32,0.5609756097560976,0.0001471494761062786,2,-1,-8,1971.1864013671875
33,0.6097560975609757,0.00020035849593114108,2,-1,-8,1971.1864013671875
34,0.6585365853658538,0.00018407720199320465,2,-1,-8,1971.1864013671875
35,0.7073170731707317,0.00019780434377025813,2,-1,-8,1971.1864013671875
36,0.7560975609756098,6.57545115245739e-06,2,-1,-8,1971.1864013671875
37,0.8048780487804879,0.0001726768387015909,2,-1,-8,1971.1864013671875
38,0.853658536585366,0.0003266341518610716,2,-1,-8,1971.1864013671875
39,0.902439024390244,1.639683250687085e-05,2,-1,-8,1971.1864013671875
40,0.9512195121951219,1.013315068121301e-05,2,-1,-8,1971.1864013671875
41,1.0,0.00014668816584162414,2,-1,-8,1971.1864013671875
0,-1.0,0.00013639645476359874,2,1,-7,1971.1864013671875
1,-0.9512195121951219,1.7647236745688133e-05,2,1,-7,1971.1864013671875
2,-0.9024390243902439,3.1946674425853416e-05,2,1,-7,1971.1864013671875
3,-0.8536585365853658,4.867541429121047e-05,2,1,-7,1971.1864013671875
4,-0.8048780487804879,1.7260679669561796e-05,2,1,-7,1971.1864013671875
5,-0.7560975609756098,6.385622782545397e-06,2,1,-7,1971.1864013671875
6,-0.7073170731707317,4.370310125523247e-05,2,1,-7,1971.1864013671875
7,-0.6585365853658536,5.154320751898922e-05,2,1,-7,1971.1864013671875
8,-0.6097560975609756,0.00011102529242634773,2,1,-7,1971.1864013671875
9,-0.5609756097560976,4.5558103010989726e-05,2,1,-7,1971.1864013671875
10,-0.5121951219512195,4.6362747525563464e-05,2,1,-7,1971.1864013671875
11,-0.46341463414634143,6.2379090195463505e-06,2,1,-7,1971.1864013671875
12,-0.41463414634146334,3.300502066849731e-05,2,1,-7,1971.1864013671875
13,-0.36585365853658536,3.788959656958468e-05,2,1,-7,1971.1864013671875
14,-0.31707317073170727,0.00016915365995373577,2,1,-7,1971.1864013671875
15,-0.2682926829268293,8.164288010448217e-05,2,1,-7,1971.1864013671875
16,-0.2195121951219512,6.886011397000402e-05,2,1,-7,1971.1864013671875
17,-0.1707317073170731,0.00024026809842325747,2,1,-7,1971.1864013671875
18,-0.12195121951219512,0.00014088307216297835,2,1,-7,1971.1864013671875
19,-0.07317073170731703,0.0002367146807955578,2,1,-7,1971.1864013671875
20,-0.024390243902439046,0.00018569815438240767,2,1,-7,1971.1864013671875
21,0.024390243902439046,0.0004018438048660755,2,1,-7,1971.1864013671875
22,0.07317073170731714,0.000265199167188257,2,1,-7,1971.1864013671875
23,0.12195121951219523,9.537280129734427e-05,2,1,-7,1971.1864013671875
24,0.17073170731707332,0.0003639351634774357,2,1,-7,1971.1864013671875
25,0.2195121951219512,3.340684634167701e-05,2,1,-7,1971.1864013671875
26,0.2682926829268293,0.0006508054211735725,2,1,-7,1971.1864013671875
27,0.3170731707317074,8.643414184916764e-05,2,1,-7,1971.1864013671875
28,0.36585365853658547,0.0006967262597754598,2,1,-7,1971.1864013671875
29,0.41463414634146356,0.0006243954412639141,2,1,-7,1971.1864013671875
30,0.46341463414634143,0.000549126707483083,2,1,-7,1971.1864013671875
31,0.5121951219512195,0.0035038460046052933,2,1,-7,1971.1864013671875
32,0.5609756097560976,0.00016364376642741263,2,1,-7,1971.1864013671875
33,0.6097560975609757,0.010847627185285091,2,1,-7,1971.1864013671875
34,0.6585365853658538,0.008318660780787468,2,1,-7,1971.1864013671875
35,0.7073170731707317,0.1706824153661728,2,1,-7,1971.1864013671875
36,0.7560975609756098,0.14265699684619904,2,1,-7,1971.1864013671875
37,0.8048780487804879,0.001557198935188353,2,1,-7,1971.1864013671875
38,0.853658536585366,0.006290889345109463,2,1,-7,1971.1864013671875
39,0.902439024390244,0.00042528993799351156,2,1,-7,1971.1864013671875
40,0.9512195121951219,0.003526925342157483,2,1,-7,1971.1864013671875
41,1.0,0.000802207097876817,2,1,-7,1971.1864013671875
0,-1.0,0.0,2,3,-6,1971.1864013671875
1,-0.9512195121951219,0.0,2,3,-6,1971.1864013671875
2,-0.9024390243902439,0.0,2,3,-6,1971.1864013671875
3,-0.8536585365853658,0.0,2,3,-6,1971.1864013671875
4,-0.8048780487804879,0.0,2,3,-6,1971.1864013671875
5,-0.7560975609756098,0.0,2,3,-6,1971.1864013671875
6,-0.7073170731707317,0.0,2,3,-6,1971.1864013671875
7,-0.6585365853658536,0.0,2,3,-6,1971.1864013671875
8,-0.6097560975609756,0.0,2,3,-6,1971.1864013671875
9,-0.5609756097560976,0.0,2,3,-6,1971.1864013671875
10,-0.5121951219512195,0.0,2,3,-6,1971.1864013671875
11,-0.46341463414634143,0.0,2,3,-6,1971.1864013671875
12,-0.41463414634146334,1.1950352245548856e-06,2,3,-6,1971.1864013671875
13,-0.36585365853658536,7.508723456339794e-07,2,3,-6,1971.1864013671875
14,-0.31707317073170727,1.1884726802691148e-07,2,3,-6,1971.1864013671875
15,-0.2682926829268293,3.20515209750738e-06,2,3,-6,1971.1864013671875
16,-0.2195121951219512,5.707816512767749e-07,2,3,-6,1971.1864013671875
17,-0.1707317073170731,2.2578061020794848e-07,2,3,-6,1971.1864013671875
18,-0.12195121951219512,6.089380235607678e-07,2,3,-6,1971.1864013671875
19,-0.07317073170731703,1.7046492075678543e-06,2,3,-6,1971.1864013671875
20,-0.024390243902439046,1.9378185243112966e-06,2,3,-6,1971.1864013671875
21,0.024390243902439046,1.2240733440194163e-06,2,3,-6,1971.1864013671875
22,0.07317073170731714,2.568931734003854e-07,2,3,-6,1971.1864013671875
23,0.12195121951219523,3.121076133538736e-06,2,3,-6,1971.1864013671875
24,0.17073170731707332,2.3540724214399233e-06,2,3,-6,1971.1864013671875
25,0.2195121951219512,5.008978860132629e-06,2,3,-6,1971.1864013671875
26,0.2682926829268293,8.937439019973681e-07,2,3,-6,1971.1864013671875
27,0.3170731707317074,1.3786567251372617e-05,2,3,-6,1971.1864013671875
28,0.36585365853658547,3.1085435239219805e-06,2,3,-6,1971.1864013671875
29,0.41463414634146356,9.35726857278496e-05,2,3,-6,1971.1864013671875
30,0.46341463414634143,3.8314492485369556e-06,2,3,-6,1971.1864013671875
31,0.5121951219512195,6.661153020104393e-05,2,3,-6,1971.1864013671875
32,0.5609756097560976,2.970902414745069e-06,2,3,-6,1971.1864013671875
33,0.6097560975609757,1.8421356799080968e-05,2,3,-6,1971.1864013671875
34,0.6585365853658538,3.19991449941881e-05,2,3,-6,1971.1864013671875
35,0.7073170731707317,7.155931234592572e-05,2,3,-6,1971.1864013671875
36,0.7560975609756098,0.0002954534429591149,2,3,-6,1971.1864013671875
37,0.8048780487804879,2.4165248760255054e-05,2,3,-6,1971.1864013671875
38,0.853658536585366,0.00011053263006033376,2,3,-6,1971.1864013671875
39,0.902439024390244,0.0008256477303802967,2,3,-6,1971.1864013671875
40,0.9512195121951219,0.01031576283276081,2,3,-6,1971.1864013671875
41,1.0,0.0006254101754166186,2,3,-6,1971.1864013671875
0,-1.0,2.37010681303218e-05,2,4,-6,1971.1864013671875
1,-0.9512195121951219,8.435587005806156e-06,2,4,-6,1971.1864013671875
2,-0.9024390243902439,1.4927470147085842e-05,2,4,-6,1971.1864013671875
3,-0.8536585365853658,4.97332666782313e-06,2,4,-6,1971.1864013671875
4,-0.8048780487804879,3.444604885771696e-07,2,4,-6,1971.1864013671875
5,-0.7560975609756098,1.393324328091694e-05,2,4,-6,1971.1864013671875
6,-0.7073170731707317,8.305601113534067e-06,2,4,-6,1971.1864013671875
7,-0.6585365853658536,1.375741021547583e-06,2,4,-6,1971.1864013671875
8,-0.6097560975609756,7.1047720666683745e-06,2,4,-6,1971.1864013671875
9,-0.5609756097560976,1.4626117263105698e-05,2,4,-6,1971.1864013671875
10,-0.5121951219512195,1.4861791896692012e-05,2,4,-6,1971.1864013671875
11,-0.46341463414634143,6.58540302538313e-05,2,4,-6,1971.1864013671875
12,-0.41463414634146334,4.712461668532342e-05,2,4,-6,1971.1864013671875
13,-0.36585365853658536,4.1473398596281186e-05,2,4,-6,1971.1864013671875
14,-0.31707317073170727,0.00023835651518311352,2,4,-6,1971.1864013671875
15,-0.2682926829268293,0.0005102980067022145,2,4,-6,1971.1864013671875
16,-0.2195121951219512,0.0007682631839998066,2,4,-6,1971.1864013671875
17,-0.1707317073170731,0.00020350499835330993,2,4,-6,1971.1864013671875
18,-0.12195121951219512,0.006237928289920092,2,4,-6,1971.1864013671875
19,-0.07317073170731703,0.0017087021842598915,2,4,-6,1971.1864013671875
20,-0.024390243902439046,0.0005141922738403082,2,4,-6,1971.1864013671875
21,0.024390243902439046,2.4777457383606816e-06,2,4,-6,1971.1864013671875
22,0.07317073170731714,6.467641651397571e-05,2,4,-6,1971.1864013671875
23,0.12195121951219523,9.190557466354221e-05,2,4,-6,1971.1864013671875
24,0.17073170731707332,5.7014465710381046e-05,2,4,-6,1971.1864013671875
25,0.2195121951219512,5.715922725357814e-06,2,4,-6,1971.1864013671875
26,0.2682926829268293,3.897739134117728e-06,2,4,-6,1971.1864013671875
27,0.3170731707317074,8.432640242972411e-06,2,4,-6,1971.1864013671875
28,0.36585365853658547,3.0910305213183165e-05,2,4,-6,1971.1864013671875
29,0.41463414634146356,1.6744525055401027e-05,2,4,-6,1971.1864013671875
30,0.46341463414634143,1.9336866898811422e-05,2,4,-6,1971.1864013671875
31,0.5121951219512195,2.5515484594507143e-05,2,4,-6,1971.1864013671875
32,0.5609756097560976,1.4948090210964438e-05,2,4,-6,1971.1864013671875
33,0.6097560975609757,2.23020924750017e-05,2,4,-6,1971.1864013671875
34,0.6585365853658538,1.5707397324149497e-05,2,4,-6,1971.1864013671875
35,0.7073170731707317,2.413056427030824e-05,2,4,-6,1971.1864013671875
36,0.7560975609756098,5.482415508595295e-05,2,4,-6,1971.1864013671875
37,0.8048780487804879,8.194498150260188e-06,2,4,-6,1971.1864013671875
38,0.853658536585366,2.6663123207981698e-05,2,4,-6,1971.1864013671875
39,0.902439024390244,2.028643166340771e-06,2,4,-6,1971.1864013671875
40,0.9512195121951219,0.0,2,4,-6,1971.1864013671875
41,1.0,0.0,2,4,-6,1971.1864013671875
0,-1.0,7.309635839192197e-05,2,5,-6,1971.1864013671875
1,-0.9512195121951219,2.3297341158468043e-06,2,5,-6,1971.1864013671875
2,-0.9024390243902439,5.935825811320683e-06,2,5,-6,1971.1864013671875
3,-0.8536585365853658,0.0001771393435774371,2,5,-6,1971.1864013671875
4,-0.8048780487804879,0.0002399489894742146,2,5,-6,1971.1864013671875
5,-0.7560975609756098,7.550618465756997e-05,2,5,-6,1971.1864013671875
6,-0.7073170731707317,3.319983443361707e-05,2,5,-6,1971.1864013671875
7,-0.6585365853658536,1.9464179786155e-05,2,5,-6,1971.1864013671875
8,-0.6097560975609756,2.807355485856533e-05,2,5,-6,1971.1864013671875
9,-0.5609756097560976,2.4161572582670487e-05,2,5,-6,1971.1864013671875
10,-0.5121951219512195,2.102865664710407e-06,2,5,-6,1971.1864013671875
11,-0.46341463414634143,8.641763429295679e-07,2,5,-6,1971.1864013671875
12,-0.41463414634146334,9.663822311267722e-06,2,5,-6,1971.1864013671875
13,-0.36585365853658536,1.2356974821159383e-06,2,5,-6,1971.1864013671875
14,-0.31707317073170727,2.563323050708277e-06,2,5,-6,1971.1864013671875
15,-0.2682926829268293,7.028823461041611e-07,2,5,-6,1971.1864013671875
16,-0.2195121951219512,2.715562459343346e-06,2,5,-6,1971.1864013671875
17,-0.1707317073170731,1.2890725997749541e-07,2,5,-6,1971.1864013671875
18,-0.12195121951219512,1.0664258525139303e-06,2,5,-6,1971.1864013671875
19,-0.07317073170731703,6.54076757200528e-08,2,5,-6,1971.1864013671875
20,-0.024390243902439046,6.765407647435495e-07,2,5,-6,1971.1864013671875
21,0.024390243902439046,1.4310560914054804e-07,2,5,-6,1971.1864013671875
22,0.07317073170731714,2.5154914595759692e-08,2,5,-6,1971.1864013671875
23,0.12195121951219523,0.0,2,5,-6,1971.1864013671875
24,0.17073170731707332,0.0,2,5,-6,1971.1864013671875
25,0.2195121951219512,0.0,2,5,-6,1971.1864013671875
26,0.2682926829268293,0.0,2,5,-6,1971.1864013671875
27,0.3170731707317074,0.0,2,5,-6,1971.1864013671875
28,0.36585365853658547,0.0,2,5,-6,1971.1864013671875
29,0.41463414634146356,0.0,2,5,-6,1971.1864013671875
30,0.46341463414634143,0.0,2,5,-6,1971.1864013671875
31,0.5121951219512195,0.0,2,5,-6,1971.1864013671875
32,0.5609756097560976,0.0,2,5,-6,1971.1864013671875
33,0.6097560975609757,0.0,2,5,-6,1971.1864013671875
34,0.6585365853658538,0.0,2,5,-6,1971.1864013671875
35,0.7073170731707317,0.0,2,5,-6,1971.1864013671875
36,0.7560975609756098,0.0,2,5,-6,1971.1864013671875
37,0.8048780487804879,0.0,2,5,-6,1971.1864013671875
38,0.853658536585366,0.0,2,5,-6,1971.1864013671875
39,0.902439024390244,0.0,2,5,-6,1971.1864013671875
40,0.9512195121951219,0.0,2,5,-6,1971.1864013671875
41,1.0,0.0,2,5,-6,1971.1864013671875
0,-1.0,0.0,2,6,-5,1971.1864013671875
1,-0.9512195121951219,0.0,2,6,-5,1971.1864013671875
2,-0.9024390243902439,0.0,2,6,-5,1971.1864013671875
3,-0.8536585365853658,0.0,2,6,-5,1971.1864013671875
4,-0.8048780487804879,0.0,2,6,-5,1971.1864013671875
5,-0.7560975609756098,0.0,2,6,-5,1971.1864013671875
6,-0.7073170731707317,0.0,2,6,-5,1971.1864013671875
7,-0.6585365853658536,0.0,2,6,-5,1971.1864013671875
8,-0.6097560975609756,0.0,2,6,-5,1971.1864013671875
9,-0.5609756097560976,0.0,2,6,-5,1971.1864013671875
10,-0.5121951219512195,0.0,2,6,-5,1971.1864013671875
11,-0.46341463414634143,0.0,2,6,-5,1971.1864013671875
12,-0.41463414634146334,0.0,2,6,-5,1971.1864013671875
13,-0.36585365853658536,0.0,2,6,-5,1971.1864013671875
14,-0.31707317073170727,0.0,2,6,-5,1971.1864013671875
15,-0.2682926829268293,0.0,2,6,-5,1971.1864013671875
16,-0.2195121951219512,0.0,2,6,-5,1971.1864013671875
17,-0.1707317073170731,0.0,2,6,-5,1971.1864013671875
18,-0.12195121951219512,1.1462226012781684e-07,2,6,-5,1971.1864013671875
19,-0.07317073170731703,3.5820360722027544e-07,2,6,-5,1971.1864013671875
20,-0.024390243902439046,3.60531572596301e-07,2,6,-5,1971.1864013671875
21,0.024390243902439046,1.6076302244982799e-07,2,6,-5,1971.1864013671875
22,0.07317073170731714,2.935564396011614e-07,2,6,-5,1971.1864013671875
23,0.12195121951219523,6.409458706002624e-07,2,6,-5,1971.1864013671875
24,0.17073170731707332,3.5987216051580617e-07,2,6,-5,1971.1864013671875
25,0.2195121951219512,1.1210490811208729e-05,2,6,-5,1971.1864013671875
26,0.2682926829268293,1.6425627109128982e-05,2,6,-5,1971.1864013671875
27,0.3170731707317074,1.2112826880184002e-05,2,6,-5,1971.1864013671875
28,0.36585365853658547,7.424748218909372e-06,2,6,-5,1971.1864013671875
29,0.41463414634146356,1.4170483154885005e-05,2,6,-5,1971.1864013671875
30,0.46341463414634143,1.4988146176619921e-05,2,6,-5,1971.1864013671875
31,0.5121951219512195,4.9232250603381544e-05,2,6,-5,1971.1864013671875
32,0.5609756097560976,0.00025936737074516714,2,6,-5,1971.1864013671875
33,0.6097560975609757,0.0005231559625826776,2,6,-5,1971.1864013671875
34,0.6585365853658538,1.216746028376292e-07,2,6,-5,1971.1864013671875
35,0.7073170731707317,6.653114542132244e-05,2,6,-5,1971.1864013671875
36,0.7560975609756098,5.154303721610631e-07,2,6,-5,1971.1864013671875
37,0.8048780487804879,3.1719034723209916e-06,2,6,-5,1971.1864013671875
38,0.853658536585366,4.5178649088484235e-06,2,6,-5,1971.1864013671875
39,0.902439024390244,2.795314003378735e-06,2,6,-5,1971.1864013671875
40,0.9512195121951219,6.3376455727848224e-06,2,6,-5,1971.1864013671875
41,1.0,1.401726308358775e-06,2,6,-5,1971.1864013671875
0,-1.0,0.0,2,7,-5,1971.1864013671875
1,-0.9512195121951219,0.0,2,7,-5,1971.1864013671875
2,-0.9024390243902439,0.0,2,7,-5,1971.1864013671875
3,-0.8536585365853658,0.0,2,7,-5,1971.1864013671875
4,-0.8048780487804879,0.0,2,7,-5,1971.1864013671875
5,-0.7560975609756098,0.0,2,7,-5,1971.1864013671875
6,-0.7073170731707317,0.0,2,7,-5,1971.1864013671875
7,-0.6585365853658536,0.0,2,7,-5,1971.1864013671875
8,-0.6097560975609756,0.0,2,7,-5,1971.1864013671875
9,-0.5609756097560976,0.0,2,7,-5,1971.1864013671875
10,-0.5121951219512195,6.649836450378643e-07,2,7,-5,1971.1864013671875
11,-0.46341463414634143,4.959748025612498e-07,2,7,-5,1971.1864013671875
12,-0.41463414634146334,5.104345177642244e-07,2,7,-5,1971.1864013671875
13,-0.36585365853658536,3.3398986687416254e-08,2,7,-5,1971.1864013671875
14,-0.31707317073170727,1.7871563784410682e-07,2,7,-5,1971.1864013671875
15,-0.2682926829268293,5.133035108073614e-10,2,7,-5,1971.1864013671875
16,-0.2195121951219512,5.674100975738838e-07,2,7,-5,1971.1864013671875
17,-0.1707317073170731,2.145648977602832e-06,2,7,-5,1971.1864013671875
18,-0.12195121951219512,2.393005615886068e-06,2,7,-5,1971.1864013671875
19,-0.07317073170731703,1.1656730976028484e-06,2,7,-5,1971.1864013671875
20,-0.024390243902439046,7.025534159765812e-06,2,7,-5,1971.1864013671875
21,0.024390243902439046,1.394993614667328e-05,2,7,-5,1971.1864013671875
22,0.07317073170731714,0.00024204759392887354,2,7,-5,1971.1864013671875
23,0.12195121951219523,0.001508692861534655,2,7,-5,1971.1864013671875
24,0.17073170731707332,6.796229718020186e-05,2,7,-5,1971.1864013671875
25,0.2195121951219512,3.267126885475591e-05,2,7,-5,1971.1864013671875
26,0.2682926829268293,1.1828691640403122e-05,2,7,-5,1971.1864013671875
27,0.3170731707317074,8.13266888144426e-06,2,7,-5,1971.1864013671875
28,0.36585365853658547,6.7243950070405845e-06,2,7,-5,1971.1864013671875
29,0.41463414634146356,2.339749471502728e-06,2,7,-5,1971.1864013671875
30,0.46341463414634143,3.1632425816496834e-06,2,7,-5,1971.1864013671875
31,0.5121951219512195,2.722576709857094e-06,2,7,-5,1971.1864013671875
32,0.5609756097560976,2.774559561657952e-06,2,7,-5,1971.1864013671875
33,0.6097560975609757,1.6780531950644217e-05,2,7,-5,1971.1864013671875
34,0.6585365853658538,1.333620957666426e-06,2,7,-5,1971.1864013671875
35,0.7073170731707317,6.616081009269692e-06,2,7,-5,1971.1864013671875
36,0.7560975609756098,2.679799990801257e-06,2,7,-5,1971.1864013671875
37,0.8048780487804879,0.0,2,7,-5,1971.1864013671875
38,0.853658536585366,0.0,2,7,-5,1971.1864013671875
39,0.902439024390244,0.0,2,7,-5,1971.1864013671875
40,0.9512195121951219,0.0,2,7,-5,1971.1864013671875
41,1.0,0.0,2,7,-5,1971.1864013671875
0,-1.0,4.7176740736176725e-06,3,2,-11,1971.1864013671875
1,-0.9512195121951219,2.2432998321164632e-06,3,2,-11,1971.1864013671875
2,-0.9024390243902439,7.337645797633741e-07,3,2,-11,1971.1864013671875
3,-0.8536585365853658,2.1653977455571294e-06,3,2,-11,1971.1864013671875
4,-0.8048780487804879,2.7042308374802815e-06,3,2,-11,1971.1864013671875
5,-0.7560975609756098,7.134449333534576e-06,3,2,-11,1971.1864013671875
6,-0.7073170731707317,7.370497769443318e-06,3,2,-11,1971.1864013671875
7,-0.6585365853658536,5.830690133734606e-05,3,2,-11,1971.1864013671875
8,-0.6097560975609756,1.6863148630363867e-05,3,2,-11,1971.1864013671875
9,-0.5609756097560976,2.022423541347962e-05,3,2,-11,1971.1864013671875
10,-0.5121951219512195,0.0003044053737539798,3,2,-11,1971.1864013671875
11,-0.46341463414634143,0.0016260033007711172,3,2,-11,1971.1864013671875
12,-0.41463414634146334,0.0030100580770522356,3,2,-11,1971.1864013671875
13,-0.36585365853658536,0.00018884758173953742,3,2,-11,1971.1864013671875
14,-0.31707317073170727,5.9347861679270864e-05,3,2,-11,1971.1864013671875
15,-0.2682926829268293,3.268357249908149e-05,3,2,-11,1971.1864013671875
16,-0.2195121951219512,3.8862894143676385e-05,3,2,-11,1971.1864013671875
17,-0.1707317073170731,1.4694102901557926e-05,3,2,-11,1971.1864013671875
18,-0.12195121951219512,6.4975333771144506e-06,3,2,-11,1971.1864013671875
19,-0.07317073170731703,1.2864627478847979e-06,3,2,-11,1971.1864013671875
20,-0.024390243902439046,7.764021574985236e-06,3,2,-11,1971.1864013671875
21,0.024390243902439046,5.835270712850615e-06,3,2,-11,1971.1864013671875
22,0.07317073170731714,3.07526556753146e-06,3,2,-11,1971.1864013671875
23,0.12195121951219523,1.78333459643909e-06,3,2,-11,1971.1864013671875
24,0.17073170731707332,3.0218891424738104e-06,3,2,-11,1971.1864013671875
25,0.2195121951219512,1.2157215678598732e-05,3,2,-11,1971.1864013671875
26,0.2682926829268293,4.268978955224156e-06,3,2,-11,1971.1864013671875
27,0.3170731707317074,7.521757794393125e-08,3,2,-11,1971.1864013671875
28,0.36585365853658547,9.221972732120776e-07,3,2,-11,1971.1864013671875
29,0.41463414634146356,7.246639484037587e-07,3,2,-11,1971.1864013671875
30,0.46341463414634143,3.314309253710235e-07,3,2,-11,1971.1864013671875
31,0.5121951219512195,1.332923829977517e-06,3,2,-11,1971.1864013671875
32,0.5609756097560976,2.04622978117186e-07,3,2,-11,1971.1864013671875
33,0.6097560975609757,2.840549996108166e-06,3,2,-11,1971.1864013671875
34,0.6585365853658538,2.341978415643098e-06,3,2,-11,1971.1864013671875
35,0.7073170731707317,2.5680035832920112e-05,3,2,-11,1971.1864013671875
36,0.7560975609756098,1.6198055163840763e-05,3,2,-11,1971.1864013671875
37,0.8048780487804879,5.758967745350674e-06,3,2,-11,1971.1864013671875
38,0.853658536585366,1.157134875029442e-06,3,2,-11,1971.1864013671875
39,0.902439024390244,5.955578785687976e-07,3,2,-11,1971.1864013671875
40,0.9512195121951219,6.341588800751197e-07,3,2,-11,1971.1864013671875
41,1.0,9.087314651878842e-07,3,2,-11,1971.1864013671875
