tilt_index,tilt_angle,intensity,h,k,l,thickness
0,-1.0,0.0,-3,-6,7,832.2034301757812
1,-0.9512195121951219,0.0,-3,-6,7,832.2034301757812
2,-0.9024390243902439,0.0,-3,-6,7,832.2034301757812
3,-0.8536585365853658,0.0,-3,-6,7,832.2034301757812
4,-0.8048780487804879,0.0,-3,-6,7,832.2034301757812
5,-0.7560975609756098,0.0,-3,-6,7,832.2034301757812
6,-0.7073170731707317,0.0,-3,-6,7,832.2034301757812
7,-0.6585365853658536,0.0,-3,-6,7,832.2034301757812
8,-0.6097560975609756,0.0,-3,-6,7,832.2034301757812
9,-0.5609756097560976,0.0,-3,-6,7,832.2034301757812
10,-0.5121951219512195,0.0,-3,-6,7,832.2034301757812
11,-0.46341463414634143,0.0,-3,-6,7,832.2034301757812
12,-0.41463414634146334,0.0,-3,-6,7,832.2034301757812
13,-0.36585365853658536,0.0,-3,-6,7,832.2034301757812
14,-0.31707317073170727,0.0,-3,-6,7,832.2034301757812
15,-0.2682926829268293,6.463967565650819e-07,-3,-6,7,832.2034301757812
16,-0.2195121951219512,4.900032763544004e-06,-3,-6,7,832.2034301757812
17,-0.1707317073170731,2.774095264612697e-06,-3,-6,7,832.2034301757812
18,-0.12195121951219512,2.7431010494183283e-06,-3,-6,7,832.2034301757812
19,-0.07317073170731703,3.3692265333229443e-06,-3,-6,7,832.2034301757812
20,-0.024390243902439046,5.975821295578498e-07,-3,-6,7,832.2034301757812
21,0.024390243902439046,1.0521249578232528e-06,-3,-6,7,832.2034301757812
22,0.07317073170731714,1.6836850136314752e-07,-3,-6,7,832.2034301757812
23,0.12195121951219523,4.844360432798567e-07,-3,-6,7,832.2034301757812
24,0.17073170731707332,1.422710465703858e-05,-3,-6,7,832.2034301757812
25,0.2195121951219512,1.3583895452029537e-05,-3,-6,7,832.2034301757812
26,0.2682926829268293,1.6350953956134617e-05,-3,-6,7,832.2034301757812
27,0.3170731707317074,0.00010662300337571651,-3,-6,7,832.2034301757812
28,0.36585365853658547,6.077139187254943e-05,-3,-6,7,832.2034301757812
29,0.41463414634146356,0.005937508773058653,-3,-6,7,832.2034301757812
30,0.46341463414634143,0.0001234468654729426,-3,-6,7,832.2034301757812
31,0.5121951219512195,0.00012658193008974195,-3,-6,7,832.2034301757812
32,0.5609756097560976,5.527241955860518e-05,-3,-6,7,832.2034301757812
33,0.6097560975609757,2.2982942027738318e-05,-3,-6,7,832.2034301757812
34,0.6585365853658538,3.6728845316247316e-06,-3,-6,7,832.2034301757812
35,0.7073170731707317,8.062141887421603e-07,-3,-6,7,832.2034301757812
36,0.7560975609756098,9.787091812540893e-07,-3,-6,7,832.2034301757812
37,0.8048780487804879,1.095932657335652e-05,-3,-6,7,832.2034301757812
38,0.853658536585366,2.858201014532824e-06,-3,-6,7,832.2034301757812
39,0.902439024390244,1.8334387732465984e-06,-3,-6,7,832.2034301757812
40,0.9512195121951219,7.402965138680884e-07,-3,-6,7,832.2034301757812
41,1.0,1.134186277340632e-06,-3,-6,7,832.2034301757812
0,-1.0,4.644002910936251e-05,-3,-5,8,832.2034301757812
1,-0.9512195121951219,1.6561991287744604e-05,-3,-5,8,832.2034301757812
2,-0.9024390243902439,1.1706109944498166e-05,-3,-5,8,832.2034301757812
3,-0.8536585365853658,1.2167050044809002e-05,-3,-5,8,832.2034301757812
4,-0.8048780487804879,0.0008600442670285702,-3,-5,8,832.2034301757812
5,-0.7560975609756098,0.0018432477954775095,-3,-5,8,832.2034301757812
6,-0.7073170731707317,4.024211193609517e-06,-3,-5,8,832.2034301757812
7,-0.6585365853658536,3.996768646175042e-05,-3,-5,8,832.2034301757812
8,-0.6097560975609756,9.704578587843571e-06,-3,-5,8,832.2034301757812
9,-0.5609756097560976,3.090513564529829e-05,-3,-5,8,832.2034301757812
10,-0.5121951219512195,3.4942648198921233e-05,-3,-5,8,832.2034301757812
11,-0.46341463414634143,5.6682406466279645e-06,-3,-5,8,832.2034301757812
12,-0.41463414634146334,2.5870663193927612e-06,-3,-5,8,832.2034301757812
13,-0.36585365853658536,2.60713386524003e-06,-3,-5,8,832.2034301757812
14,-0.31707317073170727,2.7146393222210463e-07,-3,-5,8,832.2034301757812
15,-0.2682926829268293,2.815762911723141e-07,-3,-5,8,832.2034301757812
16,-0.2195121951219512,2.816690312101855e-06,-3,-5,8,832.2034301757812
17,-0.1707317073170731,5.022730420023436e-06,-3,-5,8,832.2034301757812
18,-0.12195121951219512,2.507702447474003e-06,-3,-5,8,832.2034301757812
19,-0.07317073170731703,3.921766165149165e-06,-3,-5,8,832.2034301757812
20,-0.024390243902439046,7.758244464639574e-06,-3,-5,8,832.2034301757812
21,0.024390243902439046,1.8814978375303326e-06,-3,-5,8,832.2034301757812
22,0.07317073170731714,0.0,-3,-5,8,832.2034301757812
23,0.12195121951219523,0.0,-3,-5,8,832.2034301757812
24,0.17073170731707332,0.0,-3,-5,8,832.2034301757812
25,0.2195121951219512,0.0,-3,-5,8,832.2034301757812
26,0.2682926829268293,0.0,-3,-5,8,832.2034301757812
27,0.3170731707317074,0.0,-3,-5,8,832.2034301757812
28,0.36585365853658547,0.0,-3,-5,8,832.2034301757812
29,0.41463414634146356,0.0,-3,-5,8,832.2034301757812
30,0.46341463414634143,0.0,-3,-5,8,832.2034301757812
31,0.5121951219512195,0.0,-3,-5,8,832.2034301757812
32,0.5609756097560976,0.0,-3,-5,8,832.2034301757812
33,0.6097560975609757,0.0,-3,-5,8,832.2034301757812
34,0.6585365853658538,0.0,-3,-5,8,832.2034301757812
35,0.7073170731707317,0.0,-3,-5,8,832.2034301757812
36,0.7560975609756098,0.0,-3,-5,8,832.2034301757812
37,0.8048780487804879,0.0,-3,-5,8,832.2034301757812
38,0.853658536585366,0.0,-3,-5,8,832.2034301757812
39,0.902439024390244,0.0,-3,-5,8,832.2034301757812
40,0.9512195121951219,0.0,-3,-5,8,832.2034301757812
41,1.0,0.0,-3,-5,8,832.2034301757812
0,-1.0,0.0,-3,-4,8,832.2034301757812
1,-0.9512195121951219,0.0,-3,-4,8,832.2034301757812
2,-0.9024390243902439,0.0,-3,-4,8,832.2034301757812
3,-0.8536585365853658,0.0,-3,-4,8,832.2034301757812
4,-0.8048780487804879,0.0,-3,-4,8,832.2034301757812
5,-0.7560975609756098,0.0,-3,-4,8,832.2034301757812
6,-0.7073170731707317,0.0,-3,-4,8,832.2034301757812
7,-0.6585365853658536,0.0,-3,-4,8,832.2034301757812
8,-0.6097560975609756,0.0,-3,-4,8,832.2034301757812
9,-0.5609756097560976,7.891300811024848e-06,-3,-4,8,832.2034301757812
10,-0.5121951219512195,2.297485934832366e-06,-3,-4,8,832.2034301757812
11,-0.46341463414634143,5.591572289631586e-07,-3,-4,8,832.2034301757812
12,-0.41463414634146334,2.3751147182338173e-06,-3,-4,8,832.2034301757812
13,-0.36585365853658536,4.696280342386672e-08,-3,-4,8,832.2034301757812
14,-0.31707317073170727,1.1738288776541594e-06,-3,-4,8,832.2034301757812
15,-0.2682926829268293,1.7081605392377242e-06,-3,-4,8,832.2034301757812
16,-0.2195121951219512,1.6812379044495174e-06,-3,-4,8,832.2034301757812
17,-0.1707317073170731,6.590698831132613e-06,-3,-4,8,832.2034301757812
18,-0.12195121951219512,1.897357151392498e-06,-3,-4,8,832.2034301757812
19,-0.07317073170731703,9.487853844802885e-07,-3,-4,8,832.2034301757812
20,-0.024390243902439046,6.1184397281977e-07,-3,-4,8,832.2034301757812
21,0.024390243902439046,5.871800567547325e-06,-3,-4,8,832.2034301757812
22,0.07317073170731714,1.7083293641917408e-05,-3,-4,8,832.2034301757812
23,0.12195121951219523,3.005777944053989e-05,-3,-4,8,832.2034301757812
24,0.17073170731707332,8.284747309517115e-06,-3,-4,8,832.2034301757812
25,0.2195121951219512,2.000231688725762e-05,-3,-4,8,832.2034301757812
26,0.2682926829268293,1.4006745004735421e-05,-3,-4,8,832.2034301757812
27,0.3170731707317074,0.0012578265741467476,-3,-4,8,832.2034301757812
28,0.36585365853658547,0.0007302887970581651,-3,-4,8,832.2034301757812
29,0.41463414634146356,0.0005363677046261728,-3,-4,8,832.2034301757812
30,0.46341463414634143,0.000639348931144923,-3,-4,8,832.2034301757812
31,0.5121951219512195,0.00024076206318568438,-3,-4,8,832.2034301757812
32,0.5609756097560976,0.00010623321577440947,-3,-4,8,832.2034301757812
33,0.6097560975609757,0.00011145014286739752,-3,-4,8,832.2034301757812
34,0.6585365853658538,2.097735159622971e-05,-3,-4,8,832.2034301757812
35,0.7073170731707317,4.912086751573952e-06,-3,-4,8,832.2034301757812
36,0.7560975609756098,1.211439575854456e-05,-3,-4,8,832.2034301757812
37,0.8048780487804879,1.8078148968925234e-06,-3,-4,8,832.2034301757812
38,0.853658536585366,2.7157650492881658e-06,-3,-4,8,832.2034301757812
39,0.902439024390244,4.084129614057019e-06,-3,-4,8,832.2034301757812
40,0.9512195121951219,3.419858956021926e-07,-3,-4,8,832.2034301757812
41,1.0,5.344887995306635e-06,-3,-4,8,832.2034301757812
0,-1.0,1.2722022120215115e-06,-3,-2,9,832.2034301757812
1,-0.9512195121951219,1.303715180256404e-05,-3,-2,9,832.2034301757812
2,-0.9024390243902439,1.3778507309325505e-05,-3,-2,9,832.2034301757812
3,-0.8536585365853658,3.655533873825334e-06,-3,-2,9,832.2034301757812
4,-0.8048780487804879,9.657456757850014e-06,-3,-2,9,832.2034301757812
5,-0.7560975609756098,8.831579179968685e-05,-3,-2,9,832.2034301757812
6,-0.7073170731707317,1.5911145965219475e-05,-3,-2,9,832.2034301757812
7,-0.6585365853658536,9.597130701877177e-05,-3,-2,9,832.2034301757812
8,-0.6097560975609756,4.3977379391435534e-05,-3,-2,9,832.2034301757812
9,-0.5609756097560976,0.00018870254280045629,-3,-2,9,832.2034301757812
10,-0.5121951219512195,0.0002121525030815974,-3,-2,9,832.2034301757812
11,-0.46341463414634143,2.4374483018618776e-06,-3,-2,9,832.2034301757812
12,-0.41463414634146334,5.9193986089667305e-05,-3,-2,9,832.2034301757812
13,-0.36585365853658536,2.7032509024138562e-05,-3,-2,9,832.2034301757812
14,-0.31707317073170727,8.472932677250355e-05,-3,-2,9,832.2034301757812
15,-0.2682926829268293,4.826916119782254e-05,-3,-2,9,832.2034301757812
16,-0.2195121951219512,0.004459552466869354,-3,-2,9,832.2034301757812
17,-0.1707317073170731,0.011444074101746082,-3,-2,9,832.2034301757812
18,-0.12195121951219512,0.004984013270586729,-3,-2,9,832.2034301757812
19,-0.07317073170731703,0.0006070747040212154,-3,-2,9,832.2034301757812
20,-0.024390243902439046,0.0003595961316023022,-3,-2,9,832.2034301757812
21,0.024390243902439046,4.25550460931845e-05,-3,-2,9,832.2034301757812
22,0.07317073170731714,4.32339875260368e-05,-3,-2,9,832.2034301757812
23,0.12195121951219523,6.270127778407186e-05,-3,-2,9,832.2034301757812
24,0.17073170731707332,1.865096237452235e-05,-3,-2,9,832.2034301757812
25,0.2195121951219512,2.393343675066717e-05,-3,-2,9,832.2034301757812
26,0.2682926829268293,2.228587163699558e-06,-3,-2,9,832.2034301757812
27,0.3170731707317074,7.007433305261657e-05,-3,-2,9,832.2034301757812
28,0.36585365853658547,6.076021236367524e-06,-3,-2,9,832.2034301757812
29,0.41463414634146356,9.243797103408724e-05,-3,-2,9,832.2034301757812
30,0.46341463414634143,1.1119828741357196e-05,-3,-2,9,832.2034301757812
31,0.5121951219512195,5.8070727391168475e-05,-3,-2,9,832.2034301757812
32,0.5609756097560976,4.085829459654633e-06,-3,-2,9,832.2034301757812
33,0.6097560975609757,1.7428925275453366e-05,-3,-2,9,832.2034301757812
34,0.6585365853658538,2.1912314878136385e-06,-3,-2,9,832.2034301757812
35,0.7073170731707317,1.9122526282444596e-05,-3,-2,9,832.2034301757812
36,0.7560975609756098,2.4244489395641722e-05,-3,-2,9,832.2034301757812
37,0.8048780487804879,2.5195504349539988e-06,-3,-2,9,832.2034301757812
38,0.853658536585366,2.775796303922107e-07,-3,-2,9,832.2034301757812
39,0.902439024390244,2.827512389558251e-06,-3,-2,9,832.2034301757812
40,0.9512195121951219,1.0545834356889827e-06,-3,-2,9,832.2034301757812
41,1.0,5.204255558055593e-06,-3,-2,9,832.2034301757812
0,-1.0,0.0,-3,4,11,832.2034301757812
1,-0.9512195121951219,0.0,-3,4,11,832.2034301757812
2,-0.9024390243902439,3.0121165650598414e-07,-3,4,11,832.2034301757812
3,-0.8536585365853658,7.599500690957939e-07,-3,4,11,832.2034301757812
4,-0.8048780487804879,1.5685865051295877e-08,-3,4,11,832.2034301757812
5,-0.7560975609756098,6.682985258521512e-07,-3,4,11,832.2034301757812
6,-0.7073170731707317,7.448800829479296e-07,-3,4,11,832.2034301757812
7,-0.6585365853658536,1.1814751132988022e-06,-3,4,11,832.2034301757812
8,-0.6097560975609756,5.448327101476025e-06,-3,4,11,832.2034301757812
9,-0.5609756097560976,1.4858014765195549e-05,-3,4,11,832.2034301757812
10,-0.5121951219512195,3.4213699109386653e-06,-3,4,11,832.2034301757812
11,-0.46341463414634143,2.8734473289659945e-06,-3,4,11,832.2034301757812
12,-0.41463414634146334,1.3295666576595977e-06,-3,4,11,832.2034301757812
13,-0.36585365853658536,1.2108091596019221e-06,-3,4,11,832.2034301757812
14,-0.31707317073170727,1.238196091435384e-06,-3,4,11,832.2034301757812
15,-0.2682926829268293,2.248622422484914e-06,-3,4,11,832.2034301757812
16,-0.2195121951219512,4.0001373236009385e-07,-3,4,11,832.2034301757812
17,-0.1707317073170731,3.956596174248261e-06,-3,4,11,832.2034301757812
18,-0.12195121951219512,5.410572043729189e-07,-3,4,11,832.2034301757812
19,-0.07317073170731703,1.9066955019297893e-06,-3,4,11,832.2034301757812
20,-0.024390243902439046,5.54480766368215e-06,-3,4,11,832.2034301757812
21,0.024390243902439046,1.8574710338725708e-06,-3,4,11,832.2034301757812
22,0.07317073170731714,9.836890058068093e-06,-3,4,11,832.2034301757812
23,0.12195121951219523,1.6728425578094175e-07,-3,4,11,832.2034301757812
24,0.17073170731707332,5.276509909890592e-06,-3,4,11,832.2034301757812
25,0.2195121951219512,1.2741455066134222e-05,-3,4,11,832.2034301757812
26,0.2682926829268293,7.351468411798123e-06,-3,4,11,832.2034301757812
27,0.3170731707317074,7.038702733552782e-06,-3,4,11,832.2034301757812
28,0.36585365853658547,2.5101224309764802e-05,-3,4,11,832.2034301757812
29,0.41463414634146356,7.314179129025433e-06,-3,4,11,832.2034301757812
30,0.46341463414634143,3.112161357421428e-05,-3,4,11,832.2034301757812
31,0.5121951219512195,0.0005324517260305583,-3,4,11,832.2034301757812
32,0.5609756097560976,0.0013918190961703658,-3,4,11,832.2034301757812
33,0.6097560975609757,0.0004045150999445468,-3,4,11,832.2034301757812
34,0.6585365853658538,2.701995435927529e-05,-3,4,11,832.2034301757812
35,0.7073170731707317,0.00010280592687195167,-3,4,11,832.2034301757812
36,0.7560975609756098,4.7677726797701325e-06,-3,4,11,832.2034301757812
37,0.8048780487804879,4.1621206037234515e-05,-3,4,11,832.2034301757812
38,0.853658536585366,1.110391258407617e-05,-3,4,11,832.2034301757812
39,0.902439024390244,1.5726300262031145e-05,-3,4,11,832.2034301757812
40,0.9512195121951219,8.830341357679572e-06,-3,4,11,832.2034301757812
41,1.0,1.6446188965346664e-05,-3,4,11,832.2034301757812
0,-1.0,3.610117346397601e-06,-3,5,11,832.2034301757812
1,-0.9512195121951219,3.565526185411727e-07,-3,5,11,832.2034301757812
2,-0.9024390243902439,5.076680281490553e-06,-3,5,11,832.2034301757812
3,-0.8536585365853658,7.225267381727463e-06,-3,5,11,832.2034301757812
4,-0.8048780487804879,1.256659402315563e-06,-3,5,11,832.2034301757812
5,-0.7560975609756098,6.163505076983711e-06,-3,5,11,832.2034301757812
6,-0.7073170731707317,3.605414167395793e-05,-3,5,11,832.2034301757812
7,-0.6585365853658536,1.1877771612489596e-05,-3,5,11,832.2034301757812
8,-0.6097560975609756,1.1185581570316572e-05,-3,5,11,832.2034301757812
9,-0.5609756097560976,7.118196663213894e-05,-3,5,11,832.2034301757812
10,-0.5121951219512195,0.0001495229807915166,-3,5,11,832.2034301757812
11,-0.46341463414634143,0.00028734884108416736,-3,5,11,832.2034301757812
12,-0.41463414634146334,0.0011098573449999094,-3,5,11,832.2034301757812
13,-0.36585365853658536,0.0017179555725306273,-3,5,11,832.2034301757812
14,-0.31707317073170727,0.0006834600353613496,-3,5,11,832.2034301757812
15,-0.2682926829268293,0.000428778090281412,-3,5,11,832.2034301757812
16,-0.2195121951219512,9.527891961624846e-05,-3,5,11,832.2034301757812
17,-0.1707317073170731,2.5448520318605006e-05,-3,5,11,832.2034301757812
18,-0.12195121951219512,2.5801215087994933e-05,-3,5,11,832.2034301757812
19,-0.07317073170731703,1.678810440353118e-05,-3,5,11,832.2034301757812
20,-0.024390243902439046,2.2066413293941878e-05,-3,5,11,832.2034301757812
21,0.024390243902439046,1.4914414805389242e-06,-3,5,11,832.2034301757812
22,0.07317073170731714,5.830376267113024e-06,-3,5,11,832.2034301757812
23,0.12195121951219523,1.0773737812996842e-05,-3,5,11,832.2034301757812
24,0.17073170731707332,2.0996269540773937e-06,-3,5,11,832.2034301757812
25,0.2195121951219512,1.1326455933158286e-05,-3,5,11,832.2034301757812
26,0.2682926829268293,1.3743197087023873e-06,-3,5,11,832.2034301757812
27,0.3170731707317074,3.936723260267172e-06,-3,5,11,832.2034301757812
28,0.36585365853658547,1.2279094789846567e-06,-3,5,11,832.2034301757812
29,0.41463414634146356,5.2046930250071455e-06,-3,5,11,832.2034301757812
30,0.46341463414634143,1.4460567854257533e-07,-3,5,11,832.2034301757812
31,0.5121951219512195,9.598669947763483e-08,-3,5,11,832.2034301757812
32,0.5609756097560976,3.994268354290398e-06,-3,5,11,832.2034301757812
33,0.6097560975609757,1.6879088207133464e-06,-3,5,11,832.2034301757812
34,0.6585365853658538,5.838995775775402e-07,-3,5,11,832.2034301757812
35,0.7073170731707317,8.273127605207264e-07,-3,5,11,832.2034301757812
36,0.7560975609756098,1.8362346736466861e-06,-3,5,11,832.2034301757812
37,0.8048780487804879,0.0,-3,5,11,832.2034301757812
38,0.853658536585366,0.0,-3,5,11,832.2034301757812
39,0.902439024390244,0.0,-3,5,11,832.2034301757812
40,0.9512195121951219,0.0,-3,5,11,832.2034301757812
41,1.0,0.0,-3,5,11,832.2034301757812
0,-1.0,0.0,-2,-8,3,832.2034301757812
1,-0.9512195121951219,0.0,-2,-8,3,832.2034301757812
2,-0.9024390243902439,0.0,-2,-8,3,832.2034301757812
3,-0.8536585365853658,0.0,-2,-8,3,832.2034301757812
4,-0.8048780487804879,0.0,-2,-8,3,832.2034301757812
5,-0.7560975609756098,0.0,-2,-8,3,832.2034301757812
6,-0.7073170731707317,0.0,-2,-8,3,832.2034301757812
7,-0.6585365853658536,0.0,-2,-8,3,832.2034301757812
8,-0.6097560975609756,0.0,-2,-8,3,832.2034301757812
9,-0.5609756097560976,0.0,-2,-8,3,832.2034301757812
10,-0.5121951219512195,0.0,-2,-8,3,832.2034301757812
11,-0.46341463414634143,5.050533786743472e-07,-2,-8,3,832.2034301757812
12,-0.41463414634146334,5.775038403044164e-07,-2,-8,3,832.2034301757812
13,-0.36585365853658536,1.0880598466656011e-07,-2,-8,3,832.2034301757812
14,-0.31707317073170727,4.023162603061792e-07,-2,-8,3,832.2034301757812
15,-0.2682926829268293,4.975435103915515e-07,-2,-8,3,832.2034301757812
16,-0.2195121951219512,7.675514552829554e-07,-2,-8,3,832.2034301757812
17,-0.1707317073170731,2.654365687249083e-07,-2,-8,3,832.2034301757812
18,-0.12195121951219512,6.130187557573663e-07,-2,-8,3,832.2034301757812
19,-0.07317073170731703,1.1768269132517162e-06,-2,-8,3,832.2034301757812
20,-0.024390243902439046,2.7302799935569055e-05,-2,-8,3,832.2034301757812
21,0.024390243902439046,1.8994225001733867e-06,-2,-8,3,832.2034301757812
22,0.07317073170731714,0.0004121693782508373,-2,-8,3,832.2034301757812
23,0.12195121951219523,9.74234444583999e-06,-2,-8,3,832.2034301757812
24,0.17073170731707332,1.9347239685885143e-06,-2,-8,3,832.2034301757812
25,0.2195121951219512,1.3005909522689763e-06,-2,-8,3,832.2034301757812
26,0.2682926829268293,1.6502561095421697e-07,-2,-8,3,832.2034301757812
27,0.3170731707317074,3.021015800186433e-06,-2,-8,3,832.2034301757812
28,0.36585365853658547,9.795012090307864e-08,-2,-8,3,832.2034301757812
29,0.41463414634146356,7.813915203769284e-07,-2,-8,3,832.2034301757812
30,0.46341463414634143,1.316688269525912e-07,-2,-8,3,832.2034301757812
31,0.5121951219512195,3.1764407140144613e-06,-2,-8,3,832.2034301757812
32,0.5609756097560976,8.57904808526655e-07,-2,-8,3,832.2034301757812
33,0.6097560975609757,6.738637381431545e-08,-2,-8,3,832.2034301757812
34,0.6585365853658538,0.0,-2,-8,3,832.2034301757812
35,0.7073170731707317,0.0,-2,-8,3,832.2034301757812
36,0.7560975609756098,0.0,-2,-8,3,832.2034301757812
37,0.8048780487804879,0.0,-2,-8,3,832.2034301757812
38,0.853658536585366,0.0,-2,-8,3,832.2034301757812
39,0.902439024390244,0.0,-2,-8,3,832.2034301757812
40,0.9512195121951219,0.0,-2,-8,3,832.2034301757812
41,1.0,0.0,-2,-8,3,832.2034301757812
0,-1.0,1.8235174366054707e-06,-2,-7,4,832.2034301757812
1,-0.9512195121951219,9.420975402463228e-06,-2,-7,4,832.2034301757812
2,-0.9024390243902439,2.1370222384575754e-05,-2,-7,4,832.2034301757812
3,-0.8536585365853658,3.363027281011455e-05,-2,-7,4,832.2034301757812
4,-0.8048780487804879,0.00010903932707151398,-2,-7,4,832.2034301757812
5,-0.7560975609756098,0.0009171237470582128,-2,-7,4,832.2034301757812
6,-0.7073170731707317,0.001345195109024644,-2,-7,4,832.2034301757812
7,-0.6585365853658536,8.158181299222633e-05,-2,-7,4,832.2034301757812
8,-0.6097560975609756,1.5181321941781789e-05,-2,-7,4,832.2034301757812
9,-0.5609756097560976,2.7414271244197153e-06,-2,-7,4,832.2034301757812
10,-0.5121951219512195,3.126666214825491e-08,-2,-7,4,832.2034301757812
11,-0.46341463414634143,4.4293287260188663e-07,-2,-7,4,832.2034301757812
12,-0.41463414634146334,4.296181941754185e-06,-2,-7,4,832.2034301757812
13,-0.36585365853658536,1.4916171267032041e-06,-2,-7,4,832.2034301757812
14,-0.31707317073170727,4.65507014268951e-07,-2,-7,4,832.2034301757812
15,-0.2682926829268293,7.12464668595203e-07,-2,-7,4,832.2034301757812
16,-0.2195121951219512,5.9312374105502386e-06,-2,-7,4,832.2034301757812
17,-0.1707317073170731,2.0578022486006375e-07,-2,-7,4,832.2034301757812
18,-0.12195121951219512,6.899063578202913e-07,-2,-7,4,832.2034301757812
19,-0.07317073170731703,0.0,-2,-7,4,832.2034301757812
20,-0.024390243902439046,0.0,-2,-7,4,832.2034301757812
21,0.024390243902439046,0.0,-2,-7,4,832.2034301757812
22,0.07317073170731714,0.0,-2,-7,4,832.2034301757812
23,0.12195121951219523,0.0,-2,-7,4,832.2034301757812
24,0.17073170731707332,0.0,-2,-7,4,832.2034301757812
25,0.2195121951219512,0.0,-2,-7,4,832.2034301757812
26,0.2682926829268293,0.0,-2,-7,4,832.2034301757812
27,0.3170731707317074,0.0,-2,-7,4,832.2034301757812
28,0.36585365853658547,0.0,-2,-7,4,832.2034301757812
29,0.41463414634146356,0.0,-2,-7,4,832.2034301757812
30,0.46341463414634143,0.0,-2,-7,4,832.2034301757812
31,0.5121951219512195,0.0,-2,-7,4,832.2034301757812
32,0.5609756097560976,0.0,-2,-7,4,832.2034301757812
33,0.6097560975609757,0.0,-2,-7,4,832.2034301757812
34,0.6585365853658538,0.0,-2,-7,4,832.2034301757812
35,0.7073170731707317,0.0,-2,-7,4,832.2034301757812
36,0.7560975609756098,0.0,-2,-7,4,832.2034301757812
37,0.8048780487804879,0.0,-2,-7,4,832.2034301757812
38,0.853658536585366,0.0,-2,-7,4,832.2034301757812
39,0.902439024390244,0.0,-2,-7,4,832.2034301757812
40,0.9512195121951219,0.0,-2,-7,4,832.2034301757812
41,1.0,0.0,-2,-7,4,832.2034301757812
0,-1.0,0.0,-2,-6,4,832.2034301757812
1,-0.9512195121951219,0.0,-2,-6,4,832.2034301757812
2,-0.9024390243902439,0.0,-2,-6,4,832.2034301757812
3,-0.8536585365853658,0.0,-2,-6,4,832.2034301757812
4,-0.8048780487804879,0.0,-2,-6,4,832.2034301757812
5,-0.7560975609756098,0.0,-2,-6,4,832.2034301757812
6,-0.7073170731707317,0.0,-2,-6,4,832.2034301757812
7,-0.6585365853658536,0.0,-2,-6,4,832.2034301757812
8,-0.6097560975609756,0.0,-2,-6,4,832.2034301757812
9,-0.5609756097560976,0.0,-2,-6,4,832.2034301757812
10,-0.5121951219512195,5.8697683016362134e-06,-2,-6,4,832.2034301757812
11,-0.46341463414634143,2.1241842205199646e-06,-2,-6,4,832.2034301757812
12,-0.41463414634146334,1.2773570290391945e-07,-2,-6,4,832.2034301757812
13,-0.36585365853658536,2.297942955920007e-06,-2,-6,4,832.2034301757812
14,-0.31707317073170727,4.386079581308877e-06,-2,-6,4,832.2034301757812
15,-0.2682926829268293,1.5489371207877412e-06,-2,-6,4,832.2034301757812
16,-0.2195121951219512,6.552770173584577e-06,-2,-6,4,832.2034301757812
17,-0.1707317073170731,1.3127901183906943e-05,-2,-6,4,832.2034301757812
18,-0.12195121951219512,1.5576908481307328e-05,-2,-6,4,832.2034301757812
19,-0.07317073170731703,2.3834269086364657e-05,-2,-6,4,832.2034301757812
20,-0.024390243902439046,4.2547548218863085e-05,-2,-6,4,832.2034301757812
21,0.024390243902439046,2.090039379254449e-05,-2,-6,4,832.2034301757812
22,0.07317073170731714,3.132197889499366e-05,-2,-6,4,832.2034301757812
23,0.12195121951219523,0.0001341984316240996,-2,-6,4,832.2034301757812
24,0.17073170731707332,0.0003663378593046218,-2,-6,4,832.2034301757812
25,0.2195121951219512,0.00555603438988328,-2,-6,4,832.2034301757812
26,0.2682926829268293,0.00010264277807436883,-2,-6,4,832.2034301757812
27,0.3170731707317074,4.4819058530265465e-05,-2,-6,4,832.2034301757812
28,0.36585365853658547,3.6530527722788975e-05,-2,-6,4,832.2034301757812
29,0.41463414634146356,3.03087908832822e-05,-2,-6,4,832.2034301757812
30,0.46341463414634143,1.0400863175163977e-05,-2,-6,4,832.2034301757812
31,0.5121951219512195,3.3541473385412246e-06,-2,-6,4,832.2034301757812
32,0.5609756097560976,9.810005394683685e-07,-2,-6,4,832.2034301757812
33,0.6097560975609757,1.9702215467987116e-06,-2,-6,4,832.2034301757812
34,0.6585365853658538,3.2555619782215217e-06,-2,-6,4,832.2034301757812
35,0.7073170731707317,9.618722742743557e-07,-2,-6,4,832.2034301757812
36,0.7560975609756098,9.258620536911621e-08,-2,-6,4,832.2034301757812
37,0.8048780487804879,1.54692170326598e-05,-2,-6,4,832.2034301757812
38,0.853658536585366,2.431855818940676e-06,-2,-6,4,832.2034301757812
39,0.902439024390244,3.8639964259346016e-06,-2,-6,4,832.2034301757812
40,0.9512195121951219,0.0,-2,-6,4,832.2034301757812
41,1.0,0.0,-2,-6,4,832.2034301757812
0,-1.0,0.0,-2,-4,5,832.2034301757812
1,-0.9512195121951219,0.0,-2,-4,5,832.2034301757812
2,-0.9024390243902439,0.0,-2,-4,5,832.2034301757812
3,-0.8536585365853658,1.7569536794326268e-05,-2,-4,5,832.2034301757812
4,-0.8048780487804879,1.0393487173132598e-05,-2,-4,5,832.2034301757812
5,-0.7560975609756098,1.2771473848260939e-05,-2,-4,5,832.2034301757812
6,-0.7073170731707317,7.645058985872311e-07,-2,-4,5,832.2034301757812
7,-0.6585365853658536,1.8210994312539697e-06,-2,-4,5,832.2034301757812
8,-0.6097560975609756,1.3040687917964533e-05,-2,-4,5,832.2034301757812
9,-0.5609756097560976,7.040500349830836e-06,-2,-4,5,832.2034301757812
10,-0.5121951219512195,1.0893351827689912e-05,-2,-4,5,832.2034301757812
11,-0.46341463414634143,8.521622163470965e-08,-2,-4,5,832.2034301757812
12,-0.41463414634146334,2.629034952406073e-06,-2,-4,5,832.2034301757812
13,-0.36585365853658536,4.111365797143662e-06,-2,-4,5,832.2034301757812
14,-0.31707317073170727,3.104586721747182e-05,-2,-4,5,832.2034301757812
15,-0.2682926829268293,1.105962110159453e-05,-2,-4,5,832.2034301757812
16,-0.2195121951219512,5.103620424051769e-06,-2,-4,5,832.2034301757812
17,-0.1707317073170731,4.7850917326286435e-05,-2,-4,5,832.2034301757812
18,-0.12195121951219512,2.4391334591200575e-05,-2,-4,5,832.2034301757812
19,-0.07317073170731703,2.7304760806146078e-05,-2,-4,5,832.2034301757812
20,-0.024390243902439046,0.0002381944068474695,-2,-4,5,832.2034301757812
21,0.024390243902439046,1.0730692338256631e-05,-2,-4,5,832.2034301757812
22,0.07317073170731714,0.0007641150732524693,-2,-4,5,832.2034301757812
23,0.12195121951219523,0.0008546525496058166,-2,-4,5,832.2034301757812
24,0.17073170731707332,0.011423487216234207,-2,-4,5,832.2034301757812
25,0.2195121951219512,0.0009418172994628549,-2,-4,5,832.2034301757812
26,0.2682926829268293,0.0001989437878364697,-2,-4,5,832.2034301757812
27,0.3170731707317074,2.0165660316706635e-05,-2,-4,5,832.2034301757812
28,0.36585365853658547,4.7524525825792807e-07,-2,-4,5,832.2034301757812
29,0.41463414634146356,3.718285370268859e-05,-2,-4,5,832.2034301757812
30,0.46341463414634143,9.356408554594964e-05,-2,-4,5,832.2034301757812
31,0.5121951219512195,1.948770477611106e-05,-2,-4,5,832.2034301757812
32,0.5609756097560976,5.134736966283526e-06,-2,-4,5,832.2034301757812
33,0.6097560975609757,8.983291991171427e-06,-2,-4,5,832.2034301757812
34,0.6585365853658538,1.8873899989557685e-06,-2,-4,5,832.2034301757812
35,0.7073170731707317,5.524679727386683e-05,-2,-4,5,832.2034301757812
36,0.7560975609756098,2.2803193132858723e-05,-2,-4,5,832.2034301757812
37,0.8048780487804879,1.8874265151680447e-05,-2,-4,5,832.2034301757812
38,0.853658536585366,4.188376351521583e-06,-2,-4,5,832.2034301757812
39,0.902439024390244,5.1354090828681365e-06,-2,-4,5,832.2034301757812
40,0.9512195121951219,1.985265271287062e-06,-2,-4,5,832.2034301757812
41,1.0,4.3892341636819765e-06,-2,-4,5,832.2034301757812
0,-1.0,3.554377371983719e-06,-2,-2,6,832.2034301757812
1,-0.9512195121951219,0.0002786210388876498,-2,-2,6,832.2034301757812
2,-0.9024390243902439,0.00048493596841581166,-2,-2,6,832.2034301757812
3,-0.8536585365853658,0.0003360502887517214,-2,-2,6,832.2034301757812
4,-0.8048780487804879,0.0012519053416326642,-2,-2,6,832.2034301757812
5,-0.7560975609756098,6.788987229811028e-05,-2,-2,6,832.2034301757812
6,-0.7073170731707317,0.004980690777301788,-2,-2,6,832.2034301757812
7,-0.6585365853658536,0.001871986547484994,-2,-2,6,832.2034301757812
8,-0.6097560975609756,0.012130738236010075,-2,-2,6,832.2034301757812
9,-0.5609756097560976,0.056222785264253616,-2,-2,6,832.2034301757812
10,-0.5121951219512195,0.08659423887729645,-2,-2,6,832.2034301757812
11,-0.46341463414634143,0.024025319144129753,-2,-2,6,832.2034301757812
12,-0.41463414634146334,0.0005351106519810855,-2,-2,6,832.2034301757812
13,-0.36585365853658536,0.004300660453736782,-2,-2,6,832.2034301757812
14,-0.31707317073170727,0.0011487210867926478,-2,-2,6,832.2034301757812
15,-0.2682926829268293,0.0012412886135280132,-2,-2,6,832.2034301757812
16,-0.2195121951219512,0.0006157731404528022,-2,-2,6,832.2034301757812
17,-0.1707317073170731,0.00045229870011098683,-2,-2,6,832.2034301757812
18,-0.12195121951219512,0.0006857070839032531,-2,-2,6,832.2034301757812
19,-0.07317073170731703,5.106722255732166e-06,-2,-2,6,832.2034301757812
20,-0.024390243902439046,0.0003629550919868052,-2,-2,6,832.2034301757812
21,0.024390243902439046,9.856109682004899e-05,-2,-2,6,832.2034301757812
22,0.07317073170731714,0.00016375526320189238,-2,-2,6,832.2034301757812
23,0.12195121951219523,0.00017812798614613712,-2,-2,6,832.2034301757812
24,0.17073170731707332,2.9445354812196456e-05,-2,-2,6,832.2034301757812
25,0.2195121951219512,0.0001563933037687093,-2,-2,6,832.2034301757812
26,0.2682926829268293,6.140473851701245e-05,-2,-2,6,832.2034301757812
27,0.3170731707317074,0.0001304812467424199,-2,-2,6,832.2034301757812
28,0.36585365853658547,0.00014161002764012665,-2,-2,6,832.2034301757812
29,0.41463414634146356,8.277360029751435e-05,-2,-2,6,832.2034301757812
30,0.46341463414634143,0.0002511092752683908,-2,-2,6,832.2034301757812
31,0.5121951219512195,4.949563663103618e-05,-2,-2,6,832.2034301757812
32,0.5609756097560976,0.00018202155479229987,-2,-2,6,832.2034301757812
33,0.6097560975609757,4.503814852796495e-05,-2,-2,6,832.2034301757812
34,0.6585365853658538,6.760405085515231e-05,-2,-2,6,832.2034301757812
35,0.7073170731707317,5.662064722855575e-06,-2,-2,6,832.2034301757812
36,0.7560975609756098,2.1752663087681867e-05,-2,-2,6,832.2034301757812
37,0.8048780487804879,4.350243034423329e-05,-2,-2,6,832.2034301757812
38,0.853658536585366,4.095437816431513e-06,-2,-2,6,832.2034301757812
39,0.902439024390244,3.291027314844541e-05,-2,-2,6,832.2034301757812
40,0.9512195121951219,2.3288441298063844e-05,-2,-2,6,832.2034301757812
41,1.0,4.265188181307167e-05,-2,-2,6,832.2034301757812
0,-1.0,0.00018651939171832055,-2,1,7,832.2034301757812
1,-0.9512195121951219,0.0009962631156668067,-2,1,7,832.2034301757812
2,-0.9024390243902439,0.0016161390813067555,-2,1,7,832.2034301757812
3,-0.8536585365853658,0.0013821611646562815,-2,1,7,832.2034301757812
4,-0.8048780487804879,0.0006231474108062685,-2,1,7,832.2034301757812
5,-0.7560975609756098,0.0005669475649483502,-2,1,7,832.2034301757812
6,-0.7073170731707317,0.0006123034399934113,-2,1,7,832.2034301757812
7,-0.6585365853658536,0.0007909613195806742,-2,1,7,832.2034301757812
8,-0.6097560975609756,0.00021895386453252286,-2,1,7,832.2034301757812
9,-0.5609756097560976,0.0012365647125989199,-2,1,7,832.2034301757812
10,-0.5121951219512195,0.00029318133601918817,-2,1,7,832.2034301757812
11,-0.46341463414634143,0.0005311868153512478,-2,1,7,832.2034301757812
12,-0.41463414634146334,8.452760812360793e-05,-2,1,7,832.2034301757812
13,-0.36585365853658536,0.00038371526170521975,-2,1,7,832.2034301757812
14,-0.31707317073170727,0.003078227862715721,-2,1,7,832.2034301757812
15,-0.2682926829268293,0.002748755970969796,-2,1,7,832.2034301757812
16,-0.2195121951219512,0.0028963794466108084,-2,1,7,832.2034301757812
17,-0.1707317073170731,0.003490401664748788,-2,1,7,832.2034301757812
18,-0.12195121951219512,0.003108134027570486,-2,1,7,832.2034301757812
19,-0.07317073170731703,0.0011974995722994208,-2,1,7,832.2034301757812
20,-0.024390243902439046,0.0009002112201415002,-2,1,7,832.2034301757812
21,0.024390243902439046,0.0007032165885902941,-2,1,7,832.2034301757812
22,0.07317073170731714,0.0002977524127345532,-2,1,7,832.2034301757812
23,0.12195121951219523,0.001570584368892014,-2,1,7,832.2034301757812
24,0.17073170731707332,0.004827687982469797,-2,1,7,832.2034301757812
25,0.2195121951219512,0.0012355635408312082,-2,1,7,832.2034301757812
26,0.2682926829268293,0.00467353081330657,-2,1,7,832.2034301757812
27,0.3170731707317074,0.016912534832954407,-2,1,7,832.2034301757812
28,0.36585365853658547,0.021793263033032417,-2,1,7,832.2034301757812
29,0.41463414634146356,0.03823141008615494,-2,1,7,832.2034301757812
30,0.46341463414634143,0.05366678163409233,-2,1,7,832.2034301757812
31,0.5121951219512195,0.0857316330075264,-2,1,7,832.2034301757812
32,0.5609756097560976,0.11589328944683075,-2,1,7,832.2034301757812
33,0.6097560975609757,0.11071057617664337,-2,1,7,832.2034301757812
34,0.6585365853658538,0.06709069758653641,-2,1,7,832.2034301757812
35,0.7073170731707317,0.027301250025629997,-2,1,7,832.2034301757812
36,0.7560975609756098,0.01386319287121296,-2,1,7,832.2034301757812
37,0.8048780487804879,0.03142184019088745,-2,1,7,832.2034301757812
38,0.853658536585366,0.0358620248734951,-2,1,7,832.2034301757812
39,0.902439024390244,0.03426860272884369,-2,1,7,832.2034301757812
40,0.9512195121951219,0.015977768227458,-2,1,7,832.2034301757812
41,1.0,0.012220407836139202,-2,1,7,832.2034301757812
0,-1.0,0.0,-2,4,8,832.2034301757812
1,-0.9512195121951219,0.0,-2,4,8,832.2034301757812
2,-0.9024390243902439,0.0,-2,4,8,832.2034301757812
3,-0.8536585365853658,0.0,-2,4,8,832.2034301757812
4,-0.8048780487804879,0.0,-2,4,8,832.2034301757812
5,-0.7560975609756098,0.0,-2,4,8,832.2034301757812
6,-0.7073170731707317,0.0,-2,4,8,832.2034301757812
7,-0.6585365853658536,7.007139402048779e-07,-2,4,8,832.2034301757812
8,-0.6097560975609756,4.439250915311277e-06,-2,4,8,832.2034301757812
9,-0.5609756097560976,1.1608336535573471e-05,-2,4,8,832.2034301757812
10,-0.5121951219512195,1.5458816051250324e-05,-2,4,8,832.2034301757812
11,-0.46341463414634143,2.4598855816293508e-05,-2,4,8,832.2034301757812
12,-0.41463414634146334,7.264044143084902e-06,-2,4,8,832.2034301757812
13,-0.36585365853658536,1.0700150596676394e-05,-2,4,8,832.2034301757812
14,-0.31707317073170727,2.8236067919351626e-06,-2,4,8,832.2034301757812
15,-0.2682926829268293,1.8554255802882835e-05,-2,4,8,832.2034301757812
16,-0.2195121951219512,2.6275163691025227e-05,-2,4,8,832.2034301757812
17,-0.1707317073170731,9.270457667298615e-06,-2,4,8,832.2034301757812
18,-0.12195121951219512,2.1325229226931697e-06,-2,4,8,832.2034301757812
19,-0.07317073170731703,3.842379555862863e-06,-2,4,8,832.2034301757812
20,-0.024390243902439046,1.7612511555853416e-06,-2,4,8,832.2034301757812
21,0.024390243902439046,8.689915375725832e-06,-2,4,8,832.2034301757812
22,0.07317073170731714,6.693680461467011e-06,-2,4,8,832.2034301757812
23,0.12195121951219523,1.5210262063192204e-06,-2,4,8,832.2034301757812
24,0.17073170731707332,3.393905353732407e-05,-2,4,8,832.2034301757812
25,0.2195121951219512,3.463395114522427e-05,-2,4,8,832.2034301757812
26,0.2682926829268293,3.2299944905389566e-06,-2,4,8,832.2034301757812
27,0.3170731707317074,7.170021126512438e-05,-2,4,8,832.2034301757812
28,0.36585365853658547,5.9624246205203235e-05,-2,4,8,832.2034301757812
29,0.41463414634146356,0.00018106598872691393,-2,4,8,832.2034301757812
30,0.46341463414634143,0.00043462857138365507,-2,4,8,832.2034301757812
31,0.5121951219512195,0.0010855474974960089,-2,4,8,832.2034301757812
32,0.5609756097560976,0.0016346784541383386,-2,4,8,832.2034301757812
33,0.6097560975609757,0.0035889241844415665,-2,4,8,832.2034301757812
34,0.6585365853658538,0.005519778002053499,-2,4,8,832.2034301757812
35,0.7073170731707317,0.008953903801739216,-2,4,8,832.2034301757812
36,0.7560975609756098,0.0048055569641292095,-2,4,8,832.2034301757812
37,0.8048780487804879,0.0007792124524712563,-2,4,8,832.2034301757812
38,0.853658536585366,0.0002460480318404734,-2,4,8,832.2034301757812
39,0.902439024390244,0.00011089626786997542,-2,4,8,832.2034301757812
40,0.9512195121951219,0.00010754833783721551,-2,4,8,832.2034301757812
41,1.0,3.876202390529215e-05,-2,4,8,832.2034301757812
0,-1.0,6.944051165191922e-06,-2,5,8,832.2034301757812
1,-0.9512195121951219,5.781002528237877e-06,-2,5,8,832.2034301757812
2,-0.9024390243902439,2.680809529920225e-07,-2,5,8,832.2034301757812
3,-0.8536585365853658,1.571967800373386e-08,-2,5,8,832.2034301757812
4,-0.8048780487804879,5.444800308396225e-07,-2,5,8,832.2034301757812
5,-0.7560975609756098,7.508746193707339e-07,-2,5,8,832.2034301757812
6,-0.7073170731707317,1.2771309911840945e-06,-2,5,8,832.2034301757812
7,-0.6585365853658536,2.455965670833393e-07,-2,5,8,832.2034301757812
8,-0.6097560975609756,3.399355819055927e-06,-2,5,8,832.2034301757812
9,-0.5609756097560976,2.6010725378000643e-06,-2,5,8,832.2034301757812
10,-0.5121951219512195,1.2095669262635056e-05,-2,5,8,832.2034301757812
11,-0.46341463414634143,6.75221235724166e-06,-2,5,8,832.2034301757812
12,-0.41463414634146334,1.868201798060909e-05,-2,5,8,832.2034301757812
13,-0.36585365853658536,7.135487578580069e-08,-2,5,8,832.2034301757812
14,-0.31707317073170727,7.14463967597112e-05,-2,5,8,832.2034301757812
15,-0.2682926829268293,5.6271081120939925e-05,-2,5,8,832.2034301757812
16,-0.2195121951219512,0.0012732995674014091,-2,5,8,832.2034301757812
17,-0.1707317073170731,0.0021071743685752153,-2,5,8,832.2034301757812
18,-0.12195121951219512,0.0003081732720602304,-2,5,8,832.2034301757812
19,-0.07317073170731703,3.292100882390514e-05,-2,5,8,832.2034301757812
20,-0.024390243902439046,4.973395334673114e-06,-2,5,8,832.2034301757812
21,0.024390243902439046,5.8679277572082356e-05,-2,5,8,832.2034301757812
22,0.07317073170731714,1.38267769216327e-05,-2,5,8,832.2034301757812
23,0.12195121951219523,4.047412858199095e-06,-2,5,8,832.2034301757812
24,0.17073170731707332,1.1395410183467902e-05,-2,5,8,832.2034301757812
25,0.2195121951219512,1.2039742614433635e-05,-2,5,8,832.2034301757812
26,0.2682926829268293,1.7510838006273843e-05,-2,5,8,832.2034301757812
27,0.3170731707317074,2.1108735381858423e-06,-2,5,8,832.2034301757812
28,0.36585365853658547,2.6398956265438756e-07,-2,5,8,832.2034301757812
29,0.41463414634146356,1.1137557009988086e-07,-2,5,8,832.2034301757812
30,0.46341463414634143,4.674519459513249e-06,-2,5,8,832.2034301757812
31,0.5121951219512195,4.1481821426714305e-06,-2,5,8,832.2034301757812
32,0.5609756097560976,3.778706968660117e-06,-2,5,8,832.2034301757812
33,0.6097560975609757,4.690482910518767e-06,-2,5,8,832.2034301757812
34,0.6585365853658538,2.665922465894255e-06,-2,5,8,832.2034301757812
35,0.7073170731707317,4.408230779517908e-06,-2,5,8,832.2034301757812
36,0.7560975609756098,5.470295150189486e-07,-2,5,8,832.2034301757812
37,0.8048780487804879,1.654961181429826e-07,-2,5,8,832.2034301757812
38,0.853658536585366,1.9045511834292483e-09,-2,5,8,832.2034301757812
39,0.902439024390244,0.0,-2,5,8,832.2034301757812
40,0.9512195121951219,0.0,-2,5,8,832.2034301757812
41,1.0,0.0,-2,5,8,832.2034301757812
0,-1.0,1.685223469394259e-05,-2,6,8,832.2034301757812
1,-0.9512195121951219,1.2924538168590516e-05,-2,6,8,832.2034301757812
2,-0.9024390243902439,2.5651164833107032e-05,-2,6,8,832.2034301757812
3,-0.8536585365853658,3.885242040269077e-05,-2,6,8,832.2034301757812
4,-0.8048780487804879,0.00010389661474619061,-2,6,8,832.2034301757812
5,-0.7560975609756098,6.240574293769896e-05,-2,6,8,832.2034301757812
6,-0.7073170731707317,0.0001812460395740345,-2,6,8,832.2034301757812
7,-0.6585365853658536,4.665468804887496e-05,-2,6,8,832.2034301757812
8,-0.6097560975609756,1.2839222108596005e-05,-2,6,8,832.2034301757812
9,-0.5609756097560976,2.7236633286520373e-06,-2,6,8,832.2034301757812
10,-0.5121951219512195,2.656940523593221e-05,-2,6,8,832.2034301757812
11,-0.46341463414634143,5.4281685152091086e-05,-2,6,8,832.2034301757812
12,-0.41463414634146334,7.3025344136112835e-06,-2,6,8,832.2034301757812
13,-0.36585365853658536,1.8213495422969572e-06,-2,6,8,832.2034301757812
14,-0.31707317073170727,1.607792682989384e-06,-2,6,8,832.2034301757812
15,-0.2682926829268293,4.4956382794225647e-07,-2,6,8,832.2034301757812
16,-0.2195121951219512,1.1513330946399947e-06,-2,6,8,832.2034301757812
17,-0.1707317073170731,1.1461088433861732e-06,-2,6,8,832.2034301757812
18,-0.12195121951219512,1.5908869954728289e-06,-2,6,8,832.2034301757812
19,-0.07317073170731703,4.476955552945583e-07,-2,6,8,832.2034301757812
20,-0.024390243902439046,9.307558457294363e-07,-2,6,8,832.2034301757812
21,0.024390243902439046,1.0367404001954128e-06,-2,6,8,832.2034301757812
22,0.07317073170731714,2.0204488464514725e-06,-2,6,8,832.2034301757812
23,0.12195121951219523,3.2185209875024157e-06,-2,6,8,832.2034301757812
24,0.17073170731707332,1.9086339761997806e-06,-2,6,8,832.2034301757812
25,0.2195121951219512,0.0,-2,6,8,832.2034301757812
26,0.2682926829268293,0.0,-2,6,8,832.2034301757812
27,0.3170731707317074,0.0,-2,6,8,832.2034301757812
28,0.36585365853658547,0.0,-2,6,8,832.2034301757812
29,0.41463414634146356,0.0,-2,6,8,832.2034301757812
30,0.46341463414634143,0.0,-2,6,8,832.2034301757812
31,0.5121951219512195,0.0,-2,6,8,832.2034301757812
32,0.5609756097560976,0.0,-2,6,8,832.2034301757812
33,0.6097560975609757,0.0,-2,6,8,832.2034301757812
34,0.6585365853658538,0.0,-2,6,8,832.2034301757812
35,0.7073170731707317,0.0,-2,6,8,832.2034301757812
36,0.7560975609756098,0.0,-2,6,8,832.2034301757812
37,0.8048780487804879,0.0,-2,6,8,832.2034301757812
38,0.853658536585366,0.0,-2,6,8,832.2034301757812
39,0.902439024390244,0.0,-2,6,8,832.2034301757812
40,0.9512195121951219,0.0,-2,6,8,832.2034301757812
41,1.0,0.0,-2,6,8,832.2034301757812
0,-1.0,0.0,-1,-9,-1,832.2034301757812
1,-0.9512195121951219,0.0,-1,-9,-1,832.2034301757812
2,-0.9024390243902439,0.0,-1,-9,-1,832.2034301757812
3,-0.8536585365853658,0.0,-1,-9,-1,832.2034301757812
4,-0.8048780487804879,0.0,-1,-9,-1,832.2034301757812
5,-0.7560975609756098,0.0,-1,-9,-1,832.2034301757812
6,-0.7073170731707317,0.0,-1,-9,-1,832.2034301757812
7,-0.6585365853658536,0.0,-1,-9,-1,832.2034301757812
8,-0.6097560975609756,0.0,-1,-9,-1,832.2034301757812
9,-0.5609756097560976,0.0,-1,-9,-1,832.2034301757812
10,-0.5121951219512195,0.0,-1,-9,-1,832.2034301757812
11,-0.46341463414634143,0.0,-1,-9,-1,832.2034301757812
12,-0.41463414634146334,0.0,-1,-9,-1,832.2034301757812
13,-0.36585365853658536,0.0,-1,-9,-1,832.2034301757812
14,-0.31707317073170727,2.2559052581527794e-07,-1,-9,-1,832.2034301757812
15,-0.2682926829268293,4.641007308237022e-06,-1,-9,-1,832.2034301757812
16,-0.2195121951219512,6.511627930194663e-07,-1,-9,-1,832.2034301757812
17,-0.1707317073170731,1.609172613825649e-06,-1,-9,-1,832.2034301757812
18,-0.12195121951219512,1.388007149216719e-06,-1,-9,-1,832.2034301757812
19,-0.07317073170731703,2.677593613498175e-07,-1,-9,-1,832.2034301757812
20,-0.024390243902439046,4.576877017825609e-06,-1,-9,-1,832.2034301757812
21,0.024390243902439046,1.029767190630082e-06,-1,-9,-1,832.2034301757812
22,0.07317073170731714,1.2057263120368589e-05,-1,-9,-1,832.2034301757812
23,0.12195121951219523,3.0945593607611954e-05,-1,-9,-1,832.2034301757812
24,0.17073170731707332,0.001042664865963161,-1,-9,-1,832.2034301757812
25,0.2195121951219512,7.427032687701285e-05,-1,-9,-1,832.2034301757812
26,0.2682926829268293,4.2950009628839325e-06,-1,-9,-1,832.2034301757812
27,0.3170731707317074,1.0699877748265862e-05,-1,-9,-1,832.2034301757812
28,0.36585365853658547,1.0536068373312446e-07,-1,-9,-1,832.2034301757812
29,0.41463414634146356,3.0499431886710227e-06,-1,-9,-1,832.2034301757812
30,0.46341463414634143,3.670744774808554e-07,-1,-9,-1,832.2034301757812
31,0.5121951219512195,2.74826390977978e-07,-1,-9,-1,832.2034301757812
32,0.5609756097560976,1.311221240030136e-06,-1,-9,-1,832.2034301757812
33,0.6097560975609757,1.1303260407657945e-06,-1,-9,-1,832.2034301757812
34,0.6585365853658538,4.389878085930832e-06,-1,-9,-1,832.2034301757812
35,0.7073170731707317,0.0,-1,-9,-1,832.2034301757812
36,0.7560975609756098,0.0,-1,-9,-1,832.2034301757812
37,0.8048780487804879,0.0,-1,-9,-1,832.2034301757812
38,0.853658536585366,0.0,-1,-9,-1,832.2034301757812
39,0.902439024390244,0.0,-1,-9,-1,832.2034301757812
40,0.9512195121951219,0.0,-1,-9,-1,832.2034301757812
41,1.0,0.0,-1,-9,-1,832.2034301757812
0,-1.0,0.0,-1,-8,0,832.2034301757812
1,-0.9512195121951219,7.02943225405761e-07,-1,-8,0,832.2034301757812
2,-0.9024390243902439,1.6314583035637042e-06,-1,-8,0,832.2034301757812
3,-0.8536585365853658,4.6734835450479295e-06,-1,-8,0,832.2034301757812
4,-0.8048780487804879,1.5021922990854364e-05,-1,-8,0,832.2034301757812
5,-0.7560975609756098,1.0614011443976779e-05,-1,-8,0,832.2034301757812
6,-0.7073170731707317,5.7040597312152386e-06,-1,-8,0,832.2034301757812
7,-0.6585365853658536,1.1062479643442202e-05,-1,-8,0,832.2034301757812
8,-0.6097560975609756,3.6484436805039877e-06,-1,-8,0,832.2034301757812
9,-0.5609756097560976,7.346960501308786e-06,-1,-8,0,832.2034301757812
10,-0.5121951219512195,2.9713759431615472e-05,-1,-8,0,832.2034301757812
11,-0.46341463414634143,0.00028519390616565943,-1,-8,0,832.2034301757812
12,-0.41463414634146334,0.006276806816458702,-1,-8,0,832.2034301757812
13,-0.36585365853658536,0.00018149481911677867,-1,-8,0,832.2034301757812
14,-0.31707317073170727,0.0001003472862066701,-1,-8,0,832.2034301757812
15,-0.2682926829268293,8.196269845939241e-06,-1,-8,0,832.2034301757812
16,-0.2195121951219512,0.00010878349712584168,-1,-8,0,832.2034301757812
17,-0.1707317073170731,0.00012773640628438443,-1,-8,0,832.2034301757812
18,-0.12195121951219512,1.3358092019188916e-06,-1,-8,0,832.2034301757812
19,-0.07317073170731703,4.589150648826035e-06,-1,-8,0,832.2034301757812
20,-0.024390243902439046,7.974159075274656e-07,-1,-8,0,832.2034301757812
21,0.024390243902439046,2.3573131784360157e-06,-1,-8,0,832.2034301757812
22,0.07317073170731714,7.715573246969143e-07,-1,-8,0,832.2034301757812
23,0.12195121951219523,4.384217788810929e-07,-1,-8,0,832.2034301757812
24,0.17073170731707332,7.258563073264668e-06,-1,-8,0,832.2034301757812
25,0.2195121951219512,0.0,-1,-8,0,832.2034301757812
26,0.2682926829268293,0.0,-1,-8,0,832.2034301757812
27,0.3170731707317074,0.0,-1,-8,0,832.2034301757812
28,0.36585365853658547,0.0,-1,-8,0,832.2034301757812
29,0.41463414634146356,0.0,-1,-8,0,832.2034301757812
30,0.46341463414634143,0.0,-1,-8,0,832.2034301757812
31,0.5121951219512195,0.0,-1,-8,0,832.2034301757812
32,0.5609756097560976,0.0,-1,-8,0,832.2034301757812
33,0.6097560975609757,0.0,-1,-8,0,832.2034301757812
34,0.6585365853658538,0.0,-1,-8,0,832.2034301757812
35,0.7073170731707317,0.0,-1,-8,0,832.2034301757812
36,0.7560975609756098,0.0,-1,-8,0,832.2034301757812
37,0.8048780487804879,0.0,-1,-8,0,832.2034301757812
38,0.853658536585366,0.0,-1,-8,0,832.2034301757812
39,0.902439024390244,0.0,-1,-8,0,832.2034301757812
40,0.9512195121951219,0.0,-1,-8,0,832.2034301757812
41,1.0,0.0,-1,-8,0,832.2034301757812
0,-1.0,0.0,-1,-7,0,832.2034301757812
1,-0.9512195121951219,0.0,-1,-7,0,832.2034301757812
2,-0.9024390243902439,0.0,-1,-7,0,832.2034301757812
3,-0.8536585365853658,0.0,-1,-7,0,832.2034301757812
4,-0.8048780487804879,0.0,-1,-7,0,832.2034301757812
5,-0.7560975609756098,0.0,-1,-7,0,832.2034301757812
6,-0.7073170731707317,0.0,-1,-7,0,832.2034301757812
7,-0.6585365853658536,0.0,-1,-7,0,832.2034301757812
8,-0.6097560975609756,0.0,-1,-7,0,832.2034301757812
9,-0.5609756097560976,0.0,-1,-7,0,832.2034301757812
10,-0.5121951219512195,0.0,-1,-7,0,832.2034301757812
11,-0.46341463414634143,0.0,-1,-7,0,832.2034301757812
12,-0.41463414634146334,0.0,-1,-7,0,832.2034301757812
13,-0.36585365853658536,0.0,-1,-7,0,832.2034301757812
14,-0.31707317073170727,0.0,-1,-7,0,832.2034301757812
15,-0.2682926829268293,0.0,-1,-7,0,832.2034301757812
16,-0.2195121951219512,0.0,-1,-7,0,832.2034301757812
17,-0.1707317073170731,0.0,-1,-7,0,832.2034301757812
18,-0.12195121951219512,2.916138555519865e-06,-1,-7,0,832.2034301757812
19,-0.07317073170731703,1.5646832252969034e-05,-1,-7,0,832.2034301757812
20,-0.024390243902439046,3.1882220810075523e-06,-1,-7,0,832.2034301757812
21,0.024390243902439046,3.2520838999516855e-07,-1,-7,0,832.2034301757812
22,0.07317073170731714,2.073454879791825e-06,-1,-7,0,832.2034301757812
23,0.12195121951219523,1.8932038074126467e-05,-1,-7,0,832.2034301757812
24,0.17073170731707332,4.974445982952602e-05,-1,-7,0,832.2034301757812
25,0.2195121951219512,1.090108867174422e-06,-1,-7,0,832.2034301757812
26,0.2682926829268293,1.0154550182051025e-05,-1,-7,0,832.2034301757812
27,0.3170731707317074,7.672843821637798e-06,-1,-7,0,832.2034301757812
28,0.36585365853658547,8.721240010345355e-05,-1,-7,0,832.2034301757812
29,0.41463414634146356,0.0002580673899501562,-1,-7,0,832.2034301757812
30,0.46341463414634143,0.0008092450443655252,-1,-7,0,832.2034301757812
31,0.5121951219512195,0.007436208426952362,-1,-7,0,832.2034301757812
32,0.5609756097560976,0.0004627383314073086,-1,-7,0,832.2034301757812
33,0.6097560975609757,0.00018165650544688106,-1,-7,0,832.2034301757812
34,0.6585365853658538,1.1888791959790979e-05,-1,-7,0,832.2034301757812
35,0.7073170731707317,7.93652725405991e-06,-1,-7,0,832.2034301757812
36,0.7560975609756098,1.2897829947178252e-05,-1,-7,0,832.2034301757812
37,0.8048780487804879,5.096272434457205e-05,-1,-7,0,832.2034301757812
38,0.853658536585366,9.569103895046283e-06,-1,-7,0,832.2034301757812
39,0.902439024390244,8.696405870978197e-07,-1,-7,0,832.2034301757812
40,0.9512195121951219,2.7914115889871027e-06,-1,-7,0,832.2034301757812
41,1.0,7.4592785495042335e-06,-1,-7,0,832.2034301757812
0,-1.0,3.6750816434505396e-07,-1,-6,1,832.2034301757812
1,-0.9512195121951219,5.678136403730605e-06,-1,-6,1,832.2034301757812
2,-0.9024390243902439,2.815459765770356e-06,-1,-6,1,832.2034301757812
3,-0.8536585365853658,1.3263158507470507e-05,-1,-6,1,832.2034301757812
4,-0.8048780487804879,5.7574994571041316e-05,-1,-6,1,832.2034301757812
5,-0.7560975609756098,4.8026649892563e-05,-1,-6,1,832.2034301757812
6,-0.7073170731707317,9.244502052752068e-07,-1,-6,1,832.2034301757812
7,-0.6585365853658536,1.758438884280622e-05,-1,-6,1,832.2034301757812
8,-0.6097560975609756,2.8052509151166305e-06,-1,-6,1,832.2034301757812
9,-0.5609756097560976,4.4972457544645295e-05,-1,-6,1,832.2034301757812
10,-0.5121951219512195,2.2623646145802923e-05,-1,-6,1,832.2034301757812
11,-0.46341463414634143,1.889377563202288e-05,-1,-6,1,832.2034301757812
12,-0.41463414634146334,6.299728556768969e-05,-1,-6,1,832.2034301757812
13,-0.36585365853658536,0.008062288165092468,-1,-6,1,832.2034301757812
14,-0.31707317073170727,0.0010091429576277733,-1,-6,1,832.2034301757812
15,-0.2682926829268293,7.828231173334643e-05,-1,-6,1,832.2034301757812
16,-0.2195121951219512,8.289172546938062e-05,-1,-6,1,832.2034301757812
17,-0.1707317073170731,6.580593208127539e-07,-1,-6,1,832.2034301757812
18,-0.12195121951219512,7.131959023354284e-07,-1,-6,1,832.2034301757812
19,-0.07317073170731703,4.066218025400303e-06,-1,-6,1,832.2034301757812
20,-0.024390243902439046,3.490778908599168e-06,-1,-6,1,832.2034301757812
21,0.024390243902439046,3.710887540364638e-05,-1,-6,1,832.2034301757812
22,0.07317073170731714,7.608678424730897e-05,-1,-6,1,832.2034301757812
23,0.12195121951219523,3.726117574842647e-05,-1,-6,1,832.2034301757812
24,0.17073170731707332,5.595459242613288e-06,-1,-6,1,832.2034301757812
25,0.2195121951219512,6.361035502777668e-06,-1,-6,1,832.2034301757812
26,0.2682926829268293,7.141344582350939e-08,-1,-6,1,832.2034301757812
27,0.3170731707317074,1.3664898688148241e-06,-1,-6,1,832.2034301757812
28,0.36585365853658547,9.483991902925482e-07,-1,-6,1,832.2034301757812
29,0.41463414634146356,1.5177417935774429e-06,-1,-6,1,832.2034301757812
30,0.46341463414634143,0.0,-1,-6,1,832.2034301757812
31,0.5121951219512195,0.0,-1,-6,1,832.2034301757812
32,0.5609756097560976,0.0,-1,-6,1,832.2034301757812
33,0.6097560975609757,0.0,-1,-6,1,832.2034301757812
34,0.6585365853658538,0.0,-1,-6,1,832.2034301757812
35,0.7073170731707317,0.0,-1,-6,1,832.2034301757812
36,0.7560975609756098,0.0,-1,-6,1,832.2034301757812
37,0.8048780487804879,0.0,-1,-6,1,832.2034301757812
38,0.853658536585366,0.0,-1,-6,1,832.2034301757812
39,0.902439024390244,0.0,-1,-6,1,832.2034301757812
40,0.9512195121951219,0.0,-1,-6,1,832.2034301757812
41,1.0,0.0,-1,-6,1,832.2034301757812
0,-1.0,0.0,-1,-5,1,832.2034301757812
1,-0.9512195121951219,0.0,-1,-5,1,832.2034301757812
2,-0.9024390243902439,0.0,-1,-5,1,832.2034301757812
3,-0.8536585365853658,0.0,-1,-5,1,832.2034301757812
4,-0.8048780487804879,0.0,-1,-5,1,832.2034301757812
5,-0.7560975609756098,0.0,-1,-5,1,832.2034301757812
6,-0.7073170731707317,0.0,-1,-5,1,832.2034301757812
7,-0.6585365853658536,0.0,-1,-5,1,832.2034301757812
8,-0.6097560975609756,0.0,-1,-5,1,832.2034301757812
9,-0.5609756097560976,0.0,-1,-5,1,832.2034301757812
10,-0.5121951219512195,0.0,-1,-5,1,832.2034301757812
11,-0.46341463414634143,0.0,-1,-5,1,832.2034301757812
12,-0.41463414634146334,0.0,-1,-5,1,832.2034301757812
13,-0.36585365853658536,0.0,-1,-5,1,832.2034301757812
14,-0.31707317073170727,0.0,-1,-5,1,832.2034301757812
15,-0.2682926829268293,0.0,-1,-5,1,832.2034301757812
16,-0.2195121951219512,0.0,-1,-5,1,832.2034301757812
17,-0.1707317073170731,0.0,-1,-5,1,832.2034301757812
18,-0.12195121951219512,0.0,-1,-5,1,832.2034301757812
19,-0.07317073170731703,7.703258830815685e-08,-1,-5,1,832.2034301757812
20,-0.024390243902439046,1.1226659353269497e-06,-1,-5,1,832.2034301757812
21,0.024390243902439046,3.622673830250278e-06,-1,-5,1,832.2034301757812
22,0.07317073170731714,2.882125227188226e-05,-1,-5,1,832.2034301757812
23,0.12195121951219523,6.372721691150218e-05,-1,-5,1,832.2034301757812
24,0.17073170731707332,6.317135557765141e-05,-1,-5,1,832.2034301757812
25,0.2195121951219512,9.466567280469462e-05,-1,-5,1,832.2034301757812
26,0.2682926829268293,4.605130015988834e-05,-1,-5,1,832.2034301757812
27,0.3170731707317074,5.532899376703426e-05,-1,-5,1,832.2034301757812
28,0.36585365853658547,6.642587777605513e-06,-1,-5,1,832.2034301757812
29,0.41463414634146356,2.7720287107513286e-05,-1,-5,1,832.2034301757812
30,0.46341463414634143,1.7783548855732079e-06,-1,-5,1,832.2034301757812
31,0.5121951219512195,7.945292054500896e-06,-1,-5,1,832.2034301757812
32,0.5609756097560976,0.00043518084567040205,-1,-5,1,832.2034301757812
33,0.6097560975609757,0.0009127079974859953,-1,-5,1,832.2034301757812
34,0.6585365853658538,0.0013548035640269518,-1,-5,1,832.2034301757812
35,0.7073170731707317,0.004534085746854544,-1,-5,1,832.2034301757812
36,0.7560975609756098,0.01786125637590885,-1,-5,1,832.2034301757812
37,0.8048780487804879,0.09877939522266388,-1,-5,1,832.2034301757812
38,0.853658536585366,0.0018322397954761982,-1,-5,1,832.2034301757812
39,0.902439024390244,5.2499814046313986e-05,-1,-5,1,832.2034301757812
40,0.9512195121951219,0.0005577963311225176,-1,-5,1,832.2034301757812
41,1.0,0.00015173184510786086,-1,-5,1,832.2034301757812
0,-1.0,2.2655626708001364e-06,-1,-4,2,832.2034301757812
1,-0.9512195121951219,4.1245297325076535e-05,-1,-4,2,832.2034301757812
2,-0.9024390243902439,0.00014935799117665738,-1,-4,2,832.2034301757812
3,-0.8536585365853658,0.00026601666468195617,-1,-4,2,832.2034301757812
4,-0.8048780487804879,0.00040258464287035167,-1,-4,2,832.2034301757812
5,-0.7560975609756098,0.001032780739478767,-1,-4,2,832.2034301757812
6,-0.7073170731707317,8.986325701698661e-05,-1,-4,2,832.2034301757812
7,-0.6585365853658536,0.0025557687040418386,-1,-4,2,832.2034301757812
8,-0.6097560975609756,0.03148036077618599,-1,-4,2,832.2034301757812
9,-0.5609756097560976,0.016174819320440292,-1,-4,2,832.2034301757812
10,-0.5121951219512195,0.0007691891514696181,-1,-4,2,832.2034301757812
11,-0.46341463414634143,7.640001422259957e-05,-1,-4,2,832.2034301757812
12,-0.41463414634146334,0.0005179261788725853,-1,-4,2,832.2034301757812
13,-0.36585365853658536,0.00022571603767573833,-1,-4,2,832.2034301757812
14,-0.31707317073170727,0.00010258059046464041,-1,-4,2,832.2034301757812
15,-0.2682926829268293,1.6294909073621966e-05,-1,-4,2,832.2034301757812
16,-0.2195121951219512,8.840906230034307e-05,-1,-4,2,832.2034301757812
17,-0.1707317073170731,0.0003653629100881517,-1,-4,2,832.2034301757812
18,-0.12195121951219512,0.000211438731639646,-1,-4,2,832.2034301757812
19,-0.07317073170731703,0.0003173006698489189,-1,-4,2,832.2034301757812
20,-0.024390243902439046,9.235317702405155e-05,-1,-4,2,832.2034301757812
21,0.024390243902439046,1.1234584235353395e-05,-1,-4,2,832.2034301757812
22,0.07317073170731714,2.027568916673772e-05,-1,-4,2,832.2034301757812
23,0.12195121951219523,1.611087100172881e-05,-1,-4,2,832.2034301757812
24,0.17073170731707332,6.898221272422234e-06,-1,-4,2,832.2034301757812
25,0.2195121951219512,2.3550144305772847e-06,-1,-4,2,832.2034301757812
26,0.2682926829268293,1.4799772543483414e-05,-1,-4,2,832.2034301757812
27,0.3170731707317074,2.5266050215577707e-05,-1,-4,2,832.2034301757812
28,0.36585365853658547,2.950071802843013e-06,-1,-4,2,832.2034301757812
29,0.41463414634146356,4.096428256161744e-06,-1,-4,2,832.2034301757812
30,0.46341463414634143,1.5807325326022692e-05,-1,-4,2,832.2034301757812
31,0.5121951219512195,3.298255251138471e-05,-1,-4,2,832.2034301757812
32,0.5609756097560976,0.0,-1,-4,2,832.2034301757812
33,0.6097560975609757,0.0,-1,-4,2,832.2034301757812
34,0.6585365853658538,0.0,-1,-4,2,832.2034301757812
35,0.7073170731707317,0.0,-1,-4,2,832.2034301757812
36,0.7560975609756098,0.0,-1,-4,2,832.2034301757812
37,0.8048780487804879,0.0,-1,-4,2,832.2034301757812
38,0.853658536585366,0.0,-1,-4,2,832.2034301757812
39,0.902439024390244,0.0,-1,-4,2,832.2034301757812
40,0.9512195121951219,0.0,-1,-4,2,832.2034301757812
41,1.0,0.0,-1,-4,2,832.2034301757812
0,-1.0,0.0,-1,-3,2,832.2034301757812
1,-0.9512195121951219,0.0,-1,-3,2,832.2034301757812
2,-0.9024390243902439,0.0,-1,-3,2,832.2034301757812
3,-0.8536585365853658,0.0,-1,-3,2,832.2034301757812
4,-0.8048780487804879,0.0,-1,-3,2,832.2034301757812
5,-0.7560975609756098,0.0,-1,-3,2,832.2034301757812
6,-0.7073170731707317,0.0,-1,-3,2,832.2034301757812
7,-0.6585365853658536,0.0,-1,-3,2,832.2034301757812
8,-0.6097560975609756,0.0,-1,-3,2,832.2034301757812
9,-0.5609756097560976,0.0,-1,-3,2,832.2034301757812
10,-0.5121951219512195,0.0,-1,-3,2,832.2034301757812
11,-0.46341463414634143,8.627697388874367e-05,-1,-3,2,832.2034301757812
12,-0.41463414634146334,1.882244941953104e-05,-1,-3,2,832.2034301757812
13,-0.36585365853658536,8.562114089727402e-05,-1,-3,2,832.2034301757812
14,-0.31707317073170727,5.9344583860365674e-05,-1,-3,2,832.2034301757812
15,-0.2682926829268293,2.654379204614088e-05,-1,-3,2,832.2034301757812
16,-0.2195121951219512,0.00014565244782716036,-1,-3,2,832.2034301757812
17,-0.1707317073170731,3.96902532884269e-06,-1,-3,2,832.2034301757812
18,-0.12195121951219512,0.00011626810737652704,-1,-3,2,832.2034301757812
19,-0.07317073170731703,7.1327090154227335e-06,-1,-3,2,832.2034301757812
20,-0.024390243902439046,0.00016213180788327008,-1,-3,2,832.2034301757812
21,0.024390243902439046,2.7562602554098703e-05,-1,-3,2,832.2034301757812
22,0.07317073170731714,0.00015774207713548094,-1,-3,2,832.2034301757812
23,0.12195121951219523,0.0001192814961541444,-1,-3,2,832.2034301757812
24,0.17073170731707332,0.00015438804985024035,-1,-3,2,832.2034301757812
25,0.2195121951219512,9.129144018515944e-05,-1,-3,2,832.2034301757812
26,0.2682926829268293,5.31984624103643e-05,-1,-3,2,832.2034301757812
27,0.3170731707317074,0.00022512327996082604,-1,-3,2,832.2034301757812
28,0.36585365853658547,2.83113095065346e-05,-1,-3,2,832.2034301757812
29,0.41463414634146356,0.0007105176919139922,-1,-3,2,832.2034301757812
30,0.46341463414634143,4.826789518119767e-05,-1,-3,2,832.2034301757812
31,0.5121951219512195,0.0008221293101087213,-1,-3,2,832.2034301757812
32,0.5609756097560976,0.00010639055835781619,-1,-3,2,832.2034301757812
33,0.6097560975609757,0.0003355821827426553,-1,-3,2,832.2034301757812
34,0.6585365853658538,0.0014843926765024662,-1,-3,2,832.2034301757812
35,0.7073170731707317,0.00014968148025218397,-1,-3,2,832.2034301757812
36,0.7560975609756098,0.00345956115052104,-1,-3,2,832.2034301757812
37,0.8048780487804879,0.0003302096447441727,-1,-3,2,832.2034301757812
38,0.853658536585366,0.010062184184789658,-1,-3,2,832.2034301757812
39,0.902439024390244,0.002123391255736351,-1,-3,2,832.2034301757812
40,0.9512195121951219,0.12437407672405243,-1,-3,2,832.2034301757812
41,1.0,0.1260918378829956,-1,-3,2,832.2034301757812
0,-1.0,2.7806550860987045e-05,-1,-1,3,832.2034301757812
1,-0.9512195121951219,0.00018371276382822543,-1,-1,3,832.2034301757812
2,-0.9024390243902439,0.0006706529529765248,-1,-1,3,832.2034301757812
3,-0.8536585365853658,0.00019764869648497552,-1,-1,3,832.2034301757812
4,-0.8048780487804879,7.786365313222632e-05,-1,-1,3,832.2034301757812
5,-0.7560975609756098,0.00039311719592660666,-1,-1,3,832.2034301757812
6,-0.7073170731707317,0.0008540019625797868,-1,-1,3,832.2034301757812
7,-0.6585365853658536,0.0009225744288414717,-1,-1,3,832.2034301757812
8,-0.6097560975609756,0.0004997065407224,-1,-1,3,832.2034301757812
9,-0.5609756097560976,0.00021823224960826337,-1,-1,3,832.2034301757812
10,-0.5121951219512195,0.0013040106277912855,-1,-1,3,832.2034301757812
11,-0.46341463414634143,0.0007814184646122158,-1,-1,3,832.2034301757812
12,-0.41463414634146334,0.0004551730817183852,-1,-1,3,832.2034301757812
13,-0.36585365853658536,0.0006370318587869406,-1,-1,3,832.2034301757812
14,-0.31707317073170727,0.00030711168074049056,-1,-1,3,832.2034301757812
15,-0.2682926829268293,0.0013582372339442372,-1,-1,3,832.2034301757812
16,-0.2195121951219512,0.0014968247851356864,-1,-1,3,832.2034301757812
17,-0.1707317073170731,0.001760101760737598,-1,-1,3,832.2034301757812
18,-0.12195121951219512,0.0002837825450114906,-1,-1,3,832.2034301757812
19,-0.07317073170731703,0.0010767451021820307,-1,-1,3,832.2034301757812
20,-0.024390243902439046,3.377826578798704e-05,-1,-1,3,832.2034301757812
21,0.024390243902439046,0.0024113303516060114,-1,-1,3,832.2034301757812
22,0.07317073170731714,0.0018709670985117555,-1,-1,3,832.2034301757812
23,0.12195121951219523,0.0001565794664202258,-1,-1,3,832.2034301757812
24,0.17073170731707332,0.003545684041455388,-1,-1,3,832.2034301757812
25,0.2195121951219512,0.005071086343377829,-1,-1,3,832.2034301757812
26,0.2682926829268293,0.006261310540139675,-1,-1,3,832.2034301757812
27,0.3170731707317074,0.008761262521147728,-1,-1,3,832.2034301757812
28,0.36585365853658547,0.0004597784427460283,-1,-1,3,832.2034301757812
29,0.41463414634146356,0.010566826909780502,-1,-1,3,832.2034301757812
30,0.46341463414634143,0.03653092682361603,-1,-1,3,832.2034301757812
31,0.5121951219512195,0.0820915624499321,-1,-1,3,832.2034301757812
32,0.5609756097560976,0.12195521593093872,-1,-1,3,832.2034301757812
33,0.6097560975609757,0.13384918868541718,-1,-1,3,832.2034301757812
34,0.6585365853658538,0.11451629549264908,-1,-1,3,832.2034301757812
35,0.7073170731707317,0.07986456900835037,-1,-1,3,832.2034301757812
36,0.7560975609756098,0.026781782507896423,-1,-1,3,832.2034301757812
37,0.8048780487804879,0.002273332793265581,-1,-1,3,832.2034301757812
38,0.853658536585366,0.0037324700970202684,-1,-1,3,832.2034301757812
39,0.902439024390244,0.009921049699187279,-1,-1,3,832.2034301757812
40,0.9512195121951219,0.010686200112104416,-1,-1,3,832.2034301757812
41,1.0,0.005107169505208731,-1,-1,3,832.2034301757812
0,-1.0,1.6008127204258926e-05,-1,2,4,832.2034301757812
1,-0.9512195121951219,0.00450773723423481,-1,2,4,832.2034301757812
2,-0.9024390243902439,0.005276245065033436,-1,2,4,832.2034301757812
3,-0.8536585365853658,8.78642313182354e-05,-1,2,4,832.2034301757812
4,-0.8048780487804879,0.002995271235704422,-1,2,4,832.2034301757812
5,-0.7560975609756098,0.018718350678682327,-1,2,4,832.2034301757812
6,-0.7073170731707317,0.010255097411572933,-1,2,4,832.2034301757812
7,-0.6585365853658536,0.0007053594454191625,-1,2,4,832.2034301757812
8,-0.6097560975609756,0.07796423137187958,-1,2,4,832.2034301757812
9,-0.5609756097560976,0.19560635089874268,-1,2,4,832.2034301757812
10,-0.5121951219512195,0.2377345710992813,-1,2,4,832.2034301757812
11,-0.46341463414634143,0.25929737091064453,-1,2,4,832.2034301757812
12,-0.41463414634146334,0.15602968633174896,-1,2,4,832.2034301757812
13,-0.36585365853658536,0.03396442532539368,-1,2,4,832.2034301757812
14,-0.31707317073170727,0.0006712955655530095,-1,2,4,832.2034301757812
15,-0.2682926829268293,0.019715823233127594,-1,2,4,832.2034301757812
16,-0.2195121951219512,0.01709616743028164,-1,2,4,832.2034301757812
17,-0.1707317073170731,0.0011845388216897845,-1,2,4,832.2034301757812
18,-0.12195121951219512,0.0017868157010525465,-1,2,4,832.2034301757812
19,-0.07317073170731703,0.000998371047899127,-1,2,4,832.2034301757812
20,-0.024390243902439046,0.0002077440731227398,-1,2,4,832.2034301757812
21,0.024390243902439046,0.002159989671781659,-1,2,4,832.2034301757812
22,0.07317073170731714,0.004947121255099773,-1,2,4,832.2034301757812
23,0.12195121951219523,0.0023205075412988663,-1,2,4,832.2034301757812
24,0.17073170731707332,0.00011511997581692412,-1,2,4,832.2034301757812
25,0.2195121951219512,0.0015217699110507965,-1,2,4,832.2034301757812
26,0.2682926829268293,0.0008335636812262237,-1,2,4,832.2034301757812
27,0.3170731707317074,6.129743269411847e-05,-1,2,4,832.2034301757812
28,0.36585365853658547,0.0007974925683811307,-1,2,4,832.2034301757812
29,0.41463414634146356,0.0018148921662941575,-1,2,4,832.2034301757812
30,0.46341463414634143,0.0004401317273732275,-1,2,4,832.2034301757812
31,0.5121951219512195,0.00034262557164765894,-1,2,4,832.2034301757812
32,0.5609756097560976,0.0005573952221311629,-1,2,4,832.2034301757812
33,0.6097560975609757,0.001129384501837194,-1,2,4,832.2034301757812
34,0.6585365853658538,3.0305709515232593e-05,-1,2,4,832.2034301757812
35,0.7073170731707317,0.0012133702402934432,-1,2,4,832.2034301757812
36,0.7560975609756098,0.0010858910391107202,-1,2,4,832.2034301757812
37,0.8048780487804879,0.00011042663390981033,-1,2,4,832.2034301757812
38,0.853658536585366,0.000360662437742576,-1,2,4,832.2034301757812
39,0.902439024390244,0.0009796685772016644,-1,2,4,832.2034301757812
40,0.9512195121951219,0.0002786949335131794,-1,2,4,832.2034301757812
41,1.0,0.00028281015693210065,-1,2,4,832.2034301757812
0,-1.0,0.0,-1,5,5,832.2034301757812
1,-0.9512195121951219,0.0,-1,5,5,832.2034301757812
2,-0.9024390243902439,0.0,-1,5,5,832.2034301757812
3,-0.8536585365853658,0.0,-1,5,5,832.2034301757812
4,-0.8048780487804879,0.0,-1,5,5,832.2034301757812
5,-0.7560975609756098,0.0,-1,5,5,832.2034301757812
6,-0.7073170731707317,0.0,-1,5,5,832.2034301757812
7,-0.6585365853658536,0.0,-1,5,5,832.2034301757812
8,-0.6097560975609756,0.0,-1,5,5,832.2034301757812
9,-0.5609756097560976,7.080358045641333e-05,-1,5,5,832.2034301757812
10,-0.5121951219512195,2.087128086714074e-05,-1,5,5,832.2034301757812
11,-0.46341463414634143,3.9903170545585454e-05,-1,5,5,832.2034301757812
12,-0.41463414634146334,3.328735692775808e-05,-1,5,5,832.2034301757812
13,-0.36585365853658536,5.3981616474629845e-06,-1,5,5,832.2034301757812
14,-0.31707317073170727,2.6648875063983724e-05,-1,5,5,832.2034301757812
15,-0.2682926829268293,1.0136379387404304e-05,-1,5,5,832.2034301757812
16,-0.2195121951219512,2.650583155627828e-06,-1,5,5,832.2034301757812
17,-0.1707317073170731,3.589678817661479e-05,-1,5,5,832.2034301757812
18,-0.12195121951219512,5.291912384564057e-05,-1,5,5,832.2034301757812
19,-0.07317073170731703,3.4556807804619893e-05,-1,5,5,832.2034301757812
20,-0.024390243902439046,7.863542123232037e-05,-1,5,5,832.2034301757812
21,0.024390243902439046,2.571608274593018e-05,-1,5,5,832.2034301757812
22,0.07317073170731714,1.0183141057495959e-05,-1,5,5,832.2034301757812
23,0.12195121951219523,0.00027269162819720805,-1,5,5,832.2034301757812
24,0.17073170731707332,0.0003834450908470899,-1,5,5,832.2034301757812
25,0.2195121951219512,0.0008222322794608772,-1,5,5,832.2034301757812
26,0.2682926829268293,0.0006327328155748546,-1,5,5,832.2034301757812
27,0.3170731707317074,8.020440873224288e-06,-1,5,5,832.2034301757812
28,0.36585365853658547,0.0019561571534723043,-1,5,5,832.2034301757812
29,0.41463414634146356,0.008641993626952171,-1,5,5,832.2034301757812
30,0.46341463414634143,0.02442750334739685,-1,5,5,832.2034301757812
31,0.5121951219512195,2.731166750891134e-05,-1,5,5,832.2034301757812
32,0.5609756097560976,0.00020549388136714697,-1,5,5,832.2034301757812
33,0.6097560975609757,0.0005270745023153722,-1,5,5,832.2034301757812
34,0.6585365853658538,0.0001416823361068964,-1,5,5,832.2034301757812
35,0.7073170731707317,8.716429147170857e-05,-1,5,5,832.2034301757812
36,0.7560975609756098,0.00041761097963899374,-1,5,5,832.2034301757812
37,0.8048780487804879,0.00032811061828397214,-1,5,5,832.2034301757812
38,0.853658536585366,0.0003661135269794613,-1,5,5,832.2034301757812
39,0.902439024390244,0.00014182247105054557,-1,5,5,832.2034301757812
40,0.9512195121951219,7.336623093578964e-05,-1,5,5,832.2034301757812
41,1.0,0.0003045861376449466,-1,5,5,832.2034301757812
0,-1.0,0.0,-1,6,5,832.2034301757812
1,-0.9512195121951219,2.603446489501948e-07,-1,6,5,832.2034301757812
2,-0.9024390243902439,4.936757136420056e-07,-1,6,5,832.2034301757812
3,-0.8536585365853658,2.143657695796719e-07,-1,6,5,832.2034301757812
4,-0.8048780487804879,1.4648560409113998e-06,-1,6,5,832.2034301757812
5,-0.7560975609756098,4.755796396693768e-07,-1,6,5,832.2034301757812
6,-0.7073170731707317,6.2783065004623495e-06,-1,6,5,832.2034301757812
7,-0.6585365853658536,1.0386987696620054e-06,-1,6,5,832.2034301757812
8,-0.6097560975609756,1.8452600443197298e-06,-1,6,5,832.2034301757812
9,-0.5609756097560976,1.3003918866161257e-05,-1,6,5,832.2034301757812
10,-0.5121951219512195,5.116967258800287e-06,-1,6,5,832.2034301757812
11,-0.46341463414634143,9.383306860399898e-06,-1,6,5,832.2034301757812
12,-0.41463414634146334,6.315527116385056e-06,-1,6,5,832.2034301757812
13,-0.36585365853658536,1.297229687224899e-06,-1,6,5,832.2034301757812
14,-0.31707317073170727,4.044305114803137e-06,-1,6,5,832.2034301757812
15,-0.2682926829268293,3.405766165087698e-06,-1,6,5,832.2034301757812
16,-0.2195121951219512,1.2491826055338606e-05,-1,6,5,832.2034301757812
17,-0.1707317073170731,0.00010132967872777954,-1,6,5,832.2034301757812
18,-0.12195121951219512,0.0019454288994893432,-1,6,5,832.2034301757812
19,-0.07317073170731703,0.00017048315203282982,-1,6,5,832.2034301757812
20,-0.024390243902439046,1.3371070053835865e-05,-1,6,5,832.2034301757812
21,0.024390243902439046,5.0560181989567354e-05,-1,6,5,832.2034301757812
22,0.07317073170731714,2.1342630134313367e-05,-1,6,5,832.2034301757812
23,0.12195121951219523,1.2678190159931546e-06,-1,6,5,832.2034301757812
24,0.17073170731707332,8.998675866678241e-07,-1,6,5,832.2034301757812
25,0.2195121951219512,5.069045982963871e-06,-1,6,5,832.2034301757812
26,0.2682926829268293,6.92387902745395e-06,-1,6,5,832.2034301757812
27,0.3170731707317074,7.675448614463676e-07,-1,6,5,832.2034301757812
28,0.36585365853658547,1.521567014606262e-06,-1,6,5,832.2034301757812
29,0.41463414634146356,4.890266609436367e-06,-1,6,5,832.2034301757812
30,0.46341463414634143,7.816288416506723e-06,-1,6,5,832.2034301757812
31,0.5121951219512195,4.317318769153644e-08,-1,6,5,832.2034301757812
32,0.5609756097560976,9.777426157597802e-07,-1,6,5,832.2034301757812
33,0.6097560975609757,5.931223654442874e-07,-1,6,5,832.2034301757812
34,0.6585365853658538,1.945540816450375e-06,-1,6,5,832.2034301757812
35,0.7073170731707317,1.5944938240863848e-06,-1,6,5,832.2034301757812
36,0.7560975609756098,0.0,-1,6,5,832.2034301757812
37,0.8048780487804879,0.0,-1,6,5,832.2034301757812
38,0.853658536585366,0.0,-1,6,5,832.2034301757812
39,0.902439024390244,0.0,-1,6,5,832.2034301757812
40,0.9512195121951219,0.0,-1,6,5,832.2034301757812
41,1.0,0.0,-1,6,5,832.2034301757812
0,-1.0,7.062752729325439e-07,-1,7,5,832.2034301757812
1,-0.9512195121951219,3.1037711778481025e-06,-1,7,5,832.2034301757812
2,-0.9024390243902439,3.5198559089621995e-06,-1,7,5,832.2034301757812
3,-0.8536585365853658,1.313273696723627e-05,-1,7,5,832.2034301757812
4,-0.8048780487804879,1.0406673027318902e-05,-1,7,5,832.2034301757812
5,-0.7560975609756098,7.819603524694685e-06,-1,7,5,832.2034301757812
6,-0.7073170731707317,2.84550496871816e-05,-1,7,5,832.2034301757812
7,-0.6585365853658536,1.136206492446945e-06,-1,7,5,832.2034301757812
8,-0.6097560975609756,4.959440502716461e-06,-1,7,5,832.2034301757812
9,-0.5609756097560976,4.224623626214452e-05,-1,7,5,832.2034301757812
10,-0.5121951219512195,0.0006212386069819331,-1,7,5,832.2034301757812
11,-0.46341463414634143,0.0021755096968263388,-1,7,5,832.2034301757812
12,-0.41463414634146334,0.00026638657436706126,-1,7,5,832.2034301757812
13,-0.36585365853658536,6.425012543331832e-05,-1,7,5,832.2034301757812
14,-0.31707317073170727,2.452829539834056e-05,-1,7,5,832.2034301757812
15,-0.2682926829268293,6.644153927481966e-06,-1,7,5,832.2034301757812
16,-0.2195121951219512,3.1042318937579694e-07,-1,7,5,832.2034301757812
17,-0.1707317073170731,1.7196510952999233e-06,-1,7,5,832.2034301757812
18,-0.12195121951219512,7.782217835483607e-06,-1,7,5,832.2034301757812
19,-0.07317073170731703,4.736519713333109e-06,-1,7,5,832.2034301757812
20,-0.024390243902439046,6.026950813975418e-06,-1,7,5,832.2034301757812
21,0.024390243902439046,6.88002364768181e-06,-1,7,5,832.2034301757812
22,0.07317073170731714,1.4799152268096805e-06,-1,7,5,832.2034301757812
23,0.12195121951219523,7.741218723822385e-07,-1,7,5,832.2034301757812
24,0.17073170731707332,2.7156666249084083e-08,-1,7,5,832.2034301757812
25,0.2195121951219512,5.956839572718309e-07,-1,7,5,832.2034301757812
26,0.2682926829268293,0.0,-1,7,5,832.2034301757812
27,0.3170731707317074,0.0,-1,7,5,832.2034301757812
28,0.36585365853658547,0.0,-1,7,5,832.2034301757812
29,0.41463414634146356,0.0,-1,7,5,832.2034301757812
30,0.46341463414634143,0.0,-1,7,5,832.2034301757812
31,0.5121951219512195,0.0,-1,7,5,832.2034301757812
32,0.5609756097560976,0.0,-1,7,5,832.2034301757812
33,0.6097560975609757,0.0,-1,7,5,832.2034301757812
34,0.6585365853658538,0.0,-1,7,5,832.2034301757812
35,0.7073170731707317,0.0,-1,7,5,832.2034301757812
36,0.7560975609756098,0.0,-1,7,5,832.2034301757812
37,0.8048780487804879,0.0,-1,7,5,832.2034301757812
38,0.853658536585366,0.0,-1,7,5,832.2034301757812
39,0.902439024390244,0.0,-1,7,5,832.2034301757812
40,0.9512195121951219,0.0,-1,7,5,832.2034301757812
41,1.0,0.0,-1,7,5,832.2034301757812
0,-1.0,4.964020263287239e-06,-1,8,5,832.2034301757812
1,-0.9512195121951219,3.1001218303572387e-05,-1,8,5,832.2034301757812
2,-0.9024390243902439,8.843660907587036e-06,-1,8,5,832.2034301757812
3,-0.8536585365853658,2.0419852475583866e-08,-1,8,5,832.2034301757812
4,-0.8048780487804879,1.0643978384905495e-05,-1,8,5,832.2034301757812
5,-0.7560975609756098,0.00039782002568244934,-1,8,5,832.2034301757812
6,-0.7073170731707317,0.008834307081997395,-1,8,5,832.2034301757812
7,-0.6585365853658536,0.00020288809901103377,-1,8,5,832.2034301757812
8,-0.6097560975609756,0.00010097941412823275,-1,8,5,832.2034301757812
9,-0.5609756097560976,2.5491761334706098e-05,-1,8,5,832.2034301757812
10,-0.5121951219512195,9.901292514769011e-07,-1,8,5,832.2034301757812
11,-0.46341463414634143,1.1488392374303658e-05,-1,8,5,832.2034301757812
12,-0.41463414634146334,3.097660737694241e-06,-1,8,5,832.2034301757812
13,-0.36585365853658536,2.391502675891388e-07,-1,8,5,832.2034301757812
14,-0.31707317073170727,1.1951311762459227e-06,-1,8,5,832.2034301757812
15,-0.2682926829268293,4.111576345167123e-06,-1,8,5,832.2034301757812
16,-0.2195121951219512,1.6080749674074468e-06,-1,8,5,832.2034301757812
17,-0.1707317073170731,1.1144531697482307e-07,-1,8,5,832.2034301757812
18,-0.12195121951219512,5.000066721549956e-06,-1,8,5,832.2034301757812
19,-0.07317073170731703,2.3955840333655942e-06,-1,8,5,832.2034301757812
20,-0.024390243902439046,0.0,-1,8,5,832.2034301757812
21,0.024390243902439046,0.0,-1,8,5,832.2034301757812
22,0.07317073170731714,0.0,-1,8,5,832.2034301757812
23,0.12195121951219523,0.0,-1,8,5,832.2034301757812
24,0.17073170731707332,0.0,-1,8,5,832.2034301757812
25,0.2195121951219512,0.0,-1,8,5,832.2034301757812
26,0.2682926829268293,0.0,-1,8,5,832.2034301757812
27,0.3170731707317074,0.0,-1,8,5,832.2034301757812
28,0.36585365853658547,0.0,-1,8,5,832.2034301757812
29,0.41463414634146356,0.0,-1,8,5,832.2034301757812
30,0.46341463414634143,0.0,-1,8,5,832.2034301757812
31,0.5121951219512195,0.0,-1,8,5,832.2034301757812
32,0.5609756097560976,0.0,-1,8,5,832.2034301757812
33,0.6097560975609757,0.0,-1,8,5,832.2034301757812
34,0.6585365853658538,0.0,-1,8,5,832.2034301757812
35,0.7073170731707317,0.0,-1,8,5,832.2034301757812
36,0.7560975609756098,0.0,-1,8,5,832.2034301757812
37,0.8048780487804879,0.0,-1,8,5,832.2034301757812
38,0.853658536585366,0.0,-1,8,5,832.2034301757812
39,0.902439024390244,0.0,-1,8,5,832.2034301757812
40,0.9512195121951219,0.0,-1,8,5,832.2034301757812
41,1.0,0.0,-1,8,5,832.2034301757812
0,-1.0,3.872373781632632e-06,-1,9,5,832.2034301757812
1,-0.9512195121951219,5.394092113419902e-06,-1,9,5,832.2034301757812
2,-0.9024390243902439,7.3943221650552e-05,-1,9,5,832.2034301757812
3,-0.8536585365853658,0.0017470516031607985,-1,9,5,832.2034301757812
4,-0.8048780487804879,3.428419950068928e-05,-1,9,5,832.2034301757812
5,-0.7560975609756098,9.789087198441848e-05,-1,9,5,832.2034301757812
6,-0.7073170731707317,3.846195249934681e-05,-1,9,5,832.2034301757812
7,-0.6585365853658536,1.5156831068452448e-05,-1,9,5,832.2034301757812
8,-0.6097560975609756,3.436701376813289e-07,-1,9,5,832.2034301757812
9,-0.5609756097560976,5.694269475498004e-06,-1,9,5,832.2034301757812
10,-0.5121951219512195,3.9183128137665335e-06,-1,9,5,832.2034301757812
11,-0.46341463414634143,2.4215830762841506e-06,-1,9,5,832.2034301757812
12,-0.41463414634146334,3.1155130386650853e-07,-1,9,5,832.2034301757812
13,-0.36585365853658536,1.5075810324560734e-06,-1,9,5,832.2034301757812
14,-0.31707317073170727,1.261891156900674e-06,-1,9,5,832.2034301757812
15,-0.2682926829268293,0.0,-1,9,5,832.2034301757812
16,-0.2195121951219512,0.0,-1,9,5,832.2034301757812
17,-0.1707317073170731,0.0,-1,9,5,832.2034301757812
18,-0.12195121951219512,0.0,-1,9,5,832.2034301757812
19,-0.07317073170731703,0.0,-1,9,5,832.2034301757812
20,-0.024390243902439046,0.0,-1,9,5,832.2034301757812
21,0.024390243902439046,0.0,-1,9,5,832.2034301757812
22,0.07317073170731714,0.0,-1,9,5,832.2034301757812
23,0.12195121951219523,0.0,-1,9,5,832.2034301757812
24,0.17073170731707332,0.0,-1,9,5,832.2034301757812
25,0.2195121951219512,0.0,-1,9,5,832.2034301757812
26,0.2682926829268293,0.0,-1,9,5,832.2034301757812
27,0.3170731707317074,0.0,-1,9,5,832.2034301757812
28,0.36585365853658547,0.0,-1,9,5,832.2034301757812
29,0.41463414634146356,0.0,-1,9,5,832.2034301757812
30,0.46341463414634143,0.0,-1,9,5,832.2034301757812
31,0.5121951219512195,0.0,-1,9,5,832.2034301757812
32,0.5609756097560976,0.0,-1,9,5,832.2034301757812
33,0.6097560975609757,0.0,-1,9,5,832.2034301757812
34,0.6585365853658538,0.0,-1,9,5,832.2034301757812
35,0.7073170731707317,0.0,-1,9,5,832.2034301757812
36,0.7560975609756098,0.0,-1,9,5,832.2034301757812
37,0.8048780487804879,0.0,-1,9,5,832.2034301757812
38,0.853658536585366,0.0,-1,9,5,832.2034301757812
39,0.902439024390244,0.0,-1,9,5,832.2034301757812
40,0.9512195121951219,0.0,-1,9,5,832.2034301757812
41,1.0,0.0,-1,9,5,832.2034301757812
0,-1.0,0.0,-1,9,6,832.2034301757812
1,-0.9512195121951219,0.0,-1,9,6,832.2034301757812
2,-0.9024390243902439,0.0,-1,9,6,832.2034301757812
3,-0.8536585365853658,0.0,-1,9,6,832.2034301757812
4,-0.8048780487804879,0.0,-1,9,6,832.2034301757812
5,-0.7560975609756098,0.0,-1,9,6,832.2034301757812
6,-0.7073170731707317,0.0,-1,9,6,832.2034301757812
7,-0.6585365853658536,0.0,-1,9,6,832.2034301757812
8,-0.6097560975609756,0.0,-1,9,6,832.2034301757812
9,-0.5609756097560976,0.0,-1,9,6,832.2034301757812
10,-0.5121951219512195,0.0,-1,9,6,832.2034301757812
11,-0.46341463414634143,0.0,-1,9,6,832.2034301757812
12,-0.41463414634146334,0.0,-1,9,6,832.2034301757812
13,-0.36585365853658536,0.0,-1,9,6,832.2034301757812
14,-0.31707317073170727,0.0,-1,9,6,832.2034301757812
15,-0.2682926829268293,0.0,-1,9,6,832.2034301757812
16,-0.2195121951219512,0.0,-1,9,6,832.2034301757812
17,-0.1707317073170731,0.0,-1,9,6,832.2034301757812
18,-0.12195121951219512,0.0,-1,9,6,832.2034301757812
19,-0.07317073170731703,0.0,-1,9,6,832.2034301757812
20,-0.024390243902439046,0.0,-1,9,6,832.2034301757812
21,0.024390243902439046,0.0,-1,9,6,832.2034301757812
22,0.07317073170731714,0.0,-1,9,6,832.2034301757812
23,0.12195121951219523,0.0,-1,9,6,832.2034301757812
24,0.17073170731707332,0.0,-1,9,6,832.2034301757812
25,0.2195121951219512,5.529659006242582e-07,-1,9,6,832.2034301757812
26,0.2682926829268293,8.838024001533995e-08,-1,9,6,832.2034301757812
27,0.3170731707317074,1.1242823347856756e-06,-1,9,6,832.2034301757812
28,0.36585365853658547,7.63708882800529e-08,-1,9,6,832.2034301757812
29,0.41463414634146356,1.8144542082154658e-06,-1,9,6,832.2034301757812
30,0.46341463414634143,4.1256222971242096e-07,-1,9,6,832.2034301757812
31,0.5121951219512195,1.42142380354926e-06,-1,9,6,832.2034301757812
32,0.5609756097560976,5.013646841689479e-06,-1,9,6,832.2034301757812
33,0.6097560975609757,2.029243205470266e-06,-1,9,6,832.2034301757812
34,0.6585365853658538,1.937209344760049e-05,-1,9,6,832.2034301757812
35,0.7073170731707317,8.958298167272005e-06,-1,9,6,832.2034301757812
36,0.7560975609756098,0.00018590410763863474,-1,9,6,832.2034301757812
37,0.8048780487804879,6.336406386253657e-07,-1,9,6,832.2034301757812
38,0.853658536585366,4.8369524847657885e-06,-1,9,6,832.2034301757812
39,0.902439024390244,2.0178154613859078e-07,-1,9,6,832.2034301757812
40,0.9512195121951219,1.3898716133553535e-06,-1,9,6,832.2034301757812
41,1.0,2.7154076320812237e-08,-1,9,6,832.2034301757812
0,-1.0,0.0,0,-9,-5,832.2034301757812
1,-0.9512195121951219,0.0,0,-9,-5,832.2034301757812
2,-0.9024390243902439,0.0,0,-9,-5,832.2034301757812
3,-0.8536585365853658,0.0,0,-9,-5,832.2034301757812
4,-0.8048780487804879,0.0,0,-9,-5,832.2034301757812
5,-0.7560975609756098,0.0,0,-9,-5,832.2034301757812
6,-0.7073170731707317,0.0,0,-9,-5,832.2034301757812
7,-0.6585365853658536,0.0,0,-9,-5,832.2034301757812
8,-0.6097560975609756,0.0,0,-9,-5,832.2034301757812
9,-0.5609756097560976,0.0,0,-9,-5,832.2034301757812
10,-0.5121951219512195,0.0,0,-9,-5,832.2034301757812
11,-0.46341463414634143,0.0,0,-9,-5,832.2034301757812
12,-0.41463414634146334,0.0,0,-9,-5,832.2034301757812
13,-0.36585365853658536,0.0,0,-9,-5,832.2034301757812
14,-0.31707317073170727,0.0,0,-9,-5,832.2034301757812
15,-0.2682926829268293,0.0,0,-9,-5,832.2034301757812
16,-0.2195121951219512,0.0,0,-9,-5,832.2034301757812
17,-0.1707317073170731,0.0,0,-9,-5,832.2034301757812
18,-0.12195121951219512,0.0,0,-9,-5,832.2034301757812
19,-0.07317073170731703,0.0,0,-9,-5,832.2034301757812
20,-0.024390243902439046,0.0,0,-9,-5,832.2034301757812
21,0.024390243902439046,0.0,0,-9,-5,832.2034301757812
22,0.07317073170731714,0.0,0,-9,-5,832.2034301757812
23,0.12195121951219523,0.0,0,-9,-5,832.2034301757812
24,0.17073170731707332,0.0,0,-9,-5,832.2034301757812
25,0.2195121951219512,2.3717849018112247e-08,0,-9,-5,832.2034301757812
26,0.2682926829268293,5.792291517536796e-07,0,-9,-5,832.2034301757812
27,0.3170731707317074,2.004462885452085e-06,0,-9,-5,832.2034301757812
28,0.36585365853658547,8.444465748880248e-08,0,-9,-5,832.2034301757812
29,0.41463414634146356,1.0367497083052513e-07,0,-9,-5,832.2034301757812
30,0.46341463414634143,3.614608772295469e-07,0,-9,-5,832.2034301757812
31,0.5121951219512195,4.780224003297917e-07,0,-9,-5,832.2034301757812
32,0.5609756097560976,4.297346094972454e-06,0,-9,-5,832.2034301757812
33,0.6097560975609757,5.175086243980331e-07,0,-9,-5,832.2034301757812
34,0.6585365853658538,0.00014372324221767485,0,-9,-5,832.2034301757812
35,0.7073170731707317,1.0986499319187715e-06,0,-9,-5,832.2034301757812
36,0.7560975609756098,0.00028216850478202105,0,-9,-5,832.2034301757812
37,0.8048780487804879,3.067964280489832e-05,0,-9,-5,832.2034301757812
38,0.853658536585366,1.2447178505681222e-06,0,-9,-5,832.2034301757812
39,0.902439024390244,1.685291681496892e-05,0,-9,-5,832.2034301757812
40,0.9512195121951219,1.9283600067865336e-06,0,-9,-5,832.2034301757812
41,1.0,3.11944177155965e-07,0,-9,-5,832.2034301757812
0,-1.0,1.7692066194285871e-06,0,-9,-4,832.2034301757812
1,-0.9512195121951219,2.0598490664269775e-06,0,-9,-4,832.2034301757812
2,-0.9024390243902439,7.119631391105941e-07,0,-9,-4,832.2034301757812
3,-0.8536585365853658,5.557568783842726e-06,0,-9,-4,832.2034301757812
4,-0.8048780487804879,2.6698788133217022e-05,0,-9,-4,832.2034301757812
5,-0.7560975609756098,2.8127369660069235e-06,0,-9,-4,832.2034301757812
6,-0.7073170731707317,1.0708768968470395e-05,0,-9,-4,832.2034301757812
7,-0.6585365853658536,1.5620253179804422e-07,0,-9,-4,832.2034301757812
8,-0.6097560975609756,2.9314443963812664e-05,0,-9,-4,832.2034301757812
9,-0.5609756097560976,0.0010253717191517353,0,-9,-4,832.2034301757812
10,-0.5121951219512195,0.00017055092030204833,0,-9,-4,832.2034301757812
11,-0.46341463414634143,7.329437357839197e-05,0,-9,-4,832.2034301757812
12,-0.41463414634146334,7.453711441485211e-05,0,-9,-4,832.2034301757812
13,-0.36585365853658536,1.353322386421496e-05,0,-9,-4,832.2034301757812
14,-0.31707317073170727,5.5223949857463595e-06,0,-9,-4,832.2034301757812
15,-0.2682926829268293,8.484557838528417e-06,0,-9,-4,832.2034301757812
16,-0.2195121951219512,3.108491455350304e-06,0,-9,-4,832.2034301757812
17,-0.1707317073170731,9.076281457964797e-06,0,-9,-4,832.2034301757812
18,-0.12195121951219512,1.1685257277349592e-06,0,-9,-4,832.2034301757812
19,-0.07317073170731703,1.0944999075945816e-06,0,-9,-4,832.2034301757812
20,-0.024390243902439046,5.131682314640784e-07,0,-9,-4,832.2034301757812
21,0.024390243902439046,0.0,0,-9,-4,832.2034301757812
22,0.07317073170731714,0.0,0,-9,-4,832.2034301757812
23,0.12195121951219523,0.0,0,-9,-4,832.2034301757812
24,0.17073170731707332,0.0,0,-9,-4,832.2034301757812
25,0.2195121951219512,0.0,0,-9,-4,832.2034301757812
26,0.2682926829268293,0.0,0,-9,-4,832.2034301757812
27,0.3170731707317074,0.0,0,-9,-4,832.2034301757812
28,0.36585365853658547,0.0,0,-9,-4,832.2034301757812
29,0.41463414634146356,0.0,0,-9,-4,832.2034301757812
30,0.46341463414634143,0.0,0,-9,-4,832.2034301757812
31,0.5121951219512195,0.0,0,-9,-4,832.2034301757812
32,0.5609756097560976,0.0,0,-9,-4,832.2034301757812
33,0.6097560975609757,0.0,0,-9,-4,832.2034301757812
34,0.6585365853658538,0.0,0,-9,-4,832.2034301757812
35,0.7073170731707317,0.0,0,-9,-4,832.2034301757812
36,0.7560975609756098,0.0,0,-9,-4,832.2034301757812
37,0.8048780487804879,0.0,0,-9,-4,832.2034301757812
38,0.853658536585366,0.0,0,-9,-4,832.2034301757812
39,0.902439024390244,0.0,0,-9,-4,832.2034301757812
40,0.9512195121951219,0.0,0,-9,-4,832.2034301757812
41,1.0,0.0,0,-9,-4,832.2034301757812
0,-1.0,0.0,0,-8,-4,832.2034301757812
1,-0.9512195121951219,0.0,0,-8,-4,832.2034301757812
2,-0.9024390243902439,0.0,0,-8,-4,832.2034301757812
3,-0.8536585365853658,0.0,0,-8,-4,832.2034301757812
4,-0.8048780487804879,0.0,0,-8,-4,832.2034301757812
5,-0.7560975609756098,0.0,0,-8,-4,832.2034301757812
6,-0.7073170731707317,0.0,0,-8,-4,832.2034301757812
7,-0.6585365853658536,0.0,0,-8,-4,832.2034301757812
8,-0.6097560975609756,0.0,0,-8,-4,832.2034301757812
9,-0.5609756097560976,0.0,0,-8,-4,832.2034301757812
10,-0.5121951219512195,0.0,0,-8,-4,832.2034301757812
11,-0.46341463414634143,0.0,0,-8,-4,832.2034301757812
12,-0.41463414634146334,0.0,0,-8,-4,832.2034301757812
13,-0.36585365853658536,0.0,0,-8,-4,832.2034301757812
14,-0.31707317073170727,0.0,0,-8,-4,832.2034301757812
15,-0.2682926829268293,8.276580956589896e-06,0,-8,-4,832.2034301757812
16,-0.2195121951219512,8.538459951523691e-06,0,-8,-4,832.2034301757812
17,-0.1707317073170731,1.0938039167740499e-06,0,-8,-4,832.2034301757812
18,-0.12195121951219512,1.7766975588529021e-06,0,-8,-4,832.2034301757812
19,-0.07317073170731703,5.426831194199622e-06,0,-8,-4,832.2034301757812
20,-0.024390243902439046,2.7428027848941383e-08,0,-8,-4,832.2034301757812
21,0.024390243902439046,7.282943897735095e-06,0,-8,-4,832.2034301757812
22,0.07317073170731714,6.987082997511607e-06,0,-8,-4,832.2034301757812
23,0.12195121951219523,1.4128285329206847e-05,0,-8,-4,832.2034301757812
24,0.17073170731707332,0.00010124421532964334,0,-8,-4,832.2034301757812
25,0.2195121951219512,1.8890181308961473e-05,0,-8,-4,832.2034301757812
26,0.2682926829268293,0.00044005969539284706,0,-8,-4,832.2034301757812
27,0.3170731707317074,0.001530518988147378,0,-8,-4,832.2034301757812
28,0.36585365853658547,4.009678741567768e-05,0,-8,-4,832.2034301757812
29,0.41463414634146356,1.5278203136404045e-05,0,-8,-4,832.2034301757812
30,0.46341463414634143,5.082014467916451e-06,0,-8,-4,832.2034301757812
31,0.5121951219512195,1.327723111899104e-05,0,-8,-4,832.2034301757812
32,0.5609756097560976,1.0107863090524916e-05,0,-8,-4,832.2034301757812
33,0.6097560975609757,5.11178370743437e-07,0,-8,-4,832.2034301757812
34,0.6585365853658538,7.368312253674958e-06,0,-8,-4,832.2034301757812
35,0.7073170731707317,2.984685352203087e-06,0,-8,-4,832.2034301757812
36,0.7560975609756098,6.702125006086135e-07,0,-8,-4,832.2034301757812
37,0.8048780487804879,5.2579875955416355e-06,0,-8,-4,832.2034301757812
38,0.853658536585366,2.515604137443006e-06,0,-8,-4,832.2034301757812
39,0.902439024390244,0.0,0,-8,-4,832.2034301757812
40,0.9512195121951219,0.0,0,-8,-4,832.2034301757812
41,1.0,0.0,0,-8,-4,832.2034301757812
0,-1.0,8.805726565697114e-07,0,-7,-3,832.2034301757812
1,-0.9512195121951219,3.326199930597795e-06,0,-7,-3,832.2034301757812
2,-0.9024390243902439,3.358092953931191e-06,0,-7,-3,832.2034301757812
3,-0.8536585365853658,5.653061180055374e-06,0,-7,-3,832.2034301757812
4,-0.8048780487804879,7.3334954322490375e-06,0,-7,-3,832.2034301757812
5,-0.7560975609756098,1.3042959835729562e-05,0,-7,-3,832.2034301757812
6,-0.7073170731707317,5.088537818664918e-06,0,-7,-3,832.2034301757812
7,-0.6585365853658536,5.49950073036598e-06,0,-7,-3,832.2034301757812
8,-0.6097560975609756,2.2253536371863447e-05,0,-7,-3,832.2034301757812
9,-0.5609756097560976,1.3347312233236153e-05,0,-7,-3,832.2034301757812
10,-0.5121951219512195,1.6035564840422012e-05,0,-7,-3,832.2034301757812
11,-0.46341463414634143,4.215119042783044e-05,0,-7,-3,832.2034301757812
12,-0.41463414634146334,9.97564202407375e-05,0,-7,-3,832.2034301757812
13,-0.36585365853658536,0.0003133671998512,0,-7,-3,832.2034301757812
14,-0.31707317073170727,0.0007535531767643988,0,-7,-3,832.2034301757812
15,-0.2682926829268293,8.560737478546798e-05,0,-7,-3,832.2034301757812
16,-0.2195121951219512,3.263670805608854e-05,0,-7,-3,832.2034301757812
17,-0.1707317073170731,4.384687144920463e-06,0,-7,-3,832.2034301757812
18,-0.12195121951219512,2.090857606162899e-06,0,-7,-3,832.2034301757812
19,-0.07317073170731703,3.73436296285945e-06,0,-7,-3,832.2034301757812
20,-0.024390243902439046,3.598948023864068e-05,0,-7,-3,832.2034301757812
21,0.024390243902439046,2.666054797373363e-06,0,-7,-3,832.2034301757812
22,0.07317073170731714,9.92457898973953e-06,0,-7,-3,832.2034301757812
23,0.12195121951219523,9.915631835610839e-07,0,-7,-3,832.2034301757812
24,0.17073170731707332,2.979894304644404e-07,0,-7,-3,832.2034301757812
25,0.2195121951219512,6.307351441137143e-07,0,-7,-3,832.2034301757812
26,0.2682926829268293,2.770330524981546e-07,0,-7,-3,832.2034301757812
27,0.3170731707317074,3.602653805501177e-06,0,-7,-3,832.2034301757812
28,0.36585365853658547,0.0,0,-7,-3,832.2034301757812
29,0.41463414634146356,0.0,0,-7,-3,832.2034301757812
30,0.46341463414634143,0.0,0,-7,-3,832.2034301757812
31,0.5121951219512195,0.0,0,-7,-3,832.2034301757812
32,0.5609756097560976,0.0,0,-7,-3,832.2034301757812
33,0.6097560975609757,0.0,0,-7,-3,832.2034301757812
34,0.6585365853658538,0.0,0,-7,-3,832.2034301757812
35,0.7073170731707317,0.0,0,-7,-3,832.2034301757812
36,0.7560975609756098,0.0,0,-7,-3,832.2034301757812
37,0.8048780487804879,0.0,0,-7,-3,832.2034301757812
38,0.853658536585366,0.0,0,-7,-3,832.2034301757812
39,0.902439024390244,0.0,0,-7,-3,832.2034301757812
40,0.9512195121951219,0.0,0,-7,-3,832.2034301757812
41,1.0,0.0,0,-7,-3,832.2034301757812
0,-1.0,0.0,0,-6,-3,832.2034301757812
1,-0.9512195121951219,0.0,0,-6,-3,832.2034301757812
2,-0.9024390243902439,0.0,0,-6,-3,832.2034301757812
3,-0.8536585365853658,0.0,0,-6,-3,832.2034301757812
4,-0.8048780487804879,0.0,0,-6,-3,832.2034301757812
5,-0.7560975609756098,0.0,0,-6,-3,832.2034301757812
6,-0.7073170731707317,0.0,0,-6,-3,832.2034301757812
7,-0.6585365853658536,0.0,0,-6,-3,832.2034301757812
8,-0.6097560975609756,0.0,0,-6,-3,832.2034301757812
9,-0.5609756097560976,0.0,0,-6,-3,832.2034301757812
10,-0.5121951219512195,0.0,0,-6,-3,832.2034301757812
11,-0.46341463414634143,0.0,0,-6,-3,832.2034301757812
12,-0.41463414634146334,0.0,0,-6,-3,832.2034301757812
13,-0.36585365853658536,0.0,0,-6,-3,832.2034301757812
14,-0.31707317073170727,0.0,0,-6,-3,832.2034301757812
15,-0.2682926829268293,0.0,0,-6,-3,832.2034301757812
16,-0.2195121951219512,0.0,0,-6,-3,832.2034301757812
17,-0.1707317073170731,0.0,0,-6,-3,832.2034301757812
18,-0.12195121951219512,7.952254236442968e-06,0,-6,-3,832.2034301757812
19,-0.07317073170731703,3.39197276844061e-06,0,-6,-3,832.2034301757812
20,-0.024390243902439046,1.7378393749822862e-05,0,-6,-3,832.2034301757812
21,0.024390243902439046,2.7329984732205048e-05,0,-6,-3,832.2034301757812
22,0.07317073170731714,3.810833004536107e-05,0,-6,-3,832.2034301757812
23,0.12195121951219523,7.138009823393077e-05,0,-6,-3,832.2034301757812
24,0.17073170731707332,5.362740921555087e-05,0,-6,-3,832.2034301757812
25,0.2195121951219512,4.8912104830378667e-05,0,-6,-3,832.2034301757812
26,0.2682926829268293,8.038946361921262e-06,0,-6,-3,832.2034301757812
27,0.3170731707317074,9.218064224114642e-05,0,-6,-3,832.2034301757812
28,0.36585365853658547,0.00010526136611588299,0,-6,-3,832.2034301757812
29,0.41463414634146356,0.00021450340864248574,0,-6,-3,832.2034301757812
30,0.46341463414634143,0.0002490079787094146,0,-6,-3,832.2034301757812
31,0.5121951219512195,0.0001873197907116264,0,-6,-3,832.2034301757812
32,0.5609756097560976,0.0004975565243512392,0,-6,-3,832.2034301757812
33,0.6097560975609757,0.0014990122290328145,0,-6,-3,832.2034301757812
34,0.6585365853658538,0.05715544894337654,0,-6,-3,832.2034301757812
35,0.7073170731707317,0.001499112113378942,0,-6,-3,832.2034301757812
36,0.7560975609756098,0.0008019137312658131,0,-6,-3,832.2034301757812
37,0.8048780487804879,0.0001205164662678726,0,-6,-3,832.2034301757812
38,0.853658536585366,5.40949622518383e-05,0,-6,-3,832.2034301757812
39,0.902439024390244,2.3738755771773867e-05,0,-6,-3,832.2034301757812
40,0.9512195121951219,3.0006258384673856e-05,0,-6,-3,832.2034301757812
41,1.0,2.4953433808150294e-07,0,-6,-3,832.2034301757812
0,-1.0,1.4778985132579692e-05,0,-5,-2,832.2034301757812
1,-0.9512195121951219,2.0479353679547785e-06,0,-5,-2,832.2034301757812
2,-0.9024390243902439,6.931466600690328e-07,0,-5,-2,832.2034301757812
3,-0.8536585365853658,4.3828669731738046e-05,0,-5,-2,832.2034301757812
4,-0.8048780487804879,6.871243385830894e-05,0,-5,-2,832.2034301757812
5,-0.7560975609756098,0.00013928991393186152,0,-5,-2,832.2034301757812
6,-0.7073170731707317,4.1887800762197e-05,0,-5,-2,832.2034301757812
7,-0.6585365853658536,0.00010870246478589252,0,-5,-2,832.2034301757812
8,-0.6097560975609756,3.7707824958488345e-05,0,-5,-2,832.2034301757812
9,-0.5609756097560976,5.124557719682343e-05,0,-5,-2,832.2034301757812
10,-0.5121951219512195,7.39393726689741e-05,0,-5,-2,832.2034301757812
11,-0.46341463414634143,0.0003307954757474363,0,-5,-2,832.2034301757812
12,-0.41463414634146334,0.0005725545343011618,0,-5,-2,832.2034301757812
13,-0.36585365853658536,0.00011931607878068462,0,-5,-2,832.2034301757812
14,-0.31707317073170727,0.002377475844696164,0,-5,-2,832.2034301757812
15,-0.2682926829268293,0.0004119776713196188,0,-5,-2,832.2034301757812
16,-0.2195121951219512,0.00028826124616898596,0,-5,-2,832.2034301757812
17,-0.1707317073170731,9.788791066966951e-05,0,-5,-2,832.2034301757812
18,-0.12195121951219512,8.15871826489456e-05,0,-5,-2,832.2034301757812
19,-0.07317073170731703,6.467499770224094e-05,0,-5,-2,832.2034301757812
20,-0.024390243902439046,5.4759668273618445e-05,0,-5,-2,832.2034301757812
21,0.024390243902439046,1.4552288121194579e-05,0,-5,-2,832.2034301757812
22,0.07317073170731714,8.012754733499605e-06,0,-5,-2,832.2034301757812
23,0.12195121951219523,1.0349302101531066e-05,0,-5,-2,832.2034301757812
24,0.17073170731707332,1.9334709122631466e-06,0,-5,-2,832.2034301757812
25,0.2195121951219512,9.600486237104633e-07,0,-5,-2,832.2034301757812
26,0.2682926829268293,6.136991578387097e-05,0,-5,-2,832.2034301757812
27,0.3170731707317074,6.001520887366496e-05,0,-5,-2,832.2034301757812
28,0.36585365853658547,3.099476816714741e-05,0,-5,-2,832.2034301757812
29,0.41463414634146356,1.5195167179626878e-05,0,-5,-2,832.2034301757812
30,0.46341463414634143,5.103083822177723e-06,0,-5,-2,832.2034301757812
31,0.5121951219512195,9.369477083964739e-06,0,-5,-2,832.2034301757812
32,0.5609756097560976,6.131820100563345e-07,0,-5,-2,832.2034301757812
33,0.6097560975609757,7.592837391712237e-06,0,-5,-2,832.2034301757812
34,0.6585365853658538,0.0,0,-5,-2,832.2034301757812
35,0.7073170731707317,0.0,0,-5,-2,832.2034301757812
36,0.7560975609756098,0.0,0,-5,-2,832.2034301757812
37,0.8048780487804879,0.0,0,-5,-2,832.2034301757812
38,0.853658536585366,0.0,0,-5,-2,832.2034301757812
39,0.902439024390244,0.0,0,-5,-2,832.2034301757812
40,0.9512195121951219,0.0,0,-5,-2,832.2034301757812
41,1.0,0.0,0,-5,-2,832.2034301757812
0,-1.0,0.0031306517776101828,0,-3,-1,832.2034301757812
1,-0.9512195121951219,0.048889730125665665,0,-3,-1,832.2034301757812
2,-0.9024390243902439,0.017673645168542862,0,-3,-1,832.2034301757812
3,-0.8536585365853658,0.26370003819465637,0,-3,-1,832.2034301757812
4,-0.8048780487804879,0.7347201704978943,0,-3,-1,832.2034301757812
5,-0.7560975609756098,0.26642337441444397,0,-3,-1,832.2034301757812
6,-0.7073170731707317,0.002733461558818817,0,-3,-1,832.2034301757812
7,-0.6585365853658536,0.039182133972644806,0,-3,-1,832.2034301757812
8,-0.6097560975609756,0.0024269837886095047,0,-3,-1,832.2034301757812
9,-0.5609756097560976,0.008904297836124897,0,-3,-1,832.2034301757812
10,-0.5121951219512195,0.004683174658566713,0,-3,-1,832.2034301757812
11,-0.46341463414634143,0.004053320735692978,0,-3,-1,832.2034301757812
12,-0.41463414634146334,0.001586770755238831,0,-3,-1,832.2034301757812
13,-0.36585365853658536,0.005909116473048925,0,-3,-1,832.2034301757812
14,-0.31707317073170727,0.0011355152819305658,0,-3,-1,832.2034301757812
15,-0.2682926829268293,0.004638425540179014,0,-3,-1,832.2034301757812
16,-0.2195121951219512,0.0007897380855865777,0,-3,-1,832.2034301757812
17,-0.1707317073170731,0.0019683768041431904,0,-3,-1,832.2034301757812
18,-0.12195121951219512,0.00029316640575416386,0,-3,-1,832.2034301757812
19,-0.07317073170731703,0.0013258779654279351,0,-3,-1,832.2034301757812
20,-0.024390243902439046,4.438245014171116e-05,0,-3,-1,832.2034301757812
21,0.024390243902439046,0.001795359537936747,0,-3,-1,832.2034301757812
22,0.07317073170731714,0.00015176502347458154,0,-3,-1,832.2034301757812
23,0.12195121951219523,0.00160842330660671,0,-3,-1,832.2034301757812
24,0.17073170731707332,0.00022186769638210535,0,-3,-1,832.2034301757812
25,0.2195121951219512,0.0006881429580971599,0,-3,-1,832.2034301757812
26,0.2682926829268293,1.6212470654863864e-05,0,-3,-1,832.2034301757812
27,0.3170731707317074,0.0008425615378655493,0,-3,-1,832.2034301757812
28,0.36585365853658547,4.3717976950574666e-05,0,-3,-1,832.2034301757812
29,0.41463414634146356,0.0007790913223288953,0,-3,-1,832.2034301757812
30,0.46341463414634143,3.5441516956780106e-05,0,-3,-1,832.2034301757812
31,0.5121951219512195,0.000508153869304806,0,-3,-1,832.2034301757812
32,0.5609756097560976,0.00010659723193384707,0,-3,-1,832.2034301757812
33,0.6097560975609757,0.0004785560304298997,0,-3,-1,832.2034301757812
34,0.6585365853658538,0.0001492726878495887,0,-3,-1,832.2034301757812
35,0.7073170731707317,0.0005151935620233417,0,-3,-1,832.2034301757812
36,0.7560975609756098,6.539345486089587e-05,0,-3,-1,832.2034301757812
37,0.8048780487804879,0.0004221274284645915,0,-3,-1,832.2034301757812
38,0.853658536585366,0.0,0,-3,-1,832.2034301757812
39,0.902439024390244,0.0,0,-3,-1,832.2034301757812
40,0.9512195121951219,0.0,0,-3,-1,832.2034301757812
41,1.0,0.0,0,-3,-1,832.2034301757812
0,-1.0,0.00033389325835742056,0,3,1,832.2034301757812
1,-0.9512195121951219,0.0005203754408285022,0,3,1,832.2034301757812
2,-0.9024390243902439,0.0005767415859736502,0,3,1,832.2034301757812
3,-0.8536585365853658,0.00045759076601825655,0,3,1,832.2034301757812
4,-0.8048780487804879,0.00033132938551716506,0,3,1,832.2034301757812
5,-0.7560975609756098,0.0010549998842179775,0,3,1,832.2034301757812
6,-0.7073170731707317,0.0006723528495058417,0,3,1,832.2034301757812
7,-0.6585365853658536,0.001065010903403163,0,3,1,832.2034301757812
8,-0.6097560975609756,0.0008927803719416261,0,3,1,832.2034301757812
9,-0.5609756097560976,0.0009175257291644812,0,3,1,832.2034301757812
10,-0.5121951219512195,0.0004039421328343451,0,3,1,832.2034301757812
11,-0.46341463414634143,0.0007996276253834367,0,3,1,832.2034301757812
12,-0.41463414634146334,0.0006315269274637103,0,3,1,832.2034301757812
13,-0.36585365853658536,0.001794479787349701,0,3,1,832.2034301757812
14,-0.31707317073170727,0.0007083887467160821,0,3,1,832.2034301757812
15,-0.2682926829268293,0.004450998734682798,0,3,1,832.2034301757812
16,-0.2195121951219512,0.001297772047109902,0,3,1,832.2034301757812
17,-0.1707317073170731,0.008459278382360935,0,3,1,832.2034301757812
18,-0.12195121951219512,0.0004369668022263795,0,3,1,832.2034301757812
19,-0.07317073170731703,0.0037305476143956184,0,3,1,832.2034301757812
20,-0.024390243902439046,0.00946267880499363,0,3,1,832.2034301757812
21,0.024390243902439046,0.015125300735235214,0,3,1,832.2034301757812
22,0.07317073170731714,0.013797248713672161,0,3,1,832.2034301757812
23,0.12195121951219523,0.04008408263325691,0,3,1,832.2034301757812
24,0.17073170731707332,0.06530994176864624,0,3,1,832.2034301757812
25,0.2195121951219512,0.6997682452201843,0,3,1,832.2034301757812
26,0.2682926829268293,0.6078498959541321,0,3,1,832.2034301757812
27,0.3170731707317074,0.021954355761408806,0,3,1,832.2034301757812
28,0.36585365853658547,0.061940718442201614,0,3,1,832.2034301757812
29,0.41463414634146356,0.00976676493883133,0,3,1,832.2034301757812
30,0.46341463414634143,0.01776493899524212,0,3,1,832.2034301757812
31,0.5121951219512195,0.00458568288013339,0,3,1,832.2034301757812
32,0.5609756097560976,0.009185533039271832,0,3,1,832.2034301757812
33,0.6097560975609757,0.0027221147902309895,0,3,1,832.2034301757812
34,0.6585365853658538,0.004429675173014402,0,3,1,832.2034301757812
35,0.7073170731707317,0.0011812837328761816,0,3,1,832.2034301757812
36,0.7560975609756098,0.0024071824736893177,0,3,1,832.2034301757812
37,0.8048780487804879,0.0010361229069530964,0,3,1,832.2034301757812
38,0.853658536585366,0.0015512576792389154,0,3,1,832.2034301757812
39,0.902439024390244,0.001253735739737749,0,3,1,832.2034301757812
40,0.9512195121951219,0.0013772943057119846,0,3,1,832.2034301757812
41,1.0,0.0007337728166021407,0,3,1,832.2034301757812
0,-1.0,4.495516623137519e-05,0,4,1,832.2034301757812
1,-0.9512195121951219,2.6597155738272704e-05,0,4,1,832.2034301757812
2,-0.9024390243902439,0.00021677518088836223,0,4,1,832.2034301757812
3,-0.8536585365853658,9.165667142951861e-05,0,4,1,832.2034301757812
4,-0.8048780487804879,0.00115487864241004,0,4,1,832.2034301757812
5,-0.7560975609756098,0.0027843520510941744,0,4,1,832.2034301757812
6,-0.7073170731707317,0.011001167818903923,0,4,1,832.2034301757812
7,-0.6585365853658536,0.026796240359544754,0,4,1,832.2034301757812
8,-0.6097560975609756,0.0015618106117472053,0,4,1,832.2034301757812
9,-0.5609756097560976,0.0005560997524298728,0,4,1,832.2034301757812
10,-0.5121951219512195,0.0036184254568070173,0,4,1,832.2034301757812
11,-0.46341463414634143,0.000697260198649019,0,4,1,832.2034301757812
12,-0.41463414634146334,0.00037631066516041756,0,4,1,832.2034301757812
13,-0.36585365853658536,8.620951848570257e-05,0,4,1,832.2034301757812
14,-0.31707317073170727,0.00042524715536274016,0,4,1,832.2034301757812
15,-0.2682926829268293,3.6129327781964093e-05,0,4,1,832.2034301757812
16,-0.2195121951219512,5.855535709997639e-05,0,4,1,832.2034301757812
17,-0.1707317073170731,0.0005186185007914901,0,4,1,832.2034301757812
18,-0.12195121951219512,9.986470104195178e-05,0,4,1,832.2034301757812
19,-0.07317073170731703,0.00014927188749425113,0,4,1,832.2034301757812
20,-0.024390243902439046,5.9584941482171416e-05,0,4,1,832.2034301757812
21,0.024390243902439046,7.978645953699015e-06,0,4,1,832.2034301757812
22,0.07317073170731714,1.4094022844801657e-05,0,4,1,832.2034301757812
23,0.12195121951219523,6.984244828345254e-05,0,4,1,832.2034301757812
24,0.17073170731707332,5.90816380281467e-05,0,4,1,832.2034301757812
25,0.2195121951219512,0.0002241862821392715,0,4,1,832.2034301757812
26,0.2682926829268293,0.0001479732891311869,0,4,1,832.2034301757812
27,0.3170731707317074,1.7549897165736184e-05,0,4,1,832.2034301757812
28,0.36585365853658547,1.9970040739281103e-05,0,4,1,832.2034301757812
29,0.41463414634146356,3.9879341784399e-06,0,4,1,832.2034301757812
30,0.46341463414634143,1.5263566410794738e-06,0,4,1,832.2034301757812
31,0.5121951219512195,4.384327621664852e-05,0,4,1,832.2034301757812
32,0.5609756097560976,4.382634870125912e-06,0,4,1,832.2034301757812
33,0.6097560975609757,0.0,0,4,1,832.2034301757812
34,0.6585365853658538,0.0,0,4,1,832.2034301757812
35,0.7073170731707317,0.0,0,4,1,832.2034301757812
36,0.7560975609756098,0.0,0,4,1,832.2034301757812
37,0.8048780487804879,0.0,0,4,1,832.2034301757812
38,0.853658536585366,0.0,0,4,1,832.2034301757812
39,0.902439024390244,0.0,0,4,1,832.2034301757812
40,0.9512195121951219,0.0,0,4,1,832.2034301757812
41,1.0,0.0,0,4,1,832.2034301757812
0,-1.0,0.0,0,6,2,832.2034301757812
1,-0.9512195121951219,0.0,0,6,2,832.2034301757812
2,-0.9024390243902439,0.0,0,6,2,832.2034301757812
3,-0.8536585365853658,0.0,0,6,2,832.2034301757812
4,-0.8048780487804879,0.0,0,6,2,832.2034301757812
5,-0.7560975609756098,0.0,0,6,2,832.2034301757812
6,-0.7073170731707317,0.0,0,6,2,832.2034301757812
7,-0.6585365853658536,0.0,0,6,2,832.2034301757812
8,-0.6097560975609756,0.0,0,6,2,832.2034301757812
9,-0.5609756097560976,0.0,0,6,2,832.2034301757812
10,-0.5121951219512195,0.0,0,6,2,832.2034301757812
11,-0.46341463414634143,0.0,0,6,2,832.2034301757812
12,-0.41463414634146334,0.0,0,6,2,832.2034301757812
13,-0.36585365853658536,0.0,0,6,2,832.2034301757812
14,-0.31707317073170727,0.0,0,6,2,832.2034301757812
15,-0.2682926829268293,0.0,0,6,2,832.2034301757812
16,-0.2195121951219512,0.0,0,6,2,832.2034301757812
17,-0.1707317073170731,0.0,0,6,2,832.2034301757812
18,-0.12195121951219512,0.0,0,6,2,832.2034301757812
19,-0.07317073170731703,0.0,0,6,2,832.2034301757812
20,-0.024390243902439046,4.675891887018224e-06,0,6,2,832.2034301757812
21,0.024390243902439046,5.0124735935241915e-06,0,6,2,832.2034301757812
22,0.07317073170731714,1.5524572063441155e-06,0,6,2,832.2034301757812
23,0.12195121951219523,1.6864962162799202e-05,0,6,2,832.2034301757812
24,0.17073170731707332,2.7052374207414687e-05,0,6,2,832.2034301757812
25,0.2195121951219512,0.00022911105770617723,0,6,2,832.2034301757812
26,0.2682926829268293,0.00023048225557431579,0,6,2,832.2034301757812
27,0.3170731707317074,1.4153416486806236e-05,0,6,2,832.2034301757812
28,0.36585365853658547,3.1157094781519845e-05,0,6,2,832.2034301757812
29,0.41463414634146356,4.117873402265104e-07,0,6,2,832.2034301757812
30,0.46341463414634143,9.866733307717368e-06,0,6,2,832.2034301757812
31,0.5121951219512195,3.7672464259230765e-06,0,6,2,832.2034301757812
32,0.5609756097560976,8.989446541818324e-06,0,6,2,832.2034301757812
33,0.6097560975609757,1.767924550222233e-05,0,6,2,832.2034301757812
34,0.6585365853658538,3.846149047603831e-05,0,6,2,832.2034301757812
35,0.7073170731707317,6.571148696821183e-05,0,6,2,832.2034301757812
36,0.7560975609756098,0.0008351992000825703,0,6,2,832.2034301757812
37,0.8048780487804879,4.829842146136798e-05,0,6,2,832.2034301757812
38,0.853658536585366,1.6752253941376694e-05,0,6,2,832.2034301757812
39,0.902439024390244,1.9741710275411606e-05,0,6,2,832.2034301757812
40,0.9512195121951219,3.856389866996324e-06,0,6,2,832.2034301757812
41,1.0,4.240319412929239e-06,0,6,2,832.2034301757812
0,-1.0,0.0,0,7,2,832.2034301757812
1,-0.9512195121951219,0.0,0,7,2,832.2034301757812
2,-0.9024390243902439,0.0,0,7,2,832.2034301757812
3,-0.8536585365853658,0.0,0,7,2,832.2034301757812
4,-0.8048780487804879,0.0,0,7,2,832.2034301757812
5,-0.7560975609756098,0.0,0,7,2,832.2034301757812
6,-0.7073170731707317,0.0,0,7,2,832.2034301757812
7,-0.6585365853658536,0.0,0,7,2,832.2034301757812
8,-0.6097560975609756,0.0,0,7,2,832.2034301757812
9,-0.5609756097560976,0.0,0,7,2,832.2034301757812
10,-0.5121951219512195,0.0,0,7,2,832.2034301757812
11,-0.46341463414634143,0.0,0,7,2,832.2034301757812
12,-0.41463414634146334,0.0,0,7,2,832.2034301757812
13,-0.36585365853658536,5.961929900877294e-07,0,7,2,832.2034301757812
14,-0.31707317073170727,2.5037380169123935e-07,0,7,2,832.2034301757812
15,-0.2682926829268293,1.5156351764744613e-06,0,7,2,832.2034301757812
16,-0.2195121951219512,2.016982307395665e-06,0,7,2,832.2034301757812
17,-0.1707317073170731,4.288030140742194e-06,0,7,2,832.2034301757812
18,-0.12195121951219512,1.4006725905346684e-05,0,7,2,832.2034301757812
19,-0.07317073170731703,1.2412111573212314e-05,0,7,2,832.2034301757812
20,-0.024390243902439046,2.219240013801027e-05,0,7,2,832.2034301757812
21,0.024390243902439046,1.0744820428953972e-05,0,7,2,832.2034301757812
22,0.07317073170731714,2.5410896341782063e-05,0,7,2,832.2034301757812
23,0.12195121951219523,7.364266366494121e-06,0,7,2,832.2034301757812
24,0.17073170731707332,2.0493537249421934e-06,0,7,2,832.2034301757812
25,0.2195121951219512,7.597720104968175e-05,0,7,2,832.2034301757812
26,0.2682926829268293,0.0004154110501985997,0,7,2,832.2034301757812
27,0.3170731707317074,0.003894384717568755,0,7,2,832.2034301757812
28,0.36585365853658547,0.0005435178754851222,0,7,2,832.2034301757812
29,0.41463414634146356,5.67746719752904e-05,0,7,2,832.2034301757812
30,0.46341463414634143,1.4778259355807677e-05,0,7,2,832.2034301757812
31,0.5121951219512195,6.851737998658791e-05,0,7,2,832.2034301757812
32,0.5609756097560976,3.094363637501374e-05,0,7,2,832.2034301757812
33,0.6097560975609757,2.2373575120582245e-05,0,7,2,832.2034301757812
34,0.6585365853658538,6.447885425586719e-07,0,7,2,832.2034301757812
35,0.7073170731707317,5.708312755814404e-07,0,7,2,832.2034301757812
36,0.7560975609756098,1.7538724250698579e-07,0,7,2,832.2034301757812
37,0.8048780487804879,1.028180236062326e-06,0,7,2,832.2034301757812
38,0.853658536585366,6.743897529304377e-07,0,7,2,832.2034301757812
39,0.902439024390244,7.095188152561605e-07,0,7,2,832.2034301757812
40,0.9512195121951219,2.946040922324755e-07,0,7,2,832.2034301757812
41,1.0,1.2223114254084066e-07,0,7,2,832.2034301757812
0,-1.0,0.0,0,8,2,832.2034301757812
1,-0.9512195121951219,0.0,0,8,2,832.2034301757812
2,-0.9024390243902439,0.0,0,8,2,832.2034301757812
3,-0.8536585365853658,0.0,0,8,2,832.2034301757812
4,-0.8048780487804879,0.0,0,8,2,832.2034301757812
5,-0.7560975609756098,0.0,0,8,2,832.2034301757812
6,-0.7073170731707317,0.0,0,8,2,832.2034301757812
7,-0.6585365853658536,0.0,0,8,2,832.2034301757812
8,-0.6097560975609756,0.0,0,8,2,832.2034301757812
9,-0.5609756097560976,1.2079998157332739e-07,0,8,2,832.2034301757812
10,-0.5121951219512195,4.2151313550675695e-08,0,8,2,832.2034301757812
11,-0.46341463414634143,7.379924227279844e-07,0,8,2,832.2034301757812
12,-0.41463414634146334,1.1230806649109581e-06,0,8,2,832.2034301757812
13,-0.36585365853658536,1.1903494190335095e-08,0,8,2,832.2034301757812
14,-0.31707317073170727,2.3549332581751514e-06,0,8,2,832.2034301757812
15,-0.2682926829268293,1.5654673006793018e-06,0,8,2,832.2034301757812
16,-0.2195121951219512,8.728509328648215e-07,0,8,2,832.2034301757812
17,-0.1707317073170731,1.8614778127812315e-06,0,8,2,832.2034301757812
18,-0.12195121951219512,2.8757414838764817e-05,0,8,2,832.2034301757812
19,-0.07317073170731703,2.909973545683897e-06,0,8,2,832.2034301757812
20,-0.024390243902439046,0.00010013260180130601,0,8,2,832.2034301757812
21,0.024390243902439046,0.0011746608652174473,0,8,2,832.2034301757812
22,0.07317073170731714,4.502400406636298e-05,0,8,2,832.2034301757812
23,0.12195121951219523,1.5782099580974318e-05,0,8,2,832.2034301757812
24,0.17073170731707332,1.4591079889214598e-05,0,8,2,832.2034301757812
25,0.2195121951219512,2.218707550127874e-06,0,8,2,832.2034301757812
26,0.2682926829268293,5.1771967264357954e-06,0,8,2,832.2034301757812
27,0.3170731707317074,1.0720393675001105e-06,0,8,2,832.2034301757812
28,0.36585365853658547,4.68710368295433e-07,0,8,2,832.2034301757812
29,0.41463414634146356,2.3259642603079556e-06,0,8,2,832.2034301757812
30,0.46341463414634143,7.794836847097031e-07,0,8,2,832.2034301757812
31,0.5121951219512195,7.252993441397848e-07,0,8,2,832.2034301757812
32,0.5609756097560976,1.12489885850664e-06,0,8,2,832.2034301757812
33,0.6097560975609757,2.1174997755224467e-07,0,8,2,832.2034301757812
34,0.6585365853658538,0.0,0,8,2,832.2034301757812
35,0.7073170731707317,0.0,0,8,2,832.2034301757812
36,0.7560975609756098,0.0,0,8,2,832.2034301757812
37,0.8048780487804879,0.0,0,8,2,832.2034301757812
38,0.853658536585366,0.0,0,8,2,832.2034301757812
39,0.902439024390244,0.0,0,8,2,832.2034301757812
40,0.9512195121951219,0.0,0,8,2,832.2034301757812
41,1.0,0.0,0,8,2,832.2034301757812
0,-1.0,0.0,0,9,2,832.2034301757812
1,-0.9512195121951219,0.0,0,9,2,832.2034301757812
2,-0.9024390243902439,0.0,0,9,2,832.2034301757812
3,-0.8536585365853658,0.0,0,9,2,832.2034301757812
4,-0.8048780487804879,0.0,0,9,2,832.2034301757812
5,-0.7560975609756098,0.0,0,9,2,832.2034301757812
6,-0.7073170731707317,0.0,0,9,2,832.2034301757812
7,-0.6585365853658536,1.2815135619348439e-08,0,9,2,832.2034301757812
8,-0.6097560975609756,1.338699576081126e-06,0,9,2,832.2034301757812
9,-0.5609756097560976,2.3176714591954806e-07,0,9,2,832.2034301757812
10,-0.5121951219512195,1.1178506298392676e-07,0,9,2,832.2034301757812
11,-0.46341463414634143,1.6535686597762833e-07,0,9,2,832.2034301757812
12,-0.41463414634146334,1.3072349247522652e-07,0,9,2,832.2034301757812
13,-0.36585365853658536,6.601963377761422e-06,0,9,2,832.2034301757812
14,-0.31707317073170727,7.259182552843413e-07,0,9,2,832.2034301757812
15,-0.2682926829268293,9.220178071700502e-06,0,9,2,832.2034301757812
16,-0.2195121951219512,3.9673259379924275e-06,0,9,2,832.2034301757812
17,-0.1707317073170731,0.0003927287179976702,0,9,2,832.2034301757812
18,-0.12195121951219512,3.854339593090117e-05,0,9,2,832.2034301757812
19,-0.07317073170731703,2.7565886284719454e-06,0,9,2,832.2034301757812
20,-0.024390243902439046,3.361253448019852e-06,0,9,2,832.2034301757812
21,0.024390243902439046,3.7267598145263037e-06,0,9,2,832.2034301757812
22,0.07317073170731714,9.657755981606897e-07,0,9,2,832.2034301757812
23,0.12195121951219523,5.641741154249758e-07,0,9,2,832.2034301757812
24,0.17073170731707332,7.32759190213983e-07,0,9,2,832.2034301757812
25,0.2195121951219512,2.554330876591848e-06,0,9,2,832.2034301757812
26,0.2682926829268293,7.545137350462028e-07,0,9,2,832.2034301757812
27,0.3170731707317074,4.1515536963743216e-07,0,9,2,832.2034301757812
28,0.36585365853658547,3.328828768189851e-07,0,9,2,832.2034301757812
29,0.41463414634146356,0.0,0,9,2,832.2034301757812
30,0.46341463414634143,0.0,0,9,2,832.2034301757812
31,0.5121951219512195,0.0,0,9,2,832.2034301757812
32,0.5609756097560976,0.0,0,9,2,832.2034301757812
33,0.6097560975609757,0.0,0,9,2,832.2034301757812
34,0.6585365853658538,0.0,0,9,2,832.2034301757812
35,0.7073170731707317,0.0,0,9,2,832.2034301757812
36,0.7560975609756098,0.0,0,9,2,832.2034301757812
37,0.8048780487804879,0.0,0,9,2,832.2034301757812
38,0.853658536585366,0.0,0,9,2,832.2034301757812
39,0.902439024390244,0.0,0,9,2,832.2034301757812
40,0.9512195121951219,0.0,0,9,2,832.2034301757812
41,1.0,0.0,0,9,2,832.2034301757812
0,-1.0,0.0,1,-8,-8,832.2034301757812
1,-0.9512195121951219,0.0,1,-8,-8,832.2034301757812
2,-0.9024390243902439,0.0,1,-8,-8,832.2034301757812
3,-0.8536585365853658,0.0,1,-8,-8,832.2034301757812
4,-0.8048780487804879,0.0,1,-8,-8,832.2034301757812
5,-0.7560975609756098,0.0,1,-8,-8,832.2034301757812
6,-0.7073170731707317,0.0,1,-8,-8,832.2034301757812
7,-0.6585365853658536,0.0,1,-8,-8,832.2034301757812
8,-0.6097560975609756,0.0,1,-8,-8,832.2034301757812
9,-0.5609756097560976,0.0,1,-8,-8,832.2034301757812
10,-0.5121951219512195,0.0,1,-8,-8,832.2034301757812
11,-0.46341463414634143,0.0,1,-8,-8,832.2034301757812
12,-0.41463414634146334,0.0,1,-8,-8,832.2034301757812
13,-0.36585365853658536,0.0,1,-8,-8,832.2034301757812
14,-0.31707317073170727,0.0,1,-8,-8,832.2034301757812
15,-0.2682926829268293,0.0,1,-8,-8,832.2034301757812
16,-0.2195121951219512,0.0,1,-8,-8,832.2034301757812
17,-0.1707317073170731,0.0,1,-8,-8,832.2034301757812
18,-0.12195121951219512,0.0,1,-8,-8,832.2034301757812
19,-0.07317073170731703,0.0,1,-8,-8,832.2034301757812
20,-0.024390243902439046,9.443937898367949e-08,1,-8,-8,832.2034301757812
21,0.024390243902439046,9.453081020183163e-07,1,-8,-8,832.2034301757812
22,0.07317073170731714,2.517315351724392e-07,1,-8,-8,832.2034301757812
23,0.12195121951219523,1.5188828683676547e-06,1,-8,-8,832.2034301757812
24,0.17073170731707332,3.11589701595949e-07,1,-8,-8,832.2034301757812
25,0.2195121951219512,1.8999490976057132e-06,1,-8,-8,832.2034301757812
26,0.2682926829268293,2.283744379383279e-06,1,-8,-8,832.2034301757812
27,0.3170731707317074,8.668516784382518e-06,1,-8,-8,832.2034301757812
28,0.36585365853658547,1.1657162986011826e-06,1,-8,-8,832.2034301757812
29,0.41463414634146356,3.543409548001364e-06,1,-8,-8,832.2034301757812
30,0.46341463414634143,4.954023552272702e-06,1,-8,-8,832.2034301757812
31,0.5121951219512195,3.3287676615145756e-06,1,-8,-8,832.2034301757812
32,0.5609756097560976,0.0002258656604681164,1,-8,-8,832.2034301757812
33,0.6097560975609757,7.539999387518037e-06,1,-8,-8,832.2034301757812
34,0.6585365853658538,0.0001324916520388797,1,-8,-8,832.2034301757812
35,0.7073170731707317,1.6638223314657807e-05,1,-8,-8,832.2034301757812
36,0.7560975609756098,3.4025704280793434e-06,1,-8,-8,832.2034301757812
37,0.8048780487804879,1.3366337370257497e-08,1,-8,-8,832.2034301757812
38,0.853658536585366,1.8245852970721899e-06,1,-8,-8,832.2034301757812
39,0.902439024390244,1.0059442274723551e-06,1,-8,-8,832.2034301757812
40,0.9512195121951219,1.272975509891694e-06,1,-8,-8,832.2034301757812
41,1.0,4.530895409970981e-07,1,-8,-8,832.2034301757812
0,-1.0,1.2770447028742637e-05,1,-8,-7,832.2034301757812
1,-0.9512195121951219,2.8930962798767723e-05,1,-8,-7,832.2034301757812
2,-0.9024390243902439,7.253661897266284e-05,1,-8,-7,832.2034301757812
3,-0.8536585365853658,5.238254743744619e-06,1,-8,-7,832.2034301757812
4,-0.8048780487804879,0.0005856559728272259,1,-8,-7,832.2034301757812
5,-0.7560975609756098,0.00019012304255738854,1,-8,-7,832.2034301757812
6,-0.7073170731707317,9.172640034194046e-07,1,-8,-7,832.2034301757812
7,-0.6585365853658536,1.113975827138347e-06,1,-8,-7,832.2034301757812
8,-0.6097560975609756,6.738322788635287e-09,1,-8,-7,832.2034301757812
9,-0.5609756097560976,1.76348567038076e-06,1,-8,-7,832.2034301757812
10,-0.5121951219512195,2.4598525882879585e-08,1,-8,-7,832.2034301757812
11,-0.46341463414634143,2.1888956780458102e-07,1,-8,-7,832.2034301757812
12,-0.41463414634146334,4.4904146534463507e-07,1,-8,-7,832.2034301757812
13,-0.36585365853658536,1.1985359833488474e-06,1,-8,-7,832.2034301757812
14,-0.31707317073170727,1.598660446688882e-06,1,-8,-7,832.2034301757812
15,-0.2682926829268293,6.585875098608085e-07,1,-8,-7,832.2034301757812
16,-0.2195121951219512,1.298866095567064e-06,1,-8,-7,832.2034301757812
17,-0.1707317073170731,0.0,1,-8,-7,832.2034301757812
18,-0.12195121951219512,0.0,1,-8,-7,832.2034301757812
19,-0.07317073170731703,0.0,1,-8,-7,832.2034301757812
20,-0.024390243902439046,0.0,1,-8,-7,832.2034301757812
21,0.024390243902439046,0.0,1,-8,-7,832.2034301757812
22,0.07317073170731714,0.0,1,-8,-7,832.2034301757812
23,0.12195121951219523,0.0,1,-8,-7,832.2034301757812
24,0.17073170731707332,0.0,1,-8,-7,832.2034301757812
25,0.2195121951219512,0.0,1,-8,-7,832.2034301757812
26,0.2682926829268293,0.0,1,-8,-7,832.2034301757812
27,0.3170731707317074,0.0,1,-8,-7,832.2034301757812
28,0.36585365853658547,0.0,1,-8,-7,832.2034301757812
29,0.41463414634146356,0.0,1,-8,-7,832.2034301757812
30,0.46341463414634143,0.0,1,-8,-7,832.2034301757812
31,0.5121951219512195,0.0,1,-8,-7,832.2034301757812
32,0.5609756097560976,0.0,1,-8,-7,832.2034301757812
33,0.6097560975609757,0.0,1,-8,-7,832.2034301757812
34,0.6585365853658538,0.0,1,-8,-7,832.2034301757812
35,0.7073170731707317,0.0,1,-8,-7,832.2034301757812
36,0.7560975609756098,0.0,1,-8,-7,832.2034301757812
37,0.8048780487804879,0.0,1,-8,-7,832.2034301757812
38,0.853658536585366,0.0,1,-8,-7,832.2034301757812
39,0.902439024390244,0.0,1,-8,-7,832.2034301757812
40,0.9512195121951219,0.0,1,-8,-7,832.2034301757812
41,1.0,0.0,1,-8,-7,832.2034301757812
0,-1.0,0.0,1,-7,-7,832.2034301757812
1,-0.9512195121951219,0.0,1,-7,-7,832.2034301757812
2,-0.9024390243902439,0.0,1,-7,-7,832.2034301757812
3,-0.8536585365853658,0.0,1,-7,-7,832.2034301757812
4,-0.8048780487804879,0.0,1,-7,-7,832.2034301757812
5,-0.7560975609756098,0.0,1,-7,-7,832.2034301757812
6,-0.7073170731707317,0.0,1,-7,-7,832.2034301757812
7,-0.6585365853658536,1.40233032652759e-06,1,-7,-7,832.2034301757812
8,-0.6097560975609756,1.6864318013176671e-06,1,-7,-7,832.2034301757812
9,-0.5609756097560976,1.3843470014762715e-06,1,-7,-7,832.2034301757812
10,-0.5121951219512195,9.370046996082237e-07,1,-7,-7,832.2034301757812
11,-0.46341463414634143,7.340946467593312e-06,1,-7,-7,832.2034301757812
12,-0.41463414634146334,1.0829615348484367e-05,1,-7,-7,832.2034301757812
13,-0.36585365853658536,1.7960664990823716e-05,1,-7,-7,832.2034301757812
14,-0.31707317073170727,2.5303754227934405e-05,1,-7,-7,832.2034301757812
15,-0.2682926829268293,1.2328793673077598e-05,1,-7,-7,832.2034301757812
16,-0.2195121951219512,1.954183062480297e-05,1,-7,-7,832.2034301757812
17,-0.1707317073170731,1.2087872164556757e-05,1,-7,-7,832.2034301757812
18,-0.12195121951219512,1.843280188040808e-05,1,-7,-7,832.2034301757812
19,-0.07317073170731703,2.576271799625829e-05,1,-7,-7,832.2034301757812
20,-0.024390243902439046,2.213940206274856e-05,1,-7,-7,832.2034301757812
21,0.024390243902439046,0.00028954498702660203,1,-7,-7,832.2034301757812
22,0.07317073170731714,0.00038419265183620155,1,-7,-7,832.2034301757812
23,0.12195121951219523,0.0005122690927237272,1,-7,-7,832.2034301757812
24,0.17073170731707332,1.7989157640840858e-05,1,-7,-7,832.2034301757812
25,0.2195121951219512,1.6446210793219507e-06,1,-7,-7,832.2034301757812
26,0.2682926829268293,4.171914042672142e-06,1,-7,-7,832.2034301757812
27,0.3170731707317074,2.7427579425420845e-06,1,-7,-7,832.2034301757812
28,0.36585365853658547,1.2537972793325025e-07,1,-7,-7,832.2034301757812
29,0.41463414634146356,1.1557109473869787e-06,1,-7,-7,832.2034301757812
30,0.46341463414634143,1.1051332649003598e-06,1,-7,-7,832.2034301757812
31,0.5121951219512195,6.121742899267701e-07,1,-7,-7,832.2034301757812
32,0.5609756097560976,1.7636645921470517e-08,1,-7,-7,832.2034301757812
33,0.6097560975609757,9.029947705130326e-07,1,-7,-7,832.2034301757812
34,0.6585365853658538,1.1614698451012373e-05,1,-7,-7,832.2034301757812
35,0.7073170731707317,1.096505343411991e-06,1,-7,-7,832.2034301757812
36,0.7560975609756098,0.0,1,-7,-7,832.2034301757812
37,0.8048780487804879,0.0,1,-7,-7,832.2034301757812
38,0.853658536585366,0.0,1,-7,-7,832.2034301757812
39,0.902439024390244,0.0,1,-7,-7,832.2034301757812
40,0.9512195121951219,0.0,1,-7,-7,832.2034301757812
41,1.0,0.0,1,-7,-7,832.2034301757812
0,-1.0,0.00022697901295032352,1,-6,-6,832.2034301757812
1,-0.9512195121951219,0.0001122193643823266,1,-6,-6,832.2034301757812
2,-0.9024390243902439,0.00022999370412435383,1,-6,-6,832.2034301757812
3,-0.8536585365853658,0.0006795484223403037,1,-6,-6,832.2034301757812
4,-0.8048780487804879,0.014336843974888325,1,-6,-6,832.2034301757812
5,-0.7560975609756098,0.04199523478746414,1,-6,-6,832.2034301757812
6,-0.7073170731707317,9.854806557996199e-05,1,-6,-6,832.2034301757812
7,-0.6585365853658536,0.00041956131462939084,1,-6,-6,832.2034301757812
8,-0.6097560975609756,2.44511102209799e-05,1,-6,-6,832.2034301757812
9,-0.5609756097560976,2.8378872229950503e-05,1,-6,-6,832.2034301757812
10,-0.5121951219512195,2.4600751203252003e-05,1,-6,-6,832.2034301757812
11,-0.46341463414634143,1.6989139112411067e-05,1,-6,-6,832.2034301757812
12,-0.41463414634146334,2.784244679787662e-05,1,-6,-6,832.2034301757812
13,-0.36585365853658536,7.218367500172462e-06,1,-6,-6,832.2034301757812
14,-0.31707317073170727,8.376320693059824e-06,1,-6,-6,832.2034301757812
15,-0.2682926829268293,1.104471357393777e-05,1,-6,-6,832.2034301757812
16,-0.2195121951219512,3.2311779705196386e-06,1,-6,-6,832.2034301757812
17,-0.1707317073170731,3.6133792491455097e-06,1,-6,-6,832.2034301757812
18,-0.12195121951219512,1.4916381587681826e-06,1,-6,-6,832.2034301757812
19,-0.07317073170731703,1.6897550949579454e-06,1,-6,-6,832.2034301757812
20,-0.024390243902439046,1.619136355657247e-06,1,-6,-6,832.2034301757812
21,0.024390243902439046,1.402985731147055e-06,1,-6,-6,832.2034301757812
22,0.07317073170731714,0.0,1,-6,-6,832.2034301757812
23,0.12195121951219523,0.0,1,-6,-6,832.2034301757812
24,0.17073170731707332,0.0,1,-6,-6,832.2034301757812
25,0.2195121951219512,0.0,1,-6,-6,832.2034301757812
26,0.2682926829268293,0.0,1,-6,-6,832.2034301757812
27,0.3170731707317074,0.0,1,-6,-6,832.2034301757812
28,0.36585365853658547,0.0,1,-6,-6,832.2034301757812
29,0.41463414634146356,0.0,1,-6,-6,832.2034301757812
30,0.46341463414634143,0.0,1,-6,-6,832.2034301757812
31,0.5121951219512195,0.0,1,-6,-6,832.2034301757812
32,0.5609756097560976,0.0,1,-6,-6,832.2034301757812
33,0.6097560975609757,0.0,1,-6,-6,832.2034301757812
34,0.6585365853658538,0.0,1,-6,-6,832.2034301757812
35,0.7073170731707317,0.0,1,-6,-6,832.2034301757812
36,0.7560975609756098,0.0,1,-6,-6,832.2034301757812
37,0.8048780487804879,0.0,1,-6,-6,832.2034301757812
38,0.853658536585366,0.0,1,-6,-6,832.2034301757812
39,0.902439024390244,0.0,1,-6,-6,832.2034301757812
40,0.9512195121951219,0.0,1,-6,-6,832.2034301757812
41,1.0,0.0,1,-6,-6,832.2034301757812
0,-1.0,0.0,1,-5,-6,832.2034301757812
1,-0.9512195121951219,0.0,1,-5,-6,832.2034301757812
2,-0.9024390243902439,0.0,1,-5,-6,832.2034301757812
3,-0.8536585365853658,0.0,1,-5,-6,832.2034301757812
4,-0.8048780487804879,0.0,1,-5,-6,832.2034301757812
5,-0.7560975609756098,0.0,1,-5,-6,832.2034301757812
6,-0.7073170731707317,0.0,1,-5,-6,832.2034301757812
7,-0.6585365853658536,1.4784494339892262e-07,1,-5,-6,832.2034301757812
8,-0.6097560975609756,2.3621694253961323e-06,1,-5,-6,832.2034301757812
9,-0.5609756097560976,2.127952939190436e-06,1,-5,-6,832.2034301757812
10,-0.5121951219512195,2.0571718778228387e-05,1,-5,-6,832.2034301757812
11,-0.46341463414634143,1.4644343536929227e-05,1,-5,-6,832.2034301757812
12,-0.41463414634146334,1.6607218640274368e-05,1,-5,-6,832.2034301757812
13,-0.36585365853658536,1.1724008800229058e-05,1,-5,-6,832.2034301757812
14,-0.31707317073170727,3.867723535222467e-06,1,-5,-6,832.2034301757812
15,-0.2682926829268293,8.128276022034697e-06,1,-5,-6,832.2034301757812
16,-0.2195121951219512,6.525624939968111e-06,1,-5,-6,832.2034301757812
17,-0.1707317073170731,3.926335011783522e-06,1,-5,-6,832.2034301757812
18,-0.12195121951219512,2.638924740949733e-07,1,-5,-6,832.2034301757812
19,-0.07317073170731703,4.5340453880271525e-07,1,-5,-6,832.2034301757812
20,-0.024390243902439046,4.707168955064844e-06,1,-5,-6,832.2034301757812
21,0.024390243902439046,8.340083695657086e-06,1,-5,-6,832.2034301757812
22,0.07317073170731714,3.271932291681878e-05,1,-5,-6,832.2034301757812
23,0.12195121951219523,0.0001703721791272983,1,-5,-6,832.2034301757812
24,0.17073170731707332,5.424647679319605e-05,1,-5,-6,832.2034301757812
25,0.2195121951219512,0.00012288482685107738,1,-5,-6,832.2034301757812
26,0.2682926829268293,0.00012730226444546133,1,-5,-6,832.2034301757812
27,0.3170731707317074,0.0007092657033354044,1,-5,-6,832.2034301757812
28,0.36585365853658547,0.0006229189457371831,1,-5,-6,832.2034301757812
29,0.41463414634146356,4.478567643673159e-05,1,-5,-6,832.2034301757812
30,0.46341463414634143,0.0003191142459399998,1,-5,-6,832.2034301757812
31,0.5121951219512195,0.00015942085883580148,1,-5,-6,832.2034301757812
32,0.5609756097560976,1.8252279915031977e-05,1,-5,-6,832.2034301757812
33,0.6097560975609757,6.767102604499087e-06,1,-5,-6,832.2034301757812
34,0.6585365853658538,7.56377812649589e-06,1,-5,-6,832.2034301757812
35,0.7073170731707317,5.2069476623728406e-06,1,-5,-6,832.2034301757812
36,0.7560975609756098,1.3704396906177863e-06,1,-5,-6,832.2034301757812
37,0.8048780487804879,3.201180618361832e-07,1,-5,-6,832.2034301757812
38,0.853658536585366,1.7985275917453691e-06,1,-5,-6,832.2034301757812
39,0.902439024390244,1.36499113523314e-06,1,-5,-6,832.2034301757812
40,0.9512195121951219,3.015388756466564e-07,1,-5,-6,832.2034301757812
41,1.0,9.165368282992858e-06,1,-5,-6,832.2034301757812
0,-1.0,6.562202906934544e-05,1,-3,-5,832.2034301757812
1,-0.9512195121951219,1.6271742424578406e-05,1,-3,-5,832.2034301757812
2,-0.9024390243902439,4.893789082416333e-06,1,-3,-5,832.2034301757812
3,-0.8536585365853658,7.220362931548152e-06,1,-3,-5,832.2034301757812
4,-0.8048780487804879,8.742672798689455e-05,1,-3,-5,832.2034301757812
5,-0.7560975609756098,3.18189304380212e-05,1,-3,-5,832.2034301757812
6,-0.7073170731707317,6.969583773752674e-05,1,-3,-5,832.2034301757812
7,-0.6585365853658536,4.5355769543675706e-05,1,-3,-5,832.2034301757812
8,-0.6097560975609756,3.719247615663335e-05,1,-3,-5,832.2034301757812
9,-0.5609756097560976,8.969548798631877e-05,1,-3,-5,832.2034301757812
10,-0.5121951219512195,3.3127289498224854e-05,1,-3,-5,832.2034301757812
11,-0.46341463414634143,3.810857015196234e-05,1,-3,-5,832.2034301757812
12,-0.41463414634146334,0.00014722357445862144,1,-3,-5,832.2034301757812
13,-0.36585365853658536,1.868158324214164e-05,1,-3,-5,832.2034301757812
14,-0.31707317073170727,0.0002101200952893123,1,-3,-5,832.2034301757812
15,-0.2682926829268293,0.00015938364958856255,1,-3,-5,832.2034301757812
16,-0.2195121951219512,0.00018897703557740897,1,-3,-5,832.2034301757812
17,-0.1707317073170731,0.0002191458479501307,1,-3,-5,832.2034301757812
18,-0.12195121951219512,7.651276973774657e-05,1,-3,-5,832.2034301757812
19,-0.07317073170731703,0.0001929471327457577,1,-3,-5,832.2034301757812
20,-0.024390243902439046,1.1666330465232022e-05,1,-3,-5,832.2034301757812
21,0.024390243902439046,0.0006030359072610736,1,-3,-5,832.2034301757812
22,0.07317073170731714,6.415924872271717e-06,1,-3,-5,832.2034301757812
23,0.12195121951219523,0.0007686290191486478,1,-3,-5,832.2034301757812
24,0.17073170731707332,0.00016002028132788837,1,-3,-5,832.2034301757812
25,0.2195121951219512,0.001264094258658588,1,-3,-5,832.2034301757812
26,0.2682926829268293,0.0007797736907377839,1,-3,-5,832.2034301757812
27,0.3170731707317074,0.0015124211786314845,1,-3,-5,832.2034301757812
28,0.36585365853658547,0.006650768686085939,1,-3,-5,832.2034301757812
29,0.41463414634146356,0.0021005291491746902,1,-3,-5,832.2034301757812
30,0.46341463414634143,0.045489054173231125,1,-3,-5,832.2034301757812
31,0.5121951219512195,0.06571519374847412,1,-3,-5,832.2034301757812
32,0.5609756097560976,0.01537040714174509,1,-3,-5,832.2034301757812
33,0.6097560975609757,0.0015233278973028064,1,-3,-5,832.2034301757812
34,0.6585365853658538,0.004396065138280392,1,-3,-5,832.2034301757812
35,0.7073170731707317,0.00017962951096706092,1,-3,-5,832.2034301757812
36,0.7560975609756098,0.00211068126372993,1,-3,-5,832.2034301757812
37,0.8048780487804879,0.00018368444580119103,1,-3,-5,832.2034301757812
38,0.853658536585366,0.0004125545092392713,1,-3,-5,832.2034301757812
39,0.902439024390244,0.00016392089310102165,1,-3,-5,832.2034301757812
40,0.9512195121951219,0.0004911681753583252,1,-3,-5,832.2034301757812
41,1.0,7.940986688481644e-05,1,-3,-5,832.2034301757812
0,-1.0,0.015944724902510643,1,-1,-4,832.2034301757812
1,-0.9512195121951219,0.016684096306562424,1,-1,-4,832.2034301757812
2,-0.9024390243902439,0.07262270897626877,1,-1,-4,832.2034301757812
3,-0.8536585365853658,0.044035401195287704,1,-1,-4,832.2034301757812
4,-0.8048780487804879,0.012657741084694862,1,-1,-4,832.2034301757812
5,-0.7560975609756098,0.022793658077716827,1,-1,-4,832.2034301757812
6,-0.7073170731707317,0.07010591775178909,1,-1,-4,832.2034301757812
7,-0.6585365853658536,0.18065500259399414,1,-1,-4,832.2034301757812
8,-0.6097560975609756,0.2676454186439514,1,-1,-4,832.2034301757812
9,-0.5609756097560976,0.42109715938568115,1,-1,-4,832.2034301757812
10,-0.5121951219512195,0.4972604811191559,1,-1,-4,832.2034301757812
11,-0.46341463414634143,0.537635326385498,1,-1,-4,832.2034301757812
12,-0.41463414634146334,0.5693590641021729,1,-1,-4,832.2034301757812
13,-0.36585365853658536,0.6012296080589294,1,-1,-4,832.2034301757812
14,-0.31707317073170727,0.5163561105728149,1,-1,-4,832.2034301757812
15,-0.2682926829268293,0.3836689293384552,1,-1,-4,832.2034301757812
16,-0.2195121951219512,0.297713965177536,1,-1,-4,832.2034301757812
17,-0.1707317073170731,0.10044736415147781,1,-1,-4,832.2034301757812
18,-0.12195121951219512,0.016779383644461632,1,-1,-4,832.2034301757812
19,-0.07317073170731703,0.017374420538544655,1,-1,-4,832.2034301757812
20,-0.024390243902439046,0.001691758050583303,1,-1,-4,832.2034301757812
21,0.024390243902439046,0.020786995068192482,1,-1,-4,832.2034301757812
22,0.07317073170731714,0.030145658180117607,1,-1,-4,832.2034301757812
23,0.12195121951219523,0.034553542733192444,1,-1,-4,832.2034301757812
24,0.17073170731707332,0.018560754135251045,1,-1,-4,832.2034301757812
25,0.2195121951219512,0.00674816407263279,1,-1,-4,832.2034301757812
26,0.2682926829268293,0.004931748379021883,1,-1,-4,832.2034301757812
27,0.3170731707317074,0.0005200447631068528,1,-1,-4,832.2034301757812
28,0.36585365853658547,0.001573088113218546,1,-1,-4,832.2034301757812
29,0.41463414634146356,0.005885199178010225,1,-1,-4,832.2034301757812
30,0.46341463414634143,0.008956048637628555,1,-1,-4,832.2034301757812
31,0.5121951219512195,0.010660825297236443,1,-1,-4,832.2034301757812
32,0.5609756097560976,0.007554160431027412,1,-1,-4,832.2034301757812
33,0.6097560975609757,0.003218080149963498,1,-1,-4,832.2034301757812
34,0.6585365853658538,0.00045333162415772676,1,-1,-4,832.2034301757812
35,0.7073170731707317,0.00015954441914800555,1,-1,-4,832.2034301757812
36,0.7560975609756098,0.0014480996178463101,1,-1,-4,832.2034301757812
37,0.8048780487804879,0.003178271232172847,1,-1,-4,832.2034301757812
38,0.853658536585366,0.005310370586812496,1,-1,-4,832.2034301757812
39,0.902439024390244,0.004178572446107864,1,-1,-4,832.2034301757812
40,0.9512195121951219,0.0022443062625825405,1,-1,-4,832.2034301757812
41,1.0,0.0009177736937999725,1,-1,-4,832.2034301757812
0,-1.0,0.0003412592632230371,1,2,-3,832.2034301757812
1,-0.9512195121951219,0.0012516744900494814,1,2,-3,832.2034301757812
2,-0.9024390243902439,0.00014669109077658504,1,2,-3,832.2034301757812
3,-0.8536585365853658,0.001267753541469574,1,2,-3,832.2034301757812
4,-0.8048780487804879,0.0009000328136608005,1,2,-3,832.2034301757812
5,-0.7560975609756098,5.8741559769259766e-05,1,2,-3,832.2034301757812
6,-0.7073170731707317,0.0023752788547426462,1,2,-3,832.2034301757812
7,-0.6585365853658536,0.0008090594201348722,1,2,-3,832.2034301757812
8,-0.6097560975609756,0.0009842747822403908,1,2,-3,832.2034301757812
9,-0.5609756097560976,0.0011384000536054373,1,2,-3,832.2034301757812
10,-0.5121951219512195,0.004573523532599211,1,2,-3,832.2034301757812
11,-0.46341463414634143,0.00011816858750535175,1,2,-3,832.2034301757812
12,-0.41463414634146334,0.013939645141363144,1,2,-3,832.2034301757812
13,-0.36585365853658536,0.00436623627319932,1,2,-3,832.2034301757812
14,-0.31707317073170727,0.03282233327627182,1,2,-3,832.2034301757812
15,-0.2682926829268293,0.05268019437789917,1,2,-3,832.2034301757812
16,-0.2195121951219512,0.05776347219944,1,2,-3,832.2034301757812
17,-0.1707317073170731,0.3991921842098236,1,2,-3,832.2034301757812
18,-0.12195121951219512,0.694390058517456,1,2,-3,832.2034301757812
19,-0.07317073170731703,0.47476404905319214,1,2,-3,832.2034301757812
20,-0.024390243902439046,0.10205568373203278,1,2,-3,832.2034301757812
21,0.024390243902439046,0.0030856383964419365,1,2,-3,832.2034301757812
22,0.07317073170731714,0.04459317773580551,1,2,-3,832.2034301757812
23,0.12195121951219523,0.012852543033659458,1,2,-3,832.2034301757812
24,0.17073170731707332,0.005625823047012091,1,2,-3,832.2034301757812
25,0.2195121951219512,0.018318522721529007,1,2,-3,832.2034301757812
26,0.2682926829268293,0.003989198245108128,1,2,-3,832.2034301757812
27,0.3170731707317074,0.006106462329626083,1,2,-3,832.2034301757812
28,0.36585365853658547,0.0035735447891056538,1,2,-3,832.2034301757812
29,0.41463414634146356,0.00041617234819568694,1,2,-3,832.2034301757812
30,0.46341463414634143,0.0034146984107792377,1,2,-3,832.2034301757812
31,0.5121951219512195,0.0004795358399860561,1,2,-3,832.2034301757812
32,0.5609756097560976,0.0005842156242579222,1,2,-3,832.2034301757812
33,0.6097560975609757,0.002223365940153599,1,2,-3,832.2034301757812
34,0.6585365853658538,0.000348692643456161,1,2,-3,832.2034301757812
35,0.7073170731707317,0.0014944946160539985,1,2,-3,832.2034301757812
36,0.7560975609756098,0.001232108217664063,1,2,-3,832.2034301757812
37,0.8048780487804879,0.00015452636580448598,1,2,-3,832.2034301757812
38,0.853658536585366,0.0004734298272524029,1,2,-3,832.2034301757812
39,0.902439024390244,0.0007350126397795975,1,2,-3,832.2034301757812
40,0.9512195121951219,8.522004645783454e-05,1,2,-3,832.2034301757812
41,1.0,0.0009485758491791785,1,2,-3,832.2034301757812
0,-1.0,0.0,1,5,-2,832.2034301757812
1,-0.9512195121951219,0.0,1,5,-2,832.2034301757812
2,-0.9024390243902439,0.0,1,5,-2,832.2034301757812
3,-0.8536585365853658,0.0,1,5,-2,832.2034301757812
4,-0.8048780487804879,0.0,1,5,-2,832.2034301757812
5,-0.7560975609756098,0.0,1,5,-2,832.2034301757812
6,-0.7073170731707317,0.0,1,5,-2,832.2034301757812
7,-0.6585365853658536,0.0,1,5,-2,832.2034301757812
8,-0.6097560975609756,0.0,1,5,-2,832.2034301757812
9,-0.5609756097560976,0.0,1,5,-2,832.2034301757812
10,-0.5121951219512195,0.0,1,5,-2,832.2034301757812
11,-0.46341463414634143,1.113584630729747e-06,1,5,-2,832.2034301757812
12,-0.41463414634146334,4.961819740856299e-06,1,5,-2,832.2034301757812
13,-0.36585365853658536,4.03693502448732e-06,1,5,-2,832.2034301757812
14,-0.31707317073170727,1.8412751160212792e-05,1,5,-2,832.2034301757812
15,-0.2682926829268293,3.077728979405947e-05,1,5,-2,832.2034301757812
16,-0.2195121951219512,3.392962025827728e-05,1,5,-2,832.2034301757812
17,-0.1707317073170731,0.00014334512525238097,1,5,-2,832.2034301757812
18,-0.12195121951219512,0.00022353143140207976,1,5,-2,832.2034301757812
19,-0.07317073170731703,0.00024332468456123024,1,5,-2,832.2034301757812
20,-0.024390243902439046,5.568045889958739e-05,1,5,-2,832.2034301757812
21,0.024390243902439046,2.9685576009796932e-05,1,5,-2,832.2034301757812
22,0.07317073170731714,5.311012046149699e-06,1,5,-2,832.2034301757812
23,0.12195121951219523,2.3367763787973672e-05,1,5,-2,832.2034301757812
24,0.17073170731707332,3.600367926992476e-05,1,5,-2,832.2034301757812
25,0.2195121951219512,0.0005651438841596246,1,5,-2,832.2034301757812
26,0.2682926829268293,0.0007294245879165828,1,5,-2,832.2034301757812
27,0.3170731707317074,0.00034120469354093075,1,5,-2,832.2034301757812
28,0.36585365853658547,0.0010681122075766325,1,5,-2,832.2034301757812
29,0.41463414634146356,0.004418651573359966,1,5,-2,832.2034301757812
30,0.46341463414634143,0.006617329083383083,1,5,-2,832.2034301757812
31,0.5121951219512195,0.0007758298306725919,1,5,-2,832.2034301757812
32,0.5609756097560976,0.0001227295579155907,1,5,-2,832.2034301757812
33,0.6097560975609757,5.502909698407166e-05,1,5,-2,832.2034301757812
34,0.6585365853658538,0.0002981891157105565,1,5,-2,832.2034301757812
35,0.7073170731707317,0.0006846713367849588,1,5,-2,832.2034301757812
36,0.7560975609756098,0.0005592074594460428,1,5,-2,832.2034301757812
37,0.8048780487804879,8.246345532825217e-05,1,5,-2,832.2034301757812
38,0.853658536585366,0.0004110060981474817,1,5,-2,832.2034301757812
39,0.902439024390244,0.00011915247159777209,1,5,-2,832.2034301757812
40,0.9512195121951219,3.652446139312815e-06,1,5,-2,832.2034301757812
41,1.0,2.7933327146456577e-05,1,5,-2,832.2034301757812
0,-1.0,0.0,1,6,-2,832.2034301757812
1,-0.9512195121951219,0.0,1,6,-2,832.2034301757812
2,-0.9024390243902439,0.0,1,6,-2,832.2034301757812
3,-0.8536585365853658,0.0,1,6,-2,832.2034301757812
4,-0.8048780487804879,3.1877118544798577e-07,1,6,-2,832.2034301757812
5,-0.7560975609756098,2.0796844637516188e-06,1,6,-2,832.2034301757812
6,-0.7073170731707317,1.0837439958777395e-06,1,6,-2,832.2034301757812
7,-0.6585365853658536,9.284712518820015e-07,1,6,-2,832.2034301757812
8,-0.6097560975609756,1.4838902870906168e-06,1,6,-2,832.2034301757812
9,-0.5609756097560976,3.8485089248752047e-07,1,6,-2,832.2034301757812
10,-0.5121951219512195,6.93129038609186e-07,1,6,-2,832.2034301757812
11,-0.46341463414634143,4.925299890601309e-06,1,6,-2,832.2034301757812
12,-0.41463414634146334,1.2859710523116519e-06,1,6,-2,832.2034301757812
13,-0.36585365853658536,1.9880508261849172e-06,1,6,-2,832.2034301757812
14,-0.31707317073170727,3.3064088711398654e-07,1,6,-2,832.2034301757812
15,-0.2682926829268293,3.4471908293198794e-05,1,6,-2,832.2034301757812
16,-0.2195121951219512,3.440633736317977e-05,1,6,-2,832.2034301757812
17,-0.1707317073170731,6.892622332088649e-05,1,6,-2,832.2034301757812
18,-0.12195121951219512,0.00016560846415814012,1,6,-2,832.2034301757812
19,-0.07317073170731703,0.0006386680761352181,1,6,-2,832.2034301757812
20,-0.024390243902439046,0.007955310866236687,1,6,-2,832.2034301757812
21,0.024390243902439046,0.00015540519962087274,1,6,-2,832.2034301757812
22,0.07317073170731714,0.00019814594998024404,1,6,-2,832.2034301757812
23,0.12195121951219523,7.781544991303235e-05,1,6,-2,832.2034301757812
24,0.17073170731707332,5.4380583605961874e-05,1,6,-2,832.2034301757812
25,0.2195121951219512,2.5892488338286057e-05,1,6,-2,832.2034301757812
26,0.2682926829268293,1.7420214817320812e-06,1,6,-2,832.2034301757812
27,0.3170731707317074,1.6778520148363896e-05,1,6,-2,832.2034301757812
28,0.36585365853658547,1.2160648111603223e-05,1,6,-2,832.2034301757812
29,0.41463414634146356,8.050443284446374e-06,1,6,-2,832.2034301757812
30,0.46341463414634143,8.707579581823666e-06,1,6,-2,832.2034301757812
31,0.5121951219512195,4.022149823867949e-06,1,6,-2,832.2034301757812
32,0.5609756097560976,2.1992088932165643e-06,1,6,-2,832.2034301757812
33,0.6097560975609757,1.8359618252361543e-06,1,6,-2,832.2034301757812
34,0.6585365853658538,1.5167454137099412e-07,1,6,-2,832.2034301757812
35,0.7073170731707317,3.21366968591974e-07,1,6,-2,832.2034301757812
36,0.7560975609756098,0.0,1,6,-2,832.2034301757812
37,0.8048780487804879,0.0,1,6,-2,832.2034301757812
38,0.853658536585366,0.0,1,6,-2,832.2034301757812
39,0.902439024390244,0.0,1,6,-2,832.2034301757812
40,0.9512195121951219,0.0,1,6,-2,832.2034301757812
41,1.0,0.0,1,6,-2,832.2034301757812
0,-1.0,2.988248013480188e-07,1,7,-2,832.2034301757812
1,-0.9512195121951219,1.5722054058642243e-06,1,7,-2,832.2034301757812
2,-0.9024390243902439,3.3948279565265693e-07,1,7,-2,832.2034301757812
3,-0.8536585365853658,2.674194092833204e-07,1,7,-2,832.2034301757812
4,-0.8048780487804879,7.830987556189939e-07,1,7,-2,832.2034301757812
5,-0.7560975609756098,4.450895630725427e-06,1,7,-2,832.2034301757812
6,-0.7073170731707317,6.135051535238745e-06,1,7,-2,832.2034301757812
7,-0.6585365853658536,1.7393653024555533e-06,1,7,-2,832.2034301757812
8,-0.6097560975609756,1.9169046083788999e-07,1,7,-2,832.2034301757812
9,-0.5609756097560976,3.7111119581823004e-06,1,7,-2,832.2034301757812
10,-0.5121951219512195,1.2302353752602357e-05,1,7,-2,832.2034301757812
11,-0.46341463414634143,1.7277418010053225e-05,1,7,-2,832.2034301757812
12,-0.41463414634146334,4.219063612254104e-06,1,7,-2,832.2034301757812
13,-0.36585365853658536,0.00010273881343891844,1,7,-2,832.2034301757812
14,-0.31707317073170727,0.0006440160213969648,1,7,-2,832.2034301757812
15,-0.2682926829268293,7.793010445311666e-05,1,7,-2,832.2034301757812
16,-0.2195121951219512,3.4815380786312744e-05,1,7,-2,832.2034301757812
17,-0.1707317073170731,4.131341029278701e-06,1,7,-2,832.2034301757812
18,-0.12195121951219512,5.15922920385492e-07,1,7,-2,832.2034301757812
19,-0.07317073170731703,3.2930070119618904e-06,1,7,-2,832.2034301757812
20,-0.024390243902439046,1.7353762586935773e-06,1,7,-2,832.2034301757812
21,0.024390243902439046,1.9556823644961696e-06,1,7,-2,832.2034301757812
22,0.07317073170731714,3.447852350291214e-07,1,7,-2,832.2034301757812
23,0.12195121951219523,9.595048595656408e-07,1,7,-2,832.2034301757812
24,0.17073170731707332,7.994537298827709e-08,1,7,-2,832.2034301757812
25,0.2195121951219512,1.4087466979617602e-06,1,7,-2,832.2034301757812
26,0.2682926829268293,2.995908062075614e-06,1,7,-2,832.2034301757812
27,0.3170731707317074,1.3595508789876476e-06,1,7,-2,832.2034301757812
28,0.36585365853658547,0.0,1,7,-2,832.2034301757812
29,0.41463414634146356,0.0,1,7,-2,832.2034301757812
30,0.46341463414634143,0.0,1,7,-2,832.2034301757812
31,0.5121951219512195,0.0,1,7,-2,832.2034301757812
32,0.5609756097560976,0.0,1,7,-2,832.2034301757812
33,0.6097560975609757,0.0,1,7,-2,832.2034301757812
34,0.6585365853658538,0.0,1,7,-2,832.2034301757812
35,0.7073170731707317,0.0,1,7,-2,832.2034301757812
36,0.7560975609756098,0.0,1,7,-2,832.2034301757812
37,0.8048780487804879,0.0,1,7,-2,832.2034301757812
38,0.853658536585366,0.0,1,7,-2,832.2034301757812
39,0.902439024390244,0.0,1,7,-2,832.2034301757812
40,0.9512195121951219,0.0,1,7,-2,832.2034301757812
41,1.0,0.0,1,7,-2,832.2034301757812
0,-1.0,1.3991202649776824e-06,1,8,-2,832.2034301757812
1,-0.9512195121951219,9.538727681501769e-06,1,8,-2,832.2034301757812
2,-0.9024390243902439,2.6749428343464388e-06,1,8,-2,832.2034301757812
3,-0.8536585365853658,6.047876013326459e-06,1,8,-2,832.2034301757812
4,-0.8048780487804879,2.152765773644205e-06,1,8,-2,832.2034301757812
5,-0.7560975609756098,8.477856681565754e-06,1,8,-2,832.2034301757812
6,-0.7073170731707317,2.6103612981387414e-05,1,8,-2,832.2034301757812
7,-0.6585365853658536,1.2479614269977901e-05,1,8,-2,832.2034301757812
8,-0.6097560975609756,7.892624125815928e-05,1,8,-2,832.2034301757812
9,-0.5609756097560976,4.539213114185259e-05,1,8,-2,832.2034301757812
10,-0.5121951219512195,0.004087131470441818,1,8,-2,832.2034301757812
11,-0.46341463414634143,0.00013417110312730074,1,8,-2,832.2034301757812
12,-0.41463414634146334,3.4048051020363346e-05,1,8,-2,832.2034301757812
13,-0.36585365853658536,3.4455974855518434e-06,1,8,-2,832.2034301757812
14,-0.31707317073170727,2.1358060621423647e-05,1,8,-2,832.2034301757812
15,-0.2682926829268293,4.010730663139839e-06,1,8,-2,832.2034301757812
16,-0.2195121951219512,5.4032843763707206e-06,1,8,-2,832.2034301757812
17,-0.1707317073170731,7.3579280979174655e-06,1,8,-2,832.2034301757812
18,-0.12195121951219512,1.890613134492014e-06,1,8,-2,832.2034301757812
19,-0.07317073170731703,1.794055833670427e-06,1,8,-2,832.2034301757812
20,-0.024390243902439046,3.0231265100155724e-06,1,8,-2,832.2034301757812
21,0.024390243902439046,5.919482148897259e-08,1,8,-2,832.2034301757812
22,0.07317073170731714,2.7560629405343207e-06,1,8,-2,832.2034301757812
23,0.12195121951219523,0.0,1,8,-2,832.2034301757812
24,0.17073170731707332,0.0,1,8,-2,832.2034301757812
25,0.2195121951219512,0.0,1,8,-2,832.2034301757812
26,0.2682926829268293,0.0,1,8,-2,832.2034301757812
27,0.3170731707317074,0.0,1,8,-2,832.2034301757812
28,0.36585365853658547,0.0,1,8,-2,832.2034301757812
29,0.41463414634146356,0.0,1,8,-2,832.2034301757812
30,0.46341463414634143,0.0,1,8,-2,832.2034301757812
31,0.5121951219512195,0.0,1,8,-2,832.2034301757812
32,0.5609756097560976,0.0,1,8,-2,832.2034301757812
33,0.6097560975609757,0.0,1,8,-2,832.2034301757812
34,0.6585365853658538,0.0,1,8,-2,832.2034301757812
35,0.7073170731707317,0.0,1,8,-2,832.2034301757812
36,0.7560975609756098,0.0,1,8,-2,832.2034301757812
37,0.8048780487804879,0.0,1,8,-2,832.2034301757812
38,0.853658536585366,0.0,1,8,-2,832.2034301757812
39,0.902439024390244,0.0,1,8,-2,832.2034301757812
40,0.9512195121951219,0.0,1,8,-2,832.2034301757812
41,1.0,0.0,1,8,-2,832.2034301757812
0,-1.0,0.0,1,8,-1,832.2034301757812
1,-0.9512195121951219,0.0,1,8,-1,832.2034301757812
2,-0.9024390243902439,0.0,1,8,-1,832.2034301757812
3,-0.8536585365853658,0.0,1,8,-1,832.2034301757812
4,-0.8048780487804879,0.0,1,8,-1,832.2034301757812
5,-0.7560975609756098,0.0,1,8,-1,832.2034301757812
6,-0.7073170731707317,0.0,1,8,-1,832.2034301757812
7,-0.6585365853658536,0.0,1,8,-1,832.2034301757812
8,-0.6097560975609756,0.0,1,8,-1,832.2034301757812
9,-0.5609756097560976,0.0,1,8,-1,832.2034301757812
10,-0.5121951219512195,0.0,1,8,-1,832.2034301757812
11,-0.46341463414634143,0.0,1,8,-1,832.2034301757812
12,-0.41463414634146334,0.0,1,8,-1,832.2034301757812
13,-0.36585365853658536,0.0,1,8,-1,832.2034301757812
14,-0.31707317073170727,0.0,1,8,-1,832.2034301757812
15,-0.2682926829268293,0.0,1,8,-1,832.2034301757812
16,-0.2195121951219512,0.0,1,8,-1,832.2034301757812
17,-0.1707317073170731,0.0,1,8,-1,832.2034301757812
18,-0.12195121951219512,0.0,1,8,-1,832.2034301757812
19,-0.07317073170731703,0.0,1,8,-1,832.2034301757812
20,-0.024390243902439046,0.0,1,8,-1,832.2034301757812
21,0.024390243902439046,0.0,1,8,-1,832.2034301757812
22,0.07317073170731714,0.0,1,8,-1,832.2034301757812
23,0.12195121951219523,0.0,1,8,-1,832.2034301757812
24,0.17073170731707332,0.0,1,8,-1,832.2034301757812
25,0.2195121951219512,0.0,1,8,-1,832.2034301757812
26,0.2682926829268293,0.0,1,8,-1,832.2034301757812
27,0.3170731707317074,0.0,1,8,-1,832.2034301757812
28,0.36585365853658547,0.0,1,8,-1,832.2034301757812
29,0.41463414634146356,1.5151043726291391e-06,1,8,-1,832.2034301757812
30,0.46341463414634143,3.333696270146902e-07,1,8,-1,832.2034301757812
31,0.5121951219512195,1.2046797337461612e-06,1,8,-1,832.2034301757812
32,0.5609756097560976,2.246007852590992e-06,1,8,-1,832.2034301757812
33,0.6097560975609757,1.7730363879309152e-06,1,8,-1,832.2034301757812
34,0.6585365853658538,3.198416152372374e-06,1,8,-1,832.2034301757812
35,0.7073170731707317,8.727636668481864e-06,1,8,-1,832.2034301757812
36,0.7560975609756098,1.1431062603151076e-06,1,8,-1,832.2034301757812
37,0.8048780487804879,6.057579412299674e-06,1,8,-1,832.2034301757812
38,0.853658536585366,5.963937655906193e-05,1,8,-1,832.2034301757812
39,0.902439024390244,3.104220240857103e-06,1,8,-1,832.2034301757812
40,0.9512195121951219,0.000991279142908752,1,8,-1,832.2034301757812
41,1.0,0.000738487986382097,1,8,-1,832.2034301757812
0,-1.0,7.585131243104115e-07,1,9,-2,832.2034301757812
1,-0.9512195121951219,4.92622746151028e-07,1,9,-2,832.2034301757812
2,-0.9024390243902439,4.537967299711454e-07,1,9,-2,832.2034301757812
3,-0.8536585365853658,1.9141805296385428e-07,1,9,-2,832.2034301757812
4,-0.8048780487804879,7.177358838816872e-06,1,9,-2,832.2034301757812
5,-0.7560975609756098,1.4447090279645636e-06,1,9,-2,832.2034301757812
6,-0.7073170731707317,1.1969568731728941e-05,1,9,-2,832.2034301757812
7,-0.6585365853658536,1.4692662261950318e-05,1,9,-2,832.2034301757812
8,-0.6097560975609756,0.0010548897553235292,1,9,-2,832.2034301757812
9,-0.5609756097560976,1.5719793736934662e-05,1,9,-2,832.2034301757812
10,-0.5121951219512195,5.1862993132090196e-05,1,9,-2,832.2034301757812
11,-0.46341463414634143,9.506991773378104e-06,1,9,-2,832.2034301757812
12,-0.41463414634146334,4.713578618975589e-06,1,9,-2,832.2034301757812
13,-0.36585365853658536,1.0719903684730525e-06,1,9,-2,832.2034301757812
14,-0.31707317073170727,3.860417109535774e-06,1,9,-2,832.2034301757812
15,-0.2682926829268293,1.8010180156124989e-06,1,9,-2,832.2034301757812
16,-0.2195121951219512,1.6206923874051427e-06,1,9,-2,832.2034301757812
17,-0.1707317073170731,6.879154170746915e-06,1,9,-2,832.2034301757812
18,-0.12195121951219512,4.310740678192815e-06,1,9,-2,832.2034301757812
19,-0.07317073170731703,0.0,1,9,-2,832.2034301757812
20,-0.024390243902439046,0.0,1,9,-2,832.2034301757812
21,0.024390243902439046,0.0,1,9,-2,832.2034301757812
22,0.07317073170731714,0.0,1,9,-2,832.2034301757812
23,0.12195121951219523,0.0,1,9,-2,832.2034301757812
24,0.17073170731707332,0.0,1,9,-2,832.2034301757812
25,0.2195121951219512,0.0,1,9,-2,832.2034301757812
26,0.2682926829268293,0.0,1,9,-2,832.2034301757812
27,0.3170731707317074,0.0,1,9,-2,832.2034301757812
28,0.36585365853658547,0.0,1,9,-2,832.2034301757812
29,0.41463414634146356,0.0,1,9,-2,832.2034301757812
30,0.46341463414634143,0.0,1,9,-2,832.2034301757812
31,0.5121951219512195,0.0,1,9,-2,832.2034301757812
32,0.5609756097560976,0.0,1,9,-2,832.2034301757812
33,0.6097560975609757,0.0,1,9,-2,832.2034301757812
34,0.6585365853658538,0.0,1,9,-2,832.2034301757812
35,0.7073170731707317,0.0,1,9,-2,832.2034301757812
36,0.7560975609756098,0.0,1,9,-2,832.2034301757812
37,0.8048780487804879,0.0,1,9,-2,832.2034301757812
38,0.853658536585366,0.0,1,9,-2,832.2034301757812
39,0.902439024390244,0.0,1,9,-2,832.2034301757812
40,0.9512195121951219,0.0,1,9,-2,832.2034301757812
41,1.0,0.0,1,9,-2,832.2034301757812
0,-1.0,0.0,1,9,-1,832.2034301757812
1,-0.9512195121951219,0.0,1,9,-1,832.2034301757812
2,-0.9024390243902439,0.0,1,9,-1,832.2034301757812
3,-0.8536585365853658,0.0,1,9,-1,832.2034301757812
4,-0.8048780487804879,0.0,1,9,-1,832.2034301757812
5,-0.7560975609756098,0.0,1,9,-1,832.2034301757812
6,-0.7073170731707317,0.0,1,9,-1,832.2034301757812
7,-0.6585365853658536,0.0,1,9,-1,832.2034301757812
8,-0.6097560975609756,0.0,1,9,-1,832.2034301757812
9,-0.5609756097560976,0.0,1,9,-1,832.2034301757812
10,-0.5121951219512195,0.0,1,9,-1,832.2034301757812
11,-0.46341463414634143,0.0,1,9,-1,832.2034301757812
12,-0.41463414634146334,0.0,1,9,-1,832.2034301757812
13,-0.36585365853658536,0.0,1,9,-1,832.2034301757812
14,-0.31707317073170727,0.0,1,9,-1,832.2034301757812
15,-0.2682926829268293,0.0,1,9,-1,832.2034301757812
16,-0.2195121951219512,0.0,1,9,-1,832.2034301757812
17,-0.1707317073170731,0.0,1,9,-1,832.2034301757812
18,-0.12195121951219512,0.0,1,9,-1,832.2034301757812
19,-0.07317073170731703,0.0,1,9,-1,832.2034301757812
20,-0.024390243902439046,0.0,1,9,-1,832.2034301757812
21,0.024390243902439046,0.0,1,9,-1,832.2034301757812
22,0.07317073170731714,0.0,1,9,-1,832.2034301757812
23,0.12195121951219523,0.0,1,9,-1,832.2034301757812
24,0.17073170731707332,0.0,1,9,-1,832.2034301757812
25,0.2195121951219512,2.411088644294068e-07,1,9,-1,832.2034301757812
26,0.2682926829268293,2.7550305503609707e-07,1,9,-1,832.2034301757812
27,0.3170731707317074,7.736486509202223e-07,1,9,-1,832.2034301757812
28,0.36585365853658547,1.314241160343954e-07,1,9,-1,832.2034301757812
29,0.41463414634146356,3.7174896760916454e-07,1,9,-1,832.2034301757812
30,0.46341463414634143,2.5932030212061363e-07,1,9,-1,832.2034301757812
31,0.5121951219512195,2.93627664404994e-08,1,9,-1,832.2034301757812
32,0.5609756097560976,1.4536328585279534e-08,1,9,-1,832.2034301757812
33,0.6097560975609757,5.646184490615269e-06,1,9,-1,832.2034301757812
34,0.6585365853658538,1.5207938304229174e-05,1,9,-1,832.2034301757812
35,0.7073170731707317,0.0003732941986527294,1,9,-1,832.2034301757812
36,0.7560975609756098,1.4989071132731624e-05,1,9,-1,832.2034301757812
37,0.8048780487804879,3.165535417792853e-06,1,9,-1,832.2034301757812
38,0.853658536585366,2.7391408252697147e-07,1,9,-1,832.2034301757812
39,0.902439024390244,6.293850560723513e-07,1,9,-1,832.2034301757812
40,0.9512195121951219,3.4917658808808483e-07,1,9,-1,832.2034301757812
41,1.0,9.299526936956681e-06,1,9,-1,832.2034301757812
0,-1.0,9.175529157801066e-06,2,-6,-10,832.2034301757812
1,-0.9512195121951219,1.1918665222765412e-05,2,-6,-10,832.2034301757812
2,-0.9024390243902439,4.046830872539431e-05,2,-6,-10,832.2034301757812
3,-0.8536585365853658,0.0002985804167110473,2,-6,-10,832.2034301757812
4,-0.8048780487804879,0.00045761061483062804,2,-6,-10,832.2034301757812
5,-0.7560975609756098,0.00011066487786592916,2,-6,-10,832.2034301757812
6,-0.7073170731707317,4.249073754181154e-06,2,-6,-10,832.2034301757812
7,-0.6585365853658536,2.893507598855649e-06,2,-6,-10,832.2034301757812
8,-0.6097560975609756,1.0687144822441041e-06,2,-6,-10,832.2034301757812
9,-0.5609756097560976,1.3318217639834984e-08,2,-6,-10,832.2034301757812
10,-0.5121951219512195,1.3826876283928868e-06,2,-6,-10,832.2034301757812
11,-0.46341463414634143,2.0398172182467533e-06,2,-6,-10,832.2034301757812
12,-0.41463414634146334,4.967068889527582e-07,2,-6,-10,832.2034301757812
13,-0.36585365853658536,2.418908479739912e-06,2,-6,-10,832.2034301757812
14,-0.31707317073170727,7.418935865644016e-07,2,-6,-10,832.2034301757812
15,-0.2682926829268293,6.868621085232007e-07,2,-6,-10,832.2034301757812
16,-0.2195121951219512,1.6745880202506669e-06,2,-6,-10,832.2034301757812
17,-0.1707317073170731,1.4419515537156258e-06,2,-6,-10,832.2034301757812
18,-0.12195121951219512,2.8329711199148733e-07,2,-6,-10,832.2034301757812
19,-0.07317073170731703,4.261936226157559e-07,2,-6,-10,832.2034301757812
20,-0.024390243902439046,1.0344215439772597e-07,2,-6,-10,832.2034301757812
21,0.024390243902439046,7.234397685351723e-07,2,-6,-10,832.2034301757812
22,0.07317073170731714,0.0,2,-6,-10,832.2034301757812
23,0.12195121951219523,0.0,2,-6,-10,832.2034301757812
24,0.17073170731707332,0.0,2,-6,-10,832.2034301757812
25,0.2195121951219512,0.0,2,-6,-10,832.2034301757812
26,0.2682926829268293,0.0,2,-6,-10,832.2034301757812
27,0.3170731707317074,0.0,2,-6,-10,832.2034301757812
28,0.36585365853658547,0.0,2,-6,-10,832.2034301757812
29,0.41463414634146356,0.0,2,-6,-10,832.2034301757812
30,0.46341463414634143,0.0,2,-6,-10,832.2034301757812
31,0.5121951219512195,0.0,2,-6,-10,832.2034301757812
32,0.5609756097560976,0.0,2,-6,-10,832.2034301757812
33,0.6097560975609757,0.0,2,-6,-10,832.2034301757812
34,0.6585365853658538,0.0,2,-6,-10,832.2034301757812
35,0.7073170731707317,0.0,2,-6,-10,832.2034301757812
36,0.7560975609756098,0.0,2,-6,-10,832.2034301757812
37,0.8048780487804879,0.0,2,-6,-10,832.2034301757812
38,0.853658536585366,0.0,2,-6,-10,832.2034301757812
39,0.902439024390244,0.0,2,-6,-10,832.2034301757812
40,0.9512195121951219,0.0,2,-6,-10,832.2034301757812
41,1.0,0.0,2,-6,-10,832.2034301757812
0,-1.0,0.0,2,-5,-10,832.2034301757812
1,-0.9512195121951219,0.0,2,-5,-10,832.2034301757812
2,-0.9024390243902439,0.0,2,-5,-10,832.2034301757812
3,-0.8536585365853658,0.0,2,-5,-10,832.2034301757812
4,-0.8048780487804879,0.0,2,-5,-10,832.2034301757812
5,-0.7560975609756098,1.8095041014021263e-05,2,-5,-10,832.2034301757812
6,-0.7073170731707317,5.95149742821377e-07,2,-5,-10,832.2034301757812
7,-0.6585365853658536,4.765284131735825e-07,2,-5,-10,832.2034301757812
8,-0.6097560975609756,2.3953696199896513e-06,2,-5,-10,832.2034301757812
9,-0.5609756097560976,3.962224127462832e-06,2,-5,-10,832.2034301757812
10,-0.5121951219512195,4.584580892696977e-06,2,-5,-10,832.2034301757812
11,-0.46341463414634143,1.4809021422479418e-06,2,-5,-10,832.2034301757812
12,-0.41463414634146334,3.2811647088237805e-06,2,-5,-10,832.2034301757812
13,-0.36585365853658536,1.832292036851868e-05,2,-5,-10,832.2034301757812
14,-0.31707317073170727,2.418890653643757e-05,2,-5,-10,832.2034301757812
15,-0.2682926829268293,2.4817977646307554e-06,2,-5,-10,832.2034301757812
16,-0.2195121951219512,6.495317393273581e-06,2,-5,-10,832.2034301757812
17,-0.1707317073170731,2.5388746507815085e-05,2,-5,-10,832.2034301757812
18,-0.12195121951219512,5.147749834577553e-05,2,-5,-10,832.2034301757812
19,-0.07317073170731703,1.6163146938197315e-05,2,-5,-10,832.2034301757812
20,-0.024390243902439046,2.113773734890856e-05,2,-5,-10,832.2034301757812
21,0.024390243902439046,1.5145381439651828e-05,2,-5,-10,832.2034301757812
22,0.07317073170731714,7.842410559533164e-05,2,-5,-10,832.2034301757812
23,0.12195121951219523,0.00017656339332461357,2,-5,-10,832.2034301757812
24,0.17073170731707332,1.0427357665321324e-05,2,-5,-10,832.2034301757812
25,0.2195121951219512,2.7086647605756298e-05,2,-5,-10,832.2034301757812
26,0.2682926829268293,0.003453674027696252,2,-5,-10,832.2034301757812
27,0.3170731707317074,0.006558843422681093,2,-5,-10,832.2034301757812
28,0.36585365853658547,0.00020109770412091166,2,-5,-10,832.2034301757812
29,0.41463414634146356,4.6950019168434665e-05,2,-5,-10,832.2034301757812
30,0.46341463414634143,7.902026118244976e-05,2,-5,-10,832.2034301757812
31,0.5121951219512195,5.206017158343457e-05,2,-5,-10,832.2034301757812
32,0.5609756097560976,4.6189757995307446e-05,2,-5,-10,832.2034301757812
33,0.6097560975609757,7.343046036112355e-06,2,-5,-10,832.2034301757812
34,0.6585365853658538,2.894557269428333e-07,2,-5,-10,832.2034301757812
35,0.7073170731707317,1.3621994185086805e-05,2,-5,-10,832.2034301757812
36,0.7560975609756098,2.5378274585818872e-05,2,-5,-10,832.2034301757812
37,0.8048780487804879,1.3498733096639626e-05,2,-5,-10,832.2034301757812
38,0.853658536585366,3.036278144463722e-07,2,-5,-10,832.2034301757812
39,0.902439024390244,8.492742381349672e-06,2,-5,-10,832.2034301757812
40,0.9512195121951219,9.848453373706434e-06,2,-5,-10,832.2034301757812
41,1.0,3.9717679101158865e-06,2,-5,-10,832.2034301757812
0,-1.0,4.2967542412952753e-07,2,-3,-9,832.2034301757812
1,-0.9512195121951219,7.199480933195446e-06,2,-3,-9,832.2034301757812
2,-0.9024390243902439,1.2969318277100683e-06,2,-3,-9,832.2034301757812
3,-0.8536585365853658,2.0480451894400176e-06,2,-3,-9,832.2034301757812
4,-0.8048780487804879,3.769162731259712e-06,2,-3,-9,832.2034301757812
5,-0.7560975609756098,9.816063538892195e-06,2,-3,-9,832.2034301757812
6,-0.7073170731707317,6.299818323896034e-06,2,-3,-9,832.2034301757812
7,-0.6585365853658536,1.6762094674049877e-05,2,-3,-9,832.2034301757812
8,-0.6097560975609756,1.1812016055046115e-05,2,-3,-9,832.2034301757812
9,-0.5609756097560976,2.677984957699664e-05,2,-3,-9,832.2034301757812
10,-0.5121951219512195,3.896721682394855e-05,2,-3,-9,832.2034301757812
11,-0.46341463414634143,1.837870331655722e-05,2,-3,-9,832.2034301757812
12,-0.41463414634146334,5.257058728602715e-05,2,-3,-9,832.2034301757812
13,-0.36585365853658536,3.4332544601056725e-05,2,-3,-9,832.2034301757812
14,-0.31707317073170727,2.621221028675791e-05,2,-3,-9,832.2034301757812
15,-0.2682926829268293,3.960965113947168e-05,2,-3,-9,832.2034301757812
16,-0.2195121951219512,3.884854322677711e-06,2,-3,-9,832.2034301757812
17,-0.1707317073170731,8.415692718699574e-06,2,-3,-9,832.2034301757812
18,-0.12195121951219512,4.688357876148075e-06,2,-3,-9,832.2034301757812
19,-0.07317073170731703,1.3810710697725881e-05,2,-3,-9,832.2034301757812
20,-0.024390243902439046,2.70793634626898e-06,2,-3,-9,832.2034301757812
21,0.024390243902439046,5.714472081308486e-06,2,-3,-9,832.2034301757812
22,0.07317073170731714,5.388429599406663e-06,2,-3,-9,832.2034301757812
23,0.12195121951219523,4.895572146779159e-06,2,-3,-9,832.2034301757812
24,0.17073170731707332,1.1333153452142142e-05,2,-3,-9,832.2034301757812
25,0.2195121951219512,3.0590235837735236e-05,2,-3,-9,832.2034301757812
26,0.2682926829268293,7.007809017522959e-07,2,-3,-9,832.2034301757812
27,0.3170731707317074,3.923737313016318e-05,2,-3,-9,832.2034301757812
28,0.36585365853658547,2.98573595500784e-05,2,-3,-9,832.2034301757812
29,0.41463414634146356,7.626150818396127e-06,2,-3,-9,832.2034301757812
30,0.46341463414634143,5.215104829403572e-05,2,-3,-9,832.2034301757812
31,0.5121951219512195,6.339544052025303e-05,2,-3,-9,832.2034301757812
32,0.5609756097560976,9.996190783567727e-05,2,-3,-9,832.2034301757812
33,0.6097560975609757,0.0004875010927207768,2,-3,-9,832.2034301757812
34,0.6585365853658538,0.0008524755830876529,2,-3,-9,832.2034301757812
35,0.7073170731707317,0.0003929517697542906,2,-3,-9,832.2034301757812
36,0.7560975609756098,0.00013438232417684048,2,-3,-9,832.2034301757812
37,0.8048780487804879,6.967660738155246e-05,2,-3,-9,832.2034301757812
38,0.853658536585366,1.8081422240356915e-05,2,-3,-9,832.2034301757812
39,0.902439024390244,8.455581337329932e-06,2,-3,-9,832.2034301757812
40,0.9512195121951219,4.082408850081265e-05,2,-3,-9,832.2034301757812
41,1.0,4.729985903395573e-06,2,-3,-9,832.2034301757812
0,-1.0,0.00011721056216629222,2,-1,-8,832.2034301757812
1,-0.9512195121951219,3.692965765367262e-05,2,-1,-8,832.2034301757812
2,-0.9024390243902439,1.0499437848920934e-05,2,-1,-8,832.2034301757812
3,-0.8536585365853658,5.613021016870334e-07,2,-1,-8,832.2034301757812
4,-0.8048780487804879,3.075964195886627e-05,2,-1,-8,832.2034301757812
5,-0.7560975609756098,0.00013152806786820292,2,-1,-8,832.2034301757812
6,-0.7073170731707317,8.04815354058519e-05,2,-1,-8,832.2034301757812
7,-0.6585365853658536,0.00010967247362714261,2,-1,-8,832.2034301757812
8,-0.6097560975609756,6.927882350282744e-05,2,-1,-8,832.2034301757812
9,-0.5609756097560976,8.212098327931017e-05,2,-1,-8,832.2034301757812
10,-0.5121951219512195,5.168827556190081e-05,2,-1,-8,832.2034301757812
11,-0.46341463414634143,6.404483428923413e-05,2,-1,-8,832.2034301757812
12,-0.41463414634146334,6.921110616531223e-05,2,-1,-8,832.2034301757812
13,-0.36585365853658536,0.00011784775415435433,2,-1,-8,832.2034301757812
14,-0.31707317073170727,0.0005884317215532064,2,-1,-8,832.2034301757812
15,-0.2682926829268293,0.0011443530675023794,2,-1,-8,832.2034301757812
16,-0.2195121951219512,0.0012433124938979745,2,-1,-8,832.2034301757812
17,-0.1707317073170731,0.002473894041031599,2,-1,-8,832.2034301757812
18,-0.12195121951219512,0.002561726840212941,2,-1,-8,832.2034301757812
19,-0.07317073170731703,0.0002281252818647772,2,-1,-8,832.2034301757812
20,-0.024390243902439046,0.0015335545176640153,2,-1,-8,832.2034301757812
21,0.024390243902439046,0.003687744028866291,2,-1,-8,832.2034301757812
22,0.07317073170731714,0.0015453675296157598,2,-1,-8,832.2034301757812
23,0.12195121951219523,0.00012998789316043258,2,-1,-8,832.2034301757812
24,0.17073170731707332,8.243211595981847e-06,2,-1,-8,832.2034301757812
25,0.2195121951219512,0.0008764135418459773,2,-1,-8,832.2034301757812
26,0.2682926829268293,0.002668839180842042,2,-1,-8,832.2034301757812
27,0.3170731707317074,0.0006196075119078159,2,-1,-8,832.2034301757812
28,0.36585365853658547,0.0013521543005481362,2,-1,-8,832.2034301757812
29,0.41463414634146356,0.0015472329687327147,2,-1,-8,832.2034301757812
30,0.46341463414634143,0.013993445783853531,2,-1,-8,832.2034301757812
31,0.5121951219512195,0.03468795120716095,2,-1,-8,832.2034301757812
32,0.5609756097560976,0.030050694942474365,2,-1,-8,832.2034301757812
33,0.6097560975609757,0.019340934231877327,2,-1,-8,832.2034301757812
34,0.6585365853658538,0.01939757540822029,2,-1,-8,832.2034301757812
35,0.7073170731707317,0.015120835043489933,2,-1,-8,832.2034301757812
36,0.7560975609756098,0.011714539490640163,2,-1,-8,832.2034301757812
37,0.8048780487804879,0.010895208455622196,2,-1,-8,832.2034301757812
38,0.853658536585366,0.009135043248534203,2,-1,-8,832.2034301757812
39,0.902439024390244,0.006588153075426817,2,-1,-8,832.2034301757812
40,0.9512195121951219,0.00316617707721889,2,-1,-8,832.2034301757812
41,1.0,0.001496416050940752,2,-1,-8,832.2034301757812
0,-1.0,7.431455060213921e-07,2,2,-7,832.2034301757812
1,-0.9512195121951219,2.5106921384576708e-05,2,2,-7,832.2034301757812
2,-0.9024390243902439,3.0271085051936097e-06,2,2,-7,832.2034301757812
3,-0.8536585365853658,2.584149842732586e-05,2,2,-7,832.2034301757812
4,-0.8048780487804879,3.0810246244072914e-05,2,2,-7,832.2034301757812
5,-0.7560975609756098,2.5706585802254267e-05,2,2,-7,832.2034301757812
6,-0.7073170731707317,6.15702592767775e-05,2,2,-7,832.2034301757812
7,-0.6585365853658536,8.012040052562952e-05,2,2,-7,832.2034301757812
8,-0.6097560975609756,0.00042773125460371375,2,2,-7,832.2034301757812
9,-0.5609756097560976,0.0023312598932534456,2,2,-7,832.2034301757812
10,-0.5121951219512195,0.0028804722242057323,2,2,-7,832.2034301757812
11,-0.46341463414634143,0.0013334566028788686,2,2,-7,832.2034301757812
12,-0.41463414634146334,0.0007836002041585743,2,2,-7,832.2034301757812
13,-0.36585365853658536,5.127499025547877e-05,2,2,-7,832.2034301757812
14,-0.31707317073170727,0.00027380697429180145,2,2,-7,832.2034301757812
15,-0.2682926829268293,0.000212435785215348,2,2,-7,832.2034301757812
16,-0.2195121951219512,2.399229742877651e-05,2,2,-7,832.2034301757812
17,-0.1707317073170731,8.164589416992385e-06,2,2,-7,832.2034301757812
18,-0.12195121951219512,8.166833140421659e-05,2,2,-7,832.2034301757812
19,-0.07317073170731703,0.00011711189290508628,2,2,-7,832.2034301757812
20,-0.024390243902439046,1.0112222298630513e-05,2,2,-7,832.2034301757812
21,0.024390243902439046,5.03749142808374e-05,2,2,-7,832.2034301757812
22,0.07317073170731714,1.0368514267611317e-05,2,2,-7,832.2034301757812
23,0.12195121951219523,1.9704020814970136e-06,2,2,-7,832.2034301757812
24,0.17073170731707332,4.302627985453e-06,2,2,-7,832.2034301757812
25,0.2195121951219512,4.4217772483534645e-06,2,2,-7,832.2034301757812
26,0.2682926829268293,2.2186097794474335e-06,2,2,-7,832.2034301757812
27,0.3170731707317074,1.0678764965632581e-06,2,2,-7,832.2034301757812
28,0.36585365853658547,1.789121779438574e-05,2,2,-7,832.2034301757812
29,0.41463414634146356,9.047335538525658e-07,2,2,-7,832.2034301757812
30,0.46341463414634143,3.5767543522524647e-06,2,2,-7,832.2034301757812
31,0.5121951219512195,2.535636303946376e-05,2,2,-7,832.2034301757812
32,0.5609756097560976,1.323902870353777e-05,2,2,-7,832.2034301757812
33,0.6097560975609757,1.8598582755657844e-05,2,2,-7,832.2034301757812
34,0.6585365853658538,1.0451514754095115e-05,2,2,-7,832.2034301757812
35,0.7073170731707317,2.352840601815842e-05,2,2,-7,832.2034301757812
36,0.7560975609756098,5.870626864634687e-06,2,2,-7,832.2034301757812
37,0.8048780487804879,1.8875065279644332e-06,2,2,-7,832.2034301757812
38,0.853658536585366,4.9414193199481815e-06,2,2,-7,832.2034301757812
39,0.902439024390244,9.347469926979102e-07,2,2,-7,832.2034301757812
40,0.9512195121951219,3.3834760415629717e-06,2,2,-7,832.2034301757812
41,1.0,1.2232675317136454e-06,2,2,-7,832.2034301757812
0,-1.0,0.0,2,4,-6,832.2034301757812
1,-0.9512195121951219,0.0,2,4,-6,832.2034301757812
2,-0.9024390243902439,0.0,2,4,-6,832.2034301757812
3,-0.8536585365853658,0.0,2,4,-6,832.2034301757812
4,-0.8048780487804879,0.0,2,4,-6,832.2034301757812
5,-0.7560975609756098,0.0,2,4,-6,832.2034301757812
6,-0.7073170731707317,0.0,2,4,-6,832.2034301757812
7,-0.6585365853658536,0.0,2,4,-6,832.2034301757812
8,-0.6097560975609756,0.0,2,4,-6,832.2034301757812
9,-0.5609756097560976,0.0,2,4,-6,832.2034301757812
10,-0.5121951219512195,0.0,2,4,-6,832.2034301757812
11,-0.46341463414634143,0.0,2,4,-6,832.2034301757812
12,-0.41463414634146334,0.0,2,4,-6,832.2034301757812
13,-0.36585365853658536,0.0,2,4,-6,832.2034301757812
14,-0.31707317073170727,0.0,2,4,-6,832.2034301757812
15,-0.2682926829268293,1.3065889106655959e-05,2,4,-6,832.2034301757812
16,-0.2195121951219512,3.5918624234909657e-06,2,4,-6,832.2034301757812
17,-0.1707317073170731,1.9350740330992267e-05,2,4,-6,832.2034301757812
18,-0.12195121951219512,9.397787653142586e-05,2,4,-6,832.2034301757812
19,-0.07317073170731703,3.9517941331723705e-05,2,4,-6,832.2034301757812
20,-0.024390243902439046,1.148185856436612e-05,2,4,-6,832.2034301757812
21,0.024390243902439046,5.550460628001019e-06,2,4,-6,832.2034301757812
22,0.07317073170731714,1.532852547825314e-05,2,4,-6,832.2034301757812
23,0.12195121951219523,1.01148316389299e-05,2,4,-6,832.2034301757812
24,0.17073170731707332,6.093670890550129e-06,2,4,-6,832.2034301757812
25,0.2195121951219512,3.157076571369544e-05,2,4,-6,832.2034301757812
26,0.2682926829268293,5.279124479784514e-07,2,4,-6,832.2034301757812
27,0.3170731707317074,2.315231722604949e-05,2,4,-6,832.2034301757812
28,0.36585365853658547,8.334639460372273e-06,2,4,-6,832.2034301757812
29,0.41463414634146356,9.468451025895774e-06,2,4,-6,832.2034301757812
30,0.46341463414634143,4.935933611704968e-05,2,4,-6,832.2034301757812
31,0.5121951219512195,4.738472853205167e-05,2,4,-6,832.2034301757812
32,0.5609756097560976,2.187160680477973e-05,2,4,-6,832.2034301757812
33,0.6097560975609757,1.718301064101979e-05,2,4,-6,832.2034301757812
34,0.6585365853658538,0.0004658880643546581,2,4,-6,832.2034301757812
35,0.7073170731707317,0.0006617052713409066,2,4,-6,832.2034301757812
36,0.7560975609756098,0.0003367772442288697,2,4,-6,832.2034301757812
37,0.8048780487804879,0.019609935581684113,2,4,-6,832.2034301757812
38,0.853658536585366,0.005462725181132555,2,4,-6,832.2034301757812
39,0.902439024390244,0.0009557269513607025,2,4,-6,832.2034301757812
40,0.9512195121951219,4.573156184051186e-05,2,4,-6,832.2034301757812
41,1.0,2.6827236069948412e-05,2,4,-6,832.2034301757812
0,-1.0,0.0,2,5,-6,832.2034301757812
1,-0.9512195121951219,0.0,2,5,-6,832.2034301757812
2,-0.9024390243902439,0.0,2,5,-6,832.2034301757812
3,-0.8536585365853658,0.0,2,5,-6,832.2034301757812
4,-0.8048780487804879,0.0,2,5,-6,832.2034301757812
5,-0.7560975609756098,0.0,2,5,-6,832.2034301757812
6,-0.7073170731707317,6.795361855438387e-07,2,5,-6,832.2034301757812
7,-0.6585365853658536,4.2191004467895254e-07,2,5,-6,832.2034301757812
8,-0.6097560975609756,7.039377578621497e-07,2,5,-6,832.2034301757812
9,-0.5609756097560976,3.2885461678233696e-06,2,5,-6,832.2034301757812
10,-0.5121951219512195,1.71965325534984e-06,2,5,-6,832.2034301757812
11,-0.46341463414634143,7.643286608072231e-07,2,5,-6,832.2034301757812
12,-0.41463414634146334,3.2281482731377764e-07,2,5,-6,832.2034301757812
13,-0.36585365853658536,5.284700819174759e-07,2,5,-6,832.2034301757812
14,-0.31707317073170727,1.6929039929891587e-06,2,5,-6,832.2034301757812
15,-0.2682926829268293,8.33298997804377e-07,2,5,-6,832.2034301757812
16,-0.2195121951219512,3.7844367852812866e-06,2,5,-6,832.2034301757812
17,-0.1707317073170731,8.249053280451335e-07,2,5,-6,832.2034301757812
18,-0.12195121951219512,1.3460305126500316e-05,2,5,-6,832.2034301757812
19,-0.07317073170731703,1.6301812138408422e-05,2,5,-6,832.2034301757812
20,-0.024390243902439046,1.803076702344697e-05,2,5,-6,832.2034301757812
21,0.024390243902439046,1.1383878018023097e-06,2,5,-6,832.2034301757812
22,0.07317073170731714,2.8385426048771478e-05,2,5,-6,832.2034301757812
23,0.12195121951219523,1.0920578461082187e-05,2,5,-6,832.2034301757812
24,0.17073170731707332,0.0012329970486462116,2,5,-6,832.2034301757812
25,0.2195121951219512,0.000361676822649315,2,5,-6,832.2034301757812
26,0.2682926829268293,2.4400520487688482e-05,2,5,-6,832.2034301757812
27,0.3170731707317074,2.4100094378809445e-05,2,5,-6,832.2034301757812
28,0.36585365853658547,1.853537469287403e-05,2,5,-6,832.2034301757812
29,0.41463414634146356,3.987238414993044e-06,2,5,-6,832.2034301757812
30,0.46341463414634143,7.460861866093182e-07,2,5,-6,832.2034301757812
31,0.5121951219512195,6.4556897996226326e-06,2,5,-6,832.2034301757812
32,0.5609756097560976,9.201157240568136e-07,2,5,-6,832.2034301757812
33,0.6097560975609757,4.154543375989306e-07,2,5,-6,832.2034301757812
34,0.6585365853658538,5.40833809736796e-07,2,5,-6,832.2034301757812
35,0.7073170731707317,1.2747860864692484e-06,2,5,-6,832.2034301757812
36,0.7560975609756098,1.193460121839962e-07,2,5,-6,832.2034301757812
37,0.8048780487804879,9.781801054487005e-06,2,5,-6,832.2034301757812
38,0.853658536585366,8.783237035459024e-07,2,5,-6,832.2034301757812
39,0.902439024390244,3.057919570892409e-07,2,5,-6,832.2034301757812
40,0.9512195121951219,1.0248171520288452e-06,2,5,-6,832.2034301757812
41,1.0,6.247113901736157e-07,2,5,-6,832.2034301757812
0,-1.0,0.0,2,6,-6,832.2034301757812
1,-0.9512195121951219,2.489712755959772e-07,2,6,-6,832.2034301757812
2,-0.9024390243902439,4.028067053241102e-07,2,6,-6,832.2034301757812
3,-0.8536585365853658,4.59750282288951e-07,2,6,-6,832.2034301757812
4,-0.8048780487804879,1.8238050643049064e-06,2,6,-6,832.2034301757812
5,-0.7560975609756098,4.549016523469618e-07,2,6,-6,832.2034301757812
6,-0.7073170731707317,3.5711352097678173e-07,2,6,-6,832.2034301757812
7,-0.6585365853658536,1.7886535488287336e-06,2,6,-6,832.2034301757812
8,-0.6097560975609756,2.069644324365072e-06,2,6,-6,832.2034301757812
9,-0.5609756097560976,1.010624714581354e-06,2,6,-6,832.2034301757812
10,-0.5121951219512195,1.315098415943794e-06,2,6,-6,832.2034301757812
11,-0.46341463414634143,1.6345287576768897e-06,2,6,-6,832.2034301757812
12,-0.41463414634146334,5.223266725806752e-06,2,6,-6,832.2034301757812
13,-0.36585365853658536,1.6391371900681406e-05,2,6,-6,832.2034301757812
14,-0.31707317073170727,2.9897553758928552e-05,2,6,-6,832.2034301757812
15,-0.2682926829268293,0.0002099502453347668,2,6,-6,832.2034301757812
16,-0.2195121951219512,0.0018311204621568322,2,6,-6,832.2034301757812
17,-0.1707317073170731,2.6934508241538424e-06,2,6,-6,832.2034301757812
18,-0.12195121951219512,1.6313955711666495e-05,2,6,-6,832.2034301757812
19,-0.07317073170731703,9.138199175140471e-07,2,6,-6,832.2034301757812
20,-0.024390243902439046,3.7054242341127974e-08,2,6,-6,832.2034301757812
21,0.024390243902439046,2.8517436021502363e-06,2,6,-6,832.2034301757812
22,0.07317073170731714,1.892017166937876e-06,2,6,-6,832.2034301757812
23,0.12195121951219523,2.7570092697715154e-06,2,6,-6,832.2034301757812
24,0.17073170731707332,6.9645980147470254e-06,2,6,-6,832.2034301757812
25,0.2195121951219512,1.1340912351442967e-06,2,6,-6,832.2034301757812
26,0.2682926829268293,1.9880924355675234e-06,2,6,-6,832.2034301757812
27,0.3170731707317074,1.5671491837565554e-06,2,6,-6,832.2034301757812
28,0.36585365853658547,2.002885821639211e-06,2,6,-6,832.2034301757812
29,0.41463414634146356,6.349324621623964e-07,2,6,-6,832.2034301757812
30,0.46341463414634143,8.748128266233834e-07,2,6,-6,832.2034301757812
31,0.5121951219512195,3.657999769757225e-08,2,6,-6,832.2034301757812
32,0.5609756097560976,0.0,2,6,-6,832.2034301757812
33,0.6097560975609757,0.0,2,6,-6,832.2034301757812
34,0.6585365853658538,0.0,2,6,-6,832.2034301757812
35,0.7073170731707317,0.0,2,6,-6,832.2034301757812
36,0.7560975609756098,0.0,2,6,-6,832.2034301757812
37,0.8048780487804879,0.0,2,6,-6,832.2034301757812
38,0.853658536585366,0.0,2,6,-6,832.2034301757812
39,0.902439024390244,0.0,2,6,-6,832.2034301757812
40,0.9512195121951219,0.0,2,6,-6,832.2034301757812
41,1.0,0.0,2,6,-6,832.2034301757812
0,-1.0,3.92306077401372e-07,2,7,-6,832.2034301757812
1,-0.9512195121951219,8.542689329260611e-07,2,7,-6,832.2034301757812
2,-0.9024390243902439,1.9859096767049778e-07,2,7,-6,832.2034301757812
3,-0.8536585365853658,5.117195769344107e-07,2,7,-6,832.2034301757812
4,-0.8048780487804879,3.3432766599617025e-07,2,7,-6,832.2034301757812
5,-0.7560975609756098,6.776145369258302e-07,2,7,-6,832.2034301757812
6,-0.7073170731707317,3.4924771625810536e-06,2,7,-6,832.2034301757812
7,-0.6585365853658536,8.030518756640959e-07,2,7,-6,832.2034301757812
8,-0.6097560975609756,9.768609015736729e-05,2,7,-6,832.2034301757812
9,-0.5609756097560976,2.11779251912958e-06,2,7,-6,832.2034301757812
10,-0.5121951219512195,0.000186944380402565,2,7,-6,832.2034301757812
11,-0.46341463414634143,0.0025100004859268665,2,7,-6,832.2034301757812
12,-0.41463414634146334,2.2534406525664963e-05,2,7,-6,832.2034301757812
13,-0.36585365853658536,5.950515696895309e-05,2,7,-6,832.2034301757812
14,-0.31707317073170727,6.50266811135225e-05,2,7,-6,832.2034301757812
15,-0.2682926829268293,2.1744623154518194e-05,2,7,-6,832.2034301757812
16,-0.2195121951219512,8.325293492816854e-06,2,7,-6,832.2034301757812
17,-0.1707317073170731,2.4592889531049877e-05,2,7,-6,832.2034301757812
18,-0.12195121951219512,2.3649521608604118e-05,2,7,-6,832.2034301757812
19,-0.07317073170731703,1.226987751579145e-05,2,7,-6,832.2034301757812
20,-0.024390243902439046,3.0290019026324444e-07,2,7,-6,832.2034301757812
21,0.024390243902439046,4.260892012553086e-07,2,7,-6,832.2034301757812
22,0.07317073170731714,8.687255217409984e-07,2,7,-6,832.2034301757812
23,0.12195121951219523,1.0225318192169652e-06,2,7,-6,832.2034301757812
24,0.17073170731707332,9.151543522989414e-09,2,7,-6,832.2034301757812
25,0.2195121951219512,0.0,2,7,-6,832.2034301757812
26,0.2682926829268293,0.0,2,7,-6,832.2034301757812
27,0.3170731707317074,0.0,2,7,-6,832.2034301757812
28,0.36585365853658547,0.0,2,7,-6,832.2034301757812
29,0.41463414634146356,0.0,2,7,-6,832.2034301757812
30,0.46341463414634143,0.0,2,7,-6,832.2034301757812
31,0.5121951219512195,0.0,2,7,-6,832.2034301757812
32,0.5609756097560976,0.0,2,7,-6,832.2034301757812
33,0.6097560975609757,0.0,2,7,-6,832.2034301757812
34,0.6585365853658538,0.0,2,7,-6,832.2034301757812
35,0.7073170731707317,0.0,2,7,-6,832.2034301757812
36,0.7560975609756098,0.0,2,7,-6,832.2034301757812
37,0.8048780487804879,0.0,2,7,-6,832.2034301757812
38,0.853658536585366,0.0,2,7,-6,832.2034301757812
39,0.902439024390244,0.0,2,7,-6,832.2034301757812
40,0.9512195121951219,0.0,2,7,-6,832.2034301757812
41,1.0,0.0,2,7,-6,832.2034301757812
0,-1.0,5.636948117171414e-07,3,2,-11,832.2034301757812
1,-0.9512195121951219,2.0521024453046266e-06,3,2,-11,832.2034301757812
2,-0.9024390243902439,7.115213065844728e-06,3,2,-11,832.2034301757812
3,-0.8536585365853658,8.695662501168044e-08,3,2,-11,832.2034301757812
4,-0.8048780487804879,3.160344022035133e-06,3,2,-11,832.2034301757812
5,-0.7560975609756098,1.3033306913712295e-06,3,2,-11,832.2034301757812
6,-0.7073170731707317,1.1001017696798954e-07,3,2,-11,832.2034301757812
7,-0.6585365853658536,1.0687192570912885e-06,3,2,-11,832.2034301757812
8,-0.6097560975609756,1.0067633837707035e-07,3,2,-11,832.2034301757812
9,-0.5609756097560976,1.1441918559285114e-06,3,2,-11,832.2034301757812
10,-0.5121951219512195,1.1794596730396734e-06,3,2,-11,832.2034301757812
11,-0.46341463414634143,1.3466501513903495e-07,3,2,-11,832.2034301757812
12,-0.41463414634146334,1.2728897900160518e-06,3,2,-11,832.2034301757812
13,-0.36585365853658536,3.393842234800104e-06,3,2,-11,832.2034301757812
14,-0.31707317073170727,2.0151030639681267e-06,3,2,-11,832.2034301757812
15,-0.2682926829268293,1.2639270607905928e-06,3,2,-11,832.2034301757812
16,-0.2195121951219512,2.1418586584331933e-06,3,2,-11,832.2034301757812
17,-0.1707317073170731,7.281936404979206e-07,3,2,-11,832.2034301757812
18,-0.12195121951219512,9.157887689070776e-06,3,2,-11,832.2034301757812
19,-0.07317073170731703,3.724673661054112e-06,3,2,-11,832.2034301757812
20,-0.024390243902439046,6.906798830641492e-07,3,2,-11,832.2034301757812
21,0.024390243902439046,2.3720158424112014e-06,3,2,-11,832.2034301757812
22,0.07317073170731714,1.9593610431911657e-06,3,2,-11,832.2034301757812
23,0.12195121951219523,3.7433903798955726e-06,3,2,-11,832.2034301757812
24,0.17073170731707332,3.072909976253868e-06,3,2,-11,832.2034301757812
25,0.2195121951219512,1.2432689800334629e-05,3,2,-11,832.2034301757812
26,0.2682926829268293,5.329494524630718e-05,3,2,-11,832.2034301757812
27,0.3170731707317074,5.8832774811889976e-05,3,2,-11,832.2034301757812
28,0.36585365853658547,3.7687848362111254e-06,3,2,-11,832.2034301757812
29,0.41463414634146356,0.0001617287052795291,3,2,-11,832.2034301757812
30,0.46341463414634143,0.0004959166399203241,3,2,-11,832.2034301757812
31,0.5121951219512195,0.0003291326283942908,3,2,-11,832.2034301757812
32,0.5609756097560976,0.00011900956451427191,3,2,-11,832.2034301757812
33,0.6097560975609757,4.620690560841467e-06,3,2,-11,832.2034301757812
34,0.6585365853658538,2.6570096451905556e-05,3,2,-11,832.2034301757812
35,0.7073170731707317,6.151856837277592e-07,3,2,-11,832.2034301757812
36,0.7560975609756098,1.4713636119267903e-05,3,2,-11,832.2034301757812
37,0.8048780487804879,2.1820289475726895e-05,3,2,-11,832.2034301757812
38,0.853658536585366,1.5284653045455343e-06,3,2,-11,832.2034301757812
39,0.902439024390244,1.0323648893972859e-05,3,2,-11,832.2034301757812
40,0.9512195121951219,2.5904464564519003e-06,3,2,-11,832.2034301757812
41,1.0,3.4367669741186546e-06,3,2,-11,832.2034301757812
