tilt_index,tilt_angle,intensity,h,k,l,thickness
0,-1.0,0.0,-3,-6,7,669.4915161132812
1,-0.9512195121951219,0.0,-3,-6,7,669.4915161132812
2,-0.9024390243902439,0.0,-3,-6,7,669.4915161132812
3,-0.8536585365853658,0.0,-3,-6,7,669.4915161132812
4,-0.8048780487804879,0.0,-3,-6,7,669.4915161132812
5,-0.7560975609756098,0.0,-3,-6,7,669.4915161132812
6,-0.7073170731707317,0.0,-3,-6,7,669.4915161132812
7,-0.6585365853658536,0.0,-3,-6,7,669.4915161132812
8,-0.6097560975609756,0.0,-3,-6,7,669.4915161132812
9,-0.5609756097560976,0.0,-3,-6,7,669.4915161132812
10,-0.5121951219512195,0.0,-3,-6,7,669.4915161132812
11,-0.46341463414634143,0.0,-3,-6,7,669.4915161132812
12,-0.41463414634146334,0.0,-3,-6,7,669.4915161132812
13,-0.36585365853658536,0.0,-3,-6,7,669.4915161132812
14,-0.31707317073170727,0.0,-3,-6,7,669.4915161132812
15,-0.2682926829268293,5.846255035635295e-08,-3,-6,7,669.4915161132812
16,-0.2195121951219512,2.6100940431206254e-06,-3,-6,7,669.4915161132812
17,-0.1707317073170731,1.866040406639513e-07,-3,-6,7,669.4915161132812
18,-0.12195121951219512,8.602492016507313e-06,-3,-6,7,669.4915161132812
19,-0.07317073170731703,8.429626632278087e-07,-3,-6,7,669.4915161132812
20,-0.024390243902439046,2.216766915807966e-06,-3,-6,7,669.4915161132812
21,0.024390243902439046,1.8554766256784205e-06,-3,-6,7,669.4915161132812
22,0.07317073170731714,8.035266546357889e-06,-3,-6,7,669.4915161132812
23,0.12195121951219523,5.462280114443274e-06,-3,-6,7,669.4915161132812
24,0.17073170731707332,1.548643376736436e-05,-3,-6,7,669.4915161132812
25,0.2195121951219512,1.2746186257572845e-05,-3,-6,7,669.4915161132812
26,0.2682926829268293,9.73233090917347e-06,-3,-6,7,669.4915161132812
27,0.3170731707317074,4.153607733314857e-06,-3,-6,7,669.4915161132812
28,0.36585365853658547,8.074790821410716e-05,-3,-6,7,669.4915161132812
29,0.41463414634146356,0.0036176436115056276,-3,-6,7,669.4915161132812
30,0.46341463414634143,6.200088682817295e-05,-3,-6,7,669.4915161132812
31,0.5121951219512195,4.191569678368978e-05,-3,-6,7,669.4915161132812
32,0.5609756097560976,2.864779526134953e-05,-3,-6,7,669.4915161132812
33,0.6097560975609757,1.5800349501660094e-05,-3,-6,7,669.4915161132812
34,0.6585365853658538,1.0648036550264806e-05,-3,-6,7,669.4915161132812
35,0.7073170731707317,7.297395313798916e-06,-3,-6,7,669.4915161132812
36,0.7560975609756098,2.2311980956146726e-06,-3,-6,7,669.4915161132812
37,0.8048780487804879,1.2198654985695612e-05,-3,-6,7,669.4915161132812
38,0.853658536585366,2.8040424240316497e-06,-3,-6,7,669.4915161132812
39,0.902439024390244,3.433368362948386e-07,-3,-6,7,669.4915161132812
40,0.9512195121951219,2.452703938615741e-06,-3,-6,7,669.4915161132812
41,1.0,6.256200890675245e-07,-3,-6,7,669.4915161132812
0,-1.0,2.588687857496552e-05,-3,-5,8,669.4915161132812
1,-0.9512195121951219,1.3685565136256628e-05,-3,-5,8,669.4915161132812
2,-0.9024390243902439,1.3240614862297662e-05,-3,-5,8,669.4915161132812
3,-0.8536585365853658,7.37931186449714e-05,-3,-5,8,669.4915161132812
4,-0.8048780487804879,0.0007219637045636773,-3,-5,8,669.4915161132812
5,-0.7560975609756098,0.0009038039715960622,-3,-5,8,669.4915161132812
6,-0.7073170731707317,3.893701432389207e-05,-3,-5,8,669.4915161132812
7,-0.6585365853658536,3.4140275602112524e-06,-3,-5,8,669.4915161132812
8,-0.6097560975609756,1.6372114259866066e-05,-3,-5,8,669.4915161132812
9,-0.5609756097560976,2.8189309887238778e-05,-3,-5,8,669.4915161132812
10,-0.5121951219512195,3.305549034848809e-05,-3,-5,8,669.4915161132812
11,-0.46341463414634143,2.1828352601005463e-06,-3,-5,8,669.4915161132812
12,-0.41463414634146334,2.9055543109279824e-06,-3,-5,8,669.4915161132812
13,-0.36585365853658536,1.4458023542829324e-06,-3,-5,8,669.4915161132812
14,-0.31707317073170727,1.7493574659965816e-06,-3,-5,8,669.4915161132812
15,-0.2682926829268293,1.6629213916985464e-07,-3,-5,8,669.4915161132812
16,-0.2195121951219512,1.7635750282352092e-06,-3,-5,8,669.4915161132812
17,-0.1707317073170731,2.8027084226778243e-06,-3,-5,8,669.4915161132812
18,-0.12195121951219512,3.6107685446040705e-06,-3,-5,8,669.4915161132812
19,-0.07317073170731703,1.2818252344004577e-06,-3,-5,8,669.4915161132812
20,-0.024390243902439046,5.298042196955066e-06,-3,-5,8,669.4915161132812
21,0.024390243902439046,1.2900329693366075e-06,-3,-5,8,669.4915161132812
22,0.07317073170731714,0.0,-3,-5,8,669.4915161132812
23,0.12195121951219523,0.0,-3,-5,8,669.4915161132812
24,0.17073170731707332,0.0,-3,-5,8,669.4915161132812
25,0.2195121951219512,0.0,-3,-5,8,669.4915161132812
26,0.2682926829268293,0.0,-3,-5,8,669.4915161132812
27,0.3170731707317074,0.0,-3,-5,8,669.4915161132812
28,0.36585365853658547,0.0,-3,-5,8,669.4915161132812
29,0.41463414634146356,0.0,-3,-5,8,669.4915161132812
30,0.46341463414634143,0.0,-3,-5,8,669.4915161132812
31,0.5121951219512195,0.0,-3,-5,8,669.4915161132812
32,0.5609756097560976,0.0,-3,-5,8,669.4915161132812
33,0.6097560975609757,0.0,-3,-5,8,669.4915161132812
34,0.6585365853658538,0.0,-3,-5,8,669.4915161132812
35,0.7073170731707317,0.0,-3,-5,8,669.4915161132812
36,0.7560975609756098,0.0,-3,-5,8,669.4915161132812
37,0.8048780487804879,0.0,-3,-5,8,669.4915161132812
38,0.853658536585366,0.0,-3,-5,8,669.4915161132812
39,0.902439024390244,0.0,-3,-5,8,669.4915161132812
40,0.9512195121951219,0.0,-3,-5,8,669.4915161132812
41,1.0,0.0,-3,-5,8,669.4915161132812
0,-1.0,0.0,-3,-4,8,669.4915161132812
1,-0.9512195121951219,0.0,-3,-4,8,669.4915161132812
2,-0.9024390243902439,0.0,-3,-4,8,669.4915161132812
3,-0.8536585365853658,0.0,-3,-4,8,669.4915161132812
4,-0.8048780487804879,0.0,-3,-4,8,669.4915161132812
5,-0.7560975609756098,0.0,-3,-4,8,669.4915161132812
6,-0.7073170731707317,0.0,-3,-4,8,669.4915161132812
7,-0.6585365853658536,0.0,-3,-4,8,669.4915161132812
8,-0.6097560975609756,0.0,-3,-4,8,669.4915161132812
9,-0.5609756097560976,2.6397531200927915e-06,-3,-4,8,669.4915161132812
10,-0.5121951219512195,2.1174880657781614e-06,-3,-4,8,669.4915161132812
11,-0.46341463414634143,1.2656419130507857e-06,-3,-4,8,669.4915161132812
12,-0.41463414634146334,2.0856693936366355e-06,-3,-4,8,669.4915161132812
13,-0.36585365853658536,1.3705615629078238e-06,-3,-4,8,669.4915161132812
14,-0.31707317073170727,3.420985649427166e-06,-3,-4,8,669.4915161132812
15,-0.2682926829268293,1.258119823432935e-06,-3,-4,8,669.4915161132812
16,-0.2195121951219512,2.616383653730736e-06,-3,-4,8,669.4915161132812
17,-0.1707317073170731,3.408206339372555e-06,-3,-4,8,669.4915161132812
18,-0.12195121951219512,1.3137125733919675e-06,-3,-4,8,669.4915161132812
19,-0.07317073170731703,3.6044361877429765e-06,-3,-4,8,669.4915161132812
20,-0.024390243902439046,1.0601304893498309e-05,-3,-4,8,669.4915161132812
21,0.024390243902439046,5.597951258096145e-07,-3,-4,8,669.4915161132812
22,0.07317073170731714,1.833371788961813e-05,-3,-4,8,669.4915161132812
23,0.12195121951219523,2.8327138352324255e-05,-3,-4,8,669.4915161132812
24,0.17073170731707332,1.435355170542607e-05,-3,-4,8,669.4915161132812
25,0.2195121951219512,4.211152918287553e-05,-3,-4,8,669.4915161132812
26,0.2682926829268293,7.685332093387842e-05,-3,-4,8,669.4915161132812
27,0.3170731707317074,0.0005420894594863057,-3,-4,8,669.4915161132812
28,0.36585365853658547,0.0010858328314498067,-3,-4,8,669.4915161132812
29,0.41463414634146356,0.000546204682905227,-3,-4,8,669.4915161132812
30,0.46341463414634143,0.00043152886792086065,-3,-4,8,669.4915161132812
31,0.5121951219512195,0.00017602159641683102,-3,-4,8,669.4915161132812
32,0.5609756097560976,0.00017938297241926193,-3,-4,8,669.4915161132812
33,0.6097560975609757,3.5624263546196744e-05,-3,-4,8,669.4915161132812
34,0.6585365853658538,4.145613274886273e-05,-3,-4,8,669.4915161132812
35,0.7073170731707317,1.8983877225764445e-06,-3,-4,8,669.4915161132812
36,0.7560975609756098,2.458760172885377e-05,-3,-4,8,669.4915161132812
37,0.8048780487804879,4.0111089560923574e-07,-3,-4,8,669.4915161132812
38,0.853658536585366,8.379497558053117e-07,-3,-4,8,669.4915161132812
39,0.902439024390244,9.31536362713814e-07,-3,-4,8,669.4915161132812
40,0.9512195121951219,7.867788553994615e-06,-3,-4,8,669.4915161132812
41,1.0,2.12698023460689e-06,-3,-4,8,669.4915161132812
0,-1.0,2.0372066501295194e-05,-3,-2,9,669.4915161132812
1,-0.9512195121951219,1.0727442713687196e-05,-3,-2,9,669.4915161132812
2,-0.9024390243902439,9.895640005197492e-07,-3,-2,9,669.4915161132812
3,-0.8536585365853658,3.4935549138026545e-06,-3,-2,9,669.4915161132812
4,-0.8048780487804879,3.179703298883396e-06,-3,-2,9,669.4915161132812
5,-0.7560975609756098,1.9758121197810397e-05,-3,-2,9,669.4915161132812
6,-0.7073170731707317,2.7733660772355506e-06,-3,-2,9,669.4915161132812
7,-0.6585365853658536,2.385524749115575e-05,-3,-2,9,669.4915161132812
8,-0.6097560975609756,2.4248736735899e-05,-3,-2,9,669.4915161132812
9,-0.5609756097560976,4.492235530051403e-05,-3,-2,9,669.4915161132812
10,-0.5121951219512195,0.00030921591678634286,-3,-2,9,669.4915161132812
11,-0.46341463414634143,0.00022461450134869665,-3,-2,9,669.4915161132812
12,-0.41463414634146334,1.3666943232237827e-05,-3,-2,9,669.4915161132812
13,-0.36585365853658536,0.0003164073277730495,-3,-2,9,669.4915161132812
14,-0.31707317073170727,0.00017252303950954229,-3,-2,9,669.4915161132812
15,-0.2682926829268293,0.0004140406963415444,-3,-2,9,669.4915161132812
16,-0.2195121951219512,0.0034388313069939613,-3,-2,9,669.4915161132812
17,-0.1707317073170731,0.007403117138892412,-3,-2,9,669.4915161132812
18,-0.12195121951219512,0.005508737172931433,-3,-2,9,669.4915161132812
19,-0.07317073170731703,0.001570279709994793,-3,-2,9,669.4915161132812
20,-0.024390243902439046,9.103590855374932e-05,-3,-2,9,669.4915161132812
21,0.024390243902439046,0.000171425606822595,-3,-2,9,669.4915161132812
22,0.07317073170731714,7.695802923990414e-05,-3,-2,9,669.4915161132812
23,0.12195121951219523,3.076528446399607e-05,-3,-2,9,669.4915161132812
24,0.17073170731707332,7.597906369483098e-05,-3,-2,9,669.4915161132812
25,0.2195121951219512,2.428591585612594e-07,-3,-2,9,669.4915161132812
26,0.2682926829268293,1.665493800828699e-05,-3,-2,9,669.4915161132812
27,0.3170731707317074,4.568111035041511e-05,-3,-2,9,669.4915161132812
28,0.36585365853658547,6.741535798937548e-06,-3,-2,9,669.4915161132812
29,0.41463414634146356,7.001605990808457e-05,-3,-2,9,669.4915161132812
30,0.46341463414634143,2.2432692276197486e-05,-3,-2,9,669.4915161132812
31,0.5121951219512195,1.2894533938379027e-05,-3,-2,9,669.4915161132812
32,0.5609756097560976,2.6570998670649715e-05,-3,-2,9,669.4915161132812
33,0.6097560975609757,1.1274213420620072e-06,-3,-2,9,669.4915161132812
34,0.6585365853658538,4.155281203566119e-06,-3,-2,9,669.4915161132812
35,0.7073170731707317,7.521439329138957e-06,-3,-2,9,669.4915161132812
36,0.7560975609756098,4.9001127990777604e-06,-3,-2,9,669.4915161132812
37,0.8048780487804879,2.457456685078796e-05,-3,-2,9,669.4915161132812
38,0.853658536585366,2.1904988898313604e-06,-3,-2,9,669.4915161132812
39,0.902439024390244,3.315811227366794e-06,-3,-2,9,669.4915161132812
40,0.9512195121951219,4.6499897621288255e-07,-3,-2,9,669.4915161132812
41,1.0,8.366328074771445e-07,-3,-2,9,669.4915161132812
0,-1.0,0.0,-3,4,11,669.4915161132812
1,-0.9512195121951219,0.0,-3,4,11,669.4915161132812
2,-0.9024390243902439,1.2094023560393907e-08,-3,4,11,669.4915161132812
3,-0.8536585365853658,6.107043191150296e-07,-3,4,11,669.4915161132812
4,-0.8048780487804879,2.9697756076529913e-07,-3,4,11,669.4915161132812
5,-0.7560975609756098,8.816855370241683e-07,-3,4,11,669.4915161132812
6,-0.7073170731707317,1.8382144162387704e-06,-3,4,11,669.4915161132812
7,-0.6585365853658536,3.6453236589295557e-06,-3,4,11,669.4915161132812
8,-0.6097560975609756,8.761408025748096e-06,-3,4,11,669.4915161132812
9,-0.5609756097560976,4.18479930885951e-06,-3,4,11,669.4915161132812
10,-0.5121951219512195,7.496466309930838e-07,-3,4,11,669.4915161132812
11,-0.46341463414634143,3.487120238787611e-06,-3,4,11,669.4915161132812
12,-0.41463414634146334,9.889658940664958e-07,-3,4,11,669.4915161132812
13,-0.36585365853658536,1.0951175681839231e-06,-3,4,11,669.4915161132812
14,-0.31707317073170727,2.2477661332231946e-07,-3,4,11,669.4915161132812
15,-0.2682926829268293,1.264553816326952e-06,-3,4,11,669.4915161132812
16,-0.2195121951219512,1.8211701444670325e-06,-3,4,11,669.4915161132812
17,-0.1707317073170731,2.379709940214525e-06,-3,4,11,669.4915161132812
18,-0.12195121951219512,7.722641726104484e-08,-3,4,11,669.4915161132812
19,-0.07317073170731703,5.512426014320226e-06,-3,4,11,669.4915161132812
20,-0.024390243902439046,5.7411734815104865e-06,-3,4,11,669.4915161132812
21,0.024390243902439046,3.9716155697533395e-06,-3,4,11,669.4915161132812
22,0.07317073170731714,1.4761888451175764e-05,-3,4,11,669.4915161132812
23,0.12195121951219523,1.311031070372337e-07,-3,4,11,669.4915161132812
24,0.17073170731707332,7.714319508522749e-06,-3,4,11,669.4915161132812
25,0.2195121951219512,1.3636727999255527e-05,-3,4,11,669.4915161132812
26,0.2682926829268293,3.342579020682024e-06,-3,4,11,669.4915161132812
27,0.3170731707317074,1.5134511158976238e-05,-3,4,11,669.4915161132812
28,0.36585365853658547,7.481454758817563e-06,-3,4,11,669.4915161132812
29,0.41463414634146356,3.868811472784728e-05,-3,4,11,669.4915161132812
30,0.46341463414634143,0.0001412339770467952,-3,4,11,669.4915161132812
31,0.5121951219512195,0.0004920453648082912,-3,4,11,669.4915161132812
32,0.5609756097560976,0.000987858627922833,-3,4,11,669.4915161132812
33,0.6097560975609757,0.0005946925957687199,-3,4,11,669.4915161132812
34,0.6585365853658538,4.5706161472480744e-05,-3,4,11,669.4915161132812
35,0.7073170731707317,0.00011258617450948805,-3,4,11,669.4915161132812
36,0.7560975609756098,9.866194159258157e-05,-3,4,11,669.4915161132812
37,0.8048780487804879,2.421454519208055e-05,-3,4,11,669.4915161132812
38,0.853658536585366,1.4622014532506e-05,-3,4,11,669.4915161132812
39,0.902439024390244,3.5817729440168478e-06,-3,4,11,669.4915161132812
40,0.9512195121951219,2.4067561753327027e-05,-3,4,11,669.4915161132812
41,1.0,4.260444256942719e-06,-3,4,11,669.4915161132812
0,-1.0,3.091025746471132e-07,-3,5,11,669.4915161132812
1,-0.9512195121951219,5.543806764762849e-06,-3,5,11,669.4915161132812
2,-0.9024390243902439,2.3156719635153422e-06,-3,5,11,669.4915161132812
3,-0.8536585365853658,2.9075802103761816e-06,-3,5,11,669.4915161132812
4,-0.8048780487804879,6.832547569501912e-06,-3,5,11,669.4915161132812
5,-0.7560975609756098,4.103148057765793e-06,-3,5,11,669.4915161132812
6,-0.7073170731707317,2.2438052837969735e-05,-3,5,11,669.4915161132812
7,-0.6585365853658536,2.7256553494225955e-06,-3,5,11,669.4915161132812
8,-0.6097560975609756,5.5815489758970216e-05,-3,5,11,669.4915161132812
9,-0.5609756097560976,4.769380029756576e-05,-3,5,11,669.4915161132812
10,-0.5121951219512195,0.0003361368435434997,-3,5,11,669.4915161132812
11,-0.46341463414634143,0.00010486699466127902,-3,5,11,669.4915161132812
12,-0.41463414634146334,0.0015894391108304262,-3,5,11,669.4915161132812
13,-0.36585365853658536,0.0018390908371657133,-3,5,11,669.4915161132812
14,-0.31707317073170727,0.00029247705242596567,-3,5,11,669.4915161132812
15,-0.2682926829268293,0.0005002742982469499,-3,5,11,669.4915161132812
16,-0.2195121951219512,2.9586872187792324e-05,-3,5,11,669.4915161132812
17,-0.1707317073170731,5.246751243248582e-05,-3,5,11,669.4915161132812
18,-0.12195121951219512,1.0090955584018957e-05,-3,5,11,669.4915161132812
19,-0.07317073170731703,1.574757698108442e-05,-3,5,11,669.4915161132812
20,-0.024390243902439046,6.6053885348082986e-06,-3,5,11,669.4915161132812
21,0.024390243902439046,1.998649622692028e-06,-3,5,11,669.4915161132812
22,0.07317073170731714,1.6696174498065375e-05,-3,5,11,669.4915161132812
23,0.12195121951219523,3.393531926576543e-07,-3,5,11,669.4915161132812
24,0.17073170731707332,1.3503794434654992e-05,-3,5,11,669.4915161132812
25,0.2195121951219512,8.294995836877206e-07,-3,5,11,669.4915161132812
26,0.2682926829268293,5.769805738964351e-06,-3,5,11,669.4915161132812
27,0.3170731707317074,3.4750389659166103e-06,-3,5,11,669.4915161132812
28,0.36585365853658547,3.083408728343784e-06,-3,5,11,669.4915161132812
29,0.41463414634146356,3.2914033454289893e-06,-3,5,11,669.4915161132812
30,0.46341463414634143,2.469204673616332e-06,-3,5,11,669.4915161132812
31,0.5121951219512195,2.8763231512130005e-06,-3,5,11,669.4915161132812
32,0.5609756097560976,9.195755268365247e-08,-3,5,11,669.4915161132812
33,0.6097560975609757,3.738236500794301e-06,-3,5,11,669.4915161132812
34,0.6585365853658538,4.4883756800118135e-07,-3,5,11,669.4915161132812
35,0.7073170731707317,1.2488161473811488e-06,-3,5,11,669.4915161132812
36,0.7560975609756098,8.55050188874884e-07,-3,5,11,669.4915161132812
37,0.8048780487804879,0.0,-3,5,11,669.4915161132812
38,0.853658536585366,0.0,-3,5,11,669.4915161132812
39,0.902439024390244,0.0,-3,5,11,669.4915161132812
40,0.9512195121951219,0.0,-3,5,11,669.4915161132812
41,1.0,0.0,-3,5,11,669.4915161132812
0,-1.0,0.0,-2,-8,3,669.4915161132812
1,-0.9512195121951219,0.0,-2,-8,3,669.4915161132812
2,-0.9024390243902439,0.0,-2,-8,3,669.4915161132812
3,-0.8536585365853658,0.0,-2,-8,3,669.4915161132812
4,-0.8048780487804879,0.0,-2,-8,3,669.4915161132812
5,-0.7560975609756098,0.0,-2,-8,3,669.4915161132812
6,-0.7073170731707317,0.0,-2,-8,3,669.4915161132812
7,-0.6585365853658536,0.0,-2,-8,3,669.4915161132812
8,-0.6097560975609756,0.0,-2,-8,3,669.4915161132812
9,-0.5609756097560976,0.0,-2,-8,3,669.4915161132812
10,-0.5121951219512195,0.0,-2,-8,3,669.4915161132812
11,-0.46341463414634143,4.263206960786192e-07,-2,-8,3,669.4915161132812
12,-0.41463414634146334,9.58844452725316e-07,-2,-8,3,669.4915161132812
13,-0.36585365853658536,1.233902366948314e-07,-2,-8,3,669.4915161132812
14,-0.31707317073170727,1.3169392332201824e-07,-2,-8,3,669.4915161132812
15,-0.2682926829268293,4.1716219811860356e-07,-2,-8,3,669.4915161132812
16,-0.2195121951219512,6.374156669153308e-07,-2,-8,3,669.4915161132812
17,-0.1707317073170731,1.8225324538434506e-06,-2,-8,3,669.4915161132812
18,-0.12195121951219512,1.8562330978966202e-06,-2,-8,3,669.4915161132812
19,-0.07317073170731703,8.516000775671273e-07,-2,-8,3,669.4915161132812
20,-0.024390243902439046,9.913083886203822e-06,-2,-8,3,669.4915161132812
21,0.024390243902439046,8.147772859956603e-06,-2,-8,3,669.4915161132812
22,0.07317073170731714,0.00034881202736869454,-2,-8,3,669.4915161132812
23,0.12195121951219523,1.8745769921224564e-05,-2,-8,3,669.4915161132812
24,0.17073170731707332,1.5877608348091599e-06,-2,-8,3,669.4915161132812
25,0.2195121951219512,3.0341968795255525e-06,-2,-8,3,669.4915161132812
26,0.2682926829268293,1.2031001972445665e-07,-2,-8,3,669.4915161132812
27,0.3170731707317074,6.052009098311828e-07,-2,-8,3,669.4915161132812
28,0.36585365853658547,1.7112019179421623e-07,-2,-8,3,669.4915161132812
29,0.41463414634146356,6.172234066070814e-07,-2,-8,3,669.4915161132812
30,0.46341463414634143,3.5645459206534724e-07,-2,-8,3,669.4915161132812
31,0.5121951219512195,2.3746076749375788e-07,-2,-8,3,669.4915161132812
32,0.5609756097560976,1.0028022643382428e-06,-2,-8,3,669.4915161132812
33,0.6097560975609757,1.1787675191499147e-07,-2,-8,3,669.4915161132812
34,0.6585365853658538,0.0,-2,-8,3,669.4915161132812
35,0.7073170731707317,0.0,-2,-8,3,669.4915161132812
36,0.7560975609756098,0.0,-2,-8,3,669.4915161132812
37,0.8048780487804879,0.0,-2,-8,3,669.4915161132812
38,0.853658536585366,0.0,-2,-8,3,669.4915161132812
39,0.902439024390244,0.0,-2,-8,3,669.4915161132812
40,0.9512195121951219,0.0,-2,-8,3,669.4915161132812
41,1.0,0.0,-2,-8,3,669.4915161132812
0,-1.0,5.1164197429898195e-06,-2,-7,4,669.4915161132812
1,-0.9512195121951219,6.3822767515375745e-06,-2,-7,4,669.4915161132812
2,-0.9024390243902439,2.0923936972394586e-05,-2,-7,4,669.4915161132812
3,-0.8536585365853658,4.161887773079798e-06,-2,-7,4,669.4915161132812
4,-0.8048780487804879,1.6967325791483745e-05,-2,-7,4,669.4915161132812
5,-0.7560975609756098,0.0008708848617970943,-2,-7,4,669.4915161132812
6,-0.7073170731707317,0.0010444695362821221,-2,-7,4,669.4915161132812
7,-0.6585365853658536,2.2884405552758835e-06,-2,-7,4,669.4915161132812
8,-0.6097560975609756,5.849555236636661e-05,-2,-7,4,669.4915161132812
9,-0.5609756097560976,2.5359295250382274e-06,-2,-7,4,669.4915161132812
10,-0.5121951219512195,2.0486193079705117e-06,-2,-7,4,669.4915161132812
11,-0.46341463414634143,5.517310910363449e-07,-2,-7,4,669.4915161132812
12,-0.41463414634146334,2.073734464147492e-07,-2,-7,4,669.4915161132812
13,-0.36585365853658536,1.4804853663008544e-06,-2,-7,4,669.4915161132812
14,-0.31707317073170727,1.9939993478601536e-07,-2,-7,4,669.4915161132812
15,-0.2682926829268293,9.679383765615057e-07,-2,-7,4,669.4915161132812
16,-0.2195121951219512,3.855020167975454e-06,-2,-7,4,669.4915161132812
17,-0.1707317073170731,1.0765168099169387e-06,-2,-7,4,669.4915161132812
18,-0.12195121951219512,1.6745757136504835e-07,-2,-7,4,669.4915161132812
19,-0.07317073170731703,0.0,-2,-7,4,669.4915161132812
20,-0.024390243902439046,0.0,-2,-7,4,669.4915161132812
21,0.024390243902439046,0.0,-2,-7,4,669.4915161132812
22,0.07317073170731714,0.0,-2,-7,4,669.4915161132812
23,0.12195121951219523,0.0,-2,-7,4,669.4915161132812
24,0.17073170731707332,0.0,-2,-7,4,669.4915161132812
25,0.2195121951219512,0.0,-2,-7,4,669.4915161132812
26,0.2682926829268293,0.0,-2,-7,4,669.4915161132812
27,0.3170731707317074,0.0,-2,-7,4,669.4915161132812
28,0.36585365853658547,0.0,-2,-7,4,669.4915161132812
29,0.41463414634146356,0.0,-2,-7,4,669.4915161132812
30,0.46341463414634143,0.0,-2,-7,4,669.4915161132812
31,0.5121951219512195,0.0,-2,-7,4,669.4915161132812
32,0.5609756097560976,0.0,-2,-7,4,669.4915161132812
33,0.6097560975609757,0.0,-2,-7,4,669.4915161132812
34,0.6585365853658538,0.0,-2,-7,4,669.4915161132812
35,0.7073170731707317,0.0,-2,-7,4,669.4915161132812
36,0.7560975609756098,0.0,-2,-7,4,669.4915161132812
37,0.8048780487804879,0.0,-2,-7,4,669.4915161132812
38,0.853658536585366,0.0,-2,-7,4,669.4915161132812
39,0.902439024390244,0.0,-2,-7,4,669.4915161132812
40,0.9512195121951219,0.0,-2,-7,4,669.4915161132812
41,1.0,0.0,-2,-7,4,669.4915161132812
0,-1.0,0.0,-2,-6,4,669.4915161132812
1,-0.9512195121951219,0.0,-2,-6,4,669.4915161132812
2,-0.9024390243902439,0.0,-2,-6,4,669.4915161132812
3,-0.8536585365853658,0.0,-2,-6,4,669.4915161132812
4,-0.8048780487804879,0.0,-2,-6,4,669.4915161132812
5,-0.7560975609756098,0.0,-2,-6,4,669.4915161132812
6,-0.7073170731707317,0.0,-2,-6,4,669.4915161132812
7,-0.6585365853658536,0.0,-2,-6,4,669.4915161132812
8,-0.6097560975609756,0.0,-2,-6,4,669.4915161132812
9,-0.5609756097560976,0.0,-2,-6,4,669.4915161132812
10,-0.5121951219512195,2.5693118459457764e-06,-2,-6,4,669.4915161132812
11,-0.46341463414634143,2.3852273898228304e-06,-2,-6,4,669.4915161132812
12,-0.41463414634146334,4.415756393427728e-06,-2,-6,4,669.4915161132812
13,-0.36585365853658536,5.265249910735292e-06,-2,-6,4,669.4915161132812
14,-0.31707317073170727,3.181536158081144e-06,-2,-6,4,669.4915161132812
15,-0.2682926829268293,4.729338797915261e-06,-2,-6,4,669.4915161132812
16,-0.2195121951219512,2.4602184112154646e-06,-2,-6,4,669.4915161132812
17,-0.1707317073170731,9.485167424827523e-07,-2,-6,4,669.4915161132812
18,-0.12195121951219512,2.386367441431503e-06,-2,-6,4,669.4915161132812
19,-0.07317073170731703,2.916847506639897e-06,-2,-6,4,669.4915161132812
20,-0.024390243902439046,2.1742018361692317e-05,-2,-6,4,669.4915161132812
21,0.024390243902439046,3.4454318665666506e-05,-2,-6,4,669.4915161132812
22,0.07317073170731714,6.5093525336124e-05,-2,-6,4,669.4915161132812
23,0.12195121951219523,0.00016238341049756855,-2,-6,4,669.4915161132812
24,0.17073170731707332,0.0006840422283858061,-2,-6,4,669.4915161132812
25,0.2195121951219512,0.004189527593553066,-2,-6,4,669.4915161132812
26,0.2682926829268293,4.496506880968809e-05,-2,-6,4,669.4915161132812
27,0.3170731707317074,4.427985550137237e-05,-2,-6,4,669.4915161132812
28,0.36585365853658547,2.4690121790627018e-05,-2,-6,4,669.4915161132812
29,0.41463414634146356,1.0421575098007452e-05,-2,-6,4,669.4915161132812
30,0.46341463414634143,8.239663657150231e-06,-2,-6,4,669.4915161132812
31,0.5121951219512195,3.810402995441109e-05,-2,-6,4,669.4915161132812
32,0.5609756097560976,2.1885520254727453e-05,-2,-6,4,669.4915161132812
33,0.6097560975609757,1.8215790987596847e-05,-2,-6,4,669.4915161132812
34,0.6585365853658538,6.348108854581369e-06,-2,-6,4,669.4915161132812
35,0.7073170731707317,2.0060588212800212e-06,-2,-6,4,669.4915161132812
36,0.7560975609756098,1.4181642882249434e-06,-2,-6,4,669.4915161132812
37,0.8048780487804879,4.526418706518598e-06,-2,-6,4,669.4915161132812
38,0.853658536585366,1.5954537957441062e-06,-2,-6,4,669.4915161132812
39,0.902439024390244,3.318308017696836e-06,-2,-6,4,669.4915161132812
40,0.9512195121951219,0.0,-2,-6,4,669.4915161132812
41,1.0,0.0,-2,-6,4,669.4915161132812
0,-1.0,0.0,-2,-4,5,669.4915161132812
1,-0.9512195121951219,0.0,-2,-4,5,669.4915161132812
2,-0.9024390243902439,0.0,-2,-4,5,669.4915161132812
3,-0.8536585365853658,1.2059952496201731e-05,-2,-4,5,669.4915161132812
4,-0.8048780487804879,7.336562703130767e-06,-2,-4,5,669.4915161132812
5,-0.7560975609756098,4.551254278339911e-06,-2,-4,5,669.4915161132812
6,-0.7073170731707317,3.436732868067338e-06,-2,-4,5,669.4915161132812
7,-0.6585365853658536,1.0206582373939455e-05,-2,-4,5,669.4915161132812
8,-0.6097560975609756,5.155178314453224e-06,-2,-4,5,669.4915161132812
9,-0.5609756097560976,2.0071383914910257e-06,-2,-4,5,669.4915161132812
10,-0.5121951219512195,1.5037625416880473e-05,-2,-4,5,669.4915161132812
11,-0.46341463414634143,9.399113878316712e-07,-2,-4,5,669.4915161132812
12,-0.41463414634146334,4.564628852676833e-06,-2,-4,5,669.4915161132812
13,-0.36585365853658536,1.2494549082475714e-05,-2,-4,5,669.4915161132812
14,-0.31707317073170727,3.8738028251827927e-07,-2,-4,5,669.4915161132812
15,-0.2682926829268293,3.8039339415263385e-05,-2,-4,5,669.4915161132812
16,-0.2195121951219512,1.8222664948552847e-05,-2,-4,5,669.4915161132812
17,-0.1707317073170731,5.3019975894130766e-05,-2,-4,5,669.4915161132812
18,-0.12195121951219512,1.6250724002020434e-05,-2,-4,5,669.4915161132812
19,-0.07317073170731703,8.678057201905176e-05,-2,-4,5,669.4915161132812
20,-0.024390243902439046,5.190158844925463e-06,-2,-4,5,669.4915161132812
21,0.024390243902439046,0.00015676171460654587,-2,-4,5,669.4915161132812
22,0.07317073170731714,0.00024302402744069695,-2,-4,5,669.4915161132812
23,0.12195121951219523,0.0016845790669322014,-2,-4,5,669.4915161132812
24,0.17073170731707332,0.00692673260346055,-2,-4,5,669.4915161132812
25,0.2195121951219512,0.001921775285154581,-2,-4,5,669.4915161132812
26,0.2682926829268293,1.960701229108963e-05,-2,-4,5,669.4915161132812
27,0.3170731707317074,0.00012841037823818624,-2,-4,5,669.4915161132812
28,0.36585365853658547,0.0001897784968605265,-2,-4,5,669.4915161132812
29,0.41463414634146356,1.3345603520065197e-06,-2,-4,5,669.4915161132812
30,0.46341463414634143,9.729393059387803e-05,-2,-4,5,669.4915161132812
31,0.5121951219512195,4.200910552754067e-06,-2,-4,5,669.4915161132812
32,0.5609756097560976,1.659711415413767e-05,-2,-4,5,669.4915161132812
33,0.6097560975609757,1.3991264040669193e-06,-2,-4,5,669.4915161132812
34,0.6585365853658538,3.121891859336756e-05,-2,-4,5,669.4915161132812
35,0.7073170731707317,3.1062540983839426e-06,-2,-4,5,669.4915161132812
36,0.7560975609756098,7.375952554866672e-05,-2,-4,5,669.4915161132812
37,0.8048780487804879,3.324010322103277e-05,-2,-4,5,669.4915161132812
38,0.853658536585366,4.11349355999846e-06,-2,-4,5,669.4915161132812
39,0.902439024390244,6.274408974604739e-07,-2,-4,5,669.4915161132812
40,0.9512195121951219,1.0476349416421726e-05,-2,-4,5,669.4915161132812
41,1.0,7.999083209142555e-06,-2,-4,5,669.4915161132812
0,-1.0,0.00026689970400184393,-2,-2,6,669.4915161132812
1,-0.9512195121951219,6.505611236207187e-05,-2,-2,6,669.4915161132812
2,-0.9024390243902439,0.00099177157972008,-2,-2,6,669.4915161132812
3,-0.8536585365853658,0.000348212051903829,-2,-2,6,669.4915161132812
4,-0.8048780487804879,0.0002761614159680903,-2,-2,6,669.4915161132812
5,-0.7560975609756098,0.003029806539416313,-2,-2,6,669.4915161132812
6,-0.7073170731707317,0.0025491889100521803,-2,-2,6,669.4915161132812
7,-0.6585365853658536,0.0025512303691357374,-2,-2,6,669.4915161132812
8,-0.6097560975609756,0.022108161821961403,-2,-2,6,669.4915161132812
9,-0.5609756097560976,0.055408209562301636,-2,-2,6,669.4915161132812
10,-0.5121951219512195,0.0654660165309906,-2,-2,6,669.4915161132812
11,-0.46341463414634143,0.029105665162205696,-2,-2,6,669.4915161132812
12,-0.41463414634146334,0.0020685424096882343,-2,-2,6,669.4915161132812
13,-0.36585365853658536,0.0011552742216736078,-2,-2,6,669.4915161132812
14,-0.31707317073170727,0.0019060390768572688,-2,-2,6,669.4915161132812
15,-0.2682926829268293,0.0002077352983178571,-2,-2,6,669.4915161132812
16,-0.2195121951219512,0.0007251255447044969,-2,-2,6,669.4915161132812
17,-0.1707317073170731,0.0006748495507054031,-2,-2,6,669.4915161132812
18,-0.12195121951219512,4.581921893986873e-05,-2,-2,6,669.4915161132812
19,-0.07317073170731703,0.00011791443102993071,-2,-2,6,669.4915161132812
20,-0.024390243902439046,0.0003190904972143471,-2,-2,6,669.4915161132812
21,0.024390243902439046,6.532285624416545e-05,-2,-2,6,669.4915161132812
22,0.07317073170731714,9.745917486725375e-05,-2,-2,6,669.4915161132812
23,0.12195121951219523,0.0002978024713229388,-2,-2,6,669.4915161132812
24,0.17073170731707332,4.4024011003784835e-05,-2,-2,6,669.4915161132812
25,0.2195121951219512,0.00012737038196064532,-2,-2,6,669.4915161132812
26,0.2682926829268293,0.00012882502051070333,-2,-2,6,669.4915161132812
27,0.3170731707317074,8.628597424831241e-05,-2,-2,6,669.4915161132812
28,0.36585365853658547,0.00011042624100809917,-2,-2,6,669.4915161132812
29,0.41463414634146356,0.0002499556285329163,-2,-2,6,669.4915161132812
30,0.46341463414634143,5.01924951095134e-05,-2,-2,6,669.4915161132812
31,0.5121951219512195,0.00016724521992728114,-2,-2,6,669.4915161132812
32,0.5609756097560976,0.00022027053637430072,-2,-2,6,669.4915161132812
33,0.6097560975609757,5.643778422381729e-05,-2,-2,6,669.4915161132812
34,0.6585365853658538,8.106996392598376e-05,-2,-2,6,669.4915161132812
35,0.7073170731707317,3.6178797017782927e-05,-2,-2,6,669.4915161132812
36,0.7560975609756098,5.949455498921452e-06,-2,-2,6,669.4915161132812
37,0.8048780487804879,5.735625745728612e-05,-2,-2,6,669.4915161132812
38,0.853658536585366,1.3454015970637556e-05,-2,-2,6,669.4915161132812
39,0.902439024390244,3.8299620541693e-07,-2,-2,6,669.4915161132812
40,0.9512195121951219,3.2505990930076223e-06,-2,-2,6,669.4915161132812
41,1.0,5.706183969778067e-07,-2,-2,6,669.4915161132812
0,-1.0,0.0010338200954720378,-2,1,7,669.4915161132812
1,-0.9512195121951219,0.0009665811667218804,-2,1,7,669.4915161132812
2,-0.9024390243902439,0.0005016691866330802,-2,1,7,669.4915161132812
3,-0.8536585365853658,0.0003411632205825299,-2,1,7,669.4915161132812
4,-0.8048780487804879,0.0001972541504073888,-2,1,7,669.4915161132812
5,-0.7560975609756098,0.0001757811551215127,-2,1,7,669.4915161132812
6,-0.7073170731707317,7.240928971441463e-05,-2,1,7,669.4915161132812
7,-0.6585365853658536,0.000236736741499044,-2,1,7,669.4915161132812
8,-0.6097560975609756,0.001155161764472723,-2,1,7,669.4915161132812
9,-0.5609756097560976,0.0009084197808988392,-2,1,7,669.4915161132812
10,-0.5121951219512195,0.0008493558270856738,-2,1,7,669.4915161132812
11,-0.46341463414634143,0.00410006707534194,-2,1,7,669.4915161132812
12,-0.41463414634146334,0.002204176038503647,-2,1,7,669.4915161132812
13,-0.36585365853658536,0.00032934980117715895,-2,1,7,669.4915161132812
14,-0.31707317073170727,0.0015642663929611444,-2,1,7,669.4915161132812
15,-0.2682926829268293,0.0022342537995427847,-2,1,7,669.4915161132812
16,-0.2195121951219512,0.0019732799846678972,-2,1,7,669.4915161132812
17,-0.1707317073170731,0.0019777521956712008,-2,1,7,669.4915161132812
18,-0.12195121951219512,0.0012700585648417473,-2,1,7,669.4915161132812
19,-0.07317073170731703,4.4656830141320825e-05,-2,1,7,669.4915161132812
20,-0.024390243902439046,0.0003782561980187893,-2,1,7,669.4915161132812
21,0.024390243902439046,0.0006568403332494199,-2,1,7,669.4915161132812
22,0.07317073170731714,0.0023454634938389063,-2,1,7,669.4915161132812
23,0.12195121951219523,0.0074975816532969475,-2,1,7,669.4915161132812
24,0.17073170731707332,0.00916444230824709,-2,1,7,669.4915161132812
25,0.2195121951219512,0.0032431462313979864,-2,1,7,669.4915161132812
26,0.2682926829268293,0.004001600202172995,-2,1,7,669.4915161132812
27,0.3170731707317074,0.014695643447339535,-2,1,7,669.4915161132812
28,0.36585365853658547,0.02242836356163025,-2,1,7,669.4915161132812
29,0.41463414634146356,0.033873606473207474,-2,1,7,669.4915161132812
30,0.46341463414634143,0.045777786523103714,-2,1,7,669.4915161132812
31,0.5121951219512195,0.05941023677587509,-2,1,7,669.4915161132812
32,0.5609756097560976,0.06903057545423508,-2,1,7,669.4915161132812
33,0.6097560975609757,0.06640180945396423,-2,1,7,669.4915161132812
34,0.6585365853658538,0.047218743711709976,-2,1,7,669.4915161132812
35,0.7073170731707317,0.026946552097797394,-2,1,7,669.4915161132812
36,0.7560975609756098,0.013402139768004417,-2,1,7,669.4915161132812
37,0.8048780487804879,0.017626889050006866,-2,1,7,669.4915161132812
38,0.853658536585366,0.023873351514339447,-2,1,7,669.4915161132812
39,0.902439024390244,0.024243436753749847,-2,1,7,669.4915161132812
40,0.9512195121951219,0.01519680768251419,-2,1,7,669.4915161132812
41,1.0,0.011515886522829533,-2,1,7,669.4915161132812
0,-1.0,0.0,-2,4,8,669.4915161132812
1,-0.9512195121951219,0.0,-2,4,8,669.4915161132812
2,-0.9024390243902439,0.0,-2,4,8,669.4915161132812
3,-0.8536585365853658,0.0,-2,4,8,669.4915161132812
4,-0.8048780487804879,0.0,-2,4,8,669.4915161132812
5,-0.7560975609756098,0.0,-2,4,8,669.4915161132812
6,-0.7073170731707317,0.0,-2,4,8,669.4915161132812
7,-0.6585365853658536,1.2920083669598625e-08,-2,4,8,669.4915161132812
8,-0.6097560975609756,7.129563073249301e-06,-2,4,8,669.4915161132812
9,-0.5609756097560976,1.3069410670141224e-05,-2,4,8,669.4915161132812
10,-0.5121951219512195,1.0013312021328602e-05,-2,4,8,669.4915161132812
11,-0.46341463414634143,2.072025563393254e-05,-2,4,8,669.4915161132812
12,-0.41463414634146334,1.3012755516683683e-05,-2,4,8,669.4915161132812
13,-0.36585365853658536,6.955835033295443e-06,-2,4,8,669.4915161132812
14,-0.31707317073170727,7.714956495874503e-07,-2,4,8,669.4915161132812
15,-0.2682926829268293,2.3210943254525773e-05,-2,4,8,669.4915161132812
16,-0.2195121951219512,4.023359451821307e-06,-2,4,8,669.4915161132812
17,-0.1707317073170731,1.0922297406068537e-05,-2,4,8,669.4915161132812
18,-0.12195121951219512,3.9316064430749975e-06,-2,4,8,669.4915161132812
19,-0.07317073170731703,3.917934918717947e-06,-2,4,8,669.4915161132812
20,-0.024390243902439046,2.425546654194477e-06,-2,4,8,669.4915161132812
21,0.024390243902439046,1.1160109352204017e-05,-2,4,8,669.4915161132812
22,0.07317073170731714,5.410754965851083e-06,-2,4,8,669.4915161132812
23,0.12195121951219523,2.1192019630689174e-05,-2,4,8,669.4915161132812
24,0.17073170731707332,5.085017983219586e-05,-2,4,8,669.4915161132812
25,0.2195121951219512,4.363048719824292e-05,-2,4,8,669.4915161132812
26,0.2682926829268293,8.53570418257732e-06,-2,4,8,669.4915161132812
27,0.3170731707317074,2.572340235929005e-05,-2,4,8,669.4915161132812
28,0.36585365853658547,0.00013137140194885433,-2,4,8,669.4915161132812
29,0.41463414634146356,6.429476343328133e-05,-2,4,8,669.4915161132812
30,0.46341463414634143,0.0005402943934313953,-2,4,8,669.4915161132812
31,0.5121951219512195,0.0005972282961010933,-2,4,8,669.4915161132812
32,0.5609756097560976,0.0011456935899332166,-2,4,8,669.4915161132812
33,0.6097560975609757,0.0019055145094171166,-2,4,8,669.4915161132812
34,0.6585365853658538,0.0034169284626841545,-2,4,8,669.4915161132812
35,0.7073170731707317,0.005232745315879583,-2,4,8,669.4915161132812
36,0.7560975609756098,0.0030313339084386826,-2,4,8,669.4915161132812
37,0.8048780487804879,0.001370319165289402,-2,4,8,669.4915161132812
38,0.853658536585366,0.00016146365669555962,-2,4,8,669.4915161132812
39,0.902439024390244,0.0001665357267484069,-2,4,8,669.4915161132812
40,0.9512195121951219,1.4002966963744257e-05,-2,4,8,669.4915161132812
41,1.0,1.9490114937070757e-05,-2,4,8,669.4915161132812
0,-1.0,2.599678055048571e-06,-2,5,8,669.4915161132812
1,-0.9512195121951219,4.282759164198069e-06,-2,5,8,669.4915161132812
2,-0.9024390243902439,1.5577785461573512e-06,-2,5,8,669.4915161132812
3,-0.8536585365853658,8.983045631794084e-07,-2,5,8,669.4915161132812
4,-0.8048780487804879,2.6551324481260963e-06,-2,5,8,669.4915161132812
5,-0.7560975609756098,4.397794839405833e-07,-2,5,8,669.4915161132812
6,-0.7073170731707317,1.90855166692927e-06,-2,5,8,669.4915161132812
7,-0.6585365853658536,6.344603207253385e-07,-2,5,8,669.4915161132812
8,-0.6097560975609756,2.3481597111185692e-07,-2,5,8,669.4915161132812
9,-0.5609756097560976,9.191581966661033e-07,-2,5,8,669.4915161132812
10,-0.5121951219512195,1.0042316716862842e-05,-2,5,8,669.4915161132812
11,-0.46341463414634143,5.024699930800125e-06,-2,5,8,669.4915161132812
12,-0.41463414634146334,1.8812555936165154e-05,-2,5,8,669.4915161132812
13,-0.36585365853658536,2.225913476650021e-06,-2,5,8,669.4915161132812
14,-0.31707317073170727,5.4479878599522635e-05,-2,5,8,669.4915161132812
15,-0.2682926829268293,1.156231519416906e-05,-2,5,8,669.4915161132812
16,-0.2195121951219512,0.0007910573040135205,-2,5,8,669.4915161132812
17,-0.1707317073170731,0.0012891374062746763,-2,5,8,669.4915161132812
18,-0.12195121951219512,0.0003835624665953219,-2,5,8,669.4915161132812
19,-0.07317073170731703,3.2646206818753853e-05,-2,5,8,669.4915161132812
20,-0.024390243902439046,2.9433935196720995e-05,-2,5,8,669.4915161132812
21,0.024390243902439046,2.3538272216683254e-05,-2,5,8,669.4915161132812
22,0.07317073170731714,9.82361780188512e-06,-2,5,8,669.4915161132812
23,0.12195121951219523,1.215013526234543e-06,-2,5,8,669.4915161132812
24,0.17073170731707332,1.3700661838811357e-05,-2,5,8,669.4915161132812
25,0.2195121951219512,1.5156460904108826e-05,-2,5,8,669.4915161132812
26,0.2682926829268293,8.662908840051387e-06,-2,5,8,669.4915161132812
27,0.3170731707317074,5.3459484661289025e-06,-2,5,8,669.4915161132812
28,0.36585365853658547,9.08875279037602e-07,-2,5,8,669.4915161132812
29,0.41463414634146356,2.5172101913994993e-07,-2,5,8,669.4915161132812
30,0.46341463414634143,4.783202712133061e-06,-2,5,8,669.4915161132812
31,0.5121951219512195,2.328488335479051e-06,-2,5,8,669.4915161132812
32,0.5609756097560976,3.5694590678758686e-06,-2,5,8,669.4915161132812
33,0.6097560975609757,1.1692080761349644e-06,-2,5,8,669.4915161132812
34,0.6585365853658538,2.5256488243030617e-06,-2,5,8,669.4915161132812
35,0.7073170731707317,2.008411229326157e-06,-2,5,8,669.4915161132812
36,0.7560975609756098,1.1799402273027226e-06,-2,5,8,669.4915161132812
37,0.8048780487804879,4.864555762651435e-07,-2,5,8,669.4915161132812
38,0.853658536585366,4.735479564033085e-08,-2,5,8,669.4915161132812
39,0.902439024390244,0.0,-2,5,8,669.4915161132812
40,0.9512195121951219,0.0,-2,5,8,669.4915161132812
41,1.0,0.0,-2,5,8,669.4915161132812
0,-1.0,1.0941297659883276e-05,-2,6,8,669.4915161132812
1,-0.9512195121951219,1.706990587990731e-05,-2,6,8,669.4915161132812
2,-0.9024390243902439,5.9647263697115704e-06,-2,6,8,669.4915161132812
3,-0.8536585365853658,2.831612619047519e-06,-2,6,8,669.4915161132812
4,-0.8048780487804879,0.00015833944780752063,-2,6,8,669.4915161132812
5,-0.7560975609756098,0.00010643897985573858,-2,6,8,669.4915161132812
6,-0.7073170731707317,0.00017934221250470728,-2,6,8,669.4915161132812
7,-0.6585365853658536,6.105865759309381e-05,-2,6,8,669.4915161132812
8,-0.6097560975609756,0.00016707202303223312,-2,6,8,669.4915161132812
9,-0.5609756097560976,3.3182252082042396e-05,-2,6,8,669.4915161132812
10,-0.5121951219512195,3.386572643648833e-06,-2,6,8,669.4915161132812
11,-0.46341463414634143,6.024826870998368e-05,-2,6,8,669.4915161132812
12,-0.41463414634146334,7.643699973414186e-06,-2,6,8,669.4915161132812
13,-0.36585365853658536,1.0877225804506452e-06,-2,6,8,669.4915161132812
14,-0.31707317073170727,3.489921709842747e-06,-2,6,8,669.4915161132812
15,-0.2682926829268293,6.407456567103509e-06,-2,6,8,669.4915161132812
16,-0.2195121951219512,1.9923754734918475e-06,-2,6,8,669.4915161132812
17,-0.1707317073170731,6.774398002562521e-07,-2,6,8,669.4915161132812
18,-0.12195121951219512,3.4965373743034434e-06,-2,6,8,669.4915161132812
19,-0.07317073170731703,7.577043561468599e-07,-2,6,8,669.4915161132812
20,-0.024390243902439046,1.0848928013729164e-06,-2,6,8,669.4915161132812
21,0.024390243902439046,5.065684263172443e-07,-2,6,8,669.4915161132812
22,0.07317073170731714,1.3735644870394026e-06,-2,6,8,669.4915161132812
23,0.12195121951219523,1.5783722346895956e-06,-2,6,8,669.4915161132812
24,0.17073170731707332,1.994660578930052e-06,-2,6,8,669.4915161132812
25,0.2195121951219512,0.0,-2,6,8,669.4915161132812
26,0.2682926829268293,0.0,-2,6,8,669.4915161132812
27,0.3170731707317074,0.0,-2,6,8,669.4915161132812
28,0.36585365853658547,0.0,-2,6,8,669.4915161132812
29,0.41463414634146356,0.0,-2,6,8,669.4915161132812
30,0.46341463414634143,0.0,-2,6,8,669.4915161132812
31,0.5121951219512195,0.0,-2,6,8,669.4915161132812
32,0.5609756097560976,0.0,-2,6,8,669.4915161132812
33,0.6097560975609757,0.0,-2,6,8,669.4915161132812
34,0.6585365853658538,0.0,-2,6,8,669.4915161132812
35,0.7073170731707317,0.0,-2,6,8,669.4915161132812
36,0.7560975609756098,0.0,-2,6,8,669.4915161132812
37,0.8048780487804879,0.0,-2,6,8,669.4915161132812
38,0.853658536585366,0.0,-2,6,8,669.4915161132812
39,0.902439024390244,0.0,-2,6,8,669.4915161132812
40,0.9512195121951219,0.0,-2,6,8,669.4915161132812
41,1.0,0.0,-2,6,8,669.4915161132812
0,-1.0,0.0,-1,-9,-1,669.4915161132812
1,-0.9512195121951219,0.0,-1,-9,-1,669.4915161132812
2,-0.9024390243902439,0.0,-1,-9,-1,669.4915161132812
3,-0.8536585365853658,0.0,-1,-9,-1,669.4915161132812
4,-0.8048780487804879,0.0,-1,-9,-1,669.4915161132812
5,-0.7560975609756098,0.0,-1,-9,-1,669.4915161132812
6,-0.7073170731707317,0.0,-1,-9,-1,669.4915161132812
7,-0.6585365853658536,0.0,-1,-9,-1,669.4915161132812
8,-0.6097560975609756,0.0,-1,-9,-1,669.4915161132812
9,-0.5609756097560976,0.0,-1,-9,-1,669.4915161132812
10,-0.5121951219512195,0.0,-1,-9,-1,669.4915161132812
11,-0.46341463414634143,0.0,-1,-9,-1,669.4915161132812
12,-0.41463414634146334,0.0,-1,-9,-1,669.4915161132812
13,-0.36585365853658536,0.0,-1,-9,-1,669.4915161132812
14,-0.31707317073170727,8.92377897798724e-07,-1,-9,-1,669.4915161132812
15,-0.2682926829268293,4.35198762716027e-06,-1,-9,-1,669.4915161132812
16,-0.2195121951219512,9.221101890943828e-07,-1,-9,-1,669.4915161132812
17,-0.1707317073170731,5.632542752209702e-07,-1,-9,-1,669.4915161132812
18,-0.12195121951219512,8.989937327896769e-07,-1,-9,-1,669.4915161132812
19,-0.07317073170731703,2.2528734007210005e-06,-1,-9,-1,669.4915161132812
20,-0.024390243902439046,2.3062893887981772e-06,-1,-9,-1,669.4915161132812
21,0.024390243902439046,1.54758993176074e-06,-1,-9,-1,669.4915161132812
22,0.07317073170731714,1.5666444141970715e-06,-1,-9,-1,669.4915161132812
23,0.12195121951219523,1.2173350114608184e-05,-1,-9,-1,669.4915161132812
24,0.17073170731707332,0.0006683319807052612,-1,-9,-1,669.4915161132812
25,0.2195121951219512,5.083054202259518e-05,-1,-9,-1,669.4915161132812
26,0.2682926829268293,7.131453003239585e-06,-1,-9,-1,669.4915161132812
27,0.3170731707317074,8.97346490091877e-06,-1,-9,-1,669.4915161132812
28,0.36585365853658547,1.0027480357166496e-06,-1,-9,-1,669.4915161132812
29,0.41463414634146356,5.642739324684953e-07,-1,-9,-1,669.4915161132812
30,0.46341463414634143,1.0053887535832473e-06,-1,-9,-1,669.4915161132812
31,0.5121951219512195,5.672018943414514e-08,-1,-9,-1,669.4915161132812
32,0.5609756097560976,6.504598673018336e-07,-1,-9,-1,669.4915161132812
33,0.6097560975609757,2.347495637877728e-06,-1,-9,-1,669.4915161132812
34,0.6585365853658538,3.4193205920018954e-06,-1,-9,-1,669.4915161132812
35,0.7073170731707317,0.0,-1,-9,-1,669.4915161132812
36,0.7560975609756098,0.0,-1,-9,-1,669.4915161132812
37,0.8048780487804879,0.0,-1,-9,-1,669.4915161132812
38,0.853658536585366,0.0,-1,-9,-1,669.4915161132812
39,0.902439024390244,0.0,-1,-9,-1,669.4915161132812
40,0.9512195121951219,0.0,-1,-9,-1,669.4915161132812
41,1.0,0.0,-1,-9,-1,669.4915161132812
0,-1.0,0.0,-1,-8,0,669.4915161132812
1,-0.9512195121951219,1.7805652987590292e-06,-1,-8,0,669.4915161132812
2,-0.9024390243902439,4.2116503209399525e-06,-1,-8,0,669.4915161132812
3,-0.8536585365853658,8.105856750262319e-07,-1,-8,0,669.4915161132812
4,-0.8048780487804879,4.331569925852818e-06,-1,-8,0,669.4915161132812
5,-0.7560975609756098,7.704946256126277e-06,-1,-8,0,669.4915161132812
6,-0.7073170731707317,8.876266832658075e-08,-1,-8,0,669.4915161132812
7,-0.6585365853658536,4.246513071848312e-06,-1,-8,0,669.4915161132812
8,-0.6097560975609756,1.2133400559832808e-05,-1,-8,0,669.4915161132812
9,-0.5609756097560976,1.1903044878636138e-06,-1,-8,0,669.4915161132812
10,-0.5121951219512195,2.315366691618692e-05,-1,-8,0,669.4915161132812
11,-0.46341463414634143,9.051306551555172e-05,-1,-8,0,669.4915161132812
12,-0.41463414634146334,0.005054692272096872,-1,-8,0,669.4915161132812
13,-0.36585365853658536,8.002614777069539e-05,-1,-8,0,669.4915161132812
14,-0.31707317073170727,4.402759441290982e-05,-1,-8,0,669.4915161132812
15,-0.2682926829268293,2.9548844395321794e-05,-1,-8,0,669.4915161132812
16,-0.2195121951219512,0.00011844570690300316,-1,-8,0,669.4915161132812
17,-0.1707317073170731,5.727612369810231e-05,-1,-8,0,669.4915161132812
18,-0.12195121951219512,8.014705599634908e-06,-1,-8,0,669.4915161132812
19,-0.07317073170731703,6.173116844365722e-07,-1,-8,0,669.4915161132812
20,-0.024390243902439046,4.2303154259570874e-06,-1,-8,0,669.4915161132812
21,0.024390243902439046,3.005784776632936e-07,-1,-8,0,669.4915161132812
22,0.07317073170731714,1.7549758979384933e-07,-1,-8,0,669.4915161132812
23,0.12195121951219523,1.3330715091797174e-06,-1,-8,0,669.4915161132812
24,0.17073170731707332,1.6122927490869188e-06,-1,-8,0,669.4915161132812
25,0.2195121951219512,0.0,-1,-8,0,669.4915161132812
26,0.2682926829268293,0.0,-1,-8,0,669.4915161132812
27,0.3170731707317074,0.0,-1,-8,0,669.4915161132812
28,0.36585365853658547,0.0,-1,-8,0,669.4915161132812
29,0.41463414634146356,0.0,-1,-8,0,669.4915161132812
30,0.46341463414634143,0.0,-1,-8,0,669.4915161132812
31,0.5121951219512195,0.0,-1,-8,0,669.4915161132812
32,0.5609756097560976,0.0,-1,-8,0,669.4915161132812
33,0.6097560975609757,0.0,-1,-8,0,669.4915161132812
34,0.6585365853658538,0.0,-1,-8,0,669.4915161132812
35,0.7073170731707317,0.0,-1,-8,0,669.4915161132812
36,0.7560975609756098,0.0,-1,-8,0,669.4915161132812
37,0.8048780487804879,0.0,-1,-8,0,669.4915161132812
38,0.853658536585366,0.0,-1,-8,0,669.4915161132812
39,0.902439024390244,0.0,-1,-8,0,669.4915161132812
40,0.9512195121951219,0.0,-1,-8,0,669.4915161132812
41,1.0,0.0,-1,-8,0,669.4915161132812
0,-1.0,0.0,-1,-7,0,669.4915161132812
1,-0.9512195121951219,0.0,-1,-7,0,669.4915161132812
2,-0.9024390243902439,0.0,-1,-7,0,669.4915161132812
3,-0.8536585365853658,0.0,-1,-7,0,669.4915161132812
4,-0.8048780487804879,0.0,-1,-7,0,669.4915161132812
5,-0.7560975609756098,0.0,-1,-7,0,669.4915161132812
6,-0.7073170731707317,0.0,-1,-7,0,669.4915161132812
7,-0.6585365853658536,0.0,-1,-7,0,669.4915161132812
8,-0.6097560975609756,0.0,-1,-7,0,669.4915161132812
9,-0.5609756097560976,0.0,-1,-7,0,669.4915161132812
10,-0.5121951219512195,0.0,-1,-7,0,669.4915161132812
11,-0.46341463414634143,0.0,-1,-7,0,669.4915161132812
12,-0.41463414634146334,0.0,-1,-7,0,669.4915161132812
13,-0.36585365853658536,0.0,-1,-7,0,669.4915161132812
14,-0.31707317073170727,0.0,-1,-7,0,669.4915161132812
15,-0.2682926829268293,0.0,-1,-7,0,669.4915161132812
16,-0.2195121951219512,0.0,-1,-7,0,669.4915161132812
17,-0.1707317073170731,0.0,-1,-7,0,669.4915161132812
18,-0.12195121951219512,1.4697436654387275e-06,-1,-7,0,669.4915161132812
19,-0.07317073170731703,9.826178029470611e-06,-1,-7,0,669.4915161132812
20,-0.024390243902439046,2.3120530840969877e-06,-1,-7,0,669.4915161132812
21,0.024390243902439046,2.90751790998911e-06,-1,-7,0,669.4915161132812
22,0.07317073170731714,2.851636736522778e-06,-1,-7,0,669.4915161132812
23,0.12195121951219523,1.4877717148920055e-05,-1,-7,0,669.4915161132812
24,0.17073170731707332,9.648859304434154e-06,-1,-7,0,669.4915161132812
25,0.2195121951219512,2.621797102619894e-05,-1,-7,0,669.4915161132812
26,0.2682926829268293,9.914947440847754e-06,-1,-7,0,669.4915161132812
27,0.3170731707317074,2.788224037431064e-06,-1,-7,0,669.4915161132812
28,0.36585365853658547,2.0208290152368136e-05,-1,-7,0,669.4915161132812
29,0.41463414634146356,8.272018021671101e-05,-1,-7,0,669.4915161132812
30,0.46341463414634143,0.0011484039714559913,-1,-7,0,669.4915161132812
31,0.5121951219512195,0.006079849321395159,-1,-7,0,669.4915161132812
32,0.5609756097560976,0.0002801378723233938,-1,-7,0,669.4915161132812
33,0.6097560975609757,5.695418076356873e-05,-1,-7,0,669.4915161132812
34,0.6585365853658538,9.861919534159824e-05,-1,-7,0,669.4915161132812
35,0.7073170731707317,2.595289879536722e-05,-1,-7,0,669.4915161132812
36,0.7560975609756098,6.507826128654415e-06,-1,-7,0,669.4915161132812
37,0.8048780487804879,1.949335819517728e-05,-1,-7,0,669.4915161132812
38,0.853658536585366,2.9564341730292654e-06,-1,-7,0,669.4915161132812
39,0.902439024390244,7.827605941201909e-07,-1,-7,0,669.4915161132812
40,0.9512195121951219,1.1289441204098694e-07,-1,-7,0,669.4915161132812
41,1.0,3.0641479042969877e-07,-1,-7,0,669.4915161132812
0,-1.0,2.528771574361599e-06,-1,-6,1,669.4915161132812
1,-0.9512195121951219,7.786395599396201e-07,-1,-6,1,669.4915161132812
2,-0.9024390243902439,5.524204880202888e-06,-1,-6,1,669.4915161132812
3,-0.8536585365853658,9.483277608524077e-06,-1,-6,1,669.4915161132812
4,-0.8048780487804879,3.4792650694726035e-05,-1,-6,1,669.4915161132812
5,-0.7560975609756098,2.0003908502985723e-05,-1,-6,1,669.4915161132812
6,-0.7073170731707317,7.225872195704142e-06,-1,-6,1,669.4915161132812
7,-0.6585365853658536,4.119021468795836e-06,-1,-6,1,669.4915161132812
8,-0.6097560975609756,2.2999870452622417e-06,-1,-6,1,669.4915161132812
9,-0.5609756097560976,4.660665217670612e-05,-1,-6,1,669.4915161132812
10,-0.5121951219512195,5.1818260544678196e-05,-1,-6,1,669.4915161132812
11,-0.46341463414634143,1.2398379112710245e-05,-1,-6,1,669.4915161132812
12,-0.41463414634146334,0.0001181177722173743,-1,-6,1,669.4915161132812
13,-0.36585365853658536,0.004733526613563299,-1,-6,1,669.4915161132812
14,-0.31707317073170727,0.00042338628554716706,-1,-6,1,669.4915161132812
15,-0.2682926829268293,0.0004295970720704645,-1,-6,1,669.4915161132812
16,-0.2195121951219512,0.00015400166739709675,-1,-6,1,669.4915161132812
17,-0.1707317073170731,9.475033948547207e-06,-1,-6,1,669.4915161132812
18,-0.12195121951219512,2.1053512000435148e-07,-1,-6,1,669.4915161132812
19,-0.07317073170731703,5.674518433806952e-06,-1,-6,1,669.4915161132812
20,-0.024390243902439046,2.0107701857341453e-05,-1,-6,1,669.4915161132812
21,0.024390243902439046,3.870893124258146e-05,-1,-6,1,669.4915161132812
22,0.07317073170731714,2.7020845664083026e-05,-1,-6,1,669.4915161132812
23,0.12195121951219523,3.110471516265534e-05,-1,-6,1,669.4915161132812
24,0.17073170731707332,2.7108658287033904e-06,-1,-6,1,669.4915161132812
25,0.2195121951219512,6.187879080243874e-07,-1,-6,1,669.4915161132812
26,0.2682926829268293,1.3437211237032898e-06,-1,-6,1,669.4915161132812
27,0.3170731707317074,1.0677723594199051e-06,-1,-6,1,669.4915161132812
28,0.36585365853658547,2.872866389225237e-06,-1,-6,1,669.4915161132812
29,0.41463414634146356,4.611176507296477e-07,-1,-6,1,669.4915161132812
30,0.46341463414634143,0.0,-1,-6,1,669.4915161132812
31,0.5121951219512195,0.0,-1,-6,1,669.4915161132812
32,0.5609756097560976,0.0,-1,-6,1,669.4915161132812
33,0.6097560975609757,0.0,-1,-6,1,669.4915161132812
34,0.6585365853658538,0.0,-1,-6,1,669.4915161132812
35,0.7073170731707317,0.0,-1,-6,1,669.4915161132812
36,0.7560975609756098,0.0,-1,-6,1,669.4915161132812
37,0.8048780487804879,0.0,-1,-6,1,669.4915161132812
38,0.853658536585366,0.0,-1,-6,1,669.4915161132812
39,0.902439024390244,0.0,-1,-6,1,669.4915161132812
40,0.9512195121951219,0.0,-1,-6,1,669.4915161132812
41,1.0,0.0,-1,-6,1,669.4915161132812
0,-1.0,0.0,-1,-5,1,669.4915161132812
1,-0.9512195121951219,0.0,-1,-5,1,669.4915161132812
2,-0.9024390243902439,0.0,-1,-5,1,669.4915161132812
3,-0.8536585365853658,0.0,-1,-5,1,669.4915161132812
4,-0.8048780487804879,0.0,-1,-5,1,669.4915161132812
5,-0.7560975609756098,0.0,-1,-5,1,669.4915161132812
6,-0.7073170731707317,0.0,-1,-5,1,669.4915161132812
7,-0.6585365853658536,0.0,-1,-5,1,669.4915161132812
8,-0.6097560975609756,0.0,-1,-5,1,669.4915161132812
9,-0.5609756097560976,0.0,-1,-5,1,669.4915161132812
10,-0.5121951219512195,0.0,-1,-5,1,669.4915161132812
11,-0.46341463414634143,0.0,-1,-5,1,669.4915161132812
12,-0.41463414634146334,0.0,-1,-5,1,669.4915161132812
13,-0.36585365853658536,0.0,-1,-5,1,669.4915161132812
14,-0.31707317073170727,0.0,-1,-5,1,669.4915161132812
15,-0.2682926829268293,0.0,-1,-5,1,669.4915161132812
16,-0.2195121951219512,0.0,-1,-5,1,669.4915161132812
17,-0.1707317073170731,0.0,-1,-5,1,669.4915161132812
18,-0.12195121951219512,0.0,-1,-5,1,669.4915161132812
19,-0.07317073170731703,1.483722917328123e-05,-1,-5,1,669.4915161132812
20,-0.024390243902439046,5.669891379511682e-06,-1,-5,1,669.4915161132812
21,0.024390243902439046,6.3136569224298e-05,-1,-5,1,669.4915161132812
22,0.07317073170731714,7.630694744875655e-05,-1,-5,1,669.4915161132812
23,0.12195121951219523,1.1647867722786032e-05,-1,-5,1,669.4915161132812
24,0.17073170731707332,2.060936822090298e-05,-1,-5,1,669.4915161132812
25,0.2195121951219512,9.597238386049867e-05,-1,-5,1,669.4915161132812
26,0.2682926829268293,1.7699017917038873e-05,-1,-5,1,669.4915161132812
27,0.3170731707317074,1.8753407857730053e-05,-1,-5,1,669.4915161132812
28,0.36585365853658547,0.000199901798623614,-1,-5,1,669.4915161132812
29,0.41463414634146356,9.868870256468654e-05,-1,-5,1,669.4915161132812
30,0.46341463414634143,7.095067121554166e-05,-1,-5,1,669.4915161132812
31,0.5121951219512195,1.5720443116151728e-05,-1,-5,1,669.4915161132812
32,0.5609756097560976,0.0008845013799145818,-1,-5,1,669.4915161132812
33,0.6097560975609757,0.0007158451480790973,-1,-5,1,669.4915161132812
34,0.6585365853658538,0.00016482268983963877,-1,-5,1,669.4915161132812
35,0.7073170731707317,0.0031106865499168634,-1,-5,1,669.4915161132812
36,0.7560975609756098,0.02583524025976658,-1,-5,1,669.4915161132812
37,0.8048780487804879,0.06892567873001099,-1,-5,1,669.4915161132812
38,0.853658536585366,0.0009981964249163866,-1,-5,1,669.4915161132812
39,0.902439024390244,0.0036703653167933226,-1,-5,1,669.4915161132812
40,0.9512195121951219,0.0007712612277828157,-1,-5,1,669.4915161132812
41,1.0,1.1478809028631076e-05,-1,-5,1,669.4915161132812
0,-1.0,1.8934981198981404e-05,-1,-4,2,669.4915161132812
1,-0.9512195121951219,6.0612481320276856e-05,-1,-4,2,669.4915161132812
2,-0.9024390243902439,6.63272658130154e-05,-1,-4,2,669.4915161132812
3,-0.8536585365853658,3.388941695448011e-05,-1,-4,2,669.4915161132812
4,-0.8048780487804879,0.0015305618289858103,-1,-4,2,669.4915161132812
5,-0.7560975609756098,0.0005132263759151101,-1,-4,2,669.4915161132812
6,-0.7073170731707317,0.00027154310373589396,-1,-4,2,669.4915161132812
7,-0.6585365853658536,0.003759138286113739,-1,-4,2,669.4915161132812
8,-0.6097560975609756,0.01906294748187065,-1,-4,2,669.4915161132812
9,-0.5609756097560976,0.0110090970993042,-1,-4,2,669.4915161132812
10,-0.5121951219512195,0.0014636224368587136,-1,-4,2,669.4915161132812
11,-0.46341463414634143,0.000505558680742979,-1,-4,2,669.4915161132812
12,-0.41463414634146334,0.00014628187636844814,-1,-4,2,669.4915161132812
13,-0.36585365853658536,0.00013436313020065427,-1,-4,2,669.4915161132812
14,-0.31707317073170727,9.105187200475484e-05,-1,-4,2,669.4915161132812
15,-0.2682926829268293,3.9258229662664235e-05,-1,-4,2,669.4915161132812
16,-0.2195121951219512,0.00014746995293535292,-1,-4,2,669.4915161132812
17,-0.1707317073170731,0.00019959313794970512,-1,-4,2,669.4915161132812
18,-0.12195121951219512,0.00023656045959796757,-1,-4,2,669.4915161132812
19,-0.07317073170731703,0.0001330700033577159,-1,-4,2,669.4915161132812
20,-0.024390243902439046,0.000149691550177522,-1,-4,2,669.4915161132812
21,0.024390243902439046,2.274324288009666e-05,-1,-4,2,669.4915161132812
22,0.07317073170731714,2.7744834369514138e-05,-1,-4,2,669.4915161132812
23,0.12195121951219523,1.1241502761549782e-05,-1,-4,2,669.4915161132812
24,0.17073170731707332,3.5301532079756726e-06,-1,-4,2,669.4915161132812
25,0.2195121951219512,1.6804589904495515e-05,-1,-4,2,669.4915161132812
26,0.2682926829268293,2.3980983314686455e-06,-1,-4,2,669.4915161132812
27,0.3170731707317074,2.138335185009055e-05,-1,-4,2,669.4915161132812
28,0.36585365853658547,5.6834805945982225e-06,-1,-4,2,669.4915161132812
29,0.41463414634146356,5.973826091576484e-07,-1,-4,2,669.4915161132812
30,0.46341463414634143,1.683817754383199e-05,-1,-4,2,669.4915161132812
31,0.5121951219512195,1.8201293642050587e-05,-1,-4,2,669.4915161132812
32,0.5609756097560976,0.0,-1,-4,2,669.4915161132812
33,0.6097560975609757,0.0,-1,-4,2,669.4915161132812
34,0.6585365853658538,0.0,-1,-4,2,669.4915161132812
35,0.7073170731707317,0.0,-1,-4,2,669.4915161132812
36,0.7560975609756098,0.0,-1,-4,2,669.4915161132812
37,0.8048780487804879,0.0,-1,-4,2,669.4915161132812
38,0.853658536585366,0.0,-1,-4,2,669.4915161132812
39,0.902439024390244,0.0,-1,-4,2,669.4915161132812
40,0.9512195121951219,0.0,-1,-4,2,669.4915161132812
41,1.0,0.0,-1,-4,2,669.4915161132812
0,-1.0,0.0,-1,-3,2,669.4915161132812
1,-0.9512195121951219,0.0,-1,-3,2,669.4915161132812
2,-0.9024390243902439,0.0,-1,-3,2,669.4915161132812
3,-0.8536585365853658,0.0,-1,-3,2,669.4915161132812
4,-0.8048780487804879,0.0,-1,-3,2,669.4915161132812
5,-0.7560975609756098,0.0,-1,-3,2,669.4915161132812
6,-0.7073170731707317,0.0,-1,-3,2,669.4915161132812
7,-0.6585365853658536,0.0,-1,-3,2,669.4915161132812
8,-0.6097560975609756,0.0,-1,-3,2,669.4915161132812
9,-0.5609756097560976,0.0,-1,-3,2,669.4915161132812
10,-0.5121951219512195,0.0,-1,-3,2,669.4915161132812
11,-0.46341463414634143,3.85036546504125e-05,-1,-3,2,669.4915161132812
12,-0.41463414634146334,5.794851676910184e-05,-1,-3,2,669.4915161132812
13,-0.36585365853658536,9.543711348669603e-05,-1,-3,2,669.4915161132812
14,-0.31707317073170727,1.6541154764126986e-05,-1,-3,2,669.4915161132812
15,-0.2682926829268293,6.953484989935532e-05,-1,-3,2,669.4915161132812
16,-0.2195121951219512,1.3380456039158162e-05,-1,-3,2,669.4915161132812
17,-0.1707317073170731,0.00018752689356915653,-1,-3,2,669.4915161132812
18,-0.12195121951219512,8.284561772597954e-06,-1,-3,2,669.4915161132812
19,-0.07317073170731703,9.7143609309569e-05,-1,-3,2,669.4915161132812
20,-0.024390243902439046,5.5450665968237445e-05,-1,-3,2,669.4915161132812
21,0.024390243902439046,0.00010447148088132963,-1,-3,2,669.4915161132812
22,0.07317073170731714,0.00019672338385134935,-1,-3,2,669.4915161132812
23,0.12195121951219523,4.082962550455704e-05,-1,-3,2,669.4915161132812
24,0.17073170731707332,0.00022611139866057783,-1,-3,2,669.4915161132812
25,0.2195121951219512,2.7038922780775465e-06,-1,-3,2,669.4915161132812
26,0.2682926829268293,0.0001152422119048424,-1,-3,2,669.4915161132812
27,0.3170731707317074,1.879125375126023e-05,-1,-3,2,669.4915161132812
28,0.36585365853658547,0.00036753335734829307,-1,-3,2,669.4915161132812
29,0.41463414634146356,0.00020050298189744353,-1,-3,2,669.4915161132812
30,0.46341463414634143,0.0003292426117695868,-1,-3,2,669.4915161132812
31,0.5121951219512195,0.0006455700495280325,-1,-3,2,669.4915161132812
32,0.5609756097560976,9.226682595908642e-05,-1,-3,2,669.4915161132812
33,0.6097560975609757,0.0007243750733323395,-1,-3,2,669.4915161132812
34,0.6585365853658538,9.361288539366797e-05,-1,-3,2,669.4915161132812
35,0.7073170731707317,0.00228669960051775,-1,-3,2,669.4915161132812
36,0.7560975609756098,7.874800940044224e-05,-1,-3,2,669.4915161132812
37,0.8048780487804879,0.0051846252754330635,-1,-3,2,669.4915161132812
38,0.853658536585366,0.0029719737358391285,-1,-3,2,669.4915161132812
39,0.902439024390244,0.013708136975765228,-1,-3,2,669.4915161132812
40,0.9512195121951219,0.0902162492275238,-1,-3,2,669.4915161132812
41,1.0,0.08589200675487518,-1,-3,2,669.4915161132812
0,-1.0,0.0003959456516895443,-1,-1,3,669.4915161132812
1,-0.9512195121951219,0.0004127066640648991,-1,-1,3,669.4915161132812
2,-0.9024390243902439,0.0004714562091976404,-1,-1,3,669.4915161132812
3,-0.8536585365853658,0.00012212604633532465,-1,-1,3,669.4915161132812
4,-0.8048780487804879,0.0004757086280733347,-1,-1,3,669.4915161132812
5,-0.7560975609756098,0.0010992538882419467,-1,-1,3,669.4915161132812
6,-0.7073170731707317,0.0007540840306319296,-1,-1,3,669.4915161132812
7,-0.6585365853658536,0.0008141381549648941,-1,-1,3,669.4915161132812
8,-0.6097560975609756,0.0005220916355028749,-1,-1,3,669.4915161132812
9,-0.5609756097560976,0.00013921871141064912,-1,-1,3,669.4915161132812
10,-0.5121951219512195,0.001061108778230846,-1,-1,3,669.4915161132812
11,-0.46341463414634143,0.0015410144114866853,-1,-1,3,669.4915161132812
12,-0.41463414634146334,0.0003470383817330003,-1,-1,3,669.4915161132812
13,-0.36585365853658536,0.0010237673996016383,-1,-1,3,669.4915161132812
14,-0.31707317073170727,0.000651758979074657,-1,-1,3,669.4915161132812
15,-0.2682926829268293,5.78840117668733e-05,-1,-1,3,669.4915161132812
16,-0.2195121951219512,0.0011422043899074197,-1,-1,3,669.4915161132812
17,-0.1707317073170731,0.0011339582270011306,-1,-1,3,669.4915161132812
18,-0.12195121951219512,0.002912845928221941,-1,-1,3,669.4915161132812
19,-0.07317073170731703,0.0049179960042238235,-1,-1,3,669.4915161132812
20,-0.024390243902439046,0.0023482337128371,-1,-1,3,669.4915161132812
21,0.024390243902439046,0.000749418162740767,-1,-1,3,669.4915161132812
22,0.07317073170731714,0.0021412919741123915,-1,-1,3,669.4915161132812
23,0.12195121951219523,0.004132057540118694,-1,-1,3,669.4915161132812
24,0.17073170731707332,0.00661184499040246,-1,-1,3,669.4915161132812
25,0.2195121951219512,0.0017657186836004257,-1,-1,3,669.4915161132812
26,0.2682926829268293,0.003140282118692994,-1,-1,3,669.4915161132812
27,0.3170731707317074,0.0005649911472573876,-1,-1,3,669.4915161132812
28,0.36585365853658547,0.005344374570995569,-1,-1,3,669.4915161132812
29,0.41463414634146356,0.022649899125099182,-1,-1,3,669.4915161132812
30,0.46341463414634143,0.041410546749830246,-1,-1,3,669.4915161132812
31,0.5121951219512195,0.07137151807546616,-1,-1,3,669.4915161132812
32,0.5609756097560976,0.0961475521326065,-1,-1,3,669.4915161132812
33,0.6097560975609757,0.10612092167139053,-1,-1,3,669.4915161132812
34,0.6585365853658538,0.09484215080738068,-1,-1,3,669.4915161132812
35,0.7073170731707317,0.07608453929424286,-1,-1,3,669.4915161132812
36,0.7560975609756098,0.0444379560649395,-1,-1,3,669.4915161132812
37,0.8048780487804879,0.013568841852247715,-1,-1,3,669.4915161132812
38,0.853658536585366,0.0008875867933966219,-1,-1,3,669.4915161132812
39,0.902439024390244,0.0005826372653245926,-1,-1,3,669.4915161132812
40,0.9512195121951219,0.006509372498840094,-1,-1,3,669.4915161132812
41,1.0,0.008459744974970818,-1,-1,3,669.4915161132812
0,-1.0,0.004867875017225742,-1,2,4,669.4915161132812
1,-0.9512195121951219,0.001256170915439725,-1,2,4,669.4915161132812
2,-0.9024390243902439,0.0009746482828631997,-1,2,4,669.4915161132812
3,-0.8536585365853658,0.0076212892308831215,-1,2,4,669.4915161132812
4,-0.8048780487804879,0.009279826655983925,-1,2,4,669.4915161132812
5,-0.7560975609756098,0.00808014813810587,-1,2,4,669.4915161132812
6,-0.7073170731707317,0.0007539413054473698,-1,2,4,669.4915161132812
7,-0.6585365853658536,0.02272721379995346,-1,2,4,669.4915161132812
8,-0.6097560975609756,0.08799679577350616,-1,2,4,669.4915161132812
9,-0.5609756097560976,0.16565833985805511,-1,2,4,669.4915161132812
10,-0.5121951219512195,0.2014889121055603,-1,2,4,669.4915161132812
11,-0.46341463414634143,0.21252423524856567,-1,2,4,669.4915161132812
12,-0.41463414634146334,0.1566815823316574,-1,2,4,669.4915161132812
13,-0.36585365853658536,0.0647301971912384,-1,2,4,669.4915161132812
14,-0.31707317073170727,0.008706789463758469,-1,2,4,669.4915161132812
15,-0.2682926829268293,0.0012741113314405084,-1,2,4,669.4915161132812
16,-0.2195121951219512,0.011342323385179043,-1,2,4,669.4915161132812
17,-0.1707317073170731,0.013200854882597923,-1,2,4,669.4915161132812
18,-0.12195121951219512,0.004418244585394859,-1,2,4,669.4915161132812
19,-0.07317073170731703,0.0005919515970163047,-1,2,4,669.4915161132812
20,-0.024390243902439046,0.005537780467420816,-1,2,4,669.4915161132812
21,0.024390243902439046,0.006371473893523216,-1,2,4,669.4915161132812
22,0.07317073170731714,0.0017695063725113869,-1,2,4,669.4915161132812
23,0.12195121951219523,0.00011243078915867954,-1,2,4,669.4915161132812
24,0.17073170731707332,0.0017890209564939141,-1,2,4,669.4915161132812
25,0.2195121951219512,0.0032622150611132383,-1,2,4,669.4915161132812
26,0.2682926829268293,0.0015286811394616961,-1,2,4,669.4915161132812
27,0.3170731707317074,0.00013500639761332422,-1,2,4,669.4915161132812
28,0.36585365853658547,0.0009166570962406695,-1,2,4,669.4915161132812
29,0.41463414634146356,0.0012014927342534065,-1,2,4,669.4915161132812
30,0.46341463414634143,0.000462302821688354,-1,2,4,669.4915161132812
31,0.5121951219512195,0.0003082654729951173,-1,2,4,669.4915161132812
32,0.5609756097560976,0.00017353019211441278,-1,2,4,669.4915161132812
33,0.6097560975609757,0.001003613113425672,-1,2,4,669.4915161132812
34,0.6585365853658538,0.0012357888044789433,-1,2,4,669.4915161132812
35,0.7073170731707317,0.00027892968500964344,-1,2,4,669.4915161132812
36,0.7560975609756098,0.00015093643742147833,-1,2,4,669.4915161132812
37,0.8048780487804879,0.0011341104982420802,-1,2,4,669.4915161132812
38,0.853658536585366,0.0009285863488912582,-1,2,4,669.4915161132812
39,0.902439024390244,0.00017965456936508417,-1,2,4,669.4915161132812
40,0.9512195121951219,0.00018027256010100245,-1,2,4,669.4915161132812
41,1.0,0.0003971198748331517,-1,2,4,669.4915161132812
0,-1.0,0.0,-1,5,5,669.4915161132812
1,-0.9512195121951219,0.0,-1,5,5,669.4915161132812
2,-0.9024390243902439,0.0,-1,5,5,669.4915161132812
3,-0.8536585365853658,0.0,-1,5,5,669.4915161132812
4,-0.8048780487804879,0.0,-1,5,5,669.4915161132812
5,-0.7560975609756098,0.0,-1,5,5,669.4915161132812
6,-0.7073170731707317,0.0,-1,5,5,669.4915161132812
7,-0.6585365853658536,0.0,-1,5,5,669.4915161132812
8,-0.6097560975609756,0.0,-1,5,5,669.4915161132812
9,-0.5609756097560976,4.6478067815769464e-05,-1,5,5,669.4915161132812
10,-0.5121951219512195,4.3773292418336496e-05,-1,5,5,669.4915161132812
11,-0.46341463414634143,4.628698661690578e-05,-1,5,5,669.4915161132812
12,-0.41463414634146334,1.930005419126246e-05,-1,5,5,669.4915161132812
13,-0.36585365853658536,7.101813025656156e-06,-1,5,5,669.4915161132812
14,-0.31707317073170727,1.6785516265827027e-07,-1,5,5,669.4915161132812
15,-0.2682926829268293,6.811592174926773e-05,-1,5,5,669.4915161132812
16,-0.2195121951219512,4.681759946834063e-06,-1,5,5,669.4915161132812
17,-0.1707317073170731,2.526288153603673e-05,-1,5,5,669.4915161132812
18,-0.12195121951219512,4.0258324588648975e-05,-1,5,5,669.4915161132812
19,-0.07317073170731703,1.2355778380879201e-05,-1,5,5,669.4915161132812
20,-0.024390243902439046,2.342165680602193e-05,-1,5,5,669.4915161132812
21,0.024390243902439046,6.092734474805184e-05,-1,5,5,669.4915161132812
22,0.07317073170731714,4.2207790102111176e-05,-1,5,5,669.4915161132812
23,0.12195121951219523,0.00013022063649259508,-1,5,5,669.4915161132812
24,0.17073170731707332,0.0005558871198445559,-1,5,5,669.4915161132812
25,0.2195121951219512,0.0006196567555889487,-1,5,5,669.4915161132812
26,0.2682926829268293,0.0010045227827504277,-1,5,5,669.4915161132812
27,0.3170731707317074,0.0002011453325394541,-1,5,5,669.4915161132812
28,0.36585365853658547,0.00040375953540205956,-1,5,5,669.4915161132812
29,0.41463414634146356,0.007899247109889984,-1,5,5,669.4915161132812
30,0.46341463414634143,0.015845779329538345,-1,5,5,669.4915161132812
31,0.5121951219512195,0.0007253906805999577,-1,5,5,669.4915161132812
32,0.5609756097560976,0.0010693944059312344,-1,5,5,669.4915161132812
33,0.6097560975609757,2.289249823661521e-05,-1,5,5,669.4915161132812
34,0.6585365853658538,0.00015652285946998745,-1,5,5,669.4915161132812
35,0.7073170731707317,0.00012082522880518809,-1,5,5,669.4915161132812
36,0.7560975609756098,0.0003425600007176399,-1,5,5,669.4915161132812
37,0.8048780487804879,0.00025852175895124674,-1,5,5,669.4915161132812
38,0.853658536585366,0.0004141915705986321,-1,5,5,669.4915161132812
39,0.902439024390244,5.8559118770062923e-05,-1,5,5,669.4915161132812
40,0.9512195121951219,5.162569323147181e-06,-1,5,5,669.4915161132812
41,1.0,0.0003597684553824365,-1,5,5,669.4915161132812
0,-1.0,0.0,-1,6,5,669.4915161132812
1,-0.9512195121951219,2.0741623529829667e-07,-1,6,5,669.4915161132812
2,-0.9024390243902439,2.2117819753475487e-07,-1,6,5,669.4915161132812
3,-0.8536585365853658,4.694704500707303e-07,-1,6,5,669.4915161132812
4,-0.8048780487804879,1.2690621815636405e-06,-1,6,5,669.4915161132812
5,-0.7560975609756098,9.956764870366897e-07,-1,6,5,669.4915161132812
6,-0.7073170731707317,6.791382020310266e-06,-1,6,5,669.4915161132812
7,-0.6585365853658536,1.2118300674046623e-06,-1,6,5,669.4915161132812
8,-0.6097560975609756,6.838363333372399e-06,-1,6,5,669.4915161132812
9,-0.5609756097560976,6.737609510309994e-06,-1,6,5,669.4915161132812
10,-0.5121951219512195,2.8783500965801068e-05,-1,6,5,669.4915161132812
11,-0.46341463414634143,1.224978859681869e-05,-1,6,5,669.4915161132812
12,-0.41463414634146334,2.3109366793505615e-06,-1,6,5,669.4915161132812
13,-0.36585365853658536,4.117388471058803e-06,-1,6,5,669.4915161132812
14,-0.31707317073170727,2.8945639769517584e-06,-1,6,5,669.4915161132812
15,-0.2682926829268293,2.766260422504274e-06,-1,6,5,669.4915161132812
16,-0.2195121951219512,1.2987023183086421e-05,-1,6,5,669.4915161132812
17,-0.1707317073170731,0.00019743666052818298,-1,6,5,669.4915161132812
18,-0.12195121951219512,0.0010461489437147975,-1,6,5,669.4915161132812
19,-0.07317073170731703,0.00020445113477762789,-1,6,5,669.4915161132812
20,-0.024390243902439046,2.837108331732452e-05,-1,6,5,669.4915161132812
21,0.024390243902439046,3.4651500754989684e-05,-1,6,5,669.4915161132812
22,0.07317073170731714,3.430659853620455e-05,-1,6,5,669.4915161132812
23,0.12195121951219523,4.9298282647214364e-06,-1,6,5,669.4915161132812
24,0.17073170731707332,2.430999401781264e-09,-1,6,5,669.4915161132812
25,0.2195121951219512,1.1207985153305344e-05,-1,6,5,669.4915161132812
26,0.2682926829268293,4.915383669867879e-06,-1,6,5,669.4915161132812
27,0.3170731707317074,1.1246428357480909e-06,-1,6,5,669.4915161132812
28,0.36585365853658547,4.0032296055869665e-07,-1,6,5,669.4915161132812
29,0.41463414634146356,5.5142440942290705e-06,-1,6,5,669.4915161132812
30,0.46341463414634143,6.933438271516934e-06,-1,6,5,669.4915161132812
31,0.5121951219512195,2.763273641903652e-06,-1,6,5,669.4915161132812
32,0.5609756097560976,7.90449576015817e-07,-1,6,5,669.4915161132812
33,0.6097560975609757,9.810153045464176e-08,-1,6,5,669.4915161132812
34,0.6585365853658538,1.584462665960018e-06,-1,6,5,669.4915161132812
35,0.7073170731707317,1.1070858363382285e-06,-1,6,5,669.4915161132812
36,0.7560975609756098,0.0,-1,6,5,669.4915161132812
37,0.8048780487804879,0.0,-1,6,5,669.4915161132812
38,0.853658536585366,0.0,-1,6,5,669.4915161132812
39,0.902439024390244,0.0,-1,6,5,669.4915161132812
40,0.9512195121951219,0.0,-1,6,5,669.4915161132812
41,1.0,0.0,-1,6,5,669.4915161132812
0,-1.0,4.743925728689646e-06,-1,7,5,669.4915161132812
1,-0.9512195121951219,3.6405731407285202e-06,-1,7,5,669.4915161132812
2,-0.9024390243902439,4.181663825875148e-06,-1,7,5,669.4915161132812
3,-0.8536585365853658,1.8167390862799948e-06,-1,7,5,669.4915161132812
4,-0.8048780487804879,6.243335519684479e-07,-1,7,5,669.4915161132812
5,-0.7560975609756098,1.4287683143265895e-06,-1,7,5,669.4915161132812
6,-0.7073170731707317,1.8412069039186463e-05,-1,7,5,669.4915161132812
7,-0.6585365853658536,9.295338713855017e-06,-1,7,5,669.4915161132812
8,-0.6097560975609756,4.908236951450817e-05,-1,7,5,669.4915161132812
9,-0.5609756097560976,0.00012686196714639664,-1,7,5,669.4915161132812
10,-0.5121951219512195,0.0007327845669351518,-1,7,5,669.4915161132812
11,-0.46341463414634143,0.002192905405536294,-1,7,5,669.4915161132812
12,-0.41463414634146334,0.00011764816736103967,-1,7,5,669.4915161132812
13,-0.36585365853658536,7.404977623082232e-06,-1,7,5,669.4915161132812
14,-0.31707317073170727,9.73008695837052e-07,-1,7,5,669.4915161132812
15,-0.2682926829268293,6.46607122689602e-06,-1,7,5,669.4915161132812
16,-0.2195121951219512,3.5735645269596716e-06,-1,7,5,669.4915161132812
17,-0.1707317073170731,7.560771337011829e-06,-1,7,5,669.4915161132812
18,-0.12195121951219512,4.1253956624132115e-06,-1,7,5,669.4915161132812
19,-0.07317073170731703,6.814138941990677e-06,-1,7,5,669.4915161132812
20,-0.024390243902439046,6.673275493085384e-06,-1,7,5,669.4915161132812
21,0.024390243902439046,4.311680640967097e-06,-1,7,5,669.4915161132812
22,0.07317073170731714,2.694199110919726e-06,-1,7,5,669.4915161132812
23,0.12195121951219523,9.372501494908647e-07,-1,7,5,669.4915161132812
24,0.17073170731707332,1.88176642268445e-07,-1,7,5,669.4915161132812
25,0.2195121951219512,1.5515580571445753e-06,-1,7,5,669.4915161132812
26,0.2682926829268293,0.0,-1,7,5,669.4915161132812
27,0.3170731707317074,0.0,-1,7,5,669.4915161132812
28,0.36585365853658547,0.0,-1,7,5,669.4915161132812
29,0.41463414634146356,0.0,-1,7,5,669.4915161132812
30,0.46341463414634143,0.0,-1,7,5,669.4915161132812
31,0.5121951219512195,0.0,-1,7,5,669.4915161132812
32,0.5609756097560976,0.0,-1,7,5,669.4915161132812
33,0.6097560975609757,0.0,-1,7,5,669.4915161132812
34,0.6585365853658538,0.0,-1,7,5,669.4915161132812
35,0.7073170731707317,0.0,-1,7,5,669.4915161132812
36,0.7560975609756098,0.0,-1,7,5,669.4915161132812
37,0.8048780487804879,0.0,-1,7,5,669.4915161132812
38,0.853658536585366,0.0,-1,7,5,669.4915161132812
39,0.902439024390244,0.0,-1,7,5,669.4915161132812
40,0.9512195121951219,0.0,-1,7,5,669.4915161132812
41,1.0,0.0,-1,7,5,669.4915161132812
0,-1.0,3.086636979787727e-06,-1,8,5,669.4915161132812
1,-0.9512195121951219,1.3671105989487842e-05,-1,8,5,669.4915161132812
2,-0.9024390243902439,1.5765768694109283e-05,-1,8,5,669.4915161132812
3,-0.8536585365853658,2.948252767964732e-05,-1,8,5,669.4915161132812
4,-0.8048780487804879,7.68663903727429e-06,-1,8,5,669.4915161132812
5,-0.7560975609756098,6.493950786534697e-05,-1,8,5,669.4915161132812
6,-0.7073170731707317,0.0059114908799529076,-1,8,5,669.4915161132812
7,-0.6585365853658536,3.8597867387579754e-05,-1,8,5,669.4915161132812
8,-0.6097560975609756,5.486243935592938e-06,-1,8,5,669.4915161132812
9,-0.5609756097560976,9.748218872118741e-07,-1,8,5,669.4915161132812
10,-0.5121951219512195,6.445223448281467e-07,-1,8,5,669.4915161132812
11,-0.46341463414634143,9.684110409580171e-06,-1,8,5,669.4915161132812
12,-0.41463414634146334,3.7120958040759433e-06,-1,8,5,669.4915161132812
13,-0.36585365853658536,3.5663995276991045e-06,-1,8,5,669.4915161132812
14,-0.31707317073170727,1.948459157574689e-06,-1,8,5,669.4915161132812
15,-0.2682926829268293,1.7893491985887522e-06,-1,8,5,669.4915161132812
16,-0.2195121951219512,1.8765870208881097e-06,-1,8,5,669.4915161132812
17,-0.1707317073170731,1.0249700608255807e-06,-1,8,5,669.4915161132812
18,-0.12195121951219512,6.477614078903571e-06,-1,8,5,669.4915161132812
19,-0.07317073170731703,3.042459411517484e-06,-1,8,5,669.4915161132812
20,-0.024390243902439046,0.0,-1,8,5,669.4915161132812
21,0.024390243902439046,0.0,-1,8,5,669.4915161132812
22,0.07317073170731714,0.0,-1,8,5,669.4915161132812
23,0.12195121951219523,0.0,-1,8,5,669.4915161132812
24,0.17073170731707332,0.0,-1,8,5,669.4915161132812
25,0.2195121951219512,0.0,-1,8,5,669.4915161132812
26,0.2682926829268293,0.0,-1,8,5,669.4915161132812
27,0.3170731707317074,0.0,-1,8,5,669.4915161132812
28,0.36585365853658547,0.0,-1,8,5,669.4915161132812
29,0.41463414634146356,0.0,-1,8,5,669.4915161132812
30,0.46341463414634143,0.0,-1,8,5,669.4915161132812
31,0.5121951219512195,0.0,-1,8,5,669.4915161132812
32,0.5609756097560976,0.0,-1,8,5,669.4915161132812
33,0.6097560975609757,0.0,-1,8,5,669.4915161132812
34,0.6585365853658538,0.0,-1,8,5,669.4915161132812
35,0.7073170731707317,0.0,-1,8,5,669.4915161132812
36,0.7560975609756098,0.0,-1,8,5,669.4915161132812
37,0.8048780487804879,0.0,-1,8,5,669.4915161132812
38,0.853658536585366,0.0,-1,8,5,669.4915161132812
39,0.902439024390244,0.0,-1,8,5,669.4915161132812
40,0.9512195121951219,0.0,-1,8,5,669.4915161132812
41,1.0,0.0,-1,8,5,669.4915161132812
0,-1.0,4.696149062510813e-06,-1,9,5,669.4915161132812
1,-0.9512195121951219,9.63951060839463e-06,-1,9,5,669.4915161132812
2,-0.9024390243902439,0.00024401086557190865,-1,9,5,669.4915161132812
3,-0.8536585365853658,0.001384075847454369,-1,9,5,669.4915161132812
4,-0.8048780487804879,6.893336831126362e-05,-1,9,5,669.4915161132812
5,-0.7560975609756098,7.810941724528675e-07,-1,9,5,669.4915161132812
6,-0.7073170731707317,2.1430862034321763e-05,-1,9,5,669.4915161132812
7,-0.6585365853658536,1.247706404683413e-05,-1,9,5,669.4915161132812
8,-0.6097560975609756,8.418848665314727e-06,-1,9,5,669.4915161132812
9,-0.5609756097560976,8.964120752352756e-06,-1,9,5,669.4915161132812
10,-0.5121951219512195,4.792929757968523e-06,-1,9,5,669.4915161132812
11,-0.46341463414634143,4.154368070885539e-06,-1,9,5,669.4915161132812
12,-0.41463414634146334,1.0379102377555682e-06,-1,9,5,669.4915161132812
13,-0.36585365853658536,1.5935510191411595e-06,-1,9,5,669.4915161132812
14,-0.31707317073170727,1.3581097846326884e-06,-1,9,5,669.4915161132812
15,-0.2682926829268293,0.0,-1,9,5,669.4915161132812
16,-0.2195121951219512,0.0,-1,9,5,669.4915161132812
17,-0.1707317073170731,0.0,-1,9,5,669.4915161132812
18,-0.12195121951219512,0.0,-1,9,5,669.4915161132812
19,-0.07317073170731703,0.0,-1,9,5,669.4915161132812
20,-0.024390243902439046,0.0,-1,9,5,669.4915161132812
21,0.024390243902439046,0.0,-1,9,5,669.4915161132812
22,0.07317073170731714,0.0,-1,9,5,669.4915161132812
23,0.12195121951219523,0.0,-1,9,5,669.4915161132812
24,0.17073170731707332,0.0,-1,9,5,669.4915161132812
25,0.2195121951219512,0.0,-1,9,5,669.4915161132812
26,0.2682926829268293,0.0,-1,9,5,669.4915161132812
27,0.3170731707317074,0.0,-1,9,5,669.4915161132812
28,0.36585365853658547,0.0,-1,9,5,669.4915161132812
29,0.41463414634146356,0.0,-1,9,5,669.4915161132812
30,0.46341463414634143,0.0,-1,9,5,669.4915161132812
31,0.5121951219512195,0.0,-1,9,5,669.4915161132812
32,0.5609756097560976,0.0,-1,9,5,669.4915161132812
33,0.6097560975609757,0.0,-1,9,5,669.4915161132812
34,0.6585365853658538,0.0,-1,9,5,669.4915161132812
35,0.7073170731707317,0.0,-1,9,5,669.4915161132812
36,0.7560975609756098,0.0,-1,9,5,669.4915161132812
37,0.8048780487804879,0.0,-1,9,5,669.4915161132812
38,0.853658536585366,0.0,-1,9,5,669.4915161132812
39,0.902439024390244,0.0,-1,9,5,669.4915161132812
40,0.9512195121951219,0.0,-1,9,5,669.4915161132812
41,1.0,0.0,-1,9,5,669.4915161132812
0,-1.0,0.0,-1,9,6,669.4915161132812
1,-0.9512195121951219,0.0,-1,9,6,669.4915161132812
2,-0.9024390243902439,0.0,-1,9,6,669.4915161132812
3,-0.8536585365853658,0.0,-1,9,6,669.4915161132812
4,-0.8048780487804879,0.0,-1,9,6,669.4915161132812
5,-0.7560975609756098,0.0,-1,9,6,669.4915161132812
6,-0.7073170731707317,0.0,-1,9,6,669.4915161132812
7,-0.6585365853658536,0.0,-1,9,6,669.4915161132812
8,-0.6097560975609756,0.0,-1,9,6,669.4915161132812
9,-0.5609756097560976,0.0,-1,9,6,669.4915161132812
10,-0.5121951219512195,0.0,-1,9,6,669.4915161132812
11,-0.46341463414634143,0.0,-1,9,6,669.4915161132812
12,-0.41463414634146334,0.0,-1,9,6,669.4915161132812
13,-0.36585365853658536,0.0,-1,9,6,669.4915161132812
14,-0.31707317073170727,0.0,-1,9,6,669.4915161132812
15,-0.2682926829268293,0.0,-1,9,6,669.4915161132812
16,-0.2195121951219512,0.0,-1,9,6,669.4915161132812
17,-0.1707317073170731,0.0,-1,9,6,669.4915161132812
18,-0.12195121951219512,0.0,-1,9,6,669.4915161132812
19,-0.07317073170731703,0.0,-1,9,6,669.4915161132812
20,-0.024390243902439046,0.0,-1,9,6,669.4915161132812
21,0.024390243902439046,0.0,-1,9,6,669.4915161132812
22,0.07317073170731714,0.0,-1,9,6,669.4915161132812
23,0.12195121951219523,0.0,-1,9,6,669.4915161132812
24,0.17073170731707332,0.0,-1,9,6,669.4915161132812
25,0.2195121951219512,6.855181027276558e-07,-1,9,6,669.4915161132812
26,0.2682926829268293,2.783628190172749e-07,-1,9,6,669.4915161132812
27,0.3170731707317074,4.98006443194754e-07,-1,9,6,669.4915161132812
28,0.36585365853658547,8.176402133130978e-08,-1,9,6,669.4915161132812
29,0.41463414634146356,8.843682621773041e-07,-1,9,6,669.4915161132812
30,0.46341463414634143,8.128524200401444e-07,-1,9,6,669.4915161132812
31,0.5121951219512195,3.1839063012739643e-06,-1,9,6,669.4915161132812
32,0.5609756097560976,2.8179038054076955e-06,-1,9,6,669.4915161132812
33,0.6097560975609757,6.02904492552625e-07,-1,9,6,669.4915161132812
34,0.6585365853658538,1.7315419427177403e-06,-1,9,6,669.4915161132812
35,0.7073170731707317,5.0232734793098643e-05,-1,9,6,669.4915161132812
36,0.7560975609756098,0.00021714295144192874,-1,9,6,669.4915161132812
37,0.8048780487804879,1.2279164366191253e-05,-1,9,6,669.4915161132812
38,0.853658536585366,3.0140411126922118e-06,-1,9,6,669.4915161132812
39,0.902439024390244,8.36150917393752e-08,-1,9,6,669.4915161132812
40,0.9512195121951219,3.992698509591719e-07,-1,9,6,669.4915161132812
41,1.0,1.3347208778213826e-06,-1,9,6,669.4915161132812
0,-1.0,0.0,0,-9,-5,669.4915161132812
1,-0.9512195121951219,0.0,0,-9,-5,669.4915161132812
2,-0.9024390243902439,0.0,0,-9,-5,669.4915161132812
3,-0.8536585365853658,0.0,0,-9,-5,669.4915161132812
4,-0.8048780487804879,0.0,0,-9,-5,669.4915161132812
5,-0.7560975609756098,0.0,0,-9,-5,669.4915161132812
6,-0.7073170731707317,0.0,0,-9,-5,669.4915161132812
7,-0.6585365853658536,0.0,0,-9,-5,669.4915161132812
8,-0.6097560975609756,0.0,0,-9,-5,669.4915161132812
9,-0.5609756097560976,0.0,0,-9,-5,669.4915161132812
10,-0.5121951219512195,0.0,0,-9,-5,669.4915161132812
11,-0.46341463414634143,0.0,0,-9,-5,669.4915161132812
12,-0.41463414634146334,0.0,0,-9,-5,669.4915161132812
13,-0.36585365853658536,0.0,0,-9,-5,669.4915161132812
14,-0.31707317073170727,0.0,0,-9,-5,669.4915161132812
15,-0.2682926829268293,0.0,0,-9,-5,669.4915161132812
16,-0.2195121951219512,0.0,0,-9,-5,669.4915161132812
17,-0.1707317073170731,0.0,0,-9,-5,669.4915161132812
18,-0.12195121951219512,0.0,0,-9,-5,669.4915161132812
19,-0.07317073170731703,0.0,0,-9,-5,669.4915161132812
20,-0.024390243902439046,0.0,0,-9,-5,669.4915161132812
21,0.024390243902439046,0.0,0,-9,-5,669.4915161132812
22,0.07317073170731714,0.0,0,-9,-5,669.4915161132812
23,0.12195121951219523,0.0,0,-9,-5,669.4915161132812
24,0.17073170731707332,0.0,0,-9,-5,669.4915161132812
25,0.2195121951219512,6.470583713280575e-08,0,-9,-5,669.4915161132812
26,0.2682926829268293,5.48456625892868e-07,0,-9,-5,669.4915161132812
27,0.3170731707317074,1.9421433989919024e-06,0,-9,-5,669.4915161132812
28,0.36585365853658547,7.914537292208479e-08,0,-9,-5,669.4915161132812
29,0.41463414634146356,1.078111182550856e-07,0,-9,-5,669.4915161132812
30,0.46341463414634143,9.568848327035084e-07,0,-9,-5,669.4915161132812
31,0.5121951219512195,1.9327753761899658e-06,0,-9,-5,669.4915161132812
32,0.5609756097560976,1.4955247706893715e-07,0,-9,-5,669.4915161132812
33,0.6097560975609757,3.39902135237935e-06,0,-9,-5,669.4915161132812
34,0.6585365853658538,6.746104190824553e-05,0,-9,-5,669.4915161132812
35,0.7073170731707317,6.254282197915018e-05,0,-9,-5,669.4915161132812
36,0.7560975609756098,0.00010865948570426553,0,-9,-5,669.4915161132812
37,0.8048780487804879,3.4938996122946264e-06,0,-9,-5,669.4915161132812
38,0.853658536585366,3.3945684663194697e-06,0,-9,-5,669.4915161132812
39,0.902439024390244,9.982478331949096e-06,0,-9,-5,669.4915161132812
40,0.9512195121951219,2.3775639874656918e-06,0,-9,-5,669.4915161132812
41,1.0,2.7085141596217e-07,0,-9,-5,669.4915161132812
0,-1.0,2.257472573319319e-07,0,-9,-4,669.4915161132812
1,-0.9512195121951219,1.6001636140572373e-06,0,-9,-4,669.4915161132812
2,-0.9024390243902439,1.180493882202427e-06,0,-9,-4,669.4915161132812
3,-0.8536585365853658,4.411158442962915e-06,0,-9,-4,669.4915161132812
4,-0.8048780487804879,1.258600241271779e-05,0,-9,-4,669.4915161132812
5,-0.7560975609756098,1.912095831357874e-05,0,-9,-4,669.4915161132812
6,-0.7073170731707317,1.55084617290413e-05,0,-9,-4,669.4915161132812
7,-0.6585365853658536,6.575863153557293e-06,0,-9,-4,669.4915161132812
8,-0.6097560975609756,2.590530857560225e-05,0,-9,-4,669.4915161132812
9,-0.5609756097560976,0.0011922328267246485,0,-9,-4,669.4915161132812
10,-0.5121951219512195,0.0003806410823017359,0,-9,-4,669.4915161132812
11,-0.46341463414634143,8.663322660140693e-06,0,-9,-4,669.4915161132812
12,-0.41463414634146334,8.667628571856767e-05,0,-9,-4,669.4915161132812
13,-0.36585365853658536,7.214854576886864e-06,0,-9,-4,669.4915161132812
14,-0.31707317073170727,1.0126665074494667e-05,0,-9,-4,669.4915161132812
15,-0.2682926829268293,9.18671958061168e-06,0,-9,-4,669.4915161132812
16,-0.2195121951219512,9.116403703046672e-07,0,-9,-4,669.4915161132812
17,-0.1707317073170731,2.619410224724561e-06,0,-9,-4,669.4915161132812
18,-0.12195121951219512,4.772034856159735e-08,0,-9,-4,669.4915161132812
19,-0.07317073170731703,5.105817422190739e-07,0,-9,-4,669.4915161132812
20,-0.024390243902439046,9.871498605207307e-07,0,-9,-4,669.4915161132812
21,0.024390243902439046,0.0,0,-9,-4,669.4915161132812
22,0.07317073170731714,0.0,0,-9,-4,669.4915161132812
23,0.12195121951219523,0.0,0,-9,-4,669.4915161132812
24,0.17073170731707332,0.0,0,-9,-4,669.4915161132812
25,0.2195121951219512,0.0,0,-9,-4,669.4915161132812
26,0.2682926829268293,0.0,0,-9,-4,669.4915161132812
27,0.3170731707317074,0.0,0,-9,-4,669.4915161132812
28,0.36585365853658547,0.0,0,-9,-4,669.4915161132812
29,0.41463414634146356,0.0,0,-9,-4,669.4915161132812
30,0.46341463414634143,0.0,0,-9,-4,669.4915161132812
31,0.5121951219512195,0.0,0,-9,-4,669.4915161132812
32,0.5609756097560976,0.0,0,-9,-4,669.4915161132812
33,0.6097560975609757,0.0,0,-9,-4,669.4915161132812
34,0.6585365853658538,0.0,0,-9,-4,669.4915161132812
35,0.7073170731707317,0.0,0,-9,-4,669.4915161132812
36,0.7560975609756098,0.0,0,-9,-4,669.4915161132812
37,0.8048780487804879,0.0,0,-9,-4,669.4915161132812
38,0.853658536585366,0.0,0,-9,-4,669.4915161132812
39,0.902439024390244,0.0,0,-9,-4,669.4915161132812
40,0.9512195121951219,0.0,0,-9,-4,669.4915161132812
41,1.0,0.0,0,-9,-4,669.4915161132812
0,-1.0,0.0,0,-8,-4,669.4915161132812
1,-0.9512195121951219,0.0,0,-8,-4,669.4915161132812
2,-0.9024390243902439,0.0,0,-8,-4,669.4915161132812
3,-0.8536585365853658,0.0,0,-8,-4,669.4915161132812
4,-0.8048780487804879,0.0,0,-8,-4,669.4915161132812
5,-0.7560975609756098,0.0,0,-8,-4,669.4915161132812
6,-0.7073170731707317,0.0,0,-8,-4,669.4915161132812
7,-0.6585365853658536,0.0,0,-8,-4,669.4915161132812
8,-0.6097560975609756,0.0,0,-8,-4,669.4915161132812
9,-0.5609756097560976,0.0,0,-8,-4,669.4915161132812
10,-0.5121951219512195,0.0,0,-8,-4,669.4915161132812
11,-0.46341463414634143,0.0,0,-8,-4,669.4915161132812
12,-0.41463414634146334,0.0,0,-8,-4,669.4915161132812
13,-0.36585365853658536,0.0,0,-8,-4,669.4915161132812
14,-0.31707317073170727,0.0,0,-8,-4,669.4915161132812
15,-0.2682926829268293,5.784908353234641e-06,0,-8,-4,669.4915161132812
16,-0.2195121951219512,8.03380044089863e-06,0,-8,-4,669.4915161132812
17,-0.1707317073170731,5.818469617224764e-06,0,-8,-4,669.4915161132812
18,-0.12195121951219512,1.4618259456256055e-06,0,-8,-4,669.4915161132812
19,-0.07317073170731703,4.7077128328965046e-06,0,-8,-4,669.4915161132812
20,-0.024390243902439046,3.103637027379591e-06,0,-8,-4,669.4915161132812
21,0.024390243902439046,7.412882609969529e-07,0,-8,-4,669.4915161132812
22,0.07317073170731714,9.682141808298184e-07,0,-8,-4,669.4915161132812
23,0.12195121951219523,4.452514531294582e-06,0,-8,-4,669.4915161132812
24,0.17073170731707332,4.450742562767118e-05,0,-8,-4,669.4915161132812
25,0.2195121951219512,5.553441951633431e-05,0,-8,-4,669.4915161132812
26,0.2682926829268293,0.000773963809479028,0,-8,-4,669.4915161132812
27,0.3170731707317074,0.0014105946756899357,0,-8,-4,669.4915161132812
28,0.36585365853658547,9.587022213963792e-05,0,-8,-4,669.4915161132812
29,0.41463414634146356,2.7485393729875796e-05,0,-8,-4,669.4915161132812
30,0.46341463414634143,3.4835263704735553e-06,0,-8,-4,669.4915161132812
31,0.5121951219512195,5.501413511410647e-07,0,-8,-4,669.4915161132812
32,0.5609756097560976,3.2027583074523136e-07,0,-8,-4,669.4915161132812
33,0.6097560975609757,1.4582693665943225e-06,0,-8,-4,669.4915161132812
34,0.6585365853658538,7.080918749124976e-06,0,-8,-4,669.4915161132812
35,0.7073170731707317,4.274832463124767e-06,0,-8,-4,669.4915161132812
36,0.7560975609756098,1.933244902829756e-06,0,-8,-4,669.4915161132812
37,0.8048780487804879,8.667413567309268e-06,0,-8,-4,669.4915161132812
38,0.853658536585366,2.0872698769380804e-06,0,-8,-4,669.4915161132812
39,0.902439024390244,0.0,0,-8,-4,669.4915161132812
40,0.9512195121951219,0.0,0,-8,-4,669.4915161132812
41,1.0,0.0,0,-8,-4,669.4915161132812
0,-1.0,2.371906930420664e-06,0,-7,-3,669.4915161132812
1,-0.9512195121951219,3.7097145195730263e-06,0,-7,-3,669.4915161132812
2,-0.9024390243902439,7.495328873119433e-07,0,-7,-3,669.4915161132812
3,-0.8536585365853658,4.981781330570811e-06,0,-7,-3,669.4915161132812
4,-0.8048780487804879,4.050955794809852e-06,0,-7,-3,669.4915161132812
5,-0.7560975609756098,1.292467914026929e-05,0,-7,-3,669.4915161132812
6,-0.7073170731707317,5.669772917826776e-07,0,-7,-3,669.4915161132812
7,-0.6585365853658536,2.849577640517964e-06,0,-7,-3,669.4915161132812
8,-0.6097560975609756,6.633525117649697e-06,0,-7,-3,669.4915161132812
9,-0.5609756097560976,9.198732186632697e-06,0,-7,-3,669.4915161132812
10,-0.5121951219512195,1.736108970362693e-05,0,-7,-3,669.4915161132812
11,-0.46341463414634143,1.6187104847631417e-05,0,-7,-3,669.4915161132812
12,-0.41463414634146334,4.400117541081272e-05,0,-7,-3,669.4915161132812
13,-0.36585365853658536,0.00015672508743591607,0,-7,-3,669.4915161132812
14,-0.31707317073170727,0.0003526612708810717,0,-7,-3,669.4915161132812
15,-0.2682926829268293,1.2175548363302369e-05,0,-7,-3,669.4915161132812
16,-0.2195121951219512,5.6406479416182265e-06,0,-7,-3,669.4915161132812
17,-0.1707317073170731,5.195464609641931e-07,0,-7,-3,669.4915161132812
18,-0.12195121951219512,1.5785020650582737e-06,0,-7,-3,669.4915161132812
19,-0.07317073170731703,3.4105892154912e-06,0,-7,-3,669.4915161132812
20,-0.024390243902439046,3.549531538737938e-05,0,-7,-3,669.4915161132812
21,0.024390243902439046,1.1149016245326493e-05,0,-7,-3,669.4915161132812
22,0.07317073170731714,4.747869752463885e-06,0,-7,-3,669.4915161132812
23,0.12195121951219523,2.481537421772373e-06,0,-7,-3,669.4915161132812
24,0.17073170731707332,1.004658656711399e-06,0,-7,-3,669.4915161132812
25,0.2195121951219512,1.3580894631104456e-07,0,-7,-3,669.4915161132812
26,0.2682926829268293,1.4813548432357493e-07,0,-7,-3,669.4915161132812
27,0.3170731707317074,2.3660131773795e-06,0,-7,-3,669.4915161132812
28,0.36585365853658547,0.0,0,-7,-3,669.4915161132812
29,0.41463414634146356,0.0,0,-7,-3,669.4915161132812
30,0.46341463414634143,0.0,0,-7,-3,669.4915161132812
31,0.5121951219512195,0.0,0,-7,-3,669.4915161132812
32,0.5609756097560976,0.0,0,-7,-3,669.4915161132812
33,0.6097560975609757,0.0,0,-7,-3,669.4915161132812
34,0.6585365853658538,0.0,0,-7,-3,669.4915161132812
35,0.7073170731707317,0.0,0,-7,-3,669.4915161132812
36,0.7560975609756098,0.0,0,-7,-3,669.4915161132812
37,0.8048780487804879,0.0,0,-7,-3,669.4915161132812
38,0.853658536585366,0.0,0,-7,-3,669.4915161132812
39,0.902439024390244,0.0,0,-7,-3,669.4915161132812
40,0.9512195121951219,0.0,0,-7,-3,669.4915161132812
41,1.0,0.0,0,-7,-3,669.4915161132812
0,-1.0,0.0,0,-6,-3,669.4915161132812
1,-0.9512195121951219,0.0,0,-6,-3,669.4915161132812
2,-0.9024390243902439,0.0,0,-6,-3,669.4915161132812
3,-0.8536585365853658,0.0,0,-6,-3,669.4915161132812
4,-0.8048780487804879,0.0,0,-6,-3,669.4915161132812
5,-0.7560975609756098,0.0,0,-6,-3,669.4915161132812
6,-0.7073170731707317,0.0,0,-6,-3,669.4915161132812
7,-0.6585365853658536,0.0,0,-6,-3,669.4915161132812
8,-0.6097560975609756,0.0,0,-6,-3,669.4915161132812
9,-0.5609756097560976,0.0,0,-6,-3,669.4915161132812
10,-0.5121951219512195,0.0,0,-6,-3,669.4915161132812
11,-0.46341463414634143,0.0,0,-6,-3,669.4915161132812
12,-0.41463414634146334,0.0,0,-6,-3,669.4915161132812
13,-0.36585365853658536,0.0,0,-6,-3,669.4915161132812
14,-0.31707317073170727,0.0,0,-6,-3,669.4915161132812
15,-0.2682926829268293,0.0,0,-6,-3,669.4915161132812
16,-0.2195121951219512,0.0,0,-6,-3,669.4915161132812
17,-0.1707317073170731,0.0,0,-6,-3,669.4915161132812
18,-0.12195121951219512,6.14863802184118e-06,0,-6,-3,669.4915161132812
19,-0.07317073170731703,2.7137502911500633e-06,0,-6,-3,669.4915161132812
20,-0.024390243902439046,1.1394150533305947e-05,0,-6,-3,669.4915161132812
21,0.024390243902439046,9.33287083171308e-06,0,-6,-3,669.4915161132812
22,0.07317073170731714,4.34654475611751e-06,0,-6,-3,669.4915161132812
23,0.12195121951219523,5.442225756269181e-06,0,-6,-3,669.4915161132812
24,0.17073170731707332,5.0539216317702085e-05,0,-6,-3,669.4915161132812
25,0.2195121951219512,7.318566349567845e-05,0,-6,-3,669.4915161132812
26,0.2682926829268293,1.099470773624489e-05,0,-6,-3,669.4915161132812
27,0.3170731707317074,6.962083716643974e-06,0,-6,-3,669.4915161132812
28,0.36585365853658547,2.1264660972519778e-05,0,-6,-3,669.4915161132812
29,0.41463414634146356,0.00020702967594843358,0,-6,-3,669.4915161132812
30,0.46341463414634143,0.00024032636429183185,0,-6,-3,669.4915161132812
31,0.5121951219512195,0.000407061685109511,0,-6,-3,669.4915161132812
32,0.5609756097560976,0.0006137872696854174,0,-6,-3,669.4915161132812
33,0.6097560975609757,0.00011127392644993961,0,-6,-3,669.4915161132812
34,0.6585365853658538,0.03784669190645218,0,-6,-3,669.4915161132812
35,0.7073170731707317,0.005380828864872456,0,-6,-3,669.4915161132812
36,0.7560975609756098,0.0012717389035969973,0,-6,-3,669.4915161132812
37,0.8048780487804879,0.0012094260891899467,0,-6,-3,669.4915161132812
38,0.853658536585366,0.00011345915117999539,0,-6,-3,669.4915161132812
39,0.902439024390244,2.8743277653120458e-05,0,-6,-3,669.4915161132812
40,0.9512195121951219,4.482913573156111e-05,0,-6,-3,669.4915161132812
41,1.0,0.000100498873507604,0,-6,-3,669.4915161132812
0,-1.0,1.3186250725993887e-05,0,-5,-2,669.4915161132812
1,-0.9512195121951219,8.123336101562018e-07,0,-5,-2,669.4915161132812
2,-0.9024390243902439,2.351536068090354e-07,0,-5,-2,669.4915161132812
3,-0.8536585365853658,1.7387479601893574e-05,0,-5,-2,669.4915161132812
4,-0.8048780487804879,6.867553747724742e-05,0,-5,-2,669.4915161132812
5,-0.7560975609756098,0.00013820025196764618,0,-5,-2,669.4915161132812
6,-0.7073170731707317,4.725385588244535e-05,0,-5,-2,669.4915161132812
7,-0.6585365853658536,8.571451326133683e-05,0,-5,-2,669.4915161132812
8,-0.6097560975609756,4.065834218636155e-05,0,-5,-2,669.4915161132812
9,-0.5609756097560976,1.4059171007829718e-05,0,-5,-2,669.4915161132812
10,-0.5121951219512195,0.00017401337390765548,0,-5,-2,669.4915161132812
11,-0.46341463414634143,1.505137697677128e-05,0,-5,-2,669.4915161132812
12,-0.41463414634146334,0.0005627395585179329,0,-5,-2,669.4915161132812
13,-0.36585365853658536,3.590796495700488e-07,0,-5,-2,669.4915161132812
14,-0.31707317073170727,0.0011286417720839381,0,-5,-2,669.4915161132812
15,-0.2682926829268293,0.0007097501074895263,0,-5,-2,669.4915161132812
16,-0.2195121951219512,3.183738954248838e-05,0,-5,-2,669.4915161132812
17,-0.1707317073170731,2.0029896404594183e-05,0,-5,-2,669.4915161132812
18,-0.12195121951219512,3.0998631700640544e-05,0,-5,-2,669.4915161132812
19,-0.07317073170731703,4.423944483278319e-05,0,-5,-2,669.4915161132812
20,-0.024390243902439046,3.715539423865266e-05,0,-5,-2,669.4915161132812
21,0.024390243902439046,8.71148040459957e-06,0,-5,-2,669.4915161132812
22,0.07317073170731714,1.9218316083424725e-05,0,-5,-2,669.4915161132812
23,0.12195121951219523,1.6302710719173774e-05,0,-5,-2,669.4915161132812
24,0.17073170731707332,7.67385517974617e-06,0,-5,-2,669.4915161132812
25,0.2195121951219512,8.997915756481234e-06,0,-5,-2,669.4915161132812
26,0.2682926829268293,4.825710129807703e-05,0,-5,-2,669.4915161132812
27,0.3170731707317074,2.5398419893463142e-05,0,-5,-2,669.4915161132812
28,0.36585365853658547,4.645653098123148e-05,0,-5,-2,669.4915161132812
29,0.41463414634146356,1.373435134155443e-05,0,-5,-2,669.4915161132812
30,0.46341463414634143,5.420516572485212e-06,0,-5,-2,669.4915161132812
31,0.5121951219512195,4.992412414139835e-06,0,-5,-2,669.4915161132812
32,0.5609756097560976,4.144750619161641e-06,0,-5,-2,669.4915161132812
33,0.6097560975609757,7.060231723698962e-07,0,-5,-2,669.4915161132812
34,0.6585365853658538,0.0,0,-5,-2,669.4915161132812
35,0.7073170731707317,0.0,0,-5,-2,669.4915161132812
36,0.7560975609756098,0.0,0,-5,-2,669.4915161132812
37,0.8048780487804879,0.0,0,-5,-2,669.4915161132812
38,0.853658536585366,0.0,0,-5,-2,669.4915161132812
39,0.902439024390244,0.0,0,-5,-2,669.4915161132812
40,0.9512195121951219,0.0,0,-5,-2,669.4915161132812
41,1.0,0.0,0,-5,-2,669.4915161132812
0,-1.0,0.03185581788420677,0,-3,-1,669.4915161132812
1,-0.9512195121951219,0.046574052423238754,0,-3,-1,669.4915161132812
2,-0.9024390243902439,0.007809189148247242,0,-3,-1,669.4915161132812
3,-0.8536585365853658,0.2609236538410187,0,-3,-1,669.4915161132812
4,-0.8048780487804879,0.5099310874938965,0,-3,-1,669.4915161132812
5,-0.7560975609756098,0.28297048807144165,0,-3,-1,669.4915161132812
6,-0.7073170731707317,0.023673303425312042,0,-3,-1,669.4915161132812
7,-0.6585365853658536,0.0169596616178751,0,-3,-1,669.4915161132812
8,-0.6097560975609756,0.014051017351448536,0,-3,-1,669.4915161132812
9,-0.5609756097560976,0.0032425771933048964,0,-3,-1,669.4915161132812
10,-0.5121951219512195,0.008811990730464458,0,-3,-1,669.4915161132812
11,-0.46341463414634143,0.00036902172723785043,0,-3,-1,669.4915161132812
12,-0.41463414634146334,0.00560049619525671,0,-3,-1,669.4915161132812
13,-0.36585365853658536,0.0036013273056596518,0,-3,-1,669.4915161132812
14,-0.31707317073170727,0.0011325288796797395,0,-3,-1,669.4915161132812
15,-0.2682926829268293,0.005592466797679663,0,-3,-1,669.4915161132812
16,-0.2195121951219512,0.000156058682478033,0,-3,-1,669.4915161132812
17,-0.1707317073170731,0.0020748646929860115,0,-3,-1,669.4915161132812
18,-0.12195121951219512,0.0011524510337039828,0,-3,-1,669.4915161132812
19,-0.07317073170731703,0.00011033559712814167,0,-3,-1,669.4915161132812
20,-0.024390243902439046,0.0017450348241254687,0,-3,-1,669.4915161132812
21,0.024390243902439046,0.00019810193043667823,0,-3,-1,669.4915161132812
22,0.07317073170731714,0.0011622633319348097,0,-3,-1,669.4915161132812
23,0.12195121951219523,0.0009047368075698614,0,-3,-1,669.4915161132812
24,0.17073170731707332,0.00035209624911658466,0,-3,-1,669.4915161132812
25,0.2195121951219512,0.0009867105400189757,0,-3,-1,669.4915161132812
26,0.2682926829268293,8.879741653800011e-05,0,-3,-1,669.4915161132812
27,0.3170731707317074,0.0005979319685138762,0,-3,-1,669.4915161132812
28,0.36585365853658547,0.0006272344617173076,0,-3,-1,669.4915161132812
29,0.41463414634146356,6.333294732030481e-05,0,-3,-1,669.4915161132812
30,0.46341463414634143,0.0006018554558977485,0,-3,-1,669.4915161132812
31,0.5121951219512195,1.8934519175672904e-05,0,-3,-1,669.4915161132812
32,0.5609756097560976,0.0005257001030258834,0,-3,-1,669.4915161132812
33,0.6097560975609757,0.00022884784266352654,0,-3,-1,669.4915161132812
34,0.6585365853658538,0.0002502310962881893,0,-3,-1,669.4915161132812
35,0.7073170731707317,0.0006495699053630233,0,-3,-1,669.4915161132812
36,0.7560975609756098,4.155185251875082e-06,0,-3,-1,669.4915161132812
37,0.8048780487804879,0.00047827279195189476,0,-3,-1,669.4915161132812
38,0.853658536585366,0.0,0,-3,-1,669.4915161132812
39,0.902439024390244,0.0,0,-3,-1,669.4915161132812
40,0.9512195121951219,0.0,0,-3,-1,669.4915161132812
41,1.0,0.0,0,-3,-1,669.4915161132812
0,-1.0,0.0005084750009700656,0,3,1,669.4915161132812
1,-0.9512195121951219,0.0001321782765444368,0,3,1,669.4915161132812
2,-0.9024390243902439,0.0011644167825579643,0,3,1,669.4915161132812
3,-0.8536585365853658,3.0337658245116472e-05,0,3,1,669.4915161132812
4,-0.8048780487804879,0.0007238983525894582,0,3,1,669.4915161132812
5,-0.7560975609756098,0.0007150350720621645,0,3,1,669.4915161132812
6,-0.7073170731707317,0.00021130224922671914,0,3,1,669.4915161132812
7,-0.6585365853658536,0.0014293733984231949,0,3,1,669.4915161132812
8,-0.6097560975609756,5.263788261800073e-05,0,3,1,669.4915161132812
9,-0.5609756097560976,0.00121764512732625,0,3,1,669.4915161132812
10,-0.5121951219512195,0.0010954495519399643,0,3,1,669.4915161132812
11,-0.46341463414634143,0.00025110537535510957,0,3,1,669.4915161132812
12,-0.41463414634146334,0.0015762891853228211,0,3,1,669.4915161132812
13,-0.36585365853658536,0.00029317080043256283,0,3,1,669.4915161132812
14,-0.31707317073170727,0.00224039307795465,0,3,1,669.4915161132812
15,-0.2682926829268293,0.0033909291960299015,0,3,1,669.4915161132812
16,-0.2195121951219512,0.000488337769638747,0,3,1,669.4915161132812
17,-0.1707317073170731,0.009025610983371735,0,3,1,669.4915161132812
18,-0.12195121951219512,0.002188067650422454,0,3,1,669.4915161132812
19,-0.07317073170731703,0.005140738096088171,0,3,1,669.4915161132812
20,-0.024390243902439046,0.004560278728604317,0,3,1,669.4915161132812
21,0.024390243902439046,0.00842288602143526,0,3,1,669.4915161132812
22,0.07317073170731714,0.038546789437532425,0,3,1,669.4915161132812
23,0.12195121951219523,0.00024226750247180462,0,3,1,669.4915161132812
24,0.17073170731707332,0.1701483279466629,0,3,1,669.4915161132812
25,0.2195121951219512,0.5924749374389648,0,3,1,669.4915161132812
26,0.2682926829268293,0.5378640294075012,0,3,1,669.4915161132812
27,0.3170731707317074,0.11470704525709152,0,3,1,669.4915161132812
28,0.36585365853658547,0.0060722180642187595,0,3,1,669.4915161132812
29,0.41463414634146356,0.04075317829847336,0,3,1,669.4915161132812
30,0.46341463414634143,0.0034448690712451935,0,3,1,669.4915161132812
31,0.5121951219512195,0.008836980909109116,0,3,1,669.4915161132812
32,0.5609756097560976,0.009053272195160389,0,3,1,669.4915161132812
33,0.6097560975609757,0.0008580891881138086,0,3,1,669.4915161132812
34,0.6585365853658538,0.006492604035884142,0,3,1,669.4915161132812
35,0.7073170731707317,0.0006152351852506399,0,3,1,669.4915161132812
36,0.7560975609756098,0.002406639978289604,0,3,1,669.4915161132812
37,0.8048780487804879,0.002704918384552002,0,3,1,669.4915161132812
38,0.853658536585366,0.0001201028935611248,0,3,1,669.4915161132812
39,0.902439024390244,0.0025253326166421175,0,3,1,669.4915161132812
40,0.9512195121951219,0.00040585221722722054,0,3,1,669.4915161132812
41,1.0,0.0008976483950391412,0,3,1,669.4915161132812
0,-1.0,1.9886678273906e-05,0,4,1,669.4915161132812
1,-0.9512195121951219,9.056880662683398e-05,0,4,1,669.4915161132812
2,-0.9024390243902439,9.677238995209336e-05,0,4,1,669.4915161132812
3,-0.8536585365853658,0.0005040894611738622,0,4,1,669.4915161132812
4,-0.8048780487804879,0.00025108098634518683,0,4,1,669.4915161132812
5,-0.7560975609756098,0.0011053464841097593,0,4,1,669.4915161132812
6,-0.7073170731707317,0.01135934516787529,0,4,1,669.4915161132812
7,-0.6585365853658536,0.01798081398010254,0,4,1,669.4915161132812
8,-0.6097560975609756,0.008029140532016754,0,4,1,669.4915161132812
9,-0.5609756097560976,0.0018705923575907946,0,4,1,669.4915161132812
10,-0.5121951219512195,0.0014551915228366852,0,4,1,669.4915161132812
11,-0.46341463414634143,0.0016332331579178572,0,4,1,669.4915161132812
12,-0.41463414634146334,4.7916913899825886e-05,0,4,1,669.4915161132812
13,-0.36585365853658536,5.131038778927177e-05,0,4,1,669.4915161132812
14,-0.31707317073170727,0.00030716194305568933,0,4,1,669.4915161132812
15,-0.2682926829268293,4.3240073864581063e-05,0,4,1,669.4915161132812
16,-0.2195121951219512,0.00019699976837728173,0,4,1,669.4915161132812
17,-0.1707317073170731,0.00011699076276272535,0,4,1,669.4915161132812
18,-0.12195121951219512,0.0002204711054218933,0,4,1,669.4915161132812
19,-0.07317073170731703,2.530243364162743e-05,0,4,1,669.4915161132812
20,-0.024390243902439046,3.3201118640135974e-05,0,4,1,669.4915161132812
21,0.024390243902439046,6.051115633454174e-05,0,4,1,669.4915161132812
22,0.07317073170731714,4.352586984168738e-06,0,4,1,669.4915161132812
23,0.12195121951219523,1.0528621714911424e-05,0,4,1,669.4915161132812
24,0.17073170731707332,8.376871846849099e-05,0,4,1,669.4915161132812
25,0.2195121951219512,0.0002889278985094279,0,4,1,669.4915161132812
26,0.2682926829268293,0.00013127733836881816,0,4,1,669.4915161132812
27,0.3170731707317074,1.3993590073368978e-05,0,4,1,669.4915161132812
28,0.36585365853658547,3.65596520168765e-06,0,4,1,669.4915161132812
29,0.41463414634146356,1.744320798025001e-05,0,4,1,669.4915161132812
30,0.46341463414634143,1.9532551959855482e-05,0,4,1,669.4915161132812
31,0.5121951219512195,4.2530085920589045e-05,0,4,1,669.4915161132812
32,0.5609756097560976,4.916458692605374e-06,0,4,1,669.4915161132812
33,0.6097560975609757,0.0,0,4,1,669.4915161132812
34,0.6585365853658538,0.0,0,4,1,669.4915161132812
35,0.7073170731707317,0.0,0,4,1,669.4915161132812
36,0.7560975609756098,0.0,0,4,1,669.4915161132812
37,0.8048780487804879,0.0,0,4,1,669.4915161132812
38,0.853658536585366,0.0,0,4,1,669.4915161132812
39,0.902439024390244,0.0,0,4,1,669.4915161132812
40,0.9512195121951219,0.0,0,4,1,669.4915161132812
41,1.0,0.0,0,4,1,669.4915161132812
0,-1.0,0.0,0,6,2,669.4915161132812
1,-0.9512195121951219,0.0,0,6,2,669.4915161132812
2,-0.9024390243902439,0.0,0,6,2,669.4915161132812
3,-0.8536585365853658,0.0,0,6,2,669.4915161132812
4,-0.8048780487804879,0.0,0,6,2,669.4915161132812
5,-0.7560975609756098,0.0,0,6,2,669.4915161132812
6,-0.7073170731707317,0.0,0,6,2,669.4915161132812
7,-0.6585365853658536,0.0,0,6,2,669.4915161132812
8,-0.6097560975609756,0.0,0,6,2,669.4915161132812
9,-0.5609756097560976,0.0,0,6,2,669.4915161132812
10,-0.5121951219512195,0.0,0,6,2,669.4915161132812
11,-0.46341463414634143,0.0,0,6,2,669.4915161132812
12,-0.41463414634146334,0.0,0,6,2,669.4915161132812
13,-0.36585365853658536,0.0,0,6,2,669.4915161132812
14,-0.31707317073170727,0.0,0,6,2,669.4915161132812
15,-0.2682926829268293,0.0,0,6,2,669.4915161132812
16,-0.2195121951219512,0.0,0,6,2,669.4915161132812
17,-0.1707317073170731,0.0,0,6,2,669.4915161132812
18,-0.12195121951219512,0.0,0,6,2,669.4915161132812
19,-0.07317073170731703,0.0,0,6,2,669.4915161132812
20,-0.024390243902439046,7.617576329721487e-07,0,6,2,669.4915161132812
21,0.024390243902439046,3.501953869999852e-06,0,6,2,669.4915161132812
22,0.07317073170731714,1.717730083328206e-05,0,6,2,669.4915161132812
23,0.12195121951219523,8.520752317053848e-07,0,6,2,669.4915161132812
24,0.17073170731707332,5.873487680219114e-05,0,6,2,669.4915161132812
25,0.2195121951219512,0.000184430115041323,0,6,2,669.4915161132812
26,0.2682926829268293,0.00022225279826670885,0,6,2,669.4915161132812
27,0.3170731707317074,3.5712586395675316e-05,0,6,2,669.4915161132812
28,0.36585365853658547,5.037753908254672e-06,0,6,2,669.4915161132812
29,0.41463414634146356,1.523069295217283e-05,0,6,2,669.4915161132812
30,0.46341463414634143,5.363142008718569e-06,0,6,2,669.4915161132812
31,0.5121951219512195,8.586238436691929e-06,0,6,2,669.4915161132812
32,0.5609756097560976,2.2573447040485917e-06,0,6,2,669.4915161132812
33,0.6097560975609757,1.3543891327572055e-05,0,6,2,669.4915161132812
34,0.6585365853658538,1.807889566407539e-05,0,6,2,669.4915161132812
35,0.7073170731707317,1.1812356888185604e-06,0,6,2,669.4915161132812
36,0.7560975609756098,0.0007129387813620269,0,6,2,669.4915161132812
37,0.8048780487804879,0.00016787789354566485,0,6,2,669.4915161132812
38,0.853658536585366,3.486844070721418e-05,0,6,2,669.4915161132812
39,0.902439024390244,1.4197125892678741e-05,0,6,2,669.4915161132812
40,0.9512195121951219,6.0557708820851985e-06,0,6,2,669.4915161132812
41,1.0,8.088682989182416e-06,0,6,2,669.4915161132812
0,-1.0,0.0,0,7,2,669.4915161132812
1,-0.9512195121951219,0.0,0,7,2,669.4915161132812
2,-0.9024390243902439,0.0,0,7,2,669.4915161132812
3,-0.8536585365853658,0.0,0,7,2,669.4915161132812
4,-0.8048780487804879,0.0,0,7,2,669.4915161132812
5,-0.7560975609756098,0.0,0,7,2,669.4915161132812
6,-0.7073170731707317,0.0,0,7,2,669.4915161132812
7,-0.6585365853658536,0.0,0,7,2,669.4915161132812
8,-0.6097560975609756,0.0,0,7,2,669.4915161132812
9,-0.5609756097560976,0.0,0,7,2,669.4915161132812
10,-0.5121951219512195,0.0,0,7,2,669.4915161132812
11,-0.46341463414634143,0.0,0,7,2,669.4915161132812
12,-0.41463414634146334,0.0,0,7,2,669.4915161132812
13,-0.36585365853658536,1.1006753908304745e-07,0,7,2,669.4915161132812
14,-0.31707317073170727,4.6161994760041125e-07,0,7,2,669.4915161132812
15,-0.2682926829268293,9.627373174225795e-07,0,7,2,669.4915161132812
16,-0.2195121951219512,4.891619482805254e-07,0,7,2,669.4915161132812
17,-0.1707317073170731,3.7103568502061535e-06,0,7,2,669.4915161132812
18,-0.12195121951219512,1.159944076789543e-05,0,7,2,669.4915161132812
19,-0.07317073170731703,1.3509900782082696e-05,0,7,2,669.4915161132812
20,-0.024390243902439046,1.4802898476773407e-05,0,7,2,669.4915161132812
21,0.024390243902439046,1.81562081706943e-05,0,7,2,669.4915161132812
22,0.07317073170731714,2.186771234846674e-05,0,7,2,669.4915161132812
23,0.12195121951219523,5.694196261174511e-06,0,7,2,669.4915161132812
24,0.17073170731707332,1.666405296418816e-05,0,7,2,669.4915161132812
25,0.2195121951219512,0.0001823136117309332,0,7,2,669.4915161132812
26,0.2682926829268293,0.00012492031964939088,0,7,2,669.4915161132812
27,0.3170731707317074,0.0035331258550286293,0,7,2,669.4915161132812
28,0.36585365853658547,0.0005982695729471743,0,7,2,669.4915161132812
29,0.41463414634146356,0.00027844589203596115,0,7,2,669.4915161132812
30,0.46341463414634143,1.3091224900563248e-05,0,7,2,669.4915161132812
31,0.5121951219512195,4.5387416321318597e-05,0,7,2,669.4915161132812
32,0.5609756097560976,1.4553229448210914e-05,0,7,2,669.4915161132812
33,0.6097560975609757,3.6462654406932415e-06,0,7,2,669.4915161132812
34,0.6585365853658538,5.754626499765436e-07,0,7,2,669.4915161132812
35,0.7073170731707317,1.2530736057669856e-06,0,7,2,669.4915161132812
36,0.7560975609756098,1.5464813714061165e-06,0,7,2,669.4915161132812
37,0.8048780487804879,2.2863480353407795e-07,0,7,2,669.4915161132812
38,0.853658536585366,2.888334336148546e-07,0,7,2,669.4915161132812
39,0.902439024390244,3.8685346481770466e-08,0,7,2,669.4915161132812
40,0.9512195121951219,2.856357923519681e-07,0,7,2,669.4915161132812
41,1.0,6.026739107767298e-09,0,7,2,669.4915161132812
0,-1.0,0.0,0,8,2,669.4915161132812
1,-0.9512195121951219,0.0,0,8,2,669.4915161132812
2,-0.9024390243902439,0.0,0,8,2,669.4915161132812
3,-0.8536585365853658,0.0,0,8,2,669.4915161132812
4,-0.8048780487804879,0.0,0,8,2,669.4915161132812
5,-0.7560975609756098,0.0,0,8,2,669.4915161132812
6,-0.7073170731707317,0.0,0,8,2,669.4915161132812
7,-0.6585365853658536,0.0,0,8,2,669.4915161132812
8,-0.6097560975609756,0.0,0,8,2,669.4915161132812
9,-0.5609756097560976,1.9860787858760887e-07,0,8,2,669.4915161132812
10,-0.5121951219512195,2.285375302335524e-07,0,8,2,669.4915161132812
11,-0.46341463414634143,8.863424483251947e-08,0,8,2,669.4915161132812
12,-0.41463414634146334,8.919097638226958e-08,0,8,2,669.4915161132812
13,-0.36585365853658536,1.9471002588034025e-07,0,8,2,669.4915161132812
14,-0.31707317073170727,1.4065983577893348e-06,0,8,2,669.4915161132812
15,-0.2682926829268293,2.7100568331661634e-06,0,8,2,669.4915161132812
16,-0.2195121951219512,5.636721198243322e-06,0,8,2,669.4915161132812
17,-0.1707317073170731,2.172534777855617e-06,0,8,2,669.4915161132812
18,-0.12195121951219512,2.4239610866061412e-05,0,8,2,669.4915161132812
19,-0.07317073170731703,5.639938649437681e-07,0,8,2,669.4915161132812
20,-0.024390243902439046,1.932396844495088e-05,0,8,2,669.4915161132812
21,0.024390243902439046,0.0008852825267240405,0,8,2,669.4915161132812
22,0.07317073170731714,1.3461391290547908e-06,0,8,2,669.4915161132812
23,0.12195121951219523,1.068316805685754e-06,0,8,2,669.4915161132812
24,0.17073170731707332,1.4779151570110116e-05,0,8,2,669.4915161132812
25,0.2195121951219512,1.9943411189160543e-06,0,8,2,669.4915161132812
26,0.2682926829268293,3.4726981539279222e-06,0,8,2,669.4915161132812
27,0.3170731707317074,6.711975402140524e-06,0,8,2,669.4915161132812
28,0.36585365853658547,1.1615181847446365e-06,0,8,2,669.4915161132812
29,0.41463414634146356,3.3702381188049912e-06,0,8,2,669.4915161132812
30,0.46341463414634143,1.2062777159371763e-06,0,8,2,669.4915161132812
31,0.5121951219512195,1.3166724102120497e-06,0,8,2,669.4915161132812
32,0.5609756097560976,6.885291554681316e-07,0,8,2,669.4915161132812
33,0.6097560975609757,3.9085136904759565e-07,0,8,2,669.4915161132812
34,0.6585365853658538,0.0,0,8,2,669.4915161132812
35,0.7073170731707317,0.0,0,8,2,669.4915161132812
36,0.7560975609756098,0.0,0,8,2,669.4915161132812
37,0.8048780487804879,0.0,0,8,2,669.4915161132812
38,0.853658536585366,0.0,0,8,2,669.4915161132812
39,0.902439024390244,0.0,0,8,2,669.4915161132812
40,0.9512195121951219,0.0,0,8,2,669.4915161132812
41,1.0,0.0,0,8,2,669.4915161132812
0,-1.0,0.0,0,9,2,669.4915161132812
1,-0.9512195121951219,0.0,0,9,2,669.4915161132812
2,-0.9024390243902439,0.0,0,9,2,669.4915161132812
3,-0.8536585365853658,0.0,0,9,2,669.4915161132812
4,-0.8048780487804879,0.0,0,9,2,669.4915161132812
5,-0.7560975609756098,0.0,0,9,2,669.4915161132812
6,-0.7073170731707317,0.0,0,9,2,669.4915161132812
7,-0.6585365853658536,3.128578640598789e-08,0,9,2,669.4915161132812
8,-0.6097560975609756,1.2737737051793374e-06,0,9,2,669.4915161132812
9,-0.5609756097560976,1.356846382805088e-06,0,9,2,669.4915161132812
10,-0.5121951219512195,3.0206291512513417e-07,0,9,2,669.4915161132812
11,-0.46341463414634143,8.495800898344896e-07,0,9,2,669.4915161132812
12,-0.41463414634146334,3.1170227998700284e-07,0,9,2,669.4915161132812
13,-0.36585365853658536,1.9807891931122867e-06,0,9,2,669.4915161132812
14,-0.31707317073170727,3.6476600939749915e-07,0,9,2,669.4915161132812
15,-0.2682926829268293,2.040594836216769e-06,0,9,2,669.4915161132812
16,-0.2195121951219512,4.5517037506215274e-05,0,9,2,669.4915161132812
17,-0.1707317073170731,9.27166547626257e-05,0,9,2,669.4915161132812
18,-0.12195121951219512,6.708582805003971e-05,0,9,2,669.4915161132812
19,-0.07317073170731703,2.1351015675463714e-05,0,9,2,669.4915161132812
20,-0.024390243902439046,6.004844635754125e-06,0,9,2,669.4915161132812
21,0.024390243902439046,3.3984706533374265e-06,0,9,2,669.4915161132812
22,0.07317073170731714,3.3601779136915866e-07,0,9,2,669.4915161132812
23,0.12195121951219523,2.184356162615586e-07,0,9,2,669.4915161132812
24,0.17073170731707332,1.378975753141276e-06,0,9,2,669.4915161132812
25,0.2195121951219512,1.6821421695567551e-06,0,9,2,669.4915161132812
26,0.2682926829268293,7.058911251078825e-07,0,9,2,669.4915161132812
27,0.3170731707317074,2.9133519774404704e-07,0,9,2,669.4915161132812
28,0.36585365853658547,1.1252220843971372e-07,0,9,2,669.4915161132812
29,0.41463414634146356,0.0,0,9,2,669.4915161132812
30,0.46341463414634143,0.0,0,9,2,669.4915161132812
31,0.5121951219512195,0.0,0,9,2,669.4915161132812
32,0.5609756097560976,0.0,0,9,2,669.4915161132812
33,0.6097560975609757,0.0,0,9,2,669.4915161132812
34,0.6585365853658538,0.0,0,9,2,669.4915161132812
35,0.7073170731707317,0.0,0,9,2,669.4915161132812
36,0.7560975609756098,0.0,0,9,2,669.4915161132812
37,0.8048780487804879,0.0,0,9,2,669.4915161132812
38,0.853658536585366,0.0,0,9,2,669.4915161132812
39,0.902439024390244,0.0,0,9,2,669.4915161132812
40,0.9512195121951219,0.0,0,9,2,669.4915161132812
41,1.0,0.0,0,9,2,669.4915161132812
0,-1.0,0.0,1,-8,-8,669.4915161132812
1,-0.9512195121951219,0.0,1,-8,-8,669.4915161132812
2,-0.9024390243902439,0.0,1,-8,-8,669.4915161132812
3,-0.8536585365853658,0.0,1,-8,-8,669.4915161132812
4,-0.8048780487804879,0.0,1,-8,-8,669.4915161132812
5,-0.7560975609756098,0.0,1,-8,-8,669.4915161132812
6,-0.7073170731707317,0.0,1,-8,-8,669.4915161132812
7,-0.6585365853658536,0.0,1,-8,-8,669.4915161132812
8,-0.6097560975609756,0.0,1,-8,-8,669.4915161132812
9,-0.5609756097560976,0.0,1,-8,-8,669.4915161132812
10,-0.5121951219512195,0.0,1,-8,-8,669.4915161132812
11,-0.46341463414634143,0.0,1,-8,-8,669.4915161132812
12,-0.41463414634146334,0.0,1,-8,-8,669.4915161132812
13,-0.36585365853658536,0.0,1,-8,-8,669.4915161132812
14,-0.31707317073170727,0.0,1,-8,-8,669.4915161132812
15,-0.2682926829268293,0.0,1,-8,-8,669.4915161132812
16,-0.2195121951219512,0.0,1,-8,-8,669.4915161132812
17,-0.1707317073170731,0.0,1,-8,-8,669.4915161132812
18,-0.12195121951219512,0.0,1,-8,-8,669.4915161132812
19,-0.07317073170731703,0.0,1,-8,-8,669.4915161132812
20,-0.024390243902439046,7.853120820300319e-08,1,-8,-8,669.4915161132812
21,0.024390243902439046,8.605277344031492e-07,1,-8,-8,669.4915161132812
22,0.07317073170731714,1.8449952676746761e-06,1,-8,-8,669.4915161132812
23,0.12195121951219523,2.5083903665290563e-07,1,-8,-8,669.4915161132812
24,0.17073170731707332,4.3057031007265323e-07,1,-8,-8,669.4915161132812
25,0.2195121951219512,1.1412261073928676e-06,1,-8,-8,669.4915161132812
26,0.2682926829268293,4.919962520943955e-06,1,-8,-8,669.4915161132812
27,0.3170731707317074,2.5444589937251294e-06,1,-8,-8,669.4915161132812
28,0.36585365853658547,3.50218101630162e-07,1,-8,-8,669.4915161132812
29,0.41463414634146356,8.101461617116001e-07,1,-8,-8,669.4915161132812
30,0.46341463414634143,6.768380558241915e-07,1,-8,-8,669.4915161132812
31,0.5121951219512195,1.095642255677376e-05,1,-8,-8,669.4915161132812
32,0.5609756097560976,0.00021862817811779678,1,-8,-8,669.4915161132812
33,0.6097560975609757,7.44269709684886e-06,1,-8,-8,669.4915161132812
34,0.6585365853658538,2.866300019377377e-05,1,-8,-8,669.4915161132812
35,0.7073170731707317,4.3231513700447977e-05,1,-8,-8,669.4915161132812
36,0.7560975609756098,7.158829703257652e-06,1,-8,-8,669.4915161132812
37,0.8048780487804879,1.5692058923377772e-06,1,-8,-8,669.4915161132812
38,0.853658536585366,2.7009409109268745e-07,1,-8,-8,669.4915161132812
39,0.902439024390244,7.131273349614276e-08,1,-8,-8,669.4915161132812
40,0.9512195121951219,6.087676069910231e-07,1,-8,-8,669.4915161132812
41,1.0,3.4725708530913835e-08,1,-8,-8,669.4915161132812
0,-1.0,6.367599780787714e-06,1,-8,-7,669.4915161132812
1,-0.9512195121951219,1.8979979358846322e-05,1,-8,-7,669.4915161132812
2,-0.9024390243902439,5.476710430230014e-05,1,-8,-7,669.4915161132812
3,-0.8536585365853658,4.793015250470489e-05,1,-8,-7,669.4915161132812
4,-0.8048780487804879,0.0004365183995105326,1,-8,-7,669.4915161132812
5,-0.7560975609756098,0.0001116851344704628,1,-8,-7,669.4915161132812
6,-0.7073170731707317,1.9874462395819137e-06,1,-8,-7,669.4915161132812
7,-0.6585365853658536,2.3111742848413996e-06,1,-8,-7,669.4915161132812
8,-0.6097560975609756,1.5159790223151504e-07,1,-8,-7,669.4915161132812
9,-0.5609756097560976,4.9173031584359705e-06,1,-8,-7,669.4915161132812
10,-0.5121951219512195,2.712009461447451e-07,1,-8,-7,669.4915161132812
11,-0.46341463414634143,3.87885961572465e-07,1,-8,-7,669.4915161132812
12,-0.41463414634146334,3.519685378705617e-07,1,-8,-7,669.4915161132812
13,-0.36585365853658536,1.078551434829933e-07,1,-8,-7,669.4915161132812
14,-0.31707317073170727,7.927535961016474e-08,1,-8,-7,669.4915161132812
15,-0.2682926829268293,2.4151367483682407e-07,1,-8,-7,669.4915161132812
16,-0.2195121951219512,3.561129915397032e-07,1,-8,-7,669.4915161132812
17,-0.1707317073170731,0.0,1,-8,-7,669.4915161132812
18,-0.12195121951219512,0.0,1,-8,-7,669.4915161132812
19,-0.07317073170731703,0.0,1,-8,-7,669.4915161132812
20,-0.024390243902439046,0.0,1,-8,-7,669.4915161132812
21,0.024390243902439046,0.0,1,-8,-7,669.4915161132812
22,0.07317073170731714,0.0,1,-8,-7,669.4915161132812
23,0.12195121951219523,0.0,1,-8,-7,669.4915161132812
24,0.17073170731707332,0.0,1,-8,-7,669.4915161132812
25,0.2195121951219512,0.0,1,-8,-7,669.4915161132812
26,0.2682926829268293,0.0,1,-8,-7,669.4915161132812
27,0.3170731707317074,0.0,1,-8,-7,669.4915161132812
28,0.36585365853658547,0.0,1,-8,-7,669.4915161132812
29,0.41463414634146356,0.0,1,-8,-7,669.4915161132812
30,0.46341463414634143,0.0,1,-8,-7,669.4915161132812
31,0.5121951219512195,0.0,1,-8,-7,669.4915161132812
32,0.5609756097560976,0.0,1,-8,-7,669.4915161132812
33,0.6097560975609757,0.0,1,-8,-7,669.4915161132812
34,0.6585365853658538,0.0,1,-8,-7,669.4915161132812
35,0.7073170731707317,0.0,1,-8,-7,669.4915161132812
36,0.7560975609756098,0.0,1,-8,-7,669.4915161132812
37,0.8048780487804879,0.0,1,-8,-7,669.4915161132812
38,0.853658536585366,0.0,1,-8,-7,669.4915161132812
39,0.902439024390244,0.0,1,-8,-7,669.4915161132812
40,0.9512195121951219,0.0,1,-8,-7,669.4915161132812
41,1.0,0.0,1,-8,-7,669.4915161132812
0,-1.0,0.0,1,-7,-7,669.4915161132812
1,-0.9512195121951219,0.0,1,-7,-7,669.4915161132812
2,-0.9024390243902439,0.0,1,-7,-7,669.4915161132812
3,-0.8536585365853658,0.0,1,-7,-7,669.4915161132812
4,-0.8048780487804879,0.0,1,-7,-7,669.4915161132812
5,-0.7560975609756098,0.0,1,-7,-7,669.4915161132812
6,-0.7073170731707317,0.0,1,-7,-7,669.4915161132812
7,-0.6585365853658536,1.1609957937253057e-06,1,-7,-7,669.4915161132812
8,-0.6097560975609756,1.3385074453253765e-06,1,-7,-7,669.4915161132812
9,-0.5609756097560976,2.417456244074856e-06,1,-7,-7,669.4915161132812
10,-0.5121951219512195,1.4834465218882542e-05,1,-7,-7,669.4915161132812
11,-0.46341463414634143,2.6275070013070945e-06,1,-7,-7,669.4915161132812
12,-0.41463414634146334,7.010413810348837e-06,1,-7,-7,669.4915161132812
13,-0.36585365853658536,1.5074650036694948e-05,1,-7,-7,669.4915161132812
14,-0.31707317073170727,1.0015166481025517e-05,1,-7,-7,669.4915161132812
15,-0.2682926829268293,2.6211160729872063e-05,1,-7,-7,669.4915161132812
16,-0.2195121951219512,1.3533871424442623e-05,1,-7,-7,669.4915161132812
17,-0.1707317073170731,1.1576122233236674e-05,1,-7,-7,669.4915161132812
18,-0.12195121951219512,4.9842565204016864e-06,1,-7,-7,669.4915161132812
19,-0.07317073170731703,1.697377683740342e-06,1,-7,-7,669.4915161132812
20,-0.024390243902439046,3.340405964991078e-05,1,-7,-7,669.4915161132812
21,0.024390243902439046,0.00017382114310748875,1,-7,-7,669.4915161132812
22,0.07317073170731714,0.0009000917198136449,1,-7,-7,669.4915161132812
23,0.12195121951219523,0.0002419802185613662,1,-7,-7,669.4915161132812
24,0.17073170731707332,9.648704690334853e-06,1,-7,-7,669.4915161132812
25,0.2195121951219512,5.3907920118945185e-06,1,-7,-7,669.4915161132812
26,0.2682926829268293,5.065466552878206e-07,1,-7,-7,669.4915161132812
27,0.3170731707317074,5.748602802668756e-07,1,-7,-7,669.4915161132812
28,0.36585365853658547,1.4105789887253195e-06,1,-7,-7,669.4915161132812
29,0.41463414634146356,3.0650863891423796e-07,1,-7,-7,669.4915161132812
30,0.46341463414634143,1.7383416661687079e-06,1,-7,-7,669.4915161132812
31,0.5121951219512195,1.1572114999580663e-06,1,-7,-7,669.4915161132812
32,0.5609756097560976,6.47000319986546e-08,1,-7,-7,669.4915161132812
33,0.6097560975609757,4.343640966908424e-07,1,-7,-7,669.4915161132812
34,0.6585365853658538,6.079700597183546e-06,1,-7,-7,669.4915161132812
35,0.7073170731707317,9.866309937933693e-07,1,-7,-7,669.4915161132812
36,0.7560975609756098,0.0,1,-7,-7,669.4915161132812
37,0.8048780487804879,0.0,1,-7,-7,669.4915161132812
38,0.853658536585366,0.0,1,-7,-7,669.4915161132812
39,0.902439024390244,0.0,1,-7,-7,669.4915161132812
40,0.9512195121951219,0.0,1,-7,-7,669.4915161132812
41,1.0,0.0,1,-7,-7,669.4915161132812
0,-1.0,8.986936882138252e-05,1,-6,-6,669.4915161132812
1,-0.9512195121951219,8.075467485468835e-05,1,-6,-6,669.4915161132812
2,-0.9024390243902439,4.918620106764138e-05,1,-6,-6,669.4915161132812
3,-0.8536585365853658,0.000533749524038285,1,-6,-6,669.4915161132812
4,-0.8048780487804879,0.011102750897407532,1,-6,-6,669.4915161132812
5,-0.7560975609756098,0.02373570203781128,1,-6,-6,669.4915161132812
6,-0.7073170731707317,0.0012082261964678764,1,-6,-6,669.4915161132812
7,-0.6585365853658536,1.6859432435012423e-05,1,-6,-6,669.4915161132812
8,-0.6097560975609756,0.0002035674115177244,1,-6,-6,669.4915161132812
9,-0.5609756097560976,2.390830559306778e-05,1,-6,-6,669.4915161132812
10,-0.5121951219512195,2.570603282947559e-05,1,-6,-6,669.4915161132812
11,-0.46341463414634143,1.8630213162396103e-05,1,-6,-6,669.4915161132812
12,-0.41463414634146334,3.3896533295774134e-06,1,-6,-6,669.4915161132812
13,-0.36585365853658536,1.5152167179621756e-05,1,-6,-6,669.4915161132812
14,-0.31707317073170727,2.0035664419992827e-05,1,-6,-6,669.4915161132812
15,-0.2682926829268293,8.449582310277037e-06,1,-6,-6,669.4915161132812
16,-0.2195121951219512,5.480643494593096e-07,1,-6,-6,669.4915161132812
17,-0.1707317073170731,8.944626642914955e-06,1,-6,-6,669.4915161132812
18,-0.12195121951219512,5.478566890815273e-06,1,-6,-6,669.4915161132812
19,-0.07317073170731703,5.2826521823590156e-06,1,-6,-6,669.4915161132812
20,-0.024390243902439046,1.0123548008778016e-06,1,-6,-6,669.4915161132812
21,0.024390243902439046,3.317448431516823e-07,1,-6,-6,669.4915161132812
22,0.07317073170731714,0.0,1,-6,-6,669.4915161132812
23,0.12195121951219523,0.0,1,-6,-6,669.4915161132812
24,0.17073170731707332,0.0,1,-6,-6,669.4915161132812
25,0.2195121951219512,0.0,1,-6,-6,669.4915161132812
26,0.2682926829268293,0.0,1,-6,-6,669.4915161132812
27,0.3170731707317074,0.0,1,-6,-6,669.4915161132812
28,0.36585365853658547,0.0,1,-6,-6,669.4915161132812
29,0.41463414634146356,0.0,1,-6,-6,669.4915161132812
30,0.46341463414634143,0.0,1,-6,-6,669.4915161132812
31,0.5121951219512195,0.0,1,-6,-6,669.4915161132812
32,0.5609756097560976,0.0,1,-6,-6,669.4915161132812
33,0.6097560975609757,0.0,1,-6,-6,669.4915161132812
34,0.6585365853658538,0.0,1,-6,-6,669.4915161132812
35,0.7073170731707317,0.0,1,-6,-6,669.4915161132812
36,0.7560975609756098,0.0,1,-6,-6,669.4915161132812
37,0.8048780487804879,0.0,1,-6,-6,669.4915161132812
38,0.853658536585366,0.0,1,-6,-6,669.4915161132812
39,0.902439024390244,0.0,1,-6,-6,669.4915161132812
40,0.9512195121951219,0.0,1,-6,-6,669.4915161132812
41,1.0,0.0,1,-6,-6,669.4915161132812
0,-1.0,0.0,1,-5,-6,669.4915161132812
1,-0.9512195121951219,0.0,1,-5,-6,669.4915161132812
2,-0.9024390243902439,0.0,1,-5,-6,669.4915161132812
3,-0.8536585365853658,0.0,1,-5,-6,669.4915161132812
4,-0.8048780487804879,0.0,1,-5,-6,669.4915161132812
5,-0.7560975609756098,0.0,1,-5,-6,669.4915161132812
6,-0.7073170731707317,0.0,1,-5,-6,669.4915161132812
7,-0.6585365853658536,1.72188219949021e-06,1,-5,-6,669.4915161132812
8,-0.6097560975609756,1.6203207451326307e-06,1,-5,-6,669.4915161132812
9,-0.5609756097560976,6.657043286395492e-06,1,-5,-6,669.4915161132812
10,-0.5121951219512195,3.110909005954454e-07,1,-5,-6,669.4915161132812
11,-0.46341463414634143,4.418254320626147e-05,1,-5,-6,669.4915161132812
12,-0.41463414634146334,5.4307492973748595e-06,1,-5,-6,669.4915161132812
13,-0.36585365853658536,1.5015440112620126e-05,1,-5,-6,669.4915161132812
14,-0.31707317073170727,7.840257239877246e-06,1,-5,-6,669.4915161132812
15,-0.2682926829268293,1.1163924682477955e-05,1,-5,-6,669.4915161132812
16,-0.2195121951219512,5.673488885804545e-06,1,-5,-6,669.4915161132812
17,-0.1707317073170731,1.5501204870815855e-06,1,-5,-6,669.4915161132812
18,-0.12195121951219512,6.694577336929797e-07,1,-5,-6,669.4915161132812
19,-0.07317073170731703,2.5873055164993275e-07,1,-5,-6,669.4915161132812
20,-0.024390243902439046,5.83256451136549e-06,1,-5,-6,669.4915161132812
21,0.024390243902439046,1.6022211639210582e-05,1,-5,-6,669.4915161132812
22,0.07317073170731714,4.614908539224416e-05,1,-5,-6,669.4915161132812
23,0.12195121951219523,7.807654765201733e-05,1,-5,-6,669.4915161132812
24,0.17073170731707332,6.188418046804145e-05,1,-5,-6,669.4915161132812
25,0.2195121951219512,0.00013822705659549683,1,-5,-6,669.4915161132812
26,0.2682926829268293,6.034021862433292e-05,1,-5,-6,669.4915161132812
27,0.3170731707317074,0.0004311649245209992,1,-5,-6,669.4915161132812
28,0.36585365853658547,0.0007062017684802413,1,-5,-6,669.4915161132812
29,0.41463414634146356,7.07008657627739e-05,1,-5,-6,669.4915161132812
30,0.46341463414634143,0.00010120967635884881,1,-5,-6,669.4915161132812
31,0.5121951219512195,4.731869194074534e-05,1,-5,-6,669.4915161132812
32,0.5609756097560976,5.269870143820299e-06,1,-5,-6,669.4915161132812
33,0.6097560975609757,1.146205704571912e-05,1,-5,-6,669.4915161132812
34,0.6585365853658538,3.356362640261068e-06,1,-5,-6,669.4915161132812
35,0.7073170731707317,1.545303803140996e-06,1,-5,-6,669.4915161132812
36,0.7560975609756098,1.063109448296018e-05,1,-5,-6,669.4915161132812
37,0.8048780487804879,4.568502390611684e-06,1,-5,-6,669.4915161132812
38,0.853658536585366,2.3341945052379742e-06,1,-5,-6,669.4915161132812
39,0.902439024390244,1.430741008334735e-06,1,-5,-6,669.4915161132812
40,0.9512195121951219,7.003062023613893e-07,1,-5,-6,669.4915161132812
41,1.0,6.628432402067119e-06,1,-5,-6,669.4915161132812
0,-1.0,5.155763210495934e-05,1,-3,-5,669.4915161132812
1,-0.9512195121951219,5.8998419262934476e-05,1,-3,-5,669.4915161132812
2,-0.9024390243902439,8.189711024897406e-07,1,-3,-5,669.4915161132812
3,-0.8536585365853658,1.247811542270938e-05,1,-3,-5,669.4915161132812
4,-0.8048780487804879,7.98754354036646e-06,1,-3,-5,669.4915161132812
5,-0.7560975609756098,7.725094474153593e-05,1,-3,-5,669.4915161132812
6,-0.7073170731707317,7.687335892114788e-05,1,-3,-5,669.4915161132812
7,-0.6585365853658536,5.120270998304477e-06,1,-3,-5,669.4915161132812
8,-0.6097560975609756,4.226013697916642e-05,1,-3,-5,669.4915161132812
9,-0.5609756097560976,5.3488689445657656e-05,1,-3,-5,669.4915161132812
10,-0.5121951219512195,4.728950443677604e-05,1,-3,-5,669.4915161132812
11,-0.46341463414634143,1.1336491297697648e-05,1,-3,-5,669.4915161132812
12,-0.41463414634146334,4.651144990930334e-05,1,-3,-5,669.4915161132812
13,-0.36585365853658536,0.00015678942145314068,1,-3,-5,669.4915161132812
14,-0.31707317073170727,5.545955718844198e-05,1,-3,-5,669.4915161132812
15,-0.2682926829268293,0.0001461709471186623,1,-3,-5,669.4915161132812
16,-0.2195121951219512,0.0003600854251999408,1,-3,-5,669.4915161132812
17,-0.1707317073170731,5.600793883786537e-06,1,-3,-5,669.4915161132812
18,-0.12195121951219512,0.00014637749700341374,1,-3,-5,669.4915161132812
19,-0.07317073170731703,0.00028008100343868136,1,-3,-5,669.4915161132812
20,-0.024390243902439046,2.8831547751906328e-05,1,-3,-5,669.4915161132812
21,0.024390243902439046,0.0005327044636942446,1,-3,-5,669.4915161132812
22,0.07317073170731714,0.0003463604662101716,1,-3,-5,669.4915161132812
23,0.12195121951219523,5.187293572816998e-05,1,-3,-5,669.4915161132812
24,0.17073170731707332,0.0011231215903535485,1,-3,-5,669.4915161132812
25,0.2195121951219512,0.00030661694472655654,1,-3,-5,669.4915161132812
26,0.2682926829268293,0.0008000338566489518,1,-3,-5,669.4915161132812
27,0.3170731707317074,0.004333098419010639,1,-3,-5,669.4915161132812
28,0.36585365853658547,0.0014945089351385832,1,-3,-5,669.4915161132812
29,0.41463414634146356,0.009091212414205074,1,-3,-5,669.4915161132812
30,0.46341463414634143,0.04034794494509697,1,-3,-5,669.4915161132812
31,0.5121951219512195,0.05259456858038902,1,-3,-5,669.4915161132812
32,0.5609756097560976,0.022746173664927483,1,-3,-5,669.4915161132812
33,0.6097560975609757,0.0008143926388584077,1,-3,-5,669.4915161132812
34,0.6585365853658538,0.003287878120318055,1,-3,-5,669.4915161132812
35,0.7073170731707317,0.002171945059671998,1,-3,-5,669.4915161132812
36,0.7560975609756098,0.0001398604508722201,1,-3,-5,669.4915161132812
37,0.8048780487804879,0.00149320880882442,1,-3,-5,669.4915161132812
38,0.853658536585366,0.00042342583765275776,1,-3,-5,669.4915161132812
39,0.902439024390244,0.00019160077499691397,1,-3,-5,669.4915161132812
40,0.9512195121951219,0.0003711687750183046,1,-3,-5,669.4915161132812
41,1.0,1.7993261280935258e-05,1,-3,-5,669.4915161132812
0,-1.0,0.006638739723712206,1,-1,-4,669.4915161132812
1,-0.9512195121951219,0.020694827660918236,1,-1,-4,669.4915161132812
2,-0.9024390243902439,0.024307385087013245,1,-1,-4,669.4915161132812
3,-0.8536585365853658,0.021064946427941322,1,-1,-4,669.4915161132812
4,-0.8048780487804879,0.0593506284058094,1,-1,-4,669.4915161132812
5,-0.7560975609756098,0.1050165593624115,1,-1,-4,669.4915161132812
6,-0.7073170731707317,0.14484050869941711,1,-1,-4,669.4915161132812
7,-0.6585365853658536,0.2283729761838913,1,-1,-4,669.4915161132812
8,-0.6097560975609756,0.2914326786994934,1,-1,-4,669.4915161132812
9,-0.5609756097560976,0.35702288150787354,1,-1,-4,669.4915161132812
10,-0.5121951219512195,0.4165712296962738,1,-1,-4,669.4915161132812
11,-0.46341463414634143,0.427389919757843,1,-1,-4,669.4915161132812
12,-0.41463414634146334,0.4413161277770996,1,-1,-4,669.4915161132812
13,-0.36585365853658536,0.446243554353714,1,-1,-4,669.4915161132812
14,-0.31707317073170727,0.41261202096939087,1,-1,-4,669.4915161132812
15,-0.2682926829268293,0.3829095959663391,1,-1,-4,669.4915161132812
16,-0.2195121951219512,0.29909586906433105,1,-1,-4,669.4915161132812
17,-0.1707317073170731,0.1201118677854538,1,-1,-4,669.4915161132812
18,-0.12195121951219512,0.008668513968586922,1,-1,-4,669.4915161132812
19,-0.07317073170731703,0.0067591057159006596,1,-1,-4,669.4915161132812
20,-0.024390243902439046,0.009285198524594307,1,-1,-4,669.4915161132812
21,0.024390243902439046,9.125305223278701e-05,1,-1,-4,669.4915161132812
22,0.07317073170731714,0.006070655304938555,1,-1,-4,669.4915161132812
23,0.12195121951219523,0.01135452650487423,1,-1,-4,669.4915161132812
24,0.17073170731707332,0.015624955296516418,1,-1,-4,669.4915161132812
25,0.2195121951219512,0.017251145094633102,1,-1,-4,669.4915161132812
26,0.2682926829268293,0.014453103765845299,1,-1,-4,669.4915161132812
27,0.3170731707317074,0.01572183147072792,1,-1,-4,669.4915161132812
28,0.36585365853658547,0.011283015832304955,1,-1,-4,669.4915161132812
29,0.41463414634146356,0.0045670573599636555,1,-1,-4,669.4915161132812
30,0.46341463414634143,0.0011189862852916121,1,-1,-4,669.4915161132812
31,0.5121951219512195,1.4122768334345892e-05,1,-1,-4,669.4915161132812
32,0.5609756097560976,0.0010877186432480812,1,-1,-4,669.4915161132812
33,0.6097560975609757,0.0035679724533110857,1,-1,-4,669.4915161132812
34,0.6585365853658538,0.006464892998337746,1,-1,-4,669.4915161132812
35,0.7073170731707317,0.0075476812198758125,1,-1,-4,669.4915161132812
36,0.7560975609756098,0.006912537384778261,1,-1,-4,669.4915161132812
37,0.8048780487804879,0.006057578604668379,1,-1,-4,669.4915161132812
38,0.853658536585366,0.004043642431497574,1,-1,-4,669.4915161132812
39,0.902439024390244,0.0012541500618681312,1,-1,-4,669.4915161132812
40,0.9512195121951219,5.7861730056174565e-06,1,-1,-4,669.4915161132812
41,1.0,0.0004909225390292704,1,-1,-4,669.4915161132812
0,-1.0,0.0012823446886613965,1,2,-3,669.4915161132812
1,-0.9512195121951219,0.0005029688472859561,1,2,-3,669.4915161132812
2,-0.9024390243902439,0.00018053065286949277,1,2,-3,669.4915161132812
3,-0.8536585365853658,0.0021776542998850346,1,2,-3,669.4915161132812
4,-0.8048780487804879,0.0006091308896429837,1,2,-3,669.4915161132812
5,-0.7560975609756098,0.0003240459773223847,1,2,-3,669.4915161132812
6,-0.7073170731707317,0.0013765619369223714,1,2,-3,669.4915161132812
7,-0.6585365853658536,0.001576542155817151,1,2,-3,669.4915161132812
8,-0.6097560975609756,0.0014166847104206681,1,2,-3,669.4915161132812
9,-0.5609756097560976,0.000318013975629583,1,2,-3,669.4915161132812
10,-0.5121951219512195,0.0023080999962985516,1,2,-3,669.4915161132812
11,-0.46341463414634143,0.006876824889332056,1,2,-3,669.4915161132812
12,-0.41463414634146334,0.0003247521526645869,1,2,-3,669.4915161132812
13,-0.36585365853658536,0.01616594009101391,1,2,-3,669.4915161132812
14,-0.31707317073170727,0.037663113325834274,1,2,-3,669.4915161132812
15,-0.2682926829268293,0.01613597758114338,1,2,-3,669.4915161132812
16,-0.2195121951219512,0.09633713960647583,1,2,-3,669.4915161132812
17,-0.1707317073170731,0.3621481955051422,1,2,-3,669.4915161132812
18,-0.12195121951219512,0.5376303195953369,1,2,-3,669.4915161132812
19,-0.07317073170731703,0.41347843408584595,1,2,-3,669.4915161132812
20,-0.024390243902439046,0.15530748665332794,1,2,-3,669.4915161132812
21,0.024390243902439046,0.01249598991125822,1,2,-3,669.4915161132812
22,0.07317073170731714,0.009319351054728031,1,2,-3,669.4915161132812
23,0.12195121951219523,0.026271212846040726,1,2,-3,669.4915161132812
24,0.17073170731707332,0.012038345448672771,1,2,-3,669.4915161132812
25,0.2195121951219512,0.0007384729105979204,1,2,-3,669.4915161132812
26,0.2682926829268293,0.0020576913375407457,1,2,-3,669.4915161132812
27,0.3170731707317074,0.002253712387755513,1,2,-3,669.4915161132812
28,0.36585365853658547,4.571214594761841e-05,1,2,-3,669.4915161132812
29,0.41463414634146356,0.0018246506806463003,1,2,-3,669.4915161132812
30,0.46341463414634143,0.003339567454531789,1,2,-3,669.4915161132812
31,0.5121951219512195,0.0006440026336349547,1,2,-3,669.4915161132812
32,0.5609756097560976,0.0008347879629582167,1,2,-3,669.4915161132812
33,0.6097560975609757,0.002857628045603633,1,2,-3,669.4915161132812
34,0.6585365853658538,0.0008668748778291047,1,2,-3,669.4915161132812
35,0.7073170731707317,9.98130562948063e-05,1,2,-3,669.4915161132812
36,0.7560975609756098,0.0014754664152860641,1,2,-3,669.4915161132812
37,0.8048780487804879,0.0006357543170452118,1,2,-3,669.4915161132812
38,0.853658536585366,0.00015720029477961361,1,2,-3,669.4915161132812
39,0.902439024390244,0.00021216750610619783,1,2,-3,669.4915161132812
40,0.9512195121951219,0.0011229185620322824,1,2,-3,669.4915161132812
41,1.0,0.0003690666635520756,1,2,-3,669.4915161132812
0,-1.0,0.0,1,5,-2,669.4915161132812
1,-0.9512195121951219,0.0,1,5,-2,669.4915161132812
2,-0.9024390243902439,0.0,1,5,-2,669.4915161132812
3,-0.8536585365853658,0.0,1,5,-2,669.4915161132812
4,-0.8048780487804879,0.0,1,5,-2,669.4915161132812
5,-0.7560975609756098,0.0,1,5,-2,669.4915161132812
6,-0.7073170731707317,0.0,1,5,-2,669.4915161132812
7,-0.6585365853658536,0.0,1,5,-2,669.4915161132812
8,-0.6097560975609756,0.0,1,5,-2,669.4915161132812
9,-0.5609756097560976,0.0,1,5,-2,669.4915161132812
10,-0.5121951219512195,0.0,1,5,-2,669.4915161132812
11,-0.46341463414634143,1.0389726412540767e-06,1,5,-2,669.4915161132812
12,-0.41463414634146334,2.636538511069375e-06,1,5,-2,669.4915161132812
13,-0.36585365853658536,7.418008408421883e-06,1,5,-2,669.4915161132812
14,-0.31707317073170727,8.744022125029005e-06,1,5,-2,669.4915161132812
15,-0.2682926829268293,1.3567616406362504e-05,1,5,-2,669.4915161132812
16,-0.2195121951219512,1.7700029275147244e-05,1,5,-2,669.4915161132812
17,-0.1707317073170731,0.00018092137179337442,1,5,-2,669.4915161132812
18,-0.12195121951219512,0.00020951796614099294,1,5,-2,669.4915161132812
19,-0.07317073170731703,0.00016966248222161084,1,5,-2,669.4915161132812
20,-0.024390243902439046,7.234531949507073e-05,1,5,-2,669.4915161132812
21,0.024390243902439046,1.1165387149958406e-05,1,5,-2,669.4915161132812
22,0.07317073170731714,3.077923975070007e-05,1,5,-2,669.4915161132812
23,0.12195121951219523,3.5853339795721695e-05,1,5,-2,669.4915161132812
24,0.17073170731707332,0.00014184805331751704,1,5,-2,669.4915161132812
25,0.2195121951219512,0.0005166311748325825,1,5,-2,669.4915161132812
26,0.2682926829268293,0.0012644045054912567,1,5,-2,669.4915161132812
27,0.3170731707317074,0.0001445799134671688,1,5,-2,669.4915161132812
28,0.36585365853658547,2.4266240870929323e-05,1,5,-2,669.4915161132812
29,0.41463414634146356,0.0055948281660676,1,5,-2,669.4915161132812
30,0.46341463414634143,0.0069321803748607635,1,5,-2,669.4915161132812
31,0.5121951219512195,0.00010991017188644037,1,5,-2,669.4915161132812
32,0.5609756097560976,0.00016533699817955494,1,5,-2,669.4915161132812
33,0.6097560975609757,0.00026428591809235513,1,5,-2,669.4915161132812
34,0.6585365853658538,0.000519474153406918,1,5,-2,669.4915161132812
35,0.7073170731707317,0.0006443509482778609,1,5,-2,669.4915161132812
36,0.7560975609756098,0.0002825958945322782,1,5,-2,669.4915161132812
37,0.8048780487804879,5.5922017054399475e-05,1,5,-2,669.4915161132812
38,0.853658536585366,0.0002816920750774443,1,5,-2,669.4915161132812
39,0.902439024390244,0.00021118611039128155,1,5,-2,669.4915161132812
40,0.9512195121951219,9.214680176228285e-06,1,5,-2,669.4915161132812
41,1.0,1.8298909708391875e-05,1,5,-2,669.4915161132812
0,-1.0,0.0,1,6,-2,669.4915161132812
1,-0.9512195121951219,0.0,1,6,-2,669.4915161132812
2,-0.9024390243902439,0.0,1,6,-2,669.4915161132812
3,-0.8536585365853658,0.0,1,6,-2,669.4915161132812
4,-0.8048780487804879,1.5753707316434884e-07,1,6,-2,669.4915161132812
5,-0.7560975609756098,2.3715347197139636e-06,1,6,-2,669.4915161132812
6,-0.7073170731707317,6.259553231302561e-08,1,6,-2,669.4915161132812
7,-0.6585365853658536,5.898616564081749e-06,1,6,-2,669.4915161132812
8,-0.6097560975609756,2.565300576407026e-07,1,6,-2,669.4915161132812
9,-0.5609756097560976,1.3263199605262344e-07,1,6,-2,669.4915161132812
10,-0.5121951219512195,2.918540531027247e-06,1,6,-2,669.4915161132812
11,-0.46341463414634143,1.6264285704892245e-06,1,6,-2,669.4915161132812
12,-0.41463414634146334,3.777611709665507e-06,1,6,-2,669.4915161132812
13,-0.36585365853658536,4.192100107047736e-07,1,6,-2,669.4915161132812
14,-0.31707317073170727,5.492362561199116e-06,1,6,-2,669.4915161132812
15,-0.2682926829268293,1.4788432963541709e-05,1,6,-2,669.4915161132812
16,-0.2195121951219512,5.29056487721391e-05,1,6,-2,669.4915161132812
17,-0.1707317073170731,4.502642241277499e-06,1,6,-2,669.4915161132812
18,-0.12195121951219512,0.00011830238508991897,1,6,-2,669.4915161132812
19,-0.07317073170731703,0.001180626917630434,1,6,-2,669.4915161132812
20,-0.024390243902439046,0.004572068806737661,1,6,-2,669.4915161132812
21,0.024390243902439046,0.00032084883423522115,1,6,-2,669.4915161132812
22,0.07317073170731714,5.764954948972445e-06,1,6,-2,669.4915161132812
23,0.12195121951219523,2.748947918007616e-05,1,6,-2,669.4915161132812
24,0.17073170731707332,8.484371937811375e-05,1,6,-2,669.4915161132812
25,0.2195121951219512,1.6100055290735327e-05,1,6,-2,669.4915161132812
26,0.2682926829268293,1.983343054234865e-06,1,6,-2,669.4915161132812
27,0.3170731707317074,8.397445867558417e-07,1,6,-2,669.4915161132812
28,0.36585365853658547,2.392151600361103e-06,1,6,-2,669.4915161132812
29,0.41463414634146356,5.096305358165409e-06,1,6,-2,669.4915161132812
30,0.46341463414634143,9.923172001435887e-06,1,6,-2,669.4915161132812
31,0.5121951219512195,7.078151611494832e-07,1,6,-2,669.4915161132812
32,0.5609756097560976,1.2432978735432698e-07,1,6,-2,669.4915161132812
33,0.6097560975609757,3.5872662351721374e-07,1,6,-2,669.4915161132812
34,0.6585365853658538,7.847242500247376e-07,1,6,-2,669.4915161132812
35,0.7073170731707317,3.1907103448247653e-07,1,6,-2,669.4915161132812
36,0.7560975609756098,0.0,1,6,-2,669.4915161132812
37,0.8048780487804879,0.0,1,6,-2,669.4915161132812
38,0.853658536585366,0.0,1,6,-2,669.4915161132812
39,0.902439024390244,0.0,1,6,-2,669.4915161132812
40,0.9512195121951219,0.0,1,6,-2,669.4915161132812
41,1.0,0.0,1,6,-2,669.4915161132812
0,-1.0,4.673022999668319e-07,1,7,-2,669.4915161132812
1,-0.9512195121951219,8.028952152017155e-07,1,7,-2,669.4915161132812
2,-0.9024390243902439,6.92387800427241e-07,1,7,-2,669.4915161132812
3,-0.8536585365853658,6.53658958071901e-07,1,7,-2,669.4915161132812
4,-0.8048780487804879,9.115208854382217e-07,1,7,-2,669.4915161132812
5,-0.7560975609756098,3.533464223437477e-06,1,7,-2,669.4915161132812
6,-0.7073170731707317,4.013882517028833e-06,1,7,-2,669.4915161132812
7,-0.6585365853658536,1.9303738554299343e-06,1,7,-2,669.4915161132812
8,-0.6097560975609756,4.7542225729557686e-06,1,7,-2,669.4915161132812
9,-0.5609756097560976,1.1575471035030205e-05,1,7,-2,669.4915161132812
10,-0.5121951219512195,1.6353409591829404e-05,1,7,-2,669.4915161132812
11,-0.46341463414634143,1.0430676411488093e-05,1,7,-2,669.4915161132812
12,-0.41463414634146334,3.8170284824445844e-05,1,7,-2,669.4915161132812
13,-0.36585365853658536,0.0001874101726571098,1,7,-2,669.4915161132812
14,-0.31707317073170727,0.0005855884519405663,1,7,-2,669.4915161132812
15,-0.2682926829268293,4.7036770411068574e-05,1,7,-2,669.4915161132812
16,-0.2195121951219512,7.465270357442932e-08,1,7,-2,669.4915161132812
17,-0.1707317073170731,1.0697123116187868e-06,1,7,-2,669.4915161132812
18,-0.12195121951219512,7.972354865160014e-07,1,7,-2,669.4915161132812
19,-0.07317073170731703,9.460702443675473e-08,1,7,-2,669.4915161132812
20,-0.024390243902439046,4.646698016586015e-06,1,7,-2,669.4915161132812
21,0.024390243902439046,7.54075472286786e-07,1,7,-2,669.4915161132812
22,0.07317073170731714,1.7177390532197023e-07,1,7,-2,669.4915161132812
23,0.12195121951219523,4.8568061572495935e-08,1,7,-2,669.4915161132812
24,0.17073170731707332,5.252811092759657e-07,1,7,-2,669.4915161132812
25,0.2195121951219512,8.053727924561827e-07,1,7,-2,669.4915161132812
26,0.2682926829268293,1.746296902638278e-06,1,7,-2,669.4915161132812
27,0.3170731707317074,7.199140839020401e-08,1,7,-2,669.4915161132812
28,0.36585365853658547,0.0,1,7,-2,669.4915161132812
29,0.41463414634146356,0.0,1,7,-2,669.4915161132812
30,0.46341463414634143,0.0,1,7,-2,669.4915161132812
31,0.5121951219512195,0.0,1,7,-2,669.4915161132812
32,0.5609756097560976,0.0,1,7,-2,669.4915161132812
33,0.6097560975609757,0.0,1,7,-2,669.4915161132812
34,0.6585365853658538,0.0,1,7,-2,669.4915161132812
35,0.7073170731707317,0.0,1,7,-2,669.4915161132812
36,0.7560975609756098,0.0,1,7,-2,669.4915161132812
37,0.8048780487804879,0.0,1,7,-2,669.4915161132812
38,0.853658536585366,0.0,1,7,-2,669.4915161132812
39,0.902439024390244,0.0,1,7,-2,669.4915161132812
40,0.9512195121951219,0.0,1,7,-2,669.4915161132812
41,1.0,0.0,1,7,-2,669.4915161132812
0,-1.0,1.1799392041211831e-06,1,8,-2,669.4915161132812
1,-0.9512195121951219,1.6422021872131154e-05,1,8,-2,669.4915161132812
2,-0.9024390243902439,6.010779998177895e-06,1,8,-2,669.4915161132812
3,-0.8536585365853658,1.0758912139863241e-05,1,8,-2,669.4915161132812
4,-0.8048780487804879,6.198277787916595e-06,1,8,-2,669.4915161132812
5,-0.7560975609756098,1.0546213161433116e-05,1,8,-2,669.4915161132812
6,-0.7073170731707317,1.7197251509060152e-05,1,8,-2,669.4915161132812
7,-0.6585365853658536,2.7057456009060843e-06,1,8,-2,669.4915161132812
8,-0.6097560975609756,1.174992121377727e-06,1,8,-2,669.4915161132812
9,-0.5609756097560976,2.2560348952538334e-05,1,8,-2,669.4915161132812
10,-0.5121951219512195,0.003226103726774454,1,8,-2,669.4915161132812
11,-0.46341463414634143,2.3388731733575696e-06,1,8,-2,669.4915161132812
12,-0.41463414634146334,2.8236026992090046e-05,1,8,-2,669.4915161132812
13,-0.36585365853658536,1.1371748769306578e-05,1,8,-2,669.4915161132812
14,-0.31707317073170727,2.1229141566436738e-05,1,8,-2,669.4915161132812
15,-0.2682926829268293,1.145144324254943e-05,1,8,-2,669.4915161132812
16,-0.2195121951219512,9.225792382494546e-06,1,8,-2,669.4915161132812
17,-0.1707317073170731,5.816463726660004e-06,1,8,-2,669.4915161132812
18,-0.12195121951219512,2.846083134500077e-06,1,8,-2,669.4915161132812
19,-0.07317073170731703,1.6546075585210929e-06,1,8,-2,669.4915161132812
20,-0.024390243902439046,1.7530248896946432e-06,1,8,-2,669.4915161132812
21,0.024390243902439046,9.267894824915857e-07,1,8,-2,669.4915161132812
22,0.07317073170731714,1.6378310192521894e-06,1,8,-2,669.4915161132812
23,0.12195121951219523,0.0,1,8,-2,669.4915161132812
24,0.17073170731707332,0.0,1,8,-2,669.4915161132812
25,0.2195121951219512,0.0,1,8,-2,669.4915161132812
26,0.2682926829268293,0.0,1,8,-2,669.4915161132812
27,0.3170731707317074,0.0,1,8,-2,669.4915161132812
28,0.36585365853658547,0.0,1,8,-2,669.4915161132812
29,0.41463414634146356,0.0,1,8,-2,669.4915161132812
30,0.46341463414634143,0.0,1,8,-2,669.4915161132812
31,0.5121951219512195,0.0,1,8,-2,669.4915161132812
32,0.5609756097560976,0.0,1,8,-2,669.4915161132812
33,0.6097560975609757,0.0,1,8,-2,669.4915161132812
34,0.6585365853658538,0.0,1,8,-2,669.4915161132812
35,0.7073170731707317,0.0,1,8,-2,669.4915161132812
36,0.7560975609756098,0.0,1,8,-2,669.4915161132812
37,0.8048780487804879,0.0,1,8,-2,669.4915161132812
38,0.853658536585366,0.0,1,8,-2,669.4915161132812
39,0.902439024390244,0.0,1,8,-2,669.4915161132812
40,0.9512195121951219,0.0,1,8,-2,669.4915161132812
41,1.0,0.0,1,8,-2,669.4915161132812
0,-1.0,0.0,1,8,-1,669.4915161132812
1,-0.9512195121951219,0.0,1,8,-1,669.4915161132812
2,-0.9024390243902439,0.0,1,8,-1,669.4915161132812
3,-0.8536585365853658,0.0,1,8,-1,669.4915161132812
4,-0.8048780487804879,0.0,1,8,-1,669.4915161132812
5,-0.7560975609756098,0.0,1,8,-1,669.4915161132812
6,-0.7073170731707317,0.0,1,8,-1,669.4915161132812
7,-0.6585365853658536,0.0,1,8,-1,669.4915161132812
8,-0.6097560975609756,0.0,1,8,-1,669.4915161132812
9,-0.5609756097560976,0.0,1,8,-1,669.4915161132812
10,-0.5121951219512195,0.0,1,8,-1,669.4915161132812
11,-0.46341463414634143,0.0,1,8,-1,669.4915161132812
12,-0.41463414634146334,0.0,1,8,-1,669.4915161132812
13,-0.36585365853658536,0.0,1,8,-1,669.4915161132812
14,-0.31707317073170727,0.0,1,8,-1,669.4915161132812
15,-0.2682926829268293,0.0,1,8,-1,669.4915161132812
16,-0.2195121951219512,0.0,1,8,-1,669.4915161132812
17,-0.1707317073170731,0.0,1,8,-1,669.4915161132812
18,-0.12195121951219512,0.0,1,8,-1,669.4915161132812
19,-0.07317073170731703,0.0,1,8,-1,669.4915161132812
20,-0.024390243902439046,0.0,1,8,-1,669.4915161132812
21,0.024390243902439046,0.0,1,8,-1,669.4915161132812
22,0.07317073170731714,0.0,1,8,-1,669.4915161132812
23,0.12195121951219523,0.0,1,8,-1,669.4915161132812
24,0.17073170731707332,0.0,1,8,-1,669.4915161132812
25,0.2195121951219512,0.0,1,8,-1,669.4915161132812
26,0.2682926829268293,0.0,1,8,-1,669.4915161132812
27,0.3170731707317074,0.0,1,8,-1,669.4915161132812
28,0.36585365853658547,0.0,1,8,-1,669.4915161132812
29,0.41463414634146356,2.2310839540296e-06,1,8,-1,669.4915161132812
30,0.46341463414634143,1.6363058463753077e-08,1,8,-1,669.4915161132812
31,0.5121951219512195,3.985563125752378e-06,1,8,-1,669.4915161132812
32,0.5609756097560976,2.9909158456575824e-06,1,8,-1,669.4915161132812
33,0.6097560975609757,7.462305688932247e-07,1,8,-1,669.4915161132812
34,0.6585365853658538,1.0471998393768445e-05,1,8,-1,669.4915161132812
35,0.7073170731707317,7.924518286017701e-07,1,8,-1,669.4915161132812
36,0.7560975609756098,8.775805326877162e-07,1,8,-1,669.4915161132812
37,0.8048780487804879,1.3377482446230715e-06,1,8,-1,669.4915161132812
38,0.853658536585366,2.969604429381434e-05,1,8,-1,669.4915161132812
39,0.902439024390244,0.00011285156506346539,1,8,-1,669.4915161132812
40,0.9512195121951219,0.0012886987533420324,1,8,-1,669.4915161132812
41,1.0,0.0011450039455667138,1,8,-1,669.4915161132812
0,-1.0,5.07628726609255e-07,1,9,-2,669.4915161132812
1,-0.9512195121951219,1.0752876278274925e-06,1,9,-2,669.4915161132812
2,-0.9024390243902439,8.962902420250884e-09,1,9,-2,669.4915161132812
3,-0.8536585365853658,1.6169473155969172e-06,1,9,-2,669.4915161132812
4,-0.8048780487804879,4.9867517191160005e-06,1,9,-2,669.4915161132812
5,-0.7560975609756098,3.1650781693315366e-06,1,9,-2,669.4915161132812
6,-0.7073170731707317,7.687743163842242e-06,1,9,-2,669.4915161132812
7,-0.6585365853658536,9.298747499997262e-06,1,9,-2,669.4915161132812
8,-0.6097560975609756,0.0007795331766828895,1,9,-2,669.4915161132812
9,-0.5609756097560976,2.6668138161767274e-05,1,9,-2,669.4915161132812
10,-0.5121951219512195,3.861375807900913e-05,1,9,-2,669.4915161132812
11,-0.46341463414634143,4.003792582807364e-06,1,9,-2,669.4915161132812
12,-0.41463414634146334,8.21745061330148e-07,1,9,-2,669.4915161132812
13,-0.36585365853658536,5.818316822114866e-06,1,9,-2,669.4915161132812
14,-0.31707317073170727,2.8066676804883173e-06,1,9,-2,669.4915161132812
15,-0.2682926829268293,6.816785003138648e-07,1,9,-2,669.4915161132812
16,-0.2195121951219512,1.6253270587185398e-06,1,9,-2,669.4915161132812
17,-0.1707317073170731,7.474732228729408e-06,1,9,-2,669.4915161132812
18,-0.12195121951219512,2.6847853860090254e-06,1,9,-2,669.4915161132812
19,-0.07317073170731703,0.0,1,9,-2,669.4915161132812
20,-0.024390243902439046,0.0,1,9,-2,669.4915161132812
21,0.024390243902439046,0.0,1,9,-2,669.4915161132812
22,0.07317073170731714,0.0,1,9,-2,669.4915161132812
23,0.12195121951219523,0.0,1,9,-2,669.4915161132812
24,0.17073170731707332,0.0,1,9,-2,669.4915161132812
25,0.2195121951219512,0.0,1,9,-2,669.4915161132812
26,0.2682926829268293,0.0,1,9,-2,669.4915161132812
27,0.3170731707317074,0.0,1,9,-2,669.4915161132812
28,0.36585365853658547,0.0,1,9,-2,669.4915161132812
29,0.41463414634146356,0.0,1,9,-2,669.4915161132812
30,0.46341463414634143,0.0,1,9,-2,669.4915161132812
31,0.5121951219512195,0.0,1,9,-2,669.4915161132812
32,0.5609756097560976,0.0,1,9,-2,669.4915161132812
33,0.6097560975609757,0.0,1,9,-2,669.4915161132812
34,0.6585365853658538,0.0,1,9,-2,669.4915161132812
35,0.7073170731707317,0.0,1,9,-2,669.4915161132812
36,0.7560975609756098,0.0,1,9,-2,669.4915161132812
37,0.8048780487804879,0.0,1,9,-2,669.4915161132812
38,0.853658536585366,0.0,1,9,-2,669.4915161132812
39,0.902439024390244,0.0,1,9,-2,669.4915161132812
40,0.9512195121951219,0.0,1,9,-2,669.4915161132812
41,1.0,0.0,1,9,-2,669.4915161132812
0,-1.0,0.0,1,9,-1,669.4915161132812
1,-0.9512195121951219,0.0,1,9,-1,669.4915161132812
2,-0.9024390243902439,0.0,1,9,-1,669.4915161132812
3,-0.8536585365853658,0.0,1,9,-1,669.4915161132812
4,-0.8048780487804879,0.0,1,9,-1,669.4915161132812
5,-0.7560975609756098,0.0,1,9,-1,669.4915161132812
6,-0.7073170731707317,0.0,1,9,-1,669.4915161132812
7,-0.6585365853658536,0.0,1,9,-1,669.4915161132812
8,-0.6097560975609756,0.0,1,9,-1,669.4915161132812
9,-0.5609756097560976,0.0,1,9,-1,669.4915161132812
10,-0.5121951219512195,0.0,1,9,-1,669.4915161132812
11,-0.46341463414634143,0.0,1,9,-1,669.4915161132812
12,-0.41463414634146334,0.0,1,9,-1,669.4915161132812
13,-0.36585365853658536,0.0,1,9,-1,669.4915161132812
14,-0.31707317073170727,0.0,1,9,-1,669.4915161132812
15,-0.2682926829268293,0.0,1,9,-1,669.4915161132812
16,-0.2195121951219512,0.0,1,9,-1,669.4915161132812
17,-0.1707317073170731,0.0,1,9,-1,669.4915161132812
18,-0.12195121951219512,0.0,1,9,-1,669.4915161132812
19,-0.07317073170731703,0.0,1,9,-1,669.4915161132812
20,-0.024390243902439046,0.0,1,9,-1,669.4915161132812
21,0.024390243902439046,0.0,1,9,-1,669.4915161132812
22,0.07317073170731714,0.0,1,9,-1,669.4915161132812
23,0.12195121951219523,0.0,1,9,-1,669.4915161132812
24,0.17073170731707332,0.0,1,9,-1,669.4915161132812
25,0.2195121951219512,2.3694005335528345e-07,1,9,-1,669.4915161132812
26,0.2682926829268293,2.8754026715205327e-08,1,9,-1,669.4915161132812
27,0.3170731707317074,9.406709011727798e-08,1,9,-1,669.4915161132812
28,0.36585365853658547,3.0313267984638514e-07,1,9,-1,669.4915161132812
29,0.41463414634146356,1.8347779473515402e-07,1,9,-1,669.4915161132812
30,0.46341463414634143,5.962346563137544e-07,1,9,-1,669.4915161132812
31,0.5121951219512195,8.81930901641681e-08,1,9,-1,669.4915161132812
32,0.5609756097560976,3.6268906455916294e-07,1,9,-1,669.4915161132812
33,0.6097560975609757,9.941230018739589e-06,1,9,-1,669.4915161132812
34,0.6585365853658538,8.584553143009543e-06,1,9,-1,669.4915161132812
35,0.7073170731707317,0.00022351622465066612,1,9,-1,669.4915161132812
36,0.7560975609756098,1.9507333490764722e-05,1,9,-1,669.4915161132812
37,0.8048780487804879,9.121974471781868e-06,1,9,-1,669.4915161132812
38,0.853658536585366,2.1457717025441525e-07,1,9,-1,669.4915161132812
39,0.902439024390244,1.0966169838866335e-06,1,9,-1,669.4915161132812
40,0.9512195121951219,4.012630597571842e-06,1,9,-1,669.4915161132812
41,1.0,7.406812528643059e-06,1,9,-1,669.4915161132812
0,-1.0,3.498255182421417e-06,2,-6,-10,669.4915161132812
1,-0.9512195121951219,7.980423788467306e-07,2,-6,-10,669.4915161132812
2,-0.9024390243902439,2.8123251468059607e-05,2,-6,-10,669.4915161132812
3,-0.8536585365853658,0.00035087455762550235,2,-6,-10,669.4915161132812
4,-0.8048780487804879,0.0003233723109588027,2,-6,-10,669.4915161132812
5,-0.7560975609756098,5.271472400636412e-05,2,-6,-10,669.4915161132812
6,-0.7073170731707317,1.2659145795623772e-05,2,-6,-10,669.4915161132812
7,-0.6585365853658536,1.0122597814188339e-05,2,-6,-10,669.4915161132812
8,-0.6097560975609756,5.362185220292304e-06,2,-6,-10,669.4915161132812
9,-0.5609756097560976,1.7562399534654105e-07,2,-6,-10,669.4915161132812
10,-0.5121951219512195,2.3876980321801966e-06,2,-6,-10,669.4915161132812
11,-0.46341463414634143,4.883768838226388e-07,2,-6,-10,669.4915161132812
12,-0.41463414634146334,5.42029113148601e-07,2,-6,-10,669.4915161132812
13,-0.36585365853658536,1.2047328254993772e-06,2,-6,-10,669.4915161132812
14,-0.31707317073170727,7.023419357210514e-07,2,-6,-10,669.4915161132812
15,-0.2682926829268293,5.124692847857659e-07,2,-6,-10,669.4915161132812
16,-0.2195121951219512,1.1442073173384415e-06,2,-6,-10,669.4915161132812
17,-0.1707317073170731,1.7120294160122285e-07,2,-6,-10,669.4915161132812
18,-0.12195121951219512,5.898629069633898e-07,2,-6,-10,669.4915161132812
19,-0.07317073170731703,7.088407869559887e-07,2,-6,-10,669.4915161132812
20,-0.024390243902439046,1.2673947935581964e-07,2,-6,-10,669.4915161132812
21,0.024390243902439046,3.842693843125744e-07,2,-6,-10,669.4915161132812
22,0.07317073170731714,0.0,2,-6,-10,669.4915161132812
23,0.12195121951219523,0.0,2,-6,-10,669.4915161132812
24,0.17073170731707332,0.0,2,-6,-10,669.4915161132812
25,0.2195121951219512,0.0,2,-6,-10,669.4915161132812
26,0.2682926829268293,0.0,2,-6,-10,669.4915161132812
27,0.3170731707317074,0.0,2,-6,-10,669.4915161132812
28,0.36585365853658547,0.0,2,-6,-10,669.4915161132812
29,0.41463414634146356,0.0,2,-6,-10,669.4915161132812
30,0.46341463414634143,0.0,2,-6,-10,669.4915161132812
31,0.5121951219512195,0.0,2,-6,-10,669.4915161132812
32,0.5609756097560976,0.0,2,-6,-10,669.4915161132812
33,0.6097560975609757,0.0,2,-6,-10,669.4915161132812
34,0.6585365853658538,0.0,2,-6,-10,669.4915161132812
35,0.7073170731707317,0.0,2,-6,-10,669.4915161132812
36,0.7560975609756098,0.0,2,-6,-10,669.4915161132812
37,0.8048780487804879,0.0,2,-6,-10,669.4915161132812
38,0.853658536585366,0.0,2,-6,-10,669.4915161132812
39,0.902439024390244,0.0,2,-6,-10,669.4915161132812
40,0.9512195121951219,0.0,2,-6,-10,669.4915161132812
41,1.0,0.0,2,-6,-10,669.4915161132812
0,-1.0,0.0,2,-5,-10,669.4915161132812
1,-0.9512195121951219,0.0,2,-5,-10,669.4915161132812
2,-0.9024390243902439,0.0,2,-5,-10,669.4915161132812
3,-0.8536585365853658,0.0,2,-5,-10,669.4915161132812
4,-0.8048780487804879,0.0,2,-5,-10,669.4915161132812
5,-0.7560975609756098,7.910809472377878e-06,2,-5,-10,669.4915161132812
6,-0.7073170731707317,1.4913293853169307e-06,2,-5,-10,669.4915161132812
7,-0.6585365853658536,3.711058980115922e-07,2,-5,-10,669.4915161132812
8,-0.6097560975609756,5.633481578115607e-06,2,-5,-10,669.4915161132812
9,-0.5609756097560976,4.374879608803894e-06,2,-5,-10,669.4915161132812
10,-0.5121951219512195,3.795137899942347e-06,2,-5,-10,669.4915161132812
11,-0.46341463414634143,9.896142728393897e-06,2,-5,-10,669.4915161132812
12,-0.41463414634146334,7.431892754539149e-07,2,-5,-10,669.4915161132812
13,-0.36585365853658536,1.841337507357821e-05,2,-5,-10,669.4915161132812
14,-0.31707317073170727,1.2112563126720488e-05,2,-5,-10,669.4915161132812
15,-0.2682926829268293,8.50349351821933e-06,2,-5,-10,669.4915161132812
16,-0.2195121951219512,2.9603970688185655e-05,2,-5,-10,669.4915161132812
17,-0.1707317073170731,7.116306278476259e-06,2,-5,-10,669.4915161132812
18,-0.12195121951219512,4.334611730882898e-05,2,-5,-10,669.4915161132812
19,-0.07317073170731703,2.9933766199974343e-05,2,-5,-10,669.4915161132812
20,-0.024390243902439046,1.6421796317445114e-05,2,-5,-10,669.4915161132812
21,0.024390243902439046,1.896805224532727e-05,2,-5,-10,669.4915161132812
22,0.07317073170731714,5.70497868466191e-05,2,-5,-10,669.4915161132812
23,0.12195121951219523,1.2713079740933608e-05,2,-5,-10,669.4915161132812
24,0.17073170731707332,0.0004433607973624021,2,-5,-10,669.4915161132812
25,0.2195121951219512,0.00010210653999820352,2,-5,-10,669.4915161132812
26,0.2682926829268293,0.003328966908156872,2,-5,-10,669.4915161132812
27,0.3170731707317074,0.0045206607319414616,2,-5,-10,669.4915161132812
28,0.36585365853658547,6.866128387628123e-06,2,-5,-10,669.4915161132812
29,0.41463414634146356,0.0004599918320309371,2,-5,-10,669.4915161132812
30,0.46341463414634143,2.718792893574573e-05,2,-5,-10,669.4915161132812
31,0.5121951219512195,5.700985184375895e-06,2,-5,-10,669.4915161132812
32,0.5609756097560976,7.425463991239667e-05,2,-5,-10,669.4915161132812
33,0.6097560975609757,3.3259641440963605e-06,2,-5,-10,669.4915161132812
34,0.6585365853658538,6.9210718720569275e-06,2,-5,-10,669.4915161132812
35,0.7073170731707317,2.86749182123458e-05,2,-5,-10,669.4915161132812
36,0.7560975609756098,6.210790814975553e-08,2,-5,-10,669.4915161132812
37,0.8048780487804879,1.4521023331326433e-05,2,-5,-10,669.4915161132812
38,0.853658536585366,6.316671715467237e-06,2,-5,-10,669.4915161132812
39,0.902439024390244,2.1775924778921762e-06,2,-5,-10,669.4915161132812
40,0.9512195121951219,8.299825822177809e-06,2,-5,-10,669.4915161132812
41,1.0,6.141370931800338e-07,2,-5,-10,669.4915161132812
0,-1.0,4.6288221255963435e-07,2,-3,-9,669.4915161132812
1,-0.9512195121951219,7.058313713059761e-06,2,-3,-9,669.4915161132812
2,-0.9024390243902439,5.9832950682903174e-06,2,-3,-9,669.4915161132812
3,-0.8536585365853658,1.9285643304556288e-07,2,-3,-9,669.4915161132812
4,-0.8048780487804879,3.450654276093701e-06,2,-3,-9,669.4915161132812
5,-0.7560975609756098,4.068621365149738e-06,2,-3,-9,669.4915161132812
6,-0.7073170731707317,1.0411361472506542e-05,2,-3,-9,669.4915161132812
7,-0.6585365853658536,1.4809012100158725e-05,2,-3,-9,669.4915161132812
8,-0.6097560975609756,9.435021638637409e-06,2,-3,-9,669.4915161132812
9,-0.5609756097560976,2.5016997824423015e-05,2,-3,-9,669.4915161132812
10,-0.5121951219512195,3.4204564144602045e-05,2,-3,-9,669.4915161132812
11,-0.46341463414634143,1.5813127902220003e-05,2,-3,-9,669.4915161132812
12,-0.41463414634146334,2.4859766199369915e-05,2,-3,-9,669.4915161132812
13,-0.36585365853658536,4.4349919335218146e-05,2,-3,-9,669.4915161132812
14,-0.31707317073170727,1.9346507542650215e-05,2,-3,-9,669.4915161132812
15,-0.2682926829268293,1.4934491446183529e-05,2,-3,-9,669.4915161132812
16,-0.2195121951219512,3.6130149965174496e-05,2,-3,-9,669.4915161132812
17,-0.1707317073170731,4.400182206154568e-06,2,-3,-9,669.4915161132812
18,-0.12195121951219512,1.0488828365851077e-06,2,-3,-9,669.4915161132812
19,-0.07317073170731703,1.4310302276498987e-07,2,-3,-9,669.4915161132812
20,-0.024390243902439046,1.7568365365150385e-05,2,-3,-9,669.4915161132812
21,0.024390243902439046,2.193119854609904e-07,2,-3,-9,669.4915161132812
22,0.07317073170731714,1.695744572316471e-06,2,-3,-9,669.4915161132812
23,0.12195121951219523,3.15030069941713e-06,2,-3,-9,669.4915161132812
24,0.17073170731707332,1.6775789845269173e-05,2,-3,-9,669.4915161132812
25,0.2195121951219512,1.12532079583616e-05,2,-3,-9,669.4915161132812
26,0.2682926829268293,3.298497404102818e-06,2,-3,-9,669.4915161132812
27,0.3170731707317074,3.7448789953486994e-06,2,-3,-9,669.4915161132812
28,0.36585365853658547,2.4127832148224115e-05,2,-3,-9,669.4915161132812
29,0.41463414634146356,5.002141551813111e-05,2,-3,-9,669.4915161132812
30,0.46341463414634143,3.5957651562057436e-05,2,-3,-9,669.4915161132812
31,0.5121951219512195,9.32129751163302e-06,2,-3,-9,669.4915161132812
32,0.5609756097560976,7.538232603110373e-05,2,-3,-9,669.4915161132812
33,0.6097560975609757,0.0002487695019226521,2,-3,-9,669.4915161132812
34,0.6585365853658538,0.0003347724268678576,2,-3,-9,669.4915161132812
35,0.7073170731707317,0.0001545241248095408,2,-3,-9,669.4915161132812
36,0.7560975609756098,8.836740744300187e-05,2,-3,-9,669.4915161132812
37,0.8048780487804879,3.868361818604171e-05,2,-3,-9,669.4915161132812
38,0.853658536585366,9.821653748076642e-07,2,-3,-9,669.4915161132812
39,0.902439024390244,1.0220358035439858e-06,2,-3,-9,669.4915161132812
40,0.9512195121951219,1.475131830375176e-05,2,-3,-9,669.4915161132812
41,1.0,2.3854578103055246e-05,2,-3,-9,669.4915161132812
0,-1.0,0.00027348208823241293,2,-1,-8,669.4915161132812
1,-0.9512195121951219,0.0001369964302284643,2,-1,-8,669.4915161132812
2,-0.9024390243902439,0.00033913817605935037,2,-1,-8,669.4915161132812
3,-0.8536585365853658,0.0003531461115926504,2,-1,-8,669.4915161132812
4,-0.8048780487804879,0.00018379245011601597,2,-1,-8,669.4915161132812
5,-0.7560975609756098,5.867126310477033e-05,2,-1,-8,669.4915161132812
6,-0.7073170731707317,4.489472848945297e-05,2,-1,-8,669.4915161132812
7,-0.6585365853658536,7.436175656039268e-05,2,-1,-8,669.4915161132812
8,-0.6097560975609756,0.00022245374566409737,2,-1,-8,669.4915161132812
9,-0.5609756097560976,0.0004169830062892288,2,-1,-8,669.4915161132812
10,-0.5121951219512195,0.0007044278318062425,2,-1,-8,669.4915161132812
11,-0.46341463414634143,0.0006606021779589355,2,-1,-8,669.4915161132812
12,-0.41463414634146334,0.0008211333770304918,2,-1,-8,669.4915161132812
13,-0.36585365853658536,0.0009086369536817074,2,-1,-8,669.4915161132812
14,-0.31707317073170727,0.0009252653107978404,2,-1,-8,669.4915161132812
15,-0.2682926829268293,0.0010915949242189527,2,-1,-8,669.4915161132812
16,-0.2195121951219512,0.0015222756192088127,2,-1,-8,669.4915161132812
17,-0.1707317073170731,0.0013823689660057425,2,-1,-8,669.4915161132812
18,-0.12195121951219512,0.00045572739327326417,2,-1,-8,669.4915161132812
19,-0.07317073170731703,0.0005172881647013128,2,-1,-8,669.4915161132812
20,-0.024390243902439046,0.0016733445227146149,2,-1,-8,669.4915161132812
21,0.024390243902439046,0.0014896444045007229,2,-1,-8,669.4915161132812
22,0.07317073170731714,0.00036995887057855725,2,-1,-8,669.4915161132812
23,0.12195121951219523,0.00021896786347497255,2,-1,-8,669.4915161132812
24,0.17073170731707332,0.0007227299502119422,2,-1,-8,669.4915161132812
25,0.2195121951219512,0.0015951874665915966,2,-1,-8,669.4915161132812
26,0.2682926829268293,0.0030429388862103224,2,-1,-8,669.4915161132812
27,0.3170731707317074,0.0013129671569913626,2,-1,-8,669.4915161132812
28,0.36585365853658547,0.0005819587386213243,2,-1,-8,669.4915161132812
29,0.41463414634146356,0.002375955693423748,2,-1,-8,669.4915161132812
30,0.46341463414634143,0.00968201830983162,2,-1,-8,669.4915161132812
31,0.5121951219512195,0.020050741732120514,2,-1,-8,669.4915161132812
32,0.5609756097560976,0.020257126539945602,2,-1,-8,669.4915161132812
33,0.6097560975609757,0.01421362068504095,2,-1,-8,669.4915161132812
34,0.6585365853658538,0.012393916957080364,2,-1,-8,669.4915161132812
35,0.7073170731707317,0.011196703650057316,2,-1,-8,669.4915161132812
36,0.7560975609756098,0.008527480997145176,2,-1,-8,669.4915161132812
37,0.8048780487804879,0.007589239627122879,2,-1,-8,669.4915161132812
38,0.853658536585366,0.007518046069890261,2,-1,-8,669.4915161132812
39,0.902439024390244,0.005612131208181381,2,-1,-8,669.4915161132812
40,0.9512195121951219,0.003266475861892104,2,-1,-8,669.4915161132812
41,1.0,0.002384448889642954,2,-1,-8,669.4915161132812
0,-1.0,8.693078598298598e-06,2,2,-7,669.4915161132812
1,-0.9512195121951219,2.9323020953597734e-06,2,2,-7,669.4915161132812
2,-0.9024390243902439,2.7372539989301004e-05,2,2,-7,669.4915161132812
3,-0.8536585365853658,2.4670129278092645e-05,2,2,-7,669.4915161132812
4,-0.8048780487804879,7.582306807307759e-06,2,2,-7,669.4915161132812
5,-0.7560975609756098,6.444239261327311e-05,2,2,-7,669.4915161132812
6,-0.7073170731707317,0.00013956012844573706,2,2,-7,669.4915161132812
7,-0.6585365853658536,7.369493687292561e-05,2,2,-7,669.4915161132812
8,-0.6097560975609756,0.0006435054237954319,2,2,-7,669.4915161132812
9,-0.5609756097560976,0.0014599168207496405,2,2,-7,669.4915161132812
10,-0.5121951219512195,0.0013107084669172764,2,2,-7,669.4915161132812
11,-0.46341463414634143,0.00044181826524436474,2,2,-7,669.4915161132812
12,-0.41463414634146334,0.00031879544258117676,2,2,-7,669.4915161132812
13,-0.36585365853658536,0.00032864412060007453,2,2,-7,669.4915161132812
14,-0.31707317073170727,0.0001518551871413365,2,2,-7,669.4915161132812
15,-0.2682926829268293,5.646252611768432e-05,2,2,-7,669.4915161132812
16,-0.2195121951219512,1.4729265785717871e-05,2,2,-7,669.4915161132812
17,-0.1707317073170731,6.423655577236786e-05,2,2,-7,669.4915161132812
18,-0.12195121951219512,7.753652607789263e-05,2,2,-7,669.4915161132812
19,-0.07317073170731703,3.995103543275036e-05,2,2,-7,669.4915161132812
20,-0.024390243902439046,1.3206235053075943e-05,2,2,-7,669.4915161132812
21,0.024390243902439046,8.729194632906001e-06,2,2,-7,669.4915161132812
22,0.07317073170731714,8.143417289829813e-06,2,2,-7,669.4915161132812
23,0.12195121951219523,6.312098776106723e-06,2,2,-7,669.4915161132812
24,0.17073170731707332,2.773949518086738e-06,2,2,-7,669.4915161132812
25,0.2195121951219512,8.262387609647703e-07,2,2,-7,669.4915161132812
26,0.2682926829268293,9.42528095038142e-06,2,2,-7,669.4915161132812
27,0.3170731707317074,7.705997632001527e-06,2,2,-7,669.4915161132812
28,0.36585365853658547,1.2926682302349946e-06,2,2,-7,669.4915161132812
29,0.41463414634146356,1.8877829006669344e-06,2,2,-7,669.4915161132812
30,0.46341463414634143,1.2720661288767587e-05,2,2,-7,669.4915161132812
31,0.5121951219512195,1.2681945918302517e-05,2,2,-7,669.4915161132812
32,0.5609756097560976,1.5509187505813316e-05,2,2,-7,669.4915161132812
33,0.6097560975609757,1.450671516067814e-05,2,2,-7,669.4915161132812
34,0.6585365853658538,3.3470146263425704e-06,2,2,-7,669.4915161132812
35,0.7073170731707317,1.658188739384059e-05,2,2,-7,669.4915161132812
36,0.7560975609756098,9.631701686885208e-06,2,2,-7,669.4915161132812
37,0.8048780487804879,2.090330099235871e-06,2,2,-7,669.4915161132812
38,0.853658536585366,6.204440069268458e-06,2,2,-7,669.4915161132812
39,0.902439024390244,2.2916190118849045e-06,2,2,-7,669.4915161132812
40,0.9512195121951219,2.817971278545883e-07,2,2,-7,669.4915161132812
41,1.0,2.9188106509536738e-06,2,2,-7,669.4915161132812
0,-1.0,0.0,2,4,-6,669.4915161132812
1,-0.9512195121951219,0.0,2,4,-6,669.4915161132812
2,-0.9024390243902439,0.0,2,4,-6,669.4915161132812
3,-0.8536585365853658,0.0,2,4,-6,669.4915161132812
4,-0.8048780487804879,0.0,2,4,-6,669.4915161132812
5,-0.7560975609756098,0.0,2,4,-6,669.4915161132812
6,-0.7073170731707317,0.0,2,4,-6,669.4915161132812
7,-0.6585365853658536,0.0,2,4,-6,669.4915161132812
8,-0.6097560975609756,0.0,2,4,-6,669.4915161132812
9,-0.5609756097560976,0.0,2,4,-6,669.4915161132812
10,-0.5121951219512195,0.0,2,4,-6,669.4915161132812
11,-0.46341463414634143,0.0,2,4,-6,669.4915161132812
12,-0.41463414634146334,0.0,2,4,-6,669.4915161132812
13,-0.36585365853658536,0.0,2,4,-6,669.4915161132812
14,-0.31707317073170727,0.0,2,4,-6,669.4915161132812
15,-0.2682926829268293,1.188065652968362e-05,2,4,-6,669.4915161132812
16,-0.2195121951219512,1.0237557034997735e-05,2,4,-6,669.4915161132812
17,-0.1707317073170731,2.7228619728703052e-05,2,4,-6,669.4915161132812
18,-0.12195121951219512,7.134642510209233e-05,2,4,-6,669.4915161132812
19,-0.07317073170731703,3.472993921604939e-05,2,4,-6,669.4915161132812
20,-0.024390243902439046,1.5944086044328287e-05,2,4,-6,669.4915161132812
21,0.024390243902439046,1.965865976671921e-06,2,4,-6,669.4915161132812
22,0.07317073170731714,9.991772458306514e-06,2,4,-6,669.4915161132812
23,0.12195121951219523,1.489177520852536e-05,2,4,-6,669.4915161132812
24,0.17073170731707332,4.772157922161568e-07,2,4,-6,669.4915161132812
25,0.2195121951219512,3.203066444257274e-05,2,4,-6,669.4915161132812
26,0.2682926829268293,2.3672224358506355e-07,2,4,-6,669.4915161132812
27,0.3170731707317074,4.905978130409494e-06,2,4,-6,669.4915161132812
28,0.36585365853658547,6.292423222475918e-06,2,4,-6,669.4915161132812
29,0.41463414634146356,2.553103149693925e-05,2,4,-6,669.4915161132812
30,0.46341463414634143,4.1551429603714496e-05,2,4,-6,669.4915161132812
31,0.5121951219512195,3.293187546660192e-05,2,4,-6,669.4915161132812
32,0.5609756097560976,1.7045622371369973e-05,2,4,-6,669.4915161132812
33,0.6097560975609757,0.00021695377654395998,2,4,-6,669.4915161132812
34,0.6585365853658538,1.3667306120623834e-05,2,4,-6,669.4915161132812
35,0.7073170731707317,0.0005840550875291228,2,4,-6,669.4915161132812
36,0.7560975609756098,0.0014975755475461483,2,4,-6,669.4915161132812
37,0.8048780487804879,0.013295103795826435,2,4,-6,669.4915161132812
38,0.853658536585366,0.005776511505246162,2,4,-6,669.4915161132812
39,0.902439024390244,8.415252523263916e-05,2,4,-6,669.4915161132812
40,0.9512195121951219,0.00031039564055390656,2,4,-6,669.4915161132812
41,1.0,0.00015063790488056839,2,4,-6,669.4915161132812
0,-1.0,0.0,2,5,-6,669.4915161132812
1,-0.9512195121951219,0.0,2,5,-6,669.4915161132812
2,-0.9024390243902439,0.0,2,5,-6,669.4915161132812
3,-0.8536585365853658,0.0,2,5,-6,669.4915161132812
4,-0.8048780487804879,0.0,2,5,-6,669.4915161132812
5,-0.7560975609756098,0.0,2,5,-6,669.4915161132812
6,-0.7073170731707317,1.1450758847786346e-06,2,5,-6,669.4915161132812
7,-0.6585365853658536,6.180830496305134e-07,2,5,-6,669.4915161132812
8,-0.6097560975609756,4.796369239556952e-07,2,5,-6,669.4915161132812
9,-0.5609756097560976,1.3449356401906698e-06,2,5,-6,669.4915161132812
10,-0.5121951219512195,3.0500257253152085e-07,2,5,-6,669.4915161132812
11,-0.46341463414634143,1.6443123058706988e-06,2,5,-6,669.4915161132812
12,-0.41463414634146334,3.9668759654887253e-07,2,5,-6,669.4915161132812
13,-0.36585365853658536,4.122845496112859e-07,2,5,-6,669.4915161132812
14,-0.31707317073170727,3.899464218193316e-07,2,5,-6,669.4915161132812
15,-0.2682926829268293,1.298497295465495e-06,2,5,-6,669.4915161132812
16,-0.2195121951219512,1.0639393622113857e-05,2,5,-6,669.4915161132812
17,-0.1707317073170731,5.54186317458516e-06,2,5,-6,669.4915161132812
18,-0.12195121951219512,6.313314770522993e-06,2,5,-6,669.4915161132812
19,-0.07317073170731703,1.0943697816401254e-05,2,5,-6,669.4915161132812
20,-0.024390243902439046,2.828669266818906e-06,2,5,-6,669.4915161132812
21,0.024390243902439046,8.391375558858272e-06,2,5,-6,669.4915161132812
22,0.07317073170731714,3.92830916098319e-05,2,5,-6,669.4915161132812
23,0.12195121951219523,6.455984112108126e-05,2,5,-6,669.4915161132812
24,0.17073170731707332,0.0009295945637859404,2,5,-6,669.4915161132812
25,0.2195121951219512,0.00041446759132668376,2,5,-6,669.4915161132812
26,0.2682926829268293,6.501232292066561e-06,2,5,-6,669.4915161132812
27,0.3170731707317074,2.5452565751038492e-05,2,5,-6,669.4915161132812
28,0.36585365853658547,2.4828832465573214e-05,2,5,-6,669.4915161132812
29,0.41463414634146356,2.076109012705274e-06,2,5,-6,669.4915161132812
30,0.46341463414634143,8.897046654965379e-07,2,5,-6,669.4915161132812
31,0.5121951219512195,1.2475881021600799e-06,2,5,-6,669.4915161132812
32,0.5609756097560976,4.889568572252756e-07,2,5,-6,669.4915161132812
33,0.6097560975609757,2.0264483282517176e-06,2,5,-6,669.4915161132812
34,0.6585365853658538,1.5995109947652963e-07,2,5,-6,669.4915161132812
35,0.7073170731707317,7.529113190685166e-07,2,5,-6,669.4915161132812
36,0.7560975609756098,5.717591875509243e-07,2,5,-6,669.4915161132812
37,0.8048780487804879,6.598535037483089e-06,2,5,-6,669.4915161132812
38,0.853658536585366,1.1672444770738366e-06,2,5,-6,669.4915161132812
39,0.902439024390244,3.1262888455785287e-07,2,5,-6,669.4915161132812
40,0.9512195121951219,4.5007391236140393e-07,2,5,-6,669.4915161132812
41,1.0,1.2773250546160853e-07,2,5,-6,669.4915161132812
0,-1.0,0.0,2,6,-6,669.4915161132812
1,-0.9512195121951219,2.0145452594988456e-07,2,6,-6,669.4915161132812
2,-0.9024390243902439,6.376258170348592e-07,2,6,-6,669.4915161132812
3,-0.8536585365853658,5.96882102854579e-07,2,6,-6,669.4915161132812
4,-0.8048780487804879,9.185189924210135e-07,2,6,-6,669.4915161132812
5,-0.7560975609756098,1.314935843765852e-06,2,6,-6,669.4915161132812
6,-0.7073170731707317,9.470266491007351e-07,2,6,-6,669.4915161132812
7,-0.6585365853658536,1.0005301191995386e-06,2,6,-6,669.4915161132812
8,-0.6097560975609756,5.395216362558131e-07,2,6,-6,669.4915161132812
9,-0.5609756097560976,6.511925221275305e-07,2,6,-6,669.4915161132812
10,-0.5121951219512195,7.439768268113767e-08,2,6,-6,669.4915161132812
11,-0.46341463414634143,2.375589019720792e-06,2,6,-6,669.4915161132812
12,-0.41463414634146334,9.582439815858379e-06,2,6,-6,669.4915161132812
13,-0.36585365853658536,7.339174771914259e-06,2,6,-6,669.4915161132812
14,-0.31707317073170727,5.133626018505311e-06,2,6,-6,669.4915161132812
15,-0.2682926829268293,2.7694108212017454e-05,2,6,-6,669.4915161132812
16,-0.2195121951219512,0.0013797554420307279,2,6,-6,669.4915161132812
17,-0.1707317073170731,0.00010196704533882439,2,6,-6,669.4915161132812
18,-0.12195121951219512,7.238541002152488e-05,2,6,-6,669.4915161132812
19,-0.07317073170731703,6.597323954338208e-05,2,6,-6,669.4915161132812
20,-0.024390243902439046,7.506996098527452e-06,2,6,-6,669.4915161132812
21,0.024390243902439046,1.0660676252882695e-06,2,6,-6,669.4915161132812
22,0.07317073170731714,5.515577186088194e-07,2,6,-6,669.4915161132812
23,0.12195121951219523,4.949056346958969e-07,2,6,-6,669.4915161132812
24,0.17073170731707332,2.0604081782948924e-06,2,6,-6,669.4915161132812
25,0.2195121951219512,1.1841860896311118e-06,2,6,-6,669.4915161132812
26,0.2682926829268293,4.143218575336505e-06,2,6,-6,669.4915161132812
27,0.3170731707317074,1.8425935195409693e-06,2,6,-6,669.4915161132812
28,0.36585365853658547,6.966557180021482e-07,2,6,-6,669.4915161132812
29,0.41463414634146356,8.672445233059989e-07,2,6,-6,669.4915161132812
30,0.46341463414634143,9.873473345578532e-07,2,6,-6,669.4915161132812
31,0.5121951219512195,5.5180287006351136e-08,2,6,-6,669.4915161132812
32,0.5609756097560976,0.0,2,6,-6,669.4915161132812
33,0.6097560975609757,0.0,2,6,-6,669.4915161132812
34,0.6585365853658538,0.0,2,6,-6,669.4915161132812
35,0.7073170731707317,0.0,2,6,-6,669.4915161132812
36,0.7560975609756098,0.0,2,6,-6,669.4915161132812
37,0.8048780487804879,0.0,2,6,-6,669.4915161132812
38,0.853658536585366,0.0,2,6,-6,669.4915161132812
39,0.902439024390244,0.0,2,6,-6,669.4915161132812
40,0.9512195121951219,0.0,2,6,-6,669.4915161132812
41,1.0,0.0,2,6,-6,669.4915161132812
0,-1.0,4.824798907065997e-07,2,7,-6,669.4915161132812
1,-0.9512195121951219,1.6429920606242376e-06,2,7,-6,669.4915161132812
2,-0.9024390243902439,6.1292126929402e-08,2,7,-6,669.4915161132812
3,-0.8536585365853658,1.424442530151282e-06,2,7,-6,669.4915161132812
4,-0.8048780487804879,3.5418909760664974e-07,2,7,-6,669.4915161132812
5,-0.7560975609756098,5.89818540674969e-08,2,7,-6,669.4915161132812
6,-0.7073170731707317,3.3078842420763976e-07,2,7,-6,669.4915161132812
7,-0.6585365853658536,2.9027441996731795e-06,2,7,-6,669.4915161132812
8,-0.6097560975609756,4.381620965432376e-05,2,7,-6,669.4915161132812
9,-0.5609756097560976,4.4114465708844364e-05,2,7,-6,669.4915161132812
10,-0.5121951219512195,0.00019006029469892383,2,7,-6,669.4915161132812
11,-0.46341463414634143,0.0017596026882529259,2,7,-6,669.4915161132812
12,-0.41463414634146334,0.00020105276780668646,2,7,-6,669.4915161132812
13,-0.36585365853658536,4.591498145600781e-05,2,7,-6,669.4915161132812
14,-0.31707317073170727,2.6200281354249455e-05,2,7,-6,669.4915161132812
15,-0.2682926829268293,1.4558780094375834e-05,2,7,-6,669.4915161132812
16,-0.2195121951219512,1.2359329957689624e-05,2,7,-6,669.4915161132812
17,-0.1707317073170731,2.5879158783936873e-05,2,7,-6,669.4915161132812
18,-0.12195121951219512,2.3361983039649203e-05,2,7,-6,669.4915161132812
19,-0.07317073170731703,1.0488641237316187e-05,2,7,-6,669.4915161132812
20,-0.024390243902439046,3.909952681624418e-07,2,7,-6,669.4915161132812
21,0.024390243902439046,2.178791369544797e-08,2,7,-6,669.4915161132812
22,0.07317073170731714,1.0044263945019338e-06,2,7,-6,669.4915161132812
23,0.12195121951219523,1.1903903214260936e-06,2,7,-6,669.4915161132812
24,0.17073170731707332,1.6071221864422114e-07,2,7,-6,669.4915161132812
25,0.2195121951219512,0.0,2,7,-6,669.4915161132812
26,0.2682926829268293,0.0,2,7,-6,669.4915161132812
27,0.3170731707317074,0.0,2,7,-6,669.4915161132812
28,0.36585365853658547,0.0,2,7,-6,669.4915161132812
29,0.41463414634146356,0.0,2,7,-6,669.4915161132812
30,0.46341463414634143,0.0,2,7,-6,669.4915161132812
31,0.5121951219512195,0.0,2,7,-6,669.4915161132812
32,0.5609756097560976,0.0,2,7,-6,669.4915161132812
33,0.6097560975609757,0.0,2,7,-6,669.4915161132812
34,0.6585365853658538,0.0,2,7,-6,669.4915161132812
35,0.7073170731707317,0.0,2,7,-6,669.4915161132812
36,0.7560975609756098,0.0,2,7,-6,669.4915161132812
37,0.8048780487804879,0.0,2,7,-6,669.4915161132812
38,0.853658536585366,0.0,2,7,-6,669.4915161132812
39,0.902439024390244,0.0,2,7,-6,669.4915161132812
40,0.9512195121951219,0.0,2,7,-6,669.4915161132812
41,1.0,0.0,2,7,-6,669.4915161132812
0,-1.0,5.088157877253252e-07,3,2,-11,669.4915161132812
1,-0.9512195121951219,2.5703752726258244e-06,3,2,-11,669.4915161132812
2,-0.9024390243902439,2.069317133646109e-06,3,2,-11,669.4915161132812
3,-0.8536585365853658,4.475768378142675e-07,3,2,-11,669.4915161132812
4,-0.8048780487804879,2.967384716612287e-06,3,2,-11,669.4915161132812
5,-0.7560975609756098,1.425556547474116e-06,3,2,-11,669.4915161132812
6,-0.7073170731707317,2.66149726257936e-07,3,2,-11,669.4915161132812
7,-0.6585365853658536,9.12089262783411e-07,3,2,-11,669.4915161132812
8,-0.6097560975609756,7.039382694529195e-07,3,2,-11,669.4915161132812
9,-0.5609756097560976,3.6350320442579687e-07,3,2,-11,669.4915161132812
10,-0.5121951219512195,1.1837374813694623e-06,3,2,-11,669.4915161132812
11,-0.46341463414634143,5.601170300906233e-07,3,2,-11,669.4915161132812
12,-0.41463414634146334,9.136585958913201e-07,3,2,-11,669.4915161132812
13,-0.36585365853658536,2.228435818096841e-07,3,2,-11,669.4915161132812
14,-0.31707317073170727,1.3759453167949687e-06,3,2,-11,669.4915161132812
15,-0.2682926829268293,2.138040372301475e-06,3,2,-11,669.4915161132812
16,-0.2195121951219512,3.2497561619493354e-07,3,2,-11,669.4915161132812
17,-0.1707317073170731,2.6943446300720097e-06,3,2,-11,669.4915161132812
18,-0.12195121951219512,7.5116804509889334e-06,3,2,-11,669.4915161132812
19,-0.07317073170731703,3.908606231561862e-06,3,2,-11,669.4915161132812
20,-0.024390243902439046,3.328937054902781e-07,3,2,-11,669.4915161132812
21,0.024390243902439046,2.8658221253863303e-06,3,2,-11,669.4915161132812
22,0.07317073170731714,1.0663470675353892e-06,3,2,-11,669.4915161132812
23,0.12195121951219523,5.222429081186419e-06,3,2,-11,669.4915161132812
24,0.17073170731707332,2.0335210138000548e-05,3,2,-11,669.4915161132812
25,0.2195121951219512,2.894295903388411e-06,3,2,-11,669.4915161132812
26,0.2682926829268293,3.0331248126458377e-05,3,2,-11,669.4915161132812
27,0.3170731707317074,4.306950359023176e-05,3,2,-11,669.4915161132812
28,0.36585365853658547,6.525045591843082e-06,3,2,-11,669.4915161132812
29,0.41463414634146356,0.0001842394849518314,3,2,-11,669.4915161132812
30,0.46341463414634143,0.00034916005097329617,3,2,-11,669.4915161132812
31,0.5121951219512195,0.0002832984027918428,3,2,-11,669.4915161132812
32,0.5609756097560976,0.00014667370123788714,3,2,-11,669.4915161132812
33,0.6097560975609757,2.0204133761581033e-05,3,2,-11,669.4915161132812
34,0.6585365853658538,9.03329964785371e-06,3,2,-11,669.4915161132812
35,0.7073170731707317,2.3188635168480687e-05,3,2,-11,669.4915161132812
36,0.7560975609756098,6.224909725460748e-07,3,2,-11,669.4915161132812
37,0.8048780487804879,1.2854040505771991e-05,3,2,-11,669.4915161132812
38,0.853658536585366,3.6048681977263186e-06,3,2,-11,669.4915161132812
39,0.902439024390244,2.241202082586824e-06,3,2,-11,669.4915161132812
40,0.9512195121951219,3.2547247883485397e-06,3,2,-11,669.4915161132812
41,1.0,4.381408871267922e-06,3,2,-11,669.4915161132812
