tilt_index,tilt_angle,intensity,h,k,l,thickness
0,-1.0,4.945933937960945e-07,-3,-6,7,2052.54248046875
1,-0.9512195121951219,5.297465577314142e-06,-3,-6,7,2052.54248046875
2,-0.9024390243902439,5.848461569257779e-06,-3,-6,7,2052.54248046875
3,-0.8536585365853658,5.417361990112113e-06,-3,-6,7,2052.54248046875
4,-0.8048780487804879,1.3737798326474149e-05,-3,-6,7,2052.54248046875
5,-0.7560975609756098,2.4860606572474353e-05,-3,-6,7,2052.54248046875
6,-0.7073170731707317,2.343683081562631e-05,-3,-6,7,2052.54248046875
7,-0.6585365853658536,7.590266613988206e-05,-3,-6,7,2052.54248046875
8,-0.6097560975609756,0.0006181488861329854,-3,-6,7,2052.54248046875
9,-0.5609756097560976,0.01264159381389618,-3,-6,7,2052.54248046875
10,-0.5121951219512195,0.000435374618973583,-3,-6,7,2052.54248046875
11,-0.46341463414634143,2.4107159333652817e-05,-3,-6,7,2052.54248046875
12,-0.41463414634146334,2.013111725318595e-06,-3,-6,7,2052.54248046875
13,-0.36585365853658536,4.157504463364603e-06,-3,-6,7,2052.54248046875
14,-0.31707317073170727,1.2184959814476315e-05,-3,-6,7,2052.54248046875
15,-0.2682926829268293,4.208252448734129e-06,-3,-6,7,2052.54248046875
16,-0.2195121951219512,8.019302981665533e-07,-3,-6,7,2052.54248046875
17,-0.1707317073170731,1.8678200603972073e-06,-3,-6,7,2052.54248046875
18,-0.12195121951219512,3.1544489047519164e-06,-3,-6,7,2052.54248046875
19,-0.07317073170731703,2.5964582164306194e-06,-3,-6,7,2052.54248046875
20,-0.024390243902439046,5.593599780695513e-06,-3,-6,7,2052.54248046875
21,0.024390243902439046,4.517115030466812e-06,-3,-6,7,2052.54248046875
22,0.07317073170731714,5.70160318602575e-06,-3,-6,7,2052.54248046875
23,0.12195121951219523,1.2532488824490429e-07,-3,-6,7,2052.54248046875
24,0.17073170731707332,0.0,-3,-6,7,2052.54248046875
25,0.2195121951219512,0.0,-3,-6,7,2052.54248046875
26,0.2682926829268293,0.0,-3,-6,7,2052.54248046875
27,0.3170731707317074,0.0,-3,-6,7,2052.54248046875
28,0.36585365853658547,0.0,-3,-6,7,2052.54248046875
29,0.41463414634146356,0.0,-3,-6,7,2052.54248046875
30,0.46341463414634143,0.0,-3,-6,7,2052.54248046875
31,0.5121951219512195,0.0,-3,-6,7,2052.54248046875
32,0.5609756097560976,0.0,-3,-6,7,2052.54248046875
33,0.6097560975609757,0.0,-3,-6,7,2052.54248046875
34,0.6585365853658538,0.0,-3,-6,7,2052.54248046875
35,0.7073170731707317,0.0,-3,-6,7,2052.54248046875
36,0.7560975609756098,0.0,-3,-6,7,2052.54248046875
37,0.8048780487804879,0.0,-3,-6,7,2052.54248046875
38,0.853658536585366,0.0,-3,-6,7,2052.54248046875
39,0.902439024390244,0.0,-3,-6,7,2052.54248046875
40,0.9512195121951219,0.0,-3,-6,7,2052.54248046875
41,1.0,0.0,-3,-6,7,2052.54248046875
0,-1.0,0.0,-3,-5,7,2052.54248046875
1,-0.9512195121951219,0.0,-3,-5,7,2052.54248046875
2,-0.9024390243902439,0.0,-3,-5,7,2052.54248046875
3,-0.8536585365853658,0.0,-3,-5,7,2052.54248046875
4,-0.8048780487804879,0.0,-3,-5,7,2052.54248046875
5,-0.7560975609756098,0.0,-3,-5,7,2052.54248046875
6,-0.7073170731707317,0.0,-3,-5,7,2052.54248046875
7,-0.6585365853658536,0.0,-3,-5,7,2052.54248046875
8,-0.6097560975609756,0.0,-3,-5,7,2052.54248046875
9,-0.5609756097560976,0.0,-3,-5,7,2052.54248046875
10,-0.5121951219512195,0.0,-3,-5,7,2052.54248046875
11,-0.46341463414634143,0.0,-3,-5,7,2052.54248046875
12,-0.41463414634146334,0.0,-3,-5,7,2052.54248046875
13,-0.36585365853658536,0.0,-3,-5,7,2052.54248046875
14,-0.31707317073170727,0.0,-3,-5,7,2052.54248046875
15,-0.2682926829268293,0.0,-3,-5,7,2052.54248046875
16,-0.2195121951219512,0.0,-3,-5,7,2052.54248046875
17,-0.1707317073170731,0.0,-3,-5,7,2052.54248046875
18,-0.12195121951219512,4.678619234255166e-07,-3,-5,7,2052.54248046875
19,-0.07317073170731703,6.414330755433184e-07,-3,-5,7,2052.54248046875
20,-0.024390243902439046,5.0885283542356774e-08,-3,-5,7,2052.54248046875
21,0.024390243902439046,2.892789325414924e-06,-3,-5,7,2052.54248046875
22,0.07317073170731714,2.779831447696779e-06,-3,-5,7,2052.54248046875
23,0.12195121951219523,1.6735875760787167e-06,-3,-5,7,2052.54248046875
24,0.17073170731707332,9.473249519942328e-06,-3,-5,7,2052.54248046875
25,0.2195121951219512,4.546008369743504e-07,-3,-5,7,2052.54248046875
26,0.2682926829268293,5.096601307741366e-05,-3,-5,7,2052.54248046875
27,0.3170731707317074,6.961642611713614e-06,-3,-5,7,2052.54248046875
28,0.36585365853658547,3.5125831345794722e-06,-3,-5,7,2052.54248046875
29,0.41463414634146356,1.6593930922681466e-05,-3,-5,7,2052.54248046875
30,0.46341463414634143,0.0001292265806114301,-3,-5,7,2052.54248046875
31,0.5121951219512195,2.2930600607651286e-05,-3,-5,7,2052.54248046875
32,0.5609756097560976,4.8966532631311566e-05,-3,-5,7,2052.54248046875
33,0.6097560975609757,0.00017586121975909919,-3,-5,7,2052.54248046875
34,0.6585365853658538,0.009105022065341473,-3,-5,7,2052.54248046875
35,0.7073170731707317,0.00017070576723199338,-3,-5,7,2052.54248046875
36,0.7560975609756098,1.6214900824707e-05,-3,-5,7,2052.54248046875
37,0.8048780487804879,8.387623529415578e-05,-3,-5,7,2052.54248046875
38,0.853658536585366,4.248582172294846e-06,-3,-5,7,2052.54248046875
39,0.902439024390244,3.291483881184831e-05,-3,-5,7,2052.54248046875
40,0.9512195121951219,8.323115616803989e-05,-3,-5,7,2052.54248046875
41,1.0,5.832341116729367e-07,-3,-5,7,2052.54248046875
0,-1.0,8.719377547095064e-06,-3,-4,8,2052.54248046875
1,-0.9512195121951219,5.268551376502728e-06,-3,-4,8,2052.54248046875
2,-0.9024390243902439,1.4495492905552965e-05,-3,-4,8,2052.54248046875
3,-0.8536585365853658,4.957720193488058e-06,-3,-4,8,2052.54248046875
4,-0.8048780487804879,0.00015571032417938113,-3,-4,8,2052.54248046875
5,-0.7560975609756098,6.794318778702291e-06,-3,-4,8,2052.54248046875
6,-0.7073170731707317,0.0001578242954565212,-3,-4,8,2052.54248046875
7,-0.6585365853658536,0.0004928428097628057,-3,-4,8,2052.54248046875
8,-0.6097560975609756,0.0031195594929158688,-3,-4,8,2052.54248046875
9,-0.5609756097560976,0.012104809284210205,-3,-4,8,2052.54248046875
10,-0.5121951219512195,0.0011065105209127069,-3,-4,8,2052.54248046875
11,-0.46341463414634143,0.00010011121048592031,-3,-4,8,2052.54248046875
12,-0.41463414634146334,4.4139669626019895e-05,-3,-4,8,2052.54248046875
13,-0.36585365853658536,0.00015638938930351287,-3,-4,8,2052.54248046875
14,-0.31707317073170727,0.0001362625480396673,-3,-4,8,2052.54248046875
15,-0.2682926829268293,1.8317443391424604e-05,-3,-4,8,2052.54248046875
16,-0.2195121951219512,4.196520603727549e-05,-3,-4,8,2052.54248046875
17,-0.1707317073170731,1.312288259214256e-05,-3,-4,8,2052.54248046875
18,-0.12195121951219512,1.4027945326233748e-05,-3,-4,8,2052.54248046875
19,-0.07317073170731703,4.531649210548494e-06,-3,-4,8,2052.54248046875
20,-0.024390243902439046,5.454884103528457e-06,-3,-4,8,2052.54248046875
21,0.024390243902439046,9.415979548066389e-06,-3,-4,8,2052.54248046875
22,0.07317073170731714,1.1613058632065076e-05,-3,-4,8,2052.54248046875
23,0.12195121951219523,6.574628514499636e-06,-3,-4,8,2052.54248046875
24,0.17073170731707332,2.1492849100468447e-06,-3,-4,8,2052.54248046875
25,0.2195121951219512,4.417304808157496e-06,-3,-4,8,2052.54248046875
26,0.2682926829268293,2.4201908672694117e-06,-3,-4,8,2052.54248046875
27,0.3170731707317074,1.7069393152269186e-06,-3,-4,8,2052.54248046875
28,0.36585365853658547,1.7146923028121819e-06,-3,-4,8,2052.54248046875
29,0.41463414634146356,1.4621531363445683e-06,-3,-4,8,2052.54248046875
30,0.46341463414634143,0.0,-3,-4,8,2052.54248046875
31,0.5121951219512195,0.0,-3,-4,8,2052.54248046875
32,0.5609756097560976,0.0,-3,-4,8,2052.54248046875
33,0.6097560975609757,0.0,-3,-4,8,2052.54248046875
34,0.6585365853658538,0.0,-3,-4,8,2052.54248046875
35,0.7073170731707317,0.0,-3,-4,8,2052.54248046875
36,0.7560975609756098,0.0,-3,-4,8,2052.54248046875
37,0.8048780487804879,0.0,-3,-4,8,2052.54248046875
38,0.853658536585366,0.0,-3,-4,8,2052.54248046875
39,0.902439024390244,0.0,-3,-4,8,2052.54248046875
40,0.9512195121951219,0.0,-3,-4,8,2052.54248046875
41,1.0,0.0,-3,-4,8,2052.54248046875
0,-1.0,5.727531515731243e-06,-3,4,11,2052.54248046875
1,-0.9512195121951219,1.3097052033117507e-05,-3,4,11,2052.54248046875
2,-0.9024390243902439,8.894352504285052e-06,-3,4,11,2052.54248046875
3,-0.8536585365853658,4.7130001803452615e-06,-3,4,11,2052.54248046875
4,-0.8048780487804879,1.4054092389415018e-05,-3,4,11,2052.54248046875
5,-0.7560975609756098,4.290320794098079e-05,-3,4,11,2052.54248046875
6,-0.7073170731707317,3.315003414172679e-05,-3,4,11,2052.54248046875
7,-0.6585365853658536,4.2333569581387565e-05,-3,4,11,2052.54248046875
8,-0.6097560975609756,0.0001250625355169177,-3,4,11,2052.54248046875
9,-0.5609756097560976,0.00019272856297902763,-3,4,11,2052.54248046875
10,-0.5121951219512195,0.001193289179354906,-3,4,11,2052.54248046875
11,-0.46341463414634143,0.037772323936223984,-3,4,11,2052.54248046875
12,-0.41463414634146334,0.004880051594227552,-3,4,11,2052.54248046875
13,-0.36585365853658536,0.00038515645428560674,-3,4,11,2052.54248046875
14,-0.31707317073170727,1.7786572925615474e-06,-3,4,11,2052.54248046875
15,-0.2682926829268293,5.801662337034941e-05,-3,4,11,2052.54248046875
16,-0.2195121951219512,3.104593270109035e-05,-3,4,11,2052.54248046875
17,-0.1707317073170731,8.581066595070297e-07,-3,4,11,2052.54248046875
18,-0.12195121951219512,2.7053547455579974e-05,-3,4,11,2052.54248046875
19,-0.07317073170731703,2.0032830434502102e-05,-3,4,11,2052.54248046875
20,-0.024390243902439046,1.5268312836269615e-06,-3,4,11,2052.54248046875
21,0.024390243902439046,1.0115771829077858e-06,-3,4,11,2052.54248046875
22,0.07317073170731714,7.718505003140308e-06,-3,4,11,2052.54248046875
23,0.12195121951219523,2.6859468107431894e-06,-3,4,11,2052.54248046875
24,0.17073170731707332,2.0177260466880398e-06,-3,4,11,2052.54248046875
25,0.2195121951219512,3.4627082641236484e-06,-3,4,11,2052.54248046875
26,0.2682926829268293,3.6663513469648024e-07,-3,4,11,2052.54248046875
27,0.3170731707317074,4.5259998842084315e-06,-3,4,11,2052.54248046875
28,0.36585365853658547,3.6906769764755154e-06,-3,4,11,2052.54248046875
29,0.41463414634146356,8.139642886817455e-06,-3,4,11,2052.54248046875
30,0.46341463414634143,5.339681763416593e-08,-3,4,11,2052.54248046875
31,0.5121951219512195,1.750454202920082e-06,-3,4,11,2052.54248046875
32,0.5609756097560976,6.176579177008534e-07,-3,4,11,2052.54248046875
33,0.6097560975609757,9.746203488703031e-08,-3,4,11,2052.54248046875
34,0.6585365853658538,2.8845563520008e-06,-3,4,11,2052.54248046875
35,0.7073170731707317,8.02178306003043e-07,-3,4,11,2052.54248046875
36,0.7560975609756098,6.396312983270036e-06,-3,4,11,2052.54248046875
37,0.8048780487804879,2.8824368200730532e-05,-3,4,11,2052.54248046875
38,0.853658536585366,9.75501552602509e-06,-3,4,11,2052.54248046875
39,0.902439024390244,8.296597115986515e-07,-3,4,11,2052.54248046875
40,0.9512195121951219,3.695655323099345e-06,-3,4,11,2052.54248046875
41,1.0,1.14530564587767e-06,-3,4,11,2052.54248046875
0,-1.0,0.0,-2,-8,2,2052.54248046875
1,-0.9512195121951219,0.0,-2,-8,2,2052.54248046875
2,-0.9024390243902439,0.0,-2,-8,2,2052.54248046875
3,-0.8536585365853658,0.0,-2,-8,2,2052.54248046875
4,-0.8048780487804879,0.0,-2,-8,2,2052.54248046875
5,-0.7560975609756098,0.0,-2,-8,2,2052.54248046875
6,-0.7073170731707317,0.0,-2,-8,2,2052.54248046875
7,-0.6585365853658536,0.0,-2,-8,2,2052.54248046875
8,-0.6097560975609756,0.0,-2,-8,2,2052.54248046875
9,-0.5609756097560976,0.0,-2,-8,2,2052.54248046875
10,-0.5121951219512195,0.0,-2,-8,2,2052.54248046875
11,-0.46341463414634143,0.0,-2,-8,2,2052.54248046875
12,-0.41463414634146334,0.0,-2,-8,2,2052.54248046875
13,-0.36585365853658536,0.0,-2,-8,2,2052.54248046875
14,-0.31707317073170727,0.0,-2,-8,2,2052.54248046875
15,-0.2682926829268293,0.0,-2,-8,2,2052.54248046875
16,-0.2195121951219512,0.0,-2,-8,2,2052.54248046875
17,-0.1707317073170731,0.0,-2,-8,2,2052.54248046875
18,-0.12195121951219512,0.0,-2,-8,2,2052.54248046875
19,-0.07317073170731703,0.0,-2,-8,2,2052.54248046875
20,-0.024390243902439046,0.0,-2,-8,2,2052.54248046875
21,0.024390243902439046,0.0,-2,-8,2,2052.54248046875
22,0.07317073170731714,1.3809600204695016e-05,-2,-8,2,2052.54248046875
23,0.12195121951219523,4.6163432898538304e-07,-2,-8,2,2052.54248046875
24,0.17073170731707332,1.6520284589205403e-06,-2,-8,2,2052.54248046875
25,0.2195121951219512,8.87222881829075e-07,-2,-8,2,2052.54248046875
26,0.2682926829268293,2.8013353130518226e-06,-2,-8,2,2052.54248046875
27,0.3170731707317074,8.955728844739497e-06,-2,-8,2,2052.54248046875
28,0.36585365853658547,9.683646567282267e-06,-2,-8,2,2052.54248046875
29,0.41463414634146356,8.880459176907607e-07,-2,-8,2,2052.54248046875
30,0.46341463414634143,0.00016282133583445102,-2,-8,2,2052.54248046875
31,0.5121951219512195,3.2356332667404786e-05,-2,-8,2,2052.54248046875
32,0.5609756097560976,6.992700491537107e-06,-2,-8,2,2052.54248046875
33,0.6097560975609757,9.082309406949207e-05,-2,-8,2,2052.54248046875
34,0.6585365853658538,0.00045429178862832487,-2,-8,2,2052.54248046875
35,0.7073170731707317,1.2850153325416613e-05,-2,-8,2,2052.54248046875
36,0.7560975609756098,2.4101259441522416e-06,-2,-8,2,2052.54248046875
37,0.8048780487804879,5.78856543143047e-06,-2,-8,2,2052.54248046875
38,0.853658536585366,1.7694277403279557e-06,-2,-8,2,2052.54248046875
39,0.902439024390244,4.623983418383659e-09,-2,-8,2,2052.54248046875
40,0.9512195121951219,3.083307831275306e-07,-2,-8,2,2052.54248046875
41,1.0,3.7073033354317886e-07,-2,-8,2,2052.54248046875
0,-1.0,9.906963896355592e-06,-2,-8,3,2052.54248046875
1,-0.9512195121951219,0.00012518037692643702,-2,-8,3,2052.54248046875
2,-0.9024390243902439,2.538850276323501e-05,-2,-8,3,2052.54248046875
3,-0.8536585365853658,4.9919744924409315e-05,-2,-8,3,2052.54248046875
4,-0.8048780487804879,3.6249307413527276e-06,-2,-8,3,2052.54248046875
5,-0.7560975609756098,3.6746623663930222e-06,-2,-8,3,2052.54248046875
6,-0.7073170731707317,1.4735097693119314e-06,-2,-8,3,2052.54248046875
7,-0.6585365853658536,2.056795437965775e-06,-2,-8,3,2052.54248046875
8,-0.6097560975609756,1.5485560611594451e-09,-2,-8,3,2052.54248046875
9,-0.5609756097560976,5.652242975884292e-07,-2,-8,3,2052.54248046875
10,-0.5121951219512195,4.129616968384653e-07,-2,-8,3,2052.54248046875
11,-0.46341463414634143,5.325255756361003e-07,-2,-8,3,2052.54248046875
12,-0.41463414634146334,4.569614873162209e-07,-2,-8,3,2052.54248046875
13,-0.36585365853658536,7.96337189967744e-07,-2,-8,3,2052.54248046875
14,-0.31707317073170727,0.0,-2,-8,3,2052.54248046875
15,-0.2682926829268293,0.0,-2,-8,3,2052.54248046875
16,-0.2195121951219512,0.0,-2,-8,3,2052.54248046875
17,-0.1707317073170731,0.0,-2,-8,3,2052.54248046875
18,-0.12195121951219512,0.0,-2,-8,3,2052.54248046875
19,-0.07317073170731703,0.0,-2,-8,3,2052.54248046875
20,-0.024390243902439046,0.0,-2,-8,3,2052.54248046875
21,0.024390243902439046,0.0,-2,-8,3,2052.54248046875
22,0.07317073170731714,0.0,-2,-8,3,2052.54248046875
23,0.12195121951219523,0.0,-2,-8,3,2052.54248046875
24,0.17073170731707332,0.0,-2,-8,3,2052.54248046875
25,0.2195121951219512,0.0,-2,-8,3,2052.54248046875
26,0.2682926829268293,0.0,-2,-8,3,2052.54248046875
27,0.3170731707317074,0.0,-2,-8,3,2052.54248046875
28,0.36585365853658547,0.0,-2,-8,3,2052.54248046875
29,0.41463414634146356,0.0,-2,-8,3,2052.54248046875
30,0.46341463414634143,0.0,-2,-8,3,2052.54248046875
31,0.5121951219512195,0.0,-2,-8,3,2052.54248046875
32,0.5609756097560976,0.0,-2,-8,3,2052.54248046875
33,0.6097560975609757,0.0,-2,-8,3,2052.54248046875
34,0.6585365853658538,0.0,-2,-8,3,2052.54248046875
35,0.7073170731707317,0.0,-2,-8,3,2052.54248046875
36,0.7560975609756098,0.0,-2,-8,3,2052.54248046875
37,0.8048780487804879,0.0,-2,-8,3,2052.54248046875
38,0.853658536585366,0.0,-2,-8,3,2052.54248046875
39,0.902439024390244,0.0,-2,-8,3,2052.54248046875
40,0.9512195121951219,0.0,-2,-8,3,2052.54248046875
41,1.0,0.0,-2,-8,3,2052.54248046875
0,-1.0,0.0,-2,-7,3,2052.54248046875
1,-0.9512195121951219,0.0,-2,-7,3,2052.54248046875
2,-0.9024390243902439,0.0,-2,-7,3,2052.54248046875
3,-0.8536585365853658,0.0,-2,-7,3,2052.54248046875
4,-0.8048780487804879,0.0,-2,-7,3,2052.54248046875
5,-0.7560975609756098,0.0,-2,-7,3,2052.54248046875
6,-0.7073170731707317,0.0,-2,-7,3,2052.54248046875
7,-0.6585365853658536,0.0,-2,-7,3,2052.54248046875
8,-0.6097560975609756,0.0,-2,-7,3,2052.54248046875
9,-0.5609756097560976,1.5976976328602177e-06,-2,-7,3,2052.54248046875
10,-0.5121951219512195,8.117492598103127e-07,-2,-7,3,2052.54248046875
11,-0.46341463414634143,8.126316970447078e-07,-2,-7,3,2052.54248046875
12,-0.41463414634146334,8.954412464845518e-07,-2,-7,3,2052.54248046875
13,-0.36585365853658536,8.702800187165849e-06,-2,-7,3,2052.54248046875
14,-0.31707317073170727,3.0424171200138517e-05,-2,-7,3,2052.54248046875
15,-0.2682926829268293,1.857519578152278e-07,-2,-7,3,2052.54248046875
16,-0.2195121951219512,5.812008112116018e-06,-2,-7,3,2052.54248046875
17,-0.1707317073170731,3.339677277836017e-05,-2,-7,3,2052.54248046875
18,-0.12195121951219512,6.762931548109918e-07,-2,-7,3,2052.54248046875
19,-0.07317073170731703,5.976716693112394e-06,-2,-7,3,2052.54248046875
20,-0.024390243902439046,9.976551518775523e-05,-2,-7,3,2052.54248046875
21,0.024390243902439046,0.02073674462735653,-2,-7,3,2052.54248046875
22,0.07317073170731714,0.006604427006095648,-2,-7,3,2052.54248046875
23,0.12195121951219523,4.8429108574055135e-05,-2,-7,3,2052.54248046875
24,0.17073170731707332,2.7136667995364405e-05,-2,-7,3,2052.54248046875
25,0.2195121951219512,1.5919502402539365e-05,-2,-7,3,2052.54248046875
26,0.2682926829268293,1.8192073980571877e-07,-2,-7,3,2052.54248046875
27,0.3170731707317074,3.62426499123103e-06,-2,-7,3,2052.54248046875
28,0.36585365853658547,1.9861688542732736e-06,-2,-7,3,2052.54248046875
29,0.41463414634146356,2.6844128342418117e-07,-2,-7,3,2052.54248046875
30,0.46341463414634143,9.705925549496897e-06,-2,-7,3,2052.54248046875
31,0.5121951219512195,1.4820889759903366e-07,-2,-7,3,2052.54248046875
32,0.5609756097560976,1.620472517060989e-06,-2,-7,3,2052.54248046875
33,0.6097560975609757,3.0229827530092734e-07,-2,-7,3,2052.54248046875
34,0.6585365853658538,3.39317830366781e-06,-2,-7,3,2052.54248046875
35,0.7073170731707317,0.0,-2,-7,3,2052.54248046875
36,0.7560975609756098,0.0,-2,-7,3,2052.54248046875
37,0.8048780487804879,0.0,-2,-7,3,2052.54248046875
38,0.853658536585366,0.0,-2,-7,3,2052.54248046875
39,0.902439024390244,0.0,-2,-7,3,2052.54248046875
40,0.9512195121951219,0.0,-2,-7,3,2052.54248046875
41,1.0,0.0,-2,-7,3,2052.54248046875
0,-1.0,2.9504726626328193e-05,-2,-6,4,2052.54248046875
1,-0.9512195121951219,3.970053148805164e-05,-2,-6,4,2052.54248046875
2,-0.9024390243902439,1.0351754099247046e-05,-2,-6,4,2052.54248046875
3,-0.8536585365853658,0.0007176072103902698,-2,-6,4,2052.54248046875
4,-0.8048780487804879,0.0003640657232608646,-2,-6,4,2052.54248046875
5,-0.7560975609756098,0.006166951265186071,-2,-6,4,2052.54248046875
6,-0.7073170731707317,0.0008894451893866062,-2,-6,4,2052.54248046875
7,-0.6585365853658536,0.00013821801985614002,-2,-6,4,2052.54248046875
8,-0.6097560975609756,9.193001915264176e-07,-2,-6,4,2052.54248046875
9,-0.5609756097560976,1.845220867835451e-05,-2,-6,4,2052.54248046875
10,-0.5121951219512195,1.2597150998772122e-05,-2,-6,4,2052.54248046875
11,-0.46341463414634143,1.6741476429160684e-05,-2,-6,4,2052.54248046875
12,-0.41463414634146334,8.20326113171177e-06,-2,-6,4,2052.54248046875
13,-0.36585365853658536,1.373805025650654e-05,-2,-6,4,2052.54248046875
14,-0.31707317073170727,5.67519455216825e-05,-2,-6,4,2052.54248046875
15,-0.2682926829268293,3.342395530125941e-06,-2,-6,4,2052.54248046875
16,-0.2195121951219512,7.130510084607522e-07,-2,-6,4,2052.54248046875
17,-0.1707317073170731,1.585993595654145e-05,-2,-6,4,2052.54248046875
18,-0.12195121951219512,5.293905815051403e-06,-2,-6,4,2052.54248046875
19,-0.07317073170731703,3.134958603823179e-07,-2,-6,4,2052.54248046875
20,-0.024390243902439046,5.800853273285611e-07,-2,-6,4,2052.54248046875
21,0.024390243902439046,0.0,-2,-6,4,2052.54248046875
22,0.07317073170731714,0.0,-2,-6,4,2052.54248046875
23,0.12195121951219523,0.0,-2,-6,4,2052.54248046875
24,0.17073170731707332,0.0,-2,-6,4,2052.54248046875
25,0.2195121951219512,0.0,-2,-6,4,2052.54248046875
26,0.2682926829268293,0.0,-2,-6,4,2052.54248046875
27,0.3170731707317074,0.0,-2,-6,4,2052.54248046875
28,0.36585365853658547,0.0,-2,-6,4,2052.54248046875
29,0.41463414634146356,0.0,-2,-6,4,2052.54248046875
30,0.46341463414634143,0.0,-2,-6,4,2052.54248046875
31,0.5121951219512195,0.0,-2,-6,4,2052.54248046875
32,0.5609756097560976,0.0,-2,-6,4,2052.54248046875
33,0.6097560975609757,0.0,-2,-6,4,2052.54248046875
34,0.6585365853658538,0.0,-2,-6,4,2052.54248046875
35,0.7073170731707317,0.0,-2,-6,4,2052.54248046875
36,0.7560975609756098,0.0,-2,-6,4,2052.54248046875
37,0.8048780487804879,0.0,-2,-6,4,2052.54248046875
38,0.853658536585366,0.0,-2,-6,4,2052.54248046875
39,0.902439024390244,0.0,-2,-6,4,2052.54248046875
40,0.9512195121951219,0.0,-2,-6,4,2052.54248046875
41,1.0,0.0,-2,-6,4,2052.54248046875
0,-1.0,0.0,-2,-5,4,2052.54248046875
1,-0.9512195121951219,0.0,-2,-5,4,2052.54248046875
2,-0.9024390243902439,0.0,-2,-5,4,2052.54248046875
3,-0.8536585365853658,0.0,-2,-5,4,2052.54248046875
4,-0.8048780487804879,0.0,-2,-5,4,2052.54248046875
5,-0.7560975609756098,0.0,-2,-5,4,2052.54248046875
6,-0.7073170731707317,0.0,-2,-5,4,2052.54248046875
7,-0.6585365853658536,0.0,-2,-5,4,2052.54248046875
8,-0.6097560975609756,0.0,-2,-5,4,2052.54248046875
9,-0.5609756097560976,0.0,-2,-5,4,2052.54248046875
10,-0.5121951219512195,0.0,-2,-5,4,2052.54248046875
11,-0.46341463414634143,0.0,-2,-5,4,2052.54248046875
12,-0.41463414634146334,0.0,-2,-5,4,2052.54248046875
13,-0.36585365853658536,5.390409114625072e-06,-2,-5,4,2052.54248046875
14,-0.31707317073170727,5.5582745517313015e-06,-2,-5,4,2052.54248046875
15,-0.2682926829268293,4.1670190853437816e-07,-2,-5,4,2052.54248046875
16,-0.2195121951219512,1.3042818864050787e-05,-2,-5,4,2052.54248046875
17,-0.1707317073170731,2.223439878434874e-05,-2,-5,4,2052.54248046875
18,-0.12195121951219512,5.826657343277475e-06,-2,-5,4,2052.54248046875
19,-0.07317073170731703,2.893171085815993e-06,-2,-5,4,2052.54248046875
20,-0.024390243902439046,1.372788301523542e-05,-2,-5,4,2052.54248046875
21,0.024390243902439046,6.449982174672186e-05,-2,-5,4,2052.54248046875
22,0.07317073170731714,2.294343721587211e-05,-2,-5,4,2052.54248046875
23,0.12195121951219523,2.898010052376776e-06,-2,-5,4,2052.54248046875
24,0.17073170731707332,6.959397069294937e-06,-2,-5,4,2052.54248046875
25,0.2195121951219512,6.203297743923031e-06,-2,-5,4,2052.54248046875
26,0.2682926829268293,8.054737008933444e-06,-2,-5,4,2052.54248046875
27,0.3170731707317074,6.0390739236027e-06,-2,-5,4,2052.54248046875
28,0.36585365853658547,0.0002316217141924426,-2,-5,4,2052.54248046875
29,0.41463414634146356,0.0028831090312451124,-2,-5,4,2052.54248046875
30,0.46341463414634143,0.1745697408914566,-2,-5,4,2052.54248046875
31,0.5121951219512195,0.0012318890076130629,-2,-5,4,2052.54248046875
32,0.5609756097560976,0.00011305667430860922,-2,-5,4,2052.54248046875
33,0.6097560975609757,3.110486068180762e-05,-2,-5,4,2052.54248046875
34,0.6585365853658538,0.0006388258771039546,-2,-5,4,2052.54248046875
35,0.7073170731707317,2.8698681489913724e-05,-2,-5,4,2052.54248046875
36,0.7560975609756098,2.710231456148904e-06,-2,-5,4,2052.54248046875
37,0.8048780487804879,5.146953753865091e-06,-2,-5,4,2052.54248046875
38,0.853658536585366,4.730120963358786e-06,-2,-5,4,2052.54248046875
39,0.902439024390244,1.305707655774313e-06,-2,-5,4,2052.54248046875
40,0.9512195121951219,3.8144908103276975e-06,-2,-5,4,2052.54248046875
41,1.0,2.8533174827316543e-06,-2,-5,4,2052.54248046875
0,-1.0,0.0007141994428820908,-2,-4,5,2052.54248046875
1,-0.9512195121951219,0.00025323746376670897,-2,-4,5,2052.54248046875
2,-0.9024390243902439,0.00016222888370975852,-2,-4,5,2052.54248046875
3,-0.8536585365853658,0.001234993222169578,-2,-4,5,2052.54248046875
4,-0.8048780487804879,0.035967420786619186,-2,-4,5,2052.54248046875
5,-0.7560975609756098,0.004915646277368069,-2,-4,5,2052.54248046875
6,-0.7073170731707317,0.00012209282431285828,-2,-4,5,2052.54248046875
7,-0.6585365853658536,0.00017360188940074295,-2,-4,5,2052.54248046875
8,-0.6097560975609756,6.165249942569062e-05,-2,-4,5,2052.54248046875
9,-0.5609756097560976,6.451830267906189e-05,-2,-4,5,2052.54248046875
10,-0.5121951219512195,2.705974839045666e-05,-2,-4,5,2052.54248046875
11,-0.46341463414634143,1.548283216834534e-05,-2,-4,5,2052.54248046875
12,-0.41463414634146334,2.5630745312810177e-06,-2,-4,5,2052.54248046875
13,-0.36585365853658536,6.795318040531129e-05,-2,-4,5,2052.54248046875
14,-0.31707317073170727,7.543288666056469e-05,-2,-4,5,2052.54248046875
15,-0.2682926829268293,5.545986823562998e-06,-2,-4,5,2052.54248046875
16,-0.2195121951219512,0.00013330123329069465,-2,-4,5,2052.54248046875
17,-0.1707317073170731,7.097217167029157e-05,-2,-4,5,2052.54248046875
18,-0.12195121951219512,4.325612735556206e-06,-2,-4,5,2052.54248046875
19,-0.07317073170731703,2.0538809621939436e-06,-2,-4,5,2052.54248046875
20,-0.024390243902439046,5.1943911785201635e-06,-2,-4,5,2052.54248046875
21,0.024390243902439046,8.799201168585569e-06,-2,-4,5,2052.54248046875
22,0.07317073170731714,7.433819519064855e-06,-2,-4,5,2052.54248046875
23,0.12195121951219523,2.659631263668416e-06,-2,-4,5,2052.54248046875
24,0.17073170731707332,8.321021027768438e-07,-2,-4,5,2052.54248046875
25,0.2195121951219512,2.6985739509655104e-07,-2,-4,5,2052.54248046875
26,0.2682926829268293,3.7737760294476175e-07,-2,-4,5,2052.54248046875
27,0.3170731707317074,0.0,-2,-4,5,2052.54248046875
28,0.36585365853658547,0.0,-2,-4,5,2052.54248046875
29,0.41463414634146356,0.0,-2,-4,5,2052.54248046875
30,0.46341463414634143,0.0,-2,-4,5,2052.54248046875
31,0.5121951219512195,0.0,-2,-4,5,2052.54248046875
32,0.5609756097560976,0.0,-2,-4,5,2052.54248046875
33,0.6097560975609757,0.0,-2,-4,5,2052.54248046875
34,0.6585365853658538,0.0,-2,-4,5,2052.54248046875
35,0.7073170731707317,0.0,-2,-4,5,2052.54248046875
36,0.7560975609756098,0.0,-2,-4,5,2052.54248046875
37,0.8048780487804879,0.0,-2,-4,5,2052.54248046875
38,0.853658536585366,0.0,-2,-4,5,2052.54248046875
39,0.902439024390244,0.0,-2,-4,5,2052.54248046875
40,0.9512195121951219,0.0,-2,-4,5,2052.54248046875
41,1.0,0.0,-2,-4,5,2052.54248046875
0,-1.0,0.0,-2,-3,5,2052.54248046875
1,-0.9512195121951219,0.0,-2,-3,5,2052.54248046875
2,-0.9024390243902439,0.0,-2,-3,5,2052.54248046875
3,-0.8536585365853658,0.0,-2,-3,5,2052.54248046875
4,-0.8048780487804879,0.0,-2,-3,5,2052.54248046875
5,-0.7560975609756098,0.0,-2,-3,5,2052.54248046875
6,-0.7073170731707317,0.0,-2,-3,5,2052.54248046875
7,-0.6585365853658536,0.0,-2,-3,5,2052.54248046875
8,-0.6097560975609756,0.0,-2,-3,5,2052.54248046875
9,-0.5609756097560976,0.0,-2,-3,5,2052.54248046875
10,-0.5121951219512195,0.0,-2,-3,5,2052.54248046875
11,-0.46341463414634143,0.0,-2,-3,5,2052.54248046875
12,-0.41463414634146334,3.581977580324747e-05,-2,-3,5,2052.54248046875
13,-0.36585365853658536,2.3787668396835215e-05,-2,-3,5,2052.54248046875
14,-0.31707317073170727,9.867409971775487e-05,-2,-3,5,2052.54248046875
15,-0.2682926829268293,4.36399677710142e-05,-2,-3,5,2052.54248046875
16,-0.2195121951219512,3.8195175875443965e-05,-2,-3,5,2052.54248046875
17,-0.1707317073170731,0.00012136610894231126,-2,-3,5,2052.54248046875
18,-0.12195121951219512,1.433492434443906e-05,-2,-3,5,2052.54248046875
19,-0.07317073170731703,7.837644079700112e-05,-2,-3,5,2052.54248046875
20,-0.024390243902439046,3.331730840727687e-05,-2,-3,5,2052.54248046875
21,0.024390243902439046,4.378877201816067e-05,-2,-3,5,2052.54248046875
22,0.07317073170731714,0.00011998981062788516,-2,-3,5,2052.54248046875
23,0.12195121951219523,0.0003430739452596754,-2,-3,5,2052.54248046875
24,0.17073170731707332,2.945599044323899e-05,-2,-3,5,2052.54248046875
25,0.2195121951219512,0.0001782165199983865,-2,-3,5,2052.54248046875
26,0.2682926829268293,8.040125976549461e-05,-2,-3,5,2052.54248046875
27,0.3170731707317074,0.000271360797341913,-2,-3,5,2052.54248046875
28,0.36585365853658547,0.00018015869136434048,-2,-3,5,2052.54248046875
29,0.41463414634146356,0.00014330226986203343,-2,-3,5,2052.54248046875
30,0.46341463414634143,0.00017004096298478544,-2,-3,5,2052.54248046875
31,0.5121951219512195,0.0006769968895241618,-2,-3,5,2052.54248046875
32,0.5609756097560976,3.808228029811289e-06,-2,-3,5,2052.54248046875
33,0.6097560975609757,0.0010097856866195798,-2,-3,5,2052.54248046875
34,0.6585365853658538,9.814153600018471e-06,-2,-3,5,2052.54248046875
35,0.7073170731707317,0.0021927333436906338,-2,-3,5,2052.54248046875
36,0.7560975609756098,0.001048031379468739,-2,-3,5,2052.54248046875
37,0.8048780487804879,0.0059357620775699615,-2,-3,5,2052.54248046875
38,0.853658536585366,0.008523542433977127,-2,-3,5,2052.54248046875
39,0.902439024390244,0.07537643611431122,-2,-3,5,2052.54248046875
40,0.9512195121951219,0.03053441271185875,-2,-3,5,2052.54248046875
41,1.0,0.011981243267655373,-2,-3,5,2052.54248046875
0,-1.0,0.00029396777972579,-2,1,7,2052.54248046875
1,-0.9512195121951219,0.0023432443849742413,-2,1,7,2052.54248046875
2,-0.9024390243902439,0.013052876107394695,-2,1,7,2052.54248046875
3,-0.8536585365853658,0.030282091349363327,-2,1,7,2052.54248046875
4,-0.8048780487804879,0.05514723062515259,-2,1,7,2052.54248046875
5,-0.7560975609756098,0.015251601114869118,-2,1,7,2052.54248046875
6,-0.7073170731707317,0.020816460251808167,-2,1,7,2052.54248046875
7,-0.6585365853658536,0.08471009135246277,-2,1,7,2052.54248046875
8,-0.6097560975609756,0.1919729858636856,-2,1,7,2052.54248046875
9,-0.5609756097560976,0.3428991138935089,-2,1,7,2052.54248046875
10,-0.5121951219512195,0.30073797702789307,-2,1,7,2052.54248046875
11,-0.46341463414634143,0.3240254521369934,-2,1,7,2052.54248046875
12,-0.41463414634146334,0.4438174068927765,-2,1,7,2052.54248046875
13,-0.36585365853658536,0.15917973220348358,-2,1,7,2052.54248046875
14,-0.31707317073170727,0.0074516707099974155,-2,1,7,2052.54248046875
15,-0.2682926829268293,0.02259797230362892,-2,1,7,2052.54248046875
16,-0.2195121951219512,0.00043003869359381497,-2,1,7,2052.54248046875
17,-0.1707317073170731,0.012360652908682823,-2,1,7,2052.54248046875
18,-0.12195121951219512,0.010065818205475807,-2,1,7,2052.54248046875
19,-0.07317073170731703,0.0065216366201639175,-2,1,7,2052.54248046875
20,-0.024390243902439046,0.00028772660880349576,-2,1,7,2052.54248046875
21,0.024390243902439046,0.00015229434939101338,-2,1,7,2052.54248046875
22,0.07317073170731714,0.0023780022747814655,-2,1,7,2052.54248046875
23,0.12195121951219523,0.003695823485031724,-2,1,7,2052.54248046875
24,0.17073170731707332,0.0014318482717499137,-2,1,7,2052.54248046875
25,0.2195121951219512,0.00021074975666124374,-2,1,7,2052.54248046875
26,0.2682926829268293,0.0007471769349649549,-2,1,7,2052.54248046875
27,0.3170731707317074,0.0018869792111217976,-2,1,7,2052.54248046875
28,0.36585365853658547,0.001274874433875084,-2,1,7,2052.54248046875
29,0.41463414634146356,0.000667443557176739,-2,1,7,2052.54248046875
30,0.46341463414634143,8.863717084750533e-05,-2,1,7,2052.54248046875
31,0.5121951219512195,0.001088316785171628,-2,1,7,2052.54248046875
32,0.5609756097560976,0.0010919829364866018,-2,1,7,2052.54248046875
33,0.6097560975609757,0.001246309489943087,-2,1,7,2052.54248046875
34,0.6585365853658538,0.00029559561517089605,-2,1,7,2052.54248046875
35,0.7073170731707317,4.1744524992282095e-07,-2,1,7,2052.54248046875
36,0.7560975609756098,0.0011080139083787799,-2,1,7,2052.54248046875
37,0.8048780487804879,0.0010058905463665724,-2,1,7,2052.54248046875
38,0.853658536585366,0.0008047671872191131,-2,1,7,2052.54248046875
39,0.902439024390244,8.146091568050906e-05,-2,1,7,2052.54248046875
40,0.9512195121951219,0.00013896670134272426,-2,1,7,2052.54248046875
41,1.0,0.0003065202909056097,-2,1,7,2052.54248046875
0,-1.0,3.13587270284188e-06,-2,4,8,2052.54248046875
1,-0.9512195121951219,1.4097382518230006e-05,-2,4,8,2052.54248046875
2,-0.9024390243902439,1.2992842130188365e-05,-2,4,8,2052.54248046875
3,-0.8536585365853658,6.162292265798897e-05,-2,4,8,2052.54248046875
4,-0.8048780487804879,6.999634206295013e-05,-2,4,8,2052.54248046875
5,-0.7560975609756098,2.292973113071639e-05,-2,4,8,2052.54248046875
6,-0.7073170731707317,2.2189165974850766e-05,-2,4,8,2052.54248046875
7,-0.6585365853658536,0.00022431716206483543,-2,4,8,2052.54248046875
8,-0.6097560975609756,0.0004518624919001013,-2,4,8,2052.54248046875
9,-0.5609756097560976,0.0009848607005551457,-2,4,8,2052.54248046875
10,-0.5121951219512195,0.002010609721764922,-2,4,8,2052.54248046875
11,-0.46341463414634143,0.003779744729399681,-2,4,8,2052.54248046875
12,-0.41463414634146334,0.005217478144913912,-2,4,8,2052.54248046875
13,-0.36585365853658536,0.0032564604189246893,-2,4,8,2052.54248046875
14,-0.31707317073170727,0.005688049364835024,-2,4,8,2052.54248046875
15,-0.2682926829268293,0.0014352051075547934,-2,4,8,2052.54248046875
16,-0.2195121951219512,0.000546664057765156,-2,4,8,2052.54248046875
17,-0.1707317073170731,0.0003445739857852459,-2,4,8,2052.54248046875
18,-0.12195121951219512,4.3080533941974863e-05,-2,4,8,2052.54248046875
19,-0.07317073170731703,9.12712566787377e-05,-2,4,8,2052.54248046875
20,-0.024390243902439046,3.0638250336778583e-06,-2,4,8,2052.54248046875
21,0.024390243902439046,1.9909124603145756e-05,-2,4,8,2052.54248046875
22,0.07317073170731714,1.0088984709000215e-05,-2,4,8,2052.54248046875
23,0.12195121951219523,1.2019920632155845e-06,-2,4,8,2052.54248046875
24,0.17073170731707332,2.502163852113881e-06,-2,4,8,2052.54248046875
25,0.2195121951219512,2.1949552319711074e-05,-2,4,8,2052.54248046875
26,0.2682926829268293,3.7876777696510544e-06,-2,4,8,2052.54248046875
27,0.3170731707317074,1.4401845191969187e-06,-2,4,8,2052.54248046875
28,0.36585365853658547,1.5645530311303446e-06,-2,4,8,2052.54248046875
29,0.41463414634146356,5.928722384851426e-05,-2,4,8,2052.54248046875
30,0.46341463414634143,1.2814011540740466e-07,-2,4,8,2052.54248046875
31,0.5121951219512195,1.5095841945367283e-06,-2,4,8,2052.54248046875
32,0.5609756097560976,2.1104749521327903e-06,-2,4,8,2052.54248046875
33,0.6097560975609757,4.629935119737638e-06,-2,4,8,2052.54248046875
34,0.6585365853658538,1.327773361481377e-06,-2,4,8,2052.54248046875
35,0.7073170731707317,1.5401735709019704e-07,-2,4,8,2052.54248046875
36,0.7560975609756098,3.0022704322618665e-06,-2,4,8,2052.54248046875
37,0.8048780487804879,1.444588406229741e-06,-2,4,8,2052.54248046875
38,0.853658536585366,5.881905053684022e-06,-2,4,8,2052.54248046875
39,0.902439024390244,5.7487555750412866e-05,-2,4,8,2052.54248046875
40,0.9512195121951219,4.822178652830189e-06,-2,4,8,2052.54248046875
41,1.0,1.75190234585898e-05,-2,4,8,2052.54248046875
0,-1.0,0.0,-2,6,9,2052.54248046875
1,-0.9512195121951219,0.0,-2,6,9,2052.54248046875
2,-0.9024390243902439,0.0,-2,6,9,2052.54248046875
3,-0.8536585365853658,0.0,-2,6,9,2052.54248046875
4,-0.8048780487804879,0.0,-2,6,9,2052.54248046875
5,-0.7560975609756098,0.0,-2,6,9,2052.54248046875
6,-0.7073170731707317,0.0,-2,6,9,2052.54248046875
7,-0.6585365853658536,0.0,-2,6,9,2052.54248046875
8,-0.6097560975609756,0.0,-2,6,9,2052.54248046875
9,-0.5609756097560976,0.0,-2,6,9,2052.54248046875
10,-0.5121951219512195,0.0,-2,6,9,2052.54248046875
11,-0.46341463414634143,0.0,-2,6,9,2052.54248046875
12,-0.41463414634146334,0.0,-2,6,9,2052.54248046875
13,-0.36585365853658536,0.0,-2,6,9,2052.54248046875
14,-0.31707317073170727,0.0,-2,6,9,2052.54248046875
15,-0.2682926829268293,0.0,-2,6,9,2052.54248046875
16,-0.2195121951219512,0.0,-2,6,9,2052.54248046875
17,-0.1707317073170731,0.0,-2,6,9,2052.54248046875
18,-0.12195121951219512,0.0,-2,6,9,2052.54248046875
19,-0.07317073170731703,0.0,-2,6,9,2052.54248046875
20,-0.024390243902439046,0.0,-2,6,9,2052.54248046875
21,0.024390243902439046,2.4963455871329643e-06,-2,6,9,2052.54248046875
22,0.07317073170731714,3.6087544685869943e-06,-2,6,9,2052.54248046875
23,0.12195121951219523,1.6054382285801694e-06,-2,6,9,2052.54248046875
24,0.17073170731707332,5.618178420263575e-06,-2,6,9,2052.54248046875
25,0.2195121951219512,3.85122211810085e-06,-2,6,9,2052.54248046875
26,0.2682926829268293,1.88200942830008e-07,-2,6,9,2052.54248046875
27,0.3170731707317074,9.675678484200034e-06,-2,6,9,2052.54248046875
28,0.36585365853658547,1.023403547151247e-05,-2,6,9,2052.54248046875
29,0.41463414634146356,2.1794543499709107e-05,-2,6,9,2052.54248046875
30,0.46341463414634143,1.1889758752658963e-05,-2,6,9,2052.54248046875
31,0.5121951219512195,0.00026202629669569433,-2,6,9,2052.54248046875
32,0.5609756097560976,6.487954124168027e-06,-2,6,9,2052.54248046875
33,0.6097560975609757,6.3362235778186005e-06,-2,6,9,2052.54248046875
34,0.6585365853658538,0.00012230640277266502,-2,6,9,2052.54248046875
35,0.7073170731707317,0.00015143770724534988,-2,6,9,2052.54248046875
36,0.7560975609756098,6.176372153277043e-06,-2,6,9,2052.54248046875
37,0.8048780487804879,0.0002565789327491075,-2,6,9,2052.54248046875
38,0.853658536585366,0.0031838975846767426,-2,6,9,2052.54248046875
39,0.902439024390244,0.0011955362278968096,-2,6,9,2052.54248046875
40,0.9512195121951219,4.636383164324798e-05,-2,6,9,2052.54248046875
41,1.0,0.00022533723677042872,-2,6,9,2052.54248046875
0,-1.0,0.0,-2,7,9,2052.54248046875
1,-0.9512195121951219,0.0,-2,7,9,2052.54248046875
2,-0.9024390243902439,0.0,-2,7,9,2052.54248046875
3,-0.8536585365853658,0.0,-2,7,9,2052.54248046875
4,-0.8048780487804879,0.0,-2,7,9,2052.54248046875
5,-0.7560975609756098,0.0,-2,7,9,2052.54248046875
6,-0.7073170731707317,0.0,-2,7,9,2052.54248046875
7,-0.6585365853658536,0.0,-2,7,9,2052.54248046875
8,-0.6097560975609756,0.0,-2,7,9,2052.54248046875
9,-0.5609756097560976,0.0,-2,7,9,2052.54248046875
10,-0.5121951219512195,7.671487765037455e-07,-2,7,9,2052.54248046875
11,-0.46341463414634143,5.129190412844764e-06,-2,7,9,2052.54248046875
12,-0.41463414634146334,1.1912970876437612e-06,-2,7,9,2052.54248046875
13,-0.36585365853658536,4.478556263620703e-07,-2,7,9,2052.54248046875
14,-0.31707317073170727,1.2733929679598077e-06,-2,7,9,2052.54248046875
15,-0.2682926829268293,1.1391986163289403e-06,-2,7,9,2052.54248046875
16,-0.2195121951219512,1.5219565341340058e-07,-2,7,9,2052.54248046875
17,-0.1707317073170731,3.008227338341385e-07,-2,7,9,2052.54248046875
18,-0.12195121951219512,3.241324009195523e-07,-2,7,9,2052.54248046875
19,-0.07317073170731703,9.970453902496956e-06,-2,7,9,2052.54248046875
20,-0.024390243902439046,6.454841923186905e-07,-2,7,9,2052.54248046875
21,0.024390243902439046,5.56542204321886e-07,-2,7,9,2052.54248046875
22,0.07317073170731714,1.2014770618407056e-05,-2,7,9,2052.54248046875
23,0.12195121951219523,2.885374124161899e-05,-2,7,9,2052.54248046875
24,0.17073170731707332,3.4121460430469597e-06,-2,7,9,2052.54248046875
25,0.2195121951219512,6.638907507294789e-05,-2,7,9,2052.54248046875
26,0.2682926829268293,6.977880275371717e-06,-2,7,9,2052.54248046875
27,0.3170731707317074,1.187063048746495e-06,-2,7,9,2052.54248046875
28,0.36585365853658547,1.2079493849626033e-08,-2,7,9,2052.54248046875
29,0.41463414634146356,8.250802238762844e-06,-2,7,9,2052.54248046875
30,0.46341463414634143,8.58635814893205e-07,-2,7,9,2052.54248046875
31,0.5121951219512195,3.275835922522674e-07,-2,7,9,2052.54248046875
32,0.5609756097560976,1.3078936262900243e-06,-2,7,9,2052.54248046875
33,0.6097560975609757,1.7502338778285775e-07,-2,7,9,2052.54248046875
34,0.6585365853658538,5.1102826859050765e-08,-2,7,9,2052.54248046875
35,0.7073170731707317,2.938624987791627e-08,-2,7,9,2052.54248046875
36,0.7560975609756098,2.7319163109496003e-07,-2,7,9,2052.54248046875
37,0.8048780487804879,1.6900920627449523e-06,-2,7,9,2052.54248046875
38,0.853658536585366,3.73653551832831e-06,-2,7,9,2052.54248046875
39,0.902439024390244,2.036900696111843e-06,-2,7,9,2052.54248046875
40,0.9512195121951219,0.0,-2,7,9,2052.54248046875
41,1.0,0.0,-2,7,9,2052.54248046875
0,-1.0,0.0,-1,-9,-2,2052.54248046875
1,-0.9512195121951219,0.0,-1,-9,-2,2052.54248046875
2,-0.9024390243902439,0.0,-1,-9,-2,2052.54248046875
3,-0.8536585365853658,0.0,-1,-9,-2,2052.54248046875
4,-0.8048780487804879,0.0,-1,-9,-2,2052.54248046875
5,-0.7560975609756098,0.0,-1,-9,-2,2052.54248046875
6,-0.7073170731707317,0.0,-1,-9,-2,2052.54248046875
7,-0.6585365853658536,0.0,-1,-9,-2,2052.54248046875
8,-0.6097560975609756,0.0,-1,-9,-2,2052.54248046875
9,-0.5609756097560976,0.0,-1,-9,-2,2052.54248046875
10,-0.5121951219512195,0.0,-1,-9,-2,2052.54248046875
11,-0.46341463414634143,0.0,-1,-9,-2,2052.54248046875
12,-0.41463414634146334,0.0,-1,-9,-2,2052.54248046875
13,-0.36585365853658536,0.0,-1,-9,-2,2052.54248046875
14,-0.31707317073170727,0.0,-1,-9,-2,2052.54248046875
15,-0.2682926829268293,0.0,-1,-9,-2,2052.54248046875
16,-0.2195121951219512,0.0,-1,-9,-2,2052.54248046875
17,-0.1707317073170731,0.0,-1,-9,-2,2052.54248046875
18,-0.12195121951219512,0.0,-1,-9,-2,2052.54248046875
19,-0.07317073170731703,0.0,-1,-9,-2,2052.54248046875
20,-0.024390243902439046,0.0,-1,-9,-2,2052.54248046875
21,0.024390243902439046,9.824096025567997e-08,-1,-9,-2,2052.54248046875
22,0.07317073170731714,1.5962133375069243e-06,-1,-9,-2,2052.54248046875
23,0.12195121951219523,8.07597280072514e-06,-1,-9,-2,2052.54248046875
24,0.17073170731707332,1.6057219909271225e-06,-1,-9,-2,2052.54248046875
25,0.2195121951219512,1.7188107221954851e-06,-1,-9,-2,2052.54248046875
26,0.2682926829268293,1.8195456732428283e-06,-1,-9,-2,2052.54248046875
27,0.3170731707317074,2.3189841158455238e-05,-1,-9,-2,2052.54248046875
28,0.36585365853658547,6.473639473369985e-07,-1,-9,-2,2052.54248046875
29,0.41463414634146356,1.5477386114071123e-05,-1,-9,-2,2052.54248046875
30,0.46341463414634143,5.304335354594514e-05,-1,-9,-2,2052.54248046875
31,0.5121951219512195,0.000491294835228473,-1,-9,-2,2052.54248046875
32,0.5609756097560976,3.874445610563271e-06,-1,-9,-2,2052.54248046875
33,0.6097560975609757,1.3138612303009722e-05,-1,-9,-2,2052.54248046875
34,0.6585365853658538,8.669022645335644e-05,-1,-9,-2,2052.54248046875
35,0.7073170731707317,4.288440777600044e-06,-1,-9,-2,2052.54248046875
36,0.7560975609756098,3.481478074718325e-07,-1,-9,-2,2052.54248046875
37,0.8048780487804879,1.1543102118594106e-06,-1,-9,-2,2052.54248046875
38,0.853658536585366,4.910374968858378e-07,-1,-9,-2,2052.54248046875
39,0.902439024390244,1.1121801435365342e-06,-1,-9,-2,2052.54248046875
40,0.9512195121951219,3.687369343197133e-08,-1,-9,-2,2052.54248046875
41,1.0,0.0,-1,-9,-2,2052.54248046875
0,-1.0,3.0098576644377317e-06,-1,-9,-1,2052.54248046875
1,-0.9512195121951219,2.4237970137619413e-06,-1,-9,-1,2052.54248046875
2,-0.9024390243902439,1.8141199689125642e-05,-1,-9,-1,2052.54248046875
3,-0.8536585365853658,1.2877756489615422e-05,-1,-9,-1,2052.54248046875
4,-0.8048780487804879,0.010052151046693325,-1,-9,-1,2052.54248046875
5,-0.7560975609756098,2.9666118280147202e-05,-1,-9,-1,2052.54248046875
6,-0.7073170731707317,1.9787577912211418e-05,-1,-9,-1,2052.54248046875
7,-0.6585365853658536,5.817833880428225e-06,-1,-9,-1,2052.54248046875
8,-0.6097560975609756,2.4018918338697404e-06,-1,-9,-1,2052.54248046875
9,-0.5609756097560976,1.3323317489266628e-06,-1,-9,-1,2052.54248046875
10,-0.5121951219512195,1.303214048675727e-06,-1,-9,-1,2052.54248046875
11,-0.46341463414634143,2.546361486110982e-07,-1,-9,-1,2052.54248046875
12,-0.41463414634146334,1.8890877129251749e-07,-1,-9,-1,2052.54248046875
13,-0.36585365853658536,1.2977715186934802e-06,-1,-9,-1,2052.54248046875
14,-0.31707317073170727,1.3540008694690187e-05,-1,-9,-1,2052.54248046875
15,-0.2682926829268293,0.0,-1,-9,-1,2052.54248046875
16,-0.2195121951219512,0.0,-1,-9,-1,2052.54248046875
17,-0.1707317073170731,0.0,-1,-9,-1,2052.54248046875
18,-0.12195121951219512,0.0,-1,-9,-1,2052.54248046875
19,-0.07317073170731703,0.0,-1,-9,-1,2052.54248046875
20,-0.024390243902439046,0.0,-1,-9,-1,2052.54248046875
21,0.024390243902439046,0.0,-1,-9,-1,2052.54248046875
22,0.07317073170731714,0.0,-1,-9,-1,2052.54248046875
23,0.12195121951219523,0.0,-1,-9,-1,2052.54248046875
24,0.17073170731707332,0.0,-1,-9,-1,2052.54248046875
25,0.2195121951219512,0.0,-1,-9,-1,2052.54248046875
26,0.2682926829268293,0.0,-1,-9,-1,2052.54248046875
27,0.3170731707317074,0.0,-1,-9,-1,2052.54248046875
28,0.36585365853658547,0.0,-1,-9,-1,2052.54248046875
29,0.41463414634146356,0.0,-1,-9,-1,2052.54248046875
30,0.46341463414634143,0.0,-1,-9,-1,2052.54248046875
31,0.5121951219512195,0.0,-1,-9,-1,2052.54248046875
32,0.5609756097560976,0.0,-1,-9,-1,2052.54248046875
33,0.6097560975609757,0.0,-1,-9,-1,2052.54248046875
34,0.6585365853658538,0.0,-1,-9,-1,2052.54248046875
35,0.7073170731707317,0.0,-1,-9,-1,2052.54248046875
36,0.7560975609756098,0.0,-1,-9,-1,2052.54248046875
37,0.8048780487804879,0.0,-1,-9,-1,2052.54248046875
38,0.853658536585366,0.0,-1,-9,-1,2052.54248046875
39,0.902439024390244,0.0,-1,-9,-1,2052.54248046875
40,0.9512195121951219,0.0,-1,-9,-1,2052.54248046875
41,1.0,0.0,-1,-9,-1,2052.54248046875
0,-1.0,0.0,-1,-8,-1,2052.54248046875
1,-0.9512195121951219,0.0,-1,-8,-1,2052.54248046875
2,-0.9024390243902439,0.0,-1,-8,-1,2052.54248046875
3,-0.8536585365853658,0.0,-1,-8,-1,2052.54248046875
4,-0.8048780487804879,0.0,-1,-8,-1,2052.54248046875
5,-0.7560975609756098,0.0,-1,-8,-1,2052.54248046875
6,-0.7073170731707317,0.0,-1,-8,-1,2052.54248046875
7,-0.6585365853658536,0.0,-1,-8,-1,2052.54248046875
8,-0.6097560975609756,0.0,-1,-8,-1,2052.54248046875
9,-0.5609756097560976,0.0,-1,-8,-1,2052.54248046875
10,-0.5121951219512195,0.0,-1,-8,-1,2052.54248046875
11,-0.46341463414634143,1.275407839784748e-06,-1,-8,-1,2052.54248046875
12,-0.41463414634146334,7.00458258506842e-07,-1,-8,-1,2052.54248046875
13,-0.36585365853658536,1.2326186151767615e-06,-1,-8,-1,2052.54248046875
14,-0.31707317073170727,5.499081453308463e-06,-1,-8,-1,2052.54248046875
15,-0.2682926829268293,6.19441095750517e-07,-1,-8,-1,2052.54248046875
16,-0.2195121951219512,2.70705913862912e-06,-1,-8,-1,2052.54248046875
17,-0.1707317073170731,3.724587077158503e-05,-1,-8,-1,2052.54248046875
18,-0.12195121951219512,3.6472279134613927e-06,-1,-8,-1,2052.54248046875
19,-0.07317073170731703,2.0655884327425156e-06,-1,-8,-1,2052.54248046875
20,-0.024390243902439046,1.2145576874900144e-05,-1,-8,-1,2052.54248046875
21,0.024390243902439046,0.00027750383014790714,-1,-8,-1,2052.54248046875
22,0.07317073170731714,0.00047535906196571887,-1,-8,-1,2052.54248046875
23,0.12195121951219523,0.0005478129023686051,-1,-8,-1,2052.54248046875
24,0.17073170731707332,8.804028038866818e-05,-1,-8,-1,2052.54248046875
25,0.2195121951219512,2.399724326096475e-05,-1,-8,-1,2052.54248046875
26,0.2682926829268293,1.4805083310420741e-06,-1,-8,-1,2052.54248046875
27,0.3170731707317074,4.189199171378277e-05,-1,-8,-1,2052.54248046875
28,0.36585365853658547,6.943388797253647e-08,-1,-8,-1,2052.54248046875
29,0.41463414634146356,1.3397131624515168e-05,-1,-8,-1,2052.54248046875
30,0.46341463414634143,4.872786576015642e-06,-1,-8,-1,2052.54248046875
31,0.5121951219512195,1.4827979839537875e-06,-1,-8,-1,2052.54248046875
32,0.5609756097560976,4.256266493030125e-06,-1,-8,-1,2052.54248046875
33,0.6097560975609757,1.677247382758651e-06,-1,-8,-1,2052.54248046875
34,0.6585365853658538,4.272617388778599e-06,-1,-8,-1,2052.54248046875
35,0.7073170731707317,0.0,-1,-8,-1,2052.54248046875
36,0.7560975609756098,0.0,-1,-8,-1,2052.54248046875
37,0.8048780487804879,0.0,-1,-8,-1,2052.54248046875
38,0.853658536585366,0.0,-1,-8,-1,2052.54248046875
39,0.902439024390244,0.0,-1,-8,-1,2052.54248046875
40,0.9512195121951219,0.0,-1,-8,-1,2052.54248046875
41,1.0,0.0,-1,-8,-1,2052.54248046875
0,-1.0,1.042017856889288e-06,-1,-7,0,2052.54248046875
1,-0.9512195121951219,9.586763553670608e-06,-1,-7,0,2052.54248046875
2,-0.9024390243902439,8.385948603972793e-06,-1,-7,0,2052.54248046875
3,-0.8536585365853658,3.154089426971041e-05,-1,-7,0,2052.54248046875
4,-0.8048780487804879,2.962929556815652e-06,-1,-7,0,2052.54248046875
5,-0.7560975609756098,8.621371307526715e-06,-1,-7,0,2052.54248046875
6,-0.7073170731707317,4.7673915105406195e-05,-1,-7,0,2052.54248046875
7,-0.6585365853658536,4.005984737887047e-05,-1,-7,0,2052.54248046875
8,-0.6097560975609756,9.282035171054304e-05,-1,-7,0,2052.54248046875
9,-0.5609756097560976,0.00028512440621852875,-1,-7,0,2052.54248046875
10,-0.5121951219512195,0.002562944544479251,-1,-7,0,2052.54248046875
11,-0.46341463414634143,0.0018221481004729867,-1,-7,0,2052.54248046875
12,-0.41463414634146334,5.682878509105649e-06,-1,-7,0,2052.54248046875
13,-0.36585365853658536,1.706030502646172e-06,-1,-7,0,2052.54248046875
14,-0.31707317073170727,0.00019273515499662608,-1,-7,0,2052.54248046875
15,-0.2682926829268293,1.084270593310066e-06,-1,-7,0,2052.54248046875
16,-0.2195121951219512,4.3756310219578154e-07,-1,-7,0,2052.54248046875
17,-0.1707317073170731,1.7517410014988855e-05,-1,-7,0,2052.54248046875
18,-0.12195121951219512,8.464664460916538e-06,-1,-7,0,2052.54248046875
19,-0.07317073170731703,3.427859667226585e-07,-1,-7,0,2052.54248046875
20,-0.024390243902439046,1.3255606745588011e-06,-1,-7,0,2052.54248046875
21,0.024390243902439046,7.904938684077933e-06,-1,-7,0,2052.54248046875
22,0.07317073170731714,1.8821410776581615e-05,-1,-7,0,2052.54248046875
23,0.12195121951219523,4.6440804908343125e-06,-1,-7,0,2052.54248046875
24,0.17073170731707332,4.0172512854042e-06,-1,-7,0,2052.54248046875
25,0.2195121951219512,0.0,-1,-7,0,2052.54248046875
26,0.2682926829268293,0.0,-1,-7,0,2052.54248046875
27,0.3170731707317074,0.0,-1,-7,0,2052.54248046875
28,0.36585365853658547,0.0,-1,-7,0,2052.54248046875
29,0.41463414634146356,0.0,-1,-7,0,2052.54248046875
30,0.46341463414634143,0.0,-1,-7,0,2052.54248046875
31,0.5121951219512195,0.0,-1,-7,0,2052.54248046875
32,0.5609756097560976,0.0,-1,-7,0,2052.54248046875
33,0.6097560975609757,0.0,-1,-7,0,2052.54248046875
34,0.6585365853658538,0.0,-1,-7,0,2052.54248046875
35,0.7073170731707317,0.0,-1,-7,0,2052.54248046875
36,0.7560975609756098,0.0,-1,-7,0,2052.54248046875
37,0.8048780487804879,0.0,-1,-7,0,2052.54248046875
38,0.853658536585366,0.0,-1,-7,0,2052.54248046875
39,0.902439024390244,0.0,-1,-7,0,2052.54248046875
40,0.9512195121951219,0.0,-1,-7,0,2052.54248046875
41,1.0,0.0,-1,-7,0,2052.54248046875
0,-1.0,0.0,-1,-6,0,2052.54248046875
1,-0.9512195121951219,0.0,-1,-6,0,2052.54248046875
2,-0.9024390243902439,0.0,-1,-6,0,2052.54248046875
3,-0.8536585365853658,0.0,-1,-6,0,2052.54248046875
4,-0.8048780487804879,0.0,-1,-6,0,2052.54248046875
5,-0.7560975609756098,0.0,-1,-6,0,2052.54248046875
6,-0.7073170731707317,0.0,-1,-6,0,2052.54248046875
7,-0.6585365853658536,0.0,-1,-6,0,2052.54248046875
8,-0.6097560975609756,0.0,-1,-6,0,2052.54248046875
9,-0.5609756097560976,0.0,-1,-6,0,2052.54248046875
10,-0.5121951219512195,0.0,-1,-6,0,2052.54248046875
11,-0.46341463414634143,0.0,-1,-6,0,2052.54248046875
12,-0.41463414634146334,0.0,-1,-6,0,2052.54248046875
13,-0.36585365853658536,0.0,-1,-6,0,2052.54248046875
14,-0.31707317073170727,0.0,-1,-6,0,2052.54248046875
15,-0.2682926829268293,0.0,-1,-6,0,2052.54248046875
16,-0.2195121951219512,0.0,-1,-6,0,2052.54248046875
17,-0.1707317073170731,0.0,-1,-6,0,2052.54248046875
18,-0.12195121951219512,0.0,-1,-6,0,2052.54248046875
19,-0.07317073170731703,9.013408998725936e-06,-1,-6,0,2052.54248046875
20,-0.024390243902439046,1.76021285369643e-06,-1,-6,0,2052.54248046875
21,0.024390243902439046,5.266995867714286e-05,-1,-6,0,2052.54248046875
22,0.07317073170731714,3.463798202574253e-05,-1,-6,0,2052.54248046875
23,0.12195121951219523,4.749151230498683e-06,-1,-6,0,2052.54248046875
24,0.17073170731707332,5.062240961706266e-05,-1,-6,0,2052.54248046875
25,0.2195121951219512,3.6096157600695733e-06,-1,-6,0,2052.54248046875
26,0.2682926829268293,5.714113649446517e-05,-1,-6,0,2052.54248046875
27,0.3170731707317074,0.0001212571733049117,-1,-6,0,2052.54248046875
28,0.36585365853658547,1.712481571303215e-05,-1,-6,0,2052.54248046875
29,0.41463414634146356,6.442838639486581e-05,-1,-6,0,2052.54248046875
30,0.46341463414634143,0.0003379532427061349,-1,-6,0,2052.54248046875
31,0.5121951219512195,1.7470656530349515e-05,-1,-6,0,2052.54248046875
32,0.5609756097560976,0.0006178893963806331,-1,-6,0,2052.54248046875
33,0.6097560975609757,0.0018769545713439584,-1,-6,0,2052.54248046875
34,0.6585365853658538,0.20667053759098053,-1,-6,0,2052.54248046875
35,0.7073170731707317,0.0032234368845820427,-1,-6,0,2052.54248046875
36,0.7560975609756098,0.00032942843972705305,-1,-6,0,2052.54248046875
37,0.8048780487804879,1.4292920241132379e-05,-1,-6,0,2052.54248046875
38,0.853658536585366,0.00013416634465102106,-1,-6,0,2052.54248046875
39,0.902439024390244,1.0742142876551952e-05,-1,-6,0,2052.54248046875
40,0.9512195121951219,0.0001039048729580827,-1,-6,0,2052.54248046875
41,1.0,7.256865501403809e-05,-1,-6,0,2052.54248046875
0,-1.0,1.8662829461391084e-05,-1,-5,1,2052.54248046875
1,-0.9512195121951219,4.308548159315251e-05,-1,-5,1,2052.54248046875
2,-0.9024390243902439,9.805063018575311e-05,-1,-5,1,2052.54248046875
3,-0.8536585365853658,2.8827702408307232e-05,-1,-5,1,2052.54248046875
4,-0.8048780487804879,5.997309017402586e-06,-1,-5,1,2052.54248046875
5,-0.7560975609756098,0.00012946427159477025,-1,-5,1,2052.54248046875
6,-0.7073170731707317,4.18251647715806e-06,-1,-5,1,2052.54248046875
7,-0.6585365853658536,0.00010103495878865942,-1,-5,1,2052.54248046875
8,-0.6097560975609756,0.00015124316269066185,-1,-5,1,2052.54248046875
9,-0.5609756097560976,0.00010867277160286903,-1,-5,1,2052.54248046875
10,-0.5121951219512195,5.980965943308547e-05,-1,-5,1,2052.54248046875
11,-0.46341463414634143,0.0006529836682602763,-1,-5,1,2052.54248046875
12,-0.41463414634146334,0.000513801584020257,-1,-5,1,2052.54248046875
13,-0.36585365853658536,0.0003998216416221112,-1,-5,1,2052.54248046875
14,-0.31707317073170727,0.0005211165407672524,-1,-5,1,2052.54248046875
15,-0.2682926829268293,0.0010852812556549907,-1,-5,1,2052.54248046875
16,-0.2195121951219512,0.019489318132400513,-1,-5,1,2052.54248046875
17,-0.1707317073170731,0.16984228789806366,-1,-5,1,2052.54248046875
18,-0.12195121951219512,0.009211136028170586,-1,-5,1,2052.54248046875
19,-0.07317073170731703,0.00015839051047805697,-1,-5,1,2052.54248046875
20,-0.024390243902439046,0.0001871737331384793,-1,-5,1,2052.54248046875
21,0.024390243902439046,0.0008224492776207626,-1,-5,1,2052.54248046875
22,0.07317073170731714,9.013732778839767e-05,-1,-5,1,2052.54248046875
23,0.12195121951219523,0.0002028964809142053,-1,-5,1,2052.54248046875
24,0.17073170731707332,3.83167716790922e-05,-1,-5,1,2052.54248046875
25,0.2195121951219512,4.6942739572841674e-05,-1,-5,1,2052.54248046875
26,0.2682926829268293,9.29052839637734e-05,-1,-5,1,2052.54248046875
27,0.3170731707317074,0.0001585618156241253,-1,-5,1,2052.54248046875
28,0.36585365853658547,3.861204459099099e-05,-1,-5,1,2052.54248046875
29,0.41463414634146356,7.088616985129192e-05,-1,-5,1,2052.54248046875
30,0.46341463414634143,2.2909545805305243e-05,-1,-5,1,2052.54248046875
31,0.5121951219512195,4.265824463800527e-05,-1,-5,1,2052.54248046875
32,0.5609756097560976,9.39904111874057e-06,-1,-5,1,2052.54248046875
33,0.6097560975609757,2.91567685053451e-05,-1,-5,1,2052.54248046875
34,0.6585365853658538,0.000123003643238917,-1,-5,1,2052.54248046875
35,0.7073170731707317,1.0489075975783635e-05,-1,-5,1,2052.54248046875
36,0.7560975609756098,0.0,-1,-5,1,2052.54248046875
37,0.8048780487804879,0.0,-1,-5,1,2052.54248046875
38,0.853658536585366,0.0,-1,-5,1,2052.54248046875
39,0.902439024390244,0.0,-1,-5,1,2052.54248046875
40,0.9512195121951219,0.0,-1,-5,1,2052.54248046875
41,1.0,0.0,-1,-5,1,2052.54248046875
0,-1.0,0.0001173570126411505,-1,-3,2,2052.54248046875
1,-0.9512195121951219,6.231653514987556e-06,-1,-3,2,2052.54248046875
2,-0.9024390243902439,0.0002427123545203358,-1,-3,2,2052.54248046875
3,-0.8536585365853658,6.540815229527652e-05,-1,-3,2,2052.54248046875
4,-0.8048780487804879,0.0001606425503268838,-1,-3,2,2052.54248046875
5,-0.7560975609756098,8.662095933686942e-05,-1,-3,2,2052.54248046875
6,-0.7073170731707317,0.000274691148661077,-1,-3,2,2052.54248046875
7,-0.6585365853658536,0.0001412395795341581,-1,-3,2,2052.54248046875
8,-0.6097560975609756,0.000404875201638788,-1,-3,2,2052.54248046875
9,-0.5609756097560976,5.513141877599992e-05,-1,-3,2,2052.54248046875
10,-0.5121951219512195,0.0004392957198433578,-1,-3,2,2052.54248046875
11,-0.46341463414634143,0.00021204024960752577,-1,-3,2,2052.54248046875
12,-0.41463414634146334,8.232826985477004e-06,-1,-3,2,2052.54248046875
13,-0.36585365853658536,0.00018188130343332887,-1,-3,2,2052.54248046875
14,-0.31707317073170727,0.00010308135097147897,-1,-3,2,2052.54248046875
15,-0.2682926829268293,0.0005984669551253319,-1,-3,2,2052.54248046875
16,-0.2195121951219512,0.003129970282316208,-1,-3,2,2052.54248046875
17,-0.1707317073170731,0.0005286773666739464,-1,-3,2,2052.54248046875
18,-0.12195121951219512,0.004283972550183535,-1,-3,2,2052.54248046875
19,-0.07317073170731703,0.015908874571323395,-1,-3,2,2052.54248046875
20,-0.024390243902439046,0.0014717919984832406,-1,-3,2,2052.54248046875
21,0.024390243902439046,0.3873552680015564,-1,-3,2,2052.54248046875
22,0.07317073170731714,0.03465229272842407,-1,-3,2,2052.54248046875
23,0.12195121951219523,0.008046512492001057,-1,-3,2,2052.54248046875
24,0.17073170731707332,0.004174466244876385,-1,-3,2,2052.54248046875
25,0.2195121951219512,0.0037699860986322165,-1,-3,2,2052.54248046875
26,0.2682926829268293,0.00046618093620054424,-1,-3,2,2052.54248046875
27,0.3170731707317074,0.0013054049341008067,-1,-3,2,2052.54248046875
28,0.36585365853658547,0.00073990598320961,-1,-3,2,2052.54248046875
29,0.41463414634146356,0.0005684644565917552,-1,-3,2,2052.54248046875
30,0.46341463414634143,0.0014886892167851329,-1,-3,2,2052.54248046875
31,0.5121951219512195,5.6383538321824744e-05,-1,-3,2,2052.54248046875
32,0.5609756097560976,0.00021259875211399049,-1,-3,2,2052.54248046875
33,0.6097560975609757,0.0002714413858484477,-1,-3,2,2052.54248046875
34,0.6585365853658538,4.505855031311512e-05,-1,-3,2,2052.54248046875
35,0.7073170731707317,0.00024830325855873525,-1,-3,2,2052.54248046875
36,0.7560975609756098,0.00019532814621925354,-1,-3,2,2052.54248046875
37,0.8048780487804879,9.501948625256773e-06,-1,-3,2,2052.54248046875
38,0.853658536585366,0.00021637187455780804,-1,-3,2,2052.54248046875
39,0.902439024390244,0.00010197799565503374,-1,-3,2,2052.54248046875
40,0.9512195121951219,3.812864451901987e-05,-1,-3,2,2052.54248046875
41,1.0,0.0001681128196651116,-1,-3,2,2052.54248046875
0,-1.0,0.00029611188801936805,-1,-1,3,2052.54248046875
1,-0.9512195121951219,0.0014538236428052187,-1,-1,3,2052.54248046875
2,-0.9024390243902439,0.0012135019060224295,-1,-1,3,2052.54248046875
3,-0.8536585365853658,0.0010616114595904946,-1,-1,3,2052.54248046875
4,-0.8048780487804879,0.0050931330770254135,-1,-1,3,2052.54248046875
5,-0.7560975609756098,0.00039767788257449865,-1,-1,3,2052.54248046875
6,-0.7073170731707317,0.0007610675529576838,-1,-1,3,2052.54248046875
7,-0.6585365853658536,0.003527785185724497,-1,-1,3,2052.54248046875
8,-0.6097560975609756,0.003469538874924183,-1,-1,3,2052.54248046875
9,-0.5609756097560976,0.010146702639758587,-1,-1,3,2052.54248046875
10,-0.5121951219512195,0.0013911298010498285,-1,-1,3,2052.54248046875
11,-0.46341463414634143,0.09574440121650696,-1,-1,3,2052.54248046875
12,-0.41463414634146334,0.14332634210586548,-1,-1,3,2052.54248046875
13,-0.36585365853658536,0.7432603240013123,-1,-1,3,2052.54248046875
14,-0.31707317073170727,0.30030280351638794,-1,-1,3,2052.54248046875
15,-0.2682926829268293,0.0016448022797703743,-1,-1,3,2052.54248046875
16,-0.2195121951219512,0.07449986040592194,-1,-1,3,2052.54248046875
17,-0.1707317073170731,0.0028785846661776304,-1,-1,3,2052.54248046875
18,-0.12195121951219512,0.016763335093855858,-1,-1,3,2052.54248046875
19,-0.07317073170731703,0.00013058737386018038,-1,-1,3,2052.54248046875
20,-0.024390243902439046,0.012114136479794979,-1,-1,3,2052.54248046875
21,0.024390243902439046,0.0001749332732288167,-1,-1,3,2052.54248046875
22,0.07317073170731714,0.007524990011006594,-1,-1,3,2052.54248046875
23,0.12195121951219523,0.0010125682456418872,-1,-1,3,2052.54248046875
24,0.17073170731707332,0.003419744549319148,-1,-1,3,2052.54248046875
25,0.2195121951219512,0.0014072840567678213,-1,-1,3,2052.54248046875
26,0.2682926829268293,0.0030868714675307274,-1,-1,3,2052.54248046875
27,0.3170731707317074,0.0004024685767944902,-1,-1,3,2052.54248046875
28,0.36585365853658547,0.0024421047419309616,-1,-1,3,2052.54248046875
29,0.41463414634146356,0.0018133772537112236,-1,-1,3,2052.54248046875
30,0.46341463414634143,0.001596130314283073,-1,-1,3,2052.54248046875
31,0.5121951219512195,0.0008929432951845229,-1,-1,3,2052.54248046875
32,0.5609756097560976,0.0010429434478282928,-1,-1,3,2052.54248046875
33,0.6097560975609757,0.0009963518241420388,-1,-1,3,2052.54248046875
34,0.6585365853658538,0.00036997676943428814,-1,-1,3,2052.54248046875
35,0.7073170731707317,0.0006006245967000723,-1,-1,3,2052.54248046875
36,0.7560975609756098,0.00030804105335846543,-1,-1,3,2052.54248046875
37,0.8048780487804879,0.0012287235585972667,-1,-1,3,2052.54248046875
38,0.853658536585366,0.00015017871919553727,-1,-1,3,2052.54248046875
39,0.902439024390244,0.000903216889128089,-1,-1,3,2052.54248046875
40,0.9512195121951219,5.989624241919955e-06,-1,-1,3,2052.54248046875
41,1.0,0.0005956318927928805,-1,-1,3,2052.54248046875
0,-1.0,0.0,-1,4,5,2052.54248046875
1,-0.9512195121951219,0.0,-1,4,5,2052.54248046875
2,-0.9024390243902439,0.0,-1,4,5,2052.54248046875
3,-0.8536585365853658,6.058841336198384e-06,-1,4,5,2052.54248046875
4,-0.8048780487804879,3.0147359211696312e-05,-1,4,5,2052.54248046875
5,-0.7560975609756098,1.0151168680749834e-05,-1,4,5,2052.54248046875
6,-0.7073170731707317,7.105699478415772e-05,-1,4,5,2052.54248046875
7,-0.6585365853658536,9.772499652171973e-06,-1,4,5,2052.54248046875
8,-0.6097560975609756,1.2506285429481068e-06,-1,4,5,2052.54248046875
9,-0.5609756097560976,4.365234053693712e-05,-1,4,5,2052.54248046875
10,-0.5121951219512195,4.6080716856522486e-05,-1,4,5,2052.54248046875
11,-0.46341463414634143,0.00013327106717042625,-1,4,5,2052.54248046875
12,-0.41463414634146334,2.6746369258034974e-05,-1,4,5,2052.54248046875
13,-0.36585365853658536,1.2239815077919047e-05,-1,4,5,2052.54248046875
14,-0.31707317073170727,6.0295380535535514e-05,-1,4,5,2052.54248046875
15,-0.2682926829268293,0.0003242706588935107,-1,4,5,2052.54248046875
16,-0.2195121951219512,6.891349767101929e-05,-1,4,5,2052.54248046875
17,-0.1707317073170731,0.00016456874436698854,-1,4,5,2052.54248046875
18,-0.12195121951219512,0.00010932605800917372,-1,4,5,2052.54248046875
19,-0.07317073170731703,4.00018943764735e-05,-1,4,5,2052.54248046875
20,-0.024390243902439046,0.0002971096255350858,-1,4,5,2052.54248046875
21,0.024390243902439046,4.5211567339720204e-05,-1,4,5,2052.54248046875
22,0.07317073170731714,0.00015630325651727617,-1,4,5,2052.54248046875
23,0.12195121951219523,6.242378003662452e-05,-1,4,5,2052.54248046875
24,0.17073170731707332,0.0006150818080641329,-1,4,5,2052.54248046875
25,0.2195121951219512,0.0008695040014572442,-1,4,5,2052.54248046875
26,0.2682926829268293,0.0007095405599102378,-1,4,5,2052.54248046875
27,0.3170731707317074,0.005095727276057005,-1,4,5,2052.54248046875
28,0.36585365853658547,0.0012327636359259486,-1,4,5,2052.54248046875
29,0.41463414634146356,0.11313731223344803,-1,4,5,2052.54248046875
30,0.46341463414634143,0.00016083879745565355,-1,4,5,2052.54248046875
31,0.5121951219512195,0.0033085548784583807,-1,4,5,2052.54248046875
32,0.5609756097560976,0.0007621379918418825,-1,4,5,2052.54248046875
33,0.6097560975609757,9.922797471517697e-05,-1,4,5,2052.54248046875
34,0.6585365853658538,0.0001429528056178242,-1,4,5,2052.54248046875
35,0.7073170731707317,2.4488988856319338e-05,-1,4,5,2052.54248046875
36,0.7560975609756098,4.620516392606078e-06,-1,4,5,2052.54248046875
37,0.8048780487804879,3.407917029107921e-05,-1,4,5,2052.54248046875
38,0.853658536585366,0.00022345154138747603,-1,4,5,2052.54248046875
39,0.902439024390244,2.9895374609623104e-05,-1,4,5,2052.54248046875
40,0.9512195121951219,0.00012482008605729789,-1,4,5,2052.54248046875
41,1.0,4.062027801410295e-05,-1,4,5,2052.54248046875
0,-1.0,3.3463220461271703e-06,-1,5,5,2052.54248046875
1,-0.9512195121951219,5.206376954447478e-05,-1,5,5,2052.54248046875
2,-0.9024390243902439,6.611592107219622e-05,-1,5,5,2052.54248046875
3,-0.8536585365853658,0.00016642596165183932,-1,5,5,2052.54248046875
4,-0.8048780487804879,0.0003193930024281144,-1,5,5,2052.54248046875
5,-0.7560975609756098,0.00010328484495403245,-1,5,5,2052.54248046875
6,-0.7073170731707317,0.0009716397034935653,-1,5,5,2052.54248046875
7,-0.6585365853658536,0.0007865155930630863,-1,5,5,2052.54248046875
8,-0.6097560975609756,0.002532222308218479,-1,5,5,2052.54248046875
9,-0.5609756097560976,0.01742515154182911,-1,5,5,2052.54248046875
10,-0.5121951219512195,0.0022372484672814608,-1,5,5,2052.54248046875
11,-0.46341463414634143,0.0004806866927538067,-1,5,5,2052.54248046875
12,-0.41463414634146334,0.0003912493120878935,-1,5,5,2052.54248046875
13,-0.36585365853658536,4.0947608795249835e-05,-1,5,5,2052.54248046875
14,-0.31707317073170727,0.00010005469084717333,-1,5,5,2052.54248046875
15,-0.2682926829268293,0.0003592050925362855,-1,5,5,2052.54248046875
16,-0.2195121951219512,0.0010876830201596022,-1,5,5,2052.54248046875
17,-0.1707317073170731,5.53043901163619e-05,-1,5,5,2052.54248046875
18,-0.12195121951219512,9.209861673298292e-06,-1,5,5,2052.54248046875
19,-0.07317073170731703,0.000166439451277256,-1,5,5,2052.54248046875
20,-0.024390243902439046,7.223724969662726e-05,-1,5,5,2052.54248046875
21,0.024390243902439046,8.43973393784836e-05,-1,5,5,2052.54248046875
22,0.07317073170731714,1.7200669390149415e-05,-1,5,5,2052.54248046875
23,0.12195121951219523,2.715050140977837e-05,-1,5,5,2052.54248046875
24,0.17073170731707332,1.1786493814724963e-05,-1,5,5,2052.54248046875
25,0.2195121951219512,6.08668960921932e-06,-1,5,5,2052.54248046875
26,0.2682926829268293,1.0469437256688252e-05,-1,5,5,2052.54248046875
27,0.3170731707317074,1.1116010227851802e-06,-1,5,5,2052.54248046875
28,0.36585365853658547,1.2566593795781955e-05,-1,5,5,2052.54248046875
29,0.41463414634146356,5.9677247918443754e-05,-1,5,5,2052.54248046875
30,0.46341463414634143,2.10114085348323e-05,-1,5,5,2052.54248046875
31,0.5121951219512195,0.0,-1,5,5,2052.54248046875
32,0.5609756097560976,0.0,-1,5,5,2052.54248046875
33,0.6097560975609757,0.0,-1,5,5,2052.54248046875
34,0.6585365853658538,0.0,-1,5,5,2052.54248046875
35,0.7073170731707317,0.0,-1,5,5,2052.54248046875
36,0.7560975609756098,0.0,-1,5,5,2052.54248046875
37,0.8048780487804879,0.0,-1,5,5,2052.54248046875
38,0.853658536585366,0.0,-1,5,5,2052.54248046875
39,0.902439024390244,0.0,-1,5,5,2052.54248046875
40,0.9512195121951219,0.0,-1,5,5,2052.54248046875
41,1.0,0.0,-1,5,5,2052.54248046875
0,-1.0,0.0,-1,7,6,2052.54248046875
1,-0.9512195121951219,0.0,-1,7,6,2052.54248046875
2,-0.9024390243902439,0.0,-1,7,6,2052.54248046875
3,-0.8536585365853658,0.0,-1,7,6,2052.54248046875
4,-0.8048780487804879,0.0,-1,7,6,2052.54248046875
5,-0.7560975609756098,0.0,-1,7,6,2052.54248046875
6,-0.7073170731707317,0.0,-1,7,6,2052.54248046875
7,-0.6585365853658536,0.0,-1,7,6,2052.54248046875
8,-0.6097560975609756,0.0,-1,7,6,2052.54248046875
9,-0.5609756097560976,0.0,-1,7,6,2052.54248046875
10,-0.5121951219512195,0.0,-1,7,6,2052.54248046875
11,-0.46341463414634143,0.0,-1,7,6,2052.54248046875
12,-0.41463414634146334,0.0,-1,7,6,2052.54248046875
13,-0.36585365853658536,0.0,-1,7,6,2052.54248046875
14,-0.31707317073170727,0.0,-1,7,6,2052.54248046875
15,-0.2682926829268293,0.0,-1,7,6,2052.54248046875
16,-0.2195121951219512,0.0,-1,7,6,2052.54248046875
17,-0.1707317073170731,0.0,-1,7,6,2052.54248046875
18,-0.12195121951219512,2.752946102191345e-06,-1,7,6,2052.54248046875
19,-0.07317073170731703,8.968564770839293e-07,-1,7,6,2052.54248046875
20,-0.024390243902439046,2.838196166976559e-07,-1,7,6,2052.54248046875
21,0.024390243902439046,2.132024519596598e-06,-1,7,6,2052.54248046875
22,0.07317073170731714,1.2334294297033921e-05,-1,7,6,2052.54248046875
23,0.12195121951219523,3.973195362050319e-06,-1,7,6,2052.54248046875
24,0.17073170731707332,2.757116362772649e-06,-1,7,6,2052.54248046875
25,0.2195121951219512,1.027394887387345e-06,-1,7,6,2052.54248046875
26,0.2682926829268293,2.4126258722390048e-05,-1,7,6,2052.54248046875
27,0.3170731707317074,4.43566677859053e-05,-1,7,6,2052.54248046875
28,0.36585365853658547,4.217241803416982e-05,-1,7,6,2052.54248046875
29,0.41463414634146356,0.0006296272622421384,-1,7,6,2052.54248046875
30,0.46341463414634143,5.531826536753215e-05,-1,7,6,2052.54248046875
31,0.5121951219512195,0.0001350050006294623,-1,7,6,2052.54248046875
32,0.5609756097560976,0.007314951159060001,-1,7,6,2052.54248046875
33,0.6097560975609757,0.00011455945787020028,-1,7,6,2052.54248046875
34,0.6585365853658538,9.259647413273342e-06,-1,7,6,2052.54248046875
35,0.7073170731707317,1.671891027399397e-06,-1,7,6,2052.54248046875
36,0.7560975609756098,1.5505842384300195e-05,-1,7,6,2052.54248046875
37,0.8048780487804879,3.363889118190855e-05,-1,7,6,2052.54248046875
38,0.853658536585366,1.3235641745268367e-05,-1,7,6,2052.54248046875
39,0.902439024390244,3.661351729533635e-05,-1,7,6,2052.54248046875
40,0.9512195121951219,4.332313437771518e-06,-1,7,6,2052.54248046875
41,1.0,2.136606411795583e-07,-1,7,6,2052.54248046875
0,-1.0,0.0,-1,8,6,2052.54248046875
1,-0.9512195121951219,0.0,-1,8,6,2052.54248046875
2,-0.9024390243902439,0.0,-1,8,6,2052.54248046875
3,-0.8536585365853658,0.0,-1,8,6,2052.54248046875
4,-0.8048780487804879,0.0,-1,8,6,2052.54248046875
5,-0.7560975609756098,0.0,-1,8,6,2052.54248046875
6,-0.7073170731707317,0.0,-1,8,6,2052.54248046875
7,-0.6585365853658536,0.0,-1,8,6,2052.54248046875
8,-0.6097560975609756,0.0,-1,8,6,2052.54248046875
9,-0.5609756097560976,0.0,-1,8,6,2052.54248046875
10,-0.5121951219512195,2.9278481861183536e-09,-1,8,6,2052.54248046875
11,-0.46341463414634143,8.60542115788121e-07,-1,8,6,2052.54248046875
12,-0.41463414634146334,1.5707220200056327e-06,-1,8,6,2052.54248046875
13,-0.36585365853658536,1.2476177744247252e-06,-1,8,6,2052.54248046875
14,-0.31707317073170727,2.9473807217073045e-07,-1,8,6,2052.54248046875
15,-0.2682926829268293,4.98495592182735e-06,-1,8,6,2052.54248046875
16,-0.2195121951219512,2.428220795991365e-05,-1,8,6,2052.54248046875
17,-0.1707317073170731,3.2968873711070046e-06,-1,8,6,2052.54248046875
18,-0.12195121951219512,3.987001946370583e-07,-1,8,6,2052.54248046875
19,-0.07317073170731703,5.985190909996163e-06,-1,8,6,2052.54248046875
20,-0.024390243902439046,3.403517621336505e-05,-1,8,6,2052.54248046875
21,0.024390243902439046,0.00011926739534828812,-1,8,6,2052.54248046875
22,0.07317073170731714,0.013266696594655514,-1,8,6,2052.54248046875
23,0.12195121951219523,1.1548015208973084e-05,-1,8,6,2052.54248046875
24,0.17073170731707332,1.6190149835892953e-05,-1,8,6,2052.54248046875
25,0.2195121951219512,2.085372580040712e-05,-1,8,6,2052.54248046875
26,0.2682926829268293,6.7333107836020645e-06,-1,8,6,2052.54248046875
27,0.3170731707317074,1.377806142954796e-06,-1,8,6,2052.54248046875
28,0.36585365853658547,5.189656917536922e-07,-1,8,6,2052.54248046875
29,0.41463414634146356,1.0495501783225336e-06,-1,8,6,2052.54248046875
30,0.46341463414634143,2.0059430880792206e-06,-1,8,6,2052.54248046875
31,0.5121951219512195,1.488735676957731e-07,-1,8,6,2052.54248046875
32,0.5609756097560976,7.578006488984101e-07,-1,8,6,2052.54248046875
33,0.6097560975609757,3.258080323575996e-05,-1,8,6,2052.54248046875
34,0.6585365853658538,4.670638190873433e-06,-1,8,6,2052.54248046875
35,0.7073170731707317,0.0,-1,8,6,2052.54248046875
36,0.7560975609756098,0.0,-1,8,6,2052.54248046875
37,0.8048780487804879,0.0,-1,8,6,2052.54248046875
38,0.853658536585366,0.0,-1,8,6,2052.54248046875
39,0.902439024390244,0.0,-1,8,6,2052.54248046875
40,0.9512195121951219,0.0,-1,8,6,2052.54248046875
41,1.0,0.0,-1,8,6,2052.54248046875
0,-1.0,0.0,-1,9,6,2052.54248046875
1,-0.9512195121951219,0.0,-1,9,6,2052.54248046875
2,-0.9024390243902439,0.0,-1,9,6,2052.54248046875
3,-0.8536585365853658,0.0,-1,9,6,2052.54248046875
4,-0.8048780487804879,2.7972205884907453e-07,-1,9,6,2052.54248046875
5,-0.7560975609756098,8.171309104909596e-07,-1,9,6,2052.54248046875
6,-0.7073170731707317,1.0508769321404543e-07,-1,9,6,2052.54248046875
7,-0.6585365853658536,2.566816419857787e-06,-1,9,6,2052.54248046875
8,-0.6097560975609756,7.432622624037322e-07,-1,9,6,2052.54248046875
9,-0.5609756097560976,9.278305128646025e-07,-1,9,6,2052.54248046875
10,-0.5121951219512195,7.400382173727849e-07,-1,9,6,2052.54248046875
11,-0.46341463414634143,2.0241989204805577e-06,-1,9,6,2052.54248046875
12,-0.41463414634146334,3.767289854295086e-06,-1,9,6,2052.54248046875
13,-0.36585365853658536,3.6524140796245774e-06,-1,9,6,2052.54248046875
14,-0.31707317073170727,8.775567039265297e-06,-1,9,6,2052.54248046875
15,-0.2682926829268293,7.678368274355307e-05,-1,9,6,2052.54248046875
16,-0.2195121951219512,0.00012004419113509357,-1,9,6,2052.54248046875
17,-0.1707317073170731,1.903616862364288e-06,-1,9,6,2052.54248046875
18,-0.12195121951219512,2.0776431597369083e-07,-1,9,6,2052.54248046875
19,-0.07317073170731703,3.7431184409797424e-06,-1,9,6,2052.54248046875
20,-0.024390243902439046,1.0793363003358536e-07,-1,9,6,2052.54248046875
21,0.024390243902439046,2.102424332406372e-06,-1,9,6,2052.54248046875
22,0.07317073170731714,4.902472937828861e-06,-1,9,6,2052.54248046875
23,0.12195121951219523,1.7201393802679377e-06,-1,9,6,2052.54248046875
24,0.17073170731707332,6.829736207691894e-07,-1,9,6,2052.54248046875
25,0.2195121951219512,2.9785406141513704e-08,-1,9,6,2052.54248046875
26,0.2682926829268293,3.017212009126524e-07,-1,9,6,2052.54248046875
27,0.3170731707317074,0.0,-1,9,6,2052.54248046875
28,0.36585365853658547,0.0,-1,9,6,2052.54248046875
29,0.41463414634146356,0.0,-1,9,6,2052.54248046875
30,0.46341463414634143,0.0,-1,9,6,2052.54248046875
31,0.5121951219512195,0.0,-1,9,6,2052.54248046875
32,0.5609756097560976,0.0,-1,9,6,2052.54248046875
33,0.6097560975609757,0.0,-1,9,6,2052.54248046875
34,0.6585365853658538,0.0,-1,9,6,2052.54248046875
35,0.7073170731707317,0.0,-1,9,6,2052.54248046875
36,0.7560975609756098,0.0,-1,9,6,2052.54248046875
37,0.8048780487804879,0.0,-1,9,6,2052.54248046875
38,0.853658536585366,0.0,-1,9,6,2052.54248046875
39,0.902439024390244,0.0,-1,9,6,2052.54248046875
40,0.9512195121951219,0.0,-1,9,6,2052.54248046875
41,1.0,0.0,-1,9,6,2052.54248046875
0,-1.0,0.0,0,-9,-5,2052.54248046875
1,-0.9512195121951219,0.0,0,-9,-5,2052.54248046875
2,-0.9024390243902439,0.0,0,-9,-5,2052.54248046875
3,-0.8536585365853658,0.0,0,-9,-5,2052.54248046875
4,-0.8048780487804879,0.0,0,-9,-5,2052.54248046875
5,-0.7560975609756098,1.9202188727973635e-09,0,-9,-5,2052.54248046875
6,-0.7073170731707317,3.3560156680323416e-06,0,-9,-5,2052.54248046875
7,-0.6585365853658536,6.125291918124276e-08,0,-9,-5,2052.54248046875
8,-0.6097560975609756,3.0422668828578026e-07,0,-9,-5,2052.54248046875
9,-0.5609756097560976,9.182718940792256e-08,0,-9,-5,2052.54248046875
10,-0.5121951219512195,2.8810684398195008e-06,0,-9,-5,2052.54248046875
11,-0.46341463414634143,3.862478024529992e-06,0,-9,-5,2052.54248046875
12,-0.41463414634146334,2.507997294287634e-07,0,-9,-5,2052.54248046875
13,-0.36585365853658536,5.7406923588132486e-06,0,-9,-5,2052.54248046875
14,-0.31707317073170727,0.0004921146901324391,0,-9,-5,2052.54248046875
15,-0.2682926829268293,7.064641977194697e-05,0,-9,-5,2052.54248046875
16,-0.2195121951219512,2.3602546207257546e-05,0,-9,-5,2052.54248046875
17,-0.1707317073170731,1.578771298227366e-05,0,-9,-5,2052.54248046875
18,-0.12195121951219512,4.037584221805446e-05,0,-9,-5,2052.54248046875
19,-0.07317073170731703,4.5445068508342956e-07,0,-9,-5,2052.54248046875
20,-0.024390243902439046,1.1942560718125605e-07,0,-9,-5,2052.54248046875
21,0.024390243902439046,9.429817282580188e-08,0,-9,-5,2052.54248046875
22,0.07317073170731714,9.023556231113616e-07,0,-9,-5,2052.54248046875
23,0.12195121951219523,1.6971361560536025e-07,0,-9,-5,2052.54248046875
24,0.17073170731707332,1.1066740768228556e-07,0,-9,-5,2052.54248046875
25,0.2195121951219512,9.483786200803479e-09,0,-9,-5,2052.54248046875
26,0.2682926829268293,1.8895033804255945e-07,0,-9,-5,2052.54248046875
27,0.3170731707317074,0.0,0,-9,-5,2052.54248046875
28,0.36585365853658547,0.0,0,-9,-5,2052.54248046875
29,0.41463414634146356,0.0,0,-9,-5,2052.54248046875
30,0.46341463414634143,0.0,0,-9,-5,2052.54248046875
31,0.5121951219512195,0.0,0,-9,-5,2052.54248046875
32,0.5609756097560976,0.0,0,-9,-5,2052.54248046875
33,0.6097560975609757,0.0,0,-9,-5,2052.54248046875
34,0.6585365853658538,0.0,0,-9,-5,2052.54248046875
35,0.7073170731707317,0.0,0,-9,-5,2052.54248046875
36,0.7560975609756098,0.0,0,-9,-5,2052.54248046875
37,0.8048780487804879,0.0,0,-9,-5,2052.54248046875
38,0.853658536585366,0.0,0,-9,-5,2052.54248046875
39,0.902439024390244,0.0,0,-9,-5,2052.54248046875
40,0.9512195121951219,0.0,0,-9,-5,2052.54248046875
41,1.0,0.0,0,-9,-5,2052.54248046875
0,-1.0,0.0,0,-8,-5,2052.54248046875
1,-0.9512195121951219,0.0,0,-8,-5,2052.54248046875
2,-0.9024390243902439,0.0,0,-8,-5,2052.54248046875
3,-0.8536585365853658,0.0,0,-8,-5,2052.54248046875
4,-0.8048780487804879,0.0,0,-8,-5,2052.54248046875
5,-0.7560975609756098,0.0,0,-8,-5,2052.54248046875
6,-0.7073170731707317,0.0,0,-8,-5,2052.54248046875
7,-0.6585365853658536,0.0,0,-8,-5,2052.54248046875
8,-0.6097560975609756,0.0,0,-8,-5,2052.54248046875
9,-0.5609756097560976,0.0,0,-8,-5,2052.54248046875
10,-0.5121951219512195,0.0,0,-8,-5,2052.54248046875
11,-0.46341463414634143,0.0,0,-8,-5,2052.54248046875
12,-0.41463414634146334,0.0,0,-8,-5,2052.54248046875
13,-0.36585365853658536,0.0,0,-8,-5,2052.54248046875
14,-0.31707317073170727,0.0,0,-8,-5,2052.54248046875
15,-0.2682926829268293,0.0,0,-8,-5,2052.54248046875
16,-0.2195121951219512,0.0,0,-8,-5,2052.54248046875
17,-0.1707317073170731,0.0,0,-8,-5,2052.54248046875
18,-0.12195121951219512,0.0,0,-8,-5,2052.54248046875
19,-0.07317073170731703,0.0,0,-8,-5,2052.54248046875
20,-0.024390243902439046,0.0,0,-8,-5,2052.54248046875
21,0.024390243902439046,0.0,0,-8,-5,2052.54248046875
22,0.07317073170731714,0.0,0,-8,-5,2052.54248046875
23,0.12195121951219523,0.0,0,-8,-5,2052.54248046875
24,0.17073170731707332,3.4698928175203037e-06,0,-8,-5,2052.54248046875
25,0.2195121951219512,2.2170183910930064e-07,0,-8,-5,2052.54248046875
26,0.2682926829268293,4.7104167606448755e-06,0,-8,-5,2052.54248046875
27,0.3170731707317074,0.00014506927982438356,0,-8,-5,2052.54248046875
28,0.36585365853658547,2.351057446503546e-06,0,-8,-5,2052.54248046875
29,0.41463414634146356,7.689633093832526e-06,0,-8,-5,2052.54248046875
30,0.46341463414634143,3.45342016316863e-07,0,-8,-5,2052.54248046875
31,0.5121951219512195,2.194927765231114e-05,0,-8,-5,2052.54248046875
32,0.5609756097560976,6.507893704110757e-05,0,-8,-5,2052.54248046875
33,0.6097560975609757,1.1109375009255018e-05,0,-8,-5,2052.54248046875
34,0.6585365853658538,9.459094871999696e-05,0,-8,-5,2052.54248046875
35,0.7073170731707317,4.339283987064846e-05,0,-8,-5,2052.54248046875
36,0.7560975609756098,0.000787525437772274,0,-8,-5,2052.54248046875
37,0.8048780487804879,0.00011577198893064633,0,-8,-5,2052.54248046875
38,0.853658536585366,1.2819174116884824e-05,0,-8,-5,2052.54248046875
39,0.902439024390244,6.436475086957216e-05,0,-8,-5,2052.54248046875
40,0.9512195121951219,1.380144567519892e-05,0,-8,-5,2052.54248046875
41,1.0,1.4142676263873e-05,0,-8,-5,2052.54248046875
0,-1.0,4.268355496606091e-06,0,-8,-4,2052.54248046875
1,-0.9512195121951219,1.815130417526234e-06,0,-8,-4,2052.54248046875
2,-0.9024390243902439,2.3991495254449546e-05,0,-8,-4,2052.54248046875
3,-0.8536585365853658,1.0968568631142261e-06,0,-8,-4,2052.54248046875
4,-0.8048780487804879,8.827485726214945e-05,0,-8,-4,2052.54248046875
5,-0.7560975609756098,8.32796940812841e-05,0,-8,-4,2052.54248046875
6,-0.7073170731707317,0.004072188399732113,0,-8,-4,2052.54248046875
7,-0.6585365853658536,2.4872868380043656e-05,0,-8,-4,2052.54248046875
8,-0.6097560975609756,0.0002118251140927896,0,-8,-4,2052.54248046875
9,-0.5609756097560976,1.596157062522252e-06,0,-8,-4,2052.54248046875
10,-0.5121951219512195,2.0089051758986898e-05,0,-8,-4,2052.54248046875
11,-0.46341463414634143,1.777150646375958e-05,0,-8,-4,2052.54248046875
12,-0.41463414634146334,5.452959044305317e-07,0,-8,-4,2052.54248046875
13,-0.36585365853658536,3.1941840461513493e-06,0,-8,-4,2052.54248046875
14,-0.31707317073170727,1.787324799806811e-05,0,-8,-4,2052.54248046875
15,-0.2682926829268293,1.2646084996958962e-06,0,-8,-4,2052.54248046875
16,-0.2195121951219512,9.736148740557837e-07,0,-8,-4,2052.54248046875
17,-0.1707317073170731,3.835646111838287e-06,0,-8,-4,2052.54248046875
18,-0.12195121951219512,1.0374770909038489e-06,0,-8,-4,2052.54248046875
19,-0.07317073170731703,0.0,0,-8,-4,2052.54248046875
20,-0.024390243902439046,0.0,0,-8,-4,2052.54248046875
21,0.024390243902439046,0.0,0,-8,-4,2052.54248046875
22,0.07317073170731714,0.0,0,-8,-4,2052.54248046875
23,0.12195121951219523,0.0,0,-8,-4,2052.54248046875
24,0.17073170731707332,0.0,0,-8,-4,2052.54248046875
25,0.2195121951219512,0.0,0,-8,-4,2052.54248046875
26,0.2682926829268293,0.0,0,-8,-4,2052.54248046875
27,0.3170731707317074,0.0,0,-8,-4,2052.54248046875
28,0.36585365853658547,0.0,0,-8,-4,2052.54248046875
29,0.41463414634146356,0.0,0,-8,-4,2052.54248046875
30,0.46341463414634143,0.0,0,-8,-4,2052.54248046875
31,0.5121951219512195,0.0,0,-8,-4,2052.54248046875
32,0.5609756097560976,0.0,0,-8,-4,2052.54248046875
33,0.6097560975609757,0.0,0,-8,-4,2052.54248046875
34,0.6585365853658538,0.0,0,-8,-4,2052.54248046875
35,0.7073170731707317,0.0,0,-8,-4,2052.54248046875
36,0.7560975609756098,0.0,0,-8,-4,2052.54248046875
37,0.8048780487804879,0.0,0,-8,-4,2052.54248046875
38,0.853658536585366,0.0,0,-8,-4,2052.54248046875
39,0.902439024390244,0.0,0,-8,-4,2052.54248046875
40,0.9512195121951219,0.0,0,-8,-4,2052.54248046875
41,1.0,0.0,0,-8,-4,2052.54248046875
0,-1.0,0.0,0,-7,-4,2052.54248046875
1,-0.9512195121951219,0.0,0,-7,-4,2052.54248046875
2,-0.9024390243902439,0.0,0,-7,-4,2052.54248046875
3,-0.8536585365853658,0.0,0,-7,-4,2052.54248046875
4,-0.8048780487804879,0.0,0,-7,-4,2052.54248046875
5,-0.7560975609756098,0.0,0,-7,-4,2052.54248046875
6,-0.7073170731707317,0.0,0,-7,-4,2052.54248046875
7,-0.6585365853658536,0.0,0,-7,-4,2052.54248046875
8,-0.6097560975609756,0.0,0,-7,-4,2052.54248046875
9,-0.5609756097560976,0.0,0,-7,-4,2052.54248046875
10,-0.5121951219512195,0.0,0,-7,-4,2052.54248046875
11,-0.46341463414634143,0.0,0,-7,-4,2052.54248046875
12,-0.41463414634146334,0.0,0,-7,-4,2052.54248046875
13,-0.36585365853658536,0.0,0,-7,-4,2052.54248046875
14,-0.31707317073170727,0.0002456776855979115,0,-7,-4,2052.54248046875
15,-0.2682926829268293,1.5815498045412824e-05,0,-7,-4,2052.54248046875
16,-0.2195121951219512,9.199364285450429e-06,0,-7,-4,2052.54248046875
17,-0.1707317073170731,4.82169161841739e-05,0,-7,-4,2052.54248046875
18,-0.12195121951219512,2.6004156097769737e-05,0,-7,-4,2052.54248046875
19,-0.07317073170731703,1.5470604921574704e-05,0,-7,-4,2052.54248046875
20,-0.024390243902439046,1.5517172869294882e-05,0,-7,-4,2052.54248046875
21,0.024390243902439046,3.142829518765211e-05,0,-7,-4,2052.54248046875
22,0.07317073170731714,0.00010105912951985374,0,-7,-4,2052.54248046875
23,0.12195121951219523,7.062903023324907e-05,0,-7,-4,2052.54248046875
24,0.17073170731707332,7.741223816992715e-05,0,-7,-4,2052.54248046875
25,0.2195121951219512,0.00015452277148142457,0,-7,-4,2052.54248046875
26,0.2682926829268293,0.00024177390150725842,0,-7,-4,2052.54248046875
27,0.3170731707317074,0.10933247953653336,0,-7,-4,2052.54248046875
28,0.36585365853658547,3.0154013074934483e-05,0,-7,-4,2052.54248046875
29,0.41463414634146356,4.6791516069788486e-05,0,-7,-4,2052.54248046875
30,0.46341463414634143,2.691883992156363e-06,0,-7,-4,2052.54248046875
31,0.5121951219512195,9.976986802939791e-06,0,-7,-4,2052.54248046875
32,0.5609756097560976,1.1213485777261667e-05,0,-7,-4,2052.54248046875
33,0.6097560975609757,9.264090294891503e-06,0,-7,-4,2052.54248046875
34,0.6585365853658538,2.2790676666772924e-05,0,-7,-4,2052.54248046875
35,0.7073170731707317,8.575496394769289e-06,0,-7,-4,2052.54248046875
36,0.7560975609756098,4.485450972424587e-06,0,-7,-4,2052.54248046875
37,0.8048780487804879,8.890385288395919e-06,0,-7,-4,2052.54248046875
38,0.853658536585366,7.70987207943108e-06,0,-7,-4,2052.54248046875
39,0.902439024390244,2.581899479991989e-06,0,-7,-4,2052.54248046875
40,0.9512195121951219,4.114539024158148e-06,0,-7,-4,2052.54248046875
41,1.0,0.0,0,-7,-4,2052.54248046875
0,-1.0,1.1847863788716495e-05,0,-6,-3,2052.54248046875
1,-0.9512195121951219,3.4551099815871567e-05,0,-6,-3,2052.54248046875
2,-0.9024390243902439,3.663491952465847e-06,0,-6,-3,2052.54248046875
3,-0.8536585365853658,4.398476085043512e-05,0,-6,-3,2052.54248046875
4,-0.8048780487804879,2.7319933906255756e-06,0,-6,-3,2052.54248046875
5,-0.7560975609756098,8.325544513354544e-06,0,-6,-3,2052.54248046875
6,-0.7073170731707317,3.804462539847009e-05,0,-6,-3,2052.54248046875
7,-0.6585365853658536,0.0001763750915415585,0,-6,-3,2052.54248046875
8,-0.6097560975609756,2.9984763386892155e-05,0,-6,-3,2052.54248046875
9,-0.5609756097560976,0.0001803775376174599,0,-6,-3,2052.54248046875
10,-0.5121951219512195,7.022643694654107e-05,0,-6,-3,2052.54248046875
11,-0.46341463414634143,0.0006987332599237561,0,-6,-3,2052.54248046875
12,-0.41463414634146334,0.0002626156492624432,0,-6,-3,2052.54248046875
13,-0.36585365853658536,0.002782215364277363,0,-6,-3,2052.54248046875
14,-0.31707317073170727,0.26697978377342224,0,-6,-3,2052.54248046875
15,-0.2682926829268293,0.002956194570288062,0,-6,-3,2052.54248046875
16,-0.2195121951219512,0.0002855597995221615,0,-6,-3,2052.54248046875
17,-0.1707317073170731,0.0017577663529664278,0,-6,-3,2052.54248046875
18,-0.12195121951219512,0.0002561074506957084,0,-6,-3,2052.54248046875
19,-0.07317073170731703,0.0001199792604893446,0,-6,-3,2052.54248046875
20,-0.024390243902439046,9.552869596518576e-05,0,-6,-3,2052.54248046875
21,0.024390243902439046,8.089089533314109e-06,0,-6,-3,2052.54248046875
22,0.07317073170731714,6.891552766319364e-05,0,-6,-3,2052.54248046875
23,0.12195121951219523,1.290754516958259e-05,0,-6,-3,2052.54248046875
24,0.17073170731707332,4.832606282434426e-05,0,-6,-3,2052.54248046875
25,0.2195121951219512,2.1692483187507605e-06,0,-6,-3,2052.54248046875
26,0.2682926829268293,3.960833419114351e-05,0,-6,-3,2052.54248046875
27,0.3170731707317074,0.00010292928345734254,0,-6,-3,2052.54248046875
28,0.36585365853658547,2.944058542198036e-05,0,-6,-3,2052.54248046875
29,0.41463414634146356,1.2853721273131669e-05,0,-6,-3,2052.54248046875
30,0.46341463414634143,1.5022724255686626e-05,0,-6,-3,2052.54248046875
31,0.5121951219512195,0.0,0,-6,-3,2052.54248046875
32,0.5609756097560976,0.0,0,-6,-3,2052.54248046875
33,0.6097560975609757,0.0,0,-6,-3,2052.54248046875
34,0.6585365853658538,0.0,0,-6,-3,2052.54248046875
35,0.7073170731707317,0.0,0,-6,-3,2052.54248046875
36,0.7560975609756098,0.0,0,-6,-3,2052.54248046875
37,0.8048780487804879,0.0,0,-6,-3,2052.54248046875
38,0.853658536585366,0.0,0,-6,-3,2052.54248046875
39,0.902439024390244,0.0,0,-6,-3,2052.54248046875
40,0.9512195121951219,0.0,0,-6,-3,2052.54248046875
41,1.0,0.0,0,-6,-3,2052.54248046875
0,-1.0,1.2663502275245264e-05,0,-4,-2,2052.54248046875
1,-0.9512195121951219,3.279697921243496e-05,0,-4,-2,2052.54248046875
2,-0.9024390243902439,7.84144958743127e-06,0,-4,-2,2052.54248046875
3,-0.8536585365853658,2.6860729121835902e-05,0,-4,-2,2052.54248046875
4,-0.8048780487804879,3.237078635720536e-05,0,-4,-2,2052.54248046875
5,-0.7560975609756098,8.387547131860629e-05,0,-4,-2,2052.54248046875
6,-0.7073170731707317,6.387468602042645e-05,0,-4,-2,2052.54248046875
7,-0.6585365853658536,5.752109791501425e-05,0,-4,-2,2052.54248046875
8,-0.6097560975609756,3.203590040357085e-06,0,-4,-2,2052.54248046875
9,-0.5609756097560976,2.3252392566064373e-05,0,-4,-2,2052.54248046875
10,-0.5121951219512195,4.2390998714836314e-05,0,-4,-2,2052.54248046875
11,-0.46341463414634143,6.147965177660808e-05,0,-4,-2,2052.54248046875
12,-0.41463414634146334,9.522056643618271e-05,0,-4,-2,2052.54248046875
13,-0.36585365853658536,0.00028492382261902094,0,-4,-2,2052.54248046875
14,-0.31707317073170727,7.065169484121725e-05,0,-4,-2,2052.54248046875
15,-0.2682926829268293,2.2030847048881697e-06,0,-4,-2,2052.54248046875
16,-0.2195121951219512,0.0004829502140637487,0,-4,-2,2052.54248046875
17,-0.1707317073170731,0.0005384578253142536,0,-4,-2,2052.54248046875
18,-0.12195121951219512,5.249129389994778e-05,0,-4,-2,2052.54248046875
19,-0.07317073170731703,0.0009955784771591425,0,-4,-2,2052.54248046875
20,-0.024390243902439046,0.00533861480653286,0,-4,-2,2052.54248046875
21,0.024390243902439046,0.036541648209095,0,-4,-2,2052.54248046875
22,0.07317073170731714,0.10382841527462006,0,-4,-2,2052.54248046875
23,0.12195121951219523,0.006583766546100378,0,-4,-2,2052.54248046875
24,0.17073170731707332,0.00010549291619099677,0,-4,-2,2052.54248046875
25,0.2195121951219512,0.00050600606482476,0,-4,-2,2052.54248046875
26,0.2682926829268293,0.00043477179133333266,0,-4,-2,2052.54248046875
27,0.3170731707317074,0.0005634390981867909,0,-4,-2,2052.54248046875
28,0.36585365853658547,0.0001205406806548126,0,-4,-2,2052.54248046875
29,0.41463414634146356,0.0010047672549262643,0,-4,-2,2052.54248046875
30,0.46341463414634143,0.0001356822031084448,0,-4,-2,2052.54248046875
31,0.5121951219512195,3.8107100408524275e-05,0,-4,-2,2052.54248046875
32,0.5609756097560976,0.00011678200826281682,0,-4,-2,2052.54248046875
33,0.6097560975609757,4.562097819871269e-05,0,-4,-2,2052.54248046875
34,0.6585365853658538,5.970780330244452e-05,0,-4,-2,2052.54248046875
35,0.7073170731707317,0.00010327863128622994,0,-4,-2,2052.54248046875
36,0.7560975609756098,1.4042697330296505e-05,0,-4,-2,2052.54248046875
37,0.8048780487804879,9.657037480792496e-07,0,-4,-2,2052.54248046875
38,0.853658536585366,4.6496264985762537e-05,0,-4,-2,2052.54248046875
39,0.902439024390244,1.3502666661224794e-05,0,-4,-2,2052.54248046875
40,0.9512195121951219,2.726143065956421e-06,0,-4,-2,2052.54248046875
41,1.0,2.5585124603821896e-05,0,-4,-2,2052.54248046875
0,-1.0,0.00022540510690305382,0,-2,-1,2052.54248046875
1,-0.9512195121951219,0.00021931914670858532,0,-2,-1,2052.54248046875
2,-0.9024390243902439,7.340195588767529e-05,0,-2,-1,2052.54248046875
3,-0.8536585365853658,3.040973751922138e-05,0,-2,-1,2052.54248046875
4,-0.8048780487804879,4.007245661341585e-05,0,-2,-1,2052.54248046875
5,-0.7560975609756098,4.201379397272831e-06,0,-2,-1,2052.54248046875
6,-0.7073170731707317,0.00019633980991784483,0,-2,-1,2052.54248046875
7,-0.6585365853658536,0.00019852578407153487,0,-2,-1,2052.54248046875
8,-0.6097560975609756,5.596938717644662e-05,0,-2,-1,2052.54248046875
9,-0.5609756097560976,5.240945756668225e-05,0,-2,-1,2052.54248046875
10,-0.5121951219512195,7.63956195442006e-05,0,-2,-1,2052.54248046875
11,-0.46341463414634143,0.00010184806160395965,0,-2,-1,2052.54248046875
12,-0.41463414634146334,0.0002630419912748039,0,-2,-1,2052.54248046875
13,-0.36585365853658536,0.00020381456124596298,0,-2,-1,2052.54248046875
14,-0.31707317073170727,0.000358623918145895,0,-2,-1,2052.54248046875
15,-0.2682926829268293,4.037377493659733e-06,0,-2,-1,2052.54248046875
16,-0.2195121951219512,9.043089085025713e-05,0,-2,-1,2052.54248046875
17,-0.1707317073170731,0.000604109896812588,0,-2,-1,2052.54248046875
18,-0.12195121951219512,0.0016881349729374051,0,-2,-1,2052.54248046875
19,-0.07317073170731703,0.0019873001147061586,0,-2,-1,2052.54248046875
20,-0.024390243902439046,0.0012420039856806397,0,-2,-1,2052.54248046875
21,0.024390243902439046,2.441991637169849e-05,0,-2,-1,2052.54248046875
22,0.07317073170731714,0.0002765853132586926,0,-2,-1,2052.54248046875
23,0.12195121951219523,0.0025707287713885307,0,-2,-1,2052.54248046875
24,0.17073170731707332,0.006962801329791546,0,-2,-1,2052.54248046875
25,0.2195121951219512,0.010147337801754475,0,-2,-1,2052.54248046875
26,0.2682926829268293,0.014770922251045704,0,-2,-1,2052.54248046875
27,0.3170731707317074,0.005675039254128933,0,-2,-1,2052.54248046875
28,0.36585365853658547,0.007314395625144243,0,-2,-1,2052.54248046875
29,0.41463414634146356,0.6085225939750671,0,-2,-1,2052.54248046875
30,0.46341463414634143,0.03896978124976158,0,-2,-1,2052.54248046875
31,0.5121951219512195,0.06481195986270905,0,-2,-1,2052.54248046875
32,0.5609756097560976,0.021967507898807526,0,-2,-1,2052.54248046875
33,0.6097560975609757,0.005575977265834808,0,-2,-1,2052.54248046875
34,0.6585365853658538,0.0011380986543372273,0,-2,-1,2052.54248046875
35,0.7073170731707317,0.0006058074650354683,0,-2,-1,2052.54248046875
36,0.7560975609756098,0.0019201749237254262,0,-2,-1,2052.54248046875
37,0.8048780487804879,0.0021579586900770664,0,-2,-1,2052.54248046875
38,0.853658536585366,0.002641510684043169,0,-2,-1,2052.54248046875
39,0.902439024390244,0.0010049972916021943,0,-2,-1,2052.54248046875
40,0.9512195121951219,0.00023777433671057224,0,-2,-1,2052.54248046875
41,1.0,0.0002624769404064864,0,-2,-1,2052.54248046875
0,-1.0,0.01175118237733841,0,3,1,2052.54248046875
1,-0.9512195121951219,0.01998991332948208,0,3,1,2052.54248046875
2,-0.9024390243902439,0.010829580016434193,0,3,1,2052.54248046875
3,-0.8536585365853658,0.0031208351720124483,0,3,1,2052.54248046875
4,-0.8048780487804879,0.06668297946453094,0,3,1,2052.54248046875
5,-0.7560975609756098,0.0015409521292895079,0,3,1,2052.54248046875
6,-0.7073170731707317,0.3401574492454529,0,3,1,2052.54248046875
7,-0.6585365853658536,0.1230868473649025,0,3,1,2052.54248046875
8,-0.6097560975609756,0.05550535023212433,0,3,1,2052.54248046875
9,-0.5609756097560976,0.020349139347672462,0,3,1,2052.54248046875
10,-0.5121951219512195,0.001148751936852932,0,3,1,2052.54248046875
11,-0.46341463414634143,0.002830995712429285,0,3,1,2052.54248046875
12,-0.41463414634146334,0.0064284889958798885,0,3,1,2052.54248046875
13,-0.36585365853658536,0.0032139697577804327,0,3,1,2052.54248046875
14,-0.31707317073170727,0.0005416226922534406,0,3,1,2052.54248046875
15,-0.2682926829268293,0.003521963721141219,0,3,1,2052.54248046875
16,-0.2195121951219512,0.0008855861378833652,0,3,1,2052.54248046875
17,-0.1707317073170731,0.0027665707748383284,0,3,1,2052.54248046875
18,-0.12195121951219512,0.0020354618318378925,0,3,1,2052.54248046875
19,-0.07317073170731703,3.866461702273227e-05,0,3,1,2052.54248046875
20,-0.024390243902439046,0.000925535976421088,0,3,1,2052.54248046875
21,0.024390243902439046,0.001352121471427381,0,3,1,2052.54248046875
22,0.07317073170731714,0.0014463348779827356,0,3,1,2052.54248046875
23,0.12195121951219523,0.0006112859700806439,0,3,1,2052.54248046875
24,0.17073170731707332,0.0004452098219189793,0,3,1,2052.54248046875
25,0.2195121951219512,0.00026415620232000947,0,3,1,2052.54248046875
26,0.2682926829268293,0.00022130018624011427,0,3,1,2052.54248046875
27,0.3170731707317074,0.0005985168390907347,0,3,1,2052.54248046875
28,0.36585365853658547,0.0008674728451296687,0,3,1,2052.54248046875
29,0.41463414634146356,0.0005229791859164834,0,3,1,2052.54248046875
30,0.46341463414634143,0.0006279766093939543,0,3,1,2052.54248046875
31,0.5121951219512195,4.251165535151813e-07,0,3,1,2052.54248046875
32,0.5609756097560976,0.0005708461976610124,0,3,1,2052.54248046875
33,0.6097560975609757,0.0008428134024143219,0,3,1,2052.54248046875
34,0.6585365853658538,0.00030923765734769404,0,3,1,2052.54248046875
35,0.7073170731707317,2.085113555949647e-05,0,3,1,2052.54248046875
36,0.7560975609756098,0.0003826708416454494,0,3,1,2052.54248046875
37,0.8048780487804879,0.0007227624882943928,0,3,1,2052.54248046875
38,0.853658536585366,0.0003581214987207204,0,3,1,2052.54248046875
39,0.902439024390244,0.0,0,3,1,2052.54248046875
40,0.9512195121951219,0.0,0,3,1,2052.54248046875
41,1.0,0.0,0,3,1,2052.54248046875
0,-1.0,0.0,0,5,2,2052.54248046875
1,-0.9512195121951219,0.0,0,5,2,2052.54248046875
2,-0.9024390243902439,0.0,0,5,2,2052.54248046875
3,-0.8536585365853658,0.0,0,5,2,2052.54248046875
4,-0.8048780487804879,0.0,0,5,2,2052.54248046875
5,-0.7560975609756098,0.0,0,5,2,2052.54248046875
6,-0.7073170731707317,0.0,0,5,2,2052.54248046875
7,-0.6585365853658536,0.0,0,5,2,2052.54248046875
8,-0.6097560975609756,0.0,0,5,2,2052.54248046875
9,-0.5609756097560976,0.0,0,5,2,2052.54248046875
10,-0.5121951219512195,0.0,0,5,2,2052.54248046875
11,-0.46341463414634143,1.911448407554417e-06,0,5,2,2052.54248046875
12,-0.41463414634146334,9.860531235972303e-07,0,5,2,2052.54248046875
13,-0.36585365853658536,7.013641152298078e-07,0,5,2,2052.54248046875
14,-0.31707317073170727,4.095865051567671e-07,0,5,2,2052.54248046875
15,-0.2682926829268293,2.0149001045410841e-07,0,5,2,2052.54248046875
16,-0.2195121951219512,3.1932393085298827e-07,0,5,2,2052.54248046875
17,-0.1707317073170731,1.8459857642483257e-07,0,5,2,2052.54248046875
18,-0.12195121951219512,1.714527684271161e-06,0,5,2,2052.54248046875
19,-0.07317073170731703,4.014609203295549e-06,0,5,2,2052.54248046875
20,-0.024390243902439046,1.105135652323952e-05,0,5,2,2052.54248046875
21,0.024390243902439046,4.834702849620953e-05,0,5,2,2052.54248046875
22,0.07317073170731714,4.880136111751199e-05,0,5,2,2052.54248046875
23,0.12195121951219523,1.609471109986771e-05,0,5,2,2052.54248046875
24,0.17073170731707332,9.768739801074844e-06,0,5,2,2052.54248046875
25,0.2195121951219512,8.01229034550488e-05,0,5,2,2052.54248046875
26,0.2682926829268293,5.855303243151866e-05,0,5,2,2052.54248046875
27,0.3170731707317074,8.994251402327791e-06,0,5,2,2052.54248046875
28,0.36585365853658547,6.935333658475429e-05,0,5,2,2052.54248046875
29,0.41463414634146356,0.0024843134451657534,0,5,2,2052.54248046875
30,0.46341463414634143,0.015998894348740578,0,5,2,2052.54248046875
31,0.5121951219512195,0.0005777552141807973,0,5,2,2052.54248046875
32,0.5609756097560976,0.00021044236200395972,0,5,2,2052.54248046875
33,0.6097560975609757,6.610521086258814e-05,0,5,2,2052.54248046875
34,0.6585365853658538,0.00031040195608511567,0,5,2,2052.54248046875
35,0.7073170731707317,1.9583658286137506e-05,0,5,2,2052.54248046875
36,0.7560975609756098,4.388014929190831e-07,0,5,2,2052.54248046875
37,0.8048780487804879,9.65335129876621e-06,0,5,2,2052.54248046875
38,0.853658536585366,1.3919080629420932e-05,0,5,2,2052.54248046875
39,0.902439024390244,1.3701866919291206e-05,0,5,2,2052.54248046875
40,0.9512195121951219,9.382294592796825e-06,0,5,2,2052.54248046875
41,1.0,1.3566692359745502e-05,0,5,2,2052.54248046875
0,-1.0,5.270955170999514e-06,0,6,2,2052.54248046875
1,-0.9512195121951219,5.5293962759606075e-06,0,6,2,2052.54248046875
2,-0.9024390243902439,1.0158403256355086e-06,0,6,2,2052.54248046875
3,-0.8536585365853658,1.640637606215023e-06,0,6,2,2052.54248046875
4,-0.8048780487804879,2.6910613087238744e-05,0,6,2,2052.54248046875
5,-0.7560975609756098,5.593257355940295e-06,0,6,2,2052.54248046875
6,-0.7073170731707317,9.247798152500764e-05,0,6,2,2052.54248046875
7,-0.6585365853658536,1.6555328329559416e-05,0,6,2,2052.54248046875
8,-0.6097560975609756,2.8201000532135367e-05,0,6,2,2052.54248046875
9,-0.5609756097560976,2.557936113589676e-06,0,6,2,2052.54248046875
10,-0.5121951219512195,2.441047172396793e-06,0,6,2,2052.54248046875
11,-0.46341463414634143,4.491274376050569e-05,0,6,2,2052.54248046875
12,-0.41463414634146334,3.39891885232646e-05,0,6,2,2052.54248046875
13,-0.36585365853658536,4.715811155620031e-05,0,6,2,2052.54248046875
14,-0.31707317073170727,9.910379048960749e-06,0,6,2,2052.54248046875
15,-0.2682926829268293,0.00017698299780022353,0,6,2,2052.54248046875
16,-0.2195121951219512,0.006560297682881355,0,6,2,2052.54248046875
17,-0.1707317073170731,0.00010467878018971533,0,6,2,2052.54248046875
18,-0.12195121951219512,7.906521204859018e-06,0,6,2,2052.54248046875
19,-0.07317073170731703,8.283476745418739e-06,0,6,2,2052.54248046875
20,-0.024390243902439046,7.931502636893129e-07,0,6,2,2052.54248046875
21,0.024390243902439046,4.2832293729588855e-06,0,6,2,2052.54248046875
22,0.07317073170731714,1.6817071809782647e-05,0,6,2,2052.54248046875
23,0.12195121951219523,5.693204002454877e-06,0,6,2,2052.54248046875
24,0.17073170731707332,2.331777750441688e-06,0,6,2,2052.54248046875
25,0.2195121951219512,1.4183906387188472e-05,0,6,2,2052.54248046875
26,0.2682926829268293,2.272110759804491e-05,0,6,2,2052.54248046875
27,0.3170731707317074,8.725053339730948e-05,0,6,2,2052.54248046875
28,0.36585365853658547,7.614352944074199e-05,0,6,2,2052.54248046875
29,0.41463414634146356,2.6472351237316616e-05,0,6,2,2052.54248046875
30,0.46341463414634143,9.451163350604475e-06,0,6,2,2052.54248046875
31,0.5121951219512195,2.3466700440621935e-05,0,6,2,2052.54248046875
32,0.5609756097560976,4.8915248953562696e-06,0,6,2,2052.54248046875
33,0.6097560975609757,0.0,0,6,2,2052.54248046875
34,0.6585365853658538,0.0,0,6,2,2052.54248046875
35,0.7073170731707317,0.0,0,6,2,2052.54248046875
36,0.7560975609756098,0.0,0,6,2,2052.54248046875
37,0.8048780487804879,0.0,0,6,2,2052.54248046875
38,0.853658536585366,0.0,0,6,2,2052.54248046875
39,0.902439024390244,0.0,0,6,2,2052.54248046875
40,0.9512195121951219,0.0,0,6,2,2052.54248046875
41,1.0,0.0,0,6,2,2052.54248046875
0,-1.0,4.7472854021179955e-06,0,7,2,2052.54248046875
1,-0.9512195121951219,2.7987409794150153e-06,0,7,2,2052.54248046875
2,-0.9024390243902439,2.9762286430923268e-05,0,7,2,2052.54248046875
3,-0.8536585365853658,1.9841723769786768e-05,0,7,2,2052.54248046875
4,-0.8048780487804879,9.492678145761602e-07,0,7,2,2052.54248046875
5,-0.7560975609756098,1.0635036232997663e-05,0,7,2,2052.54248046875
6,-0.7073170731707317,0.0005617435672320426,0,7,2,2052.54248046875
7,-0.6585365853658536,0.014115093275904655,0,7,2,2052.54248046875
8,-0.6097560975609756,0.00371741596609354,0,7,2,2052.54248046875
9,-0.5609756097560976,3.9121954614529386e-05,0,7,2,2052.54248046875
10,-0.5121951219512195,1.6768737623351626e-05,0,7,2,2052.54248046875
11,-0.46341463414634143,0.0004477541660889983,0,7,2,2052.54248046875
12,-0.41463414634146334,1.1774734957725741e-05,0,7,2,2052.54248046875
13,-0.36585365853658536,7.853498573240358e-06,0,7,2,2052.54248046875
14,-0.31707317073170727,4.818240739723478e-08,0,7,2,2052.54248046875
15,-0.2682926829268293,2.516990527112739e-08,0,7,2,2052.54248046875
16,-0.2195121951219512,3.353717147547286e-06,0,7,2,2052.54248046875
17,-0.1707317073170731,4.450676271972043e-07,0,7,2,2052.54248046875
18,-0.12195121951219512,1.6847862127633562e-07,0,7,2,2052.54248046875
19,-0.07317073170731703,5.949611363575968e-07,0,7,2,2052.54248046875
20,-0.024390243902439046,1.298955112361e-07,0,7,2,2052.54248046875
21,0.024390243902439046,7.662026035859526e-08,0,7,2,2052.54248046875
22,0.07317073170731714,0.0,0,7,2,2052.54248046875
23,0.12195121951219523,0.0,0,7,2,2052.54248046875
24,0.17073170731707332,0.0,0,7,2,2052.54248046875
25,0.2195121951219512,0.0,0,7,2,2052.54248046875
26,0.2682926829268293,0.0,0,7,2,2052.54248046875
27,0.3170731707317074,0.0,0,7,2,2052.54248046875
28,0.36585365853658547,0.0,0,7,2,2052.54248046875
29,0.41463414634146356,0.0,0,7,2,2052.54248046875
30,0.46341463414634143,0.0,0,7,2,2052.54248046875
31,0.5121951219512195,0.0,0,7,2,2052.54248046875
32,0.5609756097560976,0.0,0,7,2,2052.54248046875
33,0.6097560975609757,0.0,0,7,2,2052.54248046875
34,0.6585365853658538,0.0,0,7,2,2052.54248046875
35,0.7073170731707317,0.0,0,7,2,2052.54248046875
36,0.7560975609756098,0.0,0,7,2,2052.54248046875
37,0.8048780487804879,0.0,0,7,2,2052.54248046875
38,0.853658536585366,0.0,0,7,2,2052.54248046875
39,0.902439024390244,0.0,0,7,2,2052.54248046875
40,0.9512195121951219,0.0,0,7,2,2052.54248046875
41,1.0,0.0,0,7,2,2052.54248046875
0,-1.0,0.00015172292478382587,0,8,2,2052.54248046875
1,-0.9512195121951219,0.007287905085831881,0,8,2,2052.54248046875
2,-0.9024390243902439,0.00019339284335728735,0,8,2,2052.54248046875
3,-0.8536585365853658,1.9445200450718403e-05,0,8,2,2052.54248046875
4,-0.8048780487804879,3.4909946407424286e-05,0,8,2,2052.54248046875
5,-0.7560975609756098,3.954680209972139e-07,0,8,2,2052.54248046875
6,-0.7073170731707317,4.971016664967465e-07,0,8,2,2052.54248046875
7,-0.6585365853658536,1.4341857422550675e-05,0,8,2,2052.54248046875
8,-0.6097560975609756,2.818422217387706e-06,0,8,2,2052.54248046875
9,-0.5609756097560976,2.176023144784267e-06,0,8,2,2052.54248046875
10,-0.5121951219512195,1.1572463165521185e-07,0,8,2,2052.54248046875
11,-0.46341463414634143,1.1169746585437679e-06,0,8,2,2052.54248046875
12,-0.41463414634146334,1.8589821593195666e-07,0,8,2,2052.54248046875
13,-0.36585365853658536,5.4338738664228e-07,0,8,2,2052.54248046875
14,-0.31707317073170727,0.0,0,8,2,2052.54248046875
15,-0.2682926829268293,0.0,0,8,2,2052.54248046875
16,-0.2195121951219512,0.0,0,8,2,2052.54248046875
17,-0.1707317073170731,0.0,0,8,2,2052.54248046875
18,-0.12195121951219512,0.0,0,8,2,2052.54248046875
19,-0.07317073170731703,0.0,0,8,2,2052.54248046875
20,-0.024390243902439046,0.0,0,8,2,2052.54248046875
21,0.024390243902439046,0.0,0,8,2,2052.54248046875
22,0.07317073170731714,0.0,0,8,2,2052.54248046875
23,0.12195121951219523,0.0,0,8,2,2052.54248046875
24,0.17073170731707332,0.0,0,8,2,2052.54248046875
25,0.2195121951219512,0.0,0,8,2,2052.54248046875
26,0.2682926829268293,0.0,0,8,2,2052.54248046875
27,0.3170731707317074,0.0,0,8,2,2052.54248046875
28,0.36585365853658547,0.0,0,8,2,2052.54248046875
29,0.41463414634146356,0.0,0,8,2,2052.54248046875
30,0.46341463414634143,0.0,0,8,2,2052.54248046875
31,0.5121951219512195,0.0,0,8,2,2052.54248046875
32,0.5609756097560976,0.0,0,8,2,2052.54248046875
33,0.6097560975609757,0.0,0,8,2,2052.54248046875
34,0.6585365853658538,0.0,0,8,2,2052.54248046875
35,0.7073170731707317,0.0,0,8,2,2052.54248046875
36,0.7560975609756098,0.0,0,8,2,2052.54248046875
37,0.8048780487804879,0.0,0,8,2,2052.54248046875
38,0.853658536585366,0.0,0,8,2,2052.54248046875
39,0.902439024390244,0.0,0,8,2,2052.54248046875
40,0.9512195121951219,0.0,0,8,2,2052.54248046875
41,1.0,0.0,0,8,2,2052.54248046875
0,-1.0,0.0,0,8,3,2052.54248046875
1,-0.9512195121951219,0.0,0,8,3,2052.54248046875
2,-0.9024390243902439,0.0,0,8,3,2052.54248046875
3,-0.8536585365853658,0.0,0,8,3,2052.54248046875
4,-0.8048780487804879,0.0,0,8,3,2052.54248046875
5,-0.7560975609756098,0.0,0,8,3,2052.54248046875
6,-0.7073170731707317,0.0,0,8,3,2052.54248046875
7,-0.6585365853658536,0.0,0,8,3,2052.54248046875
8,-0.6097560975609756,0.0,0,8,3,2052.54248046875
9,-0.5609756097560976,0.0,0,8,3,2052.54248046875
10,-0.5121951219512195,0.0,0,8,3,2052.54248046875
11,-0.46341463414634143,0.0,0,8,3,2052.54248046875
12,-0.41463414634146334,0.0,0,8,3,2052.54248046875
13,-0.36585365853658536,0.0,0,8,3,2052.54248046875
14,-0.31707317073170727,0.0,0,8,3,2052.54248046875
15,-0.2682926829268293,0.0,0,8,3,2052.54248046875
16,-0.2195121951219512,0.0,0,8,3,2052.54248046875
17,-0.1707317073170731,0.0,0,8,3,2052.54248046875
18,-0.12195121951219512,0.0,0,8,3,2052.54248046875
19,-0.07317073170731703,0.0,0,8,3,2052.54248046875
20,-0.024390243902439046,0.0,0,8,3,2052.54248046875
21,0.024390243902439046,0.0,0,8,3,2052.54248046875
22,0.07317073170731714,3.6489623767010926e-07,0,8,3,2052.54248046875
23,0.12195121951219523,1.589364302390095e-07,0,8,3,2052.54248046875
24,0.17073170731707332,4.481063911043748e-07,0,8,3,2052.54248046875
25,0.2195121951219512,7.955475780363486e-07,0,8,3,2052.54248046875
26,0.2682926829268293,6.050918273103889e-07,0,8,3,2052.54248046875
27,0.3170731707317074,3.82260111564392e-07,0,8,3,2052.54248046875
28,0.36585365853658547,8.084302862698678e-07,0,8,3,2052.54248046875
29,0.41463414634146356,6.902918812556891e-06,0,8,3,2052.54248046875
30,0.46341463414634143,1.625579534447752e-05,0,8,3,2052.54248046875
31,0.5121951219512195,9.228909192415813e-08,0,8,3,2052.54248046875
32,0.5609756097560976,5.606940248981118e-06,0,8,3,2052.54248046875
33,0.6097560975609757,2.5278834527853178e-06,0,8,3,2052.54248046875
34,0.6585365853658538,0.00014862387615721673,0,8,3,2052.54248046875
35,0.7073170731707317,1.104715556721203e-05,0,8,3,2052.54248046875
36,0.7560975609756098,1.3890535228711087e-06,0,8,3,2052.54248046875
37,0.8048780487804879,2.514875632186886e-07,0,8,3,2052.54248046875
38,0.853658536585366,1.426358608114242e-06,0,8,3,2052.54248046875
39,0.902439024390244,6.864593615318881e-06,0,8,3,2052.54248046875
40,0.9512195121951219,3.597088380047353e-06,0,8,3,2052.54248046875
41,1.0,5.927965389673773e-07,0,8,3,2052.54248046875
0,-1.0,0.0,0,9,3,2052.54248046875
1,-0.9512195121951219,0.0,0,9,3,2052.54248046875
2,-0.9024390243902439,0.0,0,9,3,2052.54248046875
3,-0.8536585365853658,0.0,0,9,3,2052.54248046875
4,-0.8048780487804879,0.0,0,9,3,2052.54248046875
5,-0.7560975609756098,0.0,0,9,3,2052.54248046875
6,-0.7073170731707317,0.0,0,9,3,2052.54248046875
7,-0.6585365853658536,0.0,0,9,3,2052.54248046875
8,-0.6097560975609756,0.0,0,9,3,2052.54248046875
9,-0.5609756097560976,0.0,0,9,3,2052.54248046875
10,-0.5121951219512195,0.0,0,9,3,2052.54248046875
11,-0.46341463414634143,0.0,0,9,3,2052.54248046875
12,-0.41463414634146334,0.0,0,9,3,2052.54248046875
13,-0.36585365853658536,0.0,0,9,3,2052.54248046875
14,-0.31707317073170727,0.0,0,9,3,2052.54248046875
15,-0.2682926829268293,0.0,0,9,3,2052.54248046875
16,-0.2195121951219512,9.079550409296644e-07,0,9,3,2052.54248046875
17,-0.1707317073170731,4.5541899140744135e-08,0,9,3,2052.54248046875
18,-0.12195121951219512,2.6278414111402526e-08,0,9,3,2052.54248046875
19,-0.07317073170731703,7.081137454179043e-08,0,9,3,2052.54248046875
20,-0.024390243902439046,1.1428162451920798e-06,0,9,3,2052.54248046875
21,0.024390243902439046,3.592673010643921e-06,0,9,3,2052.54248046875
22,0.07317073170731714,8.804857429822732e-07,0,9,3,2052.54248046875
23,0.12195121951219523,2.0325353489170084e-06,0,9,3,2052.54248046875
24,0.17073170731707332,1.0050394649852024e-07,0,9,3,2052.54248046875
25,0.2195121951219512,2.3470671294489875e-05,0,9,3,2052.54248046875
26,0.2682926829268293,2.8495060178101994e-05,0,9,3,2052.54248046875
27,0.3170731707317074,7.1403073889086954e-06,0,9,3,2052.54248046875
28,0.36585365853658547,0.00013959583884570748,0,9,3,2052.54248046875
29,0.41463414634146356,1.7871797126645106e-06,0,9,3,2052.54248046875
30,0.46341463414634143,7.418676659654011e-07,0,9,3,2052.54248046875
31,0.5121951219512195,1.3205442428443348e-07,0,9,3,2052.54248046875
32,0.5609756097560976,2.173435632357723e-06,0,9,3,2052.54248046875
33,0.6097560975609757,2.3815983851704914e-08,0,9,3,2052.54248046875
34,0.6585365853658538,5.4199862375980956e-08,0,9,3,2052.54248046875
35,0.7073170731707317,2.2256454457192376e-08,0,9,3,2052.54248046875
36,0.7560975609756098,5.718105057894718e-06,0,9,3,2052.54248046875
37,0.8048780487804879,5.207100457482738e-07,0,9,3,2052.54248046875
38,0.853658536585366,0.0,0,9,3,2052.54248046875
39,0.902439024390244,0.0,0,9,3,2052.54248046875
40,0.9512195121951219,0.0,0,9,3,2052.54248046875
41,1.0,0.0,0,9,3,2052.54248046875
0,-1.0,1.3489602679328527e-06,1,-8,-8,2052.54248046875
1,-0.9512195121951219,5.746807346440619e-06,1,-8,-8,2052.54248046875
2,-0.9024390243902439,9.952753288189342e-08,1,-8,-8,2052.54248046875
3,-0.8536585365853658,6.951879072403244e-07,1,-8,-8,2052.54248046875
4,-0.8048780487804879,1.0110896937476355e-06,1,-8,-8,2052.54248046875
5,-0.7560975609756098,1.2276481356821023e-05,1,-8,-8,2052.54248046875
6,-0.7073170731707317,1.4503875718219206e-05,1,-8,-8,2052.54248046875
7,-0.6585365853658536,4.669541340263095e-06,1,-8,-8,2052.54248046875
8,-0.6097560975609756,4.4627260109564304e-08,1,-8,-8,2052.54248046875
9,-0.5609756097560976,7.952644409670029e-06,1,-8,-8,2052.54248046875
10,-0.5121951219512195,1.5790556062711403e-05,1,-8,-8,2052.54248046875
11,-0.46341463414634143,4.232588253216818e-05,1,-8,-8,2052.54248046875
12,-0.41463414634146334,0.008053254336118698,1,-8,-8,2052.54248046875
13,-0.36585365853658536,3.263101098127663e-05,1,-8,-8,2052.54248046875
14,-0.31707317073170727,0.00032479874789714813,1,-8,-8,2052.54248046875
15,-0.2682926829268293,5.866863375558751e-06,1,-8,-8,2052.54248046875
16,-0.2195121951219512,1.360522219329141e-06,1,-8,-8,2052.54248046875
17,-0.1707317073170731,3.3867971183099144e-07,1,-8,-8,2052.54248046875
18,-0.12195121951219512,1.797184495444526e-06,1,-8,-8,2052.54248046875
19,-0.07317073170731703,2.2963993728808418e-07,1,-8,-8,2052.54248046875
20,-0.024390243902439046,2.2858948511839117e-07,1,-8,-8,2052.54248046875
21,0.024390243902439046,1.5536541013716487e-06,1,-8,-8,2052.54248046875
22,0.07317073170731714,7.987498520378722e-07,1,-8,-8,2052.54248046875
23,0.12195121951219523,1.0945672812567864e-07,1,-8,-8,2052.54248046875
24,0.17073170731707332,1.1138394029330811e-07,1,-8,-8,2052.54248046875
25,0.2195121951219512,0.0,1,-8,-8,2052.54248046875
26,0.2682926829268293,0.0,1,-8,-8,2052.54248046875
27,0.3170731707317074,0.0,1,-8,-8,2052.54248046875
28,0.36585365853658547,0.0,1,-8,-8,2052.54248046875
29,0.41463414634146356,0.0,1,-8,-8,2052.54248046875
30,0.46341463414634143,0.0,1,-8,-8,2052.54248046875
31,0.5121951219512195,0.0,1,-8,-8,2052.54248046875
32,0.5609756097560976,0.0,1,-8,-8,2052.54248046875
33,0.6097560975609757,0.0,1,-8,-8,2052.54248046875
34,0.6585365853658538,0.0,1,-8,-8,2052.54248046875
35,0.7073170731707317,0.0,1,-8,-8,2052.54248046875
36,0.7560975609756098,0.0,1,-8,-8,2052.54248046875
37,0.8048780487804879,0.0,1,-8,-8,2052.54248046875
38,0.853658536585366,0.0,1,-8,-8,2052.54248046875
39,0.902439024390244,0.0,1,-8,-8,2052.54248046875
40,0.9512195121951219,0.0,1,-8,-8,2052.54248046875
41,1.0,0.0,1,-8,-8,2052.54248046875
0,-1.0,0.0,1,-7,-8,2052.54248046875
1,-0.9512195121951219,0.0,1,-7,-8,2052.54248046875
2,-0.9024390243902439,0.0,1,-7,-8,2052.54248046875
3,-0.8536585365853658,0.0,1,-7,-8,2052.54248046875
4,-0.8048780487804879,0.0,1,-7,-8,2052.54248046875
5,-0.7560975609756098,0.0,1,-7,-8,2052.54248046875
6,-0.7073170731707317,0.0,1,-7,-8,2052.54248046875
7,-0.6585365853658536,0.0,1,-7,-8,2052.54248046875
8,-0.6097560975609756,0.0,1,-7,-8,2052.54248046875
9,-0.5609756097560976,0.0,1,-7,-8,2052.54248046875
10,-0.5121951219512195,0.0,1,-7,-8,2052.54248046875
11,-0.46341463414634143,0.0,1,-7,-8,2052.54248046875
12,-0.41463414634146334,0.0,1,-7,-8,2052.54248046875
13,-0.36585365853658536,0.0,1,-7,-8,2052.54248046875
14,-0.31707317073170727,0.0,1,-7,-8,2052.54248046875
15,-0.2682926829268293,0.0,1,-7,-8,2052.54248046875
16,-0.2195121951219512,0.0,1,-7,-8,2052.54248046875
17,-0.1707317073170731,0.0,1,-7,-8,2052.54248046875
18,-0.12195121951219512,0.0,1,-7,-8,2052.54248046875
19,-0.07317073170731703,0.0,1,-7,-8,2052.54248046875
20,-0.024390243902439046,1.8699938664212823e-07,1,-7,-8,2052.54248046875
21,0.024390243902439046,1.3676947219209978e-06,1,-7,-8,2052.54248046875
22,0.07317073170731714,4.3006400574086e-07,1,-7,-8,2052.54248046875
23,0.12195121951219523,7.333568419198855e-07,1,-7,-8,2052.54248046875
24,0.17073170731707332,7.122996976249851e-06,1,-7,-8,2052.54248046875
25,0.2195121951219512,5.5327923291770276e-06,1,-7,-8,2052.54248046875
26,0.2682926829268293,8.495984729961492e-06,1,-7,-8,2052.54248046875
27,0.3170731707317074,1.0814662346092518e-05,1,-7,-8,2052.54248046875
28,0.36585365853658547,7.554554940725211e-06,1,-7,-8,2052.54248046875
29,0.41463414634146356,5.110298388899537e-06,1,-7,-8,2052.54248046875
30,0.46341463414634143,5.44791419088142e-07,1,-7,-8,2052.54248046875
31,0.5121951219512195,9.914009524436551e-07,1,-7,-8,2052.54248046875
32,0.5609756097560976,4.302202432882041e-05,1,-7,-8,2052.54248046875
33,0.6097560975609757,0.00031937783933244646,1,-7,-8,2052.54248046875
34,0.6585365853658538,0.00017494575877208263,1,-7,-8,2052.54248046875
35,0.7073170731707317,4.018114395876182e-06,1,-7,-8,2052.54248046875
36,0.7560975609756098,1.670544770604465e-05,1,-7,-8,2052.54248046875
37,0.8048780487804879,1.4717145404574694e-06,1,-7,-8,2052.54248046875
38,0.853658536585366,1.4572626696462976e-06,1,-7,-8,2052.54248046875
39,0.902439024390244,4.970154918737535e-07,1,-7,-8,2052.54248046875
40,0.9512195121951219,5.420789875643095e-06,1,-7,-8,2052.54248046875
41,1.0,3.293398322057328e-06,1,-7,-8,2052.54248046875
0,-1.0,0.000177970330696553,1,-7,-7,2052.54248046875
1,-0.9512195121951219,0.006509725004434586,1,-7,-7,2052.54248046875
2,-0.9024390243902439,0.000273107027169317,1,-7,-7,2052.54248046875
3,-0.8536585365853658,9.29754605749622e-05,1,-7,-7,2052.54248046875
4,-0.8048780487804879,2.185739731430658e-06,1,-7,-7,2052.54248046875
5,-0.7560975609756098,1.7678785297903232e-06,1,-7,-7,2052.54248046875
6,-0.7073170731707317,2.3118003809941e-05,1,-7,-7,2052.54248046875
7,-0.6585365853658536,5.169408723304514e-06,1,-7,-7,2052.54248046875
8,-0.6097560975609756,1.4276386082201498e-06,1,-7,-7,2052.54248046875
9,-0.5609756097560976,4.0528863110012026e-07,1,-7,-7,2052.54248046875
10,-0.5121951219512195,2.5236270175810205e-06,1,-7,-7,2052.54248046875
11,-0.46341463414634143,2.1712362467951607e-06,1,-7,-7,2052.54248046875
12,-0.41463414634146334,9.911617780744564e-06,1,-7,-7,2052.54248046875
13,-0.36585365853658536,9.899738415697357e-07,1,-7,-7,2052.54248046875
14,-0.31707317073170727,2.4383925847359933e-05,1,-7,-7,2052.54248046875
15,-0.2682926829268293,8.017185564312967e-07,1,-7,-7,2052.54248046875
16,-0.2195121951219512,0.0,1,-7,-7,2052.54248046875
17,-0.1707317073170731,0.0,1,-7,-7,2052.54248046875
18,-0.12195121951219512,0.0,1,-7,-7,2052.54248046875
19,-0.07317073170731703,0.0,1,-7,-7,2052.54248046875
20,-0.024390243902439046,0.0,1,-7,-7,2052.54248046875
21,0.024390243902439046,0.0,1,-7,-7,2052.54248046875
22,0.07317073170731714,0.0,1,-7,-7,2052.54248046875
23,0.12195121951219523,0.0,1,-7,-7,2052.54248046875
24,0.17073170731707332,0.0,1,-7,-7,2052.54248046875
25,0.2195121951219512,0.0,1,-7,-7,2052.54248046875
26,0.2682926829268293,0.0,1,-7,-7,2052.54248046875
27,0.3170731707317074,0.0,1,-7,-7,2052.54248046875
28,0.36585365853658547,0.0,1,-7,-7,2052.54248046875
29,0.41463414634146356,0.0,1,-7,-7,2052.54248046875
30,0.46341463414634143,0.0,1,-7,-7,2052.54248046875
31,0.5121951219512195,0.0,1,-7,-7,2052.54248046875
32,0.5609756097560976,0.0,1,-7,-7,2052.54248046875
33,0.6097560975609757,0.0,1,-7,-7,2052.54248046875
34,0.6585365853658538,0.0,1,-7,-7,2052.54248046875
35,0.7073170731707317,0.0,1,-7,-7,2052.54248046875
36,0.7560975609756098,0.0,1,-7,-7,2052.54248046875
37,0.8048780487804879,0.0,1,-7,-7,2052.54248046875
38,0.853658536585366,0.0,1,-7,-7,2052.54248046875
39,0.902439024390244,0.0,1,-7,-7,2052.54248046875
40,0.9512195121951219,0.0,1,-7,-7,2052.54248046875
41,1.0,0.0,1,-7,-7,2052.54248046875
0,-1.0,0.0,1,-6,-7,2052.54248046875
1,-0.9512195121951219,0.0,1,-6,-7,2052.54248046875
2,-0.9024390243902439,0.0,1,-6,-7,2052.54248046875
3,-0.8536585365853658,0.0,1,-6,-7,2052.54248046875
4,-0.8048780487804879,0.0,1,-6,-7,2052.54248046875
5,-0.7560975609756098,0.0,1,-6,-7,2052.54248046875
6,-0.7073170731707317,0.0,1,-6,-7,2052.54248046875
7,-0.6585365853658536,1.5439275102835381e-06,1,-6,-7,2052.54248046875
8,-0.6097560975609756,7.31443776658125e-07,1,-6,-7,2052.54248046875
9,-0.5609756097560976,7.679519740122487e-07,1,-6,-7,2052.54248046875
10,-0.5121951219512195,1.4507183550449554e-05,1,-6,-7,2052.54248046875
11,-0.46341463414634143,1.3957415831100661e-05,1,-6,-7,2052.54248046875
12,-0.41463414634146334,2.3870443328632973e-06,1,-6,-7,2052.54248046875
13,-0.36585365853658536,2.667482476681471e-06,1,-6,-7,2052.54248046875
14,-0.31707317073170727,4.786932095157681e-07,1,-6,-7,2052.54248046875
15,-0.2682926829268293,7.589333677060495e-07,1,-6,-7,2052.54248046875
16,-0.2195121951219512,1.4072169278733782e-06,1,-6,-7,2052.54248046875
17,-0.1707317073170731,7.1460149229096714e-06,1,-6,-7,2052.54248046875
18,-0.12195121951219512,3.588793333619833e-06,1,-6,-7,2052.54248046875
19,-0.07317073170731703,1.1112367701571202e-06,1,-6,-7,2052.54248046875
20,-0.024390243902439046,7.4127488005615305e-06,1,-6,-7,2052.54248046875
21,0.024390243902439046,1.8817629097611643e-05,1,-6,-7,2052.54248046875
22,0.07317073170731714,0.0001125267954193987,1,-6,-7,2052.54248046875
23,0.12195121951219523,0.000262844143435359,1,-6,-7,2052.54248046875
24,0.17073170731707332,0.00018536034622229636,1,-6,-7,2052.54248046875
25,0.2195121951219512,2.518940164009109e-05,1,-6,-7,2052.54248046875
26,0.2682926829268293,4.879629341303371e-05,1,-6,-7,2052.54248046875
27,0.3170731707317074,0.00013202511763665825,1,-6,-7,2052.54248046875
28,0.36585365853658547,3.7416364648379385e-05,1,-6,-7,2052.54248046875
29,0.41463414634146356,5.219432568992488e-05,1,-6,-7,2052.54248046875
30,0.46341463414634143,2.2009407985024154e-06,1,-6,-7,2052.54248046875
31,0.5121951219512195,1.1140544984300504e-06,1,-6,-7,2052.54248046875
32,0.5609756097560976,1.1506343753353576e-06,1,-6,-7,2052.54248046875
33,0.6097560975609757,2.0966425040569447e-07,1,-6,-7,2052.54248046875
34,0.6585365853658538,5.799893187941052e-07,1,-6,-7,2052.54248046875
35,0.7073170731707317,9.239645919478789e-07,1,-6,-7,2052.54248046875
36,0.7560975609756098,4.243022885930259e-06,1,-6,-7,2052.54248046875
37,0.8048780487804879,4.1393346350560023e-07,1,-6,-7,2052.54248046875
38,0.853658536585366,7.581462568850839e-07,1,-6,-7,2052.54248046875
39,0.902439024390244,3.991759172095044e-07,1,-6,-7,2052.54248046875
40,0.9512195121951219,8.194447786991077e-08,1,-6,-7,2052.54248046875
41,1.0,0.0,1,-6,-7,2052.54248046875
0,-1.0,2.4890239274100168e-06,1,-5,-6,2052.54248046875
1,-0.9512195121951219,5.390902060753433e-06,1,-5,-6,2052.54248046875
2,-0.9024390243902439,0.0003472842217888683,1,-5,-6,2052.54248046875
3,-0.8536585365853658,0.00010990751616191119,1,-5,-6,2052.54248046875
4,-0.8048780487804879,0.00012061365850968286,1,-5,-6,2052.54248046875
5,-0.7560975609756098,0.00021556699357461184,1,-5,-6,2052.54248046875
6,-0.7073170731707317,0.00020658822904806584,1,-5,-6,2052.54248046875
7,-0.6585365853658536,0.00636743288487196,1,-5,-6,2052.54248046875
8,-0.6097560975609756,0.00015144472126848996,1,-5,-6,2052.54248046875
9,-0.5609756097560976,4.954980613547377e-05,1,-5,-6,2052.54248046875
10,-0.5121951219512195,0.0010064449161291122,1,-5,-6,2052.54248046875
11,-0.46341463414634143,3.0729954687558347e-06,1,-5,-6,2052.54248046875
12,-0.41463414634146334,4.01926226913929e-05,1,-5,-6,2052.54248046875
13,-0.36585365853658536,6.313280778158514e-07,1,-5,-6,2052.54248046875
14,-0.31707317073170727,4.821509719477035e-05,1,-5,-6,2052.54248046875
15,-0.2682926829268293,7.903180630819406e-06,1,-5,-6,2052.54248046875
16,-0.2195121951219512,1.8548861362432945e-06,1,-5,-6,2052.54248046875
17,-0.1707317073170731,1.5665100363548845e-05,1,-5,-6,2052.54248046875
18,-0.12195121951219512,8.730710760573857e-06,1,-5,-6,2052.54248046875
19,-0.07317073170731703,1.9360418264113832e-06,1,-5,-6,2052.54248046875
20,-0.024390243902439046,1.0325868515792536e-06,1,-5,-6,2052.54248046875
21,0.024390243902439046,1.1326086678309366e-05,1,-5,-6,2052.54248046875
22,0.07317073170731714,5.282729489408666e-06,1,-5,-6,2052.54248046875
23,0.12195121951219523,2.5605709197407123e-07,1,-5,-6,2052.54248046875
24,0.17073170731707332,2.061927489194204e-06,1,-5,-6,2052.54248046875
25,0.2195121951219512,1.1103297765657771e-06,1,-5,-6,2052.54248046875
26,0.2682926829268293,9.258193927053071e-07,1,-5,-6,2052.54248046875
27,0.3170731707317074,3.561876837920863e-06,1,-5,-6,2052.54248046875
28,0.36585365853658547,0.0,1,-5,-6,2052.54248046875
29,0.41463414634146356,0.0,1,-5,-6,2052.54248046875
30,0.46341463414634143,0.0,1,-5,-6,2052.54248046875
31,0.5121951219512195,0.0,1,-5,-6,2052.54248046875
32,0.5609756097560976,0.0,1,-5,-6,2052.54248046875
33,0.6097560975609757,0.0,1,-5,-6,2052.54248046875
34,0.6585365853658538,0.0,1,-5,-6,2052.54248046875
35,0.7073170731707317,0.0,1,-5,-6,2052.54248046875
36,0.7560975609756098,0.0,1,-5,-6,2052.54248046875
37,0.8048780487804879,0.0,1,-5,-6,2052.54248046875
38,0.853658536585366,0.0,1,-5,-6,2052.54248046875
39,0.902439024390244,0.0,1,-5,-6,2052.54248046875
40,0.9512195121951219,0.0,1,-5,-6,2052.54248046875
41,1.0,0.0,1,-5,-6,2052.54248046875
0,-1.0,0.0,1,-4,-6,2052.54248046875
1,-0.9512195121951219,0.0,1,-4,-6,2052.54248046875
2,-0.9024390243902439,0.0,1,-4,-6,2052.54248046875
3,-0.8536585365853658,0.0,1,-4,-6,2052.54248046875
4,-0.8048780487804879,0.0,1,-4,-6,2052.54248046875
5,-0.7560975609756098,0.0,1,-4,-6,2052.54248046875
6,-0.7073170731707317,0.0,1,-4,-6,2052.54248046875
7,-0.6585365853658536,0.0,1,-4,-6,2052.54248046875
8,-0.6097560975609756,0.0,1,-4,-6,2052.54248046875
9,-0.5609756097560976,0.0,1,-4,-6,2052.54248046875
10,-0.5121951219512195,0.0,1,-4,-6,2052.54248046875
11,-0.46341463414634143,0.0,1,-4,-6,2052.54248046875
12,-0.41463414634146334,0.0,1,-4,-6,2052.54248046875
13,-0.36585365853658536,0.0,1,-4,-6,2052.54248046875
14,-0.31707317073170727,3.572754576453008e-05,1,-4,-6,2052.54248046875
15,-0.2682926829268293,1.2260009498277213e-05,1,-4,-6,2052.54248046875
16,-0.2195121951219512,2.4853707145666704e-06,1,-4,-6,2052.54248046875
17,-0.1707317073170731,6.717361884511774e-06,1,-4,-6,2052.54248046875
18,-0.12195121951219512,3.7292322758730734e-06,1,-4,-6,2052.54248046875
19,-0.07317073170731703,3.7471402265509823e-06,1,-4,-6,2052.54248046875
20,-0.024390243902439046,1.1755295417970046e-05,1,-4,-6,2052.54248046875
21,0.024390243902439046,3.1626466352463467e-06,1,-4,-6,2052.54248046875
22,0.07317073170731714,2.2177599021233618e-05,1,-4,-6,2052.54248046875
23,0.12195121951219523,5.8802502280741464e-06,1,-4,-6,2052.54248046875
24,0.17073170731707332,3.5548993764678016e-05,1,-4,-6,2052.54248046875
25,0.2195121951219512,1.885205892904196e-05,1,-4,-6,2052.54248046875
26,0.2682926829268293,1.1734668078133836e-05,1,-4,-6,2052.54248046875
27,0.3170731707317074,9.855825192062184e-05,1,-4,-6,2052.54248046875
28,0.36585365853658547,3.4671918456297135e-06,1,-4,-6,2052.54248046875
29,0.41463414634146356,0.00015282887034118176,1,-4,-6,2052.54248046875
30,0.46341463414634143,7.186962466221303e-05,1,-4,-6,2052.54248046875
31,0.5121951219512195,1.679629167483654e-05,1,-4,-6,2052.54248046875
32,0.5609756097560976,0.00011013829498551786,1,-4,-6,2052.54248046875
33,0.6097560975609757,1.9562385205063038e-05,1,-4,-6,2052.54248046875
34,0.6585365853658538,2.144797326764092e-05,1,-4,-6,2052.54248046875
35,0.7073170731707317,0.0003511396353133023,1,-4,-6,2052.54248046875
36,0.7560975609756098,8.274598258140031e-06,1,-4,-6,2052.54248046875
37,0.8048780487804879,0.0003253233153373003,1,-4,-6,2052.54248046875
38,0.853658536585366,1.787589462765027e-05,1,-4,-6,2052.54248046875
39,0.902439024390244,0.026701096445322037,1,-4,-6,2052.54248046875
40,0.9512195121951219,0.0029799719341099262,1,-4,-6,2052.54248046875
41,1.0,0.00027287763077765703,1,-4,-6,2052.54248046875
0,-1.0,0.00021783323609270155,1,-3,-5,2052.54248046875
1,-0.9512195121951219,0.0005613991525024176,1,-3,-5,2052.54248046875
2,-0.9024390243902439,0.0004666516906581819,1,-3,-5,2052.54248046875
3,-0.8536585365853658,0.00034551232238300145,1,-3,-5,2052.54248046875
4,-0.8048780487804879,7.196457590907812e-05,1,-3,-5,2052.54248046875
5,-0.7560975609756098,0.0005399817600846291,1,-3,-5,2052.54248046875
6,-0.7073170731707317,0.0005934399669058621,1,-3,-5,2052.54248046875
7,-0.6585365853658536,0.004371370654553175,1,-3,-5,2052.54248046875
8,-0.6097560975609756,0.006871681660413742,1,-3,-5,2052.54248046875
9,-0.5609756097560976,0.01685270294547081,1,-3,-5,2052.54248046875
10,-0.5121951219512195,0.1174425408244133,1,-3,-5,2052.54248046875
11,-0.46341463414634143,0.04945090785622597,1,-3,-5,2052.54248046875
12,-0.41463414634146334,0.007733775302767754,1,-3,-5,2052.54248046875
13,-0.36585365853658536,0.003911976236850023,1,-3,-5,2052.54248046875
14,-0.31707317073170727,0.0026753279380500317,1,-3,-5,2052.54248046875
15,-0.2682926829268293,0.0008081519044935703,1,-3,-5,2052.54248046875
16,-0.2195121951219512,0.0004419629985932261,1,-3,-5,2052.54248046875
17,-0.1707317073170731,0.0002762920339591801,1,-3,-5,2052.54248046875
18,-0.12195121951219512,0.0008603291353210807,1,-3,-5,2052.54248046875
19,-0.07317073170731703,9.696179768070579e-05,1,-3,-5,2052.54248046875
20,-0.024390243902439046,0.0004450934939086437,1,-3,-5,2052.54248046875
21,0.024390243902439046,3.178142651449889e-05,1,-3,-5,2052.54248046875
22,0.07317073170731714,2.2379761503543705e-05,1,-3,-5,2052.54248046875
23,0.12195121951219523,4.127651118324138e-05,1,-3,-5,2052.54248046875
24,0.17073170731707332,1.9213464838685468e-05,1,-3,-5,2052.54248046875
25,0.2195121951219512,0.0002491053019184619,1,-3,-5,2052.54248046875
26,0.2682926829268293,0.00033577773137949407,1,-3,-5,2052.54248046875
27,0.3170731707317074,0.00013890981790609658,1,-3,-5,2052.54248046875
28,0.36585365853658547,1.17176177809597e-05,1,-3,-5,2052.54248046875
29,0.41463414634146356,0.0001968945871340111,1,-3,-5,2052.54248046875
30,0.46341463414634143,9.890605724649504e-05,1,-3,-5,2052.54248046875
31,0.5121951219512195,0.00015611974231433123,1,-3,-5,2052.54248046875
32,0.5609756097560976,0.00010802994074765593,1,-3,-5,2052.54248046875
33,0.6097560975609757,9.537498408462852e-05,1,-3,-5,2052.54248046875
34,0.6585365853658538,4.210244526348106e-07,1,-3,-5,2052.54248046875
35,0.7073170731707317,3.896382168022683e-06,1,-3,-5,2052.54248046875
36,0.7560975609756098,7.716171239735559e-06,1,-3,-5,2052.54248046875
37,0.8048780487804879,3.902992466464639e-05,1,-3,-5,2052.54248046875
38,0.853658536585366,6.074068369343877e-05,1,-3,-5,2052.54248046875
39,0.902439024390244,6.0275313444435596e-05,1,-3,-5,2052.54248046875
40,0.9512195121951219,2.2291173081612214e-05,1,-3,-5,2052.54248046875
41,1.0,3.176305199303897e-06,1,-3,-5,2052.54248046875
0,-1.0,0.0,1,4,-2,2052.54248046875
1,-0.9512195121951219,0.0,1,4,-2,2052.54248046875
2,-0.9024390243902439,0.0,1,4,-2,2052.54248046875
3,-0.8536585365853658,2.36004198086448e-05,1,4,-2,2052.54248046875
4,-0.8048780487804879,5.986594260320999e-06,1,4,-2,2052.54248046875
5,-0.7560975609756098,2.027033769991249e-05,1,4,-2,2052.54248046875
6,-0.7073170731707317,1.027376674755942e-05,1,4,-2,2052.54248046875
7,-0.6585365853658536,1.0819921953952871e-05,1,4,-2,2052.54248046875
8,-0.6097560975609756,8.081368832790758e-06,1,4,-2,2052.54248046875
9,-0.5609756097560976,1.914164749905467e-05,1,4,-2,2052.54248046875
10,-0.5121951219512195,2.3940563551150262e-05,1,4,-2,2052.54248046875
11,-0.46341463414634143,1.1587386325118132e-05,1,4,-2,2052.54248046875
12,-0.41463414634146334,7.585007097077323e-06,1,4,-2,2052.54248046875
13,-0.36585365853658536,4.407867163536139e-05,1,4,-2,2052.54248046875
14,-0.31707317073170727,9.1379442892503e-06,1,4,-2,2052.54248046875
15,-0.2682926829268293,1.7256381397601217e-05,1,4,-2,2052.54248046875
16,-0.2195121951219512,3.12729571305681e-05,1,4,-2,2052.54248046875
17,-0.1707317073170731,6.0517300880746916e-05,1,4,-2,2052.54248046875
18,-0.12195121951219512,3.96179711970035e-05,1,4,-2,2052.54248046875
19,-0.07317073170731703,1.2249785868334584e-05,1,4,-2,2052.54248046875
20,-0.024390243902439046,0.0007471088320016861,1,4,-2,2052.54248046875
21,0.024390243902439046,0.0002604706969577819,1,4,-2,2052.54248046875
22,0.07317073170731714,0.0001254396775038913,1,4,-2,2052.54248046875
23,0.12195121951219523,8.198801515391096e-05,1,4,-2,2052.54248046875
24,0.17073170731707332,0.0031521054916083813,1,4,-2,2052.54248046875
25,0.2195121951219512,0.0552477203309536,1,4,-2,2052.54248046875
26,0.2682926829268293,0.00548623688519001,1,4,-2,2052.54248046875
27,0.3170731707317074,7.933149026939645e-05,1,4,-2,2052.54248046875
28,0.36585365853658547,0.00036975732655264437,1,4,-2,2052.54248046875
29,0.41463414634146356,0.0006478206487372518,1,4,-2,2052.54248046875
30,0.46341463414634143,0.0002155990368919447,1,4,-2,2052.54248046875
31,0.5121951219512195,2.0897596186841838e-05,1,4,-2,2052.54248046875
32,0.5609756097560976,5.599490123131545e-06,1,4,-2,2052.54248046875
33,0.6097560975609757,3.414751699892804e-05,1,4,-2,2052.54248046875
34,0.6585365853658538,4.613771125150379e-06,1,4,-2,2052.54248046875
35,0.7073170731707317,7.870370609452948e-06,1,4,-2,2052.54248046875
36,0.7560975609756098,6.438483978854492e-05,1,4,-2,2052.54248046875
37,0.8048780487804879,3.7260178942233324e-05,1,4,-2,2052.54248046875
38,0.853658536585366,9.678212336439174e-06,1,4,-2,2052.54248046875
39,0.902439024390244,2.0159206997050205e-06,1,4,-2,2052.54248046875
40,0.9512195121951219,2.437950206513051e-05,1,4,-2,2052.54248046875
41,1.0,3.8961115933489054e-05,1,4,-2,2052.54248046875
0,-1.0,2.5780541363928933e-06,1,5,-2,2052.54248046875
1,-0.9512195121951219,1.9232873455621302e-05,1,5,-2,2052.54248046875
2,-0.9024390243902439,6.885404582135379e-05,1,5,-2,2052.54248046875
3,-0.8536585365853658,1.7570249838172458e-05,1,5,-2,2052.54248046875
4,-0.8048780487804879,2.0225434127496555e-05,1,5,-2,2052.54248046875
5,-0.7560975609756098,6.05105196882505e-05,1,5,-2,2052.54248046875
6,-0.7073170731707317,0.00075081194518134,1,5,-2,2052.54248046875
7,-0.6585365853658536,0.00036868752795271575,1,5,-2,2052.54248046875
8,-0.6097560975609756,0.0008435257477685809,1,5,-2,2052.54248046875
9,-0.5609756097560976,0.002063150517642498,1,5,-2,2052.54248046875
10,-0.5121951219512195,0.0025352102238684893,1,5,-2,2052.54248046875
11,-0.46341463414634143,0.00017889667651616037,1,5,-2,2052.54248046875
12,-0.41463414634146334,0.0003863397578243166,1,5,-2,2052.54248046875
13,-0.36585365853658536,0.0002437596849631518,1,5,-2,2052.54248046875
14,-0.31707317073170727,0.0003530842368490994,1,5,-2,2052.54248046875
15,-0.2682926829268293,0.00014444281987380236,1,5,-2,2052.54248046875
16,-0.2195121951219512,0.0003202632360626012,1,5,-2,2052.54248046875
17,-0.1707317073170731,5.251789480098523e-05,1,5,-2,2052.54248046875
18,-0.12195121951219512,5.143350426806137e-05,1,5,-2,2052.54248046875
19,-0.07317073170731703,7.312196976272389e-05,1,5,-2,2052.54248046875
20,-0.024390243902439046,4.041899592266418e-05,1,5,-2,2052.54248046875
21,0.024390243902439046,1.3212038538767956e-05,1,5,-2,2052.54248046875
22,0.07317073170731714,1.544336737424601e-05,1,5,-2,2052.54248046875
23,0.12195121951219523,1.1841108062071726e-05,1,5,-2,2052.54248046875
24,0.17073170731707332,1.1381361218809616e-05,1,5,-2,2052.54248046875
25,0.2195121951219512,1.1398884453228675e-05,1,5,-2,2052.54248046875
26,0.2682926829268293,8.16750070953276e-06,1,5,-2,2052.54248046875
27,0.3170731707317074,1.595290882505651e-06,1,5,-2,2052.54248046875
28,0.36585365853658547,3.239063744331361e-06,1,5,-2,2052.54248046875
29,0.41463414634146356,0.0,1,5,-2,2052.54248046875
30,0.46341463414634143,0.0,1,5,-2,2052.54248046875
31,0.5121951219512195,0.0,1,5,-2,2052.54248046875
32,0.5609756097560976,0.0,1,5,-2,2052.54248046875
33,0.6097560975609757,0.0,1,5,-2,2052.54248046875
34,0.6585365853658538,0.0,1,5,-2,2052.54248046875
35,0.7073170731707317,0.0,1,5,-2,2052.54248046875
36,0.7560975609756098,0.0,1,5,-2,2052.54248046875
37,0.8048780487804879,0.0,1,5,-2,2052.54248046875
38,0.853658536585366,0.0,1,5,-2,2052.54248046875
39,0.902439024390244,0.0,1,5,-2,2052.54248046875
40,0.9512195121951219,0.0,1,5,-2,2052.54248046875
41,1.0,0.0,1,5,-2,2052.54248046875
0,-1.0,0.0,1,6,-1,2052.54248046875
1,-0.9512195121951219,0.0,1,6,-1,2052.54248046875
2,-0.9024390243902439,0.0,1,6,-1,2052.54248046875
3,-0.8536585365853658,0.0,1,6,-1,2052.54248046875
4,-0.8048780487804879,0.0,1,6,-1,2052.54248046875
5,-0.7560975609756098,0.0,1,6,-1,2052.54248046875
6,-0.7073170731707317,0.0,1,6,-1,2052.54248046875
7,-0.6585365853658536,0.0,1,6,-1,2052.54248046875
8,-0.6097560975609756,0.0,1,6,-1,2052.54248046875
9,-0.5609756097560976,0.0,1,6,-1,2052.54248046875
10,-0.5121951219512195,0.0,1,6,-1,2052.54248046875
11,-0.46341463414634143,0.0,1,6,-1,2052.54248046875
12,-0.41463414634146334,0.0,1,6,-1,2052.54248046875
13,-0.36585365853658536,0.0,1,6,-1,2052.54248046875
14,-0.31707317073170727,0.0,1,6,-1,2052.54248046875
15,-0.2682926829268293,0.0,1,6,-1,2052.54248046875
16,-0.2195121951219512,0.0,1,6,-1,2052.54248046875
17,-0.1707317073170731,0.0,1,6,-1,2052.54248046875
18,-0.12195121951219512,0.0,1,6,-1,2052.54248046875
19,-0.07317073170731703,0.0,1,6,-1,2052.54248046875
20,-0.024390243902439046,0.0,1,6,-1,2052.54248046875
21,0.024390243902439046,0.0,1,6,-1,2052.54248046875
22,0.07317073170731714,0.0,1,6,-1,2052.54248046875
23,0.12195121951219523,0.0,1,6,-1,2052.54248046875
24,0.17073170731707332,1.2194361715955893e-06,1,6,-1,2052.54248046875
25,0.2195121951219512,1.323245214734925e-05,1,6,-1,2052.54248046875
26,0.2682926829268293,1.5685606058468693e-06,1,6,-1,2052.54248046875
27,0.3170731707317074,1.183542099170154e-05,1,6,-1,2052.54248046875
28,0.36585365853658547,2.214299911429407e-06,1,6,-1,2052.54248046875
29,0.41463414634146356,2.5522240321151912e-06,1,6,-1,2052.54248046875
30,0.46341463414634143,1.1783637091866694e-05,1,6,-1,2052.54248046875
31,0.5121951219512195,1.1747461030608974e-06,1,6,-1,2052.54248046875
32,0.5609756097560976,3.098613888141699e-06,1,6,-1,2052.54248046875
33,0.6097560975609757,5.338527444109786e-06,1,6,-1,2052.54248046875
34,0.6585365853658538,5.38431868335465e-06,1,6,-1,2052.54248046875
35,0.7073170731707317,4.4257354602450505e-05,1,6,-1,2052.54248046875
36,0.7560975609756098,5.761176453233929e-06,1,6,-1,2052.54248046875
37,0.8048780487804879,3.66157983080484e-05,1,6,-1,2052.54248046875
38,0.853658536585366,0.00017488445155322552,1,6,-1,2052.54248046875
39,0.902439024390244,4.499116039369255e-05,1,6,-1,2052.54248046875
40,0.9512195121951219,0.008886865340173244,1,6,-1,2052.54248046875
41,1.0,0.000150117848534137,1,6,-1,2052.54248046875
0,-1.0,0.0,1,7,-1,2052.54248046875
1,-0.9512195121951219,0.0,1,7,-1,2052.54248046875
2,-0.9024390243902439,0.0,1,7,-1,2052.54248046875
3,-0.8536585365853658,0.0,1,7,-1,2052.54248046875
4,-0.8048780487804879,0.0,1,7,-1,2052.54248046875
5,-0.7560975609756098,0.0,1,7,-1,2052.54248046875
6,-0.7073170731707317,0.0,1,7,-1,2052.54248046875
7,-0.6585365853658536,0.0,1,7,-1,2052.54248046875
8,-0.6097560975609756,0.0,1,7,-1,2052.54248046875
9,-0.5609756097560976,0.0,1,7,-1,2052.54248046875
10,-0.5121951219512195,0.0,1,7,-1,2052.54248046875
11,-0.46341463414634143,0.0,1,7,-1,2052.54248046875
12,-0.41463414634146334,0.0,1,7,-1,2052.54248046875
13,-0.36585365853658536,0.0,1,7,-1,2052.54248046875
14,-0.31707317073170727,0.0,1,7,-1,2052.54248046875
15,-0.2682926829268293,9.85169890554971e-07,1,7,-1,2052.54248046875
16,-0.2195121951219512,2.3786556369032041e-07,1,7,-1,2052.54248046875
17,-0.1707317073170731,1.6177222050828277e-07,1,7,-1,2052.54248046875
18,-0.12195121951219512,2.613051552913248e-09,1,7,-1,2052.54248046875
19,-0.07317073170731703,1.3126390285833622e-07,1,7,-1,2052.54248046875
20,-0.024390243902439046,4.35538868259755e-06,1,7,-1,2052.54248046875
21,0.024390243902439046,3.859559285501746e-07,1,7,-1,2052.54248046875
22,0.07317073170731714,8.316528692375869e-06,1,7,-1,2052.54248046875
23,0.12195121951219523,3.607151711548795e-06,1,7,-1,2052.54248046875
24,0.17073170731707332,2.103879342030268e-05,1,7,-1,2052.54248046875
25,0.2195121951219512,0.00038905220571905375,1,7,-1,2052.54248046875
26,0.2682926829268293,1.2376199265418109e-05,1,7,-1,2052.54248046875
27,0.3170731707317074,8.97631707630353e-07,1,7,-1,2052.54248046875
28,0.36585365853658547,8.806119876680896e-05,1,7,-1,2052.54248046875
29,0.41463414634146356,0.0002207913203164935,1,7,-1,2052.54248046875
30,0.46341463414634143,0.00010765364277176559,1,7,-1,2052.54248046875
31,0.5121951219512195,7.141041351133026e-06,1,7,-1,2052.54248046875
32,0.5609756097560976,3.8108296394057106e-06,1,7,-1,2052.54248046875
33,0.6097560975609757,1.1796466424129903e-05,1,7,-1,2052.54248046875
34,0.6585365853658538,3.7821078535671404e-07,1,7,-1,2052.54248046875
35,0.7073170731707317,2.5697663659229875e-06,1,7,-1,2052.54248046875
36,0.7560975609756098,2.3661282710918385e-08,1,7,-1,2052.54248046875
37,0.8048780487804879,2.9761784503534727e-07,1,7,-1,2052.54248046875
38,0.853658536585366,2.2079333916735777e-07,1,7,-1,2052.54248046875
39,0.902439024390244,1.612450262200582e-07,1,7,-1,2052.54248046875
40,0.9512195121951219,7.254409979395859e-07,1,7,-1,2052.54248046875
41,1.0,6.551802016474539e-07,1,7,-1,2052.54248046875
0,-1.0,0.0,1,8,-1,2052.54248046875
1,-0.9512195121951219,0.0,1,8,-1,2052.54248046875
2,-0.9024390243902439,0.0,1,8,-1,2052.54248046875
3,-0.8536585365853658,0.0,1,8,-1,2052.54248046875
4,-0.8048780487804879,0.0,1,8,-1,2052.54248046875
5,-0.7560975609756098,0.0,1,8,-1,2052.54248046875
6,-0.7073170731707317,0.0,1,8,-1,2052.54248046875
7,-0.6585365853658536,0.0,1,8,-1,2052.54248046875
8,-0.6097560975609756,0.0,1,8,-1,2052.54248046875
9,-0.5609756097560976,1.7298829391165782e-07,1,8,-1,2052.54248046875
10,-0.5121951219512195,1.1993359976258944e-06,1,8,-1,2052.54248046875
11,-0.46341463414634143,2.9954790647934715e-07,1,8,-1,2052.54248046875
12,-0.41463414634146334,1.2093822761016781e-06,1,8,-1,2052.54248046875
13,-0.36585365853658536,1.630564497645537e-06,1,8,-1,2052.54248046875
14,-0.31707317073170727,1.6548645362490788e-05,1,8,-1,2052.54248046875
15,-0.2682926829268293,5.566708296100842e-06,1,8,-1,2052.54248046875
16,-0.2195121951219512,1.272532017537742e-06,1,8,-1,2052.54248046875
17,-0.1707317073170731,7.140507932490436e-06,1,8,-1,2052.54248046875
18,-0.12195121951219512,2.279913314851001e-05,1,8,-1,2052.54248046875
19,-0.07317073170731703,1.9674524082802236e-05,1,8,-1,2052.54248046875
20,-0.024390243902439046,0.0015659178607165813,1,8,-1,2052.54248046875
21,0.024390243902439046,0.0001404286449542269,1,8,-1,2052.54248046875
22,0.07317073170731714,9.43777195061557e-05,1,8,-1,2052.54248046875
23,0.12195121951219523,1.3052157555648591e-05,1,8,-1,2052.54248046875
24,0.17073170731707332,1.320917272096267e-05,1,8,-1,2052.54248046875
25,0.2195121951219512,2.1201929484959692e-05,1,8,-1,2052.54248046875
26,0.2682926829268293,3.107198551788315e-07,1,8,-1,2052.54248046875
27,0.3170731707317074,9.391354069521185e-06,1,8,-1,2052.54248046875
28,0.36585365853658547,5.401263933890732e-06,1,8,-1,2052.54248046875
29,0.41463414634146356,4.6115010263747536e-06,1,8,-1,2052.54248046875
30,0.46341463414634143,6.587133157154312e-06,1,8,-1,2052.54248046875
31,0.5121951219512195,7.787490972077649e-07,1,8,-1,2052.54248046875
32,0.5609756097560976,1.3472639466272085e-06,1,8,-1,2052.54248046875
33,0.6097560975609757,0.0,1,8,-1,2052.54248046875
34,0.6585365853658538,0.0,1,8,-1,2052.54248046875
35,0.7073170731707317,0.0,1,8,-1,2052.54248046875
36,0.7560975609756098,0.0,1,8,-1,2052.54248046875
37,0.8048780487804879,0.0,1,8,-1,2052.54248046875
38,0.853658536585366,0.0,1,8,-1,2052.54248046875
39,0.902439024390244,0.0,1,8,-1,2052.54248046875
40,0.9512195121951219,0.0,1,8,-1,2052.54248046875
41,1.0,0.0,1,8,-1,2052.54248046875
0,-1.0,0.0,1,9,-1,2052.54248046875
1,-0.9512195121951219,0.0,1,9,-1,2052.54248046875
2,-0.9024390243902439,0.0,1,9,-1,2052.54248046875
3,-0.8536585365853658,0.0,1,9,-1,2052.54248046875
4,-0.8048780487804879,0.0,1,9,-1,2052.54248046875
5,-0.7560975609756098,1.272550775865966e-08,1,9,-1,2052.54248046875
6,-0.7073170731707317,1.7615245440083527e-07,1,9,-1,2052.54248046875
7,-0.6585365853658536,1.8799071312969318e-06,1,9,-1,2052.54248046875
8,-0.6097560975609756,3.417711411657365e-07,1,9,-1,2052.54248046875
9,-0.5609756097560976,3.0609041345996957e-07,1,9,-1,2052.54248046875
10,-0.5121951219512195,2.2918047193343227e-07,1,9,-1,2052.54248046875
11,-0.46341463414634143,4.4846561308986566e-07,1,9,-1,2052.54248046875
12,-0.41463414634146334,2.6391569463157794e-07,1,9,-1,2052.54248046875
13,-0.36585365853658536,1.2101917491236236e-05,1,9,-1,2052.54248046875
14,-0.31707317073170727,2.188871440012008e-05,1,9,-1,2052.54248046875
15,-0.2682926829268293,0.0021447858307510614,1,9,-1,2052.54248046875
16,-0.2195121951219512,1.7051542045010137e-06,1,9,-1,2052.54248046875
17,-0.1707317073170731,4.877791184298985e-07,1,9,-1,2052.54248046875
18,-0.12195121951219512,1.051045401823103e-07,1,9,-1,2052.54248046875
19,-0.07317073170731703,9.783542509467225e-07,1,9,-1,2052.54248046875
20,-0.024390243902439046,8.328595413331641e-07,1,9,-1,2052.54248046875
21,0.024390243902439046,2.0712681362056173e-05,1,9,-1,2052.54248046875
22,0.07317073170731714,4.277128482499393e-06,1,9,-1,2052.54248046875
23,0.12195121951219523,1.3764212880573723e-08,1,9,-1,2052.54248046875
24,0.17073170731707332,4.127285535560077e-07,1,9,-1,2052.54248046875
25,0.2195121951219512,1.540603165040011e-07,1,9,-1,2052.54248046875
26,0.2682926829268293,0.0,1,9,-1,2052.54248046875
27,0.3170731707317074,0.0,1,9,-1,2052.54248046875
28,0.36585365853658547,0.0,1,9,-1,2052.54248046875
29,0.41463414634146356,0.0,1,9,-1,2052.54248046875
30,0.46341463414634143,0.0,1,9,-1,2052.54248046875
31,0.5121951219512195,0.0,1,9,-1,2052.54248046875
32,0.5609756097560976,0.0,1,9,-1,2052.54248046875
33,0.6097560975609757,0.0,1,9,-1,2052.54248046875
34,0.6585365853658538,0.0,1,9,-1,2052.54248046875
35,0.7073170731707317,0.0,1,9,-1,2052.54248046875
36,0.7560975609756098,0.0,1,9,-1,2052.54248046875
37,0.8048780487804879,0.0,1,9,-1,2052.54248046875
38,0.853658536585366,0.0,1,9,-1,2052.54248046875
39,0.902439024390244,0.0,1,9,-1,2052.54248046875
40,0.9512195121951219,0.0,1,9,-1,2052.54248046875
41,1.0,0.0,1,9,-1,2052.54248046875
0,-1.0,2.3394328309223056e-05,2,-5,-10,2052.54248046875
1,-0.9512195121951219,1.306508420384489e-05,2,-5,-10,2052.54248046875
2,-0.9024390243902439,1.783198422344867e-05,2,-5,-10,2052.54248046875
3,-0.8536585365853658,0.00011756114690797403,2,-5,-10,2052.54248046875
4,-0.8048780487804879,0.00015088003419805318,2,-5,-10,2052.54248046875
5,-0.7560975609756098,0.001117395469918847,2,-5,-10,2052.54248046875
6,-0.7073170731707317,0.030580293387174606,2,-5,-10,2052.54248046875
7,-0.6585365853658536,0.0006405601743608713,2,-5,-10,2052.54248046875
8,-0.6097560975609756,0.0002089492918457836,2,-5,-10,2052.54248046875
9,-0.5609756097560976,0.0002243523340439424,2,-5,-10,2052.54248046875
10,-0.5121951219512195,0.0001088429125957191,2,-5,-10,2052.54248046875
11,-0.46341463414634143,7.682089926674962e-05,2,-5,-10,2052.54248046875
12,-0.41463414634146334,2.8165679395897314e-05,2,-5,-10,2052.54248046875
13,-0.36585365853658536,7.465436283382587e-06,2,-5,-10,2052.54248046875
14,-0.31707317073170727,5.388748832046986e-06,2,-5,-10,2052.54248046875
15,-0.2682926829268293,4.13883026340045e-06,2,-5,-10,2052.54248046875
16,-0.2195121951219512,1.4992383512435481e-05,2,-5,-10,2052.54248046875
17,-0.1707317073170731,1.7026848581735976e-05,2,-5,-10,2052.54248046875
18,-0.12195121951219512,1.2689722098002676e-05,2,-5,-10,2052.54248046875
19,-0.07317073170731703,8.401071681873873e-06,2,-5,-10,2052.54248046875
20,-0.024390243902439046,1.0717746590671595e-05,2,-5,-10,2052.54248046875
21,0.024390243902439046,4.2834499254240654e-06,2,-5,-10,2052.54248046875
22,0.07317073170731714,7.216297035483876e-06,2,-5,-10,2052.54248046875
23,0.12195121951219523,2.5187773644574918e-06,2,-5,-10,2052.54248046875
24,0.17073170731707332,9.068183999261237e-07,2,-5,-10,2052.54248046875
25,0.2195121951219512,3.5824672295348137e-07,2,-5,-10,2052.54248046875
26,0.2682926829268293,4.1993065025280885e-08,2,-5,-10,2052.54248046875
27,0.3170731707317074,2.7163372351424186e-07,2,-5,-10,2052.54248046875
28,0.36585365853658547,0.0,2,-5,-10,2052.54248046875
29,0.41463414634146356,0.0,2,-5,-10,2052.54248046875
30,0.46341463414634143,0.0,2,-5,-10,2052.54248046875
31,0.5121951219512195,0.0,2,-5,-10,2052.54248046875
32,0.5609756097560976,0.0,2,-5,-10,2052.54248046875
33,0.6097560975609757,0.0,2,-5,-10,2052.54248046875
34,0.6585365853658538,0.0,2,-5,-10,2052.54248046875
35,0.7073170731707317,0.0,2,-5,-10,2052.54248046875
36,0.7560975609756098,0.0,2,-5,-10,2052.54248046875
37,0.8048780487804879,0.0,2,-5,-10,2052.54248046875
38,0.853658536585366,0.0,2,-5,-10,2052.54248046875
39,0.902439024390244,0.0,2,-5,-10,2052.54248046875
40,0.9512195121951219,0.0,2,-5,-10,2052.54248046875
41,1.0,0.0,2,-5,-10,2052.54248046875
0,-1.0,0.0,2,-4,-10,2052.54248046875
1,-0.9512195121951219,0.0,2,-4,-10,2052.54248046875
2,-0.9024390243902439,0.0,2,-4,-10,2052.54248046875
3,-0.8536585365853658,0.0,2,-4,-10,2052.54248046875
4,-0.8048780487804879,0.0,2,-4,-10,2052.54248046875
5,-0.7560975609756098,0.0,2,-4,-10,2052.54248046875
6,-0.7073170731707317,0.0,2,-4,-10,2052.54248046875
7,-0.6585365853658536,0.0,2,-4,-10,2052.54248046875
8,-0.6097560975609756,0.0,2,-4,-10,2052.54248046875
9,-0.5609756097560976,0.0,2,-4,-10,2052.54248046875
10,-0.5121951219512195,0.0,2,-4,-10,2052.54248046875
11,-0.46341463414634143,0.0,2,-4,-10,2052.54248046875
12,-0.41463414634146334,1.1784525668190327e-05,2,-4,-10,2052.54248046875
13,-0.36585365853658536,4.479452854866395e-06,2,-4,-10,2052.54248046875
14,-0.31707317073170727,3.5858278124578646e-07,2,-4,-10,2052.54248046875
15,-0.2682926829268293,2.9170844300097087e-06,2,-4,-10,2052.54248046875
16,-0.2195121951219512,3.4900537571047607e-07,2,-4,-10,2052.54248046875
17,-0.1707317073170731,3.6790895592275774e-06,2,-4,-10,2052.54248046875
18,-0.12195121951219512,6.958838412174373e-07,2,-4,-10,2052.54248046875
19,-0.07317073170731703,3.7722707020293456e-06,2,-4,-10,2052.54248046875
20,-0.024390243902439046,5.147816750650236e-07,2,-4,-10,2052.54248046875
21,0.024390243902439046,4.156519935349934e-06,2,-4,-10,2052.54248046875
22,0.07317073170731714,7.050612680359336e-07,2,-4,-10,2052.54248046875
23,0.12195121951219523,7.620731594215613e-06,2,-4,-10,2052.54248046875
24,0.17073170731707332,3.190088193605334e-07,2,-4,-10,2052.54248046875
25,0.2195121951219512,5.794594926555874e-06,2,-4,-10,2052.54248046875
26,0.2682926829268293,1.3239936436093558e-07,2,-4,-10,2052.54248046875
27,0.3170731707317074,9.756726285559125e-06,2,-4,-10,2052.54248046875
28,0.36585365853658547,5.790863042420824e-07,2,-4,-10,2052.54248046875
29,0.41463414634146356,4.636871381080709e-06,2,-4,-10,2052.54248046875
30,0.46341463414634143,1.725850597722456e-05,2,-4,-10,2052.54248046875
31,0.5121951219512195,2.346364635741338e-05,2,-4,-10,2052.54248046875
32,0.5609756097560976,3.2481671951245517e-05,2,-4,-10,2052.54248046875
33,0.6097560975609757,2.8116699468228035e-05,2,-4,-10,2052.54248046875
34,0.6585365853658538,8.00770940259099e-05,2,-4,-10,2052.54248046875
35,0.7073170731707317,4.850318509852514e-05,2,-4,-10,2052.54248046875
36,0.7560975609756098,0.0001739782455842942,2,-4,-10,2052.54248046875
37,0.8048780487804879,0.00026028952561318874,2,-4,-10,2052.54248046875
38,0.853658536585366,0.007984025403857231,2,-4,-10,2052.54248046875
39,0.902439024390244,0.000915955868549645,2,-4,-10,2052.54248046875
40,0.9512195121951219,0.0007350976811721921,2,-4,-10,2052.54248046875
41,1.0,1.2673910532612354e-05,2,-4,-10,2052.54248046875
0,-1.0,2.2277615698840236e-06,2,-3,-9,2052.54248046875
1,-0.9512195121951219,6.6768279793905094e-06,2,-3,-9,2052.54248046875
2,-0.9024390243902439,1.415541919413954e-05,2,-3,-9,2052.54248046875
3,-0.8536585365853658,1.1978264637946268e-06,2,-3,-9,2052.54248046875
4,-0.8048780487804879,1.9024628272745758e-05,2,-3,-9,2052.54248046875
5,-0.7560975609756098,2.811913873301819e-05,2,-3,-9,2052.54248046875
6,-0.7073170731707317,3.8896894693607464e-05,2,-3,-9,2052.54248046875
7,-0.6585365853658536,6.009034041198902e-05,2,-3,-9,2052.54248046875
8,-0.6097560975609756,7.021505734883249e-05,2,-3,-9,2052.54248046875
9,-0.5609756097560976,6.952310650376603e-05,2,-3,-9,2052.54248046875
10,-0.5121951219512195,0.002156424568966031,2,-3,-9,2052.54248046875
11,-0.46341463414634143,0.002065397333353758,2,-3,-9,2052.54248046875
12,-0.41463414634146334,0.009055031463503838,2,-3,-9,2052.54248046875
13,-0.36585365853658536,0.005278971046209335,2,-3,-9,2052.54248046875
14,-0.31707317073170727,0.0001325020712101832,2,-3,-9,2052.54248046875
15,-0.2682926829268293,0.00011045456631109118,2,-3,-9,2052.54248046875
16,-0.2195121951219512,4.9578411562833935e-05,2,-3,-9,2052.54248046875
17,-0.1707317073170731,5.577918273047544e-05,2,-3,-9,2052.54248046875
18,-0.12195121951219512,5.308923846314428e-06,2,-3,-9,2052.54248046875
19,-0.07317073170731703,1.9031716874451376e-05,2,-3,-9,2052.54248046875
20,-0.024390243902439046,7.891757559264079e-05,2,-3,-9,2052.54248046875
21,0.024390243902439046,0.000462722236989066,2,-3,-9,2052.54248046875
22,0.07317073170731714,0.0004711603105533868,2,-3,-9,2052.54248046875
23,0.12195121951219523,2.963384031318128e-05,2,-3,-9,2052.54248046875
24,0.17073170731707332,8.652874043946213e-07,2,-3,-9,2052.54248046875
25,0.2195121951219512,1.1628051652223803e-05,2,-3,-9,2052.54248046875
26,0.2682926829268293,2.0404637325555086e-05,2,-3,-9,2052.54248046875
27,0.3170731707317074,1.3671738997800276e-05,2,-3,-9,2052.54248046875
28,0.36585365853658547,2.1461908090714132e-06,2,-3,-9,2052.54248046875
29,0.41463414634146356,4.1734674596227705e-06,2,-3,-9,2052.54248046875
30,0.46341463414634143,4.488980266614817e-06,2,-3,-9,2052.54248046875
31,0.5121951219512195,1.2137932117184391e-06,2,-3,-9,2052.54248046875
32,0.5609756097560976,3.874303331485862e-07,2,-3,-9,2052.54248046875
33,0.6097560975609757,1.1797874321928248e-06,2,-3,-9,2052.54248046875
34,0.6585365853658538,7.446666359101073e-07,2,-3,-9,2052.54248046875
35,0.7073170731707317,9.42521364777349e-06,2,-3,-9,2052.54248046875
36,0.7560975609756098,1.629344183129433e-06,2,-3,-9,2052.54248046875
37,0.8048780487804879,8.983871566670132e-07,2,-3,-9,2052.54248046875
38,0.853658536585366,2.0110679542995058e-05,2,-3,-9,2052.54248046875
39,0.902439024390244,4.5455817598849535e-06,2,-3,-9,2052.54248046875
40,0.9512195121951219,4.398568762553623e-06,2,-3,-9,2052.54248046875
41,1.0,2.1040052615717286e-06,2,-3,-9,2052.54248046875
0,-1.0,0.0014490047469735146,2,-1,-8,2052.54248046875
1,-0.9512195121951219,0.009678653441369534,2,-1,-8,2052.54248046875
2,-0.9024390243902439,8.766272367211059e-05,2,-1,-8,2052.54248046875
3,-0.8536585365853658,0.0017499630339443684,2,-1,-8,2052.54248046875
4,-0.8048780487804879,0.0012420827988535166,2,-1,-8,2052.54248046875
5,-0.7560975609756098,0.0036820503883063793,2,-1,-8,2052.54248046875
6,-0.7073170731707317,0.010608412325382233,2,-1,-8,2052.54248046875
7,-0.6585365853658536,0.004623985383659601,2,-1,-8,2052.54248046875
8,-0.6097560975609756,0.016784625127911568,2,-1,-8,2052.54248046875
9,-0.5609756097560976,0.017795801162719727,2,-1,-8,2052.54248046875
10,-0.5121951219512195,0.21497899293899536,2,-1,-8,2052.54248046875
11,-0.46341463414634143,0.15352505445480347,2,-1,-8,2052.54248046875
12,-0.41463414634146334,0.04071657359600067,2,-1,-8,2052.54248046875
13,-0.36585365853658536,0.01322947721928358,2,-1,-8,2052.54248046875
14,-0.31707317073170727,0.002513457555323839,2,-1,-8,2052.54248046875
15,-0.2682926829268293,0.008737529627978802,2,-1,-8,2052.54248046875
16,-0.2195121951219512,0.004239792935550213,2,-1,-8,2052.54248046875
17,-0.1707317073170731,0.0006453057285398245,2,-1,-8,2052.54248046875
18,-0.12195121951219512,5.333021908882074e-05,2,-1,-8,2052.54248046875
19,-0.07317073170731703,0.0005995839019306004,2,-1,-8,2052.54248046875
20,-0.024390243902439046,0.001435238984413445,2,-1,-8,2052.54248046875
21,0.024390243902439046,0.0002452277403790504,2,-1,-8,2052.54248046875
22,0.07317073170731714,8.768081170273945e-05,2,-1,-8,2052.54248046875
23,0.12195121951219523,0.00022428086958825588,2,-1,-8,2052.54248046875
24,0.17073170731707332,0.0007816587458364666,2,-1,-8,2052.54248046875
25,0.2195121951219512,0.00042291267891414464,2,-1,-8,2052.54248046875
26,0.2682926829268293,7.703857409069315e-05,2,-1,-8,2052.54248046875
27,0.3170731707317074,0.00017698909505270422,2,-1,-8,2052.54248046875
28,0.36585365853658547,0.00011581405851757154,2,-1,-8,2052.54248046875
29,0.41463414634146356,0.0006986625376157463,2,-1,-8,2052.54248046875
30,0.46341463414634143,7.476824976038188e-05,2,-1,-8,2052.54248046875
31,0.5121951219512195,0.00036636937875300646,2,-1,-8,2052.54248046875
32,0.5609756097560976,0.00021553051192313433,2,-1,-8,2052.54248046875
33,0.6097560975609757,5.9777892602141947e-05,2,-1,-8,2052.54248046875
34,0.6585365853658538,6.774266239517601e-06,2,-1,-8,2052.54248046875
35,0.7073170731707317,0.0002590631484054029,2,-1,-8,2052.54248046875
36,0.7560975609756098,0.0004059776838403195,2,-1,-8,2052.54248046875
37,0.8048780487804879,1.6923901057452895e-05,2,-1,-8,2052.54248046875
38,0.853658536585366,0.00034178848727606237,2,-1,-8,2052.54248046875
39,0.902439024390244,7.161735265981406e-05,2,-1,-8,2052.54248046875
40,0.9512195121951219,0.00015765974239911884,2,-1,-8,2052.54248046875
41,1.0,0.00012642030196730047,2,-1,-8,2052.54248046875
0,-1.0,7.805172936059535e-05,2,1,-7,2052.54248046875
1,-0.9512195121951219,5.075964145362377e-05,2,1,-7,2052.54248046875
2,-0.9024390243902439,2.3066721041686833e-05,2,1,-7,2052.54248046875
3,-0.8536585365853658,0.000138334566145204,2,1,-7,2052.54248046875
4,-0.8048780487804879,1.2863706615462434e-05,2,1,-7,2052.54248046875
5,-0.7560975609756098,8.492366032442078e-05,2,1,-7,2052.54248046875
6,-0.7073170731707317,7.931491563795134e-05,2,1,-7,2052.54248046875
7,-0.6585365853658536,2.9302122129593045e-05,2,1,-7,2052.54248046875
8,-0.6097560975609756,2.7218729883315973e-05,2,1,-7,2052.54248046875
9,-0.5609756097560976,6.846408359706402e-05,2,1,-7,2052.54248046875
10,-0.5121951219512195,6.234020838746801e-05,2,1,-7,2052.54248046875
11,-0.46341463414634143,7.229225593619049e-05,2,1,-7,2052.54248046875
12,-0.41463414634146334,3.522649058140814e-05,2,1,-7,2052.54248046875
13,-0.36585365853658536,8.576775871915743e-05,2,1,-7,2052.54248046875
14,-0.31707317073170727,7.317189556488302e-06,2,1,-7,2052.54248046875
15,-0.2682926829268293,0.00012925821647513658,2,1,-7,2052.54248046875
16,-0.2195121951219512,0.0003160535707138479,2,1,-7,2052.54248046875
17,-0.1707317073170731,3.868713974952698e-05,2,1,-7,2052.54248046875
18,-0.12195121951219512,0.0001319845177931711,2,1,-7,2052.54248046875
19,-0.07317073170731703,0.0003365663578733802,2,1,-7,2052.54248046875
20,-0.024390243902439046,0.0006351248011924326,2,1,-7,2052.54248046875
21,0.024390243902439046,0.0001902345975395292,2,1,-7,2052.54248046875
22,0.07317073170731714,7.093225576682016e-05,2,1,-7,2052.54248046875
23,0.12195121951219523,0.0005161540466360748,2,1,-7,2052.54248046875
24,0.17073170731707332,0.00010124912660103291,2,1,-7,2052.54248046875
25,0.2195121951219512,0.00025894324062392116,2,1,-7,2052.54248046875
26,0.2682926829268293,0.0006055794656276703,2,1,-7,2052.54248046875
27,0.3170731707317074,4.498975977185182e-05,2,1,-7,2052.54248046875
28,0.36585365853658547,0.0010121968807652593,2,1,-7,2052.54248046875
29,0.41463414634146356,0.0004292357189115137,2,1,-7,2052.54248046875
30,0.46341463414634143,0.0013330801157280803,2,1,-7,2052.54248046875
31,0.5121951219512195,0.0025344393216073513,2,1,-7,2052.54248046875
32,0.5609756097560976,0.00027737635537050664,2,1,-7,2052.54248046875
33,0.6097560975609757,0.011952058412134647,2,1,-7,2052.54248046875
34,0.6585365853658538,0.005691409111022949,2,1,-7,2052.54248046875
35,0.7073170731707317,0.18015165627002716,2,1,-7,2052.54248046875
36,0.7560975609756098,0.1485820859670639,2,1,-7,2052.54248046875
37,0.8048780487804879,0.0004664985463023186,2,1,-7,2052.54248046875
38,0.853658536585366,0.005945797078311443,2,1,-7,2052.54248046875
39,0.902439024390244,0.0014521809061989188,2,1,-7,2052.54248046875
40,0.9512195121951219,0.002609546994790435,2,1,-7,2052.54248046875
41,1.0,0.001678562955930829,2,1,-7,2052.54248046875
0,-1.0,0.0,2,3,-6,2052.54248046875
1,-0.9512195121951219,0.0,2,3,-6,2052.54248046875
2,-0.9024390243902439,0.0,2,3,-6,2052.54248046875
3,-0.8536585365853658,0.0,2,3,-6,2052.54248046875
4,-0.8048780487804879,0.0,2,3,-6,2052.54248046875
5,-0.7560975609756098,0.0,2,3,-6,2052.54248046875
6,-0.7073170731707317,0.0,2,3,-6,2052.54248046875
7,-0.6585365853658536,0.0,2,3,-6,2052.54248046875
8,-0.6097560975609756,0.0,2,3,-6,2052.54248046875
9,-0.5609756097560976,0.0,2,3,-6,2052.54248046875
10,-0.5121951219512195,0.0,2,3,-6,2052.54248046875
11,-0.46341463414634143,0.0,2,3,-6,2052.54248046875
12,-0.41463414634146334,3.712161742441822e-07,2,3,-6,2052.54248046875
13,-0.36585365853658536,2.0220872443132976e-07,2,3,-6,2052.54248046875
14,-0.31707317073170727,2.674583356565563e-06,2,3,-6,2052.54248046875
15,-0.2682926829268293,3.4441040952515323e-07,2,3,-6,2052.54248046875
16,-0.2195121951219512,2.1347327674448024e-06,2,3,-6,2052.54248046875
17,-0.1707317073170731,1.6479906435051817e-06,2,3,-6,2052.54248046875
18,-0.12195121951219512,2.85400528809987e-06,2,3,-6,2052.54248046875
19,-0.07317073170731703,8.843554724080605e-07,2,3,-6,2052.54248046875
20,-0.024390243902439046,1.6202167216761154e-06,2,3,-6,2052.54248046875
21,0.024390243902439046,5.303422199176566e-07,2,3,-6,2052.54248046875
22,0.07317073170731714,2.1879881728636974e-07,2,3,-6,2052.54248046875
23,0.12195121951219523,4.081555289303651e-06,2,3,-6,2052.54248046875
24,0.17073170731707332,1.589552766745328e-06,2,3,-6,2052.54248046875
25,0.2195121951219512,7.611267847096315e-06,2,3,-6,2052.54248046875
26,0.2682926829268293,1.5053554136557068e-07,2,3,-6,2052.54248046875
27,0.3170731707317074,2.680405305000022e-05,2,3,-6,2052.54248046875
28,0.36585365853658547,2.0929752281517722e-05,2,3,-6,2052.54248046875
29,0.41463414634146356,0.00013623885752167553,2,3,-6,2052.54248046875
30,0.46341463414634143,4.130183151573874e-05,2,3,-6,2052.54248046875
31,0.5121951219512195,0.00013281450083013624,2,3,-6,2052.54248046875
32,0.5609756097560976,1.4682538676424883e-05,2,3,-6,2052.54248046875
33,0.6097560975609757,8.368598355446011e-05,2,3,-6,2052.54248046875
34,0.6585365853658538,0.00014089772594161332,2,3,-6,2052.54248046875
35,0.7073170731707317,0.00028681321418844163,2,3,-6,2052.54248046875
36,0.7560975609756098,4.762242315337062e-05,2,3,-6,2052.54248046875
37,0.8048780487804879,7.295059185707942e-05,2,3,-6,2052.54248046875
38,0.853658536585366,7.826211367500946e-05,2,3,-6,2052.54248046875
39,0.902439024390244,0.0008600378059782088,2,3,-6,2052.54248046875
40,0.9512195121951219,0.010840670205652714,2,3,-6,2052.54248046875
41,1.0,0.0007146020070649683,2,3,-6,2052.54248046875
0,-1.0,1.3567751921073068e-05,2,4,-6,2052.54248046875
1,-0.9512195121951219,3.3844619338196935e-06,2,4,-6,2052.54248046875
2,-0.9024390243902439,7.107877991074929e-06,2,4,-6,2052.54248046875
3,-0.8536585365853658,4.458864623302361e-06,2,4,-6,2052.54248046875
4,-0.8048780487804879,8.361542427337554e-07,2,4,-6,2052.54248046875
5,-0.7560975609756098,1.7158605260192417e-05,2,4,-6,2052.54248046875
6,-0.7073170731707317,1.2511181921581738e-05,2,4,-6,2052.54248046875
7,-0.6585365853658536,6.141990979813272e-06,2,4,-6,2052.54248046875
8,-0.6097560975609756,3.188530627085129e-06,2,4,-6,2052.54248046875
9,-0.5609756097560976,3.1676019716542214e-05,2,4,-6,2052.54248046875
10,-0.5121951219512195,6.684206891804934e-05,2,4,-6,2052.54248046875
11,-0.46341463414634143,2.2799466023570858e-05,2,4,-6,2052.54248046875
12,-0.41463414634146334,2.4860639314283617e-05,2,4,-6,2052.54248046875
13,-0.36585365853658536,7.568686123704538e-05,2,4,-6,2052.54248046875
14,-0.31707317073170727,0.0002799928479362279,2,4,-6,2052.54248046875
15,-0.2682926829268293,0.0003317545051686466,2,4,-6,2052.54248046875
16,-0.2195121951219512,0.0002616554556880146,2,4,-6,2052.54248046875
17,-0.1707317073170731,0.0005335518508218229,2,4,-6,2052.54248046875
18,-0.12195121951219512,0.004645087290555239,2,4,-6,2052.54248046875
19,-0.07317073170731703,0.0012277101632207632,2,4,-6,2052.54248046875
20,-0.024390243902439046,0.0007202738197520375,2,4,-6,2052.54248046875
21,0.024390243902439046,0.00013245447189547122,2,4,-6,2052.54248046875
22,0.07317073170731714,3.458320861682296e-05,2,4,-6,2052.54248046875
23,0.12195121951219523,1.3829935596731957e-05,2,4,-6,2052.54248046875
24,0.17073170731707332,1.1098405593656935e-05,2,4,-6,2052.54248046875
25,0.2195121951219512,7.248416659422219e-05,2,4,-6,2052.54248046875
26,0.2682926829268293,1.9353792595211416e-05,2,4,-6,2052.54248046875
27,0.3170731707317074,4.460052878130227e-05,2,4,-6,2052.54248046875
28,0.36585365853658547,3.114839273621328e-05,2,4,-6,2052.54248046875
29,0.41463414634146356,1.3243919056549203e-05,2,4,-6,2052.54248046875
30,0.46341463414634143,1.0785160156956408e-05,2,4,-6,2052.54248046875
31,0.5121951219512195,1.952718957909383e-05,2,4,-6,2052.54248046875
32,0.5609756097560976,1.3705640412808862e-05,2,4,-6,2052.54248046875
33,0.6097560975609757,3.142966306768358e-05,2,4,-6,2052.54248046875
34,0.6585365853658538,1.9902123312931508e-05,2,4,-6,2052.54248046875
35,0.7073170731707317,6.186774407979101e-05,2,4,-6,2052.54248046875
36,0.7560975609756098,1.382511982228607e-05,2,4,-6,2052.54248046875
37,0.8048780487804879,1.6536789644305827e-06,2,4,-6,2052.54248046875
38,0.853658536585366,2.9641700166394003e-05,2,4,-6,2052.54248046875
39,0.902439024390244,2.4300596123794094e-05,2,4,-6,2052.54248046875
40,0.9512195121951219,0.0,2,4,-6,2052.54248046875
41,1.0,0.0,2,4,-6,2052.54248046875
0,-1.0,8.500622789142653e-05,2,5,-6,2052.54248046875
1,-0.9512195121951219,1.3985682926431764e-05,2,5,-6,2052.54248046875
2,-0.9024390243902439,1.9666440493892878e-05,2,5,-6,2052.54248046875
3,-0.8536585365853658,0.00013967708218842745,2,5,-6,2052.54248046875
4,-0.8048780487804879,0.0003269320586696267,2,5,-6,2052.54248046875
5,-0.7560975609756098,3.3049396733986214e-05,2,5,-6,2052.54248046875
6,-0.7073170731707317,3.869137435685843e-05,2,5,-6,2052.54248046875
7,-0.6585365853658536,1.4963718058425002e-05,2,5,-6,2052.54248046875
8,-0.6097560975609756,2.1750547603005543e-05,2,5,-6,2052.54248046875
9,-0.5609756097560976,3.538242162903771e-05,2,5,-6,2052.54248046875
10,-0.5121951219512195,7.990324206730293e-07,2,5,-6,2052.54248046875
11,-0.46341463414634143,9.937574532159488e-07,2,5,-6,2052.54248046875
12,-0.41463414634146334,4.349286882643355e-06,2,5,-6,2052.54248046875
13,-0.36585365853658536,3.923025815311121e-07,2,5,-6,2052.54248046875
14,-0.31707317073170727,2.0896538899251027e-06,2,5,-6,2052.54248046875
15,-0.2682926829268293,1.5302626366064942e-07,2,5,-6,2052.54248046875
16,-0.2195121951219512,1.296160917263478e-06,2,5,-6,2052.54248046875
17,-0.1707317073170731,3.279018869761785e-07,2,5,-6,2052.54248046875
18,-0.12195121951219512,4.671772160236287e-07,2,5,-6,2052.54248046875
19,-0.07317073170731703,3.114719788754883e-07,2,5,-6,2052.54248046875
20,-0.024390243902439046,4.518908554018708e-07,2,5,-6,2052.54248046875
21,0.024390243902439046,9.910750975450355e-08,2,5,-6,2052.54248046875
22,0.07317073170731714,9.218376817443641e-08,2,5,-6,2052.54248046875
23,0.12195121951219523,0.0,2,5,-6,2052.54248046875
24,0.17073170731707332,0.0,2,5,-6,2052.54248046875
25,0.2195121951219512,0.0,2,5,-6,2052.54248046875
26,0.2682926829268293,0.0,2,5,-6,2052.54248046875
27,0.3170731707317074,0.0,2,5,-6,2052.54248046875
28,0.36585365853658547,0.0,2,5,-6,2052.54248046875
29,0.41463414634146356,0.0,2,5,-6,2052.54248046875
30,0.46341463414634143,0.0,2,5,-6,2052.54248046875
31,0.5121951219512195,0.0,2,5,-6,2052.54248046875
32,0.5609756097560976,0.0,2,5,-6,2052.54248046875
33,0.6097560975609757,0.0,2,5,-6,2052.54248046875
34,0.6585365853658538,0.0,2,5,-6,2052.54248046875
35,0.7073170731707317,0.0,2,5,-6,2052.54248046875
36,0.7560975609756098,0.0,2,5,-6,2052.54248046875
37,0.8048780487804879,0.0,2,5,-6,2052.54248046875
38,0.853658536585366,0.0,2,5,-6,2052.54248046875
39,0.902439024390244,0.0,2,5,-6,2052.54248046875
40,0.9512195121951219,0.0,2,5,-6,2052.54248046875
41,1.0,0.0,2,5,-6,2052.54248046875
0,-1.0,0.0,2,6,-5,2052.54248046875
1,-0.9512195121951219,0.0,2,6,-5,2052.54248046875
2,-0.9024390243902439,0.0,2,6,-5,2052.54248046875
3,-0.8536585365853658,0.0,2,6,-5,2052.54248046875
4,-0.8048780487804879,0.0,2,6,-5,2052.54248046875
5,-0.7560975609756098,0.0,2,6,-5,2052.54248046875
6,-0.7073170731707317,0.0,2,6,-5,2052.54248046875
7,-0.6585365853658536,0.0,2,6,-5,2052.54248046875
8,-0.6097560975609756,0.0,2,6,-5,2052.54248046875
9,-0.5609756097560976,0.0,2,6,-5,2052.54248046875
10,-0.5121951219512195,0.0,2,6,-5,2052.54248046875
11,-0.46341463414634143,0.0,2,6,-5,2052.54248046875
12,-0.41463414634146334,0.0,2,6,-5,2052.54248046875
13,-0.36585365853658536,0.0,2,6,-5,2052.54248046875
14,-0.31707317073170727,0.0,2,6,-5,2052.54248046875
15,-0.2682926829268293,0.0,2,6,-5,2052.54248046875
16,-0.2195121951219512,0.0,2,6,-5,2052.54248046875
17,-0.1707317073170731,0.0,2,6,-5,2052.54248046875
18,-0.12195121951219512,4.188569562302291e-07,2,6,-5,2052.54248046875
19,-0.07317073170731703,9.467945538688127e-09,2,6,-5,2052.54248046875
20,-0.024390243902439046,6.204395504028071e-07,2,6,-5,2052.54248046875
21,0.024390243902439046,2.4866014314284257e-07,2,6,-5,2052.54248046875
22,0.07317073170731714,3.6085452848055866e-07,2,6,-5,2052.54248046875
23,0.12195121951219523,3.163261510508164e-07,2,6,-5,2052.54248046875
24,0.17073170731707332,1.319923399023537e-06,2,6,-5,2052.54248046875
25,0.2195121951219512,1.472934764024103e-05,2,6,-5,2052.54248046875
26,0.2682926829268293,1.3330695765034761e-05,2,6,-5,2052.54248046875
27,0.3170731707317074,4.480102506931871e-05,2,6,-5,2052.54248046875
28,0.36585365853658547,2.437860530335456e-05,2,6,-5,2052.54248046875
29,0.41463414634146356,8.213087312469725e-07,2,6,-5,2052.54248046875
30,0.46341463414634143,7.925083991722204e-06,2,6,-5,2052.54248046875
31,0.5121951219512195,1.1817288395832293e-05,2,6,-5,2052.54248046875
32,0.5609756097560976,0.00034627056447789073,2,6,-5,2052.54248046875
33,0.6097560975609757,0.0005896544898860157,2,6,-5,2052.54248046875
34,0.6585365853658538,1.1824883586086798e-05,2,6,-5,2052.54248046875
35,0.7073170731707317,2.5464905775152147e-05,2,6,-5,2052.54248046875
36,0.7560975609756098,7.287605512829032e-06,2,6,-5,2052.54248046875
37,0.8048780487804879,1.9499957488733344e-06,2,6,-5,2052.54248046875
38,0.853658536585366,2.7884398150490597e-06,2,6,-5,2052.54248046875
39,0.902439024390244,9.747369404067285e-06,2,6,-5,2052.54248046875
40,0.9512195121951219,2.80897234006261e-06,2,6,-5,2052.54248046875
41,1.0,1.8905324168372317e-06,2,6,-5,2052.54248046875
0,-1.0,0.0,2,7,-5,2052.54248046875
1,-0.9512195121951219,0.0,2,7,-5,2052.54248046875
2,-0.9024390243902439,0.0,2,7,-5,2052.54248046875
3,-0.8536585365853658,0.0,2,7,-5,2052.54248046875
4,-0.8048780487804879,0.0,2,7,-5,2052.54248046875
5,-0.7560975609756098,0.0,2,7,-5,2052.54248046875
6,-0.7073170731707317,0.0,2,7,-5,2052.54248046875
7,-0.6585365853658536,0.0,2,7,-5,2052.54248046875
8,-0.6097560975609756,0.0,2,7,-5,2052.54248046875
9,-0.5609756097560976,0.0,2,7,-5,2052.54248046875
10,-0.5121951219512195,2.900339950429043e-07,2,7,-5,2052.54248046875
11,-0.46341463414634143,3.5462218761495024e-07,2,7,-5,2052.54248046875
12,-0.41463414634146334,5.987322424516606e-07,2,7,-5,2052.54248046875
13,-0.36585365853658536,5.521521870832657e-07,2,7,-5,2052.54248046875
14,-0.31707317073170727,9.738891293409324e-08,2,7,-5,2052.54248046875
15,-0.2682926829268293,1.3728666203860485e-07,2,7,-5,2052.54248046875
16,-0.2195121951219512,1.4220970570022473e-06,2,7,-5,2052.54248046875
17,-0.1707317073170731,2.3526474706159206e-06,2,7,-5,2052.54248046875
18,-0.12195121951219512,3.7113613871042617e-06,2,7,-5,2052.54248046875
19,-0.07317073170731703,6.362066642395803e-07,2,7,-5,2052.54248046875
20,-0.024390243902439046,3.473024116829038e-05,2,7,-5,2052.54248046875
21,0.024390243902439046,4.7293891839217395e-05,2,7,-5,2052.54248046875
22,0.07317073170731714,0.0003486664791125804,2,7,-5,2052.54248046875
23,0.12195121951219523,0.001209320849739015,2,7,-5,2052.54248046875
24,0.17073170731707332,1.4185407962941099e-05,2,7,-5,2052.54248046875
25,0.2195121951219512,4.6309028221003246e-06,2,7,-5,2052.54248046875
26,0.2682926829268293,3.2574749297964445e-07,2,7,-5,2052.54248046875
27,0.3170731707317074,3.0094872727204347e-06,2,7,-5,2052.54248046875
28,0.36585365853658547,3.204280574209406e-06,2,7,-5,2052.54248046875
29,0.41463414634146356,2.283260528201936e-06,2,7,-5,2052.54248046875
30,0.46341463414634143,1.4844207498754258e-06,2,7,-5,2052.54248046875
31,0.5121951219512195,2.325022705917945e-06,2,7,-5,2052.54248046875
32,0.5609756097560976,1.6158518292286317e-06,2,7,-5,2052.54248046875
33,0.6097560975609757,1.4327849385153968e-05,2,7,-5,2052.54248046875
34,0.6585365853658538,1.5082865729709738e-06,2,7,-5,2052.54248046875
35,0.7073170731707317,2.028407607213012e-06,2,7,-5,2052.54248046875
36,0.7560975609756098,1.1424864396758494e-06,2,7,-5,2052.54248046875
37,0.8048780487804879,0.0,2,7,-5,2052.54248046875
38,0.853658536585366,0.0,2,7,-5,2052.54248046875
39,0.902439024390244,0.0,2,7,-5,2052.54248046875
40,0.9512195121951219,0.0,2,7,-5,2052.54248046875
41,1.0,0.0,2,7,-5,2052.54248046875
0,-1.0,2.5636738953949134e-08,3,2,-11,2052.54248046875
1,-0.9512195121951219,3.273276263371372e-07,3,2,-11,2052.54248046875
2,-0.9024390243902439,3.2524199014005717e-06,3,2,-11,2052.54248046875
3,-0.8536585365853658,6.079304512240924e-06,3,2,-11,2052.54248046875
4,-0.8048780487804879,9.35019397729775e-06,3,2,-11,2052.54248046875
5,-0.7560975609756098,8.391863957513124e-06,3,2,-11,2052.54248046875
6,-0.7073170731707317,9.381429663335439e-06,3,2,-11,2052.54248046875
7,-0.6585365853658536,5.5465890909545124e-05,3,2,-11,2052.54248046875
8,-0.6097560975609756,7.395790817099623e-06,3,2,-11,2052.54248046875
9,-0.5609756097560976,1.6242798665189184e-05,3,2,-11,2052.54248046875
10,-0.5121951219512195,0.0003185060922987759,3,2,-11,2052.54248046875
11,-0.46341463414634143,0.0019459293689578772,3,2,-11,2052.54248046875
12,-0.41463414634146334,0.0031910983379930258,3,2,-11,2052.54248046875
13,-0.36585365853658536,0.00025425717467442155,3,2,-11,2052.54248046875
14,-0.31707317073170727,6.755831418558955e-05,3,2,-11,2052.54248046875
15,-0.2682926829268293,4.895077654509805e-05,3,2,-11,2052.54248046875
16,-0.2195121951219512,3.115545405307785e-05,3,2,-11,2052.54248046875
17,-0.1707317073170731,1.2468737622839399e-05,3,2,-11,2052.54248046875
18,-0.12195121951219512,5.151842970008147e-07,3,2,-11,2052.54248046875
19,-0.07317073170731703,3.4588029507176543e-07,3,2,-11,2052.54248046875
20,-0.024390243902439046,1.0191955652771867e-06,3,2,-11,2052.54248046875
21,0.024390243902439046,7.217713005047699e-07,3,2,-11,2052.54248046875
22,0.07317073170731714,1.9663768568989326e-07,3,2,-11,2052.54248046875
23,0.12195121951219523,2.837438842107076e-06,3,2,-11,2052.54248046875
24,0.17073170731707332,3.058969468838768e-06,3,2,-11,2052.54248046875
25,0.2195121951219512,8.383942258660682e-06,3,2,-11,2052.54248046875
26,0.2682926829268293,5.784491804661229e-06,3,2,-11,2052.54248046875
27,0.3170731707317074,1.2532873370219022e-06,3,2,-11,2052.54248046875
28,0.36585365853658547,2.0926490833517164e-06,3,2,-11,2052.54248046875
29,0.41463414634146356,1.0909034244832583e-06,3,2,-11,2052.54248046875
30,0.46341463414634143,7.919474569462182e-07,3,2,-11,2052.54248046875
31,0.5121951219512195,1.176307932837517e-06,3,2,-11,2052.54248046875
32,0.5609756097560976,2.753999979177024e-07,3,2,-11,2052.54248046875
33,0.6097560975609757,2.6131729100598022e-06,3,2,-11,2052.54248046875
34,0.6585365853658538,1.44817761338345e-06,3,2,-11,2052.54248046875
35,0.7073170731707317,3.0525814509019256e-05,3,2,-11,2052.54248046875
36,0.7560975609756098,1.6929943740251474e-05,3,2,-11,2052.54248046875
37,0.8048780487804879,5.002641955798026e-06,3,2,-11,2052.54248046875
38,0.853658536585366,2.928794629042386e-07,3,2,-11,2052.54248046875
39,0.902439024390244,8.061707035267318e-07,3,2,-11,2052.54248046875
40,0.9512195121951219,7.591635835524357e-07,3,2,-11,2052.54248046875
41,1.0,8.353679845640727e-07,3,2,-11,2052.54248046875
