tilt_index,tilt_angle,intensity,h,k,l,thickness
0,-1.0,0.0,-3,-5,8,994.915283203125
1,-0.9512195121951219,0.0,-3,-5,8,994.915283203125
2,-0.9024390243902439,0.0,-3,-5,8,994.915283203125
3,-0.8536585365853658,0.0,-3,-5,8,994.915283203125
4,-0.8048780487804879,0.0,-3,-5,8,994.915283203125
5,-0.7560975609756098,0.0,-3,-5,8,994.915283203125
6,-0.7073170731707317,0.0,-3,-5,8,994.915283203125
7,-0.6585365853658536,0.0,-3,-5,8,994.915283203125
8,-0.6097560975609756,0.0,-3,-5,8,994.915283203125
9,-0.5609756097560976,0.0,-3,-5,8,994.915283203125
10,-0.5121951219512195,1.7943112879947876e-06,-3,-5,8,994.915283203125
11,-0.46341463414634143,1.4843132021269412e-06,-3,-5,8,994.915283203125
12,-0.41463414634146334,3.925217981759488e-07,-3,-5,8,994.915283203125
13,-0.36585365853658536,1.6640846922655328e-07,-3,-5,8,994.915283203125
14,-0.31707317073170727,8.138520684042305e-07,-3,-5,8,994.915283203125
15,-0.2682926829268293,6.807051704527112e-07,-3,-5,8,994.915283203125
16,-0.2195121951219512,1.7237504152944894e-06,-3,-5,8,994.915283203125
17,-0.1707317073170731,3.637937879830133e-06,-3,-5,8,994.915283203125
18,-0.12195121951219512,2.740733862083289e-06,-3,-5,8,994.915283203125
19,-0.07317073170731703,2.9049012937321095e-06,-3,-5,8,994.915283203125
20,-0.024390243902439046,5.212443738855654e-07,-3,-5,8,994.915283203125
21,0.024390243902439046,1.8578807612357195e-06,-3,-5,8,994.915283203125
22,0.07317073170731714,3.2433979413326597e-06,-3,-5,8,994.915283203125
23,0.12195121951219523,0.00011076829832745716,-3,-5,8,994.915283203125
24,0.17073170731707332,8.643585897516459e-05,-3,-5,8,994.915283203125
25,0.2195121951219512,4.542448004940525e-05,-3,-5,8,994.915283203125
26,0.2682926829268293,0.0003816350654233247,-3,-5,8,994.915283203125
27,0.3170731707317074,0.00013548129936680198,-3,-5,8,994.915283203125
28,0.36585365853658547,0.00018658358021639287,-3,-5,8,994.915283203125
29,0.41463414634146356,3.0465394956991076e-05,-3,-5,8,994.915283203125
30,0.46341463414634143,3.906700385414297e-06,-3,-5,8,994.915283203125
31,0.5121951219512195,3.76428579329513e-05,-3,-5,8,994.915283203125
32,0.5609756097560976,2.6947662263410166e-05,-3,-5,8,994.915283203125
33,0.6097560975609757,5.950664103693271e-07,-3,-5,8,994.915283203125
34,0.6585365853658538,3.102624305029167e-06,-3,-5,8,994.915283203125
35,0.7073170731707317,3.9987480704439804e-07,-3,-5,8,994.915283203125
36,0.7560975609756098,6.882210072944872e-06,-3,-5,8,994.915283203125
37,0.8048780487804879,5.836591867591778e-07,-3,-5,8,994.915283203125
38,0.853658536585366,4.495575012697373e-06,-3,-5,8,994.915283203125
39,0.902439024390244,5.469835855365091e-07,-3,-5,8,994.915283203125
40,0.9512195121951219,3.47864761351957e-06,-3,-5,8,994.915283203125
41,1.0,2.0195348042761907e-06,-3,-5,8,994.915283203125
0,-1.0,8.063802852120716e-06,-3,-3,9,994.915283203125
1,-0.9512195121951219,5.5744676501490176e-05,-3,-3,9,994.915283203125
2,-0.9024390243902439,2.087343091261573e-05,-3,-3,9,994.915283203125
3,-0.8536585365853658,0.00041834686999209225,-3,-3,9,994.915283203125
4,-0.8048780487804879,4.341606472735293e-05,-3,-3,9,994.915283203125
5,-0.7560975609756098,9.049088112078607e-05,-3,-3,9,994.915283203125
6,-0.7073170731707317,0.0010141253005713224,-3,-3,9,994.915283203125
7,-0.6585365853658536,0.0025412810500711203,-3,-3,9,994.915283203125
8,-0.6097560975609756,0.0166203361004591,-3,-3,9,994.915283203125
9,-0.5609756097560976,0.0004630261391866952,-3,-3,9,994.915283203125
10,-0.5121951219512195,0.0007430067635141313,-3,-3,9,994.915283203125
11,-0.46341463414634143,0.0002980878052767366,-3,-3,9,994.915283203125
12,-0.41463414634146334,8.457595868094359e-06,-3,-3,9,994.915283203125
13,-0.36585365853658536,8.171348781615961e-06,-3,-3,9,994.915283203125
14,-0.31707317073170727,0.00012824131408706307,-3,-3,9,994.915283203125
15,-0.2682926829268293,8.129359048325568e-05,-3,-3,9,994.915283203125
16,-0.2195121951219512,4.013964644400403e-05,-3,-3,9,994.915283203125
17,-0.1707317073170731,6.721798126818612e-05,-3,-3,9,994.915283203125
18,-0.12195121951219512,2.1598118564725155e-06,-3,-3,9,994.915283203125
19,-0.07317073170731703,1.2259077266207896e-05,-3,-3,9,994.915283203125
20,-0.024390243902439046,7.768608725200465e-07,-3,-3,9,994.915283203125
21,0.024390243902439046,1.004549631034024e-06,-3,-3,9,994.915283203125
22,0.07317073170731714,6.089807811804349e-06,-3,-3,9,994.915283203125
23,0.12195121951219523,1.2509114640124608e-05,-3,-3,9,994.915283203125
24,0.17073170731707332,8.575798347010277e-07,-3,-3,9,994.915283203125
25,0.2195121951219512,5.324433800524275e-07,-3,-3,9,994.915283203125
26,0.2682926829268293,2.7056851195084164e-06,-3,-3,9,994.915283203125
27,0.3170731707317074,2.9834811812179396e-06,-3,-3,9,994.915283203125
28,0.36585365853658547,7.215117420855677e-06,-3,-3,9,994.915283203125
29,0.41463414634146356,3.3559401799720945e-06,-3,-3,9,994.915283203125
30,0.46341463414634143,2.8528331768029602e-06,-3,-3,9,994.915283203125
31,0.5121951219512195,1.0566862329142168e-05,-3,-3,9,994.915283203125
32,0.5609756097560976,3.5081504847767064e-06,-3,-3,9,994.915283203125
33,0.6097560975609757,7.393593932647491e-07,-3,-3,9,994.915283203125
34,0.6585365853658538,2.6695854558056453e-06,-3,-3,9,994.915283203125
35,0.7073170731707317,0.0,-3,-3,9,994.915283203125
36,0.7560975609756098,0.0,-3,-3,9,994.915283203125
37,0.8048780487804879,0.0,-3,-3,9,994.915283203125
38,0.853658536585366,0.0,-3,-3,9,994.915283203125
39,0.902439024390244,0.0,-3,-3,9,994.915283203125
40,0.9512195121951219,0.0,-3,-3,9,994.915283203125
41,1.0,0.0,-3,-3,9,994.915283203125
0,-1.0,0.0,-3,-2,9,994.915283203125
1,-0.9512195121951219,0.0,-3,-2,9,994.915283203125
2,-0.9024390243902439,0.0,-3,-2,9,994.915283203125
3,-0.8536585365853658,1.0096155165228993e-05,-3,-2,9,994.915283203125
4,-0.8048780487804879,7.597225248900941e-06,-3,-2,9,994.915283203125
5,-0.7560975609756098,1.1240779258514522e-06,-3,-2,9,994.915283203125
6,-0.7073170731707317,5.333803073881427e-06,-3,-2,9,994.915283203125
7,-0.6585365853658536,6.985682375670876e-06,-3,-2,9,994.915283203125
8,-0.6097560975609756,4.809574420505669e-06,-3,-2,9,994.915283203125
9,-0.5609756097560976,1.927454832184594e-06,-3,-2,9,994.915283203125
10,-0.5121951219512195,9.223540473612957e-06,-3,-2,9,994.915283203125
11,-0.46341463414634143,7.72439534557634e-07,-3,-2,9,994.915283203125
12,-0.41463414634146334,7.057370112306671e-06,-3,-2,9,994.915283203125
13,-0.36585365853658536,3.0927603802410886e-06,-3,-2,9,994.915283203125
14,-0.31707317073170727,3.7448996863531647e-06,-3,-2,9,994.915283203125
15,-0.2682926829268293,1.449056071578525e-05,-3,-2,9,994.915283203125
16,-0.2195121951219512,1.0709234629757702e-05,-3,-2,9,994.915283203125
17,-0.1707317073170731,1.1183694368810393e-05,-3,-2,9,994.915283203125
18,-0.12195121951219512,1.4928979226169758e-06,-3,-2,9,994.915283203125
19,-0.07317073170731703,2.3211974621517584e-05,-3,-2,9,994.915283203125
20,-0.024390243902439046,5.385118129197508e-06,-3,-2,9,994.915283203125
21,0.024390243902439046,1.949410716406419e-06,-3,-2,9,994.915283203125
22,0.07317073170731714,2.1496750832739053e-06,-3,-2,9,994.915283203125
23,0.12195121951219523,1.665807758399751e-05,-3,-2,9,994.915283203125
24,0.17073170731707332,2.7605326977209188e-05,-3,-2,9,994.915283203125
25,0.2195121951219512,1.0128822395927273e-05,-3,-2,9,994.915283203125
26,0.2682926829268293,4.40478470409289e-05,-3,-2,9,994.915283203125
27,0.3170731707317074,1.2215907190693542e-05,-3,-2,9,994.915283203125
28,0.36585365853658547,1.9526639505329513e-07,-3,-2,9,994.915283203125
29,0.41463414634146356,4.5186759962234646e-05,-3,-2,9,994.915283203125
30,0.46341463414634143,2.3249024252436357e-06,-3,-2,9,994.915283203125
31,0.5121951219512195,0.0006907242932356894,-3,-2,9,994.915283203125
32,0.5609756097560976,0.0003428175114095211,-3,-2,9,994.915283203125
33,0.6097560975609757,0.00040829795761965215,-3,-2,9,994.915283203125
34,0.6585365853658538,1.0512903827475384e-05,-3,-2,9,994.915283203125
35,0.7073170731707317,0.00032436646870337427,-3,-2,9,994.915283203125
36,0.7560975609756098,0.0012901413720101118,-3,-2,9,994.915283203125
37,0.8048780487804879,0.003028708742931485,-3,-2,9,994.915283203125
38,0.853658536585366,0.017307041212916374,-3,-2,9,994.915283203125
39,0.902439024390244,0.0023792965803295374,-3,-2,9,994.915283203125
40,0.9512195121951219,0.0017151746433228254,-3,-2,9,994.915283203125
41,1.0,2.8937962269992568e-05,-3,-2,9,994.915283203125
0,-1.0,0.0,-3,5,11,994.915283203125
1,-0.9512195121951219,0.0,-3,5,11,994.915283203125
2,-0.9024390243902439,0.0,-3,5,11,994.915283203125
3,-0.8536585365853658,0.0,-3,5,11,994.915283203125
4,-0.8048780487804879,0.0,-3,5,11,994.915283203125
5,-0.7560975609756098,0.0,-3,5,11,994.915283203125
6,-0.7073170731707317,0.0,-3,5,11,994.915283203125
7,-0.6585365853658536,0.0,-3,5,11,994.915283203125
8,-0.6097560975609756,0.0,-3,5,11,994.915283203125
9,-0.5609756097560976,0.0,-3,5,11,994.915283203125
10,-0.5121951219512195,0.0,-3,5,11,994.915283203125
11,-0.46341463414634143,0.0,-3,5,11,994.915283203125
12,-0.41463414634146334,0.0,-3,5,11,994.915283203125
13,-0.36585365853658536,0.0,-3,5,11,994.915283203125
14,-0.31707317073170727,0.0,-3,5,11,994.915283203125
15,-0.2682926829268293,3.844625950932823e-07,-3,5,11,994.915283203125
16,-0.2195121951219512,1.0493669577726905e-07,-3,5,11,994.915283203125
17,-0.1707317073170731,6.622688033530721e-07,-3,5,11,994.915283203125
18,-0.12195121951219512,2.217211658717133e-06,-3,5,11,994.915283203125
19,-0.07317073170731703,2.3301820419874275e-06,-3,5,11,994.915283203125
20,-0.024390243902439046,2.321626197954174e-06,-3,5,11,994.915283203125
21,0.024390243902439046,2.149707825083169e-06,-3,5,11,994.915283203125
22,0.07317073170731714,3.045203698093246e-07,-3,5,11,994.915283203125
23,0.12195121951219523,6.706520139232452e-07,-3,5,11,994.915283203125
24,0.17073170731707332,2.4417511212959653e-06,-3,5,11,994.915283203125
25,0.2195121951219512,4.706470917881234e-06,-3,5,11,994.915283203125
26,0.2682926829268293,6.546119038830511e-06,-3,5,11,994.915283203125
27,0.3170731707317074,3.2512455163669074e-06,-3,5,11,994.915283203125
28,0.36585365853658547,9.269924703403376e-07,-3,5,11,994.915283203125
29,0.41463414634146356,2.1239934540062677e-06,-3,5,11,994.915283203125
30,0.46341463414634143,6.6524830799608026e-06,-3,5,11,994.915283203125
31,0.5121951219512195,1.1034005183319096e-05,-3,5,11,994.915283203125
32,0.5609756097560976,2.6192950826953165e-05,-3,5,11,994.915283203125
33,0.6097560975609757,1.3730198588746134e-05,-3,5,11,994.915283203125
34,0.6585365853658538,4.53604843642097e-05,-3,5,11,994.915283203125
35,0.7073170731707317,6.0230406234040856e-05,-3,5,11,994.915283203125
36,0.7560975609756098,0.000173416527104564,-3,5,11,994.915283203125
37,0.8048780487804879,0.00020391684665810317,-3,5,11,994.915283203125
38,0.853658536585366,0.0009907829808071256,-3,5,11,994.915283203125
39,0.902439024390244,0.00038993547786958516,-3,5,11,994.915283203125
40,0.9512195121951219,0.0007311534718610346,-3,5,11,994.915283203125
41,1.0,0.0005761028151027858,-3,5,11,994.915283203125
0,-1.0,0.0,-2,-8,4,994.915283203125
1,-0.9512195121951219,0.0,-2,-8,4,994.915283203125
2,-0.9024390243902439,1.4695601748826448e-06,-2,-8,4,994.915283203125
3,-0.8536585365853658,8.8381035823204e-08,-2,-8,4,994.915283203125
4,-0.8048780487804879,1.4856021834930289e-06,-2,-8,4,994.915283203125
5,-0.7560975609756098,2.0229163055773824e-07,-2,-8,4,994.915283203125
6,-0.7073170731707317,4.154709074555285e-07,-2,-8,4,994.915283203125
7,-0.6585365853658536,1.283752624203771e-07,-2,-8,4,994.915283203125
8,-0.6097560975609756,1.7690514368950971e-06,-2,-8,4,994.915283203125
9,-0.5609756097560976,1.174402427750465e-06,-2,-8,4,994.915283203125
10,-0.5121951219512195,1.1925123999390053e-06,-2,-8,4,994.915283203125
11,-0.46341463414634143,6.7054575083602685e-06,-2,-8,4,994.915283203125
12,-0.41463414634146334,3.651106817414984e-05,-2,-8,4,994.915283203125
13,-0.36585365853658536,0.001035769353620708,-2,-8,4,994.915283203125
14,-0.31707317073170727,1.864035402832087e-05,-2,-8,4,994.915283203125
15,-0.2682926829268293,1.956318737939e-05,-2,-8,4,994.915283203125
16,-0.2195121951219512,1.571377470099833e-05,-2,-8,4,994.915283203125
17,-0.1707317073170731,1.1488714335428085e-05,-2,-8,4,994.915283203125
18,-0.12195121951219512,5.41938698006561e-06,-2,-8,4,994.915283203125
19,-0.07317073170731703,2.4845155621733284e-07,-2,-8,4,994.915283203125
20,-0.024390243902439046,1.5888983284639835e-07,-2,-8,4,994.915283203125
21,0.024390243902439046,6.227434141692356e-07,-2,-8,4,994.915283203125
22,0.07317073170731714,6.340824825201707e-07,-2,-8,4,994.915283203125
23,0.12195121951219523,1.8700159216678003e-06,-2,-8,4,994.915283203125
24,0.17073170731707332,2.562981826770283e-08,-2,-8,4,994.915283203125
25,0.2195121951219512,0.0,-2,-8,4,994.915283203125
26,0.2682926829268293,0.0,-2,-8,4,994.915283203125
27,0.3170731707317074,0.0,-2,-8,4,994.915283203125
28,0.36585365853658547,0.0,-2,-8,4,994.915283203125
29,0.41463414634146356,0.0,-2,-8,4,994.915283203125
30,0.46341463414634143,0.0,-2,-8,4,994.915283203125
31,0.5121951219512195,0.0,-2,-8,4,994.915283203125
32,0.5609756097560976,0.0,-2,-8,4,994.915283203125
33,0.6097560975609757,0.0,-2,-8,4,994.915283203125
34,0.6585365853658538,0.0,-2,-8,4,994.915283203125
35,0.7073170731707317,0.0,-2,-8,4,994.915283203125
36,0.7560975609756098,0.0,-2,-8,4,994.915283203125
37,0.8048780487804879,0.0,-2,-8,4,994.915283203125
38,0.853658536585366,0.0,-2,-8,4,994.915283203125
39,0.902439024390244,0.0,-2,-8,4,994.915283203125
40,0.9512195121951219,0.0,-2,-8,4,994.915283203125
41,1.0,0.0,-2,-8,4,994.915283203125
0,-1.0,0.0,-2,-7,4,994.915283203125
1,-0.9512195121951219,0.0,-2,-7,4,994.915283203125
2,-0.9024390243902439,0.0,-2,-7,4,994.915283203125
3,-0.8536585365853658,0.0,-2,-7,4,994.915283203125
4,-0.8048780487804879,0.0,-2,-7,4,994.915283203125
5,-0.7560975609756098,0.0,-2,-7,4,994.915283203125
6,-0.7073170731707317,0.0,-2,-7,4,994.915283203125
7,-0.6585365853658536,0.0,-2,-7,4,994.915283203125
8,-0.6097560975609756,0.0,-2,-7,4,994.915283203125
9,-0.5609756097560976,0.0,-2,-7,4,994.915283203125
10,-0.5121951219512195,0.0,-2,-7,4,994.915283203125
11,-0.46341463414634143,0.0,-2,-7,4,994.915283203125
12,-0.41463414634146334,0.0,-2,-7,4,994.915283203125
13,-0.36585365853658536,0.0,-2,-7,4,994.915283203125
14,-0.31707317073170727,0.0,-2,-7,4,994.915283203125
15,-0.2682926829268293,0.0,-2,-7,4,994.915283203125
16,-0.2195121951219512,1.619517178141905e-07,-2,-7,4,994.915283203125
17,-0.1707317073170731,6.751181444997201e-07,-2,-7,4,994.915283203125
18,-0.12195121951219512,8.359647551969829e-08,-2,-7,4,994.915283203125
19,-0.07317073170731703,4.396473229917319e-07,-2,-7,4,994.915283203125
20,-0.024390243902439046,1.5876091765676392e-06,-2,-7,4,994.915283203125
21,0.024390243902439046,2.4162781642189657e-07,-2,-7,4,994.915283203125
22,0.07317073170731714,1.539967456665181e-06,-2,-7,4,994.915283203125
23,0.12195121951219523,3.3013031952577876e-06,-2,-7,4,994.915283203125
24,0.17073170731707332,6.563396937053767e-07,-2,-7,4,994.915283203125
25,0.2195121951219512,3.552860289346427e-05,-2,-7,4,994.915283203125
26,0.2682926829268293,1.263944068341516e-05,-2,-7,4,994.915283203125
27,0.3170731707317074,8.646553396829404e-06,-2,-7,4,994.915283203125
28,0.36585365853658547,0.0005717319436371326,-2,-7,4,994.915283203125
29,0.41463414634146356,0.0020310208201408386,-2,-7,4,994.915283203125
30,0.46341463414634143,6.450289674830856e-06,-2,-7,4,994.915283203125
31,0.5121951219512195,4.5605244736179884e-07,-2,-7,4,994.915283203125
32,0.5609756097560976,7.743567948637065e-06,-2,-7,4,994.915283203125
33,0.6097560975609757,4.4055600483261514e-06,-2,-7,4,994.915283203125
34,0.6585365853658538,7.157432264648378e-07,-2,-7,4,994.915283203125
35,0.7073170731707317,5.837883918502484e-07,-2,-7,4,994.915283203125
36,0.7560975609756098,2.3955544747877866e-06,-2,-7,4,994.915283203125
37,0.8048780487804879,1.8694079528813745e-07,-2,-7,4,994.915283203125
38,0.853658536585366,1.474144141866418e-06,-2,-7,4,994.915283203125
39,0.902439024390244,1.7537222447572276e-06,-2,-7,4,994.915283203125
40,0.9512195121951219,4.103746050532209e-06,-2,-7,4,994.915283203125
41,1.0,8.253175565187121e-07,-2,-7,4,994.915283203125
0,-1.0,1.3920229321229272e-05,-2,-6,5,994.915283203125
1,-0.9512195121951219,5.063000935479067e-05,-2,-6,5,994.915283203125
2,-0.9024390243902439,0.00036585418274626136,-2,-6,5,994.915283203125
3,-0.8536585365853658,0.00013608542212750763,-2,-6,5,994.915283203125
4,-0.8048780487804879,0.00014147184265311807,-2,-6,5,994.915283203125
5,-0.7560975609756098,0.00307392212562263,-2,-6,5,994.915283203125
6,-0.7073170731707317,7.390788960037753e-05,-2,-6,5,994.915283203125
7,-0.6585365853658536,0.00034028550726361573,-2,-6,5,994.915283203125
8,-0.6097560975609756,6.542055052705109e-05,-2,-6,5,994.915283203125
9,-0.5609756097560976,3.053645559703e-05,-2,-6,5,994.915283203125
10,-0.5121951219512195,1.700592656561639e-05,-2,-6,5,994.915283203125
11,-0.46341463414634143,2.5514648314128863e-06,-2,-6,5,994.915283203125
12,-0.41463414634146334,1.1649381121969782e-06,-2,-6,5,994.915283203125
13,-0.36585365853658536,8.945033158624938e-08,-2,-6,5,994.915283203125
14,-0.31707317073170727,2.627748926897766e-06,-2,-6,5,994.915283203125
15,-0.2682926829268293,3.115241270279512e-06,-2,-6,5,994.915283203125
16,-0.2195121951219512,7.869870159993297e-07,-2,-6,5,994.915283203125
17,-0.1707317073170731,1.2484777016652515e-06,-2,-6,5,994.915283203125
18,-0.12195121951219512,2.914126753239543e-07,-2,-6,5,994.915283203125
19,-0.07317073170731703,1.0780895536299795e-06,-2,-6,5,994.915283203125
20,-0.024390243902439046,1.6554738690999216e-09,-2,-6,5,994.915283203125
21,0.024390243902439046,0.0,-2,-6,5,994.915283203125
22,0.07317073170731714,0.0,-2,-6,5,994.915283203125
23,0.12195121951219523,0.0,-2,-6,5,994.915283203125
24,0.17073170731707332,0.0,-2,-6,5,994.915283203125
25,0.2195121951219512,0.0,-2,-6,5,994.915283203125
26,0.2682926829268293,0.0,-2,-6,5,994.915283203125
27,0.3170731707317074,0.0,-2,-6,5,994.915283203125
28,0.36585365853658547,0.0,-2,-6,5,994.915283203125
29,0.41463414634146356,0.0,-2,-6,5,994.915283203125
30,0.46341463414634143,0.0,-2,-6,5,994.915283203125
31,0.5121951219512195,0.0,-2,-6,5,994.915283203125
32,0.5609756097560976,0.0,-2,-6,5,994.915283203125
33,0.6097560975609757,0.0,-2,-6,5,994.915283203125
34,0.6585365853658538,0.0,-2,-6,5,994.915283203125
35,0.7073170731707317,0.0,-2,-6,5,994.915283203125
36,0.7560975609756098,0.0,-2,-6,5,994.915283203125
37,0.8048780487804879,0.0,-2,-6,5,994.915283203125
38,0.853658536585366,0.0,-2,-6,5,994.915283203125
39,0.902439024390244,0.0,-2,-6,5,994.915283203125
40,0.9512195121951219,0.0,-2,-6,5,994.915283203125
41,1.0,0.0,-2,-6,5,994.915283203125
0,-1.0,0.0,-2,-5,5,994.915283203125
1,-0.9512195121951219,0.0,-2,-5,5,994.915283203125
2,-0.9024390243902439,0.0,-2,-5,5,994.915283203125
3,-0.8536585365853658,0.0,-2,-5,5,994.915283203125
4,-0.8048780487804879,0.0,-2,-5,5,994.915283203125
5,-0.7560975609756098,5.773048087576171e-06,-2,-5,5,994.915283203125
6,-0.7073170731707317,3.8669563764415216e-06,-2,-5,5,994.915283203125
7,-0.6585365853658536,3.989398010162404e-06,-2,-5,5,994.915283203125
8,-0.6097560975609756,1.4362340152729303e-05,-2,-5,5,994.915283203125
9,-0.5609756097560976,1.0665085937944241e-05,-2,-5,5,994.915283203125
10,-0.5121951219512195,7.768819159537088e-06,-2,-5,5,994.915283203125
11,-0.46341463414634143,2.3335262540058466e-06,-2,-5,5,994.915283203125
12,-0.41463414634146334,8.215043635573238e-06,-2,-5,5,994.915283203125
13,-0.36585365853658536,8.894953680282924e-06,-2,-5,5,994.915283203125
14,-0.31707317073170727,5.284149665385485e-05,-2,-5,5,994.915283203125
15,-0.2682926829268293,3.309602470835671e-05,-2,-5,5,994.915283203125
16,-0.2195121951219512,0.0002085949672618881,-2,-5,5,994.915283203125
17,-0.1707317073170731,5.331848660716787e-05,-2,-5,5,994.915283203125
18,-0.12195121951219512,1.6475725715281442e-05,-2,-5,5,994.915283203125
19,-0.07317073170731703,1.7625603504711762e-05,-2,-5,5,994.915283203125
20,-0.024390243902439046,6.23294836259447e-05,-2,-5,5,994.915283203125
21,0.024390243902439046,1.8462555090081878e-05,-2,-5,5,994.915283203125
22,0.07317073170731714,9.871383554127533e-06,-2,-5,5,994.915283203125
23,0.12195121951219523,0.008200587704777718,-2,-5,5,994.915283203125
24,0.17073170731707332,0.00010964163084281608,-2,-5,5,994.915283203125
25,0.2195121951219512,9.2954323918093e-05,-2,-5,5,994.915283203125
26,0.2682926829268293,7.106297562131658e-05,-2,-5,5,994.915283203125
27,0.3170731707317074,9.449558092455845e-06,-2,-5,5,994.915283203125
28,0.36585365853658547,4.503444142756052e-05,-2,-5,5,994.915283203125
29,0.41463414634146356,3.716128412634134e-05,-2,-5,5,994.915283203125
30,0.46341463414634143,1.543085636512842e-05,-2,-5,5,994.915283203125
31,0.5121951219512195,8.690237154951319e-05,-2,-5,5,994.915283203125
32,0.5609756097560976,5.385745316743851e-05,-2,-5,5,994.915283203125
33,0.6097560975609757,4.424132839631056e-06,-2,-5,5,994.915283203125
34,0.6585365853658538,1.3990057595947292e-05,-2,-5,5,994.915283203125
35,0.7073170731707317,3.5034479424211895e-06,-2,-5,5,994.915283203125
36,0.7560975609756098,4.6220768126659095e-05,-2,-5,5,994.915283203125
37,0.8048780487804879,2.1976736661599716e-06,-2,-5,5,994.915283203125
38,0.853658536585366,1.1668070101222838e-06,-2,-5,5,994.915283203125
39,0.902439024390244,1.9203305328119313e-06,-2,-5,5,994.915283203125
40,0.9512195121951219,2.2230874918705013e-08,-2,-5,5,994.915283203125
41,1.0,0.0,-2,-5,5,994.915283203125
0,-1.0,0.0035485094413161278,-2,-3,6,994.915283203125
1,-0.9512195121951219,0.03765123710036278,-2,-3,6,994.915283203125
2,-0.9024390243902439,0.046934887766838074,-2,-3,6,994.915283203125
3,-0.8536585365853658,0.006386283785104752,-2,-3,6,994.915283203125
4,-0.8048780487804879,0.00015204946976155043,-2,-3,6,994.915283203125
5,-0.7560975609756098,0.00019407703075557947,-2,-3,6,994.915283203125
6,-0.7073170731707317,0.00010154479241464287,-2,-3,6,994.915283203125
7,-0.6585365853658536,1.0010558980866335e-05,-2,-3,6,994.915283203125
8,-0.6097560975609756,9.117064109886996e-06,-2,-3,6,994.915283203125
9,-0.5609756097560976,4.396604708745144e-05,-2,-3,6,994.915283203125
10,-0.5121951219512195,1.2402286301949061e-05,-2,-3,6,994.915283203125
11,-0.46341463414634143,1.677561340329703e-05,-2,-3,6,994.915283203125
12,-0.41463414634146334,5.904979843762703e-06,-2,-3,6,994.915283203125
13,-0.36585365853658536,1.1404204997234046e-05,-2,-3,6,994.915283203125
14,-0.31707317073170727,3.152015415253118e-05,-2,-3,6,994.915283203125
15,-0.2682926829268293,1.8642029317561537e-05,-2,-3,6,994.915283203125
16,-0.2195121951219512,1.291106400458375e-05,-2,-3,6,994.915283203125
17,-0.1707317073170731,2.0179635612294078e-05,-2,-3,6,994.915283203125
18,-0.12195121951219512,1.1270129107288085e-05,-2,-3,6,994.915283203125
19,-0.07317073170731703,9.26058660866147e-08,-2,-3,6,994.915283203125
20,-0.024390243902439046,3.2173122690437594e-06,-2,-3,6,994.915283203125
21,0.024390243902439046,1.0704280612117145e-05,-2,-3,6,994.915283203125
22,0.07317073170731714,2.8746373573085293e-05,-2,-3,6,994.915283203125
23,0.12195121951219523,3.3538482966832817e-05,-2,-3,6,994.915283203125
24,0.17073170731707332,4.031597200082615e-06,-2,-3,6,994.915283203125
25,0.2195121951219512,2.781645434879465e-06,-2,-3,6,994.915283203125
26,0.2682926829268293,2.5133483632089337e-06,-2,-3,6,994.915283203125
27,0.3170731707317074,4.49916979050613e-06,-2,-3,6,994.915283203125
28,0.36585365853658547,2.9793745852657594e-06,-2,-3,6,994.915283203125
29,0.41463414634146356,8.712406724953325e-07,-2,-3,6,994.915283203125
30,0.46341463414634143,8.152265763783362e-06,-2,-3,6,994.915283203125
31,0.5121951219512195,0.0,-2,-3,6,994.915283203125
32,0.5609756097560976,0.0,-2,-3,6,994.915283203125
33,0.6097560975609757,0.0,-2,-3,6,994.915283203125
34,0.6585365853658538,0.0,-2,-3,6,994.915283203125
35,0.7073170731707317,0.0,-2,-3,6,994.915283203125
36,0.7560975609756098,0.0,-2,-3,6,994.915283203125
37,0.8048780487804879,0.0,-2,-3,6,994.915283203125
38,0.853658536585366,0.0,-2,-3,6,994.915283203125
39,0.902439024390244,0.0,-2,-3,6,994.915283203125
40,0.9512195121951219,0.0,-2,-3,6,994.915283203125
41,1.0,0.0,-2,-3,6,994.915283203125
0,-1.0,2.4539167498005554e-05,-2,-2,6,994.915283203125
1,-0.9512195121951219,4.63398873762344e-06,-2,-2,6,994.915283203125
2,-0.9024390243902439,4.178702965873526e-06,-2,-2,6,994.915283203125
3,-0.8536585365853658,5.075211083749309e-05,-2,-2,6,994.915283203125
4,-0.8048780487804879,0.00011888748849742115,-2,-2,6,994.915283203125
5,-0.7560975609756098,5.051795142207993e-06,-2,-2,6,994.915283203125
6,-0.7073170731707317,3.596832902985625e-05,-2,-2,6,994.915283203125
7,-0.6585365853658536,1.410809545632219e-05,-2,-2,6,994.915283203125
8,-0.6097560975609756,7.487555558327585e-05,-2,-2,6,994.915283203125
9,-0.5609756097560976,1.1230974450882059e-05,-2,-2,6,994.915283203125
10,-0.5121951219512195,0.00013358710566535592,-2,-2,6,994.915283203125
11,-0.46341463414634143,6.47474589641206e-05,-2,-2,6,994.915283203125
12,-0.41463414634146334,0.0001439934130758047,-2,-2,6,994.915283203125
13,-0.36585365853658536,5.767526454292238e-05,-2,-2,6,994.915283203125
14,-0.31707317073170727,0.0003189578128512949,-2,-2,6,994.915283203125
15,-0.2682926829268293,2.5003351765917614e-05,-2,-2,6,994.915283203125
16,-0.2195121951219512,6.768218008801341e-05,-2,-2,6,994.915283203125
17,-0.1707317073170731,0.00020026815764140338,-2,-2,6,994.915283203125
18,-0.12195121951219512,0.0007433164864778519,-2,-2,6,994.915283203125
19,-0.07317073170731703,5.6705081078689545e-05,-2,-2,6,994.915283203125
20,-0.024390243902439046,0.0006408403278328478,-2,-2,6,994.915283203125
21,0.024390243902439046,2.2782793166697957e-05,-2,-2,6,994.915283203125
22,0.07317073170731714,0.0005982305738143623,-2,-2,6,994.915283203125
23,0.12195121951219523,4.714289025287144e-05,-2,-2,6,994.915283203125
24,0.17073170731707332,0.0009016085532493889,-2,-2,6,994.915283203125
25,0.2195121951219512,0.00026193284429609776,-2,-2,6,994.915283203125
26,0.2682926829268293,0.00408407486975193,-2,-2,6,994.915283203125
27,0.3170731707317074,0.0014943223213776946,-2,-2,6,994.915283203125
28,0.36585365853658547,0.0050452034920454025,-2,-2,6,994.915283203125
29,0.41463414634146356,0.0006444655591621995,-2,-2,6,994.915283203125
30,0.46341463414634143,0.06946337223052979,-2,-2,6,994.915283203125
31,0.5121951219512195,0.1509997695684433,-2,-2,6,994.915283203125
32,0.5609756097560976,0.05829685553908348,-2,-2,6,994.915283203125
33,0.6097560975609757,0.0015399730764329433,-2,-2,6,994.915283203125
34,0.6585365853658538,0.004051795229315758,-2,-2,6,994.915283203125
35,0.7073170731707317,0.00023295270511880517,-2,-2,6,994.915283203125
36,0.7560975609756098,0.0026199405547231436,-2,-2,6,994.915283203125
37,0.8048780487804879,0.00017900060629472136,-2,-2,6,994.915283203125
38,0.853658536585366,0.0001884793455246836,-2,-2,6,994.915283203125
39,0.902439024390244,0.00018476846162229776,-2,-2,6,994.915283203125
40,0.9512195121951219,7.607529551023617e-05,-2,-2,6,994.915283203125
41,1.0,5.678514935425483e-05,-2,-2,6,994.915283203125
0,-1.0,0.0,-2,6,8,994.915283203125
1,-0.9512195121951219,0.0,-2,6,8,994.915283203125
2,-0.9024390243902439,0.0,-2,6,8,994.915283203125
3,-0.8536585365853658,0.0,-2,6,8,994.915283203125
4,-0.8048780487804879,0.0,-2,6,8,994.915283203125
5,-0.7560975609756098,0.0,-2,6,8,994.915283203125
6,-0.7073170731707317,0.0,-2,6,8,994.915283203125
7,-0.6585365853658536,0.0,-2,6,8,994.915283203125
8,-0.6097560975609756,0.0,-2,6,8,994.915283203125
9,-0.5609756097560976,0.0,-2,6,8,994.915283203125
10,-0.5121951219512195,0.0,-2,6,8,994.915283203125
11,-0.46341463414634143,0.0,-2,6,8,994.915283203125
12,-0.41463414634146334,0.0,-2,6,8,994.915283203125
13,-0.36585365853658536,9.229069775074095e-08,-2,6,8,994.915283203125
14,-0.31707317073170727,3.7525435203633606e-08,-2,6,8,994.915283203125
15,-0.2682926829268293,1.4719419141329126e-06,-2,6,8,994.915283203125
16,-0.2195121951219512,1.2825747717215563e-06,-2,6,8,994.915283203125
17,-0.1707317073170731,2.0078882698726375e-06,-2,6,8,994.915283203125
18,-0.12195121951219512,2.5116480628639692e-06,-2,6,8,994.915283203125
19,-0.07317073170731703,9.054928682417085e-07,-2,6,8,994.915283203125
20,-0.024390243902439046,5.084533540866687e-07,-2,6,8,994.915283203125
21,0.024390243902439046,5.699680514226202e-07,-2,6,8,994.915283203125
22,0.07317073170731714,6.990162404463263e-08,-2,6,8,994.915283203125
23,0.12195121951219523,5.208823495195247e-06,-2,6,8,994.915283203125
24,0.17073170731707332,2.3350955871137558e-06,-2,6,8,994.915283203125
25,0.2195121951219512,2.0809960915357806e-05,-2,6,8,994.915283203125
26,0.2682926829268293,1.022806372930063e-05,-2,6,8,994.915283203125
27,0.3170731707317074,2.438588853692636e-05,-2,6,8,994.915283203125
28,0.36585365853658547,4.984281986253336e-05,-2,6,8,994.915283203125
29,0.41463414634146356,0.00033177967998199165,-2,6,8,994.915283203125
30,0.46341463414634143,0.0005309994448907673,-2,6,8,994.915283203125
31,0.5121951219512195,0.001938282628543675,-2,6,8,994.915283203125
32,0.5609756097560976,9.854691597865894e-05,-2,6,8,994.915283203125
33,0.6097560975609757,5.092510036774911e-05,-2,6,8,994.915283203125
34,0.6585365853658538,2.6552976123639382e-05,-2,6,8,994.915283203125
35,0.7073170731707317,8.408299618167803e-05,-2,6,8,994.915283203125
36,0.7560975609756098,4.004051152151078e-05,-2,6,8,994.915283203125
37,0.8048780487804879,1.935372711159289e-05,-2,6,8,994.915283203125
38,0.853658536585366,1.850373337219935e-06,-2,6,8,994.915283203125
39,0.902439024390244,8.70798601226852e-07,-2,6,8,994.915283203125
40,0.9512195121951219,4.417361196829006e-06,-2,6,8,994.915283203125
41,1.0,1.7496602140454343e-06,-2,6,8,994.915283203125
0,-1.0,0.0,-2,7,8,994.915283203125
1,-0.9512195121951219,0.0,-2,7,8,994.915283203125
2,-0.9024390243902439,0.0,-2,7,8,994.915283203125
3,-0.8536585365853658,0.0,-2,7,8,994.915283203125
4,-0.8048780487804879,0.0,-2,7,8,994.915283203125
5,-0.7560975609756098,0.0,-2,7,8,994.915283203125
6,-0.7073170731707317,0.0,-2,7,8,994.915283203125
7,-0.6585365853658536,0.0,-2,7,8,994.915283203125
8,-0.6097560975609756,0.0,-2,7,8,994.915283203125
9,-0.5609756097560976,0.0,-2,7,8,994.915283203125
10,-0.5121951219512195,1.4523313893732848e-06,-2,7,8,994.915283203125
11,-0.46341463414634143,9.124804023485922e-07,-2,7,8,994.915283203125
12,-0.41463414634146334,3.7473446923286247e-07,-2,7,8,994.915283203125
13,-0.36585365853658536,3.987913288483469e-08,-2,7,8,994.915283203125
14,-0.31707317073170727,2.822389717493934e-07,-2,7,8,994.915283203125
15,-0.2682926829268293,1.5335000114191644e-07,-2,7,8,994.915283203125
16,-0.2195121951219512,1.3701748002858949e-06,-2,7,8,994.915283203125
17,-0.1707317073170731,7.558783181593753e-07,-2,7,8,994.915283203125
18,-0.12195121951219512,7.688504979341815e-07,-2,7,8,994.915283203125
19,-0.07317073170731703,5.450595836009597e-06,-2,7,8,994.915283203125
20,-0.024390243902439046,8.46824150357861e-06,-2,7,8,994.915283203125
21,0.024390243902439046,1.1884736522915773e-05,-2,7,8,994.915283203125
22,0.07317073170731714,6.482010576291941e-06,-2,7,8,994.915283203125
23,0.12195121951219523,6.966998853386031e-07,-2,7,8,994.915283203125
24,0.17073170731707332,0.00020567265164572746,-2,7,8,994.915283203125
25,0.2195121951219512,0.00022439447639044374,-2,7,8,994.915283203125
26,0.2682926829268293,1.2044661161780823e-05,-2,7,8,994.915283203125
27,0.3170731707317074,8.49554271553643e-06,-2,7,8,994.915283203125
28,0.36585365853658547,2.7276882974547334e-06,-2,7,8,994.915283203125
29,0.41463414634146356,1.525729516060892e-07,-2,7,8,994.915283203125
30,0.46341463414634143,4.785123408623804e-08,-2,7,8,994.915283203125
31,0.5121951219512195,1.188356509373989e-05,-2,7,8,994.915283203125
32,0.5609756097560976,3.161826498399023e-06,-2,7,8,994.915283203125
33,0.6097560975609757,5.335931518857251e-07,-2,7,8,994.915283203125
34,0.6585365853658538,1.4415973055292852e-06,-2,7,8,994.915283203125
35,0.7073170731707317,6.428597771446221e-06,-2,7,8,994.915283203125
36,0.7560975609756098,2.1815215234255447e-07,-2,7,8,994.915283203125
37,0.8048780487804879,9.426996143702127e-07,-2,7,8,994.915283203125
38,0.853658536585366,1.0894716524489922e-06,-2,7,8,994.915283203125
39,0.902439024390244,5.140543635206996e-07,-2,7,8,994.915283203125
40,0.9512195121951219,4.378786684355873e-07,-2,7,8,994.915283203125
41,1.0,0.0,-2,7,8,994.915283203125
0,-1.0,0.0,-2,8,8,994.915283203125
1,-0.9512195121951219,0.0,-2,8,8,994.915283203125
2,-0.9024390243902439,0.0,-2,8,8,994.915283203125
3,-0.8536585365853658,0.0,-2,8,8,994.915283203125
4,-0.8048780487804879,0.0,-2,8,8,994.915283203125
5,-0.7560975609756098,0.0,-2,8,8,994.915283203125
6,-0.7073170731707317,0.0,-2,8,8,994.915283203125
7,-0.6585365853658536,0.0,-2,8,8,994.915283203125
8,-0.6097560975609756,4.2234162833665323e-07,-2,8,8,994.915283203125
9,-0.5609756097560976,4.678931588841806e-07,-2,8,8,994.915283203125
10,-0.5121951219512195,6.1224216096889e-07,-2,8,8,994.915283203125
11,-0.46341463414634143,7.72902239987161e-07,-2,8,8,994.915283203125
12,-0.41463414634146334,2.792688974295743e-06,-2,8,8,994.915283203125
13,-0.36585365853658536,1.9803494524239795e-06,-2,8,8,994.915283203125
14,-0.31707317073170727,1.7357302795062424e-06,-2,8,8,994.915283203125
15,-0.2682926829268293,2.3880149910837645e-06,-2,8,8,994.915283203125
16,-0.2195121951219512,1.8335033018956892e-05,-2,8,8,994.915283203125
17,-0.1707317073170731,1.2241323929629289e-05,-2,8,8,994.915283203125
18,-0.12195121951219512,4.801456270797644e-06,-2,8,8,994.915283203125
19,-0.07317073170731703,6.974081770749763e-05,-2,8,8,994.915283203125
20,-0.024390243902439046,7.861578524170909e-06,-2,8,8,994.915283203125
21,0.024390243902439046,0.0004556580388452858,-2,8,8,994.915283203125
22,0.07317073170731714,3.798152476974792e-07,-2,8,8,994.915283203125
23,0.12195121951219523,2.512416358513292e-05,-2,8,8,994.915283203125
24,0.17073170731707332,1.554696154926205e-06,-2,8,8,994.915283203125
25,0.2195121951219512,7.902191100583877e-06,-2,8,8,994.915283203125
26,0.2682926829268293,3.692991512593835e-08,-2,8,8,994.915283203125
27,0.3170731707317074,2.6692202936828835e-06,-2,8,8,994.915283203125
28,0.36585365853658547,1.2491968846006785e-06,-2,8,8,994.915283203125
29,0.41463414634146356,2.5297294996562414e-06,-2,8,8,994.915283203125
30,0.46341463414634143,1.2484149465308292e-06,-2,8,8,994.915283203125
31,0.5121951219512195,2.8687659892057127e-07,-2,8,8,994.915283203125
32,0.5609756097560976,5.409540904111054e-07,-2,8,8,994.915283203125
33,0.6097560975609757,6.564602585967805e-07,-2,8,8,994.915283203125
34,0.6585365853658538,4.890916827093861e-08,-2,8,8,994.915283203125
35,0.7073170731707317,0.0,-2,8,8,994.915283203125
36,0.7560975609756098,0.0,-2,8,8,994.915283203125
37,0.8048780487804879,0.0,-2,8,8,994.915283203125
38,0.853658536585366,0.0,-2,8,8,994.915283203125
39,0.902439024390244,0.0,-2,8,8,994.915283203125
40,0.9512195121951219,0.0,-2,8,8,994.915283203125
41,1.0,0.0,-2,8,8,994.915283203125
0,-1.0,0.0,-1,-9,0,994.915283203125
1,-0.9512195121951219,0.0,-1,-9,0,994.915283203125
2,-0.9024390243902439,0.0,-1,-9,0,994.915283203125
3,-0.8536585365853658,0.0,-1,-9,0,994.915283203125
4,-0.8048780487804879,0.0,-1,-9,0,994.915283203125
5,-0.7560975609756098,0.0,-1,-9,0,994.915283203125
6,-0.7073170731707317,0.0,-1,-9,0,994.915283203125
7,-0.6585365853658536,0.0,-1,-9,0,994.915283203125
8,-0.6097560975609756,0.0,-1,-9,0,994.915283203125
9,-0.5609756097560976,0.0,-1,-9,0,994.915283203125
10,-0.5121951219512195,3.151184841954091e-07,-1,-9,0,994.915283203125
11,-0.46341463414634143,1.2593054634635337e-06,-1,-9,0,994.915283203125
12,-0.41463414634146334,1.4190583215167862e-06,-1,-9,0,994.915283203125
13,-0.36585365853658536,1.8083192117046565e-06,-1,-9,0,994.915283203125
14,-0.31707317073170727,2.8927212269991287e-07,-1,-9,0,994.915283203125
15,-0.2682926829268293,4.593701419253193e-08,-1,-9,0,994.915283203125
16,-0.2195121951219512,2.1000745618948713e-05,-1,-9,0,994.915283203125
17,-0.1707317073170731,6.49735375191085e-06,-1,-9,0,994.915283203125
18,-0.12195121951219512,2.1349027520045638e-05,-1,-9,0,994.915283203125
19,-0.07317073170731703,2.4347704311367124e-05,-1,-9,0,994.915283203125
20,-0.024390243902439046,0.00038207045872695744,-1,-9,0,994.915283203125
21,0.024390243902439046,5.5062475439626724e-05,-1,-9,0,994.915283203125
22,0.07317073170731714,1.941402388183633e-06,-1,-9,0,994.915283203125
23,0.12195121951219523,8.155392379194382e-07,-1,-9,0,994.915283203125
24,0.17073170731707332,2.164824081773986e-06,-1,-9,0,994.915283203125
25,0.2195121951219512,1.972138306882698e-06,-1,-9,0,994.915283203125
26,0.2682926829268293,2.7346582101017702e-06,-1,-9,0,994.915283203125
27,0.3170731707317074,1.336880188773648e-07,-1,-9,0,994.915283203125
28,0.36585365853658547,9.99674398372008e-07,-1,-9,0,994.915283203125
29,0.41463414634146356,4.755073064188764e-07,-1,-9,0,994.915283203125
30,0.46341463414634143,2.9163883752403308e-08,-1,-9,0,994.915283203125
31,0.5121951219512195,1.2155012996117875e-08,-1,-9,0,994.915283203125
32,0.5609756097560976,0.0,-1,-9,0,994.915283203125
33,0.6097560975609757,0.0,-1,-9,0,994.915283203125
34,0.6585365853658538,0.0,-1,-9,0,994.915283203125
35,0.7073170731707317,0.0,-1,-9,0,994.915283203125
36,0.7560975609756098,0.0,-1,-9,0,994.915283203125
37,0.8048780487804879,0.0,-1,-9,0,994.915283203125
38,0.853658536585366,0.0,-1,-9,0,994.915283203125
39,0.902439024390244,0.0,-1,-9,0,994.915283203125
40,0.9512195121951219,0.0,-1,-9,0,994.915283203125
41,1.0,0.0,-1,-9,0,994.915283203125
0,-1.0,0.0,-1,-8,0,994.915283203125
1,-0.9512195121951219,0.0,-1,-8,0,994.915283203125
2,-0.9024390243902439,0.0,-1,-8,0,994.915283203125
3,-0.8536585365853658,0.0,-1,-8,0,994.915283203125
4,-0.8048780487804879,0.0,-1,-8,0,994.915283203125
5,-0.7560975609756098,0.0,-1,-8,0,994.915283203125
6,-0.7073170731707317,0.0,-1,-8,0,994.915283203125
7,-0.6585365853658536,0.0,-1,-8,0,994.915283203125
8,-0.6097560975609756,0.0,-1,-8,0,994.915283203125
9,-0.5609756097560976,0.0,-1,-8,0,994.915283203125
10,-0.5121951219512195,0.0,-1,-8,0,994.915283203125
11,-0.46341463414634143,0.0,-1,-8,0,994.915283203125
12,-0.41463414634146334,0.0,-1,-8,0,994.915283203125
13,-0.36585365853658536,0.0,-1,-8,0,994.915283203125
14,-0.31707317073170727,0.0,-1,-8,0,994.915283203125
15,-0.2682926829268293,0.0,-1,-8,0,994.915283203125
16,-0.2195121951219512,0.0,-1,-8,0,994.915283203125
17,-0.1707317073170731,0.0,-1,-8,0,994.915283203125
18,-0.12195121951219512,0.0,-1,-8,0,994.915283203125
19,-0.07317073170731703,0.0,-1,-8,0,994.915283203125
20,-0.024390243902439046,0.0,-1,-8,0,994.915283203125
21,0.024390243902439046,0.0,-1,-8,0,994.915283203125
22,0.07317073170731714,0.0,-1,-8,0,994.915283203125
23,0.12195121951219523,0.0,-1,-8,0,994.915283203125
24,0.17073170731707332,9.172647992272687e-07,-1,-8,0,994.915283203125
25,0.2195121951219512,2.556845856815926e-06,-1,-8,0,994.915283203125
26,0.2682926829268293,1.734484499138489e-06,-1,-8,0,994.915283203125
27,0.3170731707317074,2.858550942619331e-06,-1,-8,0,994.915283203125
28,0.36585365853658547,2.0501793187577277e-05,-1,-8,0,994.915283203125
29,0.41463414634146356,5.686124950443627e-06,-1,-8,0,994.915283203125
30,0.46341463414634143,1.2381906344671734e-05,-1,-8,0,994.915283203125
31,0.5121951219512195,8.197997090064746e-07,-1,-8,0,994.915283203125
32,0.5609756097560976,7.191951590357348e-05,-1,-8,0,994.915283203125
33,0.6097560975609757,9.662978300184477e-06,-1,-8,0,994.915283203125
34,0.6585365853658538,2.794242391246371e-05,-1,-8,0,994.915283203125
35,0.7073170731707317,0.0009466026094742119,-1,-8,0,994.915283203125
36,0.7560975609756098,0.005784207489341497,-1,-8,0,994.915283203125
37,0.8048780487804879,8.836726192384958e-05,-1,-8,0,994.915283203125
38,0.853658536585366,2.9622586225741543e-05,-1,-8,0,994.915283203125
39,0.902439024390244,4.286334660719149e-05,-1,-8,0,994.915283203125
40,0.9512195121951219,0.00018851393542718142,-1,-8,0,994.915283203125
41,1.0,2.322030923096463e-06,-1,-8,0,994.915283203125
0,-1.0,5.6702428992139176e-06,-1,-8,1,994.915283203125
1,-0.9512195121951219,1.4024179790794733e-06,-1,-8,1,994.915283203125
2,-0.9024390243902439,7.351744716288522e-05,-1,-8,1,994.915283203125
3,-0.8536585365853658,0.00026384671218693256,-1,-8,1,994.915283203125
4,-0.8048780487804879,0.004651693161576986,-1,-8,1,994.915283203125
5,-0.7560975609756098,0.0007414625724777579,-1,-8,1,994.915283203125
6,-0.7073170731707317,6.961586223042104e-06,-1,-8,1,994.915283203125
7,-0.6585365853658536,5.431410954770399e-06,-1,-8,1,994.915283203125
8,-0.6097560975609756,1.4510535947920289e-05,-1,-8,1,994.915283203125
9,-0.5609756097560976,2.512885188821201e-08,-1,-8,1,994.915283203125
10,-0.5121951219512195,3.3706087378959637e-06,-1,-8,1,994.915283203125
11,-0.46341463414634143,4.281957444618456e-06,-1,-8,1,994.915283203125
12,-0.41463414634146334,2.402113636890135e-07,-1,-8,1,994.915283203125
13,-0.36585365853658536,1.0933047178696143e-06,-1,-8,1,994.915283203125
14,-0.31707317073170727,2.112328274961328e-06,-1,-8,1,994.915283203125
15,-0.2682926829268293,3.066038232191204e-07,-1,-8,1,994.915283203125
16,-0.2195121951219512,2.1262160316837253e-06,-1,-8,1,994.915283203125
17,-0.1707317073170731,0.0,-1,-8,1,994.915283203125
18,-0.12195121951219512,0.0,-1,-8,1,994.915283203125
19,-0.07317073170731703,0.0,-1,-8,1,994.915283203125
20,-0.024390243902439046,0.0,-1,-8,1,994.915283203125
21,0.024390243902439046,0.0,-1,-8,1,994.915283203125
22,0.07317073170731714,0.0,-1,-8,1,994.915283203125
23,0.12195121951219523,0.0,-1,-8,1,994.915283203125
24,0.17073170731707332,0.0,-1,-8,1,994.915283203125
25,0.2195121951219512,0.0,-1,-8,1,994.915283203125
26,0.2682926829268293,0.0,-1,-8,1,994.915283203125
27,0.3170731707317074,0.0,-1,-8,1,994.915283203125
28,0.36585365853658547,0.0,-1,-8,1,994.915283203125
29,0.41463414634146356,0.0,-1,-8,1,994.915283203125
30,0.46341463414634143,0.0,-1,-8,1,994.915283203125
31,0.5121951219512195,0.0,-1,-8,1,994.915283203125
32,0.5609756097560976,0.0,-1,-8,1,994.915283203125
33,0.6097560975609757,0.0,-1,-8,1,994.915283203125
34,0.6585365853658538,0.0,-1,-8,1,994.915283203125
35,0.7073170731707317,0.0,-1,-8,1,994.915283203125
36,0.7560975609756098,0.0,-1,-8,1,994.915283203125
37,0.8048780487804879,0.0,-1,-8,1,994.915283203125
38,0.853658536585366,0.0,-1,-8,1,994.915283203125
39,0.902439024390244,0.0,-1,-8,1,994.915283203125
40,0.9512195121951219,0.0,-1,-8,1,994.915283203125
41,1.0,0.0,-1,-8,1,994.915283203125
0,-1.0,0.0,-1,-7,1,994.915283203125
1,-0.9512195121951219,0.0,-1,-7,1,994.915283203125
2,-0.9024390243902439,0.0,-1,-7,1,994.915283203125
3,-0.8536585365853658,0.0,-1,-7,1,994.915283203125
4,-0.8048780487804879,0.0,-1,-7,1,994.915283203125
5,-0.7560975609756098,0.0,-1,-7,1,994.915283203125
6,-0.7073170731707317,4.2312518644394004e-07,-1,-7,1,994.915283203125
7,-0.6585365853658536,9.156148621514149e-07,-1,-7,1,994.915283203125
8,-0.6097560975609756,3.6487181205302477e-06,-1,-7,1,994.915283203125
9,-0.5609756097560976,4.3341884747860604e-08,-1,-7,1,994.915283203125
10,-0.5121951219512195,3.3076412364607677e-06,-1,-7,1,994.915283203125
11,-0.46341463414634143,3.6004320236315834e-07,-1,-7,1,994.915283203125
12,-0.41463414634146334,1.5731449821032584e-05,-1,-7,1,994.915283203125
13,-0.36585365853658536,1.2115245340282854e-07,-1,-7,1,994.915283203125
14,-0.31707317073170727,1.7516395018901676e-06,-1,-7,1,994.915283203125
15,-0.2682926829268293,5.327225608198205e-06,-1,-7,1,994.915283203125
16,-0.2195121951219512,1.3188434877520194e-06,-1,-7,1,994.915283203125
17,-0.1707317073170731,5.563792001339607e-05,-1,-7,1,994.915283203125
18,-0.12195121951219512,1.627202664167271e-06,-1,-7,1,994.915283203125
19,-0.07317073170731703,0.0015253617893904448,-1,-7,1,994.915283203125
20,-0.024390243902439046,1.8829448890755884e-05,-1,-7,1,994.915283203125
21,0.024390243902439046,1.8438664483255707e-05,-1,-7,1,994.915283203125
22,0.07317073170731714,1.0130248483619653e-05,-1,-7,1,994.915283203125
23,0.12195121951219523,2.0602308268280467e-06,-1,-7,1,994.915283203125
24,0.17073170731707332,2.283439698658185e-06,-1,-7,1,994.915283203125
25,0.2195121951219512,1.7337209783363505e-06,-1,-7,1,994.915283203125
26,0.2682926829268293,8.125795829982962e-06,-1,-7,1,994.915283203125
27,0.3170731707317074,4.114643161301501e-06,-1,-7,1,994.915283203125
28,0.36585365853658547,7.851418558857404e-06,-1,-7,1,994.915283203125
29,0.41463414634146356,1.188804390039877e-06,-1,-7,1,994.915283203125
30,0.46341463414634143,7.00079681337229e-07,-1,-7,1,994.915283203125
31,0.5121951219512195,2.528514642108348e-06,-1,-7,1,994.915283203125
32,0.5609756097560976,8.38801952340873e-06,-1,-7,1,994.915283203125
33,0.6097560975609757,0.0,-1,-7,1,994.915283203125
34,0.6585365853658538,0.0,-1,-7,1,994.915283203125
35,0.7073170731707317,0.0,-1,-7,1,994.915283203125
36,0.7560975609756098,0.0,-1,-7,1,994.915283203125
37,0.8048780487804879,0.0,-1,-7,1,994.915283203125
38,0.853658536585366,0.0,-1,-7,1,994.915283203125
39,0.902439024390244,0.0,-1,-7,1,994.915283203125
40,0.9512195121951219,0.0,-1,-7,1,994.915283203125
41,1.0,0.0,-1,-7,1,994.915283203125
0,-1.0,0.0,-1,-6,1,994.915283203125
1,-0.9512195121951219,0.0,-1,-6,1,994.915283203125
2,-0.9024390243902439,0.0,-1,-6,1,994.915283203125
3,-0.8536585365853658,0.0,-1,-6,1,994.915283203125
4,-0.8048780487804879,0.0,-1,-6,1,994.915283203125
5,-0.7560975609756098,0.0,-1,-6,1,994.915283203125
6,-0.7073170731707317,0.0,-1,-6,1,994.915283203125
7,-0.6585365853658536,0.0,-1,-6,1,994.915283203125
8,-0.6097560975609756,0.0,-1,-6,1,994.915283203125
9,-0.5609756097560976,0.0,-1,-6,1,994.915283203125
10,-0.5121951219512195,0.0,-1,-6,1,994.915283203125
11,-0.46341463414634143,0.0,-1,-6,1,994.915283203125
12,-0.41463414634146334,0.0,-1,-6,1,994.915283203125
13,-0.36585365853658536,0.0,-1,-6,1,994.915283203125
14,-0.31707317073170727,0.0,-1,-6,1,994.915283203125
15,-0.2682926829268293,0.0,-1,-6,1,994.915283203125
16,-0.2195121951219512,0.0,-1,-6,1,994.915283203125
17,-0.1707317073170731,0.0,-1,-6,1,994.915283203125
18,-0.12195121951219512,0.0,-1,-6,1,994.915283203125
19,-0.07317073170731703,0.0,-1,-6,1,994.915283203125
20,-0.024390243902439046,0.0,-1,-6,1,994.915283203125
21,0.024390243902439046,0.0,-1,-6,1,994.915283203125
22,0.07317073170731714,6.796332172598341e-07,-1,-6,1,994.915283203125
23,0.12195121951219523,4.0623690438224e-06,-1,-6,1,994.915283203125
24,0.17073170731707332,2.8446140731830383e-06,-1,-6,1,994.915283203125
25,0.2195121951219512,3.779756241328869e-07,-1,-6,1,994.915283203125
26,0.2682926829268293,4.491441359277815e-06,-1,-6,1,994.915283203125
27,0.3170731707317074,1.8120546883437783e-05,-1,-6,1,994.915283203125
28,0.36585365853658547,6.862314330646768e-05,-1,-6,1,994.915283203125
29,0.41463414634146356,1.3154285625205375e-05,-1,-6,1,994.915283203125
30,0.46341463414634143,1.7922759070643224e-05,-1,-6,1,994.915283203125
31,0.5121951219512195,3.2244653993984684e-05,-1,-6,1,994.915283203125
32,0.5609756097560976,2.878383020288311e-05,-1,-6,1,994.915283203125
33,0.6097560975609757,3.505470886011608e-05,-1,-6,1,994.915283203125
34,0.6585365853658538,0.00011182297021150589,-1,-6,1,994.915283203125
35,0.7073170731707317,7.740322325844318e-05,-1,-6,1,994.915283203125
36,0.7560975609756098,0.0013901351485401392,-1,-6,1,994.915283203125
37,0.8048780487804879,0.003884086152538657,-1,-6,1,994.915283203125
38,0.853658536585366,2.817930180754047e-05,-1,-6,1,994.915283203125
39,0.902439024390244,5.787924965261482e-05,-1,-6,1,994.915283203125
40,0.9512195121951219,6.031947850715369e-05,-1,-6,1,994.915283203125
41,1.0,3.9743292290950194e-05,-1,-6,1,994.915283203125
0,-1.0,1.1775989150919486e-05,-1,-5,2,994.915283203125
1,-0.9512195121951219,7.69975085859187e-05,-1,-5,2,994.915283203125
2,-0.9024390243902439,0.0003165020316373557,-1,-5,2,994.915283203125
3,-0.8536585365853658,0.0002600490115582943,-1,-5,2,994.915283203125
4,-0.8048780487804879,0.00031392404343932867,-1,-5,2,994.915283203125
5,-0.7560975609756098,2.053263051493559e-05,-1,-5,2,994.915283203125
6,-0.7073170731707317,5.936862726230174e-05,-1,-5,2,994.915283203125
7,-0.6585365853658536,1.1702530173351988e-05,-1,-5,2,994.915283203125
8,-0.6097560975609756,3.562331403372809e-05,-1,-5,2,994.915283203125
9,-0.5609756097560976,1.4794196431466844e-05,-1,-5,2,994.915283203125
10,-0.5121951219512195,0.007034664507955313,-1,-5,2,994.915283203125
11,-0.46341463414634143,8.877421350916848e-05,-1,-5,2,994.915283203125
12,-0.41463414634146334,4.756588623422431e-06,-1,-5,2,994.915283203125
13,-0.36585365853658536,0.00011216887651244178,-1,-5,2,994.915283203125
14,-0.31707317073170727,1.1587619155761786e-05,-1,-5,2,994.915283203125
15,-0.2682926829268293,0.0005310852429829538,-1,-5,2,994.915283203125
16,-0.2195121951219512,0.00040152791189029813,-1,-5,2,994.915283203125
17,-0.1707317073170731,7.944192475406453e-06,-1,-5,2,994.915283203125
18,-0.12195121951219512,3.873397872666828e-05,-1,-5,2,994.915283203125
19,-0.07317073170731703,3.5959917568106903e-06,-1,-5,2,994.915283203125
20,-0.024390243902439046,1.3340776604309212e-05,-1,-5,2,994.915283203125
21,0.024390243902439046,4.33672130384366e-06,-1,-5,2,994.915283203125
22,0.07317073170731714,7.492098575312411e-06,-1,-5,2,994.915283203125
23,0.12195121951219523,2.0138784293521894e-06,-1,-5,2,994.915283203125
24,0.17073170731707332,1.963577960850671e-05,-1,-5,2,994.915283203125
25,0.2195121951219512,1.885471101559233e-05,-1,-5,2,994.915283203125
26,0.2682926829268293,9.422788025403861e-06,-1,-5,2,994.915283203125
27,0.3170731707317074,1.9501534552546218e-05,-1,-5,2,994.915283203125
28,0.36585365853658547,6.441418372560292e-05,-1,-5,2,994.915283203125
29,0.41463414634146356,0.0,-1,-5,2,994.915283203125
30,0.46341463414634143,0.0,-1,-5,2,994.915283203125
31,0.5121951219512195,0.0,-1,-5,2,994.915283203125
32,0.5609756097560976,0.0,-1,-5,2,994.915283203125
33,0.6097560975609757,0.0,-1,-5,2,994.915283203125
34,0.6585365853658538,0.0,-1,-5,2,994.915283203125
35,0.7073170731707317,0.0,-1,-5,2,994.915283203125
36,0.7560975609756098,0.0,-1,-5,2,994.915283203125
37,0.8048780487804879,0.0,-1,-5,2,994.915283203125
38,0.853658536585366,0.0,-1,-5,2,994.915283203125
39,0.902439024390244,0.0,-1,-5,2,994.915283203125
40,0.9512195121951219,0.0,-1,-5,2,994.915283203125
41,1.0,0.0,-1,-5,2,994.915283203125
0,-1.0,0.0,-1,-4,2,994.915283203125
1,-0.9512195121951219,0.0,-1,-4,2,994.915283203125
2,-0.9024390243902439,0.0,-1,-4,2,994.915283203125
3,-0.8536585365853658,0.0,-1,-4,2,994.915283203125
4,-0.8048780487804879,0.0,-1,-4,2,994.915283203125
5,-0.7560975609756098,0.0,-1,-4,2,994.915283203125
6,-0.7073170731707317,0.0,-1,-4,2,994.915283203125
7,-0.6585365853658536,0.0,-1,-4,2,994.915283203125
8,-0.6097560975609756,0.0,-1,-4,2,994.915283203125
9,-0.5609756097560976,1.9776427961915033e-06,-1,-4,2,994.915283203125
10,-0.5121951219512195,2.6420164431328885e-05,-1,-4,2,994.915283203125
11,-0.46341463414634143,1.6748141206335276e-05,-1,-4,2,994.915283203125
12,-0.41463414634146334,1.2186183994344901e-05,-1,-4,2,994.915283203125
13,-0.36585365853658536,1.4869353435642552e-05,-1,-4,2,994.915283203125
14,-0.31707317073170727,3.379017925908556e-06,-1,-4,2,994.915283203125
15,-0.2682926829268293,1.0664999763321248e-06,-1,-4,2,994.915283203125
16,-0.2195121951219512,7.70674341765698e-06,-1,-4,2,994.915283203125
17,-0.1707317073170731,2.7157373551744968e-05,-1,-4,2,994.915283203125
18,-0.12195121951219512,4.849878678214736e-05,-1,-4,2,994.915283203125
19,-0.07317073170731703,4.2233808926539496e-05,-1,-4,2,994.915283203125
20,-0.024390243902439046,3.633222877397202e-05,-1,-4,2,994.915283203125
21,0.024390243902439046,2.928506364696659e-05,-1,-4,2,994.915283203125
22,0.07317073170731714,0.00010585925338091329,-1,-4,2,994.915283203125
23,0.12195121951219523,7.835013093426824e-05,-1,-4,2,994.915283203125
24,0.17073170731707332,0.00015738047659397125,-1,-4,2,994.915283203125
25,0.2195121951219512,6.620670319534838e-05,-1,-4,2,994.915283203125
26,0.2682926829268293,0.00022919979528523982,-1,-4,2,994.915283203125
27,0.3170731707317074,0.00038188943290151656,-1,-4,2,994.915283203125
28,0.36585365853658547,0.0005468890303745866,-1,-4,2,994.915283203125
29,0.41463414634146356,0.00035508282599039376,-1,-4,2,994.915283203125
30,0.46341463414634143,0.006977928336709738,-1,-4,2,994.915283203125
31,0.5121951219512195,0.005191737785935402,-1,-4,2,994.915283203125
32,0.5609756097560976,0.011630130931735039,-1,-4,2,994.915283203125
33,0.6097560975609757,0.004311170894652605,-1,-4,2,994.915283203125
34,0.6585365853658538,0.0017208639765158296,-1,-4,2,994.915283203125
35,0.7073170731707317,0.00010984967957483605,-1,-4,2,994.915283203125
36,0.7560975609756098,7.295667501239222e-07,-1,-4,2,994.915283203125
37,0.8048780487804879,9.776014485396445e-05,-1,-4,2,994.915283203125
38,0.853658536585366,0.0005604946054518223,-1,-4,2,994.915283203125
39,0.902439024390244,0.0004818877496290952,-1,-4,2,994.915283203125
40,0.9512195121951219,0.00034336684620939195,-1,-4,2,994.915283203125
41,1.0,0.00019099430937785655,-1,-4,2,994.915283203125
0,-1.0,0.01438598521053791,-1,-2,3,994.915283203125
1,-0.9512195121951219,0.06403125822544098,-1,-2,3,994.915283203125
2,-0.9024390243902439,0.407710462808609,-1,-2,3,994.915283203125
3,-0.8536585365853658,0.28307512402534485,-1,-2,3,994.915283203125
4,-0.8048780487804879,0.13418345153331757,-1,-2,3,994.915283203125
5,-0.7560975609756098,0.0023030091542750597,-1,-2,3,994.915283203125
6,-0.7073170731707317,0.039972856640815735,-1,-2,3,994.915283203125
7,-0.6585365853658536,0.00037633898318745196,-1,-2,3,994.915283203125
8,-0.6097560975609756,0.015615589916706085,-1,-2,3,994.915283203125
9,-0.5609756097560976,0.001915795961394906,-1,-2,3,994.915283203125
10,-0.5121951219512195,0.007159631233662367,-1,-2,3,994.915283203125
11,-0.46341463414634143,0.002991188783198595,-1,-2,3,994.915283203125
12,-0.41463414634146334,0.0022227305453270674,-1,-2,3,994.915283203125
13,-0.36585365853658536,0.003035886213183403,-1,-2,3,994.915283203125
14,-0.31707317073170727,0.0008323679794557393,-1,-2,3,994.915283203125
15,-0.2682926829268293,0.0011503949062898755,-1,-2,3,994.915283203125
16,-0.2195121951219512,0.0005102020804770291,-1,-2,3,994.915283203125
17,-0.1707317073170731,0.0017011892050504684,-1,-2,3,994.915283203125
18,-0.12195121951219512,0.0003514944401104003,-1,-2,3,994.915283203125
19,-0.07317073170731703,0.0010895407758653164,-1,-2,3,994.915283203125
20,-0.024390243902439046,0.0008735738229006529,-1,-2,3,994.915283203125
21,0.024390243902439046,0.0005405136034823954,-1,-2,3,994.915283203125
22,0.07317073170731714,0.0010553256142884493,-1,-2,3,994.915283203125
23,0.12195121951219523,8.756866009207442e-05,-1,-2,3,994.915283203125
24,0.17073170731707332,0.0009169626282528043,-1,-2,3,994.915283203125
25,0.2195121951219512,2.0155513993813656e-05,-1,-2,3,994.915283203125
26,0.2682926829268293,0.0006398492259904742,-1,-2,3,994.915283203125
27,0.3170731707317074,0.0003790310875046998,-1,-2,3,994.915283203125
28,0.36585365853658547,0.0007801507017575204,-1,-2,3,994.915283203125
29,0.41463414634146356,0.00020936326473020017,-1,-2,3,994.915283203125
30,0.46341463414634143,0.00042649346869438887,-1,-2,3,994.915283203125
31,0.5121951219512195,0.00046789084444753826,-1,-2,3,994.915283203125
32,0.5609756097560976,0.0001429742551408708,-1,-2,3,994.915283203125
33,0.6097560975609757,0.0005230570095591247,-1,-2,3,994.915283203125
34,0.6585365853658538,1.0881706657528412e-05,-1,-2,3,994.915283203125
35,0.7073170731707317,0.00039842529804445803,-1,-2,3,994.915283203125
36,0.7560975609756098,0.00019394497212488204,-1,-2,3,994.915283203125
37,0.8048780487804879,2.8141968869022094e-05,-1,-2,3,994.915283203125
38,0.853658536585366,1.9036962839891203e-05,-1,-2,3,994.915283203125
39,0.902439024390244,0.00010600046516628936,-1,-2,3,994.915283203125
40,0.9512195121951219,0.00013762502931058407,-1,-2,3,994.915283203125
41,1.0,1.346369845123263e-05,-1,-2,3,994.915283203125
0,-1.0,0.00033717346377670765,-1,2,4,994.915283203125
1,-0.9512195121951219,0.0002608986687846482,-1,2,4,994.915283203125
2,-0.9024390243902439,4.977301796316169e-05,-1,2,4,994.915283203125
3,-0.8536585365853658,0.0004984207334928215,-1,2,4,994.915283203125
4,-0.8048780487804879,0.0004047358816023916,-1,2,4,994.915283203125
5,-0.7560975609756098,5.6370627135038376e-05,-1,2,4,994.915283203125
6,-0.7073170731707317,0.0006719774100929499,-1,2,4,994.915283203125
7,-0.6585365853658536,0.000216336251469329,-1,2,4,994.915283203125
8,-0.6097560975609756,0.0002019535022554919,-1,2,4,994.915283203125
9,-0.5609756097560976,0.0007665001321583986,-1,2,4,994.915283203125
10,-0.5121951219512195,6.280682282522321e-05,-1,2,4,994.915283203125
11,-0.46341463414634143,0.000520545057952404,-1,2,4,994.915283203125
12,-0.41463414634146334,0.0010413422714918852,-1,2,4,994.915283203125
13,-0.36585365853658536,6.339802348520607e-05,-1,2,4,994.915283203125
14,-0.31707317073170727,0.0008009994635358453,-1,2,4,994.915283203125
15,-0.2682926829268293,0.001293679466471076,-1,2,4,994.915283203125
16,-0.2195121951219512,7.5631364779837895e-06,-1,2,4,994.915283203125
17,-0.1707317073170731,0.0013631084002554417,-1,2,4,994.915283203125
18,-0.12195121951219512,0.0017229741206392646,-1,2,4,994.915283203125
19,-0.07317073170731703,2.821612542902585e-05,-1,2,4,994.915283203125
20,-0.024390243902439046,0.002238662214949727,-1,2,4,994.915283203125
21,0.024390243902439046,0.001773140043951571,-1,2,4,994.915283203125
22,0.07317073170731714,0.00018140596512239426,-1,2,4,994.915283203125
23,0.12195121951219523,0.002751476364210248,-1,2,4,994.915283203125
24,0.17073170731707332,0.0008751206914894283,-1,2,4,994.915283203125
25,0.2195121951219512,0.0017444646218791604,-1,2,4,994.915283203125
26,0.2682926829268293,0.00549655593931675,-1,2,4,994.915283203125
27,0.3170731707317074,3.234349060221575e-05,-1,2,4,994.915283203125
28,0.36585365853658547,0.00031266495352610946,-1,2,4,994.915283203125
29,0.41463414634146356,0.011281750164926052,-1,2,4,994.915283203125
30,0.46341463414634143,0.0032695389818400145,-1,2,4,994.915283203125
31,0.5121951219512195,0.006827151868492365,-1,2,4,994.915283203125
32,0.5609756097560976,0.031182827427983284,-1,2,4,994.915283203125
33,0.6097560975609757,0.007275334559381008,-1,2,4,994.915283203125
34,0.6585365853658538,0.058341238647699356,-1,2,4,994.915283203125
35,0.7073170731707317,0.34069204330444336,-1,2,4,994.915283203125
36,0.7560975609756098,0.4404251277446747,-1,2,4,994.915283203125
37,0.8048780487804879,0.20405493676662445,-1,2,4,994.915283203125
38,0.853658536585366,0.03628506883978844,-1,2,4,994.915283203125
39,0.902439024390244,0.019611220806837082,-1,2,4,994.915283203125
40,0.9512195121951219,0.009913343004882336,-1,2,4,994.915283203125
41,1.0,0.003863984253257513,-1,2,4,994.915283203125
0,-1.0,0.00037333127693273127,-1,3,4,994.915283203125
1,-0.9512195121951219,1.7911271470438805e-06,-1,3,4,994.915283203125
2,-0.9024390243902439,0.0001596361689735204,-1,3,4,994.915283203125
3,-0.8536585365853658,7.12994233253994e-06,-1,3,4,994.915283203125
4,-0.8048780487804879,0.00029302126495167613,-1,3,4,994.915283203125
5,-0.7560975609756098,7.245352026075125e-05,-1,3,4,994.915283203125
6,-0.7073170731707317,0.0005913132335990667,-1,3,4,994.915283203125
7,-0.6585365853658536,0.0004959380603395402,-1,3,4,994.915283203125
8,-0.6097560975609756,0.0007057182374410331,-1,3,4,994.915283203125
9,-0.5609756097560976,0.005410360172390938,-1,3,4,994.915283203125
10,-0.5121951219512195,0.030671359971165657,-1,3,4,994.915283203125
11,-0.46341463414634143,0.01826740801334381,-1,3,4,994.915283203125
12,-0.41463414634146334,2.1488549464265816e-05,-1,3,4,994.915283203125
13,-0.36585365853658536,0.0014499941607937217,-1,3,4,994.915283203125
14,-0.31707317073170727,4.44100696768146e-05,-1,3,4,994.915283203125
15,-0.2682926829268293,0.0004518740752246231,-1,3,4,994.915283203125
16,-0.2195121951219512,7.266296597663313e-05,-1,3,4,994.915283203125
17,-0.1707317073170731,0.00022384733892977238,-1,3,4,994.915283203125
18,-0.12195121951219512,0.00010737268894445151,-1,3,4,994.915283203125
19,-0.07317073170731703,9.459591092308983e-05,-1,3,4,994.915283203125
20,-0.024390243902439046,7.511639705626294e-05,-1,3,4,994.915283203125
21,0.024390243902439046,1.0349318472435698e-05,-1,3,4,994.915283203125
22,0.07317073170731714,8.664267807034776e-05,-1,3,4,994.915283203125
23,0.12195121951219523,7.299314802367007e-06,-1,3,4,994.915283203125
24,0.17073170731707332,9.204544039675966e-05,-1,3,4,994.915283203125
25,0.2195121951219512,5.706875072064577e-06,-1,3,4,994.915283203125
26,0.2682926829268293,3.139450564049184e-05,-1,3,4,994.915283203125
27,0.3170731707317074,9.497991413809359e-06,-1,3,4,994.915283203125
28,0.36585365853658547,1.0662050954124425e-05,-1,3,4,994.915283203125
29,0.41463414634146356,2.2648467279395845e-07,-1,3,4,994.915283203125
30,0.46341463414634143,4.923477376905794e-07,-1,3,4,994.915283203125
31,0.5121951219512195,2.3567041353089735e-05,-1,3,4,994.915283203125
32,0.5609756097560976,2.9583989089587703e-05,-1,3,4,994.915283203125
33,0.6097560975609757,2.5267347155022435e-05,-1,3,4,994.915283203125
34,0.6585365853658538,2.5931822165148333e-05,-1,3,4,994.915283203125
35,0.7073170731707317,2.717187635425944e-05,-1,3,4,994.915283203125
36,0.7560975609756098,0.00015770155005156994,-1,3,4,994.915283203125
37,0.8048780487804879,0.00013521571236196905,-1,3,4,994.915283203125
38,0.853658536585366,4.635101504391059e-06,-1,3,4,994.915283203125
39,0.902439024390244,5.701459940610221e-06,-1,3,4,994.915283203125
40,0.9512195121951219,3.3213400456588715e-05,-1,3,4,994.915283203125
41,1.0,0.00011888771405210719,-1,3,4,994.915283203125
0,-1.0,0.0,-1,7,5,994.915283203125
1,-0.9512195121951219,0.0,-1,7,5,994.915283203125
2,-0.9024390243902439,0.0,-1,7,5,994.915283203125
3,-0.8536585365853658,0.0,-1,7,5,994.915283203125
4,-0.8048780487804879,0.0,-1,7,5,994.915283203125
5,-0.7560975609756098,0.0,-1,7,5,994.915283203125
6,-0.7073170731707317,0.0,-1,7,5,994.915283203125
7,-0.6585365853658536,0.0,-1,7,5,994.915283203125
8,-0.6097560975609756,0.0,-1,7,5,994.915283203125
9,-0.5609756097560976,0.0,-1,7,5,994.915283203125
10,-0.5121951219512195,0.0,-1,7,5,994.915283203125
11,-0.46341463414634143,0.0,-1,7,5,994.915283203125
12,-0.41463414634146334,0.0,-1,7,5,994.915283203125
13,-0.36585365853658536,0.0,-1,7,5,994.915283203125
14,-0.31707317073170727,0.0,-1,7,5,994.915283203125
15,-0.2682926829268293,0.0,-1,7,5,994.915283203125
16,-0.2195121951219512,0.0,-1,7,5,994.915283203125
17,-0.1707317073170731,0.0,-1,7,5,994.915283203125
18,-0.12195121951219512,0.0,-1,7,5,994.915283203125
19,-0.07317073170731703,0.0,-1,7,5,994.915283203125
20,-0.024390243902439046,0.0,-1,7,5,994.915283203125
21,0.024390243902439046,4.254110308465897e-08,-1,7,5,994.915283203125
22,0.07317073170731714,1.8023312122750212e-06,-1,7,5,994.915283203125
23,0.12195121951219523,1.0412657047709217e-06,-1,7,5,994.915283203125
24,0.17073170731707332,5.545256499317475e-06,-1,7,5,994.915283203125
25,0.2195121951219512,2.9165655632823473e-06,-1,7,5,994.915283203125
26,0.2682926829268293,3.3914704999915557e-07,-1,7,5,994.915283203125
27,0.3170731707317074,4.272608748578932e-06,-1,7,5,994.915283203125
28,0.36585365853658547,3.2699183520890074e-06,-1,7,5,994.915283203125
29,0.41463414634146356,3.708619033204741e-06,-1,7,5,994.915283203125
30,0.46341463414634143,1.2457316188374534e-05,-1,7,5,994.915283203125
31,0.5121951219512195,1.105042792914901e-05,-1,7,5,994.915283203125
32,0.5609756097560976,4.138342319492949e-06,-1,7,5,994.915283203125
33,0.6097560975609757,6.768763705622405e-05,-1,7,5,994.915283203125
34,0.6585365853658538,0.0006115000578574836,-1,7,5,994.915283203125
35,0.7073170731707317,0.004539789631962776,-1,7,5,994.915283203125
36,0.7560975609756098,0.0003209702263120562,-1,7,5,994.915283203125
37,0.8048780487804879,3.944999843952246e-05,-1,7,5,994.915283203125
38,0.853658536585366,8.849856385495514e-06,-1,7,5,994.915283203125
39,0.902439024390244,1.1613934475462884e-05,-1,7,5,994.915283203125
40,0.9512195121951219,8.901601177058183e-06,-1,7,5,994.915283203125
41,1.0,1.7301341586062335e-06,-1,7,5,994.915283203125
0,-1.0,0.0,-1,8,5,994.915283203125
1,-0.9512195121951219,0.0,-1,8,5,994.915283203125
2,-0.9024390243902439,0.0,-1,8,5,994.915283203125
3,-0.8536585365853658,0.0,-1,8,5,994.915283203125
4,-0.8048780487804879,0.0,-1,8,5,994.915283203125
5,-0.7560975609756098,0.0,-1,8,5,994.915283203125
6,-0.7073170731707317,0.0,-1,8,5,994.915283203125
7,-0.6585365853658536,0.0,-1,8,5,994.915283203125
8,-0.6097560975609756,0.0,-1,8,5,994.915283203125
9,-0.5609756097560976,0.0,-1,8,5,994.915283203125
10,-0.5121951219512195,0.0,-1,8,5,994.915283203125
11,-0.46341463414634143,0.0,-1,8,5,994.915283203125
12,-0.41463414634146334,0.0,-1,8,5,994.915283203125
13,-0.36585365853658536,0.0,-1,8,5,994.915283203125
14,-0.31707317073170727,0.0,-1,8,5,994.915283203125
15,-0.2682926829268293,0.0,-1,8,5,994.915283203125
16,-0.2195121951219512,0.0,-1,8,5,994.915283203125
17,-0.1707317073170731,0.0,-1,8,5,994.915283203125
18,-0.12195121951219512,3.134388180114911e-07,-1,8,5,994.915283203125
19,-0.07317073170731703,1.3430350918497425e-05,-1,8,5,994.915283203125
20,-0.024390243902439046,4.6864652603062495e-08,-1,8,5,994.915283203125
21,0.024390243902439046,4.498467660596361e-06,-1,8,5,994.915283203125
22,0.07317073170731714,1.1846766483358806e-06,-1,8,5,994.915283203125
23,0.12195121951219523,6.934291832294548e-06,-1,8,5,994.915283203125
24,0.17073170731707332,9.897828931570984e-06,-1,8,5,994.915283203125
25,0.2195121951219512,5.414626684796531e-06,-1,8,5,994.915283203125
26,0.2682926829268293,3.2735744753153995e-05,-1,8,5,994.915283203125
27,0.3170731707317074,3.7586637517961208e-06,-1,8,5,994.915283203125
28,0.36585365853658547,2.801130358420778e-05,-1,8,5,994.915283203125
29,0.41463414634146356,0.00018333330808673054,-1,8,5,994.915283203125
30,0.46341463414634143,0.002984267193824053,-1,8,5,994.915283203125
31,0.5121951219512195,2.6078067094204016e-05,-1,8,5,994.915283203125
32,0.5609756097560976,0.00020842679077759385,-1,8,5,994.915283203125
33,0.6097560975609757,5.8198097576678265e-06,-1,8,5,994.915283203125
34,0.6585365853658538,5.2953993872506544e-05,-1,8,5,994.915283203125
35,0.7073170731707317,1.8556836494099116e-06,-1,8,5,994.915283203125
36,0.7560975609756098,8.347294169652741e-06,-1,8,5,994.915283203125
37,0.8048780487804879,4.303499281377299e-06,-1,8,5,994.915283203125
38,0.853658536585366,2.283007688674843e-06,-1,8,5,994.915283203125
39,0.902439024390244,3.1760155252413824e-06,-1,8,5,994.915283203125
40,0.9512195121951219,8.804288853525577e-08,-1,8,5,994.915283203125
41,1.0,2.8745328108925605e-06,-1,8,5,994.915283203125
0,-1.0,0.0,-1,9,5,994.915283203125
1,-0.9512195121951219,0.0,-1,9,5,994.915283203125
2,-0.9024390243902439,0.0,-1,9,5,994.915283203125
3,-0.8536585365853658,0.0,-1,9,5,994.915283203125
4,-0.8048780487804879,0.0,-1,9,5,994.915283203125
5,-0.7560975609756098,0.0,-1,9,5,994.915283203125
6,-0.7073170731707317,0.0,-1,9,5,994.915283203125
7,-0.6585365853658536,0.0,-1,9,5,994.915283203125
8,-0.6097560975609756,0.0,-1,9,5,994.915283203125
9,-0.5609756097560976,0.0,-1,9,5,994.915283203125
10,-0.5121951219512195,0.0,-1,9,5,994.915283203125
11,-0.46341463414634143,0.0,-1,9,5,994.915283203125
12,-0.41463414634146334,0.0,-1,9,5,994.915283203125
13,-0.36585365853658536,0.0,-1,9,5,994.915283203125
14,-0.31707317073170727,0.0,-1,9,5,994.915283203125
15,-0.2682926829268293,0.0,-1,9,5,994.915283203125
16,-0.2195121951219512,0.0,-1,9,5,994.915283203125
17,-0.1707317073170731,1.4130989711702568e-07,-1,9,5,994.915283203125
18,-0.12195121951219512,1.97107988242351e-06,-1,9,5,994.915283203125
19,-0.07317073170731703,2.861946200027887e-07,-1,9,5,994.915283203125
20,-0.024390243902439046,4.018324872845369e-08,-1,9,5,994.915283203125
21,0.024390243902439046,1.872633788480016e-06,-1,9,5,994.915283203125
22,0.07317073170731714,3.4678078009164892e-06,-1,9,5,994.915283203125
23,0.12195121951219523,3.89058368455153e-06,-1,9,5,994.915283203125
24,0.17073170731707332,1.4847790907879244e-06,-1,9,5,994.915283203125
25,0.2195121951219512,4.3892264329770114e-06,-1,9,5,994.915283203125
26,0.2682926829268293,5.9501671785255894e-05,-1,9,5,994.915283203125
27,0.3170731707317074,0.000213236766285263,-1,9,5,994.915283203125
28,0.36585365853658547,0.0003473166434559971,-1,9,5,994.915283203125
29,0.41463414634146356,0.00010544526594458148,-1,9,5,994.915283203125
30,0.46341463414634143,4.533702303888276e-05,-1,9,5,994.915283203125
31,0.5121951219512195,6.695034358017438e-07,-1,9,5,994.915283203125
32,0.5609756097560976,4.989221906726016e-06,-1,9,5,994.915283203125
33,0.6097560975609757,6.098047833802411e-06,-1,9,5,994.915283203125
34,0.6585365853658538,1.6577566839259816e-06,-1,9,5,994.915283203125
35,0.7073170731707317,3.4994066027138615e-06,-1,9,5,994.915283203125
36,0.7560975609756098,3.1467859571421286e-06,-1,9,5,994.915283203125
37,0.8048780487804879,5.8851364883594215e-06,-1,9,5,994.915283203125
38,0.853658536585366,1.1196561899851076e-06,-1,9,5,994.915283203125
39,0.902439024390244,1.519283188144982e-07,-1,9,5,994.915283203125
40,0.9512195121951219,0.0,-1,9,5,994.915283203125
41,1.0,0.0,-1,9,5,994.915283203125
0,-1.0,0.0,0,-9,-4,994.915283203125
1,-0.9512195121951219,0.0,0,-9,-4,994.915283203125
2,-0.9024390243902439,0.0,0,-9,-4,994.915283203125
3,-0.8536585365853658,0.0,0,-9,-4,994.915283203125
4,-0.8048780487804879,0.0,0,-9,-4,994.915283203125
5,-0.7560975609756098,0.0,0,-9,-4,994.915283203125
6,-0.7073170731707317,0.0,0,-9,-4,994.915283203125
7,-0.6585365853658536,0.0,0,-9,-4,994.915283203125
8,-0.6097560975609756,0.0,0,-9,-4,994.915283203125
9,-0.5609756097560976,0.0,0,-9,-4,994.915283203125
10,-0.5121951219512195,0.0,0,-9,-4,994.915283203125
11,-0.46341463414634143,0.0,0,-9,-4,994.915283203125
12,-0.41463414634146334,0.0,0,-9,-4,994.915283203125
13,-0.36585365853658536,0.0,0,-9,-4,994.915283203125
14,-0.31707317073170727,0.0,0,-9,-4,994.915283203125
15,-0.2682926829268293,0.0,0,-9,-4,994.915283203125
16,-0.2195121951219512,0.0,0,-9,-4,994.915283203125
17,-0.1707317073170731,0.0,0,-9,-4,994.915283203125
18,-0.12195121951219512,0.0,0,-9,-4,994.915283203125
19,-0.07317073170731703,0.0,0,-9,-4,994.915283203125
20,-0.024390243902439046,0.0,0,-9,-4,994.915283203125
21,0.024390243902439046,0.0,0,-9,-4,994.915283203125
22,0.07317073170731714,0.0,0,-9,-4,994.915283203125
23,0.12195121951219523,2.386206006121938e-06,0,-9,-4,994.915283203125
24,0.17073170731707332,9.232427373717655e-07,0,-9,-4,994.915283203125
25,0.2195121951219512,1.4170367990118393e-07,0,-9,-4,994.915283203125
26,0.2682926829268293,9.402675118508341e-07,0,-9,-4,994.915283203125
27,0.3170731707317074,3.06669357996725e-06,0,-9,-4,994.915283203125
28,0.36585365853658547,1.44219993671868e-05,0,-9,-4,994.915283203125
29,0.41463414634146356,3.376389940967783e-05,0,-9,-4,994.915283203125
30,0.46341463414634143,2.924626460298896e-05,0,-9,-4,994.915283203125
31,0.5121951219512195,1.0887676580750849e-05,0,-9,-4,994.915283203125
32,0.5609756097560976,7.429479410347994e-06,0,-9,-4,994.915283203125
33,0.6097560975609757,0.0006541400216519833,0,-9,-4,994.915283203125
34,0.6585365853658538,0.0010361862368881702,0,-9,-4,994.915283203125
35,0.7073170731707317,9.137378219747916e-05,0,-9,-4,994.915283203125
36,0.7560975609756098,0.00017681367171462625,0,-9,-4,994.915283203125
37,0.8048780487804879,1.9299170162412338e-05,0,-9,-4,994.915283203125
38,0.853658536585366,3.176815653205267e-06,0,-9,-4,994.915283203125
39,0.902439024390244,1.557483955139105e-07,0,-9,-4,994.915283203125
40,0.9512195121951219,7.915206623465565e-08,0,-9,-4,994.915283203125
41,1.0,1.4075578746997053e-06,0,-9,-4,994.915283203125
0,-1.0,1.512613323484402e-08,0,-9,-3,994.915283203125
1,-0.9512195121951219,1.0337239473301452e-06,0,-9,-3,994.915283203125
2,-0.9024390243902439,1.3074686648906209e-06,0,-9,-3,994.915283203125
3,-0.8536585365853658,1.3033507457294036e-05,0,-9,-3,994.915283203125
4,-0.8048780487804879,3.163464134559035e-05,0,-9,-3,994.915283203125
5,-0.7560975609756098,6.935240435268497e-07,0,-9,-3,994.915283203125
6,-0.7073170731707317,2.6959912702295696e-06,0,-9,-3,994.915283203125
7,-0.6585365853658536,3.123733904430992e-06,0,-9,-3,994.915283203125
8,-0.6097560975609756,6.888341158628464e-05,0,-9,-3,994.915283203125
9,-0.5609756097560976,1.0366468217171132e-07,0,-9,-3,994.915283203125
10,-0.5121951219512195,1.6524869579370716e-06,0,-9,-3,994.915283203125
11,-0.46341463414634143,4.34668345405953e-06,0,-9,-3,994.915283203125
12,-0.41463414634146334,5.206276000535581e-06,0,-9,-3,994.915283203125
13,-0.36585365853658536,1.947311822902975e-08,0,-9,-3,994.915283203125
14,-0.31707317073170727,1.173601660298118e-08,0,-9,-3,994.915283203125
15,-0.2682926829268293,3.106081791770521e-08,0,-9,-3,994.915283203125
16,-0.2195121951219512,1.1055376170077125e-08,0,-9,-3,994.915283203125
17,-0.1707317073170731,9.90364625863549e-08,0,-9,-3,994.915283203125
18,-0.12195121951219512,0.0,0,-9,-3,994.915283203125
19,-0.07317073170731703,0.0,0,-9,-3,994.915283203125
20,-0.024390243902439046,0.0,0,-9,-3,994.915283203125
21,0.024390243902439046,0.0,0,-9,-3,994.915283203125
22,0.07317073170731714,0.0,0,-9,-3,994.915283203125
23,0.12195121951219523,0.0,0,-9,-3,994.915283203125
24,0.17073170731707332,0.0,0,-9,-3,994.915283203125
25,0.2195121951219512,0.0,0,-9,-3,994.915283203125
26,0.2682926829268293,0.0,0,-9,-3,994.915283203125
27,0.3170731707317074,0.0,0,-9,-3,994.915283203125
28,0.36585365853658547,0.0,0,-9,-3,994.915283203125
29,0.41463414634146356,0.0,0,-9,-3,994.915283203125
30,0.46341463414634143,0.0,0,-9,-3,994.915283203125
31,0.5121951219512195,0.0,0,-9,-3,994.915283203125
32,0.5609756097560976,0.0,0,-9,-3,994.915283203125
33,0.6097560975609757,0.0,0,-9,-3,994.915283203125
34,0.6585365853658538,0.0,0,-9,-3,994.915283203125
35,0.7073170731707317,0.0,0,-9,-3,994.915283203125
36,0.7560975609756098,0.0,0,-9,-3,994.915283203125
37,0.8048780487804879,0.0,0,-9,-3,994.915283203125
38,0.853658536585366,0.0,0,-9,-3,994.915283203125
39,0.902439024390244,0.0,0,-9,-3,994.915283203125
40,0.9512195121951219,0.0,0,-9,-3,994.915283203125
41,1.0,0.0,0,-9,-3,994.915283203125
0,-1.0,0.0,0,-8,-3,994.915283203125
1,-0.9512195121951219,0.0,0,-8,-3,994.915283203125
2,-0.9024390243902439,0.0,0,-8,-3,994.915283203125
3,-0.8536585365853658,0.0,0,-8,-3,994.915283203125
4,-0.8048780487804879,0.0,0,-8,-3,994.915283203125
5,-0.7560975609756098,0.0,0,-8,-3,994.915283203125
6,-0.7073170731707317,0.0,0,-8,-3,994.915283203125
7,-0.6585365853658536,0.0,0,-8,-3,994.915283203125
8,-0.6097560975609756,0.0,0,-8,-3,994.915283203125
9,-0.5609756097560976,2.2179854397563759e-07,0,-8,-3,994.915283203125
10,-0.5121951219512195,8.486323395118234e-07,0,-8,-3,994.915283203125
11,-0.46341463414634143,1.1192215509936432e-07,0,-8,-3,994.915283203125
12,-0.41463414634146334,5.450191338240984e-07,0,-8,-3,994.915283203125
13,-0.36585365853658536,1.986459636782456e-07,0,-8,-3,994.915283203125
14,-0.31707317073170727,3.731518063432304e-07,0,-8,-3,994.915283203125
15,-0.2682926829268293,3.4774629966705106e-06,0,-8,-3,994.915283203125
16,-0.2195121951219512,2.3601613065693527e-05,0,-8,-3,994.915283203125
17,-0.1707317073170731,5.478075308928965e-06,0,-8,-3,994.915283203125
18,-0.12195121951219512,9.412749022885691e-06,0,-8,-3,994.915283203125
19,-0.07317073170731703,1.3297799341671634e-05,0,-8,-3,994.915283203125
20,-0.024390243902439046,0.0001363141491310671,0,-8,-3,994.915283203125
21,0.024390243902439046,4.193267614027718e-06,0,-8,-3,994.915283203125
22,0.07317073170731714,3.133568213797844e-07,0,-8,-3,994.915283203125
23,0.12195121951219523,2.728958179432084e-06,0,-8,-3,994.915283203125
24,0.17073170731707332,4.0002839796215994e-07,0,-8,-3,994.915283203125
25,0.2195121951219512,1.1020127885785769e-06,0,-8,-3,994.915283203125
26,0.2682926829268293,8.299631417685305e-07,0,-8,-3,994.915283203125
27,0.3170731707317074,7.688769073865842e-06,0,-8,-3,994.915283203125
28,0.36585365853658547,1.0076512353407452e-06,0,-8,-3,994.915283203125
29,0.41463414634146356,4.780448307428742e-06,0,-8,-3,994.915283203125
30,0.46341463414634143,1.2285486263863277e-06,0,-8,-3,994.915283203125
31,0.5121951219512195,1.017645217871177e-06,0,-8,-3,994.915283203125
32,0.5609756097560976,2.0320054261446785e-07,0,-8,-3,994.915283203125
33,0.6097560975609757,0.0,0,-8,-3,994.915283203125
34,0.6585365853658538,0.0,0,-8,-3,994.915283203125
35,0.7073170731707317,0.0,0,-8,-3,994.915283203125
36,0.7560975609756098,0.0,0,-8,-3,994.915283203125
37,0.8048780487804879,0.0,0,-8,-3,994.915283203125
38,0.853658536585366,0.0,0,-8,-3,994.915283203125
39,0.902439024390244,0.0,0,-8,-3,994.915283203125
40,0.9512195121951219,0.0,0,-8,-3,994.915283203125
41,1.0,0.0,0,-8,-3,994.915283203125
0,-1.0,0.0,0,-7,-3,994.915283203125
1,-0.9512195121951219,0.0,0,-7,-3,994.915283203125
2,-0.9024390243902439,0.0,0,-7,-3,994.915283203125
3,-0.8536585365853658,0.0,0,-7,-3,994.915283203125
4,-0.8048780487804879,0.0,0,-7,-3,994.915283203125
5,-0.7560975609756098,0.0,0,-7,-3,994.915283203125
6,-0.7073170731707317,0.0,0,-7,-3,994.915283203125
7,-0.6585365853658536,0.0,0,-7,-3,994.915283203125
8,-0.6097560975609756,0.0,0,-7,-3,994.915283203125
9,-0.5609756097560976,0.0,0,-7,-3,994.915283203125
10,-0.5121951219512195,0.0,0,-7,-3,994.915283203125
11,-0.46341463414634143,0.0,0,-7,-3,994.915283203125
12,-0.41463414634146334,0.0,0,-7,-3,994.915283203125
13,-0.36585365853658536,0.0,0,-7,-3,994.915283203125
14,-0.31707317073170727,0.0,0,-7,-3,994.915283203125
15,-0.2682926829268293,0.0,0,-7,-3,994.915283203125
16,-0.2195121951219512,0.0,0,-7,-3,994.915283203125
17,-0.1707317073170731,0.0,0,-7,-3,994.915283203125
18,-0.12195121951219512,0.0,0,-7,-3,994.915283203125
19,-0.07317073170731703,0.0,0,-7,-3,994.915283203125
20,-0.024390243902439046,0.0,0,-7,-3,994.915283203125
21,0.024390243902439046,0.0,0,-7,-3,994.915283203125
22,0.07317073170731714,0.0,0,-7,-3,994.915283203125
23,0.12195121951219523,0.0,0,-7,-3,994.915283203125
24,0.17073170731707332,2.4164633032341953e-06,0,-7,-3,994.915283203125
25,0.2195121951219512,3.1998474696592893e-06,0,-7,-3,994.915283203125
26,0.2682926829268293,1.2579195072248694e-06,0,-7,-3,994.915283203125
27,0.3170731707317074,5.0740395636239555e-06,0,-7,-3,994.915283203125
28,0.36585365853658547,1.4059852219361346e-05,0,-7,-3,994.915283203125
29,0.41463414634146356,4.5849019443267025e-06,0,-7,-3,994.915283203125
30,0.46341463414634143,1.0441218591950019e-06,0,-7,-3,994.915283203125
31,0.5121951219512195,4.624004304787377e-06,0,-7,-3,994.915283203125
32,0.5609756097560976,3.0750925361644477e-06,0,-7,-3,994.915283203125
33,0.6097560975609757,5.920645435253391e-06,0,-7,-3,994.915283203125
34,0.6585365853658538,3.789538095588796e-05,0,-7,-3,994.915283203125
35,0.7073170731707317,3.871511580655351e-06,0,-7,-3,994.915283203125
36,0.7560975609756098,7.51193510950543e-05,0,-7,-3,994.915283203125
37,0.8048780487804879,0.0017077839002013206,0,-7,-3,994.915283203125
38,0.853658536585366,0.0004617586964741349,0,-7,-3,994.915283203125
39,0.902439024390244,2.5386361812707037e-06,0,-7,-3,994.915283203125
40,0.9512195121951219,3.214241814930574e-06,0,-7,-3,994.915283203125
41,1.0,3.298102819826454e-05,0,-7,-3,994.915283203125
0,-1.0,0.000479228823678568,0,-7,-2,994.915283203125
1,-0.9512195121951219,0.0003575899463612586,0,-7,-2,994.915283203125
2,-0.9024390243902439,0.0011929229367524385,0,-7,-2,994.915283203125
3,-0.8536585365853658,0.003800193080678582,0,-7,-2,994.915283203125
4,-0.8048780487804879,0.0012627799296751618,0,-7,-2,994.915283203125
5,-0.7560975609756098,4.091380105819553e-05,0,-7,-2,994.915283203125
6,-0.7073170731707317,2.034874341916293e-05,0,-7,-2,994.915283203125
7,-0.6585365853658536,8.385684964196116e-07,0,-7,-2,994.915283203125
8,-0.6097560975609756,2.6781617634696886e-07,0,-7,-2,994.915283203125
9,-0.5609756097560976,7.163411055444158e-07,0,-7,-2,994.915283203125
10,-0.5121951219512195,2.02586738851096e-06,0,-7,-2,994.915283203125
11,-0.46341463414634143,1.5680785736549296e-07,0,-7,-2,994.915283203125
12,-0.41463414634146334,2.5451049623370636e-07,0,-7,-2,994.915283203125
13,-0.36585365853658536,6.593734980242516e-08,0,-7,-2,994.915283203125
14,-0.31707317073170727,2.7366024824004853e-07,0,-7,-2,994.915283203125
15,-0.2682926829268293,2.8476242164288124e-07,0,-7,-2,994.915283203125
16,-0.2195121951219512,0.0,0,-7,-2,994.915283203125
17,-0.1707317073170731,0.0,0,-7,-2,994.915283203125
18,-0.12195121951219512,0.0,0,-7,-2,994.915283203125
19,-0.07317073170731703,0.0,0,-7,-2,994.915283203125
20,-0.024390243902439046,0.0,0,-7,-2,994.915283203125
21,0.024390243902439046,0.0,0,-7,-2,994.915283203125
22,0.07317073170731714,0.0,0,-7,-2,994.915283203125
23,0.12195121951219523,0.0,0,-7,-2,994.915283203125
24,0.17073170731707332,0.0,0,-7,-2,994.915283203125
25,0.2195121951219512,0.0,0,-7,-2,994.915283203125
26,0.2682926829268293,0.0,0,-7,-2,994.915283203125
27,0.3170731707317074,0.0,0,-7,-2,994.915283203125
28,0.36585365853658547,0.0,0,-7,-2,994.915283203125
29,0.41463414634146356,0.0,0,-7,-2,994.915283203125
30,0.46341463414634143,0.0,0,-7,-2,994.915283203125
31,0.5121951219512195,0.0,0,-7,-2,994.915283203125
32,0.5609756097560976,0.0,0,-7,-2,994.915283203125
33,0.6097560975609757,0.0,0,-7,-2,994.915283203125
34,0.6585365853658538,0.0,0,-7,-2,994.915283203125
35,0.7073170731707317,0.0,0,-7,-2,994.915283203125
36,0.7560975609756098,0.0,0,-7,-2,994.915283203125
37,0.8048780487804879,0.0,0,-7,-2,994.915283203125
38,0.853658536585366,0.0,0,-7,-2,994.915283203125
39,0.902439024390244,0.0,0,-7,-2,994.915283203125
40,0.9512195121951219,0.0,0,-7,-2,994.915283203125
41,1.0,0.0,0,-7,-2,994.915283203125
0,-1.0,0.0,0,-6,-2,994.915283203125
1,-0.9512195121951219,9.818510989134666e-06,0,-6,-2,994.915283203125
2,-0.9024390243902439,1.7351587757730158e-06,0,-6,-2,994.915283203125
3,-0.8536585365853658,3.762902224480058e-06,0,-6,-2,994.915283203125
4,-0.8048780487804879,1.1302802704449277e-05,0,-6,-2,994.915283203125
5,-0.7560975609756098,8.2858168752864e-06,0,-6,-2,994.915283203125
6,-0.7073170731707317,0.000250885117566213,0,-6,-2,994.915283203125
7,-0.6585365853658536,0.00013656288501806557,0,-6,-2,994.915283203125
8,-0.6097560975609756,5.171138036530465e-05,0,-6,-2,994.915283203125
9,-0.5609756097560976,2.8623278922168538e-05,0,-6,-2,994.915283203125
10,-0.5121951219512195,2.775192569970386e-06,0,-6,-2,994.915283203125
11,-0.46341463414634143,9.921823220793158e-07,0,-6,-2,994.915283203125
12,-0.41463414634146334,4.006577728432603e-05,0,-6,-2,994.915283203125
13,-0.36585365853658536,4.544649527815636e-06,0,-6,-2,994.915283203125
14,-0.31707317073170727,2.156858317903243e-05,0,-6,-2,994.915283203125
15,-0.2682926829268293,2.3893471734481864e-05,0,-6,-2,994.915283203125
16,-0.2195121951219512,7.64375799917616e-05,0,-6,-2,994.915283203125
17,-0.1707317073170731,0.001284104073420167,0,-6,-2,994.915283203125
18,-0.12195121951219512,7.5737743827630766e-06,0,-6,-2,994.915283203125
19,-0.07317073170731703,3.7825160688953474e-05,0,-6,-2,994.915283203125
20,-0.024390243902439046,1.872156462923158e-05,0,-6,-2,994.915283203125
21,0.024390243902439046,2.909764134528814e-06,0,-6,-2,994.915283203125
22,0.07317073170731714,6.920164196344558e-06,0,-6,-2,994.915283203125
23,0.12195121951219523,1.4556717360392213e-05,0,-6,-2,994.915283203125
24,0.17073170731707332,7.415705567836994e-06,0,-6,-2,994.915283203125
25,0.2195121951219512,4.235987034917343e-06,0,-6,-2,994.915283203125
26,0.2682926829268293,4.319737490732223e-05,0,-6,-2,994.915283203125
27,0.3170731707317074,6.257490895222872e-05,0,-6,-2,994.915283203125
28,0.36585365853658547,0.00022801839804742485,0,-6,-2,994.915283203125
29,0.41463414634146356,2.17199503822485e-05,0,-6,-2,994.915283203125
30,0.46341463414634143,4.0713598536967766e-06,0,-6,-2,994.915283203125
31,0.5121951219512195,2.589883024484152e-06,0,-6,-2,994.915283203125
32,0.5609756097560976,7.189383723016363e-06,0,-6,-2,994.915283203125
33,0.6097560975609757,1.43872443914006e-06,0,-6,-2,994.915283203125
34,0.6585365853658538,0.0,0,-6,-2,994.915283203125
35,0.7073170731707317,0.0,0,-6,-2,994.915283203125
36,0.7560975609756098,0.0,0,-6,-2,994.915283203125
37,0.8048780487804879,0.0,0,-6,-2,994.915283203125
38,0.853658536585366,0.0,0,-6,-2,994.915283203125
39,0.902439024390244,0.0,0,-6,-2,994.915283203125
40,0.9512195121951219,0.0,0,-6,-2,994.915283203125
41,1.0,0.0,0,-6,-2,994.915283203125
0,-1.0,0.0,0,-5,-2,994.915283203125
1,-0.9512195121951219,0.0,0,-5,-2,994.915283203125
2,-0.9024390243902439,0.0,0,-5,-2,994.915283203125
3,-0.8536585365853658,0.0,0,-5,-2,994.915283203125
4,-0.8048780487804879,0.0,0,-5,-2,994.915283203125
5,-0.7560975609756098,0.0,0,-5,-2,994.915283203125
6,-0.7073170731707317,0.0,0,-5,-2,994.915283203125
7,-0.6585365853658536,0.0,0,-5,-2,994.915283203125
8,-0.6097560975609756,0.0,0,-5,-2,994.915283203125
9,-0.5609756097560976,0.0,0,-5,-2,994.915283203125
10,-0.5121951219512195,0.0,0,-5,-2,994.915283203125
11,-0.46341463414634143,0.0,0,-5,-2,994.915283203125
12,-0.41463414634146334,0.0,0,-5,-2,994.915283203125
13,-0.36585365853658536,0.0,0,-5,-2,994.915283203125
14,-0.31707317073170727,0.0,0,-5,-2,994.915283203125
15,-0.2682926829268293,0.0,0,-5,-2,994.915283203125
16,-0.2195121951219512,0.0,0,-5,-2,994.915283203125
17,-0.1707317073170731,0.0,0,-5,-2,994.915283203125
18,-0.12195121951219512,2.8533349905046634e-06,0,-5,-2,994.915283203125
19,-0.07317073170731703,9.175964237329026e-07,0,-5,-2,994.915283203125
20,-0.024390243902439046,1.6454133628940326e-06,0,-5,-2,994.915283203125
21,0.024390243902439046,6.869972821732517e-06,0,-5,-2,994.915283203125
22,0.07317073170731714,6.749185104126809e-07,0,-5,-2,994.915283203125
23,0.12195121951219523,9.541126928525046e-06,0,-5,-2,994.915283203125
24,0.17073170731707332,8.962483661889564e-07,0,-5,-2,994.915283203125
25,0.2195121951219512,2.15923182622646e-06,0,-5,-2,994.915283203125
26,0.2682926829268293,7.083596756274346e-06,0,-5,-2,994.915283203125
27,0.3170731707317074,1.040126971929567e-05,0,-5,-2,994.915283203125
28,0.36585365853658547,0.00013069012493360788,0,-5,-2,994.915283203125
29,0.41463414634146356,5.0269507482880726e-05,0,-5,-2,994.915283203125
30,0.46341463414634143,5.805578257422894e-05,0,-5,-2,994.915283203125
31,0.5121951219512195,0.00011731845734175295,0,-5,-2,994.915283203125
32,0.5609756097560976,2.3130804038373753e-05,0,-5,-2,994.915283203125
33,0.6097560975609757,0.00010330089571652934,0,-5,-2,994.915283203125
34,0.6585365853658538,4.595422433339991e-05,0,-5,-2,994.915283203125
35,0.7073170731707317,0.000356593489414081,0,-5,-2,994.915283203125
36,0.7560975609756098,0.0006334867211990058,0,-5,-2,994.915283203125
37,0.8048780487804879,0.0034103712532669306,0,-5,-2,994.915283203125
38,0.853658536585366,0.009188702329993248,0,-5,-2,994.915283203125
39,0.902439024390244,0.0008058165549300611,0,-5,-2,994.915283203125
40,0.9512195121951219,0.0002528171462472528,0,-5,-2,994.915283203125
41,1.0,8.797836926532909e-05,0,-5,-2,994.915283203125
0,-1.0,0.0005991786019876599,0,-4,-1,994.915283203125
1,-0.9512195121951219,0.0014427530113607645,0,-4,-1,994.915283203125
2,-0.9024390243902439,0.034335169941186905,0,-4,-1,994.915283203125
3,-0.8536585365853658,0.3336873948574066,0,-4,-1,994.915283203125
4,-0.8048780487804879,0.07262315601110458,0,-4,-1,994.915283203125
5,-0.7560975609756098,0.0016958286287263036,0,-4,-1,994.915283203125
6,-0.7073170731707317,0.0012306224089115858,0,-4,-1,994.915283203125
7,-0.6585365853658536,4.8205747589236125e-05,0,-4,-1,994.915283203125
8,-0.6097560975609756,0.00017551753262523562,0,-4,-1,994.915283203125
9,-0.5609756097560976,0.00018707828712649643,0,-4,-1,994.915283203125
10,-0.5121951219512195,0.00036394584458321333,0,-4,-1,994.915283203125
11,-0.46341463414634143,8.610553777543828e-05,0,-4,-1,994.915283203125
12,-0.41463414634146334,6.132178532425314e-05,0,-4,-1,994.915283203125
13,-0.36585365853658536,2.9802891731378622e-05,0,-4,-1,994.915283203125
14,-0.31707317073170727,6.567173841176555e-05,0,-4,-1,994.915283203125
15,-0.2682926829268293,0.00017643581668380648,0,-4,-1,994.915283203125
16,-0.2195121951219512,0.00022701294801663607,0,-4,-1,994.915283203125
17,-0.1707317073170731,1.1302046914352104e-05,0,-4,-1,994.915283203125
18,-0.12195121951219512,1.0031910733232507e-06,0,-4,-1,994.915283203125
19,-0.07317073170731703,8.095282828435302e-05,0,-4,-1,994.915283203125
20,-0.024390243902439046,3.3950916986214e-05,0,-4,-1,994.915283203125
21,0.024390243902439046,0.0003150003612972796,0,-4,-1,994.915283203125
22,0.07317073170731714,0.00012923112080898136,0,-4,-1,994.915283203125
23,0.12195121951219523,2.456746187817771e-06,0,-4,-1,994.915283203125
24,0.17073170731707332,2.14482975025021e-06,0,-4,-1,994.915283203125
25,0.2195121951219512,2.2039137093088357e-06,0,-4,-1,994.915283203125
26,0.2682926829268293,7.088237452990143e-06,0,-4,-1,994.915283203125
27,0.3170731707317074,2.7928477720706724e-05,0,-4,-1,994.915283203125
28,0.36585365853658547,0.0,0,-4,-1,994.915283203125
29,0.41463414634146356,0.0,0,-4,-1,994.915283203125
30,0.46341463414634143,0.0,0,-4,-1,994.915283203125
31,0.5121951219512195,0.0,0,-4,-1,994.915283203125
32,0.5609756097560976,0.0,0,-4,-1,994.915283203125
33,0.6097560975609757,0.0,0,-4,-1,994.915283203125
34,0.6585365853658538,0.0,0,-4,-1,994.915283203125
35,0.7073170731707317,0.0,0,-4,-1,994.915283203125
36,0.7560975609756098,0.0,0,-4,-1,994.915283203125
37,0.8048780487804879,0.0,0,-4,-1,994.915283203125
38,0.853658536585366,0.0,0,-4,-1,994.915283203125
39,0.902439024390244,0.0,0,-4,-1,994.915283203125
40,0.9512195121951219,0.0,0,-4,-1,994.915283203125
41,1.0,0.0,0,-4,-1,994.915283203125
0,-1.0,0.0001842602068791166,0,-3,-1,994.915283203125
1,-0.9512195121951219,0.0003403217124287039,0,-3,-1,994.915283203125
2,-0.9024390243902439,0.00040604788227938116,0,-3,-1,994.915283203125
3,-0.8536585365853658,0.0002404231927357614,0,-3,-1,994.915283203125
4,-0.8048780487804879,0.0009166138479486108,0,-3,-1,994.915283203125
5,-0.7560975609756098,0.00047782514593563974,0,-3,-1,994.915283203125
6,-0.7073170731707317,9.011068323161453e-05,0,-3,-1,994.915283203125
7,-0.6585365853658536,0.00012023639283142984,0,-3,-1,994.915283203125
8,-0.6097560975609756,0.00047221904969774187,0,-3,-1,994.915283203125
9,-0.5609756097560976,0.0015243489760905504,0,-3,-1,994.915283203125
10,-0.5121951219512195,0.00030759393121115863,0,-3,-1,994.915283203125
11,-0.46341463414634143,0.0008020381210371852,0,-3,-1,994.915283203125
12,-0.41463414634146334,0.0016759256832301617,0,-3,-1,994.915283203125
13,-0.36585365853658536,0.00010301692964276299,0,-3,-1,994.915283203125
14,-0.31707317073170727,0.0028272531926631927,0,-3,-1,994.915283203125
15,-0.2682926829268293,0.0007725557079538703,0,-3,-1,994.915283203125
16,-0.2195121951219512,0.001685687224380672,0,-3,-1,994.915283203125
17,-0.1707317073170731,0.003497686004266143,0,-3,-1,994.915283203125
18,-0.12195121951219512,3.267142892582342e-05,0,-3,-1,994.915283203125
19,-0.07317073170731703,0.006269537843763828,0,-3,-1,994.915283203125
20,-0.024390243902439046,0.002937721787020564,0,-3,-1,994.915283203125
21,0.024390243902439046,0.006731899920850992,0,-3,-1,994.915283203125
22,0.07317073170731714,0.013553986325860023,0,-3,-1,994.915283203125
23,0.12195121951219523,0.0020961174741387367,0,-3,-1,994.915283203125
24,0.17073170731707332,0.018982838839292526,0,-3,-1,994.915283203125
25,0.2195121951219512,0.021244600415229797,0,-3,-1,994.915283203125
26,0.2682926829268293,0.05730869993567467,0,-3,-1,994.915283203125
27,0.3170731707317074,0.2116517275571823,0,-3,-1,994.915283203125
28,0.36585365853658547,0.910241425037384,0,-3,-1,994.915283203125
29,0.41463414634146356,0.125101700425148,0,-3,-1,994.915283203125
30,0.46341463414634143,0.06074080243706703,0,-3,-1,994.915283203125
31,0.5121951219512195,0.006529573816806078,0,-3,-1,994.915283203125
32,0.5609756097560976,0.029671844094991684,0,-3,-1,994.915283203125
33,0.6097560975609757,0.0023843732196837664,0,-3,-1,994.915283203125
34,0.6585365853658538,0.010392336174845695,0,-3,-1,994.915283203125
35,0.7073170731707317,0.004957658238708973,0,-3,-1,994.915283203125
36,0.7560975609756098,0.001917526707984507,0,-3,-1,994.915283203125
37,0.8048780487804879,0.0029899151995778084,0,-3,-1,994.915283203125
38,0.853658536585366,0.0003074820851907134,0,-3,-1,994.915283203125
39,0.902439024390244,0.0006003063754178584,0,-3,-1,994.915283203125
40,0.9512195121951219,0.0007888052496127784,0,-3,-1,994.915283203125
41,1.0,0.0007396599976345897,0,-3,-1,994.915283203125
0,-1.0,0.0,0,4,1,994.915283203125
1,-0.9512195121951219,0.0,0,4,1,994.915283203125
2,-0.9024390243902439,0.0,0,4,1,994.915283203125
3,-0.8536585365853658,0.0,0,4,1,994.915283203125
4,-0.8048780487804879,0.0,0,4,1,994.915283203125
5,-0.7560975609756098,0.0,0,4,1,994.915283203125
6,-0.7073170731707317,0.0,0,4,1,994.915283203125
7,-0.6585365853658536,2.5430533696635393e-06,0,4,1,994.915283203125
8,-0.6097560975609756,7.0482087721757125e-06,0,4,1,994.915283203125
9,-0.5609756097560976,4.810490736417705e-06,0,4,1,994.915283203125
10,-0.5121951219512195,7.725680006842595e-06,0,4,1,994.915283203125
11,-0.46341463414634143,6.477929446191411e-07,0,4,1,994.915283203125
12,-0.41463414634146334,5.962301656836644e-06,0,4,1,994.915283203125
13,-0.36585365853658536,7.544118489022367e-06,0,4,1,994.915283203125
14,-0.31707317073170727,2.9511267712223344e-05,0,4,1,994.915283203125
15,-0.2682926829268293,5.852267349837348e-06,0,4,1,994.915283203125
16,-0.2195121951219512,2.0832285940741713e-07,0,4,1,994.915283203125
17,-0.1707317073170731,6.267924618441612e-05,0,4,1,994.915283203125
18,-0.12195121951219512,4.5607739593833685e-05,0,4,1,994.915283203125
19,-0.07317073170731703,6.199180643307045e-05,0,4,1,994.915283203125
20,-0.024390243902439046,0.0002476699592079967,0,4,1,994.915283203125
21,0.024390243902439046,1.4433939213631675e-05,0,4,1,994.915283203125
22,0.07317073170731714,8.90072806214448e-06,0,4,1,994.915283203125
23,0.12195121951219523,0.00015996732690837234,0,4,1,994.915283203125
24,0.17073170731707332,8.178872667485848e-05,0,4,1,994.915283203125
25,0.2195121951219512,0.00011693512351484969,0,4,1,994.915283203125
26,0.2682926829268293,0.00033415641519241035,0,4,1,994.915283203125
27,0.3170731707317074,0.0009615943417884409,0,4,1,994.915283203125
28,0.36585365853658547,0.0015816460363566875,0,4,1,994.915283203125
29,0.41463414634146356,0.002073825104162097,0,4,1,994.915283203125
30,0.46341463414634143,0.005110732279717922,0,4,1,994.915283203125
31,0.5121951219512195,0.051076073199510574,0,4,1,994.915283203125
32,0.5609756097560976,0.0077028051018714905,0,4,1,994.915283203125
33,0.6097560975609757,0.00494709936901927,0,4,1,994.915283203125
34,0.6585365853658538,0.002407477702945471,0,4,1,994.915283203125
35,0.7073170731707317,0.0006978355813771486,0,4,1,994.915283203125
36,0.7560975609756098,0.000524162664078176,0,4,1,994.915283203125
37,0.8048780487804879,0.00019464068464003503,0,4,1,994.915283203125
38,0.853658536585366,8.629895455669612e-05,0,4,1,994.915283203125
39,0.902439024390244,1.494389016443165e-05,0,4,1,994.915283203125
40,0.9512195121951219,0.00024835250223986804,0,4,1,994.915283203125
41,1.0,0.00043866352643817663,0,4,1,994.915283203125
0,-1.0,0.0,0,5,1,994.915283203125
1,-0.9512195121951219,0.0,0,5,1,994.915283203125
2,-0.9024390243902439,2.004285448720111e-08,0,5,1,994.915283203125
3,-0.8536585365853658,1.9196373557406332e-07,0,5,1,994.915283203125
4,-0.8048780487804879,1.4802216128373402e-06,0,5,1,994.915283203125
5,-0.7560975609756098,7.142316007957561e-06,0,5,1,994.915283203125
6,-0.7073170731707317,2.916189487223164e-06,0,5,1,994.915283203125
7,-0.6585365853658536,6.302478254838206e-07,0,5,1,994.915283203125
8,-0.6097560975609756,6.399471885742969e-07,0,5,1,994.915283203125
9,-0.5609756097560976,5.105166110297432e-06,0,5,1,994.915283203125
10,-0.5121951219512195,9.677922207629308e-06,0,5,1,994.915283203125
11,-0.46341463414634143,5.3702765399066266e-06,0,5,1,994.915283203125
12,-0.41463414634146334,4.123091912333621e-06,0,5,1,994.915283203125
13,-0.36585365853658536,4.9384936573915184e-05,0,5,1,994.915283203125
14,-0.31707317073170727,3.5459372611512663e-06,0,5,1,994.915283203125
15,-0.2682926829268293,1.9429287476668833e-06,0,5,1,994.915283203125
16,-0.2195121951219512,1.3849056813342031e-05,0,5,1,994.915283203125
17,-0.1707317073170731,1.5060935766086914e-05,0,5,1,994.915283203125
18,-0.12195121951219512,1.3306264918355737e-05,0,5,1,994.915283203125
19,-0.07317073170731703,0.0001370655227219686,0,5,1,994.915283203125
20,-0.024390243902439046,1.7285927242483012e-05,0,5,1,994.915283203125
21,0.024390243902439046,0.002719285199418664,0,5,1,994.915283203125
22,0.07317073170731714,0.00022396301210392267,0,5,1,994.915283203125
23,0.12195121951219523,0.0001297290436923504,0,5,1,994.915283203125
24,0.17073170731707332,5.3504300012718886e-05,0,5,1,994.915283203125
25,0.2195121951219512,1.7509906683699228e-05,0,5,1,994.915283203125
26,0.2682926829268293,3.531911033860524e-06,0,5,1,994.915283203125
27,0.3170731707317074,3.1745273645356065e-06,0,5,1,994.915283203125
28,0.36585365853658547,5.136689196660882e-06,0,5,1,994.915283203125
29,0.41463414634146356,5.883573066967074e-06,0,5,1,994.915283203125
30,0.46341463414634143,4.018556865048595e-06,0,5,1,994.915283203125
31,0.5121951219512195,3.7307374441297725e-05,0,5,1,994.915283203125
32,0.5609756097560976,6.307779131020652e-06,0,5,1,994.915283203125
33,0.6097560975609757,1.4055597603146452e-05,0,5,1,994.915283203125
34,0.6585365853658538,9.952238542609848e-06,0,5,1,994.915283203125
35,0.7073170731707317,4.411736426845891e-06,0,5,1,994.915283203125
36,0.7560975609756098,8.649152732687071e-06,0,5,1,994.915283203125
37,0.8048780487804879,5.780799710919382e-06,0,5,1,994.915283203125
38,0.853658536585366,9.29912130231969e-06,0,5,1,994.915283203125
39,0.902439024390244,7.01771023159381e-06,0,5,1,994.915283203125
40,0.9512195121951219,3.58108422915393e-06,0,5,1,994.915283203125
41,1.0,2.90246225631563e-06,0,5,1,994.915283203125
0,-1.0,3.819055109488545e-06,0,6,1,994.915283203125
1,-0.9512195121951219,7.270001844972285e-08,0,6,1,994.915283203125
2,-0.9024390243902439,3.7074009924253915e-06,0,6,1,994.915283203125
3,-0.8536585365853658,2.7789380396825436e-07,0,6,1,994.915283203125
4,-0.8048780487804879,1.8142616227123654e-06,0,6,1,994.915283203125
5,-0.7560975609756098,2.3271268219104968e-05,0,6,1,994.915283203125
6,-0.7073170731707317,3.3910338970599696e-05,0,6,1,994.915283203125
7,-0.6585365853658536,4.502481260715285e-06,0,6,1,994.915283203125
8,-0.6097560975609756,2.878720124499523e-06,0,6,1,994.915283203125
9,-0.5609756097560976,1.5221603462123312e-06,0,6,1,994.915283203125
10,-0.5121951219512195,1.5273246390279382e-05,0,6,1,994.915283203125
11,-0.46341463414634143,3.054523767787032e-05,0,6,1,994.915283203125
12,-0.41463414634146334,5.946018427493982e-05,0,6,1,994.915283203125
13,-0.36585365853658536,0.00016176074859686196,0,6,1,994.915283203125
14,-0.31707317073170727,6.863494490971789e-06,0,6,1,994.915283203125
15,-0.2682926829268293,0.00013733682862948626,0,6,1,994.915283203125
16,-0.2195121951219512,0.00468630064278841,0,6,1,994.915283203125
17,-0.1707317073170731,0.000322714593494311,0,6,1,994.915283203125
18,-0.12195121951219512,8.636440907139331e-05,0,6,1,994.915283203125
19,-0.07317073170731703,4.438576581833331e-07,0,6,1,994.915283203125
20,-0.024390243902439046,6.752691660949495e-06,0,6,1,994.915283203125
21,0.024390243902439046,8.058214007178321e-06,0,6,1,994.915283203125
22,0.07317073170731714,2.2899963369127363e-05,0,6,1,994.915283203125
23,0.12195121951219523,6.464701073127799e-06,0,6,1,994.915283203125
24,0.17073170731707332,3.2643647500663064e-06,0,6,1,994.915283203125
25,0.2195121951219512,6.33428953733528e-07,0,6,1,994.915283203125
26,0.2682926829268293,1.3573069281846983e-06,0,6,1,994.915283203125
27,0.3170731707317074,4.8879683163249865e-06,0,6,1,994.915283203125
28,0.36585365853658547,1.5351813544839388e-06,0,6,1,994.915283203125
29,0.41463414634146356,5.943868472968461e-06,0,6,1,994.915283203125
30,0.46341463414634143,7.388455287582474e-06,0,6,1,994.915283203125
31,0.5121951219512195,1.4702260386911803e-06,0,6,1,994.915283203125
32,0.5609756097560976,2.4353346361749573e-06,0,6,1,994.915283203125
33,0.6097560975609757,0.0,0,6,1,994.915283203125
34,0.6585365853658538,0.0,0,6,1,994.915283203125
35,0.7073170731707317,0.0,0,6,1,994.915283203125
36,0.7560975609756098,0.0,0,6,1,994.915283203125
37,0.8048780487804879,0.0,0,6,1,994.915283203125
38,0.853658536585366,0.0,0,6,1,994.915283203125
39,0.902439024390244,0.0,0,6,1,994.915283203125
40,0.9512195121951219,0.0,0,6,1,994.915283203125
41,1.0,0.0,0,6,1,994.915283203125
0,-1.0,8.285536750918254e-06,0,7,1,994.915283203125
1,-0.9512195121951219,3.3866378998936852e-06,0,7,1,994.915283203125
2,-0.9024390243902439,5.817940291308332e-06,0,7,1,994.915283203125
3,-0.8536585365853658,3.7208556022960693e-06,0,7,1,994.915283203125
4,-0.8048780487804879,2.5967879992094822e-05,0,7,1,994.915283203125
5,-0.7560975609756098,3.540057150530629e-06,0,7,1,994.915283203125
6,-0.7073170731707317,3.8866885006427765e-05,0,7,1,994.915283203125
7,-0.6585365853658536,3.038713430214557e-06,0,7,1,994.915283203125
8,-0.6097560975609756,6.316156941466033e-05,0,7,1,994.915283203125
9,-0.5609756097560976,0.00011277464363956824,0,7,1,994.915283203125
10,-0.5121951219512195,5.47032686881721e-05,0,7,1,994.915283203125
11,-0.46341463414634143,0.0010963204549625516,0,7,1,994.915283203125
12,-0.41463414634146334,0.00042585047776810825,0,7,1,994.915283203125
13,-0.36585365853658536,0.03579438477754593,0,7,1,994.915283203125
14,-0.31707317073170727,0.0012666741386055946,0,7,1,994.915283203125
15,-0.2682926829268293,8.381726729567163e-06,0,7,1,994.915283203125
16,-0.2195121951219512,0.00016360956942662597,0,7,1,994.915283203125
17,-0.1707317073170731,3.488584843580611e-05,0,7,1,994.915283203125
18,-0.12195121951219512,4.176179209025577e-05,0,7,1,994.915283203125
19,-0.07317073170731703,6.0617563576670364e-05,0,7,1,994.915283203125
20,-0.024390243902439046,3.89563183489372e-07,0,7,1,994.915283203125
21,0.024390243902439046,2.5070250558201224e-05,0,7,1,994.915283203125
22,0.07317073170731714,1.1418743270041887e-05,0,7,1,994.915283203125
23,0.12195121951219523,6.8362833189894445e-06,0,7,1,994.915283203125
24,0.17073170731707332,2.3594438971485943e-05,0,7,1,994.915283203125
25,0.2195121951219512,1.7573927379999077e-07,0,7,1,994.915283203125
26,0.2682926829268293,1.2492498171923216e-05,0,7,1,994.915283203125
27,0.3170731707317074,4.691716185334371e-06,0,7,1,994.915283203125
28,0.36585365853658547,0.0,0,7,1,994.915283203125
29,0.41463414634146356,0.0,0,7,1,994.915283203125
30,0.46341463414634143,0.0,0,7,1,994.915283203125
31,0.5121951219512195,0.0,0,7,1,994.915283203125
32,0.5609756097560976,0.0,0,7,1,994.915283203125
33,0.6097560975609757,0.0,0,7,1,994.915283203125
34,0.6585365853658538,0.0,0,7,1,994.915283203125
35,0.7073170731707317,0.0,0,7,1,994.915283203125
36,0.7560975609756098,0.0,0,7,1,994.915283203125
37,0.8048780487804879,0.0,0,7,1,994.915283203125
38,0.853658536585366,0.0,0,7,1,994.915283203125
39,0.902439024390244,0.0,0,7,1,994.915283203125
40,0.9512195121951219,0.0,0,7,1,994.915283203125
41,1.0,0.0,0,7,1,994.915283203125
0,-1.0,6.917285645613447e-06,0,8,1,994.915283203125
1,-0.9512195121951219,3.453607178016682e-06,0,8,1,994.915283203125
2,-0.9024390243902439,3.2777229534985963e-06,0,8,1,994.915283203125
3,-0.8536585365853658,5.275242074276321e-06,0,8,1,994.915283203125
4,-0.8048780487804879,3.257704292991548e-06,0,8,1,994.915283203125
5,-0.7560975609756098,4.8554775275988504e-06,0,8,1,994.915283203125
6,-0.7073170731707317,2.1459013055391551e-07,0,8,1,994.915283203125
7,-0.6585365853658536,6.1489345171139576e-06,0,8,1,994.915283203125
8,-0.6097560975609756,1.2239723218954168e-05,0,8,1,994.915283203125
9,-0.5609756097560976,4.688149147114018e-06,0,8,1,994.915283203125
10,-0.5121951219512195,8.919988613342866e-05,0,8,1,994.915283203125
11,-0.46341463414634143,0.0014538051327690482,0,8,1,994.915283203125
12,-0.41463414634146334,0.0001887875550892204,0,8,1,994.915283203125
13,-0.36585365853658536,0.0003913010295946151,0,8,1,994.915283203125
14,-0.31707317073170727,4.503071977524087e-06,0,8,1,994.915283203125
15,-0.2682926829268293,9.600630335171445e-08,0,8,1,994.915283203125
16,-0.2195121951219512,6.8685262704093475e-06,0,8,1,994.915283203125
17,-0.1707317073170731,1.5572961729048984e-06,0,8,1,994.915283203125
18,-0.12195121951219512,8.056608180595504e-07,0,8,1,994.915283203125
19,-0.07317073170731703,9.307414217119003e-08,0,8,1,994.915283203125
20,-0.024390243902439046,6.941281753825024e-06,0,8,1,994.915283203125
21,0.024390243902439046,3.75640439642666e-07,0,8,1,994.915283203125
22,0.07317073170731714,3.861038351260504e-07,0,8,1,994.915283203125
23,0.12195121951219523,3.868248654725903e-08,0,8,1,994.915283203125
24,0.17073170731707332,7.692696257777243e-09,0,8,1,994.915283203125
25,0.2195121951219512,0.0,0,8,1,994.915283203125
26,0.2682926829268293,0.0,0,8,1,994.915283203125
27,0.3170731707317074,0.0,0,8,1,994.915283203125
28,0.36585365853658547,0.0,0,8,1,994.915283203125
29,0.41463414634146356,0.0,0,8,1,994.915283203125
30,0.46341463414634143,0.0,0,8,1,994.915283203125
31,0.5121951219512195,0.0,0,8,1,994.915283203125
32,0.5609756097560976,0.0,0,8,1,994.915283203125
33,0.6097560975609757,0.0,0,8,1,994.915283203125
34,0.6585365853658538,0.0,0,8,1,994.915283203125
35,0.7073170731707317,0.0,0,8,1,994.915283203125
36,0.7560975609756098,0.0,0,8,1,994.915283203125
37,0.8048780487804879,0.0,0,8,1,994.915283203125
38,0.853658536585366,0.0,0,8,1,994.915283203125
39,0.902439024390244,0.0,0,8,1,994.915283203125
40,0.9512195121951219,0.0,0,8,1,994.915283203125
41,1.0,0.0,0,8,1,994.915283203125
0,-1.0,4.789596914633876e-07,0,9,1,994.915283203125
1,-0.9512195121951219,6.485857397819927e-07,0,9,1,994.915283203125
2,-0.9024390243902439,1.554984464746667e-06,0,9,1,994.915283203125
3,-0.8536585365853658,3.6746786236108164e-07,0,9,1,994.915283203125
4,-0.8048780487804879,1.8396850691715372e-06,0,9,1,994.915283203125
5,-0.7560975609756098,2.0735412817884935e-06,0,9,1,994.915283203125
6,-0.7073170731707317,3.992032361566089e-06,0,9,1,994.915283203125
7,-0.6585365853658536,1.2091212738596369e-05,0,9,1,994.915283203125
8,-0.6097560975609756,6.55717201425432e-07,0,9,1,994.915283203125
9,-0.5609756097560976,2.076753844448831e-05,0,9,1,994.915283203125
10,-0.5121951219512195,6.772707274649292e-05,0,9,1,994.915283203125
11,-0.46341463414634143,0.006234703119844198,0,9,1,994.915283203125
12,-0.41463414634146334,7.603138510603458e-05,0,9,1,994.915283203125
13,-0.36585365853658536,3.137373641948216e-05,0,9,1,994.915283203125
14,-0.31707317073170727,9.081217285711318e-06,0,9,1,994.915283203125
15,-0.2682926829268293,5.188827572055743e-07,0,9,1,994.915283203125
16,-0.2195121951219512,3.1926163046591682e-06,0,9,1,994.915283203125
17,-0.1707317073170731,3.988514436059631e-06,0,9,1,994.915283203125
18,-0.12195121951219512,1.5527691630268237e-06,0,9,1,994.915283203125
19,-0.07317073170731703,2.673376116035797e-07,0,9,1,994.915283203125
20,-0.024390243902439046,3.4262254189343366e-07,0,9,1,994.915283203125
21,0.024390243902439046,1.2692738664554781e-06,0,9,1,994.915283203125
22,0.07317073170731714,1.5789652252351516e-06,0,9,1,994.915283203125
23,0.12195121951219523,0.0,0,9,1,994.915283203125
24,0.17073170731707332,0.0,0,9,1,994.915283203125
25,0.2195121951219512,0.0,0,9,1,994.915283203125
26,0.2682926829268293,0.0,0,9,1,994.915283203125
27,0.3170731707317074,0.0,0,9,1,994.915283203125
28,0.36585365853658547,0.0,0,9,1,994.915283203125
29,0.41463414634146356,0.0,0,9,1,994.915283203125
30,0.46341463414634143,0.0,0,9,1,994.915283203125
31,0.5121951219512195,0.0,0,9,1,994.915283203125
32,0.5609756097560976,0.0,0,9,1,994.915283203125
33,0.6097560975609757,0.0,0,9,1,994.915283203125
34,0.6585365853658538,0.0,0,9,1,994.915283203125
35,0.7073170731707317,0.0,0,9,1,994.915283203125
36,0.7560975609756098,0.0,0,9,1,994.915283203125
37,0.8048780487804879,0.0,0,9,1,994.915283203125
38,0.853658536585366,0.0,0,9,1,994.915283203125
39,0.902439024390244,0.0,0,9,1,994.915283203125
40,0.9512195121951219,0.0,0,9,1,994.915283203125
41,1.0,0.0,0,9,1,994.915283203125
0,-1.0,0.0,1,-8,-7,994.915283203125
1,-0.9512195121951219,0.0,1,-8,-7,994.915283203125
2,-0.9024390243902439,0.0,1,-8,-7,994.915283203125
3,-0.8536585365853658,0.0,1,-8,-7,994.915283203125
4,-0.8048780487804879,0.0,1,-8,-7,994.915283203125
5,-0.7560975609756098,0.0,1,-8,-7,994.915283203125
6,-0.7073170731707317,0.0,1,-8,-7,994.915283203125
7,-0.6585365853658536,0.0,1,-8,-7,994.915283203125
8,-0.6097560975609756,0.0,1,-8,-7,994.915283203125
9,-0.5609756097560976,0.0,1,-8,-7,994.915283203125
10,-0.5121951219512195,0.0,1,-8,-7,994.915283203125
11,-0.46341463414634143,0.0,1,-8,-7,994.915283203125
12,-0.41463414634146334,0.0,1,-8,-7,994.915283203125
13,-0.36585365853658536,0.0,1,-8,-7,994.915283203125
14,-0.31707317073170727,0.0,1,-8,-7,994.915283203125
15,-0.2682926829268293,0.0,1,-8,-7,994.915283203125
16,-0.2195121951219512,5.7300699296547464e-08,1,-8,-7,994.915283203125
17,-0.1707317073170731,2.4744423399170046e-07,1,-8,-7,994.915283203125
18,-0.12195121951219512,2.6507665396025004e-08,1,-8,-7,994.915283203125
19,-0.07317073170731703,1.6266501745576534e-07,1,-8,-7,994.915283203125
20,-0.024390243902439046,2.3605880414834246e-06,1,-8,-7,994.915283203125
21,0.024390243902439046,5.138817300576193e-07,1,-8,-7,994.915283203125
22,0.07317073170731714,1.293668560720107e-06,1,-8,-7,994.915283203125
23,0.12195121951219523,2.979026305638399e-07,1,-8,-7,994.915283203125
24,0.17073170731707332,1.4434415334108053e-06,1,-8,-7,994.915283203125
25,0.2195121951219512,1.0539506547502242e-05,1,-8,-7,994.915283203125
26,0.2682926829268293,3.4898916055681184e-05,1,-8,-7,994.915283203125
27,0.3170731707317074,1.4086186638451181e-05,1,-8,-7,994.915283203125
28,0.36585365853658547,0.003257184522226453,1,-8,-7,994.915283203125
29,0.41463414634146356,0.00036399372038431466,1,-8,-7,994.915283203125
30,0.46341463414634143,1.2911777957924642e-05,1,-8,-7,994.915283203125
31,0.5121951219512195,2.4254591153294314e-06,1,-8,-7,994.915283203125
32,0.5609756097560976,9.6070743893506e-07,1,-8,-7,994.915283203125
33,0.6097560975609757,3.0785279250267195e-06,1,-8,-7,994.915283203125
34,0.6585365853658538,3.077962844599824e-07,1,-8,-7,994.915283203125
35,0.7073170731707317,3.1400435318573727e-07,1,-8,-7,994.915283203125
36,0.7560975609756098,8.176094752343488e-07,1,-8,-7,994.915283203125
37,0.8048780487804879,5.952481956228439e-07,1,-8,-7,994.915283203125
38,0.853658536585366,1.5872257108640042e-07,1,-8,-7,994.915283203125
39,0.902439024390244,6.686954634460562e-07,1,-8,-7,994.915283203125
40,0.9512195121951219,2.091607882448443e-07,1,-8,-7,994.915283203125
41,1.0,0.0,1,-8,-7,994.915283203125
0,-1.0,2.5914541765814647e-06,1,-7,-6,994.915283203125
1,-0.9512195121951219,1.607918278523357e-07,1,-7,-6,994.915283203125
2,-0.9024390243902439,6.792779913666891e-06,1,-7,-6,994.915283203125
3,-0.8536585365853658,1.1010572961822618e-05,1,-7,-6,994.915283203125
4,-0.8048780487804879,1.1245630048506428e-05,1,-7,-6,994.915283203125
5,-0.7560975609756098,5.578828677244019e-06,1,-7,-6,994.915283203125
6,-0.7073170731707317,4.177377377345692e-06,1,-7,-6,994.915283203125
7,-0.6585365853658536,6.5630088101897854e-06,1,-7,-6,994.915283203125
8,-0.6097560975609756,5.31822515767999e-05,1,-7,-6,994.915283203125
9,-0.5609756097560976,1.7293195924139582e-06,1,-7,-6,994.915283203125
10,-0.5121951219512195,8.192440873244777e-05,1,-7,-6,994.915283203125
11,-0.46341463414634143,0.00048584560863673687,1,-7,-6,994.915283203125
12,-0.41463414634146334,0.011035189032554626,1,-7,-6,994.915283203125
13,-0.36585365853658536,0.0004876280145253986,1,-7,-6,994.915283203125
14,-0.31707317073170727,7.960830407682806e-05,1,-7,-6,994.915283203125
15,-0.2682926829268293,7.371343599515967e-06,1,-7,-6,994.915283203125
16,-0.2195121951219512,4.0147955587599427e-05,1,-7,-6,994.915283203125
17,-0.1707317073170731,1.6255604350590147e-05,1,-7,-6,994.915283203125
18,-0.12195121951219512,7.019211352599086e-06,1,-7,-6,994.915283203125
19,-0.07317073170731703,5.968581263005035e-06,1,-7,-6,994.915283203125
20,-0.024390243902439046,5.846972612744139e-07,1,-7,-6,994.915283203125
21,0.024390243902439046,3.1523354664386716e-06,1,-7,-6,994.915283203125
22,0.07317073170731714,4.530920705292374e-06,1,-7,-6,994.915283203125
23,0.12195121951219523,4.044627530674916e-06,1,-7,-6,994.915283203125
24,0.17073170731707332,3.5804532672045752e-06,1,-7,-6,994.915283203125
25,0.2195121951219512,1.6400072126998566e-06,1,-7,-6,994.915283203125
26,0.2682926829268293,9.607551731960484e-08,1,-7,-6,994.915283203125
27,0.3170731707317074,0.0,1,-7,-6,994.915283203125
28,0.36585365853658547,0.0,1,-7,-6,994.915283203125
29,0.41463414634146356,0.0,1,-7,-6,994.915283203125
30,0.46341463414634143,0.0,1,-7,-6,994.915283203125
31,0.5121951219512195,0.0,1,-7,-6,994.915283203125
32,0.5609756097560976,0.0,1,-7,-6,994.915283203125
33,0.6097560975609757,0.0,1,-7,-6,994.915283203125
34,0.6585365853658538,0.0,1,-7,-6,994.915283203125
35,0.7073170731707317,0.0,1,-7,-6,994.915283203125
36,0.7560975609756098,0.0,1,-7,-6,994.915283203125
37,0.8048780487804879,0.0,1,-7,-6,994.915283203125
38,0.853658536585366,0.0,1,-7,-6,994.915283203125
39,0.902439024390244,0.0,1,-7,-6,994.915283203125
40,0.9512195121951219,0.0,1,-7,-6,994.915283203125
41,1.0,0.0,1,-7,-6,994.915283203125
0,-1.0,0.0,1,-6,-6,994.915283203125
1,-0.9512195121951219,0.0,1,-6,-6,994.915283203125
2,-0.9024390243902439,0.0,1,-6,-6,994.915283203125
3,-0.8536585365853658,0.0,1,-6,-6,994.915283203125
4,-0.8048780487804879,0.0,1,-6,-6,994.915283203125
5,-0.7560975609756098,0.0,1,-6,-6,994.915283203125
6,-0.7073170731707317,0.0,1,-6,-6,994.915283203125
7,-0.6585365853658536,0.0,1,-6,-6,994.915283203125
8,-0.6097560975609756,0.0,1,-6,-6,994.915283203125
9,-0.5609756097560976,0.0,1,-6,-6,994.915283203125
10,-0.5121951219512195,0.0,1,-6,-6,994.915283203125
11,-0.46341463414634143,0.0,1,-6,-6,994.915283203125
12,-0.41463414634146334,0.0,1,-6,-6,994.915283203125
13,-0.36585365853658536,4.366310690784303e-07,1,-6,-6,994.915283203125
14,-0.31707317073170727,3.3844598874566145e-06,1,-6,-6,994.915283203125
15,-0.2682926829268293,1.2687478374573402e-05,1,-6,-6,994.915283203125
16,-0.2195121951219512,1.847859675763175e-05,1,-6,-6,994.915283203125
17,-0.1707317073170731,1.7195312466355972e-05,1,-6,-6,994.915283203125
18,-0.12195121951219512,1.0635124453983735e-05,1,-6,-6,994.915283203125
19,-0.07317073170731703,1.0238770755677251e-06,1,-6,-6,994.915283203125
20,-0.024390243902439046,5.388124918681569e-06,1,-6,-6,994.915283203125
21,0.024390243902439046,4.265888492227532e-05,1,-6,-6,994.915283203125
22,0.07317073170731714,7.51781917642802e-05,1,-6,-6,994.915283203125
23,0.12195121951219523,3.92527726944536e-05,1,-6,-6,994.915283203125
24,0.17073170731707332,4.2662017222028226e-05,1,-6,-6,994.915283203125
25,0.2195121951219512,2.073595351248514e-05,1,-6,-6,994.915283203125
26,0.2682926829268293,0.00013086905528325588,1,-6,-6,994.915283203125
27,0.3170731707317074,0.00010239835683023557,1,-6,-6,994.915283203125
28,0.36585365853658547,0.002376279328018427,1,-6,-6,994.915283203125
29,0.41463414634146356,0.05269273370504379,1,-6,-6,994.915283203125
30,0.46341463414634143,0.0060188304632902145,1,-6,-6,994.915283203125
31,0.5121951219512195,0.0018932605162262917,1,-6,-6,994.915283203125
32,0.5609756097560976,0.0003268443688284606,1,-6,-6,994.915283203125
33,0.6097560975609757,7.380198803730309e-05,1,-6,-6,994.915283203125
34,0.6585365853658538,0.0001393096026731655,1,-6,-6,994.915283203125
35,0.7073170731707317,6.0883277910761535e-05,1,-6,-6,994.915283203125
36,0.7560975609756098,2.2644540877081454e-05,1,-6,-6,994.915283203125
37,0.8048780487804879,3.885644673573552e-06,1,-6,-6,994.915283203125
38,0.853658536585366,2.524556293792557e-06,1,-6,-6,994.915283203125
39,0.902439024390244,6.670264610875165e-06,1,-6,-6,994.915283203125
40,0.9512195121951219,3.3530259315739386e-06,1,-6,-6,994.915283203125
41,1.0,2.060231508949073e-06,1,-6,-6,994.915283203125
0,-1.0,6.044161636964418e-05,1,-5,-5,994.915283203125
1,-0.9512195121951219,0.00022142115631140769,1,-5,-5,994.915283203125
2,-0.9024390243902439,0.004052743781358004,1,-5,-5,994.915283203125
3,-0.8536585365853658,0.003385258838534355,1,-5,-5,994.915283203125
4,-0.8048780487804879,0.02107737585902214,1,-5,-5,994.915283203125
5,-0.7560975609756098,0.001042948686517775,1,-5,-5,994.915283203125
6,-0.7073170731707317,0.0002944890584331006,1,-5,-5,994.915283203125
7,-0.6585365853658536,1.2858739864896052e-05,1,-5,-5,994.915283203125
8,-0.6097560975609756,1.0202540323689391e-07,1,-5,-5,994.915283203125
9,-0.5609756097560976,2.1661007849616e-05,1,-5,-5,994.915283203125
10,-0.5121951219512195,5.298677206155844e-05,1,-5,-5,994.915283203125
11,-0.46341463414634143,2.673615927051287e-05,1,-5,-5,994.915283203125
12,-0.41463414634146334,0.000396094867028296,1,-5,-5,994.915283203125
13,-0.36585365853658536,9.043454338097945e-05,1,-5,-5,994.915283203125
14,-0.31707317073170727,4.890891432296485e-05,1,-5,-5,994.915283203125
15,-0.2682926829268293,2.1711017325287685e-05,1,-5,-5,994.915283203125
16,-0.2195121951219512,1.6691989003447816e-05,1,-5,-5,994.915283203125
17,-0.1707317073170731,8.573890227125958e-05,1,-5,-5,994.915283203125
18,-0.12195121951219512,1.1977662325080018e-05,1,-5,-5,994.915283203125
19,-0.07317073170731703,3.478613871266134e-05,1,-5,-5,994.915283203125
20,-0.024390243902439046,2.9435976102831773e-05,1,-5,-5,994.915283203125
21,0.024390243902439046,9.972114639822394e-06,1,-5,-5,994.915283203125
22,0.07317073170731714,1.8338942027185112e-05,1,-5,-5,994.915283203125
23,0.12195121951219523,1.3024466170463711e-05,1,-5,-5,994.915283203125
24,0.17073170731707332,0.0,1,-5,-5,994.915283203125
25,0.2195121951219512,0.0,1,-5,-5,994.915283203125
26,0.2682926829268293,0.0,1,-5,-5,994.915283203125
27,0.3170731707317074,0.0,1,-5,-5,994.915283203125
28,0.36585365853658547,0.0,1,-5,-5,994.915283203125
29,0.41463414634146356,0.0,1,-5,-5,994.915283203125
30,0.46341463414634143,0.0,1,-5,-5,994.915283203125
31,0.5121951219512195,0.0,1,-5,-5,994.915283203125
32,0.5609756097560976,0.0,1,-5,-5,994.915283203125
33,0.6097560975609757,0.0,1,-5,-5,994.915283203125
34,0.6585365853658538,0.0,1,-5,-5,994.915283203125
35,0.7073170731707317,0.0,1,-5,-5,994.915283203125
36,0.7560975609756098,0.0,1,-5,-5,994.915283203125
37,0.8048780487804879,0.0,1,-5,-5,994.915283203125
38,0.853658536585366,0.0,1,-5,-5,994.915283203125
39,0.902439024390244,0.0,1,-5,-5,994.915283203125
40,0.9512195121951219,0.0,1,-5,-5,994.915283203125
41,1.0,0.0,1,-5,-5,994.915283203125
0,-1.0,2.639324520714581e-06,1,-4,-5,994.915283203125
1,-0.9512195121951219,6.0853303693875205e-06,1,-4,-5,994.915283203125
2,-0.9024390243902439,0.0001034845772664994,1,-4,-5,994.915283203125
3,-0.8536585365853658,0.00016470161790493876,1,-4,-5,994.915283203125
4,-0.8048780487804879,9.640199277782813e-05,1,-4,-5,994.915283203125
5,-0.7560975609756098,0.00013399857562035322,1,-4,-5,994.915283203125
6,-0.7073170731707317,1.1561302926565986e-05,1,-4,-5,994.915283203125
7,-0.6585365853658536,0.00013446701632346958,1,-4,-5,994.915283203125
8,-0.6097560975609756,0.0002637356228660792,1,-4,-5,994.915283203125
9,-0.5609756097560976,7.855714648030698e-05,1,-4,-5,994.915283203125
10,-0.5121951219512195,4.928020189254312e-06,1,-4,-5,994.915283203125
11,-0.46341463414634143,8.646625065011904e-05,1,-4,-5,994.915283203125
12,-0.41463414634146334,5.671754479408264e-05,1,-4,-5,994.915283203125
13,-0.36585365853658536,5.786343081126688e-06,1,-4,-5,994.915283203125
14,-0.31707317073170727,4.467270628083497e-05,1,-4,-5,994.915283203125
15,-0.2682926829268293,7.585377898067236e-05,1,-4,-5,994.915283203125
16,-0.2195121951219512,0.00028359537827782333,1,-4,-5,994.915283203125
17,-0.1707317073170731,1.034384058584692e-05,1,-4,-5,994.915283203125
18,-0.12195121951219512,0.0004798498994205147,1,-4,-5,994.915283203125
19,-0.07317073170731703,0.0023030745796859264,1,-4,-5,994.915283203125
20,-0.024390243902439046,0.0012021336006000638,1,-4,-5,994.915283203125
21,0.024390243902439046,0.0008487052982673049,1,-4,-5,994.915283203125
22,0.07317073170731714,5.1589307986432686e-05,1,-4,-5,994.915283203125
23,0.12195121951219523,0.024175364524126053,1,-4,-5,994.915283203125
24,0.17073170731707332,0.01834653876721859,1,-4,-5,994.915283203125
25,0.2195121951219512,0.00014025173732079566,1,-4,-5,994.915283203125
26,0.2682926829268293,0.0004622471460606903,1,-4,-5,994.915283203125
27,0.3170731707317074,0.0013119966024532914,1,-4,-5,994.915283203125
28,0.36585365853658547,0.0011317438911646605,1,-4,-5,994.915283203125
29,0.41463414634146356,0.0006047108909115195,1,-4,-5,994.915283203125
30,0.46341463414634143,7.572215963591589e-06,1,-4,-5,994.915283203125
31,0.5121951219512195,0.00020715694699902087,1,-4,-5,994.915283203125
32,0.5609756097560976,6.070410745451227e-05,1,-4,-5,994.915283203125
33,0.6097560975609757,4.472967702895403e-05,1,-4,-5,994.915283203125
34,0.6585365853658538,1.707426599750761e-05,1,-4,-5,994.915283203125
35,0.7073170731707317,6.744367419742048e-05,1,-4,-5,994.915283203125
36,0.7560975609756098,0.00014972999633755535,1,-4,-5,994.915283203125
37,0.8048780487804879,3.0238066756282933e-05,1,-4,-5,994.915283203125
38,0.853658536585366,0.0001552561006974429,1,-4,-5,994.915283203125
39,0.902439024390244,0.00021414727962110192,1,-4,-5,994.915283203125
40,0.9512195121951219,0.00013989585568197072,1,-4,-5,994.915283203125
41,1.0,1.582455479365308e-05,1,-4,-5,994.915283203125
0,-1.0,0.001512138289399445,1,-1,-4,994.915283203125
1,-0.9512195121951219,0.0006218053749762475,1,-1,-4,994.915283203125
2,-0.9024390243902439,9.219891944667324e-05,1,-1,-4,994.915283203125
3,-0.8536585365853658,0.001086992910131812,1,-1,-4,994.915283203125
4,-0.8048780487804879,0.0032192878425121307,1,-1,-4,994.915283203125
5,-0.7560975609756098,0.0033833954948931932,1,-1,-4,994.915283203125
6,-0.7073170731707317,0.0025985792744904757,1,-1,-4,994.915283203125
7,-0.6585365853658536,0.0009703590767458081,1,-1,-4,994.915283203125
8,-0.6097560975609756,3.3286967209278373e-06,1,-1,-4,994.915283203125
9,-0.5609756097560976,0.0010790679370984435,1,-1,-4,994.915283203125
10,-0.5121951219512195,0.003127099946141243,1,-1,-4,994.915283203125
11,-0.46341463414634143,0.004983731545507908,1,-1,-4,994.915283203125
12,-0.41463414634146334,0.00488303042948246,1,-1,-4,994.915283203125
13,-0.36585365853658536,0.0024431964848190546,1,-1,-4,994.915283203125
14,-0.31707317073170727,0.000325471832184121,1,-1,-4,994.915283203125
15,-0.2682926829268293,0.0005270685069262981,1,-1,-4,994.915283203125
16,-0.2195121951219512,0.0035332711413502693,1,-1,-4,994.915283203125
17,-0.1707317073170731,0.007355559151619673,1,-1,-4,994.915283203125
18,-0.12195121951219512,0.006351967807859182,1,-1,-4,994.915283203125
19,-0.07317073170731703,0.003726476803421974,1,-1,-4,994.915283203125
20,-0.024390243902439046,0.0026646738406270742,1,-1,-4,994.915283203125
21,0.024390243902439046,0.00034874817356467247,1,-1,-4,994.915283203125
22,0.07317073170731714,0.00393675034865737,1,-1,-4,994.915283203125
23,0.12195121951219523,0.003175707533955574,1,-1,-4,994.915283203125
24,0.17073170731707332,0.012930846773087978,1,-1,-4,994.915283203125
25,0.2195121951219512,0.02748590148985386,1,-1,-4,994.915283203125
26,0.2682926829268293,0.012975472025573254,1,-1,-4,994.915283203125
27,0.3170731707317074,0.02025749906897545,1,-1,-4,994.915283203125
28,0.36585365853658547,0.020855426788330078,1,-1,-4,994.915283203125
29,0.41463414634146356,0.025828568264842033,1,-1,-4,994.915283203125
30,0.46341463414634143,0.04840778931975365,1,-1,-4,994.915283203125
31,0.5121951219512195,0.06192340329289436,1,-1,-4,994.915283203125
32,0.5609756097560976,0.05777854099869728,1,-1,-4,994.915283203125
33,0.6097560975609757,0.02360430732369423,1,-1,-4,994.915283203125
34,0.6585365853658538,0.0005746759125031531,1,-1,-4,994.915283203125
35,0.7073170731707317,0.030553486198186874,1,-1,-4,994.915283203125
36,0.7560975609756098,0.11323454976081848,1,-1,-4,994.915283203125
37,0.8048780487804879,0.19532480835914612,1,-1,-4,994.915283203125
38,0.853658536585366,0.3392316401004791,1,-1,-4,994.915283203125
39,0.902439024390244,0.6791707277297974,1,-1,-4,994.915283203125
40,0.9512195121951219,0.6762040853500366,1,-1,-4,994.915283203125
41,1.0,0.07070684432983398,1,-1,-4,994.915283203125
0,-1.0,3.402771835681051e-05,1,2,-3,994.915283203125
1,-0.9512195121951219,0.00020640227012336254,1,2,-3,994.915283203125
2,-0.9024390243902439,8.351106225745752e-05,1,2,-3,994.915283203125
3,-0.8536585365853658,5.784950917586684e-05,1,2,-3,994.915283203125
4,-0.8048780487804879,0.0002693244314286858,1,2,-3,994.915283203125
5,-0.7560975609756098,1.3785005648969673e-05,1,2,-3,994.915283203125
6,-0.7073170731707317,0.00036457000533118844,1,2,-3,994.915283203125
7,-0.6585365853658536,6.009516255289782e-06,1,2,-3,994.915283203125
8,-0.6097560975609756,0.0004063179367221892,1,2,-3,994.915283203125
9,-0.5609756097560976,7.161784742493182e-05,1,2,-3,994.915283203125
10,-0.5121951219512195,0.0002966398897115141,1,2,-3,994.915283203125
11,-0.46341463414634143,0.00020379922352731228,1,2,-3,994.915283203125
12,-0.41463414634146334,0.00015667903062421829,1,2,-3,994.915283203125
13,-0.36585365853658536,0.0003700181841850281,1,2,-3,994.915283203125
14,-0.31707317073170727,6.698453216813505e-05,1,2,-3,994.915283203125
15,-0.2682926829268293,0.0006007796037010849,1,2,-3,994.915283203125
16,-0.2195121951219512,1.134355625254102e-05,1,2,-3,994.915283203125
17,-0.1707317073170731,0.0007588234730064869,1,2,-3,994.915283203125
18,-0.12195121951219512,6.005777686368674e-05,1,2,-3,994.915283203125
19,-0.07317073170731703,0.0005637306021526456,1,2,-3,994.915283203125
20,-0.024390243902439046,0.0005364742828533053,1,2,-3,994.915283203125
21,0.024390243902439046,0.00040129758417606354,1,2,-3,994.915283203125
22,0.07317073170731714,0.0007454968872480094,1,2,-3,994.915283203125
23,0.12195121951219523,0.000245253904722631,1,2,-3,994.915283203125
24,0.17073170731707332,0.0013278507394716144,1,2,-3,994.915283203125
25,0.2195121951219512,2.9403046937659383e-05,1,2,-3,994.915283203125
26,0.2682926829268293,0.00207168678753078,1,2,-3,994.915283203125
27,0.3170731707317074,2.001480243052356e-05,1,2,-3,994.915283203125
28,0.36585365853658547,0.001110433368012309,1,2,-3,994.915283203125
29,0.41463414634146356,0.0014028726145625114,1,2,-3,994.915283203125
30,0.46341463414634143,0.0012956139398738742,1,2,-3,994.915283203125
31,0.5121951219512195,0.0031478849705308676,1,2,-3,994.915283203125
32,0.5609756097560976,0.0002611437230370939,1,2,-3,994.915283203125
33,0.6097560975609757,0.007417191285640001,1,2,-3,994.915283203125
34,0.6585365853658538,4.803234787686961e-06,1,2,-3,994.915283203125
35,0.7073170731707317,0.009553826414048672,1,2,-3,994.915283203125
36,0.7560975609756098,0.0016871473053470254,1,2,-3,994.915283203125
37,0.8048780487804879,0.01619204320013523,1,2,-3,994.915283203125
38,0.853658536585366,0.010626643896102905,1,2,-3,994.915283203125
39,0.902439024390244,0.005076179280877113,1,2,-3,994.915283203125
40,0.9512195121951219,0.20212988555431366,1,2,-3,994.915283203125
41,1.0,0.6537595391273499,1,2,-3,994.915283203125
0,-1.0,3.2937128707999364e-05,1,3,-3,994.915283203125
1,-0.9512195121951219,9.188563126372173e-06,1,3,-3,994.915283203125
2,-0.9024390243902439,2.2953847178541764e-07,1,3,-3,994.915283203125
3,-0.8536585365853658,7.42014572097105e-06,1,3,-3,994.915283203125
4,-0.8048780487804879,9.710504400572972e-07,1,3,-3,994.915283203125
5,-0.7560975609756098,1.4143415683065541e-05,1,3,-3,994.915283203125
6,-0.7073170731707317,2.5515371817164123e-05,1,3,-3,994.915283203125
7,-0.6585365853658536,7.085463948897086e-07,1,3,-3,994.915283203125
8,-0.6097560975609756,4.105287735001184e-05,1,3,-3,994.915283203125
9,-0.5609756097560976,1.0969220966217108e-05,1,3,-3,994.915283203125
10,-0.5121951219512195,2.6561974664218724e-05,1,3,-3,994.915283203125
11,-0.46341463414634143,6.171834684209898e-05,1,3,-3,994.915283203125
12,-0.41463414634146334,9.072055399883538e-05,1,3,-3,994.915283203125
13,-0.36585365853658536,1.3685075828107074e-05,1,3,-3,994.915283203125
14,-0.31707317073170727,0.0002034803619608283,1,3,-3,994.915283203125
15,-0.2682926829268293,9.947051148628816e-05,1,3,-3,994.915283203125
16,-0.2195121951219512,0.00014050083700567484,1,3,-3,994.915283203125
17,-0.1707317073170731,0.0011704150820150971,1,3,-3,994.915283203125
18,-0.12195121951219512,0.00047224812442436814,1,3,-3,994.915283203125
19,-0.07317073170731703,0.021175602450966835,1,3,-3,994.915283203125
20,-0.024390243902439046,0.014357530511915684,1,3,-3,994.915283203125
21,0.024390243902439046,0.0002445928694214672,1,3,-3,994.915283203125
22,0.07317073170731714,0.0005161872250027955,1,3,-3,994.915283203125
23,0.12195121951219523,0.000265083130216226,1,3,-3,994.915283203125
24,0.17073170731707332,8.675469871377572e-05,1,3,-3,994.915283203125
25,0.2195121951219512,0.00013730482896789908,1,3,-3,994.915283203125
26,0.2682926829268293,5.330253407009877e-05,1,3,-3,994.915283203125
27,0.3170731707317074,6.017129180690972e-06,1,3,-3,994.915283203125
28,0.36585365853658547,4.276072286302224e-05,1,3,-3,994.915283203125
29,0.41463414634146356,2.5251058104913682e-05,1,3,-3,994.915283203125
30,0.46341463414634143,3.690227458719164e-05,1,3,-3,994.915283203125
31,0.5121951219512195,8.409109432250261e-05,1,3,-3,994.915283203125
32,0.5609756097560976,1.273551333724754e-05,1,3,-3,994.915283203125
33,0.6097560975609757,2.9706885470659472e-05,1,3,-3,994.915283203125
34,0.6585365853658538,2.770969149423763e-05,1,3,-3,994.915283203125
35,0.7073170731707317,3.376126187504269e-07,1,3,-3,994.915283203125
36,0.7560975609756098,5.815440454171039e-05,1,3,-3,994.915283203125
37,0.8048780487804879,2.2856263967696577e-05,1,3,-3,994.915283203125
38,0.853658536585366,1.1364420060999691e-05,1,3,-3,994.915283203125
39,0.902439024390244,2.1145455320947804e-05,1,3,-3,994.915283203125
40,0.9512195121951219,0.0001620140828890726,1,3,-3,994.915283203125
41,1.0,0.00018808346067089587,1,3,-3,994.915283203125
0,-1.0,6.520852480207395e-07,1,4,-3,994.915283203125
1,-0.9512195121951219,1.0507501428946853e-05,1,4,-3,994.915283203125
2,-0.9024390243902439,4.323402390582487e-05,1,4,-3,994.915283203125
3,-0.8536585365853658,4.8309386329492554e-05,1,4,-3,994.915283203125
4,-0.8048780487804879,1.2063180292898323e-05,1,4,-3,994.915283203125
5,-0.7560975609756098,0.0003153351426590234,1,4,-3,994.915283203125
6,-0.7073170731707317,9.174281331070233e-06,1,4,-3,994.915283203125
7,-0.6585365853658536,0.0001252636720892042,1,4,-3,994.915283203125
8,-0.6097560975609756,0.00042314338497817516,1,4,-3,994.915283203125
9,-0.5609756097560976,0.0034778318367898464,1,4,-3,994.915283203125
10,-0.5121951219512195,0.00860065221786499,1,4,-3,994.915283203125
11,-0.46341463414634143,2.1384290448622778e-05,1,4,-3,994.915283203125
12,-0.41463414634146334,3.4420215797581477e-06,1,4,-3,994.915283203125
13,-0.36585365853658536,2.0465333363972604e-05,1,4,-3,994.915283203125
14,-0.31707317073170727,9.154917643172666e-05,1,4,-3,994.915283203125
15,-0.2682926829268293,8.425284249824472e-06,1,4,-3,994.915283203125
16,-0.2195121951219512,2.4354809283977374e-05,1,4,-3,994.915283203125
17,-0.1707317073170731,4.360386810731143e-06,1,4,-3,994.915283203125
18,-0.12195121951219512,1.3977260095998645e-06,1,4,-3,994.915283203125
19,-0.07317073170731703,9.17836860026e-06,1,4,-3,994.915283203125
20,-0.024390243902439046,4.804720447282307e-05,1,4,-3,994.915283203125
21,0.024390243902439046,6.4262708292517345e-06,1,4,-3,994.915283203125
22,0.07317073170731714,1.2357318155409303e-05,1,4,-3,994.915283203125
23,0.12195121951219523,7.71359191276133e-06,1,4,-3,994.915283203125
24,0.17073170731707332,1.1531452628332772e-06,1,4,-3,994.915283203125
25,0.2195121951219512,1.0552693083809572e-06,1,4,-3,994.915283203125
26,0.2682926829268293,9.18532441573916e-06,1,4,-3,994.915283203125
27,0.3170731707317074,1.0056171959149651e-05,1,4,-3,994.915283203125
28,0.36585365853658547,5.630068926620879e-07,1,4,-3,994.915283203125
29,0.41463414634146356,6.456651817643433e-07,1,4,-3,994.915283203125
30,0.46341463414634143,1.4577647107216762e-06,1,4,-3,994.915283203125
31,0.5121951219512195,1.0348260275350185e-06,1,4,-3,994.915283203125
32,0.5609756097560976,5.9377390471127e-07,1,4,-3,994.915283203125
33,0.6097560975609757,4.21225968239014e-06,1,4,-3,994.915283203125
34,0.6585365853658538,0.0,1,4,-3,994.915283203125
35,0.7073170731707317,0.0,1,4,-3,994.915283203125
36,0.7560975609756098,0.0,1,4,-3,994.915283203125
37,0.8048780487804879,0.0,1,4,-3,994.915283203125
38,0.853658536585366,0.0,1,4,-3,994.915283203125
39,0.902439024390244,0.0,1,4,-3,994.915283203125
40,0.9512195121951219,0.0,1,4,-3,994.915283203125
41,1.0,0.0,1,4,-3,994.915283203125
0,-1.0,7.104060205165297e-05,1,5,-3,994.915283203125
1,-0.9512195121951219,5.383809821069008e-06,1,5,-3,994.915283203125
2,-0.9024390243902439,0.0002709540422074497,1,5,-3,994.915283203125
3,-0.8536585365853658,0.0002734182635322213,1,5,-3,994.915283203125
4,-0.8048780487804879,0.00011797971092164516,1,5,-3,994.915283203125
5,-0.7560975609756098,0.09109105169773102,1,5,-3,994.915283203125
6,-0.7073170731707317,0.000716551614459604,1,5,-3,994.915283203125
7,-0.6585365853658536,0.00027960955048911273,1,5,-3,994.915283203125
8,-0.6097560975609756,0.00021890824427828193,1,5,-3,994.915283203125
9,-0.5609756097560976,9.877137199509889e-05,1,5,-3,994.915283203125
10,-0.5121951219512195,0.00024732068413868546,1,5,-3,994.915283203125
11,-0.46341463414634143,0.0001492696173954755,1,5,-3,994.915283203125
12,-0.41463414634146334,0.00010811992251547053,1,5,-3,994.915283203125
13,-0.36585365853658536,3.981043482781388e-05,1,5,-3,994.915283203125
14,-0.31707317073170727,8.376525511266664e-05,1,5,-3,994.915283203125
15,-0.2682926829268293,0.00010612091136863455,1,5,-3,994.915283203125
16,-0.2195121951219512,7.157991058193147e-05,1,5,-3,994.915283203125
17,-0.1707317073170731,4.178231392870657e-05,1,5,-3,994.915283203125
18,-0.12195121951219512,5.811325536342338e-05,1,5,-3,994.915283203125
19,-0.07317073170731703,6.783280696254224e-05,1,5,-3,994.915283203125
20,-0.024390243902439046,5.497670645127073e-05,1,5,-3,994.915283203125
21,0.024390243902439046,3.219853533664718e-05,1,5,-3,994.915283203125
22,0.07317073170731714,2.2779313439968973e-05,1,5,-3,994.915283203125
23,0.12195121951219523,2.1099031073390506e-05,1,5,-3,994.915283203125
24,0.17073170731707332,1.1959141374973115e-05,1,5,-3,994.915283203125
25,0.2195121951219512,0.0,1,5,-3,994.915283203125
26,0.2682926829268293,0.0,1,5,-3,994.915283203125
27,0.3170731707317074,0.0,1,5,-3,994.915283203125
28,0.36585365853658547,0.0,1,5,-3,994.915283203125
29,0.41463414634146356,0.0,1,5,-3,994.915283203125
30,0.46341463414634143,0.0,1,5,-3,994.915283203125
31,0.5121951219512195,0.0,1,5,-3,994.915283203125
32,0.5609756097560976,0.0,1,5,-3,994.915283203125
33,0.6097560975609757,0.0,1,5,-3,994.915283203125
34,0.6585365853658538,0.0,1,5,-3,994.915283203125
35,0.7073170731707317,0.0,1,5,-3,994.915283203125
36,0.7560975609756098,0.0,1,5,-3,994.915283203125
37,0.8048780487804879,0.0,1,5,-3,994.915283203125
38,0.853658536585366,0.0,1,5,-3,994.915283203125
39,0.902439024390244,0.0,1,5,-3,994.915283203125
40,0.9512195121951219,0.0,1,5,-3,994.915283203125
41,1.0,0.0,1,5,-3,994.915283203125
0,-1.0,0.00011730816913768649,1,6,-3,994.915283203125
1,-0.9512195121951219,8.291877747979015e-05,1,6,-3,994.915283203125
2,-0.9024390243902439,0.001564561971463263,1,6,-3,994.915283203125
3,-0.8536585365853658,0.0043658106587827206,1,6,-3,994.915283203125
4,-0.8048780487804879,0.00031937516178004444,1,6,-3,994.915283203125
5,-0.7560975609756098,0.001032667700201273,1,6,-3,994.915283203125
6,-0.7073170731707317,1.3827265320287552e-05,1,6,-3,994.915283203125
7,-0.6585365853658536,5.9258120018057525e-05,1,6,-3,994.915283203125
8,-0.6097560975609756,1.3140835108060855e-05,1,6,-3,994.915283203125
9,-0.5609756097560976,1.6379715816583484e-05,1,6,-3,994.915283203125
10,-0.5121951219512195,1.0624572723827441e-06,1,6,-3,994.915283203125
11,-0.46341463414634143,2.495559556336957e-06,1,6,-3,994.915283203125
12,-0.41463414634146334,4.529021680355072e-05,1,6,-3,994.915283203125
13,-0.36585365853658536,7.369820309577335e-07,1,6,-3,994.915283203125
14,-0.31707317073170727,5.887644078939047e-07,1,6,-3,994.915283203125
15,-0.2682926829268293,1.4791500291266857e-07,1,6,-3,994.915283203125
16,-0.2195121951219512,8.579013410781045e-07,1,6,-3,994.915283203125
17,-0.1707317073170731,2.0309214505687123e-06,1,6,-3,994.915283203125
18,-0.12195121951219512,4.377106677111442e-07,1,6,-3,994.915283203125
19,-0.07317073170731703,0.0,1,6,-3,994.915283203125
20,-0.024390243902439046,0.0,1,6,-3,994.915283203125
21,0.024390243902439046,0.0,1,6,-3,994.915283203125
22,0.07317073170731714,0.0,1,6,-3,994.915283203125
23,0.12195121951219523,0.0,1,6,-3,994.915283203125
24,0.17073170731707332,0.0,1,6,-3,994.915283203125
25,0.2195121951219512,0.0,1,6,-3,994.915283203125
26,0.2682926829268293,0.0,1,6,-3,994.915283203125
27,0.3170731707317074,0.0,1,6,-3,994.915283203125
28,0.36585365853658547,0.0,1,6,-3,994.915283203125
29,0.41463414634146356,0.0,1,6,-3,994.915283203125
30,0.46341463414634143,0.0,1,6,-3,994.915283203125
31,0.5121951219512195,0.0,1,6,-3,994.915283203125
32,0.5609756097560976,0.0,1,6,-3,994.915283203125
33,0.6097560975609757,0.0,1,6,-3,994.915283203125
34,0.6585365853658538,0.0,1,6,-3,994.915283203125
35,0.7073170731707317,0.0,1,6,-3,994.915283203125
36,0.7560975609756098,0.0,1,6,-3,994.915283203125
37,0.8048780487804879,0.0,1,6,-3,994.915283203125
38,0.853658536585366,0.0,1,6,-3,994.915283203125
39,0.902439024390244,0.0,1,6,-3,994.915283203125
40,0.9512195121951219,0.0,1,6,-3,994.915283203125
41,1.0,0.0,1,6,-3,994.915283203125
0,-1.0,0.00012739312660414726,1,7,-3,994.915283203125
1,-0.9512195121951219,2.3874856196925975e-05,1,7,-3,994.915283203125
2,-0.9024390243902439,0.00401318958029151,1,7,-3,994.915283203125
3,-0.8536585365853658,0.0001372138794977218,1,7,-3,994.915283203125
4,-0.8048780487804879,2.3898464860394597e-06,1,7,-3,994.915283203125
5,-0.7560975609756098,0.00015048075874801725,1,7,-3,994.915283203125
6,-0.7073170731707317,1.5033356248750351e-05,1,7,-3,994.915283203125
7,-0.6585365853658536,1.034729302773485e-05,1,7,-3,994.915283203125
8,-0.6097560975609756,1.91098570212489e-06,1,7,-3,994.915283203125
9,-0.5609756097560976,2.025236881308956e-06,1,7,-3,994.915283203125
10,-0.5121951219512195,1.583633456903044e-05,1,7,-3,994.915283203125
11,-0.46341463414634143,7.204945632111048e-06,1,7,-3,994.915283203125
12,-0.41463414634146334,3.71018387568256e-07,1,7,-3,994.915283203125
13,-0.36585365853658536,2.455109324728255e-06,1,7,-3,994.915283203125
14,-0.31707317073170727,2.2987896386439388e-07,1,7,-3,994.915283203125
15,-0.2682926829268293,2.9204259135440225e-06,1,7,-3,994.915283203125
16,-0.2195121951219512,5.167095764591068e-07,1,7,-3,994.915283203125
17,-0.1707317073170731,0.0,1,7,-3,994.915283203125
18,-0.12195121951219512,0.0,1,7,-3,994.915283203125
19,-0.07317073170731703,0.0,1,7,-3,994.915283203125
20,-0.024390243902439046,0.0,1,7,-3,994.915283203125
21,0.024390243902439046,0.0,1,7,-3,994.915283203125
22,0.07317073170731714,0.0,1,7,-3,994.915283203125
23,0.12195121951219523,0.0,1,7,-3,994.915283203125
24,0.17073170731707332,0.0,1,7,-3,994.915283203125
25,0.2195121951219512,0.0,1,7,-3,994.915283203125
26,0.2682926829268293,0.0,1,7,-3,994.915283203125
27,0.3170731707317074,0.0,1,7,-3,994.915283203125
28,0.36585365853658547,0.0,1,7,-3,994.915283203125
29,0.41463414634146356,0.0,1,7,-3,994.915283203125
30,0.46341463414634143,0.0,1,7,-3,994.915283203125
31,0.5121951219512195,0.0,1,7,-3,994.915283203125
32,0.5609756097560976,0.0,1,7,-3,994.915283203125
33,0.6097560975609757,0.0,1,7,-3,994.915283203125
34,0.6585365853658538,0.0,1,7,-3,994.915283203125
35,0.7073170731707317,0.0,1,7,-3,994.915283203125
36,0.7560975609756098,0.0,1,7,-3,994.915283203125
37,0.8048780487804879,0.0,1,7,-3,994.915283203125
38,0.853658536585366,0.0,1,7,-3,994.915283203125
39,0.902439024390244,0.0,1,7,-3,994.915283203125
40,0.9512195121951219,0.0,1,7,-3,994.915283203125
41,1.0,0.0,1,7,-3,994.915283203125
0,-1.0,0.0,1,7,-2,994.915283203125
1,-0.9512195121951219,0.0,1,7,-2,994.915283203125
2,-0.9024390243902439,0.0,1,7,-2,994.915283203125
3,-0.8536585365853658,0.0,1,7,-2,994.915283203125
4,-0.8048780487804879,0.0,1,7,-2,994.915283203125
5,-0.7560975609756098,0.0,1,7,-2,994.915283203125
6,-0.7073170731707317,0.0,1,7,-2,994.915283203125
7,-0.6585365853658536,0.0,1,7,-2,994.915283203125
8,-0.6097560975609756,0.0,1,7,-2,994.915283203125
9,-0.5609756097560976,0.0,1,7,-2,994.915283203125
10,-0.5121951219512195,0.0,1,7,-2,994.915283203125
11,-0.46341463414634143,0.0,1,7,-2,994.915283203125
12,-0.41463414634146334,0.0,1,7,-2,994.915283203125
13,-0.36585365853658536,0.0,1,7,-2,994.915283203125
14,-0.31707317073170727,0.0,1,7,-2,994.915283203125
15,-0.2682926829268293,0.0,1,7,-2,994.915283203125
16,-0.2195121951219512,0.0,1,7,-2,994.915283203125
17,-0.1707317073170731,0.0,1,7,-2,994.915283203125
18,-0.12195121951219512,0.0,1,7,-2,994.915283203125
19,-0.07317073170731703,0.0,1,7,-2,994.915283203125
20,-0.024390243902439046,0.0,1,7,-2,994.915283203125
21,0.024390243902439046,0.0,1,7,-2,994.915283203125
22,0.07317073170731714,0.0,1,7,-2,994.915283203125
23,0.12195121951219523,0.0,1,7,-2,994.915283203125
24,0.17073170731707332,8.345587616531702e-07,1,7,-2,994.915283203125
25,0.2195121951219512,5.097655844110704e-07,1,7,-2,994.915283203125
26,0.2682926829268293,5.744485065406479e-07,1,7,-2,994.915283203125
27,0.3170731707317074,1.5309340142266592e-06,1,7,-2,994.915283203125
28,0.36585365853658547,2.505729980839533e-06,1,7,-2,994.915283203125
29,0.41463414634146356,1.31670134351225e-07,1,7,-2,994.915283203125
30,0.46341463414634143,3.5715206649911124e-06,1,7,-2,994.915283203125
31,0.5121951219512195,1.7679931261227466e-06,1,7,-2,994.915283203125
32,0.5609756097560976,3.271603418397717e-06,1,7,-2,994.915283203125
33,0.6097560975609757,3.8535226849489845e-06,1,7,-2,994.915283203125
34,0.6585365853658538,1.3274504453875124e-05,1,7,-2,994.915283203125
35,0.7073170731707317,1.2428860827640165e-05,1,7,-2,994.915283203125
36,0.7560975609756098,0.0001245896564796567,1,7,-2,994.915283203125
37,0.8048780487804879,0.0023352832067757845,1,7,-2,994.915283203125
38,0.853658536585366,0.0001268432242795825,1,7,-2,994.915283203125
39,0.902439024390244,1.9325163520989008e-05,1,7,-2,994.915283203125
40,0.9512195121951219,2.5625718080846127e-06,1,7,-2,994.915283203125
41,1.0,5.246560021987534e-07,1,7,-2,994.915283203125
0,-1.0,1.7836382539826445e-05,1,8,-3,994.915283203125
1,-0.9512195121951219,0.00011976568202953786,1,8,-3,994.915283203125
2,-0.9024390243902439,0.0017315293662250042,1,8,-3,994.915283203125
3,-0.8536585365853658,0.0011692126281559467,1,8,-3,994.915283203125
4,-0.8048780487804879,1.2915312254335731e-05,1,8,-3,994.915283203125
5,-0.7560975609756098,9.006595064420253e-06,1,8,-3,994.915283203125
6,-0.7073170731707317,9.210090865963139e-06,1,8,-3,994.915283203125
7,-0.6585365853658536,8.29445525596384e-07,1,8,-3,994.915283203125
8,-0.6097560975609756,2.7097300971945515e-06,1,8,-3,994.915283203125
9,-0.5609756097560976,1.1491562872834038e-05,1,8,-3,994.915283203125
10,-0.5121951219512195,2.326176399947144e-06,1,8,-3,994.915283203125
11,-0.46341463414634143,5.462430181069067e-06,1,8,-3,994.915283203125
12,-0.41463414634146334,4.2067281924573763e-07,1,8,-3,994.915283203125
13,-0.36585365853658536,2.0227696495567216e-06,1,8,-3,994.915283203125
14,-0.31707317073170727,2.830979894952179e-07,1,8,-3,994.915283203125
15,-0.2682926829268293,0.0,1,8,-3,994.915283203125
16,-0.2195121951219512,0.0,1,8,-3,994.915283203125
17,-0.1707317073170731,0.0,1,8,-3,994.915283203125
18,-0.12195121951219512,0.0,1,8,-3,994.915283203125
19,-0.07317073170731703,0.0,1,8,-3,994.915283203125
20,-0.024390243902439046,0.0,1,8,-3,994.915283203125
21,0.024390243902439046,0.0,1,8,-3,994.915283203125
22,0.07317073170731714,0.0,1,8,-3,994.915283203125
23,0.12195121951219523,0.0,1,8,-3,994.915283203125
24,0.17073170731707332,0.0,1,8,-3,994.915283203125
25,0.2195121951219512,0.0,1,8,-3,994.915283203125
26,0.2682926829268293,0.0,1,8,-3,994.915283203125
27,0.3170731707317074,0.0,1,8,-3,994.915283203125
28,0.36585365853658547,0.0,1,8,-3,994.915283203125
29,0.41463414634146356,0.0,1,8,-3,994.915283203125
30,0.46341463414634143,0.0,1,8,-3,994.915283203125
31,0.5121951219512195,0.0,1,8,-3,994.915283203125
32,0.5609756097560976,0.0,1,8,-3,994.915283203125
33,0.6097560975609757,0.0,1,8,-3,994.915283203125
34,0.6585365853658538,0.0,1,8,-3,994.915283203125
35,0.7073170731707317,0.0,1,8,-3,994.915283203125
36,0.7560975609756098,0.0,1,8,-3,994.915283203125
37,0.8048780487804879,0.0,1,8,-3,994.915283203125
38,0.853658536585366,0.0,1,8,-3,994.915283203125
39,0.902439024390244,0.0,1,8,-3,994.915283203125
40,0.9512195121951219,0.0,1,8,-3,994.915283203125
41,1.0,0.0,1,8,-3,994.915283203125
0,-1.0,0.0,1,8,-2,994.915283203125
1,-0.9512195121951219,0.0,1,8,-2,994.915283203125
2,-0.9024390243902439,0.0,1,8,-2,994.915283203125
3,-0.8536585365853658,0.0,1,8,-2,994.915283203125
4,-0.8048780487804879,0.0,1,8,-2,994.915283203125
5,-0.7560975609756098,0.0,1,8,-2,994.915283203125
6,-0.7073170731707317,0.0,1,8,-2,994.915283203125
7,-0.6585365853658536,0.0,1,8,-2,994.915283203125
8,-0.6097560975609756,0.0,1,8,-2,994.915283203125
9,-0.5609756097560976,0.0,1,8,-2,994.915283203125
10,-0.5121951219512195,0.0,1,8,-2,994.915283203125
11,-0.46341463414634143,0.0,1,8,-2,994.915283203125
12,-0.41463414634146334,0.0,1,8,-2,994.915283203125
13,-0.36585365853658536,0.0,1,8,-2,994.915283203125
14,-0.31707317073170727,0.0,1,8,-2,994.915283203125
15,-0.2682926829268293,0.0,1,8,-2,994.915283203125
16,-0.2195121951219512,0.0,1,8,-2,994.915283203125
17,-0.1707317073170731,0.0,1,8,-2,994.915283203125
18,-0.12195121951219512,0.0,1,8,-2,994.915283203125
19,-0.07317073170731703,0.0,1,8,-2,994.915283203125
20,-0.024390243902439046,0.0,1,8,-2,994.915283203125
21,0.024390243902439046,0.0,1,8,-2,994.915283203125
22,0.07317073170731714,1.6289013728965074e-06,1,8,-2,994.915283203125
23,0.12195121951219523,9.073506817003363e-07,1,8,-2,994.915283203125
24,0.17073170731707332,6.636832949880045e-06,1,8,-2,994.915283203125
25,0.2195121951219512,1.3576053561337176e-06,1,8,-2,994.915283203125
26,0.2682926829268293,4.6401751774283184e-07,1,8,-2,994.915283203125
27,0.3170731707317074,6.062624606784084e-07,1,8,-2,994.915283203125
28,0.36585365853658547,1.6028322988859145e-06,1,8,-2,994.915283203125
29,0.41463414634146356,2.423604712475935e-07,1,8,-2,994.915283203125
30,0.46341463414634143,2.95886547974078e-05,1,8,-2,994.915283203125
31,0.5121951219512195,5.262896593194455e-05,1,8,-2,994.915283203125
32,0.5609756097560976,2.756827416305896e-05,1,8,-2,994.915283203125
33,0.6097560975609757,0.003154192818328738,1,8,-2,994.915283203125
34,0.6585365853658538,0.00013442584895528853,1,8,-2,994.915283203125
35,0.7073170731707317,4.1462903027422726e-05,1,8,-2,994.915283203125
36,0.7560975609756098,6.297703657764941e-05,1,8,-2,994.915283203125
37,0.8048780487804879,8.79063009051606e-06,1,8,-2,994.915283203125
38,0.853658536585366,5.33196316609974e-06,1,8,-2,994.915283203125
39,0.902439024390244,3.9005731196084525e-06,1,8,-2,994.915283203125
40,0.9512195121951219,2.9582347451651003e-06,1,8,-2,994.915283203125
41,1.0,6.958273957025085e-07,1,8,-2,994.915283203125
0,-1.0,4.426507075550035e-06,1,9,-3,994.915283203125
1,-0.9512195121951219,1.541077494948695e-06,1,9,-3,994.915283203125
2,-0.9024390243902439,8.221501047955826e-05,1,9,-3,994.915283203125
3,-0.8536585365853658,1.1679934459607466e-06,1,9,-3,994.915283203125
4,-0.8048780487804879,0.00013368509826250374,1,9,-3,994.915283203125
5,-0.7560975609756098,1.076877651939867e-05,1,9,-3,994.915283203125
6,-0.7073170731707317,7.028812888165703e-06,1,9,-3,994.915283203125
7,-0.6585365853658536,2.53494340540783e-06,1,9,-3,994.915283203125
8,-0.6097560975609756,2.0653785668400815e-06,1,9,-3,994.915283203125
9,-0.5609756097560976,1.5904097381280735e-06,1,9,-3,994.915283203125
10,-0.5121951219512195,4.319411800679518e-06,1,9,-3,994.915283203125
11,-0.46341463414634143,7.843362936910125e-07,1,9,-3,994.915283203125
12,-0.41463414634146334,7.280567615453037e-07,1,9,-3,994.915283203125
13,-0.36585365853658536,1.4664945524600626e-07,1,9,-3,994.915283203125
14,-0.31707317073170727,1.4239707297747373e-06,1,9,-3,994.915283203125
15,-0.2682926829268293,0.0,1,9,-3,994.915283203125
16,-0.2195121951219512,0.0,1,9,-3,994.915283203125
17,-0.1707317073170731,0.0,1,9,-3,994.915283203125
18,-0.12195121951219512,0.0,1,9,-3,994.915283203125
19,-0.07317073170731703,0.0,1,9,-3,994.915283203125
20,-0.024390243902439046,0.0,1,9,-3,994.915283203125
21,0.024390243902439046,0.0,1,9,-3,994.915283203125
22,0.07317073170731714,0.0,1,9,-3,994.915283203125
23,0.12195121951219523,0.0,1,9,-3,994.915283203125
24,0.17073170731707332,0.0,1,9,-3,994.915283203125
25,0.2195121951219512,0.0,1,9,-3,994.915283203125
26,0.2682926829268293,0.0,1,9,-3,994.915283203125
27,0.3170731707317074,0.0,1,9,-3,994.915283203125
28,0.36585365853658547,0.0,1,9,-3,994.915283203125
29,0.41463414634146356,0.0,1,9,-3,994.915283203125
30,0.46341463414634143,0.0,1,9,-3,994.915283203125
31,0.5121951219512195,0.0,1,9,-3,994.915283203125
32,0.5609756097560976,0.0,1,9,-3,994.915283203125
33,0.6097560975609757,0.0,1,9,-3,994.915283203125
34,0.6585365853658538,0.0,1,9,-3,994.915283203125
35,0.7073170731707317,0.0,1,9,-3,994.915283203125
36,0.7560975609756098,0.0,1,9,-3,994.915283203125
37,0.8048780487804879,0.0,1,9,-3,994.915283203125
38,0.853658536585366,0.0,1,9,-3,994.915283203125
39,0.902439024390244,0.0,1,9,-3,994.915283203125
40,0.9512195121951219,0.0,1,9,-3,994.915283203125
41,1.0,0.0,1,9,-3,994.915283203125
0,-1.0,0.0,1,9,-2,994.915283203125
1,-0.9512195121951219,0.0,1,9,-2,994.915283203125
2,-0.9024390243902439,0.0,1,9,-2,994.915283203125
3,-0.8536585365853658,0.0,1,9,-2,994.915283203125
4,-0.8048780487804879,0.0,1,9,-2,994.915283203125
5,-0.7560975609756098,0.0,1,9,-2,994.915283203125
6,-0.7073170731707317,0.0,1,9,-2,994.915283203125
7,-0.6585365853658536,0.0,1,9,-2,994.915283203125
8,-0.6097560975609756,0.0,1,9,-2,994.915283203125
9,-0.5609756097560976,0.0,1,9,-2,994.915283203125
10,-0.5121951219512195,0.0,1,9,-2,994.915283203125
11,-0.46341463414634143,0.0,1,9,-2,994.915283203125
12,-0.41463414634146334,0.0,1,9,-2,994.915283203125
13,-0.36585365853658536,0.0,1,9,-2,994.915283203125
14,-0.31707317073170727,0.0,1,9,-2,994.915283203125
15,-0.2682926829268293,0.0,1,9,-2,994.915283203125
16,-0.2195121951219512,0.0,1,9,-2,994.915283203125
17,-0.1707317073170731,0.0,1,9,-2,994.915283203125
18,-0.12195121951219512,0.0,1,9,-2,994.915283203125
19,-0.07317073170731703,0.0,1,9,-2,994.915283203125
20,-0.024390243902439046,0.0,1,9,-2,994.915283203125
21,0.024390243902439046,3.13503790039249e-07,1,9,-2,994.915283203125
22,0.07317073170731714,4.730442014988512e-06,1,9,-2,994.915283203125
23,0.12195121951219523,1.0991341241606278e-06,1,9,-2,994.915283203125
24,0.17073170731707332,1.882040407963359e-07,1,9,-2,994.915283203125
25,0.2195121951219512,4.387748120393553e-08,1,9,-2,994.915283203125
26,0.2682926829268293,1.8971769577547093e-06,1,9,-2,994.915283203125
27,0.3170731707317074,2.904454277086188e-07,1,9,-2,994.915283203125
28,0.36585365853658547,4.666182576329447e-05,1,9,-2,994.915283203125
29,0.41463414634146356,2.0036464775330387e-05,1,9,-2,994.915283203125
30,0.46341463414634143,1.5037948287499603e-05,1,9,-2,994.915283203125
31,0.5121951219512195,0.003402275498956442,1,9,-2,994.915283203125
32,0.5609756097560976,0.0002909225586336106,1,9,-2,994.915283203125
33,0.6097560975609757,3.8453184970421717e-05,1,9,-2,994.915283203125
34,0.6585365853658538,3.76141815650044e-06,1,9,-2,994.915283203125
35,0.7073170731707317,3.7885570236539934e-07,1,9,-2,994.915283203125
36,0.7560975609756098,1.2036085195177293e-07,1,9,-2,994.915283203125
37,0.8048780487804879,3.3760093174350914e-06,1,9,-2,994.915283203125
38,0.853658536585366,3.9808514884498436e-07,1,9,-2,994.915283203125
39,0.902439024390244,3.277069993146142e-07,1,9,-2,994.915283203125
40,0.9512195121951219,4.010852990177227e-06,1,9,-2,994.915283203125
41,1.0,3.871792614518199e-06,1,9,-2,994.915283203125
0,-1.0,0.0,2,-6,-10,994.915283203125
1,-0.9512195121951219,0.0,2,-6,-10,994.915283203125
2,-0.9024390243902439,0.0,2,-6,-10,994.915283203125
3,-0.8536585365853658,0.0,2,-6,-10,994.915283203125
4,-0.8048780487804879,0.0,2,-6,-10,994.915283203125
5,-0.7560975609756098,0.0,2,-6,-10,994.915283203125
6,-0.7073170731707317,0.0,2,-6,-10,994.915283203125
7,-0.6585365853658536,0.0,2,-6,-10,994.915283203125
8,-0.6097560975609756,0.0,2,-6,-10,994.915283203125
9,-0.5609756097560976,0.0,2,-6,-10,994.915283203125
10,-0.5121951219512195,0.0,2,-6,-10,994.915283203125
11,-0.46341463414634143,0.0,2,-6,-10,994.915283203125
12,-0.41463414634146334,6.38640301531268e-07,2,-6,-10,994.915283203125
13,-0.36585365853658536,5.335768449299394e-08,2,-6,-10,994.915283203125
14,-0.31707317073170727,1.6056827689681086e-07,2,-6,-10,994.915283203125
15,-0.2682926829268293,4.102045068066218e-07,2,-6,-10,994.915283203125
16,-0.2195121951219512,5.977415185043355e-07,2,-6,-10,994.915283203125
17,-0.1707317073170731,6.850122531432135e-07,2,-6,-10,994.915283203125
18,-0.12195121951219512,9.093448056773923e-07,2,-6,-10,994.915283203125
19,-0.07317073170731703,6.515743393720186e-07,2,-6,-10,994.915283203125
20,-0.024390243902439046,1.1569570546043906e-07,2,-6,-10,994.915283203125
21,0.024390243902439046,1.2109723002140527e-07,2,-6,-10,994.915283203125
22,0.07317073170731714,2.8103539762014407e-07,2,-6,-10,994.915283203125
23,0.12195121951219523,1.4594758113162243e-06,2,-6,-10,994.915283203125
24,0.17073170731707332,3.460579137026798e-06,2,-6,-10,994.915283203125
25,0.2195121951219512,2.1033977191109443e-06,2,-6,-10,994.915283203125
26,0.2682926829268293,8.60970885696588e-06,2,-6,-10,994.915283203125
27,0.3170731707317074,2.526554453652352e-05,2,-6,-10,994.915283203125
28,0.36585365853658547,0.0002230029203929007,2,-6,-10,994.915283203125
29,0.41463414634146356,0.00044291879748925567,2,-6,-10,994.915283203125
30,0.46341463414634143,0.0002722936915233731,2,-6,-10,994.915283203125
31,0.5121951219512195,3.243768878746778e-05,2,-6,-10,994.915283203125
32,0.5609756097560976,9.58129658101825e-06,2,-6,-10,994.915283203125
33,0.6097560975609757,2.5078279577428475e-06,2,-6,-10,994.915283203125
34,0.6585365853658538,7.232793450384634e-06,2,-6,-10,994.915283203125
35,0.7073170731707317,4.1522557694406714e-06,2,-6,-10,994.915283203125
36,0.7560975609756098,1.9190923694623052e-07,2,-6,-10,994.915283203125
37,0.8048780487804879,5.646583076668321e-07,2,-6,-10,994.915283203125
38,0.853658536585366,9.498344866187836e-08,2,-6,-10,994.915283203125
39,0.902439024390244,3.2449776199428015e-07,2,-6,-10,994.915283203125
40,0.9512195121951219,1.9706111231698742e-07,2,-6,-10,994.915283203125
41,1.0,7.789776645950042e-07,2,-6,-10,994.915283203125
0,-1.0,1.4102410204941407e-05,2,-5,-9,994.915283203125
1,-0.9512195121951219,2.770497076198808e-07,2,-5,-9,994.915283203125
2,-0.9024390243902439,1.0961223324557068e-06,2,-5,-9,994.915283203125
3,-0.8536585365853658,0.0004620470863301307,2,-5,-9,994.915283203125
4,-0.8048780487804879,0.012256047688424587,2,-5,-9,994.915283203125
5,-0.7560975609756098,0.0021144570782780647,2,-5,-9,994.915283203125
6,-0.7073170731707317,0.0004716705298051238,2,-5,-9,994.915283203125
7,-0.6585365853658536,0.0001712265220703557,2,-5,-9,994.915283203125
8,-0.6097560975609756,9.758784290170297e-05,2,-5,-9,994.915283203125
9,-0.5609756097560976,3.178624319843948e-05,2,-5,-9,994.915283203125
10,-0.5121951219512195,8.489028914482333e-06,2,-5,-9,994.915283203125
11,-0.46341463414634143,2.1151631699467544e-06,2,-5,-9,994.915283203125
12,-0.41463414634146334,6.2898538999434095e-06,2,-5,-9,994.915283203125
13,-0.36585365853658536,1.2760697245539632e-06,2,-5,-9,994.915283203125
14,-0.31707317073170727,2.989450464951915e-08,2,-5,-9,994.915283203125
15,-0.2682926829268293,2.3770202460582368e-05,2,-5,-9,994.915283203125
16,-0.2195121951219512,7.862788152124267e-06,2,-5,-9,994.915283203125
17,-0.1707317073170731,5.805222826893441e-06,2,-5,-9,994.915283203125
18,-0.12195121951219512,7.935457233543275e-07,2,-5,-9,994.915283203125
19,-0.07317073170731703,9.72101952356752e-06,2,-5,-9,994.915283203125
20,-0.024390243902439046,6.144420439113674e-08,2,-5,-9,994.915283203125
21,0.024390243902439046,8.165221174749604e-07,2,-5,-9,994.915283203125
22,0.07317073170731714,2.1491987354238518e-06,2,-5,-9,994.915283203125
23,0.12195121951219523,5.168277539269184e-07,2,-5,-9,994.915283203125
24,0.17073170731707332,1.6458159279864049e-06,2,-5,-9,994.915283203125
25,0.2195121951219512,1.8365230971539859e-06,2,-5,-9,994.915283203125
26,0.2682926829268293,1.299913350294446e-07,2,-5,-9,994.915283203125
27,0.3170731707317074,0.0,2,-5,-9,994.915283203125
28,0.36585365853658547,0.0,2,-5,-9,994.915283203125
29,0.41463414634146356,0.0,2,-5,-9,994.915283203125
30,0.46341463414634143,0.0,2,-5,-9,994.915283203125
31,0.5121951219512195,0.0,2,-5,-9,994.915283203125
32,0.5609756097560976,0.0,2,-5,-9,994.915283203125
33,0.6097560975609757,0.0,2,-5,-9,994.915283203125
34,0.6585365853658538,0.0,2,-5,-9,994.915283203125
35,0.7073170731707317,0.0,2,-5,-9,994.915283203125
36,0.7560975609756098,0.0,2,-5,-9,994.915283203125
37,0.8048780487804879,0.0,2,-5,-9,994.915283203125
38,0.853658536585366,0.0,2,-5,-9,994.915283203125
39,0.902439024390244,0.0,2,-5,-9,994.915283203125
40,0.9512195121951219,0.0,2,-5,-9,994.915283203125
41,1.0,0.0,2,-5,-9,994.915283203125
0,-1.0,1.6598316506133415e-05,2,-4,-9,994.915283203125
1,-0.9512195121951219,3.056639980059117e-05,2,-4,-9,994.915283203125
2,-0.9024390243902439,3.674167828648933e-06,2,-4,-9,994.915283203125
3,-0.8536585365853658,8.557428373023868e-06,2,-4,-9,994.915283203125
4,-0.8048780487804879,1.9005683498107828e-05,2,-4,-9,994.915283203125
5,-0.7560975609756098,5.920299827266717e-06,2,-4,-9,994.915283203125
6,-0.7073170731707317,3.226797161914874e-06,2,-4,-9,994.915283203125
7,-0.6585365853658536,4.587148578139022e-05,2,-4,-9,994.915283203125
8,-0.6097560975609756,6.348273018375039e-05,2,-4,-9,994.915283203125
9,-0.5609756097560976,1.922317096614279e-05,2,-4,-9,994.915283203125
10,-0.5121951219512195,5.492364289239049e-05,2,-4,-9,994.915283203125
11,-0.46341463414634143,5.113967563374899e-05,2,-4,-9,994.915283203125
12,-0.41463414634146334,1.3430744729703292e-05,2,-4,-9,994.915283203125
13,-0.36585365853658536,2.6296173018636182e-05,2,-4,-9,994.915283203125
14,-0.31707317073170727,4.02304831368383e-05,2,-4,-9,994.915283203125
15,-0.2682926829268293,2.8387880774971563e-06,2,-4,-9,994.915283203125
16,-0.2195121951219512,3.1103866149351234e-06,2,-4,-9,994.915283203125
17,-0.1707317073170731,2.5310679120593704e-05,2,-4,-9,994.915283203125
18,-0.12195121951219512,2.403642974968534e-05,2,-4,-9,994.915283203125
19,-0.07317073170731703,4.8858670197660103e-05,2,-4,-9,994.915283203125
20,-0.024390243902439046,9.11923561943695e-05,2,-4,-9,994.915283203125
21,0.024390243902439046,0.0005337315378710628,2,-4,-9,994.915283203125
22,0.07317073170731714,9.648619015933946e-05,2,-4,-9,994.915283203125
23,0.12195121951219523,0.0001388394448440522,2,-4,-9,994.915283203125
24,0.17073170731707332,6.737429066561162e-05,2,-4,-9,994.915283203125
25,0.2195121951219512,0.006332339718937874,2,-4,-9,994.915283203125
26,0.2682926829268293,0.006754276342689991,2,-4,-9,994.915283203125
27,0.3170731707317074,1.2797240742656868e-05,2,-4,-9,994.915283203125
28,0.36585365853658547,0.00010712278890423477,2,-4,-9,994.915283203125
29,0.41463414634146356,2.594015131762717e-05,2,-4,-9,994.915283203125
30,0.46341463414634143,1.8269265638082288e-05,2,-4,-9,994.915283203125
31,0.5121951219512195,6.286073039518669e-05,2,-4,-9,994.915283203125
32,0.5609756097560976,1.5066785636008717e-05,2,-4,-9,994.915283203125
33,0.6097560975609757,4.983921826351434e-05,2,-4,-9,994.915283203125
34,0.6585365853658538,1.8583572455099784e-05,2,-4,-9,994.915283203125
35,0.7073170731707317,2.4900191419874318e-05,2,-4,-9,994.915283203125
36,0.7560975609756098,3.062401810893789e-05,2,-4,-9,994.915283203125
37,0.8048780487804879,4.2281985912495657e-08,2,-4,-9,994.915283203125
38,0.853658536585366,2.482845047779847e-05,2,-4,-9,994.915283203125
39,0.902439024390244,4.034822723042453e-06,2,-4,-9,994.915283203125
40,0.9512195121951219,3.58431352651678e-05,2,-4,-9,994.915283203125
41,1.0,1.8175373043050058e-05,2,-4,-9,994.915283203125
0,-1.0,1.93254862779213e-07,2,2,-7,994.915283203125
1,-0.9512195121951219,1.5740480421300163e-06,2,2,-7,994.915283203125
2,-0.9024390243902439,5.541520309293446e-08,2,2,-7,994.915283203125
3,-0.8536585365853658,5.379815206651983e-07,2,2,-7,994.915283203125
4,-0.8048780487804879,3.596593103338819e-07,2,2,-7,994.915283203125
5,-0.7560975609756098,2.658571474967175e-06,2,2,-7,994.915283203125
6,-0.7073170731707317,6.705359396619315e-07,2,2,-7,994.915283203125
7,-0.6585365853658536,9.591132766217925e-06,2,2,-7,994.915283203125
8,-0.6097560975609756,1.1708642659868929e-06,2,2,-7,994.915283203125
9,-0.5609756097560976,3.9225278669619e-06,2,2,-7,994.915283203125
10,-0.5121951219512195,3.824341092695249e-06,2,2,-7,994.915283203125
11,-0.46341463414634143,4.258832632331178e-06,2,2,-7,994.915283203125
12,-0.41463414634146334,1.5105543980098446e-06,2,2,-7,994.915283203125
13,-0.36585365853658536,2.894371846196009e-06,2,2,-7,994.915283203125
14,-0.31707317073170727,8.567600161768496e-06,2,2,-7,994.915283203125
15,-0.2682926829268293,8.520951269019861e-07,2,2,-7,994.915283203125
16,-0.2195121951219512,9.966547622752842e-07,2,2,-7,994.915283203125
17,-0.1707317073170731,4.762442131323041e-06,2,2,-7,994.915283203125
18,-0.12195121951219512,4.902734872302972e-06,2,2,-7,994.915283203125
19,-0.07317073170731703,2.604897645142046e-06,2,2,-7,994.915283203125
20,-0.024390243902439046,7.163019290601369e-06,2,2,-7,994.915283203125
21,0.024390243902439046,1.1262773114140145e-05,2,2,-7,994.915283203125
22,0.07317073170731714,1.1048937267332803e-05,2,2,-7,994.915283203125
23,0.12195121951219523,2.399706863798201e-05,2,2,-7,994.915283203125
24,0.17073170731707332,2.495883200026583e-05,2,2,-7,994.915283203125
25,0.2195121951219512,3.3109212381532416e-05,2,2,-7,994.915283203125
26,0.2682926829268293,3.321686017443426e-05,2,2,-7,994.915283203125
27,0.3170731707317074,6.840335845481604e-05,2,2,-7,994.915283203125
28,0.36585365853658547,0.00010967437992803752,2,2,-7,994.915283203125
29,0.41463414634146356,8.213057299144566e-05,2,2,-7,994.915283203125
30,0.46341463414634143,0.003550332970917225,2,2,-7,994.915283203125
31,0.5121951219512195,0.0036250464618206024,2,2,-7,994.915283203125
32,0.5609756097560976,0.0017773419385775924,2,2,-7,994.915283203125
33,0.6097560975609757,0.0002696002193260938,2,2,-7,994.915283203125
34,0.6585365853658538,4.926924520987086e-05,2,2,-7,994.915283203125
35,0.7073170731707317,1.0597679647617042e-05,2,2,-7,994.915283203125
36,0.7560975609756098,7.111344893928617e-05,2,2,-7,994.915283203125
37,0.8048780487804879,9.631006832933053e-06,2,2,-7,994.915283203125
38,0.853658536585366,0.00014762463979423046,2,2,-7,994.915283203125
39,0.902439024390244,6.587287316506263e-06,2,2,-7,994.915283203125
40,0.9512195121951219,9.243528620572761e-05,2,2,-7,994.915283203125
41,1.0,5.344417877495289e-05,2,2,-7,994.915283203125
0,-1.0,8.705171126166533e-07,2,3,-7,994.915283203125
1,-0.9512195121951219,4.737182280223351e-06,2,3,-7,994.915283203125
2,-0.9024390243902439,1.5647316104150377e-05,2,3,-7,994.915283203125
3,-0.8536585365853658,5.579879029937729e-07,2,3,-7,994.915283203125
4,-0.8048780487804879,1.0154238907489344e-06,2,3,-7,994.915283203125
5,-0.7560975609756098,0.00021799583919346333,2,3,-7,994.915283203125
6,-0.7073170731707317,4.052520580444252e-06,2,3,-7,994.915283203125
7,-0.6585365853658536,1.8929149518953636e-05,2,3,-7,994.915283203125
8,-0.6097560975609756,2.9820756026310846e-05,2,3,-7,994.915283203125
9,-0.5609756097560976,3.207289773854427e-05,2,3,-7,994.915283203125
10,-0.5121951219512195,4.797410292667337e-05,2,3,-7,994.915283203125
11,-0.46341463414634143,5.632833199342713e-05,2,3,-7,994.915283203125
12,-0.41463414634146334,6.318004307104275e-05,2,3,-7,994.915283203125
13,-0.36585365853658536,7.307762643904425e-06,2,3,-7,994.915283203125
14,-0.31707317073170727,0.0025054076686501503,2,3,-7,994.915283203125
15,-0.2682926829268293,0.0029245023615658283,2,3,-7,994.915283203125
16,-0.2195121951219512,9.780076652532443e-06,2,3,-7,994.915283203125
17,-0.1707317073170731,0.00014185498002916574,2,3,-7,994.915283203125
18,-0.12195121951219512,7.765887858113274e-05,2,3,-7,994.915283203125
19,-0.07317073170731703,6.133676833997015e-06,2,3,-7,994.915283203125
20,-0.024390243902439046,2.3134467483032495e-05,2,3,-7,994.915283203125
21,0.024390243902439046,1.417905787093332e-05,2,3,-7,994.915283203125
22,0.07317073170731714,9.603139005776029e-06,2,3,-7,994.915283203125
23,0.12195121951219523,7.244130301842233e-06,2,3,-7,994.915283203125
24,0.17073170731707332,1.1944062862312421e-05,2,3,-7,994.915283203125
25,0.2195121951219512,1.7628586874707253e-06,2,3,-7,994.915283203125
26,0.2682926829268293,1.6181004411919275e-06,2,3,-7,994.915283203125
27,0.3170731707317074,7.670280865568202e-06,2,3,-7,994.915283203125
28,0.36585365853658547,3.04018726637878e-06,2,3,-7,994.915283203125
29,0.41463414634146356,1.4942893358238507e-06,2,3,-7,994.915283203125
30,0.46341463414634143,5.597904419119004e-06,2,3,-7,994.915283203125
31,0.5121951219512195,1.5103887562872842e-06,2,3,-7,994.915283203125
32,0.5609756097560976,2.638081014083582e-06,2,3,-7,994.915283203125
33,0.6097560975609757,5.770250027126167e-06,2,3,-7,994.915283203125
34,0.6585365853658538,2.3850843717809767e-06,2,3,-7,994.915283203125
35,0.7073170731707317,4.931379748995823e-07,2,3,-7,994.915283203125
36,0.7560975609756098,4.558727368930704e-07,2,3,-7,994.915283203125
37,0.8048780487804879,2.387066842857166e-06,2,3,-7,994.915283203125
38,0.853658536585366,7.668035664210038e-07,2,3,-7,994.915283203125
39,0.902439024390244,6.128190761955921e-06,2,3,-7,994.915283203125
40,0.9512195121951219,1.6311261788359843e-05,2,3,-7,994.915283203125
41,1.0,5.009283631807193e-05,2,3,-7,994.915283203125
0,-1.0,2.2494701624964364e-05,2,4,-7,994.915283203125
1,-0.9512195121951219,1.7504011339042336e-05,2,4,-7,994.915283203125
2,-0.9024390243902439,1.1136510693177115e-05,2,4,-7,994.915283203125
3,-0.8536585365853658,5.215195415075868e-06,2,4,-7,994.915283203125
4,-0.8048780487804879,4.384236945043085e-06,2,4,-7,994.915283203125
5,-0.7560975609756098,0.0004461929202079773,2,4,-7,994.915283203125
6,-0.7073170731707317,4.37321023127879e-06,2,4,-7,994.915283203125
7,-0.6585365853658536,0.006530091632157564,2,4,-7,994.915283203125
8,-0.6097560975609756,0.0006612354191020131,2,4,-7,994.915283203125
9,-0.5609756097560976,0.00028887452208437026,2,4,-7,994.915283203125
10,-0.5121951219512195,9.379250695928931e-05,2,4,-7,994.915283203125
11,-0.46341463414634143,5.010055247112177e-05,2,4,-7,994.915283203125
12,-0.41463414634146334,0.00017778870824258775,2,4,-7,994.915283203125
13,-0.36585365853658536,2.6141810849367175e-06,2,4,-7,994.915283203125
14,-0.31707317073170727,1.6186839957299526e-06,2,4,-7,994.915283203125
15,-0.2682926829268293,1.7382004671162576e-06,2,4,-7,994.915283203125
16,-0.2195121951219512,9.526932444714475e-06,2,4,-7,994.915283203125
17,-0.1707317073170731,1.1837033525807783e-05,2,4,-7,994.915283203125
18,-0.12195121951219512,1.1568258742045145e-05,2,4,-7,994.915283203125
19,-0.07317073170731703,2.6359883122495376e-05,2,4,-7,994.915283203125
20,-0.024390243902439046,4.233766048855614e-06,2,4,-7,994.915283203125
21,0.024390243902439046,2.8821316391258733e-06,2,4,-7,994.915283203125
22,0.07317073170731714,9.382322900819418e-07,2,4,-7,994.915283203125
23,0.12195121951219523,1.043191559801926e-06,2,4,-7,994.915283203125
24,0.17073170731707332,6.968544994379045e-07,2,4,-7,994.915283203125
25,0.2195121951219512,1.657014877309848e-06,2,4,-7,994.915283203125
26,0.2682926829268293,3.6925848689861596e-06,2,4,-7,994.915283203125
27,0.3170731707317074,3.7864645037188893e-06,2,4,-7,994.915283203125
28,0.36585365853658547,2.3822290131647605e-06,2,4,-7,994.915283203125
29,0.41463414634146356,9.35155014758493e-07,2,4,-7,994.915283203125
30,0.46341463414634143,0.0,2,4,-7,994.915283203125
31,0.5121951219512195,0.0,2,4,-7,994.915283203125
32,0.5609756097560976,0.0,2,4,-7,994.915283203125
33,0.6097560975609757,0.0,2,4,-7,994.915283203125
34,0.6585365853658538,0.0,2,4,-7,994.915283203125
35,0.7073170731707317,0.0,2,4,-7,994.915283203125
36,0.7560975609756098,0.0,2,4,-7,994.915283203125
37,0.8048780487804879,0.0,2,4,-7,994.915283203125
38,0.853658536585366,0.0,2,4,-7,994.915283203125
39,0.902439024390244,0.0,2,4,-7,994.915283203125
40,0.9512195121951219,0.0,2,4,-7,994.915283203125
41,1.0,0.0,2,4,-7,994.915283203125
0,-1.0,4.69760452688206e-05,2,5,-7,994.915283203125
1,-0.9512195121951219,5.918014721828513e-06,2,5,-7,994.915283203125
2,-0.9024390243902439,0.0006429617060348392,2,5,-7,994.915283203125
3,-0.8536585365853658,0.0006493531400337815,2,5,-7,994.915283203125
4,-0.8048780487804879,0.003190064337104559,2,5,-7,994.915283203125
5,-0.7560975609756098,3.127918535028584e-05,2,5,-7,994.915283203125
6,-0.7073170731707317,7.559460209449753e-05,2,5,-7,994.915283203125
7,-0.6585365853658536,1.569079904584214e-05,2,5,-7,994.915283203125
8,-0.6097560975609756,3.2076419302029535e-05,2,5,-7,994.915283203125
9,-0.5609756097560976,3.837146323348861e-06,2,5,-7,994.915283203125
10,-0.5121951219512195,1.1745923075068276e-05,2,5,-7,994.915283203125
11,-0.46341463414634143,3.522804945532698e-07,2,5,-7,994.915283203125
12,-0.41463414634146334,1.298941043614832e-07,2,5,-7,994.915283203125
13,-0.36585365853658536,1.3102122693453566e-06,2,5,-7,994.915283203125
14,-0.31707317073170727,2.660550990185584e-06,2,5,-7,994.915283203125
15,-0.2682926829268293,8.328433068527374e-06,2,5,-7,994.915283203125
16,-0.2195121951219512,1.7070774447347503e-06,2,5,-7,994.915283203125
17,-0.1707317073170731,2.565645218055579e-06,2,5,-7,994.915283203125
18,-0.12195121951219512,2.1574310267169494e-06,2,5,-7,994.915283203125
19,-0.07317073170731703,1.1481292858661618e-06,2,5,-7,994.915283203125
20,-0.024390243902439046,2.342145307920873e-06,2,5,-7,994.915283203125
21,0.024390243902439046,1.459777308809862e-06,2,5,-7,994.915283203125
22,0.07317073170731714,9.071299018614809e-07,2,5,-7,994.915283203125
23,0.12195121951219523,0.0,2,5,-7,994.915283203125
24,0.17073170731707332,0.0,2,5,-7,994.915283203125
25,0.2195121951219512,0.0,2,5,-7,994.915283203125
26,0.2682926829268293,0.0,2,5,-7,994.915283203125
27,0.3170731707317074,0.0,2,5,-7,994.915283203125
28,0.36585365853658547,0.0,2,5,-7,994.915283203125
29,0.41463414634146356,0.0,2,5,-7,994.915283203125
30,0.46341463414634143,0.0,2,5,-7,994.915283203125
31,0.5121951219512195,0.0,2,5,-7,994.915283203125
32,0.5609756097560976,0.0,2,5,-7,994.915283203125
33,0.6097560975609757,0.0,2,5,-7,994.915283203125
34,0.6585365853658538,0.0,2,5,-7,994.915283203125
35,0.7073170731707317,0.0,2,5,-7,994.915283203125
36,0.7560975609756098,0.0,2,5,-7,994.915283203125
37,0.8048780487804879,0.0,2,5,-7,994.915283203125
38,0.853658536585366,0.0,2,5,-7,994.915283203125
39,0.902439024390244,0.0,2,5,-7,994.915283203125
40,0.9512195121951219,0.0,2,5,-7,994.915283203125
41,1.0,0.0,2,5,-7,994.915283203125
0,-1.0,0.00027547948411665857,2,6,-7,994.915283203125
1,-0.9512195121951219,0.00010664446745067835,2,6,-7,994.915283203125
2,-0.9024390243902439,0.0031784314196556807,2,6,-7,994.915283203125
3,-0.8536585365853658,0.0008187260827980936,2,6,-7,994.915283203125
4,-0.8048780487804879,5.207945287111215e-05,2,6,-7,994.915283203125
5,-0.7560975609756098,0.00015328219160437584,2,6,-7,994.915283203125
6,-0.7073170731707317,8.707818778930232e-06,2,6,-7,994.915283203125
7,-0.6585365853658536,5.2910399972461164e-05,2,6,-7,994.915283203125
8,-0.6097560975609756,2.4287853648274904e-06,2,6,-7,994.915283203125
9,-0.5609756097560976,1.0347464012738783e-05,2,6,-7,994.915283203125
10,-0.5121951219512195,2.3917850739962887e-06,2,6,-7,994.915283203125
11,-0.46341463414634143,3.577096549634007e-06,2,6,-7,994.915283203125
12,-0.41463414634146334,3.5902482409255754e-07,2,6,-7,994.915283203125
13,-0.36585365853658536,3.12152201331628e-06,2,6,-7,994.915283203125
14,-0.31707317073170727,9.100238003156846e-07,2,6,-7,994.915283203125
15,-0.2682926829268293,7.529317258558876e-07,2,6,-7,994.915283203125
16,-0.2195121951219512,2.2760964384360705e-06,2,6,-7,994.915283203125
17,-0.1707317073170731,1.969733375517535e-06,2,6,-7,994.915283203125
18,-0.12195121951219512,3.1617850027032546e-07,2,6,-7,994.915283203125
19,-0.07317073170731703,0.0,2,6,-7,994.915283203125
20,-0.024390243902439046,0.0,2,6,-7,994.915283203125
21,0.024390243902439046,0.0,2,6,-7,994.915283203125
22,0.07317073170731714,0.0,2,6,-7,994.915283203125
23,0.12195121951219523,0.0,2,6,-7,994.915283203125
24,0.17073170731707332,0.0,2,6,-7,994.915283203125
25,0.2195121951219512,0.0,2,6,-7,994.915283203125
26,0.2682926829268293,0.0,2,6,-7,994.915283203125
27,0.3170731707317074,0.0,2,6,-7,994.915283203125
28,0.36585365853658547,0.0,2,6,-7,994.915283203125
29,0.41463414634146356,0.0,2,6,-7,994.915283203125
30,0.46341463414634143,0.0,2,6,-7,994.915283203125
31,0.5121951219512195,0.0,2,6,-7,994.915283203125
32,0.5609756097560976,0.0,2,6,-7,994.915283203125
33,0.6097560975609757,0.0,2,6,-7,994.915283203125
34,0.6585365853658538,0.0,2,6,-7,994.915283203125
35,0.7073170731707317,0.0,2,6,-7,994.915283203125
36,0.7560975609756098,0.0,2,6,-7,994.915283203125
37,0.8048780487804879,0.0,2,6,-7,994.915283203125
38,0.853658536585366,0.0,2,6,-7,994.915283203125
39,0.902439024390244,0.0,2,6,-7,994.915283203125
40,0.9512195121951219,0.0,2,6,-7,994.915283203125
41,1.0,0.0,2,6,-7,994.915283203125
0,-1.0,0.0,2,6,-6,994.915283203125
1,-0.9512195121951219,0.0,2,6,-6,994.915283203125
2,-0.9024390243902439,0.0,2,6,-6,994.915283203125
3,-0.8536585365853658,0.0,2,6,-6,994.915283203125
4,-0.8048780487804879,0.0,2,6,-6,994.915283203125
5,-0.7560975609756098,0.0,2,6,-6,994.915283203125
6,-0.7073170731707317,0.0,2,6,-6,994.915283203125
7,-0.6585365853658536,0.0,2,6,-6,994.915283203125
8,-0.6097560975609756,0.0,2,6,-6,994.915283203125
9,-0.5609756097560976,0.0,2,6,-6,994.915283203125
10,-0.5121951219512195,0.0,2,6,-6,994.915283203125
11,-0.46341463414634143,0.0,2,6,-6,994.915283203125
12,-0.41463414634146334,0.0,2,6,-6,994.915283203125
13,-0.36585365853658536,0.0,2,6,-6,994.915283203125
14,-0.31707317073170727,0.0,2,6,-6,994.915283203125
15,-0.2682926829268293,0.0,2,6,-6,994.915283203125
16,-0.2195121951219512,0.0,2,6,-6,994.915283203125
17,-0.1707317073170731,0.0,2,6,-6,994.915283203125
18,-0.12195121951219512,0.0,2,6,-6,994.915283203125
19,-0.07317073170731703,0.0,2,6,-6,994.915283203125
20,-0.024390243902439046,0.0,2,6,-6,994.915283203125
21,0.024390243902439046,0.0,2,6,-6,994.915283203125
22,0.07317073170731714,0.0,2,6,-6,994.915283203125
23,0.12195121951219523,0.0,2,6,-6,994.915283203125
24,0.17073170731707332,1.3867022516933503e-06,2,6,-6,994.915283203125
25,0.2195121951219512,1.899881674205517e-08,2,6,-6,994.915283203125
26,0.2682926829268293,1.409527357054685e-07,2,6,-6,994.915283203125
27,0.3170731707317074,5.120654122947599e-07,2,6,-6,994.915283203125
28,0.36585365853658547,5.183133566788456e-07,2,6,-6,994.915283203125
29,0.41463414634146356,1.716647147986805e-06,2,6,-6,994.915283203125
30,0.46341463414634143,3.5524728900782065e-06,2,6,-6,994.915283203125
31,0.5121951219512195,2.2688533363179886e-07,2,6,-6,994.915283203125
32,0.5609756097560976,7.16917014642604e-08,2,6,-6,994.915283203125
33,0.6097560975609757,3.357206423970638e-06,2,6,-6,994.915283203125
34,0.6585365853658538,1.8012457303484553e-06,2,6,-6,994.915283203125
35,0.7073170731707317,3.92151196138002e-06,2,6,-6,994.915283203125
36,0.7560975609756098,2.6179781343671493e-05,2,6,-6,994.915283203125
37,0.8048780487804879,4.519491994869895e-05,2,6,-6,994.915283203125
38,0.853658536585366,0.00021181977353990078,2,6,-6,994.915283203125
39,0.902439024390244,0.0007999828667379916,2,6,-6,994.915283203125
40,0.9512195121951219,0.00019395234994590282,2,6,-6,994.915283203125
41,1.0,4.420104596647434e-05,2,6,-6,994.915283203125
0,-1.0,4.6612836740678176e-05,2,7,-7,994.915283203125
1,-0.9512195121951219,3.0329340006574057e-05,2,7,-7,994.915283203125
2,-0.9024390243902439,0.00651460001245141,2,7,-7,994.915283203125
3,-0.8536585365853658,6.0014703194610775e-05,2,7,-7,994.915283203125
4,-0.8048780487804879,2.635232885950245e-05,2,7,-7,994.915283203125
5,-0.7560975609756098,7.610151806147769e-05,2,7,-7,994.915283203125
6,-0.7073170731707317,7.692822691751644e-06,2,7,-7,994.915283203125
7,-0.6585365853658536,3.162010216328781e-06,2,7,-7,994.915283203125
8,-0.6097560975609756,2.019595967794885e-06,2,7,-7,994.915283203125
9,-0.5609756097560976,2.810569867506274e-06,2,7,-7,994.915283203125
10,-0.5121951219512195,1.772722043824615e-06,2,7,-7,994.915283203125
11,-0.46341463414634143,5.059812338004122e-07,2,7,-7,994.915283203125
12,-0.41463414634146334,1.3536881624531816e-06,2,7,-7,994.915283203125
13,-0.36585365853658536,2.661224414168828e-07,2,7,-7,994.915283203125
14,-0.31707317073170727,1.2051491466991138e-06,2,7,-7,994.915283203125
15,-0.2682926829268293,4.4187422076902294e-07,2,7,-7,994.915283203125
16,-0.2195121951219512,0.0,2,7,-7,994.915283203125
17,-0.1707317073170731,0.0,2,7,-7,994.915283203125
18,-0.12195121951219512,0.0,2,7,-7,994.915283203125
19,-0.07317073170731703,0.0,2,7,-7,994.915283203125
20,-0.024390243902439046,0.0,2,7,-7,994.915283203125
21,0.024390243902439046,0.0,2,7,-7,994.915283203125
22,0.07317073170731714,0.0,2,7,-7,994.915283203125
23,0.12195121951219523,0.0,2,7,-7,994.915283203125
24,0.17073170731707332,0.0,2,7,-7,994.915283203125
25,0.2195121951219512,0.0,2,7,-7,994.915283203125
26,0.2682926829268293,0.0,2,7,-7,994.915283203125
27,0.3170731707317074,0.0,2,7,-7,994.915283203125
28,0.36585365853658547,0.0,2,7,-7,994.915283203125
29,0.41463414634146356,0.0,2,7,-7,994.915283203125
30,0.46341463414634143,0.0,2,7,-7,994.915283203125
31,0.5121951219512195,0.0,2,7,-7,994.915283203125
32,0.5609756097560976,0.0,2,7,-7,994.915283203125
33,0.6097560975609757,0.0,2,7,-7,994.915283203125
34,0.6585365853658538,0.0,2,7,-7,994.915283203125
35,0.7073170731707317,0.0,2,7,-7,994.915283203125
36,0.7560975609756098,0.0,2,7,-7,994.915283203125
37,0.8048780487804879,0.0,2,7,-7,994.915283203125
38,0.853658536585366,0.0,2,7,-7,994.915283203125
39,0.902439024390244,0.0,2,7,-7,994.915283203125
40,0.9512195121951219,0.0,2,7,-7,994.915283203125
41,1.0,0.0,2,7,-7,994.915283203125
0,-1.0,0.0,2,7,-6,994.915283203125
1,-0.9512195121951219,0.0,2,7,-6,994.915283203125
2,-0.9024390243902439,0.0,2,7,-6,994.915283203125
3,-0.8536585365853658,0.0,2,7,-6,994.915283203125
4,-0.8048780487804879,0.0,2,7,-6,994.915283203125
5,-0.7560975609756098,0.0,2,7,-6,994.915283203125
6,-0.7073170731707317,0.0,2,7,-6,994.915283203125
7,-0.6585365853658536,0.0,2,7,-6,994.915283203125
8,-0.6097560975609756,0.0,2,7,-6,994.915283203125
9,-0.5609756097560976,0.0,2,7,-6,994.915283203125
10,-0.5121951219512195,0.0,2,7,-6,994.915283203125
11,-0.46341463414634143,0.0,2,7,-6,994.915283203125
12,-0.41463414634146334,0.0,2,7,-6,994.915283203125
13,-0.36585365853658536,0.0,2,7,-6,994.915283203125
14,-0.31707317073170727,0.0,2,7,-6,994.915283203125
15,-0.2682926829268293,0.0,2,7,-6,994.915283203125
16,-0.2195121951219512,0.0,2,7,-6,994.915283203125
17,-0.1707317073170731,0.0,2,7,-6,994.915283203125
18,-0.12195121951219512,0.0,2,7,-6,994.915283203125
19,-0.07317073170731703,0.0,2,7,-6,994.915283203125
20,-0.024390243902439046,0.0,2,7,-6,994.915283203125
21,0.024390243902439046,3.0092840574980073e-07,2,7,-6,994.915283203125
22,0.07317073170731714,6.529106144625985e-07,2,7,-6,994.915283203125
23,0.12195121951219523,1.481819708715193e-06,2,7,-6,994.915283203125
24,0.17073170731707332,6.848521479696501e-06,2,7,-6,994.915283203125
25,0.2195121951219512,4.593807261699112e-06,2,7,-6,994.915283203125
26,0.2682926829268293,4.719079242931912e-06,2,7,-6,994.915283203125
27,0.3170731707317074,2.053311163763283e-06,2,7,-6,994.915283203125
28,0.36585365853658547,3.6517728858598275e-06,2,7,-6,994.915283203125
29,0.41463414634146356,2.290884594913223e-06,2,7,-6,994.915283203125
30,0.46341463414634143,6.803737505833851e-06,2,7,-6,994.915283203125
31,0.5121951219512195,8.306866220664233e-05,2,7,-6,994.915283203125
32,0.5609756097560976,7.587205800518859e-06,2,7,-6,994.915283203125
33,0.6097560975609757,0.0003469176299404353,2,7,-6,994.915283203125
34,0.6585365853658538,0.0014472188195213675,2,7,-6,994.915283203125
35,0.7073170731707317,0.00029952393379062414,2,7,-6,994.915283203125
36,0.7560975609756098,1.4008962352818344e-05,2,7,-6,994.915283203125
37,0.8048780487804879,1.675566272751894e-05,2,7,-6,994.915283203125
38,0.853658536585366,2.3730053726467304e-06,2,7,-6,994.915283203125
39,0.902439024390244,2.2934982553124428e-06,2,7,-6,994.915283203125
40,0.9512195121951219,1.9652814444270916e-05,2,7,-6,994.915283203125
41,1.0,1.0487005056347698e-05,2,7,-6,994.915283203125
