tilt_index,tilt_angle,intensity,h,k,l,thickness
0,-1.0,0.0,-3,-6,7,1971.1864013671875
1,-0.9512195121951219,0.0,-3,-6,7,1971.1864013671875
2,-0.9024390243902439,0.0,-3,-6,7,1971.1864013671875
3,-0.8536585365853658,0.0,-3,-6,7,1971.1864013671875
4,-0.8048780487804879,0.0,-3,-6,7,1971.1864013671875
5,-0.7560975609756098,0.0,-3,-6,7,1971.1864013671875
6,-0.7073170731707317,0.0,-3,-6,7,1971.1864013671875
7,-0.6585365853658536,0.0,-3,-6,7,1971.1864013671875
8,-0.6097560975609756,0.0,-3,-6,7,1971.1864013671875
9,-0.5609756097560976,0.0,-3,-6,7,1971.1864013671875
10,-0.5121951219512195,0.0,-3,-6,7,1971.1864013671875
11,-0.46341463414634143,0.0,-3,-6,7,1971.1864013671875
12,-0.41463414634146334,0.0,-3,-6,7,1971.1864013671875
13,-0.36585365853658536,0.0,-3,-6,7,1971.1864013671875
14,-0.31707317073170727,0.0,-3,-6,7,1971.1864013671875
15,-0.2682926829268293,3.1498473163082963e-07,-3,-6,7,1971.1864013671875
16,-0.2195121951219512,1.1408465979911853e-05,-3,-6,7,1971.1864013671875
17,-0.1707317073170731,1.4089741853240412e-06,-3,-6,7,1971.1864013671875
18,-0.12195121951219512,1.556792267365381e-05,-3,-6,7,1971.1864013671875
19,-0.07317073170731703,1.7071522506739711e-06,-3,-6,7,1971.1864013671875
20,-0.024390243902439046,2.636955969137489e-06,-3,-6,7,1971.1864013671875
21,0.024390243902439046,1.4658855889138067e-06,-3,-6,7,1971.1864013671875
22,0.07317073170731714,1.5104573947155586e-07,-3,-6,7,1971.1864013671875
23,0.12195121951219523,6.3620536820963025e-06,-3,-6,7,1971.1864013671875
24,0.17073170731707332,3.0941188015276566e-05,-3,-6,7,1971.1864013671875
25,0.2195121951219512,2.5748495318111964e-05,-3,-6,7,1971.1864013671875
26,0.2682926829268293,4.859415639657527e-05,-3,-6,7,1971.1864013671875
27,0.3170731707317074,9.483985922997817e-05,-3,-6,7,1971.1864013671875
28,0.36585365853658547,0.00022829031513538212,-3,-6,7,1971.1864013671875
29,0.41463414634146356,0.02387600764632225,-3,-6,7,1971.1864013671875
30,0.46341463414634143,0.00019911587878596038,-3,-6,7,1971.1864013671875
31,0.5121951219512195,0.00014595594257116318,-3,-6,7,1971.1864013671875
32,0.5609756097560976,1.193476145999739e-05,-3,-6,7,1971.1864013671875
33,0.6097560975609757,1.9445242287474684e-05,-3,-6,7,1971.1864013671875
34,0.6585365853658538,6.673964435321977e-06,-3,-6,7,1971.1864013671875
35,0.7073170731707317,4.594109668687452e-06,-3,-6,7,1971.1864013671875
36,0.7560975609756098,1.8616681245475775e-06,-3,-6,7,1971.1864013671875
37,0.8048780487804879,2.8523209039121866e-06,-3,-6,7,1971.1864013671875
38,0.853658536585366,1.7410905002179788e-06,-3,-6,7,1971.1864013671875
39,0.902439024390244,1.1438626188464696e-06,-3,-6,7,1971.1864013671875
40,0.9512195121951219,2.331457608306664e-06,-3,-6,7,1971.1864013671875
41,1.0,3.675607786135515e-06,-3,-6,7,1971.1864013671875
0,-1.0,1.886466816358734e-05,-3,-5,8,1971.1864013671875
1,-0.9512195121951219,8.20990971988067e-05,-3,-5,8,1971.1864013671875
2,-0.9024390243902439,7.5905409175902605e-06,-3,-5,8,1971.1864013671875
3,-0.8536585365853658,3.0803828849457204e-05,-3,-5,8,1971.1864013671875
4,-0.8048780487804879,0.0004260286223143339,-3,-5,8,1971.1864013671875
5,-0.7560975609756098,0.0011057156370952725,-3,-5,8,1971.1864013671875
6,-0.7073170731707317,0.00029043504036962986,-3,-5,8,1971.1864013671875
7,-0.6585365853658536,6.787605525460094e-05,-3,-5,8,1971.1864013671875
8,-0.6097560975609756,3.4022385079879314e-05,-3,-5,8,1971.1864013671875
9,-0.5609756097560976,9.485172995482571e-06,-3,-5,8,1971.1864013671875
10,-0.5121951219512195,6.109745299909264e-05,-3,-5,8,1971.1864013671875
11,-0.46341463414634143,1.985591325137648e-06,-3,-5,8,1971.1864013671875
12,-0.41463414634146334,1.1524880250135539e-07,-3,-5,8,1971.1864013671875
13,-0.36585365853658536,2.2896456357557327e-06,-3,-5,8,1971.1864013671875
14,-0.31707317073170727,1.2338840633674408e-06,-3,-5,8,1971.1864013671875
15,-0.2682926829268293,2.0085526557522826e-06,-3,-5,8,1971.1864013671875
16,-0.2195121951219512,1.6064230976553517e-06,-3,-5,8,1971.1864013671875
17,-0.1707317073170731,9.824833796301391e-06,-3,-5,8,1971.1864013671875
18,-0.12195121951219512,2.6576349227980245e-06,-3,-5,8,1971.1864013671875
19,-0.07317073170731703,2.9131974770280067e-06,-3,-5,8,1971.1864013671875
20,-0.024390243902439046,3.2693038519937545e-05,-3,-5,8,1971.1864013671875
21,0.024390243902439046,1.8482022596799652e-06,-3,-5,8,1971.1864013671875
22,0.07317073170731714,0.0,-3,-5,8,1971.1864013671875
23,0.12195121951219523,0.0,-3,-5,8,1971.1864013671875
24,0.17073170731707332,0.0,-3,-5,8,1971.1864013671875
25,0.2195121951219512,0.0,-3,-5,8,1971.1864013671875
26,0.2682926829268293,0.0,-3,-5,8,1971.1864013671875
27,0.3170731707317074,0.0,-3,-5,8,1971.1864013671875
28,0.36585365853658547,0.0,-3,-5,8,1971.1864013671875
29,0.41463414634146356,0.0,-3,-5,8,1971.1864013671875
30,0.46341463414634143,0.0,-3,-5,8,1971.1864013671875
31,0.5121951219512195,0.0,-3,-5,8,1971.1864013671875
32,0.5609756097560976,0.0,-3,-5,8,1971.1864013671875
33,0.6097560975609757,0.0,-3,-5,8,1971.1864013671875
34,0.6585365853658538,0.0,-3,-5,8,1971.1864013671875
35,0.7073170731707317,0.0,-3,-5,8,1971.1864013671875
36,0.7560975609756098,0.0,-3,-5,8,1971.1864013671875
37,0.8048780487804879,0.0,-3,-5,8,1971.1864013671875
38,0.853658536585366,0.0,-3,-5,8,1971.1864013671875
39,0.902439024390244,0.0,-3,-5,8,1971.1864013671875
40,0.9512195121951219,0.0,-3,-5,8,1971.1864013671875
41,1.0,0.0,-3,-5,8,1971.1864013671875
0,-1.0,0.0,-3,-4,8,1971.1864013671875
1,-0.9512195121951219,0.0,-3,-4,8,1971.1864013671875
2,-0.9024390243902439,0.0,-3,-4,8,1971.1864013671875
3,-0.8536585365853658,0.0,-3,-4,8,1971.1864013671875
4,-0.8048780487804879,0.0,-3,-4,8,1971.1864013671875
5,-0.7560975609756098,0.0,-3,-4,8,1971.1864013671875
6,-0.7073170731707317,0.0,-3,-4,8,1971.1864013671875
7,-0.6585365853658536,0.0,-3,-4,8,1971.1864013671875
8,-0.6097560975609756,0.0,-3,-4,8,1971.1864013671875
9,-0.5609756097560976,2.2400605814709706e-07,-3,-4,8,1971.1864013671875
10,-0.5121951219512195,8.315074410347734e-06,-3,-4,8,1971.1864013671875
11,-0.46341463414634143,1.8029270449915202e-06,-3,-4,8,1971.1864013671875
12,-0.41463414634146334,3.6848598483629758e-06,-3,-4,8,1971.1864013671875
13,-0.36585365853658536,8.364819450434879e-07,-3,-4,8,1971.1864013671875
14,-0.31707317073170727,4.852947313338518e-06,-3,-4,8,1971.1864013671875
15,-0.2682926829268293,2.695266175578581e-06,-3,-4,8,1971.1864013671875
16,-0.2195121951219512,6.3304519244411495e-06,-3,-4,8,1971.1864013671875
17,-0.1707317073170731,1.0595994353934657e-05,-3,-4,8,1971.1864013671875
18,-0.12195121951219512,5.099968802824151e-06,-3,-4,8,1971.1864013671875
19,-0.07317073170731703,1.7396895373167354e-06,-3,-4,8,1971.1864013671875
20,-0.024390243902439046,7.268943591043353e-06,-3,-4,8,1971.1864013671875
21,0.024390243902439046,1.7062352526409086e-06,-3,-4,8,1971.1864013671875
22,0.07317073170731714,1.012470147543354e-05,-3,-4,8,1971.1864013671875
23,0.12195121951219523,5.1723218348342925e-06,-3,-4,8,1971.1864013671875
24,0.17073170731707332,0.0001780363090801984,-3,-4,8,1971.1864013671875
25,0.2195121951219512,1.4372565601661336e-05,-3,-4,8,1971.1864013671875
26,0.2682926829268293,3.476014535408467e-05,-3,-4,8,1971.1864013671875
27,0.3170731707317074,0.0008799866191111505,-3,-4,8,1971.1864013671875
28,0.36585365853658547,0.0001402255438733846,-3,-4,8,1971.1864013671875
29,0.41463414634146356,0.010024650022387505,-3,-4,8,1971.1864013671875
30,0.46341463414634143,0.0001695160462986678,-3,-4,8,1971.1864013671875
31,0.5121951219512195,9.174145088763908e-05,-3,-4,8,1971.1864013671875
32,0.5609756097560976,0.0005512405186891556,-3,-4,8,1971.1864013671875
33,0.6097560975609757,0.00020365066302474588,-3,-4,8,1971.1864013671875
34,0.6585365853658538,2.1627605747198686e-05,-3,-4,8,1971.1864013671875
35,0.7073170731707317,8.103834261419252e-06,-3,-4,8,1971.1864013671875
36,0.7560975609756098,2.2197889848030172e-05,-3,-4,8,1971.1864013671875
37,0.8048780487804879,1.1860855693157646e-06,-3,-4,8,1971.1864013671875
38,0.853658536585366,1.0633016245265026e-05,-3,-4,8,1971.1864013671875
39,0.902439024390244,5.019549917051336e-06,-3,-4,8,1971.1864013671875
40,0.9512195121951219,4.539683231996605e-06,-3,-4,8,1971.1864013671875
41,1.0,7.058316441543866e-06,-3,-4,8,1971.1864013671875
0,-1.0,1.0132592251466122e-05,-3,-2,9,1971.1864013671875
1,-0.9512195121951219,2.883036358980462e-06,-3,-2,9,1971.1864013671875
2,-0.9024390243902439,9.752080586622469e-06,-3,-2,9,1971.1864013671875
3,-0.8536585365853658,3.774300921577378e-06,-3,-2,9,1971.1864013671875
4,-0.8048780487804879,9.285948908654973e-05,-3,-2,9,1971.1864013671875
5,-0.7560975609756098,9.55575960688293e-05,-3,-2,9,1971.1864013671875
6,-0.7073170731707317,2.8926018785568886e-05,-3,-2,9,1971.1864013671875
7,-0.6585365853658536,3.52987990481779e-05,-3,-2,9,1971.1864013671875
8,-0.6097560975609756,7.93173021520488e-05,-3,-2,9,1971.1864013671875
9,-0.5609756097560976,2.3348911781795323e-05,-3,-2,9,1971.1864013671875
10,-0.5121951219512195,0.00026988930767402053,-3,-2,9,1971.1864013671875
11,-0.46341463414634143,3.36072153004352e-05,-3,-2,9,1971.1864013671875
12,-0.41463414634146334,0.00015652332513127476,-3,-2,9,1971.1864013671875
13,-0.36585365853658536,0.00040627626003697515,-3,-2,9,1971.1864013671875
14,-0.31707317073170727,0.0023555008228868246,-3,-2,9,1971.1864013671875
15,-0.2682926829268293,0.0004068302223458886,-3,-2,9,1971.1864013671875
16,-0.2195121951219512,5.616422640741803e-05,-3,-2,9,1971.1864013671875
17,-0.1707317073170731,0.05344711244106293,-3,-2,9,1971.1864013671875
18,-0.12195121951219512,0.005735175684094429,-3,-2,9,1971.1864013671875
19,-0.07317073170731703,1.3562088497565128e-05,-3,-2,9,1971.1864013671875
20,-0.024390243902439046,0.0003169363480992615,-3,-2,9,1971.1864013671875
21,0.024390243902439046,0.00013624406710732728,-3,-2,9,1971.1864013671875
22,0.07317073170731714,0.0002472572377882898,-3,-2,9,1971.1864013671875
23,0.12195121951219523,0.00018250320863444358,-3,-2,9,1971.1864013671875
24,0.17073170731707332,4.041545253130607e-05,-3,-2,9,1971.1864013671875
25,0.2195121951219512,2.0316426798672182e-06,-3,-2,9,1971.1864013671875
26,0.2682926829268293,5.989329656586051e-05,-3,-2,9,1971.1864013671875
27,0.3170731707317074,8.84685869095847e-06,-3,-2,9,1971.1864013671875
28,0.36585365853658547,1.3587138028015033e-06,-3,-2,9,1971.1864013671875
29,0.41463414634146356,1.382815662509529e-05,-3,-2,9,1971.1864013671875
30,0.46341463414634143,6.2664948927704245e-06,-3,-2,9,1971.1864013671875
31,0.5121951219512195,2.464378485456109e-05,-3,-2,9,1971.1864013671875
32,0.5609756097560976,0.00012179669283796102,-3,-2,9,1971.1864013671875
33,0.6097560975609757,5.4947202443145216e-05,-3,-2,9,1971.1864013671875
34,0.6585365853658538,1.650391277507879e-05,-3,-2,9,1971.1864013671875
35,0.7073170731707317,1.9768376660067588e-05,-3,-2,9,1971.1864013671875
36,0.7560975609756098,5.855272888766194e-07,-3,-2,9,1971.1864013671875
37,0.8048780487804879,5.1683127821888775e-05,-3,-2,9,1971.1864013671875
38,0.853658536585366,3.4423296710883733e-06,-3,-2,9,1971.1864013671875
39,0.902439024390244,6.63886453367013e-07,-3,-2,9,1971.1864013671875
40,0.9512195121951219,2.3092873107088963e-06,-3,-2,9,1971.1864013671875
41,1.0,6.880586624902207e-06,-3,-2,9,1971.1864013671875
0,-1.0,0.0,-3,4,11,1971.1864013671875
1,-0.9512195121951219,0.0,-3,4,11,1971.1864013671875
2,-0.9024390243902439,1.1823321983683854e-06,-3,4,11,1971.1864013671875
3,-0.8536585365853658,8.974221827884321e-07,-3,4,11,1971.1864013671875
4,-0.8048780487804879,4.92563913212507e-07,-3,4,11,1971.1864013671875
5,-0.7560975609756098,4.963278001923754e-07,-3,4,11,1971.1864013671875
6,-0.7073170731707317,2.52440145231958e-07,-3,4,11,1971.1864013671875
7,-0.6585365853658536,7.582121384075435e-07,-3,4,11,1971.1864013671875
8,-0.6097560975609756,1.2504269761848263e-05,-3,4,11,1971.1864013671875
9,-0.5609756097560976,2.1418365577119403e-05,-3,4,11,1971.1864013671875
10,-0.5121951219512195,7.349571205850225e-06,-3,4,11,1971.1864013671875
11,-0.46341463414634143,1.2283847354410682e-05,-3,4,11,1971.1864013671875
12,-0.41463414634146334,3.285682396381162e-06,-3,4,11,1971.1864013671875
13,-0.36585365853658536,1.917661847983254e-06,-3,4,11,1971.1864013671875
14,-0.31707317073170727,4.3744225877162535e-06,-3,4,11,1971.1864013671875
15,-0.2682926829268293,1.3465513575283694e-06,-3,4,11,1971.1864013671875
16,-0.2195121951219512,9.615076805857825e-07,-3,4,11,1971.1864013671875
17,-0.1707317073170731,2.2768763301428407e-06,-3,4,11,1971.1864013671875
18,-0.12195121951219512,1.9479161892377306e-06,-3,4,11,1971.1864013671875
19,-0.07317073170731703,1.4022202776686754e-06,-3,4,11,1971.1864013671875
20,-0.024390243902439046,8.300861736643128e-06,-3,4,11,1971.1864013671875
21,0.024390243902439046,9.427913028048351e-06,-3,4,11,1971.1864013671875
22,0.07317073170731714,3.5312946238263976e-06,-3,4,11,1971.1864013671875
23,0.12195121951219523,4.280228949937737e-06,-3,4,11,1971.1864013671875
24,0.17073170731707332,2.5657260266598314e-05,-3,4,11,1971.1864013671875
25,0.2195121951219512,1.1410702427383512e-05,-3,4,11,1971.1864013671875
26,0.2682926829268293,3.290324457339011e-07,-3,4,11,1971.1864013671875
27,0.3170731707317074,1.1357289622537792e-05,-3,4,11,1971.1864013671875
28,0.36585365853658547,2.1120391465956345e-05,-3,4,11,1971.1864013671875
29,0.41463414634146356,4.874505611951463e-05,-3,4,11,1971.1864013671875
30,0.46341463414634143,6.662969826720655e-05,-3,4,11,1971.1864013671875
31,0.5121951219512195,0.00020523722923826426,-3,4,11,1971.1864013671875
32,0.5609756097560976,0.008898508735001087,-3,4,11,1971.1864013671875
33,0.6097560975609757,0.002287941752001643,-3,4,11,1971.1864013671875
34,0.6585365853658538,0.00013664791185874492,-3,4,11,1971.1864013671875
35,0.7073170731707317,0.00048176254495047033,-3,4,11,1971.1864013671875
36,0.7560975609756098,1.5744542906759307e-05,-3,4,11,1971.1864013671875
37,0.8048780487804879,8.235932909883559e-05,-3,4,11,1971.1864013671875
38,0.853658536585366,6.759175448678434e-05,-3,4,11,1971.1864013671875
39,0.902439024390244,2.509401019779034e-05,-3,4,11,1971.1864013671875
40,0.9512195121951219,6.394952833943535e-07,-3,4,11,1971.1864013671875
41,1.0,2.4585485789430095e-06,-3,4,11,1971.1864013671875
0,-1.0,4.547950538835721e-06,-3,5,11,1971.1864013671875
1,-0.9512195121951219,1.2392370081215631e-06,-3,5,11,1971.1864013671875
2,-0.9024390243902439,3.0697754027642077e-06,-3,5,11,1971.1864013671875
3,-0.8536585365853658,7.194530098786345e-06,-3,5,11,1971.1864013671875
4,-0.8048780487804879,9.740159839566331e-06,-3,5,11,1971.1864013671875
5,-0.7560975609756098,1.032665022648871e-05,-3,5,11,1971.1864013671875
6,-0.7073170731707317,3.9247559470823035e-05,-3,5,11,1971.1864013671875
7,-0.6585365853658536,1.1012142749677878e-05,-3,5,11,1971.1864013671875
8,-0.6097560975609756,3.597428440116346e-05,-3,5,11,1971.1864013671875
9,-0.5609756097560976,4.542128226603381e-05,-3,5,11,1971.1864013671875
10,-0.5121951219512195,0.00012492280802689493,-3,5,11,1971.1864013671875
11,-0.46341463414634143,7.947123958729208e-05,-3,5,11,1971.1864013671875
12,-0.41463414634146334,0.00068157963687554,-3,5,11,1971.1864013671875
13,-0.36585365853658536,0.0006972894188947976,-3,5,11,1971.1864013671875
14,-0.31707317073170727,0.0028738256078213453,-3,5,11,1971.1864013671875
15,-0.2682926829268293,1.5824936781427823e-05,-3,5,11,1971.1864013671875
16,-0.2195121951219512,4.364040432847105e-05,-3,5,11,1971.1864013671875
17,-0.1707317073170731,6.989530811551958e-05,-3,5,11,1971.1864013671875
18,-0.12195121951219512,1.5264812418536167e-06,-3,5,11,1971.1864013671875
19,-0.07317073170731703,4.2959521806551493e-07,-3,5,11,1971.1864013671875
20,-0.024390243902439046,2.3791824787622318e-05,-3,5,11,1971.1864013671875
21,0.024390243902439046,8.283624993055128e-06,-3,5,11,1971.1864013671875
22,0.07317073170731714,4.430230092111742e-06,-3,5,11,1971.1864013671875
23,0.12195121951219523,1.0650028343661688e-05,-3,5,11,1971.1864013671875
24,0.17073170731707332,2.1566645500570303e-06,-3,5,11,1971.1864013671875
25,0.2195121951219512,7.361029474850511e-06,-3,5,11,1971.1864013671875
26,0.2682926829268293,5.636604328174144e-06,-3,5,11,1971.1864013671875
27,0.3170731707317074,4.9458171815786045e-06,-3,5,11,1971.1864013671875
28,0.36585365853658547,6.929169558134163e-07,-3,5,11,1971.1864013671875
29,0.41463414634146356,5.458352916321019e-06,-3,5,11,1971.1864013671875
30,0.46341463414634143,2.774875383693143e-06,-3,5,11,1971.1864013671875
31,0.5121951219512195,4.32419717810717e-08,-3,5,11,1971.1864013671875
32,0.5609756097560976,1.3327287433639867e-06,-3,5,11,1971.1864013671875
33,0.6097560975609757,2.6780548978422303e-06,-3,5,11,1971.1864013671875
34,0.6585365853658538,9.88774672805448e-07,-3,5,11,1971.1864013671875
35,0.7073170731707317,1.8509443862058106e-06,-3,5,11,1971.1864013671875
36,0.7560975609756098,1.0568562203161491e-07,-3,5,11,1971.1864013671875
37,0.8048780487804879,0.0,-3,5,11,1971.1864013671875
38,0.853658536585366,0.0,-3,5,11,1971.1864013671875
39,0.902439024390244,0.0,-3,5,11,1971.1864013671875
40,0.9512195121951219,0.0,-3,5,11,1971.1864013671875
41,1.0,0.0,-3,5,11,1971.1864013671875
0,-1.0,0.0,-2,-8,3,1971.1864013671875
1,-0.9512195121951219,0.0,-2,-8,3,1971.1864013671875
2,-0.9024390243902439,0.0,-2,-8,3,1971.1864013671875
3,-0.8536585365853658,0.0,-2,-8,3,1971.1864013671875
4,-0.8048780487804879,0.0,-2,-8,3,1971.1864013671875
5,-0.7560975609756098,0.0,-2,-8,3,1971.1864013671875
6,-0.7073170731707317,0.0,-2,-8,3,1971.1864013671875
7,-0.6585365853658536,0.0,-2,-8,3,1971.1864013671875
8,-0.6097560975609756,0.0,-2,-8,3,1971.1864013671875
9,-0.5609756097560976,0.0,-2,-8,3,1971.1864013671875
10,-0.5121951219512195,0.0,-2,-8,3,1971.1864013671875
11,-0.46341463414634143,8.62557897107763e-07,-2,-8,3,1971.1864013671875
12,-0.41463414634146334,1.6910247495616204e-06,-2,-8,3,1971.1864013671875
13,-0.36585365853658536,1.5706076794685941e-07,-2,-8,3,1971.1864013671875
14,-0.31707317073170727,2.8404958811734105e-06,-2,-8,3,1971.1864013671875
15,-0.2682926829268293,1.565989578011795e-07,-2,-8,3,1971.1864013671875
16,-0.2195121951219512,1.8593195818539243e-06,-2,-8,3,1971.1864013671875
17,-0.1707317073170731,1.2848885262428666e-06,-2,-8,3,1971.1864013671875
18,-0.12195121951219512,2.136601864322074e-07,-2,-8,3,1971.1864013671875
19,-0.07317073170731703,4.807563072972698e-06,-2,-8,3,1971.1864013671875
20,-0.024390243902439046,5.6522553677496035e-06,-2,-8,3,1971.1864013671875
21,0.024390243902439046,5.390703518060036e-05,-2,-8,3,1971.1864013671875
22,0.07317073170731714,1.765365232131444e-05,-2,-8,3,1971.1864013671875
23,0.12195121951219523,7.651341547898483e-06,-2,-8,3,1971.1864013671875
24,0.17073170731707332,1.673049155215267e-05,-2,-8,3,1971.1864013671875
25,0.2195121951219512,2.1613584522128804e-06,-2,-8,3,1971.1864013671875
26,0.2682926829268293,1.446400347049348e-06,-2,-8,3,1971.1864013671875
27,0.3170731707317074,1.3167747283659992e-06,-2,-8,3,1971.1864013671875
28,0.36585365853658547,8.001505307220214e-07,-2,-8,3,1971.1864013671875
29,0.41463414634146356,1.6134864608829957e-06,-2,-8,3,1971.1864013671875
30,0.46341463414634143,2.944723576092656e-07,-2,-8,3,1971.1864013671875
31,0.5121951219512195,5.21670972375432e-06,-2,-8,3,1971.1864013671875
32,0.5609756097560976,1.7974738852899463e-07,-2,-8,3,1971.1864013671875
33,0.6097560975609757,3.3146108080472914e-07,-2,-8,3,1971.1864013671875
34,0.6585365853658538,0.0,-2,-8,3,1971.1864013671875
35,0.7073170731707317,0.0,-2,-8,3,1971.1864013671875
36,0.7560975609756098,0.0,-2,-8,3,1971.1864013671875
37,0.8048780487804879,0.0,-2,-8,3,1971.1864013671875
38,0.853658536585366,0.0,-2,-8,3,1971.1864013671875
39,0.902439024390244,0.0,-2,-8,3,1971.1864013671875
40,0.9512195121951219,0.0,-2,-8,3,1971.1864013671875
41,1.0,0.0,-2,-8,3,1971.1864013671875
0,-1.0,2.364254578424152e-05,-2,-7,4,1971.1864013671875
1,-0.9512195121951219,1.3296076758706477e-05,-2,-7,4,1971.1864013671875
2,-0.9024390243902439,3.7241552490741014e-05,-2,-7,4,1971.1864013671875
3,-0.8536585365853658,2.303767814737512e-06,-2,-7,4,1971.1864013671875
4,-0.8048780487804879,4.4950127630727366e-05,-2,-7,4,1971.1864013671875
5,-0.7560975609756098,0.0003266146231908351,-2,-7,4,1971.1864013671875
6,-0.7073170731707317,0.0004908724804408848,-2,-7,4,1971.1864013671875
7,-0.6585365853658536,0.00012215071183163673,-2,-7,4,1971.1864013671875
8,-0.6097560975609756,0.00011041015386581421,-2,-7,4,1971.1864013671875
9,-0.5609756097560976,1.1114883818663657e-05,-2,-7,4,1971.1864013671875
10,-0.5121951219512195,7.1283311626757495e-06,-2,-7,4,1971.1864013671875
11,-0.46341463414634143,6.222444994818943e-07,-2,-7,4,1971.1864013671875
12,-0.41463414634146334,1.958764642040478e-06,-2,-7,4,1971.1864013671875
13,-0.36585365853658536,5.29519184055971e-06,-2,-7,4,1971.1864013671875
14,-0.31707317073170727,4.3851744635503564e-07,-2,-7,4,1971.1864013671875
15,-0.2682926829268293,4.332038770371582e-06,-2,-7,4,1971.1864013671875
16,-0.2195121951219512,2.484112701495178e-05,-2,-7,4,1971.1864013671875
17,-0.1707317073170731,3.999580826530291e-07,-2,-7,4,1971.1864013671875
18,-0.12195121951219512,4.179123536118823e-08,-2,-7,4,1971.1864013671875
19,-0.07317073170731703,0.0,-2,-7,4,1971.1864013671875
20,-0.024390243902439046,0.0,-2,-7,4,1971.1864013671875
21,0.024390243902439046,0.0,-2,-7,4,1971.1864013671875
22,0.07317073170731714,0.0,-2,-7,4,1971.1864013671875
23,0.12195121951219523,0.0,-2,-7,4,1971.1864013671875
24,0.17073170731707332,0.0,-2,-7,4,1971.1864013671875
25,0.2195121951219512,0.0,-2,-7,4,1971.1864013671875
26,0.2682926829268293,0.0,-2,-7,4,1971.1864013671875
27,0.3170731707317074,0.0,-2,-7,4,1971.1864013671875
28,0.36585365853658547,0.0,-2,-7,4,1971.1864013671875
29,0.41463414634146356,0.0,-2,-7,4,1971.1864013671875
30,0.46341463414634143,0.0,-2,-7,4,1971.1864013671875
31,0.5121951219512195,0.0,-2,-7,4,1971.1864013671875
32,0.5609756097560976,0.0,-2,-7,4,1971.1864013671875
33,0.6097560975609757,0.0,-2,-7,4,1971.1864013671875
34,0.6585365853658538,0.0,-2,-7,4,1971.1864013671875
35,0.7073170731707317,0.0,-2,-7,4,1971.1864013671875
36,0.7560975609756098,0.0,-2,-7,4,1971.1864013671875
37,0.8048780487804879,0.0,-2,-7,4,1971.1864013671875
38,0.853658536585366,0.0,-2,-7,4,1971.1864013671875
39,0.902439024390244,0.0,-2,-7,4,1971.1864013671875
40,0.9512195121951219,0.0,-2,-7,4,1971.1864013671875
41,1.0,0.0,-2,-7,4,1971.1864013671875
0,-1.0,0.0,-2,-6,4,1971.1864013671875
1,-0.9512195121951219,0.0,-2,-6,4,1971.1864013671875
2,-0.9024390243902439,0.0,-2,-6,4,1971.1864013671875
3,-0.8536585365853658,0.0,-2,-6,4,1971.1864013671875
4,-0.8048780487804879,0.0,-2,-6,4,1971.1864013671875
5,-0.7560975609756098,0.0,-2,-6,4,1971.1864013671875
6,-0.7073170731707317,0.0,-2,-6,4,1971.1864013671875
7,-0.6585365853658536,0.0,-2,-6,4,1971.1864013671875
8,-0.6097560975609756,0.0,-2,-6,4,1971.1864013671875
9,-0.5609756097560976,0.0,-2,-6,4,1971.1864013671875
10,-0.5121951219512195,6.897826096974313e-07,-2,-6,4,1971.1864013671875
11,-0.46341463414634143,3.467732767603593e-06,-2,-6,4,1971.1864013671875
12,-0.41463414634146334,3.7548520595009904e-06,-2,-6,4,1971.1864013671875
13,-0.36585365853658536,4.546601303445641e-06,-2,-6,4,1971.1864013671875
14,-0.31707317073170727,2.1896048565395176e-05,-2,-6,4,1971.1864013671875
15,-0.2682926829268293,1.133718978962861e-05,-2,-6,4,1971.1864013671875
16,-0.2195121951219512,3.076980021887721e-07,-2,-6,4,1971.1864013671875
17,-0.1707317073170731,1.9220116882934235e-05,-2,-6,4,1971.1864013671875
18,-0.12195121951219512,1.6279524061246775e-05,-2,-6,4,1971.1864013671875
19,-0.07317073170731703,2.8350203137961216e-05,-2,-6,4,1971.1864013671875
20,-0.024390243902439046,2.2342415832099505e-05,-2,-6,4,1971.1864013671875
21,0.024390243902439046,1.6327269349858398e-06,-2,-6,4,1971.1864013671875
22,0.07317073170731714,4.843261558562517e-05,-2,-6,4,1971.1864013671875
23,0.12195121951219523,0.00024020190176088363,-2,-6,4,1971.1864013671875
24,0.17073170731707332,0.0002924257714767009,-2,-6,4,1971.1864013671875
25,0.2195121951219512,0.003406012197956443,-2,-6,4,1971.1864013671875
26,0.2682926829268293,0.0004038413753733039,-2,-6,4,1971.1864013671875
27,0.3170731707317074,1.5710278603364713e-05,-2,-6,4,1971.1864013671875
28,0.36585365853658547,1.7385436876793392e-05,-2,-6,4,1971.1864013671875
29,0.41463414634146356,3.6737914342666045e-05,-2,-6,4,1971.1864013671875
30,0.46341463414634143,9.009996574604884e-06,-2,-6,4,1971.1864013671875
31,0.5121951219512195,1.7606020264793187e-05,-2,-6,4,1971.1864013671875
32,0.5609756097560976,5.186792577660526e-07,-2,-6,4,1971.1864013671875
33,0.6097560975609757,1.6312518710037693e-05,-2,-6,4,1971.1864013671875
34,0.6585365853658538,4.726731731352629e-06,-2,-6,4,1971.1864013671875
35,0.7073170731707317,1.1359338714100886e-05,-2,-6,4,1971.1864013671875
36,0.7560975609756098,1.406222622790665e-06,-2,-6,4,1971.1864013671875
37,0.8048780487804879,2.319404848094564e-05,-2,-6,4,1971.1864013671875
38,0.853658536585366,1.926462118717609e-06,-2,-6,4,1971.1864013671875
39,0.902439024390244,3.795965994868311e-07,-2,-6,4,1971.1864013671875
40,0.9512195121951219,0.0,-2,-6,4,1971.1864013671875
41,1.0,0.0,-2,-6,4,1971.1864013671875
0,-1.0,0.0,-2,-4,5,1971.1864013671875
1,-0.9512195121951219,0.0,-2,-4,5,1971.1864013671875
2,-0.9024390243902439,0.0,-2,-4,5,1971.1864013671875
3,-0.8536585365853658,1.5271776646841317e-05,-2,-4,5,1971.1864013671875
4,-0.8048780487804879,1.2392220014589839e-05,-2,-4,5,1971.1864013671875
5,-0.7560975609756098,9.761562978383154e-06,-2,-4,5,1971.1864013671875
6,-0.7073170731707317,6.1805967561667785e-06,-2,-4,5,1971.1864013671875
7,-0.6585365853658536,2.0946504264429677e-07,-2,-4,5,1971.1864013671875
8,-0.6097560975609756,2.3941245672176592e-05,-2,-4,5,1971.1864013671875
9,-0.5609756097560976,2.171645292037283e-06,-2,-4,5,1971.1864013671875
10,-0.5121951219512195,3.935596760129556e-05,-2,-4,5,1971.1864013671875
11,-0.46341463414634143,1.6155129287653835e-06,-2,-4,5,1971.1864013671875
12,-0.41463414634146334,1.511165828560479e-05,-2,-4,5,1971.1864013671875
13,-0.36585365853658536,4.892593096883502e-06,-2,-4,5,1971.1864013671875
14,-0.31707317073170727,2.4877638225007104e-06,-2,-4,5,1971.1864013671875
15,-0.2682926829268293,5.1751658247667365e-06,-2,-4,5,1971.1864013671875
16,-0.2195121951219512,2.3036291167954914e-05,-2,-4,5,1971.1864013671875
17,-0.1707317073170731,0.000124052501632832,-2,-4,5,1971.1864013671875
18,-0.12195121951219512,7.296150579350069e-05,-2,-4,5,1971.1864013671875
19,-0.07317073170731703,1.885209530883003e-05,-2,-4,5,1971.1864013671875
20,-0.024390243902439046,0.0006396040553227067,-2,-4,5,1971.1864013671875
21,0.024390243902439046,0.0002666324144229293,-2,-4,5,1971.1864013671875
22,0.07317073170731714,0.0008049323805607855,-2,-4,5,1971.1864013671875
23,0.12195121951219523,0.0006377832614816725,-2,-4,5,1971.1864013671875
24,0.17073170731707332,0.06381107121706009,-2,-4,5,1971.1864013671875
25,0.2195121951219512,0.0003008136118296534,-2,-4,5,1971.1864013671875
26,0.2682926829268293,0.0004563635739032179,-2,-4,5,1971.1864013671875
27,0.3170731707317074,8.42094887048006e-05,-2,-4,5,1971.1864013671875
28,0.36585365853658547,5.545200565393316e-06,-2,-4,5,1971.1864013671875
29,0.41463414634146356,8.860910384100862e-06,-2,-4,5,1971.1864013671875
30,0.46341463414634143,6.649374699918553e-05,-2,-4,5,1971.1864013671875
31,0.5121951219512195,9.141003829427063e-05,-2,-4,5,1971.1864013671875
32,0.5609756097560976,4.594676283886656e-05,-2,-4,5,1971.1864013671875
33,0.6097560975609757,6.8167173594702035e-06,-2,-4,5,1971.1864013671875
34,0.6585365853658538,1.1081682714575436e-05,-2,-4,5,1971.1864013671875
35,0.7073170731707317,1.579837771714665e-06,-2,-4,5,1971.1864013671875
36,0.7560975609756098,7.5813127295987215e-06,-2,-4,5,1971.1864013671875
37,0.8048780487804879,4.656459714169614e-05,-2,-4,5,1971.1864013671875
38,0.853658536585366,1.212428855978942e-06,-2,-4,5,1971.1864013671875
39,0.902439024390244,5.20955336469342e-06,-2,-4,5,1971.1864013671875
40,0.9512195121951219,6.070536073821131e-06,-2,-4,5,1971.1864013671875
41,1.0,4.026697297376813e-06,-2,-4,5,1971.1864013671875
0,-1.0,0.00028249825118109584,-2,-2,6,1971.1864013671875
1,-0.9512195121951219,0.0002730878768488765,-2,-2,6,1971.1864013671875
2,-0.9024390243902439,0.0006952419644221663,-2,-2,6,1971.1864013671875
3,-0.8536585365853658,0.0005892313783988357,-2,-2,6,1971.1864013671875
4,-0.8048780487804879,0.0008343401714228094,-2,-2,6,1971.1864013671875
5,-0.7560975609756098,0.0041328719817101955,-2,-2,6,1971.1864013671875
6,-0.7073170731707317,0.002814572537317872,-2,-2,6,1971.1864013671875
7,-0.6585365853658536,0.0005653049447573721,-2,-2,6,1971.1864013671875
8,-0.6097560975609756,0.03358390927314758,-2,-2,6,1971.1864013671875
9,-0.5609756097560976,0.0009373334469273686,-2,-2,6,1971.1864013671875
10,-0.5121951219512195,0.29501470923423767,-2,-2,6,1971.1864013671875
11,-0.46341463414634143,0.0002276669256389141,-2,-2,6,1971.1864013671875
12,-0.41463414634146334,0.0049717421643435955,-2,-2,6,1971.1864013671875
13,-0.36585365853658536,0.004078310914337635,-2,-2,6,1971.1864013671875
14,-0.31707317073170727,0.0006571437115781009,-2,-2,6,1971.1864013671875
15,-0.2682926829268293,0.0008338138577528298,-2,-2,6,1971.1864013671875
16,-0.2195121951219512,0.0009802201529964805,-2,-2,6,1971.1864013671875
17,-0.1707317073170731,0.0007978435605764389,-2,-2,6,1971.1864013671875
18,-0.12195121951219512,0.0003912978572770953,-2,-2,6,1971.1864013671875
19,-0.07317073170731703,0.00029325755895115435,-2,-2,6,1971.1864013671875
20,-0.024390243902439046,0.00033690276904962957,-2,-2,6,1971.1864013671875
21,0.024390243902439046,0.0003848802007269114,-2,-2,6,1971.1864013671875
22,0.07317073170731714,0.0004438087053131312,-2,-2,6,1971.1864013671875
23,0.12195121951219523,0.0003951062972191721,-2,-2,6,1971.1864013671875
24,0.17073170731707332,0.0002454714267514646,-2,-2,6,1971.1864013671875
25,0.2195121951219512,0.00017900147940963507,-2,-2,6,1971.1864013671875
26,0.2682926829268293,8.130751666612923e-05,-2,-2,6,1971.1864013671875
27,0.3170731707317074,0.00011745122174033895,-2,-2,6,1971.1864013671875
28,0.36585365853658547,0.0001642577990423888,-2,-2,6,1971.1864013671875
29,0.41463414634146356,9.963601041818038e-05,-2,-2,6,1971.1864013671875
30,0.46341463414634143,6.400483107427135e-05,-2,-2,6,1971.1864013671875
31,0.5121951219512195,9.2250709712971e-05,-2,-2,6,1971.1864013671875
32,0.5609756097560976,0.00034996549948118627,-2,-2,6,1971.1864013671875
33,0.6097560975609757,0.0004578329680953175,-2,-2,6,1971.1864013671875
34,0.6585365853658538,0.00011115441884612665,-2,-2,6,1971.1864013671875
35,0.7073170731707317,2.078508805425372e-05,-2,-2,6,1971.1864013671875
36,0.7560975609756098,7.591609755763784e-05,-2,-2,6,1971.1864013671875
37,0.8048780487804879,3.9994334656512365e-05,-2,-2,6,1971.1864013671875
38,0.853658536585366,3.975154868385289e-06,-2,-2,6,1971.1864013671875
39,0.902439024390244,9.953690096153878e-06,-2,-2,6,1971.1864013671875
40,0.9512195121951219,2.529057201172691e-05,-2,-2,6,1971.1864013671875
41,1.0,9.913325629895553e-05,-2,-2,6,1971.1864013671875
0,-1.0,0.00026866598636843264,-2,1,7,1971.1864013671875
1,-0.9512195121951219,0.003328353399410844,-2,1,7,1971.1864013671875
2,-0.9024390243902439,0.00022060380433686078,-2,1,7,1971.1864013671875
3,-0.8536585365853658,0.0002753669105004519,-2,1,7,1971.1864013671875
4,-0.8048780487804879,0.00042363774264231324,-2,1,7,1971.1864013671875
5,-0.7560975609756098,0.0002173578686779365,-2,1,7,1971.1864013671875
6,-0.7073170731707317,0.0010340376757085323,-2,1,7,1971.1864013671875
7,-0.6585365853658536,0.0006500275922007859,-2,1,7,1971.1864013671875
8,-0.6097560975609756,0.0001192586132674478,-2,1,7,1971.1864013671875
9,-0.5609756097560976,8.44767055241391e-05,-2,1,7,1971.1864013671875
10,-0.5121951219512195,0.001739318948239088,-2,1,7,1971.1864013671875
11,-0.46341463414634143,0.0008793443557806313,-2,1,7,1971.1864013671875
12,-0.41463414634146334,0.00020100627443753183,-2,1,7,1971.1864013671875
13,-0.36585365853658536,0.0021836482919752598,-2,1,7,1971.1864013671875
14,-0.31707317073170727,0.0006123408675193787,-2,1,7,1971.1864013671875
15,-0.2682926829268293,0.000565066235139966,-2,1,7,1971.1864013671875
16,-0.2195121951219512,0.0015366324223577976,-2,1,7,1971.1864013671875
17,-0.1707317073170731,0.0029627843759953976,-2,1,7,1971.1864013671875
18,-0.12195121951219512,0.0029604719020426273,-2,1,7,1971.1864013671875
19,-0.07317073170731703,0.00017069651221390814,-2,1,7,1971.1864013671875
20,-0.024390243902439046,0.0035627055913209915,-2,1,7,1971.1864013671875
21,0.024390243902439046,0.006110500078648329,-2,1,7,1971.1864013671875
22,0.07317073170731714,0.009760838933289051,-2,1,7,1971.1864013671875
23,0.12195121951219523,0.011420514434576035,-2,1,7,1971.1864013671875
24,0.17073170731707332,0.005831658840179443,-2,1,7,1971.1864013671875
25,0.2195121951219512,0.0011675131972879171,-2,1,7,1971.1864013671875
26,0.2682926829268293,0.009819948114454746,-2,1,7,1971.1864013671875
27,0.3170731707317074,0.013456963934004307,-2,1,7,1971.1864013671875
28,0.36585365853658547,0.011670959182083607,-2,1,7,1971.1864013671875
29,0.41463414634146356,0.0014185041654855013,-2,1,7,1971.1864013671875
30,0.46341463414634143,0.011327680200338364,-2,1,7,1971.1864013671875
31,0.5121951219512195,0.03992908447980881,-2,1,7,1971.1864013671875
32,0.5609756097560976,0.27885210514068604,-2,1,7,1971.1864013671875
33,0.6097560975609757,0.48339223861694336,-2,1,7,1971.1864013671875
34,0.6585365853658538,0.06500253826379776,-2,1,7,1971.1864013671875
35,0.7073170731707317,0.037630051374435425,-2,1,7,1971.1864013671875
36,0.7560975609756098,0.08077747374773026,-2,1,7,1971.1864013671875
37,0.8048780487804879,0.1572113037109375,-2,1,7,1971.1864013671875
38,0.853658536585366,0.056994616985321045,-2,1,7,1971.1864013671875
39,0.902439024390244,0.01345061231404543,-2,1,7,1971.1864013671875
40,0.9512195121951219,0.008844726718962193,-2,1,7,1971.1864013671875
41,1.0,0.001459222286939621,-2,1,7,1971.1864013671875
0,-1.0,0.0,-2,4,8,1971.1864013671875
1,-0.9512195121951219,0.0,-2,4,8,1971.1864013671875
2,-0.9024390243902439,0.0,-2,4,8,1971.1864013671875
3,-0.8536585365853658,0.0,-2,4,8,1971.1864013671875
4,-0.8048780487804879,0.0,-2,4,8,1971.1864013671875
5,-0.7560975609756098,0.0,-2,4,8,1971.1864013671875
6,-0.7073170731707317,0.0,-2,4,8,1971.1864013671875
7,-0.6585365853658536,3.7714987684012158e-06,-2,4,8,1971.1864013671875
8,-0.6097560975609756,3.65193841389555e-06,-2,4,8,1971.1864013671875
9,-0.5609756097560976,9.619308229957824e-07,-2,4,8,1971.1864013671875
10,-0.5121951219512195,2.2622918550041504e-05,-2,4,8,1971.1864013671875
11,-0.46341463414634143,2.976980795210693e-05,-2,4,8,1971.1864013671875
12,-0.41463414634146334,1.4011995972396107e-06,-2,4,8,1971.1864013671875
13,-0.36585365853658536,6.28229781796108e-06,-2,4,8,1971.1864013671875
14,-0.31707317073170727,2.449779822200071e-05,-2,4,8,1971.1864013671875
15,-0.2682926829268293,4.06437466153875e-05,-2,4,8,1971.1864013671875
16,-0.2195121951219512,8.450116183666978e-06,-2,4,8,1971.1864013671875
17,-0.1707317073170731,1.557419636810664e-05,-2,4,8,1971.1864013671875
18,-0.12195121951219512,7.818628546374384e-06,-2,4,8,1971.1864013671875
19,-0.07317073170731703,3.5752666462940397e-06,-2,4,8,1971.1864013671875
20,-0.024390243902439046,6.240078164410079e-06,-2,4,8,1971.1864013671875
21,0.024390243902439046,2.527353171899449e-05,-2,4,8,1971.1864013671875
22,0.07317073170731714,2.5148041459033266e-05,-2,4,8,1971.1864013671875
23,0.12195121951219523,5.701366717403289e-06,-2,4,8,1971.1864013671875
24,0.17073170731707332,2.8010521418764256e-05,-2,4,8,1971.1864013671875
25,0.2195121951219512,1.611310290172696e-05,-2,4,8,1971.1864013671875
26,0.2682926829268293,4.72397223347798e-05,-2,4,8,1971.1864013671875
27,0.3170731707317074,4.73368818347808e-05,-2,4,8,1971.1864013671875
28,0.36585365853658547,3.0606046493630856e-05,-2,4,8,1971.1864013671875
29,0.41463414634146356,3.7494896787393373e-06,-2,4,8,1971.1864013671875
30,0.46341463414634143,2.635915188875515e-05,-2,4,8,1971.1864013671875
31,0.5121951219512195,0.0003653036546893418,-2,4,8,1971.1864013671875
32,0.5609756097560976,0.005605414044111967,-2,4,8,1971.1864013671875
33,0.6097560975609757,0.013872675597667694,-2,4,8,1971.1864013671875
34,0.6585365853658538,0.004078267142176628,-2,4,8,1971.1864013671875
35,0.7073170731707317,0.04279810190200806,-2,4,8,1971.1864013671875
36,0.7560975609756098,0.010835479944944382,-2,4,8,1971.1864013671875
37,0.8048780487804879,0.003919098060578108,-2,4,8,1971.1864013671875
38,0.853658536585366,0.0009698615176603198,-2,4,8,1971.1864013671875
39,0.902439024390244,0.0001344930933555588,-2,4,8,1971.1864013671875
40,0.9512195121951219,4.745494152302854e-05,-2,4,8,1971.1864013671875
41,1.0,8.08456570666749e-06,-2,4,8,1971.1864013671875
0,-1.0,1.1487210031191353e-05,-2,5,8,1971.1864013671875
1,-0.9512195121951219,7.906879545771517e-06,-2,5,8,1971.1864013671875
2,-0.9024390243902439,6.819803388680157e-08,-2,5,8,1971.1864013671875
3,-0.8536585365853658,1.4259381941883476e-07,-2,5,8,1971.1864013671875
4,-0.8048780487804879,1.7185072920256061e-06,-2,5,8,1971.1864013671875
5,-0.7560975609756098,1.1998036342220075e-08,-2,5,8,1971.1864013671875
6,-0.7073170731707317,1.1860252925544046e-05,-2,5,8,1971.1864013671875
7,-0.6585365853658536,1.0432077942823526e-05,-2,5,8,1971.1864013671875
8,-0.6097560975609756,2.999702246597735e-07,-2,5,8,1971.1864013671875
9,-0.5609756097560976,2.900225126722944e-07,-2,5,8,1971.1864013671875
10,-0.5121951219512195,9.108087397180498e-06,-2,5,8,1971.1864013671875
11,-0.46341463414634143,4.828397777600912e-06,-2,5,8,1971.1864013671875
12,-0.41463414634146334,1.0463063517818227e-05,-2,5,8,1971.1864013671875
13,-0.36585365853658536,1.1341639947204385e-05,-2,5,8,1971.1864013671875
14,-0.31707317073170727,2.1008188923588023e-05,-2,5,8,1971.1864013671875
15,-0.2682926829268293,6.0296806623227894e-05,-2,5,8,1971.1864013671875
16,-0.2195121951219512,0.0027172649279236794,-2,5,8,1971.1864013671875
17,-0.1707317073170731,0.004648592788726091,-2,5,8,1971.1864013671875
18,-0.12195121951219512,0.00030988341313786805,-2,5,8,1971.1864013671875
19,-0.07317073170731703,8.023490408959333e-06,-2,5,8,1971.1864013671875
20,-0.024390243902439046,2.301501081092283e-05,-2,5,8,1971.1864013671875
21,0.024390243902439046,0.00010245637531625107,-2,5,8,1971.1864013671875
22,0.07317073170731714,6.166698767628986e-06,-2,5,8,1971.1864013671875
23,0.12195121951219523,2.7885445064157466e-08,-2,5,8,1971.1864013671875
24,0.17073170731707332,2.011329911510984e-07,-2,5,8,1971.1864013671875
25,0.2195121951219512,2.894809995268588e-06,-2,5,8,1971.1864013671875
26,0.2682926829268293,4.3797654143418185e-06,-2,5,8,1971.1864013671875
27,0.3170731707317074,1.0918372481683036e-06,-2,5,8,1971.1864013671875
28,0.36585365853658547,2.1113223169777484e-07,-2,5,8,1971.1864013671875
29,0.41463414634146356,8.970770295491093e-07,-2,5,8,1971.1864013671875
30,0.46341463414634143,7.685241143917665e-06,-2,5,8,1971.1864013671875
31,0.5121951219512195,4.232026185491122e-06,-2,5,8,1971.1864013671875
32,0.5609756097560976,1.1612509297265206e-05,-2,5,8,1971.1864013671875
33,0.6097560975609757,1.552722642372828e-05,-2,5,8,1971.1864013671875
34,0.6585365853658538,2.7366456833988195e-06,-2,5,8,1971.1864013671875
35,0.7073170731707317,1.4897436813043896e-05,-2,5,8,1971.1864013671875
36,0.7560975609756098,5.216637646299205e-07,-2,5,8,1971.1864013671875
37,0.8048780487804879,2.7543970659849037e-08,-2,5,8,1971.1864013671875
38,0.853658536585366,1.0689473306513264e-08,-2,5,8,1971.1864013671875
39,0.902439024390244,0.0,-2,5,8,1971.1864013671875
40,0.9512195121951219,0.0,-2,5,8,1971.1864013671875
41,1.0,0.0,-2,5,8,1971.1864013671875
0,-1.0,1.3875772992832935e-06,-2,6,8,1971.1864013671875
1,-0.9512195121951219,1.485939537815284e-05,-2,6,8,1971.1864013671875
2,-0.9024390243902439,1.6664045688230544e-05,-2,6,8,1971.1864013671875
3,-0.8536585365853658,4.0678452933207154e-05,-2,6,8,1971.1864013671875
4,-0.8048780487804879,0.00017335261509288102,-2,6,8,1971.1864013671875
5,-0.7560975609756098,7.622235443704994e-06,-2,6,8,1971.1864013671875
6,-0.7073170731707317,0.006089960690587759,-2,6,8,1971.1864013671875
7,-0.6585365853658536,0.0004347962385509163,-2,6,8,1971.1864013671875
8,-0.6097560975609756,0.00024221368948929012,-2,6,8,1971.1864013671875
9,-0.5609756097560976,5.493436401593499e-05,-2,6,8,1971.1864013671875
10,-0.5121951219512195,1.904193231894169e-05,-2,6,8,1971.1864013671875
11,-0.46341463414634143,1.4912731785443611e-05,-2,6,8,1971.1864013671875
12,-0.41463414634146334,7.3789642556221224e-06,-2,6,8,1971.1864013671875
13,-0.36585365853658536,2.280691660416778e-06,-2,6,8,1971.1864013671875
14,-0.31707317073170727,6.311733500297123e-07,-2,6,8,1971.1864013671875
15,-0.2682926829268293,3.029661229447811e-06,-2,6,8,1971.1864013671875
16,-0.2195121951219512,1.5550655234619626e-06,-2,6,8,1971.1864013671875
17,-0.1707317073170731,5.773961220256751e-07,-2,6,8,1971.1864013671875
18,-0.12195121951219512,5.954121206741547e-06,-2,6,8,1971.1864013671875
19,-0.07317073170731703,1.6978509620457771e-06,-2,6,8,1971.1864013671875
20,-0.024390243902439046,1.2613712669917732e-06,-2,6,8,1971.1864013671875
21,0.024390243902439046,8.637400696898112e-07,-2,6,8,1971.1864013671875
22,0.07317073170731714,1.0199220241702278e-06,-2,6,8,1971.1864013671875
23,0.12195121951219523,3.2089137675939128e-06,-2,6,8,1971.1864013671875
24,0.17073170731707332,1.6457957485727093e-07,-2,6,8,1971.1864013671875
25,0.2195121951219512,0.0,-2,6,8,1971.1864013671875
26,0.2682926829268293,0.0,-2,6,8,1971.1864013671875
27,0.3170731707317074,0.0,-2,6,8,1971.1864013671875
28,0.36585365853658547,0.0,-2,6,8,1971.1864013671875
29,0.41463414634146356,0.0,-2,6,8,1971.1864013671875
30,0.46341463414634143,0.0,-2,6,8,1971.1864013671875
31,0.5121951219512195,0.0,-2,6,8,1971.1864013671875
32,0.5609756097560976,0.0,-2,6,8,1971.1864013671875
33,0.6097560975609757,0.0,-2,6,8,1971.1864013671875
34,0.6585365853658538,0.0,-2,6,8,1971.1864013671875
35,0.7073170731707317,0.0,-2,6,8,1971.1864013671875
36,0.7560975609756098,0.0,-2,6,8,1971.1864013671875
37,0.8048780487804879,0.0,-2,6,8,1971.1864013671875
38,0.853658536585366,0.0,-2,6,8,1971.1864013671875
39,0.902439024390244,0.0,-2,6,8,1971.1864013671875
40,0.9512195121951219,0.0,-2,6,8,1971.1864013671875
41,1.0,0.0,-2,6,8,1971.1864013671875
0,-1.0,0.0,-1,-9,-1,1971.1864013671875
1,-0.9512195121951219,0.0,-1,-9,-1,1971.1864013671875
2,-0.9024390243902439,0.0,-1,-9,-1,1971.1864013671875
3,-0.8536585365853658,0.0,-1,-9,-1,1971.1864013671875
4,-0.8048780487804879,0.0,-1,-9,-1,1971.1864013671875
5,-0.7560975609756098,0.0,-1,-9,-1,1971.1864013671875
6,-0.7073170731707317,0.0,-1,-9,-1,1971.1864013671875
7,-0.6585365853658536,0.0,-1,-9,-1,1971.1864013671875
8,-0.6097560975609756,0.0,-1,-9,-1,1971.1864013671875
9,-0.5609756097560976,0.0,-1,-9,-1,1971.1864013671875
10,-0.5121951219512195,0.0,-1,-9,-1,1971.1864013671875
11,-0.46341463414634143,0.0,-1,-9,-1,1971.1864013671875
12,-0.41463414634146334,0.0,-1,-9,-1,1971.1864013671875
13,-0.36585365853658536,0.0,-1,-9,-1,1971.1864013671875
14,-0.31707317073170727,2.2683509541820968e-06,-1,-9,-1,1971.1864013671875
15,-0.2682926829268293,1.9169535789842485e-06,-1,-9,-1,1971.1864013671875
16,-0.2195121951219512,5.755256324846414e-07,-1,-9,-1,1971.1864013671875
17,-0.1707317073170731,5.619458988803672e-06,-1,-9,-1,1971.1864013671875
18,-0.12195121951219512,1.3269047940411838e-06,-1,-9,-1,1971.1864013671875
19,-0.07317073170731703,2.4367038804484764e-06,-1,-9,-1,1971.1864013671875
20,-0.024390243902439046,4.122162408748409e-06,-1,-9,-1,1971.1864013671875
21,0.024390243902439046,7.906669452495407e-06,-1,-9,-1,1971.1864013671875
22,0.07317073170731714,1.642368260945659e-05,-1,-9,-1,1971.1864013671875
23,0.12195121951219523,5.388331919675693e-05,-1,-9,-1,1971.1864013671875
24,0.17073170731707332,0.0034295078366994858,-1,-9,-1,1971.1864013671875
25,0.2195121951219512,0.000130460990476422,-1,-9,-1,1971.1864013671875
26,0.2682926829268293,1.561061799293384e-05,-1,-9,-1,1971.1864013671875
27,0.3170731707317074,7.984954208950512e-06,-1,-9,-1,1971.1864013671875
28,0.36585365853658547,2.270758614031365e-06,-1,-9,-1,1971.1864013671875
29,0.41463414634146356,4.877542778558563e-07,-1,-9,-1,1971.1864013671875
30,0.46341463414634143,1.930195139721036e-06,-1,-9,-1,1971.1864013671875
31,0.5121951219512195,5.0942021516675595e-06,-1,-9,-1,1971.1864013671875
32,0.5609756097560976,1.2616335709481064e-07,-1,-9,-1,1971.1864013671875
33,0.6097560975609757,1.8069340512738563e-06,-1,-9,-1,1971.1864013671875
34,0.6585365853658538,2.490652832420892e-06,-1,-9,-1,1971.1864013671875
35,0.7073170731707317,0.0,-1,-9,-1,1971.1864013671875
36,0.7560975609756098,0.0,-1,-9,-1,1971.1864013671875
37,0.8048780487804879,0.0,-1,-9,-1,1971.1864013671875
38,0.853658536585366,0.0,-1,-9,-1,1971.1864013671875
39,0.902439024390244,0.0,-1,-9,-1,1971.1864013671875
40,0.9512195121951219,0.0,-1,-9,-1,1971.1864013671875
41,1.0,0.0,-1,-9,-1,1971.1864013671875
0,-1.0,0.0,-1,-8,0,1971.1864013671875
1,-0.9512195121951219,2.2240591590616532e-07,-1,-8,0,1971.1864013671875
2,-0.9024390243902439,2.7193495952815283e-06,-1,-8,0,1971.1864013671875
3,-0.8536585365853658,1.1273815516688046e-06,-1,-8,0,1971.1864013671875
4,-0.8048780487804879,6.01245483267121e-06,-1,-8,0,1971.1864013671875
5,-0.7560975609756098,1.1438061847002245e-05,-1,-8,0,1971.1864013671875
6,-0.7073170731707317,2.2608666768064722e-05,-1,-8,0,1971.1864013671875
7,-0.6585365853658536,1.7321597169939196e-06,-1,-8,0,1971.1864013671875
8,-0.6097560975609756,5.245339252724079e-06,-1,-8,0,1971.1864013671875
9,-0.5609756097560976,1.0759863471321296e-05,-1,-8,0,1971.1864013671875
10,-0.5121951219512195,4.914762394037098e-05,-1,-8,0,1971.1864013671875
11,-0.46341463414634143,8.184101716324221e-06,-1,-8,0,1971.1864013671875
12,-0.41463414634146334,0.01797645352780819,-1,-8,0,1971.1864013671875
13,-0.36585365853658536,0.00010925241076620296,-1,-8,0,1971.1864013671875
14,-0.31707317073170727,1.6929912817431614e-05,-1,-8,0,1971.1864013671875
15,-0.2682926829268293,6.226624100236222e-05,-1,-8,0,1971.1864013671875
16,-0.2195121951219512,3.538422242854722e-05,-1,-8,0,1971.1864013671875
17,-0.1707317073170731,0.00019032439740840346,-1,-8,0,1971.1864013671875
18,-0.12195121951219512,1.9211079234082717e-06,-1,-8,0,1971.1864013671875
19,-0.07317073170731703,4.434175025380682e-06,-1,-8,0,1971.1864013671875
20,-0.024390243902439046,4.0315521232514584e-07,-1,-8,0,1971.1864013671875
21,0.024390243902439046,2.287013558088802e-06,-1,-8,0,1971.1864013671875
22,0.07317073170731714,2.2210326733329566e-06,-1,-8,0,1971.1864013671875
23,0.12195121951219523,7.350078021772788e-07,-1,-8,0,1971.1864013671875
24,0.17073170731707332,3.0578373753087362e-06,-1,-8,0,1971.1864013671875
25,0.2195121951219512,0.0,-1,-8,0,1971.1864013671875
26,0.2682926829268293,0.0,-1,-8,0,1971.1864013671875
27,0.3170731707317074,0.0,-1,-8,0,1971.1864013671875
28,0.36585365853658547,0.0,-1,-8,0,1971.1864013671875
29,0.41463414634146356,0.0,-1,-8,0,1971.1864013671875
30,0.46341463414634143,0.0,-1,-8,0,1971.1864013671875
31,0.5121951219512195,0.0,-1,-8,0,1971.1864013671875
32,0.5609756097560976,0.0,-1,-8,0,1971.1864013671875
33,0.6097560975609757,0.0,-1,-8,0,1971.1864013671875
34,0.6585365853658538,0.0,-1,-8,0,1971.1864013671875
35,0.7073170731707317,0.0,-1,-8,0,1971.1864013671875
36,0.7560975609756098,0.0,-1,-8,0,1971.1864013671875
37,0.8048780487804879,0.0,-1,-8,0,1971.1864013671875
38,0.853658536585366,0.0,-1,-8,0,1971.1864013671875
39,0.902439024390244,0.0,-1,-8,0,1971.1864013671875
40,0.9512195121951219,0.0,-1,-8,0,1971.1864013671875
41,1.0,0.0,-1,-8,0,1971.1864013671875
0,-1.0,0.0,-1,-7,0,1971.1864013671875
1,-0.9512195121951219,0.0,-1,-7,0,1971.1864013671875
2,-0.9024390243902439,0.0,-1,-7,0,1971.1864013671875
3,-0.8536585365853658,0.0,-1,-7,0,1971.1864013671875
4,-0.8048780487804879,0.0,-1,-7,0,1971.1864013671875
5,-0.7560975609756098,0.0,-1,-7,0,1971.1864013671875
6,-0.7073170731707317,0.0,-1,-7,0,1971.1864013671875
7,-0.6585365853658536,0.0,-1,-7,0,1971.1864013671875
8,-0.6097560975609756,0.0,-1,-7,0,1971.1864013671875
9,-0.5609756097560976,0.0,-1,-7,0,1971.1864013671875
10,-0.5121951219512195,0.0,-1,-7,0,1971.1864013671875
11,-0.46341463414634143,0.0,-1,-7,0,1971.1864013671875
12,-0.41463414634146334,0.0,-1,-7,0,1971.1864013671875
13,-0.36585365853658536,0.0,-1,-7,0,1971.1864013671875
14,-0.31707317073170727,0.0,-1,-7,0,1971.1864013671875
15,-0.2682926829268293,0.0,-1,-7,0,1971.1864013671875
16,-0.2195121951219512,0.0,-1,-7,0,1971.1864013671875
17,-0.1707317073170731,0.0,-1,-7,0,1971.1864013671875
18,-0.12195121951219512,1.0416365547882833e-09,-1,-7,0,1971.1864013671875
19,-0.07317073170731703,2.9439957870636135e-05,-1,-7,0,1971.1864013671875
20,-0.024390243902439046,4.291835921321763e-06,-1,-7,0,1971.1864013671875
21,0.024390243902439046,6.2494768826582e-06,-1,-7,0,1971.1864013671875
22,0.07317073170731714,4.605355115927523e-06,-1,-7,0,1971.1864013671875
23,0.12195121951219523,3.3177526347571984e-05,-1,-7,0,1971.1864013671875
24,0.17073170731707332,6.254936579352943e-06,-1,-7,0,1971.1864013671875
25,0.2195121951219512,1.784474079613574e-05,-1,-7,0,1971.1864013671875
26,0.2682926829268293,1.379256536893081e-05,-1,-7,0,1971.1864013671875
27,0.3170731707317074,3.459828076302074e-05,-1,-7,0,1971.1864013671875
28,0.36585365853658547,3.486902642180212e-05,-1,-7,0,1971.1864013671875
29,0.41463414634146356,0.0002101937570841983,-1,-7,0,1971.1864013671875
30,0.46341463414634143,0.0006769115570932627,-1,-7,0,1971.1864013671875
31,0.5121951219512195,0.026406416669487953,-1,-7,0,1971.1864013671875
32,0.5609756097560976,6.569548713741824e-05,-1,-7,0,1971.1864013671875
33,0.6097560975609757,0.00023064875858835876,-1,-7,0,1971.1864013671875
34,0.6585365853658538,4.631507181329653e-05,-1,-7,0,1971.1864013671875
35,0.7073170731707317,2.151839180442039e-05,-1,-7,0,1971.1864013671875
36,0.7560975609756098,1.623146658857877e-06,-1,-7,0,1971.1864013671875
37,0.8048780487804879,2.035833676927723e-05,-1,-7,0,1971.1864013671875
38,0.853658536585366,1.1867184184666257e-05,-1,-7,0,1971.1864013671875
39,0.902439024390244,2.4293133265018696e-06,-1,-7,0,1971.1864013671875
40,0.9512195121951219,6.632874828937929e-06,-1,-7,0,1971.1864013671875
41,1.0,1.5925556908769067e-06,-1,-7,0,1971.1864013671875
0,-1.0,3.712769682806538e-07,-1,-6,1,1971.1864013671875
1,-0.9512195121951219,3.191414634784451e-07,-1,-6,1,1971.1864013671875
2,-0.9024390243902439,7.5552738962869626e-06,-1,-6,1,1971.1864013671875
3,-0.8536585365853658,1.5181051821855363e-05,-1,-6,1,1971.1864013671875
4,-0.8048780487804879,1.406407591275638e-05,-1,-6,1,1971.1864013671875
5,-0.7560975609756098,5.190982483327389e-05,-1,-6,1,1971.1864013671875
6,-0.7073170731707317,1.2999302271055058e-05,-1,-6,1,1971.1864013671875
7,-0.6585365853658536,7.914366619843349e-07,-1,-6,1,1971.1864013671875
8,-0.6097560975609756,3.096564250881784e-05,-1,-6,1,1971.1864013671875
9,-0.5609756097560976,3.607366670621559e-05,-1,-6,1,1971.1864013671875
10,-0.5121951219512195,0.00010244399163639173,-1,-6,1,1971.1864013671875
11,-0.46341463414634143,1.9764788703469094e-06,-1,-6,1,1971.1864013671875
12,-0.41463414634146334,0.001128336414694786,-1,-6,1,1971.1864013671875
13,-0.36585365853658536,0.01728692650794983,-1,-6,1,1971.1864013671875
14,-0.31707317073170727,0.0025021336041390896,-1,-6,1,1971.1864013671875
15,-0.2682926829268293,0.00017357285832986236,-1,-6,1,1971.1864013671875
16,-0.2195121951219512,0.0001257269032066688,-1,-6,1,1971.1864013671875
17,-0.1707317073170731,1.6169220543815754e-05,-1,-6,1,1971.1864013671875
18,-0.12195121951219512,2.421420049358858e-06,-1,-6,1,1971.1864013671875
19,-0.07317073170731703,7.89711236848234e-07,-1,-6,1,1971.1864013671875
20,-0.024390243902439046,1.0692333489714656e-05,-1,-6,1,1971.1864013671875
21,0.024390243902439046,2.533145789129776e-06,-1,-6,1,1971.1864013671875
22,0.07317073170731714,0.0002801826340146363,-1,-6,1,1971.1864013671875
23,0.12195121951219523,3.915662819053978e-05,-1,-6,1,1971.1864013671875
24,0.17073170731707332,5.958499968983233e-06,-1,-6,1,1971.1864013671875
25,0.2195121951219512,1.067160610546125e-06,-1,-6,1,1971.1864013671875
26,0.2682926829268293,1.971973006220651e-06,-1,-6,1,1971.1864013671875
27,0.3170731707317074,1.0899640301431646e-06,-1,-6,1,1971.1864013671875
28,0.36585365853658547,3.6775352896256663e-07,-1,-6,1,1971.1864013671875
29,0.41463414634146356,2.7642215627565747e-06,-1,-6,1,1971.1864013671875
30,0.46341463414634143,0.0,-1,-6,1,1971.1864013671875
31,0.5121951219512195,0.0,-1,-6,1,1971.1864013671875
32,0.5609756097560976,0.0,-1,-6,1,1971.1864013671875
33,0.6097560975609757,0.0,-1,-6,1,1971.1864013671875
34,0.6585365853658538,0.0,-1,-6,1,1971.1864013671875
35,0.7073170731707317,0.0,-1,-6,1,1971.1864013671875
36,0.7560975609756098,0.0,-1,-6,1,1971.1864013671875
37,0.8048780487804879,0.0,-1,-6,1,1971.1864013671875
38,0.853658536585366,0.0,-1,-6,1,1971.1864013671875
39,0.902439024390244,0.0,-1,-6,1,1971.1864013671875
40,0.9512195121951219,0.0,-1,-6,1,1971.1864013671875
41,1.0,0.0,-1,-6,1,1971.1864013671875
0,-1.0,0.0,-1,-5,1,1971.1864013671875
1,-0.9512195121951219,0.0,-1,-5,1,1971.1864013671875
2,-0.9024390243902439,0.0,-1,-5,1,1971.1864013671875
3,-0.8536585365853658,0.0,-1,-5,1,1971.1864013671875
4,-0.8048780487804879,0.0,-1,-5,1,1971.1864013671875
5,-0.7560975609756098,0.0,-1,-5,1,1971.1864013671875
6,-0.7073170731707317,0.0,-1,-5,1,1971.1864013671875
7,-0.6585365853658536,0.0,-1,-5,1,1971.1864013671875
8,-0.6097560975609756,0.0,-1,-5,1,1971.1864013671875
9,-0.5609756097560976,0.0,-1,-5,1,1971.1864013671875
10,-0.5121951219512195,0.0,-1,-5,1,1971.1864013671875
11,-0.46341463414634143,0.0,-1,-5,1,1971.1864013671875
12,-0.41463414634146334,0.0,-1,-5,1,1971.1864013671875
13,-0.36585365853658536,0.0,-1,-5,1,1971.1864013671875
14,-0.31707317073170727,0.0,-1,-5,1,1971.1864013671875
15,-0.2682926829268293,0.0,-1,-5,1,1971.1864013671875
16,-0.2195121951219512,0.0,-1,-5,1,1971.1864013671875
17,-0.1707317073170731,0.0,-1,-5,1,1971.1864013671875
18,-0.12195121951219512,0.0,-1,-5,1,1971.1864013671875
19,-0.07317073170731703,1.8072973944072146e-06,-1,-5,1,1971.1864013671875
20,-0.024390243902439046,2.2925240045879036e-05,-1,-5,1,1971.1864013671875
21,0.024390243902439046,5.747073009843007e-05,-1,-5,1,1971.1864013671875
22,0.07317073170731714,3.3274358429480344e-05,-1,-5,1,1971.1864013671875
23,0.12195121951219523,1.3157645298633724e-05,-1,-5,1,1971.1864013671875
24,0.17073170731707332,1.656696076679509e-05,-1,-5,1,1971.1864013671875
25,0.2195121951219512,8.645177149446681e-05,-1,-5,1,1971.1864013671875
26,0.2682926829268293,5.616620455839438e-06,-1,-5,1,1971.1864013671875
27,0.3170731707317074,3.1949064577929676e-05,-1,-5,1,1971.1864013671875
28,0.36585365853658547,8.397491910727695e-05,-1,-5,1,1971.1864013671875
29,0.41463414634146356,6.449442298617214e-05,-1,-5,1,1971.1864013671875
30,0.46341463414634143,0.00019517926557455212,-1,-5,1,1971.1864013671875
31,0.5121951219512195,0.00012348435120657086,-1,-5,1,1971.1864013671875
32,0.5609756097560976,2.4902286895667203e-05,-1,-5,1,1971.1864013671875
33,0.6097560975609757,1.4147359479466104e-06,-1,-5,1,1971.1864013671875
34,0.6585365853658538,0.001270559965632856,-1,-5,1,1971.1864013671875
35,0.7073170731707317,0.0023934224154800177,-1,-5,1,1971.1864013671875
36,0.7560975609756098,0.022769449278712273,-1,-5,1,1971.1864013671875
37,0.8048780487804879,0.18978850543498993,-1,-5,1,1971.1864013671875
38,0.853658536585366,0.009171532467007637,-1,-5,1,1971.1864013671875
39,0.902439024390244,0.002596611389890313,-1,-5,1,1971.1864013671875
40,0.9512195121951219,0.0005493268836289644,-1,-5,1,1971.1864013671875
41,1.0,8.073630851868074e-06,-1,-5,1,1971.1864013671875
0,-1.0,7.380371243925765e-05,-1,-4,2,1971.1864013671875
1,-0.9512195121951219,0.00012187348329462111,-1,-4,2,1971.1864013671875
2,-0.9024390243902439,0.00011648311192402616,-1,-4,2,1971.1864013671875
3,-0.8536585365853658,9.012141526909545e-05,-1,-4,2,1971.1864013671875
4,-0.8048780487804879,0.00033644604263827205,-1,-4,2,1971.1864013671875
5,-0.7560975609756098,0.000939357269089669,-1,-4,2,1971.1864013671875
6,-0.7073170731707317,0.002614096039906144,-1,-4,2,1971.1864013671875
7,-0.6585365853658536,0.001001316006295383,-1,-4,2,1971.1864013671875
8,-0.6097560975609756,0.0748942643404007,-1,-4,2,1971.1864013671875
9,-0.5609756097560976,0.010793301276862621,-1,-4,2,1971.1864013671875
10,-0.5121951219512195,0.0026476471684873104,-1,-4,2,1971.1864013671875
11,-0.46341463414634143,0.00050591048784554,-1,-4,2,1971.1864013671875
12,-0.41463414634146334,0.00015938861179165542,-1,-4,2,1971.1864013671875
13,-0.36585365853658536,0.0003709183365572244,-1,-4,2,1971.1864013671875
14,-0.31707317073170727,0.00011975365487160161,-1,-4,2,1971.1864013671875
15,-0.2682926829268293,8.866261487128213e-05,-1,-4,2,1971.1864013671875
16,-0.2195121951219512,0.0002577094710431993,-1,-4,2,1971.1864013671875
17,-0.1707317073170731,3.681211455841549e-05,-1,-4,2,1971.1864013671875
18,-0.12195121951219512,0.00034095373121090233,-1,-4,2,1971.1864013671875
19,-0.07317073170731703,0.00028353414381854236,-1,-4,2,1971.1864013671875
20,-0.024390243902439046,1.3349923392524943e-05,-1,-4,2,1971.1864013671875
21,0.024390243902439046,9.486532508162782e-05,-1,-4,2,1971.1864013671875
22,0.07317073170731714,7.845080290280748e-06,-1,-4,2,1971.1864013671875
23,0.12195121951219523,2.172330141547718e-06,-1,-4,2,1971.1864013671875
24,0.17073170731707332,2.7357418730389327e-05,-1,-4,2,1971.1864013671875
25,0.2195121951219512,3.771420961129479e-05,-1,-4,2,1971.1864013671875
26,0.2682926829268293,1.9119602256978396e-06,-1,-4,2,1971.1864013671875
27,0.3170731707317074,1.562635588925332e-05,-1,-4,2,1971.1864013671875
28,0.36585365853658547,1.6162799511221237e-05,-1,-4,2,1971.1864013671875
29,0.41463414634146356,3.277564701420488e-06,-1,-4,2,1971.1864013671875
30,0.46341463414634143,4.942063242197037e-06,-1,-4,2,1971.1864013671875
31,0.5121951219512195,9.85623864835361e-06,-1,-4,2,1971.1864013671875
32,0.5609756097560976,0.0,-1,-4,2,1971.1864013671875
33,0.6097560975609757,0.0,-1,-4,2,1971.1864013671875
34,0.6585365853658538,0.0,-1,-4,2,1971.1864013671875
35,0.7073170731707317,0.0,-1,-4,2,1971.1864013671875
36,0.7560975609756098,0.0,-1,-4,2,1971.1864013671875
37,0.8048780487804879,0.0,-1,-4,2,1971.1864013671875
38,0.853658536585366,0.0,-1,-4,2,1971.1864013671875
39,0.902439024390244,0.0,-1,-4,2,1971.1864013671875
40,0.9512195121951219,0.0,-1,-4,2,1971.1864013671875
41,1.0,0.0,-1,-4,2,1971.1864013671875
0,-1.0,0.0,-1,-3,2,1971.1864013671875
1,-0.9512195121951219,0.0,-1,-3,2,1971.1864013671875
2,-0.9024390243902439,0.0,-1,-3,2,1971.1864013671875
3,-0.8536585365853658,0.0,-1,-3,2,1971.1864013671875
4,-0.8048780487804879,0.0,-1,-3,2,1971.1864013671875
5,-0.7560975609756098,0.0,-1,-3,2,1971.1864013671875
6,-0.7073170731707317,0.0,-1,-3,2,1971.1864013671875
7,-0.6585365853658536,0.0,-1,-3,2,1971.1864013671875
8,-0.6097560975609756,0.0,-1,-3,2,1971.1864013671875
9,-0.5609756097560976,0.0,-1,-3,2,1971.1864013671875
10,-0.5121951219512195,0.0,-1,-3,2,1971.1864013671875
11,-0.46341463414634143,1.4957041457819287e-05,-1,-3,2,1971.1864013671875
12,-0.41463414634146334,1.3701410352950916e-05,-1,-3,2,1971.1864013671875
13,-0.36585365853658536,1.6071424397523515e-05,-1,-3,2,1971.1864013671875
14,-0.31707317073170727,4.86997450934723e-05,-1,-3,2,1971.1864013671875
15,-0.2682926829268293,9.466549090575427e-05,-1,-3,2,1971.1864013671875
16,-0.2195121951219512,4.403978164191358e-05,-1,-3,2,1971.1864013671875
17,-0.1707317073170731,6.099553138483316e-05,-1,-3,2,1971.1864013671875
18,-0.12195121951219512,3.534157804097049e-05,-1,-3,2,1971.1864013671875
19,-0.07317073170731703,0.0001978520303964615,-1,-3,2,1971.1864013671875
20,-0.024390243902439046,1.9457478629192337e-05,-1,-3,2,1971.1864013671875
21,0.024390243902439046,0.00011025801359210163,-1,-3,2,1971.1864013671875
22,0.07317073170731714,0.00019560795044526458,-1,-3,2,1971.1864013671875
23,0.12195121951219523,2.4990957172121853e-05,-1,-3,2,1971.1864013671875
24,0.17073170731707332,0.00010198329982813448,-1,-3,2,1971.1864013671875
25,0.2195121951219512,0.0002927091845776886,-1,-3,2,1971.1864013671875
26,0.2682926829268293,0.00025478986208327115,-1,-3,2,1971.1864013671875
27,0.3170731707317074,0.00026696475106291473,-1,-3,2,1971.1864013671875
28,0.36585365853658547,0.0005652560503222048,-1,-3,2,1971.1864013671875
29,0.41463414634146356,0.00021090636437293142,-1,-3,2,1971.1864013671875
30,0.46341463414634143,3.877863855450414e-05,-1,-3,2,1971.1864013671875
31,0.5121951219512195,0.0004026620299555361,-1,-3,2,1971.1864013671875
32,0.5609756097560976,0.0010002409107983112,-1,-3,2,1971.1864013671875
33,0.6097560975609757,0.0001672946964390576,-1,-3,2,1971.1864013671875
34,0.6585365853658538,0.0009664798271842301,-1,-3,2,1971.1864013671875
35,0.7073170731707317,0.0015530496602877975,-1,-3,2,1971.1864013671875
36,0.7560975609756098,0.00023786792007740587,-1,-3,2,1971.1864013671875
37,0.8048780487804879,0.0013347698841243982,-1,-3,2,1971.1864013671875
38,0.853658536585366,0.009187054820358753,-1,-3,2,1971.1864013671875
39,0.902439024390244,0.00470349146053195,-1,-3,2,1971.1864013671875
40,0.9512195121951219,0.01673717238008976,-1,-3,2,1971.1864013671875
41,1.0,0.2663719952106476,-1,-3,2,1971.1864013671875
0,-1.0,0.0005442967521958053,-1,-1,3,1971.1864013671875
1,-0.9512195121951219,6.243691586860223e-06,-1,-1,3,1971.1864013671875
2,-0.9024390243902439,0.0005502284038811922,-1,-1,3,1971.1864013671875
3,-0.8536585365853658,0.00010529909195611253,-1,-1,3,1971.1864013671875
4,-0.8048780487804879,2.756524736469146e-05,-1,-1,3,1971.1864013671875
5,-0.7560975609756098,0.0007036261376924813,-1,-1,3,1971.1864013671875
6,-0.7073170731707317,0.0009602875798009336,-1,-1,3,1971.1864013671875
7,-0.6585365853658536,0.0003391837817616761,-1,-1,3,1971.1864013671875
8,-0.6097560975609756,0.0012263248208910227,-1,-1,3,1971.1864013671875
9,-0.5609756097560976,0.000154220120748505,-1,-1,3,1971.1864013671875
10,-0.5121951219512195,0.0007496973848901689,-1,-1,3,1971.1864013671875
11,-0.46341463414634143,0.00022307086328510195,-1,-1,3,1971.1864013671875
12,-0.41463414634146334,6.49043868179433e-05,-1,-1,3,1971.1864013671875
13,-0.36585365853658536,0.0005045889411121607,-1,-1,3,1971.1864013671875
14,-0.31707317073170727,0.0002182714088121429,-1,-1,3,1971.1864013671875
15,-0.2682926829268293,0.0019132382003590465,-1,-1,3,1971.1864013671875
16,-0.2195121951219512,0.0012097569415345788,-1,-1,3,1971.1864013671875
17,-0.1707317073170731,0.0011619452852755785,-1,-1,3,1971.1864013671875
18,-0.12195121951219512,8.264711505034938e-05,-1,-1,3,1971.1864013671875
19,-0.07317073170731703,0.0014235040871426463,-1,-1,3,1971.1864013671875
20,-0.024390243902439046,0.0003848218184430152,-1,-1,3,1971.1864013671875
21,0.024390243902439046,0.00231951498426497,-1,-1,3,1971.1864013671875
22,0.07317073170731714,0.0014059774111956358,-1,-1,3,1971.1864013671875
23,0.12195121951219523,0.0015596465673297644,-1,-1,3,1971.1864013671875
24,0.17073170731707332,0.0028842908795922995,-1,-1,3,1971.1864013671875
25,0.2195121951219512,0.008130418136715889,-1,-1,3,1971.1864013671875
26,0.2682926829268293,0.008960993960499763,-1,-1,3,1971.1864013671875
27,0.3170731707317074,0.0031281670089811087,-1,-1,3,1971.1864013671875
28,0.36585365853658547,0.020044732838869095,-1,-1,3,1971.1864013671875
29,0.41463414634146356,0.004489237908273935,-1,-1,3,1971.1864013671875
30,0.46341463414634143,0.05208263546228409,-1,-1,3,1971.1864013671875
31,0.5121951219512195,0.019691040739417076,-1,-1,3,1971.1864013671875
32,0.5609756097560976,0.2292347401380539,-1,-1,3,1971.1864013671875
33,0.6097560975609757,0.019838858395814896,-1,-1,3,1971.1864013671875
34,0.6585365853658538,0.040754448622465134,-1,-1,3,1971.1864013671875
35,0.7073170731707317,0.053799405694007874,-1,-1,3,1971.1864013671875
36,0.7560975609756098,0.026083964854478836,-1,-1,3,1971.1864013671875
37,0.8048780487804879,0.013988210819661617,-1,-1,3,1971.1864013671875
38,0.853658536585366,0.007445560768246651,-1,-1,3,1971.1864013671875
39,0.902439024390244,0.006671932525932789,-1,-1,3,1971.1864013671875
40,0.9512195121951219,0.006714538671076298,-1,-1,3,1971.1864013671875
41,1.0,0.001584816025570035,-1,-1,3,1971.1864013671875
0,-1.0,0.0006293854676187038,-1,2,4,1971.1864013671875
1,-0.9512195121951219,0.0015890125650912523,-1,2,4,1971.1864013671875
2,-0.9024390243902439,0.00816444680094719,-1,2,4,1971.1864013671875
3,-0.8536585365853658,0.004162636585533619,-1,2,4,1971.1864013671875
4,-0.8048780487804879,0.01289798691868782,-1,2,4,1971.1864013671875
5,-0.7560975609756098,0.002834242768585682,-1,2,4,1971.1864013671875
6,-0.7073170731707317,0.0014729558024555445,-1,2,4,1971.1864013671875
7,-0.6585365853658536,0.043896399438381195,-1,2,4,1971.1864013671875
8,-0.6097560975609756,0.08785999566316605,-1,2,4,1971.1864013671875
9,-0.5609756097560976,0.027984274551272392,-1,2,4,1971.1864013671875
10,-0.5121951219512195,0.3791370689868927,-1,2,4,1971.1864013671875
11,-0.46341463414634143,0.16529062390327454,-1,2,4,1971.1864013671875
12,-0.41463414634146334,0.008858894929289818,-1,2,4,1971.1864013671875
13,-0.36585365853658536,0.049684200435876846,-1,2,4,1971.1864013671875
14,-0.31707317073170727,0.03469587489962578,-1,2,4,1971.1864013671875
15,-0.2682926829268293,0.005277701187878847,-1,2,4,1971.1864013671875
16,-0.2195121951219512,0.0035685047041624784,-1,2,4,1971.1864013671875
17,-0.1707317073170731,0.01292587909847498,-1,2,4,1971.1864013671875
18,-0.12195121951219512,0.0005717261810787022,-1,2,4,1971.1864013671875
19,-0.07317073170731703,0.0003732960904017091,-1,2,4,1971.1864013671875
20,-0.024390243902439046,0.0009662873926572502,-1,2,4,1971.1864013671875
21,0.024390243902439046,0.004482713527977467,-1,2,4,1971.1864013671875
22,0.07317073170731714,0.002039925195276737,-1,2,4,1971.1864013671875
23,0.12195121951219523,0.00021979173470754176,-1,2,4,1971.1864013671875
24,0.17073170731707332,0.003723317524418235,-1,2,4,1971.1864013671875
25,0.2195121951219512,0.00026949919993057847,-1,2,4,1971.1864013671875
26,0.2682926829268293,0.0007621585391461849,-1,2,4,1971.1864013671875
27,0.3170731707317074,0.0006589269614778459,-1,2,4,1971.1864013671875
28,0.36585365853658547,0.0013510271674022079,-1,2,4,1971.1864013671875
29,0.41463414634146356,0.00043244374683126807,-1,2,4,1971.1864013671875
30,0.46341463414634143,0.00034949922701343894,-1,2,4,1971.1864013671875
31,0.5121951219512195,0.0008519657421857119,-1,2,4,1971.1864013671875
32,0.5609756097560976,0.000696256582159549,-1,2,4,1971.1864013671875
33,0.6097560975609757,0.0009725647978484631,-1,2,4,1971.1864013671875
34,0.6585365853658538,0.0006643448141403496,-1,2,4,1971.1864013671875
35,0.7073170731707317,0.0011342886136844754,-1,2,4,1971.1864013671875
36,0.7560975609756098,2.6191521101281978e-05,-1,2,4,1971.1864013671875
37,0.8048780487804879,0.0010449090041220188,-1,2,4,1971.1864013671875
38,0.853658536585366,0.001285337028093636,-1,2,4,1971.1864013671875
39,0.902439024390244,5.2619689085986465e-05,-1,2,4,1971.1864013671875
40,0.9512195121951219,2.9501402423193213e-06,-1,2,4,1971.1864013671875
41,1.0,0.00014710290997754782,-1,2,4,1971.1864013671875
0,-1.0,0.0,-1,5,5,1971.1864013671875
1,-0.9512195121951219,0.0,-1,5,5,1971.1864013671875
2,-0.9024390243902439,0.0,-1,5,5,1971.1864013671875
3,-0.8536585365853658,0.0,-1,5,5,1971.1864013671875
4,-0.8048780487804879,0.0,-1,5,5,1971.1864013671875
5,-0.7560975609756098,0.0,-1,5,5,1971.1864013671875
6,-0.7073170731707317,0.0,-1,5,5,1971.1864013671875
7,-0.6585365853658536,0.0,-1,5,5,1971.1864013671875
8,-0.6097560975609756,0.0,-1,5,5,1971.1864013671875
9,-0.5609756097560976,2.197837602579966e-06,-1,5,5,1971.1864013671875
10,-0.5121951219512195,4.8189660446951166e-05,-1,5,5,1971.1864013671875
11,-0.46341463414634143,1.692484329396393e-05,-1,5,5,1971.1864013671875
12,-0.41463414634146334,1.0796468814078253e-05,-1,5,5,1971.1864013671875
13,-0.36585365853658536,1.2825318663090002e-05,-1,5,5,1971.1864013671875
14,-0.31707317073170727,2.766094667094876e-06,-1,5,5,1971.1864013671875
15,-0.2682926829268293,9.903636964736506e-06,-1,5,5,1971.1864013671875
16,-0.2195121951219512,6.5508365878486075e-06,-1,5,5,1971.1864013671875
17,-0.1707317073170731,2.0770727132912725e-05,-1,5,5,1971.1864013671875
18,-0.12195121951219512,4.277179323253222e-05,-1,5,5,1971.1864013671875
19,-0.07317073170731703,6.125393156253267e-06,-1,5,5,1971.1864013671875
20,-0.024390243902439046,2.823972317855805e-05,-1,5,5,1971.1864013671875
21,0.024390243902439046,5.078962931293063e-05,-1,5,5,1971.1864013671875
22,0.07317073170731714,4.9260583182331175e-05,-1,5,5,1971.1864013671875
23,0.12195121951219523,5.879101445316337e-05,-1,5,5,1971.1864013671875
24,0.17073170731707332,4.992010144633241e-05,-1,5,5,1971.1864013671875
25,0.2195121951219512,0.00011714461288647726,-1,5,5,1971.1864013671875
26,0.2682926829268293,0.00015181566413957626,-1,5,5,1971.1864013671875
27,0.3170731707317074,2.9289307349245064e-05,-1,5,5,1971.1864013671875
28,0.36585365853658547,0.0007062167278490961,-1,5,5,1971.1864013671875
29,0.41463414634146356,0.0026380133349448442,-1,5,5,1971.1864013671875
30,0.46341463414634143,0.03174569830298424,-1,5,5,1971.1864013671875
31,0.5121951219512195,0.003904701443389058,-1,5,5,1971.1864013671875
32,0.5609756097560976,0.00031942862551659346,-1,5,5,1971.1864013671875
33,0.6097560975609757,5.3881973144598305e-05,-1,5,5,1971.1864013671875
34,0.6585365853658538,6.21018189121969e-05,-1,5,5,1971.1864013671875
35,0.7073170731707317,5.916549343965016e-05,-1,5,5,1971.1864013671875
36,0.7560975609756098,0.00023273924307432026,-1,5,5,1971.1864013671875
37,0.8048780487804879,0.000757262110710144,-1,5,5,1971.1864013671875
38,0.853658536585366,0.0001169484166894108,-1,5,5,1971.1864013671875
39,0.902439024390244,0.0001259788841707632,-1,5,5,1971.1864013671875
40,0.9512195121951219,0.00012822514690924436,-1,5,5,1971.1864013671875
41,1.0,6.374992517521605e-05,-1,5,5,1971.1864013671875
0,-1.0,0.0,-1,6,5,1971.1864013671875
1,-0.9512195121951219,4.0186640148931474e-07,-1,6,5,1971.1864013671875
2,-0.9024390243902439,4.193127551843645e-07,-1,6,5,1971.1864013671875
3,-0.8536585365853658,4.381401907949112e-09,-1,6,5,1971.1864013671875
4,-0.8048780487804879,5.22219852427952e-06,-1,6,5,1971.1864013671875
5,-0.7560975609756098,3.018568008883449e-07,-1,6,5,1971.1864013671875
6,-0.7073170731707317,6.8800495682808105e-06,-1,6,5,1971.1864013671875
7,-0.6585365853658536,1.4197594282450154e-05,-1,6,5,1971.1864013671875
8,-0.6097560975609756,7.740563887637109e-06,-1,6,5,1971.1864013671875
9,-0.5609756097560976,7.1994859354163054e-06,-1,6,5,1971.1864013671875
10,-0.5121951219512195,0.00012240141222719103,-1,6,5,1971.1864013671875
11,-0.46341463414634143,9.089761078939773e-06,-1,6,5,1971.1864013671875
12,-0.41463414634146334,1.2647125231524114e-06,-1,6,5,1971.1864013671875
13,-0.36585365853658536,7.443188678735169e-06,-1,6,5,1971.1864013671875
14,-0.31707317073170727,6.035711066942895e-06,-1,6,5,1971.1864013671875
15,-0.2682926829268293,2.954471710836515e-06,-1,6,5,1971.1864013671875
16,-0.2195121951219512,1.4469890629698057e-05,-1,6,5,1971.1864013671875
17,-0.1707317073170731,7.741597073618323e-06,-1,6,5,1971.1864013671875
18,-0.12195121951219512,0.013570965267717838,-1,6,5,1971.1864013671875
19,-0.07317073170731703,0.0001138756051659584,-1,6,5,1971.1864013671875
20,-0.024390243902439046,2.8514517907751724e-05,-1,6,5,1971.1864013671875
21,0.024390243902439046,0.0001486114488216117,-1,6,5,1971.1864013671875
22,0.07317073170731714,1.230549969477579e-05,-1,6,5,1971.1864013671875
23,0.12195121951219523,6.626130470976932e-06,-1,6,5,1971.1864013671875
24,0.17073170731707332,4.550108769763028e-07,-1,6,5,1971.1864013671875
25,0.2195121951219512,1.4148940863378812e-06,-1,6,5,1971.1864013671875
26,0.2682926829268293,4.3455920604174025e-06,-1,6,5,1971.1864013671875
27,0.3170731707317074,2.259583652630681e-06,-1,6,5,1971.1864013671875
28,0.36585365853658547,4.972409897163743e-07,-1,6,5,1971.1864013671875
29,0.41463414634146356,2.6369568786321906e-06,-1,6,5,1971.1864013671875
30,0.46341463414634143,1.2638955922739115e-05,-1,6,5,1971.1864013671875
31,0.5121951219512195,2.0503669020399684e-06,-1,6,5,1971.1864013671875
32,0.5609756097560976,1.2483674254326615e-06,-1,6,5,1971.1864013671875
33,0.6097560975609757,2.3182315089798067e-06,-1,6,5,1971.1864013671875
34,0.6585365853658538,2.3789700662746327e-06,-1,6,5,1971.1864013671875
35,0.7073170731707317,3.3880137380037922e-06,-1,6,5,1971.1864013671875
36,0.7560975609756098,0.0,-1,6,5,1971.1864013671875
37,0.8048780487804879,0.0,-1,6,5,1971.1864013671875
38,0.853658536585366,0.0,-1,6,5,1971.1864013671875
39,0.902439024390244,0.0,-1,6,5,1971.1864013671875
40,0.9512195121951219,0.0,-1,6,5,1971.1864013671875
41,1.0,0.0,-1,6,5,1971.1864013671875
0,-1.0,5.5465270634158514e-06,-1,7,5,1971.1864013671875
1,-0.9512195121951219,7.888032087066676e-06,-1,7,5,1971.1864013671875
2,-0.9024390243902439,4.969054998582578e-07,-1,7,5,1971.1864013671875
3,-0.8536585365853658,2.6029076707345666e-06,-1,7,5,1971.1864013671875
4,-0.8048780487804879,2.843841912181233e-06,-1,7,5,1971.1864013671875
5,-0.7560975609756098,2.974498727326136e-07,-1,7,5,1971.1864013671875
6,-0.7073170731707317,8.709139365237206e-05,-1,7,5,1971.1864013671875
7,-0.6585365853658536,1.4950086551834829e-05,-1,7,5,1971.1864013671875
8,-0.6097560975609756,9.986761142499745e-06,-1,7,5,1971.1864013671875
9,-0.5609756097560976,0.0002621040912345052,-1,7,5,1971.1864013671875
10,-0.5121951219512195,0.000603341031819582,-1,7,5,1971.1864013671875
11,-0.46341463414634143,0.002833262551575899,-1,7,5,1971.1864013671875
12,-0.41463414634146334,4.331859599915333e-05,-1,7,5,1971.1864013671875
13,-0.36585365853658536,1.9271938072051853e-06,-1,7,5,1971.1864013671875
14,-0.31707317073170727,7.936277143016923e-06,-1,7,5,1971.1864013671875
15,-0.2682926829268293,2.3435351977241226e-05,-1,7,5,1971.1864013671875
16,-0.2195121951219512,8.533234904462006e-06,-1,7,5,1971.1864013671875
17,-0.1707317073170731,9.765949471329805e-06,-1,7,5,1971.1864013671875
18,-0.12195121951219512,4.9103623496193904e-06,-1,7,5,1971.1864013671875
19,-0.07317073170731703,7.46463229006622e-06,-1,7,5,1971.1864013671875
20,-0.024390243902439046,1.3535976677303552e-06,-1,7,5,1971.1864013671875
21,0.024390243902439046,7.706074939051177e-06,-1,7,5,1971.1864013671875
22,0.07317073170731714,1.3262083484733012e-06,-1,7,5,1971.1864013671875
23,0.12195121951219523,1.029842792377167e-06,-1,7,5,1971.1864013671875
24,0.17073170731707332,3.4873180538852466e-06,-1,7,5,1971.1864013671875
25,0.2195121951219512,3.5771151374319743e-07,-1,7,5,1971.1864013671875
26,0.2682926829268293,0.0,-1,7,5,1971.1864013671875
27,0.3170731707317074,0.0,-1,7,5,1971.1864013671875
28,0.36585365853658547,0.0,-1,7,5,1971.1864013671875
29,0.41463414634146356,0.0,-1,7,5,1971.1864013671875
30,0.46341463414634143,0.0,-1,7,5,1971.1864013671875
31,0.5121951219512195,0.0,-1,7,5,1971.1864013671875
32,0.5609756097560976,0.0,-1,7,5,1971.1864013671875
33,0.6097560975609757,0.0,-1,7,5,1971.1864013671875
34,0.6585365853658538,0.0,-1,7,5,1971.1864013671875
35,0.7073170731707317,0.0,-1,7,5,1971.1864013671875
36,0.7560975609756098,0.0,-1,7,5,1971.1864013671875
37,0.8048780487804879,0.0,-1,7,5,1971.1864013671875
38,0.853658536585366,0.0,-1,7,5,1971.1864013671875
39,0.902439024390244,0.0,-1,7,5,1971.1864013671875
40,0.9512195121951219,0.0,-1,7,5,1971.1864013671875
41,1.0,0.0,-1,7,5,1971.1864013671875
0,-1.0,1.3698610928258859e-05,-1,8,5,1971.1864013671875
1,-0.9512195121951219,4.520729271462187e-05,-1,8,5,1971.1864013671875
2,-0.9024390243902439,2.3252208848134615e-05,-1,8,5,1971.1864013671875
3,-0.8536585365853658,3.0459601475740783e-05,-1,8,5,1971.1864013671875
4,-0.8048780487804879,7.101730261638295e-06,-1,8,5,1971.1864013671875
5,-0.7560975609756098,0.0011792625300586224,-1,8,5,1971.1864013671875
6,-0.7073170731707317,0.026229701936244965,-1,8,5,1971.1864013671875
7,-0.6585365853658536,8.162070298567414e-05,-1,8,5,1971.1864013671875
8,-0.6097560975609756,1.2018738743790891e-05,-1,8,5,1971.1864013671875
9,-0.5609756097560976,2.0435825263120933e-06,-1,8,5,1971.1864013671875
10,-0.5121951219512195,1.3790830166726664e-07,-1,8,5,1971.1864013671875
11,-0.46341463414634143,1.014473400573479e-05,-1,8,5,1971.1864013671875
12,-0.41463414634146334,7.712837032158859e-06,-1,8,5,1971.1864013671875
13,-0.36585365853658536,1.0741761116150883e-06,-1,8,5,1971.1864013671875
14,-0.31707317073170727,2.6237771066917048e-08,-1,8,5,1971.1864013671875
15,-0.2682926829268293,2.421386113837798e-07,-1,8,5,1971.1864013671875
16,-0.2195121951219512,1.1492544444990926e-06,-1,8,5,1971.1864013671875
17,-0.1707317073170731,1.7021686744556064e-06,-1,8,5,1971.1864013671875
18,-0.12195121951219512,1.7092453390432638e-06,-1,8,5,1971.1864013671875
19,-0.07317073170731703,3.7036786579847103e-06,-1,8,5,1971.1864013671875
20,-0.024390243902439046,0.0,-1,8,5,1971.1864013671875
21,0.024390243902439046,0.0,-1,8,5,1971.1864013671875
22,0.07317073170731714,0.0,-1,8,5,1971.1864013671875
23,0.12195121951219523,0.0,-1,8,5,1971.1864013671875
24,0.17073170731707332,0.0,-1,8,5,1971.1864013671875
25,0.2195121951219512,0.0,-1,8,5,1971.1864013671875
26,0.2682926829268293,0.0,-1,8,5,1971.1864013671875
27,0.3170731707317074,0.0,-1,8,5,1971.1864013671875
28,0.36585365853658547,0.0,-1,8,5,1971.1864013671875
29,0.41463414634146356,0.0,-1,8,5,1971.1864013671875
30,0.46341463414634143,0.0,-1,8,5,1971.1864013671875
31,0.5121951219512195,0.0,-1,8,5,1971.1864013671875
32,0.5609756097560976,0.0,-1,8,5,1971.1864013671875
33,0.6097560975609757,0.0,-1,8,5,1971.1864013671875
34,0.6585365853658538,0.0,-1,8,5,1971.1864013671875
35,0.7073170731707317,0.0,-1,8,5,1971.1864013671875
36,0.7560975609756098,0.0,-1,8,5,1971.1864013671875
37,0.8048780487804879,0.0,-1,8,5,1971.1864013671875
38,0.853658536585366,0.0,-1,8,5,1971.1864013671875
39,0.902439024390244,0.0,-1,8,5,1971.1864013671875
40,0.9512195121951219,0.0,-1,8,5,1971.1864013671875
41,1.0,0.0,-1,8,5,1971.1864013671875
0,-1.0,5.242201950750314e-06,-1,9,5,1971.1864013671875
1,-0.9512195121951219,7.742039997538086e-06,-1,9,5,1971.1864013671875
2,-0.9024390243902439,0.0001130042364820838,-1,9,5,1971.1864013671875
3,-0.8536585365853658,0.0003386961470823735,-1,9,5,1971.1864013671875
4,-0.8048780487804879,0.0002304357913089916,-1,9,5,1971.1864013671875
5,-0.7560975609756098,3.372954233782366e-05,-1,9,5,1971.1864013671875
6,-0.7073170731707317,0.00015727413119748235,-1,9,5,1971.1864013671875
7,-0.6585365853658536,4.2940919229295105e-06,-1,9,5,1971.1864013671875
8,-0.6097560975609756,5.432354100776138e-06,-1,9,5,1971.1864013671875
9,-0.5609756097560976,4.106398137082579e-06,-1,9,5,1971.1864013671875
10,-0.5121951219512195,2.9679149520234205e-06,-1,9,5,1971.1864013671875
11,-0.46341463414634143,4.105041170987533e-06,-1,9,5,1971.1864013671875
12,-0.41463414634146334,3.632326865954383e-07,-1,9,5,1971.1864013671875
13,-0.36585365853658536,1.598472636032966e-06,-1,9,5,1971.1864013671875
14,-0.31707317073170727,9.952420896297554e-07,-1,9,5,1971.1864013671875
15,-0.2682926829268293,0.0,-1,9,5,1971.1864013671875
16,-0.2195121951219512,0.0,-1,9,5,1971.1864013671875
17,-0.1707317073170731,0.0,-1,9,5,1971.1864013671875
18,-0.12195121951219512,0.0,-1,9,5,1971.1864013671875
19,-0.07317073170731703,0.0,-1,9,5,1971.1864013671875
20,-0.024390243902439046,0.0,-1,9,5,1971.1864013671875
21,0.024390243902439046,0.0,-1,9,5,1971.1864013671875
22,0.07317073170731714,0.0,-1,9,5,1971.1864013671875
23,0.12195121951219523,0.0,-1,9,5,1971.1864013671875
24,0.17073170731707332,0.0,-1,9,5,1971.1864013671875
25,0.2195121951219512,0.0,-1,9,5,1971.1864013671875
26,0.2682926829268293,0.0,-1,9,5,1971.1864013671875
27,0.3170731707317074,0.0,-1,9,5,1971.1864013671875
28,0.36585365853658547,0.0,-1,9,5,1971.1864013671875
29,0.41463414634146356,0.0,-1,9,5,1971.1864013671875
30,0.46341463414634143,0.0,-1,9,5,1971.1864013671875
31,0.5121951219512195,0.0,-1,9,5,1971.1864013671875
32,0.5609756097560976,0.0,-1,9,5,1971.1864013671875
33,0.6097560975609757,0.0,-1,9,5,1971.1864013671875
34,0.6585365853658538,0.0,-1,9,5,1971.1864013671875
35,0.7073170731707317,0.0,-1,9,5,1971.1864013671875
36,0.7560975609756098,0.0,-1,9,5,1971.1864013671875
37,0.8048780487804879,0.0,-1,9,5,1971.1864013671875
38,0.853658536585366,0.0,-1,9,5,1971.1864013671875
39,0.902439024390244,0.0,-1,9,5,1971.1864013671875
40,0.9512195121951219,0.0,-1,9,5,1971.1864013671875
41,1.0,0.0,-1,9,5,1971.1864013671875
0,-1.0,0.0,-1,9,6,1971.1864013671875
1,-0.9512195121951219,0.0,-1,9,6,1971.1864013671875
2,-0.9024390243902439,0.0,-1,9,6,1971.1864013671875
3,-0.8536585365853658,0.0,-1,9,6,1971.1864013671875
4,-0.8048780487804879,0.0,-1,9,6,1971.1864013671875
5,-0.7560975609756098,0.0,-1,9,6,1971.1864013671875
6,-0.7073170731707317,0.0,-1,9,6,1971.1864013671875
7,-0.6585365853658536,0.0,-1,9,6,1971.1864013671875
8,-0.6097560975609756,0.0,-1,9,6,1971.1864013671875
9,-0.5609756097560976,0.0,-1,9,6,1971.1864013671875
10,-0.5121951219512195,0.0,-1,9,6,1971.1864013671875
11,-0.46341463414634143,0.0,-1,9,6,1971.1864013671875
12,-0.41463414634146334,0.0,-1,9,6,1971.1864013671875
13,-0.36585365853658536,0.0,-1,9,6,1971.1864013671875
14,-0.31707317073170727,0.0,-1,9,6,1971.1864013671875
15,-0.2682926829268293,0.0,-1,9,6,1971.1864013671875
16,-0.2195121951219512,0.0,-1,9,6,1971.1864013671875
17,-0.1707317073170731,0.0,-1,9,6,1971.1864013671875
18,-0.12195121951219512,0.0,-1,9,6,1971.1864013671875
19,-0.07317073170731703,0.0,-1,9,6,1971.1864013671875
20,-0.024390243902439046,0.0,-1,9,6,1971.1864013671875
21,0.024390243902439046,0.0,-1,9,6,1971.1864013671875
22,0.07317073170731714,0.0,-1,9,6,1971.1864013671875
23,0.12195121951219523,0.0,-1,9,6,1971.1864013671875
24,0.17073170731707332,0.0,-1,9,6,1971.1864013671875
25,0.2195121951219512,1.328994017057994e-07,-1,9,6,1971.1864013671875
26,0.2682926829268293,1.71362557921384e-07,-1,9,6,1971.1864013671875
27,0.3170731707317074,2.124299953720765e-06,-1,9,6,1971.1864013671875
28,0.36585365853658547,1.0892395039263647e-06,-1,9,6,1971.1864013671875
29,0.41463414634146356,2.2654367626273597e-07,-1,9,6,1971.1864013671875
30,0.46341463414634143,7.342705430346541e-07,-1,9,6,1971.1864013671875
31,0.5121951219512195,8.933563435675751e-07,-1,9,6,1971.1864013671875
32,0.5609756097560976,9.345488251710776e-06,-1,9,6,1971.1864013671875
33,0.6097560975609757,3.7097895528859226e-06,-1,9,6,1971.1864013671875
34,0.6585365853658538,3.112540434813127e-05,-1,9,6,1971.1864013671875
35,0.7073170731707317,2.0331930500105955e-05,-1,9,6,1971.1864013671875
36,0.7560975609756098,0.00011688088852679357,-1,9,6,1971.1864013671875
37,0.8048780487804879,4.04931324737845e-06,-1,9,6,1971.1864013671875
38,0.853658536585366,5.220166258368408e-06,-1,9,6,1971.1864013671875
39,0.902439024390244,4.988613682144205e-07,-1,9,6,1971.1864013671875
40,0.9512195121951219,1.311561391048599e-06,-1,9,6,1971.1864013671875
41,1.0,2.6104330572707113e-06,-1,9,6,1971.1864013671875
0,-1.0,0.0,0,-9,-5,1971.1864013671875
1,-0.9512195121951219,0.0,0,-9,-5,1971.1864013671875
2,-0.9024390243902439,0.0,0,-9,-5,1971.1864013671875
3,-0.8536585365853658,0.0,0,-9,-5,1971.1864013671875
4,-0.8048780487804879,0.0,0,-9,-5,1971.1864013671875
5,-0.7560975609756098,0.0,0,-9,-5,1971.1864013671875
6,-0.7073170731707317,0.0,0,-9,-5,1971.1864013671875
7,-0.6585365853658536,0.0,0,-9,-5,1971.1864013671875
8,-0.6097560975609756,0.0,0,-9,-5,1971.1864013671875
9,-0.5609756097560976,0.0,0,-9,-5,1971.1864013671875
10,-0.5121951219512195,0.0,0,-9,-5,1971.1864013671875
11,-0.46341463414634143,0.0,0,-9,-5,1971.1864013671875
12,-0.41463414634146334,0.0,0,-9,-5,1971.1864013671875
13,-0.36585365853658536,0.0,0,-9,-5,1971.1864013671875
14,-0.31707317073170727,0.0,0,-9,-5,1971.1864013671875
15,-0.2682926829268293,0.0,0,-9,-5,1971.1864013671875
16,-0.2195121951219512,0.0,0,-9,-5,1971.1864013671875
17,-0.1707317073170731,0.0,0,-9,-5,1971.1864013671875
18,-0.12195121951219512,0.0,0,-9,-5,1971.1864013671875
19,-0.07317073170731703,0.0,0,-9,-5,1971.1864013671875
20,-0.024390243902439046,0.0,0,-9,-5,1971.1864013671875
21,0.024390243902439046,0.0,0,-9,-5,1971.1864013671875
22,0.07317073170731714,0.0,0,-9,-5,1971.1864013671875
23,0.12195121951219523,0.0,0,-9,-5,1971.1864013671875
24,0.17073170731707332,0.0,0,-9,-5,1971.1864013671875
25,0.2195121951219512,1.615039479929692e-08,0,-9,-5,1971.1864013671875
26,0.2682926829268293,1.757658480983082e-07,0,-9,-5,1971.1864013671875
27,0.3170731707317074,1.3162091363483341e-06,0,-9,-5,1971.1864013671875
28,0.36585365853658547,2.709940645218012e-07,0,-9,-5,1971.1864013671875
29,0.41463414634146356,5.98902971660209e-08,0,-9,-5,1971.1864013671875
30,0.46341463414634143,1.0033472364057161e-07,0,-9,-5,1971.1864013671875
31,0.5121951219512195,7.872476999182254e-06,0,-9,-5,1971.1864013671875
32,0.5609756097560976,5.054167104390217e-06,0,-9,-5,1971.1864013671875
33,0.6097560975609757,1.376744762637827e-07,0,-9,-5,1971.1864013671875
34,0.6585365853658538,0.00017575107631273568,0,-9,-5,1971.1864013671875
35,0.7073170731707317,8.049172720347997e-06,0,-9,-5,1971.1864013671875
36,0.7560975609756098,1.361765134788584e-05,0,-9,-5,1971.1864013671875
37,0.8048780487804879,1.1547938811418135e-05,0,-9,-5,1971.1864013671875
38,0.853658536585366,3.0049875931581482e-05,0,-9,-5,1971.1864013671875
39,0.902439024390244,2.400685116299428e-05,0,-9,-5,1971.1864013671875
40,0.9512195121951219,1.9040078313992126e-06,0,-9,-5,1971.1864013671875
41,1.0,5.189582452658215e-07,0,-9,-5,1971.1864013671875
0,-1.0,1.3267739404909662e-06,0,-9,-4,1971.1864013671875
1,-0.9512195121951219,1.332000465481542e-06,0,-9,-4,1971.1864013671875
2,-0.9024390243902439,1.7848002187292877e-07,0,-9,-4,1971.1864013671875
3,-0.8536585365853658,4.734920366900042e-06,0,-9,-4,1971.1864013671875
4,-0.8048780487804879,3.0548294489562977e-06,0,-9,-4,1971.1864013671875
5,-0.7560975609756098,5.899044481338933e-05,0,-9,-4,1971.1864013671875
6,-0.7073170731707317,9.917595889419317e-06,0,-9,-4,1971.1864013671875
7,-0.6585365853658536,2.530874371586833e-05,0,-9,-4,1971.1864013671875
8,-0.6097560975609756,1.781532228051219e-05,0,-9,-4,1971.1864013671875
9,-0.5609756097560976,4.415638977661729e-05,0,-9,-4,1971.1864013671875
10,-0.5121951219512195,0.0007065330282784998,0,-9,-4,1971.1864013671875
11,-0.46341463414634143,2.5944027584046125e-05,0,-9,-4,1971.1864013671875
12,-0.41463414634146334,8.679508027853444e-05,0,-9,-4,1971.1864013671875
13,-0.36585365853658536,5.036205266151228e-07,0,-9,-4,1971.1864013671875
14,-0.31707317073170727,1.2020846895666182e-07,0,-9,-4,1971.1864013671875
15,-0.2682926829268293,5.8881687436951324e-06,0,-9,-4,1971.1864013671875
16,-0.2195121951219512,5.264701030682772e-06,0,-9,-4,1971.1864013671875
17,-0.1707317073170731,5.772098887746324e-08,0,-9,-4,1971.1864013671875
18,-0.12195121951219512,6.610906893911306e-06,0,-9,-4,1971.1864013671875
19,-0.07317073170731703,6.770958975721442e-07,0,-9,-4,1971.1864013671875
20,-0.024390243902439046,3.2104301226354437e-06,0,-9,-4,1971.1864013671875
21,0.024390243902439046,0.0,0,-9,-4,1971.1864013671875
22,0.07317073170731714,0.0,0,-9,-4,1971.1864013671875
23,0.12195121951219523,0.0,0,-9,-4,1971.1864013671875
24,0.17073170731707332,0.0,0,-9,-4,1971.1864013671875
25,0.2195121951219512,0.0,0,-9,-4,1971.1864013671875
26,0.2682926829268293,0.0,0,-9,-4,1971.1864013671875
27,0.3170731707317074,0.0,0,-9,-4,1971.1864013671875
28,0.36585365853658547,0.0,0,-9,-4,1971.1864013671875
29,0.41463414634146356,0.0,0,-9,-4,1971.1864013671875
30,0.46341463414634143,0.0,0,-9,-4,1971.1864013671875
31,0.5121951219512195,0.0,0,-9,-4,1971.1864013671875
32,0.5609756097560976,0.0,0,-9,-4,1971.1864013671875
33,0.6097560975609757,0.0,0,-9,-4,1971.1864013671875
34,0.6585365853658538,0.0,0,-9,-4,1971.1864013671875
35,0.7073170731707317,0.0,0,-9,-4,1971.1864013671875
36,0.7560975609756098,0.0,0,-9,-4,1971.1864013671875
37,0.8048780487804879,0.0,0,-9,-4,1971.1864013671875
38,0.853658536585366,0.0,0,-9,-4,1971.1864013671875
39,0.902439024390244,0.0,0,-9,-4,1971.1864013671875
40,0.9512195121951219,0.0,0,-9,-4,1971.1864013671875
41,1.0,0.0,0,-9,-4,1971.1864013671875
0,-1.0,0.0,0,-8,-4,1971.1864013671875
1,-0.9512195121951219,0.0,0,-8,-4,1971.1864013671875
2,-0.9024390243902439,0.0,0,-8,-4,1971.1864013671875
3,-0.8536585365853658,0.0,0,-8,-4,1971.1864013671875
4,-0.8048780487804879,0.0,0,-8,-4,1971.1864013671875
5,-0.7560975609756098,0.0,0,-8,-4,1971.1864013671875
6,-0.7073170731707317,0.0,0,-8,-4,1971.1864013671875
7,-0.6585365853658536,0.0,0,-8,-4,1971.1864013671875
8,-0.6097560975609756,0.0,0,-8,-4,1971.1864013671875
9,-0.5609756097560976,0.0,0,-8,-4,1971.1864013671875
10,-0.5121951219512195,0.0,0,-8,-4,1971.1864013671875
11,-0.46341463414634143,0.0,0,-8,-4,1971.1864013671875
12,-0.41463414634146334,0.0,0,-8,-4,1971.1864013671875
13,-0.36585365853658536,0.0,0,-8,-4,1971.1864013671875
14,-0.31707317073170727,0.0,0,-8,-4,1971.1864013671875
15,-0.2682926829268293,2.6652696760720573e-07,0,-8,-4,1971.1864013671875
16,-0.2195121951219512,6.005603609082755e-06,0,-8,-4,1971.1864013671875
17,-0.1707317073170731,7.1415929596696515e-06,0,-8,-4,1971.1864013671875
18,-0.12195121951219512,2.759609969871235e-06,0,-8,-4,1971.1864013671875
19,-0.07317073170731703,1.5420300769619644e-05,0,-8,-4,1971.1864013671875
20,-0.024390243902439046,2.2861470370116876e-06,0,-8,-4,1971.1864013671875
21,0.024390243902439046,2.010513924233237e-07,0,-8,-4,1971.1864013671875
22,0.07317073170731714,7.318129064515233e-06,0,-8,-4,1971.1864013671875
23,0.12195121951219523,3.068401929340325e-05,0,-8,-4,1971.1864013671875
24,0.17073170731707332,1.3082086525173509e-06,0,-8,-4,1971.1864013671875
25,0.2195121951219512,3.8358793972292915e-06,0,-8,-4,1971.1864013671875
26,0.2682926829268293,3.3072061341954395e-05,0,-8,-4,1971.1864013671875
27,0.3170731707317074,0.0008607982890680432,0,-8,-4,1971.1864013671875
28,0.36585365853658547,0.0003806274035014212,0,-8,-4,1971.1864013671875
29,0.41463414634146356,3.110440729869879e-06,0,-8,-4,1971.1864013671875
30,0.46341463414634143,1.6596281966485549e-06,0,-8,-4,1971.1864013671875
31,0.5121951219512195,6.218878843355924e-05,0,-8,-4,1971.1864013671875
32,0.5609756097560976,6.939098057046067e-06,0,-8,-4,1971.1864013671875
33,0.6097560975609757,1.0888687711485545e-06,0,-8,-4,1971.1864013671875
34,0.6585365853658538,1.7196931366925128e-05,0,-8,-4,1971.1864013671875
35,0.7073170731707317,1.1548132761163288e-06,0,-8,-4,1971.1864013671875
36,0.7560975609756098,1.949654460986494e-06,0,-8,-4,1971.1864013671875
37,0.8048780487804879,7.97353914094856e-06,0,-8,-4,1971.1864013671875
38,0.853658536585366,6.524963964693598e-07,0,-8,-4,1971.1864013671875
39,0.902439024390244,0.0,0,-8,-4,1971.1864013671875
40,0.9512195121951219,0.0,0,-8,-4,1971.1864013671875
41,1.0,0.0,0,-8,-4,1971.1864013671875
0,-1.0,2.305623212350838e-07,0,-7,-3,1971.1864013671875
1,-0.9512195121951219,4.693171717917721e-07,0,-7,-3,1971.1864013671875
2,-0.9024390243902439,4.363380412542028e-06,0,-7,-3,1971.1864013671875
3,-0.8536585365853658,3.667618329927791e-06,0,-7,-3,1971.1864013671875
4,-0.8048780487804879,2.655740672707907e-06,0,-7,-3,1971.1864013671875
5,-0.7560975609756098,1.8156954411097104e-06,0,-7,-3,1971.1864013671875
6,-0.7073170731707317,1.1838678659614743e-07,0,-7,-3,1971.1864013671875
7,-0.6585365853658536,2.257367896163487e-06,0,-7,-3,1971.1864013671875
8,-0.6097560975609756,5.011006123822881e-06,0,-7,-3,1971.1864013671875
9,-0.5609756097560976,6.148917600512505e-05,0,-7,-3,1971.1864013671875
10,-0.5121951219512195,1.1613391507125925e-05,0,-7,-3,1971.1864013671875
11,-0.46341463414634143,9.503139153821394e-06,0,-7,-3,1971.1864013671875
12,-0.41463414634146334,0.0004038969927933067,0,-7,-3,1971.1864013671875
13,-0.36585365853658536,0.003491618437692523,0,-7,-3,1971.1864013671875
14,-0.31707317073170727,0.002016713609918952,0,-7,-3,1971.1864013671875
15,-0.2682926829268293,2.6636011170921847e-05,0,-7,-3,1971.1864013671875
16,-0.2195121951219512,3.719805317814462e-05,0,-7,-3,1971.1864013671875
17,-0.1707317073170731,2.3578877517138608e-06,0,-7,-3,1971.1864013671875
18,-0.12195121951219512,4.3517684389371425e-07,0,-7,-3,1971.1864013671875
19,-0.07317073170731703,1.161338877864182e-05,0,-7,-3,1971.1864013671875
20,-0.024390243902439046,0.00018453274969942868,0,-7,-3,1971.1864013671875
21,0.024390243902439046,4.906854428554652e-06,0,-7,-3,1971.1864013671875
22,0.07317073170731714,8.231565516325645e-06,0,-7,-3,1971.1864013671875
23,0.12195121951219523,3.699932221934432e-06,0,-7,-3,1971.1864013671875
24,0.17073170731707332,3.878486495523248e-06,0,-7,-3,1971.1864013671875
25,0.2195121951219512,8.021130497581908e-07,0,-7,-3,1971.1864013671875
26,0.2682926829268293,4.673946918387628e-08,0,-7,-3,1971.1864013671875
27,0.3170731707317074,1.1496033494040603e-06,0,-7,-3,1971.1864013671875
28,0.36585365853658547,0.0,0,-7,-3,1971.1864013671875
29,0.41463414634146356,0.0,0,-7,-3,1971.1864013671875
30,0.46341463414634143,0.0,0,-7,-3,1971.1864013671875
31,0.5121951219512195,0.0,0,-7,-3,1971.1864013671875
32,0.5609756097560976,0.0,0,-7,-3,1971.1864013671875
33,0.6097560975609757,0.0,0,-7,-3,1971.1864013671875
34,0.6585365853658538,0.0,0,-7,-3,1971.1864013671875
35,0.7073170731707317,0.0,0,-7,-3,1971.1864013671875
36,0.7560975609756098,0.0,0,-7,-3,1971.1864013671875
37,0.8048780487804879,0.0,0,-7,-3,1971.1864013671875
38,0.853658536585366,0.0,0,-7,-3,1971.1864013671875
39,0.902439024390244,0.0,0,-7,-3,1971.1864013671875
40,0.9512195121951219,0.0,0,-7,-3,1971.1864013671875
41,1.0,0.0,0,-7,-3,1971.1864013671875
0,-1.0,0.0,0,-6,-3,1971.1864013671875
1,-0.9512195121951219,0.0,0,-6,-3,1971.1864013671875
2,-0.9024390243902439,0.0,0,-6,-3,1971.1864013671875
3,-0.8536585365853658,0.0,0,-6,-3,1971.1864013671875
4,-0.8048780487804879,0.0,0,-6,-3,1971.1864013671875
5,-0.7560975609756098,0.0,0,-6,-3,1971.1864013671875
6,-0.7073170731707317,0.0,0,-6,-3,1971.1864013671875
7,-0.6585365853658536,0.0,0,-6,-3,1971.1864013671875
8,-0.6097560975609756,0.0,0,-6,-3,1971.1864013671875
9,-0.5609756097560976,0.0,0,-6,-3,1971.1864013671875
10,-0.5121951219512195,0.0,0,-6,-3,1971.1864013671875
11,-0.46341463414634143,0.0,0,-6,-3,1971.1864013671875
12,-0.41463414634146334,0.0,0,-6,-3,1971.1864013671875
13,-0.36585365853658536,0.0,0,-6,-3,1971.1864013671875
14,-0.31707317073170727,0.0,0,-6,-3,1971.1864013671875
15,-0.2682926829268293,0.0,0,-6,-3,1971.1864013671875
16,-0.2195121951219512,0.0,0,-6,-3,1971.1864013671875
17,-0.1707317073170731,0.0,0,-6,-3,1971.1864013671875
18,-0.12195121951219512,1.677538080002705e-06,0,-6,-3,1971.1864013671875
19,-0.07317073170731703,2.4270744688692503e-05,0,-6,-3,1971.1864013671875
20,-0.024390243902439046,9.723345101519953e-06,0,-6,-3,1971.1864013671875
21,0.024390243902439046,1.1683029697451275e-05,0,-6,-3,1971.1864013671875
22,0.07317073170731714,4.34652429248672e-05,0,-6,-3,1971.1864013671875
23,0.12195121951219523,5.728493306378368e-07,0,-6,-3,1971.1864013671875
24,0.17073170731707332,4.6636392653454095e-05,0,-6,-3,1971.1864013671875
25,0.2195121951219512,2.7948176466452423e-06,0,-6,-3,1971.1864013671875
26,0.2682926829268293,1.8378506865701638e-05,0,-6,-3,1971.1864013671875
27,0.3170731707317074,5.000707460567355e-05,0,-6,-3,1971.1864013671875
28,0.36585365853658547,2.862384462787304e-06,0,-6,-3,1971.1864013671875
29,0.41463414634146356,0.00015530528617091477,0,-6,-3,1971.1864013671875
30,0.46341463414634143,0.0001240075653186068,0,-6,-3,1971.1864013671875
31,0.5121951219512195,0.0004955327603965998,0,-6,-3,1971.1864013671875
32,0.5609756097560976,0.0005533686489798129,0,-6,-3,1971.1864013671875
33,0.6097560975609757,0.0009604363585822284,0,-6,-3,1971.1864013671875
34,0.6585365853658538,0.172449991106987,0,-6,-3,1971.1864013671875
35,0.7073170731707317,0.0002777274639811367,0,-6,-3,1971.1864013671875
36,0.7560975609756098,0.0011207038769498467,0,-6,-3,1971.1864013671875
37,0.8048780487804879,0.0019052637508139014,0,-6,-3,1971.1864013671875
38,0.853658536585366,0.00028165412368252873,0,-6,-3,1971.1864013671875
39,0.902439024390244,0.00019093522860202938,0,-6,-3,1971.1864013671875
40,0.9512195121951219,5.876460363651859e-06,0,-6,-3,1971.1864013671875
41,1.0,0.00015294096374418586,0,-6,-3,1971.1864013671875
0,-1.0,2.5146655389107764e-05,0,-5,-2,1971.1864013671875
1,-0.9512195121951219,2.532865210014279e-06,0,-5,-2,1971.1864013671875
2,-0.9024390243902439,3.58304123437847e-06,0,-5,-2,1971.1864013671875
3,-0.8536585365853658,8.701715159986634e-06,0,-5,-2,1971.1864013671875
4,-0.8048780487804879,4.2274590668966994e-05,0,-5,-2,1971.1864013671875
5,-0.7560975609756098,1.3939385098638013e-05,0,-5,-2,1971.1864013671875
6,-0.7073170731707317,9.971480722015258e-06,0,-5,-2,1971.1864013671875
7,-0.6585365853658536,0.0001322547614108771,0,-5,-2,1971.1864013671875
8,-0.6097560975609756,0.00014231250679586083,0,-5,-2,1971.1864013671875
9,-0.5609756097560976,3.5267494240542874e-05,0,-5,-2,1971.1864013671875
10,-0.5121951219512195,2.0542025595204905e-05,0,-5,-2,1971.1864013671875
11,-0.46341463414634143,0.00025543879019096494,0,-5,-2,1971.1864013671875
12,-0.41463414634146334,0.0014424389228224754,0,-5,-2,1971.1864013671875
13,-0.36585365853658536,0.010919610969722271,0,-5,-2,1971.1864013671875
14,-0.31707317073170727,0.02090596780180931,0,-5,-2,1971.1864013671875
15,-0.2682926829268293,0.00012882584996987134,0,-5,-2,1971.1864013671875
16,-0.2195121951219512,0.00018608022946864367,0,-5,-2,1971.1864013671875
17,-0.1707317073170731,3.6693222682515625e-06,0,-5,-2,1971.1864013671875
18,-0.12195121951219512,0.00015174024156294763,0,-5,-2,1971.1864013671875
19,-0.07317073170731703,1.059471833286807e-05,0,-5,-2,1971.1864013671875
20,-0.024390243902439046,1.9361145575658156e-07,0,-5,-2,1971.1864013671875
21,0.024390243902439046,4.3609725253190845e-06,0,-5,-2,1971.1864013671875
22,0.07317073170731714,1.4090526747168042e-05,0,-5,-2,1971.1864013671875
23,0.12195121951219523,9.27940163819585e-06,0,-5,-2,1971.1864013671875
24,0.17073170731707332,1.2779093594872393e-05,0,-5,-2,1971.1864013671875
25,0.2195121951219512,2.7754795155487955e-06,0,-5,-2,1971.1864013671875
26,0.2682926829268293,7.487565017072484e-05,0,-5,-2,1971.1864013671875
27,0.3170731707317074,6.217693589860573e-05,0,-5,-2,1971.1864013671875
28,0.36585365853658547,0.00014439458027482033,0,-5,-2,1971.1864013671875
29,0.41463414634146356,7.105834356480045e-06,0,-5,-2,1971.1864013671875
30,0.46341463414634143,2.1384648789535277e-06,0,-5,-2,1971.1864013671875
31,0.5121951219512195,1.980529305001255e-05,0,-5,-2,1971.1864013671875
32,0.5609756097560976,6.183195750963932e-07,0,-5,-2,1971.1864013671875
33,0.6097560975609757,1.1754926845242153e-06,0,-5,-2,1971.1864013671875
34,0.6585365853658538,0.0,0,-5,-2,1971.1864013671875
35,0.7073170731707317,0.0,0,-5,-2,1971.1864013671875
36,0.7560975609756098,0.0,0,-5,-2,1971.1864013671875
37,0.8048780487804879,0.0,0,-5,-2,1971.1864013671875
38,0.853658536585366,0.0,0,-5,-2,1971.1864013671875
39,0.902439024390244,0.0,0,-5,-2,1971.1864013671875
40,0.9512195121951219,0.0,0,-5,-2,1971.1864013671875
41,1.0,0.0,0,-5,-2,1971.1864013671875
0,-1.0,0.001148139126598835,0,-3,-1,1971.1864013671875
1,-0.9512195121951219,0.0024282524827867746,0,-3,-1,1971.1864013671875
2,-0.9024390243902439,0.08612149208784103,0,-3,-1,1971.1864013671875
3,-0.8536585365853658,0.2245979756116867,0,-3,-1,1971.1864013671875
4,-0.8048780487804879,0.26240062713623047,0,-3,-1,1971.1864013671875
5,-0.7560975609756098,0.286604106426239,0,-3,-1,1971.1864013671875
6,-0.7073170731707317,0.11103833466768265,0,-3,-1,1971.1864013671875
7,-0.6585365853658536,0.02837774157524109,0,-3,-1,1971.1864013671875
8,-0.6097560975609756,0.007447606418281794,0,-3,-1,1971.1864013671875
9,-0.5609756097560976,0.00021511716477107257,0,-3,-1,1971.1864013671875
10,-0.5121951219512195,0.0008431002497673035,0,-3,-1,1971.1864013671875
11,-0.46341463414634143,0.0019715181551873684,0,-3,-1,1971.1864013671875
12,-0.41463414634146334,0.00034244032576680183,0,-3,-1,1971.1864013671875
13,-0.36585365853658536,7.696425745962188e-05,0,-3,-1,1971.1864013671875
14,-0.31707317073170727,0.0018709776923060417,0,-3,-1,1971.1864013671875
15,-0.2682926829268293,0.004435678478330374,0,-3,-1,1971.1864013671875
16,-0.2195121951219512,0.00414626719430089,0,-3,-1,1971.1864013671875
17,-0.1707317073170731,0.0013299171114340425,0,-3,-1,1971.1864013671875
18,-0.12195121951219512,0.0010421863989904523,0,-3,-1,1971.1864013671875
19,-0.07317073170731703,0.0010051548015326262,0,-3,-1,1971.1864013671875
20,-0.024390243902439046,3.546522566466592e-05,0,-3,-1,1971.1864013671875
21,0.024390243902439046,0.00124049698933959,0,-3,-1,1971.1864013671875
22,0.07317073170731714,0.001198376645334065,0,-3,-1,1971.1864013671875
23,0.12195121951219523,0.0009719000663608313,0,-3,-1,1971.1864013671875
24,0.17073170731707332,3.6228541375749046e-06,0,-3,-1,1971.1864013671875
25,0.2195121951219512,0.001070288009941578,0,-3,-1,1971.1864013671875
26,0.2682926829268293,6.817503162892535e-05,0,-3,-1,1971.1864013671875
27,0.3170731707317074,0.0008898626547306776,0,-3,-1,1971.1864013671875
28,0.36585365853658547,0.0005691733094863594,0,-3,-1,1971.1864013671875
29,0.41463414634146356,0.0003575445734895766,0,-3,-1,1971.1864013671875
30,0.46341463414634143,2.4217057216446847e-05,0,-3,-1,1971.1864013671875
31,0.5121951219512195,0.0002092717040795833,0,-3,-1,1971.1864013671875
32,0.5609756097560976,0.0003108247183263302,0,-3,-1,1971.1864013671875
33,0.6097560975609757,0.0003518244484439492,0,-3,-1,1971.1864013671875
34,0.6585365853658538,0.0001484808890381828,0,-3,-1,1971.1864013671875
35,0.7073170731707317,8.446814717899542e-06,0,-3,-1,1971.1864013671875
36,0.7560975609756098,0.00017113481590058655,0,-3,-1,1971.1864013671875
37,0.8048780487804879,0.0004840423644054681,0,-3,-1,1971.1864013671875
38,0.853658536585366,0.0,0,-3,-1,1971.1864013671875
39,0.902439024390244,0.0,0,-3,-1,1971.1864013671875
40,0.9512195121951219,0.0,0,-3,-1,1971.1864013671875
41,1.0,0.0,0,-3,-1,1971.1864013671875
0,-1.0,0.0006040086736902595,0,3,1,1971.1864013671875
1,-0.9512195121951219,0.00010102184751303867,0,3,1,1971.1864013671875
2,-0.9024390243902439,0.00016829704691190273,0,3,1,1971.1864013671875
3,-0.8536585365853658,0.0009882408194243908,0,3,1,1971.1864013671875
4,-0.8048780487804879,2.853293153748382e-05,0,3,1,1971.1864013671875
5,-0.7560975609756098,0.0011985455639660358,0,3,1,1971.1864013671875
6,-0.7073170731707317,0.0007359140436165035,0,3,1,1971.1864013671875
7,-0.6585365853658536,0.000101057106803637,0,3,1,1971.1864013671875
8,-0.6097560975609756,0.0007779664010740817,0,3,1,1971.1864013671875
9,-0.5609756097560976,0.0018277654889971018,0,3,1,1971.1864013671875
10,-0.5121951219512195,0.0010102123487740755,0,3,1,1971.1864013671875
11,-0.46341463414634143,6.505951660074061e-06,0,3,1,1971.1864013671875
12,-0.41463414634146334,0.0022204830311238766,0,3,1,1971.1864013671875
13,-0.36585365853658536,0.0005212687538005412,0,3,1,1971.1864013671875
14,-0.31707317073170727,0.0004960867227055132,0,3,1,1971.1864013671875
15,-0.2682926829268293,0.0032525588758289814,0,3,1,1971.1864013671875
16,-0.2195121951219512,0.006983999162912369,0,3,1,1971.1864013671875
17,-0.1707317073170731,0.006147539243102074,0,3,1,1971.1864013671875
18,-0.12195121951219512,0.006756974384188652,0,3,1,1971.1864013671875
19,-0.07317073170731703,0.01079279650002718,0,3,1,1971.1864013671875
20,-0.024390243902439046,0.015128159895539284,0,3,1,1971.1864013671875
21,0.024390243902439046,0.019115982577204704,0,3,1,1971.1864013671875
22,0.07317073170731714,0.015428843908011913,0,3,1,1971.1864013671875
23,0.12195121951219523,0.0012809112668037415,0,3,1,1971.1864013671875
24,0.17073170731707332,0.011264806613326073,0,3,1,1971.1864013671875
25,0.2195121951219512,0.01248843502253294,0,3,1,1971.1864013671875
26,0.2682926829268293,0.09643649309873581,0,3,1,1971.1864013671875
27,0.3170731707317074,0.009456034749746323,0,3,1,1971.1864013671875
28,0.36585365853658547,0.029835205525159836,0,3,1,1971.1864013671875
29,0.41463414634146356,0.03190486878156662,0,3,1,1971.1864013671875
30,0.46341463414634143,0.021671555936336517,0,3,1,1971.1864013671875
31,0.5121951219512195,0.009230718947947025,0,3,1,1971.1864013671875
32,0.5609756097560976,0.0008341935463249683,0,3,1,1971.1864013671875
33,0.6097560975609757,0.00026478146901354194,0,3,1,1971.1864013671875
34,0.6585365853658538,0.003013959852978587,0,3,1,1971.1864013671875
35,0.7073170731707317,0.0015684484969824553,0,3,1,1971.1864013671875
36,0.7560975609756098,0.0039431257173419,0,3,1,1971.1864013671875
37,0.8048780487804879,0.0005819699144922197,0,3,1,1971.1864013671875
38,0.853658536585366,0.0006184219964779913,0,3,1,1971.1864013671875
39,0.902439024390244,0.00026725890347734094,0,3,1,1971.1864013671875
40,0.9512195121951219,0.0016701127169653773,0,3,1,1971.1864013671875
41,1.0,0.0014326737727969885,0,3,1,1971.1864013671875
0,-1.0,4.096610064152628e-05,0,4,1,1971.1864013671875
1,-0.9512195121951219,0.0001537202624604106,0,4,1,1971.1864013671875
2,-0.9024390243902439,0.00011939536489080638,0,4,1,1971.1864013671875
3,-0.8536585365853658,0.00046336656669154763,0,4,1,1971.1864013671875
4,-0.8048780487804879,0.0013927147956565022,0,4,1,1971.1864013671875
5,-0.7560975609756098,0.005978923290967941,0,4,1,1971.1864013671875
6,-0.7073170731707317,0.010608524084091187,0,4,1,1971.1864013671875
7,-0.6585365853658536,0.13637734949588776,0,4,1,1971.1864013671875
8,-0.6097560975609756,0.03637654334306717,0,4,1,1971.1864013671875
9,-0.5609756097560976,7.375955465249717e-05,0,4,1,1971.1864013671875
10,-0.5121951219512195,0.003629637649282813,0,4,1,1971.1864013671875
11,-0.46341463414634143,0.0006165968952700496,0,4,1,1971.1864013671875
12,-0.41463414634146334,0.0010076668113470078,0,4,1,1971.1864013671875
13,-0.36585365853658536,0.00015861171414144337,0,4,1,1971.1864013671875
14,-0.31707317073170727,1.1810226169473026e-05,0,4,1,1971.1864013671875
15,-0.2682926829268293,3.619555354816839e-05,0,4,1,1971.1864013671875
16,-0.2195121951219512,0.00017702839977573603,0,4,1,1971.1864013671875
17,-0.1707317073170731,7.528530841227621e-05,0,4,1,1971.1864013671875
18,-0.12195121951219512,0.00011629966320469975,0,4,1,1971.1864013671875
19,-0.07317073170731703,9.506787137070205e-06,0,4,1,1971.1864013671875
20,-0.024390243902439046,0.00014874371117912233,0,4,1,1971.1864013671875
21,0.024390243902439046,5.298271844367264e-06,0,4,1,1971.1864013671875
22,0.07317073170731714,1.775749660737347e-05,0,4,1,1971.1864013671875
23,0.12195121951219523,2.6869142288887815e-07,0,4,1,1971.1864013671875
24,0.17073170731707332,1.798487573978491e-05,0,4,1,1971.1864013671875
25,0.2195121951219512,6.818282145104604e-06,0,4,1,1971.1864013671875
26,0.2682926829268293,3.170009222230874e-05,0,4,1,1971.1864013671875
27,0.3170731707317074,9.147427590505686e-06,0,4,1,1971.1864013671875
28,0.36585365853658547,1.9901481209672056e-06,0,4,1,1971.1864013671875
29,0.41463414634146356,8.72084274305962e-06,0,4,1,1971.1864013671875
30,0.46341463414634143,1.2763181075570174e-05,0,4,1,1971.1864013671875
31,0.5121951219512195,4.836867083213292e-05,0,4,1,1971.1864013671875
32,0.5609756097560976,1.2187662832729984e-05,0,4,1,1971.1864013671875
33,0.6097560975609757,0.0,0,4,1,1971.1864013671875
34,0.6585365853658538,0.0,0,4,1,1971.1864013671875
35,0.7073170731707317,0.0,0,4,1,1971.1864013671875
36,0.7560975609756098,0.0,0,4,1,1971.1864013671875
37,0.8048780487804879,0.0,0,4,1,1971.1864013671875
38,0.853658536585366,0.0,0,4,1,1971.1864013671875
39,0.902439024390244,0.0,0,4,1,1971.1864013671875
40,0.9512195121951219,0.0,0,4,1,1971.1864013671875
41,1.0,0.0,0,4,1,1971.1864013671875
0,-1.0,0.0,0,6,2,1971.1864013671875
1,-0.9512195121951219,0.0,0,6,2,1971.1864013671875
2,-0.9024390243902439,0.0,0,6,2,1971.1864013671875
3,-0.8536585365853658,0.0,0,6,2,1971.1864013671875
4,-0.8048780487804879,0.0,0,6,2,1971.1864013671875
5,-0.7560975609756098,0.0,0,6,2,1971.1864013671875
6,-0.7073170731707317,0.0,0,6,2,1971.1864013671875
7,-0.6585365853658536,0.0,0,6,2,1971.1864013671875
8,-0.6097560975609756,0.0,0,6,2,1971.1864013671875
9,-0.5609756097560976,0.0,0,6,2,1971.1864013671875
10,-0.5121951219512195,0.0,0,6,2,1971.1864013671875
11,-0.46341463414634143,0.0,0,6,2,1971.1864013671875
12,-0.41463414634146334,0.0,0,6,2,1971.1864013671875
13,-0.36585365853658536,0.0,0,6,2,1971.1864013671875
14,-0.31707317073170727,0.0,0,6,2,1971.1864013671875
15,-0.2682926829268293,0.0,0,6,2,1971.1864013671875
16,-0.2195121951219512,0.0,0,6,2,1971.1864013671875
17,-0.1707317073170731,0.0,0,6,2,1971.1864013671875
18,-0.12195121951219512,0.0,0,6,2,1971.1864013671875
19,-0.07317073170731703,0.0,0,6,2,1971.1864013671875
20,-0.024390243902439046,9.058935575012583e-06,0,6,2,1971.1864013671875
21,0.024390243902439046,1.4396179722098168e-05,0,6,2,1971.1864013671875
22,0.07317073170731714,5.954637458671641e-07,0,6,2,1971.1864013671875
23,0.12195121951219523,9.624866379454033e-07,0,6,2,1971.1864013671875
24,0.17073170731707332,1.900612801364332e-06,0,6,2,1971.1864013671875
25,0.2195121951219512,8.362553671759088e-06,0,6,2,1971.1864013671875
26,0.2682926829268293,3.6843277484877035e-05,0,6,2,1971.1864013671875
27,0.3170731707317074,5.801707175123738e-06,0,6,2,1971.1864013671875
28,0.36585365853658547,1.3342862075660378e-05,0,6,2,1971.1864013671875
29,0.41463414634146356,1.944912764884066e-05,0,6,2,1971.1864013671875
30,0.46341463414634143,2.003914960369002e-05,0,6,2,1971.1864013671875
31,0.5121951219512195,2.4206842681451235e-06,0,6,2,1971.1864013671875
32,0.5609756097560976,6.731585472152801e-06,0,6,2,1971.1864013671875
33,0.6097560975609757,5.628858707495965e-05,0,6,2,1971.1864013671875
34,0.6585365853658538,3.533764902385883e-05,0,6,2,1971.1864013671875
35,0.7073170731707317,1.0400658538856078e-05,0,6,2,1971.1864013671875
36,0.7560975609756098,0.0023791634012013674,0,6,2,1971.1864013671875
37,0.8048780487804879,3.297263174317777e-05,0,6,2,1971.1864013671875
38,0.853658536585366,1.9401031750021502e-05,0,6,2,1971.1864013671875
39,0.902439024390244,1.204042746394407e-06,0,6,2,1971.1864013671875
40,0.9512195121951219,1.5463175486729597e-06,0,6,2,1971.1864013671875
41,1.0,1.1779841770476196e-05,0,6,2,1971.1864013671875
0,-1.0,0.0,0,7,2,1971.1864013671875
1,-0.9512195121951219,0.0,0,7,2,1971.1864013671875
2,-0.9024390243902439,0.0,0,7,2,1971.1864013671875
3,-0.8536585365853658,0.0,0,7,2,1971.1864013671875
4,-0.8048780487804879,0.0,0,7,2,1971.1864013671875
5,-0.7560975609756098,0.0,0,7,2,1971.1864013671875
6,-0.7073170731707317,0.0,0,7,2,1971.1864013671875
7,-0.6585365853658536,0.0,0,7,2,1971.1864013671875
8,-0.6097560975609756,0.0,0,7,2,1971.1864013671875
9,-0.5609756097560976,0.0,0,7,2,1971.1864013671875
10,-0.5121951219512195,0.0,0,7,2,1971.1864013671875
11,-0.46341463414634143,0.0,0,7,2,1971.1864013671875
12,-0.41463414634146334,0.0,0,7,2,1971.1864013671875
13,-0.36585365853658536,1.2020905160170514e-07,0,7,2,1971.1864013671875
14,-0.31707317073170727,5.9051519230024496e-08,0,7,2,1971.1864013671875
15,-0.2682926829268293,6.312922096185503e-07,0,7,2,1971.1864013671875
16,-0.2195121951219512,2.726059392443858e-06,0,7,2,1971.1864013671875
17,-0.1707317073170731,4.737734798254678e-06,0,7,2,1971.1864013671875
18,-0.12195121951219512,4.195053122657555e-07,0,7,2,1971.1864013671875
19,-0.07317073170731703,6.038512765371706e-07,0,7,2,1971.1864013671875
20,-0.024390243902439046,2.1979582015774213e-05,0,7,2,1971.1864013671875
21,0.024390243902439046,1.0336482773709577e-05,0,7,2,1971.1864013671875
22,0.07317073170731714,1.611331208550837e-05,0,7,2,1971.1864013671875
23,0.12195121951219523,1.8473881937097758e-05,0,7,2,1971.1864013671875
24,0.17073170731707332,2.509726300559123e-06,0,7,2,1971.1864013671875
25,0.2195121951219512,3.4326819786656415e-06,0,7,2,1971.1864013671875
26,0.2682926829268293,0.00011962933058384806,0,7,2,1971.1864013671875
27,0.3170731707317074,0.015834124758839607,0,7,2,1971.1864013671875
28,0.36585365853658547,0.002401007106527686,0,7,2,1971.1864013671875
29,0.41463414634146356,8.462477126158774e-05,0,7,2,1971.1864013671875
30,0.46341463414634143,3.548003587638959e-05,0,7,2,1971.1864013671875
31,0.5121951219512195,7.347878272412345e-05,0,7,2,1971.1864013671875
32,0.5609756097560976,8.91455238161143e-06,0,7,2,1971.1864013671875
33,0.6097560975609757,1.9402808902668767e-05,0,7,2,1971.1864013671875
34,0.6585365853658538,3.366042164998362e-07,0,7,2,1971.1864013671875
35,0.7073170731707317,4.301045919419266e-06,0,7,2,1971.1864013671875
36,0.7560975609756098,1.0860117072297726e-06,0,7,2,1971.1864013671875
37,0.8048780487804879,3.078659176480869e-07,0,7,2,1971.1864013671875
38,0.853658536585366,1.8360132969519327e-07,0,7,2,1971.1864013671875
39,0.902439024390244,3.062847042656358e-07,0,7,2,1971.1864013671875
40,0.9512195121951219,3.360505331784225e-07,0,7,2,1971.1864013671875
41,1.0,8.406761367041327e-07,0,7,2,1971.1864013671875
0,-1.0,0.0,0,8,2,1971.1864013671875
1,-0.9512195121951219,0.0,0,8,2,1971.1864013671875
2,-0.9024390243902439,0.0,0,8,2,1971.1864013671875
3,-0.8536585365853658,0.0,0,8,2,1971.1864013671875
4,-0.8048780487804879,0.0,0,8,2,1971.1864013671875
5,-0.7560975609756098,0.0,0,8,2,1971.1864013671875
6,-0.7073170731707317,0.0,0,8,2,1971.1864013671875
7,-0.6585365853658536,0.0,0,8,2,1971.1864013671875
8,-0.6097560975609756,0.0,0,8,2,1971.1864013671875
9,-0.5609756097560976,1.2998967235944292e-07,0,8,2,1971.1864013671875
10,-0.5121951219512195,1.1300114621803914e-08,0,8,2,1971.1864013671875
11,-0.46341463414634143,8.24118160380749e-07,0,8,2,1971.1864013671875
12,-0.41463414634146334,1.7576201827296245e-08,0,8,2,1971.1864013671875
13,-0.36585365853658536,5.313355586622492e-07,0,8,2,1971.1864013671875
14,-0.31707317073170727,2.931461722255335e-06,0,8,2,1971.1864013671875
15,-0.2682926829268293,4.0326367525267415e-06,0,8,2,1971.1864013671875
16,-0.2195121951219512,1.3828448572894558e-06,0,8,2,1971.1864013671875
17,-0.1707317073170731,1.1306668056931812e-05,0,8,2,1971.1864013671875
18,-0.12195121951219512,9.580890036886558e-06,0,8,2,1971.1864013671875
19,-0.07317073170731703,1.6274580048047937e-05,0,8,2,1971.1864013671875
20,-0.024390243902439046,0.0003459900035522878,0,8,2,1971.1864013671875
21,0.024390243902439046,0.004752243869006634,0,8,2,1971.1864013671875
22,0.07317073170731714,8.739016266190447e-06,0,8,2,1971.1864013671875
23,0.12195121951219523,7.25417794456007e-06,0,8,2,1971.1864013671875
24,0.17073170731707332,4.315333171689417e-06,0,8,2,1971.1864013671875
25,0.2195121951219512,9.110909218179586e-07,0,8,2,1971.1864013671875
26,0.2682926829268293,5.091425919090398e-06,0,8,2,1971.1864013671875
27,0.3170731707317074,1.0189735803578515e-05,0,8,2,1971.1864013671875
28,0.36585365853658547,3.860318429360632e-06,0,8,2,1971.1864013671875
29,0.41463414634146356,1.334918351858505e-06,0,8,2,1971.1864013671875
30,0.46341463414634143,3.928382454887469e-07,0,8,2,1971.1864013671875
31,0.5121951219512195,8.316043249578797e-07,0,8,2,1971.1864013671875
32,0.5609756097560976,6.802124516980257e-07,0,8,2,1971.1864013671875
33,0.6097560975609757,1.1428415973568917e-06,0,8,2,1971.1864013671875
34,0.6585365853658538,0.0,0,8,2,1971.1864013671875
35,0.7073170731707317,0.0,0,8,2,1971.1864013671875
36,0.7560975609756098,0.0,0,8,2,1971.1864013671875
37,0.8048780487804879,0.0,0,8,2,1971.1864013671875
38,0.853658536585366,0.0,0,8,2,1971.1864013671875
39,0.902439024390244,0.0,0,8,2,1971.1864013671875
40,0.9512195121951219,0.0,0,8,2,1971.1864013671875
41,1.0,0.0,0,8,2,1971.1864013671875
0,-1.0,0.0,0,9,2,1971.1864013671875
1,-0.9512195121951219,0.0,0,9,2,1971.1864013671875
2,-0.9024390243902439,0.0,0,9,2,1971.1864013671875
3,-0.8536585365853658,0.0,0,9,2,1971.1864013671875
4,-0.8048780487804879,0.0,0,9,2,1971.1864013671875
5,-0.7560975609756098,0.0,0,9,2,1971.1864013671875
6,-0.7073170731707317,0.0,0,9,2,1971.1864013671875
7,-0.6585365853658536,1.4534342653860222e-06,0,9,2,1971.1864013671875
8,-0.6097560975609756,5.677291937900009e-06,0,9,2,1971.1864013671875
9,-0.5609756097560976,3.709497491399816e-07,0,9,2,1971.1864013671875
10,-0.5121951219512195,9.448235118725279e-07,0,9,2,1971.1864013671875
11,-0.46341463414634143,1.5279946410373668e-06,0,9,2,1971.1864013671875
12,-0.41463414634146334,7.156011179176858e-07,0,9,2,1971.1864013671875
13,-0.36585365853658536,2.494729596946854e-05,0,9,2,1971.1864013671875
14,-0.31707317073170727,1.0889989425777458e-05,0,9,2,1971.1864013671875
15,-0.2682926829268293,9.062939625437139e-07,0,9,2,1971.1864013671875
16,-0.2195121951219512,3.699200169648975e-05,0,9,2,1971.1864013671875
17,-0.1707317073170731,0.00381615967489779,0,9,2,1971.1864013671875
18,-0.12195121951219512,0.00017459636728744954,0,9,2,1971.1864013671875
19,-0.07317073170731703,5.8892501328955404e-06,0,9,2,1971.1864013671875
20,-0.024390243902439046,2.220311671408126e-06,0,9,2,1971.1864013671875
21,0.024390243902439046,1.359917405352462e-05,0,9,2,1971.1864013671875
22,0.07317073170731714,6.047737315384438e-07,0,9,2,1971.1864013671875
23,0.12195121951219523,1.6825177340251685e-07,0,9,2,1971.1864013671875
24,0.17073170731707332,9.553593827149598e-08,0,9,2,1971.1864013671875
25,0.2195121951219512,5.084025360702071e-07,0,9,2,1971.1864013671875
26,0.2682926829268293,3.0035585041332524e-07,0,9,2,1971.1864013671875
27,0.3170731707317074,5.548179728975811e-07,0,9,2,1971.1864013671875
28,0.36585365853658547,3.999153705080971e-06,0,9,2,1971.1864013671875
29,0.41463414634146356,0.0,0,9,2,1971.1864013671875
30,0.46341463414634143,0.0,0,9,2,1971.1864013671875
31,0.5121951219512195,0.0,0,9,2,1971.1864013671875
32,0.5609756097560976,0.0,0,9,2,1971.1864013671875
33,0.6097560975609757,0.0,0,9,2,1971.1864013671875
34,0.6585365853658538,0.0,0,9,2,1971.1864013671875
35,0.7073170731707317,0.0,0,9,2,1971.1864013671875
36,0.7560975609756098,0.0,0,9,2,1971.1864013671875
37,0.8048780487804879,0.0,0,9,2,1971.1864013671875
38,0.853658536585366,0.0,0,9,2,1971.1864013671875
39,0.902439024390244,0.0,0,9,2,1971.1864013671875
40,0.9512195121951219,0.0,0,9,2,1971.1864013671875
41,1.0,0.0,0,9,2,1971.1864013671875
0,-1.0,0.0,1,-8,-8,1971.1864013671875
1,-0.9512195121951219,0.0,1,-8,-8,1971.1864013671875
2,-0.9024390243902439,0.0,1,-8,-8,1971.1864013671875
3,-0.8536585365853658,0.0,1,-8,-8,1971.1864013671875
4,-0.8048780487804879,0.0,1,-8,-8,1971.1864013671875
5,-0.7560975609756098,0.0,1,-8,-8,1971.1864013671875
6,-0.7073170731707317,0.0,1,-8,-8,1971.1864013671875
7,-0.6585365853658536,0.0,1,-8,-8,1971.1864013671875
8,-0.6097560975609756,0.0,1,-8,-8,1971.1864013671875
9,-0.5609756097560976,0.0,1,-8,-8,1971.1864013671875
10,-0.5121951219512195,0.0,1,-8,-8,1971.1864013671875
11,-0.46341463414634143,0.0,1,-8,-8,1971.1864013671875
12,-0.41463414634146334,0.0,1,-8,-8,1971.1864013671875
13,-0.36585365853658536,0.0,1,-8,-8,1971.1864013671875
14,-0.31707317073170727,0.0,1,-8,-8,1971.1864013671875
15,-0.2682926829268293,0.0,1,-8,-8,1971.1864013671875
16,-0.2195121951219512,0.0,1,-8,-8,1971.1864013671875
17,-0.1707317073170731,0.0,1,-8,-8,1971.1864013671875
18,-0.12195121951219512,0.0,1,-8,-8,1971.1864013671875
19,-0.07317073170731703,0.0,1,-8,-8,1971.1864013671875
20,-0.024390243902439046,4.2281783407815965e-08,1,-8,-8,1971.1864013671875
21,0.024390243902439046,2.884295327021391e-06,1,-8,-8,1971.1864013671875
22,0.07317073170731714,3.7167268374105333e-07,1,-8,-8,1971.1864013671875
23,0.12195121951219523,2.773682354018092e-06,1,-8,-8,1971.1864013671875
24,0.17073170731707332,2.2351966322275985e-07,1,-8,-8,1971.1864013671875
25,0.2195121951219512,4.95323376981105e-07,1,-8,-8,1971.1864013671875
26,0.2682926829268293,1.1626878404058516e-05,1,-8,-8,1971.1864013671875
27,0.3170731707317074,1.4048382581677288e-05,1,-8,-8,1971.1864013671875
28,0.36585365853658547,2.7211083875045006e-07,1,-8,-8,1971.1864013671875
29,0.41463414634146356,2.702354549910524e-06,1,-8,-8,1971.1864013671875
30,0.46341463414634143,1.603692567186954e-06,1,-8,-8,1971.1864013671875
31,0.5121951219512195,1.4169689166010357e-05,1,-8,-8,1971.1864013671875
32,0.5609756097560976,0.00044597857049666345,1,-8,-8,1971.1864013671875
33,0.6097560975609757,0.00015044244355522096,1,-8,-8,1971.1864013671875
34,0.6585365853658538,0.0001850386761361733,1,-8,-8,1971.1864013671875
35,0.7073170731707317,1.2484664694056846e-05,1,-8,-8,1971.1864013671875
36,0.7560975609756098,7.0009418777772225e-06,1,-8,-8,1971.1864013671875
37,0.8048780487804879,6.90942158598773e-07,1,-8,-8,1971.1864013671875
38,0.853658536585366,2.020256715695723e-06,1,-8,-8,1971.1864013671875
39,0.902439024390244,1.720524778647814e-06,1,-8,-8,1971.1864013671875
40,0.9512195121951219,5.940146365901455e-07,1,-8,-8,1971.1864013671875
41,1.0,1.2899116654807585e-06,1,-8,-8,1971.1864013671875
0,-1.0,8.644477134112094e-07,1,-8,-7,1971.1864013671875
1,-0.9512195121951219,6.07808142376598e-05,1,-8,-7,1971.1864013671875
2,-0.9024390243902439,4.975441243004752e-06,1,-8,-7,1971.1864013671875
3,-0.8536585365853658,0.00011178735439898446,1,-8,-7,1971.1864013671875
4,-0.8048780487804879,0.0011828496353700757,1,-8,-7,1971.1864013671875
5,-0.7560975609756098,0.00018565412028692663,1,-8,-7,1971.1864013671875
6,-0.7073170731707317,4.0325235772797896e-07,1,-8,-7,1971.1864013671875
7,-0.6585365853658536,2.0840095658059e-06,1,-8,-7,1971.1864013671875
8,-0.6097560975609756,1.923803893078002e-06,1,-8,-7,1971.1864013671875
9,-0.5609756097560976,1.9407343643251806e-06,1,-8,-7,1971.1864013671875
10,-0.5121951219512195,1.616145368643629e-06,1,-8,-7,1971.1864013671875
11,-0.46341463414634143,9.068772328646446e-07,1,-8,-7,1971.1864013671875
12,-0.41463414634146334,6.008822879266518e-07,1,-8,-7,1971.1864013671875
13,-0.36585365853658536,5.612283075606683e-06,1,-8,-7,1971.1864013671875
14,-0.31707317073170727,3.9052952161000576e-07,1,-8,-7,1971.1864013671875
15,-0.2682926829268293,2.016786766034784e-06,1,-8,-7,1971.1864013671875
16,-0.2195121951219512,9.473335012444295e-06,1,-8,-7,1971.1864013671875
17,-0.1707317073170731,0.0,1,-8,-7,1971.1864013671875
18,-0.12195121951219512,0.0,1,-8,-7,1971.1864013671875
19,-0.07317073170731703,0.0,1,-8,-7,1971.1864013671875
20,-0.024390243902439046,0.0,1,-8,-7,1971.1864013671875
21,0.024390243902439046,0.0,1,-8,-7,1971.1864013671875
22,0.07317073170731714,0.0,1,-8,-7,1971.1864013671875
23,0.12195121951219523,0.0,1,-8,-7,1971.1864013671875
24,0.17073170731707332,0.0,1,-8,-7,1971.1864013671875
25,0.2195121951219512,0.0,1,-8,-7,1971.1864013671875
26,0.2682926829268293,0.0,1,-8,-7,1971.1864013671875
27,0.3170731707317074,0.0,1,-8,-7,1971.1864013671875
28,0.36585365853658547,0.0,1,-8,-7,1971.1864013671875
29,0.41463414634146356,0.0,1,-8,-7,1971.1864013671875
30,0.46341463414634143,0.0,1,-8,-7,1971.1864013671875
31,0.5121951219512195,0.0,1,-8,-7,1971.1864013671875
32,0.5609756097560976,0.0,1,-8,-7,1971.1864013671875
33,0.6097560975609757,0.0,1,-8,-7,1971.1864013671875
34,0.6585365853658538,0.0,1,-8,-7,1971.1864013671875
35,0.7073170731707317,0.0,1,-8,-7,1971.1864013671875
36,0.7560975609756098,0.0,1,-8,-7,1971.1864013671875
37,0.8048780487804879,0.0,1,-8,-7,1971.1864013671875
38,0.853658536585366,0.0,1,-8,-7,1971.1864013671875
39,0.902439024390244,0.0,1,-8,-7,1971.1864013671875
40,0.9512195121951219,0.0,1,-8,-7,1971.1864013671875
41,1.0,0.0,1,-8,-7,1971.1864013671875
0,-1.0,0.0,1,-7,-7,1971.1864013671875
1,-0.9512195121951219,0.0,1,-7,-7,1971.1864013671875
2,-0.9024390243902439,0.0,1,-7,-7,1971.1864013671875
3,-0.8536585365853658,0.0,1,-7,-7,1971.1864013671875
4,-0.8048780487804879,0.0,1,-7,-7,1971.1864013671875
5,-0.7560975609756098,0.0,1,-7,-7,1971.1864013671875
6,-0.7073170731707317,0.0,1,-7,-7,1971.1864013671875
7,-0.6585365853658536,1.5557656070086523e-06,1,-7,-7,1971.1864013671875
8,-0.6097560975609756,2.441101059957873e-06,1,-7,-7,1971.1864013671875
9,-0.5609756097560976,8.368361363864096e-07,1,-7,-7,1971.1864013671875
10,-0.5121951219512195,1.161035697805346e-06,1,-7,-7,1971.1864013671875
11,-0.46341463414634143,4.735216407425469e-06,1,-7,-7,1971.1864013671875
12,-0.41463414634146334,8.370117029699031e-06,1,-7,-7,1971.1864013671875
13,-0.36585365853658536,1.4988620478106895e-06,1,-7,-7,1971.1864013671875
14,-0.31707317073170727,2.1314122022886295e-06,1,-7,-7,1971.1864013671875
15,-0.2682926829268293,1.1988544429186732e-05,1,-7,-7,1971.1864013671875
16,-0.2195121951219512,3.7224363040877506e-05,1,-7,-7,1971.1864013671875
17,-0.1707317073170731,1.2651840734179132e-05,1,-7,-7,1971.1864013671875
18,-0.12195121951219512,9.935451998899225e-06,1,-7,-7,1971.1864013671875
19,-0.07317073170731703,3.276374627603218e-05,1,-7,-7,1971.1864013671875
20,-0.024390243902439046,7.546850611106493e-06,1,-7,-7,1971.1864013671875
21,0.024390243902439046,0.00010801669850479811,1,-7,-7,1971.1864013671875
22,0.07317073170731714,0.0005961697897873819,1,-7,-7,1971.1864013671875
23,0.12195121951219523,9.753117774380371e-05,1,-7,-7,1971.1864013671875
24,0.17073170731707332,8.462987352686469e-06,1,-7,-7,1971.1864013671875
25,0.2195121951219512,4.096982593182474e-06,1,-7,-7,1971.1864013671875
26,0.2682926829268293,1.1043226777474047e-06,1,-7,-7,1971.1864013671875
27,0.3170731707317074,4.433411959325895e-06,1,-7,-7,1971.1864013671875
28,0.36585365853658547,2.4314833808603e-06,1,-7,-7,1971.1864013671875
29,0.41463414634146356,1.3575106549978955e-06,1,-7,-7,1971.1864013671875
30,0.46341463414634143,1.4504071259580087e-06,1,-7,-7,1971.1864013671875
31,0.5121951219512195,2.6318218715459807e-06,1,-7,-7,1971.1864013671875
32,0.5609756097560976,3.660531149307644e-07,1,-7,-7,1971.1864013671875
33,0.6097560975609757,1.6766293242653774e-07,1,-7,-7,1971.1864013671875
34,0.6585365853658538,2.4906827093218453e-05,1,-7,-7,1971.1864013671875
35,0.7073170731707317,6.582887635886436e-06,1,-7,-7,1971.1864013671875
36,0.7560975609756098,0.0,1,-7,-7,1971.1864013671875
37,0.8048780487804879,0.0,1,-7,-7,1971.1864013671875
38,0.853658536585366,0.0,1,-7,-7,1971.1864013671875
39,0.902439024390244,0.0,1,-7,-7,1971.1864013671875
40,0.9512195121951219,0.0,1,-7,-7,1971.1864013671875
41,1.0,0.0,1,-7,-7,1971.1864013671875
0,-1.0,0.00010776854469440877,1,-6,-6,1971.1864013671875
1,-0.9512195121951219,0.00013946954277344048,1,-6,-6,1971.1864013671875
2,-0.9024390243902439,5.1804527174681425e-05,1,-6,-6,1971.1864013671875
3,-0.8536585365853658,0.0007114238105714321,1,-6,-6,1971.1864013671875
4,-0.8048780487804879,0.004782418254762888,1,-6,-6,1971.1864013671875
5,-0.7560975609756098,0.014115309342741966,1,-6,-6,1971.1864013671875
6,-0.7073170731707317,0.004396188538521528,1,-6,-6,1971.1864013671875
7,-0.6585365853658536,0.0004406467778608203,1,-6,-6,1971.1864013671875
8,-0.6097560975609756,0.00010169517918257043,1,-6,-6,1971.1864013671875
9,-0.5609756097560976,6.524425771203823e-06,1,-6,-6,1971.1864013671875
10,-0.5121951219512195,2.9713846743106842e-05,1,-6,-6,1971.1864013671875
11,-0.46341463414634143,3.6515179090201855e-05,1,-6,-6,1971.1864013671875
12,-0.41463414634146334,2.8179370929137804e-05,1,-6,-6,1971.1864013671875
13,-0.36585365853658536,5.3991711865819525e-06,1,-6,-6,1971.1864013671875
14,-0.31707317073170727,1.5883083506196272e-06,1,-6,-6,1971.1864013671875
15,-0.2682926829268293,5.362091542338021e-06,1,-6,-6,1971.1864013671875
16,-0.2195121951219512,1.525497282273136e-05,1,-6,-6,1971.1864013671875
17,-0.1707317073170731,3.491324605420232e-06,1,-6,-6,1971.1864013671875
18,-0.12195121951219512,7.950427971081808e-06,1,-6,-6,1971.1864013671875
19,-0.07317073170731703,1.5683465903748584e-07,1,-6,-6,1971.1864013671875
20,-0.024390243902439046,7.380912734333833e-07,1,-6,-6,1971.1864013671875
21,0.024390243902439046,8.895477776604821e-07,1,-6,-6,1971.1864013671875
22,0.07317073170731714,0.0,1,-6,-6,1971.1864013671875
23,0.12195121951219523,0.0,1,-6,-6,1971.1864013671875
24,0.17073170731707332,0.0,1,-6,-6,1971.1864013671875
25,0.2195121951219512,0.0,1,-6,-6,1971.1864013671875
26,0.2682926829268293,0.0,1,-6,-6,1971.1864013671875
27,0.3170731707317074,0.0,1,-6,-6,1971.1864013671875
28,0.36585365853658547,0.0,1,-6,-6,1971.1864013671875
29,0.41463414634146356,0.0,1,-6,-6,1971.1864013671875
30,0.46341463414634143,0.0,1,-6,-6,1971.1864013671875
31,0.5121951219512195,0.0,1,-6,-6,1971.1864013671875
32,0.5609756097560976,0.0,1,-6,-6,1971.1864013671875
33,0.6097560975609757,0.0,1,-6,-6,1971.1864013671875
34,0.6585365853658538,0.0,1,-6,-6,1971.1864013671875
35,0.7073170731707317,0.0,1,-6,-6,1971.1864013671875
36,0.7560975609756098,0.0,1,-6,-6,1971.1864013671875
37,0.8048780487804879,0.0,1,-6,-6,1971.1864013671875
38,0.853658536585366,0.0,1,-6,-6,1971.1864013671875
39,0.902439024390244,0.0,1,-6,-6,1971.1864013671875
40,0.9512195121951219,0.0,1,-6,-6,1971.1864013671875
41,1.0,0.0,1,-6,-6,1971.1864013671875
0,-1.0,0.0,1,-5,-6,1971.1864013671875
1,-0.9512195121951219,0.0,1,-5,-6,1971.1864013671875
2,-0.9024390243902439,0.0,1,-5,-6,1971.1864013671875
3,-0.8536585365853658,0.0,1,-5,-6,1971.1864013671875
4,-0.8048780487804879,0.0,1,-5,-6,1971.1864013671875
5,-0.7560975609756098,0.0,1,-5,-6,1971.1864013671875
6,-0.7073170731707317,0.0,1,-5,-6,1971.1864013671875
7,-0.6585365853658536,1.0832546877281857e-06,1,-5,-6,1971.1864013671875
8,-0.6097560975609756,1.519951865702751e-06,1,-5,-6,1971.1864013671875
9,-0.5609756097560976,5.402942520049692e-07,1,-5,-6,1971.1864013671875
10,-0.5121951219512195,4.485760655370541e-05,1,-5,-6,1971.1864013671875
11,-0.46341463414634143,0.00013723289885092527,1,-5,-6,1971.1864013671875
12,-0.41463414634146334,1.3531091099139303e-05,1,-5,-6,1971.1864013671875
13,-0.36585365853658536,9.287842317462491e-07,1,-5,-6,1971.1864013671875
14,-0.31707317073170727,2.818264647430624e-06,1,-5,-6,1971.1864013671875
15,-0.2682926829268293,9.514729754300788e-06,1,-5,-6,1971.1864013671875
16,-0.2195121951219512,1.0808848855958786e-05,1,-5,-6,1971.1864013671875
17,-0.1707317073170731,2.3095738015399547e-06,1,-5,-6,1971.1864013671875
18,-0.12195121951219512,2.697648824323551e-06,1,-5,-6,1971.1864013671875
19,-0.07317073170731703,3.051894736927352e-06,1,-5,-6,1971.1864013671875
20,-0.024390243902439046,3.469882813078584e-06,1,-5,-6,1971.1864013671875
21,0.024390243902439046,3.858739546558354e-06,1,-5,-6,1971.1864013671875
22,0.07317073170731714,4.303617242840119e-05,1,-5,-6,1971.1864013671875
23,0.12195121951219523,0.00014117799582891166,1,-5,-6,1971.1864013671875
24,0.17073170731707332,4.4310741941444576e-05,1,-5,-6,1971.1864013671875
25,0.2195121951219512,2.9721415558014996e-05,1,-5,-6,1971.1864013671875
26,0.2682926829268293,3.354222280904651e-05,1,-5,-6,1971.1864013671875
27,0.3170731707317074,0.00038632715586572886,1,-5,-6,1971.1864013671875
28,0.36585365853658547,0.0005289034452289343,1,-5,-6,1971.1864013671875
29,0.41463414634146356,6.128739914856851e-05,1,-5,-6,1971.1864013671875
30,0.46341463414634143,0.0008313828147947788,1,-5,-6,1971.1864013671875
31,0.5121951219512195,0.00034870169474743307,1,-5,-6,1971.1864013671875
32,0.5609756097560976,2.293511715834029e-05,1,-5,-6,1971.1864013671875
33,0.6097560975609757,1.3937384210294113e-05,1,-5,-6,1971.1864013671875
34,0.6585365853658538,3.3102722227340564e-05,1,-5,-6,1971.1864013671875
35,0.7073170731707317,6.874540758872172e-06,1,-5,-6,1971.1864013671875
36,0.7560975609756098,8.406895176449325e-06,1,-5,-6,1971.1864013671875
37,0.8048780487804879,8.006830285012256e-06,1,-5,-6,1971.1864013671875
38,0.853658536585366,3.2295865821652114e-05,1,-5,-6,1971.1864013671875
39,0.902439024390244,2.278560714330524e-06,1,-5,-6,1971.1864013671875
40,0.9512195121951219,4.775314437210909e-07,1,-5,-6,1971.1864013671875
41,1.0,1.549063017591834e-05,1,-5,-6,1971.1864013671875
0,-1.0,8.176218398148194e-05,1,-3,-5,1971.1864013671875
1,-0.9512195121951219,6.228347774595022e-05,1,-3,-5,1971.1864013671875
2,-0.9024390243902439,3.874759568134323e-05,1,-3,-5,1971.1864013671875
3,-0.8536585365853658,4.035506208310835e-05,1,-3,-5,1971.1864013671875
4,-0.8048780487804879,1.5901081496849656e-05,1,-3,-5,1971.1864013671875
5,-0.7560975609756098,3.24597604048904e-05,1,-3,-5,1971.1864013671875
6,-0.7073170731707317,0.00015907539636828005,1,-3,-5,1971.1864013671875
7,-0.6585365853658536,8.901848195819184e-05,1,-3,-5,1971.1864013671875
8,-0.6097560975609756,3.5346063668839633e-05,1,-3,-5,1971.1864013671875
9,-0.5609756097560976,2.1752723114332184e-05,1,-3,-5,1971.1864013671875
10,-0.5121951219512195,2.559480162744876e-05,1,-3,-5,1971.1864013671875
11,-0.46341463414634143,6.415447569452226e-05,1,-3,-5,1971.1864013671875
12,-0.41463414634146334,0.0002905688597820699,1,-3,-5,1971.1864013671875
13,-0.36585365853658536,0.0002859975502360612,1,-3,-5,1971.1864013671875
14,-0.31707317073170727,0.00016154881450347602,1,-3,-5,1971.1864013671875
15,-0.2682926829268293,7.972756429808214e-05,1,-3,-5,1971.1864013671875
16,-0.2195121951219512,3.9440696127712727e-05,1,-3,-5,1971.1864013671875
17,-0.1707317073170731,6.270492576732067e-06,1,-3,-5,1971.1864013671875
18,-0.12195121951219512,0.00036206800723448396,1,-3,-5,1971.1864013671875
19,-0.07317073170731703,1.560548298584763e-06,1,-3,-5,1971.1864013671875
20,-0.024390243902439046,4.491055369726382e-05,1,-3,-5,1971.1864013671875
21,0.024390243902439046,0.00023552544007543474,1,-3,-5,1971.1864013671875
22,0.07317073170731714,0.0006901746382936835,1,-3,-5,1971.1864013671875
23,0.12195121951219523,0.0003416488179937005,1,-3,-5,1971.1864013671875
24,0.17073170731707332,0.0010358928702771664,1,-3,-5,1971.1864013671875
25,0.2195121951219512,0.000805819290690124,1,-3,-5,1971.1864013671875
26,0.2682926829268293,0.0025294453371316195,1,-3,-5,1971.1864013671875
27,0.3170731707317074,0.002703488804399967,1,-3,-5,1971.1864013671875
28,0.36585365853658547,0.008328034542500973,1,-3,-5,1971.1864013671875
29,0.41463414634146356,0.0003753983473870903,1,-3,-5,1971.1864013671875
30,0.46341463414634143,0.037178125232458115,1,-3,-5,1971.1864013671875
31,0.5121951219512195,0.17852452397346497,1,-3,-5,1971.1864013671875
32,0.5609756097560976,0.009237064979970455,1,-3,-5,1971.1864013671875
33,0.6097560975609757,0.002820613095536828,1,-3,-5,1971.1864013671875
34,0.6585365853658538,0.0002706296800170094,1,-3,-5,1971.1864013671875
35,0.7073170731707317,0.0005230185342952609,1,-3,-5,1971.1864013671875
36,0.7560975609756098,0.00023059418890625238,1,-3,-5,1971.1864013671875
37,0.8048780487804879,0.00010950439173029736,1,-3,-5,1971.1864013671875
38,0.853658536585366,0.0008899579988792539,1,-3,-5,1971.1864013671875
39,0.902439024390244,0.00025659240782260895,1,-3,-5,1971.1864013671875
40,0.9512195121951219,0.0005343744996935129,1,-3,-5,1971.1864013671875
41,1.0,0.0002403734251856804,1,-3,-5,1971.1864013671875
0,-1.0,0.012446464039385319,1,-1,-4,1971.1864013671875
1,-0.9512195121951219,0.00020840934303123504,1,-1,-4,1971.1864013671875
2,-0.9024390243902439,0.02273346111178398,1,-1,-4,1971.1864013671875
3,-0.8536585365853658,0.02008824422955513,1,-1,-4,1971.1864013671875
4,-0.8048780487804879,0.018112562596797943,1,-1,-4,1971.1864013671875
5,-0.7560975609756098,0.008086005225777626,1,-1,-4,1971.1864013671875
6,-0.7073170731707317,0.042078156024217606,1,-1,-4,1971.1864013671875
7,-0.6585365853658536,0.22235485911369324,1,-1,-4,1971.1864013671875
8,-0.6097560975609756,0.13676445186138153,1,-1,-4,1971.1864013671875
9,-0.5609756097560976,0.023131350055336952,1,-1,-4,1971.1864013671875
10,-0.5121951219512195,0.17297974228858948,1,-1,-4,1971.1864013671875
11,-0.46341463414634143,0.13204430043697357,1,-1,-4,1971.1864013671875
12,-0.41463414634146334,0.5872446894645691,1,-1,-4,1971.1864013671875
13,-0.36585365853658536,0.2156279981136322,1,-1,-4,1971.1864013671875
14,-0.31707317073170727,0.0005367001867853105,1,-1,-4,1971.1864013671875
15,-0.2682926829268293,0.1632155328989029,1,-1,-4,1971.1864013671875
16,-0.2195121951219512,0.24895651638507843,1,-1,-4,1971.1864013671875
17,-0.1707317073170731,0.06941243261098862,1,-1,-4,1971.1864013671875
18,-0.12195121951219512,0.08980627357959747,1,-1,-4,1971.1864013671875
19,-0.07317073170731703,0.02920604683458805,1,-1,-4,1971.1864013671875
20,-0.024390243902439046,0.038802847266197205,1,-1,-4,1971.1864013671875
21,0.024390243902439046,0.0019039292819797993,1,-1,-4,1971.1864013671875
22,0.07317073170731714,0.016821373254060745,1,-1,-4,1971.1864013671875
23,0.12195121951219523,0.028450649231672287,1,-1,-4,1971.1864013671875
24,0.17073170731707332,0.0010018531465902925,1,-1,-4,1971.1864013671875
25,0.2195121951219512,0.02005111239850521,1,-1,-4,1971.1864013671875
26,0.2682926829268293,0.008610385470092297,1,-1,-4,1971.1864013671875
27,0.3170731707317074,0.0162995345890522,1,-1,-4,1971.1864013671875
28,0.36585365853658547,0.0001523903338238597,1,-1,-4,1971.1864013671875
29,0.41463414634146356,0.00876843836158514,1,-1,-4,1971.1864013671875
30,0.46341463414634143,0.009322439320385456,1,-1,-4,1971.1864013671875
31,0.5121951219512195,0.0017664290498942137,1,-1,-4,1971.1864013671875
32,0.5609756097560976,0.0020410348661243916,1,-1,-4,1971.1864013671875
33,0.6097560975609757,0.005107253789901733,1,-1,-4,1971.1864013671875
34,0.6585365853658538,0.0009375630179420114,1,-1,-4,1971.1864013671875
35,0.7073170731707317,0.002381372731178999,1,-1,-4,1971.1864013671875
36,0.7560975609756098,0.0069922590628266335,1,-1,-4,1971.1864013671875
37,0.8048780487804879,0.0009184913360513747,1,-1,-4,1971.1864013671875
38,0.853658536585366,6.67049316689372e-05,1,-1,-4,1971.1864013671875
39,0.902439024390244,0.00039371749153360724,1,-1,-4,1971.1864013671875
40,0.9512195121951219,0.002004241803660989,1,-1,-4,1971.1864013671875
41,1.0,0.0012388883624225855,1,-1,-4,1971.1864013671875
0,-1.0,0.00022902274213265628,1,2,-3,1971.1864013671875
1,-0.9512195121951219,0.0007852321141399443,1,2,-3,1971.1864013671875
2,-0.9024390243902439,0.0014013994950801134,1,2,-3,1971.1864013671875
3,-0.8536585365853658,0.001770317554473877,1,2,-3,1971.1864013671875
4,-0.8048780487804879,0.0002962554863188416,1,2,-3,1971.1864013671875
5,-0.7560975609756098,0.00011622736201388761,1,2,-3,1971.1864013671875
6,-0.7073170731707317,0.0004359784652478993,1,2,-3,1971.1864013671875
7,-0.6585365853658536,0.0002552646619733423,1,2,-3,1971.1864013671875
8,-0.6097560975609756,0.0007542730891145766,1,2,-3,1971.1864013671875
9,-0.5609756097560976,0.0029967408627271652,1,2,-3,1971.1864013671875
10,-0.5121951219512195,0.000932376307900995,1,2,-3,1971.1864013671875
11,-0.46341463414634143,0.0021944844629615545,1,2,-3,1971.1864013671875
12,-0.41463414634146334,0.003225251566618681,1,2,-3,1971.1864013671875
13,-0.36585365853658536,0.0027980569284409285,1,2,-3,1971.1864013671875
14,-0.31707317073170727,0.00016196754586417228,1,2,-3,1971.1864013671875
15,-0.2682926829268293,0.025088969618082047,1,2,-3,1971.1864013671875
16,-0.2195121951219512,0.12347707152366638,1,2,-3,1971.1864013671875
17,-0.1707317073170731,0.15259969234466553,1,2,-3,1971.1864013671875
18,-0.12195121951219512,0.28988924622535706,1,2,-3,1971.1864013671875
19,-0.07317073170731703,0.0007737736450508237,1,2,-3,1971.1864013671875
20,-0.024390243902439046,0.11208054423332214,1,2,-3,1971.1864013671875
21,0.024390243902439046,0.05852309986948967,1,2,-3,1971.1864013671875
22,0.07317073170731714,0.04186540096998215,1,2,-3,1971.1864013671875
23,0.12195121951219523,0.013983185403048992,1,2,-3,1971.1864013671875
24,0.17073170731707332,0.0012588152894750237,1,2,-3,1971.1864013671875
25,0.2195121951219512,0.004554859362542629,1,2,-3,1971.1864013671875
26,0.2682926829268293,0.0008051559561863542,1,2,-3,1971.1864013671875
27,0.3170731707317074,0.0005145511240698397,1,2,-3,1971.1864013671875
28,0.36585365853658547,0.002538406290113926,1,2,-3,1971.1864013671875
29,0.41463414634146356,0.0033488753251731396,1,2,-3,1971.1864013671875
30,0.46341463414634143,0.002848837524652481,1,2,-3,1971.1864013671875
31,0.5121951219512195,0.002244306728243828,1,2,-3,1971.1864013671875
32,0.5609756097560976,0.001732907723635435,1,2,-3,1971.1864013671875
33,0.6097560975609757,0.0002079778496408835,1,2,-3,1971.1864013671875
34,0.6585365853658538,6.539055902976543e-05,1,2,-3,1971.1864013671875
35,0.7073170731707317,0.00010013638529926538,1,2,-3,1971.1864013671875
36,0.7560975609756098,0.0002675560535863042,1,2,-3,1971.1864013671875
37,0.8048780487804879,0.0004126216808799654,1,2,-3,1971.1864013671875
38,0.853658536585366,0.0001526769483461976,1,2,-3,1971.1864013671875
39,0.902439024390244,0.0005714553408324718,1,2,-3,1971.1864013671875
40,0.9512195121951219,0.0003857842821162194,1,2,-3,1971.1864013671875
41,1.0,6.577803287655115e-05,1,2,-3,1971.1864013671875
0,-1.0,0.0,1,5,-2,1971.1864013671875
1,-0.9512195121951219,0.0,1,5,-2,1971.1864013671875
2,-0.9024390243902439,0.0,1,5,-2,1971.1864013671875
3,-0.8536585365853658,0.0,1,5,-2,1971.1864013671875
4,-0.8048780487804879,0.0,1,5,-2,1971.1864013671875
5,-0.7560975609756098,0.0,1,5,-2,1971.1864013671875
6,-0.7073170731707317,0.0,1,5,-2,1971.1864013671875
7,-0.6585365853658536,0.0,1,5,-2,1971.1864013671875
8,-0.6097560975609756,0.0,1,5,-2,1971.1864013671875
9,-0.5609756097560976,0.0,1,5,-2,1971.1864013671875
10,-0.5121951219512195,0.0,1,5,-2,1971.1864013671875
11,-0.46341463414634143,4.483397788135335e-06,1,5,-2,1971.1864013671875
12,-0.41463414634146334,1.0736158628787962e-06,1,5,-2,1971.1864013671875
13,-0.36585365853658536,2.1146245217096293e-06,1,5,-2,1971.1864013671875
14,-0.31707317073170727,8.057102604652755e-06,1,5,-2,1971.1864013671875
15,-0.2682926829268293,1.0755788935057353e-05,1,5,-2,1971.1864013671875
16,-0.2195121951219512,4.532367529463954e-05,1,5,-2,1971.1864013671875
17,-0.1707317073170731,7.078400813043118e-05,1,5,-2,1971.1864013671875
18,-0.12195121951219512,7.000619370955974e-05,1,5,-2,1971.1864013671875
19,-0.07317073170731703,4.860460649069864e-06,1,5,-2,1971.1864013671875
20,-0.024390243902439046,2.589831819932442e-05,1,5,-2,1971.1864013671875
21,0.024390243902439046,4.789525064552436e-06,1,5,-2,1971.1864013671875
22,0.07317073170731714,2.9610584533656947e-05,1,5,-2,1971.1864013671875
23,0.12195121951219523,3.4192391467513517e-05,1,5,-2,1971.1864013671875
24,0.17073170731707332,1.101480165743851e-06,1,5,-2,1971.1864013671875
25,0.2195121951219512,3.0392222470254637e-05,1,5,-2,1971.1864013671875
26,0.2682926829268293,0.00022622302640229464,1,5,-2,1971.1864013671875
27,0.3170731707317074,0.000292229640763253,1,5,-2,1971.1864013671875
28,0.36585365853658547,0.00039367881254293025,1,5,-2,1971.1864013671875
29,0.41463414634146356,0.0032259919680655003,1,5,-2,1971.1864013671875
30,0.46341463414634143,0.0017838083440437913,1,5,-2,1971.1864013671875
31,0.5121951219512195,0.00012064549082424492,1,5,-2,1971.1864013671875
32,0.5609756097560976,3.189183917129412e-05,1,5,-2,1971.1864013671875
33,0.6097560975609757,3.569466571207158e-05,1,5,-2,1971.1864013671875
34,0.6585365853658538,0.0001766929344739765,1,5,-2,1971.1864013671875
35,0.7073170731707317,0.0007887260289862752,1,5,-2,1971.1864013671875
36,0.7560975609756098,9.252855670638382e-05,1,5,-2,1971.1864013671875
37,0.8048780487804879,0.0002605426125228405,1,5,-2,1971.1864013671875
38,0.853658536585366,4.0221711969934404e-05,1,5,-2,1971.1864013671875
39,0.902439024390244,0.00014482288679573685,1,5,-2,1971.1864013671875
40,0.9512195121951219,0.000133292589453049,1,5,-2,1971.1864013671875
41,1.0,2.821482121362351e-05,1,5,-2,1971.1864013671875
0,-1.0,0.0,1,6,-2,1971.1864013671875
1,-0.9512195121951219,0.0,1,6,-2,1971.1864013671875
2,-0.9024390243902439,0.0,1,6,-2,1971.1864013671875
3,-0.8536585365853658,0.0,1,6,-2,1971.1864013671875
4,-0.8048780487804879,2.750225007730478e-07,1,6,-2,1971.1864013671875
5,-0.7560975609756098,2.3127870463213185e-06,1,6,-2,1971.1864013671875
6,-0.7073170731707317,1.5917439668555744e-06,1,6,-2,1971.1864013671875
7,-0.6585365853658536,1.6297859474434517e-05,1,6,-2,1971.1864013671875
8,-0.6097560975609756,6.634570581809385e-06,1,6,-2,1971.1864013671875
9,-0.5609756097560976,9.466351116316218e-07,1,6,-2,1971.1864013671875
10,-0.5121951219512195,3.617745051087695e-06,1,6,-2,1971.1864013671875
11,-0.46341463414634143,3.452933015068993e-06,1,6,-2,1971.1864013671875
12,-0.41463414634146334,7.094729426171398e-07,1,6,-2,1971.1864013671875
13,-0.36585365853658536,3.2058305805549026e-06,1,6,-2,1971.1864013671875
14,-0.31707317073170727,1.0097132872033399e-06,1,6,-2,1971.1864013671875
15,-0.2682926829268293,0.0001055549510056153,1,6,-2,1971.1864013671875
16,-0.2195121951219512,1.11514309537597e-05,1,6,-2,1971.1864013671875
17,-0.1707317073170731,1.054629228747217e-05,1,6,-2,1971.1864013671875
18,-0.12195121951219512,0.00011387063568690792,1,6,-2,1971.1864013671875
19,-0.07317073170731703,0.00020497522200457752,1,6,-2,1971.1864013671875
20,-0.024390243902439046,0.033658698201179504,1,6,-2,1971.1864013671875
21,0.024390243902439046,0.0009886383777484298,1,6,-2,1971.1864013671875
22,0.07317073170731714,0.0001935494365170598,1,6,-2,1971.1864013671875
23,0.12195121951219523,1.514207906438969e-05,1,6,-2,1971.1864013671875
24,0.17073170731707332,3.655604814412072e-05,1,6,-2,1971.1864013671875
25,0.2195121951219512,2.2813192117610015e-05,1,6,-2,1971.1864013671875
26,0.2682926829268293,2.2764581331102818e-07,1,6,-2,1971.1864013671875
27,0.3170731707317074,1.548246837046463e-05,1,6,-2,1971.1864013671875
28,0.36585365853658547,8.995705229608575e-07,1,6,-2,1971.1864013671875
29,0.41463414634146356,9.176347703032661e-06,1,6,-2,1971.1864013671875
30,0.46341463414634143,1.74557976606593e-06,1,6,-2,1971.1864013671875
31,0.5121951219512195,3.646303639470716e-06,1,6,-2,1971.1864013671875
32,0.5609756097560976,7.650828024452494e-07,1,6,-2,1971.1864013671875
33,0.6097560975609757,1.0442980737934704e-06,1,6,-2,1971.1864013671875
34,0.6585365853658538,6.424748733024899e-08,1,6,-2,1971.1864013671875
35,0.7073170731707317,2.170265815948369e-06,1,6,-2,1971.1864013671875
36,0.7560975609756098,0.0,1,6,-2,1971.1864013671875
37,0.8048780487804879,0.0,1,6,-2,1971.1864013671875
38,0.853658536585366,0.0,1,6,-2,1971.1864013671875
39,0.902439024390244,0.0,1,6,-2,1971.1864013671875
40,0.9512195121951219,0.0,1,6,-2,1971.1864013671875
41,1.0,0.0,1,6,-2,1971.1864013671875
0,-1.0,5.350011065274884e-07,1,7,-2,1971.1864013671875
1,-0.9512195121951219,1.058281213772716e-06,1,7,-2,1971.1864013671875
2,-0.9024390243902439,9.611969744582893e-07,1,7,-2,1971.1864013671875
3,-0.8536585365853658,1.2974852552360971e-06,1,7,-2,1971.1864013671875
4,-0.8048780487804879,6.478484806393681e-07,1,7,-2,1971.1864013671875
5,-0.7560975609756098,1.6899440424822387e-06,1,7,-2,1971.1864013671875
6,-0.7073170731707317,6.108038633101387e-06,1,7,-2,1971.1864013671875
7,-0.6585365853658536,1.8999237454409013e-06,1,7,-2,1971.1864013671875
8,-0.6097560975609756,5.611771939584287e-06,1,7,-2,1971.1864013671875
9,-0.5609756097560976,6.886427854624344e-06,1,7,-2,1971.1864013671875
10,-0.5121951219512195,7.294024271686794e-06,1,7,-2,1971.1864013671875
11,-0.46341463414634143,1.5135880857997108e-05,1,7,-2,1971.1864013671875
12,-0.41463414634146334,5.70381926081609e-05,1,7,-2,1971.1864013671875
13,-0.36585365853658536,0.00020701385801658034,1,7,-2,1971.1864013671875
14,-0.31707317073170727,0.0018425037851557136,1,7,-2,1971.1864013671875
15,-0.2682926829268293,0.00011745606752811,1,7,-2,1971.1864013671875
16,-0.2195121951219512,2.8528096663649194e-05,1,7,-2,1971.1864013671875
17,-0.1707317073170731,6.177495833981084e-06,1,7,-2,1971.1864013671875
18,-0.12195121951219512,2.203024905611528e-06,1,7,-2,1971.1864013671875
19,-0.07317073170731703,6.87367162299779e-07,1,7,-2,1971.1864013671875
20,-0.024390243902439046,3.0933548259781674e-05,1,7,-2,1971.1864013671875
21,0.024390243902439046,1.6972676348814275e-06,1,7,-2,1971.1864013671875
22,0.07317073170731714,1.2082157496706714e-08,1,7,-2,1971.1864013671875
23,0.12195121951219523,1.5368841559393331e-06,1,7,-2,1971.1864013671875
24,0.17073170731707332,6.334755653369939e-07,1,7,-2,1971.1864013671875
25,0.2195121951219512,4.067446823796672e-08,1,7,-2,1971.1864013671875
26,0.2682926829268293,1.2011822718704934e-06,1,7,-2,1971.1864013671875
27,0.3170731707317074,9.182552275888156e-06,1,7,-2,1971.1864013671875
28,0.36585365853658547,0.0,1,7,-2,1971.1864013671875
29,0.41463414634146356,0.0,1,7,-2,1971.1864013671875
30,0.46341463414634143,0.0,1,7,-2,1971.1864013671875
31,0.5121951219512195,0.0,1,7,-2,1971.1864013671875
32,0.5609756097560976,0.0,1,7,-2,1971.1864013671875
33,0.6097560975609757,0.0,1,7,-2,1971.1864013671875
34,0.6585365853658538,0.0,1,7,-2,1971.1864013671875
35,0.7073170731707317,0.0,1,7,-2,1971.1864013671875
36,0.7560975609756098,0.0,1,7,-2,1971.1864013671875
37,0.8048780487804879,0.0,1,7,-2,1971.1864013671875
38,0.853658536585366,0.0,1,7,-2,1971.1864013671875
39,0.902439024390244,0.0,1,7,-2,1971.1864013671875
40,0.9512195121951219,0.0,1,7,-2,1971.1864013671875
41,1.0,0.0,1,7,-2,1971.1864013671875
0,-1.0,2.1761300104117254e-06,1,8,-2,1971.1864013671875
1,-0.9512195121951219,4.3400363210821524e-05,1,8,-2,1971.1864013671875
2,-0.9024390243902439,1.1514231118781026e-05,1,8,-2,1971.1864013671875
3,-0.8536585365853658,4.112179794901749e-06,1,8,-2,1971.1864013671875
4,-0.8048780487804879,9.03051386558218e-06,1,8,-2,1971.1864013671875
5,-0.7560975609756098,2.437547834688303e-07,1,8,-2,1971.1864013671875
6,-0.7073170731707317,1.9714747395482846e-05,1,8,-2,1971.1864013671875
7,-0.6585365853658536,6.0447928262874484e-05,1,8,-2,1971.1864013671875
8,-0.6097560975609756,4.111599992029369e-05,1,8,-2,1971.1864013671875
9,-0.5609756097560976,3.847259358735755e-05,1,8,-2,1971.1864013671875
10,-0.5121951219512195,0.0017306591616943479,1,8,-2,1971.1864013671875
11,-0.46341463414634143,4.6306970034493133e-05,1,8,-2,1971.1864013671875
12,-0.41463414634146334,5.207857975619845e-05,1,8,-2,1971.1864013671875
13,-0.36585365853658536,2.542904985602945e-05,1,8,-2,1971.1864013671875
14,-0.31707317073170727,1.7702085415294277e-06,1,8,-2,1971.1864013671875
15,-0.2682926829268293,1.0704213309509214e-05,1,8,-2,1971.1864013671875
16,-0.2195121951219512,6.37090670352336e-06,1,8,-2,1971.1864013671875
17,-0.1707317073170731,7.159578672144562e-06,1,8,-2,1971.1864013671875
18,-0.12195121951219512,3.0611247439082945e-06,1,8,-2,1971.1864013671875
19,-0.07317073170731703,5.305724698700942e-06,1,8,-2,1971.1864013671875
20,-0.024390243902439046,1.0395193385193124e-05,1,8,-2,1971.1864013671875
21,0.024390243902439046,1.4149013622954953e-06,1,8,-2,1971.1864013671875
22,0.07317073170731714,2.9209220997472585e-07,1,8,-2,1971.1864013671875
23,0.12195121951219523,0.0,1,8,-2,1971.1864013671875
24,0.17073170731707332,0.0,1,8,-2,1971.1864013671875
25,0.2195121951219512,0.0,1,8,-2,1971.1864013671875
26,0.2682926829268293,0.0,1,8,-2,1971.1864013671875
27,0.3170731707317074,0.0,1,8,-2,1971.1864013671875
28,0.36585365853658547,0.0,1,8,-2,1971.1864013671875
29,0.41463414634146356,0.0,1,8,-2,1971.1864013671875
30,0.46341463414634143,0.0,1,8,-2,1971.1864013671875
31,0.5121951219512195,0.0,1,8,-2,1971.1864013671875
32,0.5609756097560976,0.0,1,8,-2,1971.1864013671875
33,0.6097560975609757,0.0,1,8,-2,1971.1864013671875
34,0.6585365853658538,0.0,1,8,-2,1971.1864013671875
35,0.7073170731707317,0.0,1,8,-2,1971.1864013671875
36,0.7560975609756098,0.0,1,8,-2,1971.1864013671875
37,0.8048780487804879,0.0,1,8,-2,1971.1864013671875
38,0.853658536585366,0.0,1,8,-2,1971.1864013671875
39,0.902439024390244,0.0,1,8,-2,1971.1864013671875
40,0.9512195121951219,0.0,1,8,-2,1971.1864013671875
41,1.0,0.0,1,8,-2,1971.1864013671875
0,-1.0,0.0,1,8,-1,1971.1864013671875
1,-0.9512195121951219,0.0,1,8,-1,1971.1864013671875
2,-0.9024390243902439,0.0,1,8,-1,1971.1864013671875
3,-0.8536585365853658,0.0,1,8,-1,1971.1864013671875
4,-0.8048780487804879,0.0,1,8,-1,1971.1864013671875
5,-0.7560975609756098,0.0,1,8,-1,1971.1864013671875
6,-0.7073170731707317,0.0,1,8,-1,1971.1864013671875
7,-0.6585365853658536,0.0,1,8,-1,1971.1864013671875
8,-0.6097560975609756,0.0,1,8,-1,1971.1864013671875
9,-0.5609756097560976,0.0,1,8,-1,1971.1864013671875
10,-0.5121951219512195,0.0,1,8,-1,1971.1864013671875
11,-0.46341463414634143,0.0,1,8,-1,1971.1864013671875
12,-0.41463414634146334,0.0,1,8,-1,1971.1864013671875
13,-0.36585365853658536,0.0,1,8,-1,1971.1864013671875
14,-0.31707317073170727,0.0,1,8,-1,1971.1864013671875
15,-0.2682926829268293,0.0,1,8,-1,1971.1864013671875
16,-0.2195121951219512,0.0,1,8,-1,1971.1864013671875
17,-0.1707317073170731,0.0,1,8,-1,1971.1864013671875
18,-0.12195121951219512,0.0,1,8,-1,1971.1864013671875
19,-0.07317073170731703,0.0,1,8,-1,1971.1864013671875
20,-0.024390243902439046,0.0,1,8,-1,1971.1864013671875
21,0.024390243902439046,0.0,1,8,-1,1971.1864013671875
22,0.07317073170731714,0.0,1,8,-1,1971.1864013671875
23,0.12195121951219523,0.0,1,8,-1,1971.1864013671875
24,0.17073170731707332,0.0,1,8,-1,1971.1864013671875
25,0.2195121951219512,0.0,1,8,-1,1971.1864013671875
26,0.2682926829268293,0.0,1,8,-1,1971.1864013671875
27,0.3170731707317074,0.0,1,8,-1,1971.1864013671875
28,0.36585365853658547,0.0,1,8,-1,1971.1864013671875
29,0.41463414634146356,3.2109912808664376e-06,1,8,-1,1971.1864013671875
30,0.46341463414634143,1.091371927941509e-06,1,8,-1,1971.1864013671875
31,0.5121951219512195,3.5262921471712616e-08,1,8,-1,1971.1864013671875
32,0.5609756097560976,1.0928281426458852e-06,1,8,-1,1971.1864013671875
33,0.6097560975609757,1.1585766515054274e-06,1,8,-1,1971.1864013671875
34,0.6585365853658538,7.4377671808179e-06,1,8,-1,1971.1864013671875
35,0.7073170731707317,2.208511205026298e-06,1,8,-1,1971.1864013671875
36,0.7560975609756098,1.1102511052740738e-05,1,8,-1,1971.1864013671875
37,0.8048780487804879,3.32289891957771e-05,1,8,-1,1971.1864013671875
38,0.853658536585366,2.1327654394553974e-05,1,8,-1,1971.1864013671875
39,0.902439024390244,2.6892654204857536e-05,1,8,-1,1971.1864013671875
40,0.9512195121951219,0.0014346392126753926,1,8,-1,1971.1864013671875
41,1.0,0.0010111200390383601,1,8,-1,1971.1864013671875
0,-1.0,4.6896448679945024e-07,1,9,-2,1971.1864013671875
1,-0.9512195121951219,4.068329815254401e-07,1,9,-2,1971.1864013671875
2,-0.9024390243902439,1.1434741509219748e-06,1,9,-2,1971.1864013671875
3,-0.8536585365853658,1.4288748388935346e-06,1,9,-2,1971.1864013671875
4,-0.8048780487804879,3.443590321694501e-05,1,9,-2,1971.1864013671875
5,-0.7560975609756098,1.950584010046441e-05,1,9,-2,1971.1864013671875
6,-0.7073170731707317,1.2871455510321539e-05,1,9,-2,1971.1864013671875
7,-0.6585365853658536,0.0003811751666944474,1,9,-2,1971.1864013671875
8,-0.6097560975609756,0.006408641580492258,1,9,-2,1971.1864013671875
9,-0.5609756097560976,6.02829743456823e-07,1,9,-2,1971.1864013671875
10,-0.5121951219512195,1.0624676178849768e-05,1,9,-2,1971.1864013671875
11,-0.46341463414634143,2.581528406153666e-06,1,9,-2,1971.1864013671875
12,-0.41463414634146334,3.2170003123610513e-06,1,9,-2,1971.1864013671875
13,-0.36585365853658536,3.177454345859587e-06,1,9,-2,1971.1864013671875
14,-0.31707317073170727,1.66129254353109e-07,1,9,-2,1971.1864013671875
15,-0.2682926829268293,2.8076133276044857e-06,1,9,-2,1971.1864013671875
16,-0.2195121951219512,3.326239266243647e-06,1,9,-2,1971.1864013671875
17,-0.1707317073170731,3.052729880437255e-06,1,9,-2,1971.1864013671875
18,-0.12195121951219512,3.153562829538714e-06,1,9,-2,1971.1864013671875
19,-0.07317073170731703,0.0,1,9,-2,1971.1864013671875
20,-0.024390243902439046,0.0,1,9,-2,1971.1864013671875
21,0.024390243902439046,0.0,1,9,-2,1971.1864013671875
22,0.07317073170731714,0.0,1,9,-2,1971.1864013671875
23,0.12195121951219523,0.0,1,9,-2,1971.1864013671875
24,0.17073170731707332,0.0,1,9,-2,1971.1864013671875
25,0.2195121951219512,0.0,1,9,-2,1971.1864013671875
26,0.2682926829268293,0.0,1,9,-2,1971.1864013671875
27,0.3170731707317074,0.0,1,9,-2,1971.1864013671875
28,0.36585365853658547,0.0,1,9,-2,1971.1864013671875
29,0.41463414634146356,0.0,1,9,-2,1971.1864013671875
30,0.46341463414634143,0.0,1,9,-2,1971.1864013671875
31,0.5121951219512195,0.0,1,9,-2,1971.1864013671875
32,0.5609756097560976,0.0,1,9,-2,1971.1864013671875
33,0.6097560975609757,0.0,1,9,-2,1971.1864013671875
34,0.6585365853658538,0.0,1,9,-2,1971.1864013671875
35,0.7073170731707317,0.0,1,9,-2,1971.1864013671875
36,0.7560975609756098,0.0,1,9,-2,1971.1864013671875
37,0.8048780487804879,0.0,1,9,-2,1971.1864013671875
38,0.853658536585366,0.0,1,9,-2,1971.1864013671875
39,0.902439024390244,0.0,1,9,-2,1971.1864013671875
40,0.9512195121951219,0.0,1,9,-2,1971.1864013671875
41,1.0,0.0,1,9,-2,1971.1864013671875
0,-1.0,0.0,1,9,-1,1971.1864013671875
1,-0.9512195121951219,0.0,1,9,-1,1971.1864013671875
2,-0.9024390243902439,0.0,1,9,-1,1971.1864013671875
3,-0.8536585365853658,0.0,1,9,-1,1971.1864013671875
4,-0.8048780487804879,0.0,1,9,-1,1971.1864013671875
5,-0.7560975609756098,0.0,1,9,-1,1971.1864013671875
6,-0.7073170731707317,0.0,1,9,-1,1971.1864013671875
7,-0.6585365853658536,0.0,1,9,-1,1971.1864013671875
8,-0.6097560975609756,0.0,1,9,-1,1971.1864013671875
9,-0.5609756097560976,0.0,1,9,-1,1971.1864013671875
10,-0.5121951219512195,0.0,1,9,-1,1971.1864013671875
11,-0.46341463414634143,0.0,1,9,-1,1971.1864013671875
12,-0.41463414634146334,0.0,1,9,-1,1971.1864013671875
13,-0.36585365853658536,0.0,1,9,-1,1971.1864013671875
14,-0.31707317073170727,0.0,1,9,-1,1971.1864013671875
15,-0.2682926829268293,0.0,1,9,-1,1971.1864013671875
16,-0.2195121951219512,0.0,1,9,-1,1971.1864013671875
17,-0.1707317073170731,0.0,1,9,-1,1971.1864013671875
18,-0.12195121951219512,0.0,1,9,-1,1971.1864013671875
19,-0.07317073170731703,0.0,1,9,-1,1971.1864013671875
20,-0.024390243902439046,0.0,1,9,-1,1971.1864013671875
21,0.024390243902439046,0.0,1,9,-1,1971.1864013671875
22,0.07317073170731714,0.0,1,9,-1,1971.1864013671875
23,0.12195121951219523,0.0,1,9,-1,1971.1864013671875
24,0.17073170731707332,0.0,1,9,-1,1971.1864013671875
25,0.2195121951219512,1.1770280750056372e-08,1,9,-1,1971.1864013671875
26,0.2682926829268293,1.6399998514771141e-07,1,9,-1,1971.1864013671875
27,0.3170731707317074,1.7226800537173403e-06,1,9,-1,1971.1864013671875
28,0.36585365853658547,3.541359774317243e-07,1,9,-1,1971.1864013671875
29,0.41463414634146356,2.193674575323712e-08,1,9,-1,1971.1864013671875
30,0.46341463414634143,1.720111271197311e-07,1,9,-1,1971.1864013671875
31,0.5121951219512195,1.5373601058854547e-07,1,9,-1,1971.1864013671875
32,0.5609756097560976,3.028379182978824e-07,1,9,-1,1971.1864013671875
33,0.6097560975609757,1.6015368601074442e-05,1,9,-1,1971.1864013671875
34,0.6585365853658538,1.4398035091289785e-05,1,9,-1,1971.1864013671875
35,0.7073170731707317,0.0015588027890771627,1,9,-1,1971.1864013671875
36,0.7560975609756098,1.0062794899567962e-05,1,9,-1,1971.1864013671875
37,0.8048780487804879,1.9825809431495145e-05,1,9,-1,1971.1864013671875
38,0.853658536585366,5.445992883323925e-07,1,9,-1,1971.1864013671875
39,0.902439024390244,1.7292647953581763e-06,1,9,-1,1971.1864013671875
40,0.9512195121951219,1.998380867007654e-06,1,9,-1,1971.1864013671875
41,1.0,4.591698962030932e-05,1,9,-1,1971.1864013671875
0,-1.0,1.635326952964533e-05,2,-6,-10,1971.1864013671875
1,-0.9512195121951219,3.28579926645034e-06,2,-6,-10,1971.1864013671875
2,-0.9024390243902439,1.0175696843361948e-05,2,-6,-10,1971.1864013671875
3,-0.8536585365853658,0.001189903006888926,2,-6,-10,1971.1864013671875
4,-0.8048780487804879,0.0006994159193709493,2,-6,-10,1971.1864013671875
5,-0.7560975609756098,6.984325591474771e-05,2,-6,-10,1971.1864013671875
6,-0.7073170731707317,2.10537818929879e-05,2,-6,-10,1971.1864013671875
7,-0.6585365853658536,7.540962087659864e-06,2,-6,-10,1971.1864013671875
8,-0.6097560975609756,1.1728397112165112e-05,2,-6,-10,1971.1864013671875
9,-0.5609756097560976,1.914333552122116e-06,2,-6,-10,1971.1864013671875
10,-0.5121951219512195,7.389960643422455e-08,2,-6,-10,1971.1864013671875
11,-0.46341463414634143,4.5449451135937124e-06,2,-6,-10,1971.1864013671875
12,-0.41463414634146334,2.06927916224231e-06,2,-6,-10,1971.1864013671875
13,-0.36585365853658536,1.3218257777225517e-07,2,-6,-10,1971.1864013671875
14,-0.31707317073170727,4.099161742487922e-06,2,-6,-10,1971.1864013671875
15,-0.2682926829268293,5.433615569927497e-06,2,-6,-10,1971.1864013671875
16,-0.2195121951219512,1.1951484566452564e-06,2,-6,-10,1971.1864013671875
17,-0.1707317073170731,9.62643184720946e-07,2,-6,-10,1971.1864013671875
18,-0.12195121951219512,4.4751118366548326e-07,2,-6,-10,1971.1864013671875
19,-0.07317073170731703,9.919230024024728e-07,2,-6,-10,1971.1864013671875
20,-0.024390243902439046,1.8032517346000532e-07,2,-6,-10,1971.1864013671875
21,0.024390243902439046,1.2003292795270681e-06,2,-6,-10,1971.1864013671875
22,0.07317073170731714,0.0,2,-6,-10,1971.1864013671875
23,0.12195121951219523,0.0,2,-6,-10,1971.1864013671875
24,0.17073170731707332,0.0,2,-6,-10,1971.1864013671875
25,0.2195121951219512,0.0,2,-6,-10,1971.1864013671875
26,0.2682926829268293,0.0,2,-6,-10,1971.1864013671875
27,0.3170731707317074,0.0,2,-6,-10,1971.1864013671875
28,0.36585365853658547,0.0,2,-6,-10,1971.1864013671875
29,0.41463414634146356,0.0,2,-6,-10,1971.1864013671875
30,0.46341463414634143,0.0,2,-6,-10,1971.1864013671875
31,0.5121951219512195,0.0,2,-6,-10,1971.1864013671875
32,0.5609756097560976,0.0,2,-6,-10,1971.1864013671875
33,0.6097560975609757,0.0,2,-6,-10,1971.1864013671875
34,0.6585365853658538,0.0,2,-6,-10,1971.1864013671875
35,0.7073170731707317,0.0,2,-6,-10,1971.1864013671875
36,0.7560975609756098,0.0,2,-6,-10,1971.1864013671875
37,0.8048780487804879,0.0,2,-6,-10,1971.1864013671875
38,0.853658536585366,0.0,2,-6,-10,1971.1864013671875
39,0.902439024390244,0.0,2,-6,-10,1971.1864013671875
40,0.9512195121951219,0.0,2,-6,-10,1971.1864013671875
41,1.0,0.0,2,-6,-10,1971.1864013671875
0,-1.0,0.0,2,-5,-10,1971.1864013671875
1,-0.9512195121951219,0.0,2,-5,-10,1971.1864013671875
2,-0.9024390243902439,0.0,2,-5,-10,1971.1864013671875
3,-0.8536585365853658,0.0,2,-5,-10,1971.1864013671875
4,-0.8048780487804879,0.0,2,-5,-10,1971.1864013671875
5,-0.7560975609756098,8.826478733681142e-06,2,-5,-10,1971.1864013671875
6,-0.7073170731707317,1.1982376236119308e-05,2,-5,-10,1971.1864013671875
7,-0.6585365853658536,1.915753045977908e-06,2,-5,-10,1971.1864013671875
8,-0.6097560975609756,8.720477921997372e-07,2,-5,-10,1971.1864013671875
9,-0.5609756097560976,6.757615551578056e-07,2,-5,-10,1971.1864013671875
10,-0.5121951219512195,5.880508979316801e-06,2,-5,-10,1971.1864013671875
11,-0.46341463414634143,4.3676598693309643e-07,2,-5,-10,1971.1864013671875
12,-0.41463414634146334,1.0076712896989193e-05,2,-5,-10,1971.1864013671875
13,-0.36585365853658536,7.295675459317863e-06,2,-5,-10,1971.1864013671875
14,-0.31707317073170727,6.699545338051394e-06,2,-5,-10,1971.1864013671875
15,-0.2682926829268293,8.804807976048323e-07,2,-5,-10,1971.1864013671875
16,-0.2195121951219512,4.788177193404408e-06,2,-5,-10,1971.1864013671875
17,-0.1707317073170731,2.0837840565945953e-05,2,-5,-10,1971.1864013671875
18,-0.12195121951219512,1.9831612007692456e-05,2,-5,-10,1971.1864013671875
19,-0.07317073170731703,3.073268089792691e-05,2,-5,-10,1971.1864013671875
20,-0.024390243902439046,8.309492841362953e-05,2,-5,-10,1971.1864013671875
21,0.024390243902439046,1.9574756151996553e-05,2,-5,-10,1971.1864013671875
22,0.07317073170731714,1.8567761799204163e-05,2,-5,-10,1971.1864013671875
23,0.12195121951219523,0.00010719095007516444,2,-5,-10,1971.1864013671875
24,0.17073170731707332,0.0003390788333490491,2,-5,-10,1971.1864013671875
25,0.2195121951219512,0.001232009381055832,2,-5,-10,1971.1864013671875
26,0.2682926829268293,0.004751378670334816,2,-5,-10,1971.1864013671875
27,0.3170731707317074,0.000829447468277067,2,-5,-10,1971.1864013671875
28,0.36585365853658547,0.0002758818445727229,2,-5,-10,1971.1864013671875
29,0.41463414634146356,0.00020686919742729515,2,-5,-10,1971.1864013671875
30,0.46341463414634143,3.2961896067718044e-05,2,-5,-10,1971.1864013671875
31,0.5121951219512195,0.00018018278933595866,2,-5,-10,1971.1864013671875
32,0.5609756097560976,2.800730180751998e-05,2,-5,-10,1971.1864013671875
33,0.6097560975609757,1.0151824426429812e-05,2,-5,-10,1971.1864013671875
34,0.6585365853658538,1.8204191292170435e-05,2,-5,-10,1971.1864013671875
35,0.7073170731707317,6.666741228400497e-06,2,-5,-10,1971.1864013671875
36,0.7560975609756098,2.790211874525994e-05,2,-5,-10,1971.1864013671875
37,0.8048780487804879,2.307353679498192e-05,2,-5,-10,1971.1864013671875
38,0.853658536585366,5.1478814384608995e-06,2,-5,-10,1971.1864013671875
39,0.902439024390244,1.243997985511669e-06,2,-5,-10,1971.1864013671875
40,0.9512195121951219,5.136522531756782e-07,2,-5,-10,1971.1864013671875
41,1.0,2.18806189877796e-06,2,-5,-10,1971.1864013671875
0,-1.0,8.560570677218493e-06,2,-3,-9,1971.1864013671875
1,-0.9512195121951219,1.77136007550871e-05,2,-3,-9,1971.1864013671875
2,-0.9024390243902439,5.100921498524258e-06,2,-3,-9,1971.1864013671875
3,-0.8536585365853658,1.2303407856961712e-06,2,-3,-9,1971.1864013671875
4,-0.8048780487804879,3.899607690982521e-06,2,-3,-9,1971.1864013671875
5,-0.7560975609756098,1.5402223652927205e-05,2,-3,-9,1971.1864013671875
6,-0.7073170731707317,1.5441709138031001e-06,2,-3,-9,1971.1864013671875
7,-0.6585365853658536,3.164960844515008e-06,2,-3,-9,1971.1864013671875
8,-0.6097560975609756,3.0871703984303167e-06,2,-3,-9,1971.1864013671875
9,-0.5609756097560976,6.022071374900406e-07,2,-3,-9,1971.1864013671875
10,-0.5121951219512195,9.064296136784833e-06,2,-3,-9,1971.1864013671875
11,-0.46341463414634143,1.2486048944992945e-05,2,-3,-9,1971.1864013671875
12,-0.41463414634146334,4.120721132494509e-05,2,-3,-9,1971.1864013671875
13,-0.36585365853658536,3.105886571574956e-05,2,-3,-9,1971.1864013671875
14,-0.31707317073170727,1.4625665016865241e-06,2,-3,-9,1971.1864013671875
15,-0.2682926829268293,3.953135546908015e-06,2,-3,-9,1971.1864013671875
16,-0.2195121951219512,5.3656385716749355e-06,2,-3,-9,1971.1864013671875
17,-0.1707317073170731,1.017717022477882e-05,2,-3,-9,1971.1864013671875
18,-0.12195121951219512,1.4428173926717136e-05,2,-3,-9,1971.1864013671875
19,-0.07317073170731703,6.08968946380628e-07,2,-3,-9,1971.1864013671875
20,-0.024390243902439046,1.2129537026339676e-05,2,-3,-9,1971.1864013671875
21,0.024390243902439046,8.488800631312188e-06,2,-3,-9,1971.1864013671875
22,0.07317073170731714,2.6905345293926075e-06,2,-3,-9,1971.1864013671875
23,0.12195121951219523,4.59918237538659e-06,2,-3,-9,1971.1864013671875
24,0.17073170731707332,3.8895345824130345e-06,2,-3,-9,1971.1864013671875
25,0.2195121951219512,2.022039325311198e-06,2,-3,-9,1971.1864013671875
26,0.2682926829268293,7.334780548262643e-06,2,-3,-9,1971.1864013671875
27,0.3170731707317074,4.729159263661131e-05,2,-3,-9,1971.1864013671875
28,0.36585365853658547,1.014487770589767e-05,2,-3,-9,1971.1864013671875
29,0.41463414634146356,0.000183097567060031,2,-3,-9,1971.1864013671875
30,0.46341463414634143,4.105641710339114e-05,2,-3,-9,1971.1864013671875
31,0.5121951219512195,0.0011503465939313173,2,-3,-9,1971.1864013671875
32,0.5609756097560976,0.0027854517102241516,2,-3,-9,1971.1864013671875
33,0.6097560975609757,0.018157945945858955,2,-3,-9,1971.1864013671875
34,0.6585365853658538,0.007282826583832502,2,-3,-9,1971.1864013671875
35,0.7073170731707317,0.000855494465213269,2,-3,-9,1971.1864013671875
36,0.7560975609756098,0.00019430684915278107,2,-3,-9,1971.1864013671875
37,0.8048780487804879,6.110508547862992e-05,2,-3,-9,1971.1864013671875
38,0.853658536585366,1.3356900581129594e-06,2,-3,-9,1971.1864013671875
39,0.902439024390244,7.593027476104908e-06,2,-3,-9,1971.1864013671875
40,0.9512195121951219,2.6881831217906438e-05,2,-3,-9,1971.1864013671875
41,1.0,4.787267607753165e-05,2,-3,-9,1971.1864013671875
0,-1.0,7.545608241343871e-05,2,-1,-8,1971.1864013671875
1,-0.9512195121951219,0.00020972505444660783,2,-1,-8,1971.1864013671875
2,-0.9024390243902439,7.433875725837424e-05,2,-1,-8,1971.1864013671875
3,-0.8536585365853658,0.00012843962758779526,2,-1,-8,1971.1864013671875
4,-0.8048780487804879,0.00025201469543389976,2,-1,-8,1971.1864013671875
5,-0.7560975609756098,0.0002573664824012667,2,-1,-8,1971.1864013671875
6,-0.7073170731707317,0.000144304329296574,2,-1,-8,1971.1864013671875
7,-0.6585365853658536,5.956063250778243e-05,2,-1,-8,1971.1864013671875
8,-0.6097560975609756,0.00018167372036259621,2,-1,-8,1971.1864013671875
9,-0.5609756097560976,0.00047534299665130675,2,-1,-8,1971.1864013671875
10,-0.5121951219512195,0.00022483928478322923,2,-1,-8,1971.1864013671875
11,-0.46341463414634143,0.00030293568852357566,2,-1,-8,1971.1864013671875
12,-0.41463414634146334,0.0002164665493182838,2,-1,-8,1971.1864013671875
13,-0.36585365853658536,0.0003304380225017667,2,-1,-8,1971.1864013671875
14,-0.31707317073170727,0.0005488242604769766,2,-1,-8,1971.1864013671875
15,-0.2682926829268293,0.00029600158450193703,2,-1,-8,1971.1864013671875
16,-0.2195121951219512,0.000722370867151767,2,-1,-8,1971.1864013671875
17,-0.1707317073170731,0.0019466341473162174,2,-1,-8,1971.1864013671875
18,-0.12195121951219512,0.0012104013003408909,2,-1,-8,1971.1864013671875
19,-0.07317073170731703,0.0016431733965873718,2,-1,-8,1971.1864013671875
20,-0.024390243902439046,0.0016666072187945247,2,-1,-8,1971.1864013671875
21,0.024390243902439046,0.007193815894424915,2,-1,-8,1971.1864013671875
22,0.07317073170731714,0.0003628672275226563,2,-1,-8,1971.1864013671875
23,0.12195121951219523,0.0006159652839414775,2,-1,-8,1971.1864013671875
24,0.17073170731707332,0.00013524926907848567,2,-1,-8,1971.1864013671875
25,0.2195121951219512,0.0008047332521528006,2,-1,-8,1971.1864013671875
26,0.2682926829268293,0.0006238659843802452,2,-1,-8,1971.1864013671875
27,0.3170731707317074,0.0003692035097628832,2,-1,-8,1971.1864013671875
28,0.36585365853658547,0.0012684386456385255,2,-1,-8,1971.1864013671875
29,0.41463414634146356,6.687725544907153e-05,2,-1,-8,1971.1864013671875
30,0.46341463414634143,0.01223928201943636,2,-1,-8,1971.1864013671875
31,0.5121951219512195,0.05166320502758026,2,-1,-8,1971.1864013671875
32,0.5609756097560976,0.06971096247434616,2,-1,-8,1971.1864013671875
33,0.6097560975609757,0.06118195131421089,2,-1,-8,1971.1864013671875
34,0.6585365853658538,0.08249074220657349,2,-1,-8,1971.1864013671875
35,0.7073170731707317,0.07017967104911804,2,-1,-8,1971.1864013671875
36,0.7560975609756098,0.03804691135883331,2,-1,-8,1971.1864013671875
37,0.8048780487804879,0.007703818846493959,2,-1,-8,1971.1864013671875
38,0.853658536585366,0.0009176409803330898,2,-1,-8,1971.1864013671875
39,0.902439024390244,0.0008984995656646788,2,-1,-8,1971.1864013671875
40,0.9512195121951219,0.002963949227705598,2,-1,-8,1971.1864013671875
41,1.0,0.0030622282065451145,2,-1,-8,1971.1864013671875
0,-1.0,1.5950214219628833e-05,2,2,-7,1971.1864013671875
1,-0.9512195121951219,1.762506326485891e-05,2,2,-7,1971.1864013671875
2,-0.9024390243902439,2.3765343939885497e-05,2,2,-7,1971.1864013671875
3,-0.8536585365853658,2.705834776861593e-05,2,2,-7,1971.1864013671875
4,-0.8048780487804879,3.0633855203632265e-05,2,2,-7,1971.1864013671875
5,-0.7560975609756098,2.97928254440194e-05,2,2,-7,1971.1864013671875
6,-0.7073170731707317,5.4724863730371e-05,2,2,-7,1971.1864013671875
7,-0.6585365853658536,7.560149970231578e-05,2,2,-7,1971.1864013671875
8,-0.6097560975609756,4.7101100790314376e-05,2,2,-7,1971.1864013671875
9,-0.5609756097560976,0.0014947943855077028,2,2,-7,1971.1864013671875
10,-0.5121951219512195,0.020924026146531105,2,2,-7,1971.1864013671875
11,-0.46341463414634143,0.0038234596140682697,2,2,-7,1971.1864013671875
12,-0.41463414634146334,0.001093196333386004,2,2,-7,1971.1864013671875
13,-0.36585365853658536,0.00010838537127710879,2,2,-7,1971.1864013671875
14,-0.31707317073170727,3.349692633491941e-05,2,2,-7,1971.1864013671875
15,-0.2682926829268293,0.0001209995461977087,2,2,-7,1971.1864013671875
16,-0.2195121951219512,1.9163991964887828e-05,2,2,-7,1971.1864013671875
17,-0.1707317073170731,3.264087581555941e-06,2,2,-7,1971.1864013671875
18,-0.12195121951219512,3.938067675335333e-05,2,2,-7,1971.1864013671875
19,-0.07317073170731703,3.6812775761063676e-06,2,2,-7,1971.1864013671875
20,-0.024390243902439046,1.5894421494522248e-06,2,2,-7,1971.1864013671875
21,0.024390243902439046,6.011745881551178e-06,2,2,-7,1971.1864013671875
22,0.07317073170731714,1.7402433513780124e-05,2,2,-7,1971.1864013671875
23,0.12195121951219523,1.9650749891297892e-05,2,2,-7,1971.1864013671875
24,0.17073170731707332,1.7393502275808714e-05,2,2,-7,1971.1864013671875
25,0.2195121951219512,8.074114248302067e-07,2,2,-7,1971.1864013671875
26,0.2682926829268293,1.3660043123309151e-06,2,2,-7,1971.1864013671875
27,0.3170731707317074,2.036138994299108e-06,2,2,-7,1971.1864013671875
28,0.36585365853658547,2.532413782319054e-05,2,2,-7,1971.1864013671875
29,0.41463414634146356,5.8911523410642985e-06,2,2,-7,1971.1864013671875
30,0.46341463414634143,9.711437996884342e-06,2,2,-7,1971.1864013671875
31,0.5121951219512195,3.435114922467619e-05,2,2,-7,1971.1864013671875
32,0.5609756097560976,3.587812534533441e-05,2,2,-7,1971.1864013671875
33,0.6097560975609757,3.9442824345314875e-05,2,2,-7,1971.1864013671875
34,0.6585365853658538,6.573880818905309e-05,2,2,-7,1971.1864013671875
35,0.7073170731707317,3.162168286507949e-05,2,2,-7,1971.1864013671875
36,0.7560975609756098,1.1059091775678098e-05,2,2,-7,1971.1864013671875
37,0.8048780487804879,1.1705510161164057e-07,2,2,-7,1971.1864013671875
38,0.853658536585366,6.496770197372825e-07,2,2,-7,1971.1864013671875
39,0.902439024390244,1.339025857305387e-06,2,2,-7,1971.1864013671875
40,0.9512195121951219,2.6873699425777886e-06,2,2,-7,1971.1864013671875
41,1.0,4.047427864861675e-06,2,2,-7,1971.1864013671875
0,-1.0,0.0,2,4,-6,1971.1864013671875
1,-0.9512195121951219,0.0,2,4,-6,1971.1864013671875
2,-0.9024390243902439,0.0,2,4,-6,1971.1864013671875
3,-0.8536585365853658,0.0,2,4,-6,1971.1864013671875
4,-0.8048780487804879,0.0,2,4,-6,1971.1864013671875
5,-0.7560975609756098,0.0,2,4,-6,1971.1864013671875
6,-0.7073170731707317,0.0,2,4,-6,1971.1864013671875
7,-0.6585365853658536,0.0,2,4,-6,1971.1864013671875
8,-0.6097560975609756,0.0,2,4,-6,1971.1864013671875
9,-0.5609756097560976,0.0,2,4,-6,1971.1864013671875
10,-0.5121951219512195,0.0,2,4,-6,1971.1864013671875
11,-0.46341463414634143,0.0,2,4,-6,1971.1864013671875
12,-0.41463414634146334,0.0,2,4,-6,1971.1864013671875
13,-0.36585365853658536,0.0,2,4,-6,1971.1864013671875
14,-0.31707317073170727,0.0,2,4,-6,1971.1864013671875
15,-0.2682926829268293,1.2426820831024088e-05,2,4,-6,1971.1864013671875
16,-0.2195121951219512,1.491146394982934e-05,2,4,-6,1971.1864013671875
17,-0.1707317073170731,8.98351936484687e-06,2,4,-6,1971.1864013671875
18,-0.12195121951219512,8.79384151630802e-06,2,4,-6,1971.1864013671875
19,-0.07317073170731703,6.718788426951505e-06,2,4,-6,1971.1864013671875
20,-0.024390243902439046,5.461477030621609e-07,2,4,-6,1971.1864013671875
21,0.024390243902439046,1.1615515177254565e-05,2,4,-6,1971.1864013671875
22,0.07317073170731714,1.0104316061188001e-05,2,4,-6,1971.1864013671875
23,0.12195121951219523,2.761682844720781e-05,2,4,-6,1971.1864013671875
24,0.17073170731707332,5.546170359593816e-05,2,4,-6,1971.1864013671875
25,0.2195121951219512,1.215080487781961e-06,2,4,-6,1971.1864013671875
26,0.2682926829268293,3.8013208722986747e-06,2,4,-6,1971.1864013671875
27,0.3170731707317074,1.0566595847194549e-05,2,4,-6,1971.1864013671875
28,0.36585365853658547,7.720211215200834e-06,2,4,-6,1971.1864013671875
29,0.41463414634146356,1.0274718988512177e-05,2,4,-6,1971.1864013671875
30,0.46341463414634143,9.811887866817415e-05,2,4,-6,1971.1864013671875
31,0.5121951219512195,3.700956540342304e-06,2,4,-6,1971.1864013671875
32,0.5609756097560976,5.8019490097649395e-05,2,4,-6,1971.1864013671875
33,0.6097560975609757,0.00015455788525287062,2,4,-6,1971.1864013671875
34,0.6585365853658538,0.00025015155551955104,2,4,-6,1971.1864013671875
35,0.7073170731707317,4.18490162701346e-05,2,4,-6,1971.1864013671875
36,0.7560975609756098,0.00025486270897090435,2,4,-6,1971.1864013671875
37,0.8048780487804879,0.05149387940764427,2,4,-6,1971.1864013671875
38,0.853658536585366,0.00508514977991581,2,4,-6,1971.1864013671875
39,0.902439024390244,0.0003702173416968435,2,4,-6,1971.1864013671875
40,0.9512195121951219,4.554496172204381e-06,2,4,-6,1971.1864013671875
41,1.0,7.499091589124873e-05,2,4,-6,1971.1864013671875
0,-1.0,0.0,2,5,-6,1971.1864013671875
1,-0.9512195121951219,0.0,2,5,-6,1971.1864013671875
2,-0.9024390243902439,0.0,2,5,-6,1971.1864013671875
3,-0.8536585365853658,0.0,2,5,-6,1971.1864013671875
4,-0.8048780487804879,0.0,2,5,-6,1971.1864013671875
5,-0.7560975609756098,0.0,2,5,-6,1971.1864013671875
6,-0.7073170731707317,8.240820079663536e-07,2,5,-6,1971.1864013671875
7,-0.6585365853658536,6.326285983959679e-07,2,5,-6,1971.1864013671875
8,-0.6097560975609756,4.4072780269743816e-07,2,5,-6,1971.1864013671875
9,-0.5609756097560976,5.542513008549577e-06,2,5,-6,1971.1864013671875
10,-0.5121951219512195,7.41318990549189e-06,2,5,-6,1971.1864013671875
11,-0.46341463414634143,1.3059860748398933e-07,2,5,-6,1971.1864013671875
12,-0.41463414634146334,1.0410720108211535e-07,2,5,-6,1971.1864013671875
13,-0.36585365853658536,2.459323411585501e-07,2,5,-6,1971.1864013671875
14,-0.31707317073170727,1.5251586660269822e-07,2,5,-6,1971.1864013671875
15,-0.2682926829268293,3.866220140480436e-06,2,5,-6,1971.1864013671875
16,-0.2195121951219512,1.6235608200076967e-06,2,5,-6,1971.1864013671875
17,-0.1707317073170731,4.272866135579534e-06,2,5,-6,1971.1864013671875
18,-0.12195121951219512,4.714568603958469e-06,2,5,-6,1971.1864013671875
19,-0.07317073170731703,7.30637225387909e-07,2,5,-6,1971.1864013671875
20,-0.024390243902439046,4.365766289993189e-05,2,5,-6,1971.1864013671875
21,0.024390243902439046,1.509113917563809e-05,2,5,-6,1971.1864013671875
22,0.07317073170731714,1.0042703252111096e-05,2,5,-6,1971.1864013671875
23,0.12195121951219523,0.0005297638126648962,2,5,-6,1971.1864013671875
24,0.17073170731707332,0.002737991278991103,2,5,-6,1971.1864013671875
25,0.2195121951219512,0.00026483481633476913,2,5,-6,1971.1864013671875
26,0.2682926829268293,1.207562547733687e-07,2,5,-6,1971.1864013671875
27,0.3170731707317074,9.297577889810782e-06,2,5,-6,1971.1864013671875
28,0.36585365853658547,4.8763737140689045e-05,2,5,-6,1971.1864013671875
29,0.41463414634146356,1.5515610357397236e-05,2,5,-6,1971.1864013671875
30,0.46341463414634143,2.189861163515161e-07,2,5,-6,1971.1864013671875
31,0.5121951219512195,5.290659828460775e-06,2,5,-6,1971.1864013671875
32,0.5609756097560976,3.019637517809315e-07,2,5,-6,1971.1864013671875
33,0.6097560975609757,1.030439520377513e-07,2,5,-6,1971.1864013671875
34,0.6585365853658538,1.312405970566033e-06,2,5,-6,1971.1864013671875
35,0.7073170731707317,1.0006723414335283e-06,2,5,-6,1971.1864013671875
36,0.7560975609756098,6.340786562475387e-09,2,5,-6,1971.1864013671875
37,0.8048780487804879,2.0457740902202204e-05,2,5,-6,1971.1864013671875
38,0.853658536585366,2.0944082734786207e-06,2,5,-6,1971.1864013671875
39,0.902439024390244,9.160123681795085e-08,2,5,-6,1971.1864013671875
40,0.9512195121951219,4.062253537995275e-07,2,5,-6,1971.1864013671875
41,1.0,2.9818264124514826e-07,2,5,-6,1971.1864013671875
0,-1.0,0.0,2,6,-6,1971.1864013671875
1,-0.9512195121951219,4.147281288169324e-06,2,6,-6,1971.1864013671875
2,-0.9024390243902439,3.150359972892147e-09,2,6,-6,1971.1864013671875
3,-0.8536585365853658,4.1001769091053575e-07,2,6,-6,1971.1864013671875
4,-0.8048780487804879,1.0320193268853473e-06,2,6,-6,1971.1864013671875
5,-0.7560975609756098,6.009319974964455e-08,2,6,-6,1971.1864013671875
6,-0.7073170731707317,1.0512464996281778e-06,2,6,-6,1971.1864013671875
7,-0.6585365853658536,1.5724316426712903e-06,2,6,-6,1971.1864013671875
8,-0.6097560975609756,7.736040970485192e-06,2,6,-6,1971.1864013671875
9,-0.5609756097560976,1.1968529634032166e-06,2,6,-6,1971.1864013671875
10,-0.5121951219512195,8.051039003476035e-06,2,6,-6,1971.1864013671875
11,-0.46341463414634143,1.0758209100458771e-05,2,6,-6,1971.1864013671875
12,-0.41463414634146334,1.8435650872561382e-06,2,6,-6,1971.1864013671875
13,-0.36585365853658536,9.226067959389184e-06,2,6,-6,1971.1864013671875
14,-0.31707317073170727,1.1463346709206235e-05,2,6,-6,1971.1864013671875
15,-0.2682926829268293,0.0003356274391990155,2,6,-6,1971.1864013671875
16,-0.2195121951219512,0.0025417900178581476,2,6,-6,1971.1864013671875
17,-0.1707317073170731,5.738328582083341e-06,2,6,-6,1971.1864013671875
18,-0.12195121951219512,5.7577713050704915e-06,2,6,-6,1971.1864013671875
19,-0.07317073170731703,7.485906826332211e-05,2,6,-6,1971.1864013671875
20,-0.024390243902439046,1.7137521354015917e-05,2,6,-6,1971.1864013671875
21,0.024390243902439046,4.903934950561961e-06,2,6,-6,1971.1864013671875
22,0.07317073170731714,2.6180459826719016e-06,2,6,-6,1971.1864013671875
23,0.12195121951219523,5.583292931987671e-06,2,6,-6,1971.1864013671875
24,0.17073170731707332,1.0433161605760688e-06,2,6,-6,1971.1864013671875
25,0.2195121951219512,1.3170715646992903e-06,2,6,-6,1971.1864013671875
26,0.2682926829268293,2.242519030914991e-06,2,6,-6,1971.1864013671875
27,0.3170731707317074,1.1388203802198404e-06,2,6,-6,1971.1864013671875
28,0.36585365853658547,1.0277234423483605e-06,2,6,-6,1971.1864013671875
29,0.41463414634146356,1.3601675163954496e-06,2,6,-6,1971.1864013671875
30,0.46341463414634143,1.3941578345111338e-06,2,6,-6,1971.1864013671875
31,0.5121951219512195,2.1902454960809337e-08,2,6,-6,1971.1864013671875
32,0.5609756097560976,0.0,2,6,-6,1971.1864013671875
33,0.6097560975609757,0.0,2,6,-6,1971.1864013671875
34,0.6585365853658538,0.0,2,6,-6,1971.1864013671875
35,0.7073170731707317,0.0,2,6,-6,1971.1864013671875
36,0.7560975609756098,0.0,2,6,-6,1971.1864013671875
37,0.8048780487804879,0.0,2,6,-6,1971.1864013671875
38,0.853658536585366,0.0,2,6,-6,1971.1864013671875
39,0.902439024390244,0.0,2,6,-6,1971.1864013671875
40,0.9512195121951219,0.0,2,6,-6,1971.1864013671875
41,1.0,0.0,2,6,-6,1971.1864013671875
0,-1.0,7.571597961941734e-07,2,7,-6,1971.1864013671875
1,-0.9512195121951219,2.9110638024576474e-06,2,7,-6,1971.1864013671875
2,-0.9024390243902439,2.3061852516548242e-06,2,7,-6,1971.1864013671875
3,-0.8536585365853658,7.705708640060038e-07,2,7,-6,1971.1864013671875
4,-0.8048780487804879,2.4494184458490054e-07,2,7,-6,1971.1864013671875
5,-0.7560975609756098,2.5072529297176516e-07,2,7,-6,1971.1864013671875
6,-0.7073170731707317,5.147801971361332e-07,2,7,-6,1971.1864013671875
7,-0.6585365853658536,7.344424375332892e-07,2,7,-6,1971.1864013671875
8,-0.6097560975609756,0.0003108691598754376,2,7,-6,1971.1864013671875
9,-0.5609756097560976,1.629321377549786e-05,2,7,-6,1971.1864013671875
10,-0.5121951219512195,2.9372233257163316e-05,2,7,-6,1971.1864013671875
11,-0.46341463414634143,0.002790649887174368,2,7,-6,1971.1864013671875
12,-0.41463414634146334,0.0003243519749958068,2,7,-6,1971.1864013671875
13,-0.36585365853658536,5.480261461343616e-05,2,7,-6,1971.1864013671875
14,-0.31707317073170727,1.4128291695669759e-05,2,7,-6,1971.1864013671875
15,-0.2682926829268293,1.3114959983795416e-05,2,7,-6,1971.1864013671875
16,-0.2195121951219512,4.975145202479325e-06,2,7,-6,1971.1864013671875
17,-0.1707317073170731,5.044209956395207e-06,2,7,-6,1971.1864013671875
18,-0.12195121951219512,7.947624908410944e-06,2,7,-6,1971.1864013671875
19,-0.07317073170731703,2.244130200779182e-06,2,7,-6,1971.1864013671875
20,-0.024390243902439046,5.157389750820585e-07,2,7,-6,1971.1864013671875
21,0.024390243902439046,5.833135219290853e-07,2,7,-6,1971.1864013671875
22,0.07317073170731714,1.41251450713753e-06,2,7,-6,1971.1864013671875
23,0.12195121951219523,1.5670682387280976e-06,2,7,-6,1971.1864013671875
24,0.17073170731707332,5.539373546525894e-07,2,7,-6,1971.1864013671875
25,0.2195121951219512,0.0,2,7,-6,1971.1864013671875
26,0.2682926829268293,0.0,2,7,-6,1971.1864013671875
27,0.3170731707317074,0.0,2,7,-6,1971.1864013671875
28,0.36585365853658547,0.0,2,7,-6,1971.1864013671875
29,0.41463414634146356,0.0,2,7,-6,1971.1864013671875
30,0.46341463414634143,0.0,2,7,-6,1971.1864013671875
31,0.5121951219512195,0.0,2,7,-6,1971.1864013671875
32,0.5609756097560976,0.0,2,7,-6,1971.1864013671875
33,0.6097560975609757,0.0,2,7,-6,1971.1864013671875
34,0.6585365853658538,0.0,2,7,-6,1971.1864013671875
35,0.7073170731707317,0.0,2,7,-6,1971.1864013671875
36,0.7560975609756098,0.0,2,7,-6,1971.1864013671875
37,0.8048780487804879,0.0,2,7,-6,1971.1864013671875
38,0.853658536585366,0.0,2,7,-6,1971.1864013671875
39,0.902439024390244,0.0,2,7,-6,1971.1864013671875
40,0.9512195121951219,0.0,2,7,-6,1971.1864013671875
41,1.0,0.0,2,7,-6,1971.1864013671875
0,-1.0,2.1645996639563236e-07,3,2,-11,1971.1864013671875
1,-0.9512195121951219,2.166612830478698e-06,3,2,-11,1971.1864013671875
2,-0.9024390243902439,9.320565368398093e-06,3,2,-11,1971.1864013671875
3,-0.8536585365853658,5.227075234870426e-06,3,2,-11,1971.1864013671875
4,-0.8048780487804879,3.7953557807668403e-07,3,2,-11,1971.1864013671875
5,-0.7560975609756098,5.013350801164052e-07,3,2,-11,1971.1864013671875
6,-0.7073170731707317,6.526762490466353e-07,3,2,-11,1971.1864013671875
7,-0.6585365853658536,2.3252425762620987e-07,3,2,-11,1971.1864013671875
8,-0.6097560975609756,7.605943324051623e-07,3,2,-11,1971.1864013671875
9,-0.5609756097560976,1.1693604164975113e-06,3,2,-11,1971.1864013671875
10,-0.5121951219512195,1.2379625786707038e-06,3,2,-11,1971.1864013671875
11,-0.46341463414634143,8.115196692415338e-07,3,2,-11,1971.1864013671875
12,-0.41463414634146334,9.206912636727793e-07,3,2,-11,1971.1864013671875
13,-0.36585365853658536,1.794994375359238e-07,3,2,-11,1971.1864013671875
14,-0.31707317073170727,1.1890483619936276e-06,3,2,-11,1971.1864013671875
15,-0.2682926829268293,4.109641849936452e-06,3,2,-11,1971.1864013671875
16,-0.2195121951219512,5.496410722116707e-06,3,2,-11,1971.1864013671875
17,-0.1707317073170731,6.1048363022564445e-06,3,2,-11,1971.1864013671875
18,-0.12195121951219512,1.6307342320942553e-06,3,2,-11,1971.1864013671875
19,-0.07317073170731703,1.6934599500473269e-07,3,2,-11,1971.1864013671875
20,-0.024390243902439046,2.8724464300466934e-06,3,2,-11,1971.1864013671875
21,0.024390243902439046,1.5795955050634802e-06,3,2,-11,1971.1864013671875
22,0.07317073170731714,4.5601328224620374e-07,3,2,-11,1971.1864013671875
23,0.12195121951219523,1.3435081882562372e-06,3,2,-11,1971.1864013671875
24,0.17073170731707332,1.2573059393616859e-06,3,2,-11,1971.1864013671875
25,0.2195121951219512,2.2948820799228997e-07,3,2,-11,1971.1864013671875
26,0.2682926829268293,8.859268564265221e-05,3,2,-11,1971.1864013671875
27,0.3170731707317074,2.2775406250730157e-05,3,2,-11,1971.1864013671875
28,0.36585365853658547,6.609124829992652e-05,3,2,-11,1971.1864013671875
29,0.41463414634146356,0.00016136234626173973,3,2,-11,1971.1864013671875
30,0.46341463414634143,0.0008195845293812454,3,2,-11,1971.1864013671875
31,0.5121951219512195,0.001612799591384828,3,2,-11,1971.1864013671875
32,0.5609756097560976,7.700094283791259e-05,3,2,-11,1971.1864013671875
33,0.6097560975609757,8.293833161587827e-06,3,2,-11,1971.1864013671875
34,0.6585365853658538,4.286333933123387e-06,3,2,-11,1971.1864013671875
35,0.7073170731707317,2.0750680050696246e-05,3,2,-11,1971.1864013671875
36,0.7560975609756098,2.2657972294837236e-05,3,2,-11,1971.1864013671875
37,0.8048780487804879,5.81196800339967e-05,3,2,-11,1971.1864013671875
38,0.853658536585366,4.66011533717392e-06,3,2,-11,1971.1864013671875
39,0.902439024390244,1.5785341020091437e-05,3,2,-11,1971.1864013671875
40,0.9512195121951219,8.323876841132005e-07,3,2,-11,1971.1864013671875
41,1.0,8.783712814874889e-07,3,2,-11,1971.1864013671875
