tilt_index,tilt_angle,intensity,h,k,l,thickness
0,-1.0,0.0,-3,-6,7,994.915283203125
1,-0.9512195121951219,0.0,-3,-6,7,994.915283203125
2,-0.9024390243902439,0.0,-3,-6,7,994.915283203125
3,-0.8536585365853658,0.0,-3,-6,7,994.915283203125
4,-0.8048780487804879,0.0,-3,-6,7,994.915283203125
5,-0.7560975609756098,0.0,-3,-6,7,994.915283203125
6,-0.7073170731707317,0.0,-3,-6,7,994.915283203125
7,-0.6585365853658536,0.0,-3,-6,7,994.915283203125
8,-0.6097560975609756,0.0,-3,-6,7,994.915283203125
9,-0.5609756097560976,0.0,-3,-6,7,994.915283203125
10,-0.5121951219512195,0.0,-3,-6,7,994.915283203125
11,-0.46341463414634143,0.0,-3,-6,7,994.915283203125
12,-0.41463414634146334,0.0,-3,-6,7,994.915283203125
13,-0.36585365853658536,0.0,-3,-6,7,994.915283203125
14,-0.31707317073170727,0.0,-3,-6,7,994.915283203125
15,-0.2682926829268293,2.461540589138167e-06,-3,-6,7,994.915283203125
16,-0.2195121951219512,5.9435178627609275e-06,-3,-6,7,994.915283203125
17,-0.1707317073170731,2.413722768324078e-06,-3,-6,7,994.915283203125
18,-0.12195121951219512,1.0113645657838788e-05,-3,-6,7,994.915283203125
19,-0.07317073170731703,5.079783932160353e-06,-3,-6,7,994.915283203125
20,-0.024390243902439046,1.2472505659388844e-06,-3,-6,7,994.915283203125
21,0.024390243902439046,2.0429814284739223e-08,-3,-6,7,994.915283203125
22,0.07317073170731714,7.909004125394858e-06,-3,-6,7,994.915283203125
23,0.12195121951219523,3.3091760087700095e-06,-3,-6,7,994.915283203125
24,0.17073170731707332,8.071726369962562e-06,-3,-6,7,994.915283203125
25,0.2195121951219512,1.9271432392997667e-05,-3,-6,7,994.915283203125
26,0.2682926829268293,7.2069956331688445e-06,-3,-6,7,994.915283203125
27,0.3170731707317074,3.889373692800291e-05,-3,-6,7,994.915283203125
28,0.36585365853658547,4.456994793144986e-05,-3,-6,7,994.915283203125
29,0.41463414634146356,0.008707698434591293,-3,-6,7,994.915283203125
30,0.46341463414634143,0.00035585204022936523,-3,-6,7,994.915283203125
31,0.5121951219512195,0.0001419257023371756,-3,-6,7,994.915283203125
32,0.5609756097560976,1.0084866516990587e-05,-3,-6,7,994.915283203125
33,0.6097560975609757,2.7752634196076542e-05,-3,-6,7,994.915283203125
34,0.6585365853658538,1.2698418458967353e-06,-3,-6,7,994.915283203125
35,0.7073170731707317,4.226881628710544e-06,-3,-6,7,994.915283203125
36,0.7560975609756098,6.379209935403196e-06,-3,-6,7,994.915283203125
37,0.8048780487804879,4.538184384728083e-06,-3,-6,7,994.915283203125
38,0.853658536585366,4.9594996198720764e-06,-3,-6,7,994.915283203125
39,0.902439024390244,2.098324102917104e-06,-3,-6,7,994.915283203125
40,0.9512195121951219,2.7938317543885205e-06,-3,-6,7,994.915283203125
41,1.0,2.3156901534093777e-06,-3,-6,7,994.915283203125
0,-1.0,1.4674657904834021e-05,-3,-5,8,994.915283203125
1,-0.9512195121951219,7.405502401525155e-05,-3,-5,8,994.915283203125
2,-0.9024390243902439,5.473694727697875e-06,-3,-5,8,994.915283203125
3,-0.8536585365853658,3.249415385653265e-05,-3,-5,8,994.915283203125
4,-0.8048780487804879,0.0008426731219515204,-3,-5,8,994.915283203125
5,-0.7560975609756098,0.002904236549511552,-3,-5,8,994.915283203125
6,-0.7073170731707317,0.00010623120033415034,-3,-5,8,994.915283203125
7,-0.6585365853658536,5.136752861290006e-06,-3,-5,8,994.915283203125
8,-0.6097560975609756,3.5277826100355014e-05,-3,-5,8,994.915283203125
9,-0.5609756097560976,4.053860902786255e-05,-3,-5,8,994.915283203125
10,-0.5121951219512195,3.6940626159776e-05,-3,-5,8,994.915283203125
11,-0.46341463414634143,2.945036840173998e-06,-3,-5,8,994.915283203125
12,-0.41463414634146334,2.332352323719533e-06,-3,-5,8,994.915283203125
13,-0.36585365853658536,4.104165782337077e-06,-3,-5,8,994.915283203125
14,-0.31707317073170727,1.1230777090531774e-06,-3,-5,8,994.915283203125
15,-0.2682926829268293,2.464892929765483e-07,-3,-5,8,994.915283203125
16,-0.2195121951219512,7.483864692403586e-07,-3,-5,8,994.915283203125
17,-0.1707317073170731,3.069540071010124e-07,-3,-5,8,994.915283203125
18,-0.12195121951219512,7.361826646956615e-06,-3,-5,8,994.915283203125
19,-0.07317073170731703,3.5306015888636466e-06,-3,-5,8,994.915283203125
20,-0.024390243902439046,1.4985214875196107e-05,-3,-5,8,994.915283203125
21,0.024390243902439046,2.1194759938225616e-06,-3,-5,8,994.915283203125
22,0.07317073170731714,0.0,-3,-5,8,994.915283203125
23,0.12195121951219523,0.0,-3,-5,8,994.915283203125
24,0.17073170731707332,0.0,-3,-5,8,994.915283203125
25,0.2195121951219512,0.0,-3,-5,8,994.915283203125
26,0.2682926829268293,0.0,-3,-5,8,994.915283203125
27,0.3170731707317074,0.0,-3,-5,8,994.915283203125
28,0.36585365853658547,0.0,-3,-5,8,994.915283203125
29,0.41463414634146356,0.0,-3,-5,8,994.915283203125
30,0.46341463414634143,0.0,-3,-5,8,994.915283203125
31,0.5121951219512195,0.0,-3,-5,8,994.915283203125
32,0.5609756097560976,0.0,-3,-5,8,994.915283203125
33,0.6097560975609757,0.0,-3,-5,8,994.915283203125
34,0.6585365853658538,0.0,-3,-5,8,994.915283203125
35,0.7073170731707317,0.0,-3,-5,8,994.915283203125
36,0.7560975609756098,0.0,-3,-5,8,994.915283203125
37,0.8048780487804879,0.0,-3,-5,8,994.915283203125
38,0.853658536585366,0.0,-3,-5,8,994.915283203125
39,0.902439024390244,0.0,-3,-5,8,994.915283203125
40,0.9512195121951219,0.0,-3,-5,8,994.915283203125
41,1.0,0.0,-3,-5,8,994.915283203125
0,-1.0,0.0,-3,-4,8,994.915283203125
1,-0.9512195121951219,0.0,-3,-4,8,994.915283203125
2,-0.9024390243902439,0.0,-3,-4,8,994.915283203125
3,-0.8536585365853658,0.0,-3,-4,8,994.915283203125
4,-0.8048780487804879,0.0,-3,-4,8,994.915283203125
5,-0.7560975609756098,0.0,-3,-4,8,994.915283203125
6,-0.7073170731707317,0.0,-3,-4,8,994.915283203125
7,-0.6585365853658536,0.0,-3,-4,8,994.915283203125
8,-0.6097560975609756,0.0,-3,-4,8,994.915283203125
9,-0.5609756097560976,7.379144790320424e-06,-3,-4,8,994.915283203125
10,-0.5121951219512195,2.122551677530282e-06,-3,-4,8,994.915283203125
11,-0.46341463414634143,6.872502922306012e-07,-3,-4,8,994.915283203125
12,-0.41463414634146334,3.703283937284141e-06,-3,-4,8,994.915283203125
13,-0.36585365853658536,7.37246466542274e-07,-3,-4,8,994.915283203125
14,-0.31707317073170727,3.665584927148302e-06,-3,-4,8,994.915283203125
15,-0.2682926829268293,2.6712732505984604e-06,-3,-4,8,994.915283203125
16,-0.2195121951219512,2.8922233923367457e-06,-3,-4,8,994.915283203125
17,-0.1707317073170731,8.167912710632663e-06,-3,-4,8,994.915283203125
18,-0.12195121951219512,3.069273361688829e-06,-3,-4,8,994.915283203125
19,-0.07317073170731703,3.383832336112391e-06,-3,-4,8,994.915283203125
20,-0.024390243902439046,5.043653800385073e-06,-3,-4,8,994.915283203125
21,0.024390243902439046,1.459543091186788e-05,-3,-4,8,994.915283203125
22,0.07317073170731714,1.0367340109951328e-05,-3,-4,8,994.915283203125
23,0.12195121951219523,1.4043472219782416e-05,-3,-4,8,994.915283203125
24,0.17073170731707332,4.375699063530192e-05,-3,-4,8,994.915283203125
25,0.2195121951219512,3.2751242542872205e-05,-3,-4,8,994.915283203125
26,0.2682926829268293,2.174215296690818e-06,-3,-4,8,994.915283203125
27,0.3170731707317074,0.0010607709409669042,-3,-4,8,994.915283203125
28,0.36585365853658547,0.00014718438615091145,-3,-4,8,994.915283203125
29,0.41463414634146356,0.0008099892875179648,-3,-4,8,994.915283203125
30,0.46341463414634143,0.00042509258491918445,-3,-4,8,994.915283203125
31,0.5121951219512195,0.00035438197664916515,-3,-4,8,994.915283203125
32,0.5609756097560976,0.0003949698293581605,-3,-4,8,994.915283203125
33,0.6097560975609757,0.00010484694939805195,-3,-4,8,994.915283203125
34,0.6585365853658538,5.0334615480096545e-06,-3,-4,8,994.915283203125
35,0.7073170731707317,9.974417480407283e-06,-3,-4,8,994.915283203125
36,0.7560975609756098,2.4009711978578707e-06,-3,-4,8,994.915283203125
37,0.8048780487804879,6.583397862414131e-06,-3,-4,8,994.915283203125
38,0.853658536585366,8.089824063972628e-07,-3,-4,8,994.915283203125
39,0.902439024390244,6.141447101981612e-07,-3,-4,8,994.915283203125
40,0.9512195121951219,7.837991233827779e-08,-3,-4,8,994.915283203125
41,1.0,6.64483832224505e-06,-3,-4,8,994.915283203125
0,-1.0,3.9547171581943985e-06,-3,-2,9,994.915283203125
1,-0.9512195121951219,2.199765276600374e-07,-3,-2,9,994.915283203125
2,-0.9024390243902439,1.830314431572333e-05,-3,-2,9,994.915283203125
3,-0.8536585365853658,9.306637366535142e-06,-3,-2,9,994.915283203125
4,-0.8048780487804879,1.65750698215561e-05,-3,-2,9,994.915283203125
5,-0.7560975609756098,0.00010510735592106357,-3,-2,9,994.915283203125
6,-0.7073170731707317,3.267234569648281e-05,-3,-2,9,994.915283203125
7,-0.6585365853658536,8.228217484429479e-05,-3,-2,9,994.915283203125
8,-0.6097560975609756,3.712599573191255e-05,-3,-2,9,994.915283203125
9,-0.5609756097560976,8.214581612264737e-05,-3,-2,9,994.915283203125
10,-0.5121951219512195,3.4605480323079973e-05,-3,-2,9,994.915283203125
11,-0.46341463414634143,9.22091567190364e-05,-3,-2,9,994.915283203125
12,-0.41463414634146334,3.771245974348858e-05,-3,-2,9,994.915283203125
13,-0.36585365853658536,0.00044252813677303493,-3,-2,9,994.915283203125
14,-0.31707317073170727,0.00014712376287207007,-3,-2,9,994.915283203125
15,-0.2682926829268293,0.00016888335812836885,-3,-2,9,994.915283203125
16,-0.2195121951219512,0.0052423798479139805,-3,-2,9,994.915283203125
17,-0.1707317073170731,0.015009804628789425,-3,-2,9,994.915283203125
18,-0.12195121951219512,0.005097676999866962,-3,-2,9,994.915283203125
19,-0.07317073170731703,0.00039958441630005836,-3,-2,9,994.915283203125
20,-0.024390243902439046,0.0010360770393162966,-3,-2,9,994.915283203125
21,0.024390243902439046,0.00014832342276349664,-3,-2,9,994.915283203125
22,0.07317073170731714,0.00012224173406139016,-3,-2,9,994.915283203125
23,0.12195121951219523,9.532651165500283e-05,-3,-2,9,994.915283203125
24,0.17073170731707332,2.6218533093924634e-05,-3,-2,9,994.915283203125
25,0.2195121951219512,7.056377944536507e-05,-3,-2,9,994.915283203125
26,0.2682926829268293,1.2837512258556671e-05,-3,-2,9,994.915283203125
27,0.3170731707317074,6.129137909738347e-05,-3,-2,9,994.915283203125
28,0.36585365853658547,1.1435705573603627e-06,-3,-2,9,994.915283203125
29,0.41463414634146356,4.8979989514919e-05,-3,-2,9,994.915283203125
30,0.46341463414634143,2.50996326940367e-05,-3,-2,9,994.915283203125
31,0.5121951219512195,3.9676055166637525e-05,-3,-2,9,994.915283203125
32,0.5609756097560976,2.891518124670256e-05,-3,-2,9,994.915283203125
33,0.6097560975609757,2.889990582843893e-06,-3,-2,9,994.915283203125
34,0.6585365853658538,1.6919981135288253e-05,-3,-2,9,994.915283203125
35,0.7073170731707317,2.316716745554004e-06,-3,-2,9,994.915283203125
36,0.7560975609756098,6.129415123723447e-05,-3,-2,9,994.915283203125
37,0.8048780487804879,1.2700323168246541e-05,-3,-2,9,994.915283203125
38,0.853658536585366,1.4057510497877956e-06,-3,-2,9,994.915283203125
39,0.902439024390244,7.442002242896706e-06,-3,-2,9,994.915283203125
40,0.9512195121951219,8.517090464010835e-07,-3,-2,9,994.915283203125
41,1.0,6.610863692912972e-06,-3,-2,9,994.915283203125
0,-1.0,0.0,-3,4,11,994.915283203125
1,-0.9512195121951219,0.0,-3,4,11,994.915283203125
2,-0.9024390243902439,1.1537696309460443e-06,-3,4,11,994.915283203125
3,-0.8536585365853658,4.868296059612476e-07,-3,4,11,994.915283203125
4,-0.8048780487804879,1.6556300863612705e-07,-3,4,11,994.915283203125
5,-0.7560975609756098,1.1801736263805651e-06,-3,4,11,994.915283203125
6,-0.7073170731707317,1.5977141174516873e-06,-3,4,11,994.915283203125
7,-0.6585365853658536,6.30176799631954e-08,-3,4,11,994.915283203125
8,-0.6097560975609756,1.2107499060221016e-05,-3,4,11,994.915283203125
9,-0.5609756097560976,6.457020845118677e-06,-3,4,11,994.915283203125
10,-0.5121951219512195,2.477068846928887e-06,-3,4,11,994.915283203125
11,-0.46341463414634143,4.493985670706024e-06,-3,4,11,994.915283203125
12,-0.41463414634146334,1.6929751609495725e-06,-3,4,11,994.915283203125
13,-0.36585365853658536,4.305044001284841e-07,-3,4,11,994.915283203125
14,-0.31707317073170727,3.390564188521239e-06,-3,4,11,994.915283203125
15,-0.2682926829268293,1.9721389890037244e-06,-3,4,11,994.915283203125
16,-0.2195121951219512,6.2601425270258915e-06,-3,4,11,994.915283203125
17,-0.1707317073170731,1.2916312925881357e-06,-3,4,11,994.915283203125
18,-0.12195121951219512,9.524073334432615e-07,-3,4,11,994.915283203125
19,-0.07317073170731703,3.268414502599626e-06,-3,4,11,994.915283203125
20,-0.024390243902439046,1.0613257472869009e-06,-3,4,11,994.915283203125
21,0.024390243902439046,1.6784622403065441e-06,-3,4,11,994.915283203125
22,0.07317073170731714,7.482760338461958e-06,-3,4,11,994.915283203125
23,0.12195121951219523,5.5404225349775515e-06,-3,4,11,994.915283203125
24,0.17073170731707332,8.279014878098678e-07,-3,4,11,994.915283203125
25,0.2195121951219512,3.9627961996302474e-06,-3,4,11,994.915283203125
26,0.2682926829268293,1.7065141946659423e-05,-3,4,11,994.915283203125
27,0.3170731707317074,4.1223167499992996e-05,-3,4,11,994.915283203125
28,0.36585365853658547,5.400394911703188e-06,-3,4,11,994.915283203125
29,0.41463414634146356,7.494338933611289e-05,-3,4,11,994.915283203125
30,0.46341463414634143,1.7826856492320076e-05,-3,4,11,994.915283203125
31,0.5121951219512195,0.0005554903182201087,-3,4,11,994.915283203125
32,0.5609756097560976,0.0017443395918235183,-3,4,11,994.915283203125
33,0.6097560975609757,0.00022669413010589778,-3,4,11,994.915283203125
34,0.6585365853658538,0.00018800249381456524,-3,4,11,994.915283203125
35,0.7073170731707317,0.00021324100089259446,-3,4,11,994.915283203125
36,0.7560975609756098,5.899542156839743e-05,-3,4,11,994.915283203125
37,0.8048780487804879,2.2825011001259554e-06,-3,4,11,994.915283203125
38,0.853658536585366,9.430711543245707e-06,-3,4,11,994.915283203125
39,0.902439024390244,1.7662176105659455e-05,-3,4,11,994.915283203125
40,0.9512195121951219,3.1788104593033495e-07,-3,4,11,994.915283203125
41,1.0,9.877371667244006e-06,-3,4,11,994.915283203125
0,-1.0,6.681001650576945e-06,-3,5,11,994.915283203125
1,-0.9512195121951219,7.117968380043749e-06,-3,5,11,994.915283203125
2,-0.9024390243902439,5.207266440265812e-06,-3,5,11,994.915283203125
3,-0.8536585365853658,4.413555870996788e-06,-3,5,11,994.915283203125
4,-0.8048780487804879,3.7390775560197653e-06,-3,5,11,994.915283203125
5,-0.7560975609756098,2.6074671950482298e-06,-3,5,11,994.915283203125
6,-0.7073170731707317,3.12523334287107e-05,-3,5,11,994.915283203125
7,-0.6585365853658536,4.5328677515499294e-05,-3,5,11,994.915283203125
8,-0.6097560975609756,3.020221265614964e-05,-3,5,11,994.915283203125
9,-0.5609756097560976,7.222250860650092e-05,-3,5,11,994.915283203125
10,-0.5121951219512195,7.404124335153028e-05,-3,5,11,994.915283203125
11,-0.46341463414634143,0.0003114889841526747,-3,5,11,994.915283203125
12,-0.41463414634146334,0.0005151648656465113,-3,5,11,994.915283203125
13,-0.36585365853658536,0.0011770193232223392,-3,5,11,994.915283203125
14,-0.31707317073170727,0.0014188322238624096,-3,5,11,994.915283203125
15,-0.2682926829268293,0.0001859880576375872,-3,5,11,994.915283203125
16,-0.2195121951219512,2.97285987471696e-06,-3,5,11,994.915283203125
17,-0.1707317073170731,6.843146547907963e-05,-3,5,11,994.915283203125
18,-0.12195121951219512,2.0839335775235668e-05,-3,5,11,994.915283203125
19,-0.07317073170731703,1.0912884135905188e-05,-3,5,11,994.915283203125
20,-0.024390243902439046,1.3780389963358175e-05,-3,5,11,994.915283203125
21,0.024390243902439046,8.78788523550611e-06,-3,5,11,994.915283203125
22,0.07317073170731714,8.312275667776703e-08,-3,5,11,994.915283203125
23,0.12195121951219523,2.50572861659748e-06,-3,5,11,994.915283203125
24,0.17073170731707332,5.00235682920902e-06,-3,5,11,994.915283203125
25,0.2195121951219512,1.8834778529708274e-05,-3,5,11,994.915283203125
26,0.2682926829268293,1.3662396725067083e-07,-3,5,11,994.915283203125
27,0.3170731707317074,4.764821369462879e-06,-3,5,11,994.915283203125
28,0.36585365853658547,6.90225419930357e-07,-3,5,11,994.915283203125
29,0.41463414634146356,7.349074166995706e-07,-3,5,11,994.915283203125
30,0.46341463414634143,2.2632773379882565e-06,-3,5,11,994.915283203125
31,0.5121951219512195,1.9060696558881318e-06,-3,5,11,994.915283203125
32,0.5609756097560976,5.215938017499866e-06,-3,5,11,994.915283203125
33,0.6097560975609757,6.21280833001947e-07,-3,5,11,994.915283203125
34,0.6585365853658538,2.291000953391631e-07,-3,5,11,994.915283203125
35,0.7073170731707317,2.1396017757524532e-07,-3,5,11,994.915283203125
36,0.7560975609756098,1.5291227555280784e-06,-3,5,11,994.915283203125
37,0.8048780487804879,0.0,-3,5,11,994.915283203125
38,0.853658536585366,0.0,-3,5,11,994.915283203125
39,0.902439024390244,0.0,-3,5,11,994.915283203125
40,0.9512195121951219,0.0,-3,5,11,994.915283203125
41,1.0,0.0,-3,5,11,994.915283203125
0,-1.0,0.0,-2,-8,3,994.915283203125
1,-0.9512195121951219,0.0,-2,-8,3,994.915283203125
2,-0.9024390243902439,0.0,-2,-8,3,994.915283203125
3,-0.8536585365853658,0.0,-2,-8,3,994.915283203125
4,-0.8048780487804879,0.0,-2,-8,3,994.915283203125
5,-0.7560975609756098,0.0,-2,-8,3,994.915283203125
6,-0.7073170731707317,0.0,-2,-8,3,994.915283203125
7,-0.6585365853658536,0.0,-2,-8,3,994.915283203125
8,-0.6097560975609756,0.0,-2,-8,3,994.915283203125
9,-0.5609756097560976,0.0,-2,-8,3,994.915283203125
10,-0.5121951219512195,0.0,-2,-8,3,994.915283203125
11,-0.46341463414634143,2.7532905733096413e-07,-2,-8,3,994.915283203125
12,-0.41463414634146334,9.672679324168598e-10,-2,-8,3,994.915283203125
13,-0.36585365853658536,9.454956284571381e-08,-2,-8,3,994.915283203125
14,-0.31707317073170727,5.492463515111012e-07,-2,-8,3,994.915283203125
15,-0.2682926829268293,5.963650551166211e-07,-2,-8,3,994.915283203125
16,-0.2195121951219512,1.9194406064571012e-08,-2,-8,3,994.915283203125
17,-0.1707317073170731,5.038847916694067e-08,-2,-8,3,994.915283203125
18,-0.12195121951219512,1.8496057236916386e-06,-2,-8,3,994.915283203125
19,-0.07317073170731703,5.117269665788626e-06,-2,-8,3,994.915283203125
20,-0.024390243902439046,5.462750323204091e-06,-2,-8,3,994.915283203125
21,0.024390243902439046,3.7809073546668515e-05,-2,-8,3,994.915283203125
22,0.07317073170731714,0.00038066631532274187,-2,-8,3,994.915283203125
23,0.12195121951219523,1.2083363571946393e-06,-2,-8,3,994.915283203125
24,0.17073170731707332,5.639800747303525e-06,-2,-8,3,994.915283203125
25,0.2195121951219512,4.1752264223759994e-07,-2,-8,3,994.915283203125
26,0.2682926829268293,1.5937405350996414e-07,-2,-8,3,994.915283203125
27,0.3170731707317074,1.279150183108868e-06,-2,-8,3,994.915283203125
28,0.36585365853658547,1.8532182366470806e-07,-2,-8,3,994.915283203125
29,0.41463414634146356,5.319624847288651e-07,-2,-8,3,994.915283203125
30,0.46341463414634143,5.344868441170547e-07,-2,-8,3,994.915283203125
31,0.5121951219512195,1.573067606841505e-06,-2,-8,3,994.915283203125
32,0.5609756097560976,8.16075100829039e-07,-2,-8,3,994.915283203125
33,0.6097560975609757,1.2982293640106946e-07,-2,-8,3,994.915283203125
34,0.6585365853658538,0.0,-2,-8,3,994.915283203125
35,0.7073170731707317,0.0,-2,-8,3,994.915283203125
36,0.7560975609756098,0.0,-2,-8,3,994.915283203125
37,0.8048780487804879,0.0,-2,-8,3,994.915283203125
38,0.853658536585366,0.0,-2,-8,3,994.915283203125
39,0.902439024390244,0.0,-2,-8,3,994.915283203125
40,0.9512195121951219,0.0,-2,-8,3,994.915283203125
41,1.0,0.0,-2,-8,3,994.915283203125
0,-1.0,7.948990059958305e-06,-2,-7,4,994.915283203125
1,-0.9512195121951219,3.0851829251332674e-06,-2,-7,4,994.915283203125
2,-0.9024390243902439,3.948537050746381e-05,-2,-7,4,994.915283203125
3,-0.8536585365853658,2.2014190108166076e-05,-2,-7,4,994.915283203125
4,-0.8048780487804879,4.469039413379505e-05,-2,-7,4,994.915283203125
5,-0.7560975609756098,0.0008027295116335154,-2,-7,4,994.915283203125
6,-0.7073170731707317,0.001088824006728828,-2,-7,4,994.915283203125
7,-0.6585365853658536,0.00010302207374479622,-2,-7,4,994.915283203125
8,-0.6097560975609756,5.4304829973261803e-05,-2,-7,4,994.915283203125
9,-0.5609756097560976,1.0813587323355023e-05,-2,-7,4,994.915283203125
10,-0.5121951219512195,7.162963697737723e-07,-2,-7,4,994.915283203125
11,-0.46341463414634143,3.165894781886891e-07,-2,-7,4,994.915283203125
12,-0.41463414634146334,1.1467118383734487e-06,-2,-7,4,994.915283203125
13,-0.36585365853658536,2.357824314458412e-06,-2,-7,4,994.915283203125
14,-0.31707317073170727,1.5088522786754766e-06,-2,-7,4,994.915283203125
15,-0.2682926829268293,3.226790113330935e-06,-2,-7,4,994.915283203125
16,-0.2195121951219512,5.253116796666291e-06,-2,-7,4,994.915283203125
17,-0.1707317073170731,1.1668072374959593e-07,-2,-7,4,994.915283203125
18,-0.12195121951219512,2.1824030227435287e-07,-2,-7,4,994.915283203125
19,-0.07317073170731703,0.0,-2,-7,4,994.915283203125
20,-0.024390243902439046,0.0,-2,-7,4,994.915283203125
21,0.024390243902439046,0.0,-2,-7,4,994.915283203125
22,0.07317073170731714,0.0,-2,-7,4,994.915283203125
23,0.12195121951219523,0.0,-2,-7,4,994.915283203125
24,0.17073170731707332,0.0,-2,-7,4,994.915283203125
25,0.2195121951219512,0.0,-2,-7,4,994.915283203125
26,0.2682926829268293,0.0,-2,-7,4,994.915283203125
27,0.3170731707317074,0.0,-2,-7,4,994.915283203125
28,0.36585365853658547,0.0,-2,-7,4,994.915283203125
29,0.41463414634146356,0.0,-2,-7,4,994.915283203125
30,0.46341463414634143,0.0,-2,-7,4,994.915283203125
31,0.5121951219512195,0.0,-2,-7,4,994.915283203125
32,0.5609756097560976,0.0,-2,-7,4,994.915283203125
33,0.6097560975609757,0.0,-2,-7,4,994.915283203125
34,0.6585365853658538,0.0,-2,-7,4,994.915283203125
35,0.7073170731707317,0.0,-2,-7,4,994.915283203125
36,0.7560975609756098,0.0,-2,-7,4,994.915283203125
37,0.8048780487804879,0.0,-2,-7,4,994.915283203125
38,0.853658536585366,0.0,-2,-7,4,994.915283203125
39,0.902439024390244,0.0,-2,-7,4,994.915283203125
40,0.9512195121951219,0.0,-2,-7,4,994.915283203125
41,1.0,0.0,-2,-7,4,994.915283203125
0,-1.0,0.0,-2,-6,4,994.915283203125
1,-0.9512195121951219,0.0,-2,-6,4,994.915283203125
2,-0.9024390243902439,0.0,-2,-6,4,994.915283203125
3,-0.8536585365853658,0.0,-2,-6,4,994.915283203125
4,-0.8048780487804879,0.0,-2,-6,4,994.915283203125
5,-0.7560975609756098,0.0,-2,-6,4,994.915283203125
6,-0.7073170731707317,0.0,-2,-6,4,994.915283203125
7,-0.6585365853658536,0.0,-2,-6,4,994.915283203125
8,-0.6097560975609756,0.0,-2,-6,4,994.915283203125
9,-0.5609756097560976,0.0,-2,-6,4,994.915283203125
10,-0.5121951219512195,7.458652817149414e-06,-2,-6,4,994.915283203125
11,-0.46341463414634143,9.025368399306899e-07,-2,-6,4,994.915283203125
12,-0.41463414634146334,2.9094942419760628e-06,-2,-6,4,994.915283203125
13,-0.36585365853658536,2.526709295125329e-06,-2,-6,4,994.915283203125
14,-0.31707317073170727,8.487849299854133e-06,-2,-6,4,994.915283203125
15,-0.2682926829268293,9.63162278821983e-07,-2,-6,4,994.915283203125
16,-0.2195121951219512,1.2134783901274204e-05,-2,-6,4,994.915283203125
17,-0.1707317073170731,9.955133464245591e-06,-2,-6,4,994.915283203125
18,-0.12195121951219512,2.0681457044702256e-06,-2,-6,4,994.915283203125
19,-0.07317073170731703,7.010288300079992e-06,-2,-6,4,994.915283203125
20,-0.024390243902439046,3.923836266039871e-05,-2,-6,4,994.915283203125
21,0.024390243902439046,1.0192667105002329e-05,-2,-6,4,994.915283203125
22,0.07317073170731714,1.1595414406428972e-07,-2,-6,4,994.915283203125
23,0.12195121951219523,0.00044751353561878204,-2,-6,4,994.915283203125
24,0.17073170731707332,5.799460632260889e-05,-2,-6,4,994.915283203125
25,0.2195121951219512,0.006504773627966642,-2,-6,4,994.915283203125
26,0.2682926829268293,0.0002693097630981356,-2,-6,4,994.915283203125
27,0.3170731707317074,8.903926209313795e-05,-2,-6,4,994.915283203125
28,0.36585365853658547,7.073753295117058e-06,-2,-6,4,994.915283203125
29,0.41463414634146356,5.284124563331716e-05,-2,-6,4,994.915283203125
30,0.46341463414634143,4.8497217903786805e-06,-2,-6,4,994.915283203125
31,0.5121951219512195,1.8230226487503387e-05,-2,-6,4,994.915283203125
32,0.5609756097560976,2.003083864110522e-05,-2,-6,4,994.915283203125
33,0.6097560975609757,7.191563781816512e-06,-2,-6,4,994.915283203125
34,0.6585365853658538,1.413363520441635e-06,-2,-6,4,994.915283203125
35,0.7073170731707317,3.7896188587183133e-06,-2,-6,4,994.915283203125
36,0.7560975609756098,5.208607490203576e-06,-2,-6,4,994.915283203125
37,0.8048780487804879,5.612100721918978e-06,-2,-6,4,994.915283203125
38,0.853658536585366,5.8125278883380815e-06,-2,-6,4,994.915283203125
39,0.902439024390244,3.2316488614014816e-06,-2,-6,4,994.915283203125
40,0.9512195121951219,0.0,-2,-6,4,994.915283203125
41,1.0,0.0,-2,-6,4,994.915283203125
0,-1.0,0.0,-2,-4,5,994.915283203125
1,-0.9512195121951219,0.0,-2,-4,5,994.915283203125
2,-0.9024390243902439,0.0,-2,-4,5,994.915283203125
3,-0.8536585365853658,1.9128847270621918e-05,-2,-4,5,994.915283203125
4,-0.8048780487804879,1.1867022294609342e-05,-2,-4,5,994.915283203125
5,-0.7560975609756098,4.169644853391219e-06,-2,-4,5,994.915283203125
6,-0.7073170731707317,1.074352167051984e-05,-2,-4,5,994.915283203125
7,-0.6585365853658536,1.1164028364873957e-05,-2,-4,5,994.915283203125
8,-0.6097560975609756,8.939111467043404e-06,-2,-4,5,994.915283203125
9,-0.5609756097560976,1.0967509297188371e-05,-2,-4,5,994.915283203125
10,-0.5121951219512195,8.775838068686426e-06,-2,-4,5,994.915283203125
11,-0.46341463414634143,4.365752374724252e-06,-2,-4,5,994.915283203125
12,-0.41463414634146334,8.039384738367517e-06,-2,-4,5,994.915283203125
13,-0.36585365853658536,3.6210863072483335e-06,-2,-4,5,994.915283203125
14,-0.31707317073170727,1.9916994915547548e-06,-2,-4,5,994.915283203125
15,-0.2682926829268293,1.0880668014578987e-05,-2,-4,5,994.915283203125
16,-0.2195121951219512,1.9732491637114435e-05,-2,-4,5,994.915283203125
17,-0.1707317073170731,7.485324749723077e-05,-2,-4,5,994.915283203125
18,-0.12195121951219512,2.5495495719951577e-05,-2,-4,5,994.915283203125
19,-0.07317073170731703,3.414314051042311e-05,-2,-4,5,994.915283203125
20,-0.024390243902439046,8.238684677053243e-05,-2,-4,5,994.915283203125
21,0.024390243902439046,0.00023612970835529268,-2,-4,5,994.915283203125
22,0.07317073170731714,0.0001749812945490703,-2,-4,5,994.915283203125
23,0.12195121951219523,0.0002581312437541783,-2,-4,5,994.915283203125
24,0.17073170731707332,0.016348376870155334,-2,-4,5,994.915283203125
25,0.2195121951219512,8.531798084732145e-05,-2,-4,5,994.915283203125
26,0.2682926829268293,0.00037198339123278856,-2,-4,5,994.915283203125
27,0.3170731707317074,0.00018453750817570835,-2,-4,5,994.915283203125
28,0.36585365853658547,0.00012164501094957814,-2,-4,5,994.915283203125
29,0.41463414634146356,8.332094148499891e-05,-2,-4,5,994.915283203125
30,0.46341463414634143,7.592308247694746e-05,-2,-4,5,994.915283203125
31,0.5121951219512195,4.407805317896418e-05,-2,-4,5,994.915283203125
32,0.5609756097560976,3.324700799112179e-07,-2,-4,5,994.915283203125
33,0.6097560975609757,1.7562819266458973e-05,-2,-4,5,994.915283203125
34,0.6585365853658538,2.3397378754452802e-05,-2,-4,5,994.915283203125
35,0.7073170731707317,6.415517873392673e-06,-2,-4,5,994.915283203125
36,0.7560975609756098,1.1926580555154942e-05,-2,-4,5,994.915283203125
37,0.8048780487804879,3.120597466477193e-05,-2,-4,5,994.915283203125
38,0.853658536585366,6.845361895102542e-06,-2,-4,5,994.915283203125
39,0.902439024390244,7.604719030496199e-06,-2,-4,5,994.915283203125
40,0.9512195121951219,1.548644831927959e-05,-2,-4,5,994.915283203125
41,1.0,5.6944149946502876e-06,-2,-4,5,994.915283203125
0,-1.0,0.00014194200048223138,-2,-2,6,994.915283203125
1,-0.9512195121951219,0.0008188317297026515,-2,-2,6,994.915283203125
2,-0.9024390243902439,0.00011128764163004234,-2,-2,6,994.915283203125
3,-0.8536585365853658,0.0006403808947652578,-2,-2,6,994.915283203125
4,-0.8048780487804879,0.0013900528429076076,-2,-2,6,994.915283203125
5,-0.7560975609756098,0.002240220783278346,-2,-2,6,994.915283203125
6,-0.7073170731707317,0.0011269728420302272,-2,-2,6,994.915283203125
7,-0.6585365853658536,0.008128884248435497,-2,-2,6,994.915283203125
8,-0.6097560975609756,0.002060225699096918,-2,-2,6,994.915283203125
9,-0.5609756097560976,0.04792676493525505,-2,-2,6,994.915283203125
10,-0.5121951219512195,0.1059405729174614,-2,-2,6,994.915283203125
11,-0.46341463414634143,0.015487396158277988,-2,-2,6,994.915283203125
12,-0.41463414634146334,0.0026074908673763275,-2,-2,6,994.915283203125
13,-0.36585365853658536,0.0028462191112339497,-2,-2,6,994.915283203125
14,-0.31707317073170727,0.00012258226342964917,-2,-2,6,994.915283203125
15,-0.2682926829268293,0.00014874784392304718,-2,-2,6,994.915283203125
16,-0.2195121951219512,0.0003557970921974629,-2,-2,6,994.915283203125
17,-0.1707317073170731,8.18597836769186e-05,-2,-2,6,994.915283203125
18,-0.12195121951219512,0.0002811677404679358,-2,-2,6,994.915283203125
19,-0.07317073170731703,0.0002917712554335594,-2,-2,6,994.915283203125
20,-0.024390243902439046,0.0003358277026563883,-2,-2,6,994.915283203125
21,0.024390243902439046,0.00021456973627209663,-2,-2,6,994.915283203125
22,0.07317073170731714,0.0002591139345895499,-2,-2,6,994.915283203125
23,0.12195121951219523,7.923012162791565e-05,-2,-2,6,994.915283203125
24,0.17073170731707332,0.0001472180592827499,-2,-2,6,994.915283203125
25,0.2195121951219512,5.794942353531951e-06,-2,-2,6,994.915283203125
26,0.2682926829268293,3.238525778215262e-06,-2,-2,6,994.915283203125
27,0.3170731707317074,0.00015878124395385385,-2,-2,6,994.915283203125
28,0.36585365853658547,6.571262201759964e-05,-2,-2,6,994.915283203125
29,0.41463414634146356,0.00014892173931002617,-2,-2,6,994.915283203125
30,0.46341463414634143,0.00013854051940143108,-2,-2,6,994.915283203125
31,0.5121951219512195,0.0001563437981531024,-2,-2,6,994.915283203125
32,0.5609756097560976,9.041307203006e-05,-2,-2,6,994.915283203125
33,0.6097560975609757,3.4316108212806284e-05,-2,-2,6,994.915283203125
34,0.6585365853658538,6.900516018504277e-05,-2,-2,6,994.915283203125
35,0.7073170731707317,1.1189614212980814e-07,-2,-2,6,994.915283203125
36,0.7560975609756098,5.471435724757612e-05,-2,-2,6,994.915283203125
37,0.8048780487804879,3.6696571896754904e-06,-2,-2,6,994.915283203125
38,0.853658536585366,3.967921657022089e-05,-2,-2,6,994.915283203125
39,0.902439024390244,1.5028805364636355e-06,-2,-2,6,994.915283203125
40,0.9512195121951219,2.6157626962231006e-06,-2,-2,6,994.915283203125
41,1.0,1.1291363080090377e-05,-2,-2,6,994.915283203125
0,-1.0,0.0014611829537898302,-2,1,7,994.915283203125
1,-0.9512195121951219,0.0017075040377676487,-2,1,7,994.915283203125
2,-0.9024390243902439,0.0006870702491141856,-2,1,7,994.915283203125
3,-0.8536585365853658,0.0002990337088704109,-2,1,7,994.915283203125
4,-0.8048780487804879,5.272807538858615e-05,-2,1,7,994.915283203125
5,-0.7560975609756098,7.531148730777204e-05,-2,1,7,994.915283203125
6,-0.7073170731707317,0.0005486697191372514,-2,1,7,994.915283203125
7,-0.6585365853658536,0.0008411644957959652,-2,1,7,994.915283203125
8,-0.6097560975609756,0.0006462219171226025,-2,1,7,994.915283203125
9,-0.5609756097560976,0.0005224052001722157,-2,1,7,994.915283203125
10,-0.5121951219512195,0.0014595140237361193,-2,1,7,994.915283203125
11,-0.46341463414634143,0.0024423340801149607,-2,1,7,994.915283203125
12,-0.41463414634146334,0.0013896545860916376,-2,1,7,994.915283203125
13,-0.36585365853658536,0.0007099987706169486,-2,1,7,994.915283203125
14,-0.31707317073170727,0.0002855364582501352,-2,1,7,994.915283203125
15,-0.2682926829268293,2.1484177068487043e-06,-2,1,7,994.915283203125
16,-0.2195121951219512,0.00041579396929591894,-2,1,7,994.915283203125
17,-0.1707317073170731,0.0007393656997010112,-2,1,7,994.915283203125
18,-0.12195121951219512,0.0014597360277548432,-2,1,7,994.915283203125
19,-0.07317073170731703,0.0023849557619541883,-2,1,7,994.915283203125
20,-0.024390243902439046,0.00485609844326973,-2,1,7,994.915283203125
21,0.024390243902439046,0.005262529477477074,-2,1,7,994.915283203125
22,0.07317073170731714,0.004515515174716711,-2,1,7,994.915283203125
23,0.12195121951219523,0.0026099663227796555,-2,1,7,994.915283203125
24,0.17073170731707332,0.001375496736727655,-2,1,7,994.915283203125
25,0.2195121951219512,0.003929821774363518,-2,1,7,994.915283203125
26,0.2682926829268293,0.006280697416514158,-2,1,7,994.915283203125
27,0.3170731707317074,0.010145345702767372,-2,1,7,994.915283203125
28,0.36585365853658547,0.021035851910710335,-2,1,7,994.915283203125
29,0.41463414634146356,0.0369066521525383,-2,1,7,994.915283203125
30,0.46341463414634143,0.05403059720993042,-2,1,7,994.915283203125
31,0.5121951219512195,0.10345678776502609,-2,1,7,994.915283203125
32,0.5609756097560976,0.16981546580791473,-2,1,7,994.915283203125
33,0.6097560975609757,0.1652565747499466,-2,1,7,994.915283203125
34,0.6585365853658538,0.08398348093032837,-2,1,7,994.915283203125
35,0.7073170731707317,0.022929716855287552,-2,1,7,994.915283203125
36,0.7560975609756098,0.018371982499957085,-2,1,7,994.915283203125
37,0.8048780487804879,0.05020953342318535,-2,1,7,994.915283203125
38,0.853658536585366,0.04521097242832184,-2,1,7,994.915283203125
39,0.902439024390244,0.038205813616514206,-2,1,7,994.915283203125
40,0.9512195121951219,0.016626760363578796,-2,1,7,994.915283203125
41,1.0,0.01216834131628275,-2,1,7,994.915283203125
0,-1.0,0.0,-2,4,8,994.915283203125
1,-0.9512195121951219,0.0,-2,4,8,994.915283203125
2,-0.9024390243902439,0.0,-2,4,8,994.915283203125
3,-0.8536585365853658,0.0,-2,4,8,994.915283203125
4,-0.8048780487804879,0.0,-2,4,8,994.915283203125
5,-0.7560975609756098,0.0,-2,4,8,994.915283203125
6,-0.7073170731707317,0.0,-2,4,8,994.915283203125
7,-0.6585365853658536,4.3849563553521875e-06,-2,4,8,994.915283203125
8,-0.6097560975609756,1.2704425671472563e-06,-2,4,8,994.915283203125
9,-0.5609756097560976,1.2270435945538338e-05,-2,4,8,994.915283203125
10,-0.5121951219512195,1.6227953892666847e-05,-2,4,8,994.915283203125
11,-0.46341463414634143,2.6104988137376495e-05,-2,4,8,994.915283203125
12,-0.41463414634146334,1.4464046216744464e-05,-2,4,8,994.915283203125
13,-0.36585365853658536,1.64106438660383e-06,-2,4,8,994.915283203125
14,-0.31707317073170727,3.537671773301554e-06,-2,4,8,994.915283203125
15,-0.2682926829268293,1.7739770555635914e-05,-2,4,8,994.915283203125
16,-0.2195121951219512,1.2853989574068692e-05,-2,4,8,994.915283203125
17,-0.1707317073170731,1.1189168617420364e-05,-2,4,8,994.915283203125
18,-0.12195121951219512,3.901851414411794e-06,-2,4,8,994.915283203125
19,-0.07317073170731703,4.330931460572174e-06,-2,4,8,994.915283203125
20,-0.024390243902439046,1.822198464651592e-05,-2,4,8,994.915283203125
21,0.024390243902439046,1.0850981198018417e-06,-2,4,8,994.915283203125
22,0.07317073170731714,1.156299276772188e-05,-2,4,8,994.915283203125
23,0.12195121951219523,1.9455337678664364e-05,-2,4,8,994.915283203125
24,0.17073170731707332,7.864289727876894e-06,-2,4,8,994.915283203125
25,0.2195121951219512,5.2117964514764026e-05,-2,4,8,994.915283203125
26,0.2682926829268293,1.7037229554262012e-05,-2,4,8,994.915283203125
27,0.3170731707317074,4.691540016210638e-05,-2,4,8,994.915283203125
28,0.36585365853658547,4.683669612859376e-05,-2,4,8,994.915283203125
29,0.41463414634146356,0.00015195930609479547,-2,4,8,994.915283203125
30,0.46341463414634143,0.0005051424959674478,-2,4,8,994.915283203125
31,0.5121951219512195,0.0009984151693060994,-2,4,8,994.915283203125
32,0.5609756097560976,0.00312443939037621,-2,4,8,994.915283203125
33,0.6097560975609757,0.0049033560790121555,-2,4,8,994.915283203125
34,0.6585365853658538,0.007339782081544399,-2,4,8,994.915283203125
35,0.7073170731707317,0.01314087025821209,-2,4,8,994.915283203125
36,0.7560975609756098,0.006369223818182945,-2,4,8,994.915283203125
37,0.8048780487804879,0.00046435248805209994,-2,4,8,994.915283203125
38,0.853658536585366,0.000468895974336192,-2,4,8,994.915283203125
39,0.902439024390244,0.0003264453844167292,-2,4,8,994.915283203125
40,0.9512195121951219,1.0416975783300586e-05,-2,4,8,994.915283203125
41,1.0,7.311016815947369e-05,-2,4,8,994.915283203125
0,-1.0,1.2933290236105677e-05,-2,5,8,994.915283203125
1,-0.9512195121951219,1.6741912531870184e-06,-2,5,8,994.915283203125
2,-0.9024390243902439,1.143281735949131e-07,-2,5,8,994.915283203125
3,-0.8536585365853658,2.6228866301103437e-10,-2,5,8,994.915283203125
4,-0.8048780487804879,3.013336936419364e-06,-2,5,8,994.915283203125
5,-0.7560975609756098,1.8710338167693408e-07,-2,5,8,994.915283203125
6,-0.7073170731707317,2.3913760287541663e-06,-2,5,8,994.915283203125
7,-0.6585365853658536,3.5543694139050785e-06,-2,5,8,994.915283203125
8,-0.6097560975609756,2.4751782348175766e-06,-2,5,8,994.915283203125
9,-0.5609756097560976,2.4520393253624206e-06,-2,5,8,994.915283203125
10,-0.5121951219512195,3.975281288148835e-06,-2,5,8,994.915283203125
11,-0.46341463414634143,1.4624029972765129e-05,-2,5,8,994.915283203125
12,-0.41463414634146334,6.2200610955187585e-06,-2,5,8,994.915283203125
13,-0.36585365853658536,1.5404373698402196e-05,-2,5,8,994.915283203125
14,-0.31707317073170727,1.2574332686199341e-05,-2,5,8,994.915283203125
15,-0.2682926829268293,8.012648322619498e-05,-2,5,8,994.915283203125
16,-0.2195121951219512,0.0019173348555341363,-2,5,8,994.915283203125
17,-0.1707317073170731,0.002777006011456251,-2,5,8,994.915283203125
18,-0.12195121951219512,0.00023822470393497497,-2,5,8,994.915283203125
19,-0.07317073170731703,3.451857264735736e-05,-2,5,8,994.915283203125
20,-0.024390243902439046,2.300423147971742e-05,-2,5,8,994.915283203125
21,0.024390243902439046,4.9651753215584904e-05,-2,5,8,994.915283203125
22,0.07317073170731714,2.2103207811596803e-05,-2,5,8,994.915283203125
23,0.12195121951219523,5.491484898811905e-06,-2,5,8,994.915283203125
24,0.17073170731707332,3.937236215278972e-06,-2,5,8,994.915283203125
25,0.2195121951219512,2.9707738576689735e-05,-2,5,8,994.915283203125
26,0.2682926829268293,1.630546285014134e-05,-2,5,8,994.915283203125
27,0.3170731707317074,3.7442353573169385e-07,-2,5,8,994.915283203125
28,0.36585365853658547,2.6715697458712384e-06,-2,5,8,994.915283203125
29,0.41463414634146356,4.838264544559934e-08,-2,5,8,994.915283203125
30,0.46341463414634143,7.7792392403353e-06,-2,5,8,994.915283203125
31,0.5121951219512195,1.148685441876296e-06,-2,5,8,994.915283203125
32,0.5609756097560976,5.1186548262194265e-06,-2,5,8,994.915283203125
33,0.6097560975609757,5.303254965838278e-06,-2,5,8,994.915283203125
34,0.6585365853658538,5.39653319719946e-06,-2,5,8,994.915283203125
35,0.7073170731707317,3.941440354537917e-06,-2,5,8,994.915283203125
36,0.7560975609756098,9.5407699518546e-07,-2,5,8,994.915283203125
37,0.8048780487804879,2.499243834108711e-08,-2,5,8,994.915283203125
38,0.853658536585366,5.028665484019257e-09,-2,5,8,994.915283203125
39,0.902439024390244,0.0,-2,5,8,994.915283203125
40,0.9512195121951219,0.0,-2,5,8,994.915283203125
41,1.0,0.0,-2,5,8,994.915283203125
0,-1.0,1.7266851500608027e-05,-2,6,8,994.915283203125
1,-0.9512195121951219,1.2170331501693e-05,-2,6,8,994.915283203125
2,-0.9024390243902439,6.714563369314419e-06,-2,6,8,994.915283203125
3,-0.8536585365853658,1.3654802160090185e-06,-2,6,8,994.915283203125
4,-0.8048780487804879,0.00010497072798898444,-2,6,8,994.915283203125
5,-0.7560975609756098,3.119540269835852e-05,-2,6,8,994.915283203125
6,-0.7073170731707317,0.00020594063971657306,-2,6,8,994.915283203125
7,-0.6585365853658536,2.770406354102306e-05,-2,6,8,994.915283203125
8,-0.6097560975609756,6.263241812121123e-05,-2,6,8,994.915283203125
9,-0.5609756097560976,7.723450835328549e-05,-2,6,8,994.915283203125
10,-0.5121951219512195,1.8681312212720513e-05,-2,6,8,994.915283203125
11,-0.46341463414634143,2.153334571630694e-05,-2,6,8,994.915283203125
12,-0.41463414634146334,5.325090114638442e-06,-2,6,8,994.915283203125
13,-0.36585365853658536,5.188740487938048e-06,-2,6,8,994.915283203125
14,-0.31707317073170727,7.085812740115216e-06,-2,6,8,994.915283203125
15,-0.2682926829268293,1.0204042155237403e-05,-2,6,8,994.915283203125
16,-0.2195121951219512,5.327176040736958e-06,-2,6,8,994.915283203125
17,-0.1707317073170731,1.3611416989078862e-06,-2,6,8,994.915283203125
18,-0.12195121951219512,1.2550325436677667e-06,-2,6,8,994.915283203125
19,-0.07317073170731703,1.7097086129069794e-06,-2,6,8,994.915283203125
20,-0.024390243902439046,9.97799929791654e-07,-2,6,8,994.915283203125
21,0.024390243902439046,2.6119218787812315e-08,-2,6,8,994.915283203125
22,0.07317073170731714,2.456063839417766e-06,-2,6,8,994.915283203125
23,0.12195121951219523,4.9795617087511346e-06,-2,6,8,994.915283203125
24,0.17073170731707332,5.176771651349554e-07,-2,6,8,994.915283203125
25,0.2195121951219512,0.0,-2,6,8,994.915283203125
26,0.2682926829268293,0.0,-2,6,8,994.915283203125
27,0.3170731707317074,0.0,-2,6,8,994.915283203125
28,0.36585365853658547,0.0,-2,6,8,994.915283203125
29,0.41463414634146356,0.0,-2,6,8,994.915283203125
30,0.46341463414634143,0.0,-2,6,8,994.915283203125
31,0.5121951219512195,0.0,-2,6,8,994.915283203125
32,0.5609756097560976,0.0,-2,6,8,994.915283203125
33,0.6097560975609757,0.0,-2,6,8,994.915283203125
34,0.6585365853658538,0.0,-2,6,8,994.915283203125
35,0.7073170731707317,0.0,-2,6,8,994.915283203125
36,0.7560975609756098,0.0,-2,6,8,994.915283203125
37,0.8048780487804879,0.0,-2,6,8,994.915283203125
38,0.853658536585366,0.0,-2,6,8,994.915283203125
39,0.902439024390244,0.0,-2,6,8,994.915283203125
40,0.9512195121951219,0.0,-2,6,8,994.915283203125
41,1.0,0.0,-2,6,8,994.915283203125
0,-1.0,0.0,-1,-9,-1,994.915283203125
1,-0.9512195121951219,0.0,-1,-9,-1,994.915283203125
2,-0.9024390243902439,0.0,-1,-9,-1,994.915283203125
3,-0.8536585365853658,0.0,-1,-9,-1,994.915283203125
4,-0.8048780487804879,0.0,-1,-9,-1,994.915283203125
5,-0.7560975609756098,0.0,-1,-9,-1,994.915283203125
6,-0.7073170731707317,0.0,-1,-9,-1,994.915283203125
7,-0.6585365853658536,0.0,-1,-9,-1,994.915283203125
8,-0.6097560975609756,0.0,-1,-9,-1,994.915283203125
9,-0.5609756097560976,0.0,-1,-9,-1,994.915283203125
10,-0.5121951219512195,0.0,-1,-9,-1,994.915283203125
11,-0.46341463414634143,0.0,-1,-9,-1,994.915283203125
12,-0.41463414634146334,0.0,-1,-9,-1,994.915283203125
13,-0.36585365853658536,0.0,-1,-9,-1,994.915283203125
14,-0.31707317073170727,2.6002180675277486e-07,-1,-9,-1,994.915283203125
15,-0.2682926829268293,4.1874823182297405e-06,-1,-9,-1,994.915283203125
16,-0.2195121951219512,8.615165825176518e-07,-1,-9,-1,994.915283203125
17,-0.1707317073170731,2.137066076102201e-06,-1,-9,-1,994.915283203125
18,-0.12195121951219512,1.3696142104890896e-06,-1,-9,-1,994.915283203125
19,-0.07317073170731703,1.0615035535010975e-06,-1,-9,-1,994.915283203125
20,-0.024390243902439046,9.219107823810191e-07,-1,-9,-1,994.915283203125
21,0.024390243902439046,1.778877162905701e-06,-1,-9,-1,994.915283203125
22,0.07317073170731714,2.076181408483535e-05,-1,-9,-1,994.915283203125
23,0.12195121951219523,1.0306464901077561e-05,-1,-9,-1,994.915283203125
24,0.17073170731707332,0.0015549123054370284,-1,-9,-1,994.915283203125
25,0.2195121951219512,1.179004721052479e-05,-1,-9,-1,994.915283203125
26,0.2682926829268293,1.3204891729401425e-05,-1,-9,-1,994.915283203125
27,0.3170731707317074,1.1504469512146898e-05,-1,-9,-1,994.915283203125
28,0.36585365853658547,1.1226291007915279e-06,-1,-9,-1,994.915283203125
29,0.41463414634146356,7.99443341747974e-07,-1,-9,-1,994.915283203125
30,0.46341463414634143,6.224752837624692e-07,-1,-9,-1,994.915283203125
31,0.5121951219512195,8.82780113897752e-07,-1,-9,-1,994.915283203125
32,0.5609756097560976,3.8313766026476515e-07,-1,-9,-1,994.915283203125
33,0.6097560975609757,1.310771153839596e-07,-1,-9,-1,994.915283203125
34,0.6585365853658538,4.801615432370454e-06,-1,-9,-1,994.915283203125
35,0.7073170731707317,0.0,-1,-9,-1,994.915283203125
36,0.7560975609756098,0.0,-1,-9,-1,994.915283203125
37,0.8048780487804879,0.0,-1,-9,-1,994.915283203125
38,0.853658536585366,0.0,-1,-9,-1,994.915283203125
39,0.902439024390244,0.0,-1,-9,-1,994.915283203125
40,0.9512195121951219,0.0,-1,-9,-1,994.915283203125
41,1.0,0.0,-1,-9,-1,994.915283203125
0,-1.0,0.0,-1,-8,0,994.915283203125
1,-0.9512195121951219,2.1603175355267012e-06,-1,-8,0,994.915283203125
2,-0.9024390243902439,1.9743367829505587e-06,-1,-8,0,994.915283203125
3,-0.8536585365853658,1.2665444728554576e-06,-1,-8,0,994.915283203125
4,-0.8048780487804879,2.8945307349204086e-05,-1,-8,0,994.915283203125
5,-0.7560975609756098,6.971239145059371e-06,-1,-8,0,994.915283203125
6,-0.7073170731707317,1.448605144105386e-05,-1,-8,0,994.915283203125
7,-0.6585365853658536,5.810195034428034e-06,-1,-8,0,994.915283203125
8,-0.6097560975609756,5.5008104027365334e-06,-1,-8,0,994.915283203125
9,-0.5609756097560976,5.220451384957414e-06,-1,-8,0,994.915283203125
10,-0.5121951219512195,7.233067663037218e-06,-1,-8,0,994.915283203125
11,-0.46341463414634143,0.00014501965779345483,-1,-8,0,994.915283203125
12,-0.41463414634146334,0.007193580735474825,-1,-8,0,994.915283203125
13,-0.36585365853658536,0.0005826816777698696,-1,-8,0,994.915283203125
14,-0.31707317073170727,7.121973612811416e-05,-1,-8,0,994.915283203125
15,-0.2682926829268293,9.2375157692004e-06,-1,-8,0,994.915283203125
16,-0.2195121951219512,5.5677217460470274e-05,-1,-8,0,994.915283203125
17,-0.1707317073170731,9.303569095209241e-05,-1,-8,0,994.915283203125
18,-0.12195121951219512,4.627901034837123e-06,-1,-8,0,994.915283203125
19,-0.07317073170731703,7.021928354333795e-07,-1,-8,0,994.915283203125
20,-0.024390243902439046,7.236230459284343e-08,-1,-8,0,994.915283203125
21,0.024390243902439046,1.117819124374364e-06,-1,-8,0,994.915283203125
22,0.07317073170731714,2.4825415039231302e-06,-1,-8,0,994.915283203125
23,0.12195121951219523,3.5097890815904975e-08,-1,-8,0,994.915283203125
24,0.17073170731707332,9.374651199323125e-06,-1,-8,0,994.915283203125
25,0.2195121951219512,0.0,-1,-8,0,994.915283203125
26,0.2682926829268293,0.0,-1,-8,0,994.915283203125
27,0.3170731707317074,0.0,-1,-8,0,994.915283203125
28,0.36585365853658547,0.0,-1,-8,0,994.915283203125
29,0.41463414634146356,0.0,-1,-8,0,994.915283203125
30,0.46341463414634143,0.0,-1,-8,0,994.915283203125
31,0.5121951219512195,0.0,-1,-8,0,994.915283203125
32,0.5609756097560976,0.0,-1,-8,0,994.915283203125
33,0.6097560975609757,0.0,-1,-8,0,994.915283203125
34,0.6585365853658538,0.0,-1,-8,0,994.915283203125
35,0.7073170731707317,0.0,-1,-8,0,994.915283203125
36,0.7560975609756098,0.0,-1,-8,0,994.915283203125
37,0.8048780487804879,0.0,-1,-8,0,994.915283203125
38,0.853658536585366,0.0,-1,-8,0,994.915283203125
39,0.902439024390244,0.0,-1,-8,0,994.915283203125
40,0.9512195121951219,0.0,-1,-8,0,994.915283203125
41,1.0,0.0,-1,-8,0,994.915283203125
0,-1.0,0.0,-1,-7,0,994.915283203125
1,-0.9512195121951219,0.0,-1,-7,0,994.915283203125
2,-0.9024390243902439,0.0,-1,-7,0,994.915283203125
3,-0.8536585365853658,0.0,-1,-7,0,994.915283203125
4,-0.8048780487804879,0.0,-1,-7,0,994.915283203125
5,-0.7560975609756098,0.0,-1,-7,0,994.915283203125
6,-0.7073170731707317,0.0,-1,-7,0,994.915283203125
7,-0.6585365853658536,0.0,-1,-7,0,994.915283203125
8,-0.6097560975609756,0.0,-1,-7,0,994.915283203125
9,-0.5609756097560976,0.0,-1,-7,0,994.915283203125
10,-0.5121951219512195,0.0,-1,-7,0,994.915283203125
11,-0.46341463414634143,0.0,-1,-7,0,994.915283203125
12,-0.41463414634146334,0.0,-1,-7,0,994.915283203125
13,-0.36585365853658536,0.0,-1,-7,0,994.915283203125
14,-0.31707317073170727,0.0,-1,-7,0,994.915283203125
15,-0.2682926829268293,0.0,-1,-7,0,994.915283203125
16,-0.2195121951219512,0.0,-1,-7,0,994.915283203125
17,-0.1707317073170731,0.0,-1,-7,0,994.915283203125
18,-0.12195121951219512,5.857787527929759e-06,-1,-7,0,994.915283203125
19,-0.07317073170731703,1.1406943485781085e-05,-1,-7,0,994.915283203125
20,-0.024390243902439046,5.34287437403691e-07,-1,-7,0,994.915283203125
21,0.024390243902439046,8.030528988456354e-06,-1,-7,0,994.915283203125
22,0.07317073170731714,2.0963137004059718e-08,-1,-7,0,994.915283203125
23,0.12195121951219523,7.15511987436912e-06,-1,-7,0,994.915283203125
24,0.17073170731707332,1.4433552678383421e-05,-1,-7,0,994.915283203125
25,0.2195121951219512,3.147781899315305e-05,-1,-7,0,994.915283203125
26,0.2682926829268293,2.0397603293531574e-05,-1,-7,0,994.915283203125
27,0.3170731707317074,1.263954345631646e-05,-1,-7,0,994.915283203125
28,0.36585365853658547,3.658462446765043e-05,-1,-7,0,994.915283203125
29,0.41463414634146356,0.00028107178513891995,-1,-7,0,994.915283203125
30,0.46341463414634143,0.001125646405853331,-1,-7,0,994.915283203125
31,0.5121951219512195,0.008263250812888145,-1,-7,0,994.915283203125
32,0.5609756097560976,6.402051076292992e-05,-1,-7,0,994.915283203125
33,0.6097560975609757,0.00011379086936358362,-1,-7,0,994.915283203125
34,0.6585365853658538,3.613602166296914e-05,-1,-7,0,994.915283203125
35,0.7073170731707317,1.069502832251601e-05,-1,-7,0,994.915283203125
36,0.7560975609756098,1.9157350834575482e-05,-1,-7,0,994.915283203125
37,0.8048780487804879,3.0397741284104995e-05,-1,-7,0,994.915283203125
38,0.853658536585366,5.261928527033888e-05,-1,-7,0,994.915283203125
39,0.902439024390244,5.888584837521194e-07,-1,-7,0,994.915283203125
40,0.9512195121951219,1.20915883599082e-05,-1,-7,0,994.915283203125
41,1.0,2.181455442951119e-07,-1,-7,0,994.915283203125
0,-1.0,9.059074272954604e-07,-1,-6,1,994.915283203125
1,-0.9512195121951219,2.927341256508953e-06,-1,-6,1,994.915283203125
2,-0.9024390243902439,6.936705176485702e-06,-1,-6,1,994.915283203125
3,-0.8536585365853658,1.881822754512541e-05,-1,-6,1,994.915283203125
4,-0.8048780487804879,7.757786079309881e-05,-1,-6,1,994.915283203125
5,-0.7560975609756098,4.4435346353566274e-05,-1,-6,1,994.915283203125
6,-0.7073170731707317,1.5063533282955177e-06,-1,-6,1,994.915283203125
7,-0.6585365853658536,2.392059741396224e-06,-1,-6,1,994.915283203125
8,-0.6097560975609756,8.996729775390122e-06,-1,-6,1,994.915283203125
9,-0.5609756097560976,4.8555575631326064e-06,-1,-6,1,994.915283203125
10,-0.5121951219512195,3.841063517029397e-06,-1,-6,1,994.915283203125
11,-0.46341463414634143,3.869036663672887e-05,-1,-6,1,994.915283203125
12,-0.41463414634146334,0.00040439373697154224,-1,-6,1,994.915283203125
13,-0.36585365853658536,0.011191116645932198,-1,-6,1,994.915283203125
14,-0.31707317073170727,0.0024825248401612043,-1,-6,1,994.915283203125
15,-0.2682926829268293,0.0001039181079249829,-1,-6,1,994.915283203125
16,-0.2195121951219512,0.00010340292647015303,-1,-6,1,994.915283203125
17,-0.1707317073170731,2.2099919078755192e-05,-1,-6,1,994.915283203125
18,-0.12195121951219512,1.8686968132897164e-06,-1,-6,1,994.915283203125
19,-0.07317073170731703,6.2576109485235065e-06,-1,-6,1,994.915283203125
20,-0.024390243902439046,7.298418950085761e-06,-1,-6,1,994.915283203125
21,0.024390243902439046,6.827386823715642e-05,-1,-6,1,994.915283203125
22,0.07317073170731714,0.0001246159226866439,-1,-6,1,994.915283203125
23,0.12195121951219523,2.3404027160722762e-05,-1,-6,1,994.915283203125
24,0.17073170731707332,3.330994786665542e-06,-1,-6,1,994.915283203125
25,0.2195121951219512,3.5054964087066764e-07,-1,-6,1,994.915283203125
26,0.2682926829268293,8.687188142175728e-07,-1,-6,1,994.915283203125
27,0.3170731707317074,7.600080493830319e-07,-1,-6,1,994.915283203125
28,0.36585365853658547,5.645786131935893e-07,-1,-6,1,994.915283203125
29,0.41463414634146356,3.641434034307167e-07,-1,-6,1,994.915283203125
30,0.46341463414634143,0.0,-1,-6,1,994.915283203125
31,0.5121951219512195,0.0,-1,-6,1,994.915283203125
32,0.5609756097560976,0.0,-1,-6,1,994.915283203125
33,0.6097560975609757,0.0,-1,-6,1,994.915283203125
34,0.6585365853658538,0.0,-1,-6,1,994.915283203125
35,0.7073170731707317,0.0,-1,-6,1,994.915283203125
36,0.7560975609756098,0.0,-1,-6,1,994.915283203125
37,0.8048780487804879,0.0,-1,-6,1,994.915283203125
38,0.853658536585366,0.0,-1,-6,1,994.915283203125
39,0.902439024390244,0.0,-1,-6,1,994.915283203125
40,0.9512195121951219,0.0,-1,-6,1,994.915283203125
41,1.0,0.0,-1,-6,1,994.915283203125
0,-1.0,0.0,-1,-5,1,994.915283203125
1,-0.9512195121951219,0.0,-1,-5,1,994.915283203125
2,-0.9024390243902439,0.0,-1,-5,1,994.915283203125
3,-0.8536585365853658,0.0,-1,-5,1,994.915283203125
4,-0.8048780487804879,0.0,-1,-5,1,994.915283203125
5,-0.7560975609756098,0.0,-1,-5,1,994.915283203125
6,-0.7073170731707317,0.0,-1,-5,1,994.915283203125
7,-0.6585365853658536,0.0,-1,-5,1,994.915283203125
8,-0.6097560975609756,0.0,-1,-5,1,994.915283203125
9,-0.5609756097560976,0.0,-1,-5,1,994.915283203125
10,-0.5121951219512195,0.0,-1,-5,1,994.915283203125
11,-0.46341463414634143,0.0,-1,-5,1,994.915283203125
12,-0.41463414634146334,0.0,-1,-5,1,994.915283203125
13,-0.36585365853658536,0.0,-1,-5,1,994.915283203125
14,-0.31707317073170727,0.0,-1,-5,1,994.915283203125
15,-0.2682926829268293,0.0,-1,-5,1,994.915283203125
16,-0.2195121951219512,0.0,-1,-5,1,994.915283203125
17,-0.1707317073170731,0.0,-1,-5,1,994.915283203125
18,-0.12195121951219512,0.0,-1,-5,1,994.915283203125
19,-0.07317073170731703,3.402846687095007e-06,-1,-5,1,994.915283203125
20,-0.024390243902439046,1.7978135247176397e-06,-1,-5,1,994.915283203125
21,0.024390243902439046,1.6991652955766767e-05,-1,-5,1,994.915283203125
22,0.07317073170731714,2.5842502509476617e-05,-1,-5,1,994.915283203125
23,0.12195121951219523,6.059752922737971e-05,-1,-5,1,994.915283203125
24,0.17073170731707332,6.26960099907592e-05,-1,-5,1,994.915283203125
25,0.2195121951219512,9.64737482718192e-05,-1,-5,1,994.915283203125
26,0.2682926829268293,6.652883894275874e-05,-1,-5,1,994.915283203125
27,0.3170731707317074,0.00015606793749611825,-1,-5,1,994.915283203125
28,0.36585365853658547,0.00015936967974994332,-1,-5,1,994.915283203125
29,0.41463414634146356,7.509856368415058e-05,-1,-5,1,994.915283203125
30,0.46341463414634143,0.00011998942500213161,-1,-5,1,994.915283203125
31,0.5121951219512195,1.3692388165509328e-06,-1,-5,1,994.915283203125
32,0.5609756097560976,8.714638534002006e-05,-1,-5,1,994.915283203125
33,0.6097560975609757,3.748159315364319e-06,-1,-5,1,994.915283203125
34,0.6585365853658538,0.00066557084210217,-1,-5,1,994.915283203125
35,0.7073170731707317,0.0008015919011086226,-1,-5,1,994.915283203125
36,0.7560975609756098,0.0076650455594062805,-1,-5,1,994.915283203125
37,0.8048780487804879,0.12720678746700287,-1,-5,1,994.915283203125
38,0.853658536585366,0.009605716913938522,-1,-5,1,994.915283203125
39,0.902439024390244,0.0023172737564891577,-1,-5,1,994.915283203125
40,0.9512195121951219,0.0014904189156368375,-1,-5,1,994.915283203125
41,1.0,0.000383053527912125,-1,-5,1,994.915283203125
0,-1.0,6.339947958622361e-06,-1,-4,2,994.915283203125
1,-0.9512195121951219,7.300692232092842e-05,-1,-4,2,994.915283203125
2,-0.9024390243902439,0.00021374000061769038,-1,-4,2,994.915283203125
3,-0.8536585365853658,0.00014291230763774365,-1,-4,2,994.915283203125
4,-0.8048780487804879,0.0011156557593494654,-1,-4,2,994.915283203125
5,-0.7560975609756098,9.985478391172364e-05,-1,-4,2,994.915283203125
6,-0.7073170731707317,0.0017827533883973956,-1,-4,2,994.915283203125
7,-0.6585365853658536,0.0007834780844859779,-1,-4,2,994.915283203125
8,-0.6097560975609756,0.05190198868513107,-1,-4,2,994.915283203125
9,-0.5609756097560976,0.021108487620949745,-1,-4,2,994.915283203125
10,-0.5121951219512195,7.568683940917253e-05,-1,-4,2,994.915283203125
11,-0.46341463414634143,0.0005426339339464903,-1,-4,2,994.915283203125
12,-0.41463414634146334,8.338142652064562e-05,-1,-4,2,994.915283203125
13,-0.36585365853658536,0.0001769808732206002,-1,-4,2,994.915283203125
14,-0.31707317073170727,0.00010092658339999616,-1,-4,2,994.915283203125
15,-0.2682926829268293,5.5012228585837875e-06,-1,-4,2,994.915283203125
16,-0.2195121951219512,1.5374722352134995e-05,-1,-4,2,994.915283203125
17,-0.1707317073170731,0.0002580838045105338,-1,-4,2,994.915283203125
18,-0.12195121951219512,0.00033880991395562887,-1,-4,2,994.915283203125
19,-0.07317073170731703,0.00018921768059954047,-1,-4,2,994.915283203125
20,-0.024390243902439046,5.9180052630836144e-05,-1,-4,2,994.915283203125
21,0.024390243902439046,3.841317447950132e-05,-1,-4,2,994.915283203125
22,0.07317073170731714,2.2664460175292334e-06,-1,-4,2,994.915283203125
23,0.12195121951219523,2.056921766779851e-05,-1,-4,2,994.915283203125
24,0.17073170731707332,2.5344743335153908e-05,-1,-4,2,994.915283203125
25,0.2195121951219512,4.1576345211069565e-06,-1,-4,2,994.915283203125
26,0.2682926829268293,3.598746388888685e-06,-1,-4,2,994.915283203125
27,0.3170731707317074,1.4824501022303593e-06,-1,-4,2,994.915283203125
28,0.36585365853658547,1.8007714970735833e-05,-1,-4,2,994.915283203125
29,0.41463414634146356,9.88396095635835e-06,-1,-4,2,994.915283203125
30,0.46341463414634143,3.6511371490632882e-06,-1,-4,2,994.915283203125
31,0.5121951219512195,4.385457214084454e-05,-1,-4,2,994.915283203125
32,0.5609756097560976,0.0,-1,-4,2,994.915283203125
33,0.6097560975609757,0.0,-1,-4,2,994.915283203125
34,0.6585365853658538,0.0,-1,-4,2,994.915283203125
35,0.7073170731707317,0.0,-1,-4,2,994.915283203125
36,0.7560975609756098,0.0,-1,-4,2,994.915283203125
37,0.8048780487804879,0.0,-1,-4,2,994.915283203125
38,0.853658536585366,0.0,-1,-4,2,994.915283203125
39,0.902439024390244,0.0,-1,-4,2,994.915283203125
40,0.9512195121951219,0.0,-1,-4,2,994.915283203125
41,1.0,0.0,-1,-4,2,994.915283203125
0,-1.0,0.0,-1,-3,2,994.915283203125
1,-0.9512195121951219,0.0,-1,-3,2,994.915283203125
2,-0.9024390243902439,0.0,-1,-3,2,994.915283203125
3,-0.8536585365853658,0.0,-1,-3,2,994.915283203125
4,-0.8048780487804879,0.0,-1,-3,2,994.915283203125
5,-0.7560975609756098,0.0,-1,-3,2,994.915283203125
6,-0.7073170731707317,0.0,-1,-3,2,994.915283203125
7,-0.6585365853658536,0.0,-1,-3,2,994.915283203125
8,-0.6097560975609756,0.0,-1,-3,2,994.915283203125
9,-0.5609756097560976,0.0,-1,-3,2,994.915283203125
10,-0.5121951219512195,0.0,-1,-3,2,994.915283203125
11,-0.46341463414634143,4.249356788932346e-05,-1,-3,2,994.915283203125
12,-0.41463414634146334,4.403982984513277e-06,-1,-3,2,994.915283203125
13,-0.36585365853658536,5.596410483121872e-05,-1,-3,2,994.915283203125
14,-0.31707317073170727,8.495568908983842e-05,-1,-3,2,994.915283203125
15,-0.2682926829268293,1.0464825209055562e-05,-1,-3,2,994.915283203125
16,-0.2195121951219512,7.094835018506274e-05,-1,-3,2,994.915283203125
17,-0.1707317073170731,0.00010938517516478896,-1,-3,2,994.915283203125
18,-0.12195121951219512,9.412844519829378e-06,-1,-3,2,994.915283203125
19,-0.07317073170731703,8.578516280977055e-05,-1,-3,2,994.915283203125
20,-0.024390243902439046,0.00014305939839687198,-1,-3,2,994.915283203125
21,0.024390243902439046,1.0118931186298141e-06,-1,-3,2,994.915283203125
22,0.07317073170731714,0.00017727696103975177,-1,-3,2,994.915283203125
23,0.12195121951219523,0.00020011216111015528,-1,-3,2,994.915283203125
24,0.17073170731707332,1.5578177681163652e-06,-1,-3,2,994.915283203125
25,0.2195121951219512,0.00015617560711689293,-1,-3,2,994.915283203125
26,0.2682926829268293,3.9402739275828935e-06,-1,-3,2,994.915283203125
27,0.3170731707317074,2.621936255309265e-05,-1,-3,2,994.915283203125
28,0.36585365853658547,0.0002563571324571967,-1,-3,2,994.915283203125
29,0.41463414634146356,0.0004996265633963048,-1,-3,2,994.915283203125
30,0.46341463414634143,7.850412657717243e-05,-1,-3,2,994.915283203125
31,0.5121951219512195,0.0007281465223059058,-1,-3,2,994.915283203125
32,0.5609756097560976,9.570542897563428e-05,-1,-3,2,994.915283203125
33,0.6097560975609757,8.670918032294139e-05,-1,-3,2,994.915283203125
34,0.6585365853658538,0.001102861133404076,-1,-3,2,994.915283203125
35,0.7073170731707317,0.0015776250511407852,-1,-3,2,994.915283203125
36,0.7560975609756098,9.457328269490972e-05,-1,-3,2,994.915283203125
37,0.8048780487804879,0.00546374311670661,-1,-3,2,994.915283203125
38,0.853658536585366,0.004932761657983065,-1,-3,2,994.915283203125
39,0.902439024390244,0.002206892939284444,-1,-3,2,994.915283203125
40,0.9512195121951219,0.1434638351202011,-1,-3,2,994.915283203125
41,1.0,0.1740584522485733,-1,-3,2,994.915283203125
0,-1.0,0.00023845458053983748,-1,-1,3,994.915283203125
1,-0.9512195121951219,2.625544584589079e-05,-1,-1,3,994.915283203125
2,-0.9024390243902439,0.00014418797218240798,-1,-1,3,994.915283203125
3,-0.8536585365853658,0.0003115922154393047,-1,-1,3,994.915283203125
4,-0.8048780487804879,0.00011599936988204718,-1,-1,3,994.915283203125
5,-0.7560975609756098,7.342974276980385e-05,-1,-1,3,994.915283203125
6,-0.7073170731707317,0.0008585958858020604,-1,-1,3,994.915283203125
7,-0.6585365853658536,0.0010412122355774045,-1,-1,3,994.915283203125
8,-0.6097560975609756,0.0006068944348953664,-1,-1,3,994.915283203125
9,-0.5609756097560976,0.0002051054616458714,-1,-1,3,994.915283203125
10,-0.5121951219512195,0.0012265361147001386,-1,-1,3,994.915283203125
11,-0.46341463414634143,0.00013793670223094523,-1,-1,3,994.915283203125
12,-0.41463414634146334,0.0011875666677951813,-1,-1,3,994.915283203125
13,-0.36585365853658536,6.300683890003711e-05,-1,-1,3,994.915283203125
14,-0.31707317073170727,0.0012643878581002355,-1,-1,3,994.915283203125
15,-0.2682926829268293,0.001163126085884869,-1,-1,3,994.915283203125
16,-0.2195121951219512,0.000566796341445297,-1,-1,3,994.915283203125
17,-0.1707317073170731,0.0009753514314070344,-1,-1,3,994.915283203125
18,-0.12195121951219512,0.0008098834659904242,-1,-1,3,994.915283203125
19,-0.07317073170731703,0.004723330959677696,-1,-1,3,994.915283203125
20,-0.024390243902439046,0.00204620324075222,-1,-1,3,994.915283203125
21,0.024390243902439046,0.0007911231950856745,-1,-1,3,994.915283203125
22,0.07317073170731714,0.00190910161472857,-1,-1,3,994.915283203125
23,0.12195121951219523,0.004053974524140358,-1,-1,3,994.915283203125
24,0.17073170731707332,0.0008541903807781637,-1,-1,3,994.915283203125
25,0.2195121951219512,0.004265495575964451,-1,-1,3,994.915283203125
26,0.2682926829268293,0.0013835091376677155,-1,-1,3,994.915283203125
27,0.3170731707317074,0.015481805428862572,-1,-1,3,994.915283203125
28,0.36585365853658547,0.003184295492246747,-1,-1,3,994.915283203125
29,0.41463414634146356,0.0014272001571953297,-1,-1,3,994.915283203125
30,0.46341463414634143,0.025110531598329544,-1,-1,3,994.915283203125
31,0.5121951219512195,0.08816637098789215,-1,-1,3,994.915283203125
32,0.5609756097560976,0.13836920261383057,-1,-1,3,994.915283203125
33,0.6097560975609757,0.14874128997325897,-1,-1,3,994.915283203125
34,0.6585365853658538,0.1209871768951416,-1,-1,3,994.915283203125
35,0.7073170731707317,0.06688068062067032,-1,-1,3,994.915283203125
36,0.7560975609756098,0.0072327349334955215,-1,-1,3,994.915283203125
37,0.8048780487804879,0.0026989851612597704,-1,-1,3,994.915283203125
38,0.853658536585366,0.014737104065716267,-1,-1,3,994.915283203125
39,0.902439024390244,0.01360813993960619,-1,-1,3,994.915283203125
40,0.9512195121951219,0.0012989356182515621,-1,-1,3,994.915283203125
41,1.0,0.0008690568502061069,-1,-1,3,994.915283203125
0,-1.0,0.004651262424886227,-1,2,4,994.915283203125
1,-0.9512195121951219,0.0018082971218973398,-1,2,4,994.915283203125
2,-0.9024390243902439,0.003100074827671051,-1,2,4,994.915283203125
3,-0.8536585365853658,0.007741360459476709,-1,2,4,994.915283203125
4,-0.8048780487804879,0.004017083439975977,-1,2,4,994.915283203125
5,-0.7560975609756098,0.004079218488186598,-1,2,4,994.915283203125
6,-0.7073170731707317,0.02127785235643387,-1,2,4,994.915283203125
7,-0.6585365853658536,0.014696427620947361,-1,2,4,994.915283203125
8,-0.6097560975609756,0.04501859098672867,-1,2,4,994.915283203125
9,-0.5609756097560976,0.22106049954891205,-1,2,4,994.915283203125
10,-0.5121951219512195,0.2507321238517761,-1,2,4,994.915283203125
11,-0.46341463414634143,0.2671254277229309,-1,2,4,994.915283203125
12,-0.41463414634146334,0.1345023661851883,-1,2,4,994.915283203125
13,-0.36585365853658536,0.008676550351083279,-1,2,4,994.915283203125
14,-0.31707317073170727,0.017943039536476135,-1,2,4,994.915283203125
15,-0.2682926829268293,0.02669861912727356,-1,2,4,994.915283203125
16,-0.2195121951219512,0.0008408587309531868,-1,2,4,994.915283203125
17,-0.1707317073170731,0.005370777100324631,-1,2,4,994.915283203125
18,-0.12195121951219512,0.006558103486895561,-1,2,4,994.915283203125
19,-0.07317073170731703,0.00028003891929984093,-1,2,4,994.915283203125
20,-0.024390243902439046,0.005948315840214491,-1,2,4,994.915283203125
21,0.024390243902439046,0.0011870927410200238,-1,2,4,994.915283203125
22,0.07317073170731714,0.0015931566013023257,-1,2,4,994.915283203125
23,0.12195121951219523,0.0045646862126886845,-1,2,4,994.915283203125
24,0.17073170731707332,0.0012130902614444494,-1,2,4,994.915283203125
25,0.2195121951219512,0.0003768378810491413,-1,2,4,994.915283203125
26,0.2682926829268293,0.000451558327767998,-1,2,4,994.915283203125
27,0.3170731707317074,7.558243669336662e-05,-1,2,4,994.915283203125
28,0.36585365853658547,0.0010823881020769477,-1,2,4,994.915283203125
29,0.41463414634146356,0.0018195967422798276,-1,2,4,994.915283203125
30,0.46341463414634143,0.00033883904688991606,-1,2,4,994.915283203125
31,0.5121951219512195,0.0003417596162762493,-1,2,4,994.915283203125
32,0.5609756097560976,0.0009518474689684808,-1,2,4,994.915283203125
33,0.6097560975609757,0.00017660835874266922,-1,2,4,994.915283203125
34,0.6585365853658538,0.0011458857916295528,-1,2,4,994.915283203125
35,0.7073170731707317,0.0007011161651462317,-1,2,4,994.915283203125
36,0.7560975609756098,9.263653919333592e-05,-1,2,4,994.915283203125
37,0.8048780487804879,0.0010070219868794084,-1,2,4,994.915283203125
38,0.853658536585366,0.0004395197029225528,-1,2,4,994.915283203125
39,0.902439024390244,0.00037377644912339747,-1,2,4,994.915283203125
40,0.9512195121951219,0.000946511048823595,-1,2,4,994.915283203125
41,1.0,6.470049265772104e-05,-1,2,4,994.915283203125
0,-1.0,0.0,-1,5,5,994.915283203125
1,-0.9512195121951219,0.0,-1,5,5,994.915283203125
2,-0.9024390243902439,0.0,-1,5,5,994.915283203125
3,-0.8536585365853658,0.0,-1,5,5,994.915283203125
4,-0.8048780487804879,0.0,-1,5,5,994.915283203125
5,-0.7560975609756098,0.0,-1,5,5,994.915283203125
6,-0.7073170731707317,0.0,-1,5,5,994.915283203125
7,-0.6585365853658536,0.0,-1,5,5,994.915283203125
8,-0.6097560975609756,0.0,-1,5,5,994.915283203125
9,-0.5609756097560976,4.956688644597307e-05,-1,5,5,994.915283203125
10,-0.5121951219512195,1.9183929907740094e-05,-1,5,5,994.915283203125
11,-0.46341463414634143,3.3781871024984866e-05,-1,5,5,994.915283203125
12,-0.41463414634146334,3.3981817978201434e-05,-1,5,5,994.915283203125
13,-0.36585365853658536,2.926234856204246e-06,-1,5,5,994.915283203125
14,-0.31707317073170727,3.27713996739476e-06,-1,5,5,994.915283203125
15,-0.2682926829268293,5.393349056248553e-06,-1,5,5,994.915283203125
16,-0.2195121951219512,2.2780084236728726e-06,-1,5,5,994.915283203125
17,-0.1707317073170731,3.301203832961619e-05,-1,5,5,994.915283203125
18,-0.12195121951219512,1.8166369045502506e-05,-1,5,5,994.915283203125
19,-0.07317073170731703,1.3494402992364485e-05,-1,5,5,994.915283203125
20,-0.024390243902439046,2.311259049747605e-05,-1,5,5,994.915283203125
21,0.024390243902439046,2.4650049454066902e-05,-1,5,5,994.915283203125
22,0.07317073170731714,0.00011116046516690403,-1,5,5,994.915283203125
23,0.12195121951219523,0.0003052861720789224,-1,5,5,994.915283203125
24,0.17073170731707332,0.00017670271336100996,-1,5,5,994.915283203125
25,0.2195121951219512,0.001662879018113017,-1,5,5,994.915283203125
26,0.2682926829268293,0.0002531550417188555,-1,5,5,994.915283203125
27,0.3170731707317074,0.0005987770273350179,-1,5,5,994.915283203125
28,0.36585365853658547,0.0011005019769072533,-1,5,5,994.915283203125
29,0.41463414634146356,0.007346495985984802,-1,5,5,994.915283203125
30,0.46341463414634143,0.029489660635590553,-1,5,5,994.915283203125
31,0.5121951219512195,0.0011001413222402334,-1,5,5,994.915283203125
32,0.5609756097560976,7.471512071788311e-05,-1,5,5,994.915283203125
33,0.6097560975609757,0.00014074999489821494,-1,5,5,994.915283203125
34,0.6585365853658538,3.1622355891158804e-05,-1,5,5,994.915283203125
35,0.7073170731707317,9.170142584480345e-05,-1,5,5,994.915283203125
36,0.7560975609756098,0.00036357459612190723,-1,5,5,994.915283203125
37,0.8048780487804879,0.0003662344824988395,-1,5,5,994.915283203125
38,0.853658536585366,0.000277151440968737,-1,5,5,994.915283203125
39,0.902439024390244,2.3499876988353208e-05,-1,5,5,994.915283203125
40,0.9512195121951219,1.9234879800933413e-05,-1,5,5,994.915283203125
41,1.0,0.00013431180559564382,-1,5,5,994.915283203125
0,-1.0,0.0,-1,6,5,994.915283203125
1,-0.9512195121951219,1.3464239145832835e-07,-1,6,5,994.915283203125
2,-0.9024390243902439,4.4059456172362843e-07,-1,6,5,994.915283203125
3,-0.8536585365853658,4.35048519875636e-07,-1,6,5,994.915283203125
4,-0.8048780487804879,2.3105772015696857e-06,-1,6,5,994.915283203125
5,-0.7560975609756098,9.012377972794638e-07,-1,6,5,994.915283203125
6,-0.7073170731707317,3.073621883231681e-06,-1,6,5,994.915283203125
7,-0.6585365853658536,3.0861151572025847e-06,-1,6,5,994.915283203125
8,-0.6097560975609756,5.79075049245148e-07,-1,6,5,994.915283203125
9,-0.5609756097560976,1.6577458154642954e-05,-1,6,5,994.915283203125
10,-0.5121951219512195,4.6773377107456326e-05,-1,6,5,994.915283203125
11,-0.46341463414634143,1.964326429515495e-06,-1,6,5,994.915283203125
12,-0.41463414634146334,6.750121883669635e-07,-1,6,5,994.915283203125
13,-0.36585365853658536,1.8950260027850163e-06,-1,6,5,994.915283203125
14,-0.31707317073170727,9.087360922421794e-06,-1,6,5,994.915283203125
15,-0.2682926829268293,1.0617267435009126e-05,-1,6,5,994.915283203125
16,-0.2195121951219512,2.3406024411087856e-05,-1,6,5,994.915283203125
17,-0.1707317073170731,5.172907549422234e-05,-1,6,5,994.915283203125
18,-0.12195121951219512,0.003371133701875806,-1,6,5,994.915283203125
19,-0.07317073170731703,6.691805174341425e-05,-1,6,5,994.915283203125
20,-0.024390243902439046,3.873931746056769e-06,-1,6,5,994.915283203125
21,0.024390243902439046,3.4255976061103866e-05,-1,6,5,994.915283203125
22,0.07317073170731714,3.1782896257936954e-05,-1,6,5,994.915283203125
23,0.12195121951219523,8.175272228072572e-07,-1,6,5,994.915283203125
24,0.17073170731707332,1.1489706821521395e-06,-1,6,5,994.915283203125
25,0.2195121951219512,3.286251740064472e-06,-1,6,5,994.915283203125
26,0.2682926829268293,1.7845807178673567e-06,-1,6,5,994.915283203125
27,0.3170731707317074,1.607397393854626e-06,-1,6,5,994.915283203125
28,0.36585365853658547,4.1140565372188576e-06,-1,6,5,994.915283203125
29,0.41463414634146356,4.423740847414592e-06,-1,6,5,994.915283203125
30,0.46341463414634143,1.2449917448975611e-05,-1,6,5,994.915283203125
31,0.5121951219512195,1.1135525834760074e-09,-1,6,5,994.915283203125
32,0.5609756097560976,1.0967844445985975e-06,-1,6,5,994.915283203125
33,0.6097560975609757,7.895483236097789e-07,-1,6,5,994.915283203125
34,0.6585365853658538,1.5086294524735422e-06,-1,6,5,994.915283203125
35,0.7073170731707317,2.1962125629215734e-06,-1,6,5,994.915283203125
36,0.7560975609756098,0.0,-1,6,5,994.915283203125
37,0.8048780487804879,0.0,-1,6,5,994.915283203125
38,0.853658536585366,0.0,-1,6,5,994.915283203125
39,0.902439024390244,0.0,-1,6,5,994.915283203125
40,0.9512195121951219,0.0,-1,6,5,994.915283203125
41,1.0,0.0,-1,6,5,994.915283203125
0,-1.0,1.4054087387194159e-06,-1,7,5,994.915283203125
1,-0.9512195121951219,4.575771583859023e-07,-1,7,5,994.915283203125
2,-0.9024390243902439,7.328721949306782e-06,-1,7,5,994.915283203125
3,-0.8536585365853658,1.41283635457512e-06,-1,7,5,994.915283203125
4,-0.8048780487804879,5.86576163641439e-07,-1,7,5,994.915283203125
5,-0.7560975609756098,7.715971150901169e-06,-1,7,5,994.915283203125
6,-0.7073170731707317,4.013915895484388e-05,-1,7,5,994.915283203125
7,-0.6585365853658536,7.073487608977302e-07,-1,7,5,994.915283203125
8,-0.6097560975609756,6.094418858992867e-05,-1,7,5,994.915283203125
9,-0.5609756097560976,0.00010557016503298655,-1,7,5,994.915283203125
10,-0.5121951219512195,0.0006177003961056471,-1,7,5,994.915283203125
11,-0.46341463414634143,0.001836296753026545,-1,7,5,994.915283203125
12,-0.41463414634146334,9.463660535402596e-05,-1,7,5,994.915283203125
13,-0.36585365853658536,1.1342279321979731e-05,-1,7,5,994.915283203125
14,-0.31707317073170727,2.6430583602632396e-05,-1,7,5,994.915283203125
15,-0.2682926829268293,1.812838854675647e-05,-1,7,5,994.915283203125
16,-0.2195121951219512,5.076309435025905e-07,-1,7,5,994.915283203125
17,-0.1707317073170731,1.8787701264955103e-05,-1,7,5,994.915283203125
18,-0.12195121951219512,3.4962212680511584e-08,-1,7,5,994.915283203125
19,-0.07317073170731703,2.9279033242346486e-06,-1,7,5,994.915283203125
20,-0.024390243902439046,7.242681476782309e-06,-1,7,5,994.915283203125
21,0.024390243902439046,7.260133543240954e-07,-1,7,5,994.915283203125
22,0.07317073170731714,8.148484766934416e-07,-1,7,5,994.915283203125
23,0.12195121951219523,4.332489879743662e-06,-1,7,5,994.915283203125
24,0.17073170731707332,9.148218964583066e-07,-1,7,5,994.915283203125
25,0.2195121951219512,1.959928113137721e-06,-1,7,5,994.915283203125
26,0.2682926829268293,0.0,-1,7,5,994.915283203125
27,0.3170731707317074,0.0,-1,7,5,994.915283203125
28,0.36585365853658547,0.0,-1,7,5,994.915283203125
29,0.41463414634146356,0.0,-1,7,5,994.915283203125
30,0.46341463414634143,0.0,-1,7,5,994.915283203125
31,0.5121951219512195,0.0,-1,7,5,994.915283203125
32,0.5609756097560976,0.0,-1,7,5,994.915283203125
33,0.6097560975609757,0.0,-1,7,5,994.915283203125
34,0.6585365853658538,0.0,-1,7,5,994.915283203125
35,0.7073170731707317,0.0,-1,7,5,994.915283203125
36,0.7560975609756098,0.0,-1,7,5,994.915283203125
37,0.8048780487804879,0.0,-1,7,5,994.915283203125
38,0.853658536585366,0.0,-1,7,5,994.915283203125
39,0.902439024390244,0.0,-1,7,5,994.915283203125
40,0.9512195121951219,0.0,-1,7,5,994.915283203125
41,1.0,0.0,-1,7,5,994.915283203125
0,-1.0,6.033219506207388e-06,-1,8,5,994.915283203125
1,-0.9512195121951219,1.5618217730661854e-05,-1,8,5,994.915283203125
2,-0.9024390243902439,1.41880245791981e-05,-1,8,5,994.915283203125
3,-0.8536585365853658,3.329990431666374e-05,-1,8,5,994.915283203125
4,-0.8048780487804879,2.9130844268365763e-05,-1,8,5,994.915283203125
5,-0.7560975609756098,0.00029110469040460885,-1,8,5,994.915283203125
6,-0.7073170731707317,0.012705806642770767,-1,8,5,994.915283203125
7,-0.6585365853658536,0.0004901168285869062,-1,8,5,994.915283203125
8,-0.6097560975609756,1.3446167486108607e-06,-1,8,5,994.915283203125
9,-0.5609756097560976,5.763107765233144e-05,-1,8,5,994.915283203125
10,-0.5121951219512195,5.675530019288999e-07,-1,8,5,994.915283203125
11,-0.46341463414634143,3.865605776809389e-06,-1,8,5,994.915283203125
12,-0.41463414634146334,4.3932877815677784e-06,-1,8,5,994.915283203125
13,-0.36585365853658536,5.468310064316029e-06,-1,8,5,994.915283203125
14,-0.31707317073170727,8.064995995482604e-07,-1,8,5,994.915283203125
15,-0.2682926829268293,2.5431361336814007e-06,-1,8,5,994.915283203125
16,-0.2195121951219512,7.865170914556074e-07,-1,8,5,994.915283203125
17,-0.1707317073170731,3.2206867217610124e-07,-1,8,5,994.915283203125
18,-0.12195121951219512,4.982443442713702e-06,-1,8,5,994.915283203125
19,-0.07317073170731703,1.4380054835783085e-07,-1,8,5,994.915283203125
20,-0.024390243902439046,0.0,-1,8,5,994.915283203125
21,0.024390243902439046,0.0,-1,8,5,994.915283203125
22,0.07317073170731714,0.0,-1,8,5,994.915283203125
23,0.12195121951219523,0.0,-1,8,5,994.915283203125
24,0.17073170731707332,0.0,-1,8,5,994.915283203125
25,0.2195121951219512,0.0,-1,8,5,994.915283203125
26,0.2682926829268293,0.0,-1,8,5,994.915283203125
27,0.3170731707317074,0.0,-1,8,5,994.915283203125
28,0.36585365853658547,0.0,-1,8,5,994.915283203125
29,0.41463414634146356,0.0,-1,8,5,994.915283203125
30,0.46341463414634143,0.0,-1,8,5,994.915283203125
31,0.5121951219512195,0.0,-1,8,5,994.915283203125
32,0.5609756097560976,0.0,-1,8,5,994.915283203125
33,0.6097560975609757,0.0,-1,8,5,994.915283203125
34,0.6585365853658538,0.0,-1,8,5,994.915283203125
35,0.7073170731707317,0.0,-1,8,5,994.915283203125
36,0.7560975609756098,0.0,-1,8,5,994.915283203125
37,0.8048780487804879,0.0,-1,8,5,994.915283203125
38,0.853658536585366,0.0,-1,8,5,994.915283203125
39,0.902439024390244,0.0,-1,8,5,994.915283203125
40,0.9512195121951219,0.0,-1,8,5,994.915283203125
41,1.0,0.0,-1,8,5,994.915283203125
0,-1.0,1.0598495464364532e-05,-1,9,5,994.915283203125
1,-0.9512195121951219,4.5888673412264325e-06,-1,9,5,994.915283203125
2,-0.9024390243902439,0.00012569801765494049,-1,9,5,994.915283203125
3,-0.8536585365853658,0.0018507122294977307,-1,9,5,994.915283203125
4,-0.8048780487804879,0.00011983573494944721,-1,9,5,994.915283203125
5,-0.7560975609756098,1.3129981653037248e-06,-1,9,5,994.915283203125
6,-0.7073170731707317,0.00011395152978366241,-1,9,5,994.915283203125
7,-0.6585365853658536,1.9306351532577537e-05,-1,9,5,994.915283203125
8,-0.6097560975609756,4.453087512956699e-06,-1,9,5,994.915283203125
9,-0.5609756097560976,4.3849723851963063e-07,-1,9,5,994.915283203125
10,-0.5121951219512195,3.6152193843008718e-06,-1,9,5,994.915283203125
11,-0.46341463414634143,1.003693682832818e-06,-1,9,5,994.915283203125
12,-0.41463414634146334,1.14894919533981e-06,-1,9,5,994.915283203125
13,-0.36585365853658536,2.164417765015969e-06,-1,9,5,994.915283203125
14,-0.31707317073170727,1.429245116923994e-06,-1,9,5,994.915283203125
15,-0.2682926829268293,0.0,-1,9,5,994.915283203125
16,-0.2195121951219512,0.0,-1,9,5,994.915283203125
17,-0.1707317073170731,0.0,-1,9,5,994.915283203125
18,-0.12195121951219512,0.0,-1,9,5,994.915283203125
19,-0.07317073170731703,0.0,-1,9,5,994.915283203125
20,-0.024390243902439046,0.0,-1,9,5,994.915283203125
21,0.024390243902439046,0.0,-1,9,5,994.915283203125
22,0.07317073170731714,0.0,-1,9,5,994.915283203125
23,0.12195121951219523,0.0,-1,9,5,994.915283203125
24,0.17073170731707332,0.0,-1,9,5,994.915283203125
25,0.2195121951219512,0.0,-1,9,5,994.915283203125
26,0.2682926829268293,0.0,-1,9,5,994.915283203125
27,0.3170731707317074,0.0,-1,9,5,994.915283203125
28,0.36585365853658547,0.0,-1,9,5,994.915283203125
29,0.41463414634146356,0.0,-1,9,5,994.915283203125
30,0.46341463414634143,0.0,-1,9,5,994.915283203125
31,0.5121951219512195,0.0,-1,9,5,994.915283203125
32,0.5609756097560976,0.0,-1,9,5,994.915283203125
33,0.6097560975609757,0.0,-1,9,5,994.915283203125
34,0.6585365853658538,0.0,-1,9,5,994.915283203125
35,0.7073170731707317,0.0,-1,9,5,994.915283203125
36,0.7560975609756098,0.0,-1,9,5,994.915283203125
37,0.8048780487804879,0.0,-1,9,5,994.915283203125
38,0.853658536585366,0.0,-1,9,5,994.915283203125
39,0.902439024390244,0.0,-1,9,5,994.915283203125
40,0.9512195121951219,0.0,-1,9,5,994.915283203125
41,1.0,0.0,-1,9,5,994.915283203125
0,-1.0,0.0,-1,9,6,994.915283203125
1,-0.9512195121951219,0.0,-1,9,6,994.915283203125
2,-0.9024390243902439,0.0,-1,9,6,994.915283203125
3,-0.8536585365853658,0.0,-1,9,6,994.915283203125
4,-0.8048780487804879,0.0,-1,9,6,994.915283203125
5,-0.7560975609756098,0.0,-1,9,6,994.915283203125
6,-0.7073170731707317,0.0,-1,9,6,994.915283203125
7,-0.6585365853658536,0.0,-1,9,6,994.915283203125
8,-0.6097560975609756,0.0,-1,9,6,994.915283203125
9,-0.5609756097560976,0.0,-1,9,6,994.915283203125
10,-0.5121951219512195,0.0,-1,9,6,994.915283203125
11,-0.46341463414634143,0.0,-1,9,6,994.915283203125
12,-0.41463414634146334,0.0,-1,9,6,994.915283203125
13,-0.36585365853658536,0.0,-1,9,6,994.915283203125
14,-0.31707317073170727,0.0,-1,9,6,994.915283203125
15,-0.2682926829268293,0.0,-1,9,6,994.915283203125
16,-0.2195121951219512,0.0,-1,9,6,994.915283203125
17,-0.1707317073170731,0.0,-1,9,6,994.915283203125
18,-0.12195121951219512,0.0,-1,9,6,994.915283203125
19,-0.07317073170731703,0.0,-1,9,6,994.915283203125
20,-0.024390243902439046,0.0,-1,9,6,994.915283203125
21,0.024390243902439046,0.0,-1,9,6,994.915283203125
22,0.07317073170731714,0.0,-1,9,6,994.915283203125
23,0.12195121951219523,0.0,-1,9,6,994.915283203125
24,0.17073170731707332,0.0,-1,9,6,994.915283203125
25,0.2195121951219512,5.578289687946381e-07,-1,9,6,994.915283203125
26,0.2682926829268293,2.5015890514623607e-07,-1,9,6,994.915283203125
27,0.3170731707317074,8.05083914201532e-07,-1,9,6,994.915283203125
28,0.36585365853658547,8.756969691603445e-07,-1,9,6,994.915283203125
29,0.41463414634146356,3.1576500987284817e-06,-1,9,6,994.915283203125
30,0.46341463414634143,8.477100550408068e-07,-1,9,6,994.915283203125
31,0.5121951219512195,3.683623219785659e-07,-1,9,6,994.915283203125
32,0.5609756097560976,6.2527765294362325e-06,-1,9,6,994.915283203125
33,0.6097560975609757,8.35658920550486e-06,-1,9,6,994.915283203125
34,0.6585365853658538,5.49081050849054e-06,-1,9,6,994.915283203125
35,0.7073170731707317,2.4697466869838536e-05,-1,9,6,994.915283203125
36,0.7560975609756098,0.00012675562174990773,-1,9,6,994.915283203125
37,0.8048780487804879,8.878070730133913e-06,-1,9,6,994.915283203125
38,0.853658536585366,2.3343627617578022e-06,-1,9,6,994.915283203125
39,0.902439024390244,5.124688868818339e-07,-1,9,6,994.915283203125
40,0.9512195121951219,1.1650740816548932e-06,-1,9,6,994.915283203125
41,1.0,2.030302539424156e-06,-1,9,6,994.915283203125
0,-1.0,0.0,0,-9,-5,994.915283203125
1,-0.9512195121951219,0.0,0,-9,-5,994.915283203125
2,-0.9024390243902439,0.0,0,-9,-5,994.915283203125
3,-0.8536585365853658,0.0,0,-9,-5,994.915283203125
4,-0.8048780487804879,0.0,0,-9,-5,994.915283203125
5,-0.7560975609756098,0.0,0,-9,-5,994.915283203125
6,-0.7073170731707317,0.0,0,-9,-5,994.915283203125
7,-0.6585365853658536,0.0,0,-9,-5,994.915283203125
8,-0.6097560975609756,0.0,0,-9,-5,994.915283203125
9,-0.5609756097560976,0.0,0,-9,-5,994.915283203125
10,-0.5121951219512195,0.0,0,-9,-5,994.915283203125
11,-0.46341463414634143,0.0,0,-9,-5,994.915283203125
12,-0.41463414634146334,0.0,0,-9,-5,994.915283203125
13,-0.36585365853658536,0.0,0,-9,-5,994.915283203125
14,-0.31707317073170727,0.0,0,-9,-5,994.915283203125
15,-0.2682926829268293,0.0,0,-9,-5,994.915283203125
16,-0.2195121951219512,0.0,0,-9,-5,994.915283203125
17,-0.1707317073170731,0.0,0,-9,-5,994.915283203125
18,-0.12195121951219512,0.0,0,-9,-5,994.915283203125
19,-0.07317073170731703,0.0,0,-9,-5,994.915283203125
20,-0.024390243902439046,0.0,0,-9,-5,994.915283203125
21,0.024390243902439046,0.0,0,-9,-5,994.915283203125
22,0.07317073170731714,0.0,0,-9,-5,994.915283203125
23,0.12195121951219523,0.0,0,-9,-5,994.915283203125
24,0.17073170731707332,0.0,0,-9,-5,994.915283203125
25,0.2195121951219512,5.061137731132703e-09,0,-9,-5,994.915283203125
26,0.2682926829268293,5.169821974959632e-07,0,-9,-5,994.915283203125
27,0.3170731707317074,2.409503849776229e-06,0,-9,-5,994.915283203125
28,0.36585365853658547,8.027038944646847e-08,0,-9,-5,994.915283203125
29,0.41463414634146356,8.757447034213328e-08,0,-9,-5,994.915283203125
30,0.46341463414634143,4.808499625141849e-07,0,-9,-5,994.915283203125
31,0.5121951219512195,7.722161967649299e-07,0,-9,-5,994.915283203125
32,0.5609756097560976,4.269691999070346e-06,0,-9,-5,994.915283203125
33,0.6097560975609757,8.650777090224437e-06,0,-9,-5,994.915283203125
34,0.6585365853658538,0.00011222608736716211,0,-9,-5,994.915283203125
35,0.7073170731707317,1.959209839696996e-05,0,-9,-5,994.915283203125
36,0.7560975609756098,0.00030448660254478455,0,-9,-5,994.915283203125
37,0.8048780487804879,9.867817425401881e-06,0,-9,-5,994.915283203125
38,0.853658536585366,1.7533886875753524e-06,0,-9,-5,994.915283203125
39,0.902439024390244,1.8370850739302114e-05,0,-9,-5,994.915283203125
40,0.9512195121951219,7.84189921887446e-07,0,-9,-5,994.915283203125
41,1.0,1.1288454970781459e-06,0,-9,-5,994.915283203125
0,-1.0,8.08587003575667e-07,0,-9,-4,994.915283203125
1,-0.9512195121951219,9.484701308792864e-07,0,-9,-4,994.915283203125
2,-0.9024390243902439,2.4858451297404827e-07,0,-9,-4,994.915283203125
3,-0.8536585365853658,6.916978236404248e-06,0,-9,-4,994.915283203125
4,-0.8048780487804879,1.9803688701358624e-05,0,-9,-4,994.915283203125
5,-0.7560975609756098,7.000908681220608e-06,0,-9,-4,994.915283203125
6,-0.7073170731707317,2.2780237486585975e-05,0,-9,-4,994.915283203125
7,-0.6585365853658536,1.2826791135012172e-05,0,-9,-4,994.915283203125
8,-0.6097560975609756,4.745876140077598e-06,0,-9,-4,994.915283203125
9,-0.5609756097560976,0.0011620389996096492,0,-9,-4,994.915283203125
10,-0.5121951219512195,0.00019077924662269652,0,-9,-4,994.915283203125
11,-0.46341463414634143,2.3713002519798465e-05,0,-9,-4,994.915283203125
12,-0.41463414634146334,0.0001976548373932019,0,-9,-4,994.915283203125
13,-0.36585365853658536,2.459231654938776e-05,0,-9,-4,994.915283203125
14,-0.31707317073170727,1.1793968042184133e-05,0,-9,-4,994.915283203125
15,-0.2682926829268293,2.040052095253486e-06,0,-9,-4,994.915283203125
16,-0.2195121951219512,4.968185749021359e-06,0,-9,-4,994.915283203125
17,-0.1707317073170731,5.8587816056387965e-06,0,-9,-4,994.915283203125
18,-0.12195121951219512,8.198099408218695e-07,0,-9,-4,994.915283203125
19,-0.07317073170731703,4.6956259325270366e-07,0,-9,-4,994.915283203125
20,-0.024390243902439046,6.185750862641726e-07,0,-9,-4,994.915283203125
21,0.024390243902439046,0.0,0,-9,-4,994.915283203125
22,0.07317073170731714,0.0,0,-9,-4,994.915283203125
23,0.12195121951219523,0.0,0,-9,-4,994.915283203125
24,0.17073170731707332,0.0,0,-9,-4,994.915283203125
25,0.2195121951219512,0.0,0,-9,-4,994.915283203125
26,0.2682926829268293,0.0,0,-9,-4,994.915283203125
27,0.3170731707317074,0.0,0,-9,-4,994.915283203125
28,0.36585365853658547,0.0,0,-9,-4,994.915283203125
29,0.41463414634146356,0.0,0,-9,-4,994.915283203125
30,0.46341463414634143,0.0,0,-9,-4,994.915283203125
31,0.5121951219512195,0.0,0,-9,-4,994.915283203125
32,0.5609756097560976,0.0,0,-9,-4,994.915283203125
33,0.6097560975609757,0.0,0,-9,-4,994.915283203125
34,0.6585365853658538,0.0,0,-9,-4,994.915283203125
35,0.7073170731707317,0.0,0,-9,-4,994.915283203125
36,0.7560975609756098,0.0,0,-9,-4,994.915283203125
37,0.8048780487804879,0.0,0,-9,-4,994.915283203125
38,0.853658536585366,0.0,0,-9,-4,994.915283203125
39,0.902439024390244,0.0,0,-9,-4,994.915283203125
40,0.9512195121951219,0.0,0,-9,-4,994.915283203125
41,1.0,0.0,0,-9,-4,994.915283203125
0,-1.0,0.0,0,-8,-4,994.915283203125
1,-0.9512195121951219,0.0,0,-8,-4,994.915283203125
2,-0.9024390243902439,0.0,0,-8,-4,994.915283203125
3,-0.8536585365853658,0.0,0,-8,-4,994.915283203125
4,-0.8048780487804879,0.0,0,-8,-4,994.915283203125
5,-0.7560975609756098,0.0,0,-8,-4,994.915283203125
6,-0.7073170731707317,0.0,0,-8,-4,994.915283203125
7,-0.6585365853658536,0.0,0,-8,-4,994.915283203125
8,-0.6097560975609756,0.0,0,-8,-4,994.915283203125
9,-0.5609756097560976,0.0,0,-8,-4,994.915283203125
10,-0.5121951219512195,0.0,0,-8,-4,994.915283203125
11,-0.46341463414634143,0.0,0,-8,-4,994.915283203125
12,-0.41463414634146334,0.0,0,-8,-4,994.915283203125
13,-0.36585365853658536,0.0,0,-8,-4,994.915283203125
14,-0.31707317073170727,0.0,0,-8,-4,994.915283203125
15,-0.2682926829268293,4.280216217011912e-06,0,-8,-4,994.915283203125
16,-0.2195121951219512,3.57909880221996e-06,0,-8,-4,994.915283203125
17,-0.1707317073170731,7.027820174698718e-06,0,-8,-4,994.915283203125
18,-0.12195121951219512,2.3009945380181307e-06,0,-8,-4,994.915283203125
19,-0.07317073170731703,5.140253051649779e-06,0,-8,-4,994.915283203125
20,-0.024390243902439046,2.8184620077809086e-06,0,-8,-4,994.915283203125
21,0.024390243902439046,1.2996433262912888e-08,0,-8,-4,994.915283203125
22,0.07317073170731714,1.5676365364925005e-05,0,-8,-4,994.915283203125
23,0.12195121951219523,1.5362786143668927e-05,0,-8,-4,994.915283203125
24,0.17073170731707332,1.5822024579392746e-05,0,-8,-4,994.915283203125
25,0.2195121951219512,2.531967948016245e-05,0,-8,-4,994.915283203125
26,0.2682926829268293,0.0004233740037307143,0,-8,-4,994.915283203125
27,0.3170731707317074,0.0013204674469307065,0,-8,-4,994.915283203125
28,0.36585365853658547,3.370486228959635e-05,0,-8,-4,994.915283203125
29,0.41463414634146356,7.412221521008178e-07,0,-8,-4,994.915283203125
30,0.46341463414634143,2.1895889403822366e-06,0,-8,-4,994.915283203125
31,0.5121951219512195,1.9597742721089162e-05,0,-8,-4,994.915283203125
32,0.5609756097560976,2.344364474993199e-06,0,-8,-4,994.915283203125
33,0.6097560975609757,3.884778834617464e-06,0,-8,-4,994.915283203125
34,0.6585365853658538,1.1490476936160121e-05,0,-8,-4,994.915283203125
35,0.7073170731707317,2.205451210102183e-06,0,-8,-4,994.915283203125
36,0.7560975609756098,2.028297330980422e-06,0,-8,-4,994.915283203125
37,0.8048780487804879,3.258332753830473e-06,0,-8,-4,994.915283203125
38,0.853658536585366,2.9172388167353347e-06,0,-8,-4,994.915283203125
39,0.902439024390244,0.0,0,-8,-4,994.915283203125
40,0.9512195121951219,0.0,0,-8,-4,994.915283203125
41,1.0,0.0,0,-8,-4,994.915283203125
0,-1.0,1.9380984213057673e-06,0,-7,-3,994.915283203125
1,-0.9512195121951219,5.499714461620897e-07,0,-7,-3,994.915283203125
2,-0.9024390243902439,1.4001842885136284e-07,0,-7,-3,994.915283203125
3,-0.8536585365853658,4.40156827608007e-06,0,-7,-3,994.915283203125
4,-0.8048780487804879,8.905486538424157e-06,0,-7,-3,994.915283203125
5,-0.7560975609756098,1.3975352885609027e-05,0,-7,-3,994.915283203125
6,-0.7073170731707317,4.126106887269998e-06,0,-7,-3,994.915283203125
7,-0.6585365853658536,4.7308976718341e-06,0,-7,-3,994.915283203125
8,-0.6097560975609756,2.6230274670524523e-05,0,-7,-3,994.915283203125
9,-0.5609756097560976,9.042399142344948e-06,0,-7,-3,994.915283203125
10,-0.5121951219512195,1.8169731674788636e-07,0,-7,-3,994.915283203125
11,-0.46341463414634143,6.230676808627322e-05,0,-7,-3,994.915283203125
12,-0.41463414634146334,4.104224717593752e-05,0,-7,-3,994.915283203125
13,-0.36585365853658536,0.0006731757312081754,0,-7,-3,994.915283203125
14,-0.31707317073170727,0.0007033255533315241,0,-7,-3,994.915283203125
15,-0.2682926829268293,1.5168994877967634e-06,0,-7,-3,994.915283203125
16,-0.2195121951219512,3.1698160455562174e-05,0,-7,-3,994.915283203125
17,-0.1707317073170731,1.104984858102398e-05,0,-7,-3,994.915283203125
18,-0.12195121951219512,4.009929853054928e-06,0,-7,-3,994.915283203125
19,-0.07317073170731703,6.368545655277558e-06,0,-7,-3,994.915283203125
20,-0.024390243902439046,5.161438093637116e-05,0,-7,-3,994.915283203125
21,0.024390243902439046,1.976934754566173e-06,0,-7,-3,994.915283203125
22,0.07317073170731714,3.5676368952408666e-06,0,-7,-3,994.915283203125
23,0.12195121951219523,1.1843648053400102e-06,0,-7,-3,994.915283203125
24,0.17073170731707332,1.783197831173311e-06,0,-7,-3,994.915283203125
25,0.2195121951219512,7.550468694716983e-08,0,-7,-3,994.915283203125
26,0.2682926829268293,2.428356822292699e-07,0,-7,-3,994.915283203125
27,0.3170731707317074,3.891795131494291e-06,0,-7,-3,994.915283203125
28,0.36585365853658547,0.0,0,-7,-3,994.915283203125
29,0.41463414634146356,0.0,0,-7,-3,994.915283203125
30,0.46341463414634143,0.0,0,-7,-3,994.915283203125
31,0.5121951219512195,0.0,0,-7,-3,994.915283203125
32,0.5609756097560976,0.0,0,-7,-3,994.915283203125
33,0.6097560975609757,0.0,0,-7,-3,994.915283203125
34,0.6585365853658538,0.0,0,-7,-3,994.915283203125
35,0.7073170731707317,0.0,0,-7,-3,994.915283203125
36,0.7560975609756098,0.0,0,-7,-3,994.915283203125
37,0.8048780487804879,0.0,0,-7,-3,994.915283203125
38,0.853658536585366,0.0,0,-7,-3,994.915283203125
39,0.902439024390244,0.0,0,-7,-3,994.915283203125
40,0.9512195121951219,0.0,0,-7,-3,994.915283203125
41,1.0,0.0,0,-7,-3,994.915283203125
0,-1.0,0.0,0,-6,-3,994.915283203125
1,-0.9512195121951219,0.0,0,-6,-3,994.915283203125
2,-0.9024390243902439,0.0,0,-6,-3,994.915283203125
3,-0.8536585365853658,0.0,0,-6,-3,994.915283203125
4,-0.8048780487804879,0.0,0,-6,-3,994.915283203125
5,-0.7560975609756098,0.0,0,-6,-3,994.915283203125
6,-0.7073170731707317,0.0,0,-6,-3,994.915283203125
7,-0.6585365853658536,0.0,0,-6,-3,994.915283203125
8,-0.6097560975609756,0.0,0,-6,-3,994.915283203125
9,-0.5609756097560976,0.0,0,-6,-3,994.915283203125
10,-0.5121951219512195,0.0,0,-6,-3,994.915283203125
11,-0.46341463414634143,0.0,0,-6,-3,994.915283203125
12,-0.41463414634146334,0.0,0,-6,-3,994.915283203125
13,-0.36585365853658536,0.0,0,-6,-3,994.915283203125
14,-0.31707317073170727,0.0,0,-6,-3,994.915283203125
15,-0.2682926829268293,0.0,0,-6,-3,994.915283203125
16,-0.2195121951219512,0.0,0,-6,-3,994.915283203125
17,-0.1707317073170731,0.0,0,-6,-3,994.915283203125
18,-0.12195121951219512,8.549108315492049e-06,0,-6,-3,994.915283203125
19,-0.07317073170731703,7.888936124800239e-06,0,-6,-3,994.915283203125
20,-0.024390243902439046,1.7253352780244313e-05,0,-6,-3,994.915283203125
21,0.024390243902439046,1.7742824809374724e-07,0,-6,-3,994.915283203125
22,0.07317073170731714,9.513606528344098e-06,0,-6,-3,994.915283203125
23,0.12195121951219523,4.685230669565499e-05,0,-6,-3,994.915283203125
24,0.17073170731707332,4.7387657104991376e-05,0,-6,-3,994.915283203125
25,0.2195121951219512,1.6374725646528532e-06,0,-6,-3,994.915283203125
26,0.2682926829268293,7.66442644817289e-06,0,-6,-3,994.915283203125
27,0.3170731707317074,6.208757986314595e-05,0,-6,-3,994.915283203125
28,0.36585365853658547,0.00021739934163633734,0,-6,-3,994.915283203125
29,0.41463414634146356,0.00019525416428223252,0,-6,-3,994.915283203125
30,0.46341463414634143,0.00021947988716419786,0,-6,-3,994.915283203125
31,0.5121951219512195,0.00021719599317293614,0,-6,-3,994.915283203125
32,0.5609756097560976,0.000845188507810235,0,-6,-3,994.915283203125
33,0.6097560975609757,0.0036218382883816957,0,-6,-3,994.915283203125
34,0.6585365853658538,0.07811442017555237,0,-6,-3,994.915283203125
35,0.7073170731707317,3.32949057337828e-05,0,-6,-3,994.915283203125
36,0.7560975609756098,0.0007742919842712581,0,-6,-3,994.915283203125
37,0.8048780487804879,0.0017253515543416142,0,-6,-3,994.915283203125
38,0.853658536585366,0.0001120750093832612,0,-6,-3,994.915283203125
39,0.902439024390244,3.756161459023133e-05,0,-6,-3,994.915283203125
40,0.9512195121951219,8.218352377298288e-06,0,-6,-3,994.915283203125
41,1.0,0.00014971299970056862,0,-6,-3,994.915283203125
0,-1.0,6.344106623146217e-06,0,-5,-2,994.915283203125
1,-0.9512195121951219,7.822085535735823e-06,0,-5,-2,994.915283203125
2,-0.9024390243902439,5.659758244291879e-06,0,-5,-2,994.915283203125
3,-0.8536585365853658,5.31781461177161e-06,0,-5,-2,994.915283203125
4,-0.8048780487804879,0.0001112471436499618,0,-5,-2,994.915283203125
5,-0.7560975609756098,0.00015804670692887157,0,-5,-2,994.915283203125
6,-0.7073170731707317,8.232376421801746e-05,0,-5,-2,994.915283203125
7,-0.6585365853658536,5.238621815806255e-05,0,-5,-2,994.915283203125
8,-0.6097560975609756,7.701477443333715e-05,0,-5,-2,994.915283203125
9,-0.5609756097560976,0.00017689430387690663,0,-5,-2,994.915283203125
10,-0.5121951219512195,0.00014067724987398833,0,-5,-2,994.915283203125
11,-0.46341463414634143,6.71515372232534e-05,0,-5,-2,994.915283203125
12,-0.41463414634146334,0.00013714094529859722,0,-5,-2,994.915283203125
13,-0.36585365853658536,0.0004696020914707333,0,-5,-2,994.915283203125
14,-0.31707317073170727,0.004810113459825516,0,-5,-2,994.915283203125
15,-0.2682926829268293,0.00010709892376326025,0,-5,-2,994.915283203125
16,-0.2195121951219512,0.00019300749409012496,0,-5,-2,994.915283203125
17,-0.1707317073170731,1.0008907338487916e-05,0,-5,-2,994.915283203125
18,-0.12195121951219512,5.961732676951215e-05,0,-5,-2,994.915283203125
19,-0.07317073170731703,4.0102724597090855e-05,0,-5,-2,994.915283203125
20,-0.024390243902439046,1.5487061318708584e-05,0,-5,-2,994.915283203125
21,0.024390243902439046,2.3235397748067044e-05,0,-5,-2,994.915283203125
22,0.07317073170731714,2.5314628146588802e-05,0,-5,-2,994.915283203125
23,0.12195121951219523,9.029856300912797e-06,0,-5,-2,994.915283203125
24,0.17073170731707332,2.807136843330227e-05,0,-5,-2,994.915283203125
25,0.2195121951219512,7.411072601826163e-06,0,-5,-2,994.915283203125
26,0.2682926829268293,4.196868758299388e-05,0,-5,-2,994.915283203125
27,0.3170731707317074,0.00010519636271055788,0,-5,-2,994.915283203125
28,0.36585365853658547,8.071427146205679e-05,0,-5,-2,994.915283203125
29,0.41463414634146356,7.104001269908622e-06,0,-5,-2,994.915283203125
30,0.46341463414634143,1.0098176517203683e-06,0,-5,-2,994.915283203125
31,0.5121951219512195,8.799423994787503e-06,0,-5,-2,994.915283203125
32,0.5609756097560976,1.5818469023543003e-07,0,-5,-2,994.915283203125
33,0.6097560975609757,1.2287774552532937e-05,0,-5,-2,994.915283203125
34,0.6585365853658538,0.0,0,-5,-2,994.915283203125
35,0.7073170731707317,0.0,0,-5,-2,994.915283203125
36,0.7560975609756098,0.0,0,-5,-2,994.915283203125
37,0.8048780487804879,0.0,0,-5,-2,994.915283203125
38,0.853658536585366,0.0,0,-5,-2,994.915283203125
39,0.902439024390244,0.0,0,-5,-2,994.915283203125
40,0.9512195121951219,0.0,0,-5,-2,994.915283203125
41,1.0,0.0,0,-5,-2,994.915283203125
0,-1.0,0.03881806507706642,0,-3,-1,994.915283203125
1,-0.9512195121951219,0.0005918360548093915,0,-3,-1,994.915283203125
2,-0.9024390243902439,0.03592231497168541,0,-3,-1,994.915283203125
3,-0.8536585365853658,0.21760116517543793,0,-3,-1,994.915283203125
4,-0.8048780487804879,0.8957153558731079,0,-3,-1,994.915283203125
5,-0.7560975609756098,0.15678927302360535,0,-3,-1,994.915283203125
6,-0.7073170731707317,0.06290899217128754,0,-3,-1,994.915283203125
7,-0.6585365853658536,0.013313430361449718,0,-3,-1,994.915283203125
8,-0.6097560975609756,0.01720191165804863,0,-3,-1,994.915283203125
9,-0.5609756097560976,0.0027552712708711624,0,-3,-1,994.915283203125
10,-0.5121951219512195,0.0024486433248966932,0,-3,-1,994.915283203125
11,-0.46341463414634143,0.004553432576358318,0,-3,-1,994.915283203125
12,-0.41463414634146334,0.00030324680847115815,0,-3,-1,994.915283203125
13,-0.36585365853658536,0.0070036849938333035,0,-3,-1,994.915283203125
14,-0.31707317073170727,0.001036951900459826,0,-3,-1,994.915283203125
15,-0.2682926829268293,0.00301434937864542,0,-3,-1,994.915283203125
16,-0.2195121951219512,0.0031992588192224503,0,-3,-1,994.915283203125
17,-0.1707317073170731,2.718630275921896e-05,0,-3,-1,994.915283203125
18,-0.12195121951219512,0.001032053492963314,0,-3,-1,994.915283203125
19,-0.07317073170731703,2.3212011001305655e-05,0,-3,-1,994.915283203125
20,-0.024390243902439046,0.001809929497539997,0,-3,-1,994.915283203125
21,0.024390243902439046,0.0010234942892566323,0,-3,-1,994.915283203125
22,0.07317073170731714,0.0003600319323595613,0,-3,-1,994.915283203125
23,0.12195121951219523,0.001478514401242137,0,-3,-1,994.915283203125
24,0.17073170731707332,0.00017632289382163435,0,-3,-1,994.915283203125
25,0.2195121951219512,0.0004303925088606775,0,-3,-1,994.915283203125
26,0.2682926829268293,0.00010422054037917405,0,-3,-1,994.915283203125
27,0.3170731707317074,0.0002588116913102567,0,-3,-1,994.915283203125
28,0.36585365853658547,0.0007987681310623884,0,-3,-1,994.915283203125
29,0.41463414634146356,3.5350456073501846e-06,0,-3,-1,994.915283203125
30,0.46341463414634143,0.0006037909770384431,0,-3,-1,994.915283203125
31,0.5121951219512195,0.0002581080188974738,0,-3,-1,994.915283203125
32,0.5609756097560976,5.210264498600736e-05,0,-3,-1,994.915283203125
33,0.6097560975609757,0.0006334605859592557,0,-3,-1,994.915283203125
34,0.6585365853658538,8.440951933152974e-05,0,-3,-1,994.915283203125
35,0.7073170731707317,0.0004665826272685081,0,-3,-1,994.915283203125
36,0.7560975609756098,0.0002828171709552407,0,-3,-1,994.915283203125
37,0.8048780487804879,4.425067163538188e-05,0,-3,-1,994.915283203125
38,0.853658536585366,0.0,0,-3,-1,994.915283203125
39,0.902439024390244,0.0,0,-3,-1,994.915283203125
40,0.9512195121951219,0.0,0,-3,-1,994.915283203125
41,1.0,0.0,0,-3,-1,994.915283203125
0,-1.0,0.000412847992265597,0,3,1,994.915283203125
1,-0.9512195121951219,0.0006190960411913693,0,3,1,994.915283203125
2,-0.9024390243902439,2.7792375476565212e-05,0,3,1,994.915283203125
3,-0.8536585365853658,0.0010223774006590247,0,3,1,994.915283203125
4,-0.8048780487804879,0.0002043340791715309,0,3,1,994.915283203125
5,-0.7560975609756098,0.001180357183329761,0,3,1,994.915283203125
6,-0.7073170731707317,0.0009767271112650633,0,3,1,994.915283203125
7,-0.6585365853658536,0.00028878726880066097,0,3,1,994.915283203125
8,-0.6097560975609756,0.001804831437766552,0,3,1,994.915283203125
9,-0.5609756097560976,0.0003414221864659339,0,3,1,994.915283203125
10,-0.5121951219512195,0.0006655636243522167,0,3,1,994.915283203125
11,-0.46341463414634143,0.0006912611424922943,0,3,1,994.915283203125
12,-0.41463414634146334,0.0005496545927599072,0,3,1,994.915283203125
13,-0.36585365853658536,0.002223687246441841,0,3,1,994.915283203125
14,-0.31707317073170727,0.00012151432747486979,0,3,1,994.915283203125
15,-0.2682926829268293,0.004869604017585516,0,3,1,994.915283203125
16,-0.2195121951219512,0.0023788688704371452,0,3,1,994.915283203125
17,-0.1707317073170731,0.0037054107524454594,0,3,1,994.915283203125
18,-0.12195121951219512,0.005225719418376684,0,3,1,994.915283203125
19,-0.07317073170731703,0.003602020675316453,0,3,1,994.915283203125
20,-0.024390243902439046,0.009670969098806381,0,3,1,994.915283203125
21,0.024390243902439046,0.014230837114155293,0,3,1,994.915283203125
22,0.07317073170731714,0.006928123999387026,0,3,1,994.915283203125
23,0.12195121951219523,0.07408477365970612,0,3,1,994.915283203125
24,0.17073170731707332,0.0021619435865432024,0,3,1,994.915283203125
25,0.2195121951219512,0.7311267852783203,0,3,1,994.915283203125
26,0.2682926829268293,0.5863547921180725,0,3,1,994.915283203125
27,0.3170731707317074,0.005504691042006016,0,3,1,994.915283203125
28,0.36585365853658547,0.06782080978155136,0,3,1,994.915283203125
29,0.41463414634146356,0.013897549360990524,0,3,1,994.915283203125
30,0.46341463414634143,0.006424135994166136,0,3,1,994.915283203125
31,0.5121951219512195,0.012947100214660168,0,3,1,994.915283203125
32,0.5609756097560976,7.624739373568445e-05,0,3,1,994.915283203125
33,0.6097560975609757,0.00931495986878872,0,3,1,994.915283203125
34,0.6585365853658538,0.0022410412784665823,0,3,1,994.915283203125
35,0.7073170731707317,0.001965323695912957,0,3,1,994.915283203125
36,0.7560975609756098,0.00258334050886333,0,3,1,994.915283203125
37,0.8048780487804879,0.00043009346700273454,0,3,1,994.915283203125
38,0.853658536585366,0.0023642946034669876,0,3,1,994.915283203125
39,0.902439024390244,0.0003652909945230931,0,3,1,994.915283203125
40,0.9512195121951219,0.0012929511722177267,0,3,1,994.915283203125
41,1.0,0.001149555086158216,0,3,1,994.915283203125
0,-1.0,0.00017650671361479908,0,4,1,994.915283203125
1,-0.9512195121951219,9.793067192731542e-07,0,4,1,994.915283203125
2,-0.9024390243902439,7.156630454119295e-05,0,4,1,994.915283203125
3,-0.8536585365853658,0.0003049178048968315,0,4,1,994.915283203125
4,-0.8048780487804879,0.0008646619971841574,0,4,1,994.915283203125
5,-0.7560975609756098,0.006550464779138565,0,4,1,994.915283203125
6,-0.7073170731707317,0.003949933219701052,0,4,1,994.915283203125
7,-0.6585365853658536,0.037797316908836365,0,4,1,994.915283203125
8,-0.6097560975609756,0.0021897817496210337,0,4,1,994.915283203125
9,-0.5609756097560976,0.0028780726715922356,0,4,1,994.915283203125
10,-0.5121951219512195,0.0004788922378793359,0,4,1,994.915283203125
11,-0.46341463414634143,0.002637664321810007,0,4,1,994.915283203125
12,-0.41463414634146334,0.00012533299741335213,0,4,1,994.915283203125
13,-0.36585365853658536,0.0005426267744041979,0,4,1,994.915283203125
14,-0.31707317073170727,0.00014866373385302722,0,4,1,994.915283203125
15,-0.2682926829268293,0.00015444288146682084,0,4,1,994.915283203125
16,-0.2195121951219512,4.557158536044881e-05,0,4,1,994.915283203125
17,-0.1707317073170731,0.00024484549066983163,0,4,1,994.915283203125
18,-0.12195121951219512,0.00025591367739252746,0,4,1,994.915283203125
19,-0.07317073170731703,8.296069427160546e-05,0,4,1,994.915283203125
20,-0.024390243902439046,0.00010287602344760671,0,4,1,994.915283203125
21,0.024390243902439046,7.556869149993872e-06,0,4,1,994.915283203125
22,0.07317073170731714,4.026628175779479e-06,0,4,1,994.915283203125
23,0.12195121951219523,5.582338781096041e-05,0,4,1,994.915283203125
24,0.17073170731707332,3.273440233897418e-05,0,4,1,994.915283203125
25,0.2195121951219512,0.0002706890518311411,0,4,1,994.915283203125
26,0.2682926829268293,0.0002016928483499214,0,4,1,994.915283203125
27,0.3170731707317074,2.899243781939731e-06,0,4,1,994.915283203125
28,0.36585365853658547,1.682529182289727e-05,0,4,1,994.915283203125
29,0.41463414634146356,1.3964948266220745e-05,0,4,1,994.915283203125
30,0.46341463414634143,2.2670246835332364e-06,0,4,1,994.915283203125
31,0.5121951219512195,1.1914850801986177e-05,0,4,1,994.915283203125
32,0.5609756097560976,3.3416969813515607e-07,0,4,1,994.915283203125
33,0.6097560975609757,0.0,0,4,1,994.915283203125
34,0.6585365853658538,0.0,0,4,1,994.915283203125
35,0.7073170731707317,0.0,0,4,1,994.915283203125
36,0.7560975609756098,0.0,0,4,1,994.915283203125
37,0.8048780487804879,0.0,0,4,1,994.915283203125
38,0.853658536585366,0.0,0,4,1,994.915283203125
39,0.902439024390244,0.0,0,4,1,994.915283203125
40,0.9512195121951219,0.0,0,4,1,994.915283203125
41,1.0,0.0,0,4,1,994.915283203125
0,-1.0,0.0,0,6,2,994.915283203125
1,-0.9512195121951219,0.0,0,6,2,994.915283203125
2,-0.9024390243902439,0.0,0,6,2,994.915283203125
3,-0.8536585365853658,0.0,0,6,2,994.915283203125
4,-0.8048780487804879,0.0,0,6,2,994.915283203125
5,-0.7560975609756098,0.0,0,6,2,994.915283203125
6,-0.7073170731707317,0.0,0,6,2,994.915283203125
7,-0.6585365853658536,0.0,0,6,2,994.915283203125
8,-0.6097560975609756,0.0,0,6,2,994.915283203125
9,-0.5609756097560976,0.0,0,6,2,994.915283203125
10,-0.5121951219512195,0.0,0,6,2,994.915283203125
11,-0.46341463414634143,0.0,0,6,2,994.915283203125
12,-0.41463414634146334,0.0,0,6,2,994.915283203125
13,-0.36585365853658536,0.0,0,6,2,994.915283203125
14,-0.31707317073170727,0.0,0,6,2,994.915283203125
15,-0.2682926829268293,0.0,0,6,2,994.915283203125
16,-0.2195121951219512,0.0,0,6,2,994.915283203125
17,-0.1707317073170731,0.0,0,6,2,994.915283203125
18,-0.12195121951219512,0.0,0,6,2,994.915283203125
19,-0.07317073170731703,0.0,0,6,2,994.915283203125
20,-0.024390243902439046,8.79902745509753e-06,0,6,2,994.915283203125
21,0.024390243902439046,5.720326498703798e-06,0,6,2,994.915283203125
22,0.07317073170731714,6.325462322820385e-07,0,6,2,994.915283203125
23,0.12195121951219523,2.088566543534398e-05,0,6,2,994.915283203125
24,0.17073170731707332,3.4491829410399077e-06,0,6,2,994.915283203125
25,0.2195121951219512,0.0003321852127555758,0,6,2,994.915283203125
26,0.2682926829268293,0.000254173792200163,0,6,2,994.915283203125
27,0.3170731707317074,3.2814443784445757e-07,0,6,2,994.915283203125
28,0.36585365853658547,2.9740042009507306e-05,0,6,2,994.915283203125
29,0.41463414634146356,3.841298166662455e-06,0,6,2,994.915283203125
30,0.46341463414634143,5.324304765963461e-06,0,6,2,994.915283203125
31,0.5121951219512195,3.875665697705699e-06,0,6,2,994.915283203125
32,0.5609756097560976,4.249992343829945e-06,0,6,2,994.915283203125
33,0.6097560975609757,2.144451627827948e-06,0,6,2,994.915283203125
34,0.6585365853658538,4.7597699449397624e-05,0,6,2,994.915283203125
35,0.7073170731707317,6.452524394262582e-05,0,6,2,994.915283203125
36,0.7560975609756098,0.0009974315762519836,0,6,2,994.915283203125
37,0.8048780487804879,2.9049324439256452e-05,0,6,2,994.915283203125
38,0.853658536585366,1.5248235285980627e-05,0,6,2,994.915283203125
39,0.902439024390244,2.86089721157623e-06,0,6,2,994.915283203125
40,0.9512195121951219,6.031345037627034e-06,0,6,2,994.915283203125
41,1.0,1.6497390333825024e-06,0,6,2,994.915283203125
0,-1.0,0.0,0,7,2,994.915283203125
1,-0.9512195121951219,0.0,0,7,2,994.915283203125
2,-0.9024390243902439,0.0,0,7,2,994.915283203125
3,-0.8536585365853658,0.0,0,7,2,994.915283203125
4,-0.8048780487804879,0.0,0,7,2,994.915283203125
5,-0.7560975609756098,0.0,0,7,2,994.915283203125
6,-0.7073170731707317,0.0,0,7,2,994.915283203125
7,-0.6585365853658536,0.0,0,7,2,994.915283203125
8,-0.6097560975609756,0.0,0,7,2,994.915283203125
9,-0.5609756097560976,0.0,0,7,2,994.915283203125
10,-0.5121951219512195,0.0,0,7,2,994.915283203125
11,-0.46341463414634143,0.0,0,7,2,994.915283203125
12,-0.41463414634146334,0.0,0,7,2,994.915283203125
13,-0.36585365853658536,7.813463867023529e-07,0,7,2,994.915283203125
14,-0.31707317073170727,1.1336884853108131e-07,0,7,2,994.915283203125
15,-0.2682926829268293,1.5868987475187168e-06,0,7,2,994.915283203125
16,-0.2195121951219512,3.3689144629533985e-07,0,7,2,994.915283203125
17,-0.1707317073170731,5.135131686984096e-06,0,7,2,994.915283203125
18,-0.12195121951219512,1.183820677397307e-05,0,7,2,994.915283203125
19,-0.07317073170731703,1.566278479003813e-05,0,7,2,994.915283203125
20,-0.024390243902439046,1.7702828358778788e-07,0,7,2,994.915283203125
21,0.024390243902439046,2.4490322175552137e-05,0,7,2,994.915283203125
22,0.07317073170731714,2.25348358071642e-05,0,7,2,994.915283203125
23,0.12195121951219523,7.14312091076863e-06,0,7,2,994.915283203125
24,0.17073170731707332,2.3987635358935222e-05,0,7,2,994.915283203125
25,0.2195121951219512,0.00013221708650235087,0,7,2,994.915283203125
26,0.2682926829268293,0.0005245089996606112,0,7,2,994.915283203125
27,0.3170731707317074,0.004415308590978384,0,7,2,994.915283203125
28,0.36585365853658547,0.0015526831848546863,0,7,2,994.915283203125
29,0.41463414634146356,0.00029949654708616436,0,7,2,994.915283203125
30,0.46341463414634143,2.6930991225526668e-05,0,7,2,994.915283203125
31,0.5121951219512195,0.00010772968380479142,0,7,2,994.915283203125
32,0.5609756097560976,1.453853019484086e-05,0,7,2,994.915283203125
33,0.6097560975609757,3.942135663237423e-06,0,7,2,994.915283203125
34,0.6585365853658538,6.3705529100843705e-06,0,7,2,994.915283203125
35,0.7073170731707317,2.9570978199444653e-07,0,7,2,994.915283203125
36,0.7560975609756098,1.7294420331381843e-06,0,7,2,994.915283203125
37,0.8048780487804879,1.9813778635580093e-06,0,7,2,994.915283203125
38,0.853658536585366,7.069372713885969e-07,0,7,2,994.915283203125
39,0.902439024390244,2.558169285293843e-07,0,7,2,994.915283203125
40,0.9512195121951219,2.43422277890204e-07,0,7,2,994.915283203125
41,1.0,6.331630402200972e-07,0,7,2,994.915283203125
0,-1.0,0.0,0,8,2,994.915283203125
1,-0.9512195121951219,0.0,0,8,2,994.915283203125
2,-0.9024390243902439,0.0,0,8,2,994.915283203125
3,-0.8536585365853658,0.0,0,8,2,994.915283203125
4,-0.8048780487804879,0.0,0,8,2,994.915283203125
5,-0.7560975609756098,0.0,0,8,2,994.915283203125
6,-0.7073170731707317,0.0,0,8,2,994.915283203125
7,-0.6585365853658536,0.0,0,8,2,994.915283203125
8,-0.6097560975609756,0.0,0,8,2,994.915283203125
9,-0.5609756097560976,1.214834384200003e-07,0,8,2,994.915283203125
10,-0.5121951219512195,1.0630947855361228e-07,0,8,2,994.915283203125
11,-0.46341463414634143,9.139248504652642e-07,0,8,2,994.915283203125
12,-0.41463414634146334,4.553581334221235e-08,0,8,2,994.915283203125
13,-0.36585365853658536,3.768945688875647e-08,0,8,2,994.915283203125
14,-0.31707317073170727,2.657030790942372e-06,0,8,2,994.915283203125
15,-0.2682926829268293,5.440069799078628e-07,0,8,2,994.915283203125
16,-0.2195121951219512,2.200057224399643e-06,0,8,2,994.915283203125
17,-0.1707317073170731,1.5563772421955946e-06,0,8,2,994.915283203125
18,-0.12195121951219512,2.9975972211104818e-06,0,8,2,994.915283203125
19,-0.07317073170731703,5.38354527179763e-07,0,8,2,994.915283203125
20,-0.024390243902439046,0.0002137203118763864,0,8,2,994.915283203125
21,0.024390243902439046,0.0015768012963235378,0,8,2,994.915283203125
22,0.07317073170731714,0.00012732732284348458,0,8,2,994.915283203125
23,0.12195121951219523,5.3400825095195614e-08,0,8,2,994.915283203125
24,0.17073170731707332,2.929465154011268e-05,0,8,2,994.915283203125
25,0.2195121951219512,2.491952727723401e-06,0,8,2,994.915283203125
26,0.2682926829268293,1.6393158830396715e-06,0,8,2,994.915283203125
27,0.3170731707317074,7.965265467646532e-06,0,8,2,994.915283203125
28,0.36585365853658547,2.065594799205428e-06,0,8,2,994.915283203125
29,0.41463414634146356,1.8118297475666623e-06,0,8,2,994.915283203125
30,0.46341463414634143,8.062111334083966e-08,0,8,2,994.915283203125
31,0.5121951219512195,5.502930662260042e-07,0,8,2,994.915283203125
32,0.5609756097560976,9.185745852846594e-07,0,8,2,994.915283203125
33,0.6097560975609757,1.589561371417858e-08,0,8,2,994.915283203125
34,0.6585365853658538,0.0,0,8,2,994.915283203125
35,0.7073170731707317,0.0,0,8,2,994.915283203125
36,0.7560975609756098,0.0,0,8,2,994.915283203125
37,0.8048780487804879,0.0,0,8,2,994.915283203125
38,0.853658536585366,0.0,0,8,2,994.915283203125
39,0.902439024390244,0.0,0,8,2,994.915283203125
40,0.9512195121951219,0.0,0,8,2,994.915283203125
41,1.0,0.0,0,8,2,994.915283203125
0,-1.0,0.0,0,9,2,994.915283203125
1,-0.9512195121951219,0.0,0,9,2,994.915283203125
2,-0.9024390243902439,0.0,0,9,2,994.915283203125
3,-0.8536585365853658,0.0,0,9,2,994.915283203125
4,-0.8048780487804879,0.0,0,9,2,994.915283203125
5,-0.7560975609756098,0.0,0,9,2,994.915283203125
6,-0.7073170731707317,0.0,0,9,2,994.915283203125
7,-0.6585365853658536,5.818111148414573e-08,0,9,2,994.915283203125
8,-0.6097560975609756,1.8834775801224168e-06,0,9,2,994.915283203125
9,-0.5609756097560976,1.3250120218799566e-06,0,9,2,994.915283203125
10,-0.5121951219512195,7.196991447244727e-08,0,9,2,994.915283203125
11,-0.46341463414634143,1.0013477549364325e-06,0,9,2,994.915283203125
12,-0.41463414634146334,1.1236568298045313e-06,0,9,2,994.915283203125
13,-0.36585365853658536,1.2398252692946699e-05,0,9,2,994.915283203125
14,-0.31707317073170727,3.559665174179827e-06,0,9,2,994.915283203125
15,-0.2682926829268293,3.993579412053805e-06,0,9,2,994.915283203125
16,-0.2195121951219512,2.894066165026743e-05,0,9,2,994.915283203125
17,-0.1707317073170731,0.0009198799962177873,0,9,2,994.915283203125
18,-0.12195121951219512,2.6112007617484778e-05,0,9,2,994.915283203125
19,-0.07317073170731703,3.703872425830923e-05,0,9,2,994.915283203125
20,-0.024390243902439046,7.310984528885456e-07,0,9,2,994.915283203125
21,0.024390243902439046,2.132822146450053e-06,0,9,2,994.915283203125
22,0.07317073170731714,6.291908789535228e-07,0,9,2,994.915283203125
23,0.12195121951219523,8.786109901848249e-07,0,9,2,994.915283203125
24,0.17073170731707332,6.27260760666104e-07,0,9,2,994.915283203125
25,0.2195121951219512,1.5204022929538041e-06,0,9,2,994.915283203125
26,0.2682926829268293,1.296041659770708e-06,0,9,2,994.915283203125
27,0.3170731707317074,2.019663725150167e-07,0,9,2,994.915283203125
28,0.36585365853658547,6.960908081055095e-07,0,9,2,994.915283203125
29,0.41463414634146356,0.0,0,9,2,994.915283203125
30,0.46341463414634143,0.0,0,9,2,994.915283203125
31,0.5121951219512195,0.0,0,9,2,994.915283203125
32,0.5609756097560976,0.0,0,9,2,994.915283203125
33,0.6097560975609757,0.0,0,9,2,994.915283203125
34,0.6585365853658538,0.0,0,9,2,994.915283203125
35,0.7073170731707317,0.0,0,9,2,994.915283203125
36,0.7560975609756098,0.0,0,9,2,994.915283203125
37,0.8048780487804879,0.0,0,9,2,994.915283203125
38,0.853658536585366,0.0,0,9,2,994.915283203125
39,0.902439024390244,0.0,0,9,2,994.915283203125
40,0.9512195121951219,0.0,0,9,2,994.915283203125
41,1.0,0.0,0,9,2,994.915283203125
0,-1.0,0.0,1,-8,-8,994.915283203125
1,-0.9512195121951219,0.0,1,-8,-8,994.915283203125
2,-0.9024390243902439,0.0,1,-8,-8,994.915283203125
3,-0.8536585365853658,0.0,1,-8,-8,994.915283203125
4,-0.8048780487804879,0.0,1,-8,-8,994.915283203125
5,-0.7560975609756098,0.0,1,-8,-8,994.915283203125
6,-0.7073170731707317,0.0,1,-8,-8,994.915283203125
7,-0.6585365853658536,0.0,1,-8,-8,994.915283203125
8,-0.6097560975609756,0.0,1,-8,-8,994.915283203125
9,-0.5609756097560976,0.0,1,-8,-8,994.915283203125
10,-0.5121951219512195,0.0,1,-8,-8,994.915283203125
11,-0.46341463414634143,0.0,1,-8,-8,994.915283203125
12,-0.41463414634146334,0.0,1,-8,-8,994.915283203125
13,-0.36585365853658536,0.0,1,-8,-8,994.915283203125
14,-0.31707317073170727,0.0,1,-8,-8,994.915283203125
15,-0.2682926829268293,0.0,1,-8,-8,994.915283203125
16,-0.2195121951219512,0.0,1,-8,-8,994.915283203125
17,-0.1707317073170731,0.0,1,-8,-8,994.915283203125
18,-0.12195121951219512,0.0,1,-8,-8,994.915283203125
19,-0.07317073170731703,0.0,1,-8,-8,994.915283203125
20,-0.024390243902439046,4.34322600995074e-07,1,-8,-8,994.915283203125
21,0.024390243902439046,1.7198233308590716e-06,1,-8,-8,994.915283203125
22,0.07317073170731714,4.918315426039044e-07,1,-8,-8,994.915283203125
23,0.12195121951219523,9.628960242480389e-07,1,-8,-8,994.915283203125
24,0.17073170731707332,5.780560741186491e-08,1,-8,-8,994.915283203125
25,0.2195121951219512,3.6433050354389707e-06,1,-8,-8,994.915283203125
26,0.2682926829268293,7.489457857445814e-06,1,-8,-8,994.915283203125
27,0.3170731707317074,4.677401648223167e-06,1,-8,-8,994.915283203125
28,0.36585365853658547,7.068609647831181e-06,1,-8,-8,994.915283203125
29,0.41463414634146356,3.8915131881367415e-06,1,-8,-8,994.915283203125
30,0.46341463414634143,2.311322759851464e-06,1,-8,-8,994.915283203125
31,0.5121951219512195,7.546321967311087e-08,1,-8,-8,994.915283203125
32,0.5609756097560976,0.00034095902810804546,1,-8,-8,994.915283203125
33,0.6097560975609757,6.518936424981803e-05,1,-8,-8,994.915283203125
34,0.6585365853658538,0.0001245336898136884,1,-8,-8,994.915283203125
35,0.7073170731707317,6.83793814459932e-06,1,-8,-8,994.915283203125
36,0.7560975609756098,4.7045809878909495e-06,1,-8,-8,994.915283203125
37,0.8048780487804879,7.202713163678709e-07,1,-8,-8,994.915283203125
38,0.853658536585366,1.6521232737432e-07,1,-8,-8,994.915283203125
39,0.902439024390244,1.1847960195154883e-06,1,-8,-8,994.915283203125
40,0.9512195121951219,1.2119382972741732e-06,1,-8,-8,994.915283203125
41,1.0,1.081237996913842e-06,1,-8,-8,994.915283203125
0,-1.0,9.864686944638379e-06,1,-8,-7,994.915283203125
1,-0.9512195121951219,1.7844147805590183e-05,1,-8,-7,994.915283203125
2,-0.9024390243902439,6.970692629693076e-05,1,-8,-7,994.915283203125
3,-0.8536585365853658,1.6151003364939243e-05,1,-8,-7,994.915283203125
4,-0.8048780487804879,0.0007234172662720084,1,-8,-7,994.915283203125
5,-0.7560975609756098,0.00011592708324315026,1,-8,-7,994.915283203125
6,-0.7073170731707317,6.412863058358198e-06,1,-8,-7,994.915283203125
7,-0.6585365853658536,1.0265084711136296e-06,1,-8,-7,994.915283203125
8,-0.6097560975609756,1.372370661556488e-06,1,-8,-7,994.915283203125
9,-0.5609756097560976,1.2577712595884805e-06,1,-8,-7,994.915283203125
10,-0.5121951219512195,1.0577898592600832e-06,1,-8,-7,994.915283203125
11,-0.46341463414634143,1.1582514503061248e-07,1,-8,-7,994.915283203125
12,-0.41463414634146334,9.52019547639793e-07,1,-8,-7,994.915283203125
13,-0.36585365853658536,2.4933456188591663e-07,1,-8,-7,994.915283203125
14,-0.31707317073170727,2.2608653580391547e-06,1,-8,-7,994.915283203125
15,-0.2682926829268293,9.482645850766858e-07,1,-8,-7,994.915283203125
16,-0.2195121951219512,2.6269242425769335e-06,1,-8,-7,994.915283203125
17,-0.1707317073170731,0.0,1,-8,-7,994.915283203125
18,-0.12195121951219512,0.0,1,-8,-7,994.915283203125
19,-0.07317073170731703,0.0,1,-8,-7,994.915283203125
20,-0.024390243902439046,0.0,1,-8,-7,994.915283203125
21,0.024390243902439046,0.0,1,-8,-7,994.915283203125
22,0.07317073170731714,0.0,1,-8,-7,994.915283203125
23,0.12195121951219523,0.0,1,-8,-7,994.915283203125
24,0.17073170731707332,0.0,1,-8,-7,994.915283203125
25,0.2195121951219512,0.0,1,-8,-7,994.915283203125
26,0.2682926829268293,0.0,1,-8,-7,994.915283203125
27,0.3170731707317074,0.0,1,-8,-7,994.915283203125
28,0.36585365853658547,0.0,1,-8,-7,994.915283203125
29,0.41463414634146356,0.0,1,-8,-7,994.915283203125
30,0.46341463414634143,0.0,1,-8,-7,994.915283203125
31,0.5121951219512195,0.0,1,-8,-7,994.915283203125
32,0.5609756097560976,0.0,1,-8,-7,994.915283203125
33,0.6097560975609757,0.0,1,-8,-7,994.915283203125
34,0.6585365853658538,0.0,1,-8,-7,994.915283203125
35,0.7073170731707317,0.0,1,-8,-7,994.915283203125
36,0.7560975609756098,0.0,1,-8,-7,994.915283203125
37,0.8048780487804879,0.0,1,-8,-7,994.915283203125
38,0.853658536585366,0.0,1,-8,-7,994.915283203125
39,0.902439024390244,0.0,1,-8,-7,994.915283203125
40,0.9512195121951219,0.0,1,-8,-7,994.915283203125
41,1.0,0.0,1,-8,-7,994.915283203125
0,-1.0,0.0,1,-7,-7,994.915283203125
1,-0.9512195121951219,0.0,1,-7,-7,994.915283203125
2,-0.9024390243902439,0.0,1,-7,-7,994.915283203125
3,-0.8536585365853658,0.0,1,-7,-7,994.915283203125
4,-0.8048780487804879,0.0,1,-7,-7,994.915283203125
5,-0.7560975609756098,0.0,1,-7,-7,994.915283203125
6,-0.7073170731707317,0.0,1,-7,-7,994.915283203125
7,-0.6585365853658536,1.9561344544172243e-08,1,-7,-7,994.915283203125
8,-0.6097560975609756,3.7293074228728074e-07,1,-7,-7,994.915283203125
9,-0.5609756097560976,4.7557568905176595e-06,1,-7,-7,994.915283203125
10,-0.5121951219512195,1.608405727893114e-05,1,-7,-7,994.915283203125
11,-0.46341463414634143,1.558459916850552e-05,1,-7,-7,994.915283203125
12,-0.41463414634146334,1.631561463000253e-05,1,-7,-7,994.915283203125
13,-0.36585365853658536,2.43686226895079e-05,1,-7,-7,994.915283203125
14,-0.31707317073170727,1.84059827006422e-05,1,-7,-7,994.915283203125
15,-0.2682926829268293,2.0858544303337112e-05,1,-7,-7,994.915283203125
16,-0.2195121951219512,2.2838785298517905e-05,1,-7,-7,994.915283203125
17,-0.1707317073170731,6.854941602796316e-06,1,-7,-7,994.915283203125
18,-0.12195121951219512,4.6845892939018086e-05,1,-7,-7,994.915283203125
19,-0.07317073170731703,3.4030347251245985e-06,1,-7,-7,994.915283203125
20,-0.024390243902439046,3.7325899029383436e-06,1,-7,-7,994.915283203125
21,0.024390243902439046,0.0003841194848064333,1,-7,-7,994.915283203125
22,0.07317073170731714,9.15305208764039e-05,1,-7,-7,994.915283203125
23,0.12195121951219523,0.0003926497302018106,1,-7,-7,994.915283203125
24,0.17073170731707332,1.0797406275742105e-06,1,-7,-7,994.915283203125
25,0.2195121951219512,9.169156101052067e-08,1,-7,-7,994.915283203125
26,0.2682926829268293,2.493006832082756e-07,1,-7,-7,994.915283203125
27,0.3170731707317074,9.398188922205009e-06,1,-7,-7,994.915283203125
28,0.36585365853658547,2.854075091818231e-07,1,-7,-7,994.915283203125
29,0.41463414634146356,2.7523103085513867e-07,1,-7,-7,994.915283203125
30,0.46341463414634143,1.539976437925361e-06,1,-7,-7,994.915283203125
31,0.5121951219512195,1.0763677664726856e-06,1,-7,-7,994.915283203125
32,0.5609756097560976,1.0239768499786805e-07,1,-7,-7,994.915283203125
33,0.6097560975609757,1.2549882058010553e-06,1,-7,-7,994.915283203125
34,0.6585365853658538,1.4501113582809921e-05,1,-7,-7,994.915283203125
35,0.7073170731707317,2.0754839624714805e-06,1,-7,-7,994.915283203125
36,0.7560975609756098,0.0,1,-7,-7,994.915283203125
37,0.8048780487804879,0.0,1,-7,-7,994.915283203125
38,0.853658536585366,0.0,1,-7,-7,994.915283203125
39,0.902439024390244,0.0,1,-7,-7,994.915283203125
40,0.9512195121951219,0.0,1,-7,-7,994.915283203125
41,1.0,0.0,1,-7,-7,994.915283203125
0,-1.0,0.00010719083365984261,1,-6,-6,994.915283203125
1,-0.9512195121951219,0.00016758190758991987,1,-6,-6,994.915283203125
2,-0.9024390243902439,0.00015924869512673467,1,-6,-6,994.915283203125
3,-0.8536585365853658,0.0018993484554812312,1,-6,-6,994.915283203125
4,-0.8048780487804879,0.017108922824263573,1,-6,-6,994.915283203125
5,-0.7560975609756098,0.06016279757022858,1,-6,-6,994.915283203125
6,-0.7073170731707317,0.0014959656400606036,1,-6,-6,994.915283203125
7,-0.6585365853658536,0.00024732554447837174,1,-6,-6,994.915283203125
8,-0.6097560975609756,4.009513577329926e-05,1,-6,-6,994.915283203125
9,-0.5609756097560976,1.1394674402254168e-05,1,-6,-6,994.915283203125
10,-0.5121951219512195,5.624957793770591e-06,1,-6,-6,994.915283203125
11,-0.46341463414634143,1.0300451322109438e-05,1,-6,-6,994.915283203125
12,-0.41463414634146334,3.951802227675216e-06,1,-6,-6,994.915283203125
13,-0.36585365853658536,1.3962294360680971e-05,1,-6,-6,994.915283203125
14,-0.31707317073170727,1.4898816971253837e-06,1,-6,-6,994.915283203125
15,-0.2682926829268293,8.689797141414601e-06,1,-6,-6,994.915283203125
16,-0.2195121951219512,1.3800551641907077e-05,1,-6,-6,994.915283203125
17,-0.1707317073170731,1.8747534795693355e-06,1,-6,-6,994.915283203125
18,-0.12195121951219512,3.949026904592756e-06,1,-6,-6,994.915283203125
19,-0.07317073170731703,6.698774996038992e-06,1,-6,-6,994.915283203125
20,-0.024390243902439046,3.89991009797086e-06,1,-6,-6,994.915283203125
21,0.024390243902439046,4.922233074466931e-06,1,-6,-6,994.915283203125
22,0.07317073170731714,0.0,1,-6,-6,994.915283203125
23,0.12195121951219523,0.0,1,-6,-6,994.915283203125
24,0.17073170731707332,0.0,1,-6,-6,994.915283203125
25,0.2195121951219512,0.0,1,-6,-6,994.915283203125
26,0.2682926829268293,0.0,1,-6,-6,994.915283203125
27,0.3170731707317074,0.0,1,-6,-6,994.915283203125
28,0.36585365853658547,0.0,1,-6,-6,994.915283203125
29,0.41463414634146356,0.0,1,-6,-6,994.915283203125
30,0.46341463414634143,0.0,1,-6,-6,994.915283203125
31,0.5121951219512195,0.0,1,-6,-6,994.915283203125
32,0.5609756097560976,0.0,1,-6,-6,994.915283203125
33,0.6097560975609757,0.0,1,-6,-6,994.915283203125
34,0.6585365853658538,0.0,1,-6,-6,994.915283203125
35,0.7073170731707317,0.0,1,-6,-6,994.915283203125
36,0.7560975609756098,0.0,1,-6,-6,994.915283203125
37,0.8048780487804879,0.0,1,-6,-6,994.915283203125
38,0.853658536585366,0.0,1,-6,-6,994.915283203125
39,0.902439024390244,0.0,1,-6,-6,994.915283203125
40,0.9512195121951219,0.0,1,-6,-6,994.915283203125
41,1.0,0.0,1,-6,-6,994.915283203125
0,-1.0,0.0,1,-5,-6,994.915283203125
1,-0.9512195121951219,0.0,1,-5,-6,994.915283203125
2,-0.9024390243902439,0.0,1,-5,-6,994.915283203125
3,-0.8536585365853658,0.0,1,-5,-6,994.915283203125
4,-0.8048780487804879,0.0,1,-5,-6,994.915283203125
5,-0.7560975609756098,0.0,1,-5,-6,994.915283203125
6,-0.7073170731707317,0.0,1,-5,-6,994.915283203125
7,-0.6585365853658536,8.447157284763307e-08,1,-5,-6,994.915283203125
8,-0.6097560975609756,1.6551916814933065e-07,1,-5,-6,994.915283203125
9,-0.5609756097560976,6.238818514248123e-06,1,-5,-6,994.915283203125
10,-0.5121951219512195,1.845762199081946e-05,1,-5,-6,994.915283203125
11,-0.46341463414634143,5.0907732656924054e-05,1,-5,-6,994.915283203125
12,-0.41463414634146334,6.350596322590718e-06,1,-5,-6,994.915283203125
13,-0.36585365853658536,7.122608167264843e-06,1,-5,-6,994.915283203125
14,-0.31707317073170727,3.7221586808300344e-06,1,-5,-6,994.915283203125
15,-0.2682926829268293,3.3144901863124687e-06,1,-5,-6,994.915283203125
16,-0.2195121951219512,4.023901965410914e-06,1,-5,-6,994.915283203125
17,-0.1707317073170731,1.3065194082173548e-07,1,-5,-6,994.915283203125
18,-0.12195121951219512,1.8352434949520102e-07,1,-5,-6,994.915283203125
19,-0.07317073170731703,1.0729017958510667e-06,1,-5,-6,994.915283203125
20,-0.024390243902439046,1.704431269899942e-06,1,-5,-6,994.915283203125
21,0.024390243902439046,2.3091467937774723e-07,1,-5,-6,994.915283203125
22,0.07317073170731714,3.635225584730506e-05,1,-5,-6,994.915283203125
23,0.12195121951219523,0.00011421849922044203,1,-5,-6,994.915283203125
24,0.17073170731707332,0.00012414903903845698,1,-5,-6,994.915283203125
25,0.2195121951219512,2.5028277377714403e-05,1,-5,-6,994.915283203125
26,0.2682926829268293,0.00027575716376304626,1,-5,-6,994.915283203125
27,0.3170731707317074,0.0010919243795797229,1,-5,-6,994.915283203125
28,0.36585365853658547,0.000463486387161538,1,-5,-6,994.915283203125
29,0.41463414634146356,9.84210564638488e-05,1,-5,-6,994.915283203125
30,0.46341463414634143,0.0003132368437945843,1,-5,-6,994.915283203125
31,0.5121951219512195,4.054634700878523e-05,1,-5,-6,994.915283203125
32,0.5609756097560976,1.0524826393520925e-05,1,-5,-6,994.915283203125
33,0.6097560975609757,1.288778457819717e-05,1,-5,-6,994.915283203125
34,0.6585365853658538,3.673647142932168e-06,1,-5,-6,994.915283203125
35,0.7073170731707317,2.1223650037427433e-06,1,-5,-6,994.915283203125
36,0.7560975609756098,5.298770247463835e-06,1,-5,-6,994.915283203125
37,0.8048780487804879,2.6226941827189876e-06,1,-5,-6,994.915283203125
38,0.853658536585366,2.874699703170336e-06,1,-5,-6,994.915283203125
39,0.902439024390244,2.236256932519609e-06,1,-5,-6,994.915283203125
40,0.9512195121951219,1.4068599796246417e-07,1,-5,-6,994.915283203125
41,1.0,1.6338852219632827e-05,1,-5,-6,994.915283203125
0,-1.0,6.811478669987991e-05,1,-3,-5,994.915283203125
1,-0.9512195121951219,3.026575723197311e-05,1,-3,-5,994.915283203125
2,-0.9024390243902439,5.0812650442821905e-05,1,-3,-5,994.915283203125
3,-0.8536585365853658,4.0465198253514245e-05,1,-3,-5,994.915283203125
4,-0.8048780487804879,2.8575635951710865e-05,1,-3,-5,994.915283203125
5,-0.7560975609756098,0.00018503023602534086,1,-3,-5,994.915283203125
6,-0.7073170731707317,3.753289638552815e-05,1,-3,-5,994.915283203125
7,-0.6585365853658536,0.00010079939238494262,1,-3,-5,994.915283203125
8,-0.6097560975609756,2.8591379304998554e-05,1,-3,-5,994.915283203125
9,-0.5609756097560976,0.00010985428525600582,1,-3,-5,994.915283203125
10,-0.5121951219512195,7.734083595778429e-08,1,-3,-5,994.915283203125
11,-0.46341463414634143,0.00014364391972776502,1,-3,-5,994.915283203125
12,-0.41463414634146334,2.7770583983510733e-05,1,-3,-5,994.915283203125
13,-0.36585365853658536,0.00018035863467957824,1,-3,-5,994.915283203125
14,-0.31707317073170727,0.00010823914635693654,1,-3,-5,994.915283203125
15,-0.2682926829268293,0.0002963895385619253,1,-3,-5,994.915283203125
16,-0.2195121951219512,0.00011032869224436581,1,-3,-5,994.915283203125
17,-0.1707317073170731,0.0003765150613617152,1,-3,-5,994.915283203125
18,-0.12195121951219512,7.62170457164757e-05,1,-3,-5,994.915283203125
19,-0.07317073170731703,0.00015422982687596232,1,-3,-5,994.915283203125
20,-0.024390243902439046,5.44290742254816e-07,1,-3,-5,994.915283203125
21,0.024390243902439046,0.000530107063241303,1,-3,-5,994.915283203125
22,0.07317073170731714,0.00018953409744426608,1,-3,-5,994.915283203125
23,0.12195121951219523,0.0006643287488259375,1,-3,-5,994.915283203125
24,0.17073170731707332,0.0005777355399914086,1,-3,-5,994.915283203125
25,0.2195121951219512,0.0003035227709915489,1,-3,-5,994.915283203125
26,0.2682926829268293,0.0006292324978858232,1,-3,-5,994.915283203125
27,0.3170731707317074,0.0008850071462802589,1,-3,-5,994.915283203125
28,0.36585365853658547,0.005369485355913639,1,-3,-5,994.915283203125
29,0.41463414634146356,0.0005439712549559772,1,-3,-5,994.915283203125
30,0.46341463414634143,0.04373430088162422,1,-3,-5,994.915283203125
31,0.5121951219512195,0.07934080809354782,1,-3,-5,994.915283203125
32,0.5609756097560976,0.007433257065713406,1,-3,-5,994.915283203125
33,0.6097560975609757,0.006290270946919918,1,-3,-5,994.915283203125
34,0.6585365853658538,0.00017349612608086318,1,-3,-5,994.915283203125
35,0.7073170731707317,0.0025242052506655455,1,-3,-5,994.915283203125
36,0.7560975609756098,3.236333577660844e-05,1,-3,-5,994.915283203125
37,0.8048780487804879,0.0034024862106889486,1,-3,-5,994.915283203125
38,0.853658536585366,0.0003178937186021358,1,-3,-5,994.915283203125
39,0.902439024390244,0.000245018134592101,1,-3,-5,994.915283203125
40,0.9512195121951219,0.00035754169221036136,1,-3,-5,994.915283203125
41,1.0,7.852408452890813e-05,1,-3,-5,994.915283203125
0,-1.0,0.014274227432906628,1,-1,-4,994.915283203125
1,-0.9512195121951219,0.00081999646499753,1,-1,-4,994.915283203125
2,-0.9024390243902439,0.054061196744441986,1,-1,-4,994.915283203125
3,-0.8536585365853658,0.053366612643003464,1,-1,-4,994.915283203125
4,-0.8048780487804879,0.0031215909402817488,1,-1,-4,994.915283203125
5,-0.7560975609756098,0.00579618476331234,1,-1,-4,994.915283203125
6,-0.7073170731707317,0.010649550706148148,1,-1,-4,994.915283203125
7,-0.6585365853658536,0.08160946518182755,1,-1,-4,994.915283203125
8,-0.6097560975609756,0.20405066013336182,1,-1,-4,994.915283203125
9,-0.5609756097560976,0.4072011709213257,1,-1,-4,994.915283203125
10,-0.5121951219512195,0.5418460369110107,1,-1,-4,994.915283203125
11,-0.46341463414634143,0.5668222308158875,1,-1,-4,994.915283203125
12,-0.41463414634146334,0.6993144750595093,1,-1,-4,994.915283203125
13,-0.36585365853658536,0.7022929787635803,1,-1,-4,994.915283203125
14,-0.31707317073170727,0.5567452907562256,1,-1,-4,994.915283203125
15,-0.2682926829268293,0.31986698508262634,1,-1,-4,994.915283203125
16,-0.2195121951219512,0.2137342095375061,1,-1,-4,994.915283203125
17,-0.1707317073170731,0.09036854654550552,1,-1,-4,994.915283203125
18,-0.12195121951219512,0.07809799909591675,1,-1,-4,994.915283203125
19,-0.07317073170731703,0.01266202051192522,1,-1,-4,994.915283203125
20,-0.024390243902439046,0.029790647327899933,1,-1,-4,994.915283203125
21,0.024390243902439046,0.037894655019044876,1,-1,-4,994.915283203125
22,0.07317073170731714,0.02887798100709915,1,-1,-4,994.915283203125
23,0.12195121951219523,0.013903425075113773,1,-1,-4,994.915283203125
24,0.17073170731707332,0.000180590694071725,1,-1,-4,994.915283203125
25,0.2195121951219512,0.004698960110545158,1,-1,-4,994.915283203125
26,0.2682926829268293,0.0024806673172861338,1,-1,-4,994.915283203125
27,0.3170731707317074,0.014105059206485748,1,-1,-4,994.915283203125
28,0.36585365853658547,0.014353946782648563,1,-1,-4,994.915283203125
29,0.41463414634146356,0.010537337511777878,1,-1,-4,994.915283203125
30,0.46341463414634143,0.0031243260018527508,1,-1,-4,994.915283203125
31,0.5121951219512195,0.00015841948334127665,1,-1,-4,994.915283203125
32,0.5609756097560976,0.0014889341546222568,1,-1,-4,994.915283203125
33,0.6097560975609757,0.005574923940002918,1,-1,-4,994.915283203125
34,0.6585365853658538,0.006930612493306398,1,-1,-4,994.915283203125
35,0.7073170731707317,0.007059531286358833,1,-1,-4,994.915283203125
36,0.7560975609756098,0.0028463241178542376,1,-1,-4,994.915283203125
37,0.8048780487804879,0.0004993699258193374,1,-1,-4,994.915283203125
38,0.853658536585366,3.06278197967913e-05,1,-1,-4,994.915283203125
39,0.902439024390244,0.0014301061164587736,1,-1,-4,994.915283203125
40,0.9512195121951219,0.003817967837676406,1,-1,-4,994.915283203125
41,1.0,0.003851387882605195,1,-1,-4,994.915283203125
0,-1.0,0.0002082904684357345,1,2,-3,994.915283203125
1,-0.9512195121951219,0.0009841813007369637,1,2,-3,994.915283203125
2,-0.9024390243902439,0.0004965278203599155,1,2,-3,994.915283203125
3,-0.8536585365853658,0.0006413936498574913,1,2,-3,994.915283203125
4,-0.8048780487804879,0.0006633874145336449,1,2,-3,994.915283203125
5,-0.7560975609756098,1.9005625290446915e-05,1,2,-3,994.915283203125
6,-0.7073170731707317,0.00261265248991549,1,2,-3,994.915283203125
7,-0.6585365853658536,4.58568028989248e-05,1,2,-3,994.915283203125
8,-0.6097560975609756,0.001957331784069538,1,2,-3,994.915283203125
9,-0.5609756097560976,0.0021790754981338978,1,2,-3,994.915283203125
10,-0.5121951219512195,0.0008768683765083551,1,2,-3,994.915283203125
11,-0.46341463414634143,0.006644740235060453,1,2,-3,994.915283203125
12,-0.41463414634146334,0.000444957084255293,1,2,-3,994.915283203125
13,-0.36585365853658536,0.029290664941072464,1,2,-3,994.915283203125
14,-0.31707317073170727,0.005839252378791571,1,2,-3,994.915283203125
15,-0.2682926829268293,0.06442292779684067,1,2,-3,994.915283203125
16,-0.2195121951219512,0.033839333802461624,1,2,-3,994.915283203125
17,-0.1707317073170731,0.34043505787849426,1,2,-3,994.915283203125
18,-0.12195121951219512,0.7706831097602844,1,2,-3,994.915283203125
19,-0.07317073170731703,0.5093372464179993,1,2,-3,994.915283203125
20,-0.024390243902439046,0.03728507459163666,1,2,-3,994.915283203125
21,0.024390243902439046,0.04601820185780525,1,2,-3,994.915283203125
22,0.07317073170731714,0.02554984577000141,1,2,-3,994.915283203125
23,0.12195121951219523,0.006774210836738348,1,2,-3,994.915283203125
24,0.17073170731707332,0.016245223581790924,1,2,-3,994.915283203125
25,0.2195121951219512,0.0008668382070027292,1,2,-3,994.915283203125
26,0.2682926829268293,0.0013962254161015153,1,2,-3,994.915283203125
27,0.3170731707317074,4.3642121454468e-05,1,2,-3,994.915283203125
28,0.36585365853658547,0.003960003145039082,1,2,-3,994.915283203125
29,0.41463414634146356,0.0011279243044555187,1,2,-3,994.915283203125
30,0.46341463414634143,0.0036642325576394796,1,2,-3,994.915283203125
31,0.5121951219512195,0.0010778639698401093,1,2,-3,994.915283203125
32,0.5609756097560976,0.000977644114755094,1,2,-3,994.915283203125
33,0.6097560975609757,0.0016683179419487715,1,2,-3,994.915283203125
34,0.6585365853658538,4.452209759620018e-05,1,2,-3,994.915283203125
35,0.7073170731707317,0.0022177044302225113,1,2,-3,994.915283203125
36,0.7560975609756098,7.646413905604277e-06,1,2,-3,994.915283203125
37,0.8048780487804879,0.0014332107966765761,1,2,-3,994.915283203125
38,0.853658536585366,0.00022883152996655554,1,2,-3,994.915283203125
39,0.902439024390244,0.00044905292452313006,1,2,-3,994.915283203125
40,0.9512195121951219,0.0003748700546566397,1,2,-3,994.915283203125
41,1.0,0.00015469275240320712,1,2,-3,994.915283203125
0,-1.0,0.0,1,5,-2,994.915283203125
1,-0.9512195121951219,0.0,1,5,-2,994.915283203125
2,-0.9024390243902439,0.0,1,5,-2,994.915283203125
3,-0.8536585365853658,0.0,1,5,-2,994.915283203125
4,-0.8048780487804879,0.0,1,5,-2,994.915283203125
5,-0.7560975609756098,0.0,1,5,-2,994.915283203125
6,-0.7073170731707317,0.0,1,5,-2,994.915283203125
7,-0.6585365853658536,0.0,1,5,-2,994.915283203125
8,-0.6097560975609756,0.0,1,5,-2,994.915283203125
9,-0.5609756097560976,0.0,1,5,-2,994.915283203125
10,-0.5121951219512195,0.0,1,5,-2,994.915283203125
11,-0.46341463414634143,2.116902123816544e-06,1,5,-2,994.915283203125
12,-0.41463414634146334,1.5221919511532178e-06,1,5,-2,994.915283203125
13,-0.36585365853658536,9.85340193437878e-06,1,5,-2,994.915283203125
14,-0.31707317073170727,3.491543793643359e-06,1,5,-2,994.915283203125
15,-0.2682926829268293,1.8856882888940163e-05,1,5,-2,994.915283203125
16,-0.2195121951219512,1.7156409739982337e-05,1,5,-2,994.915283203125
17,-0.1707317073170731,8.17330801510252e-05,1,5,-2,994.915283203125
18,-0.12195121951219512,0.0002824449329636991,1,5,-2,994.915283203125
19,-0.07317073170731703,0.00020984488946851343,1,5,-2,994.915283203125
20,-0.024390243902439046,4.6026113409425307e-07,1,5,-2,994.915283203125
21,0.024390243902439046,9.291137757827528e-06,1,5,-2,994.915283203125
22,0.07317073170731714,7.953357453516219e-06,1,5,-2,994.915283203125
23,0.12195121951219523,5.396626147557981e-05,1,5,-2,994.915283203125
24,0.17073170731707332,1.3529541320167482e-05,1,5,-2,994.915283203125
25,0.2195121951219512,0.0009350294712930918,1,5,-2,994.915283203125
26,0.2682926829268293,0.0009120830218307674,1,5,-2,994.915283203125
27,0.3170731707317074,0.00022336887195706367,1,5,-2,994.915283203125
28,0.36585365853658547,0.0006805553566664457,1,5,-2,994.915283203125
29,0.41463414634146356,0.004764656536281109,1,5,-2,994.915283203125
30,0.46341463414634143,0.008838661946356297,1,5,-2,994.915283203125
31,0.5121951219512195,0.0006877677515149117,1,5,-2,994.915283203125
32,0.5609756097560976,0.0005798542406409979,1,5,-2,994.915283203125
33,0.6097560975609757,0.00012204806262161583,1,5,-2,994.915283203125
34,0.6585365853658538,0.0005308538093231618,1,5,-2,994.915283203125
35,0.7073170731707317,0.0008315606974065304,1,5,-2,994.915283203125
36,0.7560975609756098,0.0004779272712767124,1,5,-2,994.915283203125
37,0.8048780487804879,2.244843381049577e-05,1,5,-2,994.915283203125
38,0.853658536585366,0.00042145230690948665,1,5,-2,994.915283203125
39,0.902439024390244,5.281862468109466e-05,1,5,-2,994.915283203125
40,0.9512195121951219,0.00010010729602072388,1,5,-2,994.915283203125
41,1.0,1.1142993571411353e-05,1,5,-2,994.915283203125
0,-1.0,0.0,1,6,-2,994.915283203125
1,-0.9512195121951219,0.0,1,6,-2,994.915283203125
2,-0.9024390243902439,0.0,1,6,-2,994.915283203125
3,-0.8536585365853658,0.0,1,6,-2,994.915283203125
4,-0.8048780487804879,2.524951128179964e-07,1,6,-2,994.915283203125
5,-0.7560975609756098,2.8278020636207657e-07,1,6,-2,994.915283203125
6,-0.7073170731707317,1.3201673709772876e-06,1,6,-2,994.915283203125
7,-0.6585365853658536,3.8634839256701525e-06,1,6,-2,994.915283203125
8,-0.6097560975609756,4.1558445218470297e-07,1,6,-2,994.915283203125
9,-0.5609756097560976,2.3038539893605048e-06,1,6,-2,994.915283203125
10,-0.5121951219512195,6.955104936423595e-07,1,6,-2,994.915283203125
11,-0.46341463414634143,2.2463082132162526e-06,1,6,-2,994.915283203125
12,-0.41463414634146334,6.398372534022201e-07,1,6,-2,994.915283203125
13,-0.36585365853658536,2.6103712116309907e-06,1,6,-2,994.915283203125
14,-0.31707317073170727,2.035218130913563e-06,1,6,-2,994.915283203125
15,-0.2682926829268293,5.2532588597387075e-05,1,6,-2,994.915283203125
16,-0.2195121951219512,2.5988319976022467e-06,1,6,-2,994.915283203125
17,-0.1707317073170731,4.546792752080364e-06,1,6,-2,994.915283203125
18,-0.12195121951219512,1.3598309124063235e-05,1,6,-2,994.915283203125
19,-0.07317073170731703,2.804291943903081e-05,1,6,-2,994.915283203125
20,-0.024390243902439046,0.011921255849301815,1,6,-2,994.915283203125
21,0.024390243902439046,0.00010912895231740549,1,6,-2,994.915283203125
22,0.07317073170731714,0.000107233710878063,1,6,-2,994.915283203125
23,0.12195121951219523,3.271387413406046e-06,1,6,-2,994.915283203125
24,0.17073170731707332,1.5362096746684983e-05,1,6,-2,994.915283203125
25,0.2195121951219512,1.933597741299309e-05,1,6,-2,994.915283203125
26,0.2682926829268293,3.507219616949442e-07,1,6,-2,994.915283203125
27,0.3170731707317074,1.905927888401493e-06,1,6,-2,994.915283203125
28,0.36585365853658547,1.9290343971078983e-06,1,6,-2,994.915283203125
29,0.41463414634146356,4.537692348094424e-06,1,6,-2,994.915283203125
30,0.46341463414634143,6.4367409322585445e-06,1,6,-2,994.915283203125
31,0.5121951219512195,3.884949819621397e-06,1,6,-2,994.915283203125
32,0.5609756097560976,4.255006444964238e-07,1,6,-2,994.915283203125
33,0.6097560975609757,1.0717922123149037e-06,1,6,-2,994.915283203125
34,0.6585365853658538,1.89916036674731e-07,1,6,-2,994.915283203125
35,0.7073170731707317,8.426346767009818e-07,1,6,-2,994.915283203125
36,0.7560975609756098,0.0,1,6,-2,994.915283203125
37,0.8048780487804879,0.0,1,6,-2,994.915283203125
38,0.853658536585366,0.0,1,6,-2,994.915283203125
39,0.902439024390244,0.0,1,6,-2,994.915283203125
40,0.9512195121951219,0.0,1,6,-2,994.915283203125
41,1.0,0.0,1,6,-2,994.915283203125
0,-1.0,5.7275162390624246e-08,1,7,-2,994.915283203125
1,-0.9512195121951219,3.7718345424764266e-07,1,7,-2,994.915283203125
2,-0.9024390243902439,1.8889497965801638e-08,1,7,-2,994.915283203125
3,-0.8536585365853658,4.869906433668802e-07,1,7,-2,994.915283203125
4,-0.8048780487804879,5.4627609102908536e-08,1,7,-2,994.915283203125
5,-0.7560975609756098,4.644038654078031e-06,1,7,-2,994.915283203125
6,-0.7073170731707317,4.1621888158260845e-06,1,7,-2,994.915283203125
7,-0.6585365853658536,3.085508026856587e-08,1,7,-2,994.915283203125
8,-0.6097560975609756,5.974582109047333e-07,1,7,-2,994.915283203125
9,-0.5609756097560976,1.0322723937861156e-06,1,7,-2,994.915283203125
10,-0.5121951219512195,1.0759953511296771e-05,1,7,-2,994.915283203125
11,-0.46341463414634143,6.390245061993483e-07,1,7,-2,994.915283203125
12,-0.41463414634146334,4.126539352000691e-05,1,7,-2,994.915283203125
13,-0.36585365853658536,3.140308035654016e-05,1,7,-2,994.915283203125
14,-0.31707317073170727,0.0007187133887782693,1,7,-2,994.915283203125
15,-0.2682926829268293,3.714475315064192e-05,1,7,-2,994.915283203125
16,-0.2195121951219512,2.14275200960401e-06,1,7,-2,994.915283203125
17,-0.1707317073170731,1.862879071268253e-05,1,7,-2,994.915283203125
18,-0.12195121951219512,1.7703727053230978e-06,1,7,-2,994.915283203125
19,-0.07317073170731703,7.454162300746248e-07,1,7,-2,994.915283203125
20,-0.024390243902439046,1.1918179552594665e-05,1,7,-2,994.915283203125
21,0.024390243902439046,1.1024559398720157e-06,1,7,-2,994.915283203125
22,0.07317073170731714,1.6909672240217333e-07,1,7,-2,994.915283203125
23,0.12195121951219523,6.615280199184781e-07,1,7,-2,994.915283203125
24,0.17073170731707332,1.6670339846314164e-06,1,7,-2,994.915283203125
25,0.2195121951219512,3.0487904041365255e-06,1,7,-2,994.915283203125
26,0.2682926829268293,2.7958851660514483e-06,1,7,-2,994.915283203125
27,0.3170731707317074,6.088357622502372e-06,1,7,-2,994.915283203125
28,0.36585365853658547,0.0,1,7,-2,994.915283203125
29,0.41463414634146356,0.0,1,7,-2,994.915283203125
30,0.46341463414634143,0.0,1,7,-2,994.915283203125
31,0.5121951219512195,0.0,1,7,-2,994.915283203125
32,0.5609756097560976,0.0,1,7,-2,994.915283203125
33,0.6097560975609757,0.0,1,7,-2,994.915283203125
34,0.6585365853658538,0.0,1,7,-2,994.915283203125
35,0.7073170731707317,0.0,1,7,-2,994.915283203125
36,0.7560975609756098,0.0,1,7,-2,994.915283203125
37,0.8048780487804879,0.0,1,7,-2,994.915283203125
38,0.853658536585366,0.0,1,7,-2,994.915283203125
39,0.902439024390244,0.0,1,7,-2,994.915283203125
40,0.9512195121951219,0.0,1,7,-2,994.915283203125
41,1.0,0.0,1,7,-2,994.915283203125
0,-1.0,7.233646215354383e-07,1,8,-2,994.915283203125
1,-0.9512195121951219,1.7375967217958532e-05,1,8,-2,994.915283203125
2,-0.9024390243902439,4.226162673148792e-06,1,8,-2,994.915283203125
3,-0.8536585365853658,1.1667278840832296e-06,1,8,-2,994.915283203125
4,-0.8048780487804879,2.992328518303111e-06,1,8,-2,994.915283203125
5,-0.7560975609756098,4.026813371638127e-07,1,8,-2,994.915283203125
6,-0.7073170731707317,2.1397401724243537e-05,1,8,-2,994.915283203125
7,-0.6585365853658536,4.1432143916608766e-05,1,8,-2,994.915283203125
8,-0.6097560975609756,7.4976328505727e-06,1,8,-2,994.915283203125
9,-0.5609756097560976,0.00022856074792798609,1,8,-2,994.915283203125
10,-0.5121951219512195,0.00462491437792778,1,8,-2,994.915283203125
11,-0.46341463414634143,0.00025497114984318614,1,8,-2,994.915283203125
12,-0.41463414634146334,9.887170563160907e-06,1,8,-2,994.915283203125
13,-0.36585365853658536,3.8865709939273074e-06,1,8,-2,994.915283203125
14,-0.31707317073170727,2.3167238396126777e-05,1,8,-2,994.915283203125
15,-0.2682926829268293,1.9754324966925196e-06,1,8,-2,994.915283203125
16,-0.2195121951219512,1.5007319689175347e-06,1,8,-2,994.915283203125
17,-0.1707317073170731,6.074012617318658e-06,1,8,-2,994.915283203125
18,-0.12195121951219512,3.533411074840842e-07,1,8,-2,994.915283203125
19,-0.07317073170731703,9.364557627122849e-07,1,8,-2,994.915283203125
20,-0.024390243902439046,9.631018656364176e-06,1,8,-2,994.915283203125
21,0.024390243902439046,5.520843728845648e-07,1,8,-2,994.915283203125
22,0.07317073170731714,1.7215354546351591e-06,1,8,-2,994.915283203125
23,0.12195121951219523,0.0,1,8,-2,994.915283203125
24,0.17073170731707332,0.0,1,8,-2,994.915283203125
25,0.2195121951219512,0.0,1,8,-2,994.915283203125
26,0.2682926829268293,0.0,1,8,-2,994.915283203125
27,0.3170731707317074,0.0,1,8,-2,994.915283203125
28,0.36585365853658547,0.0,1,8,-2,994.915283203125
29,0.41463414634146356,0.0,1,8,-2,994.915283203125
30,0.46341463414634143,0.0,1,8,-2,994.915283203125
31,0.5121951219512195,0.0,1,8,-2,994.915283203125
32,0.5609756097560976,0.0,1,8,-2,994.915283203125
33,0.6097560975609757,0.0,1,8,-2,994.915283203125
34,0.6585365853658538,0.0,1,8,-2,994.915283203125
35,0.7073170731707317,0.0,1,8,-2,994.915283203125
36,0.7560975609756098,0.0,1,8,-2,994.915283203125
37,0.8048780487804879,0.0,1,8,-2,994.915283203125
38,0.853658536585366,0.0,1,8,-2,994.915283203125
39,0.902439024390244,0.0,1,8,-2,994.915283203125
40,0.9512195121951219,0.0,1,8,-2,994.915283203125
41,1.0,0.0,1,8,-2,994.915283203125
0,-1.0,0.0,1,8,-1,994.915283203125
1,-0.9512195121951219,0.0,1,8,-1,994.915283203125
2,-0.9024390243902439,0.0,1,8,-1,994.915283203125
3,-0.8536585365853658,0.0,1,8,-1,994.915283203125
4,-0.8048780487804879,0.0,1,8,-1,994.915283203125
5,-0.7560975609756098,0.0,1,8,-1,994.915283203125
6,-0.7073170731707317,0.0,1,8,-1,994.915283203125
7,-0.6585365853658536,0.0,1,8,-1,994.915283203125
8,-0.6097560975609756,0.0,1,8,-1,994.915283203125
9,-0.5609756097560976,0.0,1,8,-1,994.915283203125
10,-0.5121951219512195,0.0,1,8,-1,994.915283203125
11,-0.46341463414634143,0.0,1,8,-1,994.915283203125
12,-0.41463414634146334,0.0,1,8,-1,994.915283203125
13,-0.36585365853658536,0.0,1,8,-1,994.915283203125
14,-0.31707317073170727,0.0,1,8,-1,994.915283203125
15,-0.2682926829268293,0.0,1,8,-1,994.915283203125
16,-0.2195121951219512,0.0,1,8,-1,994.915283203125
17,-0.1707317073170731,0.0,1,8,-1,994.915283203125
18,-0.12195121951219512,0.0,1,8,-1,994.915283203125
19,-0.07317073170731703,0.0,1,8,-1,994.915283203125
20,-0.024390243902439046,0.0,1,8,-1,994.915283203125
21,0.024390243902439046,0.0,1,8,-1,994.915283203125
22,0.07317073170731714,0.0,1,8,-1,994.915283203125
23,0.12195121951219523,0.0,1,8,-1,994.915283203125
24,0.17073170731707332,0.0,1,8,-1,994.915283203125
25,0.2195121951219512,0.0,1,8,-1,994.915283203125
26,0.2682926829268293,0.0,1,8,-1,994.915283203125
27,0.3170731707317074,0.0,1,8,-1,994.915283203125
28,0.36585365853658547,0.0,1,8,-1,994.915283203125
29,0.41463414634146356,8.783562179814908e-07,1,8,-1,994.915283203125
30,0.46341463414634143,5.706608021682769e-07,1,8,-1,994.915283203125
31,0.5121951219512195,1.59832723056752e-06,1,8,-1,994.915283203125
32,0.5609756097560976,1.473863022738442e-07,1,8,-1,994.915283203125
33,0.6097560975609757,2.1007824670959963e-06,1,8,-1,994.915283203125
34,0.6585365853658538,1.6654159480822273e-05,1,8,-1,994.915283203125
35,0.7073170731707317,2.4159771783160977e-06,1,8,-1,994.915283203125
36,0.7560975609756098,1.0972547897836193e-05,1,8,-1,994.915283203125
37,0.8048780487804879,1.2916050764033571e-05,1,8,-1,994.915283203125
38,0.853658536585366,8.302186870423611e-06,1,8,-1,994.915283203125
39,0.902439024390244,0.0001124105037888512,1,8,-1,994.915283203125
40,0.9512195121951219,0.0005026446306146681,1,8,-1,994.915283203125
41,1.0,0.0002572295197751373,1,8,-1,994.915283203125
0,-1.0,3.3252612752221467e-07,1,9,-2,994.915283203125
1,-0.9512195121951219,3.6028556138489876e-08,1,9,-2,994.915283203125
2,-0.9024390243902439,7.485762694159348e-07,1,9,-2,994.915283203125
3,-0.8536585365853658,9.555758424539817e-07,1,9,-2,994.915283203125
4,-0.8048780487804879,2.2425361748901196e-05,1,9,-2,994.915283203125
5,-0.7560975609756098,9.726060852699447e-06,1,9,-2,994.915283203125
6,-0.7073170731707317,1.5124511264730245e-05,1,9,-2,994.915283203125
7,-0.6585365853658536,0.00010999570076819509,1,9,-2,994.915283203125
8,-0.6097560975609756,0.0014845493715256453,1,9,-2,994.915283203125
9,-0.5609756097560976,1.5021906563106313e-07,1,9,-2,994.915283203125
10,-0.5121951219512195,1.77621805050876e-05,1,9,-2,994.915283203125
11,-0.46341463414634143,7.220809493446723e-06,1,9,-2,994.915283203125
12,-0.41463414634146334,2.3478032744606026e-06,1,9,-2,994.915283203125
13,-0.36585365853658536,3.2620844194752863e-06,1,9,-2,994.915283203125
14,-0.31707317073170727,3.179461145919049e-06,1,9,-2,994.915283203125
15,-0.2682926829268293,3.25216251439997e-06,1,9,-2,994.915283203125
16,-0.2195121951219512,1.789705834198685e-06,1,9,-2,994.915283203125
17,-0.1707317073170731,2.332673375349259e-06,1,9,-2,994.915283203125
18,-0.12195121951219512,3.973943421442527e-06,1,9,-2,994.915283203125
19,-0.07317073170731703,0.0,1,9,-2,994.915283203125
20,-0.024390243902439046,0.0,1,9,-2,994.915283203125
21,0.024390243902439046,0.0,1,9,-2,994.915283203125
22,0.07317073170731714,0.0,1,9,-2,994.915283203125
23,0.12195121951219523,0.0,1,9,-2,994.915283203125
24,0.17073170731707332,0.0,1,9,-2,994.915283203125
25,0.2195121951219512,0.0,1,9,-2,994.915283203125
26,0.2682926829268293,0.0,1,9,-2,994.915283203125
27,0.3170731707317074,0.0,1,9,-2,994.915283203125
28,0.36585365853658547,0.0,1,9,-2,994.915283203125
29,0.41463414634146356,0.0,1,9,-2,994.915283203125
30,0.46341463414634143,0.0,1,9,-2,994.915283203125
31,0.5121951219512195,0.0,1,9,-2,994.915283203125
32,0.5609756097560976,0.0,1,9,-2,994.915283203125
33,0.6097560975609757,0.0,1,9,-2,994.915283203125
34,0.6585365853658538,0.0,1,9,-2,994.915283203125
35,0.7073170731707317,0.0,1,9,-2,994.915283203125
36,0.7560975609756098,0.0,1,9,-2,994.915283203125
37,0.8048780487804879,0.0,1,9,-2,994.915283203125
38,0.853658536585366,0.0,1,9,-2,994.915283203125
39,0.902439024390244,0.0,1,9,-2,994.915283203125
40,0.9512195121951219,0.0,1,9,-2,994.915283203125
41,1.0,0.0,1,9,-2,994.915283203125
0,-1.0,0.0,1,9,-1,994.915283203125
1,-0.9512195121951219,0.0,1,9,-1,994.915283203125
2,-0.9024390243902439,0.0,1,9,-1,994.915283203125
3,-0.8536585365853658,0.0,1,9,-1,994.915283203125
4,-0.8048780487804879,0.0,1,9,-1,994.915283203125
5,-0.7560975609756098,0.0,1,9,-1,994.915283203125
6,-0.7073170731707317,0.0,1,9,-1,994.915283203125
7,-0.6585365853658536,0.0,1,9,-1,994.915283203125
8,-0.6097560975609756,0.0,1,9,-1,994.915283203125
9,-0.5609756097560976,0.0,1,9,-1,994.915283203125
10,-0.5121951219512195,0.0,1,9,-1,994.915283203125
11,-0.46341463414634143,0.0,1,9,-1,994.915283203125
12,-0.41463414634146334,0.0,1,9,-1,994.915283203125
13,-0.36585365853658536,0.0,1,9,-1,994.915283203125
14,-0.31707317073170727,0.0,1,9,-1,994.915283203125
15,-0.2682926829268293,0.0,1,9,-1,994.915283203125
16,-0.2195121951219512,0.0,1,9,-1,994.915283203125
17,-0.1707317073170731,0.0,1,9,-1,994.915283203125
18,-0.12195121951219512,0.0,1,9,-1,994.915283203125
19,-0.07317073170731703,0.0,1,9,-1,994.915283203125
20,-0.024390243902439046,0.0,1,9,-1,994.915283203125
21,0.024390243902439046,0.0,1,9,-1,994.915283203125
22,0.07317073170731714,0.0,1,9,-1,994.915283203125
23,0.12195121951219523,0.0,1,9,-1,994.915283203125
24,0.17073170731707332,0.0,1,9,-1,994.915283203125
25,0.2195121951219512,2.8550411457217706e-07,1,9,-1,994.915283203125
26,0.2682926829268293,3.6791004731639987e-07,1,9,-1,994.915283203125
27,0.3170731707317074,3.016935181676672e-07,1,9,-1,994.915283203125
28,0.36585365853658547,6.879745217958089e-09,1,9,-1,994.915283203125
29,0.41463414634146356,5.195407837277344e-08,1,9,-1,994.915283203125
30,0.46341463414634143,3.9935591189532715e-07,1,9,-1,994.915283203125
31,0.5121951219512195,5.96200493419019e-08,1,9,-1,994.915283203125
32,0.5609756097560976,4.2395750909918206e-08,1,9,-1,994.915283203125
33,0.6097560975609757,1.4229164662538096e-05,1,9,-1,994.915283203125
34,0.6585365853658538,5.366456207411829e-06,1,9,-1,994.915283203125
35,0.7073170731707317,0.0004982957616448402,1,9,-1,994.915283203125
36,0.7560975609756098,1.7766618611858576e-06,1,9,-1,994.915283203125
37,0.8048780487804879,7.32827948013437e-06,1,9,-1,994.915283203125
38,0.853658536585366,2.9357548214647977e-07,1,9,-1,994.915283203125
39,0.902439024390244,1.0812045729835518e-06,1,9,-1,994.915283203125
40,0.9512195121951219,1.9914757558581186e-06,1,9,-1,994.915283203125
41,1.0,1.406202954967739e-05,1,9,-1,994.915283203125
0,-1.0,2.9986999834363814e-06,2,-6,-10,994.915283203125
1,-0.9512195121951219,1.0720584953105572e-07,2,-6,-10,994.915283203125
2,-0.9024390243902439,3.1252726330421865e-05,2,-6,-10,994.915283203125
3,-0.8536585365853658,0.0002559268323238939,2,-6,-10,994.915283203125
4,-0.8048780487804879,0.0007284996099770069,2,-6,-10,994.915283203125
5,-0.7560975609756098,0.00018873834051191807,2,-6,-10,994.915283203125
6,-0.7073170731707317,1.396334027958801e-05,2,-6,-10,994.915283203125
7,-0.6585365853658536,3.851913334074197e-06,2,-6,-10,994.915283203125
8,-0.6097560975609756,4.007309144071769e-06,2,-6,-10,994.915283203125
9,-0.5609756097560976,5.098166298012075e-07,2,-6,-10,994.915283203125
10,-0.5121951219512195,2.734280144522927e-07,2,-6,-10,994.915283203125
11,-0.46341463414634143,1.4548426179317175e-06,2,-6,-10,994.915283203125
12,-0.41463414634146334,1.8521543552196817e-06,2,-6,-10,994.915283203125
13,-0.36585365853658536,1.5694033663748996e-06,2,-6,-10,994.915283203125
14,-0.31707317073170727,8.493018981425848e-07,2,-6,-10,994.915283203125
15,-0.2682926829268293,1.4472002476395573e-06,2,-6,-10,994.915283203125
16,-0.2195121951219512,8.148711003741482e-07,2,-6,-10,994.915283203125
17,-0.1707317073170731,1.0129229366384607e-07,2,-6,-10,994.915283203125
18,-0.12195121951219512,5.896807238059409e-07,2,-6,-10,994.915283203125
19,-0.07317073170731703,1.8507112997667718e-07,2,-6,-10,994.915283203125
20,-0.024390243902439046,5.0951630470308373e-08,2,-6,-10,994.915283203125
21,0.024390243902439046,6.187772783050605e-07,2,-6,-10,994.915283203125
22,0.07317073170731714,0.0,2,-6,-10,994.915283203125
23,0.12195121951219523,0.0,2,-6,-10,994.915283203125
24,0.17073170731707332,0.0,2,-6,-10,994.915283203125
25,0.2195121951219512,0.0,2,-6,-10,994.915283203125
26,0.2682926829268293,0.0,2,-6,-10,994.915283203125
27,0.3170731707317074,0.0,2,-6,-10,994.915283203125
28,0.36585365853658547,0.0,2,-6,-10,994.915283203125
29,0.41463414634146356,0.0,2,-6,-10,994.915283203125
30,0.46341463414634143,0.0,2,-6,-10,994.915283203125
31,0.5121951219512195,0.0,2,-6,-10,994.915283203125
32,0.5609756097560976,0.0,2,-6,-10,994.915283203125
33,0.6097560975609757,0.0,2,-6,-10,994.915283203125
34,0.6585365853658538,0.0,2,-6,-10,994.915283203125
35,0.7073170731707317,0.0,2,-6,-10,994.915283203125
36,0.7560975609756098,0.0,2,-6,-10,994.915283203125
37,0.8048780487804879,0.0,2,-6,-10,994.915283203125
38,0.853658536585366,0.0,2,-6,-10,994.915283203125
39,0.902439024390244,0.0,2,-6,-10,994.915283203125
40,0.9512195121951219,0.0,2,-6,-10,994.915283203125
41,1.0,0.0,2,-6,-10,994.915283203125
0,-1.0,0.0,2,-5,-10,994.915283203125
1,-0.9512195121951219,0.0,2,-5,-10,994.915283203125
2,-0.9024390243902439,0.0,2,-5,-10,994.915283203125
3,-0.8536585365853658,0.0,2,-5,-10,994.915283203125
4,-0.8048780487804879,0.0,2,-5,-10,994.915283203125
5,-0.7560975609756098,9.567977031110786e-06,2,-5,-10,994.915283203125
6,-0.7073170731707317,2.866688078029256e-07,2,-5,-10,994.915283203125
7,-0.6585365853658536,7.024434580671368e-07,2,-5,-10,994.915283203125
8,-0.6097560975609756,1.4511668950945023e-06,2,-5,-10,994.915283203125
9,-0.5609756097560976,1.2648101801460143e-06,2,-5,-10,994.915283203125
10,-0.5121951219512195,2.5493644528751247e-08,2,-5,-10,994.915283203125
11,-0.46341463414634143,1.6411953538408852e-06,2,-5,-10,994.915283203125
12,-0.41463414634146334,8.536885616194922e-06,2,-5,-10,994.915283203125
13,-0.36585365853658536,2.4211854906752706e-05,2,-5,-10,994.915283203125
14,-0.31707317073170727,2.4221979401772842e-05,2,-5,-10,994.915283203125
15,-0.2682926829268293,2.5668214220786467e-05,2,-5,-10,994.915283203125
16,-0.2195121951219512,2.1375060896389186e-05,2,-5,-10,994.915283203125
17,-0.1707317073170731,1.4539600670104846e-05,2,-5,-10,994.915283203125
18,-0.12195121951219512,2.0384604795253836e-05,2,-5,-10,994.915283203125
19,-0.07317073170731703,1.62308533617761e-05,2,-5,-10,994.915283203125
20,-0.024390243902439046,4.1620329284342006e-05,2,-5,-10,994.915283203125
21,0.024390243902439046,2.3180642529041506e-05,2,-5,-10,994.915283203125
22,0.07317073170731714,1.7110620319726877e-05,2,-5,-10,994.915283203125
23,0.12195121951219523,4.9646208935882896e-05,2,-5,-10,994.915283203125
24,0.17073170731707332,0.00022270296176429838,2,-5,-10,994.915283203125
25,0.2195121951219512,0.0004016628081444651,2,-5,-10,994.915283203125
26,0.2682926829268293,0.002830319106578827,2,-5,-10,994.915283203125
27,0.3170731707317074,0.007278547156602144,2,-5,-10,994.915283203125
28,0.36585365853658547,0.0007512136944569647,2,-5,-10,994.915283203125
29,0.41463414634146356,0.0005075908848084509,2,-5,-10,994.915283203125
30,0.46341463414634143,1.0853128742382978e-06,2,-5,-10,994.915283203125
31,0.5121951219512195,0.00010185281280428171,2,-5,-10,994.915283203125
32,0.5609756097560976,1.4518817806674633e-05,2,-5,-10,994.915283203125
33,0.6097560975609757,1.0469028893567156e-05,2,-5,-10,994.915283203125
34,0.6585365853658538,4.902430646325229e-06,2,-5,-10,994.915283203125
35,0.7073170731707317,2.9925087119409e-07,2,-5,-10,994.915283203125
36,0.7560975609756098,8.797406962912646e-07,2,-5,-10,994.915283203125
37,0.8048780487804879,3.6334349715616554e-06,2,-5,-10,994.915283203125
38,0.853658536585366,1.4450733033299912e-05,2,-5,-10,994.915283203125
39,0.902439024390244,1.306414014834445e-05,2,-5,-10,994.915283203125
40,0.9512195121951219,8.11874633654952e-06,2,-5,-10,994.915283203125
41,1.0,5.981738468108233e-06,2,-5,-10,994.915283203125
0,-1.0,5.645259534503566e-06,2,-3,-9,994.915283203125
1,-0.9512195121951219,1.9030854900847771e-06,2,-3,-9,994.915283203125
2,-0.9024390243902439,1.4961581655370537e-05,2,-3,-9,994.915283203125
3,-0.8536585365853658,4.86989756609546e-06,2,-3,-9,994.915283203125
4,-0.8048780487804879,9.330777174909599e-06,2,-3,-9,994.915283203125
5,-0.7560975609756098,1.3215121725806966e-06,2,-3,-9,994.915283203125
6,-0.7073170731707317,2.9127826906005794e-07,2,-3,-9,994.915283203125
7,-0.6585365853658536,1.0255453162244521e-05,2,-3,-9,994.915283203125
8,-0.6097560975609756,1.212185907206731e-05,2,-3,-9,994.915283203125
9,-0.5609756097560976,2.6892426831182092e-05,2,-3,-9,994.915283203125
10,-0.5121951219512195,3.176715108565986e-05,2,-3,-9,994.915283203125
11,-0.46341463414634143,3.474693949101493e-05,2,-3,-9,994.915283203125
12,-0.41463414634146334,5.741840504924767e-05,2,-3,-9,994.915283203125
13,-0.36585365853658536,2.104828308802098e-05,2,-3,-9,994.915283203125
14,-0.31707317073170727,5.641082680085674e-05,2,-3,-9,994.915283203125
15,-0.2682926829268293,8.700151738594286e-06,2,-3,-9,994.915283203125
16,-0.2195121951219512,3.161571657983586e-05,2,-3,-9,994.915283203125
17,-0.1707317073170731,8.266292752523441e-06,2,-3,-9,994.915283203125
18,-0.12195121951219512,1.5338455341407098e-05,2,-3,-9,994.915283203125
19,-0.07317073170731703,1.4577082765754312e-05,2,-3,-9,994.915283203125
20,-0.024390243902439046,4.3743625610659365e-06,2,-3,-9,994.915283203125
21,0.024390243902439046,2.6213601245217433e-07,2,-3,-9,994.915283203125
22,0.07317073170731714,5.000012606615201e-06,2,-3,-9,994.915283203125
23,0.12195121951219523,4.660796093958197e-06,2,-3,-9,994.915283203125
24,0.17073170731707332,5.01158547194791e-06,2,-3,-9,994.915283203125
25,0.2195121951219512,3.5428533919912297e-06,2,-3,-9,994.915283203125
26,0.2682926829268293,1.3028884495724924e-06,2,-3,-9,994.915283203125
27,0.3170731707317074,2.7360028980183415e-05,2,-3,-9,994.915283203125
28,0.36585365853658547,8.046500852287863e-07,2,-3,-9,994.915283203125
29,0.41463414634146356,5.845294799655676e-05,2,-3,-9,994.915283203125
30,0.46341463414634143,1.2951794815307949e-05,2,-3,-9,994.915283203125
31,0.5121951219512195,0.00025731735513545573,2,-3,-9,994.915283203125
32,0.5609756097560976,0.00035814265720546246,2,-3,-9,994.915283203125
33,0.6097560975609757,0.0010944261448457837,2,-3,-9,994.915283203125
34,0.6585365853658538,0.0018587426748126745,2,-3,-9,994.915283203125
35,0.7073170731707317,0.0005543233128264546,2,-3,-9,994.915283203125
36,0.7560975609756098,2.5335713871754706e-05,2,-3,-9,994.915283203125
37,0.8048780487804879,6.269828008953482e-05,2,-3,-9,994.915283203125
38,0.853658536585366,5.266713924356736e-05,2,-3,-9,994.915283203125
39,0.902439024390244,3.657423803815618e-05,2,-3,-9,994.915283203125
40,0.9512195121951219,3.158923937007785e-05,2,-3,-9,994.915283203125
41,1.0,2.1517358618439175e-05,2,-3,-9,994.915283203125
0,-1.0,1.0482077414053492e-05,2,-1,-8,994.915283203125
1,-0.9512195121951219,9.36002325033769e-05,2,-1,-8,994.915283203125
2,-0.9024390243902439,4.916700709145516e-05,2,-1,-8,994.915283203125
3,-0.8536585365853658,0.00020459045481402427,2,-1,-8,994.915283203125
4,-0.8048780487804879,7.864562940085307e-05,2,-1,-8,994.915283203125
5,-0.7560975609756098,0.00010829855455085635,2,-1,-8,994.915283203125
6,-0.7073170731707317,0.00010222560376860201,2,-1,-8,994.915283203125
7,-0.6585365853658536,5.634520130115561e-05,2,-1,-8,994.915283203125
8,-0.6097560975609756,0.00010309406206943095,2,-1,-8,994.915283203125
9,-0.5609756097560976,0.000592670461628586,2,-1,-8,994.915283203125
10,-0.5121951219512195,0.0008256730507127941,2,-1,-8,994.915283203125
11,-0.46341463414634143,0.000650394766125828,2,-1,-8,994.915283203125
12,-0.41463414634146334,0.0007416547159664333,2,-1,-8,994.915283203125
13,-0.36585365853658536,0.0013193621998652816,2,-1,-8,994.915283203125
14,-0.31707317073170727,0.0008388615096919239,2,-1,-8,994.915283203125
15,-0.2682926829268293,0.00010093236051034182,2,-1,-8,994.915283203125
16,-0.2195121951219512,3.220435246475972e-05,2,-1,-8,994.915283203125
17,-0.1707317073170731,0.0006477184360846877,2,-1,-8,994.915283203125
18,-0.12195121951219512,0.003309588646516204,2,-1,-8,994.915283203125
19,-0.07317073170731703,0.001418186817318201,2,-1,-8,994.915283203125
20,-0.024390243902439046,0.0015705631813034415,2,-1,-8,994.915283203125
21,0.024390243902439046,0.005840329919010401,2,-1,-8,994.915283203125
22,0.07317073170731714,0.0013264610897749662,2,-1,-8,994.915283203125
23,0.12195121951219523,0.00031113793374970555,2,-1,-8,994.915283203125
24,0.17073170731707332,0.00010630999895511195,2,-1,-8,994.915283203125
25,0.2195121951219512,0.00010047657997347414,2,-1,-8,994.915283203125
26,0.2682926829268293,0.002190676750615239,2,-1,-8,994.915283203125
27,0.3170731707317074,0.000298928702250123,2,-1,-8,994.915283203125
28,0.36585365853658547,0.001417429419234395,2,-1,-8,994.915283203125
29,0.41463414634146356,0.000264353264356032,2,-1,-8,994.915283203125
30,0.46341463414634143,0.017371710389852524,2,-1,-8,994.915283203125
31,0.5121951219512195,0.051214225590229034,2,-1,-8,994.915283203125
32,0.5609756097560976,0.03584706783294678,2,-1,-8,994.915283203125
33,0.6097560975609757,0.026546325534582138,2,-1,-8,994.915283203125
34,0.6585365853658538,0.025700757279992104,2,-1,-8,994.915283203125
35,0.7073170731707317,0.020064858719706535,2,-1,-8,994.915283203125
36,0.7560975609756098,0.016825051978230476,2,-1,-8,994.915283203125
37,0.8048780487804879,0.0127970976755023,2,-1,-8,994.915283203125
38,0.853658536585366,0.010789237916469574,2,-1,-8,994.915283203125
39,0.902439024390244,0.0062739429995417595,2,-1,-8,994.915283203125
40,0.9512195121951219,0.0024505408946424723,2,-1,-8,994.915283203125
41,1.0,0.00035047036362811923,2,-1,-8,994.915283203125
0,-1.0,6.23075266048545e-06,2,2,-7,994.915283203125
1,-0.9512195121951219,1.216858254338149e-05,2,2,-7,994.915283203125
2,-0.9024390243902439,1.307245111092925e-05,2,2,-7,994.915283203125
3,-0.8536585365853658,1.377533408231102e-05,2,2,-7,994.915283203125
4,-0.8048780487804879,6.121315436757868e-06,2,2,-7,994.915283203125
5,-0.7560975609756098,7.455412560375407e-05,2,2,-7,994.915283203125
6,-0.7073170731707317,3.549181201378815e-05,2,2,-7,994.915283203125
7,-0.6585365853658536,0.00018485098553355783,2,2,-7,994.915283203125
8,-0.6097560975609756,0.00021078858117107302,2,2,-7,994.915283203125
9,-0.5609756097560976,0.00284886104054749,2,2,-7,994.915283203125
10,-0.5121951219512195,0.0049844300374388695,2,2,-7,994.915283203125
11,-0.46341463414634143,0.0026322477497160435,2,2,-7,994.915283203125
12,-0.41463414634146334,0.0010404365602880716,2,2,-7,994.915283203125
13,-0.36585365853658536,2.439542004140094e-05,2,2,-7,994.915283203125
14,-0.31707317073170727,0.0004384132334962487,2,2,-7,994.915283203125
15,-0.2682926829268293,4.6911402023397386e-05,2,2,-7,994.915283203125
16,-0.2195121951219512,2.398929609626066e-05,2,2,-7,994.915283203125
17,-0.1707317073170731,8.044105197768658e-05,2,2,-7,994.915283203125
18,-0.12195121951219512,0.0001162564949481748,2,2,-7,994.915283203125
19,-0.07317073170731703,6.368738831952214e-05,2,2,-7,994.915283203125
20,-0.024390243902439046,6.505550118163228e-06,2,2,-7,994.915283203125
21,0.024390243902439046,4.777732101501897e-05,2,2,-7,994.915283203125
22,0.07317073170731714,1.938612331287004e-05,2,2,-7,994.915283203125
23,0.12195121951219523,1.2996772056794725e-05,2,2,-7,994.915283203125
24,0.17073170731707332,1.5194616935332306e-05,2,2,-7,994.915283203125
25,0.2195121951219512,1.6684027286828496e-05,2,2,-7,994.915283203125
26,0.2682926829268293,3.127805484837154e-06,2,2,-7,994.915283203125
27,0.3170731707317074,5.889753083465621e-06,2,2,-7,994.915283203125
28,0.36585365853658547,4.325352165324148e-06,2,2,-7,994.915283203125
29,0.41463414634146356,2.017749693550286e-06,2,2,-7,994.915283203125
30,0.46341463414634143,1.4583154552383348e-05,2,2,-7,994.915283203125
31,0.5121951219512195,2.160587791877333e-05,2,2,-7,994.915283203125
32,0.5609756097560976,1.5330620954046026e-05,2,2,-7,994.915283203125
33,0.6097560975609757,1.6646174117340706e-05,2,2,-7,994.915283203125
34,0.6585365853658538,1.3211100849730428e-05,2,2,-7,994.915283203125
35,0.7073170731707317,2.078122088278178e-05,2,2,-7,994.915283203125
36,0.7560975609756098,9.140781003225129e-06,2,2,-7,994.915283203125
37,0.8048780487804879,4.1182661334460136e-06,2,2,-7,994.915283203125
38,0.853658536585366,4.049371455039363e-06,2,2,-7,994.915283203125
39,0.902439024390244,2.252627382404171e-06,2,2,-7,994.915283203125
40,0.9512195121951219,5.503975444298703e-07,2,2,-7,994.915283203125
41,1.0,1.3320205880518188e-06,2,2,-7,994.915283203125
0,-1.0,0.0,2,4,-6,994.915283203125
1,-0.9512195121951219,0.0,2,4,-6,994.915283203125
2,-0.9024390243902439,0.0,2,4,-6,994.915283203125
3,-0.8536585365853658,0.0,2,4,-6,994.915283203125
4,-0.8048780487804879,0.0,2,4,-6,994.915283203125
5,-0.7560975609756098,0.0,2,4,-6,994.915283203125
6,-0.7073170731707317,0.0,2,4,-6,994.915283203125
7,-0.6585365853658536,0.0,2,4,-6,994.915283203125
8,-0.6097560975609756,0.0,2,4,-6,994.915283203125
9,-0.5609756097560976,0.0,2,4,-6,994.915283203125
10,-0.5121951219512195,0.0,2,4,-6,994.915283203125
11,-0.46341463414634143,0.0,2,4,-6,994.915283203125
12,-0.41463414634146334,0.0,2,4,-6,994.915283203125
13,-0.36585365853658536,0.0,2,4,-6,994.915283203125
14,-0.31707317073170727,0.0,2,4,-6,994.915283203125
15,-0.2682926829268293,3.427541969358572e-06,2,4,-6,994.915283203125
16,-0.2195121951219512,1.9389031535865797e-07,2,4,-6,994.915283203125
17,-0.1707317073170731,9.388387297804002e-06,2,4,-6,994.915283203125
18,-0.12195121951219512,7.767436181893572e-05,2,4,-6,994.915283203125
19,-0.07317073170731703,5.3966523410053924e-05,2,4,-6,994.915283203125
20,-0.024390243902439046,1.727864628264797e-06,2,4,-6,994.915283203125
21,0.024390243902439046,1.6294843590003438e-05,2,4,-6,994.915283203125
22,0.07317073170731714,4.475897640077164e-06,2,4,-6,994.915283203125
23,0.12195121951219523,1.3511789802578278e-05,2,4,-6,994.915283203125
24,0.17073170731707332,1.8989193222296308e-06,2,4,-6,994.915283203125
25,0.2195121951219512,6.629716608586023e-06,2,4,-6,994.915283203125
26,0.2682926829268293,1.640630762267392e-05,2,4,-6,994.915283203125
27,0.3170731707317074,5.833529485244071e-06,2,4,-6,994.915283203125
28,0.36585365853658547,3.411972284084186e-05,2,4,-6,994.915283203125
29,0.41463414634146356,3.854762326227501e-06,2,4,-6,994.915283203125
30,0.46341463414634143,4.883224391960539e-05,2,4,-6,994.915283203125
31,0.5121951219512195,4.866460949415341e-05,2,4,-6,994.915283203125
32,0.5609756097560976,0.00010905735689448193,2,4,-6,994.915283203125
33,0.6097560975609757,8.634007099317387e-05,2,4,-6,994.915283203125
34,0.6585365853658538,2.7341515306034125e-05,2,4,-6,994.915283203125
35,0.7073170731707317,7.045090114843333e-06,2,4,-6,994.915283203125
36,0.7560975609756098,7.234737859107554e-05,2,4,-6,994.915283203125
37,0.8048780487804879,0.026328621432185173,2,4,-6,994.915283203125
38,0.853658536585366,0.0037179638165980577,2,4,-6,994.915283203125
39,0.902439024390244,0.0010510958964005113,2,4,-6,994.915283203125
40,0.9512195121951219,0.0004162968252785504,2,4,-6,994.915283203125
41,1.0,0.00017831602599471807,2,4,-6,994.915283203125
0,-1.0,0.0,2,5,-6,994.915283203125
1,-0.9512195121951219,0.0,2,5,-6,994.915283203125
2,-0.9024390243902439,0.0,2,5,-6,994.915283203125
3,-0.8536585365853658,0.0,2,5,-6,994.915283203125
4,-0.8048780487804879,0.0,2,5,-6,994.915283203125
5,-0.7560975609756098,0.0,2,5,-6,994.915283203125
6,-0.7073170731707317,2.0195651018184435e-07,2,5,-6,994.915283203125
7,-0.6585365853658536,4.493230676416715e-07,2,5,-6,994.915283203125
8,-0.6097560975609756,5.626541224046377e-07,2,5,-6,994.915283203125
9,-0.5609756097560976,1.5010799643278006e-06,2,5,-6,994.915283203125
10,-0.5121951219512195,1.7044352489392622e-06,2,5,-6,994.915283203125
11,-0.46341463414634143,2.164165380236227e-06,2,5,-6,994.915283203125
12,-0.41463414634146334,1.9038337484289514e-07,2,5,-6,994.915283203125
13,-0.36585365853658536,1.884616494862712e-06,2,5,-6,994.915283203125
14,-0.31707317073170727,2.174561132051167e-06,2,5,-6,994.915283203125
15,-0.2682926829268293,3.0112662443571026e-06,2,5,-6,994.915283203125
16,-0.2195121951219512,4.926389010506682e-06,2,5,-6,994.915283203125
17,-0.1707317073170731,7.255051059473772e-06,2,5,-6,994.915283203125
18,-0.12195121951219512,1.671472091402393e-05,2,5,-6,994.915283203125
19,-0.07317073170731703,2.120717726938892e-05,2,5,-6,994.915283203125
20,-0.024390243902439046,9.018989658216015e-06,2,5,-6,994.915283203125
21,0.024390243902439046,7.442463356710505e-06,2,5,-6,994.915283203125
22,0.07317073170731714,2.4408664103248157e-05,2,5,-6,994.915283203125
23,0.12195121951219523,9.543161286273971e-05,2,5,-6,994.915283203125
24,0.17073170731707332,0.0016139592044055462,2,5,-6,994.915283203125
25,0.2195121951219512,0.00018064804316964,2,5,-6,994.915283203125
26,0.2682926829268293,5.876306749996729e-05,2,5,-6,994.915283203125
27,0.3170731707317074,3.5099074011668563e-06,2,5,-6,994.915283203125
28,0.36585365853658547,2.91547166852979e-05,2,5,-6,994.915283203125
29,0.41463414634146356,1.9225893993279897e-05,2,5,-6,994.915283203125
30,0.46341463414634143,3.152563976982492e-06,2,5,-6,994.915283203125
31,0.5121951219512195,9.638200936024077e-06,2,5,-6,994.915283203125
32,0.5609756097560976,1.748723093442095e-06,2,5,-6,994.915283203125
33,0.6097560975609757,1.3915688441556995e-06,2,5,-6,994.915283203125
34,0.6585365853658538,1.241735958501522e-07,2,5,-6,994.915283203125
35,0.7073170731707317,4.737881340588501e-07,2,5,-6,994.915283203125
36,0.7560975609756098,2.925233104633662e-07,2,5,-6,994.915283203125
37,0.8048780487804879,9.106009201786947e-06,2,5,-6,994.915283203125
38,0.853658536585366,2.525283207432949e-06,2,5,-6,994.915283203125
39,0.902439024390244,3.998508191216388e-07,2,5,-6,994.915283203125
40,0.9512195121951219,3.5241160389887227e-07,2,5,-6,994.915283203125
41,1.0,4.452701263257808e-10,2,5,-6,994.915283203125
0,-1.0,0.0,2,6,-6,994.915283203125
1,-0.9512195121951219,4.5900716827418364e-07,2,6,-6,994.915283203125
2,-0.9024390243902439,6.644990691029307e-08,2,6,-6,994.915283203125
3,-0.8536585365853658,3.019924577074562e-07,2,6,-6,994.915283203125
4,-0.8048780487804879,8.70986866630119e-07,2,6,-6,994.915283203125
5,-0.7560975609756098,7.274442168636597e-07,2,6,-6,994.915283203125
6,-0.7073170731707317,1.784521508341186e-08,2,6,-6,994.915283203125
7,-0.6585365853658536,2.1411615307442844e-06,2,6,-6,994.915283203125
8,-0.6097560975609756,3.027294951607473e-06,2,6,-6,994.915283203125
9,-0.5609756097560976,1.6773464395214432e-08,2,6,-6,994.915283203125
10,-0.5121951219512195,4.699981673184084e-06,2,6,-6,994.915283203125
11,-0.46341463414634143,2.7188100375497015e-06,2,6,-6,994.915283203125
12,-0.41463414634146334,2.7827700250782073e-06,2,6,-6,994.915283203125
13,-0.36585365853658536,2.0507959561655298e-06,2,6,-6,994.915283203125
14,-0.31707317073170727,7.872966307331808e-06,2,6,-6,994.915283203125
15,-0.2682926829268293,0.0002969428023789078,2,6,-6,994.915283203125
16,-0.2195121951219512,0.0024131094105541706,2,6,-6,994.915283203125
17,-0.1707317073170731,2.4296019546454772e-05,2,6,-6,994.915283203125
18,-0.12195121951219512,9.66021470958367e-05,2,6,-6,994.915283203125
19,-0.07317073170731703,5.848650471307337e-05,2,6,-6,994.915283203125
20,-0.024390243902439046,6.7836176640412305e-06,2,6,-6,994.915283203125
21,0.024390243902439046,3.7411941775644664e-06,2,6,-6,994.915283203125
22,0.07317073170731714,6.053925972082652e-06,2,6,-6,994.915283203125
23,0.12195121951219523,1.4583256415789947e-06,2,6,-6,994.915283203125
24,0.17073170731707332,9.912986342897057e-07,2,6,-6,994.915283203125
25,0.2195121951219512,1.3601634236692917e-06,2,6,-6,994.915283203125
26,0.2682926829268293,1.7175425455207005e-06,2,6,-6,994.915283203125
27,0.3170731707317074,1.472761823606561e-07,2,6,-6,994.915283203125
28,0.36585365853658547,1.3646415482071461e-06,2,6,-6,994.915283203125
29,0.41463414634146356,2.4295061393786455e-06,2,6,-6,994.915283203125
30,0.46341463414634143,7.648758355571772e-07,2,6,-6,994.915283203125
31,0.5121951219512195,2.5621092802907697e-08,2,6,-6,994.915283203125
32,0.5609756097560976,0.0,2,6,-6,994.915283203125
33,0.6097560975609757,0.0,2,6,-6,994.915283203125
34,0.6585365853658538,0.0,2,6,-6,994.915283203125
35,0.7073170731707317,0.0,2,6,-6,994.915283203125
36,0.7560975609756098,0.0,2,6,-6,994.915283203125
37,0.8048780487804879,0.0,2,6,-6,994.915283203125
38,0.853658536585366,0.0,2,6,-6,994.915283203125
39,0.902439024390244,0.0,2,6,-6,994.915283203125
40,0.9512195121951219,0.0,2,6,-6,994.915283203125
41,1.0,0.0,2,6,-6,994.915283203125
0,-1.0,4.814781391360157e-07,2,7,-6,994.915283203125
1,-0.9512195121951219,3.643506261141738e-06,2,7,-6,994.915283203125
2,-0.9024390243902439,3.904880543359468e-07,2,7,-6,994.915283203125
3,-0.8536585365853658,2.347419503223591e-08,2,7,-6,994.915283203125
4,-0.8048780487804879,3.883436079377134e-07,2,7,-6,994.915283203125
5,-0.7560975609756098,6.107092644924705e-07,2,7,-6,994.915283203125
6,-0.7073170731707317,4.448709660209715e-06,2,7,-6,994.915283203125
7,-0.6585365853658536,5.060931016487302e-07,2,7,-6,994.915283203125
8,-0.6097560975609756,0.00012099032755941153,2,7,-6,994.915283203125
9,-0.5609756097560976,3.4074059840349946e-06,2,7,-6,994.915283203125
10,-0.5121951219512195,2.8130602004239336e-05,2,7,-6,994.915283203125
11,-0.46341463414634143,0.002705202903598547,2,7,-6,994.915283203125
12,-0.41463414634146334,0.00012906480696983635,2,7,-6,994.915283203125
13,-0.36585365853658536,9.8380223789718e-05,2,7,-6,994.915283203125
14,-0.31707317073170727,2.306930036866106e-05,2,7,-6,994.915283203125
15,-0.2682926829268293,2.3347121896222234e-05,2,7,-6,994.915283203125
16,-0.2195121951219512,1.1760538654925767e-05,2,7,-6,994.915283203125
17,-0.1707317073170731,2.8196816856507212e-05,2,7,-6,994.915283203125
18,-0.12195121951219512,1.839492870203685e-05,2,7,-6,994.915283203125
19,-0.07317073170731703,8.763111509324517e-06,2,7,-6,994.915283203125
20,-0.024390243902439046,1.625246909497946e-06,2,7,-6,994.915283203125
21,0.024390243902439046,9.227607051798259e-07,2,7,-6,994.915283203125
22,0.07317073170731714,1.0027806638390757e-06,2,7,-6,994.915283203125
23,0.12195121951219523,1.8628506950335577e-06,2,7,-6,994.915283203125
24,0.17073170731707332,2.5542576054249366e-07,2,7,-6,994.915283203125
25,0.2195121951219512,0.0,2,7,-6,994.915283203125
26,0.2682926829268293,0.0,2,7,-6,994.915283203125
27,0.3170731707317074,0.0,2,7,-6,994.915283203125
28,0.36585365853658547,0.0,2,7,-6,994.915283203125
29,0.41463414634146356,0.0,2,7,-6,994.915283203125
30,0.46341463414634143,0.0,2,7,-6,994.915283203125
31,0.5121951219512195,0.0,2,7,-6,994.915283203125
32,0.5609756097560976,0.0,2,7,-6,994.915283203125
33,0.6097560975609757,0.0,2,7,-6,994.915283203125
34,0.6585365853658538,0.0,2,7,-6,994.915283203125
35,0.7073170731707317,0.0,2,7,-6,994.915283203125
36,0.7560975609756098,0.0,2,7,-6,994.915283203125
37,0.8048780487804879,0.0,2,7,-6,994.915283203125
38,0.853658536585366,0.0,2,7,-6,994.915283203125
39,0.902439024390244,0.0,2,7,-6,994.915283203125
40,0.9512195121951219,0.0,2,7,-6,994.915283203125
41,1.0,0.0,2,7,-6,994.915283203125
0,-1.0,5.448757747217314e-07,3,2,-11,994.915283203125
1,-0.9512195121951219,2.425697402941296e-06,3,2,-11,994.915283203125
2,-0.9024390243902439,6.263556770136347e-06,3,2,-11,994.915283203125
3,-0.8536585365853658,6.85823465573776e-07,3,2,-11,994.915283203125
4,-0.8048780487804879,1.991041926885373e-06,3,2,-11,994.915283203125
5,-0.7560975609756098,7.142020308492647e-07,3,2,-11,994.915283203125
6,-0.7073170731707317,4.3168677166249836e-07,3,2,-11,994.915283203125
7,-0.6585365853658536,1.3286081639307668e-06,3,2,-11,994.915283203125
8,-0.6097560975609756,2.0493367003382446e-07,3,2,-11,994.915283203125
9,-0.5609756097560976,9.807819196794298e-07,3,2,-11,994.915283203125
10,-0.5121951219512195,2.17491177068041e-07,3,2,-11,994.915283203125
11,-0.46341463414634143,1.3737836752625299e-06,3,2,-11,994.915283203125
12,-0.41463414634146334,7.448961127920484e-07,3,2,-11,994.915283203125
13,-0.36585365853658536,1.0204414593317779e-06,3,2,-11,994.915283203125
14,-0.31707317073170727,1.6362872656827676e-06,3,2,-11,994.915283203125
15,-0.2682926829268293,1.2595022269579204e-07,3,2,-11,994.915283203125
16,-0.2195121951219512,2.6148552478844067e-06,3,2,-11,994.915283203125
17,-0.1707317073170731,6.17137800418277e-07,3,2,-11,994.915283203125
18,-0.12195121951219512,7.80804293754045e-06,3,2,-11,994.915283203125
19,-0.07317073170731703,2.1514861145988107e-06,3,2,-11,994.915283203125
20,-0.024390243902439046,7.663825840609206e-07,3,2,-11,994.915283203125
21,0.024390243902439046,1.789127708207161e-07,3,2,-11,994.915283203125
22,0.07317073170731714,2.8883666800538776e-06,3,2,-11,994.915283203125
23,0.12195121951219523,6.673327561657061e-07,3,2,-11,994.915283203125
24,0.17073170731707332,1.0251397725369316e-05,3,2,-11,994.915283203125
25,0.2195121951219512,1.0546142220846377e-05,3,2,-11,994.915283203125
26,0.2682926829268293,1.275926024391083e-05,3,2,-11,994.915283203125
27,0.3170731707317074,3.8217244764382485e-06,3,2,-11,994.915283203125
28,0.36585365853658547,5.491311094374396e-05,3,2,-11,994.915283203125
29,0.41463414634146356,7.679386180825531e-05,3,2,-11,994.915283203125
30,0.46341463414634143,0.0007315429975278676,3,2,-11,994.915283203125
31,0.5121951219512195,0.00030815324862487614,3,2,-11,994.915283203125
32,0.5609756097560976,0.00011291392002021894,3,2,-11,994.915283203125
33,0.6097560975609757,1.2137375051679555e-05,3,2,-11,994.915283203125
34,0.6585365853658538,8.349230483872816e-06,3,2,-11,994.915283203125
35,0.7073170731707317,1.1566825378395151e-05,3,2,-11,994.915283203125
36,0.7560975609756098,5.494953256857116e-06,3,2,-11,994.915283203125
37,0.8048780487804879,3.13948949042242e-05,3,2,-11,994.915283203125
38,0.853658536585366,1.7205613289661414e-07,3,2,-11,994.915283203125
39,0.902439024390244,1.3242312888905872e-05,3,2,-11,994.915283203125
40,0.9512195121951219,5.834898502143915e-07,3,2,-11,994.915283203125
41,1.0,2.404505266895285e-06,3,2,-11,994.915283203125
