tilt_index,tilt_angle,intensity,h,k,l,thickness
0,-1.0,2.1671651211363496e-06,-3,-6,7,832.2034301757812
1,-0.9512195121951219,3.3199025892827194e-06,-3,-6,7,832.2034301757812
2,-0.9024390243902439,4.827249995287275e-06,-3,-6,7,832.2034301757812
3,-0.8536585365853658,1.9708438685483998e-06,-3,-6,7,832.2034301757812
4,-0.8048780487804879,2.2998490294412477e-06,-3,-6,7,832.2034301757812
5,-0.7560975609756098,8.025338502193335e-06,-3,-6,7,832.2034301757812
6,-0.7073170731707317,1.0887946700677276e-05,-3,-6,7,832.2034301757812
7,-0.6585365853658536,5.527240500668995e-05,-3,-6,7,832.2034301757812
8,-0.6097560975609756,0.00012244943354744464,-3,-6,7,832.2034301757812
9,-0.5609756097560976,0.004604516550898552,-3,-6,7,832.2034301757812
10,-0.5121951219512195,2.3943282940308563e-05,-3,-6,7,832.2034301757812
11,-0.46341463414634143,2.228262928838376e-05,-3,-6,7,832.2034301757812
12,-0.41463414634146334,1.09341799543472e-05,-3,-6,7,832.2034301757812
13,-0.36585365853658536,1.5212031030387152e-05,-3,-6,7,832.2034301757812
14,-0.31707317073170727,1.1487886695249472e-05,-3,-6,7,832.2034301757812
15,-0.2682926829268293,3.105088808297296e-06,-3,-6,7,832.2034301757812
16,-0.2195121951219512,4.132527919864515e-06,-3,-6,7,832.2034301757812
17,-0.1707317073170731,9.036430697051401e-07,-3,-6,7,832.2034301757812
18,-0.12195121951219512,7.338999807871005e-07,-3,-6,7,832.2034301757812
19,-0.07317073170731703,2.0440444359337562e-07,-3,-6,7,832.2034301757812
20,-0.024390243902439046,5.21897959515627e-07,-3,-6,7,832.2034301757812
21,0.024390243902439046,1.8219206765479612e-07,-3,-6,7,832.2034301757812
22,0.07317073170731714,1.647708700147632e-06,-3,-6,7,832.2034301757812
23,0.12195121951219523,4.700917202171695e-07,-3,-6,7,832.2034301757812
24,0.17073170731707332,0.0,-3,-6,7,832.2034301757812
25,0.2195121951219512,0.0,-3,-6,7,832.2034301757812
26,0.2682926829268293,0.0,-3,-6,7,832.2034301757812
27,0.3170731707317074,0.0,-3,-6,7,832.2034301757812
28,0.36585365853658547,0.0,-3,-6,7,832.2034301757812
29,0.41463414634146356,0.0,-3,-6,7,832.2034301757812
30,0.46341463414634143,0.0,-3,-6,7,832.2034301757812
31,0.5121951219512195,0.0,-3,-6,7,832.2034301757812
32,0.5609756097560976,0.0,-3,-6,7,832.2034301757812
33,0.6097560975609757,0.0,-3,-6,7,832.2034301757812
34,0.6585365853658538,0.0,-3,-6,7,832.2034301757812
35,0.7073170731707317,0.0,-3,-6,7,832.2034301757812
36,0.7560975609756098,0.0,-3,-6,7,832.2034301757812
37,0.8048780487804879,0.0,-3,-6,7,832.2034301757812
38,0.853658536585366,0.0,-3,-6,7,832.2034301757812
39,0.902439024390244,0.0,-3,-6,7,832.2034301757812
40,0.9512195121951219,0.0,-3,-6,7,832.2034301757812
41,1.0,0.0,-3,-6,7,832.2034301757812
0,-1.0,0.0,-3,-5,7,832.2034301757812
1,-0.9512195121951219,0.0,-3,-5,7,832.2034301757812
2,-0.9024390243902439,0.0,-3,-5,7,832.2034301757812
3,-0.8536585365853658,0.0,-3,-5,7,832.2034301757812
4,-0.8048780487804879,0.0,-3,-5,7,832.2034301757812
5,-0.7560975609756098,0.0,-3,-5,7,832.2034301757812
6,-0.7073170731707317,0.0,-3,-5,7,832.2034301757812
7,-0.6585365853658536,0.0,-3,-5,7,832.2034301757812
8,-0.6097560975609756,0.0,-3,-5,7,832.2034301757812
9,-0.5609756097560976,0.0,-3,-5,7,832.2034301757812
10,-0.5121951219512195,0.0,-3,-5,7,832.2034301757812
11,-0.46341463414634143,0.0,-3,-5,7,832.2034301757812
12,-0.41463414634146334,0.0,-3,-5,7,832.2034301757812
13,-0.36585365853658536,0.0,-3,-5,7,832.2034301757812
14,-0.31707317073170727,0.0,-3,-5,7,832.2034301757812
15,-0.2682926829268293,0.0,-3,-5,7,832.2034301757812
16,-0.2195121951219512,0.0,-3,-5,7,832.2034301757812
17,-0.1707317073170731,0.0,-3,-5,7,832.2034301757812
18,-0.12195121951219512,9.336546469285167e-08,-3,-5,7,832.2034301757812
19,-0.07317073170731703,5.568367100750038e-07,-3,-5,7,832.2034301757812
20,-0.024390243902439046,1.118292061619286e-06,-3,-5,7,832.2034301757812
21,0.024390243902439046,6.820530984441575e-07,-3,-5,7,832.2034301757812
22,0.07317073170731714,4.604863534041215e-06,-3,-5,7,832.2034301757812
23,0.12195121951219523,6.137732100341964e-08,-3,-5,7,832.2034301757812
24,0.17073170731707332,1.9269230051577324e-06,-3,-5,7,832.2034301757812
25,0.2195121951219512,9.076574315258767e-06,-3,-5,7,832.2034301757812
26,0.2682926829268293,1.9663864804897457e-05,-3,-5,7,832.2034301757812
27,0.3170731707317074,2.878361556213349e-05,-3,-5,7,832.2034301757812
28,0.36585365853658547,4.6063505578786135e-06,-3,-5,7,832.2034301757812
29,0.41463414634146356,8.529451065442117e-07,-3,-5,7,832.2034301757812
30,0.46341463414634143,1.4446290151681751e-05,-3,-5,7,832.2034301757812
31,0.5121951219512195,4.473078206501668e-06,-3,-5,7,832.2034301757812
32,0.5609756097560976,2.3430744477082044e-05,-3,-5,7,832.2034301757812
33,0.6097560975609757,3.2283867767546326e-05,-3,-5,7,832.2034301757812
34,0.6585365853658538,0.00035104158450849354,-3,-5,7,832.2034301757812
35,0.7073170731707317,0.00026526948204264045,-3,-5,7,832.2034301757812
36,0.7560975609756098,2.730860978772398e-05,-3,-5,7,832.2034301757812
37,0.8048780487804879,2.2397263819584623e-05,-3,-5,7,832.2034301757812
38,0.853658536585366,1.7018763173837215e-05,-3,-5,7,832.2034301757812
39,0.902439024390244,3.449675568845123e-05,-3,-5,7,832.2034301757812
40,0.9512195121951219,2.7791618322225986e-06,-3,-5,7,832.2034301757812
41,1.0,1.0377742682976532e-06,-3,-5,7,832.2034301757812
0,-1.0,8.32607111078687e-06,-3,-4,8,832.2034301757812
1,-0.9512195121951219,1.2218940355523955e-05,-3,-4,8,832.2034301757812
2,-0.9024390243902439,1.5978666851879098e-05,-3,-4,8,832.2034301757812
3,-0.8536585365853658,8.34072216093773e-06,-3,-4,8,832.2034301757812
4,-0.8048780487804879,5.7814042520476505e-05,-3,-4,8,832.2034301757812
5,-0.7560975609756098,4.491903837333666e-06,-3,-4,8,832.2034301757812
6,-0.7073170731707317,3.281477984273806e-05,-3,-4,8,832.2034301757812
7,-0.6585365853658536,0.0006014617974869907,-3,-4,8,832.2034301757812
8,-0.6097560975609756,0.0003311281616333872,-3,-4,8,832.2034301757812
9,-0.5609756097560976,0.00021611311240121722,-3,-4,8,832.2034301757812
10,-0.5121951219512195,0.0006007706979289651,-3,-4,8,832.2034301757812
11,-0.46341463414634143,5.340585266822018e-05,-3,-4,8,832.2034301757812
12,-0.41463414634146334,8.494293433614075e-05,-3,-4,8,832.2034301757812
13,-0.36585365853658536,4.3061867472715676e-05,-3,-4,8,832.2034301757812
14,-0.31707317073170727,2.167900493077468e-05,-3,-4,8,832.2034301757812
15,-0.2682926829268293,6.694455078104511e-05,-3,-4,8,832.2034301757812
16,-0.2195121951219512,3.7425234040711075e-05,-3,-4,8,832.2034301757812
17,-0.1707317073170731,1.1994193300779443e-06,-3,-4,8,832.2034301757812
18,-0.12195121951219512,1.0328546977689257e-06,-3,-4,8,832.2034301757812
19,-0.07317073170731703,1.101178440876538e-06,-3,-4,8,832.2034301757812
20,-0.024390243902439046,6.824222055001883e-06,-3,-4,8,832.2034301757812
21,0.024390243902439046,1.0603484952298459e-05,-3,-4,8,832.2034301757812
22,0.07317073170731714,6.276142357819481e-06,-3,-4,8,832.2034301757812
23,0.12195121951219523,4.0481964447280916e-07,-3,-4,8,832.2034301757812
24,0.17073170731707332,2.2611287064933094e-08,-3,-4,8,832.2034301757812
25,0.2195121951219512,1.4990307590778684e-06,-3,-4,8,832.2034301757812
26,0.2682926829268293,2.189529595852946e-06,-3,-4,8,832.2034301757812
27,0.3170731707317074,1.111051005864283e-06,-3,-4,8,832.2034301757812
28,0.36585365853658547,3.7080596371197316e-07,-3,-4,8,832.2034301757812
29,0.41463414634146356,1.3803130514133954e-06,-3,-4,8,832.2034301757812
30,0.46341463414634143,0.0,-3,-4,8,832.2034301757812
31,0.5121951219512195,0.0,-3,-4,8,832.2034301757812
32,0.5609756097560976,0.0,-3,-4,8,832.2034301757812
33,0.6097560975609757,0.0,-3,-4,8,832.2034301757812
34,0.6585365853658538,0.0,-3,-4,8,832.2034301757812
35,0.7073170731707317,0.0,-3,-4,8,832.2034301757812
36,0.7560975609756098,0.0,-3,-4,8,832.2034301757812
37,0.8048780487804879,0.0,-3,-4,8,832.2034301757812
38,0.853658536585366,0.0,-3,-4,8,832.2034301757812
39,0.902439024390244,0.0,-3,-4,8,832.2034301757812
40,0.9512195121951219,0.0,-3,-4,8,832.2034301757812
41,1.0,0.0,-3,-4,8,832.2034301757812
0,-1.0,2.976538553411956e-07,-3,4,11,832.2034301757812
1,-0.9512195121951219,8.793039341981057e-06,-3,4,11,832.2034301757812
2,-0.9024390243902439,8.07209971753764e-07,-3,4,11,832.2034301757812
3,-0.8536585365853658,1.9752917069126852e-05,-3,4,11,832.2034301757812
4,-0.8048780487804879,9.502929060545284e-06,-3,4,11,832.2034301757812
5,-0.7560975609756098,1.1431779057602398e-05,-3,4,11,832.2034301757812
6,-0.7073170731707317,7.757754246995319e-06,-3,4,11,832.2034301757812
7,-0.6585365853658536,1.5229798918880988e-05,-3,4,11,832.2034301757812
8,-0.6097560975609756,7.723180897301063e-05,-3,4,11,832.2034301757812
9,-0.5609756097560976,5.1524777518352494e-05,-3,4,11,832.2034301757812
10,-0.5121951219512195,0.0011786771938204765,-3,4,11,832.2034301757812
11,-0.46341463414634143,0.002558560110628605,-3,4,11,832.2034301757812
12,-0.41463414634146334,0.000867734313942492,-3,4,11,832.2034301757812
13,-0.36585365853658536,0.00011169111530762166,-3,4,11,832.2034301757812
14,-0.31707317073170727,0.0001989591255551204,-3,4,11,832.2034301757812
15,-0.2682926829268293,1.3189375749789178e-05,-3,4,11,832.2034301757812
16,-0.2195121951219512,1.7357860997435637e-05,-3,4,11,832.2034301757812
17,-0.1707317073170731,1.0973773896694183e-05,-3,4,11,832.2034301757812
18,-0.12195121951219512,5.1007668844249565e-06,-3,4,11,832.2034301757812
19,-0.07317073170731703,9.96299695543712e-06,-3,4,11,832.2034301757812
20,-0.024390243902439046,4.551733127300395e-06,-3,4,11,832.2034301757812
21,0.024390243902439046,6.653441687376471e-06,-3,4,11,832.2034301757812
22,0.07317073170731714,2.239067043774412e-06,-3,4,11,832.2034301757812
23,0.12195121951219523,6.336441401799675e-06,-3,4,11,832.2034301757812
24,0.17073170731707332,2.225884685458368e-07,-3,4,11,832.2034301757812
25,0.2195121951219512,7.035902740426536e-07,-3,4,11,832.2034301757812
26,0.2682926829268293,2.3971847440407146e-06,-3,4,11,832.2034301757812
27,0.3170731707317074,4.320912921684794e-06,-3,4,11,832.2034301757812
28,0.36585365853658547,6.57007512927521e-06,-3,4,11,832.2034301757812
29,0.41463414634146356,8.243040610977914e-06,-3,4,11,832.2034301757812
30,0.46341463414634143,1.095147013074893e-06,-3,4,11,832.2034301757812
31,0.5121951219512195,1.2675707239395706e-06,-3,4,11,832.2034301757812
32,0.5609756097560976,1.0087088639920694e-06,-3,4,11,832.2034301757812
33,0.6097560975609757,3.68591997812473e-07,-3,4,11,832.2034301757812
34,0.6585365853658538,7.104897576937219e-07,-3,4,11,832.2034301757812
35,0.7073170731707317,4.492967036640039e-06,-3,4,11,832.2034301757812
36,0.7560975609756098,1.6500354149684426e-06,-3,4,11,832.2034301757812
37,0.8048780487804879,6.374812073772773e-06,-3,4,11,832.2034301757812
38,0.853658536585366,7.215647315206297e-07,-3,4,11,832.2034301757812
39,0.902439024390244,3.4886625144281425e-06,-3,4,11,832.2034301757812
40,0.9512195121951219,1.6253864032478305e-06,-3,4,11,832.2034301757812
41,1.0,2.4003179532883223e-06,-3,4,11,832.2034301757812
0,-1.0,0.0,-2,-8,2,832.2034301757812
1,-0.9512195121951219,0.0,-2,-8,2,832.2034301757812
2,-0.9024390243902439,0.0,-2,-8,2,832.2034301757812
3,-0.8536585365853658,0.0,-2,-8,2,832.2034301757812
4,-0.8048780487804879,0.0,-2,-8,2,832.2034301757812
5,-0.7560975609756098,0.0,-2,-8,2,832.2034301757812
6,-0.7073170731707317,0.0,-2,-8,2,832.2034301757812
7,-0.6585365853658536,0.0,-2,-8,2,832.2034301757812
8,-0.6097560975609756,0.0,-2,-8,2,832.2034301757812
9,-0.5609756097560976,0.0,-2,-8,2,832.2034301757812
10,-0.5121951219512195,0.0,-2,-8,2,832.2034301757812
11,-0.46341463414634143,0.0,-2,-8,2,832.2034301757812
12,-0.41463414634146334,0.0,-2,-8,2,832.2034301757812
13,-0.36585365853658536,0.0,-2,-8,2,832.2034301757812
14,-0.31707317073170727,0.0,-2,-8,2,832.2034301757812
15,-0.2682926829268293,0.0,-2,-8,2,832.2034301757812
16,-0.2195121951219512,0.0,-2,-8,2,832.2034301757812
17,-0.1707317073170731,0.0,-2,-8,2,832.2034301757812
18,-0.12195121951219512,0.0,-2,-8,2,832.2034301757812
19,-0.07317073170731703,0.0,-2,-8,2,832.2034301757812
20,-0.024390243902439046,0.0,-2,-8,2,832.2034301757812
21,0.024390243902439046,0.0,-2,-8,2,832.2034301757812
22,0.07317073170731714,2.760516281341552e-06,-2,-8,2,832.2034301757812
23,0.12195121951219523,4.947203819938295e-07,-2,-8,2,832.2034301757812
24,0.17073170731707332,2.4183421487578016e-07,-2,-8,2,832.2034301757812
25,0.2195121951219512,1.1335597491779481e-06,-2,-8,2,832.2034301757812
26,0.2682926829268293,4.835703748540254e-07,-2,-8,2,832.2034301757812
27,0.3170731707317074,8.507560778525658e-06,-2,-8,2,832.2034301757812
28,0.36585365853658547,5.324077847035369e-06,-2,-8,2,832.2034301757812
29,0.41463414634146356,1.0309040590072982e-05,-2,-8,2,832.2034301757812
30,0.46341463414634143,2.0360677808639593e-05,-2,-8,2,832.2034301757812
31,0.5121951219512195,2.379945362918079e-05,-2,-8,2,832.2034301757812
32,0.5609756097560976,4.4895976316183805e-05,-2,-8,2,832.2034301757812
33,0.6097560975609757,0.0001049517813953571,-2,-8,2,832.2034301757812
34,0.6585365853658538,5.0030736019834876e-05,-2,-8,2,832.2034301757812
35,0.7073170731707317,2.0021736872877227e-06,-2,-8,2,832.2034301757812
36,0.7560975609756098,1.45512342442089e-06,-2,-8,2,832.2034301757812
37,0.8048780487804879,2.4078631213342305e-06,-2,-8,2,832.2034301757812
38,0.853658536585366,7.058310984575655e-07,-2,-8,2,832.2034301757812
39,0.902439024390244,7.510480486416782e-07,-2,-8,2,832.2034301757812
40,0.9512195121951219,1.055678779948721e-07,-2,-8,2,832.2034301757812
41,1.0,5.604715056506393e-07,-2,-8,2,832.2034301757812
0,-1.0,2.153164314222522e-05,-2,-8,3,832.2034301757812
1,-0.9512195121951219,1.2775612958648708e-05,-2,-8,3,832.2034301757812
2,-0.9024390243902439,0.0005622817552648485,-2,-8,3,832.2034301757812
3,-0.8536585365853658,3.500078310025856e-05,-2,-8,3,832.2034301757812
4,-0.8048780487804879,1.5169838718520623e-07,-2,-8,3,832.2034301757812
5,-0.7560975609756098,1.9853541743941605e-06,-2,-8,3,832.2034301757812
6,-0.7073170731707317,7.9278265729954e-07,-2,-8,3,832.2034301757812
7,-0.6585365853658536,9.594642733645742e-07,-2,-8,3,832.2034301757812
8,-0.6097560975609756,7.237146348870738e-08,-2,-8,3,832.2034301757812
9,-0.5609756097560976,4.335525005672025e-08,-2,-8,3,832.2034301757812
10,-0.5121951219512195,4.523428458469425e-07,-2,-8,3,832.2034301757812
11,-0.46341463414634143,1.1804506812040927e-06,-2,-8,3,832.2034301757812
12,-0.41463414634146334,5.611043434328167e-07,-2,-8,3,832.2034301757812
13,-0.36585365853658536,5.986975537553008e-08,-2,-8,3,832.2034301757812
14,-0.31707317073170727,0.0,-2,-8,3,832.2034301757812
15,-0.2682926829268293,0.0,-2,-8,3,832.2034301757812
16,-0.2195121951219512,0.0,-2,-8,3,832.2034301757812
17,-0.1707317073170731,0.0,-2,-8,3,832.2034301757812
18,-0.12195121951219512,0.0,-2,-8,3,832.2034301757812
19,-0.07317073170731703,0.0,-2,-8,3,832.2034301757812
20,-0.024390243902439046,0.0,-2,-8,3,832.2034301757812
21,0.024390243902439046,0.0,-2,-8,3,832.2034301757812
22,0.07317073170731714,0.0,-2,-8,3,832.2034301757812
23,0.12195121951219523,0.0,-2,-8,3,832.2034301757812
24,0.17073170731707332,0.0,-2,-8,3,832.2034301757812
25,0.2195121951219512,0.0,-2,-8,3,832.2034301757812
26,0.2682926829268293,0.0,-2,-8,3,832.2034301757812
27,0.3170731707317074,0.0,-2,-8,3,832.2034301757812
28,0.36585365853658547,0.0,-2,-8,3,832.2034301757812
29,0.41463414634146356,0.0,-2,-8,3,832.2034301757812
30,0.46341463414634143,0.0,-2,-8,3,832.2034301757812
31,0.5121951219512195,0.0,-2,-8,3,832.2034301757812
32,0.5609756097560976,0.0,-2,-8,3,832.2034301757812
33,0.6097560975609757,0.0,-2,-8,3,832.2034301757812
34,0.6585365853658538,0.0,-2,-8,3,832.2034301757812
35,0.7073170731707317,0.0,-2,-8,3,832.2034301757812
36,0.7560975609756098,0.0,-2,-8,3,832.2034301757812
37,0.8048780487804879,0.0,-2,-8,3,832.2034301757812
38,0.853658536585366,0.0,-2,-8,3,832.2034301757812
39,0.902439024390244,0.0,-2,-8,3,832.2034301757812
40,0.9512195121951219,0.0,-2,-8,3,832.2034301757812
41,1.0,0.0,-2,-8,3,832.2034301757812
0,-1.0,0.0,-2,-7,3,832.2034301757812
1,-0.9512195121951219,0.0,-2,-7,3,832.2034301757812
2,-0.9024390243902439,0.0,-2,-7,3,832.2034301757812
3,-0.8536585365853658,0.0,-2,-7,3,832.2034301757812
4,-0.8048780487804879,0.0,-2,-7,3,832.2034301757812
5,-0.7560975609756098,0.0,-2,-7,3,832.2034301757812
6,-0.7073170731707317,0.0,-2,-7,3,832.2034301757812
7,-0.6585365853658536,0.0,-2,-7,3,832.2034301757812
8,-0.6097560975609756,0.0,-2,-7,3,832.2034301757812
9,-0.5609756097560976,1.2778031077687046e-07,-2,-7,3,832.2034301757812
10,-0.5121951219512195,5.65658467621688e-07,-2,-7,3,832.2034301757812
11,-0.46341463414634143,1.720683258099598e-07,-2,-7,3,832.2034301757812
12,-0.41463414634146334,2.577640998424613e-07,-2,-7,3,832.2034301757812
13,-0.36585365853658536,8.034602615225594e-06,-2,-7,3,832.2034301757812
14,-0.31707317073170727,9.459426109970082e-06,-2,-7,3,832.2034301757812
15,-0.2682926829268293,4.3294585339026526e-06,-2,-7,3,832.2034301757812
16,-0.2195121951219512,5.269293069432024e-06,-2,-7,3,832.2034301757812
17,-0.1707317073170731,1.0347774150432087e-05,-2,-7,3,832.2034301757812
18,-0.12195121951219512,4.570730197883677e-06,-2,-7,3,832.2034301757812
19,-0.07317073170731703,6.732839210599195e-07,-2,-7,3,832.2034301757812
20,-0.024390243902439046,0.0001723036984913051,-2,-7,3,832.2034301757812
21,0.024390243902439046,0.00354881607927382,-2,-7,3,832.2034301757812
22,0.07317073170731714,0.002035971498116851,-2,-7,3,832.2034301757812
23,0.12195121951219523,4.550432277028449e-05,-2,-7,3,832.2034301757812
24,0.17073170731707332,2.221815702796448e-05,-2,-7,3,832.2034301757812
25,0.2195121951219512,4.860271474171896e-07,-2,-7,3,832.2034301757812
26,0.2682926829268293,1.4193562947184546e-06,-2,-7,3,832.2034301757812
27,0.3170731707317074,1.0677842965378659e-06,-2,-7,3,832.2034301757812
28,0.36585365853658547,9.78401430984377e-07,-2,-7,3,832.2034301757812
29,0.41463414634146356,2.0398128697252105e-07,-2,-7,3,832.2034301757812
30,0.46341463414634143,1.508643435954582e-06,-2,-7,3,832.2034301757812
31,0.5121951219512195,3.6146836919215275e-06,-2,-7,3,832.2034301757812
32,0.5609756097560976,4.069672741024988e-06,-2,-7,3,832.2034301757812
33,0.6097560975609757,3.133137624899973e-06,-2,-7,3,832.2034301757812
34,0.6585365853658538,9.030727596837096e-07,-2,-7,3,832.2034301757812
35,0.7073170731707317,0.0,-2,-7,3,832.2034301757812
36,0.7560975609756098,0.0,-2,-7,3,832.2034301757812
37,0.8048780487804879,0.0,-2,-7,3,832.2034301757812
38,0.853658536585366,0.0,-2,-7,3,832.2034301757812
39,0.902439024390244,0.0,-2,-7,3,832.2034301757812
40,0.9512195121951219,0.0,-2,-7,3,832.2034301757812
41,1.0,0.0,-2,-7,3,832.2034301757812
0,-1.0,3.65219239029102e-05,-2,-6,4,832.2034301757812
1,-0.9512195121951219,3.300554089946672e-05,-2,-6,4,832.2034301757812
2,-0.9024390243902439,2.2887945306138135e-05,-2,-6,4,832.2034301757812
3,-0.8536585365853658,0.00021548473159782588,-2,-6,4,832.2034301757812
4,-0.8048780487804879,8.386760600842535e-05,-2,-6,4,832.2034301757812
5,-0.7560975609756098,0.006114293355494738,-2,-6,4,832.2034301757812
6,-0.7073170731707317,4.120411540498026e-05,-2,-6,4,832.2034301757812
7,-0.6585365853658536,2.492861676728353e-05,-2,-6,4,832.2034301757812
8,-0.6097560975609756,3.6964251194149256e-05,-2,-6,4,832.2034301757812
9,-0.5609756097560976,3.399484194233082e-05,-2,-6,4,832.2034301757812
10,-0.5121951219512195,2.659742494870443e-05,-2,-6,4,832.2034301757812
11,-0.46341463414634143,1.043592783389613e-05,-2,-6,4,832.2034301757812
12,-0.41463414634146334,1.1126697927466012e-06,-2,-6,4,832.2034301757812
13,-0.36585365853658536,9.869129371509189e-07,-2,-6,4,832.2034301757812
14,-0.31707317073170727,4.718046056950698e-06,-2,-6,4,832.2034301757812
15,-0.2682926829268293,3.3059370707633207e-06,-2,-6,4,832.2034301757812
16,-0.2195121951219512,5.368154916141066e-07,-2,-6,4,832.2034301757812
17,-0.1707317073170731,1.0263446711178403e-05,-2,-6,4,832.2034301757812
18,-0.12195121951219512,1.9870174128300278e-06,-2,-6,4,832.2034301757812
19,-0.07317073170731703,3.2677489798516035e-06,-2,-6,4,832.2034301757812
20,-0.024390243902439046,1.3385805459620315e-06,-2,-6,4,832.2034301757812
21,0.024390243902439046,0.0,-2,-6,4,832.2034301757812
22,0.07317073170731714,0.0,-2,-6,4,832.2034301757812
23,0.12195121951219523,0.0,-2,-6,4,832.2034301757812
24,0.17073170731707332,0.0,-2,-6,4,832.2034301757812
25,0.2195121951219512,0.0,-2,-6,4,832.2034301757812
26,0.2682926829268293,0.0,-2,-6,4,832.2034301757812
27,0.3170731707317074,0.0,-2,-6,4,832.2034301757812
28,0.36585365853658547,0.0,-2,-6,4,832.2034301757812
29,0.41463414634146356,0.0,-2,-6,4,832.2034301757812
30,0.46341463414634143,0.0,-2,-6,4,832.2034301757812
31,0.5121951219512195,0.0,-2,-6,4,832.2034301757812
32,0.5609756097560976,0.0,-2,-6,4,832.2034301757812
33,0.6097560975609757,0.0,-2,-6,4,832.2034301757812
34,0.6585365853658538,0.0,-2,-6,4,832.2034301757812
35,0.7073170731707317,0.0,-2,-6,4,832.2034301757812
36,0.7560975609756098,0.0,-2,-6,4,832.2034301757812
37,0.8048780487804879,0.0,-2,-6,4,832.2034301757812
38,0.853658536585366,0.0,-2,-6,4,832.2034301757812
39,0.902439024390244,0.0,-2,-6,4,832.2034301757812
40,0.9512195121951219,0.0,-2,-6,4,832.2034301757812
41,1.0,0.0,-2,-6,4,832.2034301757812
0,-1.0,0.0,-2,-5,4,832.2034301757812
1,-0.9512195121951219,0.0,-2,-5,4,832.2034301757812
2,-0.9024390243902439,0.0,-2,-5,4,832.2034301757812
3,-0.8536585365853658,0.0,-2,-5,4,832.2034301757812
4,-0.8048780487804879,0.0,-2,-5,4,832.2034301757812
5,-0.7560975609756098,0.0,-2,-5,4,832.2034301757812
6,-0.7073170731707317,0.0,-2,-5,4,832.2034301757812
7,-0.6585365853658536,0.0,-2,-5,4,832.2034301757812
8,-0.6097560975609756,0.0,-2,-5,4,832.2034301757812
9,-0.5609756097560976,0.0,-2,-5,4,832.2034301757812
10,-0.5121951219512195,0.0,-2,-5,4,832.2034301757812
11,-0.46341463414634143,0.0,-2,-5,4,832.2034301757812
12,-0.41463414634146334,0.0,-2,-5,4,832.2034301757812
13,-0.36585365853658536,9.366646736452822e-06,-2,-5,4,832.2034301757812
14,-0.31707317073170727,6.804607011190456e-08,-2,-5,4,832.2034301757812
15,-0.2682926829268293,8.844205694913398e-06,-2,-5,4,832.2034301757812
16,-0.2195121951219512,3.1471665806748206e-06,-2,-5,4,832.2034301757812
17,-0.1707317073170731,1.8069207726512104e-05,-2,-5,4,832.2034301757812
18,-0.12195121951219512,1.0914191079791635e-06,-2,-5,4,832.2034301757812
19,-0.07317073170731703,1.5025844959382084e-06,-2,-5,4,832.2034301757812
20,-0.024390243902439046,4.212571730022319e-05,-2,-5,4,832.2034301757812
21,0.024390243902439046,1.8696240431381739e-06,-2,-5,4,832.2034301757812
22,0.07317073170731714,1.0065423339256085e-05,-2,-5,4,832.2034301757812
23,0.12195121951219523,6.0826587287010625e-06,-2,-5,4,832.2034301757812
24,0.17073170731707332,3.6599694794858806e-06,-2,-5,4,832.2034301757812
25,0.2195121951219512,1.6742507796152495e-05,-2,-5,4,832.2034301757812
26,0.2682926829268293,1.714653626549989e-05,-2,-5,4,832.2034301757812
27,0.3170731707317074,7.917693437775597e-06,-2,-5,4,832.2034301757812
28,0.36585365853658547,0.0002560067514423281,-2,-5,4,832.2034301757812
29,0.41463414634146356,0.0033515896648168564,-2,-5,4,832.2034301757812
30,0.46341463414634143,0.01982695236802101,-2,-5,4,832.2034301757812
31,0.5121951219512195,0.0010866461088880897,-2,-5,4,832.2034301757812
32,0.5609756097560976,1.930930238813744e-06,-2,-5,4,832.2034301757812
33,0.6097560975609757,4.4747743231710047e-05,-2,-5,4,832.2034301757812
34,0.6585365853658538,0.00011603997700149193,-2,-5,4,832.2034301757812
35,0.7073170731707317,5.152885933057405e-05,-2,-5,4,832.2034301757812
36,0.7560975609756098,5.5004857131280005e-06,-2,-5,4,832.2034301757812
37,0.8048780487804879,1.1272415576968342e-05,-2,-5,4,832.2034301757812
38,0.853658536585366,3.3955739127122797e-06,-2,-5,4,832.2034301757812
39,0.902439024390244,1.1033804184990004e-05,-2,-5,4,832.2034301757812
40,0.9512195121951219,2.798390960379038e-05,-2,-5,4,832.2034301757812
41,1.0,1.5228679330903105e-06,-2,-5,4,832.2034301757812
0,-1.0,8.521547715645283e-05,-2,-4,5,832.2034301757812
1,-0.9512195121951219,8.626884664408863e-05,-2,-4,5,832.2034301757812
2,-0.9024390243902439,0.0003841280995402485,-2,-4,5,832.2034301757812
3,-0.8536585365853658,5.4664735216647387e-05,-2,-4,5,832.2034301757812
4,-0.8048780487804879,0.010666320100426674,-2,-4,5,832.2034301757812
5,-0.7560975609756098,0.002739550080150366,-2,-4,5,832.2034301757812
6,-0.7073170731707317,0.0001311302767135203,-2,-4,5,832.2034301757812
7,-0.6585365853658536,5.758288170909509e-05,-2,-4,5,832.2034301757812
8,-0.6097560975609756,1.745482222759165e-05,-2,-4,5,832.2034301757812
9,-0.5609756097560976,6.13108350080438e-05,-2,-4,5,832.2034301757812
10,-0.5121951219512195,8.783973316894844e-05,-2,-4,5,832.2034301757812
11,-0.46341463414634143,7.061584028633661e-07,-2,-4,5,832.2034301757812
12,-0.41463414634146334,1.737737147777807e-05,-2,-4,5,832.2034301757812
13,-0.36585365853658536,1.022962351271417e-05,-2,-4,5,832.2034301757812
14,-0.31707317073170727,2.1556516003329307e-05,-2,-4,5,832.2034301757812
15,-0.2682926829268293,5.039865573053248e-05,-2,-4,5,832.2034301757812
16,-0.2195121951219512,1.1375718713679817e-05,-2,-4,5,832.2034301757812
17,-0.1707317073170731,4.0097769669955596e-05,-2,-4,5,832.2034301757812
18,-0.12195121951219512,4.943038220517337e-06,-2,-4,5,832.2034301757812
19,-0.07317073170731703,8.683853138791164e-07,-2,-4,5,832.2034301757812
20,-0.024390243902439046,5.81014683120884e-06,-2,-4,5,832.2034301757812
21,0.024390243902439046,1.4326886912385817e-06,-2,-4,5,832.2034301757812
22,0.07317073170731714,8.964541848399676e-06,-2,-4,5,832.2034301757812
23,0.12195121951219523,3.5253441410532105e-07,-2,-4,5,832.2034301757812
24,0.17073170731707332,5.062718742010475e-07,-2,-4,5,832.2034301757812
25,0.2195121951219512,6.529347160721954e-07,-2,-4,5,832.2034301757812
26,0.2682926829268293,2.416884854028467e-06,-2,-4,5,832.2034301757812
27,0.3170731707317074,0.0,-2,-4,5,832.2034301757812
28,0.36585365853658547,0.0,-2,-4,5,832.2034301757812
29,0.41463414634146356,0.0,-2,-4,5,832.2034301757812
30,0.46341463414634143,0.0,-2,-4,5,832.2034301757812
31,0.5121951219512195,0.0,-2,-4,5,832.2034301757812
32,0.5609756097560976,0.0,-2,-4,5,832.2034301757812
33,0.6097560975609757,0.0,-2,-4,5,832.2034301757812
34,0.6585365853658538,0.0,-2,-4,5,832.2034301757812
35,0.7073170731707317,0.0,-2,-4,5,832.2034301757812
36,0.7560975609756098,0.0,-2,-4,5,832.2034301757812
37,0.8048780487804879,0.0,-2,-4,5,832.2034301757812
38,0.853658536585366,0.0,-2,-4,5,832.2034301757812
39,0.902439024390244,0.0,-2,-4,5,832.2034301757812
40,0.9512195121951219,0.0,-2,-4,5,832.2034301757812
41,1.0,0.0,-2,-4,5,832.2034301757812
0,-1.0,0.0,-2,-3,5,832.2034301757812
1,-0.9512195121951219,0.0,-2,-3,5,832.2034301757812
2,-0.9024390243902439,0.0,-2,-3,5,832.2034301757812
3,-0.8536585365853658,0.0,-2,-3,5,832.2034301757812
4,-0.8048780487804879,0.0,-2,-3,5,832.2034301757812
5,-0.7560975609756098,0.0,-2,-3,5,832.2034301757812
6,-0.7073170731707317,0.0,-2,-3,5,832.2034301757812
7,-0.6585365853658536,0.0,-2,-3,5,832.2034301757812
8,-0.6097560975609756,0.0,-2,-3,5,832.2034301757812
9,-0.5609756097560976,0.0,-2,-3,5,832.2034301757812
10,-0.5121951219512195,0.0,-2,-3,5,832.2034301757812
11,-0.46341463414634143,0.0,-2,-3,5,832.2034301757812
12,-0.41463414634146334,4.5765929826302454e-05,-2,-3,5,832.2034301757812
13,-0.36585365853658536,2.68855055765016e-05,-2,-3,5,832.2034301757812
14,-0.31707317073170727,2.94361434498569e-05,-2,-3,5,832.2034301757812
15,-0.2682926829268293,9.697825589682907e-05,-2,-3,5,832.2034301757812
16,-0.2195121951219512,1.5717907444923185e-05,-2,-3,5,832.2034301757812
17,-0.1707317073170731,0.00016684914589859545,-2,-3,5,832.2034301757812
18,-0.12195121951219512,1.2302589311730117e-05,-2,-3,5,832.2034301757812
19,-0.07317073170731703,8.989477646537125e-05,-2,-3,5,832.2034301757812
20,-0.024390243902439046,2.828035576385446e-05,-2,-3,5,832.2034301757812
21,0.024390243902439046,9.01155453902902e-06,-2,-3,5,832.2034301757812
22,0.07317073170731714,0.0001912421575980261,-2,-3,5,832.2034301757812
23,0.12195121951219523,2.8308881155680865e-05,-2,-3,5,832.2034301757812
24,0.17073170731707332,0.00013436518202070147,-2,-3,5,832.2034301757812
25,0.2195121951219512,0.00016116842743940651,-2,-3,5,832.2034301757812
26,0.2682926829268293,1.7261678294744343e-05,-2,-3,5,832.2034301757812
27,0.3170731707317074,0.0002930010377895087,-2,-3,5,832.2034301757812
28,0.36585365853658547,1.2603835557456478e-06,-2,-3,5,832.2034301757812
29,0.41463414634146356,4.2340085201431066e-05,-2,-3,5,832.2034301757812
30,0.46341463414634143,0.00045158949797041714,-2,-3,5,832.2034301757812
31,0.5121951219512195,2.796066110022366e-05,-2,-3,5,832.2034301757812
32,0.5609756097560976,0.0008080399711616337,-2,-3,5,832.2034301757812
33,0.6097560975609757,0.00021799678506795317,-2,-3,5,832.2034301757812
34,0.6585365853658538,0.0008944224682636559,-2,-3,5,832.2034301757812
35,0.7073170731707317,0.001700915745459497,-2,-3,5,832.2034301757812
36,0.7560975609756098,0.00034703267738223076,-2,-3,5,832.2034301757812
37,0.8048780487804879,0.007582377642393112,-2,-3,5,832.2034301757812
38,0.853658536585366,0.002064251806586981,-2,-3,5,832.2034301757812
39,0.902439024390244,0.11986231803894043,-2,-3,5,832.2034301757812
40,0.9512195121951219,0.11357766389846802,-2,-3,5,832.2034301757812
41,1.0,0.0011627040803432465,-2,-3,5,832.2034301757812
0,-1.0,0.0038297513965517282,-2,1,7,832.2034301757812
1,-0.9512195121951219,0.007746330462396145,-2,1,7,832.2034301757812
2,-0.9024390243902439,0.012296834029257298,-2,1,7,832.2034301757812
3,-0.8536585365853658,0.027512826025485992,-2,1,7,832.2034301757812
4,-0.8048780487804879,0.038785453885793686,-2,1,7,832.2034301757812
5,-0.7560975609756098,0.014319485053420067,-2,1,7,832.2034301757812
6,-0.7073170731707317,0.013494116254150867,-2,1,7,832.2034301757812
7,-0.6585365853658536,0.045371703803539276,-2,1,7,832.2034301757812
8,-0.6097560975609756,0.05459822714328766,-2,1,7,832.2034301757812
9,-0.5609756097560976,0.06896422803401947,-2,1,7,832.2034301757812
10,-0.5121951219512195,0.07910750061273575,-2,1,7,832.2034301757812
11,-0.46341463414634143,0.11261200904846191,-2,1,7,832.2034301757812
12,-0.41463414634146334,0.12144482135772705,-2,1,7,832.2034301757812
13,-0.36585365853658536,0.08717794716358185,-2,1,7,832.2034301757812
14,-0.31707317073170727,0.03809710964560509,-2,1,7,832.2034301757812
15,-0.2682926829268293,0.011005361564457417,-2,1,7,832.2034301757812
16,-0.2195121951219512,0.0059136818163096905,-2,1,7,832.2034301757812
17,-0.1707317073170731,0.014919218607246876,-2,1,7,832.2034301757812
18,-0.12195121951219512,0.009879069402813911,-2,1,7,832.2034301757812
19,-0.07317073170731703,0.006703320890665054,-2,1,7,832.2034301757812
20,-0.024390243902439046,0.0005260282778181136,-2,1,7,832.2034301757812
21,0.024390243902439046,0.0005849673179909587,-2,1,7,832.2034301757812
22,0.07317073170731714,0.00010466094681760296,-2,1,7,832.2034301757812
23,0.12195121951219523,7.810865645296872e-05,-2,1,7,832.2034301757812
24,0.17073170731707332,0.000816394342109561,-2,1,7,832.2034301757812
25,0.2195121951219512,0.001386496820487082,-2,1,7,832.2034301757812
26,0.2682926829268293,0.0008437136420980096,-2,1,7,832.2034301757812
27,0.3170731707317074,0.0020141915883868933,-2,1,7,832.2034301757812
28,0.36585365853658547,0.002145064063370228,-2,1,7,832.2034301757812
29,0.41463414634146356,0.0015111363027244806,-2,1,7,832.2034301757812
30,0.46341463414634143,0.0010307785123586655,-2,1,7,832.2034301757812
31,0.5121951219512195,0.00039206596557050943,-2,1,7,832.2034301757812
32,0.5609756097560976,0.000960080127697438,-2,1,7,832.2034301757812
33,0.6097560975609757,0.0002264010690851137,-2,1,7,832.2034301757812
34,0.6585365853658538,4.7203549911500886e-05,-2,1,7,832.2034301757812
35,0.7073170731707317,3.954803105443716e-06,-2,1,7,832.2034301757812
36,0.7560975609756098,0.00029445180553011596,-2,1,7,832.2034301757812
37,0.8048780487804879,0.00031017031869851053,-2,1,7,832.2034301757812
38,0.853658536585366,0.0006369818584062159,-2,1,7,832.2034301757812
39,0.902439024390244,0.00048020706162787974,-2,1,7,832.2034301757812
40,0.9512195121951219,0.0007590631139464676,-2,1,7,832.2034301757812
41,1.0,0.0008218316361308098,-2,1,7,832.2034301757812
0,-1.0,1.7099473552661948e-05,-2,4,8,832.2034301757812
1,-0.9512195121951219,1.2245488505868707e-05,-2,4,8,832.2034301757812
2,-0.9024390243902439,2.8063275749445893e-05,-2,4,8,832.2034301757812
3,-0.8536585365853658,5.281921403366141e-05,-2,4,8,832.2034301757812
4,-0.8048780487804879,8.675400749780238e-05,-2,4,8,832.2034301757812
5,-0.7560975609756098,0.00011853678006445989,-2,4,8,832.2034301757812
6,-0.7073170731707317,3.241767899453407e-06,-2,4,8,832.2034301757812
7,-0.6585365853658536,0.00014237688446883112,-2,4,8,832.2034301757812
8,-0.6097560975609756,0.00012923275062348694,-2,4,8,832.2034301757812
9,-0.5609756097560976,0.0002174266119254753,-2,4,8,832.2034301757812
10,-0.5121951219512195,0.0005094873486086726,-2,4,8,832.2034301757812
11,-0.46341463414634143,0.0011427109129726887,-2,4,8,832.2034301757812
12,-0.41463414634146334,0.0016908114776015282,-2,4,8,832.2034301757812
13,-0.36585365853658536,0.002142743906006217,-2,4,8,832.2034301757812
14,-0.31707317073170727,0.0030791601166129112,-2,4,8,832.2034301757812
15,-0.2682926829268293,0.0023892393801361322,-2,4,8,832.2034301757812
16,-0.2195121951219512,0.0016085890820249915,-2,4,8,832.2034301757812
17,-0.1707317073170731,7.992633982212283e-06,-2,4,8,832.2034301757812
18,-0.12195121951219512,0.00020112287893425673,-2,4,8,832.2034301757812
19,-0.07317073170731703,2.3698772565694526e-05,-2,4,8,832.2034301757812
20,-0.024390243902439046,7.839399040676653e-05,-2,4,8,832.2034301757812
21,0.024390243902439046,1.6075199482656899e-06,-2,4,8,832.2034301757812
22,0.07317073170731714,2.2116511900094338e-05,-2,4,8,832.2034301757812
23,0.12195121951219523,1.0892057389355614e-06,-2,4,8,832.2034301757812
24,0.17073170731707332,1.1922184967261273e-05,-2,4,8,832.2034301757812
25,0.2195121951219512,2.0678239707194734e-06,-2,4,8,832.2034301757812
26,0.2682926829268293,5.8562300182529725e-06,-2,4,8,832.2034301757812
27,0.3170731707317074,1.0667503147487878e-06,-2,4,8,832.2034301757812
28,0.36585365853658547,7.358264156209771e-06,-2,4,8,832.2034301757812
29,0.41463414634146356,1.0323255082766991e-05,-2,4,8,832.2034301757812
30,0.46341463414634143,5.004618287784979e-06,-2,4,8,832.2034301757812
31,0.5121951219512195,5.827832438853875e-08,-2,4,8,832.2034301757812
32,0.5609756097560976,6.996411229920341e-06,-2,4,8,832.2034301757812
33,0.6097560975609757,1.0636899787641596e-06,-2,4,8,832.2034301757812
34,0.6585365853658538,4.765379799209768e-06,-2,4,8,832.2034301757812
35,0.7073170731707317,4.102652837900678e-06,-2,4,8,832.2034301757812
36,0.7560975609756098,1.0043800102721434e-06,-2,4,8,832.2034301757812
37,0.8048780487804879,1.033154717333673e-06,-2,4,8,832.2034301757812
38,0.853658536585366,1.0950988325930666e-05,-2,4,8,832.2034301757812
39,0.902439024390244,4.917027035844512e-05,-2,4,8,832.2034301757812
40,0.9512195121951219,1.6527026673429646e-05,-2,4,8,832.2034301757812
41,1.0,8.246803190559149e-06,-2,4,8,832.2034301757812
0,-1.0,0.0,-2,6,9,832.2034301757812
1,-0.9512195121951219,0.0,-2,6,9,832.2034301757812
2,-0.9024390243902439,0.0,-2,6,9,832.2034301757812
3,-0.8536585365853658,0.0,-2,6,9,832.2034301757812
4,-0.8048780487804879,0.0,-2,6,9,832.2034301757812
5,-0.7560975609756098,0.0,-2,6,9,832.2034301757812
6,-0.7073170731707317,0.0,-2,6,9,832.2034301757812
7,-0.6585365853658536,0.0,-2,6,9,832.2034301757812
8,-0.6097560975609756,0.0,-2,6,9,832.2034301757812
9,-0.5609756097560976,0.0,-2,6,9,832.2034301757812
10,-0.5121951219512195,0.0,-2,6,9,832.2034301757812
11,-0.46341463414634143,0.0,-2,6,9,832.2034301757812
12,-0.41463414634146334,0.0,-2,6,9,832.2034301757812
13,-0.36585365853658536,0.0,-2,6,9,832.2034301757812
14,-0.31707317073170727,0.0,-2,6,9,832.2034301757812
15,-0.2682926829268293,0.0,-2,6,9,832.2034301757812
16,-0.2195121951219512,0.0,-2,6,9,832.2034301757812
17,-0.1707317073170731,0.0,-2,6,9,832.2034301757812
18,-0.12195121951219512,0.0,-2,6,9,832.2034301757812
19,-0.07317073170731703,0.0,-2,6,9,832.2034301757812
20,-0.024390243902439046,0.0,-2,6,9,832.2034301757812
21,0.024390243902439046,2.7522939944901736e-06,-2,6,9,832.2034301757812
22,0.07317073170731714,5.393382707552519e-06,-2,6,9,832.2034301757812
23,0.12195121951219523,4.378789071779465e-06,-2,6,9,832.2034301757812
24,0.17073170731707332,3.4051199691020884e-06,-2,6,9,832.2034301757812
25,0.2195121951219512,4.752667337015737e-06,-2,6,9,832.2034301757812
26,0.2682926829268293,5.636567493638722e-06,-2,6,9,832.2034301757812
27,0.3170731707317074,3.1632632726541488e-06,-2,6,9,832.2034301757812
28,0.36585365853658547,8.144670573528856e-06,-2,6,9,832.2034301757812
29,0.41463414634146356,6.236015451577259e-06,-2,6,9,832.2034301757812
30,0.46341463414634143,4.1345319345964526e-07,-2,6,9,832.2034301757812
31,0.5121951219512195,6.204084638739005e-05,-2,6,9,832.2034301757812
32,0.5609756097560976,2.740805757639464e-05,-2,6,9,832.2034301757812
33,0.6097560975609757,5.7815494074020535e-05,-2,6,9,832.2034301757812
34,0.6585365853658538,2.9103175620548427e-05,-2,6,9,832.2034301757812
35,0.7073170731707317,0.00011978561815340072,-2,6,9,832.2034301757812
36,0.7560975609756098,0.00013204301649238914,-2,6,9,832.2034301757812
37,0.8048780487804879,0.00052841060096398,-2,6,9,832.2034301757812
38,0.853658536585366,0.0029505437705665827,-2,6,9,832.2034301757812
39,0.902439024390244,0.008233057335019112,-2,6,9,832.2034301757812
40,0.9512195121951219,0.0003704377159010619,-2,6,9,832.2034301757812
41,1.0,6.0027712606824934e-05,-2,6,9,832.2034301757812
0,-1.0,0.0,-2,7,9,832.2034301757812
1,-0.9512195121951219,0.0,-2,7,9,832.2034301757812
2,-0.9024390243902439,0.0,-2,7,9,832.2034301757812
3,-0.8536585365853658,0.0,-2,7,9,832.2034301757812
4,-0.8048780487804879,0.0,-2,7,9,832.2034301757812
5,-0.7560975609756098,0.0,-2,7,9,832.2034301757812
6,-0.7073170731707317,0.0,-2,7,9,832.2034301757812
7,-0.6585365853658536,0.0,-2,7,9,832.2034301757812
8,-0.6097560975609756,0.0,-2,7,9,832.2034301757812
9,-0.5609756097560976,0.0,-2,7,9,832.2034301757812
10,-0.5121951219512195,1.186590566248924e-06,-2,7,9,832.2034301757812
11,-0.46341463414634143,5.805498517474916e-07,-2,7,9,832.2034301757812
12,-0.41463414634146334,1.0768543461381341e-06,-2,7,9,832.2034301757812
13,-0.36585365853658536,6.004530632708338e-07,-2,7,9,832.2034301757812
14,-0.31707317073170727,6.025571792633855e-07,-2,7,9,832.2034301757812
15,-0.2682926829268293,9.129038289756863e-07,-2,7,9,832.2034301757812
16,-0.2195121951219512,6.168499453451659e-07,-2,7,9,832.2034301757812
17,-0.1707317073170731,1.9704316400748212e-07,-2,7,9,832.2034301757812
18,-0.12195121951219512,1.5559006669718656e-06,-2,7,9,832.2034301757812
19,-0.07317073170731703,2.7729479370464105e-06,-2,7,9,832.2034301757812
20,-0.024390243902439046,1.5389153986689053e-06,-2,7,9,832.2034301757812
21,0.024390243902439046,1.28830137668956e-07,-2,7,9,832.2034301757812
22,0.07317073170731714,6.995600870141061e-06,-2,7,9,832.2034301757812
23,0.12195121951219523,2.9745883693976793e-06,-2,7,9,832.2034301757812
24,0.17073170731707332,1.6998088540276513e-05,-2,7,9,832.2034301757812
25,0.2195121951219512,4.3026266212109476e-05,-2,7,9,832.2034301757812
26,0.2682926829268293,2.06707068173273e-06,-2,7,9,832.2034301757812
27,0.3170731707317074,9.993899539040285e-07,-2,7,9,832.2034301757812
28,0.36585365853658547,2.6504740162636153e-06,-2,7,9,832.2034301757812
29,0.41463414634146356,1.913586629598285e-06,-2,7,9,832.2034301757812
30,0.46341463414634143,1.1494114460219862e-06,-2,7,9,832.2034301757812
31,0.5121951219512195,2.06238127020697e-07,-2,7,9,832.2034301757812
32,0.5609756097560976,1.52454003909952e-06,-2,7,9,832.2034301757812
33,0.6097560975609757,1.461216072584648e-07,-2,7,9,832.2034301757812
34,0.6585365853658538,5.0353630598465315e-08,-2,7,9,832.2034301757812
35,0.7073170731707317,6.571147537215438e-07,-2,7,9,832.2034301757812
36,0.7560975609756098,2.546645703205286e-07,-2,7,9,832.2034301757812
37,0.8048780487804879,1.3561092600866687e-05,-2,7,9,832.2034301757812
38,0.853658536585366,8.109762347885408e-06,-2,7,9,832.2034301757812
39,0.902439024390244,1.5732684914837591e-06,-2,7,9,832.2034301757812
40,0.9512195121951219,0.0,-2,7,9,832.2034301757812
41,1.0,0.0,-2,7,9,832.2034301757812
0,-1.0,0.0,-1,-9,-2,832.2034301757812
1,-0.9512195121951219,0.0,-1,-9,-2,832.2034301757812
2,-0.9024390243902439,0.0,-1,-9,-2,832.2034301757812
3,-0.8536585365853658,0.0,-1,-9,-2,832.2034301757812
4,-0.8048780487804879,0.0,-1,-9,-2,832.2034301757812
5,-0.7560975609756098,0.0,-1,-9,-2,832.2034301757812
6,-0.7073170731707317,0.0,-1,-9,-2,832.2034301757812
7,-0.6585365853658536,0.0,-1,-9,-2,832.2034301757812
8,-0.6097560975609756,0.0,-1,-9,-2,832.2034301757812
9,-0.5609756097560976,0.0,-1,-9,-2,832.2034301757812
10,-0.5121951219512195,0.0,-1,-9,-2,832.2034301757812
11,-0.46341463414634143,0.0,-1,-9,-2,832.2034301757812
12,-0.41463414634146334,0.0,-1,-9,-2,832.2034301757812
13,-0.36585365853658536,0.0,-1,-9,-2,832.2034301757812
14,-0.31707317073170727,0.0,-1,-9,-2,832.2034301757812
15,-0.2682926829268293,0.0,-1,-9,-2,832.2034301757812
16,-0.2195121951219512,0.0,-1,-9,-2,832.2034301757812
17,-0.1707317073170731,0.0,-1,-9,-2,832.2034301757812
18,-0.12195121951219512,0.0,-1,-9,-2,832.2034301757812
19,-0.07317073170731703,0.0,-1,-9,-2,832.2034301757812
20,-0.024390243902439046,0.0,-1,-9,-2,832.2034301757812
21,0.024390243902439046,2.4089939643090474e-07,-1,-9,-2,832.2034301757812
22,0.07317073170731714,1.0482524430699414e-06,-1,-9,-2,832.2034301757812
23,0.12195121951219523,1.070281632564729e-05,-1,-9,-2,832.2034301757812
24,0.17073170731707332,3.298173680832406e-07,-1,-9,-2,832.2034301757812
25,0.2195121951219512,1.2476557458285242e-06,-1,-9,-2,832.2034301757812
26,0.2682926829268293,6.579730982281262e-09,-1,-9,-2,832.2034301757812
27,0.3170731707317074,2.826877789630089e-06,-1,-9,-2,832.2034301757812
28,0.36585365853658547,1.6340742376996786e-06,-1,-9,-2,832.2034301757812
29,0.41463414634146356,1.2269470062165055e-05,-1,-9,-2,832.2034301757812
30,0.46341463414634143,7.177844054240268e-06,-1,-9,-2,832.2034301757812
31,0.5121951219512195,0.00015934481052681804,-1,-9,-2,832.2034301757812
32,0.5609756097560976,9.166199561150279e-06,-1,-9,-2,832.2034301757812
33,0.6097560975609757,6.515781478810823e-06,-1,-9,-2,832.2034301757812
34,0.6585365853658538,1.7678341464488767e-05,-1,-9,-2,832.2034301757812
35,0.7073170731707317,1.495598894507566e-06,-1,-9,-2,832.2034301757812
36,0.7560975609756098,5.088049874757417e-07,-1,-9,-2,832.2034301757812
37,0.8048780487804879,1.3011422197450884e-06,-1,-9,-2,832.2034301757812
38,0.853658536585366,6.196187740670211e-08,-1,-9,-2,832.2034301757812
39,0.902439024390244,5.212396558818e-07,-1,-9,-2,832.2034301757812
40,0.9512195121951219,4.7061792685099135e-08,-1,-9,-2,832.2034301757812
41,1.0,0.0,-1,-9,-2,832.2034301757812
0,-1.0,3.9278256735997275e-06,-1,-9,-1,832.2034301757812
1,-0.9512195121951219,3.5514062801667023e-06,-1,-9,-1,832.2034301757812
2,-0.9024390243902439,5.044732006354025e-06,-1,-9,-1,832.2034301757812
3,-0.8536585365853658,6.371914787450805e-05,-1,-9,-1,832.2034301757812
4,-0.8048780487804879,0.0014462765539065003,-1,-9,-1,832.2034301757812
5,-0.7560975609756098,1.4567908692697529e-05,-1,-9,-1,832.2034301757812
6,-0.7073170731707317,7.742373213659448e-07,-1,-9,-1,832.2034301757812
7,-0.6585365853658536,7.050914064166136e-06,-1,-9,-1,832.2034301757812
8,-0.6097560975609756,1.9893759599654004e-06,-1,-9,-1,832.2034301757812
9,-0.5609756097560976,9.786710961634526e-07,-1,-9,-1,832.2034301757812
10,-0.5121951219512195,2.322117552466807e-06,-1,-9,-1,832.2034301757812
11,-0.46341463414634143,3.2815478334669024e-07,-1,-9,-1,832.2034301757812
12,-0.41463414634146334,1.5962332327035256e-06,-1,-9,-1,832.2034301757812
13,-0.36585365853658536,2.3654552023799624e-06,-1,-9,-1,832.2034301757812
14,-0.31707317073170727,4.572034413286019e-06,-1,-9,-1,832.2034301757812
15,-0.2682926829268293,0.0,-1,-9,-1,832.2034301757812
16,-0.2195121951219512,0.0,-1,-9,-1,832.2034301757812
17,-0.1707317073170731,0.0,-1,-9,-1,832.2034301757812
18,-0.12195121951219512,0.0,-1,-9,-1,832.2034301757812
19,-0.07317073170731703,0.0,-1,-9,-1,832.2034301757812
20,-0.024390243902439046,0.0,-1,-9,-1,832.2034301757812
21,0.024390243902439046,0.0,-1,-9,-1,832.2034301757812
22,0.07317073170731714,0.0,-1,-9,-1,832.2034301757812
23,0.12195121951219523,0.0,-1,-9,-1,832.2034301757812
24,0.17073170731707332,0.0,-1,-9,-1,832.2034301757812
25,0.2195121951219512,0.0,-1,-9,-1,832.2034301757812
26,0.2682926829268293,0.0,-1,-9,-1,832.2034301757812
27,0.3170731707317074,0.0,-1,-9,-1,832.2034301757812
28,0.36585365853658547,0.0,-1,-9,-1,832.2034301757812
29,0.41463414634146356,0.0,-1,-9,-1,832.2034301757812
30,0.46341463414634143,0.0,-1,-9,-1,832.2034301757812
31,0.5121951219512195,0.0,-1,-9,-1,832.2034301757812
32,0.5609756097560976,0.0,-1,-9,-1,832.2034301757812
33,0.6097560975609757,0.0,-1,-9,-1,832.2034301757812
34,0.6585365853658538,0.0,-1,-9,-1,832.2034301757812
35,0.7073170731707317,0.0,-1,-9,-1,832.2034301757812
36,0.7560975609756098,0.0,-1,-9,-1,832.2034301757812
37,0.8048780487804879,0.0,-1,-9,-1,832.2034301757812
38,0.853658536585366,0.0,-1,-9,-1,832.2034301757812
39,0.902439024390244,0.0,-1,-9,-1,832.2034301757812
40,0.9512195121951219,0.0,-1,-9,-1,832.2034301757812
41,1.0,0.0,-1,-9,-1,832.2034301757812
0,-1.0,0.0,-1,-8,-1,832.2034301757812
1,-0.9512195121951219,0.0,-1,-8,-1,832.2034301757812
2,-0.9024390243902439,0.0,-1,-8,-1,832.2034301757812
3,-0.8536585365853658,0.0,-1,-8,-1,832.2034301757812
4,-0.8048780487804879,0.0,-1,-8,-1,832.2034301757812
5,-0.7560975609756098,0.0,-1,-8,-1,832.2034301757812
6,-0.7073170731707317,0.0,-1,-8,-1,832.2034301757812
7,-0.6585365853658536,0.0,-1,-8,-1,832.2034301757812
8,-0.6097560975609756,0.0,-1,-8,-1,832.2034301757812
9,-0.5609756097560976,0.0,-1,-8,-1,832.2034301757812
10,-0.5121951219512195,0.0,-1,-8,-1,832.2034301757812
11,-0.46341463414634143,7.917298717075028e-06,-1,-8,-1,832.2034301757812
12,-0.41463414634146334,2.4368304707422794e-07,-1,-8,-1,832.2034301757812
13,-0.36585365853658536,9.676400622993242e-07,-1,-8,-1,832.2034301757812
14,-0.31707317073170727,1.362473085464444e-06,-1,-8,-1,832.2034301757812
15,-0.2682926829268293,1.7317098581770551e-06,-1,-8,-1,832.2034301757812
16,-0.2195121951219512,8.261185030278284e-06,-1,-8,-1,832.2034301757812
17,-0.1707317073170731,2.387940367043484e-05,-1,-8,-1,832.2034301757812
18,-0.12195121951219512,9.447899174119812e-07,-1,-8,-1,832.2034301757812
19,-0.07317073170731703,4.740228689570358e-07,-1,-8,-1,832.2034301757812
20,-0.024390243902439046,1.9823222828563303e-05,-1,-8,-1,832.2034301757812
21,0.024390243902439046,7.912114961072803e-05,-1,-8,-1,832.2034301757812
22,0.07317073170731714,0.0011676803696900606,-1,-8,-1,832.2034301757812
23,0.12195121951219523,0.0015052594244480133,-1,-8,-1,832.2034301757812
24,0.17073170731707332,3.1332794605987146e-05,-1,-8,-1,832.2034301757812
25,0.2195121951219512,3.60983976861462e-05,-1,-8,-1,832.2034301757812
26,0.2682926829268293,6.568532739947841e-07,-1,-8,-1,832.2034301757812
27,0.3170731707317074,9.81781522568781e-06,-1,-8,-1,832.2034301757812
28,0.36585365853658547,9.002169463201426e-06,-1,-8,-1,832.2034301757812
29,0.41463414634146356,4.4778403207601514e-07,-1,-8,-1,832.2034301757812
30,0.46341463414634143,2.199961727455957e-06,-1,-8,-1,832.2034301757812
31,0.5121951219512195,2.441571496092365e-06,-1,-8,-1,832.2034301757812
32,0.5609756097560976,2.374220002820948e-06,-1,-8,-1,832.2034301757812
33,0.6097560975609757,1.5064031231304398e-06,-1,-8,-1,832.2034301757812
34,0.6585365853658538,7.171726679189305e-07,-1,-8,-1,832.2034301757812
35,0.7073170731707317,0.0,-1,-8,-1,832.2034301757812
36,0.7560975609756098,0.0,-1,-8,-1,832.2034301757812
37,0.8048780487804879,0.0,-1,-8,-1,832.2034301757812
38,0.853658536585366,0.0,-1,-8,-1,832.2034301757812
39,0.902439024390244,0.0,-1,-8,-1,832.2034301757812
40,0.9512195121951219,0.0,-1,-8,-1,832.2034301757812
41,1.0,0.0,-1,-8,-1,832.2034301757812
0,-1.0,2.2957640339882346e-06,-1,-7,0,832.2034301757812
1,-0.9512195121951219,1.5207048420506908e-07,-1,-7,0,832.2034301757812
2,-0.9024390243902439,2.0360632788651856e-06,-1,-7,0,832.2034301757812
3,-0.8536585365853658,1.872862412710674e-05,-1,-7,0,832.2034301757812
4,-0.8048780487804879,3.801659113378264e-05,-1,-7,0,832.2034301757812
5,-0.7560975609756098,2.8220570129633415e-06,-1,-7,0,832.2034301757812
6,-0.7073170731707317,1.0090453542943578e-05,-1,-7,0,832.2034301757812
7,-0.6585365853658536,2.1343112166505307e-05,-1,-7,0,832.2034301757812
8,-0.6097560975609756,8.240126771852374e-05,-1,-7,0,832.2034301757812
9,-0.5609756097560976,0.00020044852863065898,-1,-7,0,832.2034301757812
10,-0.5121951219512195,0.0005633723339997232,-1,-7,0,832.2034301757812
11,-0.46341463414634143,0.005811099894344807,-1,-7,0,832.2034301757812
12,-0.41463414634146334,0.00023528946621809155,-1,-7,0,832.2034301757812
13,-0.36585365853658536,8.581863949075341e-05,-1,-7,0,832.2034301757812
14,-0.31707317073170727,9.519072773400694e-05,-1,-7,0,832.2034301757812
15,-0.2682926829268293,5.204624903853983e-05,-1,-7,0,832.2034301757812
16,-0.2195121951219512,3.017605922650546e-05,-1,-7,0,832.2034301757812
17,-0.1707317073170731,4.375089338282123e-05,-1,-7,0,832.2034301757812
18,-0.12195121951219512,4.915150384476874e-06,-1,-7,0,832.2034301757812
19,-0.07317073170731703,4.035705387650523e-06,-1,-7,0,832.2034301757812
20,-0.024390243902439046,8.503413482685573e-06,-1,-7,0,832.2034301757812
21,0.024390243902439046,7.61273258831352e-06,-1,-7,0,832.2034301757812
22,0.07317073170731714,1.550273850625672e-06,-1,-7,0,832.2034301757812
23,0.12195121951219523,4.375305252324324e-06,-1,-7,0,832.2034301757812
24,0.17073170731707332,6.446847237384645e-06,-1,-7,0,832.2034301757812
25,0.2195121951219512,0.0,-1,-7,0,832.2034301757812
26,0.2682926829268293,0.0,-1,-7,0,832.2034301757812
27,0.3170731707317074,0.0,-1,-7,0,832.2034301757812
28,0.36585365853658547,0.0,-1,-7,0,832.2034301757812
29,0.41463414634146356,0.0,-1,-7,0,832.2034301757812
30,0.46341463414634143,0.0,-1,-7,0,832.2034301757812
31,0.5121951219512195,0.0,-1,-7,0,832.2034301757812
32,0.5609756097560976,0.0,-1,-7,0,832.2034301757812
33,0.6097560975609757,0.0,-1,-7,0,832.2034301757812
34,0.6585365853658538,0.0,-1,-7,0,832.2034301757812
35,0.7073170731707317,0.0,-1,-7,0,832.2034301757812
36,0.7560975609756098,0.0,-1,-7,0,832.2034301757812
37,0.8048780487804879,0.0,-1,-7,0,832.2034301757812
38,0.853658536585366,0.0,-1,-7,0,832.2034301757812
39,0.902439024390244,0.0,-1,-7,0,832.2034301757812
40,0.9512195121951219,0.0,-1,-7,0,832.2034301757812
41,1.0,0.0,-1,-7,0,832.2034301757812
0,-1.0,0.0,-1,-6,0,832.2034301757812
1,-0.9512195121951219,0.0,-1,-6,0,832.2034301757812
2,-0.9024390243902439,0.0,-1,-6,0,832.2034301757812
3,-0.8536585365853658,0.0,-1,-6,0,832.2034301757812
4,-0.8048780487804879,0.0,-1,-6,0,832.2034301757812
5,-0.7560975609756098,0.0,-1,-6,0,832.2034301757812
6,-0.7073170731707317,0.0,-1,-6,0,832.2034301757812
7,-0.6585365853658536,0.0,-1,-6,0,832.2034301757812
8,-0.6097560975609756,0.0,-1,-6,0,832.2034301757812
9,-0.5609756097560976,0.0,-1,-6,0,832.2034301757812
10,-0.5121951219512195,0.0,-1,-6,0,832.2034301757812
11,-0.46341463414634143,0.0,-1,-6,0,832.2034301757812
12,-0.41463414634146334,0.0,-1,-6,0,832.2034301757812
13,-0.36585365853658536,0.0,-1,-6,0,832.2034301757812
14,-0.31707317073170727,0.0,-1,-6,0,832.2034301757812
15,-0.2682926829268293,0.0,-1,-6,0,832.2034301757812
16,-0.2195121951219512,0.0,-1,-6,0,832.2034301757812
17,-0.1707317073170731,0.0,-1,-6,0,832.2034301757812
18,-0.12195121951219512,0.0,-1,-6,0,832.2034301757812
19,-0.07317073170731703,3.6139658732281532e-06,-1,-6,0,832.2034301757812
20,-0.024390243902439046,9.906464129016967e-07,-1,-6,0,832.2034301757812
21,0.024390243902439046,7.35160028852988e-07,-1,-6,0,832.2034301757812
22,0.07317073170731714,1.1602484846662264e-05,-1,-6,0,832.2034301757812
23,0.12195121951219523,1.2554834938782733e-05,-1,-6,0,832.2034301757812
24,0.17073170731707332,2.186966776207555e-05,-1,-6,0,832.2034301757812
25,0.2195121951219512,2.0267294530640356e-05,-1,-6,0,832.2034301757812
26,0.2682926829268293,6.002828376949765e-05,-1,-6,0,832.2034301757812
27,0.3170731707317074,6.464030593633652e-05,-1,-6,0,832.2034301757812
28,0.36585365853658547,6.224106618901715e-05,-1,-6,0,832.2034301757812
29,0.41463414634146356,4.25253419962246e-05,-1,-6,0,832.2034301757812
30,0.46341463414634143,1.762061037879903e-05,-1,-6,0,832.2034301757812
31,0.5121951219512195,0.0002125929167959839,-1,-6,0,832.2034301757812
32,0.5609756097560976,0.00027457287069410086,-1,-6,0,832.2034301757812
33,0.6097560975609757,0.000253990845521912,-1,-6,0,832.2034301757812
34,0.6585365853658538,0.039621856063604355,-1,-6,0,832.2034301757812
35,0.7073170731707317,5.541603240999393e-05,-1,-6,0,832.2034301757812
36,0.7560975609756098,3.8084323023213074e-05,-1,-6,0,832.2034301757812
37,0.8048780487804879,0.0002542685251682997,-1,-6,0,832.2034301757812
38,0.853658536585366,8.133665687637404e-05,-1,-6,0,832.2034301757812
39,0.902439024390244,6.847603071946651e-05,-1,-6,0,832.2034301757812
40,0.9512195121951219,0.00010912273137364537,-1,-6,0,832.2034301757812
41,1.0,7.515771721955389e-05,-1,-6,0,832.2034301757812
0,-1.0,2.6188436095253564e-06,-1,-5,1,832.2034301757812
1,-0.9512195121951219,1.1724444703986592e-07,-1,-5,1,832.2034301757812
2,-0.9024390243902439,1.7262207620660774e-05,-1,-5,1,832.2034301757812
3,-0.8536585365853658,6.694081821478903e-05,-1,-5,1,832.2034301757812
4,-0.8048780487804879,8.033976337173954e-05,-1,-5,1,832.2034301757812
5,-0.7560975609756098,7.986478158272803e-05,-1,-5,1,832.2034301757812
6,-0.7073170731707317,4.995603012503125e-05,-1,-5,1,832.2034301757812
7,-0.6585365853658536,8.456342038698494e-05,-1,-5,1,832.2034301757812
8,-0.6097560975609756,1.370366953779012e-05,-1,-5,1,832.2034301757812
9,-0.5609756097560976,3.0269062335719354e-05,-1,-5,1,832.2034301757812
10,-0.5121951219512195,2.0384772142278962e-05,-1,-5,1,832.2034301757812
11,-0.46341463414634143,4.4714074647345114e-06,-1,-5,1,832.2034301757812
12,-0.41463414634146334,0.00035275789559818804,-1,-5,1,832.2034301757812
13,-0.36585365853658536,0.0009693671599961817,-1,-5,1,832.2034301757812
14,-0.31707317073170727,0.0019526798278093338,-1,-5,1,832.2034301757812
15,-0.2682926829268293,0.004455989692360163,-1,-5,1,832.2034301757812
16,-0.2195121951219512,0.017618488520383835,-1,-5,1,832.2034301757812
17,-0.1707317073170731,0.08952445536851883,-1,-5,1,832.2034301757812
18,-0.12195121951219512,0.001961104804649949,-1,-5,1,832.2034301757812
19,-0.07317073170731703,7.556654054496903e-06,-1,-5,1,832.2034301757812
20,-0.024390243902439046,0.000478557834867388,-1,-5,1,832.2034301757812
21,0.024390243902439046,0.0002966395113617182,-1,-5,1,832.2034301757812
22,0.07317073170731714,0.00031330951605923474,-1,-5,1,832.2034301757812
23,0.12195121951219523,0.00035188489709980786,-1,-5,1,832.2034301757812
24,0.17073170731707332,0.0002820609661284834,-1,-5,1,832.2034301757812
25,0.2195121951219512,0.0001831652334658429,-1,-5,1,832.2034301757812
26,0.2682926829268293,5.470716132549569e-05,-1,-5,1,832.2034301757812
27,0.3170731707317074,3.454363832133822e-05,-1,-5,1,832.2034301757812
28,0.36585365853658547,5.194076948100701e-06,-1,-5,1,832.2034301757812
29,0.41463414634146356,1.8469147107680328e-05,-1,-5,1,832.2034301757812
30,0.46341463414634143,2.9218530471553095e-05,-1,-5,1,832.2034301757812
31,0.5121951219512195,6.030072199791903e-06,-1,-5,1,832.2034301757812
32,0.5609756097560976,2.6162349968217313e-05,-1,-5,1,832.2034301757812
33,0.6097560975609757,2.840656270564068e-05,-1,-5,1,832.2034301757812
34,0.6585365853658538,9.03101172298193e-05,-1,-5,1,832.2034301757812
35,0.7073170731707317,1.740820698614698e-05,-1,-5,1,832.2034301757812
36,0.7560975609756098,0.0,-1,-5,1,832.2034301757812
37,0.8048780487804879,0.0,-1,-5,1,832.2034301757812
38,0.853658536585366,0.0,-1,-5,1,832.2034301757812
39,0.902439024390244,0.0,-1,-5,1,832.2034301757812
40,0.9512195121951219,0.0,-1,-5,1,832.2034301757812
41,1.0,0.0,-1,-5,1,832.2034301757812
0,-1.0,0.0001519335201010108,-1,-3,2,832.2034301757812
1,-0.9512195121951219,3.57558496943966e-06,-1,-3,2,832.2034301757812
2,-0.9024390243902439,0.00017291078984271735,-1,-3,2,832.2034301757812
3,-0.8536585365853658,7.074635504977778e-05,-1,-3,2,832.2034301757812
4,-0.8048780487804879,0.00014806621766183525,-1,-3,2,832.2034301757812
5,-0.7560975609756098,0.00010435966396471485,-1,-3,2,832.2034301757812
6,-0.7073170731707317,0.00014769342669751495,-1,-3,2,832.2034301757812
7,-0.6585365853658536,0.0001598112576175481,-1,-3,2,832.2034301757812
8,-0.6097560975609756,1.767972753441427e-05,-1,-3,2,832.2034301757812
9,-0.5609756097560976,0.0006017470150254667,-1,-3,2,832.2034301757812
10,-0.5121951219512195,7.975640619406477e-05,-1,-3,2,832.2034301757812
11,-0.46341463414634143,0.0009437297703698277,-1,-3,2,832.2034301757812
12,-0.41463414634146334,4.9693921027937904e-05,-1,-3,2,832.2034301757812
13,-0.36585365853658536,0.0005447065341286361,-1,-3,2,832.2034301757812
14,-0.31707317073170727,0.0010968968272209167,-1,-3,2,832.2034301757812
15,-0.2682926829268293,0.0002052932104561478,-1,-3,2,832.2034301757812
16,-0.2195121951219512,0.003244419815018773,-1,-3,2,832.2034301757812
17,-0.1707317073170731,0.0005109178018756211,-1,-3,2,832.2034301757812
18,-0.12195121951219512,0.008641436696052551,-1,-3,2,832.2034301757812
19,-0.07317073170731703,0.0008012977777980268,-1,-3,2,832.2034301757812
20,-0.024390243902439046,0.09272118657827377,-1,-3,2,832.2034301757812
21,0.024390243902439046,0.1012018695473671,-1,-3,2,832.2034301757812
22,0.07317073170731714,0.012323510833084583,-1,-3,2,832.2034301757812
23,0.12195121951219523,0.003989854361861944,-1,-3,2,832.2034301757812
24,0.17073170731707332,0.003883644239977002,-1,-3,2,832.2034301757812
25,0.2195121951219512,0.0002568764321040362,-1,-3,2,832.2034301757812
26,0.2682926829268293,0.0006238227942958474,-1,-3,2,832.2034301757812
27,0.3170731707317074,0.0017220028676092625,-1,-3,2,832.2034301757812
28,0.36585365853658547,0.00031197755015455186,-1,-3,2,832.2034301757812
29,0.41463414634146356,0.0005216709687374532,-1,-3,2,832.2034301757812
30,0.46341463414634143,0.0005643264157697558,-1,-3,2,832.2034301757812
31,0.5121951219512195,0.0008292661514133215,-1,-3,2,832.2034301757812
32,0.5609756097560976,0.00010770149674499407,-1,-3,2,832.2034301757812
33,0.6097560975609757,0.00024202988424804062,-1,-3,2,832.2034301757812
34,0.6585365853658538,0.0002530780038796365,-1,-3,2,832.2034301757812
35,0.7073170731707317,6.422089791158214e-05,-1,-3,2,832.2034301757812
36,0.7560975609756098,0.00028239883249625564,-1,-3,2,832.2034301757812
37,0.8048780487804879,5.639272330881795e-06,-1,-3,2,832.2034301757812
38,0.853658536585366,0.00024560195743106306,-1,-3,2,832.2034301757812
39,0.902439024390244,4.885419912170619e-05,-1,-3,2,832.2034301757812
40,0.9512195121951219,0.00022005967912264168,-1,-3,2,832.2034301757812
41,1.0,3.313783963676542e-05,-1,-3,2,832.2034301757812
0,-1.0,0.0004117100324947387,-1,-1,3,832.2034301757812
1,-0.9512195121951219,0.0032133962959051132,-1,-1,3,832.2034301757812
2,-0.9024390243902439,0.0021178778260946274,-1,-1,3,832.2034301757812
3,-0.8536585365853658,0.00018653921142686158,-1,-1,3,832.2034301757812
4,-0.8048780487804879,0.0011904886923730373,-1,-1,3,832.2034301757812
5,-0.7560975609756098,0.003397648222744465,-1,-1,3,832.2034301757812
6,-0.7073170731707317,0.0038456718903034925,-1,-1,3,832.2034301757812
7,-0.6585365853658536,0.008390570990741253,-1,-1,3,832.2034301757812
8,-0.6097560975609756,0.0013198551023378968,-1,-1,3,832.2034301757812
9,-0.5609756097560976,0.0005074250511825085,-1,-1,3,832.2034301757812
10,-0.5121951219512195,0.0063017564825713634,-1,-1,3,832.2034301757812
11,-0.46341463414634143,0.04524301365017891,-1,-1,3,832.2034301757812
12,-0.41463414634146334,0.11347080767154694,-1,-1,3,832.2034301757812
13,-0.36585365853658536,0.1788429170846939,-1,-1,3,832.2034301757812
14,-0.31707317073170727,0.19545672833919525,-1,-1,3,832.2034301757812
15,-0.2682926829268293,0.14924117922782898,-1,-1,3,832.2034301757812
16,-0.2195121951219512,0.0694878026843071,-1,-1,3,832.2034301757812
17,-0.1707317073170731,0.011668864637613297,-1,-1,3,832.2034301757812
18,-0.12195121951219512,0.0004811768885701895,-1,-1,3,832.2034301757812
19,-0.07317073170731703,0.0074476320296525955,-1,-1,3,832.2034301757812
20,-0.024390243902439046,0.013404865749180317,-1,-1,3,832.2034301757812
21,0.024390243902439046,0.00841858983039856,-1,-1,3,832.2034301757812
22,0.07317073170731714,0.0012110016541555524,-1,-1,3,832.2034301757812
23,0.12195121951219523,0.00021684235252905637,-1,-1,3,832.2034301757812
24,0.17073170731707332,0.002729238709434867,-1,-1,3,832.2034301757812
25,0.2195121951219512,0.003579133190214634,-1,-1,3,832.2034301757812
26,0.2682926829268293,0.0032874299213290215,-1,-1,3,832.2034301757812
27,0.3170731707317074,0.0002544859889894724,-1,-1,3,832.2034301757812
28,0.36585365853658547,0.000713866378646344,-1,-1,3,832.2034301757812
29,0.41463414634146356,0.0031123452354222536,-1,-1,3,832.2034301757812
30,0.46341463414634143,0.003824999090284109,-1,-1,3,832.2034301757812
31,0.5121951219512195,0.001509529654867947,-1,-1,3,832.2034301757812
32,0.5609756097560976,2.445107929816004e-05,-1,-1,3,832.2034301757812
33,0.6097560975609757,0.0004398887977004051,-1,-1,3,832.2034301757812
34,0.6585365853658538,0.0010872281854972243,-1,-1,3,832.2034301757812
35,0.7073170731707317,0.0011379702482372522,-1,-1,3,832.2034301757812
36,0.7560975609756098,0.0002764917735476047,-1,-1,3,832.2034301757812
37,0.8048780487804879,1.9659615645650774e-05,-1,-1,3,832.2034301757812
38,0.853658536585366,0.00037744190194644034,-1,-1,3,832.2034301757812
39,0.902439024390244,0.0009064070763997734,-1,-1,3,832.2034301757812
40,0.9512195121951219,0.001395880477502942,-1,-1,3,832.2034301757812
41,1.0,0.0003920083399862051,-1,-1,3,832.2034301757812
0,-1.0,0.0,-1,4,5,832.2034301757812
1,-0.9512195121951219,0.0,-1,4,5,832.2034301757812
2,-0.9024390243902439,0.0,-1,4,5,832.2034301757812
3,-0.8536585365853658,5.391559625422815e-06,-1,4,5,832.2034301757812
4,-0.8048780487804879,5.9448495449032634e-05,-1,4,5,832.2034301757812
5,-0.7560975609756098,9.22777981031686e-05,-1,4,5,832.2034301757812
6,-0.7073170731707317,4.063479354954325e-05,-1,4,5,832.2034301757812
7,-0.6585365853658536,1.5857933249208145e-05,-1,4,5,832.2034301757812
8,-0.6097560975609756,6.1400269260047935e-06,-1,4,5,832.2034301757812
9,-0.5609756097560976,9.72551333688898e-06,-1,4,5,832.2034301757812
10,-0.5121951219512195,4.650581831810996e-05,-1,4,5,832.2034301757812
11,-0.46341463414634143,8.491786047670757e-07,-1,4,5,832.2034301757812
12,-0.41463414634146334,0.00012230107677169144,-1,4,5,832.2034301757812
13,-0.36585365853658536,8.858762157615274e-05,-1,4,5,832.2034301757812
14,-0.31707317073170727,0.0002091300702886656,-1,4,5,832.2034301757812
15,-0.2682926829268293,0.00022242912382353097,-1,4,5,832.2034301757812
16,-0.2195121951219512,1.709899493107514e-06,-1,4,5,832.2034301757812
17,-0.1707317073170731,0.0002569071075413376,-1,4,5,832.2034301757812
18,-0.12195121951219512,4.3218005885137245e-05,-1,4,5,832.2034301757812
19,-0.07317073170731703,5.7639928854769096e-05,-1,4,5,832.2034301757812
20,-0.024390243902439046,0.00023609123309142888,-1,4,5,832.2034301757812
21,0.024390243902439046,6.112153641879559e-05,-1,4,5,832.2034301757812
22,0.07317073170731714,0.0001179748578579165,-1,4,5,832.2034301757812
23,0.12195121951219523,0.0005196196143515408,-1,4,5,832.2034301757812
24,0.17073170731707332,4.776132300321478e-06,-1,4,5,832.2034301757812
25,0.2195121951219512,0.0009474490070715547,-1,4,5,832.2034301757812
26,0.2682926829268293,0.0016227748710662127,-1,4,5,832.2034301757812
27,0.3170731707317074,0.00022248452296480536,-1,4,5,832.2034301757812
28,0.36585365853658547,0.02871634252369404,-1,4,5,832.2034301757812
29,0.41463414634146356,0.06055668368935585,-1,4,5,832.2034301757812
30,0.46341463414634143,0.00426079798489809,-1,4,5,832.2034301757812
31,0.5121951219512195,0.004875070881098509,-1,4,5,832.2034301757812
32,0.5609756097560976,5.9745896578533575e-05,-1,4,5,832.2034301757812
33,0.6097560975609757,0.00022766813344787806,-1,4,5,832.2034301757812
34,0.6585365853658538,0.0005354158347472548,-1,4,5,832.2034301757812
35,0.7073170731707317,3.438421117607504e-05,-1,4,5,832.2034301757812
36,0.7560975609756098,0.0001534930634079501,-1,4,5,832.2034301757812
37,0.8048780487804879,0.0001288083876715973,-1,4,5,832.2034301757812
38,0.853658536585366,3.0508919735439122e-05,-1,4,5,832.2034301757812
39,0.902439024390244,0.00013288149784784764,-1,4,5,832.2034301757812
40,0.9512195121951219,4.3664666009135544e-05,-1,4,5,832.2034301757812
41,1.0,6.22717197984457e-05,-1,4,5,832.2034301757812
0,-1.0,5.554515155381523e-05,-1,5,5,832.2034301757812
1,-0.9512195121951219,9.945803321897984e-05,-1,5,5,832.2034301757812
2,-0.9024390243902439,7.773855759296566e-05,-1,5,5,832.2034301757812
3,-0.8536585365853658,7.287439075298607e-05,-1,5,5,832.2034301757812
4,-0.8048780487804879,0.00021679385099560022,-1,5,5,832.2034301757812
5,-0.7560975609756098,0.0018541136523708701,-1,5,5,832.2034301757812
6,-0.7073170731707317,6.672848394373432e-05,-1,5,5,832.2034301757812
7,-0.6585365853658536,0.0004342827887739986,-1,5,5,832.2034301757812
8,-0.6097560975609756,0.0005777201149612665,-1,5,5,832.2034301757812
9,-0.5609756097560976,0.01777234859764576,-1,5,5,832.2034301757812
10,-0.5121951219512195,0.006514847744256258,-1,5,5,832.2034301757812
11,-0.46341463414634143,0.0006166482344269753,-1,5,5,832.2034301757812
12,-0.41463414634146334,0.00017899510567076504,-1,5,5,832.2034301757812
13,-0.36585365853658536,3.04357563436497e-05,-1,5,5,832.2034301757812
14,-0.31707317073170727,6.316164217423648e-05,-1,5,5,832.2034301757812
15,-0.2682926829268293,0.00010124723485205323,-1,5,5,832.2034301757812
16,-0.2195121951219512,0.0007762103341519833,-1,5,5,832.2034301757812
17,-0.1707317073170731,0.00036152740358375013,-1,5,5,832.2034301757812
18,-0.12195121951219512,2.1395984731498174e-05,-1,5,5,832.2034301757812
19,-0.07317073170731703,3.833791197394021e-05,-1,5,5,832.2034301757812
20,-0.024390243902439046,1.0862439694392378e-06,-1,5,5,832.2034301757812
21,0.024390243902439046,0.000344552070600912,-1,5,5,832.2034301757812
22,0.07317073170731714,3.0233302823035046e-05,-1,5,5,832.2034301757812
23,0.12195121951219523,1.002935186988907e-05,-1,5,5,832.2034301757812
24,0.17073170731707332,5.875556598766707e-05,-1,5,5,832.2034301757812
25,0.2195121951219512,7.119549991330132e-05,-1,5,5,832.2034301757812
26,0.2682926829268293,6.945126369828358e-05,-1,5,5,832.2034301757812
27,0.3170731707317074,1.0006531738326885e-05,-1,5,5,832.2034301757812
28,0.36585365853658547,2.4346811642317334e-06,-1,5,5,832.2034301757812
29,0.41463414634146356,4.814861677004956e-05,-1,5,5,832.2034301757812
30,0.46341463414634143,3.32707459165249e-05,-1,5,5,832.2034301757812
31,0.5121951219512195,0.0,-1,5,5,832.2034301757812
32,0.5609756097560976,0.0,-1,5,5,832.2034301757812
33,0.6097560975609757,0.0,-1,5,5,832.2034301757812
34,0.6585365853658538,0.0,-1,5,5,832.2034301757812
35,0.7073170731707317,0.0,-1,5,5,832.2034301757812
36,0.7560975609756098,0.0,-1,5,5,832.2034301757812
37,0.8048780487804879,0.0,-1,5,5,832.2034301757812
38,0.853658536585366,0.0,-1,5,5,832.2034301757812
39,0.902439024390244,0.0,-1,5,5,832.2034301757812
40,0.9512195121951219,0.0,-1,5,5,832.2034301757812
41,1.0,0.0,-1,5,5,832.2034301757812
0,-1.0,0.0,-1,7,6,832.2034301757812
1,-0.9512195121951219,0.0,-1,7,6,832.2034301757812
2,-0.9024390243902439,0.0,-1,7,6,832.2034301757812
3,-0.8536585365853658,0.0,-1,7,6,832.2034301757812
4,-0.8048780487804879,0.0,-1,7,6,832.2034301757812
5,-0.7560975609756098,0.0,-1,7,6,832.2034301757812
6,-0.7073170731707317,0.0,-1,7,6,832.2034301757812
7,-0.6585365853658536,0.0,-1,7,6,832.2034301757812
8,-0.6097560975609756,0.0,-1,7,6,832.2034301757812
9,-0.5609756097560976,0.0,-1,7,6,832.2034301757812
10,-0.5121951219512195,0.0,-1,7,6,832.2034301757812
11,-0.46341463414634143,0.0,-1,7,6,832.2034301757812
12,-0.41463414634146334,0.0,-1,7,6,832.2034301757812
13,-0.36585365853658536,0.0,-1,7,6,832.2034301757812
14,-0.31707317073170727,0.0,-1,7,6,832.2034301757812
15,-0.2682926829268293,0.0,-1,7,6,832.2034301757812
16,-0.2195121951219512,0.0,-1,7,6,832.2034301757812
17,-0.1707317073170731,0.0,-1,7,6,832.2034301757812
18,-0.12195121951219512,2.5115687094512396e-06,-1,7,6,832.2034301757812
19,-0.07317073170731703,3.4037032037304016e-06,-1,7,6,832.2034301757812
20,-0.024390243902439046,3.755111492864671e-06,-1,7,6,832.2034301757812
21,0.024390243902439046,1.8554493408373673e-06,-1,7,6,832.2034301757812
22,0.07317073170731714,3.086011247432907e-06,-1,7,6,832.2034301757812
23,0.12195121951219523,3.400912191864336e-07,-1,7,6,832.2034301757812
24,0.17073170731707332,1.5391392480523791e-06,-1,7,6,832.2034301757812
25,0.2195121951219512,1.3912479516875464e-05,-1,7,6,832.2034301757812
26,0.2682926829268293,1.5789397366461344e-05,-1,7,6,832.2034301757812
27,0.3170731707317074,4.483902011997998e-05,-1,7,6,832.2034301757812
28,0.36585365853658547,0.00017707330698613077,-1,7,6,832.2034301757812
29,0.41463414634146356,0.00025940791238099337,-1,7,6,832.2034301757812
30,0.46341463414634143,1.1633945177891292e-05,-1,7,6,832.2034301757812
31,0.5121951219512195,4.184657154837623e-05,-1,7,6,832.2034301757812
32,0.5609756097560976,0.0033962212037295103,-1,7,6,832.2034301757812
33,0.6097560975609757,0.00011668477236526087,-1,7,6,832.2034301757812
34,0.6585365853658538,0.0001128748117480427,-1,7,6,832.2034301757812
35,0.7073170731707317,5.792512183688814e-06,-1,7,6,832.2034301757812
36,0.7560975609756098,1.4085720749790198e-06,-1,7,6,832.2034301757812
37,0.8048780487804879,1.7176323581225006e-06,-1,7,6,832.2034301757812
38,0.853658536585366,2.549362397985533e-05,-1,7,6,832.2034301757812
39,0.902439024390244,8.355124919035006e-06,-1,7,6,832.2034301757812
40,0.9512195121951219,1.6554249668843113e-05,-1,7,6,832.2034301757812
41,1.0,9.572562703397125e-06,-1,7,6,832.2034301757812
0,-1.0,0.0,-1,8,6,832.2034301757812
1,-0.9512195121951219,0.0,-1,8,6,832.2034301757812
2,-0.9024390243902439,0.0,-1,8,6,832.2034301757812
3,-0.8536585365853658,0.0,-1,8,6,832.2034301757812
4,-0.8048780487804879,0.0,-1,8,6,832.2034301757812
5,-0.7560975609756098,0.0,-1,8,6,832.2034301757812
6,-0.7073170731707317,0.0,-1,8,6,832.2034301757812
7,-0.6585365853658536,0.0,-1,8,6,832.2034301757812
8,-0.6097560975609756,0.0,-1,8,6,832.2034301757812
9,-0.5609756097560976,0.0,-1,8,6,832.2034301757812
10,-0.5121951219512195,5.00431781347288e-07,-1,8,6,832.2034301757812
11,-0.46341463414634143,6.214163477125112e-07,-1,8,6,832.2034301757812
12,-0.41463414634146334,1.0311788400940713e-06,-1,8,6,832.2034301757812
13,-0.36585365853658536,5.038720587435819e-07,-1,8,6,832.2034301757812
14,-0.31707317073170727,1.712630364636425e-06,-1,8,6,832.2034301757812
15,-0.2682926829268293,1.5562302451144205e-06,-1,8,6,832.2034301757812
16,-0.2195121951219512,1.1630062317635748e-06,-1,8,6,832.2034301757812
17,-0.1707317073170731,4.4240641727810726e-06,-1,8,6,832.2034301757812
18,-0.12195121951219512,4.240009729983285e-06,-1,8,6,832.2034301757812
19,-0.07317073170731703,1.7920979189511854e-06,-1,8,6,832.2034301757812
20,-0.024390243902439046,2.62287248915527e-05,-1,8,6,832.2034301757812
21,0.024390243902439046,0.0001128937365137972,-1,8,6,832.2034301757812
22,0.07317073170731714,0.002608879702165723,-1,8,6,832.2034301757812
23,0.12195121951219523,8.286110096378252e-05,-1,8,6,832.2034301757812
24,0.17073170731707332,4.3106523662572727e-05,-1,8,6,832.2034301757812
25,0.2195121951219512,7.844160791137256e-06,-1,8,6,832.2034301757812
26,0.2682926829268293,2.507847739252611e-06,-1,8,6,832.2034301757812
27,0.3170731707317074,4.552497102849884e-06,-1,8,6,832.2034301757812
28,0.36585365853658547,2.480192961229477e-06,-1,8,6,832.2034301757812
29,0.41463414634146356,6.894336479490448e-07,-1,8,6,832.2034301757812
30,0.46341463414634143,2.1531839138333453e-06,-1,8,6,832.2034301757812
31,0.5121951219512195,3.456522179590138e-08,-1,8,6,832.2034301757812
32,0.5609756097560976,1.6830358617880847e-06,-1,8,6,832.2034301757812
33,0.6097560975609757,2.7631062039290555e-05,-1,8,6,832.2034301757812
34,0.6585365853658538,2.652568809935474e-06,-1,8,6,832.2034301757812
35,0.7073170731707317,0.0,-1,8,6,832.2034301757812
36,0.7560975609756098,0.0,-1,8,6,832.2034301757812
37,0.8048780487804879,0.0,-1,8,6,832.2034301757812
38,0.853658536585366,0.0,-1,8,6,832.2034301757812
39,0.902439024390244,0.0,-1,8,6,832.2034301757812
40,0.9512195121951219,0.0,-1,8,6,832.2034301757812
41,1.0,0.0,-1,8,6,832.2034301757812
0,-1.0,0.0,-1,9,6,832.2034301757812
1,-0.9512195121951219,0.0,-1,9,6,832.2034301757812
2,-0.9024390243902439,0.0,-1,9,6,832.2034301757812
3,-0.8536585365853658,0.0,-1,9,6,832.2034301757812
4,-0.8048780487804879,2.2095362339769054e-07,-1,9,6,832.2034301757812
5,-0.7560975609756098,4.789485501532909e-07,-1,9,6,832.2034301757812
6,-0.7073170731707317,1.921487040590364e-07,-1,9,6,832.2034301757812
7,-0.6585365853658536,6.318641680991277e-07,-1,9,6,832.2034301757812
8,-0.6097560975609756,4.7338235731331224e-07,-1,9,6,832.2034301757812
9,-0.5609756097560976,1.3828812370775267e-06,-1,9,6,832.2034301757812
10,-0.5121951219512195,3.9953587815944047e-07,-1,9,6,832.2034301757812
11,-0.46341463414634143,2.3631189378647832e-06,-1,9,6,832.2034301757812
12,-0.41463414634146334,1.1062154214869224e-07,-1,9,6,832.2034301757812
13,-0.36585365853658536,6.141073754406534e-06,-1,9,6,832.2034301757812
14,-0.31707317073170727,4.509775408223504e-06,-1,9,6,832.2034301757812
15,-0.2682926829268293,0.00035785528598353267,-1,9,6,832.2034301757812
16,-0.2195121951219512,2.2024132704245858e-05,-1,9,6,832.2034301757812
17,-0.1707317073170731,9.579684046912007e-06,-1,9,6,832.2034301757812
18,-0.12195121951219512,1.9833119324630388e-07,-1,9,6,832.2034301757812
19,-0.07317073170731703,2.7029493594454834e-06,-1,9,6,832.2034301757812
20,-0.024390243902439046,9.924416843887229e-08,-1,9,6,832.2034301757812
21,0.024390243902439046,9.053730991581688e-07,-1,9,6,832.2034301757812
22,0.07317073170731714,1.4563507875209325e-06,-1,9,6,832.2034301757812
23,0.12195121951219523,2.1729792933911085e-06,-1,9,6,832.2034301757812
24,0.17073170731707332,2.8933817475262913e-07,-1,9,6,832.2034301757812
25,0.2195121951219512,3.399958643512946e-07,-1,9,6,832.2034301757812
26,0.2682926829268293,2.661266478298785e-07,-1,9,6,832.2034301757812
27,0.3170731707317074,0.0,-1,9,6,832.2034301757812
28,0.36585365853658547,0.0,-1,9,6,832.2034301757812
29,0.41463414634146356,0.0,-1,9,6,832.2034301757812
30,0.46341463414634143,0.0,-1,9,6,832.2034301757812
31,0.5121951219512195,0.0,-1,9,6,832.2034301757812
32,0.5609756097560976,0.0,-1,9,6,832.2034301757812
33,0.6097560975609757,0.0,-1,9,6,832.2034301757812
34,0.6585365853658538,0.0,-1,9,6,832.2034301757812
35,0.7073170731707317,0.0,-1,9,6,832.2034301757812
36,0.7560975609756098,0.0,-1,9,6,832.2034301757812
37,0.8048780487804879,0.0,-1,9,6,832.2034301757812
38,0.853658536585366,0.0,-1,9,6,832.2034301757812
39,0.902439024390244,0.0,-1,9,6,832.2034301757812
40,0.9512195121951219,0.0,-1,9,6,832.2034301757812
41,1.0,0.0,-1,9,6,832.2034301757812
0,-1.0,0.0,0,-9,-5,832.2034301757812
1,-0.9512195121951219,0.0,0,-9,-5,832.2034301757812
2,-0.9024390243902439,0.0,0,-9,-5,832.2034301757812
3,-0.8536585365853658,0.0,0,-9,-5,832.2034301757812
4,-0.8048780487804879,0.0,0,-9,-5,832.2034301757812
5,-0.7560975609756098,3.0239763759709604e-07,0,-9,-5,832.2034301757812
6,-0.7073170731707317,1.295518927690864e-06,0,-9,-5,832.2034301757812
7,-0.6585365853658536,2.647162489211041e-07,0,-9,-5,832.2034301757812
8,-0.6097560975609756,8.279328511662243e-08,0,-9,-5,832.2034301757812
9,-0.5609756097560976,2.542496417845541e-07,0,-9,-5,832.2034301757812
10,-0.5121951219512195,1.3973723298477125e-06,0,-9,-5,832.2034301757812
11,-0.46341463414634143,3.3995573289757886e-07,0,-9,-5,832.2034301757812
12,-0.41463414634146334,1.782706931408029e-06,0,-9,-5,832.2034301757812
13,-0.36585365853658536,1.6575526160522713e-06,0,-9,-5,832.2034301757812
14,-0.31707317073170727,0.0001813230337575078,0,-9,-5,832.2034301757812
15,-0.2682926829268293,6.203140947036445e-05,0,-9,-5,832.2034301757812
16,-0.2195121951219512,7.78485627961345e-05,0,-9,-5,832.2034301757812
17,-0.1707317073170731,1.2139980754000135e-05,0,-9,-5,832.2034301757812
18,-0.12195121951219512,1.776720864654635e-06,0,-9,-5,832.2034301757812
19,-0.07317073170731703,9.139223948295694e-06,0,-9,-5,832.2034301757812
20,-0.024390243902439046,9.277861749978911e-07,0,-9,-5,832.2034301757812
21,0.024390243902439046,1.557645674665764e-07,0,-9,-5,832.2034301757812
22,0.07317073170731714,5.291603883961216e-07,0,-9,-5,832.2034301757812
23,0.12195121951219523,1.5480885906526964e-07,0,-9,-5,832.2034301757812
24,0.17073170731707332,2.5546276560817205e-07,0,-9,-5,832.2034301757812
25,0.2195121951219512,1.2266387727777328e-07,0,-9,-5,832.2034301757812
26,0.2682926829268293,9.599690287132034e-08,0,-9,-5,832.2034301757812
27,0.3170731707317074,0.0,0,-9,-5,832.2034301757812
28,0.36585365853658547,0.0,0,-9,-5,832.2034301757812
29,0.41463414634146356,0.0,0,-9,-5,832.2034301757812
30,0.46341463414634143,0.0,0,-9,-5,832.2034301757812
31,0.5121951219512195,0.0,0,-9,-5,832.2034301757812
32,0.5609756097560976,0.0,0,-9,-5,832.2034301757812
33,0.6097560975609757,0.0,0,-9,-5,832.2034301757812
34,0.6585365853658538,0.0,0,-9,-5,832.2034301757812
35,0.7073170731707317,0.0,0,-9,-5,832.2034301757812
36,0.7560975609756098,0.0,0,-9,-5,832.2034301757812
37,0.8048780487804879,0.0,0,-9,-5,832.2034301757812
38,0.853658536585366,0.0,0,-9,-5,832.2034301757812
39,0.902439024390244,0.0,0,-9,-5,832.2034301757812
40,0.9512195121951219,0.0,0,-9,-5,832.2034301757812
41,1.0,0.0,0,-9,-5,832.2034301757812
0,-1.0,0.0,0,-8,-5,832.2034301757812
1,-0.9512195121951219,0.0,0,-8,-5,832.2034301757812
2,-0.9024390243902439,0.0,0,-8,-5,832.2034301757812
3,-0.8536585365853658,0.0,0,-8,-5,832.2034301757812
4,-0.8048780487804879,0.0,0,-8,-5,832.2034301757812
5,-0.7560975609756098,0.0,0,-8,-5,832.2034301757812
6,-0.7073170731707317,0.0,0,-8,-5,832.2034301757812
7,-0.6585365853658536,0.0,0,-8,-5,832.2034301757812
8,-0.6097560975609756,0.0,0,-8,-5,832.2034301757812
9,-0.5609756097560976,0.0,0,-8,-5,832.2034301757812
10,-0.5121951219512195,0.0,0,-8,-5,832.2034301757812
11,-0.46341463414634143,0.0,0,-8,-5,832.2034301757812
12,-0.41463414634146334,0.0,0,-8,-5,832.2034301757812
13,-0.36585365853658536,0.0,0,-8,-5,832.2034301757812
14,-0.31707317073170727,0.0,0,-8,-5,832.2034301757812
15,-0.2682926829268293,0.0,0,-8,-5,832.2034301757812
16,-0.2195121951219512,0.0,0,-8,-5,832.2034301757812
17,-0.1707317073170731,0.0,0,-8,-5,832.2034301757812
18,-0.12195121951219512,0.0,0,-8,-5,832.2034301757812
19,-0.07317073170731703,0.0,0,-8,-5,832.2034301757812
20,-0.024390243902439046,0.0,0,-8,-5,832.2034301757812
21,0.024390243902439046,0.0,0,-8,-5,832.2034301757812
22,0.07317073170731714,0.0,0,-8,-5,832.2034301757812
23,0.12195121951219523,0.0,0,-8,-5,832.2034301757812
24,0.17073170731707332,4.5758379201288335e-06,0,-8,-5,832.2034301757812
25,0.2195121951219512,3.916474895504507e-07,0,-8,-5,832.2034301757812
26,0.2682926829268293,2.718078803809476e-06,0,-8,-5,832.2034301757812
27,0.3170731707317074,3.8627938920399174e-05,0,-8,-5,832.2034301757812
28,0.36585365853658547,9.442458122066455e-07,0,-8,-5,832.2034301757812
29,0.41463414634146356,9.854337804426905e-06,0,-8,-5,832.2034301757812
30,0.46341463414634143,1.8441860447637737e-05,0,-8,-5,832.2034301757812
31,0.5121951219512195,2.161156089641736e-06,0,-8,-5,832.2034301757812
32,0.5609756097560976,4.255717431078665e-05,0,-8,-5,832.2034301757812
33,0.6097560975609757,1.4567512153007556e-05,0,-8,-5,832.2034301757812
34,0.6585365853658538,0.00019839187734760344,0,-8,-5,832.2034301757812
35,0.7073170731707317,0.005592279601842165,0,-8,-5,832.2034301757812
36,0.7560975609756098,1.4033937077329028e-05,0,-8,-5,832.2034301757812
37,0.8048780487804879,9.700116061139852e-05,0,-8,-5,832.2034301757812
38,0.853658536585366,7.741960871499032e-05,0,-8,-5,832.2034301757812
39,0.902439024390244,1.913483538373839e-05,0,-8,-5,832.2034301757812
40,0.9512195121951219,3.410360659472644e-05,0,-8,-5,832.2034301757812
41,1.0,3.3149265163956443e-06,0,-8,-5,832.2034301757812
0,-1.0,2.772287871266599e-06,0,-8,-4,832.2034301757812
1,-0.9512195121951219,3.998618467448978e-06,0,-8,-4,832.2034301757812
2,-0.9024390243902439,1.4948971056583105e-06,0,-8,-4,832.2034301757812
3,-0.8536585365853658,4.217296373099089e-05,0,-8,-4,832.2034301757812
4,-0.8048780487804879,2.764940836641472e-05,0,-8,-4,832.2034301757812
5,-0.7560975609756098,7.533245661761612e-05,0,-8,-4,832.2034301757812
6,-0.7073170731707317,0.0013193524209782481,0,-8,-4,832.2034301757812
7,-0.6585365853658536,0.00015835935482755303,0,-8,-4,832.2034301757812
8,-0.6097560975609756,1.2909954421047587e-06,0,-8,-4,832.2034301757812
9,-0.5609756097560976,5.430945748230442e-06,0,-8,-4,832.2034301757812
10,-0.5121951219512195,1.3379386473388877e-05,0,-8,-4,832.2034301757812
11,-0.46341463414634143,2.4322389435837977e-05,0,-8,-4,832.2034301757812
12,-0.41463414634146334,5.029352450947044e-06,0,-8,-4,832.2034301757812
13,-0.36585365853658536,7.780175792504451e-07,0,-8,-4,832.2034301757812
14,-0.31707317073170727,1.0232898603135254e-05,0,-8,-4,832.2034301757812
15,-0.2682926829268293,4.633579635537899e-07,0,-8,-4,832.2034301757812
16,-0.2195121951219512,1.7054454701792565e-06,0,-8,-4,832.2034301757812
17,-0.1707317073170731,7.3411820267210715e-06,0,-8,-4,832.2034301757812
18,-0.12195121951219512,3.154368926061579e-07,0,-8,-4,832.2034301757812
19,-0.07317073170731703,0.0,0,-8,-4,832.2034301757812
20,-0.024390243902439046,0.0,0,-8,-4,832.2034301757812
21,0.024390243902439046,0.0,0,-8,-4,832.2034301757812
22,0.07317073170731714,0.0,0,-8,-4,832.2034301757812
23,0.12195121951219523,0.0,0,-8,-4,832.2034301757812
24,0.17073170731707332,0.0,0,-8,-4,832.2034301757812
25,0.2195121951219512,0.0,0,-8,-4,832.2034301757812
26,0.2682926829268293,0.0,0,-8,-4,832.2034301757812
27,0.3170731707317074,0.0,0,-8,-4,832.2034301757812
28,0.36585365853658547,0.0,0,-8,-4,832.2034301757812
29,0.41463414634146356,0.0,0,-8,-4,832.2034301757812
30,0.46341463414634143,0.0,0,-8,-4,832.2034301757812
31,0.5121951219512195,0.0,0,-8,-4,832.2034301757812
32,0.5609756097560976,0.0,0,-8,-4,832.2034301757812
33,0.6097560975609757,0.0,0,-8,-4,832.2034301757812
34,0.6585365853658538,0.0,0,-8,-4,832.2034301757812
35,0.7073170731707317,0.0,0,-8,-4,832.2034301757812
36,0.7560975609756098,0.0,0,-8,-4,832.2034301757812
37,0.8048780487804879,0.0,0,-8,-4,832.2034301757812
38,0.853658536585366,0.0,0,-8,-4,832.2034301757812
39,0.902439024390244,0.0,0,-8,-4,832.2034301757812
40,0.9512195121951219,0.0,0,-8,-4,832.2034301757812
41,1.0,0.0,0,-8,-4,832.2034301757812
0,-1.0,0.0,0,-7,-4,832.2034301757812
1,-0.9512195121951219,0.0,0,-7,-4,832.2034301757812
2,-0.9024390243902439,0.0,0,-7,-4,832.2034301757812
3,-0.8536585365853658,0.0,0,-7,-4,832.2034301757812
4,-0.8048780487804879,0.0,0,-7,-4,832.2034301757812
5,-0.7560975609756098,0.0,0,-7,-4,832.2034301757812
6,-0.7073170731707317,0.0,0,-7,-4,832.2034301757812
7,-0.6585365853658536,0.0,0,-7,-4,832.2034301757812
8,-0.6097560975609756,0.0,0,-7,-4,832.2034301757812
9,-0.5609756097560976,0.0,0,-7,-4,832.2034301757812
10,-0.5121951219512195,0.0,0,-7,-4,832.2034301757812
11,-0.46341463414634143,0.0,0,-7,-4,832.2034301757812
12,-0.41463414634146334,0.0,0,-7,-4,832.2034301757812
13,-0.36585365853658536,0.0,0,-7,-4,832.2034301757812
14,-0.31707317073170727,8.668093505548313e-05,0,-7,-4,832.2034301757812
15,-0.2682926829268293,6.0665174714813475e-06,0,-7,-4,832.2034301757812
16,-0.2195121951219512,5.123636128701037e-06,0,-7,-4,832.2034301757812
17,-0.1707317073170731,9.521441825199872e-06,0,-7,-4,832.2034301757812
18,-0.12195121951219512,9.09035952645354e-06,0,-7,-4,832.2034301757812
19,-0.07317073170731703,2.042577398242429e-05,0,-7,-4,832.2034301757812
20,-0.024390243902439046,3.149785698042251e-05,0,-7,-4,832.2034301757812
21,0.024390243902439046,9.516722457192373e-06,0,-7,-4,832.2034301757812
22,0.07317073170731714,4.470862040761858e-05,0,-7,-4,832.2034301757812
23,0.12195121951219523,4.828775490750559e-05,0,-7,-4,832.2034301757812
24,0.17073170731707332,0.00021255970932543278,0,-7,-4,832.2034301757812
25,0.2195121951219512,0.00028201003442518413,0,-7,-4,832.2034301757812
26,0.2682926829268293,0.00041585793951526284,0,-7,-4,832.2034301757812
27,0.3170731707317074,0.019062355160713196,0,-7,-4,832.2034301757812
28,0.36585365853658547,0.0005541256396099925,0,-7,-4,832.2034301757812
29,0.41463414634146356,0.00028189297881908715,0,-7,-4,832.2034301757812
30,0.46341463414634143,0.00014808232663199306,0,-7,-4,832.2034301757812
31,0.5121951219512195,4.6570483391406015e-05,0,-7,-4,832.2034301757812
32,0.5609756097560976,3.198060539943981e-06,0,-7,-4,832.2034301757812
33,0.6097560975609757,2.114727976731956e-05,0,-7,-4,832.2034301757812
34,0.6585365853658538,3.1509473046753556e-05,0,-7,-4,832.2034301757812
35,0.7073170731707317,3.0831949970888672e-06,0,-7,-4,832.2034301757812
36,0.7560975609756098,3.576502649593749e-06,0,-7,-4,832.2034301757812
37,0.8048780487804879,1.5427393691425095e-06,0,-7,-4,832.2034301757812
38,0.853658536585366,9.310103337156761e-07,0,-7,-4,832.2034301757812
39,0.902439024390244,2.0434533780644415e-06,0,-7,-4,832.2034301757812
40,0.9512195121951219,5.115128260513302e-06,0,-7,-4,832.2034301757812
41,1.0,0.0,0,-7,-4,832.2034301757812
0,-1.0,1.3132124877301976e-05,0,-6,-3,832.2034301757812
1,-0.9512195121951219,1.2541681826405693e-05,0,-6,-3,832.2034301757812
2,-0.9024390243902439,1.7850325093604624e-05,0,-6,-3,832.2034301757812
3,-0.8536585365853658,2.7529998988029547e-05,0,-6,-3,832.2034301757812
4,-0.8048780487804879,1.0024866242019925e-05,0,-6,-3,832.2034301757812
5,-0.7560975609756098,1.1067627383454237e-05,0,-6,-3,832.2034301757812
6,-0.7073170731707317,1.8246524291498645e-07,0,-6,-3,832.2034301757812
7,-0.6585365853658536,2.7149215384270065e-05,0,-6,-3,832.2034301757812
8,-0.6097560975609756,1.3795929589832667e-05,0,-6,-3,832.2034301757812
9,-0.5609756097560976,4.647450987249613e-05,0,-6,-3,832.2034301757812
10,-0.5121951219512195,5.2118502935627475e-05,0,-6,-3,832.2034301757812
11,-0.46341463414634143,1.5431936844834127e-05,0,-6,-3,832.2034301757812
12,-0.41463414634146334,1.8684488168219104e-05,0,-6,-3,832.2034301757812
13,-0.36585365853658536,0.0002832494501490146,0,-6,-3,832.2034301757812
14,-0.31707317073170727,0.059178151190280914,0,-6,-3,832.2034301757812
15,-0.2682926829268293,0.0005260094767436385,0,-6,-3,832.2034301757812
16,-0.2195121951219512,5.532849536393769e-05,0,-6,-3,832.2034301757812
17,-0.1707317073170731,0.0004169749445281923,0,-6,-3,832.2034301757812
18,-0.12195121951219512,0.00020108716853428632,0,-6,-3,832.2034301757812
19,-0.07317073170731703,4.6066994400462136e-05,0,-6,-3,832.2034301757812
20,-0.024390243902439046,1.6667620002408512e-05,0,-6,-3,832.2034301757812
21,0.024390243902439046,5.22171649208758e-05,0,-6,-3,832.2034301757812
22,0.07317073170731714,1.4667031791759655e-05,0,-6,-3,832.2034301757812
23,0.12195121951219523,4.4189167965669185e-05,0,-6,-3,832.2034301757812
24,0.17073170731707332,4.52391650469508e-05,0,-6,-3,832.2034301757812
25,0.2195121951219512,3.488565926090814e-05,0,-6,-3,832.2034301757812
26,0.2682926829268293,3.3147603971883655e-05,0,-6,-3,832.2034301757812
27,0.3170731707317074,7.804206688888371e-05,0,-6,-3,832.2034301757812
28,0.36585365853658547,3.7011686799814925e-05,0,-6,-3,832.2034301757812
29,0.41463414634146356,2.307654358446598e-05,0,-6,-3,832.2034301757812
30,0.46341463414634143,1.4169978385325521e-05,0,-6,-3,832.2034301757812
31,0.5121951219512195,0.0,0,-6,-3,832.2034301757812
32,0.5609756097560976,0.0,0,-6,-3,832.2034301757812
33,0.6097560975609757,0.0,0,-6,-3,832.2034301757812
34,0.6585365853658538,0.0,0,-6,-3,832.2034301757812
35,0.7073170731707317,0.0,0,-6,-3,832.2034301757812
36,0.7560975609756098,0.0,0,-6,-3,832.2034301757812
37,0.8048780487804879,0.0,0,-6,-3,832.2034301757812
38,0.853658536585366,0.0,0,-6,-3,832.2034301757812
39,0.902439024390244,0.0,0,-6,-3,832.2034301757812
40,0.9512195121951219,0.0,0,-6,-3,832.2034301757812
41,1.0,0.0,0,-6,-3,832.2034301757812
0,-1.0,3.68739347322844e-05,0,-4,-2,832.2034301757812
1,-0.9512195121951219,1.1032506108676898e-06,0,-4,-2,832.2034301757812
2,-0.9024390243902439,1.4339498193294276e-05,0,-4,-2,832.2034301757812
3,-0.8536585365853658,1.0991817362082656e-05,0,-4,-2,832.2034301757812
4,-0.8048780487804879,8.405943958678108e-07,0,-4,-2,832.2034301757812
5,-0.7560975609756098,2.5024362912517972e-05,0,-4,-2,832.2034301757812
6,-0.7073170731707317,4.906189860776067e-05,0,-4,-2,832.2034301757812
7,-0.6585365853658536,6.623013177886605e-06,0,-4,-2,832.2034301757812
8,-0.6097560975609756,4.666300810640678e-05,0,-4,-2,832.2034301757812
9,-0.5609756097560976,7.368011574726552e-05,0,-4,-2,832.2034301757812
10,-0.5121951219512195,2.026928086706903e-05,0,-4,-2,832.2034301757812
11,-0.46341463414634143,4.924335007672198e-05,0,-4,-2,832.2034301757812
12,-0.41463414634146334,0.00011958168033743277,0,-4,-2,832.2034301757812
13,-0.36585365853658536,0.00016155923367477953,0,-4,-2,832.2034301757812
14,-0.31707317073170727,0.0003841134312096983,0,-4,-2,832.2034301757812
15,-0.2682926829268293,0.00041074564796872437,0,-4,-2,832.2034301757812
16,-0.2195121951219512,0.00024514622054994106,0,-4,-2,832.2034301757812
17,-0.1707317073170731,0.00015071412781253457,0,-4,-2,832.2034301757812
18,-0.12195121951219512,0.0004712008230853826,0,-4,-2,832.2034301757812
19,-0.07317073170731703,0.0009771321201696992,0,-4,-2,832.2034301757812
20,-0.024390243902439046,0.0017741021001711488,0,-4,-2,832.2034301757812
21,0.024390243902439046,0.08513133972883224,0,-4,-2,832.2034301757812
22,0.07317073170731714,0.09584017843008041,0,-4,-2,832.2034301757812
23,0.12195121951219523,0.0011452537728473544,0,-4,-2,832.2034301757812
24,0.17073170731707332,0.004989129491150379,0,-4,-2,832.2034301757812
25,0.2195121951219512,0.001302243210375309,0,-4,-2,832.2034301757812
26,0.2682926829268293,9.459503780817613e-05,0,-4,-2,832.2034301757812
27,0.3170731707317074,0.00039576590643264353,0,-4,-2,832.2034301757812
28,0.36585365853658547,3.403906157473102e-05,0,-4,-2,832.2034301757812
29,0.41463414634146356,1.2496254385041539e-05,0,-4,-2,832.2034301757812
30,0.46341463414634143,0.0003383016446605325,0,-4,-2,832.2034301757812
31,0.5121951219512195,0.00020678307919297367,0,-4,-2,832.2034301757812
32,0.5609756097560976,2.1631873096339405e-05,0,-4,-2,832.2034301757812
33,0.6097560975609757,4.177128357696347e-05,0,-4,-2,832.2034301757812
34,0.6585365853658538,9.885693725664169e-05,0,-4,-2,832.2034301757812
35,0.7073170731707317,8.908049494493753e-06,0,-4,-2,832.2034301757812
36,0.7560975609756098,2.0467625290621072e-05,0,-4,-2,832.2034301757812
37,0.8048780487804879,3.863896563416347e-05,0,-4,-2,832.2034301757812
38,0.853658536585366,1.4725183973496314e-05,0,-4,-2,832.2034301757812
39,0.902439024390244,6.295461503214028e-07,0,-4,-2,832.2034301757812
40,0.9512195121951219,4.519778667599894e-05,0,-4,-2,832.2034301757812
41,1.0,1.519675333838677e-05,0,-4,-2,832.2034301757812
0,-1.0,3.6328408441477222e-06,0,-2,-1,832.2034301757812
1,-0.9512195121951219,0.0002478047099430114,0,-2,-1,832.2034301757812
2,-0.9024390243902439,0.00014676008140668273,0,-2,-1,832.2034301757812
3,-0.8536585365853658,5.579309436143376e-05,0,-2,-1,832.2034301757812
4,-0.8048780487804879,0.00028276920784264803,0,-2,-1,832.2034301757812
5,-0.7560975609756098,0.00011286699736956507,0,-2,-1,832.2034301757812
6,-0.7073170731707317,5.818084900965914e-05,0,-2,-1,832.2034301757812
7,-0.6585365853658536,0.00036224714131094515,0,-2,-1,832.2034301757812
8,-0.6097560975609756,0.00021426564489956945,0,-2,-1,832.2034301757812
9,-0.5609756097560976,0.0001603056734893471,0,-2,-1,832.2034301757812
10,-0.5121951219512195,0.0006565746734850109,0,-2,-1,832.2034301757812
11,-0.46341463414634143,0.0005091774510219693,0,-2,-1,832.2034301757812
12,-0.41463414634146334,5.6694399972911924e-05,0,-2,-1,832.2034301757812
13,-0.36585365853658536,0.00019666767911985517,0,-2,-1,832.2034301757812
14,-0.31707317073170727,7.101818482624367e-05,0,-2,-1,832.2034301757812
15,-0.2682926829268293,0.0005888594896532595,0,-2,-1,832.2034301757812
16,-0.2195121951219512,0.0017329176189377904,0,-2,-1,832.2034301757812
17,-0.1707317073170731,0.0006265875417739153,0,-2,-1,832.2034301757812
18,-0.12195121951219512,0.0006288649747148156,0,-2,-1,832.2034301757812
19,-0.07317073170731703,0.001952838501892984,0,-2,-1,832.2034301757812
20,-0.024390243902439046,0.00023610136122442782,0,-2,-1,832.2034301757812
21,0.024390243902439046,0.001046880497597158,0,-2,-1,832.2034301757812
22,0.07317073170731714,0.005054873879998922,0,-2,-1,832.2034301757812
23,0.12195121951219523,0.0007471395656466484,0,-2,-1,832.2034301757812
24,0.17073170731707332,0.0032129636965692043,0,-2,-1,832.2034301757812
25,0.2195121951219512,0.011051418259739876,0,-2,-1,832.2034301757812
26,0.2682926829268293,0.0021608665119856596,0,-2,-1,832.2034301757812
27,0.3170731707317074,0.020717153325676918,0,-2,-1,832.2034301757812
28,0.36585365853658547,0.13606560230255127,0,-2,-1,832.2034301757812
29,0.41463414634146356,0.2140251100063324,0,-2,-1,832.2034301757812
30,0.46341463414634143,0.16053126752376556,0,-2,-1,832.2034301757812
31,0.5121951219512195,0.05617423728108406,0,-2,-1,832.2034301757812
32,0.5609756097560976,0.00048012935440056026,0,-2,-1,832.2034301757812
33,0.6097560975609757,0.010417737998068333,0,-2,-1,832.2034301757812
34,0.6585365853658538,0.008607721887528896,0,-2,-1,832.2034301757812
35,0.7073170731707317,1.1784605703724083e-05,0,-2,-1,832.2034301757812
36,0.7560975609756098,0.004022488370537758,0,-2,-1,832.2034301757812
37,0.8048780487804879,0.0030361793469637632,0,-2,-1,832.2034301757812
38,0.853658536585366,2.62255434790859e-06,0,-2,-1,832.2034301757812
39,0.902439024390244,0.001881826319731772,0,-2,-1,832.2034301757812
40,0.9512195121951219,0.0015301057137548923,0,-2,-1,832.2034301757812
41,1.0,8.367669943254441e-05,0,-2,-1,832.2034301757812
0,-1.0,0.012248416431248188,0,3,1,832.2034301757812
1,-0.9512195121951219,0.00783840287476778,0,3,1,832.2034301757812
2,-0.9024390243902439,0.027907490730285645,0,3,1,832.2034301757812
3,-0.8536585365853658,0.026804568246006966,0,3,1,832.2034301757812
4,-0.8048780487804879,0.14454615116119385,0,3,1,832.2034301757812
5,-0.7560975609756098,0.7811921834945679,0,3,1,832.2034301757812
6,-0.7073170731707317,0.4701513946056366,0,3,1,832.2034301757812
7,-0.6585365853658536,0.0016040606424212456,0,3,1,832.2034301757812
8,-0.6097560975609756,0.07070082426071167,0,3,1,832.2034301757812
9,-0.5609756097560976,0.002620625076815486,0,3,1,832.2034301757812
10,-0.5121951219512195,0.020549677312374115,0,3,1,832.2034301757812
11,-0.46341463414634143,0.0012895831605419517,0,3,1,832.2034301757812
12,-0.41463414634146334,0.009509633295238018,0,3,1,832.2034301757812
13,-0.36585365853658536,0.0006163178477436304,0,3,1,832.2034301757812
14,-0.31707317073170727,0.00540341529995203,0,3,1,832.2034301757812
15,-0.2682926829268293,0.00022747421462554485,0,3,1,832.2034301757812
16,-0.2195121951219512,0.0025423800107091665,0,3,1,832.2034301757812
17,-0.1707317073170731,0.0004976048949174583,0,3,1,832.2034301757812
18,-0.12195121951219512,0.002680285833775997,0,3,1,832.2034301757812
19,-0.07317073170731703,0.0004925780813209713,0,3,1,832.2034301757812
20,-0.024390243902439046,0.0015655915485695004,0,3,1,832.2034301757812
21,0.024390243902439046,0.00032901708618737757,0,3,1,832.2034301757812
22,0.07317073170731714,0.0008412668248638511,0,3,1,832.2034301757812
23,0.12195121951219523,0.0001813901326386258,0,3,1,832.2034301757812
24,0.17073170731707332,0.0009085591300390661,0,3,1,832.2034301757812
25,0.2195121951219512,0.00019793286628555506,0,3,1,832.2034301757812
26,0.2682926829268293,0.0009231341537088156,0,3,1,832.2034301757812
27,0.3170731707317074,0.00013655291695613414,0,3,1,832.2034301757812
28,0.36585365853658547,0.0012981218751519918,0,3,1,832.2034301757812
29,0.41463414634146356,0.00012107651855330914,0,3,1,832.2034301757812
30,0.46341463414634143,0.001096258289180696,0,3,1,832.2034301757812
31,0.5121951219512195,8.910473297873978e-06,0,3,1,832.2034301757812
32,0.5609756097560976,0.0008552672225050628,0,3,1,832.2034301757812
33,0.6097560975609757,3.847360403597122e-06,0,3,1,832.2034301757812
34,0.6585365853658538,0.0007915660389699042,0,3,1,832.2034301757812
35,0.7073170731707317,9.173125476991117e-07,0,3,1,832.2034301757812
36,0.7560975609756098,0.0007632408523932099,0,3,1,832.2034301757812
37,0.8048780487804879,1.8801187252392992e-05,0,3,1,832.2034301757812
38,0.853658536585366,0.0006477850256487727,0,3,1,832.2034301757812
39,0.902439024390244,0.0,0,3,1,832.2034301757812
40,0.9512195121951219,0.0,0,3,1,832.2034301757812
41,1.0,0.0,0,3,1,832.2034301757812
0,-1.0,0.0,0,5,2,832.2034301757812
1,-0.9512195121951219,0.0,0,5,2,832.2034301757812
2,-0.9024390243902439,0.0,0,5,2,832.2034301757812
3,-0.8536585365853658,0.0,0,5,2,832.2034301757812
4,-0.8048780487804879,0.0,0,5,2,832.2034301757812
5,-0.7560975609756098,0.0,0,5,2,832.2034301757812
6,-0.7073170731707317,0.0,0,5,2,832.2034301757812
7,-0.6585365853658536,0.0,0,5,2,832.2034301757812
8,-0.6097560975609756,0.0,0,5,2,832.2034301757812
9,-0.5609756097560976,0.0,0,5,2,832.2034301757812
10,-0.5121951219512195,0.0,0,5,2,832.2034301757812
11,-0.46341463414634143,3.693963321893534e-07,0,5,2,832.2034301757812
12,-0.41463414634146334,4.671199249628444e-08,0,5,2,832.2034301757812
13,-0.36585365853658536,1.1307099612167804e-06,0,5,2,832.2034301757812
14,-0.31707317073170727,2.517955181247089e-06,0,5,2,832.2034301757812
15,-0.2682926829268293,8.546639946871437e-07,0,5,2,832.2034301757812
16,-0.2195121951219512,1.2382577097014291e-06,0,5,2,832.2034301757812
17,-0.1707317073170731,1.1332846270306618e-06,0,5,2,832.2034301757812
18,-0.12195121951219512,3.5532495985535206e-06,0,5,2,832.2034301757812
19,-0.07317073170731703,3.214238677173853e-05,0,5,2,832.2034301757812
20,-0.024390243902439046,9.107767982641235e-05,0,5,2,832.2034301757812
21,0.024390243902439046,0.00012915364641230553,0,5,2,832.2034301757812
22,0.07317073170731714,8.42559620650718e-06,0,5,2,832.2034301757812
23,0.12195121951219523,2.2903528588358313e-05,0,5,2,832.2034301757812
24,0.17073170731707332,6.936325007700361e-06,0,5,2,832.2034301757812
25,0.2195121951219512,6.489298357337248e-06,0,5,2,832.2034301757812
26,0.2682926829268293,0.00015894431271590292,0,5,2,832.2034301757812
27,0.3170731707317074,0.00016633521590847522,0,5,2,832.2034301757812
28,0.36585365853658547,0.0007324680336751044,0,5,2,832.2034301757812
29,0.41463414634146356,0.00010909813136095181,0,5,2,832.2034301757812
30,0.46341463414634143,0.0036059438716620207,0,5,2,832.2034301757812
31,0.5121951219512195,0.00014112898497842252,0,5,2,832.2034301757812
32,0.5609756097560976,3.449428186286241e-05,0,5,2,832.2034301757812
33,0.6097560975609757,6.294843478826806e-05,0,5,2,832.2034301757812
34,0.6585365853658538,0.00017881316307466477,0,5,2,832.2034301757812
35,0.7073170731707317,0.00012516765855252743,0,5,2,832.2034301757812
36,0.7560975609756098,8.074867946561426e-05,0,5,2,832.2034301757812
37,0.8048780487804879,1.8760410966933705e-05,0,5,2,832.2034301757812
38,0.853658536585366,4.663192157750018e-06,0,5,2,832.2034301757812
39,0.902439024390244,9.184746886603534e-06,0,5,2,832.2034301757812
40,0.9512195121951219,3.755307989194989e-05,0,5,2,832.2034301757812
41,1.0,1.181878997158492e-05,0,5,2,832.2034301757812
0,-1.0,2.9134764645277755e-06,0,6,2,832.2034301757812
1,-0.9512195121951219,4.833489583688788e-06,0,6,2,832.2034301757812
2,-0.9024390243902439,3.2891546197788557e-06,0,6,2,832.2034301757812
3,-0.8536585365853658,7.34867626306368e-06,0,6,2,832.2034301757812
4,-0.8048780487804879,6.372772622853518e-05,0,6,2,832.2034301757812
5,-0.7560975609756098,0.000254228973062709,0,6,2,832.2034301757812
6,-0.7073170731707317,0.000167850375873968,0,6,2,832.2034301757812
7,-0.6585365853658536,4.043577519041719e-06,0,6,2,832.2034301757812
8,-0.6097560975609756,3.736160942935385e-05,0,6,2,832.2034301757812
9,-0.5609756097560976,3.1376150673168013e-06,0,6,2,832.2034301757812
10,-0.5121951219512195,9.083878467208706e-06,0,6,2,832.2034301757812
11,-0.46341463414634143,7.739172502851943e-08,0,6,2,832.2034301757812
12,-0.41463414634146334,1.2036396583425812e-05,0,6,2,832.2034301757812
13,-0.36585365853658536,1.3047240827290807e-05,0,6,2,832.2034301757812
14,-0.31707317073170727,3.3656397135928273e-06,0,6,2,832.2034301757812
15,-0.2682926829268293,5.80044616071973e-06,0,6,2,832.2034301757812
16,-0.2195121951219512,0.0011854588519781828,0,6,2,832.2034301757812
17,-0.1707317073170731,1.014219719763787e-06,0,6,2,832.2034301757812
18,-0.12195121951219512,9.103422598855104e-06,0,6,2,832.2034301757812
19,-0.07317073170731703,1.6349154918771092e-07,0,6,2,832.2034301757812
20,-0.024390243902439046,1.6647522897983436e-06,0,6,2,832.2034301757812
21,0.024390243902439046,6.025617039995268e-06,0,6,2,832.2034301757812
22,0.07317073170731714,2.553668991822633e-06,0,6,2,832.2034301757812
23,0.12195121951219523,2.3151515051722527e-06,0,6,2,832.2034301757812
24,0.17073170731707332,1.7429776562494226e-05,0,6,2,832.2034301757812
25,0.2195121951219512,2.208050136687234e-05,0,6,2,832.2034301757812
26,0.2682926829268293,0.00019294879166409373,0,6,2,832.2034301757812
27,0.3170731707317074,0.00037153245648369193,0,6,2,832.2034301757812
28,0.36585365853658547,4.8414909542771056e-05,0,6,2,832.2034301757812
29,0.41463414634146356,9.895166840578895e-06,0,6,2,832.2034301757812
30,0.46341463414634143,1.0076769285660703e-05,0,6,2,832.2034301757812
31,0.5121951219512195,1.2696310477622319e-05,0,6,2,832.2034301757812
32,0.5609756097560976,2.2573003661818802e-06,0,6,2,832.2034301757812
33,0.6097560975609757,0.0,0,6,2,832.2034301757812
34,0.6585365853658538,0.0,0,6,2,832.2034301757812
35,0.7073170731707317,0.0,0,6,2,832.2034301757812
36,0.7560975609756098,0.0,0,6,2,832.2034301757812
37,0.8048780487804879,0.0,0,6,2,832.2034301757812
38,0.853658536585366,0.0,0,6,2,832.2034301757812
39,0.902439024390244,0.0,0,6,2,832.2034301757812
40,0.9512195121951219,0.0,0,6,2,832.2034301757812
41,1.0,0.0,0,6,2,832.2034301757812
0,-1.0,8.716177035239525e-06,0,7,2,832.2034301757812
1,-0.9512195121951219,2.2041649572202004e-05,0,7,2,832.2034301757812
2,-0.9024390243902439,1.4023364201420918e-05,0,7,2,832.2034301757812
3,-0.8536585365853658,1.548586988064926e-05,0,7,2,832.2034301757812
4,-0.8048780487804879,1.1690278370224405e-05,0,7,2,832.2034301757812
5,-0.7560975609756098,5.0824633945012465e-05,0,7,2,832.2034301757812
6,-0.7073170731707317,0.0001898673508549109,0,7,2,832.2034301757812
7,-0.6585365853658536,0.004219410941004753,0,7,2,832.2034301757812
8,-0.6097560975609756,0.0007101203664205968,0,7,2,832.2034301757812
9,-0.5609756097560976,1.0033922080765478e-05,0,7,2,832.2034301757812
10,-0.5121951219512195,3.300340540590696e-05,0,7,2,832.2034301757812
11,-0.46341463414634143,0.00010188073065364733,0,7,2,832.2034301757812
12,-0.41463414634146334,1.2736266398860607e-05,0,7,2,832.2034301757812
13,-0.36585365853658536,3.917029516742332e-06,0,7,2,832.2034301757812
14,-0.31707317073170727,3.2279061201734294e-07,0,7,2,832.2034301757812
15,-0.2682926829268293,2.958524873974966e-07,0,7,2,832.2034301757812
16,-0.2195121951219512,1.1926061915801256e-07,0,7,2,832.2034301757812
17,-0.1707317073170731,1.1744543826353038e-06,0,7,2,832.2034301757812
18,-0.12195121951219512,8.089546668088587e-07,0,7,2,832.2034301757812
19,-0.07317073170731703,4.016435184439615e-08,0,7,2,832.2034301757812
20,-0.024390243902439046,2.756064532150049e-07,0,7,2,832.2034301757812
21,0.024390243902439046,6.356022197451239e-08,0,7,2,832.2034301757812
22,0.07317073170731714,0.0,0,7,2,832.2034301757812
23,0.12195121951219523,0.0,0,7,2,832.2034301757812
24,0.17073170731707332,0.0,0,7,2,832.2034301757812
25,0.2195121951219512,0.0,0,7,2,832.2034301757812
26,0.2682926829268293,0.0,0,7,2,832.2034301757812
27,0.3170731707317074,0.0,0,7,2,832.2034301757812
28,0.36585365853658547,0.0,0,7,2,832.2034301757812
29,0.41463414634146356,0.0,0,7,2,832.2034301757812
30,0.46341463414634143,0.0,0,7,2,832.2034301757812
31,0.5121951219512195,0.0,0,7,2,832.2034301757812
32,0.5609756097560976,0.0,0,7,2,832.2034301757812
33,0.6097560975609757,0.0,0,7,2,832.2034301757812
34,0.6585365853658538,0.0,0,7,2,832.2034301757812
35,0.7073170731707317,0.0,0,7,2,832.2034301757812
36,0.7560975609756098,0.0,0,7,2,832.2034301757812
37,0.8048780487804879,0.0,0,7,2,832.2034301757812
38,0.853658536585366,0.0,0,7,2,832.2034301757812
39,0.902439024390244,0.0,0,7,2,832.2034301757812
40,0.9512195121951219,0.0,0,7,2,832.2034301757812
41,1.0,0.0,0,7,2,832.2034301757812
0,-1.0,8.082452404778451e-05,0,8,2,832.2034301757812
1,-0.9512195121951219,0.0015275741461664438,0,8,2,832.2034301757812
2,-0.9024390243902439,9.871345537248999e-05,0,8,2,832.2034301757812
3,-0.8536585365853658,4.734019512397936e-06,0,8,2,832.2034301757812
4,-0.8048780487804879,1.9931849237764254e-05,0,8,2,832.2034301757812
5,-0.7560975609756098,4.405911113281036e-06,0,8,2,832.2034301757812
6,-0.7073170731707317,2.5693514089653036e-06,0,8,2,832.2034301757812
7,-0.6585365853658536,3.421451765461825e-06,0,8,2,832.2034301757812
8,-0.6097560975609756,1.7721951053317753e-06,0,8,2,832.2034301757812
9,-0.5609756097560976,1.2461074447855935e-06,0,8,2,832.2034301757812
10,-0.5121951219512195,2.4300467771354306e-07,0,8,2,832.2034301757812
11,-0.46341463414634143,1.0134010608453536e-06,0,8,2,832.2034301757812
12,-0.41463414634146334,1.107420530388481e-06,0,8,2,832.2034301757812
13,-0.36585365853658536,3.8050185224847155e-09,0,8,2,832.2034301757812
14,-0.31707317073170727,0.0,0,8,2,832.2034301757812
15,-0.2682926829268293,0.0,0,8,2,832.2034301757812
16,-0.2195121951219512,0.0,0,8,2,832.2034301757812
17,-0.1707317073170731,0.0,0,8,2,832.2034301757812
18,-0.12195121951219512,0.0,0,8,2,832.2034301757812
19,-0.07317073170731703,0.0,0,8,2,832.2034301757812
20,-0.024390243902439046,0.0,0,8,2,832.2034301757812
21,0.024390243902439046,0.0,0,8,2,832.2034301757812
22,0.07317073170731714,0.0,0,8,2,832.2034301757812
23,0.12195121951219523,0.0,0,8,2,832.2034301757812
24,0.17073170731707332,0.0,0,8,2,832.2034301757812
25,0.2195121951219512,0.0,0,8,2,832.2034301757812
26,0.2682926829268293,0.0,0,8,2,832.2034301757812
27,0.3170731707317074,0.0,0,8,2,832.2034301757812
28,0.36585365853658547,0.0,0,8,2,832.2034301757812
29,0.41463414634146356,0.0,0,8,2,832.2034301757812
30,0.46341463414634143,0.0,0,8,2,832.2034301757812
31,0.5121951219512195,0.0,0,8,2,832.2034301757812
32,0.5609756097560976,0.0,0,8,2,832.2034301757812
33,0.6097560975609757,0.0,0,8,2,832.2034301757812
34,0.6585365853658538,0.0,0,8,2,832.2034301757812
35,0.7073170731707317,0.0,0,8,2,832.2034301757812
36,0.7560975609756098,0.0,0,8,2,832.2034301757812
37,0.8048780487804879,0.0,0,8,2,832.2034301757812
38,0.853658536585366,0.0,0,8,2,832.2034301757812
39,0.902439024390244,0.0,0,8,2,832.2034301757812
40,0.9512195121951219,0.0,0,8,2,832.2034301757812
41,1.0,0.0,0,8,2,832.2034301757812
0,-1.0,0.0,0,8,3,832.2034301757812
1,-0.9512195121951219,0.0,0,8,3,832.2034301757812
2,-0.9024390243902439,0.0,0,8,3,832.2034301757812
3,-0.8536585365853658,0.0,0,8,3,832.2034301757812
4,-0.8048780487804879,0.0,0,8,3,832.2034301757812
5,-0.7560975609756098,0.0,0,8,3,832.2034301757812
6,-0.7073170731707317,0.0,0,8,3,832.2034301757812
7,-0.6585365853658536,0.0,0,8,3,832.2034301757812
8,-0.6097560975609756,0.0,0,8,3,832.2034301757812
9,-0.5609756097560976,0.0,0,8,3,832.2034301757812
10,-0.5121951219512195,0.0,0,8,3,832.2034301757812
11,-0.46341463414634143,0.0,0,8,3,832.2034301757812
12,-0.41463414634146334,0.0,0,8,3,832.2034301757812
13,-0.36585365853658536,0.0,0,8,3,832.2034301757812
14,-0.31707317073170727,0.0,0,8,3,832.2034301757812
15,-0.2682926829268293,0.0,0,8,3,832.2034301757812
16,-0.2195121951219512,0.0,0,8,3,832.2034301757812
17,-0.1707317073170731,0.0,0,8,3,832.2034301757812
18,-0.12195121951219512,0.0,0,8,3,832.2034301757812
19,-0.07317073170731703,0.0,0,8,3,832.2034301757812
20,-0.024390243902439046,0.0,0,8,3,832.2034301757812
21,0.024390243902439046,0.0,0,8,3,832.2034301757812
22,0.07317073170731714,1.0386605708845309e-07,0,8,3,832.2034301757812
23,0.12195121951219523,8.661932326958777e-08,0,8,3,832.2034301757812
24,0.17073170731707332,1.3277379196097172e-07,0,8,3,832.2034301757812
25,0.2195121951219512,1.0114200676980545e-06,0,8,3,832.2034301757812
26,0.2682926829268293,1.3168337886781956e-07,0,8,3,832.2034301757812
27,0.3170731707317074,1.684288832848324e-07,0,8,3,832.2034301757812
28,0.36585365853658547,2.530379788368009e-06,0,8,3,832.2034301757812
29,0.41463414634146356,6.1713526520179585e-06,0,8,3,832.2034301757812
30,0.46341463414634143,6.282288268266711e-06,0,8,3,832.2034301757812
31,0.5121951219512195,2.144329528164235e-06,0,8,3,832.2034301757812
32,0.5609756097560976,8.959198680713598e-07,0,8,3,832.2034301757812
33,0.6097560975609757,1.1025115043139522e-07,0,8,3,832.2034301757812
34,0.6585365853658538,7.510543127864366e-06,0,8,3,832.2034301757812
35,0.7073170731707317,1.7827293277150602e-06,0,8,3,832.2034301757812
36,0.7560975609756098,3.619215647177043e-07,0,8,3,832.2034301757812
37,0.8048780487804879,1.3982625546304916e-07,0,8,3,832.2034301757812
38,0.853658536585366,8.949114516099144e-08,0,8,3,832.2034301757812
39,0.902439024390244,2.878959094232414e-06,0,8,3,832.2034301757812
40,0.9512195121951219,4.631273895938648e-06,0,8,3,832.2034301757812
41,1.0,2.497753030183958e-06,0,8,3,832.2034301757812
0,-1.0,0.0,0,9,3,832.2034301757812
1,-0.9512195121951219,0.0,0,9,3,832.2034301757812
2,-0.9024390243902439,0.0,0,9,3,832.2034301757812
3,-0.8536585365853658,0.0,0,9,3,832.2034301757812
4,-0.8048780487804879,0.0,0,9,3,832.2034301757812
5,-0.7560975609756098,0.0,0,9,3,832.2034301757812
6,-0.7073170731707317,0.0,0,9,3,832.2034301757812
7,-0.6585365853658536,0.0,0,9,3,832.2034301757812
8,-0.6097560975609756,0.0,0,9,3,832.2034301757812
9,-0.5609756097560976,0.0,0,9,3,832.2034301757812
10,-0.5121951219512195,0.0,0,9,3,832.2034301757812
11,-0.46341463414634143,0.0,0,9,3,832.2034301757812
12,-0.41463414634146334,0.0,0,9,3,832.2034301757812
13,-0.36585365853658536,0.0,0,9,3,832.2034301757812
14,-0.31707317073170727,0.0,0,9,3,832.2034301757812
15,-0.2682926829268293,0.0,0,9,3,832.2034301757812
16,-0.2195121951219512,2.265840777226913e-07,0,9,3,832.2034301757812
17,-0.1707317073170731,4.92653295935952e-09,0,9,3,832.2034301757812
18,-0.12195121951219512,2.866720372196596e-08,0,9,3,832.2034301757812
19,-0.07317073170731703,4.611337942606042e-07,0,9,3,832.2034301757812
20,-0.024390243902439046,1.6875126220838865e-06,0,9,3,832.2034301757812
21,0.024390243902439046,9.306648394158401e-07,0,9,3,832.2034301757812
22,0.07317073170731714,2.5439414912398206e-06,0,9,3,832.2034301757812
23,0.12195121951219523,1.4804573993387748e-06,0,9,3,832.2034301757812
24,0.17073170731707332,1.159159182861913e-06,0,9,3,832.2034301757812
25,0.2195121951219512,1.382186292175902e-05,0,9,3,832.2034301757812
26,0.2682926829268293,1.62416272360133e-05,0,9,3,832.2034301757812
27,0.3170731707317074,5.4704702051822096e-05,0,9,3,832.2034301757812
28,0.36585365853658547,2.989710083056707e-05,0,9,3,832.2034301757812
29,0.41463414634146356,7.207945600384846e-07,0,9,3,832.2034301757812
30,0.46341463414634143,7.674059361306718e-07,0,9,3,832.2034301757812
31,0.5121951219512195,3.708831002313673e-07,0,9,3,832.2034301757812
32,0.5609756097560976,1.2953255463798996e-06,0,9,3,832.2034301757812
33,0.6097560975609757,2.4226842754160316e-08,0,9,3,832.2034301757812
34,0.6585365853658538,2.434885715274504e-08,0,9,3,832.2034301757812
35,0.7073170731707317,1.7271451824285577e-08,0,9,3,832.2034301757812
36,0.7560975609756098,1.2715239563476644e-06,0,9,3,832.2034301757812
37,0.8048780487804879,4.867166012445523e-07,0,9,3,832.2034301757812
38,0.853658536585366,0.0,0,9,3,832.2034301757812
39,0.902439024390244,0.0,0,9,3,832.2034301757812
40,0.9512195121951219,0.0,0,9,3,832.2034301757812
41,1.0,0.0,0,9,3,832.2034301757812
0,-1.0,1.1773154540151154e-07,1,-8,-8,832.2034301757812
1,-0.9512195121951219,4.20640617448953e-06,1,-8,-8,832.2034301757812
2,-0.9024390243902439,1.7419870346202515e-06,1,-8,-8,832.2034301757812
3,-0.8536585365853658,1.1977574843058392e-07,1,-8,-8,832.2034301757812
4,-0.8048780487804879,1.8282013343196013e-06,1,-8,-8,832.2034301757812
5,-0.7560975609756098,5.75178910366958e-06,1,-8,-8,832.2034301757812
6,-0.7073170731707317,4.0694482095204876e-07,1,-8,-8,832.2034301757812
7,-0.6585365853658536,2.3706409137957962e-06,1,-8,-8,832.2034301757812
8,-0.6097560975609756,2.1374536629537033e-07,1,-8,-8,832.2034301757812
9,-0.5609756097560976,1.1379054285498569e-06,1,-8,-8,832.2034301757812
10,-0.5121951219512195,3.500153297864017e-06,1,-8,-8,832.2034301757812
11,-0.46341463414634143,3.5645512980408967e-05,1,-8,-8,832.2034301757812
12,-0.41463414634146334,0.0005240789032541215,1,-8,-8,832.2034301757812
13,-0.36585365853658536,3.462768654571846e-05,1,-8,-8,832.2034301757812
14,-0.31707317073170727,3.643636227934621e-05,1,-8,-8,832.2034301757812
15,-0.2682926829268293,5.8273440117773134e-06,1,-8,-8,832.2034301757812
16,-0.2195121951219512,2.419418933641282e-06,1,-8,-8,832.2034301757812
17,-0.1707317073170731,1.386545136483619e-06,1,-8,-8,832.2034301757812
18,-0.12195121951219512,7.669443107261031e-07,1,-8,-8,832.2034301757812
19,-0.07317073170731703,1.492632009103545e-07,1,-8,-8,832.2034301757812
20,-0.024390243902439046,3.656145679542533e-07,1,-8,-8,832.2034301757812
21,0.024390243902439046,1.548574175558315e-07,1,-8,-8,832.2034301757812
22,0.07317073170731714,1.3898502402298618e-06,1,-8,-8,832.2034301757812
23,0.12195121951219523,4.235637618421606e-07,1,-8,-8,832.2034301757812
24,0.17073170731707332,3.328203135311014e-08,1,-8,-8,832.2034301757812
25,0.2195121951219512,0.0,1,-8,-8,832.2034301757812
26,0.2682926829268293,0.0,1,-8,-8,832.2034301757812
27,0.3170731707317074,0.0,1,-8,-8,832.2034301757812
28,0.36585365853658547,0.0,1,-8,-8,832.2034301757812
29,0.41463414634146356,0.0,1,-8,-8,832.2034301757812
30,0.46341463414634143,0.0,1,-8,-8,832.2034301757812
31,0.5121951219512195,0.0,1,-8,-8,832.2034301757812
32,0.5609756097560976,0.0,1,-8,-8,832.2034301757812
33,0.6097560975609757,0.0,1,-8,-8,832.2034301757812
34,0.6585365853658538,0.0,1,-8,-8,832.2034301757812
35,0.7073170731707317,0.0,1,-8,-8,832.2034301757812
36,0.7560975609756098,0.0,1,-8,-8,832.2034301757812
37,0.8048780487804879,0.0,1,-8,-8,832.2034301757812
38,0.853658536585366,0.0,1,-8,-8,832.2034301757812
39,0.902439024390244,0.0,1,-8,-8,832.2034301757812
40,0.9512195121951219,0.0,1,-8,-8,832.2034301757812
41,1.0,0.0,1,-8,-8,832.2034301757812
0,-1.0,0.0,1,-7,-8,832.2034301757812
1,-0.9512195121951219,0.0,1,-7,-8,832.2034301757812
2,-0.9024390243902439,0.0,1,-7,-8,832.2034301757812
3,-0.8536585365853658,0.0,1,-7,-8,832.2034301757812
4,-0.8048780487804879,0.0,1,-7,-8,832.2034301757812
5,-0.7560975609756098,0.0,1,-7,-8,832.2034301757812
6,-0.7073170731707317,0.0,1,-7,-8,832.2034301757812
7,-0.6585365853658536,0.0,1,-7,-8,832.2034301757812
8,-0.6097560975609756,0.0,1,-7,-8,832.2034301757812
9,-0.5609756097560976,0.0,1,-7,-8,832.2034301757812
10,-0.5121951219512195,0.0,1,-7,-8,832.2034301757812
11,-0.46341463414634143,0.0,1,-7,-8,832.2034301757812
12,-0.41463414634146334,0.0,1,-7,-8,832.2034301757812
13,-0.36585365853658536,0.0,1,-7,-8,832.2034301757812
14,-0.31707317073170727,0.0,1,-7,-8,832.2034301757812
15,-0.2682926829268293,0.0,1,-7,-8,832.2034301757812
16,-0.2195121951219512,0.0,1,-7,-8,832.2034301757812
17,-0.1707317073170731,0.0,1,-7,-8,832.2034301757812
18,-0.12195121951219512,0.0,1,-7,-8,832.2034301757812
19,-0.07317073170731703,0.0,1,-7,-8,832.2034301757812
20,-0.024390243902439046,1.5471360370611364e-07,1,-7,-8,832.2034301757812
21,0.024390243902439046,2.5043746063602157e-06,1,-7,-8,832.2034301757812
22,0.07317073170731714,1.6232137340921327e-06,1,-7,-8,832.2034301757812
23,0.12195121951219523,4.313185684168275e-07,1,-7,-8,832.2034301757812
24,0.17073170731707332,4.252186045050621e-06,1,-7,-8,832.2034301757812
25,0.2195121951219512,1.3657272575073875e-06,1,-7,-8,832.2034301757812
26,0.2682926829268293,1.0545611530687893e-06,1,-7,-8,832.2034301757812
27,0.3170731707317074,3.2636210107739316e-06,1,-7,-8,832.2034301757812
28,0.36585365853658547,2.870315256586764e-06,1,-7,-8,832.2034301757812
29,0.41463414634146356,3.413897047721548e-06,1,-7,-8,832.2034301757812
30,0.46341463414634143,7.552848728664685e-07,1,-7,-8,832.2034301757812
31,0.5121951219512195,2.6140100999327842e-06,1,-7,-8,832.2034301757812
32,0.5609756097560976,2.4290515284519643e-05,1,-7,-8,832.2034301757812
33,0.6097560975609757,0.00029453099705278873,1,-7,-8,832.2034301757812
34,0.6585365853658538,0.00023618417617399246,1,-7,-8,832.2034301757812
35,0.7073170731707317,3.0500277716782875e-06,1,-7,-8,832.2034301757812
36,0.7560975609756098,6.471118922490859e-06,1,-7,-8,832.2034301757812
37,0.8048780487804879,6.529903203045251e-06,1,-7,-8,832.2034301757812
38,0.853658536585366,4.559381068247603e-06,1,-7,-8,832.2034301757812
39,0.902439024390244,7.852535418351181e-06,1,-7,-8,832.2034301757812
40,0.9512195121951219,7.0664927989128046e-06,1,-7,-8,832.2034301757812
41,1.0,8.406914275838062e-07,1,-7,-8,832.2034301757812
0,-1.0,0.00010444810322951525,1,-7,-7,832.2034301757812
1,-0.9512195121951219,0.001049025566317141,1,-7,-7,832.2034301757812
2,-0.9024390243902439,0.0004028738185297698,1,-7,-7,832.2034301757812
3,-0.8536585365853658,7.502589141950011e-05,1,-7,-7,832.2034301757812
4,-0.8048780487804879,1.091148192244873e-06,1,-7,-7,832.2034301757812
5,-0.7560975609756098,6.753534762538038e-07,1,-7,-7,832.2034301757812
6,-0.7073170731707317,4.2086462599399965e-06,1,-7,-7,832.2034301757812
7,-0.6585365853658536,2.4270734684250783e-06,1,-7,-7,832.2034301757812
8,-0.6097560975609756,6.07397112162289e-07,1,-7,-7,832.2034301757812
9,-0.5609756097560976,6.895862725286861e-07,1,-7,-7,832.2034301757812
10,-0.5121951219512195,2.3486567357622334e-08,1,-7,-7,832.2034301757812
11,-0.46341463414634143,3.028723085662932e-07,1,-7,-7,832.2034301757812
12,-0.41463414634146334,2.85642585140522e-07,1,-7,-7,832.2034301757812
13,-0.36585365853658536,1.832596865369851e-07,1,-7,-7,832.2034301757812
14,-0.31707317073170727,6.290834789979272e-06,1,-7,-7,832.2034301757812
15,-0.2682926829268293,1.8668989696379867e-06,1,-7,-7,832.2034301757812
16,-0.2195121951219512,0.0,1,-7,-7,832.2034301757812
17,-0.1707317073170731,0.0,1,-7,-7,832.2034301757812
18,-0.12195121951219512,0.0,1,-7,-7,832.2034301757812
19,-0.07317073170731703,0.0,1,-7,-7,832.2034301757812
20,-0.024390243902439046,0.0,1,-7,-7,832.2034301757812
21,0.024390243902439046,0.0,1,-7,-7,832.2034301757812
22,0.07317073170731714,0.0,1,-7,-7,832.2034301757812
23,0.12195121951219523,0.0,1,-7,-7,832.2034301757812
24,0.17073170731707332,0.0,1,-7,-7,832.2034301757812
25,0.2195121951219512,0.0,1,-7,-7,832.2034301757812
26,0.2682926829268293,0.0,1,-7,-7,832.2034301757812
27,0.3170731707317074,0.0,1,-7,-7,832.2034301757812
28,0.36585365853658547,0.0,1,-7,-7,832.2034301757812
29,0.41463414634146356,0.0,1,-7,-7,832.2034301757812
30,0.46341463414634143,0.0,1,-7,-7,832.2034301757812
31,0.5121951219512195,0.0,1,-7,-7,832.2034301757812
32,0.5609756097560976,0.0,1,-7,-7,832.2034301757812
33,0.6097560975609757,0.0,1,-7,-7,832.2034301757812
34,0.6585365853658538,0.0,1,-7,-7,832.2034301757812
35,0.7073170731707317,0.0,1,-7,-7,832.2034301757812
36,0.7560975609756098,0.0,1,-7,-7,832.2034301757812
37,0.8048780487804879,0.0,1,-7,-7,832.2034301757812
38,0.853658536585366,0.0,1,-7,-7,832.2034301757812
39,0.902439024390244,0.0,1,-7,-7,832.2034301757812
40,0.9512195121951219,0.0,1,-7,-7,832.2034301757812
41,1.0,0.0,1,-7,-7,832.2034301757812
0,-1.0,0.0,1,-6,-7,832.2034301757812
1,-0.9512195121951219,0.0,1,-6,-7,832.2034301757812
2,-0.9024390243902439,0.0,1,-6,-7,832.2034301757812
3,-0.8536585365853658,0.0,1,-6,-7,832.2034301757812
4,-0.8048780487804879,0.0,1,-6,-7,832.2034301757812
5,-0.7560975609756098,0.0,1,-6,-7,832.2034301757812
6,-0.7073170731707317,0.0,1,-6,-7,832.2034301757812
7,-0.6585365853658536,1.0057718782263692e-06,1,-6,-7,832.2034301757812
8,-0.6097560975609756,2.402991299277346e-07,1,-6,-7,832.2034301757812
9,-0.5609756097560976,9.687427109383862e-07,1,-6,-7,832.2034301757812
10,-0.5121951219512195,3.5871821637556423e-06,1,-6,-7,832.2034301757812
11,-0.46341463414634143,3.2314790132659255e-06,1,-6,-7,832.2034301757812
12,-0.41463414634146334,8.7638079548924e-07,1,-6,-7,832.2034301757812
13,-0.36585365853658536,1.9584033452701988e-06,1,-6,-7,832.2034301757812
14,-0.31707317073170727,1.4650969433205319e-06,1,-6,-7,832.2034301757812
15,-0.2682926829268293,4.679004632635042e-07,1,-6,-7,832.2034301757812
16,-0.2195121951219512,4.443737452675123e-06,1,-6,-7,832.2034301757812
17,-0.1707317073170731,4.48340500724953e-07,1,-6,-7,832.2034301757812
18,-0.12195121951219512,1.6233641417784384e-06,1,-6,-7,832.2034301757812
19,-0.07317073170731703,1.867561650215066e-06,1,-6,-7,832.2034301757812
20,-0.024390243902439046,1.0882763490371872e-05,1,-6,-7,832.2034301757812
21,0.024390243902439046,6.0059082898078486e-05,1,-6,-7,832.2034301757812
22,0.07317073170731714,0.0003106839722022414,1,-6,-7,832.2034301757812
23,0.12195121951219523,0.0003498502483125776,1,-6,-7,832.2034301757812
24,0.17073170731707332,0.00045676276204176247,1,-6,-7,832.2034301757812
25,0.2195121951219512,1.67811904248083e-05,1,-6,-7,832.2034301757812
26,0.2682926829268293,0.0001503355597378686,1,-6,-7,832.2034301757812
27,0.3170731707317074,7.743819878669456e-05,1,-6,-7,832.2034301757812
28,0.36585365853658547,3.177206599502824e-05,1,-6,-7,832.2034301757812
29,0.41463414634146356,8.177268568942964e-07,1,-6,-7,832.2034301757812
30,0.46341463414634143,1.1214260666747577e-06,1,-6,-7,832.2034301757812
31,0.5121951219512195,5.10354851712691e-08,1,-6,-7,832.2034301757812
32,0.5609756097560976,1.370742239714673e-07,1,-6,-7,832.2034301757812
33,0.6097560975609757,4.042546777327516e-07,1,-6,-7,832.2034301757812
34,0.6585365853658538,9.203369586430199e-07,1,-6,-7,832.2034301757812
35,0.7073170731707317,5.577177034865599e-06,1,-6,-7,832.2034301757812
36,0.7560975609756098,3.5217765343986684e-06,1,-6,-7,832.2034301757812
37,0.8048780487804879,1.0417467137813219e-06,1,-6,-7,832.2034301757812
38,0.853658536585366,3.1844228942645714e-07,1,-6,-7,832.2034301757812
39,0.902439024390244,3.313891738798702e-07,1,-6,-7,832.2034301757812
40,0.9512195121951219,4.932201136398362e-08,1,-6,-7,832.2034301757812
41,1.0,0.0,1,-6,-7,832.2034301757812
0,-1.0,3.910974101017928e-06,1,-5,-6,832.2034301757812
1,-0.9512195121951219,3.9948376070242375e-05,1,-5,-6,832.2034301757812
2,-0.9024390243902439,0.00010097520134877414,1,-5,-6,832.2034301757812
3,-0.8536585365853658,7.477122562704608e-05,1,-5,-6,832.2034301757812
4,-0.8048780487804879,8.611708472017199e-05,1,-5,-6,832.2034301757812
5,-0.7560975609756098,0.00012256392801646143,1,-5,-6,832.2034301757812
6,-0.7073170731707317,4.861013439949602e-05,1,-5,-6,832.2034301757812
7,-0.6585365853658536,0.0013637013034895062,1,-5,-6,832.2034301757812
8,-0.6097560975609756,3.2243597161141224e-06,1,-5,-6,832.2034301757812
9,-0.5609756097560976,2.465546458552126e-05,1,-5,-6,832.2034301757812
10,-0.5121951219512195,0.00041229152702726424,1,-5,-6,832.2034301757812
11,-0.46341463414634143,7.26534062778228e-06,1,-5,-6,832.2034301757812
12,-0.41463414634146334,1.8817096133716404e-05,1,-5,-6,832.2034301757812
13,-0.36585365853658536,2.8920519525854615e-06,1,-5,-6,832.2034301757812
14,-0.31707317073170727,2.271024186484283e-06,1,-5,-6,832.2034301757812
15,-0.2682926829268293,1.0272044164594263e-05,1,-5,-6,832.2034301757812
16,-0.2195121951219512,1.701891960692592e-06,1,-5,-6,832.2034301757812
17,-0.1707317073170731,3.6811713925999356e-06,1,-5,-6,832.2034301757812
18,-0.12195121951219512,1.5400330539705465e-06,1,-5,-6,832.2034301757812
19,-0.07317073170731703,6.720333090015629e-07,1,-5,-6,832.2034301757812
20,-0.024390243902439046,9.350367236038437e-08,1,-5,-6,832.2034301757812
21,0.024390243902439046,1.8116859791916795e-05,1,-5,-6,832.2034301757812
22,0.07317073170731714,6.9494535637204535e-06,1,-5,-6,832.2034301757812
23,0.12195121951219523,1.0026183190348092e-06,1,-5,-6,832.2034301757812
24,0.17073170731707332,7.011536240497662e-07,1,-5,-6,832.2034301757812
25,0.2195121951219512,2.202943733209395e-06,1,-5,-6,832.2034301757812
26,0.2682926829268293,1.3437087318379781e-06,1,-5,-6,832.2034301757812
27,0.3170731707317074,1.930257667481783e-06,1,-5,-6,832.2034301757812
28,0.36585365853658547,0.0,1,-5,-6,832.2034301757812
29,0.41463414634146356,0.0,1,-5,-6,832.2034301757812
30,0.46341463414634143,0.0,1,-5,-6,832.2034301757812
31,0.5121951219512195,0.0,1,-5,-6,832.2034301757812
32,0.5609756097560976,0.0,1,-5,-6,832.2034301757812
33,0.6097560975609757,0.0,1,-5,-6,832.2034301757812
34,0.6585365853658538,0.0,1,-5,-6,832.2034301757812
35,0.7073170731707317,0.0,1,-5,-6,832.2034301757812
36,0.7560975609756098,0.0,1,-5,-6,832.2034301757812
37,0.8048780487804879,0.0,1,-5,-6,832.2034301757812
38,0.853658536585366,0.0,1,-5,-6,832.2034301757812
39,0.902439024390244,0.0,1,-5,-6,832.2034301757812
40,0.9512195121951219,0.0,1,-5,-6,832.2034301757812
41,1.0,0.0,1,-5,-6,832.2034301757812
0,-1.0,0.0,1,-4,-6,832.2034301757812
1,-0.9512195121951219,0.0,1,-4,-6,832.2034301757812
2,-0.9024390243902439,0.0,1,-4,-6,832.2034301757812
3,-0.8536585365853658,0.0,1,-4,-6,832.2034301757812
4,-0.8048780487804879,0.0,1,-4,-6,832.2034301757812
5,-0.7560975609756098,0.0,1,-4,-6,832.2034301757812
6,-0.7073170731707317,0.0,1,-4,-6,832.2034301757812
7,-0.6585365853658536,0.0,1,-4,-6,832.2034301757812
8,-0.6097560975609756,0.0,1,-4,-6,832.2034301757812
9,-0.5609756097560976,0.0,1,-4,-6,832.2034301757812
10,-0.5121951219512195,0.0,1,-4,-6,832.2034301757812
11,-0.46341463414634143,0.0,1,-4,-6,832.2034301757812
12,-0.41463414634146334,0.0,1,-4,-6,832.2034301757812
13,-0.36585365853658536,0.0,1,-4,-6,832.2034301757812
14,-0.31707317073170727,1.9071057977271266e-05,1,-4,-6,832.2034301757812
15,-0.2682926829268293,1.601636722625699e-05,1,-4,-6,832.2034301757812
16,-0.2195121951219512,2.604265773697989e-06,1,-4,-6,832.2034301757812
17,-0.1707317073170731,4.903414264845196e-06,1,-4,-6,832.2034301757812
18,-0.12195121951219512,6.14109194430057e-06,1,-4,-6,832.2034301757812
19,-0.07317073170731703,3.262273935433768e-07,1,-4,-6,832.2034301757812
20,-0.024390243902439046,1.3462531569530256e-05,1,-4,-6,832.2034301757812
21,0.024390243902439046,7.192987595772138e-06,1,-4,-6,832.2034301757812
22,0.07317073170731714,9.329482395514788e-07,1,-4,-6,832.2034301757812
23,0.12195121951219523,2.4904662495828234e-05,1,-4,-6,832.2034301757812
24,0.17073170731707332,4.0516020817449316e-05,1,-4,-6,832.2034301757812
25,0.2195121951219512,4.407803771755425e-06,1,-4,-6,832.2034301757812
26,0.2682926829268293,1.0114433280250523e-05,1,-4,-6,832.2034301757812
27,0.3170731707317074,3.785919489018852e-06,1,-4,-6,832.2034301757812
28,0.36585365853658547,6.140504410723224e-05,1,-4,-6,832.2034301757812
29,0.41463414634146356,3.245213520131074e-06,1,-4,-6,832.2034301757812
30,0.46341463414634143,3.1217761716106907e-05,1,-4,-6,832.2034301757812
31,0.5121951219512195,2.168659739254508e-05,1,-4,-6,832.2034301757812
32,0.5609756097560976,4.600124520948157e-05,1,-4,-6,832.2034301757812
33,0.6097560975609757,3.824529812845867e-06,1,-4,-6,832.2034301757812
34,0.6585365853658538,0.00010968907008646056,1,-4,-6,832.2034301757812
35,0.7073170731707317,0.0001470462157158181,1,-4,-6,832.2034301757812
36,0.7560975609756098,2.1117939468240365e-06,1,-4,-6,832.2034301757812
37,0.8048780487804879,0.00034770838101394475,1,-4,-6,832.2034301757812
38,0.853658536585366,0.00020686053903773427,1,-4,-6,832.2034301757812
39,0.902439024390244,0.006331279873847961,1,-4,-6,832.2034301757812
40,0.9512195121951219,0.0023908931761980057,1,-4,-6,832.2034301757812
41,1.0,0.0003044804325327277,1,-4,-6,832.2034301757812
0,-1.0,0.0003207117260899395,1,-3,-5,832.2034301757812
1,-0.9512195121951219,0.0003252704336773604,1,-3,-5,832.2034301757812
2,-0.9024390243902439,0.00032046271371655166,1,-3,-5,832.2034301757812
3,-0.8536585365853658,0.0007362467586062849,1,-3,-5,832.2034301757812
4,-0.8048780487804879,0.0003145277441944927,1,-3,-5,832.2034301757812
5,-0.7560975609756098,0.0005864370032213628,1,-3,-5,832.2034301757812
6,-0.7073170731707317,0.0007249782793223858,1,-3,-5,832.2034301757812
7,-0.6585365853658536,0.007515681907534599,1,-3,-5,832.2034301757812
8,-0.6097560975609756,0.00018465996254235506,1,-3,-5,832.2034301757812
9,-0.5609756097560976,0.028150241822004318,1,-3,-5,832.2034301757812
10,-0.5121951219512195,0.07765062898397446,1,-3,-5,832.2034301757812
11,-0.46341463414634143,0.035992372781038284,1,-3,-5,832.2034301757812
12,-0.41463414634146334,0.0001691306388238445,1,-3,-5,832.2034301757812
13,-0.36585365853658536,0.007102683652192354,1,-3,-5,832.2034301757812
14,-0.31707317073170727,0.0010410179384052753,1,-3,-5,832.2034301757812
15,-0.2682926829268293,0.001987767405807972,1,-3,-5,832.2034301757812
16,-0.2195121951219512,0.001153317978605628,1,-3,-5,832.2034301757812
17,-0.1707317073170731,0.00040907954098656774,1,-3,-5,832.2034301757812
18,-0.12195121951219512,0.00024077411217149347,1,-3,-5,832.2034301757812
19,-0.07317073170731703,0.00017008458962664008,1,-3,-5,832.2034301757812
20,-0.024390243902439046,0.0002200888266088441,1,-3,-5,832.2034301757812
21,0.024390243902439046,6.734229827998206e-05,1,-3,-5,832.2034301757812
22,0.07317073170731714,0.00023785264056641608,1,-3,-5,832.2034301757812
23,0.12195121951219523,5.872740439372137e-05,1,-3,-5,832.2034301757812
24,0.17073170731707332,0.0003033281536772847,1,-3,-5,832.2034301757812
25,0.2195121951219512,1.3045987543591764e-05,1,-3,-5,832.2034301757812
26,0.2682926829268293,0.00021004262089263648,1,-3,-5,832.2034301757812
27,0.3170731707317074,2.0813478840864263e-05,1,-3,-5,832.2034301757812
28,0.36585365853658547,6.100479731685482e-05,1,-3,-5,832.2034301757812
29,0.41463414634146356,4.743421959574334e-05,1,-3,-5,832.2034301757812
30,0.46341463414634143,0.00015721781528554857,1,-3,-5,832.2034301757812
31,0.5121951219512195,1.856308699643705e-05,1,-3,-5,832.2034301757812
32,0.5609756097560976,8.436378266196698e-05,1,-3,-5,832.2034301757812
33,0.6097560975609757,2.1986887077218853e-05,1,-3,-5,832.2034301757812
34,0.6585365853658538,0.00010229162580799311,1,-3,-5,832.2034301757812
35,0.7073170731707317,2.8033769922330976e-05,1,-3,-5,832.2034301757812
36,0.7560975609756098,3.2884778192965314e-05,1,-3,-5,832.2034301757812
37,0.8048780487804879,3.954127532779239e-05,1,-3,-5,832.2034301757812
38,0.853658536585366,1.1172651284141466e-05,1,-3,-5,832.2034301757812
39,0.902439024390244,3.869703505188227e-05,1,-3,-5,832.2034301757812
40,0.9512195121951219,1.7381820725859143e-05,1,-3,-5,832.2034301757812
41,1.0,5.343128214008175e-05,1,-3,-5,832.2034301757812
0,-1.0,0.0,1,4,-2,832.2034301757812
1,-0.9512195121951219,0.0,1,4,-2,832.2034301757812
2,-0.9024390243902439,0.0,1,4,-2,832.2034301757812
3,-0.8536585365853658,3.0499686545226723e-06,1,4,-2,832.2034301757812
4,-0.8048780487804879,5.0829625251935795e-05,1,4,-2,832.2034301757812
5,-0.7560975609756098,7.530491529905703e-06,1,4,-2,832.2034301757812
6,-0.7073170731707317,5.271987902233377e-05,1,4,-2,832.2034301757812
7,-0.6585365853658536,1.1291358532616869e-05,1,4,-2,832.2034301757812
8,-0.6097560975609756,4.8402725951746106e-05,1,4,-2,832.2034301757812
9,-0.5609756097560976,9.626286555430852e-06,1,4,-2,832.2034301757812
10,-0.5121951219512195,1.2069555850757752e-05,1,4,-2,832.2034301757812
11,-0.46341463414634143,3.9838436350692064e-05,1,4,-2,832.2034301757812
12,-0.41463414634146334,4.4971919123781845e-05,1,4,-2,832.2034301757812
13,-0.36585365853658536,3.805676897172816e-05,1,4,-2,832.2034301757812
14,-0.31707317073170727,1.984384880415746e-06,1,4,-2,832.2034301757812
15,-0.2682926829268293,3.4183547541033477e-05,1,4,-2,832.2034301757812
16,-0.2195121951219512,6.082070467527956e-05,1,4,-2,832.2034301757812
17,-0.1707317073170731,8.044083187996875e-06,1,4,-2,832.2034301757812
18,-0.12195121951219512,5.163301830179989e-05,1,4,-2,832.2034301757812
19,-0.07317073170731703,0.00017420147196389735,1,4,-2,832.2034301757812
20,-0.024390243902439046,0.00013153624604456127,1,4,-2,832.2034301757812
21,0.024390243902439046,3.941787144867703e-05,1,4,-2,832.2034301757812
22,0.07317073170731714,0.0005155249964445829,1,4,-2,832.2034301757812
23,0.12195121951219523,0.0008146202890202403,1,4,-2,832.2034301757812
24,0.17073170731707332,5.3472667786991224e-05,1,4,-2,832.2034301757812
25,0.2195121951219512,0.02789176069200039,1,4,-2,832.2034301757812
26,0.2682926829268293,0.01443422120064497,1,4,-2,832.2034301757812
27,0.3170731707317074,0.0006222381489351392,1,4,-2,832.2034301757812
28,0.36585365853658547,9.643602970754728e-05,1,4,-2,832.2034301757812
29,0.41463414634146356,0.00031412398675456643,1,4,-2,832.2034301757812
30,0.46341463414634143,0.0002492907806299627,1,4,-2,832.2034301757812
31,0.5121951219512195,1.4702768567076419e-05,1,4,-2,832.2034301757812
32,0.5609756097560976,1.911359140649438e-05,1,4,-2,832.2034301757812
33,0.6097560975609757,4.8877693188842386e-05,1,4,-2,832.2034301757812
34,0.6585365853658538,1.3123573808115907e-05,1,4,-2,832.2034301757812
35,0.7073170731707317,6.738263437000569e-06,1,4,-2,832.2034301757812
36,0.7560975609756098,7.309362263185903e-05,1,4,-2,832.2034301757812
37,0.8048780487804879,2.132263580278959e-05,1,4,-2,832.2034301757812
38,0.853658536585366,9.598861083759402e-08,1,4,-2,832.2034301757812
39,0.902439024390244,8.433885341219138e-06,1,4,-2,832.2034301757812
40,0.9512195121951219,4.027455725008622e-05,1,4,-2,832.2034301757812
41,1.0,7.413933872157941e-06,1,4,-2,832.2034301757812
0,-1.0,6.122975173639134e-05,1,5,-2,832.2034301757812
1,-0.9512195121951219,2.0200463040964678e-05,1,5,-2,832.2034301757812
2,-0.9024390243902439,1.0568534889898729e-05,1,5,-2,832.2034301757812
3,-0.8536585365853658,1.0747289707069285e-05,1,5,-2,832.2034301757812
4,-0.8048780487804879,0.00012284265540074557,1,5,-2,832.2034301757812
5,-0.7560975609756098,0.0006178331095725298,1,5,-2,832.2034301757812
6,-0.7073170731707317,0.0006418545381166041,1,5,-2,832.2034301757812
7,-0.6585365853658536,0.00016538005729671568,1,5,-2,832.2034301757812
8,-0.6097560975609756,0.0011485882569104433,1,5,-2,832.2034301757812
9,-0.5609756097560976,0.004293947946280241,1,5,-2,832.2034301757812
10,-0.5121951219512195,0.006972122937440872,1,5,-2,832.2034301757812
11,-0.46341463414634143,0.0008753035217523575,1,5,-2,832.2034301757812
12,-0.41463414634146334,0.0001723804307403043,1,5,-2,832.2034301757812
13,-0.36585365853658536,2.1334175471565686e-05,1,5,-2,832.2034301757812
14,-0.31707317073170727,0.00012344945571385324,1,5,-2,832.2034301757812
15,-0.2682926829268293,0.0007113091414794326,1,5,-2,832.2034301757812
16,-0.2195121951219512,0.000469349353807047,1,5,-2,832.2034301757812
17,-0.1707317073170731,0.00011036586511181667,1,5,-2,832.2034301757812
18,-0.12195121951219512,0.000370405032299459,1,5,-2,832.2034301757812
19,-0.07317073170731703,9.253115422325209e-05,1,5,-2,832.2034301757812
20,-0.024390243902439046,1.5224383787426632e-05,1,5,-2,832.2034301757812
21,0.024390243902439046,3.452311284490861e-05,1,5,-2,832.2034301757812
22,0.07317073170731714,1.0936815669992939e-05,1,5,-2,832.2034301757812
23,0.12195121951219523,1.899714879982639e-05,1,5,-2,832.2034301757812
24,0.17073170731707332,3.503749212541152e-06,1,5,-2,832.2034301757812
25,0.2195121951219512,6.660211965936469e-06,1,5,-2,832.2034301757812
26,0.2682926829268293,2.8074618967366405e-06,1,5,-2,832.2034301757812
27,0.3170731707317074,3.3143237487820443e-06,1,5,-2,832.2034301757812
28,0.36585365853658547,1.231710200499947e-07,1,5,-2,832.2034301757812
29,0.41463414634146356,0.0,1,5,-2,832.2034301757812
30,0.46341463414634143,0.0,1,5,-2,832.2034301757812
31,0.5121951219512195,0.0,1,5,-2,832.2034301757812
32,0.5609756097560976,0.0,1,5,-2,832.2034301757812
33,0.6097560975609757,0.0,1,5,-2,832.2034301757812
34,0.6585365853658538,0.0,1,5,-2,832.2034301757812
35,0.7073170731707317,0.0,1,5,-2,832.2034301757812
36,0.7560975609756098,0.0,1,5,-2,832.2034301757812
37,0.8048780487804879,0.0,1,5,-2,832.2034301757812
38,0.853658536585366,0.0,1,5,-2,832.2034301757812
39,0.902439024390244,0.0,1,5,-2,832.2034301757812
40,0.9512195121951219,0.0,1,5,-2,832.2034301757812
41,1.0,0.0,1,5,-2,832.2034301757812
0,-1.0,0.0,1,6,-1,832.2034301757812
1,-0.9512195121951219,0.0,1,6,-1,832.2034301757812
2,-0.9024390243902439,0.0,1,6,-1,832.2034301757812
3,-0.8536585365853658,0.0,1,6,-1,832.2034301757812
4,-0.8048780487804879,0.0,1,6,-1,832.2034301757812
5,-0.7560975609756098,0.0,1,6,-1,832.2034301757812
6,-0.7073170731707317,0.0,1,6,-1,832.2034301757812
7,-0.6585365853658536,0.0,1,6,-1,832.2034301757812
8,-0.6097560975609756,0.0,1,6,-1,832.2034301757812
9,-0.5609756097560976,0.0,1,6,-1,832.2034301757812
10,-0.5121951219512195,0.0,1,6,-1,832.2034301757812
11,-0.46341463414634143,0.0,1,6,-1,832.2034301757812
12,-0.41463414634146334,0.0,1,6,-1,832.2034301757812
13,-0.36585365853658536,0.0,1,6,-1,832.2034301757812
14,-0.31707317073170727,0.0,1,6,-1,832.2034301757812
15,-0.2682926829268293,0.0,1,6,-1,832.2034301757812
16,-0.2195121951219512,0.0,1,6,-1,832.2034301757812
17,-0.1707317073170731,0.0,1,6,-1,832.2034301757812
18,-0.12195121951219512,0.0,1,6,-1,832.2034301757812
19,-0.07317073170731703,0.0,1,6,-1,832.2034301757812
20,-0.024390243902439046,0.0,1,6,-1,832.2034301757812
21,0.024390243902439046,0.0,1,6,-1,832.2034301757812
22,0.07317073170731714,0.0,1,6,-1,832.2034301757812
23,0.12195121951219523,0.0,1,6,-1,832.2034301757812
24,0.17073170731707332,8.773097874836822e-07,1,6,-1,832.2034301757812
25,0.2195121951219512,5.702187081624288e-06,1,6,-1,832.2034301757812
26,0.2682926829268293,3.335281871841289e-05,1,6,-1,832.2034301757812
27,0.3170731707317074,1.057194185705157e-05,1,6,-1,832.2034301757812
28,0.36585365853658547,4.151874236413278e-06,1,6,-1,832.2034301757812
29,0.41463414634146356,2.254295623060898e-06,1,6,-1,832.2034301757812
30,0.46341463414634143,3.6439075756788952e-06,1,6,-1,832.2034301757812
31,0.5121951219512195,7.165498118411051e-06,1,6,-1,832.2034301757812
32,0.5609756097560976,2.121662646459299e-06,1,6,-1,832.2034301757812
33,0.6097560975609757,3.1455049338546814e-06,1,6,-1,832.2034301757812
34,0.6585365853658538,6.666649824182969e-06,1,6,-1,832.2034301757812
35,0.7073170731707317,1.0082514563691802e-05,1,6,-1,832.2034301757812
36,0.7560975609756098,6.137104833214835e-07,1,6,-1,832.2034301757812
37,0.8048780487804879,1.327506106463261e-05,1,6,-1,832.2034301757812
38,0.853658536585366,5.504829096025787e-05,1,6,-1,832.2034301757812
39,0.902439024390244,0.00010585471318336204,1,6,-1,832.2034301757812
40,0.9512195121951219,0.00339260371401906,1,6,-1,832.2034301757812
41,1.0,0.0002523249131627381,1,6,-1,832.2034301757812
0,-1.0,0.0,1,7,-1,832.2034301757812
1,-0.9512195121951219,0.0,1,7,-1,832.2034301757812
2,-0.9024390243902439,0.0,1,7,-1,832.2034301757812
3,-0.8536585365853658,0.0,1,7,-1,832.2034301757812
4,-0.8048780487804879,0.0,1,7,-1,832.2034301757812
5,-0.7560975609756098,0.0,1,7,-1,832.2034301757812
6,-0.7073170731707317,0.0,1,7,-1,832.2034301757812
7,-0.6585365853658536,0.0,1,7,-1,832.2034301757812
8,-0.6097560975609756,0.0,1,7,-1,832.2034301757812
9,-0.5609756097560976,0.0,1,7,-1,832.2034301757812
10,-0.5121951219512195,0.0,1,7,-1,832.2034301757812
11,-0.46341463414634143,0.0,1,7,-1,832.2034301757812
12,-0.41463414634146334,0.0,1,7,-1,832.2034301757812
13,-0.36585365853658536,0.0,1,7,-1,832.2034301757812
14,-0.31707317073170727,0.0,1,7,-1,832.2034301757812
15,-0.2682926829268293,6.333302735583857e-07,1,7,-1,832.2034301757812
16,-0.2195121951219512,4.5298559570028374e-08,1,7,-1,832.2034301757812
17,-0.1707317073170731,1.8994205674971454e-06,1,7,-1,832.2034301757812
18,-0.12195121951219512,2.4718278837099206e-06,1,7,-1,832.2034301757812
19,-0.07317073170731703,1.6859837614902062e-06,1,7,-1,832.2034301757812
20,-0.024390243902439046,3.0292351311800303e-06,1,7,-1,832.2034301757812
21,0.024390243902439046,2.3100913040252635e-06,1,7,-1,832.2034301757812
22,0.07317073170731714,7.3886326390493196e-06,1,7,-1,832.2034301757812
23,0.12195121951219523,1.061643888533581e-05,1,7,-1,832.2034301757812
24,0.17073170731707332,1.5088858162926044e-05,1,7,-1,832.2034301757812
25,0.2195121951219512,0.0001760255836416036,1,7,-1,832.2034301757812
26,0.2682926829268293,9.843389307206962e-06,1,7,-1,832.2034301757812
27,0.3170731707317074,3.154236765112728e-05,1,7,-1,832.2034301757812
28,0.36585365853658547,0.0004958497593179345,1,7,-1,832.2034301757812
29,0.41463414634146356,0.0002430695021757856,1,7,-1,832.2034301757812
30,0.46341463414634143,3.5437464248389006e-05,1,7,-1,832.2034301757812
31,0.5121951219512195,4.164107849646825e-06,1,7,-1,832.2034301757812
32,0.5609756097560976,4.14096393797081e-06,1,7,-1,832.2034301757812
33,0.6097560975609757,2.5477826056885533e-05,1,7,-1,832.2034301757812
34,0.6585365853658538,1.947733835550025e-06,1,7,-1,832.2034301757812
35,0.7073170731707317,5.7444253798166756e-06,1,7,-1,832.2034301757812
36,0.7560975609756098,4.586205250234343e-06,1,7,-1,832.2034301757812
37,0.8048780487804879,1.909030288516078e-06,1,7,-1,832.2034301757812
38,0.853658536585366,1.1921140412596287e-06,1,7,-1,832.2034301757812
39,0.902439024390244,1.820568797938904e-07,1,7,-1,832.2034301757812
40,0.9512195121951219,2.1022092369094025e-06,1,7,-1,832.2034301757812
41,1.0,7.2810498750186525e-06,1,7,-1,832.2034301757812
0,-1.0,0.0,1,8,-1,832.2034301757812
1,-0.9512195121951219,0.0,1,8,-1,832.2034301757812
2,-0.9024390243902439,0.0,1,8,-1,832.2034301757812
3,-0.8536585365853658,0.0,1,8,-1,832.2034301757812
4,-0.8048780487804879,0.0,1,8,-1,832.2034301757812
5,-0.7560975609756098,0.0,1,8,-1,832.2034301757812
6,-0.7073170731707317,0.0,1,8,-1,832.2034301757812
7,-0.6585365853658536,0.0,1,8,-1,832.2034301757812
8,-0.6097560975609756,0.0,1,8,-1,832.2034301757812
9,-0.5609756097560976,2.25330404646229e-06,1,8,-1,832.2034301757812
10,-0.5121951219512195,1.0579918807707145e-06,1,8,-1,832.2034301757812
11,-0.46341463414634143,4.232489345668e-07,1,8,-1,832.2034301757812
12,-0.41463414634146334,2.7604808110481827e-06,1,8,-1,832.2034301757812
13,-0.36585365853658536,1.9890001112798927e-06,1,8,-1,832.2034301757812
14,-0.31707317073170727,9.322319783677813e-06,1,8,-1,832.2034301757812
15,-0.2682926829268293,5.55790438738768e-06,1,8,-1,832.2034301757812
16,-0.2195121951219512,6.353943149406405e-07,1,8,-1,832.2034301757812
17,-0.1707317073170731,1.6160609447979368e-05,1,8,-1,832.2034301757812
18,-0.12195121951219512,5.043762575951405e-05,1,8,-1,832.2034301757812
19,-0.07317073170731703,9.67567075349507e-07,1,8,-1,832.2034301757812
20,-0.024390243902439046,0.0013750187354162335,1,8,-1,832.2034301757812
21,0.024390243902439046,0.0004478780028875917,1,8,-1,832.2034301757812
22,0.07317073170731714,2.8739932531607337e-05,1,8,-1,832.2034301757812
23,0.12195121951219523,3.204446329618804e-05,1,8,-1,832.2034301757812
24,0.17073170731707332,1.3376919696383993e-06,1,8,-1,832.2034301757812
25,0.2195121951219512,4.089989943167893e-06,1,8,-1,832.2034301757812
26,0.2682926829268293,5.069054168416187e-06,1,8,-1,832.2034301757812
27,0.3170731707317074,1.1403293456169195e-06,1,8,-1,832.2034301757812
28,0.36585365853658547,1.0058687621494755e-05,1,8,-1,832.2034301757812
29,0.41463414634146356,1.630194901736104e-06,1,8,-1,832.2034301757812
30,0.46341463414634143,1.4662224430139759e-06,1,8,-1,832.2034301757812
31,0.5121951219512195,4.048286427860148e-06,1,8,-1,832.2034301757812
32,0.5609756097560976,2.1819123503519222e-06,1,8,-1,832.2034301757812
33,0.6097560975609757,0.0,1,8,-1,832.2034301757812
34,0.6585365853658538,0.0,1,8,-1,832.2034301757812
35,0.7073170731707317,0.0,1,8,-1,832.2034301757812
36,0.7560975609756098,0.0,1,8,-1,832.2034301757812
37,0.8048780487804879,0.0,1,8,-1,832.2034301757812
38,0.853658536585366,0.0,1,8,-1,832.2034301757812
39,0.902439024390244,0.0,1,8,-1,832.2034301757812
40,0.9512195121951219,0.0,1,8,-1,832.2034301757812
41,1.0,0.0,1,8,-1,832.2034301757812
0,-1.0,0.0,1,9,-1,832.2034301757812
1,-0.9512195121951219,0.0,1,9,-1,832.2034301757812
2,-0.9024390243902439,0.0,1,9,-1,832.2034301757812
3,-0.8536585365853658,0.0,1,9,-1,832.2034301757812
4,-0.8048780487804879,0.0,1,9,-1,832.2034301757812
5,-0.7560975609756098,3.67220650332456e-07,1,9,-1,832.2034301757812
6,-0.7073170731707317,3.0759571245653206e-07,1,9,-1,832.2034301757812
7,-0.6585365853658536,6.981281899243186e-07,1,9,-1,832.2034301757812
8,-0.6097560975609756,3.204131715506264e-08,1,9,-1,832.2034301757812
9,-0.5609756097560976,4.6894263050489826e-07,1,9,-1,832.2034301757812
10,-0.5121951219512195,1.3037421808803629e-07,1,9,-1,832.2034301757812
11,-0.46341463414634143,1.8424792358473496e-07,1,9,-1,832.2034301757812
12,-0.41463414634146334,1.0261280749546131e-06,1,9,-1,832.2034301757812
13,-0.36585365853658536,4.879663720203098e-06,1,9,-1,832.2034301757812
14,-0.31707317073170727,1.873359906312544e-05,1,9,-1,832.2034301757812
15,-0.2682926829268293,0.00035642992588691413,1,9,-1,832.2034301757812
16,-0.2195121951219512,9.81080302153714e-06,1,9,-1,832.2034301757812
17,-0.1707317073170731,6.0619113355642185e-06,1,9,-1,832.2034301757812
18,-0.12195121951219512,1.5170497817962314e-06,1,9,-1,832.2034301757812
19,-0.07317073170731703,1.8393342315903283e-07,1,9,-1,832.2034301757812
20,-0.024390243902439046,2.97218025480106e-06,1,9,-1,832.2034301757812
21,0.024390243902439046,6.706009571644245e-06,1,9,-1,832.2034301757812
22,0.07317073170731714,2.0462025531742256e-06,1,9,-1,832.2034301757812
23,0.12195121951219523,1.2601434207226703e-07,1,9,-1,832.2034301757812
24,0.17073170731707332,1.0299466879359898e-07,1,9,-1,832.2034301757812
25,0.2195121951219512,1.357410184255059e-07,1,9,-1,832.2034301757812
26,0.2682926829268293,0.0,1,9,-1,832.2034301757812
27,0.3170731707317074,0.0,1,9,-1,832.2034301757812
28,0.36585365853658547,0.0,1,9,-1,832.2034301757812
29,0.41463414634146356,0.0,1,9,-1,832.2034301757812
30,0.46341463414634143,0.0,1,9,-1,832.2034301757812
31,0.5121951219512195,0.0,1,9,-1,832.2034301757812
32,0.5609756097560976,0.0,1,9,-1,832.2034301757812
33,0.6097560975609757,0.0,1,9,-1,832.2034301757812
34,0.6585365853658538,0.0,1,9,-1,832.2034301757812
35,0.7073170731707317,0.0,1,9,-1,832.2034301757812
36,0.7560975609756098,0.0,1,9,-1,832.2034301757812
37,0.8048780487804879,0.0,1,9,-1,832.2034301757812
38,0.853658536585366,0.0,1,9,-1,832.2034301757812
39,0.902439024390244,0.0,1,9,-1,832.2034301757812
40,0.9512195121951219,0.0,1,9,-1,832.2034301757812
41,1.0,0.0,1,9,-1,832.2034301757812
0,-1.0,1.7572905562701635e-05,2,-5,-10,832.2034301757812
1,-0.9512195121951219,0.00013876912998966873,2,-5,-10,832.2034301757812
2,-0.9024390243902439,3.688682409119792e-05,2,-5,-10,832.2034301757812
3,-0.8536585365853658,5.490907278726809e-05,2,-5,-10,832.2034301757812
4,-0.8048780487804879,0.00033170930691994727,2,-5,-10,832.2034301757812
5,-0.7560975609756098,0.0027848919853568077,2,-5,-10,832.2034301757812
6,-0.7073170731707317,0.006196858827024698,2,-5,-10,832.2034301757812
7,-0.6585365853658536,8.618363062851131e-05,2,-5,-10,832.2034301757812
8,-0.6097560975609756,0.0001676524116192013,2,-5,-10,832.2034301757812
9,-0.5609756097560976,0.00022984722454566509,2,-5,-10,832.2034301757812
10,-0.5121951219512195,3.608431143220514e-05,2,-5,-10,832.2034301757812
11,-0.46341463414634143,4.056734906043857e-05,2,-5,-10,832.2034301757812
12,-0.41463414634146334,3.642785983970498e-08,2,-5,-10,832.2034301757812
13,-0.36585365853658536,3.124733848380856e-05,2,-5,-10,832.2034301757812
14,-0.31707317073170727,5.040999531047419e-05,2,-5,-10,832.2034301757812
15,-0.2682926829268293,1.9768513084272854e-05,2,-5,-10,832.2034301757812
16,-0.2195121951219512,9.286563340538123e-07,2,-5,-10,832.2034301757812
17,-0.1707317073170731,7.97482152847806e-06,2,-5,-10,832.2034301757812
18,-0.12195121951219512,1.0438421668368392e-05,2,-5,-10,832.2034301757812
19,-0.07317073170731703,6.411883532564389e-06,2,-5,-10,832.2034301757812
20,-0.024390243902439046,6.906669796080678e-07,2,-5,-10,832.2034301757812
21,0.024390243902439046,4.2787996790139005e-07,2,-5,-10,832.2034301757812
22,0.07317073170731714,4.1855155359371565e-06,2,-5,-10,832.2034301757812
23,0.12195121951219523,6.322122317214962e-06,2,-5,-10,832.2034301757812
24,0.17073170731707332,3.860581273329444e-06,2,-5,-10,832.2034301757812
25,0.2195121951219512,6.765959881249728e-08,2,-5,-10,832.2034301757812
26,0.2682926829268293,1.3801178511130274e-06,2,-5,-10,832.2034301757812
27,0.3170731707317074,3.3871626783366082e-06,2,-5,-10,832.2034301757812
28,0.36585365853658547,0.0,2,-5,-10,832.2034301757812
29,0.41463414634146356,0.0,2,-5,-10,832.2034301757812
30,0.46341463414634143,0.0,2,-5,-10,832.2034301757812
31,0.5121951219512195,0.0,2,-5,-10,832.2034301757812
32,0.5609756097560976,0.0,2,-5,-10,832.2034301757812
33,0.6097560975609757,0.0,2,-5,-10,832.2034301757812
34,0.6585365853658538,0.0,2,-5,-10,832.2034301757812
35,0.7073170731707317,0.0,2,-5,-10,832.2034301757812
36,0.7560975609756098,0.0,2,-5,-10,832.2034301757812
37,0.8048780487804879,0.0,2,-5,-10,832.2034301757812
38,0.853658536585366,0.0,2,-5,-10,832.2034301757812
39,0.902439024390244,0.0,2,-5,-10,832.2034301757812
40,0.9512195121951219,0.0,2,-5,-10,832.2034301757812
41,1.0,0.0,2,-5,-10,832.2034301757812
0,-1.0,0.0,2,-4,-10,832.2034301757812
1,-0.9512195121951219,0.0,2,-4,-10,832.2034301757812
2,-0.9024390243902439,0.0,2,-4,-10,832.2034301757812
3,-0.8536585365853658,0.0,2,-4,-10,832.2034301757812
4,-0.8048780487804879,0.0,2,-4,-10,832.2034301757812
5,-0.7560975609756098,0.0,2,-4,-10,832.2034301757812
6,-0.7073170731707317,0.0,2,-4,-10,832.2034301757812
7,-0.6585365853658536,0.0,2,-4,-10,832.2034301757812
8,-0.6097560975609756,0.0,2,-4,-10,832.2034301757812
9,-0.5609756097560976,0.0,2,-4,-10,832.2034301757812
10,-0.5121951219512195,0.0,2,-4,-10,832.2034301757812
11,-0.46341463414634143,0.0,2,-4,-10,832.2034301757812
12,-0.41463414634146334,4.940181042911718e-06,2,-4,-10,832.2034301757812
13,-0.36585365853658536,1.3649204220200772e-06,2,-4,-10,832.2034301757812
14,-0.31707317073170727,4.0395710243501526e-07,2,-4,-10,832.2034301757812
15,-0.2682926829268293,3.1023594146972755e-06,2,-4,-10,832.2034301757812
16,-0.2195121951219512,2.420542841718998e-07,2,-4,-10,832.2034301757812
17,-0.1707317073170731,2.014279289141996e-06,2,-4,-10,832.2034301757812
18,-0.12195121951219512,3.5539708278520266e-06,2,-4,-10,832.2034301757812
19,-0.07317073170731703,6.046550993232813e-08,2,-4,-10,832.2034301757812
20,-0.024390243902439046,3.5490754726197338e-06,2,-4,-10,832.2034301757812
21,0.024390243902439046,3.6818535136262653e-06,2,-4,-10,832.2034301757812
22,0.07317073170731714,2.8954109438927844e-06,2,-4,-10,832.2034301757812
23,0.12195121951219523,5.806325589219341e-06,2,-4,-10,832.2034301757812
24,0.17073170731707332,4.6199525627343974e-07,2,-4,-10,832.2034301757812
25,0.2195121951219512,4.2595938793965615e-06,2,-4,-10,832.2034301757812
26,0.2682926829268293,7.736970474070404e-06,2,-4,-10,832.2034301757812
27,0.3170731707317074,2.579633473942522e-06,2,-4,-10,832.2034301757812
28,0.36585365853658547,4.505254310060991e-06,2,-4,-10,832.2034301757812
29,0.41463414634146356,1.6985153706627898e-05,2,-4,-10,832.2034301757812
30,0.46341463414634143,4.171455657342449e-06,2,-4,-10,832.2034301757812
31,0.5121951219512195,4.2907471652142704e-05,2,-4,-10,832.2034301757812
32,0.5609756097560976,2.322079126315657e-06,2,-4,-10,832.2034301757812
33,0.6097560975609757,4.901666034129448e-05,2,-4,-10,832.2034301757812
34,0.6585365853658538,6.285306153586134e-05,2,-4,-10,832.2034301757812
35,0.7073170731707317,1.73569187609246e-05,2,-4,-10,832.2034301757812
36,0.7560975609756098,0.000267623458057642,2,-4,-10,832.2034301757812
37,0.8048780487804879,7.832340634195134e-05,2,-4,-10,832.2034301757812
38,0.853658536585366,0.005248397588729858,2,-4,-10,832.2034301757812
39,0.902439024390244,0.005504623521119356,2,-4,-10,832.2034301757812
40,0.9512195121951219,2.7815804060082883e-05,2,-4,-10,832.2034301757812
41,1.0,0.0002071690687444061,2,-4,-10,832.2034301757812
0,-1.0,3.089161054958822e-06,2,-3,-9,832.2034301757812
1,-0.9512195121951219,5.0894077503471635e-06,2,-3,-9,832.2034301757812
2,-0.9024390243902439,7.4877443694276735e-06,2,-3,-9,832.2034301757812
3,-0.8536585365853658,7.218666837616183e-07,2,-3,-9,832.2034301757812
4,-0.8048780487804879,3.637348345364444e-05,2,-3,-9,832.2034301757812
5,-0.7560975609756098,1.2881439943157602e-05,2,-3,-9,832.2034301757812
6,-0.7073170731707317,2.2344502212945372e-05,2,-3,-9,832.2034301757812
7,-0.6585365853658536,9.135190339293331e-05,2,-3,-9,832.2034301757812
8,-0.6097560975609756,3.969775207224302e-05,2,-3,-9,832.2034301757812
9,-0.5609756097560976,0.00011468423326732591,2,-3,-9,832.2034301757812
10,-0.5121951219512195,0.0003995673614554107,2,-3,-9,832.2034301757812
11,-0.46341463414634143,0.0004266093601472676,2,-3,-9,832.2034301757812
12,-0.41463414634146334,2.482392665115185e-05,2,-3,-9,832.2034301757812
13,-0.36585365853658536,4.9700873205438256e-05,2,-3,-9,832.2034301757812
14,-0.31707317073170727,0.00024128818768076599,2,-3,-9,832.2034301757812
15,-0.2682926829268293,7.425319927278906e-05,2,-3,-9,832.2034301757812
16,-0.2195121951219512,1.7893220501719043e-05,2,-3,-9,832.2034301757812
17,-0.1707317073170731,4.6314886276377365e-05,2,-3,-9,832.2034301757812
18,-0.12195121951219512,1.8010921849054284e-05,2,-3,-9,832.2034301757812
19,-0.07317073170731703,3.593045403249562e-05,2,-3,-9,832.2034301757812
20,-0.024390243902439046,5.521411367226392e-05,2,-3,-9,832.2034301757812
21,0.024390243902439046,7.74733125581406e-05,2,-3,-9,832.2034301757812
22,0.07317073170731714,0.00015690171858295798,2,-3,-9,832.2034301757812
23,0.12195121951219523,6.914755067555234e-05,2,-3,-9,832.2034301757812
24,0.17073170731707332,1.4501433724944945e-05,2,-3,-9,832.2034301757812
25,0.2195121951219512,6.903475423314376e-06,2,-3,-9,832.2034301757812
26,0.2682926829268293,5.810615220980253e-06,2,-3,-9,832.2034301757812
27,0.3170731707317074,1.838066782511305e-05,2,-3,-9,832.2034301757812
28,0.36585365853658547,5.809950380353257e-06,2,-3,-9,832.2034301757812
29,0.41463414634146356,2.9974196422699606e-06,2,-3,-9,832.2034301757812
30,0.46341463414634143,4.362988420325564e-06,2,-3,-9,832.2034301757812
31,0.5121951219512195,1.7617509229239658e-06,2,-3,-9,832.2034301757812
32,0.5609756097560976,1.026797008307767e-06,2,-3,-9,832.2034301757812
33,0.6097560975609757,2.910813236667309e-06,2,-3,-9,832.2034301757812
34,0.6585365853658538,1.713538154035632e-06,2,-3,-9,832.2034301757812
35,0.7073170731707317,1.8658433020846132e-08,2,-3,-9,832.2034301757812
36,0.7560975609756098,4.2761921577039175e-06,2,-3,-9,832.2034301757812
37,0.8048780487804879,2.7083979148301296e-07,2,-3,-9,832.2034301757812
38,0.853658536585366,2.2313872705126414e-06,2,-3,-9,832.2034301757812
39,0.902439024390244,6.608106559724547e-06,2,-3,-9,832.2034301757812
40,0.9512195121951219,1.9123069705528906e-06,2,-3,-9,832.2034301757812
41,1.0,5.123400228512764e-07,2,-3,-9,832.2034301757812
0,-1.0,0.005788909271359444,2,-1,-8,832.2034301757812
1,-0.9512195121951219,0.0017469783779233694,2,-1,-8,832.2034301757812
2,-0.9024390243902439,0.00029791725683026016,2,-1,-8,832.2034301757812
3,-0.8536585365853658,0.0021455413661897182,2,-1,-8,832.2034301757812
4,-0.8048780487804879,0.003444461151957512,2,-1,-8,832.2034301757812
5,-0.7560975609756098,0.009039504453539848,2,-1,-8,832.2034301757812
6,-0.7073170731707317,0.0058656553737819195,2,-1,-8,832.2034301757812
7,-0.6585365853658536,0.004083060659468174,2,-1,-8,832.2034301757812
8,-0.6097560975609756,0.00439513148739934,2,-1,-8,832.2034301757812
9,-0.5609756097560976,0.006735741626471281,2,-1,-8,832.2034301757812
10,-0.5121951219512195,0.028277240693569183,2,-1,-8,832.2034301757812
11,-0.46341463414634143,0.04270724952220917,2,-1,-8,832.2034301757812
12,-0.41463414634146334,0.027530081570148468,2,-1,-8,832.2034301757812
13,-0.36585365853658536,0.014469525776803493,2,-1,-8,832.2034301757812
14,-0.31707317073170727,0.011408762075006962,2,-1,-8,832.2034301757812
15,-0.2682926829268293,0.0058778030797839165,2,-1,-8,832.2034301757812
16,-0.2195121951219512,0.0029160487465560436,2,-1,-8,832.2034301757812
17,-0.1707317073170731,0.0011856278870254755,2,-1,-8,832.2034301757812
18,-0.12195121951219512,0.000645154679659754,2,-1,-8,832.2034301757812
19,-0.07317073170731703,8.827651618048549e-05,2,-1,-8,832.2034301757812
20,-0.024390243902439046,9.204880370816682e-06,2,-1,-8,832.2034301757812
21,0.024390243902439046,0.00018091942183673382,2,-1,-8,832.2034301757812
22,0.07317073170731714,0.0004018527688458562,2,-1,-8,832.2034301757812
23,0.12195121951219523,0.00048405956476926804,2,-1,-8,832.2034301757812
24,0.17073170731707332,0.00046966312220320106,2,-1,-8,832.2034301757812
25,0.2195121951219512,0.0007857721066102386,2,-1,-8,832.2034301757812
26,0.2682926829268293,0.0005724104703404009,2,-1,-8,832.2034301757812
27,0.3170731707317074,0.0004378396552056074,2,-1,-8,832.2034301757812
28,0.36585365853658547,9.87577295745723e-05,2,-1,-8,832.2034301757812
29,0.41463414634146356,0.00010495622700545937,2,-1,-8,832.2034301757812
30,0.46341463414634143,0.0001774029660737142,2,-1,-8,832.2034301757812
31,0.5121951219512195,0.00013404368655756116,2,-1,-8,832.2034301757812
32,0.5609756097560976,0.00021089176880195737,2,-1,-8,832.2034301757812
33,0.6097560975609757,0.000276306236628443,2,-1,-8,832.2034301757812
34,0.6585365853658538,0.0002450283500365913,2,-1,-8,832.2034301757812
35,0.7073170731707317,0.00011824112880276516,2,-1,-8,832.2034301757812
36,0.7560975609756098,0.00025349046336486936,2,-1,-8,832.2034301757812
37,0.8048780487804879,8.324514055857435e-05,2,-1,-8,832.2034301757812
38,0.853658536585366,9.308775042882189e-05,2,-1,-8,832.2034301757812
39,0.902439024390244,2.7605265131569467e-06,2,-1,-8,832.2034301757812
40,0.9512195121951219,1.3965832295070868e-05,2,-1,-8,832.2034301757812
41,1.0,2.874510937544983e-05,2,-1,-8,832.2034301757812
0,-1.0,3.457975617493503e-05,2,1,-7,832.2034301757812
1,-0.9512195121951219,4.896543032373302e-05,2,1,-7,832.2034301757812
2,-0.9024390243902439,1.3009439499001019e-05,2,1,-7,832.2034301757812
3,-0.8536585365853658,9.930686246661935e-06,2,1,-7,832.2034301757812
4,-0.8048780487804879,4.791991159436293e-05,2,1,-7,832.2034301757812
5,-0.7560975609756098,6.576052692253143e-05,2,1,-7,832.2034301757812
6,-0.7073170731707317,6.961423878237838e-06,2,1,-7,832.2034301757812
7,-0.6585365853658536,3.412376463529654e-05,2,1,-7,832.2034301757812
8,-0.6097560975609756,0.0001356964057777077,2,1,-7,832.2034301757812
9,-0.5609756097560976,3.8527676224475726e-05,2,1,-7,832.2034301757812
10,-0.5121951219512195,1.7258013031096198e-05,2,1,-7,832.2034301757812
11,-0.46341463414634143,1.3766615666099824e-05,2,1,-7,832.2034301757812
12,-0.41463414634146334,4.542285023489967e-05,2,1,-7,832.2034301757812
13,-0.36585365853658536,0.00011913869093405083,2,1,-7,832.2034301757812
14,-0.31707317073170727,6.259213841985911e-05,2,1,-7,832.2034301757812
15,-0.2682926829268293,2.1447092876769602e-05,2,1,-7,832.2034301757812
16,-0.2195121951219512,0.00023956173390615731,2,1,-7,832.2034301757812
17,-0.1707317073170731,0.0003040730662178248,2,1,-7,832.2034301757812
18,-0.12195121951219512,6.072480391594581e-05,2,1,-7,832.2034301757812
19,-0.07317073170731703,0.000544862705282867,2,1,-7,832.2034301757812
20,-0.024390243902439046,0.000595670600887388,2,1,-7,832.2034301757812
21,0.024390243902439046,0.0004335407866165042,2,1,-7,832.2034301757812
22,0.07317073170731714,0.00017161693540401757,2,1,-7,832.2034301757812
23,0.12195121951219523,3.404103699722327e-05,2,1,-7,832.2034301757812
24,0.17073170731707332,0.00010134343756362796,2,1,-7,832.2034301757812
25,0.2195121951219512,0.00033981911838054657,2,1,-7,832.2034301757812
26,0.2682926829268293,0.0005374795873649418,2,1,-7,832.2034301757812
27,0.3170731707317074,1.5066080777614843e-05,2,1,-7,832.2034301757812
28,0.36585365853658547,0.00046713987831026316,2,1,-7,832.2034301757812
29,0.41463414634146356,0.001150993863120675,2,1,-7,832.2034301757812
30,0.46341463414634143,0.001613607513718307,2,1,-7,832.2034301757812
31,0.5121951219512195,0.0002381751110078767,2,1,-7,832.2034301757812
32,0.5609756097560976,0.0015999323222786188,2,1,-7,832.2034301757812
33,0.6097560975609757,0.010896211490035057,2,1,-7,832.2034301757812
34,0.6585365853658538,0.026345141232013702,2,1,-7,832.2034301757812
35,0.7073170731707317,0.038510438054800034,2,1,-7,832.2034301757812
36,0.7560975609756098,0.036983322352170944,2,1,-7,832.2034301757812
37,0.8048780487804879,0.023440398275852203,2,1,-7,832.2034301757812
38,0.853658536585366,0.0067093223333358765,2,1,-7,832.2034301757812
39,0.902439024390244,0.0011721077607944608,2,1,-7,832.2034301757812
40,0.9512195121951219,0.0003025094047188759,2,1,-7,832.2034301757812
41,1.0,0.0018992351833730936,2,1,-7,832.2034301757812
0,-1.0,0.0,2,3,-6,832.2034301757812
1,-0.9512195121951219,0.0,2,3,-6,832.2034301757812
2,-0.9024390243902439,0.0,2,3,-6,832.2034301757812
3,-0.8536585365853658,0.0,2,3,-6,832.2034301757812
4,-0.8048780487804879,0.0,2,3,-6,832.2034301757812
5,-0.7560975609756098,0.0,2,3,-6,832.2034301757812
6,-0.7073170731707317,0.0,2,3,-6,832.2034301757812
7,-0.6585365853658536,0.0,2,3,-6,832.2034301757812
8,-0.6097560975609756,0.0,2,3,-6,832.2034301757812
9,-0.5609756097560976,0.0,2,3,-6,832.2034301757812
10,-0.5121951219512195,0.0,2,3,-6,832.2034301757812
11,-0.46341463414634143,0.0,2,3,-6,832.2034301757812
12,-0.41463414634146334,6.488677968263801e-07,2,3,-6,832.2034301757812
13,-0.36585365853658536,1.0589567409624578e-06,2,3,-6,832.2034301757812
14,-0.31707317073170727,9.601986761254011e-08,2,3,-6,832.2034301757812
15,-0.2682926829268293,1.5369037100754213e-06,2,3,-6,832.2034301757812
16,-0.2195121951219512,3.103224059941567e-07,2,3,-6,832.2034301757812
17,-0.1707317073170731,9.332305126008578e-06,2,3,-6,832.2034301757812
18,-0.12195121951219512,2.9829041068296647e-06,2,3,-6,832.2034301757812
19,-0.07317073170731703,1.1908870192200993e-06,2,3,-6,832.2034301757812
20,-0.024390243902439046,4.2034994294226635e-06,2,3,-6,832.2034301757812
21,0.024390243902439046,4.818832621822366e-07,2,3,-6,832.2034301757812
22,0.07317073170731714,1.4558705743183964e-06,2,3,-6,832.2034301757812
23,0.12195121951219523,1.9304451370771858e-07,2,3,-6,832.2034301757812
24,0.17073170731707332,1.8292167780487034e-08,2,3,-6,832.2034301757812
25,0.2195121951219512,1.1364485544618219e-05,2,3,-6,832.2034301757812
26,0.2682926829268293,8.062107553996611e-06,2,3,-6,832.2034301757812
27,0.3170731707317074,1.7473961634095758e-05,2,3,-6,832.2034301757812
28,0.36585365853658547,4.11616601923015e-05,2,3,-6,832.2034301757812
29,0.41463414634146356,9.728933946462348e-05,2,3,-6,832.2034301757812
30,0.46341463414634143,2.6360878109699115e-05,2,3,-6,832.2034301757812
31,0.5121951219512195,5.1060589612461627e-05,2,3,-6,832.2034301757812
32,0.5609756097560976,1.3675832633452956e-05,2,3,-6,832.2034301757812
33,0.6097560975609757,4.110540612600744e-05,2,3,-6,832.2034301757812
34,0.6585365853658538,8.993179653771222e-05,2,3,-6,832.2034301757812
35,0.7073170731707317,4.184063982393127e-06,2,3,-6,832.2034301757812
36,0.7560975609756098,9.962630429072306e-05,2,3,-6,832.2034301757812
37,0.8048780487804879,2.8538359401864e-05,2,3,-6,832.2034301757812
38,0.853658536585366,3.4648008295334876e-05,2,3,-6,832.2034301757812
39,0.902439024390244,0.0011337745236232877,2,3,-6,832.2034301757812
40,0.9512195121951219,0.0036640481557697058,2,3,-6,832.2034301757812
41,1.0,0.0007523990352638066,2,3,-6,832.2034301757812
0,-1.0,2.6526775400270708e-05,2,4,-6,832.2034301757812
1,-0.9512195121951219,6.016131919750478e-06,2,4,-6,832.2034301757812
2,-0.9024390243902439,1.7190357539220713e-05,2,4,-6,832.2034301757812
3,-0.8536585365853658,1.0176964337915706e-07,2,4,-6,832.2034301757812
4,-0.8048780487804879,5.558043994824402e-06,2,4,-6,832.2034301757812
5,-0.7560975609756098,3.8739919546060264e-05,2,4,-6,832.2034301757812
6,-0.7073170731707317,3.036603629880119e-06,2,4,-6,832.2034301757812
7,-0.6585365853658536,2.1770945295429556e-06,2,4,-6,832.2034301757812
8,-0.6097560975609756,1.401831741532078e-05,2,4,-6,832.2034301757812
9,-0.5609756097560976,2.92739368887851e-05,2,4,-6,832.2034301757812
10,-0.5121951219512195,5.567845073528588e-05,2,4,-6,832.2034301757812
11,-0.46341463414634143,1.5340070603997447e-05,2,4,-6,832.2034301757812
12,-0.41463414634146334,1.7856269550975412e-05,2,4,-6,832.2034301757812
13,-0.36585365853658536,9.334084461443126e-05,2,4,-6,832.2034301757812
14,-0.31707317073170727,0.00023854478786233813,2,4,-6,832.2034301757812
15,-0.2682926829268293,5.5120686738519e-05,2,4,-6,832.2034301757812
16,-0.2195121951219512,0.0003300157259218395,2,4,-6,832.2034301757812
17,-0.1707317073170731,0.011359098367393017,2,4,-6,832.2034301757812
18,-0.12195121951219512,0.013819211162626743,2,4,-6,832.2034301757812
19,-0.07317073170731703,0.00014735593867953867,2,4,-6,832.2034301757812
20,-0.024390243902439046,0.00014218364958651364,2,4,-6,832.2034301757812
21,0.024390243902439046,0.00019617468933574855,2,4,-6,832.2034301757812
22,0.07317073170731714,0.0001370305981254205,2,4,-6,832.2034301757812
23,0.12195121951219523,1.0184619895881042e-05,2,4,-6,832.2034301757812
24,0.17073170731707332,1.5136585716390982e-05,2,4,-6,832.2034301757812
25,0.2195121951219512,4.648714093491435e-05,2,4,-6,832.2034301757812
26,0.2682926829268293,4.338779763202183e-05,2,4,-6,832.2034301757812
27,0.3170731707317074,5.664046057063388e-06,2,4,-6,832.2034301757812
28,0.36585365853658547,3.610573912737891e-06,2,4,-6,832.2034301757812
29,0.41463414634146356,1.5214129234664142e-05,2,4,-6,832.2034301757812
30,0.46341463414634143,2.7769416192313656e-05,2,4,-6,832.2034301757812
31,0.5121951219512195,2.9859800179110607e-06,2,4,-6,832.2034301757812
32,0.5609756097560976,1.0361120075685903e-05,2,4,-6,832.2034301757812
33,0.6097560975609757,2.1414283764897846e-05,2,4,-6,832.2034301757812
34,0.6585365853658538,2.3890796001069248e-05,2,4,-6,832.2034301757812
35,0.7073170731707317,1.5934403563733213e-05,2,4,-6,832.2034301757812
36,0.7560975609756098,5.9324167523300275e-05,2,4,-6,832.2034301757812
37,0.8048780487804879,4.9751724873203784e-05,2,4,-6,832.2034301757812
38,0.853658536585366,1.2855353816121351e-05,2,4,-6,832.2034301757812
39,0.902439024390244,1.1578517842281144e-06,2,4,-6,832.2034301757812
40,0.9512195121951219,0.0,2,4,-6,832.2034301757812
41,1.0,0.0,2,4,-6,832.2034301757812
0,-1.0,1.278620220546145e-05,2,5,-6,832.2034301757812
1,-0.9512195121951219,2.9558898404502543e-06,2,5,-6,832.2034301757812
2,-0.9024390243902439,3.433382971707033e-06,2,5,-6,832.2034301757812
3,-0.8536585365853658,1.5953310139593668e-05,2,5,-6,832.2034301757812
4,-0.8048780487804879,0.0011454905616119504,2,5,-6,832.2034301757812
5,-0.7560975609756098,0.0009828440379351377,2,5,-6,832.2034301757812
6,-0.7073170731707317,5.54433711386082e-07,2,5,-6,832.2034301757812
7,-0.6585365853658536,2.4609546017018147e-05,2,5,-6,832.2034301757812
8,-0.6097560975609756,1.5955898561514914e-05,2,5,-6,832.2034301757812
9,-0.5609756097560976,1.0955001016554888e-05,2,5,-6,832.2034301757812
10,-0.5121951219512195,1.967985951978335e-07,2,5,-6,832.2034301757812
11,-0.46341463414634143,5.4222978178586345e-06,2,5,-6,832.2034301757812
12,-0.41463414634146334,2.2000615444994764e-06,2,5,-6,832.2034301757812
13,-0.36585365853658536,3.9722388578411483e-07,2,5,-6,832.2034301757812
14,-0.31707317073170727,1.0499639984118403e-06,2,5,-6,832.2034301757812
15,-0.2682926829268293,1.1163110258394227e-07,2,5,-6,832.2034301757812
16,-0.2195121951219512,2.060911128864973e-06,2,5,-6,832.2034301757812
17,-0.1707317073170731,6.727476829837542e-06,2,5,-6,832.2034301757812
18,-0.12195121951219512,2.729979087234824e-06,2,5,-6,832.2034301757812
19,-0.07317073170731703,3.901644163306628e-07,2,5,-6,832.2034301757812
20,-0.024390243902439046,6.469248319262988e-07,2,5,-6,832.2034301757812
21,0.024390243902439046,4.503937987010431e-07,2,5,-6,832.2034301757812
22,0.07317073170731714,3.879773657899932e-08,2,5,-6,832.2034301757812
23,0.12195121951219523,0.0,2,5,-6,832.2034301757812
24,0.17073170731707332,0.0,2,5,-6,832.2034301757812
25,0.2195121951219512,0.0,2,5,-6,832.2034301757812
26,0.2682926829268293,0.0,2,5,-6,832.2034301757812
27,0.3170731707317074,0.0,2,5,-6,832.2034301757812
28,0.36585365853658547,0.0,2,5,-6,832.2034301757812
29,0.41463414634146356,0.0,2,5,-6,832.2034301757812
30,0.46341463414634143,0.0,2,5,-6,832.2034301757812
31,0.5121951219512195,0.0,2,5,-6,832.2034301757812
32,0.5609756097560976,0.0,2,5,-6,832.2034301757812
33,0.6097560975609757,0.0,2,5,-6,832.2034301757812
34,0.6585365853658538,0.0,2,5,-6,832.2034301757812
35,0.7073170731707317,0.0,2,5,-6,832.2034301757812
36,0.7560975609756098,0.0,2,5,-6,832.2034301757812
37,0.8048780487804879,0.0,2,5,-6,832.2034301757812
38,0.853658536585366,0.0,2,5,-6,832.2034301757812
39,0.902439024390244,0.0,2,5,-6,832.2034301757812
40,0.9512195121951219,0.0,2,5,-6,832.2034301757812
41,1.0,0.0,2,5,-6,832.2034301757812
0,-1.0,0.0,2,6,-5,832.2034301757812
1,-0.9512195121951219,0.0,2,6,-5,832.2034301757812
2,-0.9024390243902439,0.0,2,6,-5,832.2034301757812
3,-0.8536585365853658,0.0,2,6,-5,832.2034301757812
4,-0.8048780487804879,0.0,2,6,-5,832.2034301757812
5,-0.7560975609756098,0.0,2,6,-5,832.2034301757812
6,-0.7073170731707317,0.0,2,6,-5,832.2034301757812
7,-0.6585365853658536,0.0,2,6,-5,832.2034301757812
8,-0.6097560975609756,0.0,2,6,-5,832.2034301757812
9,-0.5609756097560976,0.0,2,6,-5,832.2034301757812
10,-0.5121951219512195,0.0,2,6,-5,832.2034301757812
11,-0.46341463414634143,0.0,2,6,-5,832.2034301757812
12,-0.41463414634146334,0.0,2,6,-5,832.2034301757812
13,-0.36585365853658536,0.0,2,6,-5,832.2034301757812
14,-0.31707317073170727,0.0,2,6,-5,832.2034301757812
15,-0.2682926829268293,0.0,2,6,-5,832.2034301757812
16,-0.2195121951219512,0.0,2,6,-5,832.2034301757812
17,-0.1707317073170731,0.0,2,6,-5,832.2034301757812
18,-0.12195121951219512,1.3551833433211868e-07,2,6,-5,832.2034301757812
19,-0.07317073170731703,5.871048074368446e-07,2,6,-5,832.2034301757812
20,-0.024390243902439046,1.6200774552999064e-06,2,6,-5,832.2034301757812
21,0.024390243902439046,1.2249959979726555e-07,2,6,-5,832.2034301757812
22,0.07317073170731714,4.624011182841059e-07,2,6,-5,832.2034301757812
23,0.12195121951219523,1.730807412059221e-06,2,6,-5,832.2034301757812
24,0.17073170731707332,1.7945648096429068e-06,2,6,-5,832.2034301757812
25,0.2195121951219512,1.2855223758378997e-05,2,6,-5,832.2034301757812
26,0.2682926829268293,2.4866374133125646e-06,2,6,-5,832.2034301757812
27,0.3170731707317074,4.916214948025299e-06,2,6,-5,832.2034301757812
28,0.36585365853658547,1.0605802344798576e-05,2,6,-5,832.2034301757812
29,0.41463414634146356,2.2542121769220103e-06,2,6,-5,832.2034301757812
30,0.46341463414634143,1.3788250726065598e-05,2,6,-5,832.2034301757812
31,0.5121951219512195,4.971413727616891e-05,2,6,-5,832.2034301757812
32,0.5609756097560976,0.0010249854531139135,2,6,-5,832.2034301757812
33,0.6097560975609757,0.000483066716697067,2,6,-5,832.2034301757812
34,0.6585365853658538,6.733839836670086e-05,2,6,-5,832.2034301757812
35,0.7073170731707317,1.8217517208540812e-05,2,6,-5,832.2034301757812
36,0.7560975609756098,6.2053818510321435e-06,2,6,-5,832.2034301757812
37,0.8048780487804879,9.054919303252973e-08,2,6,-5,832.2034301757812
38,0.853658536585366,3.0833925279694085e-07,2,6,-5,832.2034301757812
39,0.902439024390244,1.5289684824892902e-06,2,6,-5,832.2034301757812
40,0.9512195121951219,4.885101589024998e-06,2,6,-5,832.2034301757812
41,1.0,3.874740457376902e-07,2,6,-5,832.2034301757812
0,-1.0,0.0,2,7,-5,832.2034301757812
1,-0.9512195121951219,0.0,2,7,-5,832.2034301757812
2,-0.9024390243902439,0.0,2,7,-5,832.2034301757812
3,-0.8536585365853658,0.0,2,7,-5,832.2034301757812
4,-0.8048780487804879,0.0,2,7,-5,832.2034301757812
5,-0.7560975609756098,0.0,2,7,-5,832.2034301757812
6,-0.7073170731707317,0.0,2,7,-5,832.2034301757812
7,-0.6585365853658536,0.0,2,7,-5,832.2034301757812
8,-0.6097560975609756,0.0,2,7,-5,832.2034301757812
9,-0.5609756097560976,0.0,2,7,-5,832.2034301757812
10,-0.5121951219512195,3.300863227195805e-07,2,7,-5,832.2034301757812
11,-0.46341463414634143,4.1947387785512547e-07,2,7,-5,832.2034301757812
12,-0.41463414634146334,1.72500881490123e-06,2,7,-5,832.2034301757812
13,-0.36585365853658536,7.426583010783361e-07,2,7,-5,832.2034301757812
14,-0.31707317073170727,3.130679999685526e-07,2,7,-5,832.2034301757812
15,-0.2682926829268293,2.17217984754825e-06,2,7,-5,832.2034301757812
16,-0.2195121951219512,3.437996383581776e-06,2,7,-5,832.2034301757812
17,-0.1707317073170731,1.2299474292376544e-05,2,7,-5,832.2034301757812
18,-0.12195121951219512,1.3156219210941344e-05,2,7,-5,832.2034301757812
19,-0.07317073170731703,9.964574019249994e-06,2,7,-5,832.2034301757812
20,-0.024390243902439046,7.098781497916207e-05,2,7,-5,832.2034301757812
21,0.024390243902439046,8.215191883209627e-06,2,7,-5,832.2034301757812
22,0.07317073170731714,1.2843502190662548e-06,2,7,-5,832.2034301757812
23,0.12195121951219523,0.0019922731444239616,2,7,-5,832.2034301757812
24,0.17073170731707332,0.00011845549306599423,2,7,-5,832.2034301757812
25,0.2195121951219512,2.063031934085302e-05,2,7,-5,832.2034301757812
26,0.2682926829268293,7.669567025914148e-07,2,7,-5,832.2034301757812
27,0.3170731707317074,5.110088295623427e-06,2,7,-5,832.2034301757812
28,0.36585365853658547,6.426902473322116e-06,2,7,-5,832.2034301757812
29,0.41463414634146356,1.3225653674453497e-06,2,7,-5,832.2034301757812
30,0.46341463414634143,6.574154213012662e-06,2,7,-5,832.2034301757812
31,0.5121951219512195,6.688744178973138e-06,2,7,-5,832.2034301757812
32,0.5609756097560976,3.916429704986513e-06,2,7,-5,832.2034301757812
33,0.6097560975609757,4.266296855348628e-06,2,7,-5,832.2034301757812
34,0.6585365853658538,5.289026830723742e-06,2,7,-5,832.2034301757812
35,0.7073170731707317,7.41166104489821e-06,2,7,-5,832.2034301757812
36,0.7560975609756098,2.414381469861837e-06,2,7,-5,832.2034301757812
37,0.8048780487804879,0.0,2,7,-5,832.2034301757812
38,0.853658536585366,0.0,2,7,-5,832.2034301757812
39,0.902439024390244,0.0,2,7,-5,832.2034301757812
40,0.9512195121951219,0.0,2,7,-5,832.2034301757812
41,1.0,0.0,2,7,-5,832.2034301757812
0,-1.0,3.7128700114408275e-06,3,2,-11,832.2034301757812
1,-0.9512195121951219,1.8570353859104216e-06,3,2,-11,832.2034301757812
2,-0.9024390243902439,3.803356548814918e-06,3,2,-11,832.2034301757812
3,-0.8536585365853658,6.370473784045316e-07,3,2,-11,832.2034301757812
4,-0.8048780487804879,7.897561772551853e-06,3,2,-11,832.2034301757812
5,-0.7560975609756098,1.3476418644131627e-05,3,2,-11,832.2034301757812
6,-0.7073170731707317,5.121953108755406e-06,3,2,-11,832.2034301757812
7,-0.6585365853658536,1.618943497305736e-05,3,2,-11,832.2034301757812
8,-0.6097560975609756,1.5594090655213222e-05,3,2,-11,832.2034301757812
9,-0.5609756097560976,8.51540517032845e-06,3,2,-11,832.2034301757812
10,-0.5121951219512195,7.14653215254657e-05,3,2,-11,832.2034301757812
11,-0.46341463414634143,0.000172328160260804,3,2,-11,832.2034301757812
12,-0.41463414634146334,0.0004684524901676923,3,2,-11,832.2034301757812
13,-0.36585365853658536,0.0004109976871404797,3,2,-11,832.2034301757812
14,-0.31707317073170727,5.896273250982631e-06,3,2,-11,832.2034301757812
15,-0.2682926829268293,6.254299660213292e-05,3,2,-11,832.2034301757812
16,-0.2195121951219512,6.30387921773945e-06,3,2,-11,832.2034301757812
17,-0.1707317073170731,3.5639597626868635e-05,3,2,-11,832.2034301757812
18,-0.12195121951219512,1.717415580060333e-05,3,2,-11,832.2034301757812
19,-0.07317073170731703,6.185569873196073e-06,3,2,-11,832.2034301757812
20,-0.024390243902439046,8.425125997746363e-06,3,2,-11,832.2034301757812
21,0.024390243902439046,1.4327915778267197e-06,3,2,-11,832.2034301757812
22,0.07317073170731714,6.134817340353038e-06,3,2,-11,832.2034301757812
23,0.12195121951219523,5.916976419939601e-07,3,2,-11,832.2034301757812
24,0.17073170731707332,6.2364028963202145e-06,3,2,-11,832.2034301757812
25,0.2195121951219512,5.257778411760228e-06,3,2,-11,832.2034301757812
26,0.2682926829268293,4.049985818710411e-06,3,2,-11,832.2034301757812
27,0.3170731707317074,6.288025389267204e-08,3,2,-11,832.2034301757812
28,0.36585365853658547,7.379057365142216e-08,3,2,-11,832.2034301757812
29,0.41463414634146356,3.032606855413178e-06,3,2,-11,832.2034301757812
30,0.46341463414634143,1.2007974419248058e-06,3,2,-11,832.2034301757812
31,0.5121951219512195,7.994127031452081e-07,3,2,-11,832.2034301757812
32,0.5609756097560976,4.604795265095163e-07,3,2,-11,832.2034301757812
33,0.6097560975609757,4.225011252856348e-06,3,2,-11,832.2034301757812
34,0.6585365853658538,6.09120888839243e-06,3,2,-11,832.2034301757812
35,0.7073170731707317,6.017401119606802e-06,3,2,-11,832.2034301757812
36,0.7560975609756098,5.150463948666584e-06,3,2,-11,832.2034301757812
37,0.8048780487804879,2.3408911147271283e-06,3,2,-11,832.2034301757812
38,0.853658536585366,6.54789744203299e-07,3,2,-11,832.2034301757812
39,0.902439024390244,6.909841090418922e-07,3,2,-11,832.2034301757812
40,0.9512195121951219,1.1851660701722722e-06,3,2,-11,832.2034301757812
41,1.0,1.5178611079136317e-07,3,2,-11,832.2034301757812
