tilt_index,tilt_angle,intensity,h,k,l,thickness
0,-1.0,0.0,-3,-5,8,2133.898193359375
1,-0.9512195121951219,0.0,-3,-5,8,2133.898193359375
2,-0.9024390243902439,0.0,-3,-5,8,2133.898193359375
3,-0.8536585365853658,0.0,-3,-5,8,2133.898193359375
4,-0.8048780487804879,0.0,-3,-5,8,2133.898193359375
5,-0.7560975609756098,0.0,-3,-5,8,2133.898193359375
6,-0.7073170731707317,0.0,-3,-5,8,2133.898193359375
7,-0.6585365853658536,0.0,-3,-5,8,2133.898193359375
8,-0.6097560975609756,0.0,-3,-5,8,2133.898193359375
9,-0.5609756097560976,0.0,-3,-5,8,2133.898193359375
10,-0.5121951219512195,7.998878572834656e-07,-3,-5,8,2133.898193359375
11,-0.46341463414634143,5.129527380631771e-07,-3,-5,8,2133.898193359375
12,-0.41463414634146334,4.877517767454265e-07,-3,-5,8,2133.898193359375
13,-0.36585365853658536,1.786206205167673e-08,-3,-5,8,2133.898193359375
14,-0.31707317073170727,1.1531042218848597e-06,-3,-5,8,2133.898193359375
15,-0.2682926829268293,3.211817329429323e-06,-3,-5,8,2133.898193359375
16,-0.2195121951219512,3.120465237316239e-07,-3,-5,8,2133.898193359375
17,-0.1707317073170731,1.4304661988262524e-07,-3,-5,8,2133.898193359375
18,-0.12195121951219512,2.390592896972521e-07,-3,-5,8,2133.898193359375
19,-0.07317073170731703,4.28080511483131e-06,-3,-5,8,2133.898193359375
20,-0.024390243902439046,4.0271293073601555e-06,-3,-5,8,2133.898193359375
21,0.024390243902439046,1.3170828196962248e-06,-3,-5,8,2133.898193359375
22,0.07317073170731714,1.4506800653180107e-05,-3,-5,8,2133.898193359375
23,0.12195121951219523,2.100878191413358e-05,-3,-5,8,2133.898193359375
24,0.17073170731707332,0.00018180372717324644,-3,-5,8,2133.898193359375
25,0.2195121951219512,3.724999987753108e-05,-3,-5,8,2133.898193359375
26,0.2682926829268293,0.00046709697926416993,-3,-5,8,2133.898193359375
27,0.3170731707317074,0.0003791464841924608,-3,-5,8,2133.898193359375
28,0.36585365853658547,8.261672519438434e-06,-3,-5,8,2133.898193359375
29,0.41463414634146356,7.884467549956753e-07,-3,-5,8,2133.898193359375
30,0.46341463414634143,9.499287443759385e-06,-3,-5,8,2133.898193359375
31,0.5121951219512195,7.135427586035803e-05,-3,-5,8,2133.898193359375
32,0.5609756097560976,2.5596577870601323e-06,-3,-5,8,2133.898193359375
33,0.6097560975609757,4.09861695516156e-06,-3,-5,8,2133.898193359375
34,0.6585365853658538,7.905957204457081e-07,-3,-5,8,2133.898193359375
35,0.7073170731707317,3.2204371791522135e-07,-3,-5,8,2133.898193359375
36,0.7560975609756098,5.945933935436187e-06,-3,-5,8,2133.898193359375
37,0.8048780487804879,2.3648613023397047e-06,-3,-5,8,2133.898193359375
38,0.853658536585366,1.866692582552787e-05,-3,-5,8,2133.898193359375
39,0.902439024390244,3.558317530405475e-06,-3,-5,8,2133.898193359375
40,0.9512195121951219,4.624856501322938e-06,-3,-5,8,2133.898193359375
41,1.0,1.1526277887696779e-07,-3,-5,8,2133.898193359375
0,-1.0,1.8024327346211066e-06,-3,-3,9,2133.898193359375
1,-0.9512195121951219,2.2674350475426763e-05,-3,-3,9,2133.898193359375
2,-0.9024390243902439,6.917474092915654e-05,-3,-3,9,2133.898193359375
3,-0.8536585365853658,5.24603228768683e-06,-3,-3,9,2133.898193359375
4,-0.8048780487804879,9.30829846765846e-05,-3,-3,9,2133.898193359375
5,-0.7560975609756098,0.0002227648947155103,-3,-3,9,2133.898193359375
6,-0.7073170731707317,1.5286763300537132e-05,-3,-3,9,2133.898193359375
7,-0.6585365853658536,0.0024018429685384035,-3,-3,9,2133.898193359375
8,-0.6097560975609756,0.04633874073624611,-3,-3,9,2133.898193359375
9,-0.5609756097560976,0.0005594054237008095,-3,-3,9,2133.898193359375
10,-0.5121951219512195,0.0006387310568243265,-3,-3,9,2133.898193359375
11,-0.46341463414634143,5.247733270152821e-07,-3,-3,9,2133.898193359375
12,-0.41463414634146334,0.00014911360631231219,-3,-3,9,2133.898193359375
13,-0.36585365853658536,5.5534288549097255e-05,-3,-3,9,2133.898193359375
14,-0.31707317073170727,1.8934031686512753e-05,-3,-3,9,2133.898193359375
15,-0.2682926829268293,1.1467985132185277e-05,-3,-3,9,2133.898193359375
16,-0.2195121951219512,8.098827674984932e-05,-3,-3,9,2133.898193359375
17,-0.1707317073170731,1.7086696971091442e-05,-3,-3,9,2133.898193359375
18,-0.12195121951219512,8.732474270800594e-06,-3,-3,9,2133.898193359375
19,-0.07317073170731703,3.5326577290106798e-06,-3,-3,9,2133.898193359375
20,-0.024390243902439046,9.258217687602155e-06,-3,-3,9,2133.898193359375
21,0.024390243902439046,2.078311354125617e-06,-3,-3,9,2133.898193359375
22,0.07317073170731714,4.535986136033898e-06,-3,-3,9,2133.898193359375
23,0.12195121951219523,1.575737951498013e-05,-3,-3,9,2133.898193359375
24,0.17073170731707332,1.4241193468933488e-07,-3,-3,9,2133.898193359375
25,0.2195121951219512,3.2664397622284014e-06,-3,-3,9,2133.898193359375
26,0.2682926829268293,3.062090740968415e-07,-3,-3,9,2133.898193359375
27,0.3170731707317074,1.776998601599189e-06,-3,-3,9,2133.898193359375
28,0.36585365853658547,3.775322454657726e-07,-3,-3,9,2133.898193359375
29,0.41463414634146356,1.6946349205682054e-05,-3,-3,9,2133.898193359375
30,0.46341463414634143,5.084974418423371e-06,-3,-3,9,2133.898193359375
31,0.5121951219512195,1.6309224520227872e-05,-3,-3,9,2133.898193359375
32,0.5609756097560976,4.427175554155838e-06,-3,-3,9,2133.898193359375
33,0.6097560975609757,3.678006237350928e-07,-3,-3,9,2133.898193359375
34,0.6585365853658538,2.118531256201095e-06,-3,-3,9,2133.898193359375
35,0.7073170731707317,0.0,-3,-3,9,2133.898193359375
36,0.7560975609756098,0.0,-3,-3,9,2133.898193359375
37,0.8048780487804879,0.0,-3,-3,9,2133.898193359375
38,0.853658536585366,0.0,-3,-3,9,2133.898193359375
39,0.902439024390244,0.0,-3,-3,9,2133.898193359375
40,0.9512195121951219,0.0,-3,-3,9,2133.898193359375
41,1.0,0.0,-3,-3,9,2133.898193359375
0,-1.0,0.0,-3,-2,9,2133.898193359375
1,-0.9512195121951219,0.0,-3,-2,9,2133.898193359375
2,-0.9024390243902439,0.0,-3,-2,9,2133.898193359375
3,-0.8536585365853658,3.0809958388999803e-06,-3,-2,9,2133.898193359375
4,-0.8048780487804879,3.535199766702135e-06,-3,-2,9,2133.898193359375
5,-0.7560975609756098,1.3232731816970045e-06,-3,-2,9,2133.898193359375
6,-0.7073170731707317,4.5273213800101075e-07,-3,-2,9,2133.898193359375
7,-0.6585365853658536,7.411546931734847e-08,-3,-2,9,2133.898193359375
8,-0.6097560975609756,1.0332446436223108e-05,-3,-2,9,2133.898193359375
9,-0.5609756097560976,4.942450232192641e-06,-3,-2,9,2133.898193359375
10,-0.5121951219512195,1.5740921526230522e-06,-3,-2,9,2133.898193359375
11,-0.46341463414634143,7.295142978591684e-08,-3,-2,9,2133.898193359375
12,-0.41463414634146334,1.3935011793364538e-06,-3,-2,9,2133.898193359375
13,-0.36585365853658536,4.48520631834981e-06,-3,-2,9,2133.898193359375
14,-0.31707317073170727,4.436739345692331e-06,-3,-2,9,2133.898193359375
15,-0.2682926829268293,3.933233529096469e-06,-3,-2,9,2133.898193359375
16,-0.2195121951219512,2.4145329007296823e-05,-3,-2,9,2133.898193359375
17,-0.1707317073170731,1.4806205399509054e-06,-3,-2,9,2133.898193359375
18,-0.12195121951219512,4.881880613538669e-06,-3,-2,9,2133.898193359375
19,-0.07317073170731703,2.7065401809522882e-05,-3,-2,9,2133.898193359375
20,-0.024390243902439046,1.5158914266066859e-06,-3,-2,9,2133.898193359375
21,0.024390243902439046,8.861225069267675e-06,-3,-2,9,2133.898193359375
22,0.07317073170731714,1.4260558600653894e-06,-3,-2,9,2133.898193359375
23,0.12195121951219523,5.850441539223539e-06,-3,-2,9,2133.898193359375
24,0.17073170731707332,3.7704023270634934e-05,-3,-2,9,2133.898193359375
25,0.2195121951219512,5.00078676850535e-05,-3,-2,9,2133.898193359375
26,0.2682926829268293,2.3419427179760532e-06,-3,-2,9,2133.898193359375
27,0.3170731707317074,1.1175578038091771e-05,-3,-2,9,2133.898193359375
28,0.36585365853658547,1.5231240467983298e-05,-3,-2,9,2133.898193359375
29,0.41463414634146356,4.358013393357396e-05,-3,-2,9,2133.898193359375
30,0.46341463414634143,2.074363874271512e-05,-3,-2,9,2133.898193359375
31,0.5121951219512195,0.0003417926200199872,-3,-2,9,2133.898193359375
32,0.5609756097560976,7.487171387765557e-05,-3,-2,9,2133.898193359375
33,0.6097560975609757,0.00030216597951948643,-3,-2,9,2133.898193359375
34,0.6585365853658538,0.00012044836330460384,-3,-2,9,2133.898193359375
35,0.7073170731707317,0.0008558452827855945,-3,-2,9,2133.898193359375
36,0.7560975609756098,0.0035041715018451214,-3,-2,9,2133.898193359375
37,0.8048780487804879,0.005735335871577263,-3,-2,9,2133.898193359375
38,0.853658536585366,0.048855122178792953,-3,-2,9,2133.898193359375
39,0.902439024390244,0.008581001311540604,-3,-2,9,2133.898193359375
40,0.9512195121951219,0.002309003844857216,-3,-2,9,2133.898193359375
41,1.0,0.00015813068603165448,-3,-2,9,2133.898193359375
0,-1.0,0.0,-3,5,11,2133.898193359375
1,-0.9512195121951219,0.0,-3,5,11,2133.898193359375
2,-0.9024390243902439,0.0,-3,5,11,2133.898193359375
3,-0.8536585365853658,0.0,-3,5,11,2133.898193359375
4,-0.8048780487804879,0.0,-3,5,11,2133.898193359375
5,-0.7560975609756098,0.0,-3,5,11,2133.898193359375
6,-0.7073170731707317,0.0,-3,5,11,2133.898193359375
7,-0.6585365853658536,0.0,-3,5,11,2133.898193359375
8,-0.6097560975609756,0.0,-3,5,11,2133.898193359375
9,-0.5609756097560976,0.0,-3,5,11,2133.898193359375
10,-0.5121951219512195,0.0,-3,5,11,2133.898193359375
11,-0.46341463414634143,0.0,-3,5,11,2133.898193359375
12,-0.41463414634146334,0.0,-3,5,11,2133.898193359375
13,-0.36585365853658536,0.0,-3,5,11,2133.898193359375
14,-0.31707317073170727,0.0,-3,5,11,2133.898193359375
15,-0.2682926829268293,1.0070582447951892e-06,-3,5,11,2133.898193359375
16,-0.2195121951219512,6.905977443238953e-07,-3,5,11,2133.898193359375
17,-0.1707317073170731,4.115710225960356e-07,-3,5,11,2133.898193359375
18,-0.12195121951219512,2.655068840340391e-07,-3,5,11,2133.898193359375
19,-0.07317073170731703,7.955550245242193e-07,-3,5,11,2133.898193359375
20,-0.024390243902439046,1.2977263850189047e-06,-3,5,11,2133.898193359375
21,0.024390243902439046,1.7253690884899697e-06,-3,5,11,2133.898193359375
22,0.07317073170731714,1.979063455337382e-07,-3,5,11,2133.898193359375
23,0.12195121951219523,1.9832320674595394e-07,-3,5,11,2133.898193359375
24,0.17073170731707332,1.293708237426472e-06,-3,5,11,2133.898193359375
25,0.2195121951219512,3.039445573449484e-06,-3,5,11,2133.898193359375
26,0.2682926829268293,4.000874014309375e-06,-3,5,11,2133.898193359375
27,0.3170731707317074,1.627675601412193e-06,-3,5,11,2133.898193359375
28,0.36585365853658547,6.83659891365096e-06,-3,5,11,2133.898193359375
29,0.41463414634146356,3.164292365909205e-06,-3,5,11,2133.898193359375
30,0.46341463414634143,1.1808061572082806e-05,-3,5,11,2133.898193359375
31,0.5121951219512195,7.662123948648514e-07,-3,5,11,2133.898193359375
32,0.5609756097560976,1.6585383946221555e-06,-3,5,11,2133.898193359375
33,0.6097560975609757,9.447381671634503e-06,-3,5,11,2133.898193359375
34,0.6585365853658538,1.197416986542521e-05,-3,5,11,2133.898193359375
35,0.7073170731707317,1.4965268746891525e-05,-3,5,11,2133.898193359375
36,0.7560975609756098,0.0003037209389731288,-3,5,11,2133.898193359375
37,0.8048780487804879,5.343688826542348e-05,-3,5,11,2133.898193359375
38,0.853658536585366,0.0001771063107298687,-3,5,11,2133.898193359375
39,0.902439024390244,0.00198588939383626,-3,5,11,2133.898193359375
40,0.9512195121951219,0.0008891118341125548,-3,5,11,2133.898193359375
41,1.0,0.0004832220438402146,-3,5,11,2133.898193359375
0,-1.0,0.0,-2,-8,4,2133.898193359375
1,-0.9512195121951219,0.0,-2,-8,4,2133.898193359375
2,-0.9024390243902439,7.860992923269805e-07,-2,-8,4,2133.898193359375
3,-0.8536585365853658,3.5780146845354466e-06,-2,-8,4,2133.898193359375
4,-0.8048780487804879,2.510226522645098e-06,-2,-8,4,2133.898193359375
5,-0.7560975609756098,1.202224666485563e-06,-2,-8,4,2133.898193359375
6,-0.7073170731707317,1.1747730468414375e-06,-2,-8,4,2133.898193359375
7,-0.6585365853658536,6.806689611948968e-07,-2,-8,4,2133.898193359375
8,-0.6097560975609756,8.846878358781396e-07,-2,-8,4,2133.898193359375
9,-0.5609756097560976,7.135928967727523e-07,-2,-8,4,2133.898193359375
10,-0.5121951219512195,1.1824487955891527e-05,-2,-8,4,2133.898193359375
11,-0.46341463414634143,1.6120452528411988e-06,-2,-8,4,2133.898193359375
12,-0.41463414634146334,3.9391212339978665e-05,-2,-8,4,2133.898193359375
13,-0.36585365853658536,0.0029813232831656933,-2,-8,4,2133.898193359375
14,-0.31707317073170727,8.589603567088488e-06,-2,-8,4,2133.898193359375
15,-0.2682926829268293,6.985831078054616e-06,-2,-8,4,2133.898193359375
16,-0.2195121951219512,3.681675252664718e-06,-2,-8,4,2133.898193359375
17,-0.1707317073170731,1.7463742096879287e-07,-2,-8,4,2133.898193359375
18,-0.12195121951219512,5.604942543868674e-06,-2,-8,4,2133.898193359375
19,-0.07317073170731703,1.0754440182836333e-07,-2,-8,4,2133.898193359375
20,-0.024390243902439046,2.6703471434075254e-08,-2,-8,4,2133.898193359375
21,0.024390243902439046,4.845121281960019e-08,-2,-8,4,2133.898193359375
22,0.07317073170731714,2.444559186187689e-07,-2,-8,4,2133.898193359375
23,0.12195121951219523,3.0921248708182247e-06,-2,-8,4,2133.898193359375
24,0.17073170731707332,1.992601141864725e-07,-2,-8,4,2133.898193359375
25,0.2195121951219512,0.0,-2,-8,4,2133.898193359375
26,0.2682926829268293,0.0,-2,-8,4,2133.898193359375
27,0.3170731707317074,0.0,-2,-8,4,2133.898193359375
28,0.36585365853658547,0.0,-2,-8,4,2133.898193359375
29,0.41463414634146356,0.0,-2,-8,4,2133.898193359375
30,0.46341463414634143,0.0,-2,-8,4,2133.898193359375
31,0.5121951219512195,0.0,-2,-8,4,2133.898193359375
32,0.5609756097560976,0.0,-2,-8,4,2133.898193359375
33,0.6097560975609757,0.0,-2,-8,4,2133.898193359375
34,0.6585365853658538,0.0,-2,-8,4,2133.898193359375
35,0.7073170731707317,0.0,-2,-8,4,2133.898193359375
36,0.7560975609756098,0.0,-2,-8,4,2133.898193359375
37,0.8048780487804879,0.0,-2,-8,4,2133.898193359375
38,0.853658536585366,0.0,-2,-8,4,2133.898193359375
39,0.902439024390244,0.0,-2,-8,4,2133.898193359375
40,0.9512195121951219,0.0,-2,-8,4,2133.898193359375
41,1.0,0.0,-2,-8,4,2133.898193359375
0,-1.0,0.0,-2,-7,4,2133.898193359375
1,-0.9512195121951219,0.0,-2,-7,4,2133.898193359375
2,-0.9024390243902439,0.0,-2,-7,4,2133.898193359375
3,-0.8536585365853658,0.0,-2,-7,4,2133.898193359375
4,-0.8048780487804879,0.0,-2,-7,4,2133.898193359375
5,-0.7560975609756098,0.0,-2,-7,4,2133.898193359375
6,-0.7073170731707317,0.0,-2,-7,4,2133.898193359375
7,-0.6585365853658536,0.0,-2,-7,4,2133.898193359375
8,-0.6097560975609756,0.0,-2,-7,4,2133.898193359375
9,-0.5609756097560976,0.0,-2,-7,4,2133.898193359375
10,-0.5121951219512195,0.0,-2,-7,4,2133.898193359375
11,-0.46341463414634143,0.0,-2,-7,4,2133.898193359375
12,-0.41463414634146334,0.0,-2,-7,4,2133.898193359375
13,-0.36585365853658536,0.0,-2,-7,4,2133.898193359375
14,-0.31707317073170727,0.0,-2,-7,4,2133.898193359375
15,-0.2682926829268293,0.0,-2,-7,4,2133.898193359375
16,-0.2195121951219512,3.138108084499436e-08,-2,-7,4,2133.898193359375
17,-0.1707317073170731,3.9365833259807914e-08,-2,-7,4,2133.898193359375
18,-0.12195121951219512,4.861151410295861e-07,-2,-7,4,2133.898193359375
19,-0.07317073170731703,5.330737735675939e-07,-2,-7,4,2133.898193359375
20,-0.024390243902439046,3.1649396987631917e-06,-2,-7,4,2133.898193359375
21,0.024390243902439046,4.814014573639724e-07,-2,-7,4,2133.898193359375
22,0.07317073170731714,7.155220487220504e-07,-2,-7,4,2133.898193359375
23,0.12195121951219523,2.739347060298769e-08,-2,-7,4,2133.898193359375
24,0.17073170731707332,2.8646352348005166e-06,-2,-7,4,2133.898193359375
25,0.2195121951219512,2.11393999052234e-05,-2,-7,4,2133.898193359375
26,0.2682926829268293,9.209949780597526e-07,-2,-7,4,2133.898193359375
27,0.3170731707317074,2.4466748072882183e-05,-2,-7,4,2133.898193359375
28,0.36585365853658547,0.0001232698850799352,-2,-7,4,2133.898193359375
29,0.41463414634146356,0.002376532880589366,-2,-7,4,2133.898193359375
30,0.46341463414634143,2.5472862034803256e-05,-2,-7,4,2133.898193359375
31,0.5121951219512195,4.426321174832992e-05,-2,-7,4,2133.898193359375
32,0.5609756097560976,7.638574061274994e-06,-2,-7,4,2133.898193359375
33,0.6097560975609757,2.298333356520743e-06,-2,-7,4,2133.898193359375
34,0.6585365853658538,2.567962837929372e-07,-2,-7,4,2133.898193359375
35,0.7073170731707317,2.920469341916032e-07,-2,-7,4,2133.898193359375
36,0.7560975609756098,6.768752882635454e-07,-2,-7,4,2133.898193359375
37,0.8048780487804879,4.6129602537803294e-07,-2,-7,4,2133.898193359375
38,0.853658536585366,2.66497863776749e-06,-2,-7,4,2133.898193359375
39,0.902439024390244,1.0374571957072476e-06,-2,-7,4,2133.898193359375
40,0.9512195121951219,6.366477691699401e-07,-2,-7,4,2133.898193359375
41,1.0,5.268558211923846e-08,-2,-7,4,2133.898193359375
0,-1.0,2.5365790861542337e-05,-2,-6,5,2133.898193359375
1,-0.9512195121951219,6.275736268435139e-06,-2,-6,5,2133.898193359375
2,-0.9024390243902439,0.00016764906467869878,-2,-6,5,2133.898193359375
3,-0.8536585365853658,0.0002647015789989382,-2,-6,5,2133.898193359375
4,-0.8048780487804879,3.709279917529784e-05,-2,-6,5,2133.898193359375
5,-0.7560975609756098,0.0010829793754965067,-2,-6,5,2133.898193359375
6,-0.7073170731707317,8.723852806724608e-05,-2,-6,5,2133.898193359375
7,-0.6585365853658536,0.00040359856211580336,-2,-6,5,2133.898193359375
8,-0.6097560975609756,3.531097900122404e-05,-2,-6,5,2133.898193359375
9,-0.5609756097560976,2.0527892047539353e-05,-2,-6,5,2133.898193359375
10,-0.5121951219512195,9.310782843385823e-06,-2,-6,5,2133.898193359375
11,-0.46341463414634143,2.4928485800046474e-06,-2,-6,5,2133.898193359375
12,-0.41463414634146334,2.399580978362792e-07,-2,-6,5,2133.898193359375
13,-0.36585365853658536,6.937127068340487e-07,-2,-6,5,2133.898193359375
14,-0.31707317073170727,2.1637433746946044e-06,-2,-6,5,2133.898193359375
15,-0.2682926829268293,2.188574939054888e-07,-2,-6,5,2133.898193359375
16,-0.2195121951219512,2.102890972466298e-09,-2,-6,5,2133.898193359375
17,-0.1707317073170731,1.1396812737984874e-07,-2,-6,5,2133.898193359375
18,-0.12195121951219512,3.3789345366130874e-07,-2,-6,5,2133.898193359375
19,-0.07317073170731703,1.1409447324695066e-06,-2,-6,5,2133.898193359375
20,-0.024390243902439046,1.645424063667633e-08,-2,-6,5,2133.898193359375
21,0.024390243902439046,0.0,-2,-6,5,2133.898193359375
22,0.07317073170731714,0.0,-2,-6,5,2133.898193359375
23,0.12195121951219523,0.0,-2,-6,5,2133.898193359375
24,0.17073170731707332,0.0,-2,-6,5,2133.898193359375
25,0.2195121951219512,0.0,-2,-6,5,2133.898193359375
26,0.2682926829268293,0.0,-2,-6,5,2133.898193359375
27,0.3170731707317074,0.0,-2,-6,5,2133.898193359375
28,0.36585365853658547,0.0,-2,-6,5,2133.898193359375
29,0.41463414634146356,0.0,-2,-6,5,2133.898193359375
30,0.46341463414634143,0.0,-2,-6,5,2133.898193359375
31,0.5121951219512195,0.0,-2,-6,5,2133.898193359375
32,0.5609756097560976,0.0,-2,-6,5,2133.898193359375
33,0.6097560975609757,0.0,-2,-6,5,2133.898193359375
34,0.6585365853658538,0.0,-2,-6,5,2133.898193359375
35,0.7073170731707317,0.0,-2,-6,5,2133.898193359375
36,0.7560975609756098,0.0,-2,-6,5,2133.898193359375
37,0.8048780487804879,0.0,-2,-6,5,2133.898193359375
38,0.853658536585366,0.0,-2,-6,5,2133.898193359375
39,0.902439024390244,0.0,-2,-6,5,2133.898193359375
40,0.9512195121951219,0.0,-2,-6,5,2133.898193359375
41,1.0,0.0,-2,-6,5,2133.898193359375
0,-1.0,0.0,-2,-5,5,2133.898193359375
1,-0.9512195121951219,0.0,-2,-5,5,2133.898193359375
2,-0.9024390243902439,0.0,-2,-5,5,2133.898193359375
3,-0.8536585365853658,0.0,-2,-5,5,2133.898193359375
4,-0.8048780487804879,0.0,-2,-5,5,2133.898193359375
5,-0.7560975609756098,2.4989592475321842e-06,-2,-5,5,2133.898193359375
6,-0.7073170731707317,6.232554028429149e-07,-2,-5,5,2133.898193359375
7,-0.6585365853658536,1.6897796513148933e-06,-2,-5,5,2133.898193359375
8,-0.6097560975609756,9.297932592744473e-06,-2,-5,5,2133.898193359375
9,-0.5609756097560976,8.284704904326645e-07,-2,-5,5,2133.898193359375
10,-0.5121951219512195,1.6485582818859257e-05,-2,-5,5,2133.898193359375
11,-0.46341463414634143,8.454146154690534e-06,-2,-5,5,2133.898193359375
12,-0.41463414634146334,1.417691578353697e-06,-2,-5,5,2133.898193359375
13,-0.36585365853658536,1.4652140635007527e-05,-2,-5,5,2133.898193359375
14,-0.31707317073170727,1.579920899530407e-05,-2,-5,5,2133.898193359375
15,-0.2682926829268293,1.5648452972527593e-05,-2,-5,5,2133.898193359375
16,-0.2195121951219512,6.845749339845497e-06,-2,-5,5,2133.898193359375
17,-0.1707317073170731,0.00016943745140451938,-2,-5,5,2133.898193359375
18,-0.12195121951219512,5.650451839755988e-06,-2,-5,5,2133.898193359375
19,-0.07317073170731703,8.894526217773091e-06,-2,-5,5,2133.898193359375
20,-0.024390243902439046,5.917919452258502e-07,-2,-5,5,2133.898193359375
21,0.024390243902439046,7.786734931869432e-05,-2,-5,5,2133.898193359375
22,0.07317073170731714,0.00011190712393727154,-2,-5,5,2133.898193359375
23,0.12195121951219523,0.022660845890641212,-2,-5,5,2133.898193359375
24,0.17073170731707332,0.0003017595736309886,-2,-5,5,2133.898193359375
25,0.2195121951219512,1.5289500879589468e-05,-2,-5,5,2133.898193359375
26,0.2682926829268293,5.0594855565577745e-05,-2,-5,5,2133.898193359375
27,0.3170731707317074,5.363060040508572e-07,-2,-5,5,2133.898193359375
28,0.36585365853658547,8.234054803324398e-06,-2,-5,5,2133.898193359375
29,0.41463414634146356,3.5495770134730265e-05,-2,-5,5,2133.898193359375
30,0.46341463414634143,8.230973435274791e-06,-2,-5,5,2133.898193359375
31,0.5121951219512195,0.0001603611744940281,-2,-5,5,2133.898193359375
32,0.5609756097560976,2.9694872864638455e-05,-2,-5,5,2133.898193359375
33,0.6097560975609757,1.7886205796457944e-06,-2,-5,5,2133.898193359375
34,0.6585365853658538,9.561384104017634e-06,-2,-5,5,2133.898193359375
35,0.7073170731707317,8.732704372960143e-06,-2,-5,5,2133.898193359375
36,0.7560975609756098,8.180240911315195e-06,-2,-5,5,2133.898193359375
37,0.8048780487804879,1.748589170347259e-06,-2,-5,5,2133.898193359375
38,0.853658536585366,1.1973604614468059e-06,-2,-5,5,2133.898193359375
39,0.902439024390244,2.1828764147358015e-06,-2,-5,5,2133.898193359375
40,0.9512195121951219,1.3873620900994865e-06,-2,-5,5,2133.898193359375
41,1.0,0.0,-2,-5,5,2133.898193359375
0,-1.0,0.010639064945280552,-2,-3,6,2133.898193359375
1,-0.9512195121951219,0.002947362372651696,-2,-3,6,2133.898193359375
2,-0.9024390243902439,0.06767159700393677,-2,-3,6,2133.898193359375
3,-0.8536585365853658,0.006934456992894411,-2,-3,6,2133.898193359375
4,-0.8048780487804879,0.00019510283891577274,-2,-3,6,2133.898193359375
5,-0.7560975609756098,5.699370740330778e-05,-2,-3,6,2133.898193359375
6,-0.7073170731707317,2.4466462491545826e-05,-2,-3,6,2133.898193359375
7,-0.6585365853658536,6.746495273546316e-06,-2,-3,6,2133.898193359375
8,-0.6097560975609756,4.663462459575385e-05,-2,-3,6,2133.898193359375
9,-0.5609756097560976,2.9527601697054706e-08,-2,-3,6,2133.898193359375
10,-0.5121951219512195,1.5971534594427794e-05,-2,-3,6,2133.898193359375
11,-0.46341463414634143,6.4953505898301955e-06,-2,-3,6,2133.898193359375
12,-0.41463414634146334,1.4937306332285516e-05,-2,-3,6,2133.898193359375
13,-0.36585365853658536,2.6363421056885272e-05,-2,-3,6,2133.898193359375
14,-0.31707317073170727,4.491020445129834e-05,-2,-3,6,2133.898193359375
15,-0.2682926829268293,1.8642951545189135e-05,-2,-3,6,2133.898193359375
16,-0.2195121951219512,4.63370670331642e-05,-2,-3,6,2133.898193359375
17,-0.1707317073170731,1.3788263458991423e-05,-2,-3,6,2133.898193359375
18,-0.12195121951219512,2.310141780981212e-06,-2,-3,6,2133.898193359375
19,-0.07317073170731703,5.169831638340838e-07,-2,-3,6,2133.898193359375
20,-0.024390243902439046,6.832105555076851e-06,-2,-3,6,2133.898193359375
21,0.024390243902439046,7.1809567998570856e-06,-2,-3,6,2133.898193359375
22,0.07317073170731714,6.379522801580606e-06,-2,-3,6,2133.898193359375
23,0.12195121951219523,6.273411418078467e-05,-2,-3,6,2133.898193359375
24,0.17073170731707332,2.0072957340744324e-06,-2,-3,6,2133.898193359375
25,0.2195121951219512,1.23534312024276e-06,-2,-3,6,2133.898193359375
26,0.2682926829268293,6.528775429615052e-06,-2,-3,6,2133.898193359375
27,0.3170731707317074,3.4503441384003963e-06,-2,-3,6,2133.898193359375
28,0.36585365853658547,1.6265693147943239e-06,-2,-3,6,2133.898193359375
29,0.41463414634146356,9.729474186315201e-07,-2,-3,6,2133.898193359375
30,0.46341463414634143,1.563803948556597e-07,-2,-3,6,2133.898193359375
31,0.5121951219512195,0.0,-2,-3,6,2133.898193359375
32,0.5609756097560976,0.0,-2,-3,6,2133.898193359375
33,0.6097560975609757,0.0,-2,-3,6,2133.898193359375
34,0.6585365853658538,0.0,-2,-3,6,2133.898193359375
35,0.7073170731707317,0.0,-2,-3,6,2133.898193359375
36,0.7560975609756098,0.0,-2,-3,6,2133.898193359375
37,0.8048780487804879,0.0,-2,-3,6,2133.898193359375
38,0.853658536585366,0.0,-2,-3,6,2133.898193359375
39,0.902439024390244,0.0,-2,-3,6,2133.898193359375
40,0.9512195121951219,0.0,-2,-3,6,2133.898193359375
41,1.0,0.0,-2,-3,6,2133.898193359375
0,-1.0,1.3127275451552123e-05,-2,-2,6,2133.898193359375
1,-0.9512195121951219,3.122871203231625e-05,-2,-2,6,2133.898193359375
2,-0.9024390243902439,0.00012717965000774711,-2,-2,6,2133.898193359375
3,-0.8536585365853658,4.143325895711314e-06,-2,-2,6,2133.898193359375
4,-0.8048780487804879,6.572735856025247e-06,-2,-2,6,2133.898193359375
5,-0.7560975609756098,1.3480815823641024e-06,-2,-2,6,2133.898193359375
6,-0.7073170731707317,8.94633285497548e-06,-2,-2,6,2133.898193359375
7,-0.6585365853658536,1.4552121683664154e-05,-2,-2,6,2133.898193359375
8,-0.6097560975609756,5.7561472203815356e-05,-2,-2,6,2133.898193359375
9,-0.5609756097560976,0.00018256792100146413,-2,-2,6,2133.898193359375
10,-0.5121951219512195,2.8479456886998378e-05,-2,-2,6,2133.898193359375
11,-0.46341463414634143,1.1856577657454181e-05,-2,-2,6,2133.898193359375
12,-0.41463414634146334,8.871962927514687e-05,-2,-2,6,2133.898193359375
13,-0.36585365853658536,0.00034045582287944853,-2,-2,6,2133.898193359375
14,-0.31707317073170727,0.00039740855572745204,-2,-2,6,2133.898193359375
15,-0.2682926829268293,0.00013599586964119226,-2,-2,6,2133.898193359375
16,-0.2195121951219512,0.00015012752555776387,-2,-2,6,2133.898193359375
17,-0.1707317073170731,9.34658310143277e-05,-2,-2,6,2133.898193359375
18,-0.12195121951219512,4.650536720873788e-05,-2,-2,6,2133.898193359375
19,-0.07317073170731703,3.0617506126873195e-05,-2,-2,6,2133.898193359375
20,-0.024390243902439046,0.00014309384278021753,-2,-2,6,2133.898193359375
21,0.024390243902439046,0.00028018568991683424,-2,-2,6,2133.898193359375
22,0.07317073170731714,0.0003583308425731957,-2,-2,6,2133.898193359375
23,0.12195121951219523,0.000660183432046324,-2,-2,6,2133.898193359375
24,0.17073170731707332,0.00043164388625882566,-2,-2,6,2133.898193359375
25,0.2195121951219512,0.0012751370668411255,-2,-2,6,2133.898193359375
26,0.2682926829268293,0.002639097161591053,-2,-2,6,2133.898193359375
27,0.3170731707317074,0.0008984986343421042,-2,-2,6,2133.898193359375
28,0.36585365853658547,0.0014964630827307701,-2,-2,6,2133.898193359375
29,0.41463414634146356,6.482435128418729e-05,-2,-2,6,2133.898193359375
30,0.46341463414634143,0.000563542009331286,-2,-2,6,2133.898193359375
31,0.5121951219512195,0.24782201647758484,-2,-2,6,2133.898193359375
32,0.5609756097560976,0.004758057650178671,-2,-2,6,2133.898193359375
33,0.6097560975609757,0.0025667285080999136,-2,-2,6,2133.898193359375
34,0.6585365853658538,0.0014004382537677884,-2,-2,6,2133.898193359375
35,0.7073170731707317,0.0017977276584133506,-2,-2,6,2133.898193359375
36,0.7560975609756098,0.0005722371279262006,-2,-2,6,2133.898193359375
37,0.8048780487804879,0.00028172595193609595,-2,-2,6,2133.898193359375
38,0.853658536585366,4.490148421609774e-05,-2,-2,6,2133.898193359375
39,0.902439024390244,0.0005451315082609653,-2,-2,6,2133.898193359375
40,0.9512195121951219,0.000426213868195191,-2,-2,6,2133.898193359375
41,1.0,0.00022629702289123088,-2,-2,6,2133.898193359375
0,-1.0,0.0,-2,6,8,2133.898193359375
1,-0.9512195121951219,0.0,-2,6,8,2133.898193359375
2,-0.9024390243902439,0.0,-2,6,8,2133.898193359375
3,-0.8536585365853658,0.0,-2,6,8,2133.898193359375
4,-0.8048780487804879,0.0,-2,6,8,2133.898193359375
5,-0.7560975609756098,0.0,-2,6,8,2133.898193359375
6,-0.7073170731707317,0.0,-2,6,8,2133.898193359375
7,-0.6585365853658536,0.0,-2,6,8,2133.898193359375
8,-0.6097560975609756,0.0,-2,6,8,2133.898193359375
9,-0.5609756097560976,0.0,-2,6,8,2133.898193359375
10,-0.5121951219512195,0.0,-2,6,8,2133.898193359375
11,-0.46341463414634143,0.0,-2,6,8,2133.898193359375
12,-0.41463414634146334,0.0,-2,6,8,2133.898193359375
13,-0.36585365853658536,4.272424689588661e-07,-2,6,8,2133.898193359375
14,-0.31707317073170727,1.1443349876572029e-06,-2,6,8,2133.898193359375
15,-0.2682926829268293,4.535214372936025e-07,-2,6,8,2133.898193359375
16,-0.2195121951219512,5.293479148349434e-07,-2,6,8,2133.898193359375
17,-0.1707317073170731,6.8725749535758496e-09,-2,6,8,2133.898193359375
18,-0.12195121951219512,2.0189313545415644e-06,-2,6,8,2133.898193359375
19,-0.07317073170731703,6.435749924094125e-07,-2,6,8,2133.898193359375
20,-0.024390243902439046,2.1385966775255838e-08,-2,6,8,2133.898193359375
21,0.024390243902439046,1.5932936321405577e-06,-2,6,8,2133.898193359375
22,0.07317073170731714,1.936282842507353e-06,-2,6,8,2133.898193359375
23,0.12195121951219523,7.787252798152622e-06,-2,6,8,2133.898193359375
24,0.17073170731707332,2.4757944174780278e-06,-2,6,8,2133.898193359375
25,0.2195121951219512,2.820008830894949e-06,-2,6,8,2133.898193359375
26,0.2682926829268293,1.1649341104202904e-05,-2,6,8,2133.898193359375
27,0.3170731707317074,6.937325906619662e-06,-2,6,8,2133.898193359375
28,0.36585365853658547,2.086951099045109e-05,-2,6,8,2133.898193359375
29,0.41463414634146356,0.0005445003625936806,-2,6,8,2133.898193359375
30,0.46341463414634143,0.00018386851297691464,-2,6,8,2133.898193359375
31,0.5121951219512195,0.00010097108315676451,-2,6,8,2133.898193359375
32,0.5609756097560976,0.00010983712854795158,-2,6,8,2133.898193359375
33,0.6097560975609757,7.141714741010219e-05,-2,6,8,2133.898193359375
34,0.6585365853658538,8.31619126984151e-06,-2,6,8,2133.898193359375
35,0.7073170731707317,2.475309338478837e-05,-2,6,8,2133.898193359375
36,0.7560975609756098,1.8977738363901153e-05,-2,6,8,2133.898193359375
37,0.8048780487804879,1.6609844806225738e-06,-2,6,8,2133.898193359375
38,0.853658536585366,2.2963803303355235e-07,-2,6,8,2133.898193359375
39,0.902439024390244,9.839424819801934e-06,-2,6,8,2133.898193359375
40,0.9512195121951219,2.7525484824764135e-07,-2,6,8,2133.898193359375
41,1.0,6.442630251513037e-07,-2,6,8,2133.898193359375
0,-1.0,0.0,-2,7,8,2133.898193359375
1,-0.9512195121951219,0.0,-2,7,8,2133.898193359375
2,-0.9024390243902439,0.0,-2,7,8,2133.898193359375
3,-0.8536585365853658,0.0,-2,7,8,2133.898193359375
4,-0.8048780487804879,0.0,-2,7,8,2133.898193359375
5,-0.7560975609756098,0.0,-2,7,8,2133.898193359375
6,-0.7073170731707317,0.0,-2,7,8,2133.898193359375
7,-0.6585365853658536,0.0,-2,7,8,2133.898193359375
8,-0.6097560975609756,0.0,-2,7,8,2133.898193359375
9,-0.5609756097560976,0.0,-2,7,8,2133.898193359375
10,-0.5121951219512195,3.3396141407848745e-09,-2,7,8,2133.898193359375
11,-0.46341463414634143,3.732561992819683e-07,-2,7,8,2133.898193359375
12,-0.41463414634146334,5.885827363272256e-07,-2,7,8,2133.898193359375
13,-0.36585365853658536,1.2884517452960154e-08,-2,7,8,2133.898193359375
14,-0.31707317073170727,6.720005103488802e-07,-2,7,8,2133.898193359375
15,-0.2682926829268293,1.2398371040944767e-07,-2,7,8,2133.898193359375
16,-0.2195121951219512,9.723855328047648e-06,-2,7,8,2133.898193359375
17,-0.1707317073170731,2.733027599788329e-07,-2,7,8,2133.898193359375
18,-0.12195121951219512,4.440704231001291e-07,-2,7,8,2133.898193359375
19,-0.07317073170731703,9.059795047505759e-06,-2,7,8,2133.898193359375
20,-0.024390243902439046,7.2500411079090554e-06,-2,7,8,2133.898193359375
21,0.024390243902439046,3.876928531099111e-06,-2,7,8,2133.898193359375
22,0.07317073170731714,3.6872955888611614e-07,-2,7,8,2133.898193359375
23,0.12195121951219523,8.81833602761617e-06,-2,7,8,2133.898193359375
24,0.17073170731707332,0.00021749778534285724,-2,7,8,2133.898193359375
25,0.2195121951219512,0.00015066021296661347,-2,7,8,2133.898193359375
26,0.2682926829268293,1.2461589903978165e-05,-2,7,8,2133.898193359375
27,0.3170731707317074,9.839020549406996e-07,-2,7,8,2133.898193359375
28,0.36585365853658547,1.6070073627361126e-07,-2,7,8,2133.898193359375
29,0.41463414634146356,1.44307205118821e-06,-2,7,8,2133.898193359375
30,0.46341463414634143,2.7494744259115578e-08,-2,7,8,2133.898193359375
31,0.5121951219512195,2.3577615593239898e-06,-2,7,8,2133.898193359375
32,0.5609756097560976,1.10305450107262e-06,-2,7,8,2133.898193359375
33,0.6097560975609757,1.7005496601996128e-06,-2,7,8,2133.898193359375
34,0.6585365853658538,6.37351888599369e-07,-2,7,8,2133.898193359375
35,0.7073170731707317,3.3945734685403295e-06,-2,7,8,2133.898193359375
36,0.7560975609756098,1.3076558502689295e-07,-2,7,8,2133.898193359375
37,0.8048780487804879,5.020874141337117e-06,-2,7,8,2133.898193359375
38,0.853658536585366,7.173351264100347e-07,-2,7,8,2133.898193359375
39,0.902439024390244,1.65562411780229e-07,-2,7,8,2133.898193359375
40,0.9512195121951219,7.78533930656522e-08,-2,7,8,2133.898193359375
41,1.0,0.0,-2,7,8,2133.898193359375
0,-1.0,0.0,-2,8,8,2133.898193359375
1,-0.9512195121951219,0.0,-2,8,8,2133.898193359375
2,-0.9024390243902439,0.0,-2,8,8,2133.898193359375
3,-0.8536585365853658,0.0,-2,8,8,2133.898193359375
4,-0.8048780487804879,0.0,-2,8,8,2133.898193359375
5,-0.7560975609756098,0.0,-2,8,8,2133.898193359375
6,-0.7073170731707317,0.0,-2,8,8,2133.898193359375
7,-0.6585365853658536,0.0,-2,8,8,2133.898193359375
8,-0.6097560975609756,1.022690554464134e-07,-2,8,8,2133.898193359375
9,-0.5609756097560976,3.193431652448453e-08,-2,8,8,2133.898193359375
10,-0.5121951219512195,4.112673934741906e-07,-2,8,8,2133.898193359375
11,-0.46341463414634143,4.278580547634192e-07,-2,8,8,2133.898193359375
12,-0.41463414634146334,1.7976958588405978e-06,-2,8,8,2133.898193359375
13,-0.36585365853658536,2.8453510481085686e-07,-2,8,8,2133.898193359375
14,-0.31707317073170727,5.927939241701097e-07,-2,8,8,2133.898193359375
15,-0.2682926829268293,8.199972398870159e-07,-2,8,8,2133.898193359375
16,-0.2195121951219512,3.3115655241999775e-05,-2,8,8,2133.898193359375
17,-0.1707317073170731,1.777019861037843e-05,-2,8,8,2133.898193359375
18,-0.12195121951219512,1.052571133186575e-05,-2,8,8,2133.898193359375
19,-0.07317073170731703,3.907376139977714e-06,-2,8,8,2133.898193359375
20,-0.024390243902439046,2.4970368031063117e-05,-2,8,8,2133.898193359375
21,0.024390243902439046,0.00017843613750301301,-2,8,8,2133.898193359375
22,0.07317073170731714,3.3191347029060125e-05,-2,8,8,2133.898193359375
23,0.12195121951219523,1.2891397091152612e-05,-2,8,8,2133.898193359375
24,0.17073170731707332,4.016049786059739e-07,-2,8,8,2133.898193359375
25,0.2195121951219512,5.34366677129583e-07,-2,8,8,2133.898193359375
26,0.2682926829268293,1.7130402056864114e-06,-2,8,8,2133.898193359375
27,0.3170731707317074,1.7867981796371168e-06,-2,8,8,2133.898193359375
28,0.36585365853658547,2.011359754305886e-07,-2,8,8,2133.898193359375
29,0.41463414634146356,1.4835261481493944e-06,-2,8,8,2133.898193359375
30,0.46341463414634143,1.4174260343224887e-07,-2,8,8,2133.898193359375
31,0.5121951219512195,1.0892645150306635e-06,-2,8,8,2133.898193359375
32,0.5609756097560976,1.4009282267579692e-07,-2,8,8,2133.898193359375
33,0.6097560975609757,5.809308731841156e-07,-2,8,8,2133.898193359375
34,0.6585365853658538,1.6963959126314876e-07,-2,8,8,2133.898193359375
35,0.7073170731707317,0.0,-2,8,8,2133.898193359375
36,0.7560975609756098,0.0,-2,8,8,2133.898193359375
37,0.8048780487804879,0.0,-2,8,8,2133.898193359375
38,0.853658536585366,0.0,-2,8,8,2133.898193359375
39,0.902439024390244,0.0,-2,8,8,2133.898193359375
40,0.9512195121951219,0.0,-2,8,8,2133.898193359375
41,1.0,0.0,-2,8,8,2133.898193359375
0,-1.0,0.0,-1,-9,0,2133.898193359375
1,-0.9512195121951219,0.0,-1,-9,0,2133.898193359375
2,-0.9024390243902439,0.0,-1,-9,0,2133.898193359375
3,-0.8536585365853658,0.0,-1,-9,0,2133.898193359375
4,-0.8048780487804879,0.0,-1,-9,0,2133.898193359375
5,-0.7560975609756098,0.0,-1,-9,0,2133.898193359375
6,-0.7073170731707317,0.0,-1,-9,0,2133.898193359375
7,-0.6585365853658536,0.0,-1,-9,0,2133.898193359375
8,-0.6097560975609756,0.0,-1,-9,0,2133.898193359375
9,-0.5609756097560976,0.0,-1,-9,0,2133.898193359375
10,-0.5121951219512195,6.362984095176216e-08,-1,-9,0,2133.898193359375
11,-0.46341463414634143,1.3950354968983447e-06,-1,-9,0,2133.898193359375
12,-0.41463414634146334,9.370689326715365e-07,-1,-9,0,2133.898193359375
13,-0.36585365853658536,6.642154630753794e-07,-1,-9,0,2133.898193359375
14,-0.31707317073170727,2.986616891575977e-06,-1,-9,0,2133.898193359375
15,-0.2682926829268293,2.7577468699746532e-06,-1,-9,0,2133.898193359375
16,-0.2195121951219512,1.8508171706344e-05,-1,-9,0,2133.898193359375
17,-0.1707317073170731,1.9856628568959422e-05,-1,-9,0,2133.898193359375
18,-0.12195121951219512,2.0140878405072726e-05,-1,-9,0,2133.898193359375
19,-0.07317073170731703,1.0845089491340332e-05,-1,-9,0,2133.898193359375
20,-0.024390243902439046,8.237102156272158e-05,-1,-9,0,2133.898193359375
21,0.024390243902439046,4.793180778506212e-05,-1,-9,0,2133.898193359375
22,0.07317073170731714,7.911910870461725e-06,-1,-9,0,2133.898193359375
23,0.12195121951219523,2.58932027463743e-06,-1,-9,0,2133.898193359375
24,0.17073170731707332,2.82716314359277e-06,-1,-9,0,2133.898193359375
25,0.2195121951219512,2.123701278833323e-06,-1,-9,0,2133.898193359375
26,0.2682926829268293,1.008907474897569e-05,-1,-9,0,2133.898193359375
27,0.3170731707317074,4.205495827136474e-07,-1,-9,0,2133.898193359375
28,0.36585365853658547,5.888291454425598e-08,-1,-9,0,2133.898193359375
29,0.41463414634146356,3.2690581974748056e-06,-1,-9,0,2133.898193359375
30,0.46341463414634143,3.082023454226146e-07,-1,-9,0,2133.898193359375
31,0.5121951219512195,6.393325691078644e-08,-1,-9,0,2133.898193359375
32,0.5609756097560976,0.0,-1,-9,0,2133.898193359375
33,0.6097560975609757,0.0,-1,-9,0,2133.898193359375
34,0.6585365853658538,0.0,-1,-9,0,2133.898193359375
35,0.7073170731707317,0.0,-1,-9,0,2133.898193359375
36,0.7560975609756098,0.0,-1,-9,0,2133.898193359375
37,0.8048780487804879,0.0,-1,-9,0,2133.898193359375
38,0.853658536585366,0.0,-1,-9,0,2133.898193359375
39,0.902439024390244,0.0,-1,-9,0,2133.898193359375
40,0.9512195121951219,0.0,-1,-9,0,2133.898193359375
41,1.0,0.0,-1,-9,0,2133.898193359375
0,-1.0,0.0,-1,-8,0,2133.898193359375
1,-0.9512195121951219,0.0,-1,-8,0,2133.898193359375
2,-0.9024390243902439,0.0,-1,-8,0,2133.898193359375
3,-0.8536585365853658,0.0,-1,-8,0,2133.898193359375
4,-0.8048780487804879,0.0,-1,-8,0,2133.898193359375
5,-0.7560975609756098,0.0,-1,-8,0,2133.898193359375
6,-0.7073170731707317,0.0,-1,-8,0,2133.898193359375
7,-0.6585365853658536,0.0,-1,-8,0,2133.898193359375
8,-0.6097560975609756,0.0,-1,-8,0,2133.898193359375
9,-0.5609756097560976,0.0,-1,-8,0,2133.898193359375
10,-0.5121951219512195,0.0,-1,-8,0,2133.898193359375
11,-0.46341463414634143,0.0,-1,-8,0,2133.898193359375
12,-0.41463414634146334,0.0,-1,-8,0,2133.898193359375
13,-0.36585365853658536,0.0,-1,-8,0,2133.898193359375
14,-0.31707317073170727,0.0,-1,-8,0,2133.898193359375
15,-0.2682926829268293,0.0,-1,-8,0,2133.898193359375
16,-0.2195121951219512,0.0,-1,-8,0,2133.898193359375
17,-0.1707317073170731,0.0,-1,-8,0,2133.898193359375
18,-0.12195121951219512,0.0,-1,-8,0,2133.898193359375
19,-0.07317073170731703,0.0,-1,-8,0,2133.898193359375
20,-0.024390243902439046,0.0,-1,-8,0,2133.898193359375
21,0.024390243902439046,0.0,-1,-8,0,2133.898193359375
22,0.07317073170731714,0.0,-1,-8,0,2133.898193359375
23,0.12195121951219523,0.0,-1,-8,0,2133.898193359375
24,0.17073170731707332,2.238850129288039e-06,-1,-8,0,2133.898193359375
25,0.2195121951219512,2.6030551225630916e-07,-1,-8,0,2133.898193359375
26,0.2682926829268293,1.6015785604395205e-06,-1,-8,0,2133.898193359375
27,0.3170731707317074,3.8637326724710874e-06,-1,-8,0,2133.898193359375
28,0.36585365853658547,1.8229590068585821e-06,-1,-8,0,2133.898193359375
29,0.41463414634146356,6.714216851833044e-06,-1,-8,0,2133.898193359375
30,0.46341463414634143,3.3162250474561006e-06,-1,-8,0,2133.898193359375
31,0.5121951219512195,7.493566727134748e-07,-1,-8,0,2133.898193359375
32,0.5609756097560976,1.3509466043615248e-05,-1,-8,0,2133.898193359375
33,0.6097560975609757,2.7128731744596735e-05,-1,-8,0,2133.898193359375
34,0.6585365853658538,8.202957542380318e-05,-1,-8,0,2133.898193359375
35,0.7073170731707317,0.00022496157907880843,-1,-8,0,2133.898193359375
36,0.7560975609756098,0.004401026293635368,-1,-8,0,2133.898193359375
37,0.8048780487804879,1.3235011465440039e-05,-1,-8,0,2133.898193359375
38,0.853658536585366,2.8435339118004777e-05,-1,-8,0,2133.898193359375
39,0.902439024390244,2.9056969651719555e-05,-1,-8,0,2133.898193359375
40,0.9512195121951219,0.0001332974061369896,-1,-8,0,2133.898193359375
41,1.0,6.830580787209328e-06,-1,-8,0,2133.898193359375
0,-1.0,3.2825953439896693e-06,-1,-8,1,2133.898193359375
1,-0.9512195121951219,1.4110659094512812e-06,-1,-8,1,2133.898193359375
2,-0.9024390243902439,0.00010302226291969419,-1,-8,1,2133.898193359375
3,-0.8536585365853658,0.00024130083329509944,-1,-8,1,2133.898193359375
4,-0.8048780487804879,0.013599637895822525,-1,-8,1,2133.898193359375
5,-0.7560975609756098,9.969120583264157e-05,-1,-8,1,2133.898193359375
6,-0.7073170731707317,4.2758638301165774e-05,-1,-8,1,2133.898193359375
7,-0.6585365853658536,1.8137672668672167e-05,-1,-8,1,2133.898193359375
8,-0.6097560975609756,4.34893036072026e-06,-1,-8,1,2133.898193359375
9,-0.5609756097560976,2.469671471772017e-06,-1,-8,1,2133.898193359375
10,-0.5121951219512195,1.2648938536585774e-05,-1,-8,1,2133.898193359375
11,-0.46341463414634143,2.8730723897751886e-06,-1,-8,1,2133.898193359375
12,-0.41463414634146334,3.813092632753978e-07,-1,-8,1,2133.898193359375
13,-0.36585365853658536,8.371243893634528e-07,-1,-8,1,2133.898193359375
14,-0.31707317073170727,1.2145852679168456e-07,-1,-8,1,2133.898193359375
15,-0.2682926829268293,1.2920340850541834e-06,-1,-8,1,2133.898193359375
16,-0.2195121951219512,3.7317980172701937e-07,-1,-8,1,2133.898193359375
17,-0.1707317073170731,0.0,-1,-8,1,2133.898193359375
18,-0.12195121951219512,0.0,-1,-8,1,2133.898193359375
19,-0.07317073170731703,0.0,-1,-8,1,2133.898193359375
20,-0.024390243902439046,0.0,-1,-8,1,2133.898193359375
21,0.024390243902439046,0.0,-1,-8,1,2133.898193359375
22,0.07317073170731714,0.0,-1,-8,1,2133.898193359375
23,0.12195121951219523,0.0,-1,-8,1,2133.898193359375
24,0.17073170731707332,0.0,-1,-8,1,2133.898193359375
25,0.2195121951219512,0.0,-1,-8,1,2133.898193359375
26,0.2682926829268293,0.0,-1,-8,1,2133.898193359375
27,0.3170731707317074,0.0,-1,-8,1,2133.898193359375
28,0.36585365853658547,0.0,-1,-8,1,2133.898193359375
29,0.41463414634146356,0.0,-1,-8,1,2133.898193359375
30,0.46341463414634143,0.0,-1,-8,1,2133.898193359375
31,0.5121951219512195,0.0,-1,-8,1,2133.898193359375
32,0.5609756097560976,0.0,-1,-8,1,2133.898193359375
33,0.6097560975609757,0.0,-1,-8,1,2133.898193359375
34,0.6585365853658538,0.0,-1,-8,1,2133.898193359375
35,0.7073170731707317,0.0,-1,-8,1,2133.898193359375
36,0.7560975609756098,0.0,-1,-8,1,2133.898193359375
37,0.8048780487804879,0.0,-1,-8,1,2133.898193359375
38,0.853658536585366,0.0,-1,-8,1,2133.898193359375
39,0.902439024390244,0.0,-1,-8,1,2133.898193359375
40,0.9512195121951219,0.0,-1,-8,1,2133.898193359375
41,1.0,0.0,-1,-8,1,2133.898193359375
0,-1.0,0.0,-1,-7,1,2133.898193359375
1,-0.9512195121951219,0.0,-1,-7,1,2133.898193359375
2,-0.9024390243902439,0.0,-1,-7,1,2133.898193359375
3,-0.8536585365853658,0.0,-1,-7,1,2133.898193359375
4,-0.8048780487804879,0.0,-1,-7,1,2133.898193359375
5,-0.7560975609756098,0.0,-1,-7,1,2133.898193359375
6,-0.7073170731707317,1.2032032827846706e-06,-1,-7,1,2133.898193359375
7,-0.6585365853658536,3.4271488402737305e-07,-1,-7,1,2133.898193359375
8,-0.6097560975609756,2.950971747850417e-06,-1,-7,1,2133.898193359375
9,-0.5609756097560976,2.0891484382445924e-06,-1,-7,1,2133.898193359375
10,-0.5121951219512195,4.218000867695082e-06,-1,-7,1,2133.898193359375
11,-0.46341463414634143,5.585266990237869e-06,-1,-7,1,2133.898193359375
12,-0.41463414634146334,6.0523867432493716e-05,-1,-7,1,2133.898193359375
13,-0.36585365853658536,1.7689238802631735e-06,-1,-7,1,2133.898193359375
14,-0.31707317073170727,3.8353909985744394e-06,-1,-7,1,2133.898193359375
15,-0.2682926829268293,3.116859261353966e-06,-1,-7,1,2133.898193359375
16,-0.2195121951219512,1.2467220585676841e-05,-1,-7,1,2133.898193359375
17,-0.1707317073170731,1.2014604180876631e-05,-1,-7,1,2133.898193359375
18,-0.12195121951219512,6.182621291372925e-05,-1,-7,1,2133.898193359375
19,-0.07317073170731703,0.00015834601072128862,-1,-7,1,2133.898193359375
20,-0.024390243902439046,1.1978578129401285e-07,-1,-7,1,2133.898193359375
21,0.024390243902439046,4.887638169748243e-06,-1,-7,1,2133.898193359375
22,0.07317073170731714,1.0761445082607679e-05,-1,-7,1,2133.898193359375
23,0.12195121951219523,4.857104158872971e-06,-1,-7,1,2133.898193359375
24,0.17073170731707332,5.083684754936257e-06,-1,-7,1,2133.898193359375
25,0.2195121951219512,1.589296289239428e-06,-1,-7,1,2133.898193359375
26,0.2682926829268293,1.5228345546347555e-05,-1,-7,1,2133.898193359375
27,0.3170731707317074,1.2069723425156553e-06,-1,-7,1,2133.898193359375
28,0.36585365853658547,6.954410878279305e-07,-1,-7,1,2133.898193359375
29,0.41463414634146356,1.3117766684445087e-05,-1,-7,1,2133.898193359375
30,0.46341463414634143,5.990587396809133e-06,-1,-7,1,2133.898193359375
31,0.5121951219512195,4.085540240339469e-06,-1,-7,1,2133.898193359375
32,0.5609756097560976,8.1416155808256e-06,-1,-7,1,2133.898193359375
33,0.6097560975609757,0.0,-1,-7,1,2133.898193359375
34,0.6585365853658538,0.0,-1,-7,1,2133.898193359375
35,0.7073170731707317,0.0,-1,-7,1,2133.898193359375
36,0.7560975609756098,0.0,-1,-7,1,2133.898193359375
37,0.8048780487804879,0.0,-1,-7,1,2133.898193359375
38,0.853658536585366,0.0,-1,-7,1,2133.898193359375
39,0.902439024390244,0.0,-1,-7,1,2133.898193359375
40,0.9512195121951219,0.0,-1,-7,1,2133.898193359375
41,1.0,0.0,-1,-7,1,2133.898193359375
0,-1.0,0.0,-1,-6,1,2133.898193359375
1,-0.9512195121951219,0.0,-1,-6,1,2133.898193359375
2,-0.9024390243902439,0.0,-1,-6,1,2133.898193359375
3,-0.8536585365853658,0.0,-1,-6,1,2133.898193359375
4,-0.8048780487804879,0.0,-1,-6,1,2133.898193359375
5,-0.7560975609756098,0.0,-1,-6,1,2133.898193359375
6,-0.7073170731707317,0.0,-1,-6,1,2133.898193359375
7,-0.6585365853658536,0.0,-1,-6,1,2133.898193359375
8,-0.6097560975609756,0.0,-1,-6,1,2133.898193359375
9,-0.5609756097560976,0.0,-1,-6,1,2133.898193359375
10,-0.5121951219512195,0.0,-1,-6,1,2133.898193359375
11,-0.46341463414634143,0.0,-1,-6,1,2133.898193359375
12,-0.41463414634146334,0.0,-1,-6,1,2133.898193359375
13,-0.36585365853658536,0.0,-1,-6,1,2133.898193359375
14,-0.31707317073170727,0.0,-1,-6,1,2133.898193359375
15,-0.2682926829268293,0.0,-1,-6,1,2133.898193359375
16,-0.2195121951219512,0.0,-1,-6,1,2133.898193359375
17,-0.1707317073170731,0.0,-1,-6,1,2133.898193359375
18,-0.12195121951219512,0.0,-1,-6,1,2133.898193359375
19,-0.07317073170731703,0.0,-1,-6,1,2133.898193359375
20,-0.024390243902439046,0.0,-1,-6,1,2133.898193359375
21,0.024390243902439046,0.0,-1,-6,1,2133.898193359375
22,0.07317073170731714,2.7925793233407603e-07,-1,-6,1,2133.898193359375
23,0.12195121951219523,2.670907178980997e-06,-1,-6,1,2133.898193359375
24,0.17073170731707332,1.3933098443885683e-06,-1,-6,1,2133.898193359375
25,0.2195121951219512,5.398999292083317e-07,-1,-6,1,2133.898193359375
26,0.2682926829268293,6.860225312266266e-06,-1,-6,1,2133.898193359375
27,0.3170731707317074,6.564905561390333e-06,-1,-6,1,2133.898193359375
28,0.36585365853658547,9.718212822917849e-06,-1,-6,1,2133.898193359375
29,0.41463414634146356,1.377249282086268e-05,-1,-6,1,2133.898193359375
30,0.46341463414634143,7.744615686533507e-06,-1,-6,1,2133.898193359375
31,0.5121951219512195,6.036855211277725e-06,-1,-6,1,2133.898193359375
32,0.5609756097560976,7.4267873060307465e-06,-1,-6,1,2133.898193359375
33,0.6097560975609757,2.364796819165349e-05,-1,-6,1,2133.898193359375
34,0.6585365853658538,2.992949157487601e-05,-1,-6,1,2133.898193359375
35,0.7073170731707317,9.586530359229073e-05,-1,-6,1,2133.898193359375
36,0.7560975609756098,0.00304792495444417,-1,-6,1,2133.898193359375
37,0.8048780487804879,0.0019493052968755364,-1,-6,1,2133.898193359375
38,0.853658536585366,0.0002358984056627378,-1,-6,1,2133.898193359375
39,0.902439024390244,1.8326365136545064e-07,-1,-6,1,2133.898193359375
40,0.9512195121951219,8.844409421726596e-06,-1,-6,1,2133.898193359375
41,1.0,2.8272947020013817e-05,-1,-6,1,2133.898193359375
0,-1.0,2.041189873125404e-05,-1,-5,2,2133.898193359375
1,-0.9512195121951219,5.552958100452088e-05,-1,-5,2,2133.898193359375
2,-0.9024390243902439,0.00017870072042569518,-1,-5,2,2133.898193359375
3,-0.8536585365853658,9.131580009125173e-05,-1,-5,2,2133.898193359375
4,-0.8048780487804879,8.16071915323846e-05,-1,-5,2,2133.898193359375
5,-0.7560975609756098,8.707835513632745e-05,-1,-5,2,2133.898193359375
6,-0.7073170731707317,2.7756461349781603e-05,-1,-5,2,2133.898193359375
7,-0.6585365853658536,3.1338575354311615e-05,-1,-5,2,2133.898193359375
8,-0.6097560975609756,2.9232416636659764e-05,-1,-5,2,2133.898193359375
9,-0.5609756097560976,4.8932120989775285e-05,-1,-5,2,2133.898193359375
10,-0.5121951219512195,0.02351701632142067,-1,-5,2,2133.898193359375
11,-0.46341463414634143,0.00040494470158591866,-1,-5,2,2133.898193359375
12,-0.41463414634146334,0.0002182485186494887,-1,-5,2,2133.898193359375
13,-0.36585365853658536,9.740427049109712e-05,-1,-5,2,2133.898193359375
14,-0.31707317073170727,3.568998636183096e-06,-1,-5,2,2133.898193359375
15,-0.2682926829268293,0.00011679346789605916,-1,-5,2,2133.898193359375
16,-0.2195121951219512,0.00016080483328551054,-1,-5,2,2133.898193359375
17,-0.1707317073170731,7.009351247688755e-05,-1,-5,2,2133.898193359375
18,-0.12195121951219512,2.176390989916399e-05,-1,-5,2,2133.898193359375
19,-0.07317073170731703,2.1922234736848623e-05,-1,-5,2,2133.898193359375
20,-0.024390243902439046,5.896015409234678e-07,-1,-5,2,2133.898193359375
21,0.024390243902439046,2.0521624719549436e-06,-1,-5,2,2133.898193359375
22,0.07317073170731714,5.146402600075817e-06,-1,-5,2,2133.898193359375
23,0.12195121951219523,3.1889289857645053e-06,-1,-5,2,2133.898193359375
24,0.17073170731707332,3.813564489973942e-06,-1,-5,2,2133.898193359375
25,0.2195121951219512,8.015758794499561e-07,-1,-5,2,2133.898193359375
26,0.2682926829268293,3.71497708329116e-06,-1,-5,2,2133.898193359375
27,0.3170731707317074,2.1025758542236872e-05,-1,-5,2,2133.898193359375
28,0.36585365853658547,3.58466991201567e-06,-1,-5,2,2133.898193359375
29,0.41463414634146356,0.0,-1,-5,2,2133.898193359375
30,0.46341463414634143,0.0,-1,-5,2,2133.898193359375
31,0.5121951219512195,0.0,-1,-5,2,2133.898193359375
32,0.5609756097560976,0.0,-1,-5,2,2133.898193359375
33,0.6097560975609757,0.0,-1,-5,2,2133.898193359375
34,0.6585365853658538,0.0,-1,-5,2,2133.898193359375
35,0.7073170731707317,0.0,-1,-5,2,2133.898193359375
36,0.7560975609756098,0.0,-1,-5,2,2133.898193359375
37,0.8048780487804879,0.0,-1,-5,2,2133.898193359375
38,0.853658536585366,0.0,-1,-5,2,2133.898193359375
39,0.902439024390244,0.0,-1,-5,2,2133.898193359375
40,0.9512195121951219,0.0,-1,-5,2,2133.898193359375
41,1.0,0.0,-1,-5,2,2133.898193359375
0,-1.0,0.0,-1,-4,2,2133.898193359375
1,-0.9512195121951219,0.0,-1,-4,2,2133.898193359375
2,-0.9024390243902439,0.0,-1,-4,2,2133.898193359375
3,-0.8536585365853658,0.0,-1,-4,2,2133.898193359375
4,-0.8048780487804879,0.0,-1,-4,2,2133.898193359375
5,-0.7560975609756098,0.0,-1,-4,2,2133.898193359375
6,-0.7073170731707317,0.0,-1,-4,2,2133.898193359375
7,-0.6585365853658536,0.0,-1,-4,2,2133.898193359375
8,-0.6097560975609756,0.0,-1,-4,2,2133.898193359375
9,-0.5609756097560976,6.494521130662179e-06,-1,-4,2,2133.898193359375
10,-0.5121951219512195,1.735951445880346e-05,-1,-4,2,2133.898193359375
11,-0.46341463414634143,1.0043807378679048e-05,-1,-4,2,2133.898193359375
12,-0.41463414634146334,4.457312115846435e-06,-1,-4,2,2133.898193359375
13,-0.36585365853658536,3.8114887956908206e-06,-1,-4,2,2133.898193359375
14,-0.31707317073170727,1.776729305902336e-07,-1,-4,2,2133.898193359375
15,-0.2682926829268293,4.316479589761002e-06,-1,-4,2,2133.898193359375
16,-0.2195121951219512,1.3245772606751416e-05,-1,-4,2,2133.898193359375
17,-0.1707317073170731,6.317460065474734e-05,-1,-4,2,2133.898193359375
18,-0.12195121951219512,2.1817775632371195e-05,-1,-4,2,2133.898193359375
19,-0.07317073170731703,4.7439380068681203e-07,-1,-4,2,2133.898193359375
20,-0.024390243902439046,5.431471890915418e-06,-1,-4,2,2133.898193359375
21,0.024390243902439046,2.050896182481665e-05,-1,-4,2,2133.898193359375
22,0.07317073170731714,2.190320628869813e-06,-1,-4,2,2133.898193359375
23,0.12195121951219523,5.688949386239983e-05,-1,-4,2,2133.898193359375
24,0.17073170731707332,3.4707176382653415e-05,-1,-4,2,2133.898193359375
25,0.2195121951219512,1.4705337889608927e-05,-1,-4,2,2133.898193359375
26,0.2682926829268293,1.992549550777767e-05,-1,-4,2,2133.898193359375
27,0.3170731707317074,0.00021018936240579933,-1,-4,2,2133.898193359375
28,0.36585365853658547,4.5312103793548886e-06,-1,-4,2,2133.898193359375
29,0.41463414634146356,0.000784336996730417,-1,-4,2,2133.898193359375
30,0.46341463414634143,0.0018410275224596262,-1,-4,2,2133.898193359375
31,0.5121951219512195,0.0469665564596653,-1,-4,2,2133.898193359375
32,0.5609756097560976,0.02313871495425701,-1,-4,2,2133.898193359375
33,0.6097560975609757,0.0012509503867477179,-1,-4,2,2133.898193359375
34,0.6585365853658538,0.0002852168108802289,-1,-4,2,2133.898193359375
35,0.7073170731707317,0.0002270012628287077,-1,-4,2,2133.898193359375
36,0.7560975609756098,8.14799132058397e-05,-1,-4,2,2133.898193359375
37,0.8048780487804879,6.314653001027182e-05,-1,-4,2,2133.898193359375
38,0.853658536585366,9.008318738779053e-05,-1,-4,2,2133.898193359375
39,0.902439024390244,0.00016056794265750796,-1,-4,2,2133.898193359375
40,0.9512195121951219,0.0007325932383537292,-1,-4,2,2133.898193359375
41,1.0,1.304826855630381e-05,-1,-4,2,2133.898193359375
0,-1.0,0.017729921266436577,-1,-2,3,2133.898193359375
1,-0.9512195121951219,0.06293543428182602,-1,-2,3,2133.898193359375
2,-0.9024390243902439,0.09138805419206619,-1,-2,3,2133.898193359375
3,-0.8536585365853658,0.093843013048172,-1,-2,3,2133.898193359375
4,-0.8048780487804879,0.025022514164447784,-1,-2,3,2133.898193359375
5,-0.7560975609756098,0.023888442665338516,-1,-2,3,2133.898193359375
6,-0.7073170731707317,0.013959829695522785,-1,-2,3,2133.898193359375
7,-0.6585365853658536,0.005247762892395258,-1,-2,3,2133.898193359375
8,-0.6097560975609756,0.0038489087019115686,-1,-2,3,2133.898193359375
9,-0.5609756097560976,0.0018785749562084675,-1,-2,3,2133.898193359375
10,-0.5121951219512195,0.0014894128544256091,-1,-2,3,2133.898193359375
11,-0.46341463414634143,0.00029821033240295947,-1,-2,3,2133.898193359375
12,-0.41463414634146334,9.247165871784091e-05,-1,-2,3,2133.898193359375
13,-0.36585365853658536,2.0214172764099203e-05,-1,-2,3,2133.898193359375
14,-0.31707317073170727,4.619837272912264e-05,-1,-2,3,2133.898193359375
15,-0.2682926829268293,0.0003216530894860625,-1,-2,3,2133.898193359375
16,-0.2195121951219512,0.0012227753177285194,-1,-2,3,2133.898193359375
17,-0.1707317073170731,0.0013237386010587215,-1,-2,3,2133.898193359375
18,-0.12195121951219512,0.0009918712312355638,-1,-2,3,2133.898193359375
19,-0.07317073170731703,0.0009249015129171312,-1,-2,3,2133.898193359375
20,-0.024390243902439046,0.0008972567156888545,-1,-2,3,2133.898193359375
21,0.024390243902439046,0.0009963733609765768,-1,-2,3,2133.898193359375
22,0.07317073170731714,0.0007960536750033498,-1,-2,3,2133.898193359375
23,0.12195121951219523,0.0007514788885600865,-1,-2,3,2133.898193359375
24,0.17073170731707332,0.0006513497210107744,-1,-2,3,2133.898193359375
25,0.2195121951219512,0.0005051555926911533,-1,-2,3,2133.898193359375
26,0.2682926829268293,0.00019006506772711873,-1,-2,3,2133.898193359375
27,0.3170731707317074,6.934623525012285e-05,-1,-2,3,2133.898193359375
28,0.36585365853658547,0.00031549923005513847,-1,-2,3,2133.898193359375
29,0.41463414634146356,0.0005172489327378571,-1,-2,3,2133.898193359375
30,0.46341463414634143,0.00031824506004340947,-1,-2,3,2133.898193359375
31,0.5121951219512195,0.00030876602977514267,-1,-2,3,2133.898193359375
32,0.5609756097560976,0.00017628315254114568,-1,-2,3,2133.898193359375
33,0.6097560975609757,8.047591836657375e-05,-1,-2,3,2133.898193359375
34,0.6585365853658538,5.125413736095652e-05,-1,-2,3,2133.898193359375
35,0.7073170731707317,2.09919162443839e-05,-1,-2,3,2133.898193359375
36,0.7560975609756098,0.00013786694034934044,-1,-2,3,2133.898193359375
37,0.8048780487804879,5.961867282167077e-05,-1,-2,3,2133.898193359375
38,0.853658536585366,5.193959395910497e-07,-1,-2,3,2133.898193359375
39,0.902439024390244,0.00011701127368723974,-1,-2,3,2133.898193359375
40,0.9512195121951219,0.00018583163910079747,-1,-2,3,2133.898193359375
41,1.0,0.00012137398880440742,-1,-2,3,2133.898193359375
0,-1.0,1.2697463716904167e-05,-1,2,4,2133.898193359375
1,-0.9512195121951219,0.000187232784810476,-1,2,4,2133.898193359375
2,-0.9024390243902439,0.0003290900494903326,-1,2,4,2133.898193359375
3,-0.8536585365853658,7.011645357124507e-05,-1,2,4,2133.898193359375
4,-0.8048780487804879,0.000252599740633741,-1,2,4,2133.898193359375
5,-0.7560975609756098,0.00024209931143559515,-1,2,4,2133.898193359375
6,-0.7073170731707317,0.00041789599345065653,-1,2,4,2133.898193359375
7,-0.6585365853658536,8.569221972720698e-05,-1,2,4,2133.898193359375
8,-0.6097560975609756,4.857830936089158e-05,-1,2,4,2133.898193359375
9,-0.5609756097560976,0.00038735271664336324,-1,2,4,2133.898193359375
10,-0.5121951219512195,0.0004395795112941414,-1,2,4,2133.898193359375
11,-0.46341463414634143,0.00012446801702026278,-1,2,4,2133.898193359375
12,-0.41463414634146334,2.6533230993663892e-05,-1,2,4,2133.898193359375
13,-0.36585365853658536,0.000477330235298723,-1,2,4,2133.898193359375
14,-0.31707317073170727,0.000880851992405951,-1,2,4,2133.898193359375
15,-0.2682926829268293,0.0003367690951563418,-1,2,4,2133.898193359375
16,-0.2195121951219512,4.944711326970719e-05,-1,2,4,2133.898193359375
17,-0.1707317073170731,0.0006840549176558852,-1,2,4,2133.898193359375
18,-0.12195121951219512,0.0013772757956758142,-1,2,4,2133.898193359375
19,-0.07317073170731703,0.00042936691897921264,-1,2,4,2133.898193359375
20,-0.024390243902439046,7.525403634645045e-05,-1,2,4,2133.898193359375
21,0.024390243902439046,0.0016860662726685405,-1,2,4,2133.898193359375
22,0.07317073170731714,0.0006677163182757795,-1,2,4,2133.898193359375
23,0.12195121951219523,0.0018258885247632861,-1,2,4,2133.898193359375
24,0.17073170731707332,6.412211951101199e-05,-1,2,4,2133.898193359375
25,0.2195121951219512,0.0008549978374503553,-1,2,4,2133.898193359375
26,0.2682926829268293,0.0033103208988904953,-1,2,4,2133.898193359375
27,0.3170731707317074,0.0009009998175315559,-1,2,4,2133.898193359375
28,0.36585365853658547,0.006494793109595776,-1,2,4,2133.898193359375
29,0.41463414634146356,0.007345115300267935,-1,2,4,2133.898193359375
30,0.46341463414634143,0.008838755078613758,-1,2,4,2133.898193359375
31,0.5121951219512195,0.0017089378088712692,-1,2,4,2133.898193359375
32,0.5609756097560976,0.005178079009056091,-1,2,4,2133.898193359375
33,0.6097560975609757,0.031177811324596405,-1,2,4,2133.898193359375
34,0.6585365853658538,0.05239056423306465,-1,2,4,2133.898193359375
35,0.7073170731707317,0.009319665841758251,-1,2,4,2133.898193359375
36,0.7560975609756098,0.5650681853294373,-1,2,4,2133.898193359375
37,0.8048780487804879,0.03876826912164688,-1,2,4,2133.898193359375
38,0.853658536585366,0.09819681197404861,-1,2,4,2133.898193359375
39,0.902439024390244,0.05627087131142616,-1,2,4,2133.898193359375
40,0.9512195121951219,0.016758974641561508,-1,2,4,2133.898193359375
41,1.0,0.0037137868348509073,-1,2,4,2133.898193359375
0,-1.0,9.210467396769673e-05,-1,3,4,2133.898193359375
1,-0.9512195121951219,6.222730735316873e-05,-1,3,4,2133.898193359375
2,-0.9024390243902439,0.00012498903379309922,-1,3,4,2133.898193359375
3,-0.8536585365853658,0.00012048218195559457,-1,3,4,2133.898193359375
4,-0.8048780487804879,0.0001903560769278556,-1,3,4,2133.898193359375
5,-0.7560975609756098,7.202074630185962e-05,-1,3,4,2133.898193359375
6,-0.7073170731707317,1.0830634892045055e-05,-1,3,4,2133.898193359375
7,-0.6585365853658536,1.982729372684844e-05,-1,3,4,2133.898193359375
8,-0.6097560975609756,0.001452028751373291,-1,3,4,2133.898193359375
9,-0.5609756097560976,0.003873620182275772,-1,3,4,2133.898193359375
10,-0.5121951219512195,0.07441354542970657,-1,3,4,2133.898193359375
11,-0.46341463414634143,0.00025753414956852794,-1,3,4,2133.898193359375
12,-0.41463414634146334,0.00023924958077259362,-1,3,4,2133.898193359375
13,-0.36585365853658536,0.0006780391559004784,-1,3,4,2133.898193359375
14,-0.31707317073170727,0.000541037181392312,-1,3,4,2133.898193359375
15,-0.2682926829268293,0.00032322085462510586,-1,3,4,2133.898193359375
16,-0.2195121951219512,9.488024079473689e-05,-1,3,4,2133.898193359375
17,-0.1707317073170731,3.767396992770955e-05,-1,3,4,2133.898193359375
18,-0.12195121951219512,1.531334601168055e-05,-1,3,4,2133.898193359375
19,-0.07317073170731703,7.470072887372226e-05,-1,3,4,2133.898193359375
20,-0.024390243902439046,0.00010447597742313519,-1,3,4,2133.898193359375
21,0.024390243902439046,4.845388320973143e-05,-1,3,4,2133.898193359375
22,0.07317073170731714,1.528412030893378e-05,-1,3,4,2133.898193359375
23,0.12195121951219523,5.325790880306158e-06,-1,3,4,2133.898193359375
24,0.17073170731707332,1.5283070752047934e-05,-1,3,4,2133.898193359375
25,0.2195121951219512,2.3864919057814404e-05,-1,3,4,2133.898193359375
26,0.2682926829268293,1.895630339276977e-05,-1,3,4,2133.898193359375
27,0.3170731707317074,7.621072199981427e-06,-1,3,4,2133.898193359375
28,0.36585365853658547,8.330097443831619e-06,-1,3,4,2133.898193359375
29,0.41463414634146356,1.1506842383823823e-05,-1,3,4,2133.898193359375
30,0.46341463414634143,5.9563508330029435e-06,-1,3,4,2133.898193359375
31,0.5121951219512195,2.387484346400015e-05,-1,3,4,2133.898193359375
32,0.5609756097560976,1.59337305376539e-05,-1,3,4,2133.898193359375
33,0.6097560975609757,8.063863788265735e-06,-1,3,4,2133.898193359375
34,0.6585365853658538,2.432674045849126e-05,-1,3,4,2133.898193359375
35,0.7073170731707317,2.932977076852694e-05,-1,3,4,2133.898193359375
36,0.7560975609756098,0.00030733170569874346,-1,3,4,2133.898193359375
37,0.8048780487804879,7.493807061109692e-05,-1,3,4,2133.898193359375
38,0.853658536585366,7.444075163220987e-05,-1,3,4,2133.898193359375
39,0.902439024390244,3.19829341606237e-05,-1,3,4,2133.898193359375
40,0.9512195121951219,3.4333079383941367e-06,-1,3,4,2133.898193359375
41,1.0,1.9319631974212825e-05,-1,3,4,2133.898193359375
0,-1.0,0.0,-1,7,5,2133.898193359375
1,-0.9512195121951219,0.0,-1,7,5,2133.898193359375
2,-0.9024390243902439,0.0,-1,7,5,2133.898193359375
3,-0.8536585365853658,0.0,-1,7,5,2133.898193359375
4,-0.8048780487804879,0.0,-1,7,5,2133.898193359375
5,-0.7560975609756098,0.0,-1,7,5,2133.898193359375
6,-0.7073170731707317,0.0,-1,7,5,2133.898193359375
7,-0.6585365853658536,0.0,-1,7,5,2133.898193359375
8,-0.6097560975609756,0.0,-1,7,5,2133.898193359375
9,-0.5609756097560976,0.0,-1,7,5,2133.898193359375
10,-0.5121951219512195,0.0,-1,7,5,2133.898193359375
11,-0.46341463414634143,0.0,-1,7,5,2133.898193359375
12,-0.41463414634146334,0.0,-1,7,5,2133.898193359375
13,-0.36585365853658536,0.0,-1,7,5,2133.898193359375
14,-0.31707317073170727,0.0,-1,7,5,2133.898193359375
15,-0.2682926829268293,0.0,-1,7,5,2133.898193359375
16,-0.2195121951219512,0.0,-1,7,5,2133.898193359375
17,-0.1707317073170731,0.0,-1,7,5,2133.898193359375
18,-0.12195121951219512,0.0,-1,7,5,2133.898193359375
19,-0.07317073170731703,0.0,-1,7,5,2133.898193359375
20,-0.024390243902439046,0.0,-1,7,5,2133.898193359375
21,0.024390243902439046,3.651647659808077e-07,-1,7,5,2133.898193359375
22,0.07317073170731714,2.5912597720889607e-06,-1,7,5,2133.898193359375
23,0.12195121951219523,1.5400726738334924e-07,-1,7,5,2133.898193359375
24,0.17073170731707332,8.359107255273557e-07,-1,7,5,2133.898193359375
25,0.2195121951219512,6.735340889463259e-07,-1,7,5,2133.898193359375
26,0.2682926829268293,1.6894031773517781e-07,-1,7,5,2133.898193359375
27,0.3170731707317074,6.775715064577525e-07,-1,7,5,2133.898193359375
28,0.36585365853658547,3.287278332209098e-06,-1,7,5,2133.898193359375
29,0.41463414634146356,6.7260771174915135e-06,-1,7,5,2133.898193359375
30,0.46341463414634143,2.1295982151059434e-05,-1,7,5,2133.898193359375
31,0.5121951219512195,1.0886639756790828e-05,-1,7,5,2133.898193359375
32,0.5609756097560976,1.6554331523366272e-05,-1,7,5,2133.898193359375
33,0.6097560975609757,4.6951167860243e-06,-1,7,5,2133.898193359375
34,0.6585365853658538,1.4824760910414625e-05,-1,7,5,2133.898193359375
35,0.7073170731707317,0.017882734537124634,-1,7,5,2133.898193359375
36,0.7560975609756098,0.00022385230113286525,-1,7,5,2133.898193359375
37,0.8048780487804879,1.7100312106776983e-05,-1,7,5,2133.898193359375
38,0.853658536585366,2.4166485673049465e-05,-1,7,5,2133.898193359375
39,0.902439024390244,2.0771600247826427e-05,-1,7,5,2133.898193359375
40,0.9512195121951219,1.1959461517108139e-05,-1,7,5,2133.898193359375
41,1.0,1.0651836419128813e-05,-1,7,5,2133.898193359375
0,-1.0,0.0,-1,8,5,2133.898193359375
1,-0.9512195121951219,0.0,-1,8,5,2133.898193359375
2,-0.9024390243902439,0.0,-1,8,5,2133.898193359375
3,-0.8536585365853658,0.0,-1,8,5,2133.898193359375
4,-0.8048780487804879,0.0,-1,8,5,2133.898193359375
5,-0.7560975609756098,0.0,-1,8,5,2133.898193359375
6,-0.7073170731707317,0.0,-1,8,5,2133.898193359375
7,-0.6585365853658536,0.0,-1,8,5,2133.898193359375
8,-0.6097560975609756,0.0,-1,8,5,2133.898193359375
9,-0.5609756097560976,0.0,-1,8,5,2133.898193359375
10,-0.5121951219512195,0.0,-1,8,5,2133.898193359375
11,-0.46341463414634143,0.0,-1,8,5,2133.898193359375
12,-0.41463414634146334,0.0,-1,8,5,2133.898193359375
13,-0.36585365853658536,0.0,-1,8,5,2133.898193359375
14,-0.31707317073170727,0.0,-1,8,5,2133.898193359375
15,-0.2682926829268293,0.0,-1,8,5,2133.898193359375
16,-0.2195121951219512,0.0,-1,8,5,2133.898193359375
17,-0.1707317073170731,0.0,-1,8,5,2133.898193359375
18,-0.12195121951219512,1.0272261761201662e-06,-1,8,5,2133.898193359375
19,-0.07317073170731703,3.0741787213628413e-06,-1,8,5,2133.898193359375
20,-0.024390243902439046,2.4236258013843326e-06,-1,8,5,2133.898193359375
21,0.024390243902439046,4.428899558206467e-07,-1,8,5,2133.898193359375
22,0.07317073170731714,5.2053655963391066e-06,-1,8,5,2133.898193359375
23,0.12195121951219523,4.017691026092507e-06,-1,8,5,2133.898193359375
24,0.17073170731707332,1.4348258901009103e-06,-1,8,5,2133.898193359375
25,0.2195121951219512,6.909193871251773e-06,-1,8,5,2133.898193359375
26,0.2682926829268293,2.0027757273055613e-05,-1,8,5,2133.898193359375
27,0.3170731707317074,4.2351919660177373e-07,-1,8,5,2133.898193359375
28,0.36585365853658547,2.9481905585271306e-05,-1,8,5,2133.898193359375
29,0.41463414634146356,6.539127934956923e-05,-1,8,5,2133.898193359375
30,0.46341463414634143,0.0004616770602297038,-1,8,5,2133.898193359375
31,0.5121951219512195,0.00015793174679856747,-1,8,5,2133.898193359375
32,0.5609756097560976,0.00013375237176660448,-1,8,5,2133.898193359375
33,0.6097560975609757,4.435096707311459e-05,-1,8,5,2133.898193359375
34,0.6585365853658538,4.522925678429601e-07,-1,8,5,2133.898193359375
35,0.7073170731707317,6.086166649765801e-06,-1,8,5,2133.898193359375
36,0.7560975609756098,1.002401222649496e-05,-1,8,5,2133.898193359375
37,0.8048780487804879,7.16836780156882e-07,-1,8,5,2133.898193359375
38,0.853658536585366,6.353580829454586e-06,-1,8,5,2133.898193359375
39,0.902439024390244,2.044025677605532e-06,-1,8,5,2133.898193359375
40,0.9512195121951219,7.952952501000254e-07,-1,8,5,2133.898193359375
41,1.0,1.2549660368676996e-06,-1,8,5,2133.898193359375
0,-1.0,0.0,-1,9,5,2133.898193359375
1,-0.9512195121951219,0.0,-1,9,5,2133.898193359375
2,-0.9024390243902439,0.0,-1,9,5,2133.898193359375
3,-0.8536585365853658,0.0,-1,9,5,2133.898193359375
4,-0.8048780487804879,0.0,-1,9,5,2133.898193359375
5,-0.7560975609756098,0.0,-1,9,5,2133.898193359375
6,-0.7073170731707317,0.0,-1,9,5,2133.898193359375
7,-0.6585365853658536,0.0,-1,9,5,2133.898193359375
8,-0.6097560975609756,0.0,-1,9,5,2133.898193359375
9,-0.5609756097560976,0.0,-1,9,5,2133.898193359375
10,-0.5121951219512195,0.0,-1,9,5,2133.898193359375
11,-0.46341463414634143,0.0,-1,9,5,2133.898193359375
12,-0.41463414634146334,0.0,-1,9,5,2133.898193359375
13,-0.36585365853658536,0.0,-1,9,5,2133.898193359375
14,-0.31707317073170727,0.0,-1,9,5,2133.898193359375
15,-0.2682926829268293,0.0,-1,9,5,2133.898193359375
16,-0.2195121951219512,0.0,-1,9,5,2133.898193359375
17,-0.1707317073170731,1.3299013801315596e-07,-1,9,5,2133.898193359375
18,-0.12195121951219512,8.129744060170196e-07,-1,9,5,2133.898193359375
19,-0.07317073170731703,7.656859679627814e-07,-1,9,5,2133.898193359375
20,-0.024390243902439046,8.225322289945325e-08,-1,9,5,2133.898193359375
21,0.024390243902439046,4.277886773706996e-07,-1,9,5,2133.898193359375
22,0.07317073170731714,3.2346595162380254e-06,-1,9,5,2133.898193359375
23,0.12195121951219523,3.7112488371349173e-06,-1,9,5,2133.898193359375
24,0.17073170731707332,8.800142126119681e-08,-1,9,5,2133.898193359375
25,0.2195121951219512,9.794050129130483e-06,-1,9,5,2133.898193359375
26,0.2682926829268293,4.053790325997397e-05,-1,9,5,2133.898193359375
27,0.3170731707317074,0.00022435509890783578,-1,9,5,2133.898193359375
28,0.36585365853658547,0.0004738428979180753,-1,9,5,2133.898193359375
29,0.41463414634146356,6.699320510961115e-05,-1,9,5,2133.898193359375
30,0.46341463414634143,1.0965624824166298e-05,-1,9,5,2133.898193359375
31,0.5121951219512195,1.164025434263749e-05,-1,9,5,2133.898193359375
32,0.5609756097560976,7.113133960956475e-06,-1,9,5,2133.898193359375
33,0.6097560975609757,2.531624886614736e-06,-1,9,5,2133.898193359375
34,0.6585365853658538,9.95744585452485e-07,-1,9,5,2133.898193359375
35,0.7073170731707317,4.989155058865435e-06,-1,9,5,2133.898193359375
36,0.7560975609756098,3.5461862353258766e-06,-1,9,5,2133.898193359375
37,0.8048780487804879,1.9563553905754816e-06,-1,9,5,2133.898193359375
38,0.853658536585366,4.11042634596015e-07,-1,9,5,2133.898193359375
39,0.902439024390244,5.761391435044061e-07,-1,9,5,2133.898193359375
40,0.9512195121951219,0.0,-1,9,5,2133.898193359375
41,1.0,0.0,-1,9,5,2133.898193359375
0,-1.0,0.0,0,-9,-4,2133.898193359375
1,-0.9512195121951219,0.0,0,-9,-4,2133.898193359375
2,-0.9024390243902439,0.0,0,-9,-4,2133.898193359375
3,-0.8536585365853658,0.0,0,-9,-4,2133.898193359375
4,-0.8048780487804879,0.0,0,-9,-4,2133.898193359375
5,-0.7560975609756098,0.0,0,-9,-4,2133.898193359375
6,-0.7073170731707317,0.0,0,-9,-4,2133.898193359375
7,-0.6585365853658536,0.0,0,-9,-4,2133.898193359375
8,-0.6097560975609756,0.0,0,-9,-4,2133.898193359375
9,-0.5609756097560976,0.0,0,-9,-4,2133.898193359375
10,-0.5121951219512195,0.0,0,-9,-4,2133.898193359375
11,-0.46341463414634143,0.0,0,-9,-4,2133.898193359375
12,-0.41463414634146334,0.0,0,-9,-4,2133.898193359375
13,-0.36585365853658536,0.0,0,-9,-4,2133.898193359375
14,-0.31707317073170727,0.0,0,-9,-4,2133.898193359375
15,-0.2682926829268293,0.0,0,-9,-4,2133.898193359375
16,-0.2195121951219512,0.0,0,-9,-4,2133.898193359375
17,-0.1707317073170731,0.0,0,-9,-4,2133.898193359375
18,-0.12195121951219512,0.0,0,-9,-4,2133.898193359375
19,-0.07317073170731703,0.0,0,-9,-4,2133.898193359375
20,-0.024390243902439046,0.0,0,-9,-4,2133.898193359375
21,0.024390243902439046,0.0,0,-9,-4,2133.898193359375
22,0.07317073170731714,0.0,0,-9,-4,2133.898193359375
23,0.12195121951219523,8.251921030932863e-07,0,-9,-4,2133.898193359375
24,0.17073170731707332,2.4608016246929765e-07,0,-9,-4,2133.898193359375
25,0.2195121951219512,3.2208539835210104e-08,0,-9,-4,2133.898193359375
26,0.2682926829268293,1.8962966805702308e-06,0,-9,-4,2133.898193359375
27,0.3170731707317074,5.247899025562219e-06,0,-9,-4,2133.898193359375
28,0.36585365853658547,3.1703737022326095e-06,0,-9,-4,2133.898193359375
29,0.41463414634146356,1.6628609955660067e-05,0,-9,-4,2133.898193359375
30,0.46341463414634143,6.790248335164506e-06,0,-9,-4,2133.898193359375
31,0.5121951219512195,1.0660222869773861e-05,0,-9,-4,2133.898193359375
32,0.5609756097560976,7.63766875024885e-05,0,-9,-4,2133.898193359375
33,0.6097560975609757,0.0011930062901228666,0,-9,-4,2133.898193359375
34,0.6585365853658538,0.001122322166338563,0,-9,-4,2133.898193359375
35,0.7073170731707317,6.823264266131446e-05,0,-9,-4,2133.898193359375
36,0.7560975609756098,2.0425566617632285e-05,0,-9,-4,2133.898193359375
37,0.8048780487804879,1.5017577425169293e-05,0,-9,-4,2133.898193359375
38,0.853658536585366,1.5219985982639628e-07,0,-9,-4,2133.898193359375
39,0.902439024390244,1.0089001989399549e-06,0,-9,-4,2133.898193359375
40,0.9512195121951219,2.8896311050630175e-06,0,-9,-4,2133.898193359375
41,1.0,8.342735782207455e-06,0,-9,-4,2133.898193359375
0,-1.0,2.179282887482259e-08,0,-9,-3,2133.898193359375
1,-0.9512195121951219,6.909918965902762e-07,0,-9,-3,2133.898193359375
2,-0.9024390243902439,2.2521089704241604e-06,0,-9,-3,2133.898193359375
3,-0.8536585365853658,4.692982201959239e-06,0,-9,-3,2133.898193359375
4,-0.8048780487804879,4.9594971642363816e-05,0,-9,-3,2133.898193359375
5,-0.7560975609756098,1.9959704786742805e-06,0,-9,-3,2133.898193359375
6,-0.7073170731707317,1.9178662569174776e-06,0,-9,-3,2133.898193359375
7,-0.6585365853658536,3.3410951800760813e-06,0,-9,-3,2133.898193359375
8,-0.6097560975609756,5.1158451242372394e-05,0,-9,-3,2133.898193359375
9,-0.5609756097560976,9.92106166108897e-08,0,-9,-3,2133.898193359375
10,-0.5121951219512195,8.573962304581073e-07,0,-9,-3,2133.898193359375
11,-0.46341463414634143,2.6034251732198754e-06,0,-9,-3,2133.898193359375
12,-0.41463414634146334,9.819941624300554e-06,0,-9,-3,2133.898193359375
13,-0.36585365853658536,1.8813791768934607e-07,0,-9,-3,2133.898193359375
14,-0.31707317073170727,2.631468909441992e-08,0,-9,-3,2133.898193359375
15,-0.2682926829268293,3.848126084449177e-08,0,-9,-3,2133.898193359375
16,-0.2195121951219512,1.2577050512163623e-08,0,-9,-3,2133.898193359375
17,-0.1707317073170731,9.755662944144206e-08,0,-9,-3,2133.898193359375
18,-0.12195121951219512,0.0,0,-9,-3,2133.898193359375
19,-0.07317073170731703,0.0,0,-9,-3,2133.898193359375
20,-0.024390243902439046,0.0,0,-9,-3,2133.898193359375
21,0.024390243902439046,0.0,0,-9,-3,2133.898193359375
22,0.07317073170731714,0.0,0,-9,-3,2133.898193359375
23,0.12195121951219523,0.0,0,-9,-3,2133.898193359375
24,0.17073170731707332,0.0,0,-9,-3,2133.898193359375
25,0.2195121951219512,0.0,0,-9,-3,2133.898193359375
26,0.2682926829268293,0.0,0,-9,-3,2133.898193359375
27,0.3170731707317074,0.0,0,-9,-3,2133.898193359375
28,0.36585365853658547,0.0,0,-9,-3,2133.898193359375
29,0.41463414634146356,0.0,0,-9,-3,2133.898193359375
30,0.46341463414634143,0.0,0,-9,-3,2133.898193359375
31,0.5121951219512195,0.0,0,-9,-3,2133.898193359375
32,0.5609756097560976,0.0,0,-9,-3,2133.898193359375
33,0.6097560975609757,0.0,0,-9,-3,2133.898193359375
34,0.6585365853658538,0.0,0,-9,-3,2133.898193359375
35,0.7073170731707317,0.0,0,-9,-3,2133.898193359375
36,0.7560975609756098,0.0,0,-9,-3,2133.898193359375
37,0.8048780487804879,0.0,0,-9,-3,2133.898193359375
38,0.853658536585366,0.0,0,-9,-3,2133.898193359375
39,0.902439024390244,0.0,0,-9,-3,2133.898193359375
40,0.9512195121951219,0.0,0,-9,-3,2133.898193359375
41,1.0,0.0,0,-9,-3,2133.898193359375
0,-1.0,0.0,0,-8,-3,2133.898193359375
1,-0.9512195121951219,0.0,0,-8,-3,2133.898193359375
2,-0.9024390243902439,0.0,0,-8,-3,2133.898193359375
3,-0.8536585365853658,0.0,0,-8,-3,2133.898193359375
4,-0.8048780487804879,0.0,0,-8,-3,2133.898193359375
5,-0.7560975609756098,0.0,0,-8,-3,2133.898193359375
6,-0.7073170731707317,0.0,0,-8,-3,2133.898193359375
7,-0.6585365853658536,0.0,0,-8,-3,2133.898193359375
8,-0.6097560975609756,0.0,0,-8,-3,2133.898193359375
9,-0.5609756097560976,2.720742315887037e-07,0,-8,-3,2133.898193359375
10,-0.5121951219512195,4.344109925114026e-07,0,-8,-3,2133.898193359375
11,-0.46341463414634143,6.356917765515391e-07,0,-8,-3,2133.898193359375
12,-0.41463414634146334,1.50255198150262e-06,0,-8,-3,2133.898193359375
13,-0.36585365853658536,5.57189480332454e-07,0,-8,-3,2133.898193359375
14,-0.31707317073170727,1.8638144183569239e-06,0,-8,-3,2133.898193359375
15,-0.2682926829268293,4.359986178315012e-06,0,-8,-3,2133.898193359375
16,-0.2195121951219512,3.819758057943545e-05,0,-8,-3,2133.898193359375
17,-0.1707317073170731,1.5649752640456427e-06,0,-8,-3,2133.898193359375
18,-0.12195121951219512,1.0666642992873676e-05,0,-8,-3,2133.898193359375
19,-0.07317073170731703,8.263832569355145e-06,0,-8,-3,2133.898193359375
20,-0.024390243902439046,5.876195427845232e-05,0,-8,-3,2133.898193359375
21,0.024390243902439046,4.447425453690812e-06,0,-8,-3,2133.898193359375
22,0.07317073170731714,1.6006949863367481e-06,0,-8,-3,2133.898193359375
23,0.12195121951219523,6.089184807933634e-06,0,-8,-3,2133.898193359375
24,0.17073170731707332,6.770573008907377e-07,0,-8,-3,2133.898193359375
25,0.2195121951219512,1.6521086365628435e-07,0,-8,-3,2133.898193359375
26,0.2682926829268293,2.109801044980486e-07,0,-8,-3,2133.898193359375
27,0.3170731707317074,7.709792043897323e-06,0,-8,-3,2133.898193359375
28,0.36585365853658547,9.566872449795483e-08,0,-8,-3,2133.898193359375
29,0.41463414634146356,1.9450355921435403e-06,0,-8,-3,2133.898193359375
30,0.46341463414634143,3.1288168429455254e-06,0,-8,-3,2133.898193359375
31,0.5121951219512195,3.262744385779115e-08,0,-8,-3,2133.898193359375
32,0.5609756097560976,3.8700511595379794e-07,0,-8,-3,2133.898193359375
33,0.6097560975609757,0.0,0,-8,-3,2133.898193359375
34,0.6585365853658538,0.0,0,-8,-3,2133.898193359375
35,0.7073170731707317,0.0,0,-8,-3,2133.898193359375
36,0.7560975609756098,0.0,0,-8,-3,2133.898193359375
37,0.8048780487804879,0.0,0,-8,-3,2133.898193359375
38,0.853658536585366,0.0,0,-8,-3,2133.898193359375
39,0.902439024390244,0.0,0,-8,-3,2133.898193359375
40,0.9512195121951219,0.0,0,-8,-3,2133.898193359375
41,1.0,0.0,0,-8,-3,2133.898193359375
0,-1.0,0.0,0,-7,-3,2133.898193359375
1,-0.9512195121951219,0.0,0,-7,-3,2133.898193359375
2,-0.9024390243902439,0.0,0,-7,-3,2133.898193359375
3,-0.8536585365853658,0.0,0,-7,-3,2133.898193359375
4,-0.8048780487804879,0.0,0,-7,-3,2133.898193359375
5,-0.7560975609756098,0.0,0,-7,-3,2133.898193359375
6,-0.7073170731707317,0.0,0,-7,-3,2133.898193359375
7,-0.6585365853658536,0.0,0,-7,-3,2133.898193359375
8,-0.6097560975609756,0.0,0,-7,-3,2133.898193359375
9,-0.5609756097560976,0.0,0,-7,-3,2133.898193359375
10,-0.5121951219512195,0.0,0,-7,-3,2133.898193359375
11,-0.46341463414634143,0.0,0,-7,-3,2133.898193359375
12,-0.41463414634146334,0.0,0,-7,-3,2133.898193359375
13,-0.36585365853658536,0.0,0,-7,-3,2133.898193359375
14,-0.31707317073170727,0.0,0,-7,-3,2133.898193359375
15,-0.2682926829268293,0.0,0,-7,-3,2133.898193359375
16,-0.2195121951219512,0.0,0,-7,-3,2133.898193359375
17,-0.1707317073170731,0.0,0,-7,-3,2133.898193359375
18,-0.12195121951219512,0.0,0,-7,-3,2133.898193359375
19,-0.07317073170731703,0.0,0,-7,-3,2133.898193359375
20,-0.024390243902439046,0.0,0,-7,-3,2133.898193359375
21,0.024390243902439046,0.0,0,-7,-3,2133.898193359375
22,0.07317073170731714,0.0,0,-7,-3,2133.898193359375
23,0.12195121951219523,0.0,0,-7,-3,2133.898193359375
24,0.17073170731707332,5.776959710601659e-07,0,-7,-3,2133.898193359375
25,0.2195121951219512,2.812651473504957e-06,0,-7,-3,2133.898193359375
26,0.2682926829268293,1.8644478814167087e-06,0,-7,-3,2133.898193359375
27,0.3170731707317074,1.0795090020110365e-05,0,-7,-3,2133.898193359375
28,0.36585365853658547,8.80299830896547e-06,0,-7,-3,2133.898193359375
29,0.41463414634146356,2.527239757910138e-06,0,-7,-3,2133.898193359375
30,0.46341463414634143,1.3872188446839573e-06,0,-7,-3,2133.898193359375
31,0.5121951219512195,3.883674821736349e-07,0,-7,-3,2133.898193359375
32,0.5609756097560976,5.964159754512366e-06,0,-7,-3,2133.898193359375
33,0.6097560975609757,2.0808661247428972e-06,0,-7,-3,2133.898193359375
34,0.6585365853658538,2.5055846890609246e-06,0,-7,-3,2133.898193359375
35,0.7073170731707317,8.557467481296044e-06,0,-7,-3,2133.898193359375
36,0.7560975609756098,6.469189247582108e-05,0,-7,-3,2133.898193359375
37,0.8048780487804879,0.010065685026347637,0,-7,-3,2133.898193359375
38,0.853658536585366,4.691397771239281e-05,0,-7,-3,2133.898193359375
39,0.902439024390244,7.536951216025045e-06,0,-7,-3,2133.898193359375
40,0.9512195121951219,8.571236321586184e-06,0,-7,-3,2133.898193359375
41,1.0,1.556222741783131e-05,0,-7,-3,2133.898193359375
0,-1.0,0.000267497671302408,0,-7,-2,2133.898193359375
1,-0.9512195121951219,7.781985914334655e-05,0,-7,-2,2133.898193359375
2,-0.9024390243902439,0.0003093373670708388,0,-7,-2,2133.898193359375
3,-0.8536585365853658,0.006900658831000328,0,-7,-2,2133.898193359375
4,-0.8048780487804879,0.0004223661089781672,0,-7,-2,2133.898193359375
5,-0.7560975609756098,1.6098347259685397e-05,0,-7,-2,2133.898193359375
6,-0.7073170731707317,5.783865617559059e-06,0,-7,-2,2133.898193359375
7,-0.6585365853658536,6.026010055393272e-07,0,-7,-2,2133.898193359375
8,-0.6097560975609756,3.4853582064897637e-07,0,-7,-2,2133.898193359375
9,-0.5609756097560976,2.727959156345605e-07,0,-7,-2,2133.898193359375
10,-0.5121951219512195,3.88960916097858e-06,0,-7,-2,2133.898193359375
11,-0.46341463414634143,4.759080525218451e-07,0,-7,-2,2133.898193359375
12,-0.41463414634146334,1.4222791833162773e-07,0,-7,-2,2133.898193359375
13,-0.36585365853658536,7.459126294406815e-08,0,-7,-2,2133.898193359375
14,-0.31707317073170727,2.5836076389396112e-08,0,-7,-2,2133.898193359375
15,-0.2682926829268293,5.030228180658014e-07,0,-7,-2,2133.898193359375
16,-0.2195121951219512,0.0,0,-7,-2,2133.898193359375
17,-0.1707317073170731,0.0,0,-7,-2,2133.898193359375
18,-0.12195121951219512,0.0,0,-7,-2,2133.898193359375
19,-0.07317073170731703,0.0,0,-7,-2,2133.898193359375
20,-0.024390243902439046,0.0,0,-7,-2,2133.898193359375
21,0.024390243902439046,0.0,0,-7,-2,2133.898193359375
22,0.07317073170731714,0.0,0,-7,-2,2133.898193359375
23,0.12195121951219523,0.0,0,-7,-2,2133.898193359375
24,0.17073170731707332,0.0,0,-7,-2,2133.898193359375
25,0.2195121951219512,0.0,0,-7,-2,2133.898193359375
26,0.2682926829268293,0.0,0,-7,-2,2133.898193359375
27,0.3170731707317074,0.0,0,-7,-2,2133.898193359375
28,0.36585365853658547,0.0,0,-7,-2,2133.898193359375
29,0.41463414634146356,0.0,0,-7,-2,2133.898193359375
30,0.46341463414634143,0.0,0,-7,-2,2133.898193359375
31,0.5121951219512195,0.0,0,-7,-2,2133.898193359375
32,0.5609756097560976,0.0,0,-7,-2,2133.898193359375
33,0.6097560975609757,0.0,0,-7,-2,2133.898193359375
34,0.6585365853658538,0.0,0,-7,-2,2133.898193359375
35,0.7073170731707317,0.0,0,-7,-2,2133.898193359375
36,0.7560975609756098,0.0,0,-7,-2,2133.898193359375
37,0.8048780487804879,0.0,0,-7,-2,2133.898193359375
38,0.853658536585366,0.0,0,-7,-2,2133.898193359375
39,0.902439024390244,0.0,0,-7,-2,2133.898193359375
40,0.9512195121951219,0.0,0,-7,-2,2133.898193359375
41,1.0,0.0,0,-7,-2,2133.898193359375
0,-1.0,0.0,0,-6,-2,2133.898193359375
1,-0.9512195121951219,3.1598717669112375e-06,0,-6,-2,2133.898193359375
2,-0.9024390243902439,2.1764844859717414e-06,0,-6,-2,2133.898193359375
3,-0.8536585365853658,4.111812086193822e-05,0,-6,-2,2133.898193359375
4,-0.8048780487804879,2.6437688575242646e-05,0,-6,-2,2133.898193359375
5,-0.7560975609756098,1.5138417438720353e-05,0,-6,-2,2133.898193359375
6,-0.7073170731707317,0.00014815712347626686,0,-6,-2,2133.898193359375
7,-0.6585365853658536,0.0001298461138503626,0,-6,-2,2133.898193359375
8,-0.6097560975609756,3.724702037288807e-05,0,-6,-2,2133.898193359375
9,-0.5609756097560976,3.44979957844771e-06,0,-6,-2,2133.898193359375
10,-0.5121951219512195,3.4717847938736668e-06,0,-6,-2,2133.898193359375
11,-0.46341463414634143,6.423230161090032e-07,0,-6,-2,2133.898193359375
12,-0.41463414634146334,4.0879411244532093e-05,0,-6,-2,2133.898193359375
13,-0.36585365853658536,8.102027095446829e-06,0,-6,-2,2133.898193359375
14,-0.31707317073170727,6.793128704885021e-05,0,-6,-2,2133.898193359375
15,-0.2682926829268293,1.1547617759788409e-05,0,-6,-2,2133.898193359375
16,-0.2195121951219512,2.449547901051119e-05,0,-6,-2,2133.898193359375
17,-0.1707317073170731,0.001447640941478312,0,-6,-2,2133.898193359375
18,-0.12195121951219512,2.5723776886366068e-08,0,-6,-2,2133.898193359375
19,-0.07317073170731703,1.8187525711255148e-05,0,-6,-2,2133.898193359375
20,-0.024390243902439046,1.004433124762727e-05,0,-6,-2,2133.898193359375
21,0.024390243902439046,6.104218641667103e-07,0,-6,-2,2133.898193359375
22,0.07317073170731714,1.1574115887924563e-06,0,-6,-2,2133.898193359375
23,0.12195121951219523,1.9059192709391937e-05,0,-6,-2,2133.898193359375
24,0.17073170731707332,1.2751601161653525e-06,0,-6,-2,2133.898193359375
25,0.2195121951219512,2.3067916572472313e-06,0,-6,-2,2133.898193359375
26,0.2682926829268293,8.17721138446359e-06,0,-6,-2,2133.898193359375
27,0.3170731707317074,8.615627302788198e-05,0,-6,-2,2133.898193359375
28,0.36585365853658547,1.827918276831042e-05,0,-6,-2,2133.898193359375
29,0.41463414634146356,5.827734275953844e-05,0,-6,-2,2133.898193359375
30,0.46341463414634143,1.7138145267381333e-05,0,-6,-2,2133.898193359375
31,0.5121951219512195,9.102910553338006e-06,0,-6,-2,2133.898193359375
32,0.5609756097560976,1.042490384861594e-05,0,-6,-2,2133.898193359375
33,0.6097560975609757,3.2699506391509203e-06,0,-6,-2,2133.898193359375
34,0.6585365853658538,0.0,0,-6,-2,2133.898193359375
35,0.7073170731707317,0.0,0,-6,-2,2133.898193359375
36,0.7560975609756098,0.0,0,-6,-2,2133.898193359375
37,0.8048780487804879,0.0,0,-6,-2,2133.898193359375
38,0.853658536585366,0.0,0,-6,-2,2133.898193359375
39,0.902439024390244,0.0,0,-6,-2,2133.898193359375
40,0.9512195121951219,0.0,0,-6,-2,2133.898193359375
41,1.0,0.0,0,-6,-2,2133.898193359375
0,-1.0,0.0,0,-5,-2,2133.898193359375
1,-0.9512195121951219,0.0,0,-5,-2,2133.898193359375
2,-0.9024390243902439,0.0,0,-5,-2,2133.898193359375
3,-0.8536585365853658,0.0,0,-5,-2,2133.898193359375
4,-0.8048780487804879,0.0,0,-5,-2,2133.898193359375
5,-0.7560975609756098,0.0,0,-5,-2,2133.898193359375
6,-0.7073170731707317,0.0,0,-5,-2,2133.898193359375
7,-0.6585365853658536,0.0,0,-5,-2,2133.898193359375
8,-0.6097560975609756,0.0,0,-5,-2,2133.898193359375
9,-0.5609756097560976,0.0,0,-5,-2,2133.898193359375
10,-0.5121951219512195,0.0,0,-5,-2,2133.898193359375
11,-0.46341463414634143,0.0,0,-5,-2,2133.898193359375
12,-0.41463414634146334,0.0,0,-5,-2,2133.898193359375
13,-0.36585365853658536,0.0,0,-5,-2,2133.898193359375
14,-0.31707317073170727,0.0,0,-5,-2,2133.898193359375
15,-0.2682926829268293,0.0,0,-5,-2,2133.898193359375
16,-0.2195121951219512,0.0,0,-5,-2,2133.898193359375
17,-0.1707317073170731,0.0,0,-5,-2,2133.898193359375
18,-0.12195121951219512,3.860701781377429e-06,0,-5,-2,2133.898193359375
19,-0.07317073170731703,1.414168082192191e-06,0,-5,-2,2133.898193359375
20,-0.024390243902439046,1.8602621310037648e-07,0,-5,-2,2133.898193359375
21,0.024390243902439046,9.493869015386736e-07,0,-5,-2,2133.898193359375
22,0.07317073170731714,2.779612032099976e-06,0,-5,-2,2133.898193359375
23,0.12195121951219523,3.1495687835558783e-06,0,-5,-2,2133.898193359375
24,0.17073170731707332,1.2565805263875518e-05,0,-5,-2,2133.898193359375
25,0.2195121951219512,4.795530458068242e-06,0,-5,-2,2133.898193359375
26,0.2682926829268293,5.522320407180814e-06,0,-5,-2,2133.898193359375
27,0.3170731707317074,1.9553282982087694e-05,0,-5,-2,2133.898193359375
28,0.36585365853658547,1.6681311535649e-05,0,-5,-2,2133.898193359375
29,0.41463414634146356,7.059302333800588e-06,0,-5,-2,2133.898193359375
30,0.46341463414634143,5.704518480342813e-05,0,-5,-2,2133.898193359375
31,0.5121951219512195,2.2605903723160736e-05,0,-5,-2,2133.898193359375
32,0.5609756097560976,7.311387435038341e-06,0,-5,-2,2133.898193359375
33,0.6097560975609757,0.00010282154107699171,0,-5,-2,2133.898193359375
34,0.6585365853658538,5.931598934694193e-05,0,-5,-2,2133.898193359375
35,0.7073170731707317,0.0001393544371239841,0,-5,-2,2133.898193359375
36,0.7560975609756098,0.00010648796887835488,0,-5,-2,2133.898193359375
37,0.8048780487804879,0.0019370669033378363,0,-5,-2,2133.898193359375
38,0.853658536585366,0.002121248049661517,0,-5,-2,2133.898193359375
39,0.902439024390244,8.054466161411256e-05,0,-5,-2,2133.898193359375
40,0.9512195121951219,7.969897524162661e-06,0,-5,-2,2133.898193359375
41,1.0,3.687117714434862e-05,0,-5,-2,2133.898193359375
0,-1.0,7.621437544003129e-05,0,-4,-1,2133.898193359375
1,-0.9512195121951219,0.0004973009345121682,0,-4,-1,2133.898193359375
2,-0.9024390243902439,0.003395921317860484,0,-4,-1,2133.898193359375
3,-0.8536585365853658,0.1757587045431137,0,-4,-1,2133.898193359375
4,-0.8048780487804879,0.04253329709172249,0,-4,-1,2133.898193359375
5,-0.7560975609756098,0.0024941491428762674,0,-4,-1,2133.898193359375
6,-0.7073170731707317,0.0005315630114637315,0,-4,-1,2133.898193359375
7,-0.6585365853658536,0.0003518465091474354,0,-4,-1,2133.898193359375
8,-0.6097560975609756,0.0003769668401218951,0,-4,-1,2133.898193359375
9,-0.5609756097560976,4.8773563321447e-05,0,-4,-1,2133.898193359375
10,-0.5121951219512195,5.6044293160084635e-05,0,-4,-1,2133.898193359375
11,-0.46341463414634143,0.00013886336819268763,0,-4,-1,2133.898193359375
12,-0.41463414634146334,6.760335963917896e-05,0,-4,-1,2133.898193359375
13,-0.36585365853658536,4.974679086444667e-06,0,-4,-1,2133.898193359375
14,-0.31707317073170727,4.7256053221644834e-05,0,-4,-1,2133.898193359375
15,-0.2682926829268293,7.71877312217839e-05,0,-4,-1,2133.898193359375
16,-0.2195121951219512,5.809004505863413e-06,0,-4,-1,2133.898193359375
17,-0.1707317073170731,2.6343728677602485e-05,0,-4,-1,2133.898193359375
18,-0.12195121951219512,3.7533212889684364e-05,0,-4,-1,2133.898193359375
19,-0.07317073170731703,4.758293016493553e-06,0,-4,-1,2133.898193359375
20,-0.024390243902439046,7.379114776995266e-06,0,-4,-1,2133.898193359375
21,0.024390243902439046,4.735657057608478e-06,0,-4,-1,2133.898193359375
22,0.07317073170731714,4.2487215978326276e-05,0,-4,-1,2133.898193359375
23,0.12195121951219523,1.9414334019529633e-05,0,-4,-1,2133.898193359375
24,0.17073170731707332,7.650553925486747e-06,0,-4,-1,2133.898193359375
25,0.2195121951219512,2.531635118430131e-06,0,-4,-1,2133.898193359375
26,0.2682926829268293,8.892747246136423e-06,0,-4,-1,2133.898193359375
27,0.3170731707317074,1.8584962163004093e-05,0,-4,-1,2133.898193359375
28,0.36585365853658547,0.0,0,-4,-1,2133.898193359375
29,0.41463414634146356,0.0,0,-4,-1,2133.898193359375
30,0.46341463414634143,0.0,0,-4,-1,2133.898193359375
31,0.5121951219512195,0.0,0,-4,-1,2133.898193359375
32,0.5609756097560976,0.0,0,-4,-1,2133.898193359375
33,0.6097560975609757,0.0,0,-4,-1,2133.898193359375
34,0.6585365853658538,0.0,0,-4,-1,2133.898193359375
35,0.7073170731707317,0.0,0,-4,-1,2133.898193359375
36,0.7560975609756098,0.0,0,-4,-1,2133.898193359375
37,0.8048780487804879,0.0,0,-4,-1,2133.898193359375
38,0.853658536585366,0.0,0,-4,-1,2133.898193359375
39,0.902439024390244,0.0,0,-4,-1,2133.898193359375
40,0.9512195121951219,0.0,0,-4,-1,2133.898193359375
41,1.0,0.0,0,-4,-1,2133.898193359375
0,-1.0,5.870018867426552e-05,0,-3,-1,2133.898193359375
1,-0.9512195121951219,8.615580736659467e-05,0,-3,-1,2133.898193359375
2,-0.9024390243902439,0.00030551390955224633,0,-3,-1,2133.898193359375
3,-0.8536585365853658,0.00017562572611495852,0,-3,-1,2133.898193359375
4,-0.8048780487804879,0.0007652934291400015,0,-3,-1,2133.898193359375
5,-0.7560975609756098,0.00023325736401602626,0,-3,-1,2133.898193359375
6,-0.7073170731707317,0.00014400164945982397,0,-3,-1,2133.898193359375
7,-0.6585365853658536,0.0005817158962599933,0,-3,-1,2133.898193359375
8,-0.6097560975609756,0.00024751186720095575,0,-3,-1,2133.898193359375
9,-0.5609756097560976,9.347802551928908e-05,0,-3,-1,2133.898193359375
10,-0.5121951219512195,0.00015144901408348233,0,-3,-1,2133.898193359375
11,-0.46341463414634143,3.3352425816701725e-05,0,-3,-1,2133.898193359375
12,-0.41463414634146334,0.0006993028218857944,0,-3,-1,2133.898193359375
13,-0.36585365853658536,0.0012019990244880319,0,-3,-1,2133.898193359375
14,-0.31707317073170727,0.0002904943248722702,0,-3,-1,2133.898193359375
15,-0.2682926829268293,0.0005588452331721783,0,-3,-1,2133.898193359375
16,-0.2195121951219512,0.0027302494272589684,0,-3,-1,2133.898193359375
17,-0.1707317073170731,0.0013623993145301938,0,-3,-1,2133.898193359375
18,-0.12195121951219512,9.414978558197618e-05,0,-3,-1,2133.898193359375
19,-0.07317073170731703,0.0031971188727766275,0,-3,-1,2133.898193359375
20,-0.024390243902439046,0.0062018404714763165,0,-3,-1,2133.898193359375
21,0.024390243902439046,0.0008508109604008496,0,-3,-1,2133.898193359375
22,0.07317073170731714,0.002769632963463664,0,-3,-1,2133.898193359375
23,0.12195121951219523,0.008938420563936234,0,-3,-1,2133.898193359375
24,0.17073170731707332,0.0035907544661313295,0,-3,-1,2133.898193359375
25,0.2195121951219512,0.006835383828729391,0,-3,-1,2133.898193359375
26,0.2682926829268293,0.059647753834724426,0,-3,-1,2133.898193359375
27,0.3170731707317074,0.24948152899742126,0,-3,-1,2133.898193359375
28,0.36585365853658547,0.03578009828925133,0,-3,-1,2133.898193359375
29,0.41463414634146356,0.16164246201515198,0,-3,-1,2133.898193359375
30,0.46341463414634143,0.01968422532081604,0,-3,-1,2133.898193359375
31,0.5121951219512195,0.0005502650164999068,0,-3,-1,2133.898193359375
32,0.5609756097560976,0.016951778903603554,0,-3,-1,2133.898193359375
33,0.6097560975609757,0.010014129802584648,0,-3,-1,2133.898193359375
34,0.6585365853658538,0.0007343563484027982,0,-3,-1,2133.898193359375
35,0.7073170731707317,0.00247753132134676,0,-3,-1,2133.898193359375
36,0.7560975609756098,0.0008282129419967532,0,-3,-1,2133.898193359375
37,0.8048780487804879,0.0021320742089301348,0,-3,-1,2133.898193359375
38,0.853658536585366,0.0004278291016817093,0,-3,-1,2133.898193359375
39,0.902439024390244,0.0007589211454614997,0,-3,-1,2133.898193359375
40,0.9512195121951219,0.00033844111021608114,0,-3,-1,2133.898193359375
41,1.0,0.0021048688795417547,0,-3,-1,2133.898193359375
0,-1.0,0.0,0,4,1,2133.898193359375
1,-0.9512195121951219,0.0,0,4,1,2133.898193359375
2,-0.9024390243902439,0.0,0,4,1,2133.898193359375
3,-0.8536585365853658,0.0,0,4,1,2133.898193359375
4,-0.8048780487804879,0.0,0,4,1,2133.898193359375
5,-0.7560975609756098,0.0,0,4,1,2133.898193359375
6,-0.7073170731707317,0.0,0,4,1,2133.898193359375
7,-0.6585365853658536,1.2652988061745418e-06,0,4,1,2133.898193359375
8,-0.6097560975609756,1.9525427887856495e-06,0,4,1,2133.898193359375
9,-0.5609756097560976,7.156759807003255e-07,0,4,1,2133.898193359375
10,-0.5121951219512195,1.6205098063437617e-06,0,4,1,2133.898193359375
11,-0.46341463414634143,1.0170043424295727e-05,0,4,1,2133.898193359375
12,-0.41463414634146334,6.0936454246984795e-06,0,4,1,2133.898193359375
13,-0.36585365853658536,2.0017766644286894e-07,0,4,1,2133.898193359375
14,-0.31707317073170727,1.0713112715166062e-05,0,4,1,2133.898193359375
15,-0.2682926829268293,1.673644692345988e-05,0,4,1,2133.898193359375
16,-0.2195121951219512,2.614695802094502e-07,0,4,1,2133.898193359375
17,-0.1707317073170731,3.563439167919569e-05,0,4,1,2133.898193359375
18,-0.12195121951219512,7.295016257558018e-05,0,4,1,2133.898193359375
19,-0.07317073170731703,9.94823276414536e-05,0,4,1,2133.898193359375
20,-0.024390243902439046,1.0748357453849167e-05,0,4,1,2133.898193359375
21,0.024390243902439046,2.5251572878914885e-05,0,4,1,2133.898193359375
22,0.07317073170731714,7.33660563128069e-05,0,4,1,2133.898193359375
23,0.12195121951219523,8.342762885149568e-05,0,4,1,2133.898193359375
24,0.17073170731707332,4.451413246897573e-07,0,4,1,2133.898193359375
25,0.2195121951219512,1.8533506590756588e-05,0,4,1,2133.898193359375
26,0.2682926829268293,9.784447320271283e-05,0,4,1,2133.898193359375
27,0.3170731707317074,0.0014221856836229563,0,4,1,2133.898193359375
28,0.36585365853658547,0.0005546240136027336,0,4,1,2133.898193359375
29,0.41463414634146356,0.0011702999472618103,0,4,1,2133.898193359375
30,0.46341463414634143,0.0038335174322128296,0,4,1,2133.898193359375
31,0.5121951219512195,0.10504358261823654,0,4,1,2133.898193359375
32,0.5609756097560976,0.002871700329706073,0,4,1,2133.898193359375
33,0.6097560975609757,0.0019871278200298548,0,4,1,2133.898193359375
34,0.6585365853658538,9.25197746255435e-05,0,4,1,2133.898193359375
35,0.7073170731707317,0.00023495053756050766,0,4,1,2133.898193359375
36,0.7560975609756098,0.0007085611578077078,0,4,1,2133.898193359375
37,0.8048780487804879,0.00016152180614881217,0,4,1,2133.898193359375
38,0.853658536585366,0.00016177582438103855,0,4,1,2133.898193359375
39,0.902439024390244,7.677724170207512e-06,0,4,1,2133.898193359375
40,0.9512195121951219,5.944512668065727e-05,0,4,1,2133.898193359375
41,1.0,1.59904666361399e-05,0,4,1,2133.898193359375
0,-1.0,0.0,0,5,1,2133.898193359375
1,-0.9512195121951219,0.0,0,5,1,2133.898193359375
2,-0.9024390243902439,1.4723090657753346e-07,0,5,1,2133.898193359375
3,-0.8536585365853658,1.1311265097901924e-06,0,5,1,2133.898193359375
4,-0.8048780487804879,5.456932399283687e-07,0,5,1,2133.898193359375
5,-0.7560975609756098,5.620761839963961e-06,0,5,1,2133.898193359375
6,-0.7073170731707317,5.872024757991312e-06,0,5,1,2133.898193359375
7,-0.6585365853658536,7.187244364104117e-07,0,5,1,2133.898193359375
8,-0.6097560975609756,1.1781661442000768e-06,0,5,1,2133.898193359375
9,-0.5609756097560976,6.303213012870401e-06,0,5,1,2133.898193359375
10,-0.5121951219512195,2.0219282305333763e-05,0,5,1,2133.898193359375
11,-0.46341463414634143,9.277079698222224e-06,0,5,1,2133.898193359375
12,-0.41463414634146334,9.03439740795875e-06,0,5,1,2133.898193359375
13,-0.36585365853658536,1.1122890100523364e-05,0,5,1,2133.898193359375
14,-0.31707317073170727,1.9901094674423803e-06,0,5,1,2133.898193359375
15,-0.2682926829268293,3.6112712678004755e-06,0,5,1,2133.898193359375
16,-0.2195121951219512,1.2513313777162693e-05,0,5,1,2133.898193359375
17,-0.1707317073170731,3.87836962545407e-07,0,5,1,2133.898193359375
18,-0.12195121951219512,1.1690767678373959e-05,0,5,1,2133.898193359375
19,-0.07317073170731703,0.00014190899673849344,0,5,1,2133.898193359375
20,-0.024390243902439046,0.00027634698199108243,0,5,1,2133.898193359375
21,0.024390243902439046,0.005594443529844284,0,5,1,2133.898193359375
22,0.07317073170731714,0.00027870817575603724,0,5,1,2133.898193359375
23,0.12195121951219523,3.693221879075281e-05,0,5,1,2133.898193359375
24,0.17073170731707332,5.520762442756677e-06,0,5,1,2133.898193359375
25,0.2195121951219512,3.483226100797765e-05,0,5,1,2133.898193359375
26,0.2682926829268293,4.332726348366123e-06,0,5,1,2133.898193359375
27,0.3170731707317074,5.897558821743587e-06,0,5,1,2133.898193359375
28,0.36585365853658547,7.585605089843739e-06,0,5,1,2133.898193359375
29,0.41463414634146356,7.611127443851728e-07,0,5,1,2133.898193359375
30,0.46341463414634143,2.043794211203931e-06,0,5,1,2133.898193359375
31,0.5121951219512195,6.185336678754538e-05,0,5,1,2133.898193359375
32,0.5609756097560976,2.157102926503285e-06,0,5,1,2133.898193359375
33,0.6097560975609757,2.4682933030817367e-07,0,5,1,2133.898193359375
34,0.6585365853658538,1.1412782896513818e-06,0,5,1,2133.898193359375
35,0.7073170731707317,9.665204743214417e-06,0,5,1,2133.898193359375
36,0.7560975609756098,8.8816550487536e-06,0,5,1,2133.898193359375
37,0.8048780487804879,5.161837179912254e-07,0,5,1,2133.898193359375
38,0.853658536585366,1.612531195860356e-05,0,5,1,2133.898193359375
39,0.902439024390244,1.0900945198955014e-05,0,5,1,2133.898193359375
40,0.9512195121951219,3.7603138025588123e-07,0,5,1,2133.898193359375
41,1.0,6.947330462026002e-07,0,5,1,2133.898193359375
0,-1.0,2.549942109908443e-06,0,6,1,2133.898193359375
1,-0.9512195121951219,7.973850415510242e-07,0,6,1,2133.898193359375
2,-0.9024390243902439,4.4443015667638974e-07,0,6,1,2133.898193359375
3,-0.8536585365853658,1.185330091857395e-07,0,6,1,2133.898193359375
4,-0.8048780487804879,3.1029032925289357e-06,0,6,1,2133.898193359375
5,-0.7560975609756098,5.307130413712002e-05,0,6,1,2133.898193359375
6,-0.7073170731707317,5.810939910588786e-05,0,6,1,2133.898193359375
7,-0.6585365853658536,7.698095942032523e-06,0,6,1,2133.898193359375
8,-0.6097560975609756,3.854873739328468e-06,0,6,1,2133.898193359375
9,-0.5609756097560976,6.6673269429884385e-06,0,6,1,2133.898193359375
10,-0.5121951219512195,1.2409711416694336e-05,0,6,1,2133.898193359375
11,-0.46341463414634143,5.727578536607325e-05,0,6,1,2133.898193359375
12,-0.41463414634146334,7.481364445993677e-05,0,6,1,2133.898193359375
13,-0.36585365853658536,0.00019654240168165416,0,6,1,2133.898193359375
14,-0.31707317073170727,6.632781150983647e-05,0,6,1,2133.898193359375
15,-0.2682926829268293,8.50641808938235e-05,0,6,1,2133.898193359375
16,-0.2195121951219512,0.0036695734597742558,0,6,1,2133.898193359375
17,-0.1707317073170731,6.692443275824189e-05,0,6,1,2133.898193359375
18,-0.12195121951219512,5.0520065997261554e-05,0,6,1,2133.898193359375
19,-0.07317073170731703,4.3868261855095625e-05,0,6,1,2133.898193359375
20,-0.024390243902439046,7.997305147000588e-06,0,6,1,2133.898193359375
21,0.024390243902439046,1.9014394183614058e-06,0,6,1,2133.898193359375
22,0.07317073170731714,1.6861046105987043e-06,0,6,1,2133.898193359375
23,0.12195121951219523,4.120795438211644e-06,0,6,1,2133.898193359375
24,0.17073170731707332,1.357900828224956e-06,0,6,1,2133.898193359375
25,0.2195121951219512,4.672477189160418e-06,0,6,1,2133.898193359375
26,0.2682926829268293,1.4009239066581358e-06,0,6,1,2133.898193359375
27,0.3170731707317074,7.975829703354975e-07,0,6,1,2133.898193359375
28,0.36585365853658547,3.995549832325196e-06,0,6,1,2133.898193359375
29,0.41463414634146356,3.4663657970668282e-06,0,6,1,2133.898193359375
30,0.46341463414634143,9.219651708747278e-09,0,6,1,2133.898193359375
31,0.5121951219512195,1.0840208233275916e-05,0,6,1,2133.898193359375
32,0.5609756097560976,6.908069281053031e-07,0,6,1,2133.898193359375
33,0.6097560975609757,0.0,0,6,1,2133.898193359375
34,0.6585365853658538,0.0,0,6,1,2133.898193359375
35,0.7073170731707317,0.0,0,6,1,2133.898193359375
36,0.7560975609756098,0.0,0,6,1,2133.898193359375
37,0.8048780487804879,0.0,0,6,1,2133.898193359375
38,0.853658536585366,0.0,0,6,1,2133.898193359375
39,0.902439024390244,0.0,0,6,1,2133.898193359375
40,0.9512195121951219,0.0,0,6,1,2133.898193359375
41,1.0,0.0,0,6,1,2133.898193359375
0,-1.0,1.9680489913298516e-06,0,7,1,2133.898193359375
1,-0.9512195121951219,8.36403251014417e-06,0,7,1,2133.898193359375
2,-0.9024390243902439,3.463664825176238e-06,0,7,1,2133.898193359375
3,-0.8536585365853658,3.3374965369148413e-06,0,7,1,2133.898193359375
4,-0.8048780487804879,2.4618395400466397e-05,0,7,1,2133.898193359375
5,-0.7560975609756098,9.846613102126867e-05,0,7,1,2133.898193359375
6,-0.7073170731707317,1.7909813323058188e-05,0,7,1,2133.898193359375
7,-0.6585365853658536,3.558636308298446e-05,0,7,1,2133.898193359375
8,-0.6097560975609756,4.6619032218586653e-05,0,7,1,2133.898193359375
9,-0.5609756097560976,0.00010613194899633527,0,7,1,2133.898193359375
10,-0.5121951219512195,0.00014765594096388668,0,7,1,2133.898193359375
11,-0.46341463414634143,0.0013467404060065746,0,7,1,2133.898193359375
12,-0.41463414634146334,0.0020620061550289392,0,7,1,2133.898193359375
13,-0.36585365853658536,0.03708992525935173,0,7,1,2133.898193359375
14,-0.31707317073170727,0.0011212099343538284,0,7,1,2133.898193359375
15,-0.2682926829268293,0.0003357798559591174,0,7,1,2133.898193359375
16,-0.2195121951219512,0.00011514495417941362,0,7,1,2133.898193359375
17,-0.1707317073170731,8.878415246726945e-05,0,7,1,2133.898193359375
18,-0.12195121951219512,7.084479148034006e-05,0,7,1,2133.898193359375
19,-0.07317073170731703,3.2799853215692565e-05,0,7,1,2133.898193359375
20,-0.024390243902439046,3.138640749966726e-05,0,7,1,2133.898193359375
21,0.024390243902439046,1.185193468700163e-05,0,7,1,2133.898193359375
22,0.07317073170731714,1.5366929801530205e-05,0,7,1,2133.898193359375
23,0.12195121951219523,2.1060282961116172e-05,0,7,1,2133.898193359375
24,0.17073170731707332,1.2334629900578875e-05,0,7,1,2133.898193359375
25,0.2195121951219512,9.775044418347534e-06,0,7,1,2133.898193359375
26,0.2682926829268293,9.268852409149986e-06,0,7,1,2133.898193359375
27,0.3170731707317074,8.209005500248168e-06,0,7,1,2133.898193359375
28,0.36585365853658547,0.0,0,7,1,2133.898193359375
29,0.41463414634146356,0.0,0,7,1,2133.898193359375
30,0.46341463414634143,0.0,0,7,1,2133.898193359375
31,0.5121951219512195,0.0,0,7,1,2133.898193359375
32,0.5609756097560976,0.0,0,7,1,2133.898193359375
33,0.6097560975609757,0.0,0,7,1,2133.898193359375
34,0.6585365853658538,0.0,0,7,1,2133.898193359375
35,0.7073170731707317,0.0,0,7,1,2133.898193359375
36,0.7560975609756098,0.0,0,7,1,2133.898193359375
37,0.8048780487804879,0.0,0,7,1,2133.898193359375
38,0.853658536585366,0.0,0,7,1,2133.898193359375
39,0.902439024390244,0.0,0,7,1,2133.898193359375
40,0.9512195121951219,0.0,0,7,1,2133.898193359375
41,1.0,0.0,0,7,1,2133.898193359375
0,-1.0,9.336062248621602e-06,0,8,1,2133.898193359375
1,-0.9512195121951219,2.110678906319663e-06,0,8,1,2133.898193359375
2,-0.9024390243902439,4.516463832260342e-06,0,8,1,2133.898193359375
3,-0.8536585365853658,6.8835979618597776e-06,0,8,1,2133.898193359375
4,-0.8048780487804879,4.049094059155323e-06,0,8,1,2133.898193359375
5,-0.7560975609756098,1.5936722775222734e-05,0,8,1,2133.898193359375
6,-0.7073170731707317,4.071640887559624e-06,0,8,1,2133.898193359375
7,-0.6585365853658536,2.323234411960584e-06,0,8,1,2133.898193359375
8,-0.6097560975609756,7.605927294207504e-06,0,8,1,2133.898193359375
9,-0.5609756097560976,3.559767662864033e-07,0,8,1,2133.898193359375
10,-0.5121951219512195,0.00010688855400076136,0,8,1,2133.898193359375
11,-0.46341463414634143,0.004054843448102474,0,8,1,2133.898193359375
12,-0.41463414634146334,0.0003771614283323288,0,8,1,2133.898193359375
13,-0.36585365853658536,0.0004452680004760623,0,8,1,2133.898193359375
14,-0.31707317073170727,5.2617164328694344e-05,0,8,1,2133.898193359375
15,-0.2682926829268293,2.173379698433564e-06,0,8,1,2133.898193359375
16,-0.2195121951219512,1.0217692761216313e-05,0,8,1,2133.898193359375
17,-0.1707317073170731,1.1708409886068694e-07,0,8,1,2133.898193359375
18,-0.12195121951219512,1.2598173952937941e-06,0,8,1,2133.898193359375
19,-0.07317073170731703,1.641862695578311e-06,0,8,1,2133.898193359375
20,-0.024390243902439046,2.4415121515630744e-06,0,8,1,2133.898193359375
21,0.024390243902439046,4.4245240360396565e-07,0,8,1,2133.898193359375
22,0.07317073170731714,3.6665261404777993e-07,0,8,1,2133.898193359375
23,0.12195121951219523,5.812619363609883e-08,0,8,1,2133.898193359375
24,0.17073170731707332,8.664322592721874e-08,0,8,1,2133.898193359375
25,0.2195121951219512,0.0,0,8,1,2133.898193359375
26,0.2682926829268293,0.0,0,8,1,2133.898193359375
27,0.3170731707317074,0.0,0,8,1,2133.898193359375
28,0.36585365853658547,0.0,0,8,1,2133.898193359375
29,0.41463414634146356,0.0,0,8,1,2133.898193359375
30,0.46341463414634143,0.0,0,8,1,2133.898193359375
31,0.5121951219512195,0.0,0,8,1,2133.898193359375
32,0.5609756097560976,0.0,0,8,1,2133.898193359375
33,0.6097560975609757,0.0,0,8,1,2133.898193359375
34,0.6585365853658538,0.0,0,8,1,2133.898193359375
35,0.7073170731707317,0.0,0,8,1,2133.898193359375
36,0.7560975609756098,0.0,0,8,1,2133.898193359375
37,0.8048780487804879,0.0,0,8,1,2133.898193359375
38,0.853658536585366,0.0,0,8,1,2133.898193359375
39,0.902439024390244,0.0,0,8,1,2133.898193359375
40,0.9512195121951219,0.0,0,8,1,2133.898193359375
41,1.0,0.0,0,8,1,2133.898193359375
0,-1.0,1.5990512736152596e-07,0,9,1,2133.898193359375
1,-0.9512195121951219,7.949455493871938e-07,0,9,1,2133.898193359375
2,-0.9024390243902439,7.748390657980053e-07,0,9,1,2133.898193359375
3,-0.8536585365853658,2.0369718356505473e-08,0,9,1,2133.898193359375
4,-0.8048780487804879,2.0814488834730582e-06,0,9,1,2133.898193359375
5,-0.7560975609756098,1.0177782314713113e-05,0,9,1,2133.898193359375
6,-0.7073170731707317,4.699345481640194e-06,0,9,1,2133.898193359375
7,-0.6585365853658536,1.1453259958216222e-06,0,9,1,2133.898193359375
8,-0.6097560975609756,5.203964974498376e-07,0,9,1,2133.898193359375
9,-0.5609756097560976,1.7923366613104008e-05,0,9,1,2133.898193359375
10,-0.5121951219512195,3.6072131479159e-05,0,9,1,2133.898193359375
11,-0.46341463414634143,0.018442025408148766,0,9,1,2133.898193359375
12,-0.41463414634146334,0.00010739183926489204,0,9,1,2133.898193359375
13,-0.36585365853658536,5.94256489421241e-05,0,9,1,2133.898193359375
14,-0.31707317073170727,1.0752994512586156e-06,0,9,1,2133.898193359375
15,-0.2682926829268293,4.5104732748768583e-07,0,9,1,2133.898193359375
16,-0.2195121951219512,5.277842660689203e-07,0,9,1,2133.898193359375
17,-0.1707317073170731,2.15660020330688e-06,0,9,1,2133.898193359375
18,-0.12195121951219512,3.734555207302037e-07,0,9,1,2133.898193359375
19,-0.07317073170731703,1.9556917152385722e-07,0,9,1,2133.898193359375
20,-0.024390243902439046,4.3585524167610856e-07,0,9,1,2133.898193359375
21,0.024390243902439046,6.18114256667468e-07,0,9,1,2133.898193359375
22,0.07317073170731714,1.4167754898153362e-06,0,9,1,2133.898193359375
23,0.12195121951219523,0.0,0,9,1,2133.898193359375
24,0.17073170731707332,0.0,0,9,1,2133.898193359375
25,0.2195121951219512,0.0,0,9,1,2133.898193359375
26,0.2682926829268293,0.0,0,9,1,2133.898193359375
27,0.3170731707317074,0.0,0,9,1,2133.898193359375
28,0.36585365853658547,0.0,0,9,1,2133.898193359375
29,0.41463414634146356,0.0,0,9,1,2133.898193359375
30,0.46341463414634143,0.0,0,9,1,2133.898193359375
31,0.5121951219512195,0.0,0,9,1,2133.898193359375
32,0.5609756097560976,0.0,0,9,1,2133.898193359375
33,0.6097560975609757,0.0,0,9,1,2133.898193359375
34,0.6585365853658538,0.0,0,9,1,2133.898193359375
35,0.7073170731707317,0.0,0,9,1,2133.898193359375
36,0.7560975609756098,0.0,0,9,1,2133.898193359375
37,0.8048780487804879,0.0,0,9,1,2133.898193359375
38,0.853658536585366,0.0,0,9,1,2133.898193359375
39,0.902439024390244,0.0,0,9,1,2133.898193359375
40,0.9512195121951219,0.0,0,9,1,2133.898193359375
41,1.0,0.0,0,9,1,2133.898193359375
0,-1.0,0.0,1,-8,-7,2133.898193359375
1,-0.9512195121951219,0.0,1,-8,-7,2133.898193359375
2,-0.9024390243902439,0.0,1,-8,-7,2133.898193359375
3,-0.8536585365853658,0.0,1,-8,-7,2133.898193359375
4,-0.8048780487804879,0.0,1,-8,-7,2133.898193359375
5,-0.7560975609756098,0.0,1,-8,-7,2133.898193359375
6,-0.7073170731707317,0.0,1,-8,-7,2133.898193359375
7,-0.6585365853658536,0.0,1,-8,-7,2133.898193359375
8,-0.6097560975609756,0.0,1,-8,-7,2133.898193359375
9,-0.5609756097560976,0.0,1,-8,-7,2133.898193359375
10,-0.5121951219512195,0.0,1,-8,-7,2133.898193359375
11,-0.46341463414634143,0.0,1,-8,-7,2133.898193359375
12,-0.41463414634146334,0.0,1,-8,-7,2133.898193359375
13,-0.36585365853658536,0.0,1,-8,-7,2133.898193359375
14,-0.31707317073170727,0.0,1,-8,-7,2133.898193359375
15,-0.2682926829268293,0.0,1,-8,-7,2133.898193359375
16,-0.2195121951219512,1.5843287570760367e-08,1,-8,-7,2133.898193359375
17,-0.1707317073170731,1.8357827968884521e-07,1,-8,-7,2133.898193359375
18,-0.12195121951219512,1.255187669357838e-07,1,-8,-7,2133.898193359375
19,-0.07317073170731703,2.2751316919311648e-07,1,-8,-7,2133.898193359375
20,-0.024390243902439046,5.4890865612833295e-06,1,-8,-7,2133.898193359375
21,0.024390243902439046,1.2648052916119923e-07,1,-8,-7,2133.898193359375
22,0.07317073170731714,3.056267985357408e-07,1,-8,-7,2133.898193359375
23,0.12195121951219523,2.547265580687963e-07,1,-8,-7,2133.898193359375
24,0.17073170731707332,1.3602015087599284e-06,1,-8,-7,2133.898193359375
25,0.2195121951219512,2.4069797291303985e-05,1,-8,-7,2133.898193359375
26,0.2682926829268293,7.525135515606962e-06,1,-8,-7,2133.898193359375
27,0.3170731707317074,2.584974208730273e-05,1,-8,-7,2133.898193359375
28,0.36585365853658547,0.010763123631477356,1,-8,-7,2133.898193359375
29,0.41463414634146356,0.0002893724595196545,1,-8,-7,2133.898193359375
30,0.46341463414634143,1.2716838682536036e-05,1,-8,-7,2133.898193359375
31,0.5121951219512195,8.021510438993573e-06,1,-8,-7,2133.898193359375
32,0.5609756097560976,3.4733392340058344e-07,1,-8,-7,2133.898193359375
33,0.6097560975609757,2.902953610828263e-07,1,-8,-7,2133.898193359375
34,0.6585365853658538,1.5922953480185242e-06,1,-8,-7,2133.898193359375
35,0.7073170731707317,1.6921414669468504e-07,1,-8,-7,2133.898193359375
36,0.7560975609756098,7.677413691453694e-07,1,-8,-7,2133.898193359375
37,0.8048780487804879,4.714355327450903e-06,1,-8,-7,2133.898193359375
38,0.853658536585366,1.6391978761021164e-06,1,-8,-7,2133.898193359375
39,0.902439024390244,1.9860030420204566e-07,1,-8,-7,2133.898193359375
40,0.9512195121951219,2.8294957701291423e-06,1,-8,-7,2133.898193359375
41,1.0,0.0,1,-8,-7,2133.898193359375
0,-1.0,6.265994443310774e-07,1,-7,-6,2133.898193359375
1,-0.9512195121951219,9.119071364693809e-07,1,-7,-6,2133.898193359375
2,-0.9024390243902439,1.1497250085312771e-07,1,-7,-6,2133.898193359375
3,-0.8536585365853658,2.3704491468379274e-05,1,-7,-6,2133.898193359375
4,-0.8048780487804879,1.1409879334678408e-05,1,-7,-6,2133.898193359375
5,-0.7560975609756098,7.592714155180147e-06,1,-7,-6,2133.898193359375
6,-0.7073170731707317,1.6977992345346138e-05,1,-7,-6,2133.898193359375
7,-0.6585365853658536,1.7625665350351483e-05,1,-7,-6,2133.898193359375
8,-0.6097560975609756,2.678748387552332e-05,1,-7,-6,2133.898193359375
9,-0.5609756097560976,2.718713767535519e-05,1,-7,-6,2133.898193359375
10,-0.5121951219512195,1.757351856213063e-05,1,-7,-6,2133.898193359375
11,-0.46341463414634143,3.713937257998623e-05,1,-7,-6,2133.898193359375
12,-0.41463414634146334,0.03344685956835747,1,-7,-6,2133.898193359375
13,-0.36585365853658536,1.4922778973414097e-05,1,-7,-6,2133.898193359375
14,-0.31707317073170727,1.744966175465379e-05,1,-7,-6,2133.898193359375
15,-0.2682926829268293,2.2339927454595454e-05,1,-7,-6,2133.898193359375
16,-0.2195121951219512,1.1452046237536706e-05,1,-7,-6,2133.898193359375
17,-0.1707317073170731,8.190824701159727e-06,1,-7,-6,2133.898193359375
18,-0.12195121951219512,1.7280008250963874e-05,1,-7,-6,2133.898193359375
19,-0.07317073170731703,2.64680329564726e-06,1,-7,-6,2133.898193359375
20,-0.024390243902439046,8.043310117500369e-06,1,-7,-6,2133.898193359375
21,0.024390243902439046,6.691690487059532e-06,1,-7,-6,2133.898193359375
22,0.07317073170731714,6.526560127895209e-07,1,-7,-6,2133.898193359375
23,0.12195121951219523,3.2818377803778276e-05,1,-7,-6,2133.898193359375
24,0.17073170731707332,3.91259618481854e-07,1,-7,-6,2133.898193359375
25,0.2195121951219512,4.4114406705375586e-07,1,-7,-6,2133.898193359375
26,0.2682926829268293,3.18803756726993e-08,1,-7,-6,2133.898193359375
27,0.3170731707317074,0.0,1,-7,-6,2133.898193359375
28,0.36585365853658547,0.0,1,-7,-6,2133.898193359375
29,0.41463414634146356,0.0,1,-7,-6,2133.898193359375
30,0.46341463414634143,0.0,1,-7,-6,2133.898193359375
31,0.5121951219512195,0.0,1,-7,-6,2133.898193359375
32,0.5609756097560976,0.0,1,-7,-6,2133.898193359375
33,0.6097560975609757,0.0,1,-7,-6,2133.898193359375
34,0.6585365853658538,0.0,1,-7,-6,2133.898193359375
35,0.7073170731707317,0.0,1,-7,-6,2133.898193359375
36,0.7560975609756098,0.0,1,-7,-6,2133.898193359375
37,0.8048780487804879,0.0,1,-7,-6,2133.898193359375
38,0.853658536585366,0.0,1,-7,-6,2133.898193359375
39,0.902439024390244,0.0,1,-7,-6,2133.898193359375
40,0.9512195121951219,0.0,1,-7,-6,2133.898193359375
41,1.0,0.0,1,-7,-6,2133.898193359375
0,-1.0,0.0,1,-6,-6,2133.898193359375
1,-0.9512195121951219,0.0,1,-6,-6,2133.898193359375
2,-0.9024390243902439,0.0,1,-6,-6,2133.898193359375
3,-0.8536585365853658,0.0,1,-6,-6,2133.898193359375
4,-0.8048780487804879,0.0,1,-6,-6,2133.898193359375
5,-0.7560975609756098,0.0,1,-6,-6,2133.898193359375
6,-0.7073170731707317,0.0,1,-6,-6,2133.898193359375
7,-0.6585365853658536,0.0,1,-6,-6,2133.898193359375
8,-0.6097560975609756,0.0,1,-6,-6,2133.898193359375
9,-0.5609756097560976,0.0,1,-6,-6,2133.898193359375
10,-0.5121951219512195,0.0,1,-6,-6,2133.898193359375
11,-0.46341463414634143,0.0,1,-6,-6,2133.898193359375
12,-0.41463414634146334,0.0,1,-6,-6,2133.898193359375
13,-0.36585365853658536,3.818042387138121e-06,1,-6,-6,2133.898193359375
14,-0.31707317073170727,3.413007561903214e-06,1,-6,-6,2133.898193359375
15,-0.2682926829268293,4.682180133386282e-06,1,-6,-6,2133.898193359375
16,-0.2195121951219512,5.690340003638994e-06,1,-6,-6,2133.898193359375
17,-0.1707317073170731,8.175228686013725e-06,1,-6,-6,2133.898193359375
18,-0.12195121951219512,1.1845502740470693e-05,1,-6,-6,2133.898193359375
19,-0.07317073170731703,9.655329449742567e-06,1,-6,-6,2133.898193359375
20,-0.024390243902439046,4.949751200911123e-06,1,-6,-6,2133.898193359375
21,0.024390243902439046,2.1998199372319505e-05,1,-6,-6,2133.898193359375
22,0.07317073170731714,4.060082937940024e-05,1,-6,-6,2133.898193359375
23,0.12195121951219523,7.552128408860881e-06,1,-6,-6,2133.898193359375
24,0.17073170731707332,2.8605116312974133e-05,1,-6,-6,2133.898193359375
25,0.2195121951219512,1.5630395864718594e-05,1,-6,-6,2133.898193359375
26,0.2682926829268293,0.00015190594422165304,1,-6,-6,2133.898193359375
27,0.3170731707317074,0.00031576541368849576,1,-6,-6,2133.898193359375
28,0.36585365853658547,7.217036181828007e-05,1,-6,-6,2133.898193359375
29,0.41463414634146356,0.042964886873960495,1,-6,-6,2133.898193359375
30,0.46341463414634143,0.0016198756638914347,1,-6,-6,2133.898193359375
31,0.5121951219512195,0.0019072451395913959,1,-6,-6,2133.898193359375
32,0.5609756097560976,0.00011720693146344274,1,-6,-6,2133.898193359375
33,0.6097560975609757,7.30211177142337e-05,1,-6,-6,2133.898193359375
34,0.6585365853658538,3.5787303204415366e-05,1,-6,-6,2133.898193359375
35,0.7073170731707317,1.3372670764510985e-05,1,-6,-6,2133.898193359375
36,0.7560975609756098,1.1970538253081031e-05,1,-6,-6,2133.898193359375
37,0.8048780487804879,7.376471330644563e-06,1,-6,-6,2133.898193359375
38,0.853658536585366,1.5065743355080485e-05,1,-6,-6,2133.898193359375
39,0.902439024390244,2.1078183181089116e-06,1,-6,-6,2133.898193359375
40,0.9512195121951219,1.3865822438674513e-05,1,-6,-6,2133.898193359375
41,1.0,4.337447080615675e-06,1,-6,-6,2133.898193359375
0,-1.0,0.00024042966833803803,1,-5,-5,2133.898193359375
1,-0.9512195121951219,0.0011017863871529698,1,-5,-5,2133.898193359375
2,-0.9024390243902439,0.0069770668633282185,1,-5,-5,2133.898193359375
3,-0.8536585365853658,0.22368399798870087,1,-5,-5,2133.898193359375
4,-0.8048780487804879,0.0033776035998016596,1,-5,-5,2133.898193359375
5,-0.7560975609756098,0.0006881659501232207,1,-5,-5,2133.898193359375
6,-0.7073170731707317,0.0005587551859207451,1,-5,-5,2133.898193359375
7,-0.6585365853658536,0.0003473286051303148,1,-5,-5,2133.898193359375
8,-0.6097560975609756,0.00013706329627893865,1,-5,-5,2133.898193359375
9,-0.5609756097560976,0.00014654667756985873,1,-5,-5,2133.898193359375
10,-0.5121951219512195,9.646754915593192e-05,1,-5,-5,2133.898193359375
11,-0.46341463414634143,5.014587804907933e-05,1,-5,-5,2133.898193359375
12,-0.41463414634146334,4.382193583296612e-05,1,-5,-5,2133.898193359375
13,-0.36585365853658536,1.497336688771611e-05,1,-5,-5,2133.898193359375
14,-0.31707317073170727,8.988105946627911e-06,1,-5,-5,2133.898193359375
15,-0.2682926829268293,6.076719273551134e-06,1,-5,-5,2133.898193359375
16,-0.2195121951219512,4.297024588595377e-06,1,-5,-5,2133.898193359375
17,-0.1707317073170731,2.1560814275289886e-05,1,-5,-5,2133.898193359375
18,-0.12195121951219512,6.7385653892415576e-06,1,-5,-5,2133.898193359375
19,-0.07317073170731703,1.1630540029727854e-05,1,-5,-5,2133.898193359375
20,-0.024390243902439046,1.0721096259658225e-05,1,-5,-5,2133.898193359375
21,0.024390243902439046,5.828360372106545e-06,1,-5,-5,2133.898193359375
22,0.07317073170731714,1.008732488116948e-05,1,-5,-5,2133.898193359375
23,0.12195121951219523,3.1040410704008536e-06,1,-5,-5,2133.898193359375
24,0.17073170731707332,0.0,1,-5,-5,2133.898193359375
25,0.2195121951219512,0.0,1,-5,-5,2133.898193359375
26,0.2682926829268293,0.0,1,-5,-5,2133.898193359375
27,0.3170731707317074,0.0,1,-5,-5,2133.898193359375
28,0.36585365853658547,0.0,1,-5,-5,2133.898193359375
29,0.41463414634146356,0.0,1,-5,-5,2133.898193359375
30,0.46341463414634143,0.0,1,-5,-5,2133.898193359375
31,0.5121951219512195,0.0,1,-5,-5,2133.898193359375
32,0.5609756097560976,0.0,1,-5,-5,2133.898193359375
33,0.6097560975609757,0.0,1,-5,-5,2133.898193359375
34,0.6585365853658538,0.0,1,-5,-5,2133.898193359375
35,0.7073170731707317,0.0,1,-5,-5,2133.898193359375
36,0.7560975609756098,0.0,1,-5,-5,2133.898193359375
37,0.8048780487804879,0.0,1,-5,-5,2133.898193359375
38,0.853658536585366,0.0,1,-5,-5,2133.898193359375
39,0.902439024390244,0.0,1,-5,-5,2133.898193359375
40,0.9512195121951219,0.0,1,-5,-5,2133.898193359375
41,1.0,0.0,1,-5,-5,2133.898193359375
0,-1.0,1.7386419131071307e-05,1,-4,-5,2133.898193359375
1,-0.9512195121951219,3.3323769457638264e-05,1,-4,-5,2133.898193359375
2,-0.9024390243902439,3.519756501191296e-05,1,-4,-5,2133.898193359375
3,-0.8536585365853658,1.3822571418131702e-05,1,-4,-5,2133.898193359375
4,-0.8048780487804879,7.617387745995075e-05,1,-4,-5,2133.898193359375
5,-0.7560975609756098,0.00013899012992624193,1,-4,-5,2133.898193359375
6,-0.7073170731707317,0.00016711768694221973,1,-4,-5,2133.898193359375
7,-0.6585365853658536,3.4065435556840384e-06,1,-4,-5,2133.898193359375
8,-0.6097560975609756,8.100848936010152e-05,1,-4,-5,2133.898193359375
9,-0.5609756097560976,7.24715500837192e-05,1,-4,-5,2133.898193359375
10,-0.5121951219512195,4.4615098886424676e-05,1,-4,-5,2133.898193359375
11,-0.46341463414634143,1.467332913307473e-05,1,-4,-5,2133.898193359375
12,-0.41463414634146334,2.8833143005613238e-05,1,-4,-5,2133.898193359375
13,-0.36585365853658536,4.2940591811202466e-05,1,-4,-5,2133.898193359375
14,-0.31707317073170727,0.00010553451284067705,1,-4,-5,2133.898193359375
15,-0.2682926829268293,8.694553798704874e-06,1,-4,-5,2133.898193359375
16,-0.2195121951219512,1.9937528122682124e-05,1,-4,-5,2133.898193359375
17,-0.1707317073170731,0.0003784705186262727,1,-4,-5,2133.898193359375
18,-0.12195121951219512,0.00022539713245350868,1,-4,-5,2133.898193359375
19,-0.07317073170731703,0.00041962991235777736,1,-4,-5,2133.898193359375
20,-0.024390243902439046,0.00026315872673876584,1,-4,-5,2133.898193359375
21,0.024390243902439046,0.0005929141771048307,1,-4,-5,2133.898193359375
22,0.07317073170731714,0.0008580355788581073,1,-4,-5,2133.898193359375
23,0.12195121951219523,0.016195418313145638,1,-4,-5,2133.898193359375
24,0.17073170731707332,0.0006804443546570837,1,-4,-5,2133.898193359375
25,0.2195121951219512,0.001585874822922051,1,-4,-5,2133.898193359375
26,0.2682926829268293,2.1717687559430487e-05,1,-4,-5,2133.898193359375
27,0.3170731707317074,0.0013870045077055693,1,-4,-5,2133.898193359375
28,0.36585365853658547,0.00027926749316975474,1,-4,-5,2133.898193359375
29,0.41463414634146356,0.000360256468411535,1,-4,-5,2133.898193359375
30,0.46341463414634143,0.0001690330682322383,1,-4,-5,2133.898193359375
31,0.5121951219512195,2.2564432583749294e-05,1,-4,-5,2133.898193359375
32,0.5609756097560976,1.7344244042760693e-05,1,-4,-5,2133.898193359375
33,0.6097560975609757,7.570922025479376e-05,1,-4,-5,2133.898193359375
34,0.6585365853658538,1.7478700101491995e-05,1,-4,-5,2133.898193359375
35,0.7073170731707317,3.365146403666586e-05,1,-4,-5,2133.898193359375
36,0.7560975609756098,2.0464533008635044e-05,1,-4,-5,2133.898193359375
37,0.8048780487804879,9.181546920444816e-05,1,-4,-5,2133.898193359375
38,0.853658536585366,2.1225749151199125e-05,1,-4,-5,2133.898193359375
39,0.902439024390244,3.2133739296114072e-06,1,-4,-5,2133.898193359375
40,0.9512195121951219,5.5034734032233246e-06,1,-4,-5,2133.898193359375
41,1.0,0.00012997760495636612,1,-4,-5,2133.898193359375
0,-1.0,0.0019582833629101515,1,-1,-4,2133.898193359375
1,-0.9512195121951219,0.0005341486539691687,1,-1,-4,2133.898193359375
2,-0.9024390243902439,8.807803533272818e-05,1,-1,-4,2133.898193359375
3,-0.8536585365853658,0.0009633422596380115,1,-1,-4,2133.898193359375
4,-0.8048780487804879,1.173122291220352e-05,1,-1,-4,2133.898193359375
5,-0.7560975609756098,0.00116134958807379,1,-1,-4,2133.898193359375
6,-0.7073170731707317,0.0022506292443722486,1,-1,-4,2133.898193359375
7,-0.6585365853658536,0.00011387559061404318,1,-1,-4,2133.898193359375
8,-0.6097560975609756,0.0016373078105971217,1,-1,-4,2133.898193359375
9,-0.5609756097560976,0.002824996365234256,1,-1,-4,2133.898193359375
10,-0.5121951219512195,8.896596409613267e-05,1,-1,-4,2133.898193359375
11,-0.46341463414634143,0.0017605435568839312,1,-1,-4,2133.898193359375
12,-0.41463414634146334,0.0031234752386808395,1,-1,-4,2133.898193359375
13,-0.36585365853658536,0.00018537766300141811,1,-1,-4,2133.898193359375
14,-0.31707317073170727,0.0022289901971817017,1,-1,-4,2133.898193359375
15,-0.2682926829268293,0.0041517517529428005,1,-1,-4,2133.898193359375
16,-0.2195121951219512,0.00010845161887118593,1,-1,-4,2133.898193359375
17,-0.1707317073170731,0.003736552083864808,1,-1,-4,2133.898193359375
18,-0.12195121951219512,0.00285906414501369,1,-1,-4,2133.898193359375
19,-0.07317073170731703,0.004687615670263767,1,-1,-4,2133.898193359375
20,-0.024390243902439046,0.0010384677443653345,1,-1,-4,2133.898193359375
21,0.024390243902439046,0.004668885841965675,1,-1,-4,2133.898193359375
22,0.07317073170731714,0.00046839017886668444,1,-1,-4,2133.898193359375
23,0.12195121951219523,0.005300273187458515,1,-1,-4,2133.898193359375
24,0.17073170731707332,0.005275416187942028,1,-1,-4,2133.898193359375
25,0.2195121951219512,0.017641622573137283,1,-1,-4,2133.898193359375
26,0.2682926829268293,0.0005824420950375497,1,-1,-4,2133.898193359375
27,0.3170731707317074,0.0031885444186627865,1,-1,-4,2133.898193359375
28,0.36585365853658547,0.008967190980911255,1,-1,-4,2133.898193359375
29,0.41463414634146356,0.01654951460659504,1,-1,-4,2133.898193359375
30,0.46341463414634143,0.03654143586754799,1,-1,-4,2133.898193359375
31,0.5121951219512195,0.003920527175068855,1,-1,-4,2133.898193359375
32,0.5609756097560976,0.015071679838001728,1,-1,-4,2133.898193359375
33,0.6097560975609757,0.06371577084064484,1,-1,-4,2133.898193359375
34,0.6585365853658538,0.024452392011880875,1,-1,-4,2133.898193359375
35,0.7073170731707317,0.027937008067965508,1,-1,-4,2133.898193359375
36,0.7560975609756098,0.0511898472905159,1,-1,-4,2133.898193359375
37,0.8048780487804879,0.23348364233970642,1,-1,-4,2133.898193359375
38,0.853658536585366,0.035367920994758606,1,-1,-4,2133.898193359375
39,0.902439024390244,0.012545649893581867,1,-1,-4,2133.898193359375
40,0.9512195121951219,0.03456169366836548,1,-1,-4,2133.898193359375
41,1.0,0.231620192527771,1,-1,-4,2133.898193359375
0,-1.0,2.4080307412077673e-05,1,2,-3,2133.898193359375
1,-0.9512195121951219,2.4469991330988705e-05,1,2,-3,2133.898193359375
2,-0.9024390243902439,5.014897033106536e-05,1,2,-3,2133.898193359375
3,-0.8536585365853658,4.035126403323375e-05,1,2,-3,2133.898193359375
4,-0.8048780487804879,7.131948950700462e-05,1,2,-3,2133.898193359375
5,-0.7560975609756098,7.320190343307331e-05,1,2,-3,2133.898193359375
6,-0.7073170731707317,9.456755651626736e-05,1,2,-3,2133.898193359375
7,-0.6585365853658536,0.00012129979586461559,1,2,-3,2133.898193359375
8,-0.6097560975609756,0.00013086026592645794,1,2,-3,2133.898193359375
9,-0.5609756097560976,0.00022759106650482863,1,2,-3,2133.898193359375
10,-0.5121951219512195,0.0002190638188039884,1,2,-3,2133.898193359375
11,-0.46341463414634143,0.0002926864253822714,1,2,-3,2133.898193359375
12,-0.41463414634146334,0.00047062960220500827,1,2,-3,2133.898193359375
13,-0.36585365853658536,0.00034273130586370826,1,2,-3,2133.898193359375
14,-0.31707317073170727,0.00038187133031897247,1,2,-3,2133.898193359375
15,-0.2682926829268293,0.00040982995415106416,1,2,-3,2133.898193359375
16,-0.2195121951219512,0.00043275824282318354,1,2,-3,2133.898193359375
17,-0.1707317073170731,0.000580678868573159,1,2,-3,2133.898193359375
18,-0.12195121951219512,0.0005242283223196864,1,2,-3,2133.898193359375
19,-0.07317073170731703,1.11091603685054e-05,1,2,-3,2133.898193359375
20,-0.024390243902439046,0.0001773093972587958,1,2,-3,2133.898193359375
21,0.024390243902439046,0.00013430978287942708,1,2,-3,2133.898193359375
22,0.07317073170731714,0.0002873422345146537,1,2,-3,2133.898193359375
23,0.12195121951219523,0.000225679439608939,1,2,-3,2133.898193359375
24,0.17073170731707332,0.0001208181056426838,1,2,-3,2133.898193359375
25,0.2195121951219512,3.6498167901299894e-05,1,2,-3,2133.898193359375
26,0.2682926829268293,7.708062912570313e-05,1,2,-3,2133.898193359375
27,0.3170731707317074,0.00018880495917983353,1,2,-3,2133.898193359375
28,0.36585365853658547,0.0016579777002334595,1,2,-3,2133.898193359375
29,0.41463414634146356,0.000991337699815631,1,2,-3,2133.898193359375
30,0.46341463414634143,0.0012081230524927378,1,2,-3,2133.898193359375
31,0.5121951219512195,0.002221972681581974,1,2,-3,2133.898193359375
32,0.5609756097560976,0.00227185501717031,1,2,-3,2133.898193359375
33,0.6097560975609757,0.003481026506051421,1,2,-3,2133.898193359375
34,0.6585365853658538,0.005746944807469845,1,2,-3,2133.898193359375
35,0.7073170731707317,0.007287838030606508,1,2,-3,2133.898193359375
36,0.7560975609756098,0.0007158826338127255,1,2,-3,2133.898193359375
37,0.8048780487804879,0.006726835388690233,1,2,-3,2133.898193359375
38,0.853658536585366,0.023762578144669533,1,2,-3,2133.898193359375
39,0.902439024390244,0.05190421640872955,1,2,-3,2133.898193359375
40,0.9512195121951219,0.06798945367336273,1,2,-3,2133.898193359375
41,1.0,0.12745794653892517,1,2,-3,2133.898193359375
0,-1.0,2.0036857677041553e-05,1,3,-3,2133.898193359375
1,-0.9512195121951219,7.3131527642544825e-06,1,3,-3,2133.898193359375
2,-0.9024390243902439,3.663699544631527e-06,1,3,-3,2133.898193359375
3,-0.8536585365853658,7.966636076162104e-06,1,3,-3,2133.898193359375
4,-0.8048780487804879,2.0055279037478613e-06,1,3,-3,2133.898193359375
5,-0.7560975609756098,0.00011970421473961323,1,3,-3,2133.898193359375
6,-0.7073170731707317,1.2351958503131755e-05,1,3,-3,2133.898193359375
7,-0.6585365853658536,2.123535068676574e-06,1,3,-3,2133.898193359375
8,-0.6097560975609756,1.5045853615447413e-05,1,3,-3,2133.898193359375
9,-0.5609756097560976,1.568013431096915e-05,1,3,-3,2133.898193359375
10,-0.5121951219512195,4.797951623913832e-05,1,3,-3,2133.898193359375
11,-0.46341463414634143,5.4817486670799553e-05,1,3,-3,2133.898193359375
12,-0.41463414634146334,1.9387623979127966e-05,1,3,-3,2133.898193359375
13,-0.36585365853658536,4.363542757346295e-05,1,3,-3,2133.898193359375
14,-0.31707317073170727,0.00012157905439380556,1,3,-3,2133.898193359375
15,-0.2682926829268293,1.1360822327333153e-06,1,3,-3,2133.898193359375
16,-0.2195121951219512,0.0002819050569087267,1,3,-3,2133.898193359375
17,-0.1707317073170731,0.00043077560258097947,1,3,-3,2133.898193359375
18,-0.12195121951219512,0.00029079263913445175,1,3,-3,2133.898193359375
19,-0.07317073170731703,0.02964829094707966,1,3,-3,2133.898193359375
20,-0.024390243902439046,0.0009900359436869621,1,3,-3,2133.898193359375
21,0.024390243902439046,0.0012503520119935274,1,3,-3,2133.898193359375
22,0.07317073170731714,0.0005132760852575302,1,3,-3,2133.898193359375
23,0.12195121951219523,2.8148613637313247e-05,1,3,-3,2133.898193359375
24,0.17073170731707332,0.00026222027372568846,1,3,-3,2133.898193359375
25,0.2195121951219512,6.898187712067738e-05,1,3,-3,2133.898193359375
26,0.2682926829268293,1.3694822882825974e-05,1,3,-3,2133.898193359375
27,0.3170731707317074,5.835093907080591e-05,1,3,-3,2133.898193359375
28,0.36585365853658547,3.2288924558088183e-05,1,3,-3,2133.898193359375
29,0.41463414634146356,3.70475318050012e-05,1,3,-3,2133.898193359375
30,0.46341463414634143,2.230206155218184e-05,1,3,-3,2133.898193359375
31,0.5121951219512195,5.82486463827081e-05,1,3,-3,2133.898193359375
32,0.5609756097560976,3.330011895741336e-05,1,3,-3,2133.898193359375
33,0.6097560975609757,1.4143170119496062e-05,1,3,-3,2133.898193359375
34,0.6585365853658538,9.152520760835614e-06,1,3,-3,2133.898193359375
35,0.7073170731707317,1.1988940059382003e-05,1,3,-3,2133.898193359375
36,0.7560975609756098,4.409056145959767e-06,1,3,-3,2133.898193359375
37,0.8048780487804879,1.3439507711154874e-05,1,3,-3,2133.898193359375
38,0.853658536585366,1.519542456662748e-05,1,3,-3,2133.898193359375
39,0.902439024390244,8.78910577739589e-06,1,3,-3,2133.898193359375
40,0.9512195121951219,1.931516635522712e-05,1,3,-3,2133.898193359375
41,1.0,1.8755703422357328e-05,1,3,-3,2133.898193359375
0,-1.0,1.495200308454514e-06,1,4,-3,2133.898193359375
1,-0.9512195121951219,1.1807691407739185e-05,1,4,-3,2133.898193359375
2,-0.9024390243902439,1.8662896763999015e-05,1,4,-3,2133.898193359375
3,-0.8536585365853658,3.756278601940721e-05,1,4,-3,2133.898193359375
4,-0.8048780487804879,3.125214061583392e-05,1,4,-3,2133.898193359375
5,-0.7560975609756098,0.0011726709781214595,1,4,-3,2133.898193359375
6,-0.7073170731707317,8.206783968489617e-05,1,4,-3,2133.898193359375
7,-0.6585365853658536,7.689721314818598e-06,1,4,-3,2133.898193359375
8,-0.6097560975609756,3.108570308540948e-05,1,4,-3,2133.898193359375
9,-0.5609756097560976,0.0014784614322707057,1,4,-3,2133.898193359375
10,-0.5121951219512195,0.009090512059628963,1,4,-3,2133.898193359375
11,-0.46341463414634143,0.00044725561747327447,1,4,-3,2133.898193359375
12,-0.41463414634146334,5.938150206930004e-05,1,4,-3,2133.898193359375
13,-0.36585365853658536,4.47748561782646e-06,1,4,-3,2133.898193359375
14,-0.31707317073170727,1.6373605831176974e-05,1,4,-3,2133.898193359375
15,-0.2682926829268293,9.068994586414192e-06,1,4,-3,2133.898193359375
16,-0.2195121951219512,4.3931754589721095e-06,1,4,-3,2133.898193359375
17,-0.1707317073170731,1.3751980986853596e-05,1,4,-3,2133.898193359375
18,-0.12195121951219512,4.8116030484379735e-06,1,4,-3,2133.898193359375
19,-0.07317073170731703,1.8286560589331202e-05,1,4,-3,2133.898193359375
20,-0.024390243902439046,7.28199256627704e-06,1,4,-3,2133.898193359375
21,0.024390243902439046,6.155426945042564e-06,1,4,-3,2133.898193359375
22,0.07317073170731714,5.501094165083487e-06,1,4,-3,2133.898193359375
23,0.12195121951219523,1.9559097097499034e-07,1,4,-3,2133.898193359375
24,0.17073170731707332,1.1599275921980734e-06,1,4,-3,2133.898193359375
25,0.2195121951219512,5.45536295248894e-06,1,4,-3,2133.898193359375
26,0.2682926829268293,4.3518966776900925e-06,1,4,-3,2133.898193359375
27,0.3170731707317074,2.987410425703274e-07,1,4,-3,2133.898193359375
28,0.36585365853658547,3.8443504308816046e-06,1,4,-3,2133.898193359375
29,0.41463414634146356,2.7248070182395168e-06,1,4,-3,2133.898193359375
30,0.46341463414634143,4.218031335767591e-06,1,4,-3,2133.898193359375
31,0.5121951219512195,1.3844672253071622e-07,1,4,-3,2133.898193359375
32,0.5609756097560976,6.997138939368597e-07,1,4,-3,2133.898193359375
33,0.6097560975609757,1.9194610558770364e-06,1,4,-3,2133.898193359375
34,0.6585365853658538,0.0,1,4,-3,2133.898193359375
35,0.7073170731707317,0.0,1,4,-3,2133.898193359375
36,0.7560975609756098,0.0,1,4,-3,2133.898193359375
37,0.8048780487804879,0.0,1,4,-3,2133.898193359375
38,0.853658536585366,0.0,1,4,-3,2133.898193359375
39,0.902439024390244,0.0,1,4,-3,2133.898193359375
40,0.9512195121951219,0.0,1,4,-3,2133.898193359375
41,1.0,0.0,1,4,-3,2133.898193359375
0,-1.0,2.5009927412611432e-05,1,5,-3,2133.898193359375
1,-0.9512195121951219,0.00042686090455390513,1,5,-3,2133.898193359375
2,-0.9024390243902439,0.00032580780680291355,1,5,-3,2133.898193359375
3,-0.8536585365853658,0.0004618964740075171,1,5,-3,2133.898193359375
4,-0.8048780487804879,0.001906869001686573,1,5,-3,2133.898193359375
5,-0.7560975609756098,0.23825564980506897,1,5,-3,2133.898193359375
6,-0.7073170731707317,0.0043453555554151535,1,5,-3,2133.898193359375
7,-0.6585365853658536,0.0022329858038574457,1,5,-3,2133.898193359375
8,-0.6097560975609756,0.00022462695778813213,1,5,-3,2133.898193359375
9,-0.5609756097560976,2.695443527045427e-06,1,5,-3,2133.898193359375
10,-0.5121951219512195,0.0002056203520623967,1,5,-3,2133.898193359375
11,-0.46341463414634143,0.0001819826866267249,1,5,-3,2133.898193359375
12,-0.41463414634146334,9.54030838329345e-05,1,5,-3,2133.898193359375
13,-0.36585365853658536,3.2849557101144455e-06,1,5,-3,2133.898193359375
14,-0.31707317073170727,9.609786502551287e-06,1,5,-3,2133.898193359375
15,-0.2682926829268293,5.791856165160425e-05,1,5,-3,2133.898193359375
16,-0.2195121951219512,5.0362337788101286e-05,1,5,-3,2133.898193359375
17,-0.1707317073170731,3.6891271975036943e-06,1,5,-3,2133.898193359375
18,-0.12195121951219512,3.9914399962981406e-07,1,5,-3,2133.898193359375
19,-0.07317073170731703,3.4258340747328475e-05,1,5,-3,2133.898193359375
20,-0.024390243902439046,2.559229869802948e-05,1,5,-3,2133.898193359375
21,0.024390243902439046,2.0711117031169124e-05,1,5,-3,2133.898193359375
22,0.07317073170731714,1.8391747289570048e-06,1,5,-3,2133.898193359375
23,0.12195121951219523,5.1047081797150895e-06,1,5,-3,2133.898193359375
24,0.17073170731707332,1.6074840459623374e-05,1,5,-3,2133.898193359375
25,0.2195121951219512,0.0,1,5,-3,2133.898193359375
26,0.2682926829268293,0.0,1,5,-3,2133.898193359375
27,0.3170731707317074,0.0,1,5,-3,2133.898193359375
28,0.36585365853658547,0.0,1,5,-3,2133.898193359375
29,0.41463414634146356,0.0,1,5,-3,2133.898193359375
30,0.46341463414634143,0.0,1,5,-3,2133.898193359375
31,0.5121951219512195,0.0,1,5,-3,2133.898193359375
32,0.5609756097560976,0.0,1,5,-3,2133.898193359375
33,0.6097560975609757,0.0,1,5,-3,2133.898193359375
34,0.6585365853658538,0.0,1,5,-3,2133.898193359375
35,0.7073170731707317,0.0,1,5,-3,2133.898193359375
36,0.7560975609756098,0.0,1,5,-3,2133.898193359375
37,0.8048780487804879,0.0,1,5,-3,2133.898193359375
38,0.853658536585366,0.0,1,5,-3,2133.898193359375
39,0.902439024390244,0.0,1,5,-3,2133.898193359375
40,0.9512195121951219,0.0,1,5,-3,2133.898193359375
41,1.0,0.0,1,5,-3,2133.898193359375
0,-1.0,4.937577250530012e-05,1,6,-3,2133.898193359375
1,-0.9512195121951219,8.459857053821906e-05,1,6,-3,2133.898193359375
2,-0.9024390243902439,5.3774059779243544e-05,1,6,-3,2133.898193359375
3,-0.8536585365853658,0.006316595245152712,1,6,-3,2133.898193359375
4,-0.8048780487804879,0.0001473759621148929,1,6,-3,2133.898193359375
5,-0.7560975609756098,0.002395092975348234,1,6,-3,2133.898193359375
6,-0.7073170731707317,9.647619663155638e-07,1,6,-3,2133.898193359375
7,-0.6585365853658536,9.881315781967714e-05,1,6,-3,2133.898193359375
8,-0.6097560975609756,4.413112947077025e-06,1,6,-3,2133.898193359375
9,-0.5609756097560976,3.180951352987904e-06,1,6,-3,2133.898193359375
10,-0.5121951219512195,1.8614648524817312e-06,1,6,-3,2133.898193359375
11,-0.46341463414634143,2.148914063582197e-06,1,6,-3,2133.898193359375
12,-0.41463414634146334,9.391210187459365e-05,1,6,-3,2133.898193359375
13,-0.36585365853658536,4.289178832550533e-06,1,6,-3,2133.898193359375
14,-0.31707317073170727,2.1344501419662265e-06,1,6,-3,2133.898193359375
15,-0.2682926829268293,2.1888527044211514e-06,1,6,-3,2133.898193359375
16,-0.2195121951219512,3.284527565483586e-07,1,6,-3,2133.898193359375
17,-0.1707317073170731,1.5322934814321343e-06,1,6,-3,2133.898193359375
18,-0.12195121951219512,1.347857960354304e-06,1,6,-3,2133.898193359375
19,-0.07317073170731703,0.0,1,6,-3,2133.898193359375
20,-0.024390243902439046,0.0,1,6,-3,2133.898193359375
21,0.024390243902439046,0.0,1,6,-3,2133.898193359375
22,0.07317073170731714,0.0,1,6,-3,2133.898193359375
23,0.12195121951219523,0.0,1,6,-3,2133.898193359375
24,0.17073170731707332,0.0,1,6,-3,2133.898193359375
25,0.2195121951219512,0.0,1,6,-3,2133.898193359375
26,0.2682926829268293,0.0,1,6,-3,2133.898193359375
27,0.3170731707317074,0.0,1,6,-3,2133.898193359375
28,0.36585365853658547,0.0,1,6,-3,2133.898193359375
29,0.41463414634146356,0.0,1,6,-3,2133.898193359375
30,0.46341463414634143,0.0,1,6,-3,2133.898193359375
31,0.5121951219512195,0.0,1,6,-3,2133.898193359375
32,0.5609756097560976,0.0,1,6,-3,2133.898193359375
33,0.6097560975609757,0.0,1,6,-3,2133.898193359375
34,0.6585365853658538,0.0,1,6,-3,2133.898193359375
35,0.7073170731707317,0.0,1,6,-3,2133.898193359375
36,0.7560975609756098,0.0,1,6,-3,2133.898193359375
37,0.8048780487804879,0.0,1,6,-3,2133.898193359375
38,0.853658536585366,0.0,1,6,-3,2133.898193359375
39,0.902439024390244,0.0,1,6,-3,2133.898193359375
40,0.9512195121951219,0.0,1,6,-3,2133.898193359375
41,1.0,0.0,1,6,-3,2133.898193359375
0,-1.0,2.835442683135625e-05,1,7,-3,2133.898193359375
1,-0.9512195121951219,0.0003120813344139606,1,7,-3,2133.898193359375
2,-0.9024390243902439,0.0007730547804385424,1,7,-3,2133.898193359375
3,-0.8536585365853658,7.955844193929806e-05,1,7,-3,2133.898193359375
4,-0.8048780487804879,7.965215627336875e-05,1,7,-3,2133.898193359375
5,-0.7560975609756098,0.0004375901771709323,1,7,-3,2133.898193359375
6,-0.7073170731707317,6.782909167668549e-06,1,7,-3,2133.898193359375
7,-0.6585365853658536,1.3817380931868684e-05,1,7,-3,2133.898193359375
8,-0.6097560975609756,6.306475370365661e-06,1,7,-3,2133.898193359375
9,-0.5609756097560976,7.74586897023255e-06,1,7,-3,2133.898193359375
10,-0.5121951219512195,1.3199139630160062e-06,1,7,-3,2133.898193359375
11,-0.46341463414634143,1.0010938240156975e-05,1,7,-3,2133.898193359375
12,-0.41463414634146334,4.357754619377374e-07,1,7,-3,2133.898193359375
13,-0.36585365853658536,8.200810697189809e-08,1,7,-3,2133.898193359375
14,-0.31707317073170727,2.4015507733565755e-06,1,7,-3,2133.898193359375
15,-0.2682926829268293,1.5332130942624644e-06,1,7,-3,2133.898193359375
16,-0.2195121951219512,3.0476196570816683e-06,1,7,-3,2133.898193359375
17,-0.1707317073170731,0.0,1,7,-3,2133.898193359375
18,-0.12195121951219512,0.0,1,7,-3,2133.898193359375
19,-0.07317073170731703,0.0,1,7,-3,2133.898193359375
20,-0.024390243902439046,0.0,1,7,-3,2133.898193359375
21,0.024390243902439046,0.0,1,7,-3,2133.898193359375
22,0.07317073170731714,0.0,1,7,-3,2133.898193359375
23,0.12195121951219523,0.0,1,7,-3,2133.898193359375
24,0.17073170731707332,0.0,1,7,-3,2133.898193359375
25,0.2195121951219512,0.0,1,7,-3,2133.898193359375
26,0.2682926829268293,0.0,1,7,-3,2133.898193359375
27,0.3170731707317074,0.0,1,7,-3,2133.898193359375
28,0.36585365853658547,0.0,1,7,-3,2133.898193359375
29,0.41463414634146356,0.0,1,7,-3,2133.898193359375
30,0.46341463414634143,0.0,1,7,-3,2133.898193359375
31,0.5121951219512195,0.0,1,7,-3,2133.898193359375
32,0.5609756097560976,0.0,1,7,-3,2133.898193359375
33,0.6097560975609757,0.0,1,7,-3,2133.898193359375
34,0.6585365853658538,0.0,1,7,-3,2133.898193359375
35,0.7073170731707317,0.0,1,7,-3,2133.898193359375
36,0.7560975609756098,0.0,1,7,-3,2133.898193359375
37,0.8048780487804879,0.0,1,7,-3,2133.898193359375
38,0.853658536585366,0.0,1,7,-3,2133.898193359375
39,0.902439024390244,0.0,1,7,-3,2133.898193359375
40,0.9512195121951219,0.0,1,7,-3,2133.898193359375
41,1.0,0.0,1,7,-3,2133.898193359375
0,-1.0,0.0,1,7,-2,2133.898193359375
1,-0.9512195121951219,0.0,1,7,-2,2133.898193359375
2,-0.9024390243902439,0.0,1,7,-2,2133.898193359375
3,-0.8536585365853658,0.0,1,7,-2,2133.898193359375
4,-0.8048780487804879,0.0,1,7,-2,2133.898193359375
5,-0.7560975609756098,0.0,1,7,-2,2133.898193359375
6,-0.7073170731707317,0.0,1,7,-2,2133.898193359375
7,-0.6585365853658536,0.0,1,7,-2,2133.898193359375
8,-0.6097560975609756,0.0,1,7,-2,2133.898193359375
9,-0.5609756097560976,0.0,1,7,-2,2133.898193359375
10,-0.5121951219512195,0.0,1,7,-2,2133.898193359375
11,-0.46341463414634143,0.0,1,7,-2,2133.898193359375
12,-0.41463414634146334,0.0,1,7,-2,2133.898193359375
13,-0.36585365853658536,0.0,1,7,-2,2133.898193359375
14,-0.31707317073170727,0.0,1,7,-2,2133.898193359375
15,-0.2682926829268293,0.0,1,7,-2,2133.898193359375
16,-0.2195121951219512,0.0,1,7,-2,2133.898193359375
17,-0.1707317073170731,0.0,1,7,-2,2133.898193359375
18,-0.12195121951219512,0.0,1,7,-2,2133.898193359375
19,-0.07317073170731703,0.0,1,7,-2,2133.898193359375
20,-0.024390243902439046,0.0,1,7,-2,2133.898193359375
21,0.024390243902439046,0.0,1,7,-2,2133.898193359375
22,0.07317073170731714,0.0,1,7,-2,2133.898193359375
23,0.12195121951219523,0.0,1,7,-2,2133.898193359375
24,0.17073170731707332,2.5361798634548904e-06,1,7,-2,2133.898193359375
25,0.2195121951219512,2.960576068744558e-07,1,7,-2,2133.898193359375
26,0.2682926829268293,6.057657060409838e-07,1,7,-2,2133.898193359375
27,0.3170731707317074,4.789481522493588e-07,1,7,-2,2133.898193359375
28,0.36585365853658547,3.982624093623599e-06,1,7,-2,2133.898193359375
29,0.41463414634146356,1.475513499826775e-06,1,7,-2,2133.898193359375
30,0.46341463414634143,3.5290878486193833e-07,1,7,-2,2133.898193359375
31,0.5121951219512195,5.54800362806418e-06,1,7,-2,2133.898193359375
32,0.5609756097560976,1.5492668126171338e-07,1,7,-2,2133.898193359375
33,0.6097560975609757,1.6157449636011734e-06,1,7,-2,2133.898193359375
34,0.6585365853658538,1.7170223145512864e-05,1,7,-2,2133.898193359375
35,0.7073170731707317,2.972422407765407e-05,1,7,-2,2133.898193359375
36,0.7560975609756098,3.6424524296307936e-05,1,7,-2,2133.898193359375
37,0.8048780487804879,0.005567983258515596,1,7,-2,2133.898193359375
38,0.853658536585366,2.8748430850100704e-05,1,7,-2,2133.898193359375
39,0.902439024390244,3.0089469760241627e-07,1,7,-2,2133.898193359375
40,0.9512195121951219,6.17107616562862e-07,1,7,-2,2133.898193359375
41,1.0,1.3906185813539196e-05,1,7,-2,2133.898193359375
0,-1.0,7.3231940405094065e-06,1,8,-3,2133.898193359375
1,-0.9512195121951219,0.00010578145884210244,1,8,-3,2133.898193359375
2,-0.9024390243902439,0.00026258500292897224,1,8,-3,2133.898193359375
3,-0.8536585365853658,7.616929360665381e-05,1,8,-3,2133.898193359375
4,-0.8048780487804879,2.720097427300061e-06,1,8,-3,2133.898193359375
5,-0.7560975609756098,4.9024962208932266e-05,1,8,-3,2133.898193359375
6,-0.7073170731707317,2.3229657017509453e-05,1,8,-3,2133.898193359375
7,-0.6585365853658536,1.623215212021023e-06,1,8,-3,2133.898193359375
8,-0.6097560975609756,6.869042863399955e-07,1,8,-3,2133.898193359375
9,-0.5609756097560976,1.3547168236982543e-05,1,8,-3,2133.898193359375
10,-0.5121951219512195,2.0608965769497445e-06,1,8,-3,2133.898193359375
11,-0.46341463414634143,6.608511284866836e-06,1,8,-3,2133.898193359375
12,-0.41463414634146334,5.191591867514944e-07,1,8,-3,2133.898193359375
13,-0.36585365853658536,4.479104063648265e-06,1,8,-3,2133.898193359375
14,-0.31707317073170727,2.248388994985362e-07,1,8,-3,2133.898193359375
15,-0.2682926829268293,0.0,1,8,-3,2133.898193359375
16,-0.2195121951219512,0.0,1,8,-3,2133.898193359375
17,-0.1707317073170731,0.0,1,8,-3,2133.898193359375
18,-0.12195121951219512,0.0,1,8,-3,2133.898193359375
19,-0.07317073170731703,0.0,1,8,-3,2133.898193359375
20,-0.024390243902439046,0.0,1,8,-3,2133.898193359375
21,0.024390243902439046,0.0,1,8,-3,2133.898193359375
22,0.07317073170731714,0.0,1,8,-3,2133.898193359375
23,0.12195121951219523,0.0,1,8,-3,2133.898193359375
24,0.17073170731707332,0.0,1,8,-3,2133.898193359375
25,0.2195121951219512,0.0,1,8,-3,2133.898193359375
26,0.2682926829268293,0.0,1,8,-3,2133.898193359375
27,0.3170731707317074,0.0,1,8,-3,2133.898193359375
28,0.36585365853658547,0.0,1,8,-3,2133.898193359375
29,0.41463414634146356,0.0,1,8,-3,2133.898193359375
30,0.46341463414634143,0.0,1,8,-3,2133.898193359375
31,0.5121951219512195,0.0,1,8,-3,2133.898193359375
32,0.5609756097560976,0.0,1,8,-3,2133.898193359375
33,0.6097560975609757,0.0,1,8,-3,2133.898193359375
34,0.6585365853658538,0.0,1,8,-3,2133.898193359375
35,0.7073170731707317,0.0,1,8,-3,2133.898193359375
36,0.7560975609756098,0.0,1,8,-3,2133.898193359375
37,0.8048780487804879,0.0,1,8,-3,2133.898193359375
38,0.853658536585366,0.0,1,8,-3,2133.898193359375
39,0.902439024390244,0.0,1,8,-3,2133.898193359375
40,0.9512195121951219,0.0,1,8,-3,2133.898193359375
41,1.0,0.0,1,8,-3,2133.898193359375
0,-1.0,0.0,1,8,-2,2133.898193359375
1,-0.9512195121951219,0.0,1,8,-2,2133.898193359375
2,-0.9024390243902439,0.0,1,8,-2,2133.898193359375
3,-0.8536585365853658,0.0,1,8,-2,2133.898193359375
4,-0.8048780487804879,0.0,1,8,-2,2133.898193359375
5,-0.7560975609756098,0.0,1,8,-2,2133.898193359375
6,-0.7073170731707317,0.0,1,8,-2,2133.898193359375
7,-0.6585365853658536,0.0,1,8,-2,2133.898193359375
8,-0.6097560975609756,0.0,1,8,-2,2133.898193359375
9,-0.5609756097560976,0.0,1,8,-2,2133.898193359375
10,-0.5121951219512195,0.0,1,8,-2,2133.898193359375
11,-0.46341463414634143,0.0,1,8,-2,2133.898193359375
12,-0.41463414634146334,0.0,1,8,-2,2133.898193359375
13,-0.36585365853658536,0.0,1,8,-2,2133.898193359375
14,-0.31707317073170727,0.0,1,8,-2,2133.898193359375
15,-0.2682926829268293,0.0,1,8,-2,2133.898193359375
16,-0.2195121951219512,0.0,1,8,-2,2133.898193359375
17,-0.1707317073170731,0.0,1,8,-2,2133.898193359375
18,-0.12195121951219512,0.0,1,8,-2,2133.898193359375
19,-0.07317073170731703,0.0,1,8,-2,2133.898193359375
20,-0.024390243902439046,0.0,1,8,-2,2133.898193359375
21,0.024390243902439046,0.0,1,8,-2,2133.898193359375
22,0.07317073170731714,9.475561313365688e-08,1,8,-2,2133.898193359375
23,0.12195121951219523,1.411095809089602e-07,1,8,-2,2133.898193359375
24,0.17073170731707332,2.7734458853956312e-05,1,8,-2,2133.898193359375
25,0.2195121951219512,1.0458309773753172e-08,1,8,-2,2133.898193359375
26,0.2682926829268293,8.156874855558272e-07,1,8,-2,2133.898193359375
27,0.3170731707317074,3.513925548759289e-06,1,8,-2,2133.898193359375
28,0.36585365853658547,6.209888852026779e-07,1,8,-2,2133.898193359375
29,0.41463414634146356,1.8120420008926885e-06,1,8,-2,2133.898193359375
30,0.46341463414634143,6.456321443693014e-06,1,8,-2,2133.898193359375
31,0.5121951219512195,9.507592767477036e-05,1,8,-2,2133.898193359375
32,0.5609756097560976,0.0001345530617982149,1,8,-2,2133.898193359375
33,0.6097560975609757,0.00026988418539986014,1,8,-2,2133.898193359375
34,0.6585365853658538,0.0005388625431805849,1,8,-2,2133.898193359375
35,0.7073170731707317,1.9162152966600843e-05,1,8,-2,2133.898193359375
36,0.7560975609756098,2.2454418285633437e-05,1,8,-2,2133.898193359375
37,0.8048780487804879,1.97174940694822e-05,1,8,-2,2133.898193359375
38,0.853658536585366,6.802169536967995e-06,1,8,-2,2133.898193359375
39,0.902439024390244,1.8656488975921093e-07,1,8,-2,2133.898193359375
40,0.9512195121951219,4.9488530748931225e-06,1,8,-2,2133.898193359375
41,1.0,1.2287164281588048e-06,1,8,-2,2133.898193359375
0,-1.0,3.0294907560346473e-07,1,9,-3,2133.898193359375
1,-0.9512195121951219,1.2663496818277054e-05,1,9,-3,2133.898193359375
2,-0.9024390243902439,4.741878365166485e-05,1,9,-3,2133.898193359375
3,-0.8536585365853658,5.1813058234984055e-05,1,9,-3,2133.898193359375
4,-0.8048780487804879,0.0002065870794467628,1,9,-3,2133.898193359375
5,-0.7560975609756098,3.390397614566609e-05,1,9,-3,2133.898193359375
6,-0.7073170731707317,5.07232584823214e-07,1,9,-3,2133.898193359375
7,-0.6585365853658536,5.092718424748455e-07,1,9,-3,2133.898193359375
8,-0.6097560975609756,1.3763517472398235e-06,1,9,-3,2133.898193359375
9,-0.5609756097560976,5.243653049546992e-06,1,9,-3,2133.898193359375
10,-0.5121951219512195,1.8991966044268338e-06,1,9,-3,2133.898193359375
11,-0.46341463414634143,3.793469716129039e-08,1,9,-3,2133.898193359375
12,-0.41463414634146334,2.4543643917240843e-07,1,9,-3,2133.898193359375
13,-0.36585365853658536,9.329276622338512e-07,1,9,-3,2133.898193359375
14,-0.31707317073170727,2.5231639710909803e-07,1,9,-3,2133.898193359375
15,-0.2682926829268293,0.0,1,9,-3,2133.898193359375
16,-0.2195121951219512,0.0,1,9,-3,2133.898193359375
17,-0.1707317073170731,0.0,1,9,-3,2133.898193359375
18,-0.12195121951219512,0.0,1,9,-3,2133.898193359375
19,-0.07317073170731703,0.0,1,9,-3,2133.898193359375
20,-0.024390243902439046,0.0,1,9,-3,2133.898193359375
21,0.024390243902439046,0.0,1,9,-3,2133.898193359375
22,0.07317073170731714,0.0,1,9,-3,2133.898193359375
23,0.12195121951219523,0.0,1,9,-3,2133.898193359375
24,0.17073170731707332,0.0,1,9,-3,2133.898193359375
25,0.2195121951219512,0.0,1,9,-3,2133.898193359375
26,0.2682926829268293,0.0,1,9,-3,2133.898193359375
27,0.3170731707317074,0.0,1,9,-3,2133.898193359375
28,0.36585365853658547,0.0,1,9,-3,2133.898193359375
29,0.41463414634146356,0.0,1,9,-3,2133.898193359375
30,0.46341463414634143,0.0,1,9,-3,2133.898193359375
31,0.5121951219512195,0.0,1,9,-3,2133.898193359375
32,0.5609756097560976,0.0,1,9,-3,2133.898193359375
33,0.6097560975609757,0.0,1,9,-3,2133.898193359375
34,0.6585365853658538,0.0,1,9,-3,2133.898193359375
35,0.7073170731707317,0.0,1,9,-3,2133.898193359375
36,0.7560975609756098,0.0,1,9,-3,2133.898193359375
37,0.8048780487804879,0.0,1,9,-3,2133.898193359375
38,0.853658536585366,0.0,1,9,-3,2133.898193359375
39,0.902439024390244,0.0,1,9,-3,2133.898193359375
40,0.9512195121951219,0.0,1,9,-3,2133.898193359375
41,1.0,0.0,1,9,-3,2133.898193359375
0,-1.0,0.0,1,9,-2,2133.898193359375
1,-0.9512195121951219,0.0,1,9,-2,2133.898193359375
2,-0.9024390243902439,0.0,1,9,-2,2133.898193359375
3,-0.8536585365853658,0.0,1,9,-2,2133.898193359375
4,-0.8048780487804879,0.0,1,9,-2,2133.898193359375
5,-0.7560975609756098,0.0,1,9,-2,2133.898193359375
6,-0.7073170731707317,0.0,1,9,-2,2133.898193359375
7,-0.6585365853658536,0.0,1,9,-2,2133.898193359375
8,-0.6097560975609756,0.0,1,9,-2,2133.898193359375
9,-0.5609756097560976,0.0,1,9,-2,2133.898193359375
10,-0.5121951219512195,0.0,1,9,-2,2133.898193359375
11,-0.46341463414634143,0.0,1,9,-2,2133.898193359375
12,-0.41463414634146334,0.0,1,9,-2,2133.898193359375
13,-0.36585365853658536,0.0,1,9,-2,2133.898193359375
14,-0.31707317073170727,0.0,1,9,-2,2133.898193359375
15,-0.2682926829268293,0.0,1,9,-2,2133.898193359375
16,-0.2195121951219512,0.0,1,9,-2,2133.898193359375
17,-0.1707317073170731,0.0,1,9,-2,2133.898193359375
18,-0.12195121951219512,0.0,1,9,-2,2133.898193359375
19,-0.07317073170731703,0.0,1,9,-2,2133.898193359375
20,-0.024390243902439046,0.0,1,9,-2,2133.898193359375
21,0.024390243902439046,1.2386963987864874e-07,1,9,-2,2133.898193359375
22,0.07317073170731714,7.661645213374868e-06,1,9,-2,2133.898193359375
23,0.12195121951219523,2.765267709037289e-06,1,9,-2,2133.898193359375
24,0.17073170731707332,8.057358336088782e-09,1,9,-2,2133.898193359375
25,0.2195121951219512,3.755272075522953e-07,1,9,-2,2133.898193359375
26,0.2682926829268293,6.202926670084707e-07,1,9,-2,2133.898193359375
27,0.3170731707317074,3.092280849159579e-07,1,9,-2,2133.898193359375
28,0.36585365853658547,8.497027010889724e-05,1,9,-2,2133.898193359375
29,0.41463414634146356,3.047907171094266e-07,1,9,-2,2133.898193359375
30,0.46341463414634143,3.661770975327272e-08,1,9,-2,2133.898193359375
31,0.5121951219512195,0.018079319968819618,1,9,-2,2133.898193359375
32,0.5609756097560976,6.787486199755222e-05,1,9,-2,2133.898193359375
33,0.6097560975609757,1.3750319340033457e-05,1,9,-2,2133.898193359375
34,0.6585365853658538,1.0953364835586399e-05,1,9,-2,2133.898193359375
35,0.7073170731707317,1.001969707203898e-07,1,9,-2,2133.898193359375
36,0.7560975609756098,4.734744720735762e-07,1,9,-2,2133.898193359375
37,0.8048780487804879,8.483078772769659e-07,1,9,-2,2133.898193359375
38,0.853658536585366,4.850880372941901e-07,1,9,-2,2133.898193359375
39,0.902439024390244,9.498083386461076e-07,1,9,-2,2133.898193359375
40,0.9512195121951219,1.3522280823963229e-06,1,9,-2,2133.898193359375
41,1.0,2.7195376617328293e-08,1,9,-2,2133.898193359375
0,-1.0,0.0,2,-6,-10,2133.898193359375
1,-0.9512195121951219,0.0,2,-6,-10,2133.898193359375
2,-0.9024390243902439,0.0,2,-6,-10,2133.898193359375
3,-0.8536585365853658,0.0,2,-6,-10,2133.898193359375
4,-0.8048780487804879,0.0,2,-6,-10,2133.898193359375
5,-0.7560975609756098,0.0,2,-6,-10,2133.898193359375
6,-0.7073170731707317,0.0,2,-6,-10,2133.898193359375
7,-0.6585365853658536,0.0,2,-6,-10,2133.898193359375
8,-0.6097560975609756,0.0,2,-6,-10,2133.898193359375
9,-0.5609756097560976,0.0,2,-6,-10,2133.898193359375
10,-0.5121951219512195,0.0,2,-6,-10,2133.898193359375
11,-0.46341463414634143,0.0,2,-6,-10,2133.898193359375
12,-0.41463414634146334,2.0777565623575356e-06,2,-6,-10,2133.898193359375
13,-0.36585365853658536,2.7906227728635713e-07,2,-6,-10,2133.898193359375
14,-0.31707317073170727,4.3228382651250286e-07,2,-6,-10,2133.898193359375
15,-0.2682926829268293,2.210365011023896e-07,2,-6,-10,2133.898193359375
16,-0.2195121951219512,4.091322978183598e-07,2,-6,-10,2133.898193359375
17,-0.1707317073170731,1.3442786439554766e-07,2,-6,-10,2133.898193359375
18,-0.12195121951219512,4.244628598826239e-06,2,-6,-10,2133.898193359375
19,-0.07317073170731703,3.667905730253551e-07,2,-6,-10,2133.898193359375
20,-0.024390243902439046,7.672302615446824e-08,2,-6,-10,2133.898193359375
21,0.024390243902439046,3.1510048756899778e-06,2,-6,-10,2133.898193359375
22,0.07317073170731714,1.4814743281021947e-06,2,-6,-10,2133.898193359375
23,0.12195121951219523,2.594646048237337e-06,2,-6,-10,2133.898193359375
24,0.17073170731707332,2.5798885872063693e-06,2,-6,-10,2133.898193359375
25,0.2195121951219512,5.160461114428472e-06,2,-6,-10,2133.898193359375
26,0.2682926829268293,3.2104788260767236e-05,2,-6,-10,2133.898193359375
27,0.3170731707317074,0.00011173519305884838,2,-6,-10,2133.898193359375
28,0.36585365853658547,0.0002301192726008594,2,-6,-10,2133.898193359375
29,0.41463414634146356,0.0011414869222790003,2,-6,-10,2133.898193359375
30,0.46341463414634143,0.0004902419750578701,2,-6,-10,2133.898193359375
31,0.5121951219512195,0.00014384964015334845,2,-6,-10,2133.898193359375
32,0.5609756097560976,1.989915972444578e-06,2,-6,-10,2133.898193359375
33,0.6097560975609757,2.867541979867383e-06,2,-6,-10,2133.898193359375
34,0.6585365853658538,1.0211650078417733e-05,2,-6,-10,2133.898193359375
35,0.7073170731707317,3.037564965779893e-06,2,-6,-10,2133.898193359375
36,0.7560975609756098,2.8148103865532903e-06,2,-6,-10,2133.898193359375
37,0.8048780487804879,3.3340228355882573e-07,2,-6,-10,2133.898193359375
38,0.853658536585366,2.066063188976841e-06,2,-6,-10,2133.898193359375
39,0.902439024390244,2.5041538265213603e-06,2,-6,-10,2133.898193359375
40,0.9512195121951219,3.1874085379968164e-06,2,-6,-10,2133.898193359375
41,1.0,2.874241772587993e-06,2,-6,-10,2133.898193359375
0,-1.0,3.686702621052973e-05,2,-5,-9,2133.898193359375
1,-0.9512195121951219,8.237241127062589e-05,2,-5,-9,2133.898193359375
2,-0.9024390243902439,9.363282151753083e-05,2,-5,-9,2133.898193359375
3,-0.8536585365853658,0.0004185060679446906,2,-5,-9,2133.898193359375
4,-0.8048780487804879,0.017590338364243507,2,-5,-9,2133.898193359375
5,-0.7560975609756098,0.0014619167195633054,2,-5,-9,2133.898193359375
6,-0.7073170731707317,0.0002005394926527515,2,-5,-9,2133.898193359375
7,-0.6585365853658536,0.00010754824324976653,2,-5,-9,2133.898193359375
8,-0.6097560975609756,1.4766485037398525e-05,2,-5,-9,2133.898193359375
9,-0.5609756097560976,9.636934009904508e-06,2,-5,-9,2133.898193359375
10,-0.5121951219512195,3.138554120596382e-06,2,-5,-9,2133.898193359375
11,-0.46341463414634143,5.34590117240441e-06,2,-5,-9,2133.898193359375
12,-0.41463414634146334,1.6358775610569865e-05,2,-5,-9,2133.898193359375
13,-0.36585365853658536,5.3152916734688915e-06,2,-5,-9,2133.898193359375
14,-0.31707317073170727,9.143509487330448e-06,2,-5,-9,2133.898193359375
15,-0.2682926829268293,2.2501191779156215e-05,2,-5,-9,2133.898193359375
16,-0.2195121951219512,1.9002009139512666e-05,2,-5,-9,2133.898193359375
17,-0.1707317073170731,3.5283852639622637e-07,2,-5,-9,2133.898193359375
18,-0.12195121951219512,2.2052527981486492e-07,2,-5,-9,2133.898193359375
19,-0.07317073170731703,1.6084815115391393e-06,2,-5,-9,2133.898193359375
20,-0.024390243902439046,5.522579613170819e-06,2,-5,-9,2133.898193359375
21,0.024390243902439046,1.6969087823781592e-07,2,-5,-9,2133.898193359375
22,0.07317073170731714,1.7504650031696656e-06,2,-5,-9,2133.898193359375
23,0.12195121951219523,4.3426603042462375e-06,2,-5,-9,2133.898193359375
24,0.17073170731707332,1.4889615158608649e-06,2,-5,-9,2133.898193359375
25,0.2195121951219512,2.6376328605692834e-06,2,-5,-9,2133.898193359375
26,0.2682926829268293,2.6736049676401308e-06,2,-5,-9,2133.898193359375
27,0.3170731707317074,0.0,2,-5,-9,2133.898193359375
28,0.36585365853658547,0.0,2,-5,-9,2133.898193359375
29,0.41463414634146356,0.0,2,-5,-9,2133.898193359375
30,0.46341463414634143,0.0,2,-5,-9,2133.898193359375
31,0.5121951219512195,0.0,2,-5,-9,2133.898193359375
32,0.5609756097560976,0.0,2,-5,-9,2133.898193359375
33,0.6097560975609757,0.0,2,-5,-9,2133.898193359375
34,0.6585365853658538,0.0,2,-5,-9,2133.898193359375
35,0.7073170731707317,0.0,2,-5,-9,2133.898193359375
36,0.7560975609756098,0.0,2,-5,-9,2133.898193359375
37,0.8048780487804879,0.0,2,-5,-9,2133.898193359375
38,0.853658536585366,0.0,2,-5,-9,2133.898193359375
39,0.902439024390244,0.0,2,-5,-9,2133.898193359375
40,0.9512195121951219,0.0,2,-5,-9,2133.898193359375
41,1.0,0.0,2,-5,-9,2133.898193359375
0,-1.0,5.033275556343142e-06,2,-4,-9,2133.898193359375
1,-0.9512195121951219,2.146849965356523e-06,2,-4,-9,2133.898193359375
2,-0.9024390243902439,5.138365395396249e-06,2,-4,-9,2133.898193359375
3,-0.8536585365853658,2.967584805446677e-06,2,-4,-9,2133.898193359375
4,-0.8048780487804879,4.32469141742331e-06,2,-4,-9,2133.898193359375
5,-0.7560975609756098,7.68790141592035e-06,2,-4,-9,2133.898193359375
6,-0.7073170731707317,4.228929810778936e-06,2,-4,-9,2133.898193359375
7,-0.6585365853658536,2.9285487471497618e-05,2,-4,-9,2133.898193359375
8,-0.6097560975609756,7.146175448724534e-06,2,-4,-9,2133.898193359375
9,-0.5609756097560976,7.31754771550186e-05,2,-4,-9,2133.898193359375
10,-0.5121951219512195,1.0262638170388527e-05,2,-4,-9,2133.898193359375
11,-0.46341463414634143,8.385765977436677e-05,2,-4,-9,2133.898193359375
12,-0.41463414634146334,5.3472653235075995e-05,2,-4,-9,2133.898193359375
13,-0.36585365853658536,7.731175719527528e-05,2,-4,-9,2133.898193359375
14,-0.31707317073170727,3.8491663872264326e-05,2,-4,-9,2133.898193359375
15,-0.2682926829268293,2.042934966084431e-06,2,-4,-9,2133.898193359375
16,-0.2195121951219512,1.961013003892731e-05,2,-4,-9,2133.898193359375
17,-0.1707317073170731,2.629287337185815e-05,2,-4,-9,2133.898193359375
18,-0.12195121951219512,3.205899702152237e-05,2,-4,-9,2133.898193359375
19,-0.07317073170731703,8.166989573510364e-06,2,-4,-9,2133.898193359375
20,-0.024390243902439046,0.00021391971677076072,2,-4,-9,2133.898193359375
21,0.024390243902439046,0.00033601096947677433,2,-4,-9,2133.898193359375
22,0.07317073170731714,1.5102510815268033e-06,2,-4,-9,2133.898193359375
23,0.12195121951219523,0.0001285407633986324,2,-4,-9,2133.898193359375
24,0.17073170731707332,0.00032488108263351023,2,-4,-9,2133.898193359375
25,0.2195121951219512,0.0012646389659494162,2,-4,-9,2133.898193359375
26,0.2682926829268293,0.005099385045468807,2,-4,-9,2133.898193359375
27,0.3170731707317074,4.723257734440267e-05,2,-4,-9,2133.898193359375
28,0.36585365853658547,0.00015705815167166293,2,-4,-9,2133.898193359375
29,0.41463414634146356,6.40230136923492e-05,2,-4,-9,2133.898193359375
30,0.46341463414634143,4.609553343470907e-06,2,-4,-9,2133.898193359375
31,0.5121951219512195,5.042461634729989e-05,2,-4,-9,2133.898193359375
32,0.5609756097560976,7.975113476277329e-06,2,-4,-9,2133.898193359375
33,0.6097560975609757,1.3007780580664985e-05,2,-4,-9,2133.898193359375
34,0.6585365853658538,7.721330803178716e-06,2,-4,-9,2133.898193359375
35,0.7073170731707317,1.2666854445342324e-06,2,-4,-9,2133.898193359375
36,0.7560975609756098,9.513526492810342e-06,2,-4,-9,2133.898193359375
37,0.8048780487804879,4.3772669755526294e-07,2,-4,-9,2133.898193359375
38,0.853658536585366,3.5049883990723174e-06,2,-4,-9,2133.898193359375
39,0.902439024390244,1.0634235877660103e-05,2,-4,-9,2133.898193359375
40,0.9512195121951219,1.1851174122057273e-06,2,-4,-9,2133.898193359375
41,1.0,1.647710996621754e-05,2,-4,-9,2133.898193359375
0,-1.0,1.8048017125238403e-07,2,2,-7,2133.898193359375
1,-0.9512195121951219,9.327471843789681e-07,2,2,-7,2133.898193359375
2,-0.9024390243902439,2.3965796458469413e-07,2,2,-7,2133.898193359375
3,-0.8536585365853658,2.465166915044392e-07,2,2,-7,2133.898193359375
4,-0.8048780487804879,2.1667003125003248e-07,2,2,-7,2133.898193359375
5,-0.7560975609756098,1.711751110633486e-06,2,2,-7,2133.898193359375
6,-0.7073170731707317,3.7902145777479745e-07,2,2,-7,2133.898193359375
7,-0.6585365853658536,1.6122839952004142e-05,2,2,-7,2133.898193359375
8,-0.6097560975609756,6.77341404298204e-07,2,2,-7,2133.898193359375
9,-0.5609756097560976,3.438763314989046e-06,2,2,-7,2133.898193359375
10,-0.5121951219512195,7.259575340867741e-07,2,2,-7,2133.898193359375
11,-0.46341463414634143,2.052978743449785e-06,2,2,-7,2133.898193359375
12,-0.41463414634146334,9.502254215476569e-06,2,2,-7,2133.898193359375
13,-0.36585365853658536,5.903375495108776e-06,2,2,-7,2133.898193359375
14,-0.31707317073170727,5.413553026301088e-06,2,2,-7,2133.898193359375
15,-0.2682926829268293,2.582545221230248e-06,2,2,-7,2133.898193359375
16,-0.2195121951219512,1.9970498215116095e-06,2,2,-7,2133.898193359375
17,-0.1707317073170731,2.3085153770807665e-06,2,2,-7,2133.898193359375
18,-0.12195121951219512,4.076459845236968e-06,2,2,-7,2133.898193359375
19,-0.07317073170731703,4.430678745848127e-05,2,2,-7,2133.898193359375
20,-0.024390243902439046,9.408108780917246e-06,2,2,-7,2133.898193359375
21,0.024390243902439046,1.9621843421191443e-06,2,2,-7,2133.898193359375
22,0.07317073170731714,1.2253627801328548e-06,2,2,-7,2133.898193359375
23,0.12195121951219523,3.5621567917587527e-07,2,2,-7,2133.898193359375
24,0.17073170731707332,6.414226731976669e-07,2,2,-7,2133.898193359375
25,0.2195121951219512,6.725254934281111e-06,2,2,-7,2133.898193359375
26,0.2682926829268293,2.0078550733160228e-05,2,2,-7,2133.898193359375
27,0.3170731707317074,5.3098621719982475e-05,2,2,-7,2133.898193359375
28,0.36585365853658547,8.508173777954653e-05,2,2,-7,2133.898193359375
29,0.41463414634146356,8.998149132821709e-05,2,2,-7,2133.898193359375
30,0.46341463414634143,0.001348658581264317,2,2,-7,2133.898193359375
31,0.5121951219512195,0.005809599533677101,2,2,-7,2133.898193359375
32,0.5609756097560976,0.0008060699328780174,2,2,-7,2133.898193359375
33,0.6097560975609757,0.0009057308780029416,2,2,-7,2133.898193359375
34,0.6585365853658538,3.2108066079672426e-05,2,2,-7,2133.898193359375
35,0.7073170731707317,7.11824104655534e-05,2,2,-7,2133.898193359375
36,0.7560975609756098,1.2457013326638844e-05,2,2,-7,2133.898193359375
37,0.8048780487804879,5.2108156523900107e-05,2,2,-7,2133.898193359375
38,0.853658536585366,4.8461268306709826e-05,2,2,-7,2133.898193359375
39,0.902439024390244,3.8648751797154546e-05,2,2,-7,2133.898193359375
40,0.9512195121951219,1.3480545931088272e-05,2,2,-7,2133.898193359375
41,1.0,7.485590685973875e-06,2,2,-7,2133.898193359375
0,-1.0,6.28994769158453e-07,2,3,-7,2133.898193359375
1,-0.9512195121951219,3.2923428534559207e-06,2,3,-7,2133.898193359375
2,-0.9024390243902439,2.0217753444740083e-06,2,3,-7,2133.898193359375
3,-0.8536585365853658,8.078632731667312e-07,2,3,-7,2133.898193359375
4,-0.8048780487804879,3.0316523407236673e-05,2,3,-7,2133.898193359375
5,-0.7560975609756098,0.00016342138405889273,2,3,-7,2133.898193359375
6,-0.7073170731707317,1.8428299881634302e-05,2,3,-7,2133.898193359375
7,-0.6585365853658536,2.5850664314930327e-05,2,3,-7,2133.898193359375
8,-0.6097560975609756,8.390760740439873e-06,2,3,-7,2133.898193359375
9,-0.5609756097560976,1.763751970429439e-05,2,3,-7,2133.898193359375
10,-0.5121951219512195,1.6204371604544576e-06,2,3,-7,2133.898193359375
11,-0.46341463414634143,1.347362922388129e-05,2,3,-7,2133.898193359375
12,-0.41463414634146334,2.5891948098433204e-05,2,3,-7,2133.898193359375
13,-0.36585365853658536,0.0001319270086241886,2,3,-7,2133.898193359375
14,-0.31707317073170727,0.0005896194488741457,2,3,-7,2133.898193359375
15,-0.2682926829268293,0.0021447548642754555,2,3,-7,2133.898193359375
16,-0.2195121951219512,1.9103128579445183e-05,2,3,-7,2133.898193359375
17,-0.1707317073170731,9.363800927530974e-05,2,3,-7,2133.898193359375
18,-0.12195121951219512,5.802920895803254e-06,2,3,-7,2133.898193359375
19,-0.07317073170731703,9.76936353254132e-05,2,3,-7,2133.898193359375
20,-0.024390243902439046,2.7348488629286294e-07,2,3,-7,2133.898193359375
21,0.024390243902439046,1.6373884136555716e-05,2,3,-7,2133.898193359375
22,0.07317073170731714,3.9221683323376055e-07,2,3,-7,2133.898193359375
23,0.12195121951219523,6.842005859653e-06,2,3,-7,2133.898193359375
24,0.17073170731707332,5.797224957859726e-07,2,3,-7,2133.898193359375
25,0.2195121951219512,6.844895779067883e-07,2,3,-7,2133.898193359375
26,0.2682926829268293,4.302060858663026e-07,2,3,-7,2133.898193359375
27,0.3170731707317074,6.225695869943593e-06,2,3,-7,2133.898193359375
28,0.36585365853658547,4.1568619053578004e-06,2,3,-7,2133.898193359375
29,0.41463414634146356,1.9339680079610844e-07,2,3,-7,2133.898193359375
30,0.46341463414634143,4.1017447074409574e-06,2,3,-7,2133.898193359375
31,0.5121951219512195,1.7014057220876566e-06,2,3,-7,2133.898193359375
32,0.5609756097560976,2.9119335067662178e-06,2,3,-7,2133.898193359375
33,0.6097560975609757,1.90636114894005e-06,2,3,-7,2133.898193359375
34,0.6585365853658538,6.052722255844856e-06,2,3,-7,2133.898193359375
35,0.7073170731707317,1.0695286078998834e-07,2,3,-7,2133.898193359375
36,0.7560975609756098,2.7185245699001825e-07,2,3,-7,2133.898193359375
37,0.8048780487804879,3.043950016490271e-07,2,3,-7,2133.898193359375
38,0.853658536585366,4.167789938946953e-06,2,3,-7,2133.898193359375
39,0.902439024390244,1.4223609468899667e-05,2,3,-7,2133.898193359375
40,0.9512195121951219,8.348351911990903e-06,2,3,-7,2133.898193359375
41,1.0,5.486705504154088e-06,2,3,-7,2133.898193359375
0,-1.0,1.00753313745372e-05,2,4,-7,2133.898193359375
1,-0.9512195121951219,4.475880632526241e-05,2,4,-7,2133.898193359375
2,-0.9024390243902439,1.676111060078256e-05,2,4,-7,2133.898193359375
3,-0.8536585365853658,3.2302847102982923e-05,2,4,-7,2133.898193359375
4,-0.8048780487804879,6.19834172539413e-05,2,4,-7,2133.898193359375
5,-0.7560975609756098,0.0019434221321716905,2,4,-7,2133.898193359375
6,-0.7073170731707317,0.00012415768287610263,2,4,-7,2133.898193359375
7,-0.6585365853658536,0.0150222796946764,2,4,-7,2133.898193359375
8,-0.6097560975609756,0.0008154925890266895,2,4,-7,2133.898193359375
9,-0.5609756097560976,0.00018639602058101445,2,4,-7,2133.898193359375
10,-0.5121951219512195,6.667565321549773e-05,2,4,-7,2133.898193359375
11,-0.46341463414634143,1.2295640772208571e-05,2,4,-7,2133.898193359375
12,-0.41463414634146334,0.00033437559613958,2,4,-7,2133.898193359375
13,-0.36585365853658536,2.821351472448441e-06,2,4,-7,2133.898193359375
14,-0.31707317073170727,7.88619516356448e-08,2,4,-7,2133.898193359375
15,-0.2682926829268293,4.893754976365017e-06,2,4,-7,2133.898193359375
16,-0.2195121951219512,6.7210144152340945e-06,2,4,-7,2133.898193359375
17,-0.1707317073170731,1.1595053365454078e-05,2,4,-7,2133.898193359375
18,-0.12195121951219512,7.705187272222247e-06,2,4,-7,2133.898193359375
19,-0.07317073170731703,2.611179843370337e-05,2,4,-7,2133.898193359375
20,-0.024390243902439046,4.13442330682301e-06,2,4,-7,2133.898193359375
21,0.024390243902439046,2.925659430275118e-07,2,4,-7,2133.898193359375
22,0.07317073170731714,1.8432366459819605e-06,2,4,-7,2133.898193359375
23,0.12195121951219523,7.075609573803376e-07,2,4,-7,2133.898193359375
24,0.17073170731707332,3.819895937340334e-07,2,4,-7,2133.898193359375
25,0.2195121951219512,1.4236395600164542e-06,2,4,-7,2133.898193359375
26,0.2682926829268293,3.0634435006504646e-06,2,4,-7,2133.898193359375
27,0.3170731707317074,1.333671548309212e-06,2,4,-7,2133.898193359375
28,0.36585365853658547,2.321175571751155e-07,2,4,-7,2133.898193359375
29,0.41463414634146356,4.861891511609429e-07,2,4,-7,2133.898193359375
30,0.46341463414634143,0.0,2,4,-7,2133.898193359375
31,0.5121951219512195,0.0,2,4,-7,2133.898193359375
32,0.5609756097560976,0.0,2,4,-7,2133.898193359375
33,0.6097560975609757,0.0,2,4,-7,2133.898193359375
34,0.6585365853658538,0.0,2,4,-7,2133.898193359375
35,0.7073170731707317,0.0,2,4,-7,2133.898193359375
36,0.7560975609756098,0.0,2,4,-7,2133.898193359375
37,0.8048780487804879,0.0,2,4,-7,2133.898193359375
38,0.853658536585366,0.0,2,4,-7,2133.898193359375
39,0.902439024390244,0.0,2,4,-7,2133.898193359375
40,0.9512195121951219,0.0,2,4,-7,2133.898193359375
41,1.0,0.0,2,4,-7,2133.898193359375
0,-1.0,1.3987841157359071e-05,2,5,-7,2133.898193359375
1,-0.9512195121951219,5.220986713538878e-05,2,5,-7,2133.898193359375
2,-0.9024390243902439,0.00014485747669823468,2,5,-7,2133.898193359375
3,-0.8536585365853658,0.0008140551508404315,2,5,-7,2133.898193359375
4,-0.8048780487804879,0.0025001256726682186,2,5,-7,2133.898193359375
5,-0.7560975609756098,0.0003674335894174874,2,5,-7,2133.898193359375
6,-0.7073170731707317,1.9542465452104807e-05,2,5,-7,2133.898193359375
7,-0.6585365853658536,7.916017057141289e-05,2,5,-7,2133.898193359375
8,-0.6097560975609756,2.2333567528676213e-07,2,5,-7,2133.898193359375
9,-0.5609756097560976,1.7003629181999713e-05,2,5,-7,2133.898193359375
10,-0.5121951219512195,1.550680462969467e-05,2,5,-7,2133.898193359375
11,-0.46341463414634143,1.1365194723111927e-06,2,5,-7,2133.898193359375
12,-0.41463414634146334,4.0965655898617115e-06,2,5,-7,2133.898193359375
13,-0.36585365853658536,2.2322476525005186e-06,2,5,-7,2133.898193359375
14,-0.31707317073170727,3.7574427551589906e-06,2,5,-7,2133.898193359375
15,-0.2682926829268293,9.945457350113429e-06,2,5,-7,2133.898193359375
16,-0.2195121951219512,2.0966569991287543e-06,2,5,-7,2133.898193359375
17,-0.1707317073170731,1.3399334193309187e-06,2,5,-7,2133.898193359375
18,-0.12195121951219512,3.382369229143478e-08,2,5,-7,2133.898193359375
19,-0.07317073170731703,1.8771148688756512e-06,2,5,-7,2133.898193359375
20,-0.024390243902439046,9.060563570528757e-07,2,5,-7,2133.898193359375
21,0.024390243902439046,3.059921649395392e-09,2,5,-7,2133.898193359375
22,0.07317073170731714,6.708713158332102e-07,2,5,-7,2133.898193359375
23,0.12195121951219523,0.0,2,5,-7,2133.898193359375
24,0.17073170731707332,0.0,2,5,-7,2133.898193359375
25,0.2195121951219512,0.0,2,5,-7,2133.898193359375
26,0.2682926829268293,0.0,2,5,-7,2133.898193359375
27,0.3170731707317074,0.0,2,5,-7,2133.898193359375
28,0.36585365853658547,0.0,2,5,-7,2133.898193359375
29,0.41463414634146356,0.0,2,5,-7,2133.898193359375
30,0.46341463414634143,0.0,2,5,-7,2133.898193359375
31,0.5121951219512195,0.0,2,5,-7,2133.898193359375
32,0.5609756097560976,0.0,2,5,-7,2133.898193359375
33,0.6097560975609757,0.0,2,5,-7,2133.898193359375
34,0.6585365853658538,0.0,2,5,-7,2133.898193359375
35,0.7073170731707317,0.0,2,5,-7,2133.898193359375
36,0.7560975609756098,0.0,2,5,-7,2133.898193359375
37,0.8048780487804879,0.0,2,5,-7,2133.898193359375
38,0.853658536585366,0.0,2,5,-7,2133.898193359375
39,0.902439024390244,0.0,2,5,-7,2133.898193359375
40,0.9512195121951219,0.0,2,5,-7,2133.898193359375
41,1.0,0.0,2,5,-7,2133.898193359375
0,-1.0,5.58219981030561e-05,2,6,-7,2133.898193359375
1,-0.9512195121951219,0.00021592980192508548,2,6,-7,2133.898193359375
2,-0.9024390243902439,0.0008204787154681981,2,6,-7,2133.898193359375
3,-0.8536585365853658,0.0007006474770605564,2,6,-7,2133.898193359375
4,-0.8048780487804879,0.00013630196917802095,2,6,-7,2133.898193359375
5,-0.7560975609756098,0.00048379620420746505,2,6,-7,2133.898193359375
6,-0.7073170731707317,1.964069952009595e-06,2,6,-7,2133.898193359375
7,-0.6585365853658536,5.843854523845948e-05,2,6,-7,2133.898193359375
8,-0.6097560975609756,2.5695858312246855e-06,2,6,-7,2133.898193359375
9,-0.5609756097560976,1.9673291262733983e-07,2,6,-7,2133.898193359375
10,-0.5121951219512195,2.2760241336072795e-06,2,6,-7,2133.898193359375
11,-0.46341463414634143,4.056759735249216e-06,2,6,-7,2133.898193359375
12,-0.41463414634146334,5.269268399388238e-07,2,6,-7,2133.898193359375
13,-0.36585365853658536,2.8510521588032134e-07,2,6,-7,2133.898193359375
14,-0.31707317073170727,1.544541760267748e-06,2,6,-7,2133.898193359375
15,-0.2682926829268293,2.6915015496342676e-06,2,6,-7,2133.898193359375
16,-0.2195121951219512,1.3168893246984226e-06,2,6,-7,2133.898193359375
17,-0.1707317073170731,8.957069042025978e-08,2,6,-7,2133.898193359375
18,-0.12195121951219512,9.566408607497578e-07,2,6,-7,2133.898193359375
19,-0.07317073170731703,0.0,2,6,-7,2133.898193359375
20,-0.024390243902439046,0.0,2,6,-7,2133.898193359375
21,0.024390243902439046,0.0,2,6,-7,2133.898193359375
22,0.07317073170731714,0.0,2,6,-7,2133.898193359375
23,0.12195121951219523,0.0,2,6,-7,2133.898193359375
24,0.17073170731707332,0.0,2,6,-7,2133.898193359375
25,0.2195121951219512,0.0,2,6,-7,2133.898193359375
26,0.2682926829268293,0.0,2,6,-7,2133.898193359375
27,0.3170731707317074,0.0,2,6,-7,2133.898193359375
28,0.36585365853658547,0.0,2,6,-7,2133.898193359375
29,0.41463414634146356,0.0,2,6,-7,2133.898193359375
30,0.46341463414634143,0.0,2,6,-7,2133.898193359375
31,0.5121951219512195,0.0,2,6,-7,2133.898193359375
32,0.5609756097560976,0.0,2,6,-7,2133.898193359375
33,0.6097560975609757,0.0,2,6,-7,2133.898193359375
34,0.6585365853658538,0.0,2,6,-7,2133.898193359375
35,0.7073170731707317,0.0,2,6,-7,2133.898193359375
36,0.7560975609756098,0.0,2,6,-7,2133.898193359375
37,0.8048780487804879,0.0,2,6,-7,2133.898193359375
38,0.853658536585366,0.0,2,6,-7,2133.898193359375
39,0.902439024390244,0.0,2,6,-7,2133.898193359375
40,0.9512195121951219,0.0,2,6,-7,2133.898193359375
41,1.0,0.0,2,6,-7,2133.898193359375
0,-1.0,0.0,2,6,-6,2133.898193359375
1,-0.9512195121951219,0.0,2,6,-6,2133.898193359375
2,-0.9024390243902439,0.0,2,6,-6,2133.898193359375
3,-0.8536585365853658,0.0,2,6,-6,2133.898193359375
4,-0.8048780487804879,0.0,2,6,-6,2133.898193359375
5,-0.7560975609756098,0.0,2,6,-6,2133.898193359375
6,-0.7073170731707317,0.0,2,6,-6,2133.898193359375
7,-0.6585365853658536,0.0,2,6,-6,2133.898193359375
8,-0.6097560975609756,0.0,2,6,-6,2133.898193359375
9,-0.5609756097560976,0.0,2,6,-6,2133.898193359375
10,-0.5121951219512195,0.0,2,6,-6,2133.898193359375
11,-0.46341463414634143,0.0,2,6,-6,2133.898193359375
12,-0.41463414634146334,0.0,2,6,-6,2133.898193359375
13,-0.36585365853658536,0.0,2,6,-6,2133.898193359375
14,-0.31707317073170727,0.0,2,6,-6,2133.898193359375
15,-0.2682926829268293,0.0,2,6,-6,2133.898193359375
16,-0.2195121951219512,0.0,2,6,-6,2133.898193359375
17,-0.1707317073170731,0.0,2,6,-6,2133.898193359375
18,-0.12195121951219512,0.0,2,6,-6,2133.898193359375
19,-0.07317073170731703,0.0,2,6,-6,2133.898193359375
20,-0.024390243902439046,0.0,2,6,-6,2133.898193359375
21,0.024390243902439046,0.0,2,6,-6,2133.898193359375
22,0.07317073170731714,0.0,2,6,-6,2133.898193359375
23,0.12195121951219523,0.0,2,6,-6,2133.898193359375
24,0.17073170731707332,1.22597077734099e-06,2,6,-6,2133.898193359375
25,0.2195121951219512,1.7883664327200677e-07,2,6,-6,2133.898193359375
26,0.2682926829268293,8.485985745210201e-07,2,6,-6,2133.898193359375
27,0.3170731707317074,8.359506153965413e-08,2,6,-6,2133.898193359375
28,0.36585365853658547,1.0816449957928853e-06,2,6,-6,2133.898193359375
29,0.41463414634146356,2.534573866341816e-07,2,6,-6,2133.898193359375
30,0.46341463414634143,7.595956503791967e-07,2,6,-6,2133.898193359375
31,0.5121951219512195,1.6037199657148449e-06,2,6,-6,2133.898193359375
32,0.5609756097560976,6.655218385276385e-07,2,6,-6,2133.898193359375
33,0.6097560975609757,4.086465708041942e-07,2,6,-6,2133.898193359375
34,0.6585365853658538,1.5211771824397147e-05,2,6,-6,2133.898193359375
35,0.7073170731707317,2.8604424642253434e-06,2,6,-6,2133.898193359375
36,0.7560975609756098,1.6696664033588604e-06,2,6,-6,2133.898193359375
37,0.8048780487804879,2.058970130747184e-05,2,6,-6,2133.898193359375
38,0.853658536585366,0.0006039649015292525,2,6,-6,2133.898193359375
39,0.902439024390244,0.0001117900392273441,2,6,-6,2133.898193359375
40,0.9512195121951219,0.00041638340917415917,2,6,-6,2133.898193359375
41,1.0,1.3578595599028631e-06,2,6,-6,2133.898193359375
0,-1.0,8.041832188609987e-06,2,7,-7,2133.898193359375
1,-0.9512195121951219,0.0001239067205460742,2,7,-7,2133.898193359375
2,-0.9024390243902439,0.001332470797933638,2,7,-7,2133.898193359375
3,-0.8536585365853658,0.00035689264768734574,2,7,-7,2133.898193359375
4,-0.8048780487804879,2.4042434233706445e-05,2,7,-7,2133.898193359375
5,-0.7560975609756098,8.810925646685064e-05,2,7,-7,2133.898193359375
6,-0.7073170731707317,4.878578693023883e-06,2,7,-7,2133.898193359375
7,-0.6585365853658536,2.478102487657452e-07,2,7,-7,2133.898193359375
8,-0.6097560975609756,9.672232863522368e-07,2,7,-7,2133.898193359375
9,-0.5609756097560976,4.540495865512639e-06,2,7,-7,2133.898193359375
10,-0.5121951219512195,9.962341209757142e-07,2,7,-7,2133.898193359375
11,-0.46341463414634143,1.009412699204404e-06,2,7,-7,2133.898193359375
12,-0.41463414634146334,8.346889330823615e-07,2,7,-7,2133.898193359375
13,-0.36585365853658536,4.4123586917521607e-07,2,7,-7,2133.898193359375
14,-0.31707317073170727,5.9204712243854374e-08,2,7,-7,2133.898193359375
15,-0.2682926829268293,1.0942535766389483e-07,2,7,-7,2133.898193359375
16,-0.2195121951219512,0.0,2,7,-7,2133.898193359375
17,-0.1707317073170731,0.0,2,7,-7,2133.898193359375
18,-0.12195121951219512,0.0,2,7,-7,2133.898193359375
19,-0.07317073170731703,0.0,2,7,-7,2133.898193359375
20,-0.024390243902439046,0.0,2,7,-7,2133.898193359375
21,0.024390243902439046,0.0,2,7,-7,2133.898193359375
22,0.07317073170731714,0.0,2,7,-7,2133.898193359375
23,0.12195121951219523,0.0,2,7,-7,2133.898193359375
24,0.17073170731707332,0.0,2,7,-7,2133.898193359375
25,0.2195121951219512,0.0,2,7,-7,2133.898193359375
26,0.2682926829268293,0.0,2,7,-7,2133.898193359375
27,0.3170731707317074,0.0,2,7,-7,2133.898193359375
28,0.36585365853658547,0.0,2,7,-7,2133.898193359375
29,0.41463414634146356,0.0,2,7,-7,2133.898193359375
30,0.46341463414634143,0.0,2,7,-7,2133.898193359375
31,0.5121951219512195,0.0,2,7,-7,2133.898193359375
32,0.5609756097560976,0.0,2,7,-7,2133.898193359375
33,0.6097560975609757,0.0,2,7,-7,2133.898193359375
34,0.6585365853658538,0.0,2,7,-7,2133.898193359375
35,0.7073170731707317,0.0,2,7,-7,2133.898193359375
36,0.7560975609756098,0.0,2,7,-7,2133.898193359375
37,0.8048780487804879,0.0,2,7,-7,2133.898193359375
38,0.853658536585366,0.0,2,7,-7,2133.898193359375
39,0.902439024390244,0.0,2,7,-7,2133.898193359375
40,0.9512195121951219,0.0,2,7,-7,2133.898193359375
41,1.0,0.0,2,7,-7,2133.898193359375
0,-1.0,0.0,2,7,-6,2133.898193359375
1,-0.9512195121951219,0.0,2,7,-6,2133.898193359375
2,-0.9024390243902439,0.0,2,7,-6,2133.898193359375
3,-0.8536585365853658,0.0,2,7,-6,2133.898193359375
4,-0.8048780487804879,0.0,2,7,-6,2133.898193359375
5,-0.7560975609756098,0.0,2,7,-6,2133.898193359375
6,-0.7073170731707317,0.0,2,7,-6,2133.898193359375
7,-0.6585365853658536,0.0,2,7,-6,2133.898193359375
8,-0.6097560975609756,0.0,2,7,-6,2133.898193359375
9,-0.5609756097560976,0.0,2,7,-6,2133.898193359375
10,-0.5121951219512195,0.0,2,7,-6,2133.898193359375
11,-0.46341463414634143,0.0,2,7,-6,2133.898193359375
12,-0.41463414634146334,0.0,2,7,-6,2133.898193359375
13,-0.36585365853658536,0.0,2,7,-6,2133.898193359375
14,-0.31707317073170727,0.0,2,7,-6,2133.898193359375
15,-0.2682926829268293,0.0,2,7,-6,2133.898193359375
16,-0.2195121951219512,0.0,2,7,-6,2133.898193359375
17,-0.1707317073170731,0.0,2,7,-6,2133.898193359375
18,-0.12195121951219512,0.0,2,7,-6,2133.898193359375
19,-0.07317073170731703,0.0,2,7,-6,2133.898193359375
20,-0.024390243902439046,0.0,2,7,-6,2133.898193359375
21,0.024390243902439046,2.472605729053612e-07,2,7,-6,2133.898193359375
22,0.07317073170731714,7.954373018037586e-07,2,7,-6,2133.898193359375
23,0.12195121951219523,2.360194031325591e-07,2,7,-6,2133.898193359375
24,0.17073170731707332,3.993469590568566e-07,2,7,-6,2133.898193359375
25,0.2195121951219512,3.789066795434337e-06,2,7,-6,2133.898193359375
26,0.2682926829268293,5.298962832966936e-07,2,7,-6,2133.898193359375
27,0.3170731707317074,1.1925502576559666e-06,2,7,-6,2133.898193359375
28,0.36585365853658547,2.9919942790002096e-07,2,7,-6,2133.898193359375
29,0.41463414634146356,1.1205065675312653e-06,2,7,-6,2133.898193359375
30,0.46341463414634143,2.5681536044430686e-06,2,7,-6,2133.898193359375
31,0.5121951219512195,0.00033004104625433683,2,7,-6,2133.898193359375
32,0.5609756097560976,3.0192129997885786e-05,2,7,-6,2133.898193359375
33,0.6097560975609757,6.49729699944146e-05,2,7,-6,2133.898193359375
34,0.6585365853658538,0.004348209593445063,2,7,-6,2133.898193359375
35,0.7073170731707317,5.968140249024145e-05,2,7,-6,2133.898193359375
36,0.7560975609756098,1.3271177522256039e-05,2,7,-6,2133.898193359375
37,0.8048780487804879,4.411874670040561e-06,2,7,-6,2133.898193359375
38,0.853658536585366,1.3458374041874777e-06,2,7,-6,2133.898193359375
39,0.902439024390244,1.312080030402285e-06,2,7,-6,2133.898193359375
40,0.9512195121951219,1.0082784683618229e-05,2,7,-6,2133.898193359375
41,1.0,1.6544819914088293e-07,2,7,-6,2133.898193359375
