tilt_index,tilt_angle,intensity,h,k,l,thickness
0,-1.0,2.9003963391005527e-06,-3,-6,7,588.1356201171875
1,-0.9512195121951219,2.8162144189991523e-06,-3,-6,7,588.1356201171875
2,-0.9024390243902439,2.2981334950600285e-06,-3,-6,7,588.1356201171875
3,-0.8536585365853658,4.945488285557076e-07,-3,-6,7,588.1356201171875
4,-0.8048780487804879,3.2589014153927565e-06,-3,-6,7,588.1356201171875
5,-0.7560975609756098,1.1660413292702287e-05,-3,-6,7,588.1356201171875
6,-0.7073170731707317,1.9104199964203872e-05,-3,-6,7,588.1356201171875
7,-0.6585365853658536,1.1097104106738698e-05,-3,-6,7,588.1356201171875
8,-0.6097560975609756,1.45012054417748e-05,-3,-6,7,588.1356201171875
9,-0.5609756097560976,0.00209791655652225,-3,-6,7,588.1356201171875
10,-0.5121951219512195,0.00030927834450267255,-3,-6,7,588.1356201171875
11,-0.46341463414634143,0.00017054248019121587,-3,-6,7,588.1356201171875
12,-0.41463414634146334,1.5197480024653487e-05,-3,-6,7,588.1356201171875
13,-0.36585365853658536,6.987866640884022e-07,-3,-6,7,588.1356201171875
14,-0.31707317073170727,1.1883921615662985e-06,-3,-6,7,588.1356201171875
15,-0.2682926829268293,4.6774448492215015e-06,-3,-6,7,588.1356201171875
16,-0.2195121951219512,1.7650378367761732e-06,-3,-6,7,588.1356201171875
17,-0.1707317073170731,7.5052253123431e-06,-3,-6,7,588.1356201171875
18,-0.12195121951219512,1.946941807773328e-07,-3,-6,7,588.1356201171875
19,-0.07317073170731703,1.5968884099493152e-06,-3,-6,7,588.1356201171875
20,-0.024390243902439046,6.485330459327088e-07,-3,-6,7,588.1356201171875
21,0.024390243902439046,2.3263768866854662e-07,-3,-6,7,588.1356201171875
22,0.07317073170731714,2.1176774680498056e-06,-3,-6,7,588.1356201171875
23,0.12195121951219523,3.8891931808393565e-07,-3,-6,7,588.1356201171875
24,0.17073170731707332,0.0,-3,-6,7,588.1356201171875
25,0.2195121951219512,0.0,-3,-6,7,588.1356201171875
26,0.2682926829268293,0.0,-3,-6,7,588.1356201171875
27,0.3170731707317074,0.0,-3,-6,7,588.1356201171875
28,0.36585365853658547,0.0,-3,-6,7,588.1356201171875
29,0.41463414634146356,0.0,-3,-6,7,588.1356201171875
30,0.46341463414634143,0.0,-3,-6,7,588.1356201171875
31,0.5121951219512195,0.0,-3,-6,7,588.1356201171875
32,0.5609756097560976,0.0,-3,-6,7,588.1356201171875
33,0.6097560975609757,0.0,-3,-6,7,588.1356201171875
34,0.6585365853658538,0.0,-3,-6,7,588.1356201171875
35,0.7073170731707317,0.0,-3,-6,7,588.1356201171875
36,0.7560975609756098,0.0,-3,-6,7,588.1356201171875
37,0.8048780487804879,0.0,-3,-6,7,588.1356201171875
38,0.853658536585366,0.0,-3,-6,7,588.1356201171875
39,0.902439024390244,0.0,-3,-6,7,588.1356201171875
40,0.9512195121951219,0.0,-3,-6,7,588.1356201171875
41,1.0,0.0,-3,-6,7,588.1356201171875
0,-1.0,0.0,-3,-5,7,588.1356201171875
1,-0.9512195121951219,0.0,-3,-5,7,588.1356201171875
2,-0.9024390243902439,0.0,-3,-5,7,588.1356201171875
3,-0.8536585365853658,0.0,-3,-5,7,588.1356201171875
4,-0.8048780487804879,0.0,-3,-5,7,588.1356201171875
5,-0.7560975609756098,0.0,-3,-5,7,588.1356201171875
6,-0.7073170731707317,0.0,-3,-5,7,588.1356201171875
7,-0.6585365853658536,0.0,-3,-5,7,588.1356201171875
8,-0.6097560975609756,0.0,-3,-5,7,588.1356201171875
9,-0.5609756097560976,0.0,-3,-5,7,588.1356201171875
10,-0.5121951219512195,0.0,-3,-5,7,588.1356201171875
11,-0.46341463414634143,0.0,-3,-5,7,588.1356201171875
12,-0.41463414634146334,0.0,-3,-5,7,588.1356201171875
13,-0.36585365853658536,0.0,-3,-5,7,588.1356201171875
14,-0.31707317073170727,0.0,-3,-5,7,588.1356201171875
15,-0.2682926829268293,0.0,-3,-5,7,588.1356201171875
16,-0.2195121951219512,0.0,-3,-5,7,588.1356201171875
17,-0.1707317073170731,0.0,-3,-5,7,588.1356201171875
18,-0.12195121951219512,1.557252033990153e-07,-3,-5,7,588.1356201171875
19,-0.07317073170731703,1.152589561570494e-06,-3,-5,7,588.1356201171875
20,-0.024390243902439046,6.825406444477267e-07,-3,-5,7,588.1356201171875
21,0.024390243902439046,2.060013912341674e-06,-3,-5,7,588.1356201171875
22,0.07317073170731714,2.0427894469321473e-06,-3,-5,7,588.1356201171875
23,0.12195121951219523,8.91272406988719e-08,-3,-5,7,588.1356201171875
24,0.17073170731707332,5.6215512813651e-06,-3,-5,7,588.1356201171875
25,0.2195121951219512,1.6579659813942271e-06,-3,-5,7,588.1356201171875
26,0.2682926829268293,1.2964662346348632e-05,-3,-5,7,588.1356201171875
27,0.3170731707317074,1.601871190359816e-05,-3,-5,7,588.1356201171875
28,0.36585365853658547,9.039509677677415e-06,-3,-5,7,588.1356201171875
29,0.41463414634146356,3.491604275041027e-06,-3,-5,7,588.1356201171875
30,0.46341463414634143,7.715269930486102e-06,-3,-5,7,588.1356201171875
31,0.5121951219512195,5.491224897014035e-07,-3,-5,7,588.1356201171875
32,0.5609756097560976,7.80785376264248e-06,-3,-5,7,588.1356201171875
33,0.6097560975609757,1.0786432540044188e-05,-3,-5,7,588.1356201171875
34,0.6585365853658538,0.00010191010369453579,-3,-5,7,588.1356201171875
35,0.7073170731707317,0.00017156342801172286,-3,-5,7,588.1356201171875
36,0.7560975609756098,3.1277538710128283e-06,-3,-5,7,588.1356201171875
37,0.8048780487804879,3.4009781302302144e-06,-3,-5,7,588.1356201171875
38,0.853658536585366,3.222878513042815e-05,-3,-5,7,588.1356201171875
39,0.902439024390244,8.177086783689447e-06,-3,-5,7,588.1356201171875
40,0.9512195121951219,2.8357706469250843e-05,-3,-5,7,588.1356201171875
41,1.0,3.939099315175554e-06,-3,-5,7,588.1356201171875
0,-1.0,1.774357997419429e-06,-3,-4,8,588.1356201171875
1,-0.9512195121951219,1.3121414667693898e-05,-3,-4,8,588.1356201171875
2,-0.9024390243902439,2.8986198685743148e-06,-3,-4,8,588.1356201171875
3,-0.8536585365853658,1.0647817362041678e-05,-3,-4,8,588.1356201171875
4,-0.8048780487804879,6.834339274064405e-06,-3,-4,8,588.1356201171875
5,-0.7560975609756098,1.1474705388536677e-05,-3,-4,8,588.1356201171875
6,-0.7073170731707317,2.2922957214177586e-05,-3,-4,8,588.1356201171875
7,-0.6585365853658536,0.00027953239623457193,-3,-4,8,588.1356201171875
8,-0.6097560975609756,0.0004568576696328819,-3,-4,8,588.1356201171875
9,-0.5609756097560976,0.0003199930943083018,-3,-4,8,588.1356201171875
10,-0.5121951219512195,5.146149487700313e-05,-3,-4,8,588.1356201171875
11,-0.46341463414634143,0.00012743686966132373,-3,-4,8,588.1356201171875
12,-0.41463414634146334,1.8354005078435875e-05,-3,-4,8,588.1356201171875
13,-0.36585365853658536,4.371073009679094e-05,-3,-4,8,588.1356201171875
14,-0.31707317073170727,2.089001463900786e-05,-3,-4,8,588.1356201171875
15,-0.2682926829268293,3.7798577977810055e-05,-3,-4,8,588.1356201171875
16,-0.2195121951219512,1.6662197594996542e-05,-3,-4,8,588.1356201171875
17,-0.1707317073170731,5.1098227231705096e-06,-3,-4,8,588.1356201171875
18,-0.12195121951219512,1.310284801547823e-06,-3,-4,8,588.1356201171875
19,-0.07317073170731703,2.1313599063432775e-06,-3,-4,8,588.1356201171875
20,-0.024390243902439046,4.035324764117831e-06,-3,-4,8,588.1356201171875
21,0.024390243902439046,4.162823188380571e-06,-3,-4,8,588.1356201171875
22,0.07317073170731714,7.036630904622143e-06,-3,-4,8,588.1356201171875
23,0.12195121951219523,2.152763727281126e-06,-3,-4,8,588.1356201171875
24,0.17073170731707332,3.87262934964383e-06,-3,-4,8,588.1356201171875
25,0.2195121951219512,1.1808467803575695e-07,-3,-4,8,588.1356201171875
26,0.2682926829268293,1.7770073554856936e-06,-3,-4,8,588.1356201171875
27,0.3170731707317074,2.445803204409458e-07,-3,-4,8,588.1356201171875
28,0.36585365853658547,9.062262620318506e-07,-3,-4,8,588.1356201171875
29,0.41463414634146356,4.907786887997645e-07,-3,-4,8,588.1356201171875
30,0.46341463414634143,0.0,-3,-4,8,588.1356201171875
31,0.5121951219512195,0.0,-3,-4,8,588.1356201171875
32,0.5609756097560976,0.0,-3,-4,8,588.1356201171875
33,0.6097560975609757,0.0,-3,-4,8,588.1356201171875
34,0.6585365853658538,0.0,-3,-4,8,588.1356201171875
35,0.7073170731707317,0.0,-3,-4,8,588.1356201171875
36,0.7560975609756098,0.0,-3,-4,8,588.1356201171875
37,0.8048780487804879,0.0,-3,-4,8,588.1356201171875
38,0.853658536585366,0.0,-3,-4,8,588.1356201171875
39,0.902439024390244,0.0,-3,-4,8,588.1356201171875
40,0.9512195121951219,0.0,-3,-4,8,588.1356201171875
41,1.0,0.0,-3,-4,8,588.1356201171875
0,-1.0,3.3063320188375656e-06,-3,4,11,588.1356201171875
1,-0.9512195121951219,1.6202344568228e-06,-3,4,11,588.1356201171875
2,-0.9024390243902439,9.598173164704349e-06,-3,4,11,588.1356201171875
3,-0.8536585365853658,1.9377716853341553e-06,-3,4,11,588.1356201171875
4,-0.8048780487804879,1.2118046470277477e-05,-3,4,11,588.1356201171875
5,-0.7560975609756098,1.1211521268705837e-05,-3,4,11,588.1356201171875
6,-0.7073170731707317,4.373089723230805e-06,-3,4,11,588.1356201171875
7,-0.6585365853658536,1.4633378668804653e-05,-3,4,11,588.1356201171875
8,-0.6097560975609756,2.0929246602463536e-05,-3,4,11,588.1356201171875
9,-0.5609756097560976,9.45200736168772e-05,-3,4,11,588.1356201171875
10,-0.5121951219512195,0.0006799369002692401,-3,4,11,588.1356201171875
11,-0.46341463414634143,0.0011046589352190495,-3,4,11,588.1356201171875
12,-0.41463414634146334,0.0006404376472346485,-3,4,11,588.1356201171875
13,-0.36585365853658536,8.340745262103155e-05,-3,4,11,588.1356201171875
14,-0.31707317073170727,3.408394331927411e-05,-3,4,11,588.1356201171875
15,-0.2682926829268293,5.945122393313795e-05,-3,4,11,588.1356201171875
16,-0.2195121951219512,1.3895935808250215e-05,-3,4,11,588.1356201171875
17,-0.1707317073170731,2.6097484806086868e-05,-3,4,11,588.1356201171875
18,-0.12195121951219512,8.316120329254773e-06,-3,4,11,588.1356201171875
19,-0.07317073170731703,1.8639777863427298e-06,-3,4,11,588.1356201171875
20,-0.024390243902439046,1.8119215383194387e-05,-3,4,11,588.1356201171875
21,0.024390243902439046,5.249093646852998e-06,-3,4,11,588.1356201171875
22,0.07317073170731714,2.689238954189932e-06,-3,4,11,588.1356201171875
23,0.12195121951219523,8.2727865446941e-06,-3,4,11,588.1356201171875
24,0.17073170731707332,2.3974175746843684e-06,-3,4,11,588.1356201171875
25,0.2195121951219512,3.96090990761877e-06,-3,4,11,588.1356201171875
26,0.2682926829268293,3.800037575274473e-06,-3,4,11,588.1356201171875
27,0.3170731707317074,2.0432413805338e-07,-3,4,11,588.1356201171875
28,0.36585365853658547,8.842341230774764e-06,-3,4,11,588.1356201171875
29,0.41463414634146356,4.126065960008418e-06,-3,4,11,588.1356201171875
30,0.46341463414634143,3.151639020870789e-07,-3,4,11,588.1356201171875
31,0.5121951219512195,2.5631236439949134e-06,-3,4,11,588.1356201171875
32,0.5609756097560976,4.899096097688016e-07,-3,4,11,588.1356201171875
33,0.6097560975609757,1.0225419373455225e-06,-3,4,11,588.1356201171875
34,0.6585365853658538,2.2248871118790703e-06,-3,4,11,588.1356201171875
35,0.7073170731707317,1.421650381416839e-06,-3,4,11,588.1356201171875
36,0.7560975609756098,1.132118200075638e-06,-3,4,11,588.1356201171875
37,0.8048780487804879,2.8979252419958357e-06,-3,4,11,588.1356201171875
38,0.853658536585366,2.3970258098415798e-06,-3,4,11,588.1356201171875
39,0.902439024390244,1.8284714542460279e-06,-3,4,11,588.1356201171875
40,0.9512195121951219,9.252187851416238e-07,-3,4,11,588.1356201171875
41,1.0,9.235533866558399e-07,-3,4,11,588.1356201171875
0,-1.0,0.0,-2,-8,2,588.1356201171875
1,-0.9512195121951219,0.0,-2,-8,2,588.1356201171875
2,-0.9024390243902439,0.0,-2,-8,2,588.1356201171875
3,-0.8536585365853658,0.0,-2,-8,2,588.1356201171875
4,-0.8048780487804879,0.0,-2,-8,2,588.1356201171875
5,-0.7560975609756098,0.0,-2,-8,2,588.1356201171875
6,-0.7073170731707317,0.0,-2,-8,2,588.1356201171875
7,-0.6585365853658536,0.0,-2,-8,2,588.1356201171875
8,-0.6097560975609756,0.0,-2,-8,2,588.1356201171875
9,-0.5609756097560976,0.0,-2,-8,2,588.1356201171875
10,-0.5121951219512195,0.0,-2,-8,2,588.1356201171875
11,-0.46341463414634143,0.0,-2,-8,2,588.1356201171875
12,-0.41463414634146334,0.0,-2,-8,2,588.1356201171875
13,-0.36585365853658536,0.0,-2,-8,2,588.1356201171875
14,-0.31707317073170727,0.0,-2,-8,2,588.1356201171875
15,-0.2682926829268293,0.0,-2,-8,2,588.1356201171875
16,-0.2195121951219512,0.0,-2,-8,2,588.1356201171875
17,-0.1707317073170731,0.0,-2,-8,2,588.1356201171875
18,-0.12195121951219512,0.0,-2,-8,2,588.1356201171875
19,-0.07317073170731703,0.0,-2,-8,2,588.1356201171875
20,-0.024390243902439046,0.0,-2,-8,2,588.1356201171875
21,0.024390243902439046,0.0,-2,-8,2,588.1356201171875
22,0.07317073170731714,1.0392565172878676e-06,-2,-8,2,588.1356201171875
23,0.12195121951219523,1.6044677977333777e-06,-2,-8,2,588.1356201171875
24,0.17073170731707332,4.685870749199239e-07,-2,-8,2,588.1356201171875
25,0.2195121951219512,6.191463626237237e-07,-2,-8,2,588.1356201171875
26,0.2682926829268293,1.942484459505067e-06,-2,-8,2,588.1356201171875
27,0.3170731707317074,9.643354133004323e-06,-2,-8,2,588.1356201171875
28,0.36585365853658547,4.416202500578947e-06,-2,-8,2,588.1356201171875
29,0.41463414634146356,6.9612456172762904e-06,-2,-8,2,588.1356201171875
30,0.46341463414634143,2.3658565623918548e-05,-2,-8,2,588.1356201171875
31,0.5121951219512195,2.126004437741358e-05,-2,-8,2,588.1356201171875
32,0.5609756097560976,0.0001345283235423267,-2,-8,2,588.1356201171875
33,0.6097560975609757,0.00020016363123431802,-2,-8,2,588.1356201171875
34,0.6585365853658538,0.0001250705390702933,-2,-8,2,588.1356201171875
35,0.7073170731707317,1.0741996447904967e-05,-2,-8,2,588.1356201171875
36,0.7560975609756098,2.6253339910908835e-06,-2,-8,2,588.1356201171875
37,0.8048780487804879,2.578401790742646e-06,-2,-8,2,588.1356201171875
38,0.853658536585366,8.042936769925291e-07,-2,-8,2,588.1356201171875
39,0.902439024390244,5.59103568775754e-07,-2,-8,2,588.1356201171875
40,0.9512195121951219,2.2664816867745685e-07,-2,-8,2,588.1356201171875
41,1.0,4.5839374251954723e-07,-2,-8,2,588.1356201171875
0,-1.0,1.2051788871758617e-05,-2,-8,3,588.1356201171875
1,-0.9512195121951219,2.3326052541960962e-05,-2,-8,3,588.1356201171875
2,-0.9024390243902439,0.0003084268537349999,-2,-8,3,588.1356201171875
3,-0.8536585365853658,1.5195490050246008e-05,-2,-8,3,588.1356201171875
4,-0.8048780487804879,1.494479533903359e-06,-2,-8,3,588.1356201171875
5,-0.7560975609756098,1.4988488317158044e-07,-2,-8,3,588.1356201171875
6,-0.7073170731707317,2.4504433895344846e-06,-2,-8,3,588.1356201171875
7,-0.6585365853658536,4.4969348778067797e-07,-2,-8,3,588.1356201171875
8,-0.6097560975609756,6.338235039038409e-07,-2,-8,3,588.1356201171875
9,-0.5609756097560976,2.3115926239825058e-07,-2,-8,3,588.1356201171875
10,-0.5121951219512195,1.025978235702496e-06,-2,-8,3,588.1356201171875
11,-0.46341463414634143,1.1783400850617909e-06,-2,-8,3,588.1356201171875
12,-0.41463414634146334,8.621808547104592e-07,-2,-8,3,588.1356201171875
13,-0.36585365853658536,1.2461111964512384e-07,-2,-8,3,588.1356201171875
14,-0.31707317073170727,0.0,-2,-8,3,588.1356201171875
15,-0.2682926829268293,0.0,-2,-8,3,588.1356201171875
16,-0.2195121951219512,0.0,-2,-8,3,588.1356201171875
17,-0.1707317073170731,0.0,-2,-8,3,588.1356201171875
18,-0.12195121951219512,0.0,-2,-8,3,588.1356201171875
19,-0.07317073170731703,0.0,-2,-8,3,588.1356201171875
20,-0.024390243902439046,0.0,-2,-8,3,588.1356201171875
21,0.024390243902439046,0.0,-2,-8,3,588.1356201171875
22,0.07317073170731714,0.0,-2,-8,3,588.1356201171875
23,0.12195121951219523,0.0,-2,-8,3,588.1356201171875
24,0.17073170731707332,0.0,-2,-8,3,588.1356201171875
25,0.2195121951219512,0.0,-2,-8,3,588.1356201171875
26,0.2682926829268293,0.0,-2,-8,3,588.1356201171875
27,0.3170731707317074,0.0,-2,-8,3,588.1356201171875
28,0.36585365853658547,0.0,-2,-8,3,588.1356201171875
29,0.41463414634146356,0.0,-2,-8,3,588.1356201171875
30,0.46341463414634143,0.0,-2,-8,3,588.1356201171875
31,0.5121951219512195,0.0,-2,-8,3,588.1356201171875
32,0.5609756097560976,0.0,-2,-8,3,588.1356201171875
33,0.6097560975609757,0.0,-2,-8,3,588.1356201171875
34,0.6585365853658538,0.0,-2,-8,3,588.1356201171875
35,0.7073170731707317,0.0,-2,-8,3,588.1356201171875
36,0.7560975609756098,0.0,-2,-8,3,588.1356201171875
37,0.8048780487804879,0.0,-2,-8,3,588.1356201171875
38,0.853658536585366,0.0,-2,-8,3,588.1356201171875
39,0.902439024390244,0.0,-2,-8,3,588.1356201171875
40,0.9512195121951219,0.0,-2,-8,3,588.1356201171875
41,1.0,0.0,-2,-8,3,588.1356201171875
0,-1.0,0.0,-2,-7,3,588.1356201171875
1,-0.9512195121951219,0.0,-2,-7,3,588.1356201171875
2,-0.9024390243902439,0.0,-2,-7,3,588.1356201171875
3,-0.8536585365853658,0.0,-2,-7,3,588.1356201171875
4,-0.8048780487804879,0.0,-2,-7,3,588.1356201171875
5,-0.7560975609756098,0.0,-2,-7,3,588.1356201171875
6,-0.7073170731707317,0.0,-2,-7,3,588.1356201171875
7,-0.6585365853658536,0.0,-2,-7,3,588.1356201171875
8,-0.6097560975609756,0.0,-2,-7,3,588.1356201171875
9,-0.5609756097560976,2.550301871906413e-07,-2,-7,3,588.1356201171875
10,-0.5121951219512195,7.698587296545156e-07,-2,-7,3,588.1356201171875
11,-0.46341463414634143,1.3128129694450763e-07,-2,-7,3,588.1356201171875
12,-0.41463414634146334,2.511164609586558e-07,-2,-7,3,588.1356201171875
13,-0.36585365853658536,4.247800006851321e-06,-2,-7,3,588.1356201171875
14,-0.31707317073170727,3.6517737953545293e-06,-2,-7,3,588.1356201171875
15,-0.2682926829268293,1.9563631212804466e-06,-2,-7,3,588.1356201171875
16,-0.2195121951219512,1.095825973607134e-05,-2,-7,3,588.1356201171875
17,-0.1707317073170731,6.9257939685485326e-06,-2,-7,3,588.1356201171875
18,-0.12195121951219512,2.5161336907331133e-06,-2,-7,3,588.1356201171875
19,-0.07317073170731703,2.296196726092603e-05,-2,-7,3,588.1356201171875
20,-0.024390243902439046,3.0980718292994425e-05,-2,-7,3,588.1356201171875
21,0.024390243902439046,0.0013398142764344811,-2,-7,3,588.1356201171875
22,0.07317073170731714,0.0009399295668117702,-2,-7,3,588.1356201171875
23,0.12195121951219523,1.0637752893671859e-05,-2,-7,3,588.1356201171875
24,0.17073170731707332,2.3990801309992094e-06,-2,-7,3,588.1356201171875
25,0.2195121951219512,4.082849045516923e-06,-2,-7,3,588.1356201171875
26,0.2682926829268293,2.003556801355444e-06,-2,-7,3,588.1356201171875
27,0.3170731707317074,1.6841539718370768e-06,-2,-7,3,588.1356201171875
28,0.36585365853658547,2.2050296877296205e-07,-2,-7,3,588.1356201171875
29,0.41463414634146356,2.5787279867017787e-08,-2,-7,3,588.1356201171875
30,0.46341463414634143,8.41182782096439e-07,-2,-7,3,588.1356201171875
31,0.5121951219512195,1.1572342373256106e-06,-2,-7,3,588.1356201171875
32,0.5609756097560976,1.248004991794005e-06,-2,-7,3,588.1356201171875
33,0.6097560975609757,3.144492666251608e-06,-2,-7,3,588.1356201171875
34,0.6585365853658538,8.800620321380848e-07,-2,-7,3,588.1356201171875
35,0.7073170731707317,0.0,-2,-7,3,588.1356201171875
36,0.7560975609756098,0.0,-2,-7,3,588.1356201171875
37,0.8048780487804879,0.0,-2,-7,3,588.1356201171875
38,0.853658536585366,0.0,-2,-7,3,588.1356201171875
39,0.902439024390244,0.0,-2,-7,3,588.1356201171875
40,0.9512195121951219,0.0,-2,-7,3,588.1356201171875
41,1.0,0.0,-2,-7,3,588.1356201171875
0,-1.0,6.388611836882774e-06,-2,-6,4,588.1356201171875
1,-0.9512195121951219,5.174307716515614e-06,-2,-6,4,588.1356201171875
2,-0.9024390243902439,4.6790617489023134e-05,-2,-6,4,588.1356201171875
3,-0.8536585365853658,0.00019189664453733712,-2,-6,4,588.1356201171875
4,-0.8048780487804879,0.00039590013329871,-2,-6,4,588.1356201171875
5,-0.7560975609756098,0.003274650778621435,-2,-6,4,588.1356201171875
6,-0.7073170731707317,0.0003132673737127334,-2,-6,4,588.1356201171875
7,-0.6585365853658536,0.00012474553659558296,-2,-6,4,588.1356201171875
8,-0.6097560975609756,2.2732745492248796e-05,-2,-6,4,588.1356201171875
9,-0.5609756097560976,9.702123861643486e-06,-2,-6,4,588.1356201171875
10,-0.5121951219512195,6.8326180553413e-06,-2,-6,4,588.1356201171875
11,-0.46341463414634143,8.27657277113758e-06,-2,-6,4,588.1356201171875
12,-0.41463414634146334,1.4871733583277091e-05,-2,-6,4,588.1356201171875
13,-0.36585365853658536,1.9213841369492002e-05,-2,-6,4,588.1356201171875
14,-0.31707317073170727,3.2989819374051876e-06,-2,-6,4,588.1356201171875
15,-0.2682926829268293,6.4301007114409e-06,-2,-6,4,588.1356201171875
16,-0.2195121951219512,4.7050657485669944e-06,-2,-6,4,588.1356201171875
17,-0.1707317073170731,1.0574332918622531e-05,-2,-6,4,588.1356201171875
18,-0.12195121951219512,3.9500955040239205e-07,-2,-6,4,588.1356201171875
19,-0.07317073170731703,1.0906913985309075e-06,-2,-6,4,588.1356201171875
20,-0.024390243902439046,2.1253461568448984e-07,-2,-6,4,588.1356201171875
21,0.024390243902439046,0.0,-2,-6,4,588.1356201171875
22,0.07317073170731714,0.0,-2,-6,4,588.1356201171875
23,0.12195121951219523,0.0,-2,-6,4,588.1356201171875
24,0.17073170731707332,0.0,-2,-6,4,588.1356201171875
25,0.2195121951219512,0.0,-2,-6,4,588.1356201171875
26,0.2682926829268293,0.0,-2,-6,4,588.1356201171875
27,0.3170731707317074,0.0,-2,-6,4,588.1356201171875
28,0.36585365853658547,0.0,-2,-6,4,588.1356201171875
29,0.41463414634146356,0.0,-2,-6,4,588.1356201171875
30,0.46341463414634143,0.0,-2,-6,4,588.1356201171875
31,0.5121951219512195,0.0,-2,-6,4,588.1356201171875
32,0.5609756097560976,0.0,-2,-6,4,588.1356201171875
33,0.6097560975609757,0.0,-2,-6,4,588.1356201171875
34,0.6585365853658538,0.0,-2,-6,4,588.1356201171875
35,0.7073170731707317,0.0,-2,-6,4,588.1356201171875
36,0.7560975609756098,0.0,-2,-6,4,588.1356201171875
37,0.8048780487804879,0.0,-2,-6,4,588.1356201171875
38,0.853658536585366,0.0,-2,-6,4,588.1356201171875
39,0.902439024390244,0.0,-2,-6,4,588.1356201171875
40,0.9512195121951219,0.0,-2,-6,4,588.1356201171875
41,1.0,0.0,-2,-6,4,588.1356201171875
0,-1.0,0.0,-2,-5,4,588.1356201171875
1,-0.9512195121951219,0.0,-2,-5,4,588.1356201171875
2,-0.9024390243902439,0.0,-2,-5,4,588.1356201171875
3,-0.8536585365853658,0.0,-2,-5,4,588.1356201171875
4,-0.8048780487804879,0.0,-2,-5,4,588.1356201171875
5,-0.7560975609756098,0.0,-2,-5,4,588.1356201171875
6,-0.7073170731707317,0.0,-2,-5,4,588.1356201171875
7,-0.6585365853658536,0.0,-2,-5,4,588.1356201171875
8,-0.6097560975609756,0.0,-2,-5,4,588.1356201171875
9,-0.5609756097560976,0.0,-2,-5,4,588.1356201171875
10,-0.5121951219512195,0.0,-2,-5,4,588.1356201171875
11,-0.46341463414634143,0.0,-2,-5,4,588.1356201171875
12,-0.41463414634146334,0.0,-2,-5,4,588.1356201171875
13,-0.36585365853658536,2.2349634036800126e-06,-2,-5,4,588.1356201171875
14,-0.31707317073170727,9.255470104108099e-06,-2,-5,4,588.1356201171875
15,-0.2682926829268293,9.82690607997938e-07,-2,-5,4,588.1356201171875
16,-0.2195121951219512,1.1367600563971791e-05,-2,-5,4,588.1356201171875
17,-0.1707317073170731,6.8326985456224065e-06,-2,-5,4,588.1356201171875
18,-0.12195121951219512,2.3790740044660197e-07,-2,-5,4,588.1356201171875
19,-0.07317073170731703,5.663434308189608e-07,-2,-5,4,588.1356201171875
20,-0.024390243902439046,2.0912364561809227e-05,-2,-5,4,588.1356201171875
21,0.024390243902439046,3.843822923954576e-06,-2,-5,4,588.1356201171875
22,0.07317073170731714,3.714694457812584e-06,-2,-5,4,588.1356201171875
23,0.12195121951219523,5.713508016924607e-06,-2,-5,4,588.1356201171875
24,0.17073170731707332,2.6322459234506823e-06,-2,-5,4,588.1356201171875
25,0.2195121951219512,1.7038179066730663e-05,-2,-5,4,588.1356201171875
26,0.2682926829268293,5.455765403894475e-06,-2,-5,4,588.1356201171875
27,0.3170731707317074,6.313714402494952e-05,-2,-5,4,588.1356201171875
28,0.36585365853658547,0.00014021543029230088,-2,-5,4,588.1356201171875
29,0.41463414634146356,0.0029307177755981684,-2,-5,4,588.1356201171875
30,0.46341463414634143,0.006248557008802891,-2,-5,4,588.1356201171875
31,0.5121951219512195,0.0014918467495590448,-2,-5,4,588.1356201171875
32,0.5609756097560976,3.291781831649132e-05,-2,-5,4,588.1356201171875
33,0.6097560975609757,3.5663247217598837e-06,-2,-5,4,588.1356201171875
34,0.6585365853658538,0.00015443371376022696,-2,-5,4,588.1356201171875
35,0.7073170731707317,2.8940914944541873e-06,-2,-5,4,588.1356201171875
36,0.7560975609756098,7.887552783358842e-06,-2,-5,4,588.1356201171875
37,0.8048780487804879,1.1476246982056182e-05,-2,-5,4,588.1356201171875
38,0.853658536585366,2.235448846477084e-06,-2,-5,4,588.1356201171875
39,0.902439024390244,3.3601118047954515e-06,-2,-5,4,588.1356201171875
40,0.9512195121951219,1.1813360288215335e-05,-2,-5,4,588.1356201171875
41,1.0,7.680518137931358e-06,-2,-5,4,588.1356201171875
0,-1.0,3.201406798325479e-05,-2,-4,5,588.1356201171875
1,-0.9512195121951219,0.00014279135211836547,-2,-4,5,588.1356201171875
2,-0.9024390243902439,0.0001271493820240721,-2,-4,5,588.1356201171875
3,-0.8536585365853658,0.0010096201440319419,-2,-4,5,588.1356201171875
4,-0.8048780487804879,0.0044632782228291035,-2,-4,5,588.1356201171875
5,-0.7560975609756098,0.002504051895812154,-2,-4,5,588.1356201171875
6,-0.7073170731707317,0.00011420543887652457,-2,-4,5,588.1356201171875
7,-0.6585365853658536,0.0001696594263194129,-2,-4,5,588.1356201171875
8,-0.6097560975609756,4.263156370143406e-06,-2,-4,5,588.1356201171875
9,-0.5609756097560976,9.942591714207083e-05,-2,-4,5,588.1356201171875
10,-0.5121951219512195,3.935204404115211e-06,-2,-4,5,588.1356201171875
11,-0.46341463414634143,3.54114526999183e-05,-2,-4,5,588.1356201171875
12,-0.41463414634146334,2.710112994463998e-06,-2,-4,5,588.1356201171875
13,-0.36585365853658536,1.0572317478363402e-05,-2,-4,5,588.1356201171875
14,-0.31707317073170727,2.404699807811994e-05,-2,-4,5,588.1356201171875
15,-0.2682926829268293,9.388085686623526e-07,-2,-4,5,588.1356201171875
16,-0.2195121951219512,7.177890802267939e-05,-2,-4,5,588.1356201171875
17,-0.1707317073170731,2.6171601348323748e-05,-2,-4,5,588.1356201171875
18,-0.12195121951219512,4.11334985983558e-06,-2,-4,5,588.1356201171875
19,-0.07317073170731703,3.6964277114748256e-06,-2,-4,5,588.1356201171875
20,-0.024390243902439046,1.8570121937955264e-06,-2,-4,5,588.1356201171875
21,0.024390243902439046,8.798323506198358e-06,-2,-4,5,588.1356201171875
22,0.07317073170731714,4.971450380253373e-06,-2,-4,5,588.1356201171875
23,0.12195121951219523,2.1947508344055677e-07,-2,-4,5,588.1356201171875
24,0.17073170731707332,4.5313234409150027e-07,-2,-4,5,588.1356201171875
25,0.2195121951219512,1.4678488469144213e-06,-2,-4,5,588.1356201171875
26,0.2682926829268293,2.1335611108952435e-06,-2,-4,5,588.1356201171875
27,0.3170731707317074,0.0,-2,-4,5,588.1356201171875
28,0.36585365853658547,0.0,-2,-4,5,588.1356201171875
29,0.41463414634146356,0.0,-2,-4,5,588.1356201171875
30,0.46341463414634143,0.0,-2,-4,5,588.1356201171875
31,0.5121951219512195,0.0,-2,-4,5,588.1356201171875
32,0.5609756097560976,0.0,-2,-4,5,588.1356201171875
33,0.6097560975609757,0.0,-2,-4,5,588.1356201171875
34,0.6585365853658538,0.0,-2,-4,5,588.1356201171875
35,0.7073170731707317,0.0,-2,-4,5,588.1356201171875
36,0.7560975609756098,0.0,-2,-4,5,588.1356201171875
37,0.8048780487804879,0.0,-2,-4,5,588.1356201171875
38,0.853658536585366,0.0,-2,-4,5,588.1356201171875
39,0.902439024390244,0.0,-2,-4,5,588.1356201171875
40,0.9512195121951219,0.0,-2,-4,5,588.1356201171875
41,1.0,0.0,-2,-4,5,588.1356201171875
0,-1.0,0.0,-2,-3,5,588.1356201171875
1,-0.9512195121951219,0.0,-2,-3,5,588.1356201171875
2,-0.9024390243902439,0.0,-2,-3,5,588.1356201171875
3,-0.8536585365853658,0.0,-2,-3,5,588.1356201171875
4,-0.8048780487804879,0.0,-2,-3,5,588.1356201171875
5,-0.7560975609756098,0.0,-2,-3,5,588.1356201171875
6,-0.7073170731707317,0.0,-2,-3,5,588.1356201171875
7,-0.6585365853658536,0.0,-2,-3,5,588.1356201171875
8,-0.6097560975609756,0.0,-2,-3,5,588.1356201171875
9,-0.5609756097560976,0.0,-2,-3,5,588.1356201171875
10,-0.5121951219512195,0.0,-2,-3,5,588.1356201171875
11,-0.46341463414634143,0.0,-2,-3,5,588.1356201171875
12,-0.41463414634146334,4.7987803554860875e-05,-2,-3,5,588.1356201171875
13,-0.36585365853658536,1.2233688721607905e-05,-2,-3,5,588.1356201171875
14,-0.31707317073170727,3.7087542295921594e-05,-2,-3,5,588.1356201171875
15,-0.2682926829268293,7.621126860613003e-05,-2,-3,5,588.1356201171875
16,-0.2195121951219512,5.597603831120068e-06,-2,-3,5,588.1356201171875
17,-0.1707317073170731,0.000139220806886442,-2,-3,5,588.1356201171875
18,-0.12195121951219512,2.719623807934113e-05,-2,-3,5,588.1356201171875
19,-0.07317073170731703,4.8226287617580965e-05,-2,-3,5,588.1356201171875
20,-0.024390243902439046,2.5511391868349165e-05,-2,-3,5,588.1356201171875
21,0.024390243902439046,4.931308649247512e-05,-2,-3,5,588.1356201171875
22,0.07317073170731714,0.00017232514801435173,-2,-3,5,588.1356201171875
23,0.12195121951219523,2.0277552721381653e-06,-2,-3,5,588.1356201171875
24,0.17073170731707332,0.0001430858246749267,-2,-3,5,588.1356201171875
25,0.2195121951219512,4.4167678424855694e-05,-2,-3,5,588.1356201171875
26,0.2682926829268293,0.00011444939445937052,-2,-3,5,588.1356201171875
27,0.3170731707317074,0.00020649100770242512,-2,-3,5,588.1356201171875
28,0.36585365853658547,9.066915481525939e-06,-2,-3,5,588.1356201171875
29,0.41463414634146356,0.00017544574802741408,-2,-3,5,588.1356201171875
30,0.46341463414634143,1.6145811969181523e-05,-2,-3,5,588.1356201171875
31,0.5121951219512195,0.000672157621011138,-2,-3,5,588.1356201171875
32,0.5609756097560976,0.00017924576241057366,-2,-3,5,588.1356201171875
33,0.6097560975609757,0.0005391769809648395,-2,-3,5,588.1356201171875
34,0.6585365853658538,0.0008716734009794891,-2,-3,5,588.1356201171875
35,0.7073170731707317,0.0002719757903832942,-2,-3,5,588.1356201171875
36,0.7560975609756098,0.0037352927029132843,-2,-3,5,588.1356201171875
37,0.8048780487804879,0.0002018845989368856,-2,-3,5,588.1356201171875
38,0.853658536585366,0.016130181029438972,-2,-3,5,588.1356201171875
39,0.902439024390244,0.06372664868831635,-2,-3,5,588.1356201171875
40,0.9512195121951219,0.06257262080907822,-2,-3,5,588.1356201171875
41,1.0,0.014122290536761284,-2,-3,5,588.1356201171875
0,-1.0,0.008679605089128017,-2,1,7,588.1356201171875
1,-0.9512195121951219,0.012713026255369186,-2,1,7,588.1356201171875
2,-0.9024390243902439,0.018475033342838287,-2,1,7,588.1356201171875
3,-0.8536585365853658,0.024925926700234413,-2,1,7,588.1356201171875
4,-0.8048780487804879,0.022802960127592087,-2,1,7,588.1356201171875
5,-0.7560975609756098,0.01271604374051094,-2,1,7,588.1356201171875
6,-0.7073170731707317,0.009177297353744507,-2,1,7,588.1356201171875
7,-0.6585365853658536,0.017731577157974243,-2,1,7,588.1356201171875
8,-0.6097560975609756,0.028762778267264366,-2,1,7,588.1356201171875
9,-0.5609756097560976,0.036042727530002594,-2,1,7,588.1356201171875
10,-0.5121951219512195,0.04022814705967903,-2,1,7,588.1356201171875
11,-0.46341463414634143,0.04699065908789635,-2,1,7,588.1356201171875
12,-0.41463414634146334,0.04633365944027901,-2,1,7,588.1356201171875
13,-0.36585365853658536,0.038007915019989014,-2,1,7,588.1356201171875
14,-0.31707317073170727,0.02526518888771534,-2,1,7,588.1356201171875
15,-0.2682926829268293,0.014359187334775925,-2,1,7,588.1356201171875
16,-0.2195121951219512,0.007390434853732586,-2,1,7,588.1356201171875
17,-0.1707317073170731,0.008596491999924183,-2,1,7,588.1356201171875
18,-0.12195121951219512,0.009406163357198238,-2,1,7,588.1356201171875
19,-0.07317073170731703,0.007390446029603481,-2,1,7,588.1356201171875
20,-0.024390243902439046,0.004430660046637058,-2,1,7,588.1356201171875
21,0.024390243902439046,0.00324595277197659,-2,1,7,588.1356201171875
22,0.07317073170731714,0.0023878226056694984,-2,1,7,588.1356201171875
23,0.12195121951219523,0.0017697521252557635,-2,1,7,588.1356201171875
24,0.17073170731707332,0.001210831105709076,-2,1,7,588.1356201171875
25,0.2195121951219512,0.0009807994356378913,-2,1,7,588.1356201171875
26,0.2682926829268293,0.0004816616710741073,-2,1,7,588.1356201171875
27,0.3170731707317074,9.111163672059774e-05,-2,1,7,588.1356201171875
28,0.36585365853658547,0.00011034430644940585,-2,1,7,588.1356201171875
29,0.41463414634146356,0.000649555295240134,-2,1,7,588.1356201171875
30,0.46341463414634143,0.0007339198491536081,-2,1,7,588.1356201171875
31,0.5121951219512195,0.00022050780535209924,-2,1,7,588.1356201171875
32,0.5609756097560976,0.0004273154481779784,-2,1,7,588.1356201171875
33,0.6097560975609757,0.0008761532953940332,-2,1,7,588.1356201171875
34,0.6585365853658538,0.0008638657163828611,-2,1,7,588.1356201171875
35,0.7073170731707317,0.0008045826689340174,-2,1,7,588.1356201171875
36,0.7560975609756098,0.0008689092355780303,-2,1,7,588.1356201171875
37,0.8048780487804879,0.0010937248589470983,-2,1,7,588.1356201171875
38,0.853658536585366,0.0006548398523591459,-2,1,7,588.1356201171875
39,0.902439024390244,0.0005542041035369039,-2,1,7,588.1356201171875
40,0.9512195121951219,0.0005562097649089992,-2,1,7,588.1356201171875
41,1.0,0.0004110079607926309,-2,1,7,588.1356201171875
0,-1.0,8.498644092469476e-06,-2,4,8,588.1356201171875
1,-0.9512195121951219,3.8035137549741194e-05,-2,4,8,588.1356201171875
2,-0.9024390243902439,3.215980905224569e-05,-2,4,8,588.1356201171875
3,-0.8536585365853658,2.7269290512776934e-05,-2,4,8,588.1356201171875
4,-0.8048780487804879,9.227111877407879e-05,-2,4,8,588.1356201171875
5,-0.7560975609756098,4.422168785822578e-05,-2,4,8,588.1356201171875
6,-0.7073170731707317,3.084010677412152e-05,-2,4,8,588.1356201171875
7,-0.6585365853658536,2.308685361640528e-05,-2,4,8,588.1356201171875
8,-0.6097560975609756,4.907773109152913e-05,-2,4,8,588.1356201171875
9,-0.5609756097560976,0.0001650145568419248,-2,4,8,588.1356201171875
10,-0.5121951219512195,0.0002442757540848106,-2,4,8,588.1356201171875
11,-0.46341463414634143,0.0004727965861093253,-2,4,8,588.1356201171875
12,-0.41463414634146334,0.0006883565802127123,-2,4,8,588.1356201171875
13,-0.36585365853658536,0.000718474795576185,-2,4,8,588.1356201171875
14,-0.31707317073170727,0.001562439021654427,-2,4,8,588.1356201171875
15,-0.2682926829268293,0.0012961487518623471,-2,4,8,588.1356201171875
16,-0.2195121951219512,0.0007335458067245781,-2,4,8,588.1356201171875
17,-0.1707317073170731,0.0004230763588566333,-2,4,8,588.1356201171875
18,-0.12195121951219512,1.3539946849050466e-05,-2,4,8,588.1356201171875
19,-0.07317073170731703,5.9339003200875595e-05,-2,4,8,588.1356201171875
20,-0.024390243902439046,4.7420871851500124e-05,-2,4,8,588.1356201171875
21,0.024390243902439046,2.840632532752352e-06,-2,4,8,588.1356201171875
22,0.07317073170731714,2.066818342427723e-05,-2,4,8,588.1356201171875
23,0.12195121951219523,8.125978638418019e-06,-2,4,8,588.1356201171875
24,0.17073170731707332,4.098827957932372e-06,-2,4,8,588.1356201171875
25,0.2195121951219512,8.852462087816093e-06,-2,4,8,588.1356201171875
26,0.2682926829268293,2.814317667798605e-07,-2,4,8,588.1356201171875
27,0.3170731707317074,4.698074008047115e-06,-2,4,8,588.1356201171875
28,0.36585365853658547,5.2261693781474605e-06,-2,4,8,588.1356201171875
29,0.41463414634146356,1.2847444850194734e-05,-2,4,8,588.1356201171875
30,0.46341463414634143,5.867235813639127e-06,-2,4,8,588.1356201171875
31,0.5121951219512195,2.0998688796680653e-06,-2,4,8,588.1356201171875
32,0.5609756097560976,4.967521363141714e-06,-2,4,8,588.1356201171875
33,0.6097560975609757,3.768417400351609e-06,-2,4,8,588.1356201171875
34,0.6585365853658538,2.259085476907785e-06,-2,4,8,588.1356201171875
35,0.7073170731707317,7.35640597326892e-08,-2,4,8,588.1356201171875
36,0.7560975609756098,3.9484325498051476e-06,-2,4,8,588.1356201171875
37,0.8048780487804879,6.532317911478458e-06,-2,4,8,588.1356201171875
38,0.853658536585366,7.072890184645075e-06,-2,4,8,588.1356201171875
39,0.902439024390244,1.8332517356611788e-05,-2,4,8,588.1356201171875
40,0.9512195121951219,1.533402428322006e-05,-2,4,8,588.1356201171875
41,1.0,6.292068064794876e-06,-2,4,8,588.1356201171875
0,-1.0,0.0,-2,6,9,588.1356201171875
1,-0.9512195121951219,0.0,-2,6,9,588.1356201171875
2,-0.9024390243902439,0.0,-2,6,9,588.1356201171875
3,-0.8536585365853658,0.0,-2,6,9,588.1356201171875
4,-0.8048780487804879,0.0,-2,6,9,588.1356201171875
5,-0.7560975609756098,0.0,-2,6,9,588.1356201171875
6,-0.7073170731707317,0.0,-2,6,9,588.1356201171875
7,-0.6585365853658536,0.0,-2,6,9,588.1356201171875
8,-0.6097560975609756,0.0,-2,6,9,588.1356201171875
9,-0.5609756097560976,0.0,-2,6,9,588.1356201171875
10,-0.5121951219512195,0.0,-2,6,9,588.1356201171875
11,-0.46341463414634143,0.0,-2,6,9,588.1356201171875
12,-0.41463414634146334,0.0,-2,6,9,588.1356201171875
13,-0.36585365853658536,0.0,-2,6,9,588.1356201171875
14,-0.31707317073170727,0.0,-2,6,9,588.1356201171875
15,-0.2682926829268293,0.0,-2,6,9,588.1356201171875
16,-0.2195121951219512,0.0,-2,6,9,588.1356201171875
17,-0.1707317073170731,0.0,-2,6,9,588.1356201171875
18,-0.12195121951219512,0.0,-2,6,9,588.1356201171875
19,-0.07317073170731703,0.0,-2,6,9,588.1356201171875
20,-0.024390243902439046,0.0,-2,6,9,588.1356201171875
21,0.024390243902439046,3.3177952900587115e-06,-2,6,9,588.1356201171875
22,0.07317073170731714,1.3983272140194458e-07,-2,6,9,588.1356201171875
23,0.12195121951219523,2.2571900899492903e-06,-2,6,9,588.1356201171875
24,0.17073170731707332,4.2047054193972144e-06,-2,6,9,588.1356201171875
25,0.2195121951219512,1.1477303587525967e-06,-2,6,9,588.1356201171875
26,0.2682926829268293,3.829845354630379e-06,-2,6,9,588.1356201171875
27,0.3170731707317074,9.627848157833796e-06,-2,6,9,588.1356201171875
28,0.36585365853658547,8.06590833235532e-06,-2,6,9,588.1356201171875
29,0.41463414634146356,1.1671709216898307e-05,-2,6,9,588.1356201171875
30,0.46341463414634143,1.727359403957962e-06,-2,6,9,588.1356201171875
31,0.5121951219512195,3.093665145570412e-05,-2,6,9,588.1356201171875
32,0.5609756097560976,7.235704106278718e-05,-2,6,9,588.1356201171875
33,0.6097560975609757,1.865845115389675e-05,-2,6,9,588.1356201171875
34,0.6585365853658538,8.342364708369132e-06,-2,6,9,588.1356201171875
35,0.7073170731707317,9.466087067266926e-05,-2,6,9,588.1356201171875
36,0.7560975609756098,9.590620902599767e-05,-2,6,9,588.1356201171875
37,0.8048780487804879,3.0171639082254842e-05,-2,6,9,588.1356201171875
38,0.853658536585366,0.0026711265090852976,-2,6,9,588.1356201171875
39,0.902439024390244,0.004654871765524149,-2,6,9,588.1356201171875
40,0.9512195121951219,0.00015025227912701666,-2,6,9,588.1356201171875
41,1.0,0.00029844389064237475,-2,6,9,588.1356201171875
0,-1.0,0.0,-2,7,9,588.1356201171875
1,-0.9512195121951219,0.0,-2,7,9,588.1356201171875
2,-0.9024390243902439,0.0,-2,7,9,588.1356201171875
3,-0.8536585365853658,0.0,-2,7,9,588.1356201171875
4,-0.8048780487804879,0.0,-2,7,9,588.1356201171875
5,-0.7560975609756098,0.0,-2,7,9,588.1356201171875
6,-0.7073170731707317,0.0,-2,7,9,588.1356201171875
7,-0.6585365853658536,0.0,-2,7,9,588.1356201171875
8,-0.6097560975609756,0.0,-2,7,9,588.1356201171875
9,-0.5609756097560976,0.0,-2,7,9,588.1356201171875
10,-0.5121951219512195,9.70581709225371e-07,-2,7,9,588.1356201171875
11,-0.46341463414634143,7.378848181360809e-07,-2,7,9,588.1356201171875
12,-0.41463414634146334,4.7638457090215525e-07,-2,7,9,588.1356201171875
13,-0.36585365853658536,2.1247413428682194e-07,-2,7,9,588.1356201171875
14,-0.31707317073170727,3.513729609494476e-07,-2,7,9,588.1356201171875
15,-0.2682926829268293,4.924077074974775e-07,-2,7,9,588.1356201171875
16,-0.2195121951219512,1.0430645716041909e-06,-2,7,9,588.1356201171875
17,-0.1707317073170731,5.092407491247286e-07,-2,7,9,588.1356201171875
18,-0.12195121951219512,7.367863190665958e-07,-2,7,9,588.1356201171875
19,-0.07317073170731703,9.80510321824113e-07,-2,7,9,588.1356201171875
20,-0.024390243902439046,7.042991114758479e-07,-2,7,9,588.1356201171875
21,0.024390243902439046,1.812447152360619e-07,-2,7,9,588.1356201171875
22,0.07317073170731714,5.478817911352962e-06,-2,7,9,588.1356201171875
23,0.12195121951219523,4.7412495405296795e-06,-2,7,9,588.1356201171875
24,0.17073170731707332,2.0265646526240744e-05,-2,7,9,588.1356201171875
25,0.2195121951219512,3.58454417437315e-05,-2,7,9,588.1356201171875
26,0.2682926829268293,5.742399935115827e-06,-2,7,9,588.1356201171875
27,0.3170731707317074,3.9410625163327495e-07,-2,7,9,588.1356201171875
28,0.36585365853658547,1.6734679775254335e-06,-2,7,9,588.1356201171875
29,0.41463414634146356,9.022758717946999e-07,-2,7,9,588.1356201171875
30,0.46341463414634143,7.079329975567816e-07,-2,7,9,588.1356201171875
31,0.5121951219512195,1.547996504314142e-07,-2,7,9,588.1356201171875
32,0.5609756097560976,1.2669077023019781e-06,-2,7,9,588.1356201171875
33,0.6097560975609757,2.0702808001260564e-07,-2,7,9,588.1356201171875
34,0.6585365853658538,5.762428756383997e-08,-2,7,9,588.1356201171875
35,0.7073170731707317,9.501540176870549e-08,-2,7,9,588.1356201171875
36,0.7560975609756098,1.7915543821800384e-06,-2,7,9,588.1356201171875
37,0.8048780487804879,6.504480097646592e-06,-2,7,9,588.1356201171875
38,0.853658536585366,1.1842714229715057e-05,-2,7,9,588.1356201171875
39,0.902439024390244,3.0244423214753624e-06,-2,7,9,588.1356201171875
40,0.9512195121951219,0.0,-2,7,9,588.1356201171875
41,1.0,0.0,-2,7,9,588.1356201171875
0,-1.0,0.0,-1,-9,-2,588.1356201171875
1,-0.9512195121951219,0.0,-1,-9,-2,588.1356201171875
2,-0.9024390243902439,0.0,-1,-9,-2,588.1356201171875
3,-0.8536585365853658,0.0,-1,-9,-2,588.1356201171875
4,-0.8048780487804879,0.0,-1,-9,-2,588.1356201171875
5,-0.7560975609756098,0.0,-1,-9,-2,588.1356201171875
6,-0.7073170731707317,0.0,-1,-9,-2,588.1356201171875
7,-0.6585365853658536,0.0,-1,-9,-2,588.1356201171875
8,-0.6097560975609756,0.0,-1,-9,-2,588.1356201171875
9,-0.5609756097560976,0.0,-1,-9,-2,588.1356201171875
10,-0.5121951219512195,0.0,-1,-9,-2,588.1356201171875
11,-0.46341463414634143,0.0,-1,-9,-2,588.1356201171875
12,-0.41463414634146334,0.0,-1,-9,-2,588.1356201171875
13,-0.36585365853658536,0.0,-1,-9,-2,588.1356201171875
14,-0.31707317073170727,0.0,-1,-9,-2,588.1356201171875
15,-0.2682926829268293,0.0,-1,-9,-2,588.1356201171875
16,-0.2195121951219512,0.0,-1,-9,-2,588.1356201171875
17,-0.1707317073170731,0.0,-1,-9,-2,588.1356201171875
18,-0.12195121951219512,0.0,-1,-9,-2,588.1356201171875
19,-0.07317073170731703,0.0,-1,-9,-2,588.1356201171875
20,-0.024390243902439046,0.0,-1,-9,-2,588.1356201171875
21,0.024390243902439046,3.216686366158683e-07,-1,-9,-2,588.1356201171875
22,0.07317073170731714,2.1317075606930302e-06,-1,-9,-2,588.1356201171875
23,0.12195121951219523,3.7154522942728363e-06,-1,-9,-2,588.1356201171875
24,0.17073170731707332,1.2756844398609246e-06,-1,-9,-2,588.1356201171875
25,0.2195121951219512,1.8534520052071457e-07,-1,-9,-2,588.1356201171875
26,0.2682926829268293,2.7291346782476467e-07,-1,-9,-2,588.1356201171875
27,0.3170731707317074,1.063613467522373e-06,-1,-9,-2,588.1356201171875
28,0.36585365853658547,2.607710939628305e-06,-1,-9,-2,588.1356201171875
29,0.41463414634146356,3.880008080159314e-06,-1,-9,-2,588.1356201171875
30,0.46341463414634143,3.4035492717521265e-05,-1,-9,-2,588.1356201171875
31,0.5121951219512195,0.00011740885383915156,-1,-9,-2,588.1356201171875
32,0.5609756097560976,4.78508991363924e-06,-1,-9,-2,588.1356201171875
33,0.6097560975609757,3.8225739444897044e-06,-1,-9,-2,588.1356201171875
34,0.6585365853658538,7.1147114795167e-06,-1,-9,-2,588.1356201171875
35,0.7073170731707317,1.2713330761471298e-06,-1,-9,-2,588.1356201171875
36,0.7560975609756098,1.784811729521607e-07,-1,-9,-2,588.1356201171875
37,0.8048780487804879,5.005122147849761e-07,-1,-9,-2,588.1356201171875
38,0.853658536585366,6.793487727918546e-08,-1,-9,-2,588.1356201171875
39,0.902439024390244,3.0779398230151855e-07,-1,-9,-2,588.1356201171875
40,0.9512195121951219,3.048489531920495e-07,-1,-9,-2,588.1356201171875
41,1.0,0.0,-1,-9,-2,588.1356201171875
0,-1.0,3.985646799264941e-06,-1,-9,-1,588.1356201171875
1,-0.9512195121951219,1.1280983926553745e-05,-1,-9,-1,588.1356201171875
2,-0.9024390243902439,7.747880772512872e-06,-1,-9,-1,588.1356201171875
3,-0.8536585365853658,2.945803771581268e-06,-1,-9,-1,588.1356201171875
4,-0.8048780487804879,0.0006306298892013729,-1,-9,-1,588.1356201171875
5,-0.7560975609756098,2.5607147108530626e-05,-1,-9,-1,588.1356201171875
6,-0.7073170731707317,1.006326101560262e-06,-1,-9,-1,588.1356201171875
7,-0.6585365853658536,5.745504495280329e-06,-1,-9,-1,588.1356201171875
8,-0.6097560975609756,3.344692686368944e-06,-1,-9,-1,588.1356201171875
9,-0.5609756097560976,2.7079352094006026e-06,-1,-9,-1,588.1356201171875
10,-0.5121951219512195,2.207320221714326e-06,-1,-9,-1,588.1356201171875
11,-0.46341463414634143,7.814184499466137e-08,-1,-9,-1,588.1356201171875
12,-0.41463414634146334,1.4676248838441097e-07,-1,-9,-1,588.1356201171875
13,-0.36585365853658536,2.4917214886954753e-06,-1,-9,-1,588.1356201171875
14,-0.31707317073170727,1.095410880225245e-06,-1,-9,-1,588.1356201171875
15,-0.2682926829268293,0.0,-1,-9,-1,588.1356201171875
16,-0.2195121951219512,0.0,-1,-9,-1,588.1356201171875
17,-0.1707317073170731,0.0,-1,-9,-1,588.1356201171875
18,-0.12195121951219512,0.0,-1,-9,-1,588.1356201171875
19,-0.07317073170731703,0.0,-1,-9,-1,588.1356201171875
20,-0.024390243902439046,0.0,-1,-9,-1,588.1356201171875
21,0.024390243902439046,0.0,-1,-9,-1,588.1356201171875
22,0.07317073170731714,0.0,-1,-9,-1,588.1356201171875
23,0.12195121951219523,0.0,-1,-9,-1,588.1356201171875
24,0.17073170731707332,0.0,-1,-9,-1,588.1356201171875
25,0.2195121951219512,0.0,-1,-9,-1,588.1356201171875
26,0.2682926829268293,0.0,-1,-9,-1,588.1356201171875
27,0.3170731707317074,0.0,-1,-9,-1,588.1356201171875
28,0.36585365853658547,0.0,-1,-9,-1,588.1356201171875
29,0.41463414634146356,0.0,-1,-9,-1,588.1356201171875
30,0.46341463414634143,0.0,-1,-9,-1,588.1356201171875
31,0.5121951219512195,0.0,-1,-9,-1,588.1356201171875
32,0.5609756097560976,0.0,-1,-9,-1,588.1356201171875
33,0.6097560975609757,0.0,-1,-9,-1,588.1356201171875
34,0.6585365853658538,0.0,-1,-9,-1,588.1356201171875
35,0.7073170731707317,0.0,-1,-9,-1,588.1356201171875
36,0.7560975609756098,0.0,-1,-9,-1,588.1356201171875
37,0.8048780487804879,0.0,-1,-9,-1,588.1356201171875
38,0.853658536585366,0.0,-1,-9,-1,588.1356201171875
39,0.902439024390244,0.0,-1,-9,-1,588.1356201171875
40,0.9512195121951219,0.0,-1,-9,-1,588.1356201171875
41,1.0,0.0,-1,-9,-1,588.1356201171875
0,-1.0,0.0,-1,-8,-1,588.1356201171875
1,-0.9512195121951219,0.0,-1,-8,-1,588.1356201171875
2,-0.9024390243902439,0.0,-1,-8,-1,588.1356201171875
3,-0.8536585365853658,0.0,-1,-8,-1,588.1356201171875
4,-0.8048780487804879,0.0,-1,-8,-1,588.1356201171875
5,-0.7560975609756098,0.0,-1,-8,-1,588.1356201171875
6,-0.7073170731707317,0.0,-1,-8,-1,588.1356201171875
7,-0.6585365853658536,0.0,-1,-8,-1,588.1356201171875
8,-0.6097560975609756,0.0,-1,-8,-1,588.1356201171875
9,-0.5609756097560976,0.0,-1,-8,-1,588.1356201171875
10,-0.5121951219512195,0.0,-1,-8,-1,588.1356201171875
11,-0.46341463414634143,8.513745342497714e-06,-1,-8,-1,588.1356201171875
12,-0.41463414634146334,1.1012940603905008e-06,-1,-8,-1,588.1356201171875
13,-0.36585365853658536,1.2229357935211738e-06,-1,-8,-1,588.1356201171875
14,-0.31707317073170727,2.6070094349961437e-07,-1,-8,-1,588.1356201171875
15,-0.2682926829268293,8.224262728617759e-07,-1,-8,-1,588.1356201171875
16,-0.2195121951219512,3.203571168342023e-06,-1,-8,-1,588.1356201171875
17,-0.1707317073170731,7.807383553881664e-06,-1,-8,-1,588.1356201171875
18,-0.12195121951219512,2.978703378175851e-06,-1,-8,-1,588.1356201171875
19,-0.07317073170731703,1.0666900379874278e-05,-1,-8,-1,588.1356201171875
20,-0.024390243902439046,7.888066647865344e-06,-1,-8,-1,588.1356201171875
21,0.024390243902439046,0.00020411566947586834,-1,-8,-1,588.1356201171875
22,0.07317073170731714,0.0012991561088711023,-1,-8,-1,588.1356201171875
23,0.12195121951219523,0.0012733896728605032,-1,-8,-1,588.1356201171875
24,0.17073170731707332,0.00011351423745509237,-1,-8,-1,588.1356201171875
25,0.2195121951219512,6.069466508051846e-06,-1,-8,-1,588.1356201171875
26,0.2682926829268293,6.09844209975563e-06,-1,-8,-1,588.1356201171875
27,0.3170731707317074,1.2739134945149999e-05,-1,-8,-1,588.1356201171875
28,0.36585365853658547,5.3982221288606524e-06,-1,-8,-1,588.1356201171875
29,0.41463414634146356,1.8729938346950803e-06,-1,-8,-1,588.1356201171875
30,0.46341463414634143,7.194366276053188e-07,-1,-8,-1,588.1356201171875
31,0.5121951219512195,7.206472218967974e-07,-1,-8,-1,588.1356201171875
32,0.5609756097560976,1.5797450032550842e-06,-1,-8,-1,588.1356201171875
33,0.6097560975609757,8.583805879425199e-07,-1,-8,-1,588.1356201171875
34,0.6585365853658538,1.9648480247269617e-06,-1,-8,-1,588.1356201171875
35,0.7073170731707317,0.0,-1,-8,-1,588.1356201171875
36,0.7560975609756098,0.0,-1,-8,-1,588.1356201171875
37,0.8048780487804879,0.0,-1,-8,-1,588.1356201171875
38,0.853658536585366,0.0,-1,-8,-1,588.1356201171875
39,0.902439024390244,0.0,-1,-8,-1,588.1356201171875
40,0.9512195121951219,0.0,-1,-8,-1,588.1356201171875
41,1.0,0.0,-1,-8,-1,588.1356201171875
0,-1.0,5.189946477912599e-06,-1,-7,0,588.1356201171875
1,-0.9512195121951219,7.752418241580017e-06,-1,-7,0,588.1356201171875
2,-0.9024390243902439,4.567692485579755e-06,-1,-7,0,588.1356201171875
3,-0.8536585365853658,1.4172132978274021e-05,-1,-7,0,588.1356201171875
4,-0.8048780487804879,3.3020546652551275e-06,-1,-7,0,588.1356201171875
5,-0.7560975609756098,5.809089543618029e-06,-1,-7,0,588.1356201171875
6,-0.7073170731707317,1.1191889370820718e-06,-1,-7,0,588.1356201171875
7,-0.6585365853658536,3.771876072278246e-05,-1,-7,0,588.1356201171875
8,-0.6097560975609756,0.00010402712359791622,-1,-7,0,588.1356201171875
9,-0.5609756097560976,0.00016250372573267668,-1,-7,0,588.1356201171875
10,-0.5121951219512195,0.0013841587351635098,-1,-7,0,588.1356201171875
11,-0.46341463414634143,0.0038612682837992907,-1,-7,0,588.1356201171875
12,-0.41463414634146334,9.459451393922791e-05,-1,-7,0,588.1356201171875
13,-0.36585365853658536,9.515370607005025e-07,-1,-7,0,588.1356201171875
14,-0.31707317073170727,2.8214701160322875e-05,-1,-7,0,588.1356201171875
15,-0.2682926829268293,4.1535906348144636e-05,-1,-7,0,588.1356201171875
16,-0.2195121951219512,3.282484249211848e-05,-1,-7,0,588.1356201171875
17,-0.1707317073170731,4.9761179980123416e-05,-1,-7,0,588.1356201171875
18,-0.12195121951219512,7.973524589033332e-06,-1,-7,0,588.1356201171875
19,-0.07317073170731703,3.182317414029967e-06,-1,-7,0,588.1356201171875
20,-0.024390243902439046,1.5452975787866308e-07,-1,-7,0,588.1356201171875
21,0.024390243902439046,4.664626885642065e-06,-1,-7,0,588.1356201171875
22,0.07317073170731714,4.7369599087687675e-07,-1,-7,0,588.1356201171875
23,0.12195121951219523,5.67463030165527e-06,-1,-7,0,588.1356201171875
24,0.17073170731707332,2.6980974325852003e-06,-1,-7,0,588.1356201171875
25,0.2195121951219512,0.0,-1,-7,0,588.1356201171875
26,0.2682926829268293,0.0,-1,-7,0,588.1356201171875
27,0.3170731707317074,0.0,-1,-7,0,588.1356201171875
28,0.36585365853658547,0.0,-1,-7,0,588.1356201171875
29,0.41463414634146356,0.0,-1,-7,0,588.1356201171875
30,0.46341463414634143,0.0,-1,-7,0,588.1356201171875
31,0.5121951219512195,0.0,-1,-7,0,588.1356201171875
32,0.5609756097560976,0.0,-1,-7,0,588.1356201171875
33,0.6097560975609757,0.0,-1,-7,0,588.1356201171875
34,0.6585365853658538,0.0,-1,-7,0,588.1356201171875
35,0.7073170731707317,0.0,-1,-7,0,588.1356201171875
36,0.7560975609756098,0.0,-1,-7,0,588.1356201171875
37,0.8048780487804879,0.0,-1,-7,0,588.1356201171875
38,0.853658536585366,0.0,-1,-7,0,588.1356201171875
39,0.902439024390244,0.0,-1,-7,0,588.1356201171875
40,0.9512195121951219,0.0,-1,-7,0,588.1356201171875
41,1.0,0.0,-1,-7,0,588.1356201171875
0,-1.0,0.0,-1,-6,0,588.1356201171875
1,-0.9512195121951219,0.0,-1,-6,0,588.1356201171875
2,-0.9024390243902439,0.0,-1,-6,0,588.1356201171875
3,-0.8536585365853658,0.0,-1,-6,0,588.1356201171875
4,-0.8048780487804879,0.0,-1,-6,0,588.1356201171875
5,-0.7560975609756098,0.0,-1,-6,0,588.1356201171875
6,-0.7073170731707317,0.0,-1,-6,0,588.1356201171875
7,-0.6585365853658536,0.0,-1,-6,0,588.1356201171875
8,-0.6097560975609756,0.0,-1,-6,0,588.1356201171875
9,-0.5609756097560976,0.0,-1,-6,0,588.1356201171875
10,-0.5121951219512195,0.0,-1,-6,0,588.1356201171875
11,-0.46341463414634143,0.0,-1,-6,0,588.1356201171875
12,-0.41463414634146334,0.0,-1,-6,0,588.1356201171875
13,-0.36585365853658536,0.0,-1,-6,0,588.1356201171875
14,-0.31707317073170727,0.0,-1,-6,0,588.1356201171875
15,-0.2682926829268293,0.0,-1,-6,0,588.1356201171875
16,-0.2195121951219512,0.0,-1,-6,0,588.1356201171875
17,-0.1707317073170731,0.0,-1,-6,0,588.1356201171875
18,-0.12195121951219512,0.0,-1,-6,0,588.1356201171875
19,-0.07317073170731703,1.413163136021467e-05,-1,-6,0,588.1356201171875
20,-0.024390243902439046,2.0210763977956958e-05,-1,-6,0,588.1356201171875
21,0.024390243902439046,8.215472917072475e-06,-1,-6,0,588.1356201171875
22,0.07317073170731714,4.840279416384874e-06,-1,-6,0,588.1356201171875
23,0.12195121951219523,3.594370718928985e-05,-1,-6,0,588.1356201171875
24,0.17073170731707332,3.1703639251645654e-05,-1,-6,0,588.1356201171875
25,0.2195121951219512,6.321008640952641e-06,-1,-6,0,588.1356201171875
26,0.2682926829268293,2.457856862747576e-05,-1,-6,0,588.1356201171875
27,0.3170731707317074,5.1310260460013524e-05,-1,-6,0,588.1356201171875
28,0.36585365853658547,2.5719260520418175e-05,-1,-6,0,588.1356201171875
29,0.41463414634146356,1.180825802293839e-05,-1,-6,0,588.1356201171875
30,0.46341463414634143,2.3263315597432666e-05,-1,-6,0,588.1356201171875
31,0.5121951219512195,0.00017650752852205187,-1,-6,0,588.1356201171875
32,0.5609756097560976,0.0009004404419101775,-1,-6,0,588.1356201171875
33,0.6097560975609757,0.0013075576862320304,-1,-6,0,588.1356201171875
34,0.6585365853658538,0.018019553273916245,-1,-6,0,588.1356201171875
35,0.7073170731707317,0.0021980400197207928,-1,-6,0,588.1356201171875
36,0.7560975609756098,0.0003942504699807614,-1,-6,0,588.1356201171875
37,0.8048780487804879,0.00023036471975501627,-1,-6,0,588.1356201171875
38,0.853658536585366,3.5979514905193355e-06,-1,-6,0,588.1356201171875
39,0.902439024390244,2.0553419744828716e-05,-1,-6,0,588.1356201171875
40,0.9512195121951219,8.887768490239978e-05,-1,-6,0,588.1356201171875
41,1.0,5.315111411619e-05,-1,-6,0,588.1356201171875
0,-1.0,2.8939730327692814e-05,-1,-5,1,588.1356201171875
1,-0.9512195121951219,7.109840680641355e-06,-1,-5,1,588.1356201171875
2,-0.9024390243902439,4.2419404053362086e-05,-1,-5,1,588.1356201171875
3,-0.8536585365853658,7.504180393880233e-05,-1,-5,1,588.1356201171875
4,-0.8048780487804879,2.0668312572524883e-06,-1,-5,1,588.1356201171875
5,-0.7560975609756098,6.759214011253789e-05,-1,-5,1,588.1356201171875
6,-0.7073170731707317,2.0716272047138773e-05,-1,-5,1,588.1356201171875
7,-0.6585365853658536,7.705079042352736e-05,-1,-5,1,588.1356201171875
8,-0.6097560975609756,0.00011640872253337875,-1,-5,1,588.1356201171875
9,-0.5609756097560976,2.6210698706563562e-05,-1,-5,1,588.1356201171875
10,-0.5121951219512195,6.924414628883824e-05,-1,-5,1,588.1356201171875
11,-0.46341463414634143,0.0005672684055753052,-1,-5,1,588.1356201171875
12,-0.41463414634146334,3.744516652659513e-05,-1,-5,1,588.1356201171875
13,-0.36585365853658536,0.0008433829061686993,-1,-5,1,588.1356201171875
14,-0.31707317073170727,0.0014556457754224539,-1,-5,1,588.1356201171875
15,-0.2682926829268293,0.0006205575191415846,-1,-5,1,588.1356201171875
16,-0.2195121951219512,0.023972101509571075,-1,-5,1,588.1356201171875
17,-0.1707317073170731,0.0480303056538105,-1,-5,1,588.1356201171875
18,-0.12195121951219512,0.003568085143342614,-1,-5,1,588.1356201171875
19,-0.07317073170731703,0.0028767685871571302,-1,-5,1,588.1356201171875
20,-0.024390243902439046,5.633713499264559e-06,-1,-5,1,588.1356201171875
21,0.024390243902439046,0.000578872743062675,-1,-5,1,588.1356201171875
22,0.07317073170731714,0.00020927604055032134,-1,-5,1,588.1356201171875
23,0.12195121951219523,2.596584818093106e-05,-1,-5,1,588.1356201171875
24,0.17073170731707332,0.0002536253014113754,-1,-5,1,588.1356201171875
25,0.2195121951219512,4.933301534038037e-05,-1,-5,1,588.1356201171875
26,0.2682926829268293,3.0361907192855142e-05,-1,-5,1,588.1356201171875
27,0.3170731707317074,0.00012878213601652533,-1,-5,1,588.1356201171875
28,0.36585365853658547,3.6312717384134885e-06,-1,-5,1,588.1356201171875
29,0.41463414634146356,5.262024205876514e-05,-1,-5,1,588.1356201171875
30,0.46341463414634143,2.4250281057902612e-05,-1,-5,1,588.1356201171875
31,0.5121951219512195,5.433242222352419e-06,-1,-5,1,588.1356201171875
32,0.5609756097560976,1.7021215171553195e-05,-1,-5,1,588.1356201171875
33,0.6097560975609757,8.9314662545803e-06,-1,-5,1,588.1356201171875
34,0.6585365853658538,2.7228863928030478e-06,-1,-5,1,588.1356201171875
35,0.7073170731707317,3.997298699687235e-05,-1,-5,1,588.1356201171875
36,0.7560975609756098,0.0,-1,-5,1,588.1356201171875
37,0.8048780487804879,0.0,-1,-5,1,588.1356201171875
38,0.853658536585366,0.0,-1,-5,1,588.1356201171875
39,0.902439024390244,0.0,-1,-5,1,588.1356201171875
40,0.9512195121951219,0.0,-1,-5,1,588.1356201171875
41,1.0,0.0,-1,-5,1,588.1356201171875
0,-1.0,1.5989919120329432e-05,-1,-3,2,588.1356201171875
1,-0.9512195121951219,9.417499677510932e-05,-1,-3,2,588.1356201171875
2,-0.9024390243902439,0.00020873447647318244,-1,-3,2,588.1356201171875
3,-0.8536585365853658,2.7698622488969704e-06,-1,-3,2,588.1356201171875
4,-0.8048780487804879,0.00022023417113814503,-1,-3,2,588.1356201171875
5,-0.7560975609756098,9.125013457378373e-05,-1,-3,2,588.1356201171875
6,-0.7073170731707317,4.386935688671656e-05,-1,-3,2,588.1356201171875
7,-0.6585365853658536,0.000203782765311189,-1,-3,2,588.1356201171875
8,-0.6097560975609756,2.782209230645094e-05,-1,-3,2,588.1356201171875
9,-0.5609756097560976,0.0004192504857201129,-1,-3,2,588.1356201171875
10,-0.5121951219512195,0.00019103063095826656,-1,-3,2,588.1356201171875
11,-0.46341463414634143,0.00035201621358282864,-1,-3,2,588.1356201171875
12,-0.41463414634146334,0.0006164147052913904,-1,-3,2,588.1356201171875
13,-0.36585365853658536,2.2392001483240165e-05,-1,-3,2,588.1356201171875
14,-0.31707317073170727,0.0009800606640055776,-1,-3,2,588.1356201171875
15,-0.2682926829268293,0.0006654069875366986,-1,-3,2,588.1356201171875
16,-0.2195121951219512,0.0012059297878295183,-1,-3,2,588.1356201171875
17,-0.1707317073170731,0.0048152850940823555,-1,-3,2,588.1356201171875
18,-0.12195121951219512,0.00016465876251459122,-1,-3,2,588.1356201171875
19,-0.07317073170731703,0.014903591014444828,-1,-3,2,588.1356201171875
20,-0.024390243902439046,0.05724044516682625,-1,-3,2,588.1356201171875
21,0.024390243902439046,0.06147676706314087,-1,-3,2,588.1356201171875
22,0.07317073170731714,0.027328070253133774,-1,-3,2,588.1356201171875
23,0.12195121951219523,0.0036480454728007317,-1,-3,2,588.1356201171875
24,0.17073170731707332,0.0008561254944652319,-1,-3,2,588.1356201171875
25,0.2195121951219512,0.0017749052494764328,-1,-3,2,588.1356201171875
26,0.2682926829268293,0.00030835234792903066,-1,-3,2,588.1356201171875
27,0.3170731707317074,0.0010760409059002995,-1,-3,2,588.1356201171875
28,0.36585365853658547,0.0004907140973955393,-1,-3,2,588.1356201171875
29,0.41463414634146356,0.0002321940119145438,-1,-3,2,588.1356201171875
30,0.46341463414634143,0.0007360370946116745,-1,-3,2,588.1356201171875
31,0.5121951219512195,3.6608225855161436e-06,-1,-3,2,588.1356201171875
32,0.5609756097560976,0.0005300019402056932,-1,-3,2,588.1356201171875
33,0.6097560975609757,0.00024013836809899658,-1,-3,2,588.1356201171875
34,0.6585365853658538,9.48794258874841e-05,-1,-3,2,588.1356201171875
35,0.7073170731707317,0.0003153109864797443,-1,-3,2,588.1356201171875
36,0.7560975609756098,2.2513047497341176e-06,-1,-3,2,588.1356201171875
37,0.8048780487804879,0.0002006926661124453,-1,-3,2,588.1356201171875
38,0.853658536585366,0.00011352920409990475,-1,-3,2,588.1356201171875
39,0.902439024390244,4.313422687118873e-05,-1,-3,2,588.1356201171875
40,0.9512195121951219,0.00023079644597601146,-1,-3,2,588.1356201171875
41,1.0,2.725317608565092e-05,-1,-3,2,588.1356201171875
0,-1.0,0.000441467302152887,-1,-1,3,588.1356201171875
1,-0.9512195121951219,0.0010436977026984096,-1,-1,3,588.1356201171875
2,-0.9024390243902439,0.002568668220192194,-1,-1,3,588.1356201171875
3,-0.8536585365853658,0.003138153115287423,-1,-1,3,588.1356201171875
4,-0.8048780487804879,0.0028387473430484533,-1,-1,3,588.1356201171875
5,-0.7560975609756098,0.0015243198722600937,-1,-1,3,588.1356201171875
6,-0.7073170731707317,0.00229831226170063,-1,-1,3,588.1356201171875
7,-0.6585365853658536,0.0002776268229354173,-1,-1,3,588.1356201171875
8,-0.6097560975609756,0.002356292214244604,-1,-1,3,588.1356201171875
9,-0.5609756097560976,0.010822960175573826,-1,-1,3,588.1356201171875
10,-0.5121951219512195,0.02369009330868721,-1,-1,3,588.1356201171875
11,-0.46341463414634143,0.04835531488060951,-1,-1,3,588.1356201171875
12,-0.41463414634146334,0.07356224209070206,-1,-1,3,588.1356201171875
13,-0.36585365853658536,0.0904703140258789,-1,-1,3,588.1356201171875
14,-0.31707317073170727,0.09653496742248535,-1,-1,3,588.1356201171875
15,-0.2682926829268293,0.08790673315525055,-1,-1,3,588.1356201171875
16,-0.2195121951219512,0.06495402008295059,-1,-1,3,588.1356201171875
17,-0.1707317073170731,0.03285596892237663,-1,-1,3,588.1356201171875
18,-0.12195121951219512,0.012221724726259708,-1,-1,3,588.1356201171875
19,-0.07317073170731703,0.002572581870481372,-1,-1,3,588.1356201171875
20,-0.024390243902439046,0.00010696586832636967,-1,-1,3,588.1356201171875
21,0.024390243902439046,0.0020786768291145563,-1,-1,3,588.1356201171875
22,0.07317073170731714,0.004806024953722954,-1,-1,3,588.1356201171875
23,0.12195121951219523,0.005372111685574055,-1,-1,3,588.1356201171875
24,0.17073170731707332,0.004159586504101753,-1,-1,3,588.1356201171875
25,0.2195121951219512,0.0024051726795732975,-1,-1,3,588.1356201171875
26,0.2682926829268293,0.0004767065111082047,-1,-1,3,588.1356201171875
27,0.3170731707317074,0.0003360894916113466,-1,-1,3,588.1356201171875
28,0.36585365853658547,0.0014969700714573264,-1,-1,3,588.1356201171875
29,0.41463414634146356,0.0024192105047404766,-1,-1,3,588.1356201171875
30,0.46341463414634143,0.003055378794670105,-1,-1,3,588.1356201171875
31,0.5121951219512195,0.002149219624698162,-1,-1,3,588.1356201171875
32,0.5609756097560976,0.0008547718171030283,-1,-1,3,588.1356201171875
33,0.6097560975609757,0.00012128968228353187,-1,-1,3,588.1356201171875
34,0.6585365853658538,7.201442349469289e-05,-1,-1,3,588.1356201171875
35,0.7073170731707317,0.0005940616829320788,-1,-1,3,588.1356201171875
36,0.7560975609756098,0.0009116489090956748,-1,-1,3,588.1356201171875
37,0.8048780487804879,0.0008637812570668757,-1,-1,3,588.1356201171875
38,0.853658536585366,0.000570449570659548,-1,-1,3,588.1356201171875
39,0.902439024390244,0.0001559679367346689,-1,-1,3,588.1356201171875
40,0.9512195121951219,5.0531675697129685e-06,-1,-1,3,588.1356201171875
41,1.0,6.358541577355936e-05,-1,-1,3,588.1356201171875
0,-1.0,0.0,-1,4,5,588.1356201171875
1,-0.9512195121951219,0.0,-1,4,5,588.1356201171875
2,-0.9024390243902439,0.0,-1,4,5,588.1356201171875
3,-0.8536585365853658,1.2865991266153287e-05,-1,4,5,588.1356201171875
4,-0.8048780487804879,2.4395088985329494e-05,-1,4,5,588.1356201171875
5,-0.7560975609756098,0.00010642124834703282,-1,4,5,588.1356201171875
6,-0.7073170731707317,5.675254942616448e-05,-1,4,5,588.1356201171875
7,-0.6585365853658536,8.328550507030741e-07,-1,4,5,588.1356201171875
8,-0.6097560975609756,1.2077671271981671e-05,-1,4,5,588.1356201171875
9,-0.5609756097560976,1.3395670976024121e-05,-1,4,5,588.1356201171875
10,-0.5121951219512195,2.1778569134767167e-06,-1,4,5,588.1356201171875
11,-0.46341463414634143,3.2615869713481516e-05,-1,4,5,588.1356201171875
12,-0.41463414634146334,2.8643473342526704e-05,-1,4,5,588.1356201171875
13,-0.36585365853658536,7.43435084586963e-05,-1,4,5,588.1356201171875
14,-0.31707317073170727,0.00036194807034917176,-1,4,5,588.1356201171875
15,-0.2682926829268293,0.0001401800982421264,-1,4,5,588.1356201171875
16,-0.2195121951219512,7.399394962703809e-05,-1,4,5,588.1356201171875
17,-0.1707317073170731,5.161141962162219e-05,-1,4,5,588.1356201171875
18,-0.12195121951219512,8.666421490488574e-05,-1,4,5,588.1356201171875
19,-0.07317073170731703,0.00018765218555927277,-1,4,5,588.1356201171875
20,-0.024390243902439046,1.4964623915147968e-05,-1,4,5,588.1356201171875
21,0.024390243902439046,0.000281442713458091,-1,4,5,588.1356201171875
22,0.07317073170731714,1.2786435945599806e-06,-1,4,5,588.1356201171875
23,0.12195121951219523,0.000540637003723532,-1,4,5,588.1356201171875
24,0.17073170731707332,0.00010018138709710911,-1,4,5,588.1356201171875
25,0.2195121951219512,0.0009551303810440004,-1,4,5,588.1356201171875
26,0.2682926829268293,0.0007368227234110236,-1,4,5,588.1356201171875
27,0.3170731707317074,0.0026274865958839655,-1,4,5,588.1356201171875
28,0.36585365853658547,0.019854767248034477,-1,4,5,588.1356201171875
29,0.41463414634146356,0.030509648844599724,-1,4,5,588.1356201171875
30,0.46341463414634143,0.010651851072907448,-1,4,5,588.1356201171875
31,0.5121951219512195,9.362144191982225e-05,-1,4,5,588.1356201171875
32,0.5609756097560976,0.0013298924313858151,-1,4,5,588.1356201171875
33,0.6097560975609757,2.482972740835976e-05,-1,4,5,588.1356201171875
34,0.6585365853658538,0.0005530788912437856,-1,4,5,588.1356201171875
35,0.7073170731707317,9.916230192175135e-05,-1,4,5,588.1356201171875
36,0.7560975609756098,8.993365190690383e-05,-1,4,5,588.1356201171875
37,0.8048780487804879,0.0001549841690575704,-1,4,5,588.1356201171875
38,0.853658536585366,4.988507498637773e-05,-1,4,5,588.1356201171875
39,0.902439024390244,0.00016852631233632565,-1,4,5,588.1356201171875
40,0.9512195121951219,3.7321501622500364e-06,-1,4,5,588.1356201171875
41,1.0,0.00011288249515928328,-1,4,5,588.1356201171875
0,-1.0,2.088678411382716e-05,-1,5,5,588.1356201171875
1,-0.9512195121951219,0.0001051937069860287,-1,5,5,588.1356201171875
2,-0.9024390243902439,4.931570219923742e-05,-1,5,5,588.1356201171875
3,-0.8536585365853658,0.00015810574404895306,-1,5,5,588.1356201171875
4,-0.8048780487804879,0.00017968306201510131,-1,5,5,588.1356201171875
5,-0.7560975609756098,0.0015087585197761655,-1,5,5,588.1356201171875
6,-0.7073170731707317,0.0002639218873810023,-1,5,5,588.1356201171875
7,-0.6585365853658536,0.00027978065190836787,-1,5,5,588.1356201171875
8,-0.6097560975609756,0.0014018560759723186,-1,5,5,588.1356201171875
9,-0.5609756097560976,0.011059517972171307,-1,5,5,588.1356201171875
10,-0.5121951219512195,0.006970962043851614,-1,5,5,588.1356201171875
11,-0.46341463414634143,3.367997851455584e-05,-1,5,5,588.1356201171875
12,-0.41463414634146334,0.0005183260072953999,-1,5,5,588.1356201171875
13,-0.36585365853658536,3.8429596315836534e-05,-1,5,5,588.1356201171875
14,-0.31707317073170727,1.3423180007521296e-06,-1,5,5,588.1356201171875
15,-0.2682926829268293,0.00048538268310949206,-1,5,5,588.1356201171875
16,-0.2195121951219512,8.570517093176022e-05,-1,5,5,588.1356201171875
17,-0.1707317073170731,0.00034067148226313293,-1,5,5,588.1356201171875
18,-0.12195121951219512,5.2474235417321324e-05,-1,5,5,588.1356201171875
19,-0.07317073170731703,6.52246962999925e-05,-1,5,5,588.1356201171875
20,-0.024390243902439046,8.831672312226146e-05,-1,5,5,588.1356201171875
21,0.024390243902439046,0.00017021578969433904,-1,5,5,588.1356201171875
22,0.07317073170731714,8.40080319903791e-05,-1,5,5,588.1356201171875
23,0.12195121951219523,5.337606853572652e-05,-1,5,5,588.1356201171875
24,0.17073170731707332,6.265309639275074e-05,-1,5,5,588.1356201171875
25,0.2195121951219512,2.7666375899570994e-05,-1,5,5,588.1356201171875
26,0.2682926829268293,3.1654213671572506e-05,-1,5,5,588.1356201171875
27,0.3170731707317074,3.818137884081807e-06,-1,5,5,588.1356201171875
28,0.36585365853658547,7.188854942796752e-05,-1,5,5,588.1356201171875
29,0.41463414634146356,3.254211378589389e-06,-1,5,5,588.1356201171875
30,0.46341463414634143,1.4544487385137472e-05,-1,5,5,588.1356201171875
31,0.5121951219512195,0.0,-1,5,5,588.1356201171875
32,0.5609756097560976,0.0,-1,5,5,588.1356201171875
33,0.6097560975609757,0.0,-1,5,5,588.1356201171875
34,0.6585365853658538,0.0,-1,5,5,588.1356201171875
35,0.7073170731707317,0.0,-1,5,5,588.1356201171875
36,0.7560975609756098,0.0,-1,5,5,588.1356201171875
37,0.8048780487804879,0.0,-1,5,5,588.1356201171875
38,0.853658536585366,0.0,-1,5,5,588.1356201171875
39,0.902439024390244,0.0,-1,5,5,588.1356201171875
40,0.9512195121951219,0.0,-1,5,5,588.1356201171875
41,1.0,0.0,-1,5,5,588.1356201171875
0,-1.0,0.0,-1,7,6,588.1356201171875
1,-0.9512195121951219,0.0,-1,7,6,588.1356201171875
2,-0.9024390243902439,0.0,-1,7,6,588.1356201171875
3,-0.8536585365853658,0.0,-1,7,6,588.1356201171875
4,-0.8048780487804879,0.0,-1,7,6,588.1356201171875
5,-0.7560975609756098,0.0,-1,7,6,588.1356201171875
6,-0.7073170731707317,0.0,-1,7,6,588.1356201171875
7,-0.6585365853658536,0.0,-1,7,6,588.1356201171875
8,-0.6097560975609756,0.0,-1,7,6,588.1356201171875
9,-0.5609756097560976,0.0,-1,7,6,588.1356201171875
10,-0.5121951219512195,0.0,-1,7,6,588.1356201171875
11,-0.46341463414634143,0.0,-1,7,6,588.1356201171875
12,-0.41463414634146334,0.0,-1,7,6,588.1356201171875
13,-0.36585365853658536,0.0,-1,7,6,588.1356201171875
14,-0.31707317073170727,0.0,-1,7,6,588.1356201171875
15,-0.2682926829268293,0.0,-1,7,6,588.1356201171875
16,-0.2195121951219512,0.0,-1,7,6,588.1356201171875
17,-0.1707317073170731,0.0,-1,7,6,588.1356201171875
18,-0.12195121951219512,8.168156995225218e-08,-1,7,6,588.1356201171875
19,-0.07317073170731703,2.1491241568583064e-06,-1,7,6,588.1356201171875
20,-0.024390243902439046,3.404123617656296e-06,-1,7,6,588.1356201171875
21,0.024390243902439046,5.09758820044226e-06,-1,7,6,588.1356201171875
22,0.07317073170731714,1.4464147568560293e-07,-1,7,6,588.1356201171875
23,0.12195121951219523,7.423325882882637e-07,-1,7,6,588.1356201171875
24,0.17073170731707332,2.115589268214535e-06,-1,7,6,588.1356201171875
25,0.2195121951219512,1.9215629436075687e-05,-1,7,6,588.1356201171875
26,0.2682926829268293,1.8296905182069167e-05,-1,7,6,588.1356201171875
27,0.3170731707317074,3.092006591032259e-05,-1,7,6,588.1356201171875
28,0.36585365853658547,5.2924646297469735e-05,-1,7,6,588.1356201171875
29,0.41463414634146356,0.00017996056703850627,-1,7,6,588.1356201171875
30,0.46341463414634143,1.1518319297465496e-05,-1,7,6,588.1356201171875
31,0.5121951219512195,0.0004244879528414458,-1,7,6,588.1356201171875
32,0.5609756097560976,0.0019080967176705599,-1,7,6,588.1356201171875
33,0.6097560975609757,9.887725127555314e-07,-1,7,6,588.1356201171875
34,0.6585365853658538,5.792685260530561e-05,-1,7,6,588.1356201171875
35,0.7073170731707317,2.6038730993604986e-06,-1,7,6,588.1356201171875
36,0.7560975609756098,4.749726940644905e-05,-1,7,6,588.1356201171875
37,0.8048780487804879,3.4679156669881195e-05,-1,7,6,588.1356201171875
38,0.853658536585366,1.8577408127384842e-06,-1,7,6,588.1356201171875
39,0.902439024390244,8.929792784329038e-06,-1,7,6,588.1356201171875
40,0.9512195121951219,1.5895162505330518e-05,-1,7,6,588.1356201171875
41,1.0,9.816067176871002e-06,-1,7,6,588.1356201171875
0,-1.0,0.0,-1,8,6,588.1356201171875
1,-0.9512195121951219,0.0,-1,8,6,588.1356201171875
2,-0.9024390243902439,0.0,-1,8,6,588.1356201171875
3,-0.8536585365853658,0.0,-1,8,6,588.1356201171875
4,-0.8048780487804879,0.0,-1,8,6,588.1356201171875
5,-0.7560975609756098,0.0,-1,8,6,588.1356201171875
6,-0.7073170731707317,0.0,-1,8,6,588.1356201171875
7,-0.6585365853658536,0.0,-1,8,6,588.1356201171875
8,-0.6097560975609756,0.0,-1,8,6,588.1356201171875
9,-0.5609756097560976,0.0,-1,8,6,588.1356201171875
10,-0.5121951219512195,1.416048689861782e-06,-1,8,6,588.1356201171875
11,-0.46341463414634143,3.010781313150801e-07,-1,8,6,588.1356201171875
12,-0.41463414634146334,9.006377013065503e-07,-1,8,6,588.1356201171875
13,-0.36585365853658536,7.615383310621837e-07,-1,8,6,588.1356201171875
14,-0.31707317073170727,3.1562351523461984e-06,-1,8,6,588.1356201171875
15,-0.2682926829268293,3.866823874432157e-07,-1,8,6,588.1356201171875
16,-0.2195121951219512,7.61846285968204e-06,-1,8,6,588.1356201171875
17,-0.1707317073170731,2.6442203306942247e-06,-1,8,6,588.1356201171875
18,-0.12195121951219512,4.511425686359871e-06,-1,8,6,588.1356201171875
19,-0.07317073170731703,6.87168767399271e-06,-1,8,6,588.1356201171875
20,-0.024390243902439046,2.3108113964553922e-06,-1,8,6,588.1356201171875
21,0.024390243902439046,5.05704656461603e-06,-1,8,6,588.1356201171875
22,0.07317073170731714,0.0012057898566126823,-1,8,6,588.1356201171875
23,0.12195121951219523,2.1098718207213096e-05,-1,8,6,588.1356201171875
24,0.17073170731707332,1.962365240615327e-05,-1,8,6,588.1356201171875
25,0.2195121951219512,1.2346748007985298e-05,-1,8,6,588.1356201171875
26,0.2682926829268293,9.549622518534306e-06,-1,8,6,588.1356201171875
27,0.3170731707317074,2.10563985092449e-06,-1,8,6,588.1356201171875
28,0.36585365853658547,6.937694706721231e-06,-1,8,6,588.1356201171875
29,0.41463414634146356,3.151822738800547e-06,-1,8,6,588.1356201171875
30,0.46341463414634143,6.881815579617978e-07,-1,8,6,588.1356201171875
31,0.5121951219512195,1.8291146943738568e-06,-1,8,6,588.1356201171875
32,0.5609756097560976,5.052047526987735e-06,-1,8,6,588.1356201171875
33,0.6097560975609757,1.0491517969057895e-05,-1,8,6,588.1356201171875
34,0.6585365853658538,1.7998661405727034e-06,-1,8,6,588.1356201171875
35,0.7073170731707317,0.0,-1,8,6,588.1356201171875
36,0.7560975609756098,0.0,-1,8,6,588.1356201171875
37,0.8048780487804879,0.0,-1,8,6,588.1356201171875
38,0.853658536585366,0.0,-1,8,6,588.1356201171875
39,0.902439024390244,0.0,-1,8,6,588.1356201171875
40,0.9512195121951219,0.0,-1,8,6,588.1356201171875
41,1.0,0.0,-1,8,6,588.1356201171875
0,-1.0,0.0,-1,9,6,588.1356201171875
1,-0.9512195121951219,0.0,-1,9,6,588.1356201171875
2,-0.9024390243902439,0.0,-1,9,6,588.1356201171875
3,-0.8536585365853658,0.0,-1,9,6,588.1356201171875
4,-0.8048780487804879,2.823275337959785e-07,-1,9,6,588.1356201171875
5,-0.7560975609756098,7.311216165817314e-08,-1,9,6,588.1356201171875
6,-0.7073170731707317,6.680482300680524e-08,-1,9,6,588.1356201171875
7,-0.6585365853658536,7.530475159001071e-07,-1,9,6,588.1356201171875
8,-0.6097560975609756,2.0913743981054722e-07,-1,9,6,588.1356201171875
9,-0.5609756097560976,1.252422862307867e-06,-1,9,6,588.1356201171875
10,-0.5121951219512195,8.515142440046475e-07,-1,9,6,588.1356201171875
11,-0.46341463414634143,2.1931762148597045e-06,-1,9,6,588.1356201171875
12,-0.41463414634146334,2.731778749875957e-06,-1,9,6,588.1356201171875
13,-0.36585365853658536,5.652297204505885e-06,-1,9,6,588.1356201171875
14,-0.31707317073170727,1.502319355495274e-05,-1,9,6,588.1356201171875
15,-0.2682926829268293,0.0002226711221737787,-1,9,6,588.1356201171875
16,-0.2195121951219512,2.2356693079927936e-05,-1,9,6,588.1356201171875
17,-0.1707317073170731,4.236794211465167e-06,-1,9,6,588.1356201171875
18,-0.12195121951219512,6.487754262707313e-07,-1,9,6,588.1356201171875
19,-0.07317073170731703,7.221880764518573e-07,-1,9,6,588.1356201171875
20,-0.024390243902439046,2.131938146021639e-07,-1,9,6,588.1356201171875
21,0.024390243902439046,4.266616713266558e-07,-1,9,6,588.1356201171875
22,0.07317073170731714,6.140392088127555e-07,-1,9,6,588.1356201171875
23,0.12195121951219523,9.835191576712532e-07,-1,9,6,588.1356201171875
24,0.17073170731707332,2.1115143056249508e-07,-1,9,6,588.1356201171875
25,0.2195121951219512,4.197222125412736e-08,-1,9,6,588.1356201171875
26,0.2682926829268293,9.70035927139179e-08,-1,9,6,588.1356201171875
27,0.3170731707317074,0.0,-1,9,6,588.1356201171875
28,0.36585365853658547,0.0,-1,9,6,588.1356201171875
29,0.41463414634146356,0.0,-1,9,6,588.1356201171875
30,0.46341463414634143,0.0,-1,9,6,588.1356201171875
31,0.5121951219512195,0.0,-1,9,6,588.1356201171875
32,0.5609756097560976,0.0,-1,9,6,588.1356201171875
33,0.6097560975609757,0.0,-1,9,6,588.1356201171875
34,0.6585365853658538,0.0,-1,9,6,588.1356201171875
35,0.7073170731707317,0.0,-1,9,6,588.1356201171875
36,0.7560975609756098,0.0,-1,9,6,588.1356201171875
37,0.8048780487804879,0.0,-1,9,6,588.1356201171875
38,0.853658536585366,0.0,-1,9,6,588.1356201171875
39,0.902439024390244,0.0,-1,9,6,588.1356201171875
40,0.9512195121951219,0.0,-1,9,6,588.1356201171875
41,1.0,0.0,-1,9,6,588.1356201171875
0,-1.0,0.0,0,-9,-5,588.1356201171875
1,-0.9512195121951219,0.0,0,-9,-5,588.1356201171875
2,-0.9024390243902439,0.0,0,-9,-5,588.1356201171875
3,-0.8536585365853658,0.0,0,-9,-5,588.1356201171875
4,-0.8048780487804879,0.0,0,-9,-5,588.1356201171875
5,-0.7560975609756098,2.7118067791320755e-08,0,-9,-5,588.1356201171875
6,-0.7073170731707317,1.637716877667117e-06,0,-9,-5,588.1356201171875
7,-0.6585365853658536,8.112265845738875e-07,0,-9,-5,588.1356201171875
8,-0.6097560975609756,3.330336895146502e-08,0,-9,-5,588.1356201171875
9,-0.5609756097560976,1.6937549673912144e-07,0,-9,-5,588.1356201171875
10,-0.5121951219512195,7.951877023515408e-07,0,-9,-5,588.1356201171875
11,-0.46341463414634143,1.819985442352845e-07,0,-9,-5,588.1356201171875
12,-0.41463414634146334,5.84603048991994e-06,0,-9,-5,588.1356201171875
13,-0.36585365853658536,9.314562703366391e-06,0,-9,-5,588.1356201171875
14,-0.31707317073170727,4.436925155459903e-05,0,-9,-5,588.1356201171875
15,-0.2682926829268293,0.00012738999794237316,0,-9,-5,588.1356201171875
16,-0.2195121951219512,4.8938512918539345e-05,0,-9,-5,588.1356201171875
17,-0.1707317073170731,6.628474238823401e-06,0,-9,-5,588.1356201171875
18,-0.12195121951219512,4.29371721111238e-06,0,-9,-5,588.1356201171875
19,-0.07317073170731703,7.317292784136953e-06,0,-9,-5,588.1356201171875
20,-0.024390243902439046,1.410918571309594e-06,0,-9,-5,588.1356201171875
21,0.024390243902439046,1.1732865345948085e-07,0,-9,-5,588.1356201171875
22,0.07317073170731714,6.053532075611656e-08,0,-9,-5,588.1356201171875
23,0.12195121951219523,7.368635692728276e-07,0,-9,-5,588.1356201171875
24,0.17073170731707332,2.626210573453136e-07,0,-9,-5,588.1356201171875
25,0.2195121951219512,1.9309760457275615e-09,0,-9,-5,588.1356201171875
26,0.2682926829268293,2.1061365984564873e-08,0,-9,-5,588.1356201171875
27,0.3170731707317074,0.0,0,-9,-5,588.1356201171875
28,0.36585365853658547,0.0,0,-9,-5,588.1356201171875
29,0.41463414634146356,0.0,0,-9,-5,588.1356201171875
30,0.46341463414634143,0.0,0,-9,-5,588.1356201171875
31,0.5121951219512195,0.0,0,-9,-5,588.1356201171875
32,0.5609756097560976,0.0,0,-9,-5,588.1356201171875
33,0.6097560975609757,0.0,0,-9,-5,588.1356201171875
34,0.6585365853658538,0.0,0,-9,-5,588.1356201171875
35,0.7073170731707317,0.0,0,-9,-5,588.1356201171875
36,0.7560975609756098,0.0,0,-9,-5,588.1356201171875
37,0.8048780487804879,0.0,0,-9,-5,588.1356201171875
38,0.853658536585366,0.0,0,-9,-5,588.1356201171875
39,0.902439024390244,0.0,0,-9,-5,588.1356201171875
40,0.9512195121951219,0.0,0,-9,-5,588.1356201171875
41,1.0,0.0,0,-9,-5,588.1356201171875
0,-1.0,0.0,0,-8,-5,588.1356201171875
1,-0.9512195121951219,0.0,0,-8,-5,588.1356201171875
2,-0.9024390243902439,0.0,0,-8,-5,588.1356201171875
3,-0.8536585365853658,0.0,0,-8,-5,588.1356201171875
4,-0.8048780487804879,0.0,0,-8,-5,588.1356201171875
5,-0.7560975609756098,0.0,0,-8,-5,588.1356201171875
6,-0.7073170731707317,0.0,0,-8,-5,588.1356201171875
7,-0.6585365853658536,0.0,0,-8,-5,588.1356201171875
8,-0.6097560975609756,0.0,0,-8,-5,588.1356201171875
9,-0.5609756097560976,0.0,0,-8,-5,588.1356201171875
10,-0.5121951219512195,0.0,0,-8,-5,588.1356201171875
11,-0.46341463414634143,0.0,0,-8,-5,588.1356201171875
12,-0.41463414634146334,0.0,0,-8,-5,588.1356201171875
13,-0.36585365853658536,0.0,0,-8,-5,588.1356201171875
14,-0.31707317073170727,0.0,0,-8,-5,588.1356201171875
15,-0.2682926829268293,0.0,0,-8,-5,588.1356201171875
16,-0.2195121951219512,0.0,0,-8,-5,588.1356201171875
17,-0.1707317073170731,0.0,0,-8,-5,588.1356201171875
18,-0.12195121951219512,0.0,0,-8,-5,588.1356201171875
19,-0.07317073170731703,0.0,0,-8,-5,588.1356201171875
20,-0.024390243902439046,0.0,0,-8,-5,588.1356201171875
21,0.024390243902439046,0.0,0,-8,-5,588.1356201171875
22,0.07317073170731714,0.0,0,-8,-5,588.1356201171875
23,0.12195121951219523,0.0,0,-8,-5,588.1356201171875
24,0.17073170731707332,1.0585763448034413e-06,0,-8,-5,588.1356201171875
25,0.2195121951219512,2.118694766295448e-07,0,-8,-5,588.1356201171875
26,0.2682926829268293,1.2446233768059756e-06,0,-8,-5,588.1356201171875
27,0.3170731707317074,7.329610980377765e-06,0,-8,-5,588.1356201171875
28,0.36585365853658547,3.0815888294455362e-06,0,-8,-5,588.1356201171875
29,0.41463414634146356,5.518807029147865e-06,0,-8,-5,588.1356201171875
30,0.46341463414634143,6.884273716423195e-06,0,-8,-5,588.1356201171875
31,0.5121951219512195,1.2898134627903346e-05,0,-8,-5,588.1356201171875
32,0.5609756097560976,2.997830779349897e-05,0,-8,-5,588.1356201171875
33,0.6097560975609757,3.1999890779843554e-05,0,-8,-5,588.1356201171875
34,0.6585365853658538,6.8597961217165e-05,0,-8,-5,588.1356201171875
35,0.7073170731707317,0.0036235463339835405,0,-8,-5,588.1356201171875
36,0.7560975609756098,0.0006959582678973675,0,-8,-5,588.1356201171875
37,0.8048780487804879,0.00012248379061929882,0,-8,-5,588.1356201171875
38,0.853658536585366,6.862373993499205e-05,0,-8,-5,588.1356201171875
39,0.902439024390244,3.4219086955999956e-05,0,-8,-5,588.1356201171875
40,0.9512195121951219,3.0583931220462546e-05,0,-8,-5,588.1356201171875
41,1.0,7.34786044631619e-06,0,-8,-5,588.1356201171875
0,-1.0,5.979747470519214e-07,0,-8,-4,588.1356201171875
1,-0.9512195121951219,2.1309665498847608e-06,0,-8,-4,588.1356201171875
2,-0.9024390243902439,2.0552131445583655e-06,0,-8,-4,588.1356201171875
3,-0.8536585365853658,6.599081643798854e-06,0,-8,-4,588.1356201171875
4,-0.8048780487804879,3.621400537667796e-05,0,-8,-4,588.1356201171875
5,-0.7560975609756098,1.9052609786740504e-05,0,-8,-4,588.1356201171875
6,-0.7073170731707317,0.0013075544266030192,0,-8,-4,588.1356201171875
7,-0.6585365853658536,0.000601688981987536,0,-8,-4,588.1356201171875
8,-0.6097560975609756,3.2626739994157106e-05,0,-8,-4,588.1356201171875
9,-0.5609756097560976,1.6230584151344374e-05,0,-8,-4,588.1356201171875
10,-0.5121951219512195,2.4432067220914178e-05,0,-8,-4,588.1356201171875
11,-0.46341463414634143,1.4704025488754269e-05,0,-8,-4,588.1356201171875
12,-0.41463414634146334,6.404439318430377e-06,0,-8,-4,588.1356201171875
13,-0.36585365853658536,3.814561750914436e-06,0,-8,-4,588.1356201171875
14,-0.31707317073170727,7.395340162474895e-06,0,-8,-4,588.1356201171875
15,-0.2682926829268293,3.905309768015286e-06,0,-8,-4,588.1356201171875
16,-0.2195121951219512,3.0611447527917335e-06,0,-8,-4,588.1356201171875
17,-0.1707317073170731,5.242305178398965e-06,0,-8,-4,588.1356201171875
18,-0.12195121951219512,7.226456659736868e-07,0,-8,-4,588.1356201171875
19,-0.07317073170731703,0.0,0,-8,-4,588.1356201171875
20,-0.024390243902439046,0.0,0,-8,-4,588.1356201171875
21,0.024390243902439046,0.0,0,-8,-4,588.1356201171875
22,0.07317073170731714,0.0,0,-8,-4,588.1356201171875
23,0.12195121951219523,0.0,0,-8,-4,588.1356201171875
24,0.17073170731707332,0.0,0,-8,-4,588.1356201171875
25,0.2195121951219512,0.0,0,-8,-4,588.1356201171875
26,0.2682926829268293,0.0,0,-8,-4,588.1356201171875
27,0.3170731707317074,0.0,0,-8,-4,588.1356201171875
28,0.36585365853658547,0.0,0,-8,-4,588.1356201171875
29,0.41463414634146356,0.0,0,-8,-4,588.1356201171875
30,0.46341463414634143,0.0,0,-8,-4,588.1356201171875
31,0.5121951219512195,0.0,0,-8,-4,588.1356201171875
32,0.5609756097560976,0.0,0,-8,-4,588.1356201171875
33,0.6097560975609757,0.0,0,-8,-4,588.1356201171875
34,0.6585365853658538,0.0,0,-8,-4,588.1356201171875
35,0.7073170731707317,0.0,0,-8,-4,588.1356201171875
36,0.7560975609756098,0.0,0,-8,-4,588.1356201171875
37,0.8048780487804879,0.0,0,-8,-4,588.1356201171875
38,0.853658536585366,0.0,0,-8,-4,588.1356201171875
39,0.902439024390244,0.0,0,-8,-4,588.1356201171875
40,0.9512195121951219,0.0,0,-8,-4,588.1356201171875
41,1.0,0.0,0,-8,-4,588.1356201171875
0,-1.0,0.0,0,-7,-4,588.1356201171875
1,-0.9512195121951219,0.0,0,-7,-4,588.1356201171875
2,-0.9024390243902439,0.0,0,-7,-4,588.1356201171875
3,-0.8536585365853658,0.0,0,-7,-4,588.1356201171875
4,-0.8048780487804879,0.0,0,-7,-4,588.1356201171875
5,-0.7560975609756098,0.0,0,-7,-4,588.1356201171875
6,-0.7073170731707317,0.0,0,-7,-4,588.1356201171875
7,-0.6585365853658536,0.0,0,-7,-4,588.1356201171875
8,-0.6097560975609756,0.0,0,-7,-4,588.1356201171875
9,-0.5609756097560976,0.0,0,-7,-4,588.1356201171875
10,-0.5121951219512195,0.0,0,-7,-4,588.1356201171875
11,-0.46341463414634143,0.0,0,-7,-4,588.1356201171875
12,-0.41463414634146334,0.0,0,-7,-4,588.1356201171875
13,-0.36585365853658536,0.0,0,-7,-4,588.1356201171875
14,-0.31707317073170727,2.362885970796924e-05,0,-7,-4,588.1356201171875
15,-0.2682926829268293,7.68775225878926e-06,0,-7,-4,588.1356201171875
16,-0.2195121951219512,7.3646128839754965e-06,0,-7,-4,588.1356201171875
17,-0.1707317073170731,1.8318260117666796e-05,0,-7,-4,588.1356201171875
18,-0.12195121951219512,1.6292593500111252e-05,0,-7,-4,588.1356201171875
19,-0.07317073170731703,1.314138080488192e-05,0,-7,-4,588.1356201171875
20,-0.024390243902439046,4.884723239229061e-07,0,-7,-4,588.1356201171875
21,0.024390243902439046,7.090538474585628e-06,0,-7,-4,588.1356201171875
22,0.07317073170731714,2.464893441356253e-05,0,-7,-4,588.1356201171875
23,0.12195121951219523,0.00010071090218843892,0,-7,-4,588.1356201171875
24,0.17073170731707332,0.00014696209109388292,0,-7,-4,588.1356201171875
25,0.2195121951219512,0.00027683351072482765,0,-7,-4,588.1356201171875
26,0.2682926829268293,0.00034430401865392923,0,-7,-4,588.1356201171875
27,0.3170731707317074,0.008547968231141567,0,-7,-4,588.1356201171875
28,0.36585365853658547,0.00018781406106427312,0,-7,-4,588.1356201171875
29,0.41463414634146356,0.0001452819415135309,0,-7,-4,588.1356201171875
30,0.46341463414634143,0.0001309158542426303,0,-7,-4,588.1356201171875
31,0.5121951219512195,0.00012258448987267911,0,-7,-4,588.1356201171875
32,0.5609756097560976,2.3680709091422614e-06,0,-7,-4,588.1356201171875
33,0.6097560975609757,1.3870321708964184e-06,0,-7,-4,588.1356201171875
34,0.6585365853658538,7.302907079065335e-07,0,-7,-4,588.1356201171875
35,0.7073170731707317,2.433774284327228e-07,0,-7,-4,588.1356201171875
36,0.7560975609756098,1.2069695912941825e-05,0,-7,-4,588.1356201171875
37,0.8048780487804879,1.7914971977006644e-05,0,-7,-4,588.1356201171875
38,0.853658536585366,1.7926147393154679e-06,0,-7,-4,588.1356201171875
39,0.902439024390244,2.845825065378449e-06,0,-7,-4,588.1356201171875
40,0.9512195121951219,1.4374394368132926e-06,0,-7,-4,588.1356201171875
41,1.0,0.0,0,-7,-4,588.1356201171875
0,-1.0,6.361432269841316e-07,0,-6,-3,588.1356201171875
1,-0.9512195121951219,1.6414924175478518e-05,0,-6,-3,588.1356201171875
2,-0.9024390243902439,3.649481732281856e-05,0,-6,-3,588.1356201171875
3,-0.8536585365853658,1.2073312063876074e-05,0,-6,-3,588.1356201171875
4,-0.8048780487804879,1.0650025615177583e-05,0,-6,-3,588.1356201171875
5,-0.7560975609756098,4.8273108404828236e-05,0,-6,-3,588.1356201171875
6,-0.7073170731707317,1.9831959434668534e-05,0,-6,-3,588.1356201171875
7,-0.6585365853658536,7.745977654849412e-07,0,-6,-3,588.1356201171875
8,-0.6097560975609756,0.0001532713504275307,0,-6,-3,588.1356201171875
9,-0.5609756097560976,0.00017673565889708698,0,-6,-3,588.1356201171875
10,-0.5121951219512195,4.988360615243437e-06,0,-6,-3,588.1356201171875
11,-0.46341463414634143,4.642359272111207e-05,0,-6,-3,588.1356201171875
12,-0.41463414634146334,0.0010971562005579472,0,-6,-3,588.1356201171875
13,-0.36585365853658536,0.004734573420137167,0,-6,-3,588.1356201171875
14,-0.31707317073170727,0.02694246731698513,0,-6,-3,588.1356201171875
15,-0.2682926829268293,0.0018127557123079896,0,-6,-3,588.1356201171875
16,-0.2195121951219512,0.0008856000495143235,0,-6,-3,588.1356201171875
17,-0.1707317073170731,0.0004488934646360576,0,-6,-3,588.1356201171875
18,-0.12195121951219512,8.071589400060475e-05,0,-6,-3,588.1356201171875
19,-0.07317073170731703,0.00021426093007903546,0,-6,-3,588.1356201171875
20,-0.024390243902439046,8.192836685338989e-05,0,-6,-3,588.1356201171875
21,0.024390243902439046,6.140730874903966e-06,0,-6,-3,588.1356201171875
22,0.07317073170731714,1.0412050869490486e-05,0,-6,-3,588.1356201171875
23,0.12195121951219523,4.257478940417059e-05,0,-6,-3,588.1356201171875
24,0.17073170731707332,3.123646092717536e-05,0,-6,-3,588.1356201171875
25,0.2195121951219512,3.2187151077778253e-07,0,-6,-3,588.1356201171875
26,0.2682926829268293,2.182976641051937e-05,0,-6,-3,588.1356201171875
27,0.3170731707317074,5.741069253417663e-05,0,-6,-3,588.1356201171875
28,0.36585365853658547,6.98722305969568e-06,0,-6,-3,588.1356201171875
29,0.41463414634146356,8.395035365538206e-06,0,-6,-3,588.1356201171875
30,0.46341463414634143,2.0481194951571524e-05,0,-6,-3,588.1356201171875
31,0.5121951219512195,0.0,0,-6,-3,588.1356201171875
32,0.5609756097560976,0.0,0,-6,-3,588.1356201171875
33,0.6097560975609757,0.0,0,-6,-3,588.1356201171875
34,0.6585365853658538,0.0,0,-6,-3,588.1356201171875
35,0.7073170731707317,0.0,0,-6,-3,588.1356201171875
36,0.7560975609756098,0.0,0,-6,-3,588.1356201171875
37,0.8048780487804879,0.0,0,-6,-3,588.1356201171875
38,0.853658536585366,0.0,0,-6,-3,588.1356201171875
39,0.902439024390244,0.0,0,-6,-3,588.1356201171875
40,0.9512195121951219,0.0,0,-6,-3,588.1356201171875
41,1.0,0.0,0,-6,-3,588.1356201171875
0,-1.0,2.554120510467328e-05,0,-4,-2,588.1356201171875
1,-0.9512195121951219,7.206865575426491e-06,0,-4,-2,588.1356201171875
2,-0.9024390243902439,2.1907297195866704e-05,0,-4,-2,588.1356201171875
3,-0.8536585365853658,1.7153893168142531e-06,0,-4,-2,588.1356201171875
4,-0.8048780487804879,2.3722826881567016e-05,0,-4,-2,588.1356201171875
5,-0.7560975609756098,4.1221204583052895e-07,0,-4,-2,588.1356201171875
6,-0.7073170731707317,5.2653602324426174e-05,0,-4,-2,588.1356201171875
7,-0.6585365853658536,2.0115437564527383e-06,0,-4,-2,588.1356201171875
8,-0.6097560975609756,9.682832023827359e-05,0,-4,-2,588.1356201171875
9,-0.5609756097560976,2.007896728173364e-05,0,-4,-2,588.1356201171875
10,-0.5121951219512195,9.073042019736022e-05,0,-4,-2,588.1356201171875
11,-0.46341463414634143,1.8037479094346054e-05,0,-4,-2,588.1356201171875
12,-0.41463414634146334,0.0002124242455465719,0,-4,-2,588.1356201171875
13,-0.36585365853658536,5.171013981453143e-05,0,-4,-2,588.1356201171875
14,-0.31707317073170727,0.0001422038913005963,0,-4,-2,588.1356201171875
15,-0.2682926829268293,0.00015950974193401635,0,-4,-2,588.1356201171875
16,-0.2195121951219512,0.0003523252089507878,0,-4,-2,588.1356201171875
17,-0.1707317073170731,7.31794280000031e-05,0,-4,-2,588.1356201171875
18,-0.12195121951219512,0.0008614819380454719,0,-4,-2,588.1356201171875
19,-0.07317073170731703,0.0006100806640461087,0,-4,-2,588.1356201171875
20,-0.024390243902439046,0.007551140617579222,0,-4,-2,588.1356201171875
21,0.024390243902439046,0.040276914834976196,0,-4,-2,588.1356201171875
22,0.07317073170731714,0.04464920610189438,0,-4,-2,588.1356201171875
23,0.12195121951219523,0.009082729928195477,0,-4,-2,588.1356201171875
24,0.17073170731707332,0.0009501090971753001,0,-4,-2,588.1356201171875
25,0.2195121951219512,0.0020173857919871807,0,-4,-2,588.1356201171875
26,0.2682926829268293,5.370911821955815e-05,0,-4,-2,588.1356201171875
27,0.3170731707317074,0.00021327911235857755,0,-4,-2,588.1356201171875
28,0.36585365853658547,9.316310024587438e-05,0,-4,-2,588.1356201171875
29,0.41463414634146356,0.0003798187244683504,0,-4,-2,588.1356201171875
30,0.46341463414634143,9.212841541739181e-05,0,-4,-2,588.1356201171875
31,0.5121951219512195,8.098170656012371e-05,0,-4,-2,588.1356201171875
32,0.5609756097560976,1.5709234503447078e-05,0,-4,-2,588.1356201171875
33,0.6097560975609757,3.458439095993526e-05,0,-4,-2,588.1356201171875
34,0.6585365853658538,8.428444743913133e-06,0,-4,-2,588.1356201171875
35,0.7073170731707317,8.107430767267942e-05,0,-4,-2,588.1356201171875
36,0.7560975609756098,2.6937698294204893e-06,0,-4,-2,588.1356201171875
37,0.8048780487804879,5.583704114542343e-05,0,-4,-2,588.1356201171875
38,0.853658536585366,8.516461093677208e-06,0,-4,-2,588.1356201171875
39,0.902439024390244,2.6547240850050002e-05,0,-4,-2,588.1356201171875
40,0.9512195121951219,9.726905773277394e-06,0,-4,-2,588.1356201171875
41,1.0,2.0703149857581593e-05,0,-4,-2,588.1356201171875
0,-1.0,7.911345164757222e-06,0,-2,-1,588.1356201171875
1,-0.9512195121951219,9.67368614510633e-05,0,-2,-1,588.1356201171875
2,-0.9024390243902439,0.00022600019292440265,0,-2,-1,588.1356201171875
3,-0.8536585365853658,0.0001509609428467229,0,-2,-1,588.1356201171875
4,-0.8048780487804879,1.2368540410534479e-05,0,-2,-1,588.1356201171875
5,-0.7560975609756098,0.0001147566144936718,0,-2,-1,588.1356201171875
6,-0.7073170731707317,0.00029572751373052597,0,-2,-1,588.1356201171875
7,-0.6585365853658536,0.0004018566687591374,0,-2,-1,588.1356201171875
8,-0.6097560975609756,0.00013753330858889967,0,-2,-1,588.1356201171875
9,-0.5609756097560976,0.00016635564679745585,0,-2,-1,588.1356201171875
10,-0.5121951219512195,0.0004981239908374846,0,-2,-1,588.1356201171875
11,-0.46341463414634143,0.0003003362799063325,0,-2,-1,588.1356201171875
12,-0.41463414634146334,4.328984141466208e-05,0,-2,-1,588.1356201171875
13,-0.36585365853658536,7.63484786148183e-05,0,-2,-1,588.1356201171875
14,-0.31707317073170727,0.0007480320055037737,0,-2,-1,588.1356201171875
15,-0.2682926829268293,0.0012135665165260434,0,-2,-1,588.1356201171875
16,-0.2195121951219512,0.0002318404003744945,0,-2,-1,588.1356201171875
17,-0.1707317073170731,0.0001485418906668201,0,-2,-1,588.1356201171875
18,-0.12195121951219512,0.001152321812696755,0,-2,-1,588.1356201171875
19,-0.07317073170731703,0.0017815162427723408,0,-2,-1,588.1356201171875
20,-0.024390243902439046,0.0009136939188465476,0,-2,-1,588.1356201171875
21,0.024390243902439046,4.0202732634497806e-05,0,-2,-1,588.1356201171875
22,0.07317073170731714,0.0025995117612183094,0,-2,-1,588.1356201171875
23,0.12195121951219523,0.005361020099371672,0,-2,-1,588.1356201171875
24,0.17073170731707332,0.0035688390489667654,0,-2,-1,588.1356201171875
25,0.2195121951219512,3.09818351524882e-05,0,-2,-1,588.1356201171875
26,0.2682926829268293,0.008396394550800323,0,-2,-1,588.1356201171875
27,0.3170731707317074,0.04079495370388031,0,-2,-1,588.1356201171875
28,0.36585365853658547,0.0853462740778923,0,-2,-1,588.1356201171875
29,0.41463414634146356,0.10260038077831268,0,-2,-1,588.1356201171875
30,0.46341463414634143,0.08865589648485184,0,-2,-1,588.1356201171875
31,0.5121951219512195,0.05598971247673035,0,-2,-1,588.1356201171875
32,0.5609756097560976,0.017751416191458702,0,-2,-1,588.1356201171875
33,0.6097560975609757,0.0007506132242269814,0,-2,-1,588.1356201171875
34,0.6585365853658538,0.002846640534698963,0,-2,-1,588.1356201171875
35,0.7073170731707317,0.005623840261250734,0,-2,-1,588.1356201171875
36,0.7560975609756098,0.0044259908609092236,0,-2,-1,588.1356201171875
37,0.8048780487804879,0.0005677838926203549,0,-2,-1,588.1356201171875
38,0.853658536585366,0.00036770314909517765,0,-2,-1,588.1356201171875
39,0.902439024390244,0.0020943856798112392,0,-2,-1,588.1356201171875
40,0.9512195121951219,0.0020339838229119778,0,-2,-1,588.1356201171875
41,1.0,0.0006025566253811121,0,-2,-1,588.1356201171875
0,-1.0,0.002296596299856901,0,3,1,588.1356201171875
1,-0.9512195121951219,0.024010304361581802,0,3,1,588.1356201171875
2,-0.9024390243902439,0.01232853252440691,0,3,1,588.1356201171875
3,-0.8536585365853658,0.020045913755893707,0,3,1,588.1356201171875
4,-0.8048780487804879,0.22837792336940765,0,3,1,588.1356201171875
5,-0.7560975609756098,0.4612555503845215,0,3,1,588.1356201171875
6,-0.7073170731707317,0.3696690499782562,0,3,1,588.1356201171875
7,-0.6585365853658536,0.09442220628261566,0,3,1,588.1356201171875
8,-0.6097560975609756,0.00017454828775953501,0,3,1,588.1356201171875
9,-0.5609756097560976,0.022568441927433014,0,3,1,588.1356201171875
10,-0.5121951219512195,0.010772045701742172,0,3,1,588.1356201171875
11,-0.46341463414634143,0.0004354776756372303,0,3,1,588.1356201171875
12,-0.41463414634146334,0.010005071759223938,0,3,1,588.1356201171875
13,-0.36585365853658536,0.003329325234517455,0,3,1,588.1356201171875
14,-0.31707317073170727,0.0010187511797994375,0,3,1,588.1356201171875
15,-0.2682926829268293,0.004190067760646343,0,3,1,588.1356201171875
16,-0.2195121951219512,0.0014019007794559002,0,3,1,588.1356201171875
17,-0.1707317073170731,0.0004060164210386574,0,3,1,588.1356201171875
18,-0.12195121951219512,0.0026226851623505354,0,3,1,588.1356201171875
19,-0.07317073170731703,0.00042106900946237147,0,3,1,588.1356201171875
20,-0.024390243902439046,0.0007659171242266893,0,3,1,588.1356201171875
21,0.024390243902439046,0.0011690246174111962,0,3,1,588.1356201171875
22,0.07317073170731714,8.891957259038463e-05,0,3,1,588.1356201171875
23,0.12195121951219523,0.000854160578455776,0,3,1,588.1356201171875
24,0.17073170731707332,0.00047324091428890824,0,3,1,588.1356201171875
25,0.2195121951219512,0.0002956861862912774,0,3,1,588.1356201171875
26,0.2682926829268293,0.0009780906839296222,0,3,1,588.1356201171875
27,0.3170731707317074,0.00021358989761210978,0,3,1,588.1356201171875
28,0.36585365853658547,0.00012824016448576003,0,3,1,588.1356201171875
29,0.41463414634146356,0.0010277803521603346,0,3,1,588.1356201171875
30,0.46341463414634143,0.0002946575405076146,0,3,1,588.1356201171875
31,0.5121951219512195,0.0002481434785295278,0,3,1,588.1356201171875
32,0.5609756097560976,0.0008952069911174476,0,3,1,588.1356201171875
33,0.6097560975609757,0.00010257943358737975,0,3,1,588.1356201171875
34,0.6585365853658538,0.00030202080961316824,0,3,1,588.1356201171875
35,0.7073170731707317,0.0005079989787191153,0,3,1,588.1356201171875
36,0.7560975609756098,2.4037412913457956e-06,0,3,1,588.1356201171875
37,0.8048780487804879,0.00046178585034795105,0,3,1,588.1356201171875
38,0.853658536585366,0.0004405961080919951,0,3,1,588.1356201171875
39,0.902439024390244,0.0,0,3,1,588.1356201171875
40,0.9512195121951219,0.0,0,3,1,588.1356201171875
41,1.0,0.0,0,3,1,588.1356201171875
0,-1.0,0.0,0,5,2,588.1356201171875
1,-0.9512195121951219,0.0,0,5,2,588.1356201171875
2,-0.9024390243902439,0.0,0,5,2,588.1356201171875
3,-0.8536585365853658,0.0,0,5,2,588.1356201171875
4,-0.8048780487804879,0.0,0,5,2,588.1356201171875
5,-0.7560975609756098,0.0,0,5,2,588.1356201171875
6,-0.7073170731707317,0.0,0,5,2,588.1356201171875
7,-0.6585365853658536,0.0,0,5,2,588.1356201171875
8,-0.6097560975609756,0.0,0,5,2,588.1356201171875
9,-0.5609756097560976,0.0,0,5,2,588.1356201171875
10,-0.5121951219512195,0.0,0,5,2,588.1356201171875
11,-0.46341463414634143,7.09638641183119e-07,0,5,2,588.1356201171875
12,-0.41463414634146334,1.3387497119765612e-06,0,5,2,588.1356201171875
13,-0.36585365853658536,4.2733384475468483e-07,0,5,2,588.1356201171875
14,-0.31707317073170727,3.2205969091592124e-06,0,5,2,588.1356201171875
15,-0.2682926829268293,1.192757110857201e-07,0,5,2,588.1356201171875
16,-0.2195121951219512,5.073381430520385e-07,0,5,2,588.1356201171875
17,-0.1707317073170731,6.386722816387191e-06,0,5,2,588.1356201171875
18,-0.12195121951219512,3.0731609967915574e-06,0,5,2,588.1356201171875
19,-0.07317073170731703,2.8858764835604234e-06,0,5,2,588.1356201171875
20,-0.024390243902439046,7.934288441902027e-05,0,5,2,588.1356201171875
21,0.024390243902439046,5.849592344020493e-05,0,5,2,588.1356201171875
22,0.07317073170731714,3.3414107747375965e-05,0,5,2,588.1356201171875
23,0.12195121951219523,2.0909053546347423e-06,0,5,2,588.1356201171875
24,0.17073170731707332,1.5538756997557357e-05,0,5,2,588.1356201171875
25,0.2195121951219512,7.296969852177426e-05,0,5,2,588.1356201171875
26,0.2682926829268293,0.00022248005552683026,0,5,2,588.1356201171875
27,0.3170731707317074,0.00013029367255512625,0,5,2,588.1356201171875
28,0.36585365853658547,0.0002502968709450215,0,5,2,588.1356201171875
29,0.41463414634146356,0.0011559192789718509,0,5,2,588.1356201171875
30,0.46341463414634143,0.0023266051430255175,0,5,2,588.1356201171875
31,0.5121951219512195,0.00019171155872754753,0,5,2,588.1356201171875
32,0.5609756097560976,0.00020563729049172252,0,5,2,588.1356201171875
33,0.6097560975609757,7.3224327934440225e-06,0,5,2,588.1356201171875
34,0.6585365853658538,0.0001195669174194336,0,5,2,588.1356201171875
35,0.7073170731707317,2.3144086298998445e-05,0,5,2,588.1356201171875
36,0.7560975609756098,2.471935840731021e-05,0,5,2,588.1356201171875
37,0.8048780487804879,3.846382969641127e-05,0,5,2,588.1356201171875
38,0.853658536585366,4.258647095412016e-06,0,5,2,588.1356201171875
39,0.902439024390244,1.740707375574857e-05,0,5,2,588.1356201171875
40,0.9512195121951219,3.71866804016463e-07,0,5,2,588.1356201171875
41,1.0,9.919119293044787e-06,0,5,2,588.1356201171875
0,-1.0,2.10421626434254e-06,0,6,2,588.1356201171875
1,-0.9512195121951219,8.371584954147693e-06,0,6,2,588.1356201171875
2,-0.9024390243902439,2.8154229312349344e-06,0,6,2,588.1356201171875
3,-0.8536585365853658,5.337130005500512e-06,0,6,2,588.1356201171875
4,-0.8048780487804879,7.689707854297012e-05,0,6,2,588.1356201171875
5,-0.7560975609756098,0.00013367109932005405,0,6,2,588.1356201171875
6,-0.7073170731707317,0.0001432687568012625,0,6,2,588.1356201171875
7,-0.6585365853658536,2.1402356651378796e-05,0,6,2,588.1356201171875
8,-0.6097560975609756,3.329018227304914e-06,0,6,2,588.1356201171875
9,-0.5609756097560976,2.0250467059668154e-05,0,6,2,588.1356201171875
10,-0.5121951219512195,2.2832589365862077e-06,0,6,2,588.1356201171875
11,-0.46341463414634143,1.0541602023295127e-05,0,6,2,588.1356201171875
12,-0.41463414634146334,3.331656444061082e-06,0,6,2,588.1356201171875
13,-0.36585365853658536,1.5699497453169897e-06,0,6,2,588.1356201171875
14,-0.31707317073170727,6.28556590527296e-05,0,6,2,588.1356201171875
15,-0.2682926829268293,5.677117223967798e-05,0,6,2,588.1356201171875
16,-0.2195121951219512,0.0005170050426386297,0,6,2,588.1356201171875
17,-0.1707317073170731,4.0021255699684843e-05,0,6,2,588.1356201171875
18,-0.12195121951219512,4.0495506254956126e-05,0,6,2,588.1356201171875
19,-0.07317073170731703,3.419302743168373e-07,0,6,2,588.1356201171875
20,-0.024390243902439046,3.6961350247111113e-07,0,6,2,588.1356201171875
21,0.024390243902439046,5.640241852233885e-06,0,6,2,588.1356201171875
22,0.07317073170731714,5.05741184042563e-07,0,6,2,588.1356201171875
23,0.12195121951219523,1.1315906704112422e-05,0,6,2,588.1356201171875
24,0.17073170731707332,1.0474685723238508e-06,0,6,2,588.1356201171875
25,0.2195121951219512,3.918083166354336e-06,0,6,2,588.1356201171875
26,0.2682926829268293,0.00017221723101101816,0,6,2,588.1356201171875
27,0.3170731707317074,0.00017568431212566793,0,6,2,588.1356201171875
28,0.36585365853658547,0.00016085266543086618,0,6,2,588.1356201171875
29,0.41463414634146356,1.1846977031382266e-05,0,6,2,588.1356201171875
30,0.46341463414634143,6.665779437753372e-06,0,6,2,588.1356201171875
31,0.5121951219512195,1.1017913493560627e-05,0,6,2,588.1356201171875
32,0.5609756097560976,1.3511537417798536e-06,0,6,2,588.1356201171875
33,0.6097560975609757,0.0,0,6,2,588.1356201171875
34,0.6585365853658538,0.0,0,6,2,588.1356201171875
35,0.7073170731707317,0.0,0,6,2,588.1356201171875
36,0.7560975609756098,0.0,0,6,2,588.1356201171875
37,0.8048780487804879,0.0,0,6,2,588.1356201171875
38,0.853658536585366,0.0,0,6,2,588.1356201171875
39,0.902439024390244,0.0,0,6,2,588.1356201171875
40,0.9512195121951219,0.0,0,6,2,588.1356201171875
41,1.0,0.0,0,6,2,588.1356201171875
0,-1.0,1.636928391235415e-05,0,7,2,588.1356201171875
1,-0.9512195121951219,1.1690519386320375e-05,0,7,2,588.1356201171875
2,-0.9024390243902439,1.162254557129927e-05,0,7,2,588.1356201171875
3,-0.8536585365853658,2.1010826458223164e-05,0,7,2,588.1356201171875
4,-0.8048780487804879,1.1026191714336164e-05,0,7,2,588.1356201171875
5,-0.7560975609756098,0.00012710533337667584,0,7,2,588.1356201171875
6,-0.7073170731707317,0.00047801839536987245,0,7,2,588.1356201171875
7,-0.6585365853658536,0.0026839328929781914,0,7,2,588.1356201171875
8,-0.6097560975609756,0.00024351116735488176,0,7,2,588.1356201171875
9,-0.5609756097560976,0.00026214015088044107,0,7,2,588.1356201171875
10,-0.5121951219512195,0.00010340048174839467,0,7,2,588.1356201171875
11,-0.46341463414634143,6.780930561944842e-05,0,7,2,588.1356201171875
12,-0.41463414634146334,1.2811407941626385e-05,0,7,2,588.1356201171875
13,-0.36585365853658536,7.189152711362112e-06,0,7,2,588.1356201171875
14,-0.31707317073170727,2.4400512756983517e-06,0,7,2,588.1356201171875
15,-0.2682926829268293,3.891523192578461e-06,0,7,2,588.1356201171875
16,-0.2195121951219512,5.488628289640474e-07,0,7,2,588.1356201171875
17,-0.1707317073170731,5.4869238041987956e-09,0,7,2,588.1356201171875
18,-0.12195121951219512,3.0686842933391745e-07,0,7,2,588.1356201171875
19,-0.07317073170731703,1.632196102718808e-07,0,7,2,588.1356201171875
20,-0.024390243902439046,2.9439883064696915e-07,0,7,2,588.1356201171875
21,0.024390243902439046,6.238390426460683e-08,0,7,2,588.1356201171875
22,0.07317073170731714,0.0,0,7,2,588.1356201171875
23,0.12195121951219523,0.0,0,7,2,588.1356201171875
24,0.17073170731707332,0.0,0,7,2,588.1356201171875
25,0.2195121951219512,0.0,0,7,2,588.1356201171875
26,0.2682926829268293,0.0,0,7,2,588.1356201171875
27,0.3170731707317074,0.0,0,7,2,588.1356201171875
28,0.36585365853658547,0.0,0,7,2,588.1356201171875
29,0.41463414634146356,0.0,0,7,2,588.1356201171875
30,0.46341463414634143,0.0,0,7,2,588.1356201171875
31,0.5121951219512195,0.0,0,7,2,588.1356201171875
32,0.5609756097560976,0.0,0,7,2,588.1356201171875
33,0.6097560975609757,0.0,0,7,2,588.1356201171875
34,0.6585365853658538,0.0,0,7,2,588.1356201171875
35,0.7073170731707317,0.0,0,7,2,588.1356201171875
36,0.7560975609756098,0.0,0,7,2,588.1356201171875
37,0.8048780487804879,0.0,0,7,2,588.1356201171875
38,0.853658536585366,0.0,0,7,2,588.1356201171875
39,0.902439024390244,0.0,0,7,2,588.1356201171875
40,0.9512195121951219,0.0,0,7,2,588.1356201171875
41,1.0,0.0,0,7,2,588.1356201171875
0,-1.0,7.583433034596965e-05,0,8,2,588.1356201171875
1,-0.9512195121951219,0.0007327570347115397,0,8,2,588.1356201171875
2,-0.9024390243902439,1.1651153499769862e-06,0,8,2,588.1356201171875
3,-0.8536585365853658,6.145215252217895e-07,0,8,2,588.1356201171875
4,-0.8048780487804879,1.5480809452128597e-05,0,8,2,588.1356201171875
5,-0.7560975609756098,3.6664930576080224e-06,0,8,2,588.1356201171875
6,-0.7073170731707317,2.5023916805366753e-06,0,8,2,588.1356201171875
7,-0.6585365853658536,3.4680028875300195e-06,0,8,2,588.1356201171875
8,-0.6097560975609756,9.271276439903886e-07,0,8,2,588.1356201171875
9,-0.5609756097560976,2.1607049802696565e-06,0,8,2,588.1356201171875
10,-0.5121951219512195,1.4956851828173967e-06,0,8,2,588.1356201171875
11,-0.46341463414634143,5.76563479626202e-07,0,8,2,588.1356201171875
12,-0.41463414634146334,7.737868941148918e-07,0,8,2,588.1356201171875
13,-0.36585365853658536,3.76386765310599e-07,0,8,2,588.1356201171875
14,-0.31707317073170727,0.0,0,8,2,588.1356201171875
15,-0.2682926829268293,0.0,0,8,2,588.1356201171875
16,-0.2195121951219512,0.0,0,8,2,588.1356201171875
17,-0.1707317073170731,0.0,0,8,2,588.1356201171875
18,-0.12195121951219512,0.0,0,8,2,588.1356201171875
19,-0.07317073170731703,0.0,0,8,2,588.1356201171875
20,-0.024390243902439046,0.0,0,8,2,588.1356201171875
21,0.024390243902439046,0.0,0,8,2,588.1356201171875
22,0.07317073170731714,0.0,0,8,2,588.1356201171875
23,0.12195121951219523,0.0,0,8,2,588.1356201171875
24,0.17073170731707332,0.0,0,8,2,588.1356201171875
25,0.2195121951219512,0.0,0,8,2,588.1356201171875
26,0.2682926829268293,0.0,0,8,2,588.1356201171875
27,0.3170731707317074,0.0,0,8,2,588.1356201171875
28,0.36585365853658547,0.0,0,8,2,588.1356201171875
29,0.41463414634146356,0.0,0,8,2,588.1356201171875
30,0.46341463414634143,0.0,0,8,2,588.1356201171875
31,0.5121951219512195,0.0,0,8,2,588.1356201171875
32,0.5609756097560976,0.0,0,8,2,588.1356201171875
33,0.6097560975609757,0.0,0,8,2,588.1356201171875
34,0.6585365853658538,0.0,0,8,2,588.1356201171875
35,0.7073170731707317,0.0,0,8,2,588.1356201171875
36,0.7560975609756098,0.0,0,8,2,588.1356201171875
37,0.8048780487804879,0.0,0,8,2,588.1356201171875
38,0.853658536585366,0.0,0,8,2,588.1356201171875
39,0.902439024390244,0.0,0,8,2,588.1356201171875
40,0.9512195121951219,0.0,0,8,2,588.1356201171875
41,1.0,0.0,0,8,2,588.1356201171875
0,-1.0,0.0,0,8,3,588.1356201171875
1,-0.9512195121951219,0.0,0,8,3,588.1356201171875
2,-0.9024390243902439,0.0,0,8,3,588.1356201171875
3,-0.8536585365853658,0.0,0,8,3,588.1356201171875
4,-0.8048780487804879,0.0,0,8,3,588.1356201171875
5,-0.7560975609756098,0.0,0,8,3,588.1356201171875
6,-0.7073170731707317,0.0,0,8,3,588.1356201171875
7,-0.6585365853658536,0.0,0,8,3,588.1356201171875
8,-0.6097560975609756,0.0,0,8,3,588.1356201171875
9,-0.5609756097560976,0.0,0,8,3,588.1356201171875
10,-0.5121951219512195,0.0,0,8,3,588.1356201171875
11,-0.46341463414634143,0.0,0,8,3,588.1356201171875
12,-0.41463414634146334,0.0,0,8,3,588.1356201171875
13,-0.36585365853658536,0.0,0,8,3,588.1356201171875
14,-0.31707317073170727,0.0,0,8,3,588.1356201171875
15,-0.2682926829268293,0.0,0,8,3,588.1356201171875
16,-0.2195121951219512,0.0,0,8,3,588.1356201171875
17,-0.1707317073170731,0.0,0,8,3,588.1356201171875
18,-0.12195121951219512,0.0,0,8,3,588.1356201171875
19,-0.07317073170731703,0.0,0,8,3,588.1356201171875
20,-0.024390243902439046,0.0,0,8,3,588.1356201171875
21,0.024390243902439046,0.0,0,8,3,588.1356201171875
22,0.07317073170731714,2.7982488859379373e-07,0,8,3,588.1356201171875
23,0.12195121951219523,2.928956064351951e-07,0,8,3,588.1356201171875
24,0.17073170731707332,1.3553422206769028e-07,0,8,3,588.1356201171875
25,0.2195121951219512,4.856853479395795e-07,0,8,3,588.1356201171875
26,0.2682926829268293,9.90851731330622e-07,0,8,3,588.1356201171875
27,0.3170731707317074,5.22908692346391e-07,0,8,3,588.1356201171875
28,0.36585365853658547,1.4737242963747121e-06,0,8,3,588.1356201171875
29,0.41463414634146356,7.1838971962279174e-06,0,8,3,588.1356201171875
30,0.46341463414634143,4.708092546934495e-06,0,8,3,588.1356201171875
31,0.5121951219512195,2.0993702491978183e-06,0,8,3,588.1356201171875
32,0.5609756097560976,3.053395175811602e-06,0,8,3,588.1356201171875
33,0.6097560975609757,1.7754817918103072e-06,0,8,3,588.1356201171875
34,0.6585365853658538,2.25796702579828e-06,0,8,3,588.1356201171875
35,0.7073170731707317,1.391572709508182e-06,0,8,3,588.1356201171875
36,0.7560975609756098,2.5200233721989207e-07,0,8,3,588.1356201171875
37,0.8048780487804879,4.4448324842960574e-07,0,8,3,588.1356201171875
38,0.853658536585366,1.012774418995832e-06,0,8,3,588.1356201171875
39,0.902439024390244,1.1092106433352455e-06,0,8,3,588.1356201171875
40,0.9512195121951219,1.5473707435376127e-06,0,8,3,588.1356201171875
41,1.0,1.9079573121416615e-06,0,8,3,588.1356201171875
0,-1.0,0.0,0,9,3,588.1356201171875
1,-0.9512195121951219,0.0,0,9,3,588.1356201171875
2,-0.9024390243902439,0.0,0,9,3,588.1356201171875
3,-0.8536585365853658,0.0,0,9,3,588.1356201171875
4,-0.8048780487804879,0.0,0,9,3,588.1356201171875
5,-0.7560975609756098,0.0,0,9,3,588.1356201171875
6,-0.7073170731707317,0.0,0,9,3,588.1356201171875
7,-0.6585365853658536,0.0,0,9,3,588.1356201171875
8,-0.6097560975609756,0.0,0,9,3,588.1356201171875
9,-0.5609756097560976,0.0,0,9,3,588.1356201171875
10,-0.5121951219512195,0.0,0,9,3,588.1356201171875
11,-0.46341463414634143,0.0,0,9,3,588.1356201171875
12,-0.41463414634146334,0.0,0,9,3,588.1356201171875
13,-0.36585365853658536,0.0,0,9,3,588.1356201171875
14,-0.31707317073170727,0.0,0,9,3,588.1356201171875
15,-0.2682926829268293,0.0,0,9,3,588.1356201171875
16,-0.2195121951219512,6.623972126362787e-08,0,9,3,588.1356201171875
17,-0.1707317073170731,8.605877788170346e-09,0,9,3,588.1356201171875
18,-0.12195121951219512,6.403464425375205e-08,0,9,3,588.1356201171875
19,-0.07317073170731703,1.730121965692888e-07,0,9,3,588.1356201171875
20,-0.024390243902439046,3.892549500505993e-07,0,9,3,588.1356201171875
21,0.024390243902439046,1.4599785345126293e-06,0,9,3,588.1356201171875
22,0.07317073170731714,7.292653663171222e-07,0,9,3,588.1356201171875
23,0.12195121951219523,4.0028547232395795e-07,0,9,3,588.1356201171875
24,0.17073170731707332,3.5203395327698672e-06,0,9,3,588.1356201171875
25,0.2195121951219512,3.240646947233472e-06,0,9,3,588.1356201171875
26,0.2682926829268293,1.8337665096623823e-05,0,9,3,588.1356201171875
27,0.3170731707317074,7.028039544820786e-05,0,9,3,588.1356201171875
28,0.36585365853658547,2.3701317331870086e-05,0,9,3,588.1356201171875
29,0.41463414634146356,6.518499731100746e-07,0,9,3,588.1356201171875
30,0.46341463414634143,8.352746476703032e-07,0,9,3,588.1356201171875
31,0.5121951219512195,2.335104056783166e-07,0,9,3,588.1356201171875
32,0.5609756097560976,4.602991907631804e-07,0,9,3,588.1356201171875
33,0.6097560975609757,5.7002797149152684e-08,0,9,3,588.1356201171875
34,0.6585365853658538,8.0809286373551e-08,0,9,3,588.1356201171875
35,0.7073170731707317,5.699837402062258e-08,0,9,3,588.1356201171875
36,0.7560975609756098,2.5529504910082323e-07,0,9,3,588.1356201171875
37,0.8048780487804879,3.435339976931573e-07,0,9,3,588.1356201171875
38,0.853658536585366,0.0,0,9,3,588.1356201171875
39,0.902439024390244,0.0,0,9,3,588.1356201171875
40,0.9512195121951219,0.0,0,9,3,588.1356201171875
41,1.0,0.0,0,9,3,588.1356201171875
0,-1.0,3.8733679730285075e-07,1,-8,-8,588.1356201171875
1,-0.9512195121951219,1.1148039220643113e-06,1,-8,-8,588.1356201171875
2,-0.9024390243902439,7.668380135328334e-07,1,-8,-8,588.1356201171875
3,-0.8536585365853658,1.1921338227693923e-06,1,-8,-8,588.1356201171875
4,-0.8048780487804879,3.0017636163393036e-06,1,-8,-8,588.1356201171875
5,-0.7560975609756098,2.549693363107508e-06,1,-8,-8,588.1356201171875
6,-0.7073170731707317,3.424891929171281e-06,1,-8,-8,588.1356201171875
7,-0.6585365853658536,8.054366276155633e-07,1,-8,-8,588.1356201171875
8,-0.6097560975609756,4.4324204395707056e-07,1,-8,-8,588.1356201171875
9,-0.5609756097560976,1.3775577656360838e-07,1,-8,-8,588.1356201171875
10,-0.5121951219512195,8.602641514698917e-07,1,-8,-8,588.1356201171875
11,-0.46341463414634143,2.8845463475590805e-06,1,-8,-8,588.1356201171875
12,-0.41463414634146334,0.00025263201678171754,1,-8,-8,588.1356201171875
13,-0.36585365853658536,5.132106707605999e-06,1,-8,-8,588.1356201171875
14,-0.31707317073170727,6.503291388071375e-06,1,-8,-8,588.1356201171875
15,-0.2682926829268293,1.1675391760945786e-05,1,-8,-8,588.1356201171875
16,-0.2195121951219512,6.7334108280192595e-06,1,-8,-8,588.1356201171875
17,-0.1707317073170731,1.5409896150231361e-06,1,-8,-8,588.1356201171875
18,-0.12195121951219512,1.201885652335477e-06,1,-8,-8,588.1356201171875
19,-0.07317073170731703,9.499462976236828e-07,1,-8,-8,588.1356201171875
20,-0.024390243902439046,4.2622986029527965e-07,1,-8,-8,588.1356201171875
21,0.024390243902439046,5.74654734464275e-07,1,-8,-8,588.1356201171875
22,0.07317073170731714,4.1679820128592837e-07,1,-8,-8,588.1356201171875
23,0.12195121951219523,4.96097641189408e-07,1,-8,-8,588.1356201171875
24,0.17073170731707332,1.434562193480815e-07,1,-8,-8,588.1356201171875
25,0.2195121951219512,0.0,1,-8,-8,588.1356201171875
26,0.2682926829268293,0.0,1,-8,-8,588.1356201171875
27,0.3170731707317074,0.0,1,-8,-8,588.1356201171875
28,0.36585365853658547,0.0,1,-8,-8,588.1356201171875
29,0.41463414634146356,0.0,1,-8,-8,588.1356201171875
30,0.46341463414634143,0.0,1,-8,-8,588.1356201171875
31,0.5121951219512195,0.0,1,-8,-8,588.1356201171875
32,0.5609756097560976,0.0,1,-8,-8,588.1356201171875
33,0.6097560975609757,0.0,1,-8,-8,588.1356201171875
34,0.6585365853658538,0.0,1,-8,-8,588.1356201171875
35,0.7073170731707317,0.0,1,-8,-8,588.1356201171875
36,0.7560975609756098,0.0,1,-8,-8,588.1356201171875
37,0.8048780487804879,0.0,1,-8,-8,588.1356201171875
38,0.853658536585366,0.0,1,-8,-8,588.1356201171875
39,0.902439024390244,0.0,1,-8,-8,588.1356201171875
40,0.9512195121951219,0.0,1,-8,-8,588.1356201171875
41,1.0,0.0,1,-8,-8,588.1356201171875
0,-1.0,0.0,1,-7,-8,588.1356201171875
1,-0.9512195121951219,0.0,1,-7,-8,588.1356201171875
2,-0.9024390243902439,0.0,1,-7,-8,588.1356201171875
3,-0.8536585365853658,0.0,1,-7,-8,588.1356201171875
4,-0.8048780487804879,0.0,1,-7,-8,588.1356201171875
5,-0.7560975609756098,0.0,1,-7,-8,588.1356201171875
6,-0.7073170731707317,0.0,1,-7,-8,588.1356201171875
7,-0.6585365853658536,0.0,1,-7,-8,588.1356201171875
8,-0.6097560975609756,0.0,1,-7,-8,588.1356201171875
9,-0.5609756097560976,0.0,1,-7,-8,588.1356201171875
10,-0.5121951219512195,0.0,1,-7,-8,588.1356201171875
11,-0.46341463414634143,0.0,1,-7,-8,588.1356201171875
12,-0.41463414634146334,0.0,1,-7,-8,588.1356201171875
13,-0.36585365853658536,0.0,1,-7,-8,588.1356201171875
14,-0.31707317073170727,0.0,1,-7,-8,588.1356201171875
15,-0.2682926829268293,0.0,1,-7,-8,588.1356201171875
16,-0.2195121951219512,0.0,1,-7,-8,588.1356201171875
17,-0.1707317073170731,0.0,1,-7,-8,588.1356201171875
18,-0.12195121951219512,0.0,1,-7,-8,588.1356201171875
19,-0.07317073170731703,0.0,1,-7,-8,588.1356201171875
20,-0.024390243902439046,3.543675859418727e-07,1,-7,-8,588.1356201171875
21,0.024390243902439046,1.8482326140656369e-06,1,-7,-8,588.1356201171875
22,0.07317073170731714,1.800303721211094e-06,1,-7,-8,588.1356201171875
23,0.12195121951219523,2.36022651733947e-06,1,-7,-8,588.1356201171875
24,0.17073170731707332,7.849593544051459e-07,1,-7,-8,588.1356201171875
25,0.2195121951219512,1.1013839866791386e-06,1,-7,-8,588.1356201171875
26,0.2682926829268293,5.15035435455502e-06,1,-7,-8,588.1356201171875
27,0.3170731707317074,8.174854883691296e-06,1,-7,-8,588.1356201171875
28,0.36585365853658547,1.9551050627342192e-06,1,-7,-8,588.1356201171875
29,0.41463414634146356,2.951808937723399e-06,1,-7,-8,588.1356201171875
30,0.46341463414634143,1.0852879483991273e-07,1,-7,-8,588.1356201171875
31,0.5121951219512195,4.202968995059564e-08,1,-7,-8,588.1356201171875
32,0.5609756097560976,1.594121386006009e-05,1,-7,-8,588.1356201171875
33,0.6097560975609757,0.00028433362604118884,1,-7,-8,588.1356201171875
34,0.6585365853658538,0.00026308855740353465,1,-7,-8,588.1356201171875
35,0.7073170731707317,1.4472611837845761e-05,1,-7,-8,588.1356201171875
36,0.7560975609756098,2.1533214749069884e-06,1,-7,-8,588.1356201171875
37,0.8048780487804879,2.81771895060956e-06,1,-7,-8,588.1356201171875
38,0.853658536585366,3.941012437280733e-06,1,-7,-8,588.1356201171875
39,0.902439024390244,3.992021902377019e-06,1,-7,-8,588.1356201171875
40,0.9512195121951219,7.765369446133263e-06,1,-7,-8,588.1356201171875
41,1.0,7.395806278509554e-07,1,-7,-8,588.1356201171875
0,-1.0,0.00011772864672821015,1,-7,-7,588.1356201171875
1,-0.9512195121951219,0.0003299292002338916,1,-7,-7,588.1356201171875
2,-0.9024390243902439,0.00038292608223855495,1,-7,-7,588.1356201171875
3,-0.8536585365853658,6.325454160105437e-05,1,-7,-7,588.1356201171875
4,-0.8048780487804879,7.938237104099244e-06,1,-7,-7,588.1356201171875
5,-0.7560975609756098,1.959904011528124e-06,1,-7,-7,588.1356201171875
6,-0.7073170731707317,1.1760242841774016e-06,1,-7,-7,588.1356201171875
7,-0.6585365853658536,3.0008161502337316e-06,1,-7,-7,588.1356201171875
8,-0.6097560975609756,1.0127293990080943e-06,1,-7,-7,588.1356201171875
9,-0.5609756097560976,9.896579058477073e-07,1,-7,-7,588.1356201171875
10,-0.5121951219512195,1.1990836412678618e-07,1,-7,-7,588.1356201171875
11,-0.46341463414634143,7.262346457537205e-07,1,-7,-7,588.1356201171875
12,-0.41463414634146334,1.2708463827948435e-06,1,-7,-7,588.1356201171875
13,-0.36585365853658536,1.4124501035439607e-07,1,-7,-7,588.1356201171875
14,-0.31707317073170727,7.810790521034505e-06,1,-7,-7,588.1356201171875
15,-0.2682926829268293,3.0699536068823363e-07,1,-7,-7,588.1356201171875
16,-0.2195121951219512,0.0,1,-7,-7,588.1356201171875
17,-0.1707317073170731,0.0,1,-7,-7,588.1356201171875
18,-0.12195121951219512,0.0,1,-7,-7,588.1356201171875
19,-0.07317073170731703,0.0,1,-7,-7,588.1356201171875
20,-0.024390243902439046,0.0,1,-7,-7,588.1356201171875
21,0.024390243902439046,0.0,1,-7,-7,588.1356201171875
22,0.07317073170731714,0.0,1,-7,-7,588.1356201171875
23,0.12195121951219523,0.0,1,-7,-7,588.1356201171875
24,0.17073170731707332,0.0,1,-7,-7,588.1356201171875
25,0.2195121951219512,0.0,1,-7,-7,588.1356201171875
26,0.2682926829268293,0.0,1,-7,-7,588.1356201171875
27,0.3170731707317074,0.0,1,-7,-7,588.1356201171875
28,0.36585365853658547,0.0,1,-7,-7,588.1356201171875
29,0.41463414634146356,0.0,1,-7,-7,588.1356201171875
30,0.46341463414634143,0.0,1,-7,-7,588.1356201171875
31,0.5121951219512195,0.0,1,-7,-7,588.1356201171875
32,0.5609756097560976,0.0,1,-7,-7,588.1356201171875
33,0.6097560975609757,0.0,1,-7,-7,588.1356201171875
34,0.6585365853658538,0.0,1,-7,-7,588.1356201171875
35,0.7073170731707317,0.0,1,-7,-7,588.1356201171875
36,0.7560975609756098,0.0,1,-7,-7,588.1356201171875
37,0.8048780487804879,0.0,1,-7,-7,588.1356201171875
38,0.853658536585366,0.0,1,-7,-7,588.1356201171875
39,0.902439024390244,0.0,1,-7,-7,588.1356201171875
40,0.9512195121951219,0.0,1,-7,-7,588.1356201171875
41,1.0,0.0,1,-7,-7,588.1356201171875
0,-1.0,0.0,1,-6,-7,588.1356201171875
1,-0.9512195121951219,0.0,1,-6,-7,588.1356201171875
2,-0.9024390243902439,0.0,1,-6,-7,588.1356201171875
3,-0.8536585365853658,0.0,1,-6,-7,588.1356201171875
4,-0.8048780487804879,0.0,1,-6,-7,588.1356201171875
5,-0.7560975609756098,0.0,1,-6,-7,588.1356201171875
6,-0.7073170731707317,0.0,1,-6,-7,588.1356201171875
7,-0.6585365853658536,2.97167929375064e-07,1,-6,-7,588.1356201171875
8,-0.6097560975609756,2.5441458717523346e-08,1,-6,-7,588.1356201171875
9,-0.5609756097560976,1.0164350214836304e-06,1,-6,-7,588.1356201171875
10,-0.5121951219512195,2.592623332020594e-06,1,-6,-7,588.1356201171875
11,-0.46341463414634143,3.399593879294116e-06,1,-6,-7,588.1356201171875
12,-0.41463414634146334,3.7202519820311863e-07,1,-6,-7,588.1356201171875
13,-0.36585365853658536,9.51416382122261e-07,1,-6,-7,588.1356201171875
14,-0.31707317073170727,1.9856111066474114e-06,1,-6,-7,588.1356201171875
15,-0.2682926829268293,1.035370587487705e-06,1,-6,-7,588.1356201171875
16,-0.2195121951219512,4.33784452980035e-06,1,-6,-7,588.1356201171875
17,-0.1707317073170731,5.699952794202545e-07,1,-6,-7,588.1356201171875
18,-0.12195121951219512,2.4856756226654397e-06,1,-6,-7,588.1356201171875
19,-0.07317073170731703,2.7766654966399074e-06,1,-6,-7,588.1356201171875
20,-0.024390243902439046,3.915810339094605e-06,1,-6,-7,588.1356201171875
21,0.024390243902439046,0.00011385819379938766,1,-6,-7,588.1356201171875
22,0.07317073170731714,5.316505485097878e-05,1,-6,-7,588.1356201171875
23,0.12195121951219523,0.00043032504618167877,1,-6,-7,588.1356201171875
24,0.17073170731707332,0.0002728650870267302,1,-6,-7,588.1356201171875
25,0.2195121951219512,4.3971624108962715e-05,1,-6,-7,588.1356201171875
26,0.2682926829268293,8.954162331065163e-05,1,-6,-7,588.1356201171875
27,0.3170731707317074,4.311490920372307e-05,1,-6,-7,588.1356201171875
28,0.36585365853658547,2.7294129267829703e-06,1,-6,-7,588.1356201171875
29,0.41463414634146356,1.1623550562944729e-05,1,-6,-7,588.1356201171875
30,0.46341463414634143,2.2265778909513756e-07,1,-6,-7,588.1356201171875
31,0.5121951219512195,3.859118180571386e-07,1,-6,-7,588.1356201171875
32,0.5609756097560976,2.4463224690407515e-07,1,-6,-7,588.1356201171875
33,0.6097560975609757,5.415510599959816e-07,1,-6,-7,588.1356201171875
34,0.6585365853658538,2.917395931945066e-06,1,-6,-7,588.1356201171875
35,0.7073170731707317,1.7577489188624895e-06,1,-6,-7,588.1356201171875
36,0.7560975609756098,3.1798872441868298e-06,1,-6,-7,588.1356201171875
37,0.8048780487804879,4.878735921920452e-07,1,-6,-7,588.1356201171875
38,0.853658536585366,3.202433447313524e-07,1,-6,-7,588.1356201171875
39,0.902439024390244,3.824188254952787e-08,1,-6,-7,588.1356201171875
40,0.9512195121951219,3.4909987789433217e-07,1,-6,-7,588.1356201171875
41,1.0,0.0,1,-6,-7,588.1356201171875
0,-1.0,7.304267455765512e-06,1,-5,-6,588.1356201171875
1,-0.9512195121951219,1.4810530046815984e-05,1,-5,-6,588.1356201171875
2,-0.9024390243902439,0.00010415325232315809,1,-5,-6,588.1356201171875
3,-0.8536585365853658,3.513380215736106e-05,1,-5,-6,588.1356201171875
4,-0.8048780487804879,0.00011790903226938099,1,-5,-6,588.1356201171875
5,-0.7560975609756098,3.8312999095069245e-05,1,-5,-6,588.1356201171875
6,-0.7073170731707317,0.00013826711801812053,1,-5,-6,588.1356201171875
7,-0.6585365853658536,0.0005520152044482529,1,-5,-6,588.1356201171875
8,-0.6097560975609756,0.00011361971701262519,1,-5,-6,588.1356201171875
9,-0.5609756097560976,0.00019051200069952756,1,-5,-6,588.1356201171875
10,-0.5121951219512195,0.00010542195377638564,1,-5,-6,588.1356201171875
11,-0.46341463414634143,8.823967618809547e-06,1,-5,-6,588.1356201171875
12,-0.41463414634146334,1.5870004972384777e-06,1,-5,-6,588.1356201171875
13,-0.36585365853658536,2.1269283024594188e-05,1,-5,-6,588.1356201171875
14,-0.31707317073170727,2.5065792215173133e-06,1,-5,-6,588.1356201171875
15,-0.2682926829268293,1.2213463378429879e-05,1,-5,-6,588.1356201171875
16,-0.2195121951219512,1.5431069186888635e-06,1,-5,-6,588.1356201171875
17,-0.1707317073170731,5.7810784710454755e-06,1,-5,-6,588.1356201171875
18,-0.12195121951219512,5.951612251919869e-07,1,-5,-6,588.1356201171875
19,-0.07317073170731703,1.16851246900751e-07,1,-5,-6,588.1356201171875
20,-0.024390243902439046,3.568046338386921e-07,1,-5,-6,588.1356201171875
21,0.024390243902439046,6.271346592257032e-06,1,-5,-6,588.1356201171875
22,0.07317073170731714,8.381636689591687e-06,1,-5,-6,588.1356201171875
23,0.12195121951219523,3.8421242720687587e-07,1,-5,-6,588.1356201171875
24,0.17073170731707332,1.934751026055892e-06,1,-5,-6,588.1356201171875
25,0.2195121951219512,6.986129506003635e-07,1,-5,-6,588.1356201171875
26,0.2682926829268293,1.7371888816342107e-08,1,-5,-6,588.1356201171875
27,0.3170731707317074,3.43298393090663e-06,1,-5,-6,588.1356201171875
28,0.36585365853658547,0.0,1,-5,-6,588.1356201171875
29,0.41463414634146356,0.0,1,-5,-6,588.1356201171875
30,0.46341463414634143,0.0,1,-5,-6,588.1356201171875
31,0.5121951219512195,0.0,1,-5,-6,588.1356201171875
32,0.5609756097560976,0.0,1,-5,-6,588.1356201171875
33,0.6097560975609757,0.0,1,-5,-6,588.1356201171875
34,0.6585365853658538,0.0,1,-5,-6,588.1356201171875
35,0.7073170731707317,0.0,1,-5,-6,588.1356201171875
36,0.7560975609756098,0.0,1,-5,-6,588.1356201171875
37,0.8048780487804879,0.0,1,-5,-6,588.1356201171875
38,0.853658536585366,0.0,1,-5,-6,588.1356201171875
39,0.902439024390244,0.0,1,-5,-6,588.1356201171875
40,0.9512195121951219,0.0,1,-5,-6,588.1356201171875
41,1.0,0.0,1,-5,-6,588.1356201171875
0,-1.0,0.0,1,-4,-6,588.1356201171875
1,-0.9512195121951219,0.0,1,-4,-6,588.1356201171875
2,-0.9024390243902439,0.0,1,-4,-6,588.1356201171875
3,-0.8536585365853658,0.0,1,-4,-6,588.1356201171875
4,-0.8048780487804879,0.0,1,-4,-6,588.1356201171875
5,-0.7560975609756098,0.0,1,-4,-6,588.1356201171875
6,-0.7073170731707317,0.0,1,-4,-6,588.1356201171875
7,-0.6585365853658536,0.0,1,-4,-6,588.1356201171875
8,-0.6097560975609756,0.0,1,-4,-6,588.1356201171875
9,-0.5609756097560976,0.0,1,-4,-6,588.1356201171875
10,-0.5121951219512195,0.0,1,-4,-6,588.1356201171875
11,-0.46341463414634143,0.0,1,-4,-6,588.1356201171875
12,-0.41463414634146334,0.0,1,-4,-6,588.1356201171875
13,-0.36585365853658536,0.0,1,-4,-6,588.1356201171875
14,-0.31707317073170727,2.9597091270261444e-05,1,-4,-6,588.1356201171875
15,-0.2682926829268293,1.4082520465308335e-06,1,-4,-6,588.1356201171875
16,-0.2195121951219512,6.7195646806794684e-06,1,-4,-6,588.1356201171875
17,-0.1707317073170731,1.5001476185716456e-06,1,-4,-6,588.1356201171875
18,-0.12195121951219512,9.783335372048896e-06,1,-4,-6,588.1356201171875
19,-0.07317073170731703,7.261494374688482e-06,1,-4,-6,588.1356201171875
20,-0.024390243902439046,2.8922986530233175e-06,1,-4,-6,588.1356201171875
21,0.024390243902439046,5.04283161717467e-06,1,-4,-6,588.1356201171875
22,0.07317073170731714,9.991143087972887e-06,1,-4,-6,588.1356201171875
23,0.12195121951219523,1.7563688743393868e-05,1,-4,-6,588.1356201171875
24,0.17073170731707332,7.47928334021708e-06,1,-4,-6,588.1356201171875
25,0.2195121951219512,7.948747224872932e-06,1,-4,-6,588.1356201171875
26,0.2682926829268293,8.67505787027767e-06,1,-4,-6,588.1356201171875
27,0.3170731707317074,3.469407238299027e-05,1,-4,-6,588.1356201171875
28,0.36585365853658547,3.4487969969632104e-05,1,-4,-6,588.1356201171875
29,0.41463414634146356,5.679567038896494e-07,1,-4,-6,588.1356201171875
30,0.46341463414634143,1.1551011084520724e-05,1,-4,-6,588.1356201171875
31,0.5121951219512195,2.8357195333228447e-05,1,-4,-6,588.1356201171875
32,0.5609756097560976,4.6355053200386465e-05,1,-4,-6,588.1356201171875
33,0.6097560975609757,1.8625121811055578e-05,1,-4,-6,588.1356201171875
34,0.6585365853658538,7.962644303916022e-05,1,-4,-6,588.1356201171875
35,0.7073170731707317,3.8464946555905044e-05,1,-4,-6,588.1356201171875
36,0.7560975609756098,0.0002741352654993534,1,-4,-6,588.1356201171875
37,0.8048780487804879,4.9256541387876496e-06,1,-4,-6,588.1356201171875
38,0.853658536585366,0.0010512430453673005,1,-4,-6,588.1356201171875
39,0.902439024390244,0.0031029502861201763,1,-4,-6,588.1356201171875
40,0.9512195121951219,0.002159578027203679,1,-4,-6,588.1356201171875
41,1.0,0.00013374983973335475,1,-4,-6,588.1356201171875
0,-1.0,0.00046238076174631715,1,-3,-5,588.1356201171875
1,-0.9512195121951219,9.362143828184344e-06,1,-3,-5,588.1356201171875
2,-0.9024390243902439,0.0005522160790860653,1,-3,-5,588.1356201171875
3,-0.8536585365853658,0.000507298216689378,1,-3,-5,588.1356201171875
4,-0.8048780487804879,4.967492259311257e-06,1,-3,-5,588.1356201171875
5,-0.7560975609756098,0.0010615973733365536,1,-3,-5,588.1356201171875
6,-0.7073170731707317,0.0011733155697584152,1,-3,-5,588.1356201171875
7,-0.6585365853658536,0.0011352328583598137,1,-3,-5,588.1356201171875
8,-0.6097560975609756,0.003402707865461707,1,-3,-5,588.1356201171875
9,-0.5609756097560976,0.026249421760439873,1,-3,-5,588.1356201171875
10,-0.5121951219512195,0.04111071676015854,1,-3,-5,588.1356201171875
11,-0.46341463414634143,0.03011159412562847,1,-3,-5,588.1356201171875
12,-0.41463414634146334,0.007804159540683031,1,-3,-5,588.1356201171875
13,-0.36585365853658536,5.953017534920946e-05,1,-3,-5,588.1356201171875
14,-0.31707317073170727,0.0033414140343666077,1,-3,-5,588.1356201171875
15,-0.2682926829268293,0.0020724493078887463,1,-3,-5,588.1356201171875
16,-0.2195121951219512,0.00019350308866705745,1,-3,-5,588.1356201171875
17,-0.1707317073170731,0.0005047825980000198,1,-3,-5,588.1356201171875
18,-0.12195121951219512,0.00042678325553424656,1,-3,-5,588.1356201171875
19,-0.07317073170731703,7.146559073589742e-05,1,-3,-5,588.1356201171875
20,-0.024390243902439046,0.00023650182993151248,1,-3,-5,588.1356201171875
21,0.024390243902439046,0.0001702383888186887,1,-3,-5,588.1356201171875
22,0.07317073170731714,1.0416943950986024e-05,1,-3,-5,588.1356201171875
23,0.12195121951219523,0.00014157027180772275,1,-3,-5,588.1356201171875
24,0.17073170731707332,0.00013569793372880667,1,-3,-5,588.1356201171875
25,0.2195121951219512,5.477648301166482e-06,1,-3,-5,588.1356201171875
26,0.2682926829268293,8.278944733319804e-05,1,-3,-5,588.1356201171875
27,0.3170731707317074,9.130430407822132e-05,1,-3,-5,588.1356201171875
28,0.36585365853658547,1.2649206837522797e-05,1,-3,-5,588.1356201171875
29,0.41463414634146356,7.219557301141322e-05,1,-3,-5,588.1356201171875
30,0.46341463414634143,5.111912832944654e-05,1,-3,-5,588.1356201171875
31,0.5121951219512195,1.2997003977943677e-05,1,-3,-5,588.1356201171875
32,0.5609756097560976,9.65785002335906e-05,1,-3,-5,588.1356201171875
33,0.6097560975609757,9.373752982355654e-05,1,-3,-5,588.1356201171875
34,0.6585365853658538,1.0035872719527106e-06,1,-3,-5,588.1356201171875
35,0.7073170731707317,5.868068910785951e-05,1,-3,-5,588.1356201171875
36,0.7560975609756098,5.180539665161632e-05,1,-3,-5,588.1356201171875
37,0.8048780487804879,2.421150384179782e-06,1,-3,-5,588.1356201171875
38,0.853658536585366,2.7008205506717786e-05,1,-3,-5,588.1356201171875
39,0.902439024390244,3.984979775850661e-05,1,-3,-5,588.1356201171875
40,0.9512195121951219,6.605498583667213e-06,1,-3,-5,588.1356201171875
41,1.0,3.700454908539541e-05,1,-3,-5,588.1356201171875
0,-1.0,0.0,1,4,-2,588.1356201171875
1,-0.9512195121951219,0.0,1,4,-2,588.1356201171875
2,-0.9024390243902439,0.0,1,4,-2,588.1356201171875
3,-0.8536585365853658,2.6746991352410987e-05,1,4,-2,588.1356201171875
4,-0.8048780487804879,2.4566531919845147e-06,1,4,-2,588.1356201171875
5,-0.7560975609756098,1.7790043784771115e-05,1,4,-2,588.1356201171875
6,-0.7073170731707317,4.6018158172955737e-05,1,4,-2,588.1356201171875
7,-0.6585365853658536,3.6680496123153716e-05,1,4,-2,588.1356201171875
8,-0.6097560975609756,6.781174306524917e-07,1,4,-2,588.1356201171875
9,-0.5609756097560976,2.3798667825758457e-05,1,4,-2,588.1356201171875
10,-0.5121951219512195,2.7767814572143834e-06,1,4,-2,588.1356201171875
11,-0.46341463414634143,1.7525151633890346e-05,1,4,-2,588.1356201171875
12,-0.41463414634146334,4.8029709432739764e-05,1,4,-2,588.1356201171875
13,-0.36585365853658536,4.803589035873301e-06,1,4,-2,588.1356201171875
14,-0.31707317073170727,3.2847688999027014e-05,1,4,-2,588.1356201171875
15,-0.2682926829268293,7.384296623058617e-06,1,4,-2,588.1356201171875
16,-0.2195121951219512,7.313433161471039e-05,1,4,-2,588.1356201171875
17,-0.1707317073170731,2.707987187022809e-05,1,4,-2,588.1356201171875
18,-0.12195121951219512,7.413063576677814e-05,1,4,-2,588.1356201171875
19,-0.07317073170731703,3.8675821997458115e-05,1,4,-2,588.1356201171875
20,-0.024390243902439046,0.0001747033529682085,1,4,-2,588.1356201171875
21,0.024390243902439046,0.00011976953828707337,1,4,-2,588.1356201171875
22,0.07317073170731714,0.0005000430974178016,1,4,-2,588.1356201171875
23,0.12195121951219523,0.00028492967248894274,1,4,-2,588.1356201171875
24,0.17073170731707332,0.0024663442745804787,1,4,-2,588.1356201171875
25,0.2195121951219512,0.013721064664423466,1,4,-2,588.1356201171875
26,0.2682926829268293,0.010113961063325405,1,4,-2,588.1356201171875
27,0.3170731707317074,0.0005451476899906993,1,4,-2,588.1356201171875
28,0.36585365853658547,0.0007098990026861429,1,4,-2,588.1356201171875
29,0.41463414634146356,5.561292346101254e-05,1,4,-2,588.1356201171875
30,0.46341463414634143,0.00022611241729464382,1,4,-2,588.1356201171875
31,0.5121951219512195,1.6996375052258372e-05,1,4,-2,588.1356201171875
32,0.5609756097560976,0.00012009526108158752,1,4,-2,588.1356201171875
33,0.6097560975609757,1.561769204272423e-05,1,4,-2,588.1356201171875
34,0.6585365853658538,6.441355071729049e-05,1,4,-2,588.1356201171875
35,0.7073170731707317,1.5128912309592124e-05,1,4,-2,588.1356201171875
36,0.7560975609756098,5.147450428921729e-05,1,4,-2,588.1356201171875
37,0.8048780487804879,1.7686388673610054e-05,1,4,-2,588.1356201171875
38,0.853658536585366,1.7924447092809714e-05,1,4,-2,588.1356201171875
39,0.902439024390244,1.484663243900286e-06,1,4,-2,588.1356201171875
40,0.9512195121951219,4.360833918326534e-05,1,4,-2,588.1356201171875
41,1.0,7.301674031623406e-06,1,4,-2,588.1356201171875
0,-1.0,7.739825377939269e-05,1,5,-2,588.1356201171875
1,-0.9512195121951219,8.765597158344463e-06,1,5,-2,588.1356201171875
2,-0.9024390243902439,1.3597371435025707e-05,1,5,-2,588.1356201171875
3,-0.8536585365853658,2.8531112548080273e-06,1,5,-2,588.1356201171875
4,-0.8048780487804879,8.415575575781986e-05,1,5,-2,588.1356201171875
5,-0.7560975609756098,0.00046916285646148026,1,5,-2,588.1356201171875
6,-0.7073170731707317,0.0005697907181456685,1,5,-2,588.1356201171875
7,-0.6585365853658536,0.0003241657395847142,1,5,-2,588.1356201171875
8,-0.6097560975609756,1.0289943020325154e-05,1,5,-2,588.1356201171875
9,-0.5609756097560976,0.004232318606227636,1,5,-2,588.1356201171875
10,-0.5121951219512195,0.005168381612747908,1,5,-2,588.1356201171875
11,-0.46341463414634143,0.00016971942386589944,1,5,-2,588.1356201171875
12,-0.41463414634146334,0.0001790043170331046,1,5,-2,588.1356201171875
13,-0.36585365853658536,0.00020544315339066088,1,5,-2,588.1356201171875
14,-0.31707317073170727,0.00039324062527157366,1,5,-2,588.1356201171875
15,-0.2682926829268293,0.00034768934710882604,1,5,-2,588.1356201171875
16,-0.2195121951219512,5.055216752225533e-05,1,5,-2,588.1356201171875
17,-0.1707317073170731,0.00024509645299986005,1,5,-2,588.1356201171875
18,-0.12195121951219512,0.00018348460434935987,1,5,-2,588.1356201171875
19,-0.07317073170731703,0.00011880776582984254,1,5,-2,588.1356201171875
20,-0.024390243902439046,1.3348409311220166e-06,1,5,-2,588.1356201171875
21,0.024390243902439046,2.3323813366005197e-05,1,5,-2,588.1356201171875
22,0.07317073170731714,3.020026269950904e-05,1,5,-2,588.1356201171875
23,0.12195121951219523,1.5887450217633159e-06,1,5,-2,588.1356201171875
24,0.17073170731707332,8.621888810012024e-06,1,5,-2,588.1356201171875
25,0.2195121951219512,7.5192861004325096e-06,1,5,-2,588.1356201171875
26,0.2682926829268293,8.152851194154209e-08,1,5,-2,588.1356201171875
27,0.3170731707317074,2.2762753815186443e-06,1,5,-2,588.1356201171875
28,0.36585365853658547,2.358585561523796e-06,1,5,-2,588.1356201171875
29,0.41463414634146356,0.0,1,5,-2,588.1356201171875
30,0.46341463414634143,0.0,1,5,-2,588.1356201171875
31,0.5121951219512195,0.0,1,5,-2,588.1356201171875
32,0.5609756097560976,0.0,1,5,-2,588.1356201171875
33,0.6097560975609757,0.0,1,5,-2,588.1356201171875
34,0.6585365853658538,0.0,1,5,-2,588.1356201171875
35,0.7073170731707317,0.0,1,5,-2,588.1356201171875
36,0.7560975609756098,0.0,1,5,-2,588.1356201171875
37,0.8048780487804879,0.0,1,5,-2,588.1356201171875
38,0.853658536585366,0.0,1,5,-2,588.1356201171875
39,0.902439024390244,0.0,1,5,-2,588.1356201171875
40,0.9512195121951219,0.0,1,5,-2,588.1356201171875
41,1.0,0.0,1,5,-2,588.1356201171875
0,-1.0,0.0,1,6,-1,588.1356201171875
1,-0.9512195121951219,0.0,1,6,-1,588.1356201171875
2,-0.9024390243902439,0.0,1,6,-1,588.1356201171875
3,-0.8536585365853658,0.0,1,6,-1,588.1356201171875
4,-0.8048780487804879,0.0,1,6,-1,588.1356201171875
5,-0.7560975609756098,0.0,1,6,-1,588.1356201171875
6,-0.7073170731707317,0.0,1,6,-1,588.1356201171875
7,-0.6585365853658536,0.0,1,6,-1,588.1356201171875
8,-0.6097560975609756,0.0,1,6,-1,588.1356201171875
9,-0.5609756097560976,0.0,1,6,-1,588.1356201171875
10,-0.5121951219512195,0.0,1,6,-1,588.1356201171875
11,-0.46341463414634143,0.0,1,6,-1,588.1356201171875
12,-0.41463414634146334,0.0,1,6,-1,588.1356201171875
13,-0.36585365853658536,0.0,1,6,-1,588.1356201171875
14,-0.31707317073170727,0.0,1,6,-1,588.1356201171875
15,-0.2682926829268293,0.0,1,6,-1,588.1356201171875
16,-0.2195121951219512,0.0,1,6,-1,588.1356201171875
17,-0.1707317073170731,0.0,1,6,-1,588.1356201171875
18,-0.12195121951219512,0.0,1,6,-1,588.1356201171875
19,-0.07317073170731703,0.0,1,6,-1,588.1356201171875
20,-0.024390243902439046,0.0,1,6,-1,588.1356201171875
21,0.024390243902439046,0.0,1,6,-1,588.1356201171875
22,0.07317073170731714,0.0,1,6,-1,588.1356201171875
23,0.12195121951219523,0.0,1,6,-1,588.1356201171875
24,0.17073170731707332,1.0608821412461111e-06,1,6,-1,588.1356201171875
25,0.2195121951219512,6.826428943895735e-06,1,6,-1,588.1356201171875
26,0.2682926829268293,1.0830154678842518e-05,1,6,-1,588.1356201171875
27,0.3170731707317074,1.4472935617959592e-05,1,6,-1,588.1356201171875
28,0.36585365853658547,1.3223616406321526e-06,1,6,-1,588.1356201171875
29,0.41463414634146356,2.645629592734622e-06,1,6,-1,588.1356201171875
30,0.46341463414634143,5.151389814272989e-06,1,6,-1,588.1356201171875
31,0.5121951219512195,2.304289182575303e-06,1,6,-1,588.1356201171875
32,0.5609756097560976,3.0842143132758792e-06,1,6,-1,588.1356201171875
33,0.6097560975609757,5.674864382854139e-07,1,6,-1,588.1356201171875
34,0.6585365853658538,1.1349977285135537e-05,1,6,-1,588.1356201171875
35,0.7073170731707317,2.5288118195021525e-05,1,6,-1,588.1356201171875
36,0.7560975609756098,9.274467629438732e-06,1,6,-1,588.1356201171875
37,0.8048780487804879,3.5796423617284745e-05,1,6,-1,588.1356201171875
38,0.853658536585366,4.854217331740074e-05,1,6,-1,588.1356201171875
39,0.902439024390244,0.0003944538184441626,1,6,-1,588.1356201171875
40,0.9512195121951219,0.0016422735061496496,1,6,-1,588.1356201171875
41,1.0,1.561728640808724e-05,1,6,-1,588.1356201171875
0,-1.0,0.0,1,7,-1,588.1356201171875
1,-0.9512195121951219,0.0,1,7,-1,588.1356201171875
2,-0.9024390243902439,0.0,1,7,-1,588.1356201171875
3,-0.8536585365853658,0.0,1,7,-1,588.1356201171875
4,-0.8048780487804879,0.0,1,7,-1,588.1356201171875
5,-0.7560975609756098,0.0,1,7,-1,588.1356201171875
6,-0.7073170731707317,0.0,1,7,-1,588.1356201171875
7,-0.6585365853658536,0.0,1,7,-1,588.1356201171875
8,-0.6097560975609756,0.0,1,7,-1,588.1356201171875
9,-0.5609756097560976,0.0,1,7,-1,588.1356201171875
10,-0.5121951219512195,0.0,1,7,-1,588.1356201171875
11,-0.46341463414634143,0.0,1,7,-1,588.1356201171875
12,-0.41463414634146334,0.0,1,7,-1,588.1356201171875
13,-0.36585365853658536,0.0,1,7,-1,588.1356201171875
14,-0.31707317073170727,0.0,1,7,-1,588.1356201171875
15,-0.2682926829268293,1.3361437822823063e-06,1,7,-1,588.1356201171875
16,-0.2195121951219512,1.2937546216562623e-06,1,7,-1,588.1356201171875
17,-0.1707317073170731,1.3745517435381771e-06,1,7,-1,588.1356201171875
18,-0.12195121951219512,4.2506613340265176e-07,1,7,-1,588.1356201171875
19,-0.07317073170731703,9.965746272655451e-08,1,7,-1,588.1356201171875
20,-0.024390243902439046,1.1704577218552004e-06,1,7,-1,588.1356201171875
21,0.024390243902439046,3.076604286889051e-07,1,7,-1,588.1356201171875
22,0.07317073170731714,1.8169319446315058e-05,1,7,-1,588.1356201171875
23,0.12195121951219523,5.3197500164969824e-06,1,7,-1,588.1356201171875
24,0.17073170731707332,6.118824785517063e-06,1,7,-1,588.1356201171875
25,0.2195121951219512,5.0297356210649014e-05,1,7,-1,588.1356201171875
26,0.2682926829268293,1.4612653103540652e-05,1,7,-1,588.1356201171875
27,0.3170731707317074,2.2885617454448948e-06,1,7,-1,588.1356201171875
28,0.36585365853658547,0.00031319024856202304,1,7,-1,588.1356201171875
29,0.41463414634146356,0.00017510414181742817,1,7,-1,588.1356201171875
30,0.46341463414634143,6.166606181068346e-05,1,7,-1,588.1356201171875
31,0.5121951219512195,5.061676233708567e-07,1,7,-1,588.1356201171875
32,0.5609756097560976,3.661311711766757e-05,1,7,-1,588.1356201171875
33,0.6097560975609757,1.4113159522821661e-05,1,7,-1,588.1356201171875
34,0.6585365853658538,2.3041827716951957e-06,1,7,-1,588.1356201171875
35,0.7073170731707317,2.879594148907927e-06,1,7,-1,588.1356201171875
36,0.7560975609756098,4.411793270264752e-06,1,7,-1,588.1356201171875
37,0.8048780487804879,4.313606950745452e-06,1,7,-1,588.1356201171875
38,0.853658536585366,1.1784934486058773e-06,1,7,-1,588.1356201171875
39,0.902439024390244,1.3523646202884265e-06,1,7,-1,588.1356201171875
40,0.9512195121951219,5.462719627757906e-07,1,7,-1,588.1356201171875
41,1.0,2.1058151560282568e-06,1,7,-1,588.1356201171875
0,-1.0,0.0,1,8,-1,588.1356201171875
1,-0.9512195121951219,0.0,1,8,-1,588.1356201171875
2,-0.9024390243902439,0.0,1,8,-1,588.1356201171875
3,-0.8536585365853658,0.0,1,8,-1,588.1356201171875
4,-0.8048780487804879,0.0,1,8,-1,588.1356201171875
5,-0.7560975609756098,0.0,1,8,-1,588.1356201171875
6,-0.7073170731707317,0.0,1,8,-1,588.1356201171875
7,-0.6585365853658536,0.0,1,8,-1,588.1356201171875
8,-0.6097560975609756,0.0,1,8,-1,588.1356201171875
9,-0.5609756097560976,2.403898406555527e-06,1,8,-1,588.1356201171875
10,-0.5121951219512195,1.6117688801386976e-06,1,8,-1,588.1356201171875
11,-0.46341463414634143,1.0557154155321768e-06,1,8,-1,588.1356201171875
12,-0.41463414634146334,1.585377503943164e-06,1,8,-1,588.1356201171875
13,-0.36585365853658536,9.125950555244344e-07,1,8,-1,588.1356201171875
14,-0.31707317073170727,5.089353180665057e-06,1,8,-1,588.1356201171875
15,-0.2682926829268293,6.957010100450134e-06,1,8,-1,588.1356201171875
16,-0.2195121951219512,9.242263331543654e-06,1,8,-1,588.1356201171875
17,-0.1707317073170731,2.0015801055706106e-05,1,8,-1,588.1356201171875
18,-0.12195121951219512,5.156829138286412e-05,1,8,-1,588.1356201171875
19,-0.07317073170731703,0.00011096762318629771,1,8,-1,588.1356201171875
20,-0.024390243902439046,0.0013825066853314638,1,8,-1,588.1356201171875
21,0.024390243902439046,0.0009104358032345772,1,8,-1,588.1356201171875
22,0.07317073170731714,0.00013365304039325565,1,8,-1,588.1356201171875
23,0.12195121951219523,3.092971019214019e-05,1,8,-1,588.1356201171875
24,0.17073170731707332,2.9803237339365296e-05,1,8,-1,588.1356201171875
25,0.2195121951219512,1.3010879229113925e-05,1,8,-1,588.1356201171875
26,0.2682926829268293,8.159739991242532e-06,1,8,-1,588.1356201171875
27,0.3170731707317074,7.549396286776755e-06,1,8,-1,588.1356201171875
28,0.36585365853658547,4.285403065296123e-06,1,8,-1,588.1356201171875
29,0.41463414634146356,3.840539648081176e-06,1,8,-1,588.1356201171875
30,0.46341463414634143,5.048286311648553e-06,1,8,-1,588.1356201171875
31,0.5121951219512195,4.778144557349151e-06,1,8,-1,588.1356201171875
32,0.5609756097560976,3.202874495400465e-06,1,8,-1,588.1356201171875
33,0.6097560975609757,0.0,1,8,-1,588.1356201171875
34,0.6585365853658538,0.0,1,8,-1,588.1356201171875
35,0.7073170731707317,0.0,1,8,-1,588.1356201171875
36,0.7560975609756098,0.0,1,8,-1,588.1356201171875
37,0.8048780487804879,0.0,1,8,-1,588.1356201171875
38,0.853658536585366,0.0,1,8,-1,588.1356201171875
39,0.902439024390244,0.0,1,8,-1,588.1356201171875
40,0.9512195121951219,0.0,1,8,-1,588.1356201171875
41,1.0,0.0,1,8,-1,588.1356201171875
0,-1.0,0.0,1,9,-1,588.1356201171875
1,-0.9512195121951219,0.0,1,9,-1,588.1356201171875
2,-0.9024390243902439,0.0,1,9,-1,588.1356201171875
3,-0.8536585365853658,0.0,1,9,-1,588.1356201171875
4,-0.8048780487804879,0.0,1,9,-1,588.1356201171875
5,-0.7560975609756098,5.249826795505896e-09,1,9,-1,588.1356201171875
6,-0.7073170731707317,1.1270212496583554e-07,1,9,-1,588.1356201171875
7,-0.6585365853658536,1.3748990568274166e-07,1,9,-1,588.1356201171875
8,-0.6097560975609756,3.0851322208036436e-07,1,9,-1,588.1356201171875
9,-0.5609756097560976,1.8038767279904278e-07,1,9,-1,588.1356201171875
10,-0.5121951219512195,9.26167409431855e-09,1,9,-1,588.1356201171875
11,-0.46341463414634143,7.965567760948034e-08,1,9,-1,588.1356201171875
12,-0.41463414634146334,7.048130896691873e-07,1,9,-1,588.1356201171875
13,-0.36585365853658536,3.1046929507283494e-06,1,9,-1,588.1356201171875
14,-0.31707317073170727,3.3825830314526684e-07,1,9,-1,588.1356201171875
15,-0.2682926829268293,0.00015031523071229458,1,9,-1,588.1356201171875
16,-0.2195121951219512,4.377683126222109e-06,1,9,-1,588.1356201171875
17,-0.1707317073170731,6.292252692219336e-06,1,9,-1,588.1356201171875
18,-0.12195121951219512,6.145585871308867e-07,1,9,-1,588.1356201171875
19,-0.07317073170731703,4.322524489452917e-07,1,9,-1,588.1356201171875
20,-0.024390243902439046,1.267697939510981e-06,1,9,-1,588.1356201171875
21,0.024390243902439046,4.889641786576249e-06,1,9,-1,588.1356201171875
22,0.07317073170731714,2.597984121166519e-06,1,9,-1,588.1356201171875
23,0.12195121951219523,1.9172892962160404e-07,1,9,-1,588.1356201171875
24,0.17073170731707332,2.3635011814349127e-07,1,9,-1,588.1356201171875
25,0.2195121951219512,2.8713158073401246e-08,1,9,-1,588.1356201171875
26,0.2682926829268293,0.0,1,9,-1,588.1356201171875
27,0.3170731707317074,0.0,1,9,-1,588.1356201171875
28,0.36585365853658547,0.0,1,9,-1,588.1356201171875
29,0.41463414634146356,0.0,1,9,-1,588.1356201171875
30,0.46341463414634143,0.0,1,9,-1,588.1356201171875
31,0.5121951219512195,0.0,1,9,-1,588.1356201171875
32,0.5609756097560976,0.0,1,9,-1,588.1356201171875
33,0.6097560975609757,0.0,1,9,-1,588.1356201171875
34,0.6585365853658538,0.0,1,9,-1,588.1356201171875
35,0.7073170731707317,0.0,1,9,-1,588.1356201171875
36,0.7560975609756098,0.0,1,9,-1,588.1356201171875
37,0.8048780487804879,0.0,1,9,-1,588.1356201171875
38,0.853658536585366,0.0,1,9,-1,588.1356201171875
39,0.902439024390244,0.0,1,9,-1,588.1356201171875
40,0.9512195121951219,0.0,1,9,-1,588.1356201171875
41,1.0,0.0,1,9,-1,588.1356201171875
0,-1.0,1.3540125110012013e-05,2,-5,-10,588.1356201171875
1,-0.9512195121951219,6.73306203680113e-05,2,-5,-10,588.1356201171875
2,-0.9024390243902439,5.779222789215055e-08,2,-5,-10,588.1356201171875
3,-0.8536585365853658,0.0003599018673412502,2,-5,-10,588.1356201171875
4,-0.8048780487804879,1.291120770474663e-05,2,-5,-10,588.1356201171875
5,-0.7560975609756098,0.0023587550967931747,2,-5,-10,588.1356201171875
6,-0.7073170731707317,0.0033632086124271154,2,-5,-10,588.1356201171875
7,-0.6585365853658536,0.0006339270039461553,2,-5,-10,588.1356201171875
8,-0.6097560975609756,0.00021414028014987707,2,-5,-10,588.1356201171875
9,-0.5609756097560976,0.00013483389921020716,2,-5,-10,588.1356201171875
10,-0.5121951219512195,3.1169565772870556e-05,2,-5,-10,588.1356201171875
11,-0.46341463414634143,4.399184035719372e-06,2,-5,-10,588.1356201171875
12,-0.41463414634146334,6.000108260195702e-05,2,-5,-10,588.1356201171875
13,-0.36585365853658536,2.6009743692156917e-07,2,-5,-10,588.1356201171875
14,-0.31707317073170727,2.999302523676306e-05,2,-5,-10,588.1356201171875
15,-0.2682926829268293,7.868667125876527e-06,2,-5,-10,588.1356201171875
16,-0.2195121951219512,1.7234127881238237e-05,2,-5,-10,588.1356201171875
17,-0.1707317073170731,9.654983841755893e-06,2,-5,-10,588.1356201171875
18,-0.12195121951219512,6.588092674064683e-06,2,-5,-10,588.1356201171875
19,-0.07317073170731703,5.574558599619195e-06,2,-5,-10,588.1356201171875
20,-0.024390243902439046,1.8632584897204651e-06,2,-5,-10,588.1356201171875
21,0.024390243902439046,4.7703924792585894e-06,2,-5,-10,588.1356201171875
22,0.07317073170731714,3.095738421166061e-08,2,-5,-10,588.1356201171875
23,0.12195121951219523,6.0714160099450964e-06,2,-5,-10,588.1356201171875
24,0.17073170731707332,4.0659762134964694e-07,2,-5,-10,588.1356201171875
25,0.2195121951219512,3.48165895047714e-06,2,-5,-10,588.1356201171875
26,0.2682926829268293,9.578664048603969e-07,2,-5,-10,588.1356201171875
27,0.3170731707317074,1.9060809108850663e-06,2,-5,-10,588.1356201171875
28,0.36585365853658547,0.0,2,-5,-10,588.1356201171875
29,0.41463414634146356,0.0,2,-5,-10,588.1356201171875
30,0.46341463414634143,0.0,2,-5,-10,588.1356201171875
31,0.5121951219512195,0.0,2,-5,-10,588.1356201171875
32,0.5609756097560976,0.0,2,-5,-10,588.1356201171875
33,0.6097560975609757,0.0,2,-5,-10,588.1356201171875
34,0.6585365853658538,0.0,2,-5,-10,588.1356201171875
35,0.7073170731707317,0.0,2,-5,-10,588.1356201171875
36,0.7560975609756098,0.0,2,-5,-10,588.1356201171875
37,0.8048780487804879,0.0,2,-5,-10,588.1356201171875
38,0.853658536585366,0.0,2,-5,-10,588.1356201171875
39,0.902439024390244,0.0,2,-5,-10,588.1356201171875
40,0.9512195121951219,0.0,2,-5,-10,588.1356201171875
41,1.0,0.0,2,-5,-10,588.1356201171875
0,-1.0,0.0,2,-4,-10,588.1356201171875
1,-0.9512195121951219,0.0,2,-4,-10,588.1356201171875
2,-0.9024390243902439,0.0,2,-4,-10,588.1356201171875
3,-0.8536585365853658,0.0,2,-4,-10,588.1356201171875
4,-0.8048780487804879,0.0,2,-4,-10,588.1356201171875
5,-0.7560975609756098,0.0,2,-4,-10,588.1356201171875
6,-0.7073170731707317,0.0,2,-4,-10,588.1356201171875
7,-0.6585365853658536,0.0,2,-4,-10,588.1356201171875
8,-0.6097560975609756,0.0,2,-4,-10,588.1356201171875
9,-0.5609756097560976,0.0,2,-4,-10,588.1356201171875
10,-0.5121951219512195,0.0,2,-4,-10,588.1356201171875
11,-0.46341463414634143,0.0,2,-4,-10,588.1356201171875
12,-0.41463414634146334,5.395461357693421e-06,2,-4,-10,588.1356201171875
13,-0.36585365853658536,1.3569747352448758e-06,2,-4,-10,588.1356201171875
14,-0.31707317073170727,1.7359369621772203e-06,2,-4,-10,588.1356201171875
15,-0.2682926829268293,1.867737637439859e-06,2,-4,-10,588.1356201171875
16,-0.2195121951219512,5.137230232321599e-07,2,-4,-10,588.1356201171875
17,-0.1707317073170731,3.1683657653047703e-06,2,-4,-10,588.1356201171875
18,-0.12195121951219512,1.1623995987974922e-08,2,-4,-10,588.1356201171875
19,-0.07317073170731703,3.500997081573587e-06,2,-4,-10,588.1356201171875
20,-0.024390243902439046,4.545642795505955e-08,2,-4,-10,588.1356201171875
21,0.024390243902439046,4.840770543523831e-06,2,-4,-10,588.1356201171875
22,0.07317073170731714,3.016229129571002e-06,2,-4,-10,588.1356201171875
23,0.12195121951219523,2.221773684141226e-06,2,-4,-10,588.1356201171875
24,0.17073170731707332,2.507806584617356e-06,2,-4,-10,588.1356201171875
25,0.2195121951219512,1.133589194068918e-06,2,-4,-10,588.1356201171875
26,0.2682926829268293,7.503207143599866e-06,2,-4,-10,588.1356201171875
27,0.3170731707317074,1.0519919442231185e-06,2,-4,-10,588.1356201171875
28,0.36585365853658547,3.708324129547691e-06,2,-4,-10,588.1356201171875
29,0.41463414634146356,6.690780196549895e-07,2,-4,-10,588.1356201171875
30,0.46341463414634143,2.3112112103262916e-05,2,-4,-10,588.1356201171875
31,0.5121951219512195,1.4582431504095439e-05,2,-4,-10,588.1356201171875
32,0.5609756097560976,1.4286810255725868e-05,2,-4,-10,588.1356201171875
33,0.6097560975609757,5.104090814711526e-05,2,-4,-10,588.1356201171875
34,0.6585365853658538,5.038345534558175e-06,2,-4,-10,588.1356201171875
35,0.7073170731707317,0.00012766961299348623,2,-4,-10,588.1356201171875
36,0.7560975609756098,2.0210483853588812e-05,2,-4,-10,588.1356201171875
37,0.8048780487804879,0.000629585119895637,2,-4,-10,588.1356201171875
38,0.853658536585366,0.0028839539736509323,2,-4,-10,588.1356201171875
39,0.902439024390244,0.002973036840558052,2,-4,-10,588.1356201171875
40,0.9512195121951219,0.0006636607577092946,2,-4,-10,588.1356201171875
41,1.0,1.6608377336524427e-05,2,-4,-10,588.1356201171875
0,-1.0,1.5021811123006046e-05,2,-3,-9,588.1356201171875
1,-0.9512195121951219,1.2169335604994558e-05,2,-3,-9,588.1356201171875
2,-0.9024390243902439,1.7310276234638877e-06,2,-3,-9,588.1356201171875
3,-0.8536585365853658,4.20317974203499e-06,2,-3,-9,588.1356201171875
4,-0.8048780487804879,1.6444413631688803e-05,2,-3,-9,588.1356201171875
5,-0.7560975609756098,3.476566416793503e-05,2,-3,-9,588.1356201171875
6,-0.7073170731707317,5.8094832638744265e-05,2,-3,-9,588.1356201171875
7,-0.6585365853658536,2.529935591155663e-05,2,-3,-9,588.1356201171875
8,-0.6097560975609756,5.647526995744556e-05,2,-3,-9,588.1356201171875
9,-0.5609756097560976,5.2701223467011005e-05,2,-3,-9,588.1356201171875
10,-0.5121951219512195,0.00011515415098983794,2,-3,-9,588.1356201171875
11,-0.46341463414634143,0.00011077735689468682,2,-3,-9,588.1356201171875
12,-0.41463414634146334,5.416394924395718e-05,2,-3,-9,588.1356201171875
13,-0.36585365853658536,2.2417711079469882e-05,2,-3,-9,588.1356201171875
14,-0.31707317073170727,3.674007530207746e-05,2,-3,-9,588.1356201171875
15,-0.2682926829268293,2.8140852009528317e-05,2,-3,-9,588.1356201171875
16,-0.2195121951219512,2.3282445908989757e-05,2,-3,-9,588.1356201171875
17,-0.1707317073170731,3.5305256460560486e-05,2,-3,-9,588.1356201171875
18,-0.12195121951219512,1.8427788745611906e-05,2,-3,-9,588.1356201171875
19,-0.07317073170731703,2.4860699340933934e-05,2,-3,-9,588.1356201171875
20,-0.024390243902439046,2.7701622457243502e-05,2,-3,-9,588.1356201171875
21,0.024390243902439046,1.5197957509371918e-05,2,-3,-9,588.1356201171875
22,0.07317073170731714,3.307508450234309e-05,2,-3,-9,588.1356201171875
23,0.12195121951219523,7.001929770922288e-05,2,-3,-9,588.1356201171875
24,0.17073170731707332,4.020007327198982e-05,2,-3,-9,588.1356201171875
25,0.2195121951219512,1.0722236766014248e-05,2,-3,-9,588.1356201171875
26,0.2682926829268293,8.180954296221898e-07,2,-3,-9,588.1356201171875
27,0.3170731707317074,1.0133315299754031e-05,2,-3,-9,588.1356201171875
28,0.36585365853658547,3.866638508043252e-06,2,-3,-9,588.1356201171875
29,0.41463414634146356,3.545059428233799e-07,2,-3,-9,588.1356201171875
30,0.46341463414634143,7.367211196651624e-08,2,-3,-9,588.1356201171875
31,0.5121951219512195,1.3408579206952709e-06,2,-3,-9,588.1356201171875
32,0.5609756097560976,1.203456690745952e-06,2,-3,-9,588.1356201171875
33,0.6097560975609757,2.2316498871077783e-06,2,-3,-9,588.1356201171875
34,0.6585365853658538,2.213256948380149e-06,2,-3,-9,588.1356201171875
35,0.7073170731707317,7.156449441936275e-07,2,-3,-9,588.1356201171875
36,0.7560975609756098,2.3180334665084956e-06,2,-3,-9,588.1356201171875
37,0.8048780487804879,4.599988187692361e-06,2,-3,-9,588.1356201171875
38,0.853658536585366,9.50741014094092e-06,2,-3,-9,588.1356201171875
39,0.902439024390244,1.4585352801077534e-05,2,-3,-9,588.1356201171875
40,0.9512195121951219,2.5392125735379523e-06,2,-3,-9,588.1356201171875
41,1.0,2.243178585104033e-07,2,-3,-9,588.1356201171875
0,-1.0,0.004481433890759945,2,-1,-8,588.1356201171875
1,-0.9512195121951219,0.0020169944036751986,2,-1,-8,588.1356201171875
2,-0.9024390243902439,0.0007239796686917543,2,-1,-8,588.1356201171875
3,-0.8536585365853658,0.0017760596238076687,2,-1,-8,588.1356201171875
4,-0.8048780487804879,0.003631388070061803,2,-1,-8,588.1356201171875
5,-0.7560975609756098,0.005154170095920563,2,-1,-8,588.1356201171875
6,-0.7073170731707317,0.0042825923301279545,2,-1,-8,588.1356201171875
7,-0.6585365853658536,0.0021812443155795336,2,-1,-8,588.1356201171875
8,-0.6097560975609756,0.0021211402490735054,2,-1,-8,588.1356201171875
9,-0.5609756097560976,0.004846624564379454,2,-1,-8,588.1356201171875
10,-0.5121951219512195,0.010363706387579441,2,-1,-8,588.1356201171875
11,-0.46341463414634143,0.015610108152031898,2,-1,-8,588.1356201171875
12,-0.41463414634146334,0.013977066613733768,2,-1,-8,588.1356201171875
13,-0.36585365853658536,0.0091738011687994,2,-1,-8,588.1356201171875
14,-0.31707317073170727,0.006834604311734438,2,-1,-8,588.1356201171875
15,-0.2682926829268293,0.005337317939847708,2,-1,-8,588.1356201171875
16,-0.2195121951219512,0.003518991405144334,2,-1,-8,588.1356201171875
17,-0.1707317073170731,0.0025261836126446724,2,-1,-8,588.1356201171875
18,-0.12195121951219512,0.0021309279836714268,2,-1,-8,588.1356201171875
19,-0.07317073170731703,0.0012460080906748772,2,-1,-8,588.1356201171875
20,-0.024390243902439046,0.0006273263716138899,2,-1,-8,588.1356201171875
21,0.024390243902439046,0.00021341104002203792,2,-1,-8,588.1356201171875
22,0.07317073170731714,6.841445429017767e-05,2,-1,-8,588.1356201171875
23,0.12195121951219523,4.6687753638252616e-05,2,-1,-8,588.1356201171875
24,0.17073170731707332,2.5664468921604566e-05,2,-1,-8,588.1356201171875
25,0.2195121951219512,1.176829118776368e-05,2,-1,-8,588.1356201171875
26,0.2682926829268293,2.6043398975161836e-05,2,-1,-8,588.1356201171875
27,0.3170731707317074,6.962956831557676e-05,2,-1,-8,588.1356201171875
28,0.36585365853658547,9.650024003349245e-05,2,-1,-8,588.1356201171875
29,0.41463414634146356,0.00016891183622647077,2,-1,-8,588.1356201171875
30,0.46341463414634143,0.00021965548512525856,2,-1,-8,588.1356201171875
31,0.5121951219512195,0.00028009683592244983,2,-1,-8,588.1356201171875
32,0.5609756097560976,0.0002767550467979163,2,-1,-8,588.1356201171875
33,0.6097560975609757,0.0001471400319132954,2,-1,-8,588.1356201171875
34,0.6585365853658538,6.804684380767867e-05,2,-1,-8,588.1356201171875
35,0.7073170731707317,6.284544360823929e-05,2,-1,-8,588.1356201171875
36,0.7560975609756098,4.0607152186566964e-05,2,-1,-8,588.1356201171875
37,0.8048780487804879,2.0318377210060135e-05,2,-1,-8,588.1356201171875
38,0.853658536585366,2.7606971343629993e-05,2,-1,-8,588.1356201171875
39,0.902439024390244,1.2936886832903838e-06,2,-1,-8,588.1356201171875
40,0.9512195121951219,2.7171012334292755e-05,2,-1,-8,588.1356201171875
41,1.0,5.941424751654267e-05,2,-1,-8,588.1356201171875
0,-1.0,5.6421438785037026e-05,2,1,-7,588.1356201171875
1,-0.9512195121951219,2.1820862912136363e-06,2,1,-7,588.1356201171875
2,-0.9024390243902439,2.7755215342040174e-05,2,1,-7,588.1356201171875
3,-0.8536585365853658,0.00011381262447685003,2,1,-7,588.1356201171875
4,-0.8048780487804879,0.00010367199865868315,2,1,-7,588.1356201171875
5,-0.7560975609756098,2.0804865926038474e-05,2,1,-7,588.1356201171875
6,-0.7073170731707317,1.3021526683587581e-05,2,1,-7,588.1356201171875
7,-0.6585365853658536,5.1182854804210365e-05,2,1,-7,588.1356201171875
8,-0.6097560975609756,7.762273889966309e-05,2,1,-7,588.1356201171875
9,-0.5609756097560976,3.706987263285555e-05,2,1,-7,588.1356201171875
10,-0.5121951219512195,1.790563874237705e-05,2,1,-7,588.1356201171875
11,-0.46341463414634143,4.744644684251398e-05,2,1,-7,588.1356201171875
12,-0.41463414634146334,3.23462586493406e-06,2,1,-7,588.1356201171875
13,-0.36585365853658536,3.1112936994759366e-05,2,1,-7,588.1356201171875
14,-0.31707317073170727,0.00014304449723567814,2,1,-7,588.1356201171875
15,-0.2682926829268293,0.00025638617807999253,2,1,-7,588.1356201171875
16,-0.2195121951219512,0.00011477174120955169,2,1,-7,588.1356201171875
17,-0.1707317073170731,1.531159614387434e-05,2,1,-7,588.1356201171875
18,-0.12195121951219512,0.00015170741244219244,2,1,-7,588.1356201171875
19,-0.07317073170731703,0.0006157905445434153,2,1,-7,588.1356201171875
20,-0.024390243902439046,0.000600106141064316,2,1,-7,588.1356201171875
21,0.024390243902439046,0.0005292755085974932,2,1,-7,588.1356201171875
22,0.07317073170731714,0.0003774187352973968,2,1,-7,588.1356201171875
23,0.12195121951219523,6.278370710788295e-05,2,1,-7,588.1356201171875
24,0.17073170731707332,7.921254052689619e-08,2,1,-7,588.1356201171875
25,0.2195121951219512,0.00012569875980261713,2,1,-7,588.1356201171875
26,0.2682926829268293,0.0006967945955693722,2,1,-7,588.1356201171875
27,0.3170731707317074,0.0009365756995975971,2,1,-7,588.1356201171875
28,0.36585365853658547,0.0007731859222985804,2,1,-7,588.1356201171875
29,0.41463414634146356,0.00025063351495191455,2,1,-7,588.1356201171875
30,0.46341463414634143,2.7299369321553968e-05,2,1,-7,588.1356201171875
31,0.5121951219512195,0.001332267071120441,2,1,-7,588.1356201171875
32,0.5609756097560976,0.0051935696974396706,2,1,-7,588.1356201171875
33,0.6097560975609757,0.010277044028043747,2,1,-7,588.1356201171875
34,0.6585365853658538,0.01460239477455616,2,1,-7,588.1356201171875
35,0.7073170731707317,0.017406215891242027,2,1,-7,588.1356201171875
36,0.7560975609756098,0.017342587932944298,2,1,-7,588.1356201171875
37,0.8048780487804879,0.013381709344685078,2,1,-7,588.1356201171875
38,0.853658536585366,0.007998966611921787,2,1,-7,588.1356201171875
39,0.902439024390244,0.004707404412329197,2,1,-7,588.1356201171875
40,0.9512195121951219,0.0014655077829957008,2,1,-7,588.1356201171875
41,1.0,3.6999575968366116e-05,2,1,-7,588.1356201171875
0,-1.0,0.0,2,3,-6,588.1356201171875
1,-0.9512195121951219,0.0,2,3,-6,588.1356201171875
2,-0.9024390243902439,0.0,2,3,-6,588.1356201171875
3,-0.8536585365853658,0.0,2,3,-6,588.1356201171875
4,-0.8048780487804879,0.0,2,3,-6,588.1356201171875
5,-0.7560975609756098,0.0,2,3,-6,588.1356201171875
6,-0.7073170731707317,0.0,2,3,-6,588.1356201171875
7,-0.6585365853658536,0.0,2,3,-6,588.1356201171875
8,-0.6097560975609756,0.0,2,3,-6,588.1356201171875
9,-0.5609756097560976,0.0,2,3,-6,588.1356201171875
10,-0.5121951219512195,0.0,2,3,-6,588.1356201171875
11,-0.46341463414634143,0.0,2,3,-6,588.1356201171875
12,-0.41463414634146334,1.2228952073201071e-06,2,3,-6,588.1356201171875
13,-0.36585365853658536,1.7237128702163318e-07,2,3,-6,588.1356201171875
14,-0.31707317073170727,1.209968786497484e-06,2,3,-6,588.1356201171875
15,-0.2682926829268293,1.5991954569472e-06,2,3,-6,588.1356201171875
16,-0.2195121951219512,5.583984830082045e-07,2,3,-6,588.1356201171875
17,-0.1707317073170731,6.681540526187746e-06,2,3,-6,588.1356201171875
18,-0.12195121951219512,3.104006964349537e-06,2,3,-6,588.1356201171875
19,-0.07317073170731703,1.628699010325363e-06,2,3,-6,588.1356201171875
20,-0.024390243902439046,2.3805228011042345e-06,2,3,-6,588.1356201171875
21,0.024390243902439046,2.2592046207137173e-06,2,3,-6,588.1356201171875
22,0.07317073170731714,3.8090822727099294e-06,2,3,-6,588.1356201171875
23,0.12195121951219523,4.501596038153366e-07,2,3,-6,588.1356201171875
24,0.17073170731707332,4.6281030563477543e-07,2,3,-6,588.1356201171875
25,0.2195121951219512,3.09334211578971e-07,2,3,-6,588.1356201171875
26,0.2682926829268293,1.572857581777498e-05,2,3,-6,588.1356201171875
27,0.3170731707317074,2.667365151864942e-05,2,3,-6,588.1356201171875
28,0.36585365853658547,3.4936354495584965e-05,2,3,-6,588.1356201171875
29,0.41463414634146356,3.532005939632654e-05,2,3,-6,588.1356201171875
30,0.46341463414634143,5.985510870232247e-05,2,3,-6,588.1356201171875
31,0.5121951219512195,1.4663832189398818e-05,2,3,-6,588.1356201171875
32,0.5609756097560976,3.328488219267456e-06,2,3,-6,588.1356201171875
33,0.6097560975609757,1.8805216313921846e-05,2,3,-6,588.1356201171875
34,0.6585365853658538,5.766754475189373e-05,2,3,-6,588.1356201171875
35,0.7073170731707317,1.6911739294300787e-05,2,3,-6,588.1356201171875
36,0.7560975609756098,7.591603934997693e-05,2,3,-6,588.1356201171875
37,0.8048780487804879,0.0001165654684882611,2,3,-6,588.1356201171875
38,0.853658536585366,3.7109857657924294e-05,2,3,-6,588.1356201171875
39,0.902439024390244,0.0006768095190636814,2,3,-6,588.1356201171875
40,0.9512195121951219,0.0014276480069383979,2,3,-6,588.1356201171875
41,1.0,0.00048472359776496887,2,3,-6,588.1356201171875
0,-1.0,2.7871084967046045e-05,2,4,-6,588.1356201171875
1,-0.9512195121951219,1.61826747557825e-07,2,4,-6,588.1356201171875
2,-0.9024390243902439,2.7808296181319747e-06,2,4,-6,588.1356201171875
3,-0.8536585365853658,1.6682504792697728e-05,2,4,-6,588.1356201171875
4,-0.8048780487804879,2.142684934369754e-05,2,4,-6,588.1356201171875
5,-0.7560975609756098,5.34192031409475e-06,2,4,-6,588.1356201171875
6,-0.7073170731707317,7.601685865665786e-06,2,4,-6,588.1356201171875
7,-0.6585365853658536,1.5397648894577287e-05,2,4,-6,588.1356201171875
8,-0.6097560975609756,9.626478458812926e-06,2,4,-6,588.1356201171875
9,-0.5609756097560976,3.9341626688838005e-05,2,4,-6,588.1356201171875
10,-0.5121951219512195,2.9350543627515435e-05,2,4,-6,588.1356201171875
11,-0.46341463414634143,7.702800940023735e-05,2,4,-6,588.1356201171875
12,-0.41463414634146334,6.127424057922326e-06,2,4,-6,588.1356201171875
13,-0.36585365853658536,0.00010420412581879646,2,4,-6,588.1356201171875
14,-0.31707317073170727,3.989766992162913e-05,2,4,-6,588.1356201171875
15,-0.2682926829268293,0.0003495259734336287,2,4,-6,588.1356201171875
16,-0.2195121951219512,0.0003929601807612926,2,4,-6,588.1356201171875
17,-0.1707317073170731,0.006912218872457743,2,4,-6,588.1356201171875
18,-0.12195121951219512,0.007551523856818676,2,4,-6,588.1356201171875
19,-0.07317073170731703,0.0006052300450392067,2,4,-6,588.1356201171875
20,-0.024390243902439046,0.00041394520667381585,2,4,-6,588.1356201171875
21,0.024390243902439046,5.595195398200303e-05,2,4,-6,588.1356201171875
22,0.07317073170731714,0.00014010370068717748,2,4,-6,588.1356201171875
23,0.12195121951219523,1.1774463018809911e-05,2,4,-6,588.1356201171875
24,0.17073170731707332,6.653952004853636e-05,2,4,-6,588.1356201171875
25,0.2195121951219512,1.8417071032672538e-06,2,4,-6,588.1356201171875
26,0.2682926829268293,4.6443590690614656e-05,2,4,-6,588.1356201171875
27,0.3170731707317074,2.706887926251511e-06,2,4,-6,588.1356201171875
28,0.36585365853658547,2.6349554900662042e-05,2,4,-6,588.1356201171875
29,0.41463414634146356,2.2714853002980817e-06,2,4,-6,588.1356201171875
30,0.46341463414634143,9.011604561237618e-06,2,4,-6,588.1356201171875
31,0.5121951219512195,6.53989081911277e-06,2,4,-6,588.1356201171875
32,0.5609756097560976,2.428769766993355e-05,2,4,-6,588.1356201171875
33,0.6097560975609757,5.913547738600755e-06,2,4,-6,588.1356201171875
34,0.6585365853658538,7.551974704256281e-06,2,4,-6,588.1356201171875
35,0.7073170731707317,3.0279250495368615e-05,2,4,-6,588.1356201171875
36,0.7560975609756098,4.1611812775954604e-05,2,4,-6,588.1356201171875
37,0.8048780487804879,2.5494437068118714e-05,2,4,-6,588.1356201171875
38,0.853658536585366,2.5002584152389318e-05,2,4,-6,588.1356201171875
39,0.902439024390244,3.2748894227552228e-06,2,4,-6,588.1356201171875
40,0.9512195121951219,0.0,2,4,-6,588.1356201171875
41,1.0,0.0,2,4,-6,588.1356201171875
0,-1.0,1.4887883480696473e-05,2,5,-6,588.1356201171875
1,-0.9512195121951219,1.2882970622740686e-05,2,5,-6,588.1356201171875
2,-0.9024390243902439,1.3917235264671035e-05,2,5,-6,588.1356201171875
3,-0.8536585365853658,5.20601388416253e-05,2,5,-6,588.1356201171875
4,-0.8048780487804879,0.0005982531001791358,2,5,-6,588.1356201171875
5,-0.7560975609756098,0.00046290166210383177,2,5,-6,588.1356201171875
6,-0.7073170731707317,1.487533427280141e-05,2,5,-6,588.1356201171875
7,-0.6585365853658536,2.69809734163573e-05,2,5,-6,588.1356201171875
8,-0.6097560975609756,1.1247880138398614e-05,2,5,-6,588.1356201171875
9,-0.5609756097560976,8.689761671121232e-06,2,5,-6,588.1356201171875
10,-0.5121951219512195,1.7795128997022402e-06,2,5,-6,588.1356201171875
11,-0.46341463414634143,2.637655825310503e-06,2,5,-6,588.1356201171875
12,-0.41463414634146334,6.699994514747232e-07,2,5,-6,588.1356201171875
13,-0.36585365853658536,2.2799356429459294e-06,2,5,-6,588.1356201171875
14,-0.31707317073170727,4.2402848521305714e-07,2,5,-6,588.1356201171875
15,-0.2682926829268293,4.379230844619997e-08,2,5,-6,588.1356201171875
16,-0.2195121951219512,2.0099798803130398e-06,2,5,-6,588.1356201171875
17,-0.1707317073170731,1.2149221220170148e-06,2,5,-6,588.1356201171875
18,-0.12195121951219512,3.0053784030315e-06,2,5,-6,588.1356201171875
19,-0.07317073170731703,4.2536282762739575e-07,2,5,-6,588.1356201171875
20,-0.024390243902439046,1.7331549884147535e-07,2,5,-6,588.1356201171875
21,0.024390243902439046,2.8538087804008683e-07,2,5,-6,588.1356201171875
22,0.07317073170731714,4.521490737374734e-08,2,5,-6,588.1356201171875
23,0.12195121951219523,0.0,2,5,-6,588.1356201171875
24,0.17073170731707332,0.0,2,5,-6,588.1356201171875
25,0.2195121951219512,0.0,2,5,-6,588.1356201171875
26,0.2682926829268293,0.0,2,5,-6,588.1356201171875
27,0.3170731707317074,0.0,2,5,-6,588.1356201171875
28,0.36585365853658547,0.0,2,5,-6,588.1356201171875
29,0.41463414634146356,0.0,2,5,-6,588.1356201171875
30,0.46341463414634143,0.0,2,5,-6,588.1356201171875
31,0.5121951219512195,0.0,2,5,-6,588.1356201171875
32,0.5609756097560976,0.0,2,5,-6,588.1356201171875
33,0.6097560975609757,0.0,2,5,-6,588.1356201171875
34,0.6585365853658538,0.0,2,5,-6,588.1356201171875
35,0.7073170731707317,0.0,2,5,-6,588.1356201171875
36,0.7560975609756098,0.0,2,5,-6,588.1356201171875
37,0.8048780487804879,0.0,2,5,-6,588.1356201171875
38,0.853658536585366,0.0,2,5,-6,588.1356201171875
39,0.902439024390244,0.0,2,5,-6,588.1356201171875
40,0.9512195121951219,0.0,2,5,-6,588.1356201171875
41,1.0,0.0,2,5,-6,588.1356201171875
0,-1.0,0.0,2,6,-5,588.1356201171875
1,-0.9512195121951219,0.0,2,6,-5,588.1356201171875
2,-0.9024390243902439,0.0,2,6,-5,588.1356201171875
3,-0.8536585365853658,0.0,2,6,-5,588.1356201171875
4,-0.8048780487804879,0.0,2,6,-5,588.1356201171875
5,-0.7560975609756098,0.0,2,6,-5,588.1356201171875
6,-0.7073170731707317,0.0,2,6,-5,588.1356201171875
7,-0.6585365853658536,0.0,2,6,-5,588.1356201171875
8,-0.6097560975609756,0.0,2,6,-5,588.1356201171875
9,-0.5609756097560976,0.0,2,6,-5,588.1356201171875
10,-0.5121951219512195,0.0,2,6,-5,588.1356201171875
11,-0.46341463414634143,0.0,2,6,-5,588.1356201171875
12,-0.41463414634146334,0.0,2,6,-5,588.1356201171875
13,-0.36585365853658536,0.0,2,6,-5,588.1356201171875
14,-0.31707317073170727,0.0,2,6,-5,588.1356201171875
15,-0.2682926829268293,0.0,2,6,-5,588.1356201171875
16,-0.2195121951219512,0.0,2,6,-5,588.1356201171875
17,-0.1707317073170731,0.0,2,6,-5,588.1356201171875
18,-0.12195121951219512,6.636573175455851e-07,2,6,-5,588.1356201171875
19,-0.07317073170731703,2.319216036994476e-07,2,6,-5,588.1356201171875
20,-0.024390243902439046,1.599387360329274e-06,2,6,-5,588.1356201171875
21,0.024390243902439046,2.627851927172742e-07,2,6,-5,588.1356201171875
22,0.07317073170731714,3.234682992570015e-07,2,6,-5,588.1356201171875
23,0.12195121951219523,1.136084392783232e-06,2,6,-5,588.1356201171875
24,0.17073170731707332,4.994314622308593e-06,2,6,-5,588.1356201171875
25,0.2195121951219512,2.6733632694231346e-06,2,6,-5,588.1356201171875
26,0.2682926829268293,1.783620064088609e-06,2,6,-5,588.1356201171875
27,0.3170731707317074,1.413543259332073e-06,2,6,-5,588.1356201171875
28,0.36585365853658547,5.235492608335335e-06,2,6,-5,588.1356201171875
29,0.41463414634146356,9.660935575084295e-06,2,6,-5,588.1356201171875
30,0.46341463414634143,1.522250272500969e-06,2,6,-5,588.1356201171875
31,0.5121951219512195,1.9740955394809134e-06,2,6,-5,588.1356201171875
32,0.5609756097560976,0.0007174547645263374,2,6,-5,588.1356201171875
33,0.6097560975609757,0.0005146367475390434,2,6,-5,588.1356201171875
34,0.6585365853658538,2.692672387638595e-05,2,6,-5,588.1356201171875
35,0.7073170731707317,1.7961062894755742e-06,2,6,-5,588.1356201171875
36,0.7560975609756098,1.0540696166572161e-05,2,6,-5,588.1356201171875
37,0.8048780487804879,7.4331037467345595e-06,2,6,-5,588.1356201171875
38,0.853658536585366,2.562324198152055e-06,2,6,-5,588.1356201171875
39,0.902439024390244,4.382587519558001e-07,2,6,-5,588.1356201171875
40,0.9512195121951219,5.73494253330864e-06,2,6,-5,588.1356201171875
41,1.0,9.341331974610512e-07,2,6,-5,588.1356201171875
0,-1.0,0.0,2,7,-5,588.1356201171875
1,-0.9512195121951219,0.0,2,7,-5,588.1356201171875
2,-0.9024390243902439,0.0,2,7,-5,588.1356201171875
3,-0.8536585365853658,0.0,2,7,-5,588.1356201171875
4,-0.8048780487804879,0.0,2,7,-5,588.1356201171875
5,-0.7560975609756098,0.0,2,7,-5,588.1356201171875
6,-0.7073170731707317,0.0,2,7,-5,588.1356201171875
7,-0.6585365853658536,0.0,2,7,-5,588.1356201171875
8,-0.6097560975609756,0.0,2,7,-5,588.1356201171875
9,-0.5609756097560976,0.0,2,7,-5,588.1356201171875
10,-0.5121951219512195,3.457283810348599e-07,2,7,-5,588.1356201171875
11,-0.46341463414634143,1.014957661027438e-06,2,7,-5,588.1356201171875
12,-0.41463414634146334,9.80947675088828e-07,2,7,-5,588.1356201171875
13,-0.36585365853658536,1.2659654657909414e-06,2,7,-5,588.1356201171875
14,-0.31707317073170727,1.1073636869696202e-06,2,7,-5,588.1356201171875
15,-0.2682926829268293,3.2640755875945615e-07,2,7,-5,588.1356201171875
16,-0.2195121951219512,7.352610396083037e-07,2,7,-5,588.1356201171875
17,-0.1707317073170731,7.15869009582093e-06,2,7,-5,588.1356201171875
18,-0.12195121951219512,1.597925802343525e-05,2,7,-5,588.1356201171875
19,-0.07317073170731703,2.9111324693076313e-06,2,7,-5,588.1356201171875
20,-0.024390243902439046,6.185370875755325e-05,2,7,-5,588.1356201171875
21,0.024390243902439046,3.688521246658638e-05,2,7,-5,588.1356201171875
22,0.07317073170731714,0.00017135415691882372,2,7,-5,588.1356201171875
23,0.12195121951219523,0.0010678487597033381,2,7,-5,588.1356201171875
24,0.17073170731707332,1.8890930732595734e-05,2,7,-5,588.1356201171875
25,0.2195121951219512,1.35211246288236e-06,2,7,-5,588.1356201171875
26,0.2682926829268293,2.854860440493212e-06,2,7,-5,588.1356201171875
27,0.3170731707317074,2.869736590582761e-06,2,7,-5,588.1356201171875
28,0.36585365853658547,6.276494787016418e-06,2,7,-5,588.1356201171875
29,0.41463414634146356,9.656789643486263e-07,2,7,-5,588.1356201171875
30,0.46341463414634143,4.982533027941827e-06,2,7,-5,588.1356201171875
31,0.5121951219512195,6.626120921282563e-06,2,7,-5,588.1356201171875
32,0.5609756097560976,1.6561982647544937e-06,2,7,-5,588.1356201171875
33,0.6097560975609757,1.0963029808408464e-06,2,7,-5,588.1356201171875
34,0.6585365853658538,6.459906671807403e-07,2,7,-5,588.1356201171875
35,0.7073170731707317,4.1045159377972595e-06,2,7,-5,588.1356201171875
36,0.7560975609756098,1.507613887952175e-06,2,7,-5,588.1356201171875
37,0.8048780487804879,0.0,2,7,-5,588.1356201171875
38,0.853658536585366,0.0,2,7,-5,588.1356201171875
39,0.902439024390244,0.0,2,7,-5,588.1356201171875
40,0.9512195121951219,0.0,2,7,-5,588.1356201171875
41,1.0,0.0,2,7,-5,588.1356201171875
0,-1.0,1.5567713944619754e-06,3,2,-11,588.1356201171875
1,-0.9512195121951219,3.7871236600039992e-06,3,2,-11,588.1356201171875
2,-0.9024390243902439,2.1375929293299123e-07,3,2,-11,588.1356201171875
3,-0.8536585365853658,3.1103338642424205e-06,3,2,-11,588.1356201171875
4,-0.8048780487804879,9.465332368563395e-06,3,2,-11,588.1356201171875
5,-0.7560975609756098,4.720326160168042e-06,3,2,-11,588.1356201171875
6,-0.7073170731707317,1.9133251043967903e-05,3,2,-11,588.1356201171875
7,-0.6585365853658536,3.562795973266475e-05,3,2,-11,588.1356201171875
8,-0.6097560975609756,7.869646651670337e-06,3,2,-11,588.1356201171875
9,-0.5609756097560976,1.4004817785462365e-05,3,2,-11,588.1356201171875
10,-0.5121951219512195,8.460143726551905e-05,3,2,-11,588.1356201171875
11,-0.46341463414634143,0.00016120988584589213,3,2,-11,588.1356201171875
12,-0.41463414634146334,0.00023573607904836535,3,2,-11,588.1356201171875
13,-0.36585365853658536,0.00022236279619392008,3,2,-11,588.1356201171875
14,-0.31707317073170727,7.090146391419694e-05,3,2,-11,588.1356201171875
15,-0.2682926829268293,1.8893343849413213e-06,3,2,-11,588.1356201171875
16,-0.2195121951219512,2.620491613924969e-05,3,2,-11,588.1356201171875
17,-0.1707317073170731,3.3522424928378314e-05,3,2,-11,588.1356201171875
18,-0.12195121951219512,7.311346962524112e-06,3,2,-11,588.1356201171875
19,-0.07317073170731703,1.0559831025602762e-05,3,2,-11,588.1356201171875
20,-0.024390243902439046,8.89046805241378e-06,3,2,-11,588.1356201171875
21,0.024390243902439046,6.697388243992464e-07,3,2,-11,588.1356201171875
22,0.07317073170731714,5.987619715597248e-07,3,2,-11,588.1356201171875
23,0.12195121951219523,5.135312221682398e-06,3,2,-11,588.1356201171875
24,0.17073170731707332,2.520853968235315e-06,3,2,-11,588.1356201171875
25,0.2195121951219512,1.3073192803858547e-06,3,2,-11,588.1356201171875
26,0.2682926829268293,9.263616220778204e-07,3,2,-11,588.1356201171875
27,0.3170731707317074,1.6558728077598062e-07,3,2,-11,588.1356201171875
28,0.36585365853658547,1.007621108328749e-06,3,2,-11,588.1356201171875
29,0.41463414634146356,9.350516734230041e-07,3,2,-11,588.1356201171875
30,0.46341463414634143,9.144681598627358e-07,3,2,-11,588.1356201171875
31,0.5121951219512195,7.047385111036419e-07,3,2,-11,588.1356201171875
32,0.5609756097560976,2.4919140741985757e-06,3,2,-11,588.1356201171875
33,0.6097560975609757,3.6744258977705613e-06,3,2,-11,588.1356201171875
34,0.6585365853658538,3.2996142635965953e-06,3,2,-11,588.1356201171875
35,0.7073170731707317,2.6370169052825077e-06,3,2,-11,588.1356201171875
36,0.7560975609756098,3.3708327009662753e-06,3,2,-11,588.1356201171875
37,0.8048780487804879,3.124592694803141e-06,3,2,-11,588.1356201171875
38,0.853658536585366,7.761946676509979e-07,3,2,-11,588.1356201171875
39,0.902439024390244,5.4389996506643e-08,3,2,-11,588.1356201171875
40,0.9512195121951219,9.891468266687298e-08,3,2,-11,588.1356201171875
41,1.0,2.20579863707826e-07,3,2,-11,588.1356201171875
