tilt_index,tilt_angle,intensity,h,k,l,thickness
0,-1.0,2.0613124718238396e-07,-3,-6,7,344.06781005859375
1,-0.9512195121951219,1.9074755073233973e-06,-3,-6,7,344.06781005859375
2,-0.9024390243902439,5.043742476118496e-06,-3,-6,7,344.06781005859375
3,-0.8536585365853658,3.7280250353433075e-07,-3,-6,7,344.06781005859375
4,-0.8048780487804879,8.487619197694585e-06,-3,-6,7,344.06781005859375
5,-0.7560975609756098,1.5562959561066236e-06,-3,-6,7,344.06781005859375
6,-0.7073170731707317,2.94451729132561e-05,-3,-6,7,344.06781005859375
7,-0.6585365853658536,1.530455847387202e-06,-3,-6,7,344.06781005859375
8,-0.6097560975609756,0.00019651858019642532,-3,-6,7,344.06781005859375
9,-0.5609756097560976,0.000600887811742723,-3,-6,7,344.06781005859375
10,-0.5121951219512195,0.00037238685763441026,-3,-6,7,344.06781005859375
11,-0.46341463414634143,1.5729465303593315e-05,-3,-6,7,344.06781005859375
12,-0.41463414634146334,2.5180226657539606e-05,-3,-6,7,344.06781005859375
13,-0.36585365853658536,5.654461801896105e-06,-3,-6,7,344.06781005859375
14,-0.31707317073170727,6.5917147367144935e-06,-3,-6,7,344.06781005859375
15,-0.2682926829268293,3.858007858070778e-06,-3,-6,7,344.06781005859375
16,-0.2195121951219512,3.9766705413057934e-06,-3,-6,7,344.06781005859375
17,-0.1707317073170731,4.912375970889116e-06,-3,-6,7,344.06781005859375
18,-0.12195121951219512,3.581000669328205e-07,-3,-6,7,344.06781005859375
19,-0.07317073170731703,2.748333827184979e-06,-3,-6,7,344.06781005859375
20,-0.024390243902439046,9.19432352475269e-07,-3,-6,7,344.06781005859375
21,0.024390243902439046,4.098456543033535e-07,-3,-6,7,344.06781005859375
22,0.07317073170731714,5.761736474596546e-07,-3,-6,7,344.06781005859375
23,0.12195121951219523,1.4687586826767074e-06,-3,-6,7,344.06781005859375
24,0.17073170731707332,0.0,-3,-6,7,344.06781005859375
25,0.2195121951219512,0.0,-3,-6,7,344.06781005859375
26,0.2682926829268293,0.0,-3,-6,7,344.06781005859375
27,0.3170731707317074,0.0,-3,-6,7,344.06781005859375
28,0.36585365853658547,0.0,-3,-6,7,344.06781005859375
29,0.41463414634146356,0.0,-3,-6,7,344.06781005859375
30,0.46341463414634143,0.0,-3,-6,7,344.06781005859375
31,0.5121951219512195,0.0,-3,-6,7,344.06781005859375
32,0.5609756097560976,0.0,-3,-6,7,344.06781005859375
33,0.6097560975609757,0.0,-3,-6,7,344.06781005859375
34,0.6585365853658538,0.0,-3,-6,7,344.06781005859375
35,0.7073170731707317,0.0,-3,-6,7,344.06781005859375
36,0.7560975609756098,0.0,-3,-6,7,344.06781005859375
37,0.8048780487804879,0.0,-3,-6,7,344.06781005859375
38,0.853658536585366,0.0,-3,-6,7,344.06781005859375
39,0.902439024390244,0.0,-3,-6,7,344.06781005859375
40,0.9512195121951219,0.0,-3,-6,7,344.06781005859375
41,1.0,0.0,-3,-6,7,344.06781005859375
0,-1.0,0.0,-3,-5,7,344.06781005859375
1,-0.9512195121951219,0.0,-3,-5,7,344.06781005859375
2,-0.9024390243902439,0.0,-3,-5,7,344.06781005859375
3,-0.8536585365853658,0.0,-3,-5,7,344.06781005859375
4,-0.8048780487804879,0.0,-3,-5,7,344.06781005859375
5,-0.7560975609756098,0.0,-3,-5,7,344.06781005859375
6,-0.7073170731707317,0.0,-3,-5,7,344.06781005859375
7,-0.6585365853658536,0.0,-3,-5,7,344.06781005859375
8,-0.6097560975609756,0.0,-3,-5,7,344.06781005859375
9,-0.5609756097560976,0.0,-3,-5,7,344.06781005859375
10,-0.5121951219512195,0.0,-3,-5,7,344.06781005859375
11,-0.46341463414634143,0.0,-3,-5,7,344.06781005859375
12,-0.41463414634146334,0.0,-3,-5,7,344.06781005859375
13,-0.36585365853658536,0.0,-3,-5,7,344.06781005859375
14,-0.31707317073170727,0.0,-3,-5,7,344.06781005859375
15,-0.2682926829268293,0.0,-3,-5,7,344.06781005859375
16,-0.2195121951219512,0.0,-3,-5,7,344.06781005859375
17,-0.1707317073170731,0.0,-3,-5,7,344.06781005859375
18,-0.12195121951219512,8.956404258242401e-07,-3,-5,7,344.06781005859375
19,-0.07317073170731703,4.2399830135764205e-07,-3,-5,7,344.06781005859375
20,-0.024390243902439046,3.641563921519264e-07,-3,-5,7,344.06781005859375
21,0.024390243902439046,1.5520299712079577e-06,-3,-5,7,344.06781005859375
22,0.07317073170731714,1.457675352867227e-06,-3,-5,7,344.06781005859375
23,0.12195121951219523,1.0578294507013197e-07,-3,-5,7,344.06781005859375
24,0.17073170731707332,2.297060063938261e-06,-3,-5,7,344.06781005859375
25,0.2195121951219512,3.2724592529120855e-06,-3,-5,7,344.06781005859375
26,0.2682926829268293,2.780800969048869e-06,-3,-5,7,344.06781005859375
27,0.3170731707317074,5.872933343198383e-06,-3,-5,7,344.06781005859375
28,0.36585365853658547,6.207996648299741e-06,-3,-5,7,344.06781005859375
29,0.41463414634146356,5.622773642244283e-07,-3,-5,7,344.06781005859375
30,0.46341463414634143,3.2114514851855347e-06,-3,-5,7,344.06781005859375
31,0.5121951219512195,7.29903422325151e-06,-3,-5,7,344.06781005859375
32,0.5609756097560976,5.525574124476407e-06,-3,-5,7,344.06781005859375
33,0.6097560975609757,1.173031932921731e-06,-3,-5,7,344.06781005859375
34,0.6585365853658538,2.275423685205169e-05,-3,-5,7,344.06781005859375
35,0.7073170731707317,4.100015212316066e-05,-3,-5,7,344.06781005859375
36,0.7560975609756098,1.2109766430512536e-05,-3,-5,7,344.06781005859375
37,0.8048780487804879,5.976349257252878e-06,-3,-5,7,344.06781005859375
38,0.853658536585366,1.2952808901900426e-05,-3,-5,7,344.06781005859375
39,0.902439024390244,1.2299321497266646e-05,-3,-5,7,344.06781005859375
40,0.9512195121951219,9.766627954377327e-06,-3,-5,7,344.06781005859375
41,1.0,2.1169812498555984e-06,-3,-5,7,344.06781005859375
0,-1.0,7.582934244965145e-07,-3,-4,8,344.06781005859375
1,-0.9512195121951219,7.136540261853952e-06,-3,-4,8,344.06781005859375
2,-0.9024390243902439,4.293988695280859e-06,-3,-4,8,344.06781005859375
3,-0.8536585365853658,5.3965559345670044e-06,-3,-4,8,344.06781005859375
4,-0.8048780487804879,9.738798325997777e-06,-3,-4,8,344.06781005859375
5,-0.7560975609756098,1.3115471119817812e-05,-3,-4,8,344.06781005859375
6,-0.7073170731707317,7.39091046852991e-05,-3,-4,8,344.06781005859375
7,-0.6585365853658536,0.0001617522066226229,-3,-4,8,344.06781005859375
8,-0.6097560975609756,0.0003009458305314183,-3,-4,8,344.06781005859375
9,-0.5609756097560976,0.00032284570625051856,-3,-4,8,344.06781005859375
10,-0.5121951219512195,0.0001368384837405756,-3,-4,8,344.06781005859375
11,-0.46341463414634143,1.386031090078177e-05,-3,-4,8,344.06781005859375
12,-0.41463414634146334,1.1325109880999662e-05,-3,-4,8,344.06781005859375
13,-0.36585365853658536,3.896810449077748e-05,-3,-4,8,344.06781005859375
14,-0.31707317073170727,2.5265329895773903e-05,-3,-4,8,344.06781005859375
15,-0.2682926829268293,2.632377118061413e-06,-3,-4,8,344.06781005859375
16,-0.2195121951219512,1.0658999599399976e-05,-3,-4,8,344.06781005859375
17,-0.1707317073170731,7.1065942393033765e-06,-3,-4,8,344.06781005859375
18,-0.12195121951219512,3.081999011556036e-07,-3,-4,8,344.06781005859375
19,-0.07317073170731703,5.730909833800979e-06,-3,-4,8,344.06781005859375
20,-0.024390243902439046,6.957017376407748e-06,-3,-4,8,344.06781005859375
21,0.024390243902439046,1.2477805739763426e-06,-3,-4,8,344.06781005859375
22,0.07317073170731714,4.3396080400270876e-06,-3,-4,8,344.06781005859375
23,0.12195121951219523,5.337276434147498e-06,-3,-4,8,344.06781005859375
24,0.17073170731707332,4.832490390072053e-07,-3,-4,8,344.06781005859375
25,0.2195121951219512,1.0807357284647878e-06,-3,-4,8,344.06781005859375
26,0.2682926829268293,1.9716030692507047e-06,-3,-4,8,344.06781005859375
27,0.3170731707317074,5.96886195580737e-07,-3,-4,8,344.06781005859375
28,0.36585365853658547,4.514665761234937e-07,-3,-4,8,344.06781005859375
29,0.41463414634146356,3.150104816995736e-07,-3,-4,8,344.06781005859375
30,0.46341463414634143,0.0,-3,-4,8,344.06781005859375
31,0.5121951219512195,0.0,-3,-4,8,344.06781005859375
32,0.5609756097560976,0.0,-3,-4,8,344.06781005859375
33,0.6097560975609757,0.0,-3,-4,8,344.06781005859375
34,0.6585365853658538,0.0,-3,-4,8,344.06781005859375
35,0.7073170731707317,0.0,-3,-4,8,344.06781005859375
36,0.7560975609756098,0.0,-3,-4,8,344.06781005859375
37,0.8048780487804879,0.0,-3,-4,8,344.06781005859375
38,0.853658536585366,0.0,-3,-4,8,344.06781005859375
39,0.902439024390244,0.0,-3,-4,8,344.06781005859375
40,0.9512195121951219,0.0,-3,-4,8,344.06781005859375
41,1.0,0.0,-3,-4,8,344.06781005859375
0,-1.0,3.240247906433069e-06,-3,4,11,344.06781005859375
1,-0.9512195121951219,1.3537571703636786e-06,-3,4,11,344.06781005859375
2,-0.9024390243902439,1.301099928241456e-06,-3,4,11,344.06781005859375
3,-0.8536585365853658,8.900041393644642e-06,-3,4,11,344.06781005859375
4,-0.8048780487804879,1.6501880963915028e-05,-3,4,11,344.06781005859375
5,-0.7560975609756098,1.4195985386322718e-05,-3,4,11,344.06781005859375
6,-0.7073170731707317,4.0071308831102215e-06,-3,4,11,344.06781005859375
7,-0.6585365853658536,1.1994326314379578e-06,-3,4,11,344.06781005859375
8,-0.6097560975609756,2.8128601115895435e-05,-3,4,11,344.06781005859375
9,-0.5609756097560976,0.00011157313565490767,-3,4,11,344.06781005859375
10,-0.5121951219512195,0.000246484880335629,-3,4,11,344.06781005859375
11,-0.46341463414634143,0.0003431782824918628,-3,4,11,344.06781005859375
12,-0.41463414634146334,0.0003204367822036147,-3,4,11,344.06781005859375
13,-0.36585365853658536,0.0001794537965906784,-3,4,11,344.06781005859375
14,-0.31707317073170727,4.794769120053388e-05,-3,4,11,344.06781005859375
15,-0.2682926829268293,2.919408871093765e-06,-3,4,11,344.06781005859375
16,-0.2195121951219512,1.028845872497186e-05,-3,4,11,344.06781005859375
17,-0.1707317073170731,2.6067977159982547e-05,-3,4,11,344.06781005859375
18,-0.12195121951219512,2.283507456013467e-05,-3,4,11,344.06781005859375
19,-0.07317073170731703,8.12398411653703e-06,-3,4,11,344.06781005859375
20,-0.024390243902439046,2.868815727197216e-07,-3,4,11,344.06781005859375
21,0.024390243902439046,3.817568995145848e-06,-3,4,11,344.06781005859375
22,0.07317073170731714,1.051755953085376e-05,-3,4,11,344.06781005859375
23,0.12195121951219523,9.604033948562574e-06,-3,4,11,344.06781005859375
24,0.17073170731707332,3.799911382884602e-06,-3,4,11,344.06781005859375
25,0.2195121951219512,2.325718696738477e-06,-3,4,11,344.06781005859375
26,0.2682926829268293,8.008616532606538e-06,-3,4,11,344.06781005859375
27,0.3170731707317074,1.1711009392456617e-05,-3,4,11,344.06781005859375
28,0.36585365853658547,7.470074706361629e-06,-3,4,11,344.06781005859375
29,0.41463414634146356,2.1097562239447143e-06,-3,4,11,344.06781005859375
30,0.46341463414634143,3.9225386672114837e-07,-3,4,11,344.06781005859375
31,0.5121951219512195,1.9923525087506277e-06,-3,4,11,344.06781005859375
32,0.5609756097560976,3.6136834751232527e-06,-3,4,11,344.06781005859375
33,0.6097560975609757,2.0222541934344918e-06,-3,4,11,344.06781005859375
34,0.6585365853658538,4.1374519810233323e-07,-3,4,11,344.06781005859375
35,0.7073170731707317,5.6768634237869264e-08,-3,4,11,344.06781005859375
36,0.7560975609756098,7.304439009203634e-07,-3,4,11,344.06781005859375
37,0.8048780487804879,1.050815171765862e-06,-3,4,11,344.06781005859375
38,0.853658536585366,8.671707973917364e-07,-3,4,11,344.06781005859375
39,0.902439024390244,1.1832187283289386e-06,-3,4,11,344.06781005859375
40,0.9512195121951219,2.1105875021021347e-06,-3,4,11,344.06781005859375
41,1.0,1.34965398501663e-06,-3,4,11,344.06781005859375
0,-1.0,0.0,-2,-8,2,344.06781005859375
1,-0.9512195121951219,0.0,-2,-8,2,344.06781005859375
2,-0.9024390243902439,0.0,-2,-8,2,344.06781005859375
3,-0.8536585365853658,0.0,-2,-8,2,344.06781005859375
4,-0.8048780487804879,0.0,-2,-8,2,344.06781005859375
5,-0.7560975609756098,0.0,-2,-8,2,344.06781005859375
6,-0.7073170731707317,0.0,-2,-8,2,344.06781005859375
7,-0.6585365853658536,0.0,-2,-8,2,344.06781005859375
8,-0.6097560975609756,0.0,-2,-8,2,344.06781005859375
9,-0.5609756097560976,0.0,-2,-8,2,344.06781005859375
10,-0.5121951219512195,0.0,-2,-8,2,344.06781005859375
11,-0.46341463414634143,0.0,-2,-8,2,344.06781005859375
12,-0.41463414634146334,0.0,-2,-8,2,344.06781005859375
13,-0.36585365853658536,0.0,-2,-8,2,344.06781005859375
14,-0.31707317073170727,0.0,-2,-8,2,344.06781005859375
15,-0.2682926829268293,0.0,-2,-8,2,344.06781005859375
16,-0.2195121951219512,0.0,-2,-8,2,344.06781005859375
17,-0.1707317073170731,0.0,-2,-8,2,344.06781005859375
18,-0.12195121951219512,0.0,-2,-8,2,344.06781005859375
19,-0.07317073170731703,0.0,-2,-8,2,344.06781005859375
20,-0.024390243902439046,0.0,-2,-8,2,344.06781005859375
21,0.024390243902439046,0.0,-2,-8,2,344.06781005859375
22,0.07317073170731714,3.5555868294068205e-07,-2,-8,2,344.06781005859375
23,0.12195121951219523,3.5933294384449255e-07,-2,-8,2,344.06781005859375
24,0.17073170731707332,2.0815902246340556e-07,-2,-8,2,344.06781005859375
25,0.2195121951219512,1.6092948271761998e-06,-2,-8,2,344.06781005859375
26,0.2682926829268293,1.3136589132045629e-06,-2,-8,2,344.06781005859375
27,0.3170731707317074,1.587150677551108e-06,-2,-8,2,344.06781005859375
28,0.36585365853658547,3.948963694710983e-06,-2,-8,2,344.06781005859375
29,0.41463414634146356,7.0815661956658e-07,-2,-8,2,344.06781005859375
30,0.46341463414634143,2.2002905097906478e-05,-2,-8,2,344.06781005859375
31,0.5121951219512195,1.2772170521202497e-06,-2,-8,2,344.06781005859375
32,0.5609756097560976,0.0001458907499909401,-2,-8,2,344.06781005859375
33,0.6097560975609757,0.00021228923287708312,-2,-8,2,344.06781005859375
34,0.6585365853658538,1.9433568013482727e-05,-2,-8,2,344.06781005859375
35,0.7073170731707317,9.598504220775794e-06,-2,-8,2,344.06781005859375
36,0.7560975609756098,1.9401525719331403e-07,-2,-8,2,344.06781005859375
37,0.8048780487804879,2.0022725948365405e-06,-2,-8,2,344.06781005859375
38,0.853658536585366,3.8067707208711e-08,-2,-8,2,344.06781005859375
39,0.902439024390244,6.380033710229327e-07,-2,-8,2,344.06781005859375
40,0.9512195121951219,5.580664605986385e-07,-2,-8,2,344.06781005859375
41,1.0,8.440824217359477e-08,-2,-8,2,344.06781005859375
0,-1.0,3.293422423666925e-06,-2,-8,3,344.06781005859375
1,-0.9512195121951219,6.571511767106131e-05,-2,-8,3,344.06781005859375
2,-0.9024390243902439,0.00010962780652334914,-2,-8,3,344.06781005859375
3,-0.8536585365853658,1.7406287952326238e-05,-2,-8,3,344.06781005859375
4,-0.8048780487804879,1.213774453390215e-06,-2,-8,3,344.06781005859375
5,-0.7560975609756098,8.256913730519955e-08,-2,-8,3,344.06781005859375
6,-0.7073170731707317,1.0611101970425807e-06,-2,-8,3,344.06781005859375
7,-0.6585365853658536,7.015002800869752e-09,-2,-8,3,344.06781005859375
8,-0.6097560975609756,1.9507263004925335e-07,-2,-8,3,344.06781005859375
9,-0.5609756097560976,2.763294446594955e-07,-2,-8,3,344.06781005859375
10,-0.5121951219512195,7.677135727135465e-07,-2,-8,3,344.06781005859375
11,-0.46341463414634143,6.448099156841636e-07,-2,-8,3,344.06781005859375
12,-0.41463414634146334,2.944705812524262e-08,-2,-8,3,344.06781005859375
13,-0.36585365853658536,1.2084203149242967e-07,-2,-8,3,344.06781005859375
14,-0.31707317073170727,0.0,-2,-8,3,344.06781005859375
15,-0.2682926829268293,0.0,-2,-8,3,344.06781005859375
16,-0.2195121951219512,0.0,-2,-8,3,344.06781005859375
17,-0.1707317073170731,0.0,-2,-8,3,344.06781005859375
18,-0.12195121951219512,0.0,-2,-8,3,344.06781005859375
19,-0.07317073170731703,0.0,-2,-8,3,344.06781005859375
20,-0.024390243902439046,0.0,-2,-8,3,344.06781005859375
21,0.024390243902439046,0.0,-2,-8,3,344.06781005859375
22,0.07317073170731714,0.0,-2,-8,3,344.06781005859375
23,0.12195121951219523,0.0,-2,-8,3,344.06781005859375
24,0.17073170731707332,0.0,-2,-8,3,344.06781005859375
25,0.2195121951219512,0.0,-2,-8,3,344.06781005859375
26,0.2682926829268293,0.0,-2,-8,3,344.06781005859375
27,0.3170731707317074,0.0,-2,-8,3,344.06781005859375
28,0.36585365853658547,0.0,-2,-8,3,344.06781005859375
29,0.41463414634146356,0.0,-2,-8,3,344.06781005859375
30,0.46341463414634143,0.0,-2,-8,3,344.06781005859375
31,0.5121951219512195,0.0,-2,-8,3,344.06781005859375
32,0.5609756097560976,0.0,-2,-8,3,344.06781005859375
33,0.6097560975609757,0.0,-2,-8,3,344.06781005859375
34,0.6585365853658538,0.0,-2,-8,3,344.06781005859375
35,0.7073170731707317,0.0,-2,-8,3,344.06781005859375
36,0.7560975609756098,0.0,-2,-8,3,344.06781005859375
37,0.8048780487804879,0.0,-2,-8,3,344.06781005859375
38,0.853658536585366,0.0,-2,-8,3,344.06781005859375
39,0.902439024390244,0.0,-2,-8,3,344.06781005859375
40,0.9512195121951219,0.0,-2,-8,3,344.06781005859375
41,1.0,0.0,-2,-8,3,344.06781005859375
0,-1.0,0.0,-2,-7,3,344.06781005859375
1,-0.9512195121951219,0.0,-2,-7,3,344.06781005859375
2,-0.9024390243902439,0.0,-2,-7,3,344.06781005859375
3,-0.8536585365853658,0.0,-2,-7,3,344.06781005859375
4,-0.8048780487804879,0.0,-2,-7,3,344.06781005859375
5,-0.7560975609756098,0.0,-2,-7,3,344.06781005859375
6,-0.7073170731707317,0.0,-2,-7,3,344.06781005859375
7,-0.6585365853658536,0.0,-2,-7,3,344.06781005859375
8,-0.6097560975609756,0.0,-2,-7,3,344.06781005859375
9,-0.5609756097560976,3.969578443729915e-08,-2,-7,3,344.06781005859375
10,-0.5121951219512195,6.546760573655774e-07,-2,-7,3,344.06781005859375
11,-0.46341463414634143,4.2325643789808964e-07,-2,-7,3,344.06781005859375
12,-0.41463414634146334,7.457821311618318e-07,-2,-7,3,344.06781005859375
13,-0.36585365853658536,1.3749314575761673e-06,-2,-7,3,344.06781005859375
14,-0.31707317073170727,3.7794785612277337e-07,-2,-7,3,344.06781005859375
15,-0.2682926829268293,3.270689603596111e-06,-2,-7,3,344.06781005859375
16,-0.2195121951219512,4.103049832338002e-06,-2,-7,3,344.06781005859375
17,-0.1707317073170731,9.564317224430852e-06,-2,-7,3,344.06781005859375
18,-0.12195121951219512,2.25183953261876e-06,-2,-7,3,344.06781005859375
19,-0.07317073170731703,7.364159046119312e-06,-2,-7,3,344.06781005859375
20,-0.024390243902439046,7.176848885137588e-05,-2,-7,3,344.06781005859375
21,0.024390243902439046,0.00016758048150222749,-2,-7,3,344.06781005859375
22,0.07317073170731714,0.0001905628014355898,-2,-7,3,344.06781005859375
23,0.12195121951219523,0.00010311955702491105,-2,-7,3,344.06781005859375
24,0.17073170731707332,2.492310704838019e-05,-2,-7,3,344.06781005859375
25,0.2195121951219512,9.89764203040977e-07,-2,-7,3,344.06781005859375
26,0.2682926829268293,1.8411544999707985e-07,-2,-7,3,344.06781005859375
27,0.3170731707317074,1.694167394816759e-06,-2,-7,3,344.06781005859375
28,0.36585365853658547,6.073673830542248e-07,-2,-7,3,344.06781005859375
29,0.41463414634146356,3.523001907979051e-07,-2,-7,3,344.06781005859375
30,0.46341463414634143,1.2612290447577834e-06,-2,-7,3,344.06781005859375
31,0.5121951219512195,2.3980485366337234e-06,-2,-7,3,344.06781005859375
32,0.5609756097560976,3.229209823985002e-07,-2,-7,3,344.06781005859375
33,0.6097560975609757,3.166365729612153e-07,-2,-7,3,344.06781005859375
34,0.6585365853658538,2.3114745317798224e-07,-2,-7,3,344.06781005859375
35,0.7073170731707317,0.0,-2,-7,3,344.06781005859375
36,0.7560975609756098,0.0,-2,-7,3,344.06781005859375
37,0.8048780487804879,0.0,-2,-7,3,344.06781005859375
38,0.853658536585366,0.0,-2,-7,3,344.06781005859375
39,0.902439024390244,0.0,-2,-7,3,344.06781005859375
40,0.9512195121951219,0.0,-2,-7,3,344.06781005859375
41,1.0,0.0,-2,-7,3,344.06781005859375
0,-1.0,1.5399506082758307e-05,-2,-6,4,344.06781005859375
1,-0.9512195121951219,2.4453524019918405e-05,-2,-6,4,344.06781005859375
2,-0.9024390243902439,0.00010045415547210723,-2,-6,4,344.06781005859375
3,-0.8536585365853658,2.306459100509528e-05,-2,-6,4,344.06781005859375
4,-0.8048780487804879,0.0005701770423911512,-2,-6,4,344.06781005859375
5,-0.7560975609756098,0.0010792104294523597,-2,-6,4,344.06781005859375
6,-0.7073170731707317,0.0004903740482404828,-2,-6,4,344.06781005859375
7,-0.6585365853658536,2.0940085960319266e-05,-2,-6,4,344.06781005859375
8,-0.6097560975609756,3.0217768653528765e-05,-2,-6,4,344.06781005859375
9,-0.5609756097560976,1.7655571582508855e-06,-2,-6,4,344.06781005859375
10,-0.5121951219512195,1.8966056813951582e-05,-2,-6,4,344.06781005859375
11,-0.46341463414634143,4.71162957182969e-06,-2,-6,4,344.06781005859375
12,-0.41463414634146334,1.2579886060848366e-05,-2,-6,4,344.06781005859375
13,-0.36585365853658536,1.2340432476776186e-05,-2,-6,4,344.06781005859375
14,-0.31707317073170727,1.9107280877506128e-06,-2,-6,4,344.06781005859375
15,-0.2682926829268293,6.1528357946372125e-06,-2,-6,4,344.06781005859375
16,-0.2195121951219512,1.8562216155260103e-06,-2,-6,4,344.06781005859375
17,-0.1707317073170731,1.0620066859701183e-05,-2,-6,4,344.06781005859375
18,-0.12195121951219512,2.4901594315451803e-06,-2,-6,4,344.06781005859375
19,-0.07317073170731703,1.7062960750990896e-06,-2,-6,4,344.06781005859375
20,-0.024390243902439046,4.0544443891121773e-07,-2,-6,4,344.06781005859375
21,0.024390243902439046,0.0,-2,-6,4,344.06781005859375
22,0.07317073170731714,0.0,-2,-6,4,344.06781005859375
23,0.12195121951219523,0.0,-2,-6,4,344.06781005859375
24,0.17073170731707332,0.0,-2,-6,4,344.06781005859375
25,0.2195121951219512,0.0,-2,-6,4,344.06781005859375
26,0.2682926829268293,0.0,-2,-6,4,344.06781005859375
27,0.3170731707317074,0.0,-2,-6,4,344.06781005859375
28,0.36585365853658547,0.0,-2,-6,4,344.06781005859375
29,0.41463414634146356,0.0,-2,-6,4,344.06781005859375
30,0.46341463414634143,0.0,-2,-6,4,344.06781005859375
31,0.5121951219512195,0.0,-2,-6,4,344.06781005859375
32,0.5609756097560976,0.0,-2,-6,4,344.06781005859375
33,0.6097560975609757,0.0,-2,-6,4,344.06781005859375
34,0.6585365853658538,0.0,-2,-6,4,344.06781005859375
35,0.7073170731707317,0.0,-2,-6,4,344.06781005859375
36,0.7560975609756098,0.0,-2,-6,4,344.06781005859375
37,0.8048780487804879,0.0,-2,-6,4,344.06781005859375
38,0.853658536585366,0.0,-2,-6,4,344.06781005859375
39,0.902439024390244,0.0,-2,-6,4,344.06781005859375
40,0.9512195121951219,0.0,-2,-6,4,344.06781005859375
41,1.0,0.0,-2,-6,4,344.06781005859375
0,-1.0,0.0,-2,-5,4,344.06781005859375
1,-0.9512195121951219,0.0,-2,-5,4,344.06781005859375
2,-0.9024390243902439,0.0,-2,-5,4,344.06781005859375
3,-0.8536585365853658,0.0,-2,-5,4,344.06781005859375
4,-0.8048780487804879,0.0,-2,-5,4,344.06781005859375
5,-0.7560975609756098,0.0,-2,-5,4,344.06781005859375
6,-0.7073170731707317,0.0,-2,-5,4,344.06781005859375
7,-0.6585365853658536,0.0,-2,-5,4,344.06781005859375
8,-0.6097560975609756,0.0,-2,-5,4,344.06781005859375
9,-0.5609756097560976,0.0,-2,-5,4,344.06781005859375
10,-0.5121951219512195,0.0,-2,-5,4,344.06781005859375
11,-0.46341463414634143,0.0,-2,-5,4,344.06781005859375
12,-0.41463414634146334,0.0,-2,-5,4,344.06781005859375
13,-0.36585365853658536,4.4350908865453675e-06,-2,-5,4,344.06781005859375
14,-0.31707317073170727,4.5002579440733825e-07,-2,-5,4,344.06781005859375
15,-0.2682926829268293,3.5811119687423343e-06,-2,-5,4,344.06781005859375
16,-0.2195121951219512,9.180087545246352e-06,-2,-5,4,344.06781005859375
17,-0.1707317073170731,1.8091502624884015e-06,-2,-5,4,344.06781005859375
18,-0.12195121951219512,1.003017018774699e-06,-2,-5,4,344.06781005859375
19,-0.07317073170731703,2.6810944291355554e-06,-2,-5,4,344.06781005859375
20,-0.024390243902439046,4.0877459639432345e-08,-2,-5,4,344.06781005859375
21,0.024390243902439046,6.532785391755169e-06,-2,-5,4,344.06781005859375
22,0.07317073170731714,6.528481208079029e-06,-2,-5,4,344.06781005859375
23,0.12195121951219523,3.3404735404474195e-06,-2,-5,4,344.06781005859375
24,0.17073170731707332,8.10054552857764e-06,-2,-5,4,344.06781005859375
25,0.2195121951219512,2.9898230877734022e-06,-2,-5,4,344.06781005859375
26,0.2682926829268293,1.2278558642719872e-05,-2,-5,4,344.06781005859375
27,0.3170731707317074,4.062945663463324e-06,-2,-5,4,344.06781005859375
28,0.36585365853658547,0.00022834722767584026,-2,-5,4,344.06781005859375
29,0.41463414634146356,0.0009332448826171458,-2,-5,4,344.06781005859375
30,0.46341463414634143,0.0013278138358145952,-2,-5,4,344.06781005859375
31,0.5121951219512195,0.000801910471636802,-2,-5,4,344.06781005859375
32,0.5609756097560976,0.00013036846939940006,-2,-5,4,344.06781005859375
33,0.6097560975609757,3.278307485743426e-05,-2,-5,4,344.06781005859375
34,0.6585365853658538,9.147017408395186e-05,-2,-5,4,344.06781005859375
35,0.7073170731707317,2.5682187697384506e-05,-2,-5,4,344.06781005859375
36,0.7560975609756098,7.214695187940379e-07,-2,-5,4,344.06781005859375
37,0.8048780487804879,1.2996588338864967e-06,-2,-5,4,344.06781005859375
38,0.853658536585366,3.2772300073702354e-06,-2,-5,4,344.06781005859375
39,0.902439024390244,8.156064723152667e-06,-2,-5,4,344.06781005859375
40,0.9512195121951219,2.4074938664853107e-06,-2,-5,4,344.06781005859375
41,1.0,1.0457558346388396e-05,-2,-5,4,344.06781005859375
0,-1.0,2.7897956897504628e-05,-2,-4,5,344.06781005859375
1,-0.9512195121951219,2.405724262644071e-05,-2,-4,5,344.06781005859375
2,-0.9024390243902439,0.00030549755319952965,-2,-4,5,344.06781005859375
3,-0.8536585365853658,0.0010952713200822473,-2,-4,5,344.06781005859375
4,-0.8048780487804879,0.0018396294908598065,-2,-4,5,344.06781005859375
5,-0.7560975609756098,0.001551082474179566,-2,-4,5,344.06781005859375
6,-0.7073170731707317,0.0007043324294500053,-2,-4,5,344.06781005859375
7,-0.6585365853658536,0.00011027696746168658,-2,-4,5,344.06781005859375
8,-0.6097560975609756,1.1449406883912161e-05,-2,-4,5,344.06781005859375
9,-0.5609756097560976,6.5716500103008e-05,-2,-4,5,344.06781005859375
10,-0.5121951219512195,3.190252391505055e-05,-2,-4,5,344.06781005859375
11,-0.46341463414634143,3.7501777114812285e-06,-2,-4,5,344.06781005859375
12,-0.41463414634146334,1.4895568710926455e-05,-2,-4,5,344.06781005859375
13,-0.36585365853658536,1.1053328307752963e-05,-2,-4,5,344.06781005859375
14,-0.31707317073170727,8.725481166038662e-06,-2,-4,5,344.06781005859375
15,-0.2682926829268293,1.5912468370515853e-05,-2,-4,5,344.06781005859375
16,-0.2195121951219512,9.307696018368006e-06,-2,-4,5,344.06781005859375
17,-0.1707317073170731,1.5294024251488736e-06,-2,-4,5,344.06781005859375
18,-0.12195121951219512,3.005069629580248e-06,-2,-4,5,344.06781005859375
19,-0.07317073170731703,4.610879841493443e-06,-2,-4,5,344.06781005859375
20,-0.024390243902439046,1.8478522179066204e-06,-2,-4,5,344.06781005859375
21,0.024390243902439046,1.4325318034025258e-06,-2,-4,5,344.06781005859375
22,0.07317073170731714,2.691967665668926e-06,-2,-4,5,344.06781005859375
23,0.12195121951219523,4.084922409219871e-07,-2,-4,5,344.06781005859375
24,0.17073170731707332,8.769279702391941e-07,-2,-4,5,344.06781005859375
25,0.2195121951219512,1.62670971803891e-06,-2,-4,5,344.06781005859375
26,0.2682926829268293,1.8849789285013685e-07,-2,-4,5,344.06781005859375
27,0.3170731707317074,0.0,-2,-4,5,344.06781005859375
28,0.36585365853658547,0.0,-2,-4,5,344.06781005859375
29,0.41463414634146356,0.0,-2,-4,5,344.06781005859375
30,0.46341463414634143,0.0,-2,-4,5,344.06781005859375
31,0.5121951219512195,0.0,-2,-4,5,344.06781005859375
32,0.5609756097560976,0.0,-2,-4,5,344.06781005859375
33,0.6097560975609757,0.0,-2,-4,5,344.06781005859375
34,0.6585365853658538,0.0,-2,-4,5,344.06781005859375
35,0.7073170731707317,0.0,-2,-4,5,344.06781005859375
36,0.7560975609756098,0.0,-2,-4,5,344.06781005859375
37,0.8048780487804879,0.0,-2,-4,5,344.06781005859375
38,0.853658536585366,0.0,-2,-4,5,344.06781005859375
39,0.902439024390244,0.0,-2,-4,5,344.06781005859375
40,0.9512195121951219,0.0,-2,-4,5,344.06781005859375
41,1.0,0.0,-2,-4,5,344.06781005859375
0,-1.0,0.0,-2,-3,5,344.06781005859375
1,-0.9512195121951219,0.0,-2,-3,5,344.06781005859375
2,-0.9024390243902439,0.0,-2,-3,5,344.06781005859375
3,-0.8536585365853658,0.0,-2,-3,5,344.06781005859375
4,-0.8048780487804879,0.0,-2,-3,5,344.06781005859375
5,-0.7560975609756098,0.0,-2,-3,5,344.06781005859375
6,-0.7073170731707317,0.0,-2,-3,5,344.06781005859375
7,-0.6585365853658536,0.0,-2,-3,5,344.06781005859375
8,-0.6097560975609756,0.0,-2,-3,5,344.06781005859375
9,-0.5609756097560976,0.0,-2,-3,5,344.06781005859375
10,-0.5121951219512195,0.0,-2,-3,5,344.06781005859375
11,-0.46341463414634143,0.0,-2,-3,5,344.06781005859375
12,-0.41463414634146334,2.3223332391353324e-05,-2,-3,5,344.06781005859375
13,-0.36585365853658536,5.914851863053627e-05,-2,-3,5,344.06781005859375
14,-0.31707317073170727,4.484850069275126e-05,-2,-3,5,344.06781005859375
15,-0.2682926829268293,9.08145523226267e-07,-2,-3,5,344.06781005859375
16,-0.2195121951219512,5.087263343739323e-05,-2,-3,5,344.06781005859375
17,-0.1707317073170731,0.00013718492118641734,-2,-3,5,344.06781005859375
18,-0.12195121951219512,0.00010588919394649565,-2,-3,5,344.06781005859375
19,-0.07317073170731703,1.1454644663899671e-05,-2,-3,5,344.06781005859375
20,-0.024390243902439046,3.3318639907520264e-05,-2,-3,5,344.06781005859375
21,0.024390243902439046,0.00014168527559377253,-2,-3,5,344.06781005859375
22,0.07317073170731714,0.00014218622527550906,-2,-3,5,344.06781005859375
23,0.12195121951219523,3.3310912840534e-05,-2,-3,5,344.06781005859375
24,0.17073170731707332,2.445498830638826e-05,-2,-3,5,344.06781005859375
25,0.2195121951219512,0.00016236626834142953,-2,-3,5,344.06781005859375
26,0.2682926829268293,0.00018835779337678105,-2,-3,5,344.06781005859375
27,0.3170731707317074,3.327086233184673e-05,-2,-3,5,344.06781005859375
28,0.36585365853658547,4.3863481550943106e-05,-2,-3,5,344.06781005859375
29,0.41463414634146356,0.00026055038324557245,-2,-3,5,344.06781005859375
30,0.46341463414634143,0.0002534321101848036,-2,-3,5,344.06781005859375
31,0.5121951219512195,2.1776833818876185e-05,-2,-3,5,344.06781005859375
32,0.5609756097560976,0.000216096275835298,-2,-3,5,344.06781005859375
33,0.6097560975609757,0.0010227409657090902,-2,-3,5,344.06781005859375
34,0.6585365853658538,0.0013030763948336244,-2,-3,5,344.06781005859375
35,0.7073170731707317,0.00030513692763634026,-2,-3,5,344.06781005859375
36,0.7560975609756098,0.0005732477875426412,-2,-3,5,344.06781005859375
37,0.8048780487804879,0.006154514849185944,-2,-3,5,344.06781005859375
38,0.853658536585366,0.016700802370905876,-2,-3,5,344.06781005859375
39,0.902439024390244,0.025407571345567703,-2,-3,5,344.06781005859375
40,0.9512195121951219,0.024970345199108124,-2,-3,5,344.06781005859375
41,1.0,0.01585622876882553,-2,-3,5,344.06781005859375
0,-1.0,0.008214224129915237,-2,1,7,344.06781005859375
1,-0.9512195121951219,0.009791534394025803,-2,1,7,344.06781005859375
2,-0.9024390243902439,0.010891048237681389,-2,1,7,344.06781005859375
3,-0.8536585365853658,0.010729053989052773,-2,1,7,344.06781005859375
4,-0.8048780487804879,0.009765543043613434,-2,1,7,344.06781005859375
5,-0.7560975609756098,0.008470875211060047,-2,1,7,344.06781005859375
6,-0.7073170731707317,0.007616396062076092,-2,1,7,344.06781005859375
7,-0.6585365853658536,0.008237740024924278,-2,1,7,344.06781005859375
8,-0.6097560975609756,0.01014895923435688,-2,1,7,344.06781005859375
9,-0.5609756097560976,0.012220479547977448,-2,1,7,344.06781005859375
10,-0.5121951219512195,0.013531224802136421,-2,1,7,344.06781005859375
11,-0.46341463414634143,0.014008346945047379,-2,1,7,344.06781005859375
12,-0.41463414634146334,0.0133028794080019,-2,1,7,344.06781005859375
13,-0.36585365853658536,0.012164662592113018,-2,1,7,344.06781005859375
14,-0.31707317073170727,0.010510590858757496,-2,1,7,344.06781005859375
15,-0.2682926829268293,0.00853294413536787,-2,1,7,344.06781005859375
16,-0.2195121951219512,0.0070479935966432095,-2,1,7,344.06781005859375
17,-0.1707317073170731,0.0064620464108884335,-2,1,7,344.06781005859375
18,-0.12195121951219512,0.005960185546427965,-2,1,7,344.06781005859375
19,-0.07317073170731703,0.004950872156769037,-2,1,7,344.06781005859375
20,-0.024390243902439046,0.0040766349993646145,-2,1,7,344.06781005859375
21,0.024390243902439046,0.003624706296250224,-2,1,7,344.06781005859375
22,0.07317073170731714,0.0034933513961732388,-2,1,7,344.06781005859375
23,0.12195121951219523,0.003561793128028512,-2,1,7,344.06781005859375
24,0.17073170731707332,0.0036251710262149572,-2,1,7,344.06781005859375
25,0.2195121951219512,0.0034609141293913126,-2,1,7,344.06781005859375
26,0.2682926829268293,0.002877594204619527,-2,1,7,344.06781005859375
27,0.3170731707317074,0.002022570464760065,-2,1,7,344.06781005859375
28,0.36585365853658547,0.0013032823335379362,-2,1,7,344.06781005859375
29,0.41463414634146356,0.0009137222077697515,-2,1,7,344.06781005859375
30,0.46341463414634143,0.0007495536701753736,-2,1,7,344.06781005859375
31,0.5121951219512195,0.000723258825019002,-2,1,7,344.06781005859375
32,0.5609756097560976,0.0007277433178387582,-2,1,7,344.06781005859375
33,0.6097560975609757,0.0006324481801129878,-2,1,7,344.06781005859375
34,0.6585365853658538,0.0004401010228320956,-2,1,7,344.06781005859375
35,0.7073170731707317,0.00023747394152451307,-2,1,7,344.06781005859375
36,0.7560975609756098,0.00010029160330304876,-2,1,7,344.06781005859375
37,0.8048780487804879,4.904841989628039e-05,-2,1,7,344.06781005859375
38,0.853658536585366,4.636443918570876e-05,-2,1,7,344.06781005859375
39,0.902439024390244,4.129726585233584e-05,-2,1,7,344.06781005859375
40,0.9512195121951219,3.0055549359531142e-05,-2,1,7,344.06781005859375
41,1.0,1.4590706086892169e-05,-2,1,7,344.06781005859375
0,-1.0,2.22002636292018e-05,-2,4,8,344.06781005859375
1,-0.9512195121951219,1.6670730474288575e-05,-2,4,8,344.06781005859375
2,-0.9024390243902439,1.0071491487906314e-05,-2,4,8,344.06781005859375
3,-0.8536585365853658,2.0317747839726508e-05,-2,4,8,344.06781005859375
4,-0.8048780487804879,4.063404048793018e-05,-2,4,8,344.06781005859375
5,-0.7560975609756098,5.373338353820145e-05,-2,4,8,344.06781005859375
6,-0.7073170731707317,4.122195969102904e-05,-2,4,8,344.06781005859375
7,-0.6585365853658536,9.241432053386234e-06,-2,4,8,344.06781005859375
8,-0.6097560975609756,1.4778175682295114e-05,-2,4,8,344.06781005859375
9,-0.5609756097560976,8.868770237313583e-05,-2,4,8,344.06781005859375
10,-0.5121951219512195,0.00013117420894559473,-2,4,8,344.06781005859375
11,-0.46341463414634143,8.427794091403484e-05,-2,4,8,344.06781005859375
12,-0.41463414634146334,0.0001010703417705372,-2,4,8,344.06781005859375
13,-0.36585365853658536,0.0003048437356483191,-2,4,8,344.06781005859375
14,-0.31707317073170727,0.0005356441834010184,-2,4,8,344.06781005859375
15,-0.2682926829268293,0.0005368807469494641,-2,4,8,344.06781005859375
16,-0.2195121951219512,0.00036285127862356603,-2,4,8,344.06781005859375
17,-0.1707317073170731,0.00018367476877756417,-2,4,8,344.06781005859375
18,-0.12195121951219512,5.7301713241031393e-05,-2,4,8,344.06781005859375
19,-0.07317073170731703,2.578565909061581e-05,-2,4,8,344.06781005859375
20,-0.024390243902439046,1.1743976756406482e-05,-2,4,8,344.06781005859375
21,0.024390243902439046,9.588761713530403e-07,-2,4,8,344.06781005859375
22,0.07317073170731714,1.2798715033568442e-05,-2,4,8,344.06781005859375
23,0.12195121951219523,1.4942743291612715e-05,-2,4,8,344.06781005859375
24,0.17073170731707332,3.39582788910775e-06,-2,4,8,344.06781005859375
25,0.2195121951219512,4.4500046669782023e-07,-2,4,8,344.06781005859375
26,0.2682926829268293,2.0949248664692277e-06,-2,4,8,344.06781005859375
27,0.3170731707317074,3.8055709410400596e-06,-2,4,8,344.06781005859375
28,0.36585365853658547,6.064132321625948e-06,-2,4,8,344.06781005859375
29,0.41463414634146356,4.802137482329272e-06,-2,4,8,344.06781005859375
30,0.46341463414634143,2.1025621208536904e-06,-2,4,8,344.06781005859375
31,0.5121951219512195,2.548990551076713e-06,-2,4,8,344.06781005859375
32,0.5609756097560976,2.6327347768528853e-06,-2,4,8,344.06781005859375
33,0.6097560975609757,3.1501576813752763e-07,-2,4,8,344.06781005859375
34,0.6585365853658538,8.451511348539498e-07,-2,4,8,344.06781005859375
35,0.7073170731707317,4.943991825712146e-06,-2,4,8,344.06781005859375
36,0.7560975609756098,8.75820387591375e-06,-2,4,8,344.06781005859375
37,0.8048780487804879,1.0647497219906654e-05,-2,4,8,344.06781005859375
38,0.853658536585366,7.431505309796194e-06,-2,4,8,344.06781005859375
39,0.902439024390244,2.899257196986582e-06,-2,4,8,344.06781005859375
40,0.9512195121951219,4.477807124203537e-06,-2,4,8,344.06781005859375
41,1.0,7.849408575566486e-06,-2,4,8,344.06781005859375
0,-1.0,0.0,-2,6,9,344.06781005859375
1,-0.9512195121951219,0.0,-2,6,9,344.06781005859375
2,-0.9024390243902439,0.0,-2,6,9,344.06781005859375
3,-0.8536585365853658,0.0,-2,6,9,344.06781005859375
4,-0.8048780487804879,0.0,-2,6,9,344.06781005859375
5,-0.7560975609756098,0.0,-2,6,9,344.06781005859375
6,-0.7073170731707317,0.0,-2,6,9,344.06781005859375
7,-0.6585365853658536,0.0,-2,6,9,344.06781005859375
8,-0.6097560975609756,0.0,-2,6,9,344.06781005859375
9,-0.5609756097560976,0.0,-2,6,9,344.06781005859375
10,-0.5121951219512195,0.0,-2,6,9,344.06781005859375
11,-0.46341463414634143,0.0,-2,6,9,344.06781005859375
12,-0.41463414634146334,0.0,-2,6,9,344.06781005859375
13,-0.36585365853658536,0.0,-2,6,9,344.06781005859375
14,-0.31707317073170727,0.0,-2,6,9,344.06781005859375
15,-0.2682926829268293,0.0,-2,6,9,344.06781005859375
16,-0.2195121951219512,0.0,-2,6,9,344.06781005859375
17,-0.1707317073170731,0.0,-2,6,9,344.06781005859375
18,-0.12195121951219512,0.0,-2,6,9,344.06781005859375
19,-0.07317073170731703,0.0,-2,6,9,344.06781005859375
20,-0.024390243902439046,0.0,-2,6,9,344.06781005859375
21,0.024390243902439046,2.005524720516405e-06,-2,6,9,344.06781005859375
22,0.07317073170731714,4.336861366027733e-06,-2,6,9,344.06781005859375
23,0.12195121951219523,2.657040170106484e-07,-2,6,9,344.06781005859375
24,0.17073170731707332,5.005269031244097e-06,-2,6,9,344.06781005859375
25,0.2195121951219512,2.8081174150429433e-06,-2,6,9,344.06781005859375
26,0.2682926829268293,1.146681938735128e-06,-2,6,9,344.06781005859375
27,0.3170731707317074,8.402256753470283e-06,-2,6,9,344.06781005859375
28,0.36585365853658547,3.2117986847879365e-06,-2,6,9,344.06781005859375
29,0.41463414634146356,3.3370231449225685e-06,-2,6,9,344.06781005859375
30,0.46341463414634143,3.8409139051509555e-06,-2,6,9,344.06781005859375
31,0.5121951219512195,2.3696469725109637e-05,-2,6,9,344.06781005859375
32,0.5609756097560976,8.801572403172031e-05,-2,6,9,344.06781005859375
33,0.6097560975609757,3.725853457581252e-05,-2,6,9,344.06781005859375
34,0.6585365853658538,1.482939569541486e-05,-2,6,9,344.06781005859375
35,0.7073170731707317,8.873875049175695e-05,-2,6,9,344.06781005859375
36,0.7560975609756098,1.3571273882462265e-07,-2,6,9,344.06781005859375
37,0.8048780487804879,0.00041786301881074905,-2,6,9,344.06781005859375
38,0.853658536585366,0.001528106164187193,-2,6,9,344.06781005859375
39,0.902439024390244,0.001993756275624037,-2,6,9,344.06781005859375
40,0.9512195121951219,0.0008940889383666217,-2,6,9,344.06781005859375
41,1.0,3.4554530429886654e-05,-2,6,9,344.06781005859375
0,-1.0,0.0,-2,7,9,344.06781005859375
1,-0.9512195121951219,0.0,-2,7,9,344.06781005859375
2,-0.9024390243902439,0.0,-2,7,9,344.06781005859375
3,-0.8536585365853658,0.0,-2,7,9,344.06781005859375
4,-0.8048780487804879,0.0,-2,7,9,344.06781005859375
5,-0.7560975609756098,0.0,-2,7,9,344.06781005859375
6,-0.7073170731707317,0.0,-2,7,9,344.06781005859375
7,-0.6585365853658536,0.0,-2,7,9,344.06781005859375
8,-0.6097560975609756,0.0,-2,7,9,344.06781005859375
9,-0.5609756097560976,0.0,-2,7,9,344.06781005859375
10,-0.5121951219512195,5.301712349137233e-07,-2,7,9,344.06781005859375
11,-0.46341463414634143,3.628019555890205e-07,-2,7,9,344.06781005859375
12,-0.41463414634146334,6.306571975756015e-08,-2,7,9,344.06781005859375
13,-0.36585365853658536,1.3230555850896053e-07,-2,7,9,344.06781005859375
14,-0.31707317073170727,1.2893681855530303e-07,-2,7,9,344.06781005859375
15,-0.2682926829268293,4.8254165108119196e-08,-2,7,9,344.06781005859375
16,-0.2195121951219512,9.971071790459973e-08,-2,7,9,344.06781005859375
17,-0.1707317073170731,7.167071771618794e-07,-2,7,9,344.06781005859375
18,-0.12195121951219512,9.960238003259292e-07,-2,7,9,344.06781005859375
19,-0.07317073170731703,2.479669092281256e-07,-2,7,9,344.06781005859375
20,-0.024390243902439046,7.739574243714742e-07,-2,7,9,344.06781005859375
21,0.024390243902439046,4.7465427144288697e-08,-2,7,9,344.06781005859375
22,0.07317073170731714,7.994485144990904e-07,-2,7,9,344.06781005859375
23,0.12195121951219523,1.033416538120946e-06,-2,7,9,344.06781005859375
24,0.17073170731707332,4.937987341691041e-06,-2,7,9,344.06781005859375
25,0.2195121951219512,1.0931246833933983e-05,-2,7,9,344.06781005859375
26,0.2682926829268293,4.689770776167279e-06,-2,7,9,344.06781005859375
27,0.3170731707317074,2.3391710612941097e-07,-2,7,9,344.06781005859375
28,0.36585365853658547,2.438065109799936e-07,-2,7,9,344.06781005859375
29,0.41463414634146356,3.025015473667736e-07,-2,7,9,344.06781005859375
30,0.46341463414634143,3.0391476002478157e-07,-2,7,9,344.06781005859375
31,0.5121951219512195,5.780901233265467e-07,-2,7,9,344.06781005859375
32,0.5609756097560976,4.2053170545841567e-07,-2,7,9,344.06781005859375
33,0.6097560975609757,6.663938734163821e-08,-2,7,9,344.06781005859375
34,0.6585365853658538,1.766522359503142e-07,-2,7,9,344.06781005859375
35,0.7073170731707317,9.082951919481275e-07,-2,7,9,344.06781005859375
36,0.7560975609756098,1.4926854419172741e-06,-2,7,9,344.06781005859375
37,0.8048780487804879,1.8960857914862572e-06,-2,7,9,344.06781005859375
38,0.853658536585366,2.3401028101943666e-06,-2,7,9,344.06781005859375
39,0.902439024390244,2.328360096726101e-06,-2,7,9,344.06781005859375
40,0.9512195121951219,0.0,-2,7,9,344.06781005859375
41,1.0,0.0,-2,7,9,344.06781005859375
0,-1.0,0.0,-1,-9,-2,344.06781005859375
1,-0.9512195121951219,0.0,-1,-9,-2,344.06781005859375
2,-0.9024390243902439,0.0,-1,-9,-2,344.06781005859375
3,-0.8536585365853658,0.0,-1,-9,-2,344.06781005859375
4,-0.8048780487804879,0.0,-1,-9,-2,344.06781005859375
5,-0.7560975609756098,0.0,-1,-9,-2,344.06781005859375
6,-0.7073170731707317,0.0,-1,-9,-2,344.06781005859375
7,-0.6585365853658536,0.0,-1,-9,-2,344.06781005859375
8,-0.6097560975609756,0.0,-1,-9,-2,344.06781005859375
9,-0.5609756097560976,0.0,-1,-9,-2,344.06781005859375
10,-0.5121951219512195,0.0,-1,-9,-2,344.06781005859375
11,-0.46341463414634143,0.0,-1,-9,-2,344.06781005859375
12,-0.41463414634146334,0.0,-1,-9,-2,344.06781005859375
13,-0.36585365853658536,0.0,-1,-9,-2,344.06781005859375
14,-0.31707317073170727,0.0,-1,-9,-2,344.06781005859375
15,-0.2682926829268293,0.0,-1,-9,-2,344.06781005859375
16,-0.2195121951219512,0.0,-1,-9,-2,344.06781005859375
17,-0.1707317073170731,0.0,-1,-9,-2,344.06781005859375
18,-0.12195121951219512,0.0,-1,-9,-2,344.06781005859375
19,-0.07317073170731703,0.0,-1,-9,-2,344.06781005859375
20,-0.024390243902439046,0.0,-1,-9,-2,344.06781005859375
21,0.024390243902439046,6.816847530899395e-07,-1,-9,-2,344.06781005859375
22,0.07317073170731714,1.910799028337351e-06,-1,-9,-2,344.06781005859375
23,0.12195121951219523,9.519059176454903e-07,-1,-9,-2,344.06781005859375
24,0.17073170731707332,6.277129500631418e-07,-1,-9,-2,344.06781005859375
25,0.2195121951219512,5.164674234947597e-07,-1,-9,-2,344.06781005859375
26,0.2682926829268293,1.4985553775659355e-07,-1,-9,-2,344.06781005859375
27,0.3170731707317074,6.114995585448924e-07,-1,-9,-2,344.06781005859375
28,0.36585365853658547,3.29413023791858e-06,-1,-9,-2,344.06781005859375
29,0.41463414634146356,1.2766681720677298e-06,-1,-9,-2,344.06781005859375
30,0.46341463414634143,3.8434187445091084e-05,-1,-9,-2,344.06781005859375
31,0.5121951219512195,5.949550904915668e-05,-1,-9,-2,344.06781005859375
32,0.5609756097560976,3.92111724067945e-06,-1,-9,-2,344.06781005859375
33,0.6097560975609757,3.9783208194421604e-06,-1,-9,-2,344.06781005859375
34,0.6585365853658538,6.143178779893788e-06,-1,-9,-2,344.06781005859375
35,0.7073170731707317,1.5947607607813552e-06,-1,-9,-2,344.06781005859375
36,0.7560975609756098,1.8182739722760743e-06,-1,-9,-2,344.06781005859375
37,0.8048780487804879,5.388651516113896e-07,-1,-9,-2,344.06781005859375
38,0.853658536585366,3.494498912459676e-07,-1,-9,-2,344.06781005859375
39,0.902439024390244,3.252434055411868e-07,-1,-9,-2,344.06781005859375
40,0.9512195121951219,2.660739895077313e-08,-1,-9,-2,344.06781005859375
41,1.0,0.0,-1,-9,-2,344.06781005859375
0,-1.0,4.427812200447079e-06,-1,-9,-1,344.06781005859375
1,-0.9512195121951219,3.374076698037243e-07,-1,-9,-1,344.06781005859375
2,-0.9024390243902439,1.1485429240565281e-05,-1,-9,-1,344.06781005859375
3,-0.8536585365853658,3.0205299481167458e-05,-1,-9,-1,344.06781005859375
4,-0.8048780487804879,0.00021182338241487741,-1,-9,-1,344.06781005859375
5,-0.7560975609756098,5.190916999708861e-05,-1,-9,-1,344.06781005859375
6,-0.7073170731707317,7.697629371250514e-06,-1,-9,-1,344.06781005859375
7,-0.6585365853658536,5.414615316112759e-07,-1,-9,-1,344.06781005859375
8,-0.6097560975609756,3.1714366741653066e-06,-1,-9,-1,344.06781005859375
9,-0.5609756097560976,1.179480250357301e-06,-1,-9,-1,344.06781005859375
10,-0.5121951219512195,9.344934142063721e-07,-1,-9,-1,344.06781005859375
11,-0.46341463414634143,8.077135476014519e-07,-1,-9,-1,344.06781005859375
12,-0.41463414634146334,8.91755121301685e-07,-1,-9,-1,344.06781005859375
13,-0.36585365853658536,5.997364951326745e-07,-1,-9,-1,344.06781005859375
14,-0.31707317073170727,1.6550969803574844e-06,-1,-9,-1,344.06781005859375
15,-0.2682926829268293,0.0,-1,-9,-1,344.06781005859375
16,-0.2195121951219512,0.0,-1,-9,-1,344.06781005859375
17,-0.1707317073170731,0.0,-1,-9,-1,344.06781005859375
18,-0.12195121951219512,0.0,-1,-9,-1,344.06781005859375
19,-0.07317073170731703,0.0,-1,-9,-1,344.06781005859375
20,-0.024390243902439046,0.0,-1,-9,-1,344.06781005859375
21,0.024390243902439046,0.0,-1,-9,-1,344.06781005859375
22,0.07317073170731714,0.0,-1,-9,-1,344.06781005859375
23,0.12195121951219523,0.0,-1,-9,-1,344.06781005859375
24,0.17073170731707332,0.0,-1,-9,-1,344.06781005859375
25,0.2195121951219512,0.0,-1,-9,-1,344.06781005859375
26,0.2682926829268293,0.0,-1,-9,-1,344.06781005859375
27,0.3170731707317074,0.0,-1,-9,-1,344.06781005859375
28,0.36585365853658547,0.0,-1,-9,-1,344.06781005859375
29,0.41463414634146356,0.0,-1,-9,-1,344.06781005859375
30,0.46341463414634143,0.0,-1,-9,-1,344.06781005859375
31,0.5121951219512195,0.0,-1,-9,-1,344.06781005859375
32,0.5609756097560976,0.0,-1,-9,-1,344.06781005859375
33,0.6097560975609757,0.0,-1,-9,-1,344.06781005859375
34,0.6585365853658538,0.0,-1,-9,-1,344.06781005859375
35,0.7073170731707317,0.0,-1,-9,-1,344.06781005859375
36,0.7560975609756098,0.0,-1,-9,-1,344.06781005859375
37,0.8048780487804879,0.0,-1,-9,-1,344.06781005859375
38,0.853658536585366,0.0,-1,-9,-1,344.06781005859375
39,0.902439024390244,0.0,-1,-9,-1,344.06781005859375
40,0.9512195121951219,0.0,-1,-9,-1,344.06781005859375
41,1.0,0.0,-1,-9,-1,344.06781005859375
0,-1.0,0.0,-1,-8,-1,344.06781005859375
1,-0.9512195121951219,0.0,-1,-8,-1,344.06781005859375
2,-0.9024390243902439,0.0,-1,-8,-1,344.06781005859375
3,-0.8536585365853658,0.0,-1,-8,-1,344.06781005859375
4,-0.8048780487804879,0.0,-1,-8,-1,344.06781005859375
5,-0.7560975609756098,0.0,-1,-8,-1,344.06781005859375
6,-0.7073170731707317,0.0,-1,-8,-1,344.06781005859375
7,-0.6585365853658536,0.0,-1,-8,-1,344.06781005859375
8,-0.6097560975609756,0.0,-1,-8,-1,344.06781005859375
9,-0.5609756097560976,0.0,-1,-8,-1,344.06781005859375
10,-0.5121951219512195,0.0,-1,-8,-1,344.06781005859375
11,-0.46341463414634143,4.4316707317193504e-06,-1,-8,-1,344.06781005859375
12,-0.41463414634146334,9.130475291385665e-07,-1,-8,-1,344.06781005859375
13,-0.36585365853658536,7.970610340635176e-07,-1,-8,-1,344.06781005859375
14,-0.31707317073170727,1.5265312924839236e-07,-1,-8,-1,344.06781005859375
15,-0.2682926829268293,1.2657278603001032e-06,-1,-8,-1,344.06781005859375
16,-0.2195121951219512,1.3151961866242345e-06,-1,-8,-1,344.06781005859375
17,-0.1707317073170731,1.1805033182099578e-06,-1,-8,-1,344.06781005859375
18,-0.12195121951219512,7.091216957633151e-06,-1,-8,-1,344.06781005859375
19,-0.07317073170731703,3.884455281877308e-07,-1,-8,-1,344.06781005859375
20,-0.024390243902439046,2.243112930955249e-06,-1,-8,-1,344.06781005859375
21,0.024390243902439046,6.514099368359894e-05,-1,-8,-1,344.06781005859375
22,0.07317073170731714,0.0005196909769438207,-1,-8,-1,344.06781005859375
23,0.12195121951219523,0.0005025299615226686,-1,-8,-1,344.06781005859375
24,0.17073170731707332,5.663629053742625e-05,-1,-8,-1,344.06781005859375
25,0.2195121951219512,1.819185126805678e-05,-1,-8,-1,344.06781005859375
26,0.2682926829268293,1.793789579096483e-06,-1,-8,-1,344.06781005859375
27,0.3170731707317074,1.2089899428247008e-05,-1,-8,-1,344.06781005859375
28,0.36585365853658547,5.803359499623184e-07,-1,-8,-1,344.06781005859375
29,0.41463414634146356,2.0911845695081865e-06,-1,-8,-1,344.06781005859375
30,0.46341463414634143,8.370568593818462e-07,-1,-8,-1,344.06781005859375
31,0.5121951219512195,2.4175083126465324e-06,-1,-8,-1,344.06781005859375
32,0.5609756097560976,1.5279333354101254e-07,-1,-8,-1,344.06781005859375
33,0.6097560975609757,8.087706078185875e-07,-1,-8,-1,344.06781005859375
34,0.6585365853658538,2.8410394037337028e-08,-1,-8,-1,344.06781005859375
35,0.7073170731707317,0.0,-1,-8,-1,344.06781005859375
36,0.7560975609756098,0.0,-1,-8,-1,344.06781005859375
37,0.8048780487804879,0.0,-1,-8,-1,344.06781005859375
38,0.853658536585366,0.0,-1,-8,-1,344.06781005859375
39,0.902439024390244,0.0,-1,-8,-1,344.06781005859375
40,0.9512195121951219,0.0,-1,-8,-1,344.06781005859375
41,1.0,0.0,-1,-8,-1,344.06781005859375
0,-1.0,4.008518317277776e-06,-1,-7,0,344.06781005859375
1,-0.9512195121951219,2.802982237426477e-07,-1,-7,0,344.06781005859375
2,-0.9024390243902439,6.518748705275357e-06,-1,-7,0,344.06781005859375
3,-0.8536585365853658,1.397943492520426e-06,-1,-7,0,344.06781005859375
4,-0.8048780487804879,2.286944436491467e-05,-1,-7,0,344.06781005859375
5,-0.7560975609756098,8.623152893960651e-07,-1,-7,0,344.06781005859375
6,-0.7073170731707317,3.744035348063335e-05,-1,-7,0,344.06781005859375
7,-0.6585365853658536,1.3420994946500286e-06,-1,-7,0,344.06781005859375
8,-0.6097560975609756,5.219227386987768e-05,-1,-7,0,344.06781005859375
9,-0.5609756097560976,9.298345685238019e-05,-1,-7,0,344.06781005859375
10,-0.5121951219512195,0.0013871690025553107,-1,-7,0,344.06781005859375
11,-0.46341463414634143,0.0019101477228105068,-1,-7,0,344.06781005859375
12,-0.41463414634146334,0.00032797243329696357,-1,-7,0,344.06781005859375
13,-0.36585365853658536,4.574369449983351e-05,-1,-7,0,344.06781005859375
14,-0.31707317073170727,4.847384479944594e-05,-1,-7,0,344.06781005859375
15,-0.2682926829268293,2.6967816666001454e-05,-1,-7,0,344.06781005859375
16,-0.2195121951219512,1.924950811371673e-05,-1,-7,0,344.06781005859375
17,-0.1707317073170731,2.8348114938125946e-05,-1,-7,0,344.06781005859375
18,-0.12195121951219512,3.0807379516772926e-05,-1,-7,0,344.06781005859375
19,-0.07317073170731703,2.506793407519581e-06,-1,-7,0,344.06781005859375
20,-0.024390243902439046,1.0453667528054211e-05,-1,-7,0,344.06781005859375
21,0.024390243902439046,2.676461861028656e-07,-1,-7,0,344.06781005859375
22,0.07317073170731714,1.1869346963067073e-06,-1,-7,0,344.06781005859375
23,0.12195121951219523,5.0185017244075425e-06,-1,-7,0,344.06781005859375
24,0.17073170731707332,2.1315943286026595e-06,-1,-7,0,344.06781005859375
25,0.2195121951219512,0.0,-1,-7,0,344.06781005859375
26,0.2682926829268293,0.0,-1,-7,0,344.06781005859375
27,0.3170731707317074,0.0,-1,-7,0,344.06781005859375
28,0.36585365853658547,0.0,-1,-7,0,344.06781005859375
29,0.41463414634146356,0.0,-1,-7,0,344.06781005859375
30,0.46341463414634143,0.0,-1,-7,0,344.06781005859375
31,0.5121951219512195,0.0,-1,-7,0,344.06781005859375
32,0.5609756097560976,0.0,-1,-7,0,344.06781005859375
33,0.6097560975609757,0.0,-1,-7,0,344.06781005859375
34,0.6585365853658538,0.0,-1,-7,0,344.06781005859375
35,0.7073170731707317,0.0,-1,-7,0,344.06781005859375
36,0.7560975609756098,0.0,-1,-7,0,344.06781005859375
37,0.8048780487804879,0.0,-1,-7,0,344.06781005859375
38,0.853658536585366,0.0,-1,-7,0,344.06781005859375
39,0.902439024390244,0.0,-1,-7,0,344.06781005859375
40,0.9512195121951219,0.0,-1,-7,0,344.06781005859375
41,1.0,0.0,-1,-7,0,344.06781005859375
0,-1.0,0.0,-1,-6,0,344.06781005859375
1,-0.9512195121951219,0.0,-1,-6,0,344.06781005859375
2,-0.9024390243902439,0.0,-1,-6,0,344.06781005859375
3,-0.8536585365853658,0.0,-1,-6,0,344.06781005859375
4,-0.8048780487804879,0.0,-1,-6,0,344.06781005859375
5,-0.7560975609756098,0.0,-1,-6,0,344.06781005859375
6,-0.7073170731707317,0.0,-1,-6,0,344.06781005859375
7,-0.6585365853658536,0.0,-1,-6,0,344.06781005859375
8,-0.6097560975609756,0.0,-1,-6,0,344.06781005859375
9,-0.5609756097560976,0.0,-1,-6,0,344.06781005859375
10,-0.5121951219512195,0.0,-1,-6,0,344.06781005859375
11,-0.46341463414634143,0.0,-1,-6,0,344.06781005859375
12,-0.41463414634146334,0.0,-1,-6,0,344.06781005859375
13,-0.36585365853658536,0.0,-1,-6,0,344.06781005859375
14,-0.31707317073170727,0.0,-1,-6,0,344.06781005859375
15,-0.2682926829268293,0.0,-1,-6,0,344.06781005859375
16,-0.2195121951219512,0.0,-1,-6,0,344.06781005859375
17,-0.1707317073170731,0.0,-1,-6,0,344.06781005859375
18,-0.12195121951219512,0.0,-1,-6,0,344.06781005859375
19,-0.07317073170731703,1.2610310477612074e-05,-1,-6,0,344.06781005859375
20,-0.024390243902439046,4.9632885747996625e-06,-1,-6,0,344.06781005859375
21,0.024390243902439046,1.6523938029422425e-05,-1,-6,0,344.06781005859375
22,0.07317073170731714,2.1791520339320414e-05,-1,-6,0,344.06781005859375
23,0.12195121951219523,8.445533239864744e-06,-1,-6,0,344.06781005859375
24,0.17073170731707332,6.665416003670543e-05,-1,-6,0,344.06781005859375
25,0.2195121951219512,5.814281848870451e-06,-1,-6,0,344.06781005859375
26,0.2682926829268293,3.643733725766651e-05,-1,-6,0,344.06781005859375
27,0.3170731707317074,1.3828489500156138e-05,-1,-6,0,344.06781005859375
28,0.36585365853658547,3.078848385484889e-05,-1,-6,0,344.06781005859375
29,0.41463414634146356,3.746898801182397e-05,-1,-6,0,344.06781005859375
30,0.46341463414634143,5.356963811209425e-05,-1,-6,0,344.06781005859375
31,0.5121951219512195,0.00018963104230351746,-1,-6,0,344.06781005859375
32,0.5609756097560976,0.00013912160648033023,-1,-6,0,344.06781005859375
33,0.6097560975609757,0.0032343934290111065,-1,-6,0,344.06781005859375
34,0.6585365853658538,0.006267507094889879,-1,-6,0,344.06781005859375
35,0.7073170731707317,0.0033084019087255,-1,-6,0,344.06781005859375
36,0.7560975609756098,0.00021054509852547199,-1,-6,0,344.06781005859375
37,0.8048780487804879,0.00015809660544618964,-1,-6,0,344.06781005859375
38,0.853658536585366,4.760591036756523e-05,-1,-6,0,344.06781005859375
39,0.902439024390244,7.079173519741744e-05,-1,-6,0,344.06781005859375
40,0.9512195121951219,6.094924174249172e-05,-1,-6,0,344.06781005859375
41,1.0,1.8526241547078826e-05,-1,-6,0,344.06781005859375
0,-1.0,2.0220610167598352e-05,-1,-5,1,344.06781005859375
1,-0.9512195121951219,1.9873008568538353e-05,-1,-5,1,344.06781005859375
2,-0.9024390243902439,7.422865746775642e-05,-1,-5,1,344.06781005859375
3,-0.8536585365853658,3.869503416353837e-06,-1,-5,1,344.06781005859375
4,-0.8048780487804879,7.726043986622244e-05,-1,-5,1,344.06781005859375
5,-0.7560975609756098,8.812968007987365e-05,-1,-5,1,344.06781005859375
6,-0.7073170731707317,2.9519369491026737e-06,-1,-5,1,344.06781005859375
7,-0.6585365853658536,9.619019692763686e-05,-1,-5,1,344.06781005859375
8,-0.6097560975609756,5.6339606089750305e-05,-1,-5,1,344.06781005859375
9,-0.5609756097560976,5.741731001762673e-05,-1,-5,1,344.06781005859375
10,-0.5121951219512195,0.00025484064826741815,-1,-5,1,344.06781005859375
11,-0.46341463414634143,1.0545655641180929e-05,-1,-5,1,344.06781005859375
12,-0.41463414634146334,0.0004452805733308196,-1,-5,1,344.06781005859375
13,-0.36585365853658536,0.0007456961320713162,-1,-5,1,344.06781005859375
14,-0.31707317073170727,2.0956002117600292e-05,-1,-5,1,344.06781005859375
15,-0.2682926829268293,0.0047488585114479065,-1,-5,1,344.06781005859375
16,-0.2195121951219512,0.016756175085902214,-1,-5,1,344.06781005859375
17,-0.1707317073170731,0.02024039626121521,-1,-5,1,344.06781005859375
18,-0.12195121951219512,0.010336034931242466,-1,-5,1,344.06781005859375
19,-0.07317073170731703,0.0010903411312028766,-1,-5,1,344.06781005859375
20,-0.024390243902439046,0.00030677058384753764,-1,-5,1,344.06781005859375
21,0.024390243902439046,0.0007026210078038275,-1,-5,1,344.06781005859375
22,0.07317073170731714,4.3156447645742446e-05,-1,-5,1,344.06781005859375
23,0.12195121951219523,0.00020415178732946515,-1,-5,1,344.06781005859375
24,0.17073170731707332,0.00018159838509745896,-1,-5,1,344.06781005859375
25,0.2195121951219512,3.796697853886144e-07,-1,-5,1,344.06781005859375
26,0.2682926829268293,0.00010338547872379422,-1,-5,1,344.06781005859375
27,0.3170731707317074,4.5629345549969e-05,-1,-5,1,344.06781005859375
28,0.36585365853658547,1.118090222007595e-05,-1,-5,1,344.06781005859375
29,0.41463414634146356,6.517056317534298e-05,-1,-5,1,344.06781005859375
30,0.46341463414634143,1.7468644728069194e-05,-1,-5,1,344.06781005859375
31,0.5121951219512195,1.2766674444719683e-05,-1,-5,1,344.06781005859375
32,0.5609756097560976,2.5309787815785967e-05,-1,-5,1,344.06781005859375
33,0.6097560975609757,4.915586941933725e-06,-1,-5,1,344.06781005859375
34,0.6585365853658538,4.304242247599177e-05,-1,-5,1,344.06781005859375
35,0.7073170731707317,2.4987906726892106e-05,-1,-5,1,344.06781005859375
36,0.7560975609756098,0.0,-1,-5,1,344.06781005859375
37,0.8048780487804879,0.0,-1,-5,1,344.06781005859375
38,0.853658536585366,0.0,-1,-5,1,344.06781005859375
39,0.902439024390244,0.0,-1,-5,1,344.06781005859375
40,0.9512195121951219,0.0,-1,-5,1,344.06781005859375
41,1.0,0.0,-1,-5,1,344.06781005859375
0,-1.0,7.796095451340079e-05,-1,-3,2,344.06781005859375
1,-0.9512195121951219,0.0001814973948057741,-1,-3,2,344.06781005859375
2,-0.9024390243902439,0.00014733162242919207,-1,-3,2,344.06781005859375
3,-0.8536585365853658,2.4057040718616918e-05,-1,-3,2,344.06781005859375
4,-0.8048780487804879,3.7521491321967915e-05,-1,-3,2,344.06781005859375
5,-0.7560975609756098,0.00022104631352704018,-1,-3,2,344.06781005859375
6,-0.7073170731707317,0.00025794527027755976,-1,-3,2,344.06781005859375
7,-0.6585365853658536,8.277104643639177e-05,-1,-3,2,344.06781005859375
8,-0.6097560975609756,1.4771016140002757e-05,-1,-3,2,344.06781005859375
9,-0.5609756097560976,0.0002938924008049071,-1,-3,2,344.06781005859375
10,-0.5121951219512195,0.0005672663100995123,-1,-3,2,344.06781005859375
11,-0.46341463414634143,0.00031086261151358485,-1,-3,2,344.06781005859375
12,-0.41463414634146334,1.5029345377115533e-05,-1,-3,2,344.06781005859375
13,-0.36585365853658536,0.0005884417332708836,-1,-3,2,344.06781005859375
14,-0.31707317073170727,0.0013696063542738557,-1,-3,2,344.06781005859375
15,-0.2682926829268293,0.0010910216951742768,-1,-3,2,344.06781005859375
16,-0.2195121951219512,0.00011580684076761827,-1,-3,2,344.06781005859375
17,-0.1707317073170731,0.0009591768612153828,-1,-3,2,344.06781005859375
18,-0.12195121951219512,0.006524256430566311,-1,-3,2,344.06781005859375
19,-0.07317073170731703,0.016489751636981964,-1,-3,2,344.06781005859375
20,-0.024390243902439046,0.025535723194479942,-1,-3,2,344.06781005859375
21,0.024390243902439046,0.027413317933678627,-1,-3,2,344.06781005859375
22,0.07317073170731714,0.021550269797444344,-1,-3,2,344.06781005859375
23,0.12195121951219523,0.012011619284749031,-1,-3,2,344.06781005859375
24,0.17073170731707332,0.003933920990675688,-1,-3,2,344.06781005859375
25,0.2195121951219512,0.0004116225172765553,-1,-3,2,344.06781005859375
26,0.2682926829268293,0.00040465089841745794,-1,-3,2,344.06781005859375
27,0.3170731707317074,0.001020434545353055,-1,-3,2,344.06781005859375
28,0.36585365853658547,0.0007120554801076651,-1,-3,2,344.06781005859375
29,0.41463414634146356,0.00010790934175020084,-1,-3,2,344.06781005859375
30,0.46341463414634143,0.00018254270253237337,-1,-3,2,344.06781005859375
31,0.5121951219512195,0.0006220372742973268,-1,-3,2,344.06781005859375
32,0.5609756097560976,0.0006271477905102074,-1,-3,2,344.06781005859375
33,0.6097560975609757,0.00020710984244942665,-1,-3,2,344.06781005859375
34,0.6585365853658538,4.961598733643768e-06,-1,-3,2,344.06781005859375
35,0.7073170731707317,0.00021458267292473465,-1,-3,2,344.06781005859375
36,0.7560975609756098,0.0003346264420542866,-1,-3,2,344.06781005859375
37,0.8048780487804879,0.000156969646923244,-1,-3,2,344.06781005859375
38,0.853658536585366,7.322489636862883e-06,-1,-3,2,344.06781005859375
39,0.902439024390244,7.975920016178861e-05,-1,-3,2,344.06781005859375
40,0.9512195121951219,0.00019164380501024425,-1,-3,2,344.06781005859375
41,1.0,0.0001502494269516319,-1,-3,2,344.06781005859375
0,-1.0,0.0012692613527178764,-1,-1,3,344.06781005859375
1,-0.9512195121951219,0.00031682811095379293,-1,-1,3,344.06781005859375
2,-0.9024390243902439,0.00011006746353814378,-1,-1,3,344.06781005859375
3,-0.8536585365853658,0.0007642315467819571,-1,-1,3,344.06781005859375
4,-0.8048780487804879,0.0018534832634031773,-1,-1,3,344.06781005859375
5,-0.7560975609756098,0.002941897138953209,-1,-1,3,344.06781005859375
6,-0.7073170731707317,0.003924529999494553,-1,-1,3,344.06781005859375
7,-0.6585365853658536,0.006268028635531664,-1,-1,3,344.06781005859375
8,-0.6097560975609756,0.011165293864905834,-1,-1,3,344.06781005859375
9,-0.5609756097560976,0.017562614753842354,-1,-1,3,344.06781005859375
10,-0.5121951219512195,0.02353266254067421,-1,-1,3,344.06781005859375
11,-0.46341463414634143,0.02888352796435356,-1,-1,3,344.06781005859375
12,-0.41463414634146334,0.03329905495047569,-1,-1,3,344.06781005859375
13,-0.36585365853658536,0.03575042262673378,-1,-1,3,344.06781005859375
14,-0.31707317073170727,0.03750772401690483,-1,-1,3,344.06781005859375
15,-0.2682926829268293,0.03712935745716095,-1,-1,3,344.06781005859375
16,-0.2195121951219512,0.033186595886945724,-1,-1,3,344.06781005859375
17,-0.1707317073170731,0.025937305763363838,-1,-1,3,344.06781005859375
18,-0.12195121951219512,0.020055310800671577,-1,-1,3,344.06781005859375
19,-0.07317073170731703,0.015485938638448715,-1,-1,3,344.06781005859375
20,-0.024390243902439046,0.011318936944007874,-1,-1,3,344.06781005859375
21,0.024390243902439046,0.007265510503202677,-1,-1,3,344.06781005859375
22,0.07317073170731714,0.0039079152047634125,-1,-1,3,344.06781005859375
23,0.12195121951219523,0.0016103461384773254,-1,-1,3,344.06781005859375
24,0.17073170731707332,0.00036917789839208126,-1,-1,3,344.06781005859375
25,0.2195121951219512,4.362969411886297e-05,-1,-1,3,344.06781005859375
26,0.2682926829268293,0.0005245670909062028,-1,-1,3,344.06781005859375
27,0.3170731707317074,0.0015143654309213161,-1,-1,3,344.06781005859375
28,0.36585365853658547,0.0023080541286617517,-1,-1,3,344.06781005859375
29,0.41463414634146356,0.002583324210718274,-1,-1,3,344.06781005859375
30,0.46341463414634143,0.0026318971067667007,-1,-1,3,344.06781005859375
31,0.5121951219512195,0.00251696165651083,-1,-1,3,344.06781005859375
32,0.5609756097560976,0.002077897312119603,-1,-1,3,344.06781005859375
33,0.6097560975609757,0.0013659202959388494,-1,-1,3,344.06781005859375
34,0.6585365853658538,0.0006400017882697284,-1,-1,3,344.06781005859375
35,0.7073170731707317,0.0001312543754465878,-1,-1,3,344.06781005859375
36,0.7560975609756098,1.8558622514319723e-06,-1,-1,3,344.06781005859375
37,0.8048780487804879,0.0001399542816216126,-1,-1,3,344.06781005859375
38,0.853658536585366,0.00039441566332243383,-1,-1,3,344.06781005859375
39,0.902439024390244,0.0006399766425602138,-1,-1,3,344.06781005859375
40,0.9512195121951219,0.0008304736111313105,-1,-1,3,344.06781005859375
41,1.0,0.0008939172839745879,-1,-1,3,344.06781005859375
0,-1.0,0.0,-1,4,5,344.06781005859375
1,-0.9512195121951219,0.0,-1,4,5,344.06781005859375
2,-0.9024390243902439,0.0,-1,4,5,344.06781005859375
3,-0.8536585365853658,4.976496347808279e-05,-1,4,5,344.06781005859375
4,-0.8048780487804879,8.38868145365268e-05,-1,4,5,344.06781005859375
5,-0.7560975609756098,6.0773261793656275e-05,-1,4,5,344.06781005859375
6,-0.7073170731707317,2.1184623619774356e-05,-1,4,5,344.06781005859375
7,-0.6585365853658536,9.401474017067812e-06,-1,4,5,344.06781005859375
8,-0.6097560975609756,1.1134135093016084e-05,-1,4,5,344.06781005859375
9,-0.5609756097560976,2.4591668079665396e-06,-1,4,5,344.06781005859375
10,-0.5121951219512195,5.393182618718129e-06,-1,4,5,344.06781005859375
11,-0.46341463414634143,2.244143615826033e-05,-1,4,5,344.06781005859375
12,-0.41463414634146334,1.635914850339759e-05,-1,4,5,344.06781005859375
13,-0.36585365853658536,3.896665293723345e-05,-1,4,5,344.06781005859375
14,-0.31707317073170727,0.00017942236445378512,-1,4,5,344.06781005859375
15,-0.2682926829268293,0.00031835658592171967,-1,4,5,344.06781005859375
16,-0.2195121951219512,0.0002615666307974607,-1,4,5,344.06781005859375
17,-0.1707317073170731,5.523864820133895e-05,-1,4,5,344.06781005859375
18,-0.12195121951219512,2.718265568546485e-05,-1,4,5,344.06781005859375
19,-0.07317073170731703,0.00016529802815057337,-1,4,5,344.06781005859375
20,-0.024390243902439046,0.00014077271043788642,-1,4,5,344.06781005859375
21,0.024390243902439046,2.653956016729353e-06,-1,4,5,344.06781005859375
22,0.07317073170731714,0.0001592137705301866,-1,4,5,344.06781005859375
23,0.12195121951219523,0.0004694559029303491,-1,4,5,344.06781005859375
24,0.17073170731707332,0.00031762843718752265,-1,4,5,344.06781005859375
25,0.2195121951219512,1.746055386320222e-05,-1,4,5,344.06781005859375
26,0.2682926829268293,0.0014654461992904544,-1,4,5,344.06781005859375
27,0.3170731707317074,0.005510933697223663,-1,4,5,344.06781005859375
28,0.36585365853658547,0.010016280226409435,-1,4,5,344.06781005859375
29,0.41463414634146356,0.011710494756698608,-1,4,5,344.06781005859375
30,0.46341463414634143,0.008365191519260406,-1,4,5,344.06781005859375
31,0.5121951219512195,0.003415849758312106,-1,4,5,344.06781005859375
32,0.5609756097560976,0.0003471492091193795,-1,4,5,344.06781005859375
33,0.6097560975609757,0.0001569279993418604,-1,4,5,344.06781005859375
34,0.6585365853658538,0.0005803711246699095,-1,4,5,344.06781005859375
35,0.7073170731707317,0.00026991221238859,-1,4,5,344.06781005859375
36,0.7560975609756098,2.0589450286934152e-05,-1,4,5,344.06781005859375
37,0.8048780487804879,7.07644212525338e-05,-1,4,5,344.06781005859375
38,0.853658536585366,0.0001653108629398048,-1,4,5,344.06781005859375
39,0.902439024390244,0.00012373510980978608,-1,4,5,344.06781005859375
40,0.9512195121951219,4.829434146813583e-06,-1,4,5,344.06781005859375
41,1.0,7.778031431371346e-05,-1,4,5,344.06781005859375
0,-1.0,2.1947074856143445e-05,-1,5,5,344.06781005859375
1,-0.9512195121951219,2.831772690115031e-05,-1,5,5,344.06781005859375
2,-0.9024390243902439,0.00010766091145342216,-1,5,5,344.06781005859375
3,-0.8536585365853658,6.0308615502435714e-05,-1,5,5,344.06781005859375
4,-0.8048780487804879,0.0003283637634012848,-1,5,5,344.06781005859375
5,-0.7560975609756098,0.0009106108918786049,-1,5,5,344.06781005859375
6,-0.7073170731707317,0.000561369233764708,-1,5,5,344.06781005859375
7,-0.6585365853658536,3.785500302910805e-05,-1,5,5,344.06781005859375
8,-0.6097560975609756,0.001688930089585483,-1,5,5,344.06781005859375
9,-0.5609756097560976,0.0039924741722643375,-1,5,5,344.06781005859375
10,-0.5121951219512195,0.0036070419009774923,-1,5,5,344.06781005859375
11,-0.46341463414634143,0.0012096076970919967,-1,5,5,344.06781005859375
12,-0.41463414634146334,7.202428969321772e-05,-1,5,5,344.06781005859375
13,-0.36585365853658536,0.00025049777468666434,-1,5,5,344.06781005859375
14,-0.31707317073170727,0.0001423067005816847,-1,5,5,344.06781005859375
15,-0.2682926829268293,3.9101592847146094e-05,-1,5,5,344.06781005859375
16,-0.2195121951219512,0.0002647983201313764,-1,5,5,344.06781005859375
17,-0.1707317073170731,0.00019159726798534393,-1,5,5,344.06781005859375
18,-0.12195121951219512,5.309612788551021e-06,-1,5,5,344.06781005859375
19,-0.07317073170731703,0.00010841680341400206,-1,5,5,344.06781005859375
20,-0.024390243902439046,0.0001450389390811324,-1,5,5,344.06781005859375
21,0.024390243902439046,5.8360059483675286e-05,-1,5,5,344.06781005859375
22,0.07317073170731714,0.0001155249701696448,-1,5,5,344.06781005859375
23,0.12195121951219523,0.00015676395560149103,-1,5,5,344.06781005859375
24,0.17073170731707332,3.904315599356778e-05,-1,5,5,344.06781005859375
25,0.2195121951219512,6.912822300364496e-06,-1,5,5,344.06781005859375
26,0.2682926829268293,3.1678919185651466e-05,-1,5,5,344.06781005859375
27,0.3170731707317074,6.2358340073842555e-06,-1,5,5,344.06781005859375
28,0.36585365853658547,1.4615811778639909e-05,-1,5,5,344.06781005859375
29,0.41463414634146356,4.8829184379428625e-05,-1,5,5,344.06781005859375
30,0.46341463414634143,1.733832323225215e-05,-1,5,5,344.06781005859375
31,0.5121951219512195,0.0,-1,5,5,344.06781005859375
32,0.5609756097560976,0.0,-1,5,5,344.06781005859375
33,0.6097560975609757,0.0,-1,5,5,344.06781005859375
34,0.6585365853658538,0.0,-1,5,5,344.06781005859375
35,0.7073170731707317,0.0,-1,5,5,344.06781005859375
36,0.7560975609756098,0.0,-1,5,5,344.06781005859375
37,0.8048780487804879,0.0,-1,5,5,344.06781005859375
38,0.853658536585366,0.0,-1,5,5,344.06781005859375
39,0.902439024390244,0.0,-1,5,5,344.06781005859375
40,0.9512195121951219,0.0,-1,5,5,344.06781005859375
41,1.0,0.0,-1,5,5,344.06781005859375
0,-1.0,0.0,-1,7,6,344.06781005859375
1,-0.9512195121951219,0.0,-1,7,6,344.06781005859375
2,-0.9024390243902439,0.0,-1,7,6,344.06781005859375
3,-0.8536585365853658,0.0,-1,7,6,344.06781005859375
4,-0.8048780487804879,0.0,-1,7,6,344.06781005859375
5,-0.7560975609756098,0.0,-1,7,6,344.06781005859375
6,-0.7073170731707317,0.0,-1,7,6,344.06781005859375
7,-0.6585365853658536,0.0,-1,7,6,344.06781005859375
8,-0.6097560975609756,0.0,-1,7,6,344.06781005859375
9,-0.5609756097560976,0.0,-1,7,6,344.06781005859375
10,-0.5121951219512195,0.0,-1,7,6,344.06781005859375
11,-0.46341463414634143,0.0,-1,7,6,344.06781005859375
12,-0.41463414634146334,0.0,-1,7,6,344.06781005859375
13,-0.36585365853658536,0.0,-1,7,6,344.06781005859375
14,-0.31707317073170727,0.0,-1,7,6,344.06781005859375
15,-0.2682926829268293,0.0,-1,7,6,344.06781005859375
16,-0.2195121951219512,0.0,-1,7,6,344.06781005859375
17,-0.1707317073170731,0.0,-1,7,6,344.06781005859375
18,-0.12195121951219512,2.8200147426105104e-06,-1,7,6,344.06781005859375
19,-0.07317073170731703,3.18447035851932e-07,-1,7,6,344.06781005859375
20,-0.024390243902439046,4.546664968074765e-06,-1,7,6,344.06781005859375
21,0.024390243902439046,4.115995295705943e-07,-1,7,6,344.06781005859375
22,0.07317073170731714,4.2186156861134805e-06,-1,7,6,344.06781005859375
23,0.12195121951219523,1.2612182445081999e-06,-1,7,6,344.06781005859375
24,0.17073170731707332,6.093458978284616e-06,-1,7,6,344.06781005859375
25,0.2195121951219512,2.431789653201122e-06,-1,7,6,344.06781005859375
26,0.2682926829268293,2.4762061002547853e-05,-1,7,6,344.06781005859375
27,0.3170731707317074,3.063398617086932e-05,-1,7,6,344.06781005859375
28,0.36585365853658547,2.690062865440268e-05,-1,7,6,344.06781005859375
29,0.41463414634146356,0.0001312112872255966,-1,7,6,344.06781005859375
30,0.46341463414634143,2.1702882804675028e-05,-1,7,6,344.06781005859375
31,0.5121951219512195,0.0002473975473549217,-1,7,6,344.06781005859375
32,0.5609756097560976,0.0005253039998933673,-1,7,6,344.06781005859375
33,0.6097560975609757,0.00014999603445176035,-1,7,6,344.06781005859375
34,0.6585365853658538,4.0378625271841884e-05,-1,7,6,344.06781005859375
35,0.7073170731707317,2.94192141154781e-05,-1,7,6,344.06781005859375
36,0.7560975609756098,1.763450745784212e-05,-1,7,6,344.06781005859375
37,0.8048780487804879,4.9297770601697266e-05,-1,7,6,344.06781005859375
38,0.853658536585366,2.2374067611963255e-06,-1,7,6,344.06781005859375
39,0.902439024390244,2.1173613276914693e-05,-1,7,6,344.06781005859375
40,0.9512195121951219,1.7422701148461783e-06,-1,7,6,344.06781005859375
41,1.0,1.2921223969897255e-05,-1,7,6,344.06781005859375
0,-1.0,0.0,-1,8,6,344.06781005859375
1,-0.9512195121951219,0.0,-1,8,6,344.06781005859375
2,-0.9024390243902439,0.0,-1,8,6,344.06781005859375
3,-0.8536585365853658,0.0,-1,8,6,344.06781005859375
4,-0.8048780487804879,0.0,-1,8,6,344.06781005859375
5,-0.7560975609756098,0.0,-1,8,6,344.06781005859375
6,-0.7073170731707317,0.0,-1,8,6,344.06781005859375
7,-0.6585365853658536,0.0,-1,8,6,344.06781005859375
8,-0.6097560975609756,0.0,-1,8,6,344.06781005859375
9,-0.5609756097560976,0.0,-1,8,6,344.06781005859375
10,-0.5121951219512195,6.559234861924779e-07,-1,8,6,344.06781005859375
11,-0.46341463414634143,1.3937035703293077e-07,-1,8,6,344.06781005859375
12,-0.41463414634146334,1.1886845641129185e-06,-1,8,6,344.06781005859375
13,-0.36585365853658536,1.6659585355682793e-07,-1,8,6,344.06781005859375
14,-0.31707317073170727,9.144849855147186e-07,-1,8,6,344.06781005859375
15,-0.2682926829268293,1.991810904655722e-06,-1,8,6,344.06781005859375
16,-0.2195121951219512,4.38070992458961e-06,-1,8,6,344.06781005859375
17,-0.1707317073170731,2.5685162654554006e-06,-1,8,6,344.06781005859375
18,-0.12195121951219512,3.0344026527018286e-06,-1,8,6,344.06781005859375
19,-0.07317073170731703,1.4056666259421036e-05,-1,8,6,344.06781005859375
20,-0.024390243902439046,5.7805095821095165e-06,-1,8,6,344.06781005859375
21,0.024390243902439046,0.00013318807759787887,-1,8,6,344.06781005859375
22,0.07317073170731714,0.00045207698713056743,-1,8,6,344.06781005859375
23,0.12195121951219523,0.00018056774570140988,-1,8,6,344.06781005859375
24,0.17073170731707332,7.005787665548269e-07,-1,8,6,344.06781005859375
25,0.2195121951219512,1.3323366147233173e-05,-1,8,6,344.06781005859375
26,0.2682926829268293,2.1144778656889684e-06,-1,8,6,344.06781005859375
27,0.3170731707317074,5.453573976410553e-06,-1,8,6,344.06781005859375
28,0.36585365853658547,1.706513216959138e-06,-1,8,6,344.06781005859375
29,0.41463414634146356,2.26998895413999e-06,-1,8,6,344.06781005859375
30,0.46341463414634143,5.057115686213365e-07,-1,8,6,344.06781005859375
31,0.5121951219512195,9.745260740601225e-07,-1,8,6,344.06781005859375
32,0.5609756097560976,7.211689535324695e-06,-1,8,6,344.06781005859375
33,0.6097560975609757,3.923843451048015e-06,-1,8,6,344.06781005859375
34,0.6585365853658538,6.383002528309589e-06,-1,8,6,344.06781005859375
35,0.7073170731707317,0.0,-1,8,6,344.06781005859375
36,0.7560975609756098,0.0,-1,8,6,344.06781005859375
37,0.8048780487804879,0.0,-1,8,6,344.06781005859375
38,0.853658536585366,0.0,-1,8,6,344.06781005859375
39,0.902439024390244,0.0,-1,8,6,344.06781005859375
40,0.9512195121951219,0.0,-1,8,6,344.06781005859375
41,1.0,0.0,-1,8,6,344.06781005859375
0,-1.0,0.0,-1,9,6,344.06781005859375
1,-0.9512195121951219,0.0,-1,9,6,344.06781005859375
2,-0.9024390243902439,0.0,-1,9,6,344.06781005859375
3,-0.8536585365853658,0.0,-1,9,6,344.06781005859375
4,-0.8048780487804879,4.547504417473647e-08,-1,9,6,344.06781005859375
5,-0.7560975609756098,4.4379956420925737e-07,-1,9,6,344.06781005859375
6,-0.7073170731707317,8.157061159863588e-08,-1,9,6,344.06781005859375
7,-0.6585365853658536,4.038249556970186e-08,-1,9,6,344.06781005859375
8,-0.6097560975609756,6.956547622394282e-07,-1,9,6,344.06781005859375
9,-0.5609756097560976,1.1578523384514483e-07,-1,9,6,344.06781005859375
10,-0.5121951219512195,5.220603043198935e-07,-1,9,6,344.06781005859375
11,-0.46341463414634143,1.6484297020724625e-06,-1,9,6,344.06781005859375
12,-0.41463414634146334,3.032681306081031e-08,-1,9,6,344.06781005859375
13,-0.36585365853658536,6.403375209629303e-06,-1,9,6,344.06781005859375
14,-0.31707317073170727,8.770753083808813e-06,-1,9,6,344.06781005859375
15,-0.2682926829268293,0.0001196256052935496,-1,9,6,344.06781005859375
16,-0.2195121951219512,6.844958261353895e-05,-1,9,6,344.06781005859375
17,-0.1707317073170731,9.048569182823485e-08,-1,9,6,344.06781005859375
18,-0.12195121951219512,2.8486838345997967e-06,-1,9,6,344.06781005859375
19,-0.07317073170731703,1.3140893315721769e-06,-1,9,6,344.06781005859375
20,-0.024390243902439046,5.825152129546041e-07,-1,9,6,344.06781005859375
21,0.024390243902439046,9.747740250531933e-07,-1,9,6,344.06781005859375
22,0.07317073170731714,1.4961190686335613e-07,-1,9,6,344.06781005859375
23,0.12195121951219523,1.4256088753938911e-08,-1,9,6,344.06781005859375
24,0.17073170731707332,8.038823011702334e-07,-1,9,6,344.06781005859375
25,0.2195121951219512,3.600260001235256e-08,-1,9,6,344.06781005859375
26,0.2682926829268293,3.5858474234373716e-07,-1,9,6,344.06781005859375
27,0.3170731707317074,0.0,-1,9,6,344.06781005859375
28,0.36585365853658547,0.0,-1,9,6,344.06781005859375
29,0.41463414634146356,0.0,-1,9,6,344.06781005859375
30,0.46341463414634143,0.0,-1,9,6,344.06781005859375
31,0.5121951219512195,0.0,-1,9,6,344.06781005859375
32,0.5609756097560976,0.0,-1,9,6,344.06781005859375
33,0.6097560975609757,0.0,-1,9,6,344.06781005859375
34,0.6585365853658538,0.0,-1,9,6,344.06781005859375
35,0.7073170731707317,0.0,-1,9,6,344.06781005859375
36,0.7560975609756098,0.0,-1,9,6,344.06781005859375
37,0.8048780487804879,0.0,-1,9,6,344.06781005859375
38,0.853658536585366,0.0,-1,9,6,344.06781005859375
39,0.902439024390244,0.0,-1,9,6,344.06781005859375
40,0.9512195121951219,0.0,-1,9,6,344.06781005859375
41,1.0,0.0,-1,9,6,344.06781005859375
0,-1.0,0.0,0,-9,-5,344.06781005859375
1,-0.9512195121951219,0.0,0,-9,-5,344.06781005859375
2,-0.9024390243902439,0.0,0,-9,-5,344.06781005859375
3,-0.8536585365853658,0.0,0,-9,-5,344.06781005859375
4,-0.8048780487804879,0.0,0,-9,-5,344.06781005859375
5,-0.7560975609756098,6.314453315781066e-08,0,-9,-5,344.06781005859375
6,-0.7073170731707317,4.333188883265393e-07,0,-9,-5,344.06781005859375
7,-0.6585365853658536,6.016881570758414e-07,0,-9,-5,344.06781005859375
8,-0.6097560975609756,2.2069954752623744e-08,0,-9,-5,344.06781005859375
9,-0.5609756097560976,9.837052061811846e-08,0,-9,-5,344.06781005859375
10,-0.5121951219512195,2.662887652604695e-07,0,-9,-5,344.06781005859375
11,-0.46341463414634143,1.2700665763532015e-07,0,-9,-5,344.06781005859375
12,-0.41463414634146334,2.2909969175088918e-06,0,-9,-5,344.06781005859375
13,-0.36585365853658536,1.2431533832568675e-05,0,-9,-5,344.06781005859375
14,-0.31707317073170727,3.4214423067169264e-05,0,-9,-5,344.06781005859375
15,-0.2682926829268293,5.789726856164634e-05,0,-9,-5,344.06781005859375
16,-0.2195121951219512,3.435790495132096e-05,0,-9,-5,344.06781005859375
17,-0.1707317073170731,8.74541001394391e-06,0,-9,-5,344.06781005859375
18,-0.12195121951219512,3.910213763447246e-06,0,-9,-5,344.06781005859375
19,-0.07317073170731703,6.490430450867279e-07,0,-9,-5,344.06781005859375
20,-0.024390243902439046,2.016309281316353e-06,0,-9,-5,344.06781005859375
21,0.024390243902439046,7.615826689288951e-07,0,-9,-5,344.06781005859375
22,0.07317073170731714,1.0745165468506457e-07,0,-9,-5,344.06781005859375
23,0.12195121951219523,1.9631892556049024e-08,0,-9,-5,344.06781005859375
24,0.17073170731707332,3.409871141002441e-08,0,-9,-5,344.06781005859375
25,0.2195121951219512,1.6744594688589132e-07,0,-9,-5,344.06781005859375
26,0.2682926829268293,4.978432954771961e-08,0,-9,-5,344.06781005859375
27,0.3170731707317074,0.0,0,-9,-5,344.06781005859375
28,0.36585365853658547,0.0,0,-9,-5,344.06781005859375
29,0.41463414634146356,0.0,0,-9,-5,344.06781005859375
30,0.46341463414634143,0.0,0,-9,-5,344.06781005859375
31,0.5121951219512195,0.0,0,-9,-5,344.06781005859375
32,0.5609756097560976,0.0,0,-9,-5,344.06781005859375
33,0.6097560975609757,0.0,0,-9,-5,344.06781005859375
34,0.6585365853658538,0.0,0,-9,-5,344.06781005859375
35,0.7073170731707317,0.0,0,-9,-5,344.06781005859375
36,0.7560975609756098,0.0,0,-9,-5,344.06781005859375
37,0.8048780487804879,0.0,0,-9,-5,344.06781005859375
38,0.853658536585366,0.0,0,-9,-5,344.06781005859375
39,0.902439024390244,0.0,0,-9,-5,344.06781005859375
40,0.9512195121951219,0.0,0,-9,-5,344.06781005859375
41,1.0,0.0,0,-9,-5,344.06781005859375
0,-1.0,0.0,0,-8,-5,344.06781005859375
1,-0.9512195121951219,0.0,0,-8,-5,344.06781005859375
2,-0.9024390243902439,0.0,0,-8,-5,344.06781005859375
3,-0.8536585365853658,0.0,0,-8,-5,344.06781005859375
4,-0.8048780487804879,0.0,0,-8,-5,344.06781005859375
5,-0.7560975609756098,0.0,0,-8,-5,344.06781005859375
6,-0.7073170731707317,0.0,0,-8,-5,344.06781005859375
7,-0.6585365853658536,0.0,0,-8,-5,344.06781005859375
8,-0.6097560975609756,0.0,0,-8,-5,344.06781005859375
9,-0.5609756097560976,0.0,0,-8,-5,344.06781005859375
10,-0.5121951219512195,0.0,0,-8,-5,344.06781005859375
11,-0.46341463414634143,0.0,0,-8,-5,344.06781005859375
12,-0.41463414634146334,0.0,0,-8,-5,344.06781005859375
13,-0.36585365853658536,0.0,0,-8,-5,344.06781005859375
14,-0.31707317073170727,0.0,0,-8,-5,344.06781005859375
15,-0.2682926829268293,0.0,0,-8,-5,344.06781005859375
16,-0.2195121951219512,0.0,0,-8,-5,344.06781005859375
17,-0.1707317073170731,0.0,0,-8,-5,344.06781005859375
18,-0.12195121951219512,0.0,0,-8,-5,344.06781005859375
19,-0.07317073170731703,0.0,0,-8,-5,344.06781005859375
20,-0.024390243902439046,0.0,0,-8,-5,344.06781005859375
21,0.024390243902439046,0.0,0,-8,-5,344.06781005859375
22,0.07317073170731714,0.0,0,-8,-5,344.06781005859375
23,0.12195121951219523,0.0,0,-8,-5,344.06781005859375
24,0.17073170731707332,3.282606030552415e-06,0,-8,-5,344.06781005859375
25,0.2195121951219512,5.176607373869047e-07,0,-8,-5,344.06781005859375
26,0.2682926829268293,1.5833734323678073e-06,0,-8,-5,344.06781005859375
27,0.3170731707317074,1.8910681319539435e-05,0,-8,-5,344.06781005859375
28,0.36585365853658547,8.04387036623666e-06,0,-8,-5,344.06781005859375
29,0.41463414634146356,1.1457844266260508e-05,0,-8,-5,344.06781005859375
30,0.46341463414634143,3.8097556398497545e-07,0,-8,-5,344.06781005859375
31,0.5121951219512195,3.1054383725859225e-05,0,-8,-5,344.06781005859375
32,0.5609756097560976,8.120527468236105e-07,0,-8,-5,344.06781005859375
33,0.6097560975609757,3.870017098961398e-05,0,-8,-5,344.06781005859375
34,0.6585365853658538,0.00018001474381890148,0,-8,-5,344.06781005859375
35,0.7073170731707317,0.0014347247779369354,0,-8,-5,344.06781005859375
36,0.7560975609756098,0.0008913048659451306,0,-8,-5,344.06781005859375
37,0.8048780487804879,6.966090950299986e-06,0,-8,-5,344.06781005859375
38,0.853658536585366,5.8412435464560986e-05,0,-8,-5,344.06781005859375
39,0.902439024390244,6.8193448896636255e-06,0,-8,-5,344.06781005859375
40,0.9512195121951219,2.3387090550386347e-05,0,-8,-5,344.06781005859375
41,1.0,4.524016731011216e-06,0,-8,-5,344.06781005859375
0,-1.0,4.531774266069988e-06,0,-8,-4,344.06781005859375
1,-0.9512195121951219,4.6523518903995864e-07,0,-8,-4,344.06781005859375
2,-0.9024390243902439,1.2549654456961434e-05,0,-8,-4,344.06781005859375
3,-0.8536585365853658,8.619479558547027e-06,0,-8,-4,344.06781005859375
4,-0.8048780487804879,6.66219275444746e-05,0,-8,-4,344.06781005859375
5,-0.7560975609756098,6.509164813905954e-05,0,-8,-4,344.06781005859375
6,-0.7073170731707317,0.0006600602646358311,0,-8,-4,344.06781005859375
7,-0.6585365853658536,0.0004427645180840045,0,-8,-4,344.06781005859375
8,-0.6097560975609756,8.411348972003907e-06,0,-8,-4,344.06781005859375
9,-0.5609756097560976,2.113628579536453e-05,0,-8,-4,344.06781005859375
10,-0.5121951219512195,1.3469682471622946e-06,0,-8,-4,344.06781005859375
11,-0.46341463414634143,6.03034777668654e-06,0,-8,-4,344.06781005859375
12,-0.41463414634146334,4.482384156290209e-06,0,-8,-4,344.06781005859375
13,-0.36585365853658536,2.2190015442902222e-06,0,-8,-4,344.06781005859375
14,-0.31707317073170727,4.685506155510666e-06,0,-8,-4,344.06781005859375
15,-0.2682926829268293,3.7642334405063593e-07,0,-8,-4,344.06781005859375
16,-0.2195121951219512,2.517120037737186e-06,0,-8,-4,344.06781005859375
17,-0.1707317073170731,8.787560545897577e-07,0,-8,-4,344.06781005859375
18,-0.12195121951219512,2.9886314223404042e-06,0,-8,-4,344.06781005859375
19,-0.07317073170731703,0.0,0,-8,-4,344.06781005859375
20,-0.024390243902439046,0.0,0,-8,-4,344.06781005859375
21,0.024390243902439046,0.0,0,-8,-4,344.06781005859375
22,0.07317073170731714,0.0,0,-8,-4,344.06781005859375
23,0.12195121951219523,0.0,0,-8,-4,344.06781005859375
24,0.17073170731707332,0.0,0,-8,-4,344.06781005859375
25,0.2195121951219512,0.0,0,-8,-4,344.06781005859375
26,0.2682926829268293,0.0,0,-8,-4,344.06781005859375
27,0.3170731707317074,0.0,0,-8,-4,344.06781005859375
28,0.36585365853658547,0.0,0,-8,-4,344.06781005859375
29,0.41463414634146356,0.0,0,-8,-4,344.06781005859375
30,0.46341463414634143,0.0,0,-8,-4,344.06781005859375
31,0.5121951219512195,0.0,0,-8,-4,344.06781005859375
32,0.5609756097560976,0.0,0,-8,-4,344.06781005859375
33,0.6097560975609757,0.0,0,-8,-4,344.06781005859375
34,0.6585365853658538,0.0,0,-8,-4,344.06781005859375
35,0.7073170731707317,0.0,0,-8,-4,344.06781005859375
36,0.7560975609756098,0.0,0,-8,-4,344.06781005859375
37,0.8048780487804879,0.0,0,-8,-4,344.06781005859375
38,0.853658536585366,0.0,0,-8,-4,344.06781005859375
39,0.902439024390244,0.0,0,-8,-4,344.06781005859375
40,0.9512195121951219,0.0,0,-8,-4,344.06781005859375
41,1.0,0.0,0,-8,-4,344.06781005859375
0,-1.0,0.0,0,-7,-4,344.06781005859375
1,-0.9512195121951219,0.0,0,-7,-4,344.06781005859375
2,-0.9024390243902439,0.0,0,-7,-4,344.06781005859375
3,-0.8536585365853658,0.0,0,-7,-4,344.06781005859375
4,-0.8048780487804879,0.0,0,-7,-4,344.06781005859375
5,-0.7560975609756098,0.0,0,-7,-4,344.06781005859375
6,-0.7073170731707317,0.0,0,-7,-4,344.06781005859375
7,-0.6585365853658536,0.0,0,-7,-4,344.06781005859375
8,-0.6097560975609756,0.0,0,-7,-4,344.06781005859375
9,-0.5609756097560976,0.0,0,-7,-4,344.06781005859375
10,-0.5121951219512195,0.0,0,-7,-4,344.06781005859375
11,-0.46341463414634143,0.0,0,-7,-4,344.06781005859375
12,-0.41463414634146334,0.0,0,-7,-4,344.06781005859375
13,-0.36585365853658536,0.0,0,-7,-4,344.06781005859375
14,-0.31707317073170727,1.7429687432013452e-05,0,-7,-4,344.06781005859375
15,-0.2682926829268293,4.439391886990052e-06,0,-7,-4,344.06781005859375
16,-0.2195121951219512,5.2037116802239325e-06,0,-7,-4,344.06781005859375
17,-0.1707317073170731,5.793004220322473e-06,0,-7,-4,344.06781005859375
18,-0.12195121951219512,2.941258208011277e-05,0,-7,-4,344.06781005859375
19,-0.07317073170731703,2.1874877020877648e-08,0,-7,-4,344.06781005859375
20,-0.024390243902439046,1.4526989616570063e-05,0,-7,-4,344.06781005859375
21,0.024390243902439046,6.384517746482743e-06,0,-7,-4,344.06781005859375
22,0.07317073170731714,5.999750646878965e-05,0,-7,-4,344.06781005859375
23,0.12195121951219523,1.0548347745498177e-05,0,-7,-4,344.06781005859375
24,0.17073170731707332,0.00019272528879810125,0,-7,-4,344.06781005859375
25,0.2195121951219512,8.095822749965009e-07,0,-7,-4,344.06781005859375
26,0.2682926829268293,0.0013935762690380216,0,-7,-4,344.06781005859375
27,0.3170731707317074,0.003092279192060232,0,-7,-4,344.06781005859375
28,0.36585365853658547,0.0012054711114615202,0,-7,-4,344.06781005859375
29,0.41463414634146356,4.842612497668597e-07,0,-7,-4,344.06781005859375
30,0.46341463414634143,0.00017569591000210494,0,-7,-4,344.06781005859375
31,0.5121951219512195,1.2132208212278783e-05,0,-7,-4,344.06781005859375
32,0.5609756097560976,3.4163735108450055e-05,0,-7,-4,344.06781005859375
33,0.6097560975609757,7.699110255998676e-07,0,-7,-4,344.06781005859375
34,0.6585365853658538,1.449465435143793e-05,0,-7,-4,344.06781005859375
35,0.7073170731707317,1.9300573512737174e-06,0,-7,-4,344.06781005859375
36,0.7560975609756098,2.0849800421274267e-05,0,-7,-4,344.06781005859375
37,0.8048780487804879,8.264762527687708e-07,0,-7,-4,344.06781005859375
38,0.853658536585366,5.298795713315485e-06,0,-7,-4,344.06781005859375
39,0.902439024390244,1.8749344121715694e-07,0,-7,-4,344.06781005859375
40,0.9512195121951219,5.4842798817844596e-06,0,-7,-4,344.06781005859375
41,1.0,0.0,0,-7,-4,344.06781005859375
0,-1.0,2.9472341793734813e-06,0,-6,-3,344.06781005859375
1,-0.9512195121951219,2.8530324925668538e-05,0,-6,-3,344.06781005859375
2,-0.9024390243902439,2.9152699880796717e-06,0,-6,-3,344.06781005859375
3,-0.8536585365853658,3.5202469007344916e-05,0,-6,-3,344.06781005859375
4,-0.8048780487804879,2.1432919311337173e-05,0,-6,-3,344.06781005859375
5,-0.7560975609756098,2.131484870915301e-05,0,-6,-3,344.06781005859375
6,-0.7073170731707317,3.4260192478541285e-05,0,-6,-3,344.06781005859375
7,-0.6585365853658536,1.0259653208777308e-05,0,-6,-3,344.06781005859375
8,-0.6097560975609756,0.0001603503042133525,0,-6,-3,344.06781005859375
9,-0.5609756097560976,4.591429387801327e-05,0,-6,-3,344.06781005859375
10,-0.5121951219512195,0.00019560076179914176,0,-6,-3,344.06781005859375
11,-0.46341463414634143,0.00023013439204078168,0,-6,-3,344.06781005859375
12,-0.41463414634146334,0.0005745419766753912,0,-6,-3,344.06781005859375
13,-0.36585365853658536,0.006105682346969843,0,-6,-3,344.06781005859375
14,-0.31707317073170727,0.009878979064524174,0,-6,-3,344.06781005859375
15,-0.2682926829268293,0.004404108971357346,0,-6,-3,344.06781005859375
16,-0.2195121951219512,0.00010454348375787959,0,-6,-3,344.06781005859375
17,-0.1707317073170731,0.0005153887905180454,0,-6,-3,344.06781005859375
18,-0.12195121951219512,0.0002749742998275906,0,-6,-3,344.06781005859375
19,-0.07317073170731703,5.394340041675605e-05,0,-6,-3,344.06781005859375
20,-0.024390243902439046,0.0001481613435316831,0,-6,-3,344.06781005859375
21,0.024390243902439046,5.832363513036398e-06,0,-6,-3,344.06781005859375
22,0.07317073170731714,3.960312460549176e-05,0,-6,-3,344.06781005859375
23,0.12195121951219523,7.59532167649013e-06,0,-6,-3,344.06781005859375
24,0.17073170731707332,2.9951721444376744e-05,0,-6,-3,344.06781005859375
25,0.2195121951219512,3.3967207855312154e-05,0,-6,-3,344.06781005859375
26,0.2682926829268293,2.5952490432246123e-06,0,-6,-3,344.06781005859375
27,0.3170731707317074,3.179080522386357e-05,0,-6,-3,344.06781005859375
28,0.36585365853658547,2.9884556624892866e-06,0,-6,-3,344.06781005859375
29,0.41463414634146356,2.0666235286626033e-05,0,-6,-3,344.06781005859375
30,0.46341463414634143,1.1468753655208275e-05,0,-6,-3,344.06781005859375
31,0.5121951219512195,0.0,0,-6,-3,344.06781005859375
32,0.5609756097560976,0.0,0,-6,-3,344.06781005859375
33,0.6097560975609757,0.0,0,-6,-3,344.06781005859375
34,0.6585365853658538,0.0,0,-6,-3,344.06781005859375
35,0.7073170731707317,0.0,0,-6,-3,344.06781005859375
36,0.7560975609756098,0.0,0,-6,-3,344.06781005859375
37,0.8048780487804879,0.0,0,-6,-3,344.06781005859375
38,0.853658536585366,0.0,0,-6,-3,344.06781005859375
39,0.902439024390244,0.0,0,-6,-3,344.06781005859375
40,0.9512195121951219,0.0,0,-6,-3,344.06781005859375
41,1.0,0.0,0,-6,-3,344.06781005859375
0,-1.0,1.3455806424644834e-07,0,-4,-2,344.06781005859375
1,-0.9512195121951219,1.9690853150677867e-05,0,-4,-2,344.06781005859375
2,-0.9024390243902439,3.1470593967242166e-05,0,-4,-2,344.06781005859375
3,-0.8536585365853658,1.3801474779029377e-05,0,-4,-2,344.06781005859375
4,-0.8048780487804879,1.406759366773258e-07,0,-4,-2,344.06781005859375
5,-0.7560975609756098,2.2638098016614094e-05,0,-4,-2,344.06781005859375
6,-0.7073170731707317,4.829714453080669e-05,0,-4,-2,344.06781005859375
7,-0.6585365853658536,1.188502210425213e-05,0,-4,-2,344.06781005859375
8,-0.6097560975609756,1.7284444766119123e-05,0,-4,-2,344.06781005859375
9,-0.5609756097560976,6.838734407210723e-05,0,-4,-2,344.06781005859375
10,-0.5121951219512195,3.0910741770640016e-05,0,-4,-2,344.06781005859375
11,-0.46341463414634143,9.337430128653068e-06,0,-4,-2,344.06781005859375
12,-0.41463414634146334,0.0001638890098547563,0,-4,-2,344.06781005859375
13,-0.36585365853658536,0.0002830691519193351,0,-4,-2,344.06781005859375
14,-0.31707317073170727,6.313187623163685e-05,0,-4,-2,344.06781005859375
15,-0.2682926829268293,9.332715126220137e-05,0,-4,-2,344.06781005859375
16,-0.2195121951219512,0.0005566875333897769,0,-4,-2,344.06781005859375
17,-0.1707317073170731,0.0003492813266348094,0,-4,-2,344.06781005859375
18,-0.12195121951219512,0.00010341555753257126,0,-4,-2,344.06781005859375
19,-0.07317073170731703,0.002028722083196044,0,-4,-2,344.06781005859375
20,-0.024390243902439046,0.007446474861353636,0,-4,-2,344.06781005859375
21,0.024390243902439046,0.013389037922024727,0,-4,-2,344.06781005859375
22,0.07317073170731714,0.014349051751196384,0,-4,-2,344.06781005859375
23,0.12195121951219523,0.009184438735246658,0,-4,-2,344.06781005859375
24,0.17073170731707332,0.0031700842082500458,0,-4,-2,344.06781005859375
25,0.2195121951219512,0.00033331973827444017,0,-4,-2,344.06781005859375
26,0.2682926829268293,0.00017566765018273145,0,-4,-2,344.06781005859375
27,0.3170731707317074,0.0004026114766020328,0,-4,-2,344.06781005859375
28,0.36585365853658547,0.00016567030979786068,0,-4,-2,344.06781005859375
29,0.41463414634146356,2.8972044674446806e-05,0,-4,-2,344.06781005859375
30,0.46341463414634143,0.00018411263590678573,0,-4,-2,344.06781005859375
31,0.5121951219512195,0.00017302257765550166,0,-4,-2,344.06781005859375
32,0.5609756097560976,4.911338692181744e-05,0,-4,-2,344.06781005859375
33,0.6097560975609757,1.998941479541827e-05,0,-4,-2,344.06781005859375
34,0.6585365853658538,7.252429350046441e-05,0,-4,-2,344.06781005859375
35,0.7073170731707317,4.941971565131098e-05,0,-4,-2,344.06781005859375
36,0.7560975609756098,3.1592960567650152e-06,0,-4,-2,344.06781005859375
37,0.8048780487804879,2.865854730771389e-05,0,-4,-2,344.06781005859375
38,0.853658536585366,2.586317714303732e-05,0,-4,-2,344.06781005859375
39,0.902439024390244,1.1604381597862812e-06,0,-4,-2,344.06781005859375
40,0.9512195121951219,1.5914940377115272e-05,0,-4,-2,344.06781005859375
41,1.0,3.264173574279994e-05,0,-4,-2,344.06781005859375
0,-1.0,3.629583807196468e-05,0,-2,-1,344.06781005859375
1,-0.9512195121951219,1.7462792811784311e-06,0,-2,-1,344.06781005859375
2,-0.9024390243902439,5.125312600284815e-05,0,-2,-1,344.06781005859375
3,-0.8536585365853658,0.0002209805097663775,0,-2,-1,344.06781005859375
4,-0.8048780487804879,0.0004059144121129066,0,-2,-1,344.06781005859375
5,-0.7560975609756098,0.0004090418806299567,0,-2,-1,344.06781005859375
6,-0.7073170731707317,0.00027683741063810885,0,-2,-1,344.06781005859375
7,-0.6585365853658536,0.00012581954069901258,0,-2,-1,344.06781005859375
8,-0.6097560975609756,4.713513044407591e-05,0,-2,-1,344.06781005859375
9,-0.5609756097560976,0.00018420359992887825,0,-2,-1,344.06781005859375
10,-0.5121951219512195,0.000393871683627367,0,-2,-1,344.06781005859375
11,-0.46341463414634143,0.00038739817682653666,0,-2,-1,344.06781005859375
12,-0.41463414634146334,0.00030759183573536575,0,-2,-1,344.06781005859375
13,-0.36585365853658536,0.00020316311565693468,0,-2,-1,344.06781005859375
14,-0.31707317073170727,7.415335130644962e-05,0,-2,-1,344.06781005859375
15,-0.2682926829268293,1.5446346878889017e-05,0,-2,-1,344.06781005859375
16,-0.2195121951219512,0.0003544436185620725,0,-2,-1,344.06781005859375
17,-0.1707317073170731,0.0010293156374245882,0,-2,-1,344.06781005859375
18,-0.12195121951219512,0.0017537428066134453,0,-2,-1,344.06781005859375
19,-0.07317073170731703,0.002085234969854355,0,-2,-1,344.06781005859375
20,-0.024390243902439046,0.0016414488200098276,0,-2,-1,344.06781005859375
21,0.024390243902439046,0.0007209914037957788,0,-2,-1,344.06781005859375
22,0.07317073170731714,8.1304729974363e-05,0,-2,-1,344.06781005859375
23,0.12195121951219523,0.0007818409940227866,0,-2,-1,344.06781005859375
24,0.17073170731707332,0.004058224149048328,0,-2,-1,344.06781005859375
25,0.2195121951219512,0.010520621202886105,0,-2,-1,344.06781005859375
26,0.2682926829268293,0.019846143200993538,0,-2,-1,344.06781005859375
27,0.3170731707317074,0.029829522594809532,0,-2,-1,344.06781005859375
28,0.36585365853658547,0.037066321820020676,0,-2,-1,344.06781005859375
29,0.41463414634146356,0.03905738145112991,0,-2,-1,344.06781005859375
30,0.46341463414634143,0.036893196403980255,0,-2,-1,344.06781005859375
31,0.5121951219512195,0.03173443675041199,0,-2,-1,344.06781005859375
32,0.5609756097560976,0.0232201237231493,0,-2,-1,344.06781005859375
33,0.6097560975609757,0.013752787373960018,0,-2,-1,344.06781005859375
34,0.6585365853658538,0.006786557380110025,0,-2,-1,344.06781005859375
35,0.7073170731707317,0.002166307996958494,0,-2,-1,344.06781005859375
36,0.7560975609756098,0.0001598368980921805,0,-2,-1,344.06781005859375
37,0.8048780487804879,0.0003231560986023396,0,-2,-1,344.06781005859375
38,0.853658536585366,0.0013987995916977525,0,-2,-1,344.06781005859375
39,0.902439024390244,0.0023266635835170746,0,-2,-1,344.06781005859375
40,0.9512195121951219,0.002508635399863124,0,-2,-1,344.06781005859375
41,1.0,0.0017064398853108287,0,-2,-1,344.06781005859375
0,-1.0,0.0029088410083204508,0,3,1,344.06781005859375
1,-0.9512195121951219,0.001881059375591576,0,3,1,344.06781005859375
2,-0.9024390243902439,0.027428651228547096,0,3,1,344.06781005859375
3,-0.8536585365853658,0.08720950782299042,0,3,1,344.06781005859375
4,-0.8048780487804879,0.15836353600025177,0,3,1,344.06781005859375
5,-0.7560975609756098,0.2004820853471756,0,3,1,344.06781005859375
6,-0.7073170731707317,0.18825937807559967,0,3,1,344.06781005859375
7,-0.6585365853658536,0.13065271079540253,0,3,1,344.06781005859375
8,-0.6097560975609756,0.06192941591143608,0,3,1,344.06781005859375
9,-0.5609756097560976,0.01467403769493103,0,3,1,344.06781005859375
10,-0.5121951219512195,3.791568087763153e-05,0,3,1,344.06781005859375
11,-0.46341463414634143,0.005298747215420008,0,3,1,344.06781005859375
12,-0.41463414634146334,0.01019970327615738,0,3,1,344.06781005859375
13,-0.36585365853658536,0.006899960804730654,0,3,1,344.06781005859375
14,-0.31707317073170727,0.0017587002366781235,0,3,1,344.06781005859375
15,-0.2682926829268293,0.0001252029906027019,0,3,1,344.06781005859375
16,-0.2195121951219512,0.0014685620553791523,0,3,1,344.06781005859375
17,-0.1707317073170731,0.002813768107444048,0,3,1,344.06781005859375
18,-0.12195121951219512,0.002222894225269556,0,3,1,344.06781005859375
19,-0.07317073170731703,0.0005487774615176022,0,3,1,344.06781005859375
20,-0.024390243902439046,9.658369526732713e-05,0,3,1,344.06781005859375
21,0.024390243902439046,0.001009604544378817,0,3,1,344.06781005859375
22,0.07317073170731714,0.0015060229925438762,0,3,1,344.06781005859375
23,0.12195121951219523,0.0007615285576321185,0,3,1,344.06781005859375
24,0.17073170731707332,3.2268620998365805e-05,0,3,1,344.06781005859375
25,0.2195121951219512,0.00037399708526208997,0,3,1,344.06781005859375
26,0.2682926829268293,0.0010092757875099778,0,3,1,344.06781005859375
27,0.3170731707317074,0.0010055110324174166,0,3,1,344.06781005859375
28,0.36585365853658547,0.0004466133832465857,0,3,1,344.06781005859375
29,0.41463414634146356,1.255072402273072e-05,0,3,1,344.06781005859375
30,0.46341463414634143,0.00028832076350227,0,3,1,344.06781005859375
31,0.5121951219512195,0.0008920091204345226,0,3,1,344.06781005859375
32,0.5609756097560976,0.0009108628728426993,0,3,1,344.06781005859375
33,0.6097560975609757,0.0003227471897844225,0,3,1,344.06781005859375
34,0.6585365853658538,3.2208338325290242e-06,0,3,1,344.06781005859375
35,0.7073170731707317,0.0002575155522208661,0,3,1,344.06781005859375
36,0.7560975609756098,0.0006325810099951923,0,3,1,344.06781005859375
37,0.8048780487804879,0.0005561354337260127,0,3,1,344.06781005859375
38,0.853658536585366,0.00015928623906802386,0,3,1,344.06781005859375
39,0.902439024390244,0.0,0,3,1,344.06781005859375
40,0.9512195121951219,0.0,0,3,1,344.06781005859375
41,1.0,0.0,0,3,1,344.06781005859375
0,-1.0,0.0,0,5,2,344.06781005859375
1,-0.9512195121951219,0.0,0,5,2,344.06781005859375
2,-0.9024390243902439,0.0,0,5,2,344.06781005859375
3,-0.8536585365853658,0.0,0,5,2,344.06781005859375
4,-0.8048780487804879,0.0,0,5,2,344.06781005859375
5,-0.7560975609756098,0.0,0,5,2,344.06781005859375
6,-0.7073170731707317,0.0,0,5,2,344.06781005859375
7,-0.6585365853658536,0.0,0,5,2,344.06781005859375
8,-0.6097560975609756,0.0,0,5,2,344.06781005859375
9,-0.5609756097560976,0.0,0,5,2,344.06781005859375
10,-0.5121951219512195,0.0,0,5,2,344.06781005859375
11,-0.46341463414634143,2.352815499762073e-06,0,5,2,344.06781005859375
12,-0.41463414634146334,7.133769486245001e-07,0,5,2,344.06781005859375
13,-0.36585365853658536,2.3628551559795596e-07,0,5,2,344.06781005859375
14,-0.31707317073170727,1.936442458827514e-06,0,5,2,344.06781005859375
15,-0.2682926829268293,1.1036719342882861e-06,0,5,2,344.06781005859375
16,-0.2195121951219512,2.399213094861352e-08,0,5,2,344.06781005859375
17,-0.1707317073170731,1.1164626130266697e-06,0,5,2,344.06781005859375
18,-0.12195121951219512,5.917101589147933e-06,0,5,2,344.06781005859375
19,-0.07317073170731703,2.0723737179650925e-05,0,5,2,344.06781005859375
20,-0.024390243902439046,2.072050301649142e-05,0,5,2,344.06781005859375
21,0.024390243902439046,1.5112811524886638e-05,0,5,2,344.06781005859375
22,0.07317073170731714,4.681887730839662e-05,0,5,2,344.06781005859375
23,0.12195121951219523,4.46595367975533e-05,0,5,2,344.06781005859375
24,0.17073170731707332,5.643310032610316e-06,0,5,2,344.06781005859375
25,0.2195121951219512,7.688158802920952e-05,0,5,2,344.06781005859375
26,0.2682926829268293,0.0001711732184048742,0,5,2,344.06781005859375
27,0.3170731707317074,3.540568286553025e-05,0,5,2,344.06781005859375
28,0.36585365853658547,0.0003369907208252698,0,5,2,344.06781005859375
29,0.41463414634146356,0.0011887125438079238,0,5,2,344.06781005859375
30,0.46341463414634143,0.001449940842576325,0,5,2,344.06781005859375
31,0.5121951219512195,0.0007508632843382657,0,5,2,344.06781005859375
32,0.5609756097560976,0.00010039263725047931,0,5,2,344.06781005859375
33,0.6097560975609757,4.716253897640854e-05,0,5,2,344.06781005859375
34,0.6585365853658538,0.00010420550097478554,0,5,2,344.06781005859375
35,0.7073170731707317,1.1532539247127715e-05,0,5,2,344.06781005859375
36,0.7560975609756098,2.1333655240596272e-05,0,5,2,344.06781005859375
37,0.8048780487804879,2.78980460279854e-05,0,5,2,344.06781005859375
38,0.853658536585366,1.0023516949786426e-07,0,5,2,344.06781005859375
39,0.902439024390244,1.8757707948680036e-05,0,5,2,344.06781005859375
40,0.9512195121951219,2.7821321054943837e-05,0,5,2,344.06781005859375
41,1.0,1.4583695701730903e-05,0,5,2,344.06781005859375
0,-1.0,3.3491389217488177e-07,0,6,2,344.06781005859375
1,-0.9512195121951219,3.0624295277448255e-07,0,6,2,344.06781005859375
2,-0.9024390243902439,1.1611767149588559e-05,0,6,2,344.06781005859375
3,-0.8536585365853658,3.4820219298126176e-05,0,6,2,344.06781005859375
4,-0.8048780487804879,4.921549407299608e-05,0,6,2,344.06781005859375
5,-0.7560975609756098,8.615174738224596e-05,0,6,2,344.06781005859375
6,-0.7073170731707317,9.428751945961267e-05,0,6,2,344.06781005859375
7,-0.6585365853658536,3.8091628084657714e-05,0,6,2,344.06781005859375
8,-0.6097560975609756,1.31310089273029e-05,0,6,2,344.06781005859375
9,-0.5609756097560976,1.1124812772322912e-05,0,6,2,344.06781005859375
10,-0.5121951219512195,4.300592081563082e-06,0,6,2,344.06781005859375
11,-0.46341463414634143,6.9598918344127014e-06,0,6,2,344.06781005859375
12,-0.41463414634146334,4.1584505083847034e-07,0,6,2,344.06781005859375
13,-0.36585365853658536,2.6156717467529234e-06,0,6,2,344.06781005859375
14,-0.31707317073170727,1.6305226381518878e-05,0,6,2,344.06781005859375
15,-0.2682926829268293,0.00013885564112570137,0,6,2,344.06781005859375
16,-0.2195121951219512,0.00023378164041787386,0,6,2,344.06781005859375
17,-0.1707317073170731,0.00012701586820185184,0,6,2,344.06781005859375
18,-0.12195121951219512,1.4187591659720056e-05,0,6,2,344.06781005859375
19,-0.07317073170731703,7.27417955204146e-06,0,6,2,344.06781005859375
20,-0.024390243902439046,1.3735184722918348e-07,0,6,2,344.06781005859375
21,0.024390243902439046,5.787172995042056e-06,0,6,2,344.06781005859375
22,0.07317073170731714,3.1459132969757775e-06,0,6,2,344.06781005859375
23,0.12195121951219523,4.660933882405516e-06,0,6,2,344.06781005859375
24,0.17073170731707332,7.497492788388627e-06,0,6,2,344.06781005859375
25,0.2195121951219512,4.174368586973287e-05,0,6,2,344.06781005859375
26,0.2682926829268293,0.00010742812446551397,0,6,2,344.06781005859375
27,0.3170731707317074,9.780420077731833e-05,0,6,2,344.06781005859375
28,0.36585365853658547,5.271070767776109e-05,0,6,2,344.06781005859375
29,0.41463414634146356,4.0258986700791866e-05,0,6,2,344.06781005859375
30,0.46341463414634143,1.3986579688207712e-05,0,6,2,344.06781005859375
31,0.5121951219512195,1.4865155435472843e-06,0,6,2,344.06781005859375
32,0.5609756097560976,2.677598445188778e-07,0,6,2,344.06781005859375
33,0.6097560975609757,0.0,0,6,2,344.06781005859375
34,0.6585365853658538,0.0,0,6,2,344.06781005859375
35,0.7073170731707317,0.0,0,6,2,344.06781005859375
36,0.7560975609756098,0.0,0,6,2,344.06781005859375
37,0.8048780487804879,0.0,0,6,2,344.06781005859375
38,0.853658536585366,0.0,0,6,2,344.06781005859375
39,0.902439024390244,0.0,0,6,2,344.06781005859375
40,0.9512195121951219,0.0,0,6,2,344.06781005859375
41,1.0,0.0,0,6,2,344.06781005859375
0,-1.0,7.580710189358797e-06,0,7,2,344.06781005859375
1,-0.9512195121951219,2.205388227594085e-06,0,7,2,344.06781005859375
2,-0.9024390243902439,1.5258747225743718e-05,0,7,2,344.06781005859375
3,-0.8536585365853658,2.66272654698696e-05,0,7,2,344.06781005859375
4,-0.8048780487804879,1.546520616102498e-05,0,7,2,344.06781005859375
5,-0.7560975609756098,5.355756002245471e-05,0,7,2,344.06781005859375
6,-0.7073170731707317,0.0004406894731801003,0,7,2,344.06781005859375
7,-0.6585365853658536,0.0007309113861992955,0,7,2,344.06781005859375
8,-0.6097560975609756,0.0003846482140943408,0,7,2,344.06781005859375
9,-0.5609756097560976,5.3932708397042006e-05,0,7,2,344.06781005859375
10,-0.5121951219512195,2.0976172891096212e-05,0,7,2,344.06781005859375
11,-0.46341463414634143,1.6005549696274102e-05,0,7,2,344.06781005859375
12,-0.41463414634146334,9.957401744031813e-06,0,7,2,344.06781005859375
13,-0.36585365853658536,5.690029865945689e-06,0,7,2,344.06781005859375
14,-0.31707317073170727,4.374323125944102e-08,0,7,2,344.06781005859375
15,-0.2682926829268293,6.92596472617879e-07,0,7,2,344.06781005859375
16,-0.2195121951219512,1.9978375576101826e-07,0,7,2,344.06781005859375
17,-0.1707317073170731,2.1082497880797746e-07,0,7,2,344.06781005859375
18,-0.12195121951219512,4.384077385566343e-07,0,7,2,344.06781005859375
19,-0.07317073170731703,8.153745056915795e-07,0,7,2,344.06781005859375
20,-0.024390243902439046,5.546207404449888e-08,0,7,2,344.06781005859375
21,0.024390243902439046,8.235121384814192e-08,0,7,2,344.06781005859375
22,0.07317073170731714,0.0,0,7,2,344.06781005859375
23,0.12195121951219523,0.0,0,7,2,344.06781005859375
24,0.17073170731707332,0.0,0,7,2,344.06781005859375
25,0.2195121951219512,0.0,0,7,2,344.06781005859375
26,0.2682926829268293,0.0,0,7,2,344.06781005859375
27,0.3170731707317074,0.0,0,7,2,344.06781005859375
28,0.36585365853658547,0.0,0,7,2,344.06781005859375
29,0.41463414634146356,0.0,0,7,2,344.06781005859375
30,0.46341463414634143,0.0,0,7,2,344.06781005859375
31,0.5121951219512195,0.0,0,7,2,344.06781005859375
32,0.5609756097560976,0.0,0,7,2,344.06781005859375
33,0.6097560975609757,0.0,0,7,2,344.06781005859375
34,0.6585365853658538,0.0,0,7,2,344.06781005859375
35,0.7073170731707317,0.0,0,7,2,344.06781005859375
36,0.7560975609756098,0.0,0,7,2,344.06781005859375
37,0.8048780487804879,0.0,0,7,2,344.06781005859375
38,0.853658536585366,0.0,0,7,2,344.06781005859375
39,0.902439024390244,0.0,0,7,2,344.06781005859375
40,0.9512195121951219,0.0,0,7,2,344.06781005859375
41,1.0,0.0,0,7,2,344.06781005859375
0,-1.0,0.00012073104153387249,0,8,2,344.06781005859375
1,-0.9512195121951219,0.00026997391250915825,0,8,2,344.06781005859375
2,-0.9024390243902439,7.011157140368596e-05,0,8,2,344.06781005859375
3,-0.8536585365853658,5.7505294535076246e-06,0,8,2,344.06781005859375
4,-0.8048780487804879,1.1983587683062069e-05,0,8,2,344.06781005859375
5,-0.7560975609756098,3.295404439995764e-06,0,8,2,344.06781005859375
6,-0.7073170731707317,1.4960564840293955e-06,0,8,2,344.06781005859375
7,-0.6585365853658536,2.472521146046347e-06,0,8,2,344.06781005859375
8,-0.6097560975609756,1.0160460988117848e-06,0,8,2,344.06781005859375
9,-0.5609756097560976,1.6175777091120835e-06,0,8,2,344.06781005859375
10,-0.5121951219512195,2.85990921611301e-07,0,8,2,344.06781005859375
11,-0.46341463414634143,3.491061590921163e-07,0,8,2,344.06781005859375
12,-0.41463414634146334,1.7589330525424884e-07,0,8,2,344.06781005859375
13,-0.36585365853658536,7.40742223115376e-07,0,8,2,344.06781005859375
14,-0.31707317073170727,0.0,0,8,2,344.06781005859375
15,-0.2682926829268293,0.0,0,8,2,344.06781005859375
16,-0.2195121951219512,0.0,0,8,2,344.06781005859375
17,-0.1707317073170731,0.0,0,8,2,344.06781005859375
18,-0.12195121951219512,0.0,0,8,2,344.06781005859375
19,-0.07317073170731703,0.0,0,8,2,344.06781005859375
20,-0.024390243902439046,0.0,0,8,2,344.06781005859375
21,0.024390243902439046,0.0,0,8,2,344.06781005859375
22,0.07317073170731714,0.0,0,8,2,344.06781005859375
23,0.12195121951219523,0.0,0,8,2,344.06781005859375
24,0.17073170731707332,0.0,0,8,2,344.06781005859375
25,0.2195121951219512,0.0,0,8,2,344.06781005859375
26,0.2682926829268293,0.0,0,8,2,344.06781005859375
27,0.3170731707317074,0.0,0,8,2,344.06781005859375
28,0.36585365853658547,0.0,0,8,2,344.06781005859375
29,0.41463414634146356,0.0,0,8,2,344.06781005859375
30,0.46341463414634143,0.0,0,8,2,344.06781005859375
31,0.5121951219512195,0.0,0,8,2,344.06781005859375
32,0.5609756097560976,0.0,0,8,2,344.06781005859375
33,0.6097560975609757,0.0,0,8,2,344.06781005859375
34,0.6585365853658538,0.0,0,8,2,344.06781005859375
35,0.7073170731707317,0.0,0,8,2,344.06781005859375
36,0.7560975609756098,0.0,0,8,2,344.06781005859375
37,0.8048780487804879,0.0,0,8,2,344.06781005859375
38,0.853658536585366,0.0,0,8,2,344.06781005859375
39,0.902439024390244,0.0,0,8,2,344.06781005859375
40,0.9512195121951219,0.0,0,8,2,344.06781005859375
41,1.0,0.0,0,8,2,344.06781005859375
0,-1.0,0.0,0,8,3,344.06781005859375
1,-0.9512195121951219,0.0,0,8,3,344.06781005859375
2,-0.9024390243902439,0.0,0,8,3,344.06781005859375
3,-0.8536585365853658,0.0,0,8,3,344.06781005859375
4,-0.8048780487804879,0.0,0,8,3,344.06781005859375
5,-0.7560975609756098,0.0,0,8,3,344.06781005859375
6,-0.7073170731707317,0.0,0,8,3,344.06781005859375
7,-0.6585365853658536,0.0,0,8,3,344.06781005859375
8,-0.6097560975609756,0.0,0,8,3,344.06781005859375
9,-0.5609756097560976,0.0,0,8,3,344.06781005859375
10,-0.5121951219512195,0.0,0,8,3,344.06781005859375
11,-0.46341463414634143,0.0,0,8,3,344.06781005859375
12,-0.41463414634146334,0.0,0,8,3,344.06781005859375
13,-0.36585365853658536,0.0,0,8,3,344.06781005859375
14,-0.31707317073170727,0.0,0,8,3,344.06781005859375
15,-0.2682926829268293,0.0,0,8,3,344.06781005859375
16,-0.2195121951219512,0.0,0,8,3,344.06781005859375
17,-0.1707317073170731,0.0,0,8,3,344.06781005859375
18,-0.12195121951219512,0.0,0,8,3,344.06781005859375
19,-0.07317073170731703,0.0,0,8,3,344.06781005859375
20,-0.024390243902439046,0.0,0,8,3,344.06781005859375
21,0.024390243902439046,0.0,0,8,3,344.06781005859375
22,0.07317073170731714,2.73169376896476e-07,0,8,3,344.06781005859375
23,0.12195121951219523,2.3314386865536108e-08,0,8,3,344.06781005859375
24,0.17073170731707332,5.172332180336525e-07,0,8,3,344.06781005859375
25,0.2195121951219512,4.7546558334943256e-07,0,8,3,344.06781005859375
26,0.2682926829268293,4.3178368969165604e-07,0,8,3,344.06781005859375
27,0.3170731707317074,8.268519025023124e-08,0,8,3,344.06781005859375
28,0.36585365853658547,2.010529897233937e-06,0,8,3,344.06781005859375
29,0.41463414634146356,3.3482433536846656e-06,0,8,3,344.06781005859375
30,0.46341463414634143,2.8845945507782744e-06,0,8,3,344.06781005859375
31,0.5121951219512195,4.2697593016782776e-07,0,8,3,344.06781005859375
32,0.5609756097560976,1.318932731919631e-07,0,8,3,344.06781005859375
33,0.6097560975609757,2.1362126290114247e-08,0,8,3,344.06781005859375
34,0.6585365853658538,1.9503147541399812e-06,0,8,3,344.06781005859375
35,0.7073170731707317,1.5066854075485026e-06,0,8,3,344.06781005859375
36,0.7560975609756098,4.833051434616209e-07,0,8,3,344.06781005859375
37,0.8048780487804879,5.588972271652892e-07,0,8,3,344.06781005859375
38,0.853658536585366,4.1953788354476274e-07,0,8,3,344.06781005859375
39,0.902439024390244,5.537760330298624e-07,0,8,3,344.06781005859375
40,0.9512195121951219,2.2375859032308654e-07,0,8,3,344.06781005859375
41,1.0,2.7907643129765347e-07,0,8,3,344.06781005859375
0,-1.0,0.0,0,9,3,344.06781005859375
1,-0.9512195121951219,0.0,0,9,3,344.06781005859375
2,-0.9024390243902439,0.0,0,9,3,344.06781005859375
3,-0.8536585365853658,0.0,0,9,3,344.06781005859375
4,-0.8048780487804879,0.0,0,9,3,344.06781005859375
5,-0.7560975609756098,0.0,0,9,3,344.06781005859375
6,-0.7073170731707317,0.0,0,9,3,344.06781005859375
7,-0.6585365853658536,0.0,0,9,3,344.06781005859375
8,-0.6097560975609756,0.0,0,9,3,344.06781005859375
9,-0.5609756097560976,0.0,0,9,3,344.06781005859375
10,-0.5121951219512195,0.0,0,9,3,344.06781005859375
11,-0.46341463414634143,0.0,0,9,3,344.06781005859375
12,-0.41463414634146334,0.0,0,9,3,344.06781005859375
13,-0.36585365853658536,0.0,0,9,3,344.06781005859375
14,-0.31707317073170727,0.0,0,9,3,344.06781005859375
15,-0.2682926829268293,0.0,0,9,3,344.06781005859375
16,-0.2195121951219512,2.188481751375093e-08,0,9,3,344.06781005859375
17,-0.1707317073170731,5.666877811449922e-08,0,9,3,344.06781005859375
18,-0.12195121951219512,9.142629409097935e-08,0,9,3,344.06781005859375
19,-0.07317073170731703,1.18793108683235e-08,0,9,3,344.06781005859375
20,-0.024390243902439046,4.398783914894011e-07,0,9,3,344.06781005859375
21,0.024390243902439046,1.3229624755695113e-06,0,9,3,344.06781005859375
22,0.07317073170731714,2.4173931478799204e-07,0,9,3,344.06781005859375
23,0.12195121951219523,6.863273682711224e-08,0,9,3,344.06781005859375
24,0.17073170731707332,2.320804242117447e-06,0,9,3,344.06781005859375
25,0.2195121951219512,4.790470029547578e-06,0,9,3,344.06781005859375
26,0.2682926829268293,1.7400428987457417e-05,0,9,3,344.06781005859375
27,0.3170731707317074,2.77796989394119e-05,0,9,3,344.06781005859375
28,0.36585365853658547,4.285547674953705e-06,0,9,3,344.06781005859375
29,0.41463414634146356,2.6115910713997437e-06,0,9,3,344.06781005859375
30,0.46341463414634143,3.810349937793944e-07,0,9,3,344.06781005859375
31,0.5121951219512195,1.687262312088933e-07,0,9,3,344.06781005859375
32,0.5609756097560976,7.7697372091734e-08,0,9,3,344.06781005859375
33,0.6097560975609757,1.013129846683114e-08,0,9,3,344.06781005859375
34,0.6585365853658538,2.269393561959987e-08,0,9,3,344.06781005859375
35,0.7073170731707317,1.1625562024164537e-07,0,9,3,344.06781005859375
36,0.7560975609756098,1.7117883999162586e-07,0,9,3,344.06781005859375
37,0.8048780487804879,2.8694799425466044e-07,0,9,3,344.06781005859375
38,0.853658536585366,0.0,0,9,3,344.06781005859375
39,0.902439024390244,0.0,0,9,3,344.06781005859375
40,0.9512195121951219,0.0,0,9,3,344.06781005859375
41,1.0,0.0,0,9,3,344.06781005859375
0,-1.0,2.0585292759278673e-07,1,-8,-8,344.06781005859375
1,-0.9512195121951219,2.5419245730518014e-07,1,-8,-8,344.06781005859375
2,-0.9024390243902439,1.5040815242173267e-06,1,-8,-8,344.06781005859375
3,-0.8536585365853658,5.393958417698741e-07,1,-8,-8,344.06781005859375
4,-0.8048780487804879,1.7932526361619239e-06,1,-8,-8,344.06781005859375
5,-0.7560975609756098,1.513731035629462e-06,1,-8,-8,344.06781005859375
6,-0.7073170731707317,1.764440867191297e-06,1,-8,-8,344.06781005859375
7,-0.6585365853658536,8.069050068115757e-07,1,-8,-8,344.06781005859375
8,-0.6097560975609756,1.9354299638507655e-06,1,-8,-8,344.06781005859375
9,-0.5609756097560976,1.3598859140984132e-06,1,-8,-8,344.06781005859375
10,-0.5121951219512195,1.2721601478915545e-06,1,-8,-8,344.06781005859375
11,-0.46341463414634143,2.626489549584221e-05,1,-8,-8,344.06781005859375
12,-0.41463414634146334,7.466377428499982e-05,1,-8,-8,344.06781005859375
13,-0.36585365853658536,8.016606443561614e-06,1,-8,-8,344.06781005859375
14,-0.31707317073170727,2.3813590814825147e-05,1,-8,-8,344.06781005859375
15,-0.2682926829268293,2.1660913262167014e-05,1,-8,-8,344.06781005859375
16,-0.2195121951219512,4.0937558765108406e-07,1,-8,-8,344.06781005859375
17,-0.1707317073170731,2.180947376473341e-06,1,-8,-8,344.06781005859375
18,-0.12195121951219512,3.4988480024367163e-07,1,-8,-8,344.06781005859375
19,-0.07317073170731703,5.893548404856119e-07,1,-8,-8,344.06781005859375
20,-0.024390243902439046,2.8862606882285036e-07,1,-8,-8,344.06781005859375
21,0.024390243902439046,2.7584642126043946e-08,1,-8,-8,344.06781005859375
22,0.07317073170731714,3.76023308490403e-07,1,-8,-8,344.06781005859375
23,0.12195121951219523,1.8434130311106856e-07,1,-8,-8,344.06781005859375
24,0.17073170731707332,2.3719687192169658e-07,1,-8,-8,344.06781005859375
25,0.2195121951219512,0.0,1,-8,-8,344.06781005859375
26,0.2682926829268293,0.0,1,-8,-8,344.06781005859375
27,0.3170731707317074,0.0,1,-8,-8,344.06781005859375
28,0.36585365853658547,0.0,1,-8,-8,344.06781005859375
29,0.41463414634146356,0.0,1,-8,-8,344.06781005859375
30,0.46341463414634143,0.0,1,-8,-8,344.06781005859375
31,0.5121951219512195,0.0,1,-8,-8,344.06781005859375
32,0.5609756097560976,0.0,1,-8,-8,344.06781005859375
33,0.6097560975609757,0.0,1,-8,-8,344.06781005859375
34,0.6585365853658538,0.0,1,-8,-8,344.06781005859375
35,0.7073170731707317,0.0,1,-8,-8,344.06781005859375
36,0.7560975609756098,0.0,1,-8,-8,344.06781005859375
37,0.8048780487804879,0.0,1,-8,-8,344.06781005859375
38,0.853658536585366,0.0,1,-8,-8,344.06781005859375
39,0.902439024390244,0.0,1,-8,-8,344.06781005859375
40,0.9512195121951219,0.0,1,-8,-8,344.06781005859375
41,1.0,0.0,1,-8,-8,344.06781005859375
0,-1.0,0.0,1,-7,-8,344.06781005859375
1,-0.9512195121951219,0.0,1,-7,-8,344.06781005859375
2,-0.9024390243902439,0.0,1,-7,-8,344.06781005859375
3,-0.8536585365853658,0.0,1,-7,-8,344.06781005859375
4,-0.8048780487804879,0.0,1,-7,-8,344.06781005859375
5,-0.7560975609756098,0.0,1,-7,-8,344.06781005859375
6,-0.7073170731707317,0.0,1,-7,-8,344.06781005859375
7,-0.6585365853658536,0.0,1,-7,-8,344.06781005859375
8,-0.6097560975609756,0.0,1,-7,-8,344.06781005859375
9,-0.5609756097560976,0.0,1,-7,-8,344.06781005859375
10,-0.5121951219512195,0.0,1,-7,-8,344.06781005859375
11,-0.46341463414634143,0.0,1,-7,-8,344.06781005859375
12,-0.41463414634146334,0.0,1,-7,-8,344.06781005859375
13,-0.36585365853658536,0.0,1,-7,-8,344.06781005859375
14,-0.31707317073170727,0.0,1,-7,-8,344.06781005859375
15,-0.2682926829268293,0.0,1,-7,-8,344.06781005859375
16,-0.2195121951219512,0.0,1,-7,-8,344.06781005859375
17,-0.1707317073170731,0.0,1,-7,-8,344.06781005859375
18,-0.12195121951219512,0.0,1,-7,-8,344.06781005859375
19,-0.07317073170731703,0.0,1,-7,-8,344.06781005859375
20,-0.024390243902439046,1.8540068822403555e-06,1,-7,-8,344.06781005859375
21,0.024390243902439046,4.7387732138304273e-07,1,-7,-8,344.06781005859375
22,0.07317073170731714,3.7909055095042277e-07,1,-7,-8,344.06781005859375
23,0.12195121951219523,6.829780119232964e-08,1,-7,-8,344.06781005859375
24,0.17073170731707332,4.433853064256255e-06,1,-7,-8,344.06781005859375
25,0.2195121951219512,2.472708956702263e-06,1,-7,-8,344.06781005859375
26,0.2682926829268293,1.9279202660982264e-06,1,-7,-8,344.06781005859375
27,0.3170731707317074,4.330829597165575e-06,1,-7,-8,344.06781005859375
28,0.36585365853658547,9.93797357295989e-07,1,-7,-8,344.06781005859375
29,0.41463414634146356,1.0354156074754428e-06,1,-7,-8,344.06781005859375
30,0.46341463414634143,3.8602397580689285e-06,1,-7,-8,344.06781005859375
31,0.5121951219512195,6.83491134623182e-06,1,-7,-8,344.06781005859375
32,0.5609756097560976,1.4882713003316894e-05,1,-7,-8,344.06781005859375
33,0.6097560975609757,0.00014758647012058645,1,-7,-8,344.06781005859375
34,0.6585365853658538,0.00013751263031736016,1,-7,-8,344.06781005859375
35,0.7073170731707317,9.867646440397948e-06,1,-7,-8,344.06781005859375
36,0.7560975609756098,1.723723289615009e-05,1,-7,-8,344.06781005859375
37,0.8048780487804879,7.203240784292575e-06,1,-7,-8,344.06781005859375
38,0.853658536585366,1.6857325135788415e-06,1,-7,-8,344.06781005859375
39,0.902439024390244,1.0879891760851024e-06,1,-7,-8,344.06781005859375
40,0.9512195121951219,2.505709971956094e-06,1,-7,-8,344.06781005859375
41,1.0,2.7953847165917978e-06,1,-7,-8,344.06781005859375
0,-1.0,0.0001617850357433781,1,-7,-7,344.06781005859375
1,-0.9512195121951219,0.0003206494147889316,1,-7,-7,344.06781005859375
2,-0.9024390243902439,0.00029675097903236747,1,-7,-7,344.06781005859375
3,-0.8536585365853658,9.116040746448562e-05,1,-7,-7,344.06781005859375
4,-0.8048780487804879,5.545074145629769e-06,1,-7,-7,344.06781005859375
5,-0.7560975609756098,2.726798584262724e-06,1,-7,-7,344.06781005859375
6,-0.7073170731707317,1.9206179331376916e-06,1,-7,-7,344.06781005859375
7,-0.6585365853658536,8.849278856359888e-07,1,-7,-7,344.06781005859375
8,-0.6097560975609756,9.422702618167023e-08,1,-7,-7,344.06781005859375
9,-0.5609756097560976,5.000559895051992e-07,1,-7,-7,344.06781005859375
10,-0.5121951219512195,2.8300502208367107e-07,1,-7,-7,344.06781005859375
11,-0.46341463414634143,1.7636352822592016e-08,1,-7,-7,344.06781005859375
12,-0.41463414634146334,8.5753930534338e-07,1,-7,-7,344.06781005859375
13,-0.36585365853658536,1.0163707884203177e-06,1,-7,-7,344.06781005859375
14,-0.31707317073170727,9.50487731188332e-07,1,-7,-7,344.06781005859375
15,-0.2682926829268293,1.2533358813016093e-06,1,-7,-7,344.06781005859375
16,-0.2195121951219512,0.0,1,-7,-7,344.06781005859375
17,-0.1707317073170731,0.0,1,-7,-7,344.06781005859375
18,-0.12195121951219512,0.0,1,-7,-7,344.06781005859375
19,-0.07317073170731703,0.0,1,-7,-7,344.06781005859375
20,-0.024390243902439046,0.0,1,-7,-7,344.06781005859375
21,0.024390243902439046,0.0,1,-7,-7,344.06781005859375
22,0.07317073170731714,0.0,1,-7,-7,344.06781005859375
23,0.12195121951219523,0.0,1,-7,-7,344.06781005859375
24,0.17073170731707332,0.0,1,-7,-7,344.06781005859375
25,0.2195121951219512,0.0,1,-7,-7,344.06781005859375
26,0.2682926829268293,0.0,1,-7,-7,344.06781005859375
27,0.3170731707317074,0.0,1,-7,-7,344.06781005859375
28,0.36585365853658547,0.0,1,-7,-7,344.06781005859375
29,0.41463414634146356,0.0,1,-7,-7,344.06781005859375
30,0.46341463414634143,0.0,1,-7,-7,344.06781005859375
31,0.5121951219512195,0.0,1,-7,-7,344.06781005859375
32,0.5609756097560976,0.0,1,-7,-7,344.06781005859375
33,0.6097560975609757,0.0,1,-7,-7,344.06781005859375
34,0.6585365853658538,0.0,1,-7,-7,344.06781005859375
35,0.7073170731707317,0.0,1,-7,-7,344.06781005859375
36,0.7560975609756098,0.0,1,-7,-7,344.06781005859375
37,0.8048780487804879,0.0,1,-7,-7,344.06781005859375
38,0.853658536585366,0.0,1,-7,-7,344.06781005859375
39,0.902439024390244,0.0,1,-7,-7,344.06781005859375
40,0.9512195121951219,0.0,1,-7,-7,344.06781005859375
41,1.0,0.0,1,-7,-7,344.06781005859375
0,-1.0,0.0,1,-6,-7,344.06781005859375
1,-0.9512195121951219,0.0,1,-6,-7,344.06781005859375
2,-0.9024390243902439,0.0,1,-6,-7,344.06781005859375
3,-0.8536585365853658,0.0,1,-6,-7,344.06781005859375
4,-0.8048780487804879,0.0,1,-6,-7,344.06781005859375
5,-0.7560975609756098,0.0,1,-6,-7,344.06781005859375
6,-0.7073170731707317,0.0,1,-6,-7,344.06781005859375
7,-0.6585365853658536,3.7429856547532836e-08,1,-6,-7,344.06781005859375
8,-0.6097560975609756,5.736025059377425e-07,1,-6,-7,344.06781005859375
9,-0.5609756097560976,7.206804184534121e-07,1,-6,-7,344.06781005859375
10,-0.5121951219512195,8.148416554831783e-07,1,-6,-7,344.06781005859375
11,-0.46341463414634143,1.1185446737727034e-06,1,-6,-7,344.06781005859375
12,-0.41463414634146334,1.1433636473157094e-06,1,-6,-7,344.06781005859375
13,-0.36585365853658536,1.7770615556855773e-07,1,-6,-7,344.06781005859375
14,-0.31707317073170727,4.420925563408673e-07,1,-6,-7,344.06781005859375
15,-0.2682926829268293,1.6579392649873625e-06,1,-6,-7,344.06781005859375
16,-0.2195121951219512,2.8299788823460403e-07,1,-6,-7,344.06781005859375
17,-0.1707317073170731,1.1699917195073795e-06,1,-6,-7,344.06781005859375
18,-0.12195121951219512,1.2681973657890921e-06,1,-6,-7,344.06781005859375
19,-0.07317073170731703,1.0876193812237034e-07,1,-6,-7,344.06781005859375
20,-0.024390243902439046,3.7789882867400593e-07,1,-6,-7,344.06781005859375
21,0.024390243902439046,1.703847556200344e-05,1,-6,-7,344.06781005859375
22,0.07317073170731714,0.00012369568867143244,1,-6,-7,344.06781005859375
23,0.12195121951219523,0.00025084835942834616,1,-6,-7,344.06781005859375
24,0.17073170731707332,0.00019342567247804254,1,-6,-7,344.06781005859375
25,0.2195121951219512,4.458946568774991e-05,1,-6,-7,344.06781005859375
26,0.2682926829268293,1.5404077203129418e-05,1,-6,-7,344.06781005859375
27,0.3170731707317074,2.542238507885486e-05,1,-6,-7,344.06781005859375
28,0.36585365853658547,1.1359491509210784e-05,1,-6,-7,344.06781005859375
29,0.41463414634146356,1.1574118161661318e-06,1,-6,-7,344.06781005859375
30,0.46341463414634143,2.3312700250244234e-06,1,-6,-7,344.06781005859375
31,0.5121951219512195,8.571734610995918e-07,1,-6,-7,344.06781005859375
32,0.5609756097560976,1.6403629388150875e-07,1,-6,-7,344.06781005859375
33,0.6097560975609757,1.17739705274289e-06,1,-6,-7,344.06781005859375
34,0.6585365853658538,1.9991614408354508e-06,1,-6,-7,344.06781005859375
35,0.7073170731707317,2.268514208481065e-06,1,-6,-7,344.06781005859375
36,0.7560975609756098,9.363106414639333e-07,1,-6,-7,344.06781005859375
37,0.8048780487804879,1.5371535155850324e-08,1,-6,-7,344.06781005859375
38,0.853658536585366,5.038646122557111e-07,1,-6,-7,344.06781005859375
39,0.902439024390244,5.826952360621362e-07,1,-6,-7,344.06781005859375
40,0.9512195121951219,7.835812709799939e-08,1,-6,-7,344.06781005859375
41,1.0,0.0,1,-6,-7,344.06781005859375
0,-1.0,7.57303223508643e-06,1,-5,-6,344.06781005859375
1,-0.9512195121951219,5.91184698350844e-06,1,-5,-6,344.06781005859375
2,-0.9024390243902439,4.6239543735282496e-05,1,-5,-6,344.06781005859375
3,-0.8536585365853658,6.277825741562992e-05,1,-5,-6,344.06781005859375
4,-0.8048780487804879,5.104846422909759e-05,1,-5,-6,344.06781005859375
5,-0.7560975609756098,0.0002599985455162823,1,-5,-6,344.06781005859375
6,-0.7073170731707317,0.0004296841798350215,1,-5,-6,344.06781005859375
7,-0.6585365853658536,0.0004287387419026345,1,-5,-6,344.06781005859375
8,-0.6097560975609756,0.00030442510615102947,1,-5,-6,344.06781005859375
9,-0.5609756097560976,6.850182398920879e-05,1,-5,-6,344.06781005859375
10,-0.5121951219512195,6.066157311579445e-06,1,-5,-6,344.06781005859375
11,-0.46341463414634143,4.073024683748372e-05,1,-5,-6,344.06781005859375
12,-0.41463414634146334,2.2926407837076113e-05,1,-5,-6,344.06781005859375
13,-0.36585365853658536,2.3055422389006708e-06,1,-5,-6,344.06781005859375
14,-0.31707317073170727,9.196648534270935e-06,1,-5,-6,344.06781005859375
15,-0.2682926829268293,9.3274948085309e-06,1,-5,-6,344.06781005859375
16,-0.2195121951219512,2.869037132313679e-07,1,-5,-6,344.06781005859375
17,-0.1707317073170731,2.12321242543112e-06,1,-5,-6,344.06781005859375
18,-0.12195121951219512,1.085417352442164e-06,1,-5,-6,344.06781005859375
19,-0.07317073170731703,6.749966701136145e-07,1,-5,-6,344.06781005859375
20,-0.024390243902439046,3.276401912444271e-06,1,-5,-6,344.06781005859375
21,0.024390243902439046,2.217941073467955e-06,1,-5,-6,344.06781005859375
22,0.07317073170731714,6.753131742698315e-07,1,-5,-6,344.06781005859375
23,0.12195121951219523,7.012368428149784e-07,1,-5,-6,344.06781005859375
24,0.17073170731707332,2.84534849015472e-07,1,-5,-6,344.06781005859375
25,0.2195121951219512,4.3051889520029363e-07,1,-5,-6,344.06781005859375
26,0.2682926829268293,2.5045526399480877e-06,1,-5,-6,344.06781005859375
27,0.3170731707317074,2.5650888346717693e-06,1,-5,-6,344.06781005859375
28,0.36585365853658547,0.0,1,-5,-6,344.06781005859375
29,0.41463414634146356,0.0,1,-5,-6,344.06781005859375
30,0.46341463414634143,0.0,1,-5,-6,344.06781005859375
31,0.5121951219512195,0.0,1,-5,-6,344.06781005859375
32,0.5609756097560976,0.0,1,-5,-6,344.06781005859375
33,0.6097560975609757,0.0,1,-5,-6,344.06781005859375
34,0.6585365853658538,0.0,1,-5,-6,344.06781005859375
35,0.7073170731707317,0.0,1,-5,-6,344.06781005859375
36,0.7560975609756098,0.0,1,-5,-6,344.06781005859375
37,0.8048780487804879,0.0,1,-5,-6,344.06781005859375
38,0.853658536585366,0.0,1,-5,-6,344.06781005859375
39,0.902439024390244,0.0,1,-5,-6,344.06781005859375
40,0.9512195121951219,0.0,1,-5,-6,344.06781005859375
41,1.0,0.0,1,-5,-6,344.06781005859375
0,-1.0,0.0,1,-4,-6,344.06781005859375
1,-0.9512195121951219,0.0,1,-4,-6,344.06781005859375
2,-0.9024390243902439,0.0,1,-4,-6,344.06781005859375
3,-0.8536585365853658,0.0,1,-4,-6,344.06781005859375
4,-0.8048780487804879,0.0,1,-4,-6,344.06781005859375
5,-0.7560975609756098,0.0,1,-4,-6,344.06781005859375
6,-0.7073170731707317,0.0,1,-4,-6,344.06781005859375
7,-0.6585365853658536,0.0,1,-4,-6,344.06781005859375
8,-0.6097560975609756,0.0,1,-4,-6,344.06781005859375
9,-0.5609756097560976,0.0,1,-4,-6,344.06781005859375
10,-0.5121951219512195,0.0,1,-4,-6,344.06781005859375
11,-0.46341463414634143,0.0,1,-4,-6,344.06781005859375
12,-0.41463414634146334,0.0,1,-4,-6,344.06781005859375
13,-0.36585365853658536,0.0,1,-4,-6,344.06781005859375
14,-0.31707317073170727,1.403384067089064e-05,1,-4,-6,344.06781005859375
15,-0.2682926829268293,1.2258275091880932e-05,1,-4,-6,344.06781005859375
16,-0.2195121951219512,2.2482799977296963e-06,1,-4,-6,344.06781005859375
17,-0.1707317073170731,9.920427146425936e-07,1,-4,-6,344.06781005859375
18,-0.12195121951219512,1.009512743621599e-05,1,-4,-6,344.06781005859375
19,-0.07317073170731703,1.3878860045224428e-05,1,-4,-6,344.06781005859375
20,-0.024390243902439046,3.0064306884014513e-06,1,-4,-6,344.06781005859375
21,0.024390243902439046,3.554565637386986e-06,1,-4,-6,344.06781005859375
22,0.07317073170731714,1.3175450476410333e-05,1,-4,-6,344.06781005859375
23,0.12195121951219523,9.591460184310563e-06,1,-4,-6,344.06781005859375
24,0.17073170731707332,2.3528386918769684e-06,1,-4,-6,344.06781005859375
25,0.2195121951219512,1.0003144552683807e-06,1,-4,-6,344.06781005859375
26,0.2682926829268293,1.1185089533682913e-05,1,-4,-6,344.06781005859375
27,0.3170731707317074,2.531550489948131e-05,1,-4,-6,344.06781005859375
28,0.36585365853658547,7.847243978176266e-06,1,-4,-6,344.06781005859375
29,0.41463414634146356,3.878961251757573e-06,1,-4,-6,344.06781005859375
30,0.46341463414634143,1.9947643522755243e-05,1,-4,-6,344.06781005859375
31,0.5121951219512195,5.590193723037373e-06,1,-4,-6,344.06781005859375
32,0.5609756097560976,4.852834535995498e-06,1,-4,-6,344.06781005859375
33,0.6097560975609757,6.593327270820737e-05,1,-4,-6,344.06781005859375
34,0.6585365853658538,0.00010017489694291726,1,-4,-6,344.06781005859375
35,0.7073170731707317,1.4203867976902984e-05,1,-4,-6,344.06781005859375
36,0.7560975609756098,7.524965621996671e-05,1,-4,-6,344.06781005859375
37,0.8048780487804879,0.0005170140066184103,1,-4,-6,344.06781005859375
38,0.853658536585366,0.0011581439757719636,1,-4,-6,344.06781005859375
39,0.902439024390244,0.0014426828129217029,1,-4,-6,344.06781005859375
40,0.9512195121951219,0.0011975986417382956,1,-4,-6,344.06781005859375
41,1.0,0.0006538968882523477,1,-4,-6,344.06781005859375
0,-1.0,2.1424270016723312e-05,1,-3,-5,344.06781005859375
1,-0.9512195121951219,0.00027681002393364906,1,-3,-5,344.06781005859375
2,-0.9024390243902439,0.0007915722671896219,1,-3,-5,344.06781005859375
3,-0.8536585365853658,0.0009735850035212934,1,-3,-5,344.06781005859375
4,-0.8048780487804879,0.0003677027125377208,1,-3,-5,344.06781005859375
5,-0.7560975609756098,3.9344355172943324e-05,1,-3,-5,344.06781005859375
6,-0.7073170731707317,0.001378560089506209,1,-3,-5,344.06781005859375
7,-0.6585365853658536,0.004239602945744991,1,-3,-5,344.06781005859375
8,-0.6097560975609756,0.008194022811949253,1,-3,-5,344.06781005859375
9,-0.5609756097560976,0.013113406486809254,1,-3,-5,344.06781005859375
10,-0.5121951219512195,0.01656164973974228,1,-3,-5,344.06781005859375
11,-0.46341463414634143,0.01563534326851368,1,-3,-5,344.06781005859375
12,-0.41463414634146334,0.010887667536735535,1,-3,-5,344.06781005859375
13,-0.36585365853658536,0.005429564509540796,1,-3,-5,344.06781005859375
14,-0.31707317073170727,0.0017165408935397863,1,-3,-5,344.06781005859375
15,-0.2682926829268293,0.00014851755986455828,1,-3,-5,344.06781005859375
16,-0.2195121951219512,0.00017926606233231723,1,-3,-5,344.06781005859375
17,-0.1707317073170731,0.0007440891349688172,1,-3,-5,344.06781005859375
18,-0.12195121951219512,0.0006931543466635048,1,-3,-5,344.06781005859375
19,-0.07317073170731703,0.0002303303190274164,1,-3,-5,344.06781005859375
20,-0.024390243902439046,1.210478694702033e-05,1,-3,-5,344.06781005859375
21,0.024390243902439046,9.815102384891361e-05,1,-3,-5,344.06781005859375
22,0.07317073170731714,0.000284877693047747,1,-3,-5,344.06781005859375
23,0.12195121951219523,0.00036018312675878406,1,-3,-5,344.06781005859375
24,0.17073170731707332,0.00022599501244258136,1,-3,-5,344.06781005859375
25,0.2195121951219512,5.3644929721485823e-05,1,-3,-5,344.06781005859375
26,0.2682926829268293,4.515415639616549e-06,1,-3,-5,344.06781005859375
27,0.3170731707317074,5.895394860999659e-05,1,-3,-5,344.06781005859375
28,0.36585365853658547,7.189330062828958e-05,1,-3,-5,344.06781005859375
29,0.41463414634146356,2.6615663955453783e-05,1,-3,-5,344.06781005859375
30,0.46341463414634143,9.346123874820478e-07,1,-3,-5,344.06781005859375
31,0.5121951219512195,2.7942242013523355e-05,1,-3,-5,344.06781005859375
32,0.5609756097560976,9.305279672844335e-05,1,-3,-5,344.06781005859375
33,0.6097560975609757,0.00010705721797421575,1,-3,-5,344.06781005859375
34,0.6585365853658538,6.381441198755056e-05,1,-3,-5,344.06781005859375
35,0.7073170731707317,1.3737218068854418e-05,1,-3,-5,344.06781005859375
36,0.7560975609756098,2.3363281798083335e-06,1,-3,-5,344.06781005859375
37,0.8048780487804879,2.7891295758308843e-05,1,-3,-5,344.06781005859375
38,0.853658536585366,5.5329015594907105e-05,1,-3,-5,344.06781005859375
39,0.902439024390244,4.614015779225156e-05,1,-3,-5,344.06781005859375
40,0.9512195121951219,1.654662992223166e-05,1,-3,-5,344.06781005859375
41,1.0,5.629880888591288e-06,1,-3,-5,344.06781005859375
0,-1.0,0.0,1,4,-2,344.06781005859375
1,-0.9512195121951219,0.0,1,4,-2,344.06781005859375
2,-0.9024390243902439,0.0,1,4,-2,344.06781005859375
3,-0.8536585365853658,1.9520350178936496e-05,1,4,-2,344.06781005859375
4,-0.8048780487804879,2.6915242415270768e-05,1,4,-2,344.06781005859375
5,-0.7560975609756098,1.3434629181574564e-05,1,4,-2,344.06781005859375
6,-0.7073170731707317,1.3152667634130921e-05,1,4,-2,344.06781005859375
7,-0.6585365853658536,2.212959952885285e-05,1,4,-2,344.06781005859375
8,-0.6097560975609756,1.2361633707769215e-05,1,4,-2,344.06781005859375
9,-0.5609756097560976,1.918044063131674e-06,1,4,-2,344.06781005859375
10,-0.5121951219512195,4.0338545659324154e-06,1,4,-2,344.06781005859375
11,-0.46341463414634143,6.214510904101189e-06,1,4,-2,344.06781005859375
12,-0.41463414634146334,2.8721906346618198e-05,1,4,-2,344.06781005859375
13,-0.36585365853658536,5.5434829846490175e-05,1,4,-2,344.06781005859375
14,-0.31707317073170727,3.4795266401488334e-05,1,4,-2,344.06781005859375
15,-0.2682926829268293,5.528152087208582e-07,1,4,-2,344.06781005859375
16,-0.2195121951219512,4.389079549582675e-05,1,4,-2,344.06781005859375
17,-0.1707317073170731,6.849101191619411e-05,1,4,-2,344.06781005859375
18,-0.12195121951219512,7.396826731564943e-06,1,4,-2,344.06781005859375
19,-0.07317073170731703,5.8919915318256244e-05,1,4,-2,344.06781005859375
20,-0.024390243902439046,0.00024430823395960033,1,4,-2,344.06781005859375
21,0.024390243902439046,0.00019731064094230533,1,4,-2,344.06781005859375
22,0.07317073170731714,5.476917976920959e-06,1,4,-2,344.06781005859375
23,0.12195121951219523,0.0008943689754232764,1,4,-2,344.06781005859375
24,0.17073170731707332,0.003224352141842246,1,4,-2,344.06781005859375
25,0.2195121951219512,0.005143577232956886,1,4,-2,344.06781005859375
26,0.2682926829268293,0.0046417852863669395,1,4,-2,344.06781005859375
27,0.3170731707317074,0.0021623463835567236,1,4,-2,344.06781005859375
28,0.36585365853658547,0.00030010653426870704,1,4,-2,344.06781005859375
29,0.41463414634146356,5.361917646951042e-05,1,4,-2,344.06781005859375
30,0.46341463414634143,0.0003001311852131039,1,4,-2,344.06781005859375
31,0.5121951219512195,0.0001428623218089342,1,4,-2,344.06781005859375
32,0.5609756097560976,2.94540797085574e-07,1,4,-2,344.06781005859375
33,0.6097560975609757,4.995327617507428e-05,1,4,-2,344.06781005859375
34,0.6585365853658538,6.592037243535742e-05,1,4,-2,344.06781005859375
35,0.7073170731707317,1.75078912434401e-05,1,4,-2,344.06781005859375
36,0.7560975609756098,7.53093627281487e-06,1,4,-2,344.06781005859375
37,0.8048780487804879,5.177606726647355e-05,1,4,-2,344.06781005859375
38,0.853658536585366,2.6928331863018684e-05,1,4,-2,344.06781005859375
39,0.902439024390244,1.4414633824344492e-06,1,4,-2,344.06781005859375
40,0.9512195121951219,2.6123916541109793e-05,1,4,-2,344.06781005859375
41,1.0,2.558855885581579e-05,1,4,-2,344.06781005859375
0,-1.0,8.463225822197273e-05,1,5,-2,344.06781005859375
1,-0.9512195121951219,3.6539146094582975e-05,1,5,-2,344.06781005859375
2,-0.9024390243902439,1.5740279195597395e-06,1,5,-2,344.06781005859375
3,-0.8536585365853658,7.410515991068678e-06,1,5,-2,344.06781005859375
4,-0.8048780487804879,9.476811101194471e-05,1,5,-2,344.06781005859375
5,-0.7560975609756098,0.00036871558404527605,1,5,-2,344.06781005859375
6,-0.7073170731707317,0.0004816897853743285,1,5,-2,344.06781005859375
7,-0.6585365853658536,0.0002462860138621181,1,5,-2,344.06781005859375
8,-0.6097560975609756,0.000748870603274554,1,5,-2,344.06781005859375
9,-0.5609756097560976,0.0020851928275078535,1,5,-2,344.06781005859375
10,-0.5121951219512195,0.002226551529020071,1,5,-2,344.06781005859375
11,-0.46341463414634143,0.0008843220421113074,1,5,-2,344.06781005859375
12,-0.41463414634146334,0.00010807503713294864,1,5,-2,344.06781005859375
13,-0.36585365853658536,0.00024419015971943736,1,5,-2,344.06781005859375
14,-0.31707317073170727,0.0002375830226810649,1,5,-2,344.06781005859375
15,-0.2682926829268293,0.00011602784070419148,1,5,-2,344.06781005859375
16,-0.2195121951219512,0.00029013410676270723,1,5,-2,344.06781005859375
17,-0.1707317073170731,0.0003339304821565747,1,5,-2,344.06781005859375
18,-0.12195121951219512,0.0001829032989917323,1,5,-2,344.06781005859375
19,-0.07317073170731703,0.00011530696792760864,1,5,-2,344.06781005859375
20,-0.024390243902439046,7.5409137934912e-05,1,5,-2,344.06781005859375
21,0.024390243902439046,1.6220859833993018e-05,1,5,-2,344.06781005859375
22,0.07317073170731714,1.1446715006968589e-06,1,5,-2,344.06781005859375
23,0.12195121951219523,8.119352969515603e-06,1,5,-2,344.06781005859375
24,0.17073170731707332,8.032293408177793e-06,1,5,-2,344.06781005859375
25,0.2195121951219512,9.655977919464931e-06,1,5,-2,344.06781005859375
26,0.2682926829268293,2.179016519221477e-06,1,5,-2,344.06781005859375
27,0.3170731707317074,7.747305517114e-07,1,5,-2,344.06781005859375
28,0.36585365853658547,1.83507984274911e-06,1,5,-2,344.06781005859375
29,0.41463414634146356,0.0,1,5,-2,344.06781005859375
30,0.46341463414634143,0.0,1,5,-2,344.06781005859375
31,0.5121951219512195,0.0,1,5,-2,344.06781005859375
32,0.5609756097560976,0.0,1,5,-2,344.06781005859375
33,0.6097560975609757,0.0,1,5,-2,344.06781005859375
34,0.6585365853658538,0.0,1,5,-2,344.06781005859375
35,0.7073170731707317,0.0,1,5,-2,344.06781005859375
36,0.7560975609756098,0.0,1,5,-2,344.06781005859375
37,0.8048780487804879,0.0,1,5,-2,344.06781005859375
38,0.853658536585366,0.0,1,5,-2,344.06781005859375
39,0.902439024390244,0.0,1,5,-2,344.06781005859375
40,0.9512195121951219,0.0,1,5,-2,344.06781005859375
41,1.0,0.0,1,5,-2,344.06781005859375
0,-1.0,0.0,1,6,-1,344.06781005859375
1,-0.9512195121951219,0.0,1,6,-1,344.06781005859375
2,-0.9024390243902439,0.0,1,6,-1,344.06781005859375
3,-0.8536585365853658,0.0,1,6,-1,344.06781005859375
4,-0.8048780487804879,0.0,1,6,-1,344.06781005859375
5,-0.7560975609756098,0.0,1,6,-1,344.06781005859375
6,-0.7073170731707317,0.0,1,6,-1,344.06781005859375
7,-0.6585365853658536,0.0,1,6,-1,344.06781005859375
8,-0.6097560975609756,0.0,1,6,-1,344.06781005859375
9,-0.5609756097560976,0.0,1,6,-1,344.06781005859375
10,-0.5121951219512195,0.0,1,6,-1,344.06781005859375
11,-0.46341463414634143,0.0,1,6,-1,344.06781005859375
12,-0.41463414634146334,0.0,1,6,-1,344.06781005859375
13,-0.36585365853658536,0.0,1,6,-1,344.06781005859375
14,-0.31707317073170727,0.0,1,6,-1,344.06781005859375
15,-0.2682926829268293,0.0,1,6,-1,344.06781005859375
16,-0.2195121951219512,0.0,1,6,-1,344.06781005859375
17,-0.1707317073170731,0.0,1,6,-1,344.06781005859375
18,-0.12195121951219512,0.0,1,6,-1,344.06781005859375
19,-0.07317073170731703,0.0,1,6,-1,344.06781005859375
20,-0.024390243902439046,0.0,1,6,-1,344.06781005859375
21,0.024390243902439046,0.0,1,6,-1,344.06781005859375
22,0.07317073170731714,0.0,1,6,-1,344.06781005859375
23,0.12195121951219523,0.0,1,6,-1,344.06781005859375
24,0.17073170731707332,2.269424157930189e-06,1,6,-1,344.06781005859375
25,0.2195121951219512,4.842838279728312e-06,1,6,-1,344.06781005859375
26,0.2682926829268293,5.857328687852714e-06,1,6,-1,344.06781005859375
27,0.3170731707317074,1.012492248264607e-05,1,6,-1,344.06781005859375
28,0.36585365853658547,6.778119768569013e-06,1,6,-1,344.06781005859375
29,0.41463414634146356,4.166614871792262e-06,1,6,-1,344.06781005859375
30,0.46341463414634143,1.3029982710577315e-06,1,6,-1,344.06781005859375
31,0.5121951219512195,1.2179368695797166e-06,1,6,-1,344.06781005859375
32,0.5609756097560976,6.3609800236008596e-06,1,6,-1,344.06781005859375
33,0.6097560975609757,2.8938353580088005e-07,1,6,-1,344.06781005859375
34,0.6585365853658538,1.808339038689155e-05,1,6,-1,344.06781005859375
35,0.7073170731707317,4.600597549142549e-06,1,6,-1,344.06781005859375
36,0.7560975609756098,2.7557487555895932e-05,1,6,-1,344.06781005859375
37,0.8048780487804879,4.164497659076005e-05,1,6,-1,344.06781005859375
38,0.853658536585366,2.0298777599236928e-05,1,6,-1,344.06781005859375
39,0.902439024390244,0.00033432047348469496,1,6,-1,344.06781005859375
40,0.9512195121951219,0.0005785339744761586,1,6,-1,344.06781005859375
41,1.0,0.00023510093160439283,1,6,-1,344.06781005859375
0,-1.0,0.0,1,7,-1,344.06781005859375
1,-0.9512195121951219,0.0,1,7,-1,344.06781005859375
2,-0.9024390243902439,0.0,1,7,-1,344.06781005859375
3,-0.8536585365853658,0.0,1,7,-1,344.06781005859375
4,-0.8048780487804879,0.0,1,7,-1,344.06781005859375
5,-0.7560975609756098,0.0,1,7,-1,344.06781005859375
6,-0.7073170731707317,0.0,1,7,-1,344.06781005859375
7,-0.6585365853658536,0.0,1,7,-1,344.06781005859375
8,-0.6097560975609756,0.0,1,7,-1,344.06781005859375
9,-0.5609756097560976,0.0,1,7,-1,344.06781005859375
10,-0.5121951219512195,0.0,1,7,-1,344.06781005859375
11,-0.46341463414634143,0.0,1,7,-1,344.06781005859375
12,-0.41463414634146334,0.0,1,7,-1,344.06781005859375
13,-0.36585365853658536,0.0,1,7,-1,344.06781005859375
14,-0.31707317073170727,0.0,1,7,-1,344.06781005859375
15,-0.2682926829268293,5.651992296407116e-07,1,7,-1,344.06781005859375
16,-0.2195121951219512,4.083792077835824e-07,1,7,-1,344.06781005859375
17,-0.1707317073170731,1.280304331885418e-06,1,7,-1,344.06781005859375
18,-0.12195121951219512,8.580876738051302e-07,1,7,-1,344.06781005859375
19,-0.07317073170731703,1.38419738959783e-06,1,7,-1,344.06781005859375
20,-0.024390243902439046,2.262169118694146e-06,1,7,-1,344.06781005859375
21,0.024390243902439046,5.00677879244904e-06,1,7,-1,344.06781005859375
22,0.07317073170731714,5.329689429345308e-06,1,7,-1,344.06781005859375
23,0.12195121951219523,7.469805041182553e-06,1,7,-1,344.06781005859375
24,0.17073170731707332,2.848714211722836e-05,1,7,-1,344.06781005859375
25,0.2195121951219512,9.375124136568047e-06,1,7,-1,344.06781005859375
26,0.2682926829268293,1.720618092804216e-05,1,7,-1,344.06781005859375
27,0.3170731707317074,2.044516077148728e-05,1,7,-1,344.06781005859375
28,0.36585365853658547,0.000143372017191723,1,7,-1,344.06781005859375
29,0.41463414634146356,0.0001400865730829537,1,7,-1,344.06781005859375
30,0.46341463414634143,2.71134776994586e-05,1,7,-1,344.06781005859375
31,0.5121951219512195,1.1184525646967813e-05,1,7,-1,344.06781005859375
32,0.5609756097560976,5.223464540904388e-06,1,7,-1,344.06781005859375
33,0.6097560975609757,2.033736018347554e-05,1,7,-1,344.06781005859375
34,0.6585365853658538,1.5903137864370365e-06,1,7,-1,344.06781005859375
35,0.7073170731707317,1.0569883670541458e-05,1,7,-1,344.06781005859375
36,0.7560975609756098,1.4919123714207672e-06,1,7,-1,344.06781005859375
37,0.8048780487804879,2.7740325094782747e-06,1,7,-1,344.06781005859375
38,0.853658536585366,5.29711940089328e-07,1,7,-1,344.06781005859375
39,0.902439024390244,3.062593805225333e-06,1,7,-1,344.06781005859375
40,0.9512195121951219,4.7386049573105993e-07,1,7,-1,344.06781005859375
41,1.0,2.488721975169028e-06,1,7,-1,344.06781005859375
0,-1.0,0.0,1,8,-1,344.06781005859375
1,-0.9512195121951219,0.0,1,8,-1,344.06781005859375
2,-0.9024390243902439,0.0,1,8,-1,344.06781005859375
3,-0.8536585365853658,0.0,1,8,-1,344.06781005859375
4,-0.8048780487804879,0.0,1,8,-1,344.06781005859375
5,-0.7560975609756098,0.0,1,8,-1,344.06781005859375
6,-0.7073170731707317,0.0,1,8,-1,344.06781005859375
7,-0.6585365853658536,0.0,1,8,-1,344.06781005859375
8,-0.6097560975609756,0.0,1,8,-1,344.06781005859375
9,-0.5609756097560976,2.596111244201893e-06,1,8,-1,344.06781005859375
10,-0.5121951219512195,2.4680369392626744e-07,1,8,-1,344.06781005859375
11,-0.46341463414634143,2.0859304186160443e-06,1,8,-1,344.06781005859375
12,-0.41463414634146334,7.722005079813243e-07,1,8,-1,344.06781005859375
13,-0.36585365853658536,1.0214437224931316e-06,1,8,-1,344.06781005859375
14,-0.31707317073170727,8.362138032680377e-06,1,8,-1,344.06781005859375
15,-0.2682926829268293,1.3297232044351404e-06,1,8,-1,344.06781005859375
16,-0.2195121951219512,1.5971787433954887e-05,1,8,-1,344.06781005859375
17,-0.1707317073170731,6.567105401700246e-07,1,8,-1,344.06781005859375
18,-0.12195121951219512,5.237663572188467e-05,1,8,-1,344.06781005859375
19,-0.07317073170731703,3.764119537663646e-05,1,8,-1,344.06781005859375
20,-0.024390243902439046,0.0007690597558394074,1,8,-1,344.06781005859375
21,0.024390243902439046,0.0006863568560220301,1,8,-1,344.06781005859375
22,0.07317073170731714,1.6925563613767736e-05,1,8,-1,344.06781005859375
23,0.12195121951219523,4.733083915198222e-05,1,8,-1,344.06781005859375
24,0.17073170731707332,5.683648964804888e-07,1,8,-1,344.06781005859375
25,0.2195121951219512,1.2470363799366169e-05,1,8,-1,344.06781005859375
26,0.2682926829268293,4.638802693079924e-06,1,8,-1,344.06781005859375
27,0.3170731707317074,6.365957233356312e-06,1,8,-1,344.06781005859375
28,0.36585365853658547,2.0295703961892286e-06,1,8,-1,344.06781005859375
29,0.41463414634146356,9.126543432103063e-07,1,8,-1,344.06781005859375
30,0.46341463414634143,7.034599093458382e-06,1,8,-1,344.06781005859375
31,0.5121951219512195,8.742305794839922e-07,1,8,-1,344.06781005859375
32,0.5609756097560976,4.758463546750136e-06,1,8,-1,344.06781005859375
33,0.6097560975609757,0.0,1,8,-1,344.06781005859375
34,0.6585365853658538,0.0,1,8,-1,344.06781005859375
35,0.7073170731707317,0.0,1,8,-1,344.06781005859375
36,0.7560975609756098,0.0,1,8,-1,344.06781005859375
37,0.8048780487804879,0.0,1,8,-1,344.06781005859375
38,0.853658536585366,0.0,1,8,-1,344.06781005859375
39,0.902439024390244,0.0,1,8,-1,344.06781005859375
40,0.9512195121951219,0.0,1,8,-1,344.06781005859375
41,1.0,0.0,1,8,-1,344.06781005859375
0,-1.0,0.0,1,9,-1,344.06781005859375
1,-0.9512195121951219,0.0,1,9,-1,344.06781005859375
2,-0.9024390243902439,0.0,1,9,-1,344.06781005859375
3,-0.8536585365853658,0.0,1,9,-1,344.06781005859375
4,-0.8048780487804879,0.0,1,9,-1,344.06781005859375
5,-0.7560975609756098,7.573081006739812e-08,1,9,-1,344.06781005859375
6,-0.7073170731707317,3.034321593986533e-08,1,9,-1,344.06781005859375
7,-0.6585365853658536,4.889322724466183e-08,1,9,-1,344.06781005859375
8,-0.6097560975609756,5.82426373796352e-08,1,9,-1,344.06781005859375
9,-0.5609756097560976,7.019930592377932e-08,1,9,-1,344.06781005859375
10,-0.5121951219512195,2.9273704171828285e-07,1,9,-1,344.06781005859375
11,-0.46341463414634143,2.5054770702581663e-08,1,9,-1,344.06781005859375
12,-0.41463414634146334,5.25321013356006e-07,1,9,-1,344.06781005859375
13,-0.36585365853658536,2.1519056190300034e-06,1,9,-1,344.06781005859375
14,-0.31707317073170727,1.3607741493615322e-05,1,9,-1,344.06781005859375
15,-0.2682926829268293,5.139532731845975e-05,1,9,-1,344.06781005859375
16,-0.2195121951219512,9.783784662431572e-06,1,9,-1,344.06781005859375
17,-0.1707317073170731,4.973855538992211e-06,1,9,-1,344.06781005859375
18,-0.12195121951219512,1.6477945337101119e-06,1,9,-1,344.06781005859375
19,-0.07317073170731703,2.8886378800052626e-07,1,9,-1,344.06781005859375
20,-0.024390243902439046,5.240066457190551e-06,1,9,-1,344.06781005859375
21,0.024390243902439046,2.2510964754474116e-06,1,9,-1,344.06781005859375
22,0.07317073170731714,1.7735306983013288e-06,1,9,-1,344.06781005859375
23,0.12195121951219523,2.0561594737955602e-07,1,9,-1,344.06781005859375
24,0.17073170731707332,9.256773836341381e-08,1,9,-1,344.06781005859375
25,0.2195121951219512,5.6202182463493955e-08,1,9,-1,344.06781005859375
26,0.2682926829268293,0.0,1,9,-1,344.06781005859375
27,0.3170731707317074,0.0,1,9,-1,344.06781005859375
28,0.36585365853658547,0.0,1,9,-1,344.06781005859375
29,0.41463414634146356,0.0,1,9,-1,344.06781005859375
30,0.46341463414634143,0.0,1,9,-1,344.06781005859375
31,0.5121951219512195,0.0,1,9,-1,344.06781005859375
32,0.5609756097560976,0.0,1,9,-1,344.06781005859375
33,0.6097560975609757,0.0,1,9,-1,344.06781005859375
34,0.6585365853658538,0.0,1,9,-1,344.06781005859375
35,0.7073170731707317,0.0,1,9,-1,344.06781005859375
36,0.7560975609756098,0.0,1,9,-1,344.06781005859375
37,0.8048780487804879,0.0,1,9,-1,344.06781005859375
38,0.853658536585366,0.0,1,9,-1,344.06781005859375
39,0.902439024390244,0.0,1,9,-1,344.06781005859375
40,0.9512195121951219,0.0,1,9,-1,344.06781005859375
41,1.0,0.0,1,9,-1,344.06781005859375
0,-1.0,6.65523157294956e-06,2,-5,-10,344.06781005859375
1,-0.9512195121951219,6.362258136505261e-05,2,-5,-10,344.06781005859375
2,-0.9024390243902439,3.563671270967461e-05,2,-5,-10,344.06781005859375
3,-0.8536585365853658,3.532672053552233e-05,2,-5,-10,344.06781005859375
4,-0.8048780487804879,0.0005479604005813599,2,-5,-10,344.06781005859375
5,-0.7560975609756098,0.0013105064863339067,2,-5,-10,344.06781005859375
6,-0.7073170731707317,0.0015212345169857144,2,-5,-10,344.06781005859375
7,-0.6585365853658536,0.0009236995247192681,2,-5,-10,344.06781005859375
8,-0.6097560975609756,0.00023944697750266641,2,-5,-10,344.06781005859375
9,-0.5609756097560976,2.8005730200675316e-05,2,-5,-10,344.06781005859375
10,-0.5121951219512195,6.0078062233515084e-05,2,-5,-10,344.06781005859375
11,-0.46341463414634143,1.7807496988098137e-05,2,-5,-10,344.06781005859375
12,-0.41463414634146334,7.763240319036413e-06,2,-5,-10,344.06781005859375
13,-0.36585365853658536,3.994978760601953e-05,2,-5,-10,344.06781005859375
14,-0.31707317073170727,2.1457472030306235e-05,2,-5,-10,344.06781005859375
15,-0.2682926829268293,6.205544877957436e-07,2,-5,-10,344.06781005859375
16,-0.2195121951219512,1.358132158202352e-05,2,-5,-10,344.06781005859375
17,-0.1707317073170731,1.3574934200732969e-05,2,-5,-10,344.06781005859375
18,-0.12195121951219512,1.0870902542592376e-06,2,-5,-10,344.06781005859375
19,-0.07317073170731703,5.78633398617967e-06,2,-5,-10,344.06781005859375
20,-0.024390243902439046,8.114682714221999e-06,2,-5,-10,344.06781005859375
21,0.024390243902439046,3.7111172446202545e-07,2,-5,-10,344.06781005859375
22,0.07317073170731714,3.886364083882654e-06,2,-5,-10,344.06781005859375
23,0.12195121951219523,6.096298875490902e-06,2,-5,-10,344.06781005859375
24,0.17073170731707332,5.185697773413267e-07,2,-5,-10,344.06781005859375
25,0.2195121951219512,1.6449509985250188e-06,2,-5,-10,344.06781005859375
26,0.2682926829268293,3.105580844930955e-06,2,-5,-10,344.06781005859375
27,0.3170731707317074,4.36172172157967e-07,2,-5,-10,344.06781005859375
28,0.36585365853658547,0.0,2,-5,-10,344.06781005859375
29,0.41463414634146356,0.0,2,-5,-10,344.06781005859375
30,0.46341463414634143,0.0,2,-5,-10,344.06781005859375
31,0.5121951219512195,0.0,2,-5,-10,344.06781005859375
32,0.5609756097560976,0.0,2,-5,-10,344.06781005859375
33,0.6097560975609757,0.0,2,-5,-10,344.06781005859375
34,0.6585365853658538,0.0,2,-5,-10,344.06781005859375
35,0.7073170731707317,0.0,2,-5,-10,344.06781005859375
36,0.7560975609756098,0.0,2,-5,-10,344.06781005859375
37,0.8048780487804879,0.0,2,-5,-10,344.06781005859375
38,0.853658536585366,0.0,2,-5,-10,344.06781005859375
39,0.902439024390244,0.0,2,-5,-10,344.06781005859375
40,0.9512195121951219,0.0,2,-5,-10,344.06781005859375
41,1.0,0.0,2,-5,-10,344.06781005859375
0,-1.0,0.0,2,-4,-10,344.06781005859375
1,-0.9512195121951219,0.0,2,-4,-10,344.06781005859375
2,-0.9024390243902439,0.0,2,-4,-10,344.06781005859375
3,-0.8536585365853658,0.0,2,-4,-10,344.06781005859375
4,-0.8048780487804879,0.0,2,-4,-10,344.06781005859375
5,-0.7560975609756098,0.0,2,-4,-10,344.06781005859375
6,-0.7073170731707317,0.0,2,-4,-10,344.06781005859375
7,-0.6585365853658536,0.0,2,-4,-10,344.06781005859375
8,-0.6097560975609756,0.0,2,-4,-10,344.06781005859375
9,-0.5609756097560976,0.0,2,-4,-10,344.06781005859375
10,-0.5121951219512195,0.0,2,-4,-10,344.06781005859375
11,-0.46341463414634143,0.0,2,-4,-10,344.06781005859375
12,-0.41463414634146334,2.356354116272996e-06,2,-4,-10,344.06781005859375
13,-0.36585365853658536,4.178589733783156e-06,2,-4,-10,344.06781005859375
14,-0.31707317073170727,2.394793909843429e-06,2,-4,-10,344.06781005859375
15,-0.2682926829268293,1.1186985915401237e-07,2,-4,-10,344.06781005859375
16,-0.2195121951219512,1.4879333321005106e-06,2,-4,-10,344.06781005859375
17,-0.1707317073170731,3.932928848371375e-06,2,-4,-10,344.06781005859375
18,-0.12195121951219512,2.4669959657330764e-06,2,-4,-10,344.06781005859375
19,-0.07317073170731703,5.651113710314348e-08,2,-4,-10,344.06781005859375
20,-0.024390243902439046,2.195908109570155e-06,2,-4,-10,344.06781005859375
21,0.024390243902439046,5.3817398111277726e-06,2,-4,-10,344.06781005859375
22,0.07317073170731714,2.8186800591356587e-06,2,-4,-10,344.06781005859375
23,0.12195121951219523,2.414754263213581e-08,2,-4,-10,344.06781005859375
24,0.17073170731707332,3.0163935207383474e-06,2,-4,-10,344.06781005859375
25,0.2195121951219512,7.205474503280129e-06,2,-4,-10,344.06781005859375
26,0.2682926829268293,5.183546363696223e-06,2,-4,-10,344.06781005859375
27,0.3170731707317074,8.087354217423126e-07,2,-4,-10,344.06781005859375
28,0.36585365853658547,6.768288585590199e-06,2,-4,-10,344.06781005859375
29,0.41463414634146356,9.928443432727363e-06,2,-4,-10,344.06781005859375
30,0.46341463414634143,1.0020188483395032e-06,2,-4,-10,344.06781005859375
31,0.5121951219512195,9.2637301349896e-06,2,-4,-10,344.06781005859375
32,0.5609756097560976,4.370180977275595e-05,2,-4,-10,344.06781005859375
33,0.6097560975609757,6.202372605912387e-05,2,-4,-10,344.06781005859375
34,0.6585365853658538,2.0388712073327042e-05,2,-4,-10,344.06781005859375
35,0.7073170731707317,2.0588184270309284e-05,2,-4,-10,344.06781005859375
36,0.7560975609756098,0.000261417735600844,2,-4,-10,344.06781005859375
37,0.8048780487804879,0.000758487090934068,2,-4,-10,344.06781005859375
38,0.853658536585366,0.001224953099153936,2,-4,-10,344.06781005859375
39,0.902439024390244,0.0012263370444998145,2,-4,-10,344.06781005859375
40,0.9512195121951219,0.0007326002814806998,2,-4,-10,344.06781005859375
41,1.0,0.0002092569920932874,2,-4,-10,344.06781005859375
0,-1.0,3.285013917775359e-06,2,-3,-9,344.06781005859375
1,-0.9512195121951219,3.18852556802085e-07,2,-3,-9,344.06781005859375
2,-0.9024390243902439,2.347696863580495e-06,2,-3,-9,344.06781005859375
3,-0.8536585365853658,4.471409283723915e-06,2,-3,-9,344.06781005859375
4,-0.8048780487804879,4.794678261532681e-06,2,-3,-9,344.06781005859375
5,-0.7560975609756098,2.287447159687872e-06,2,-3,-9,344.06781005859375
6,-0.7073170731707317,1.9131518911308376e-06,2,-3,-9,344.06781005859375
7,-0.6585365853658536,8.743925718590617e-06,2,-3,-9,344.06781005859375
8,-0.6097560975609756,1.3180997484596446e-05,2,-3,-9,344.06781005859375
9,-0.5609756097560976,7.356580226769438e-06,2,-3,-9,344.06781005859375
10,-0.5121951219512195,1.3390877029451076e-05,2,-3,-9,344.06781005859375
11,-0.46341463414634143,3.4043299820041284e-05,2,-3,-9,344.06781005859375
12,-0.41463414634146334,3.390193160157651e-05,2,-3,-9,344.06781005859375
13,-0.36585365853658536,2.8210961318109185e-05,2,-3,-9,344.06781005859375
14,-0.31707317073170727,2.0214722098899074e-05,2,-3,-9,344.06781005859375
15,-0.2682926829268293,1.3143668184056878e-05,2,-3,-9,344.06781005859375
16,-0.2195121951219512,3.4414099445712054e-06,2,-3,-9,344.06781005859375
17,-0.1707317073170731,1.9137032722937874e-06,2,-3,-9,344.06781005859375
18,-0.12195121951219512,7.652975909877568e-06,2,-3,-9,344.06781005859375
19,-0.07317073170731703,1.2766347026627045e-05,2,-3,-9,344.06781005859375
20,-0.024390243902439046,1.1103375072707422e-05,2,-3,-9,344.06781005859375
21,0.024390243902439046,9.410376151208766e-06,2,-3,-9,344.06781005859375
22,0.07317073170731714,9.572820090397727e-06,2,-3,-9,344.06781005859375
23,0.12195121951219523,1.6471247363369912e-05,2,-3,-9,344.06781005859375
24,0.17073170731707332,2.6290414098184556e-05,2,-3,-9,344.06781005859375
25,0.2195121951219512,3.077807923546061e-05,2,-3,-9,344.06781005859375
26,0.2682926829268293,2.3101403712644242e-05,2,-3,-9,344.06781005859375
27,0.3170731707317074,1.2293608051550109e-05,2,-3,-9,344.06781005859375
28,0.36585365853658547,4.587173862091731e-06,2,-3,-9,344.06781005859375
29,0.41463414634146356,5.33582579009817e-07,2,-3,-9,344.06781005859375
30,0.46341463414634143,4.1577578713258845e-07,2,-3,-9,344.06781005859375
31,0.5121951219512195,2.559390395617811e-06,2,-3,-9,344.06781005859375
32,0.5609756097560976,4.010298198409146e-06,2,-3,-9,344.06781005859375
33,0.6097560975609757,3.1615697935194476e-06,2,-3,-9,344.06781005859375
34,0.6585365853658538,1.008303911476105e-06,2,-3,-9,344.06781005859375
35,0.7073170731707317,3.8908777355572965e-07,2,-3,-9,344.06781005859375
36,0.7560975609756098,7.455761306118802e-07,2,-3,-9,344.06781005859375
37,0.8048780487804879,7.56520023514895e-07,2,-3,-9,344.06781005859375
38,0.853658536585366,5.477908189277514e-07,2,-3,-9,344.06781005859375
39,0.902439024390244,2.4752223453106126e-06,2,-3,-9,344.06781005859375
40,0.9512195121951219,4.690940386353759e-06,2,-3,-9,344.06781005859375
41,1.0,3.642901447165059e-06,2,-3,-9,344.06781005859375
0,-1.0,0.0026050840970128775,2,-1,-8,344.06781005859375
1,-0.9512195121951219,0.002046411857008934,2,-1,-8,344.06781005859375
2,-0.9024390243902439,0.001612230553291738,2,-1,-8,344.06781005859375
3,-0.8536585365853658,0.001476465375162661,2,-1,-8,344.06781005859375
4,-0.8048780487804879,0.0015558587620034814,2,-1,-8,344.06781005859375
5,-0.7560975609756098,0.001631419756449759,2,-1,-8,344.06781005859375
6,-0.7073170731707317,0.001564057427458465,2,-1,-8,344.06781005859375
7,-0.6585365853658536,0.0014591803774237633,2,-1,-8,344.06781005859375
8,-0.6097560975609756,0.0015778238885104656,2,-1,-8,344.06781005859375
9,-0.5609756097560976,0.002010578289628029,2,-1,-8,344.06781005859375
10,-0.5121951219512195,0.002815301762893796,2,-1,-8,344.06781005859375
11,-0.46341463414634143,0.0036827013827860355,2,-1,-8,344.06781005859375
12,-0.41463414634146334,0.0039743841625750065,2,-1,-8,344.06781005859375
13,-0.36585365853658536,0.0038709784857928753,2,-1,-8,344.06781005859375
14,-0.31707317073170727,0.0034641860984265804,2,-1,-8,344.06781005859375
15,-0.2682926829268293,0.002850428456440568,2,-1,-8,344.06781005859375
16,-0.2195121951219512,0.0022040787152945995,2,-1,-8,344.06781005859375
17,-0.1707317073170731,0.0019210404716432095,2,-1,-8,344.06781005859375
18,-0.12195121951219512,0.0018089147051796317,2,-1,-8,344.06781005859375
19,-0.07317073170731703,0.0015006723115220666,2,-1,-8,344.06781005859375
20,-0.024390243902439046,0.0012037204578518867,2,-1,-8,344.06781005859375
21,0.024390243902439046,0.0008885132847353816,2,-1,-8,344.06781005859375
22,0.07317073170731714,0.0007500530336983502,2,-1,-8,344.06781005859375
23,0.12195121951219523,0.0007275680545717478,2,-1,-8,344.06781005859375
24,0.17073170731707332,0.0007119132787920535,2,-1,-8,344.06781005859375
25,0.2195121951219512,0.0006002430454827845,2,-1,-8,344.06781005859375
26,0.2682926829268293,0.00041033554589375854,2,-1,-8,344.06781005859375
27,0.3170731707317074,0.00025732204085215926,2,-1,-8,344.06781005859375
28,0.36585365853658547,0.00015402509598061442,2,-1,-8,344.06781005859375
29,0.41463414634146356,7.283195736818016e-05,2,-1,-8,344.06781005859375
30,0.46341463414634143,3.678305438370444e-05,2,-1,-8,344.06781005859375
31,0.5121951219512195,3.3731263101799414e-05,2,-1,-8,344.06781005859375
32,0.5609756097560976,4.11470937251579e-05,2,-1,-8,344.06781005859375
33,0.6097560975609757,3.964331699535251e-05,2,-1,-8,344.06781005859375
34,0.6585365853658538,2.633926851558499e-05,2,-1,-8,344.06781005859375
35,0.7073170731707317,1.4927819393051323e-05,2,-1,-8,344.06781005859375
36,0.7560975609756098,1.2521599273895845e-05,2,-1,-8,344.06781005859375
37,0.8048780487804879,1.1657411050691735e-05,2,-1,-8,344.06781005859375
38,0.853658536585366,1.6849267922225408e-05,2,-1,-8,344.06781005859375
39,0.902439024390244,4.1803163185250014e-05,2,-1,-8,344.06781005859375
40,0.9512195121951219,7.70331098465249e-05,2,-1,-8,344.06781005859375
41,1.0,9.677924390416592e-05,2,-1,-8,344.06781005859375
0,-1.0,9.465689799981192e-05,2,1,-7,344.06781005859375
1,-0.9512195121951219,7.663171709282324e-05,2,1,-7,344.06781005859375
2,-0.9024390243902439,5.4251762776402757e-05,2,1,-7,344.06781005859375
3,-0.8536585365853658,2.9629429263877682e-05,2,1,-7,344.06781005859375
4,-0.8048780487804879,1.6362397218472324e-05,2,1,-7,344.06781005859375
5,-0.7560975609756098,1.1454104424046818e-05,2,1,-7,344.06781005859375
6,-0.7073170731707317,8.396195880777668e-06,2,1,-7,344.06781005859375
7,-0.6585365853658536,2.4653027139720507e-05,2,1,-7,344.06781005859375
8,-0.6097560975609756,6.100357495597564e-05,2,1,-7,344.06781005859375
9,-0.5609756097560976,7.812561671016738e-05,2,1,-7,344.06781005859375
10,-0.5121951219512195,7.511615694966167e-05,2,1,-7,344.06781005859375
11,-0.46341463414634143,8.605891343904659e-05,2,1,-7,344.06781005859375
12,-0.41463414634146334,0.00011200102017028257,2,1,-7,344.06781005859375
13,-0.36585365853658536,9.477666753809899e-05,2,1,-7,344.06781005859375
14,-0.31707317073170727,3.0616592994192615e-05,2,1,-7,344.06781005859375
15,-0.2682926829268293,1.4114110854279716e-05,2,1,-7,344.06781005859375
16,-0.2195121951219512,8.723172504687682e-05,2,1,-7,344.06781005859375
17,-0.1707317073170731,0.000193805419257842,2,1,-7,344.06781005859375
18,-0.12195121951219512,0.0003373329236637801,2,1,-7,344.06781005859375
19,-0.07317073170731703,0.0004979502409696579,2,1,-7,344.06781005859375
20,-0.024390243902439046,0.0005928677273914218,2,1,-7,344.06781005859375
21,0.024390243902439046,0.000579450570512563,2,1,-7,344.06781005859375
22,0.07317073170731714,0.0005151774967089295,2,1,-7,344.06781005859375
23,0.12195121951219523,0.0003484041662886739,2,1,-7,344.06781005859375
24,0.17073170731707332,0.00011052863555960357,2,1,-7,344.06781005859375
25,0.2195121951219512,4.046311516958667e-07,2,1,-7,344.06781005859375
26,0.2682926829268293,8.536917448509485e-05,2,1,-7,344.06781005859375
27,0.3170731707317074,0.00027452193899080157,2,1,-7,344.06781005859375
28,0.36585365853658547,0.0006059532170183957,2,1,-7,344.06781005859375
29,0.41463414634146356,0.001185314147733152,2,1,-7,344.06781005859375
30,0.46341463414634143,0.0020066944416612387,2,1,-7,344.06781005859375
31,0.5121951219512195,0.003040972165763378,2,1,-7,344.06781005859375
32,0.5609756097560976,0.004232177976518869,2,1,-7,344.06781005859375
33,0.6097560975609757,0.005316884256899357,2,1,-7,344.06781005859375
34,0.6585365853658538,0.006176970899105072,2,1,-7,344.06781005859375
35,0.7073170731707317,0.006615023594349623,2,1,-7,344.06781005859375
36,0.7560975609756098,0.006482921540737152,2,1,-7,344.06781005859375
37,0.8048780487804879,0.005859172437340021,2,1,-7,344.06781005859375
38,0.853658536585366,0.005148682743310928,2,1,-7,344.06781005859375
39,0.902439024390244,0.0043207029812037945,2,1,-7,344.06781005859375
40,0.9512195121951219,0.003263900987803936,2,1,-7,344.06781005859375
41,1.0,0.002044470515102148,2,1,-7,344.06781005859375
0,-1.0,0.0,2,3,-6,344.06781005859375
1,-0.9512195121951219,0.0,2,3,-6,344.06781005859375
2,-0.9024390243902439,0.0,2,3,-6,344.06781005859375
3,-0.8536585365853658,0.0,2,3,-6,344.06781005859375
4,-0.8048780487804879,0.0,2,3,-6,344.06781005859375
5,-0.7560975609756098,0.0,2,3,-6,344.06781005859375
6,-0.7073170731707317,0.0,2,3,-6,344.06781005859375
7,-0.6585365853658536,0.0,2,3,-6,344.06781005859375
8,-0.6097560975609756,0.0,2,3,-6,344.06781005859375
9,-0.5609756097560976,0.0,2,3,-6,344.06781005859375
10,-0.5121951219512195,0.0,2,3,-6,344.06781005859375
11,-0.46341463414634143,0.0,2,3,-6,344.06781005859375
12,-0.41463414634146334,1.2263683402125025e-06,2,3,-6,344.06781005859375
13,-0.36585365853658536,1.464497813685739e-06,2,3,-6,344.06781005859375
14,-0.31707317073170727,5.092692845209967e-07,2,3,-6,344.06781005859375
15,-0.2682926829268293,1.6211384235020887e-08,2,3,-6,344.06781005859375
16,-0.2195121951219512,8.988517947727814e-07,2,3,-6,344.06781005859375
17,-0.1707317073170731,2.25592020797194e-06,2,3,-6,344.06781005859375
18,-0.12195121951219512,1.7619802292756503e-06,2,3,-6,344.06781005859375
19,-0.07317073170731703,3.7710688616243715e-07,2,3,-6,344.06781005859375
20,-0.024390243902439046,1.3946521448815474e-06,2,3,-6,344.06781005859375
21,0.024390243902439046,4.593551693687914e-06,2,3,-6,344.06781005859375
22,0.07317073170731714,4.2159122131124604e-06,2,3,-6,344.06781005859375
23,0.12195121951219523,7.620586188750167e-07,2,3,-6,344.06781005859375
24,0.17073170731707332,1.1595160742672306e-07,2,3,-6,344.06781005859375
25,0.2195121951219512,1.7911393115355168e-06,2,3,-6,344.06781005859375
26,0.2682926829268293,4.02101159124868e-06,2,3,-6,344.06781005859375
27,0.3170731707317074,5.192561729927547e-06,2,3,-6,344.06781005859375
28,0.36585365853658547,8.967930625658482e-06,2,3,-6,344.06781005859375
29,0.41463414634146356,2.0530971596599557e-05,2,3,-6,344.06781005859375
30,0.46341463414634143,3.990462209912948e-05,2,3,-6,344.06781005859375
31,0.5121951219512195,5.157330087968148e-05,2,3,-6,344.06781005859375
32,0.5609756097560976,3.5470875445753336e-05,2,3,-6,344.06781005859375
33,0.6097560975609757,2.085631240333896e-05,2,3,-6,344.06781005859375
34,0.6585365853658538,3.0020666599739343e-05,2,3,-6,344.06781005859375
35,0.7073170731707317,1.4470765563601162e-05,2,3,-6,344.06781005859375
36,0.7560975609756098,4.2785750338225625e-06,2,3,-6,344.06781005859375
37,0.8048780487804879,5.063920980319381e-05,2,3,-6,344.06781005859375
38,0.853658536585366,0.00019437246373854578,2,3,-6,344.06781005859375
39,0.902439024390244,0.0004653949581552297,2,3,-6,344.06781005859375
40,0.9512195121951219,0.0006485066842287779,2,3,-6,344.06781005859375
41,1.0,0.00047611130867153406,2,3,-6,344.06781005859375
0,-1.0,2.9441975129884668e-05,2,4,-6,344.06781005859375
1,-0.9512195121951219,1.3357276657188777e-05,2,4,-6,344.06781005859375
2,-0.9024390243902439,2.146639644706738e-06,2,4,-6,344.06781005859375
3,-0.8536585365853658,1.3490959645423573e-05,2,4,-6,344.06781005859375
4,-0.8048780487804879,9.865735592029523e-06,2,4,-6,344.06781005859375
5,-0.7560975609756098,2.6833232524836603e-08,2,4,-6,344.06781005859375
6,-0.7073170731707317,7.3735450314416084e-06,2,4,-6,344.06781005859375
7,-0.6585365853658536,5.288605734676821e-06,2,4,-6,344.06781005859375
8,-0.6097560975609756,3.7469837934622774e-06,2,4,-6,344.06781005859375
9,-0.5609756097560976,3.0378007068065926e-05,2,4,-6,344.06781005859375
10,-0.5121951219512195,3.167927934555337e-05,2,4,-6,344.06781005859375
11,-0.46341463414634143,6.013582151354058e-06,2,4,-6,344.06781005859375
12,-0.41463414634146334,6.760469841537997e-05,2,4,-6,344.06781005859375
13,-0.36585365853658536,0.0001492312439950183,2,4,-6,344.06781005859375
14,-0.31707317073170727,3.227492197765969e-05,2,4,-6,344.06781005859375
15,-0.2682926829268293,0.0001735887344693765,2,4,-6,344.06781005859375
16,-0.2195121951219512,0.0013872894924134016,2,4,-6,344.06781005859375
17,-0.1707317073170731,0.002960322657600045,2,4,-6,344.06781005859375
18,-0.12195121951219512,0.0031294948421418667,2,4,-6,344.06781005859375
19,-0.07317073170731703,0.0016233643982559443,2,4,-6,344.06781005859375
20,-0.024390243902439046,0.00027898294501937926,2,4,-6,344.06781005859375
21,0.024390243902439046,1.8453212760505266e-05,2,4,-6,344.06781005859375
22,0.07317073170731714,0.00018858133989851922,2,4,-6,344.06781005859375
23,0.12195121951219523,8.678648737259209e-05,2,4,-6,344.06781005859375
24,0.17073170731707332,7.829123660485493e-08,2,4,-6,344.06781005859375
25,0.2195121951219512,2.897613012464717e-05,2,4,-6,344.06781005859375
26,0.2682926829268293,2.3264525225386024e-05,2,4,-6,344.06781005859375
27,0.3170731707317074,9.043231585792455e-08,2,4,-6,344.06781005859375
28,0.36585365853658547,2.201859388151206e-05,2,4,-6,344.06781005859375
29,0.41463414634146356,2.41637335420819e-05,2,4,-6,344.06781005859375
30,0.46341463414634143,3.172132437612163e-06,2,4,-6,344.06781005859375
31,0.5121951219512195,9.733915248943958e-06,2,4,-6,344.06781005859375
32,0.5609756097560976,1.8518958313507028e-05,2,4,-6,344.06781005859375
33,0.6097560975609757,6.14195414527785e-06,2,4,-6,344.06781005859375
34,0.6585365853658538,7.228847607620992e-06,2,4,-6,344.06781005859375
35,0.7073170731707317,3.2747251680120826e-05,2,4,-6,344.06781005859375
36,0.7560975609756098,2.3727254301775247e-05,2,4,-6,344.06781005859375
37,0.8048780487804879,6.604836471524322e-06,2,4,-6,344.06781005859375
38,0.853658536585366,1.0012369784817565e-05,2,4,-6,344.06781005859375
39,0.902439024390244,2.2101963622844778e-05,2,4,-6,344.06781005859375
40,0.9512195121951219,0.0,2,4,-6,344.06781005859375
41,1.0,0.0,2,4,-6,344.06781005859375
0,-1.0,7.069570074236253e-06,2,5,-6,344.06781005859375
1,-0.9512195121951219,3.297589955764124e-06,2,5,-6,344.06781005859375
2,-0.9024390243902439,1.0453657523612492e-05,2,5,-6,344.06781005859375
3,-0.8536585365853658,7.568042201455683e-05,2,5,-6,344.06781005859375
4,-0.8048780487804879,0.00016822566976770759,2,5,-6,344.06781005859375
5,-0.7560975609756098,0.00016122365195769817,2,5,-6,344.06781005859375
6,-0.7073170731707317,6.856296386104077e-05,2,5,-6,344.06781005859375
7,-0.6585365853658536,1.6020378097891808e-05,2,5,-6,344.06781005859375
8,-0.6097560975609756,4.375738626549719e-06,2,5,-6,344.06781005859375
9,-0.5609756097560976,3.0479461656796047e-06,2,5,-6,344.06781005859375
10,-0.5121951219512195,3.109668341494398e-06,2,5,-6,344.06781005859375
11,-0.46341463414634143,1.3252298458610312e-06,2,5,-6,344.06781005859375
12,-0.41463414634146334,9.743342133106125e-08,2,5,-6,344.06781005859375
13,-0.36585365853658536,8.036660688048869e-07,2,5,-6,344.06781005859375
14,-0.31707317073170727,3.9774198512532166e-07,2,5,-6,344.06781005859375
15,-0.2682926829268293,5.876645445823669e-07,2,5,-6,344.06781005859375
16,-0.2195121951219512,3.4577642509248108e-06,2,5,-6,344.06781005859375
17,-0.1707317073170731,2.7938426683249418e-06,2,5,-6,344.06781005859375
18,-0.12195121951219512,3.421696703753696e-07,2,5,-6,344.06781005859375
19,-0.07317073170731703,3.425333616746684e-08,2,5,-6,344.06781005859375
20,-0.024390243902439046,8.76278605232983e-08,2,5,-6,344.06781005859375
21,0.024390243902439046,1.2957295325577434e-07,2,5,-6,344.06781005859375
22,0.07317073170731714,2.0825137880819966e-07,2,5,-6,344.06781005859375
23,0.12195121951219523,0.0,2,5,-6,344.06781005859375
24,0.17073170731707332,0.0,2,5,-6,344.06781005859375
25,0.2195121951219512,0.0,2,5,-6,344.06781005859375
26,0.2682926829268293,0.0,2,5,-6,344.06781005859375
27,0.3170731707317074,0.0,2,5,-6,344.06781005859375
28,0.36585365853658547,0.0,2,5,-6,344.06781005859375
29,0.41463414634146356,0.0,2,5,-6,344.06781005859375
30,0.46341463414634143,0.0,2,5,-6,344.06781005859375
31,0.5121951219512195,0.0,2,5,-6,344.06781005859375
32,0.5609756097560976,0.0,2,5,-6,344.06781005859375
33,0.6097560975609757,0.0,2,5,-6,344.06781005859375
34,0.6585365853658538,0.0,2,5,-6,344.06781005859375
35,0.7073170731707317,0.0,2,5,-6,344.06781005859375
36,0.7560975609756098,0.0,2,5,-6,344.06781005859375
37,0.8048780487804879,0.0,2,5,-6,344.06781005859375
38,0.853658536585366,0.0,2,5,-6,344.06781005859375
39,0.902439024390244,0.0,2,5,-6,344.06781005859375
40,0.9512195121951219,0.0,2,5,-6,344.06781005859375
41,1.0,0.0,2,5,-6,344.06781005859375
0,-1.0,0.0,2,6,-5,344.06781005859375
1,-0.9512195121951219,0.0,2,6,-5,344.06781005859375
2,-0.9024390243902439,0.0,2,6,-5,344.06781005859375
3,-0.8536585365853658,0.0,2,6,-5,344.06781005859375
4,-0.8048780487804879,0.0,2,6,-5,344.06781005859375
5,-0.7560975609756098,0.0,2,6,-5,344.06781005859375
6,-0.7073170731707317,0.0,2,6,-5,344.06781005859375
7,-0.6585365853658536,0.0,2,6,-5,344.06781005859375
8,-0.6097560975609756,0.0,2,6,-5,344.06781005859375
9,-0.5609756097560976,0.0,2,6,-5,344.06781005859375
10,-0.5121951219512195,0.0,2,6,-5,344.06781005859375
11,-0.46341463414634143,0.0,2,6,-5,344.06781005859375
12,-0.41463414634146334,0.0,2,6,-5,344.06781005859375
13,-0.36585365853658536,0.0,2,6,-5,344.06781005859375
14,-0.31707317073170727,0.0,2,6,-5,344.06781005859375
15,-0.2682926829268293,0.0,2,6,-5,344.06781005859375
16,-0.2195121951219512,0.0,2,6,-5,344.06781005859375
17,-0.1707317073170731,0.0,2,6,-5,344.06781005859375
18,-0.12195121951219512,7.395959187306289e-07,2,6,-5,344.06781005859375
19,-0.07317073170731703,3.482399435483785e-08,2,6,-5,344.06781005859375
20,-0.024390243902439046,1.0478509011591086e-06,2,6,-5,344.06781005859375
21,0.024390243902439046,1.9018935404346848e-07,2,6,-5,344.06781005859375
22,0.07317073170731714,1.4830659438302973e-06,2,6,-5,344.06781005859375
23,0.12195121951219523,1.6488694427607697e-06,2,6,-5,344.06781005859375
24,0.17073170731707332,2.0290008251322433e-07,2,6,-5,344.06781005859375
25,0.2195121951219512,1.8056538237942732e-06,2,6,-5,344.06781005859375
26,0.2682926829268293,8.042334229685366e-06,2,6,-5,344.06781005859375
27,0.3170731707317074,1.1510501281009056e-05,2,6,-5,344.06781005859375
28,0.36585365853658547,1.0671080872270977e-06,2,6,-5,344.06781005859375
29,0.41463414634146356,1.2902709386253264e-05,2,6,-5,344.06781005859375
30,0.46341463414634143,2.9421207727864385e-06,2,6,-5,344.06781005859375
31,0.5121951219512195,5.9861227782675996e-05,2,6,-5,344.06781005859375
32,0.5609756097560976,0.0002922030398622155,2,6,-5,344.06781005859375
33,0.6097560975609757,0.0002848303993232548,2,6,-5,344.06781005859375
34,0.6585365853658538,5.1380186050664634e-05,2,6,-5,344.06781005859375
35,0.7073170731707317,4.200270268484019e-06,2,6,-5,344.06781005859375
36,0.7560975609756098,9.960571333067492e-06,2,6,-5,344.06781005859375
37,0.8048780487804879,1.6015735582186608e-07,2,6,-5,344.06781005859375
38,0.853658536585366,5.833118848386221e-06,2,6,-5,344.06781005859375
39,0.902439024390244,8.956337183008145e-07,2,6,-5,344.06781005859375
40,0.9512195121951219,4.37243033957202e-06,2,6,-5,344.06781005859375
41,1.0,1.6356574406017899e-06,2,6,-5,344.06781005859375
0,-1.0,0.0,2,7,-5,344.06781005859375
1,-0.9512195121951219,0.0,2,7,-5,344.06781005859375
2,-0.9024390243902439,0.0,2,7,-5,344.06781005859375
3,-0.8536585365853658,0.0,2,7,-5,344.06781005859375
4,-0.8048780487804879,0.0,2,7,-5,344.06781005859375
5,-0.7560975609756098,0.0,2,7,-5,344.06781005859375
6,-0.7073170731707317,0.0,2,7,-5,344.06781005859375
7,-0.6585365853658536,0.0,2,7,-5,344.06781005859375
8,-0.6097560975609756,0.0,2,7,-5,344.06781005859375
9,-0.5609756097560976,0.0,2,7,-5,344.06781005859375
10,-0.5121951219512195,2.30031645287454e-07,2,7,-5,344.06781005859375
11,-0.46341463414634143,2.21290861190937e-08,2,7,-5,344.06781005859375
12,-0.41463414634146334,1.8262320509165875e-06,2,7,-5,344.06781005859375
13,-0.36585365853658536,1.3321674430244457e-07,2,7,-5,344.06781005859375
14,-0.31707317073170727,2.6196807993983384e-06,2,7,-5,344.06781005859375
15,-0.2682926829268293,7.824425551916647e-08,2,7,-5,344.06781005859375
16,-0.2195121951219512,7.787186405039392e-06,2,7,-5,344.06781005859375
17,-0.1707317073170731,2.342386778764194e-06,2,7,-5,344.06781005859375
18,-0.12195121951219512,1.5743729818495922e-05,2,7,-5,344.06781005859375
19,-0.07317073170731703,5.5040640489778525e-08,2,7,-5,344.06781005859375
20,-0.024390243902439046,3.0468190743704326e-05,2,7,-5,344.06781005859375
21,0.024390243902439046,6.800809387641493e-06,2,7,-5,344.06781005859375
22,0.07317073170731714,0.00027081239386461675,2,7,-5,344.06781005859375
23,0.12195121951219523,0.0004452891298569739,2,7,-5,344.06781005859375
24,0.17073170731707332,8.975960372481495e-05,2,7,-5,344.06781005859375
25,0.2195121951219512,8.732770766073372e-06,2,7,-5,344.06781005859375
26,0.2682926829268293,1.245222483703401e-05,2,7,-5,344.06781005859375
27,0.3170731707317074,1.8908084484792198e-06,2,7,-5,344.06781005859375
28,0.36585365853658547,2.1378948531491915e-06,2,7,-5,344.06781005859375
29,0.41463414634146356,3.433223355386872e-06,2,7,-5,344.06781005859375
30,0.46341463414634143,7.033492011032649e-07,2,7,-5,344.06781005859375
31,0.5121951219512195,5.165959919395391e-06,2,7,-5,344.06781005859375
32,0.5609756097560976,1.3439075701171532e-06,2,7,-5,344.06781005859375
33,0.6097560975609757,3.150240218019462e-06,2,7,-5,344.06781005859375
34,0.6585365853658538,1.0324529284844175e-06,2,7,-5,344.06781005859375
35,0.7073170731707317,3.0312528451759135e-06,2,7,-5,344.06781005859375
36,0.7560975609756098,9.83553150035732e-07,2,7,-5,344.06781005859375
37,0.8048780487804879,0.0,2,7,-5,344.06781005859375
38,0.853658536585366,0.0,2,7,-5,344.06781005859375
39,0.902439024390244,0.0,2,7,-5,344.06781005859375
40,0.9512195121951219,0.0,2,7,-5,344.06781005859375
41,1.0,0.0,2,7,-5,344.06781005859375
0,-1.0,9.802017757465364e-07,3,2,-11,344.06781005859375
1,-0.9512195121951219,2.7486885301186703e-07,3,2,-11,344.06781005859375
2,-0.9024390243902439,1.070711505235522e-06,3,2,-11,344.06781005859375
3,-0.8536585365853658,2.300160076629254e-06,3,2,-11,344.06781005859375
4,-0.8048780487804879,3.068913201786927e-06,3,2,-11,344.06781005859375
5,-0.7560975609756098,4.273210379324155e-06,3,2,-11,344.06781005859375
6,-0.7073170731707317,8.168256499629933e-06,3,2,-11,344.06781005859375
7,-0.6585365853658536,1.3216766092227772e-05,3,2,-11,344.06781005859375
8,-0.6097560975609756,2.4282358936034143e-05,3,2,-11,344.06781005859375
9,-0.5609756097560976,4.384609928820282e-05,3,2,-11,344.06781005859375
10,-0.5121951219512195,6.911560194566846e-05,3,2,-11,344.06781005859375
11,-0.46341463414634143,9.517464059172198e-05,3,2,-11,344.06781005859375
12,-0.41463414634146334,0.00011398573406040668,3,2,-11,344.06781005859375
13,-0.36585365853658536,0.0001015734815155156,3,2,-11,344.06781005859375
14,-0.31707317073170727,7.293231465155259e-05,3,2,-11,344.06781005859375
15,-0.2682926829268293,4.257457476342097e-05,3,2,-11,344.06781005859375
16,-0.2195121951219512,1.6764683095971122e-05,3,2,-11,344.06781005859375
17,-0.1707317073170731,4.196195277472725e-06,3,2,-11,344.06781005859375
18,-0.12195121951219512,3.416330116579047e-07,3,2,-11,344.06781005859375
19,-0.07317073170731703,4.1256207623519e-06,3,2,-11,344.06781005859375
20,-0.024390243902439046,9.567072993377224e-06,3,2,-11,344.06781005859375
21,0.024390243902439046,7.581703812320484e-06,3,2,-11,344.06781005859375
22,0.07317073170731714,1.2991467883693986e-06,3,2,-11,344.06781005859375
23,0.12195121951219523,5.238620701675245e-07,3,2,-11,344.06781005859375
24,0.17073170731707332,2.058677637251094e-06,3,2,-11,344.06781005859375
25,0.2195121951219512,2.1029934487160062e-06,3,2,-11,344.06781005859375
26,0.2682926829268293,9.301099339609209e-07,3,2,-11,344.06781005859375
27,0.3170731707317074,2.2852588710264854e-09,3,2,-11,344.06781005859375
28,0.36585365853658547,5.482604024109605e-07,3,2,-11,344.06781005859375
29,0.41463414634146356,9.323565564045566e-07,3,2,-11,344.06781005859375
30,0.46341463414634143,1.94677954823419e-06,3,2,-11,344.06781005859375
31,0.5121951219512195,3.190601773894741e-06,3,2,-11,344.06781005859375
32,0.5609756097560976,2.8338617994450033e-06,3,2,-11,344.06781005859375
33,0.6097560975609757,1.3636547464557225e-06,3,2,-11,344.06781005859375
34,0.6585365853658538,7.627870104442991e-07,3,2,-11,344.06781005859375
35,0.7073170731707317,1.2841654779549572e-06,3,2,-11,344.06781005859375
36,0.7560975609756098,1.91674143934506e-06,3,2,-11,344.06781005859375
37,0.8048780487804879,1.5934831480990397e-06,3,2,-11,344.06781005859375
38,0.853658536585366,7.438492275468889e-07,3,2,-11,344.06781005859375
39,0.902439024390244,2.9826713898728485e-07,3,2,-11,344.06781005859375
40,0.9512195121951219,2.469305968588742e-07,3,2,-11,344.06781005859375
41,1.0,1.749086351310325e-07,3,2,-11,344.06781005859375
