tilt_index,tilt_angle,intensity,h,k,l,thickness
0,-1.0,0.0,-3,-6,7,1564.40673828125
1,-0.9512195121951219,0.0,-3,-6,7,1564.40673828125
2,-0.9024390243902439,0.0,-3,-6,7,1564.40673828125
3,-0.8536585365853658,0.0,-3,-6,7,1564.40673828125
4,-0.8048780487804879,0.0,-3,-6,7,1564.40673828125
5,-0.7560975609756098,0.0,-3,-6,7,1564.40673828125
6,-0.7073170731707317,0.0,-3,-6,7,1564.40673828125
7,-0.6585365853658536,0.0,-3,-6,7,1564.40673828125
8,-0.6097560975609756,0.0,-3,-6,7,1564.40673828125
9,-0.5609756097560976,0.0,-3,-6,7,1564.40673828125
10,-0.5121951219512195,0.0,-3,-6,7,1564.40673828125
11,-0.46341463414634143,0.0,-3,-6,7,1564.40673828125
12,-0.41463414634146334,0.0,-3,-6,7,1564.40673828125
13,-0.36585365853658536,0.0,-3,-6,7,1564.40673828125
14,-0.31707317073170727,0.0,-3,-6,7,1564.40673828125
15,-0.2682926829268293,8.382882583646278e-07,-3,-6,7,1564.40673828125
16,-0.2195121951219512,5.506330126081593e-06,-3,-6,7,1564.40673828125
17,-0.1707317073170731,3.225751243007835e-06,-3,-6,7,1564.40673828125
18,-0.12195121951219512,1.1961659765802324e-05,-3,-6,7,1564.40673828125
19,-0.07317073170731703,3.3400165193597786e-06,-3,-6,7,1564.40673828125
20,-0.024390243902439046,2.08448659577698e-06,-3,-6,7,1564.40673828125
21,0.024390243902439046,2.9569955586339347e-06,-3,-6,7,1564.40673828125
22,0.07317073170731714,1.6086888763311435e-06,-3,-6,7,1564.40673828125
23,0.12195121951219523,5.914429834774637e-07,-3,-6,7,1564.40673828125
24,0.17073170731707332,1.7992368157138117e-05,-3,-6,7,1564.40673828125
25,0.2195121951219512,2.9721455575781874e-05,-3,-6,7,1564.40673828125
26,0.2682926829268293,1.1155937500006985e-05,-3,-6,7,1564.40673828125
27,0.3170731707317074,3.797248064074665e-05,-3,-6,7,1564.40673828125
28,0.36585365853658547,0.00023405332467518747,-3,-6,7,1564.40673828125
29,0.41463414634146356,0.014417939819395542,-3,-6,7,1564.40673828125
30,0.46341463414634143,1.405811508448096e-05,-3,-6,7,1564.40673828125
31,0.5121951219512195,8.61821390572004e-05,-3,-6,7,1564.40673828125
32,0.5609756097560976,5.225335553404875e-05,-3,-6,7,1564.40673828125
33,0.6097560975609757,1.926845288835466e-05,-3,-6,7,1564.40673828125
34,0.6585365853658538,5.423066795628984e-07,-3,-6,7,1564.40673828125
35,0.7073170731707317,2.003332610911457e-08,-3,-6,7,1564.40673828125
36,0.7560975609756098,1.2222288887642208e-06,-3,-6,7,1564.40673828125
37,0.8048780487804879,1.4956403902033344e-05,-3,-6,7,1564.40673828125
38,0.853658536585366,3.1456054330192273e-06,-3,-6,7,1564.40673828125
39,0.902439024390244,1.114618271458312e-06,-3,-6,7,1564.40673828125
40,0.9512195121951219,8.091215022432152e-06,-3,-6,7,1564.40673828125
41,1.0,2.4696421405678848e-06,-3,-6,7,1564.40673828125
0,-1.0,1.0788708095788024e-06,-3,-5,8,1564.40673828125
1,-0.9512195121951219,3.9117767300922424e-05,-3,-5,8,1564.40673828125
2,-0.9024390243902439,2.899473656725604e-06,-3,-5,8,1564.40673828125
3,-0.8536585365853658,2.6023437271760486e-07,-3,-5,8,1564.40673828125
4,-0.8048780487804879,0.000204637719434686,-3,-5,8,1564.40673828125
5,-0.7560975609756098,0.0025446617510169744,-3,-5,8,1564.40673828125
6,-0.7073170731707317,6.91877503413707e-05,-3,-5,8,1564.40673828125
7,-0.6585365853658536,3.0913983209757134e-05,-3,-5,8,1564.40673828125
8,-0.6097560975609756,6.760795713489642e-06,-3,-5,8,1564.40673828125
9,-0.5609756097560976,9.790495823835954e-06,-3,-5,8,1564.40673828125
10,-0.5121951219512195,2.7190002583665773e-05,-3,-5,8,1564.40673828125
11,-0.46341463414634143,1.5002962072685477e-06,-3,-5,8,1564.40673828125
12,-0.41463414634146334,4.099594832496223e-07,-3,-5,8,1564.40673828125
13,-0.36585365853658536,1.0005237527366262e-06,-3,-5,8,1564.40673828125
14,-0.31707317073170727,1.096186039717395e-07,-3,-5,8,1564.40673828125
15,-0.2682926829268293,1.7232240168141288e-07,-3,-5,8,1564.40673828125
16,-0.2195121951219512,2.5774929781618994e-06,-3,-5,8,1564.40673828125
17,-0.1707317073170731,3.398744865990011e-06,-3,-5,8,1564.40673828125
18,-0.12195121951219512,2.1907329994519387e-07,-3,-5,8,1564.40673828125
19,-0.07317073170731703,5.512065399670973e-07,-3,-5,8,1564.40673828125
20,-0.024390243902439046,1.675930616329424e-05,-3,-5,8,1564.40673828125
21,0.024390243902439046,1.9750575575017137e-06,-3,-5,8,1564.40673828125
22,0.07317073170731714,0.0,-3,-5,8,1564.40673828125
23,0.12195121951219523,0.0,-3,-5,8,1564.40673828125
24,0.17073170731707332,0.0,-3,-5,8,1564.40673828125
25,0.2195121951219512,0.0,-3,-5,8,1564.40673828125
26,0.2682926829268293,0.0,-3,-5,8,1564.40673828125
27,0.3170731707317074,0.0,-3,-5,8,1564.40673828125
28,0.36585365853658547,0.0,-3,-5,8,1564.40673828125
29,0.41463414634146356,0.0,-3,-5,8,1564.40673828125
30,0.46341463414634143,0.0,-3,-5,8,1564.40673828125
31,0.5121951219512195,0.0,-3,-5,8,1564.40673828125
32,0.5609756097560976,0.0,-3,-5,8,1564.40673828125
33,0.6097560975609757,0.0,-3,-5,8,1564.40673828125
34,0.6585365853658538,0.0,-3,-5,8,1564.40673828125
35,0.7073170731707317,0.0,-3,-5,8,1564.40673828125
36,0.7560975609756098,0.0,-3,-5,8,1564.40673828125
37,0.8048780487804879,0.0,-3,-5,8,1564.40673828125
38,0.853658536585366,0.0,-3,-5,8,1564.40673828125
39,0.902439024390244,0.0,-3,-5,8,1564.40673828125
40,0.9512195121951219,0.0,-3,-5,8,1564.40673828125
41,1.0,0.0,-3,-5,8,1564.40673828125
0,-1.0,0.0,-3,-4,8,1564.40673828125
1,-0.9512195121951219,0.0,-3,-4,8,1564.40673828125
2,-0.9024390243902439,0.0,-3,-4,8,1564.40673828125
3,-0.8536585365853658,0.0,-3,-4,8,1564.40673828125
4,-0.8048780487804879,0.0,-3,-4,8,1564.40673828125
5,-0.7560975609756098,0.0,-3,-4,8,1564.40673828125
6,-0.7073170731707317,0.0,-3,-4,8,1564.40673828125
7,-0.6585365853658536,0.0,-3,-4,8,1564.40673828125
8,-0.6097560975609756,0.0,-3,-4,8,1564.40673828125
9,-0.5609756097560976,1.5677616147513618e-06,-3,-4,8,1564.40673828125
10,-0.5121951219512195,1.8860702084566583e-06,-3,-4,8,1564.40673828125
11,-0.46341463414634143,1.1349183068887214e-06,-3,-4,8,1564.40673828125
12,-0.41463414634146334,2.5740082492120564e-06,-3,-4,8,1564.40673828125
13,-0.36585365853658536,6.799223228881601e-07,-3,-4,8,1564.40673828125
14,-0.31707317073170727,2.5030228698597057e-06,-3,-4,8,1564.40673828125
15,-0.2682926829268293,5.582058975051041e-07,-3,-4,8,1564.40673828125
16,-0.2195121951219512,2.793831527014845e-06,-3,-4,8,1564.40673828125
17,-0.1707317073170731,2.4113596737151965e-06,-3,-4,8,1564.40673828125
18,-0.12195121951219512,3.363570613146294e-07,-3,-4,8,1564.40673828125
19,-0.07317073170731703,1.0732688906500698e-06,-3,-4,8,1564.40673828125
20,-0.024390243902439046,7.92634364188416e-06,-3,-4,8,1564.40673828125
21,0.024390243902439046,1.4992152728154906e-06,-3,-4,8,1564.40673828125
22,0.07317073170731714,5.649128070217557e-06,-3,-4,8,1564.40673828125
23,0.12195121951219523,2.6973761123372242e-05,-3,-4,8,1564.40673828125
24,0.17073170731707332,6.598193431273103e-05,-3,-4,8,1564.40673828125
25,0.2195121951219512,3.094837666139938e-05,-3,-4,8,1564.40673828125
26,0.2682926829268293,7.15458591002971e-05,-3,-4,8,1564.40673828125
27,0.3170731707317074,0.0009801201522350311,-3,-4,8,1564.40673828125
28,0.36585365853658547,0.00041131270700134337,-3,-4,8,1564.40673828125
29,0.41463414634146356,0.003961686510592699,-3,-4,8,1564.40673828125
30,0.46341463414634143,0.00021900962747167796,-3,-4,8,1564.40673828125
31,0.5121951219512195,4.753651228384115e-05,-3,-4,8,1564.40673828125
32,0.5609756097560976,0.0003079426533076912,-3,-4,8,1564.40673828125
33,0.6097560975609757,0.00013912934809923172,-3,-4,8,1564.40673828125
34,0.6585365853658538,7.232515599753242e-06,-3,-4,8,1564.40673828125
35,0.7073170731707317,3.4819204302038997e-06,-3,-4,8,1564.40673828125
36,0.7560975609756098,1.6823228179418948e-06,-3,-4,8,1564.40673828125
37,0.8048780487804879,1.1541560525074601e-06,-3,-4,8,1564.40673828125
38,0.853658536585366,5.704342811441165e-07,-3,-4,8,1564.40673828125
39,0.902439024390244,5.038513791078003e-06,-3,-4,8,1564.40673828125
40,0.9512195121951219,7.995208761713002e-07,-3,-4,8,1564.40673828125
41,1.0,1.0353896868764423e-05,-3,-4,8,1564.40673828125
0,-1.0,3.08902644974296e-06,-3,-2,9,1564.40673828125
1,-0.9512195121951219,1.4309809557744302e-05,-3,-2,9,1564.40673828125
2,-0.9024390243902439,7.068739705573535e-06,-3,-2,9,1564.40673828125
3,-0.8536585365853658,1.0558729627518915e-05,-3,-2,9,1564.40673828125
4,-0.8048780487804879,3.9823360566515476e-05,-3,-2,9,1564.40673828125
5,-0.7560975609756098,0.00010200182441622019,-3,-2,9,1564.40673828125
6,-0.7073170731707317,2.30112491408363e-05,-3,-2,9,1564.40673828125
7,-0.6585365853658536,7.455868853867287e-06,-3,-2,9,1564.40673828125
8,-0.6097560975609756,1.9794733816524968e-05,-3,-2,9,1564.40673828125
9,-0.5609756097560976,1.759537190082483e-05,-3,-2,9,1564.40673828125
10,-0.5121951219512195,0.00031643587863072753,-3,-2,9,1564.40673828125
11,-0.46341463414634143,9.442711416340899e-06,-3,-2,9,1564.40673828125
12,-0.41463414634146334,3.705028211697936e-05,-3,-2,9,1564.40673828125
13,-0.36585365853658536,0.00018407119205221534,-3,-2,9,1564.40673828125
14,-0.31707317073170727,0.0004873088910244405,-3,-2,9,1564.40673828125
15,-0.2682926829268293,0.0003183244843967259,-3,-2,9,1564.40673828125
16,-0.2195121951219512,0.0013721121940761805,-3,-2,9,1564.40673828125
17,-0.1707317073170731,0.023380933329463005,-3,-2,9,1564.40673828125
18,-0.12195121951219512,0.0022000521421432495,-3,-2,9,1564.40673828125
19,-0.07317073170731703,0.0012896987609565258,-3,-2,9,1564.40673828125
20,-0.024390243902439046,0.00044751676614396274,-3,-2,9,1564.40673828125
21,0.024390243902439046,0.00013660787953995168,-3,-2,9,1564.40673828125
22,0.07317073170731714,4.756328053190373e-05,-3,-2,9,1564.40673828125
23,0.12195121951219523,9.33789760892978e-06,-3,-2,9,1564.40673828125
24,0.17073170731707332,1.8665979951038025e-05,-3,-2,9,1564.40673828125
25,0.2195121951219512,1.2231046639499255e-05,-3,-2,9,1564.40673828125
26,0.2682926829268293,2.9708759029745124e-05,-3,-2,9,1564.40673828125
27,0.3170731707317074,2.039427636191249e-05,-3,-2,9,1564.40673828125
28,0.36585365853658547,2.382271304668393e-05,-3,-2,9,1564.40673828125
29,0.41463414634146356,2.1390336769400164e-05,-3,-2,9,1564.40673828125
30,0.46341463414634143,1.1192669262527488e-05,-3,-2,9,1564.40673828125
31,0.5121951219512195,1.9169381630490534e-05,-3,-2,9,1564.40673828125
32,0.5609756097560976,2.2233616618905216e-05,-3,-2,9,1564.40673828125
33,0.6097560975609757,5.186842827242799e-06,-3,-2,9,1564.40673828125
34,0.6585365853658538,1.7085479839806794e-06,-3,-2,9,1564.40673828125
35,0.7073170731707317,1.0639167157933116e-05,-3,-2,9,1564.40673828125
36,0.7560975609756098,2.996720650116913e-05,-3,-2,9,1564.40673828125
37,0.8048780487804879,1.6289999621221796e-05,-3,-2,9,1564.40673828125
38,0.853658536585366,2.7409944891587656e-07,-3,-2,9,1564.40673828125
39,0.902439024390244,1.1415439757911372e-06,-3,-2,9,1564.40673828125
40,0.9512195121951219,2.177000851588673e-06,-3,-2,9,1564.40673828125
41,1.0,1.1044086249967222e-06,-3,-2,9,1564.40673828125
0,-1.0,0.0,-3,4,11,1564.40673828125
1,-0.9512195121951219,0.0,-3,4,11,1564.40673828125
2,-0.9024390243902439,7.355811248999089e-07,-3,4,11,1564.40673828125
3,-0.8536585365853658,7.964565611473517e-07,-3,4,11,1564.40673828125
4,-0.8048780487804879,4.15103009743234e-08,-3,4,11,1564.40673828125
5,-0.7560975609756098,6.429874019886483e-07,-3,4,11,1564.40673828125
6,-0.7073170731707317,1.2550984820336453e-06,-3,4,11,1564.40673828125
7,-0.6585365853658536,2.2602225726586767e-06,-3,4,11,1564.40673828125
8,-0.6097560975609756,8.651281859783921e-06,-3,4,11,1564.40673828125
9,-0.5609756097560976,2.365619184274692e-05,-3,4,11,1564.40673828125
10,-0.5121951219512195,2.0256238713045605e-06,-3,4,11,1564.40673828125
11,-0.46341463414634143,4.765024641528726e-06,-3,4,11,1564.40673828125
12,-0.41463414634146334,2.2354711290972773e-06,-3,4,11,1564.40673828125
13,-0.36585365853658536,1.1172810445714276e-06,-3,4,11,1564.40673828125
14,-0.31707317073170727,1.2316181710048113e-06,-3,4,11,1564.40673828125
15,-0.2682926829268293,2.027310301855323e-06,-3,4,11,1564.40673828125
16,-0.2195121951219512,3.1674549063609447e-06,-3,4,11,1564.40673828125
17,-0.1707317073170731,1.511623395344941e-06,-3,4,11,1564.40673828125
18,-0.12195121951219512,1.2341978390395525e-06,-3,4,11,1564.40673828125
19,-0.07317073170731703,1.9774197426158935e-06,-3,4,11,1564.40673828125
20,-0.024390243902439046,3.007027089552139e-06,-3,4,11,1564.40673828125
21,0.024390243902439046,6.172264420456486e-06,-3,4,11,1564.40673828125
22,0.07317073170731714,7.077203008520883e-06,-3,4,11,1564.40673828125
23,0.12195121951219523,2.2546915715793148e-05,-3,4,11,1564.40673828125
24,0.17073170731707332,2.43507452069025e-06,-3,4,11,1564.40673828125
25,0.2195121951219512,3.17633998747624e-06,-3,4,11,1564.40673828125
26,0.2682926829268293,6.87662259224453e-06,-3,4,11,1564.40673828125
27,0.3170731707317074,7.632902452314738e-06,-3,4,11,1564.40673828125
28,0.36585365853658547,3.370910053490661e-05,-3,4,11,1564.40673828125
29,0.41463414634146356,6.789349572500214e-05,-3,4,11,1564.40673828125
30,0.46341463414634143,2.4588594897068106e-05,-3,4,11,1564.40673828125
31,0.5121951219512195,0.00033626824733801186,-3,4,11,1564.40673828125
32,0.5609756097560976,0.0033023771829903126,-3,4,11,1564.40673828125
33,0.6097560975609757,0.0004591891192831099,-3,4,11,1564.40673828125
34,0.6585365853658538,2.1226005628705025e-06,-3,4,11,1564.40673828125
35,0.7073170731707317,0.0003328245074953884,-3,4,11,1564.40673828125
36,0.7560975609756098,1.6285632227663882e-05,-3,4,11,1564.40673828125
37,0.8048780487804879,1.9002784028998576e-05,-3,4,11,1564.40673828125
38,0.853658536585366,4.769934548676247e-06,-3,4,11,1564.40673828125
39,0.902439024390244,1.9991741737612756e-06,-3,4,11,1564.40673828125
40,0.9512195121951219,4.819476089323871e-06,-3,4,11,1564.40673828125
41,1.0,7.013659342192113e-06,-3,4,11,1564.40673828125
0,-1.0,3.91744424632634e-06,-3,5,11,1564.40673828125
1,-0.9512195121951219,2.786167101476167e-07,-3,5,11,1564.40673828125
2,-0.9024390243902439,6.750332431693096e-06,-3,5,11,1564.40673828125
3,-0.8536585365853658,2.357440507694264e-06,-3,5,11,1564.40673828125
4,-0.8048780487804879,3.492309588182252e-06,-3,5,11,1564.40673828125
5,-0.7560975609756098,5.8065961638931185e-06,-3,5,11,1564.40673828125
6,-0.7073170731707317,2.835746818163898e-05,-3,5,11,1564.40673828125
7,-0.6585365853658536,1.0063110948976828e-06,-3,5,11,1564.40673828125
8,-0.6097560975609756,1.0216220289294142e-05,-3,5,11,1564.40673828125
9,-0.5609756097560976,8.871062891557813e-05,-3,5,11,1564.40673828125
10,-0.5121951219512195,0.00013243965804576874,-3,5,11,1564.40673828125
11,-0.46341463414634143,0.0003118797321803868,-3,5,11,1564.40673828125
12,-0.41463414634146334,0.0012143870117142797,-3,5,11,1564.40673828125
13,-0.36585365853658536,0.0002187342179240659,-3,5,11,1564.40673828125
14,-0.31707317073170727,0.001022579614073038,-3,5,11,1564.40673828125
15,-0.2682926829268293,7.843133062124252e-05,-3,5,11,1564.40673828125
16,-0.2195121951219512,9.751359175425023e-05,-3,5,11,1564.40673828125
17,-0.1707317073170731,9.752136975293979e-06,-3,5,11,1564.40673828125
18,-0.12195121951219512,1.0757569725683425e-05,-3,5,11,1564.40673828125
19,-0.07317073170731703,2.7414462238084525e-06,-3,5,11,1564.40673828125
20,-0.024390243902439046,2.9544469271058915e-06,-3,5,11,1564.40673828125
21,0.024390243902439046,1.3201397450757213e-05,-3,5,11,1564.40673828125
22,0.07317073170731714,7.414438641717425e-06,-3,5,11,1564.40673828125
23,0.12195121951219523,1.0368404446126078e-06,-3,5,11,1564.40673828125
24,0.17073170731707332,3.2904240470088553e-06,-3,5,11,1564.40673828125
25,0.2195121951219512,7.796883437549695e-06,-3,5,11,1564.40673828125
26,0.2682926829268293,1.6069965340648196e-06,-3,5,11,1564.40673828125
27,0.3170731707317074,9.300504189013736e-07,-3,5,11,1564.40673828125
28,0.36585365853658547,2.279238742630696e-06,-3,5,11,1564.40673828125
29,0.41463414634146356,5.532849058909051e-07,-3,5,11,1564.40673828125
30,0.46341463414634143,6.661467182311753e-07,-3,5,11,1564.40673828125
31,0.5121951219512195,2.352851424802793e-06,-3,5,11,1564.40673828125
32,0.5609756097560976,2.8959556175323087e-07,-3,5,11,1564.40673828125
33,0.6097560975609757,5.466309858093155e-07,-3,5,11,1564.40673828125
34,0.6585365853658538,2.217321934949723e-06,-3,5,11,1564.40673828125
35,0.7073170731707317,7.751011139589536e-07,-3,5,11,1564.40673828125
36,0.7560975609756098,1.1371458219500141e-09,-3,5,11,1564.40673828125
37,0.8048780487804879,0.0,-3,5,11,1564.40673828125
38,0.853658536585366,0.0,-3,5,11,1564.40673828125
39,0.902439024390244,0.0,-3,5,11,1564.40673828125
40,0.9512195121951219,0.0,-3,5,11,1564.40673828125
41,1.0,0.0,-3,5,11,1564.40673828125
0,-1.0,0.0,-2,-8,3,1564.40673828125
1,-0.9512195121951219,0.0,-2,-8,3,1564.40673828125
2,-0.9024390243902439,0.0,-2,-8,3,1564.40673828125
3,-0.8536585365853658,0.0,-2,-8,3,1564.40673828125
4,-0.8048780487804879,0.0,-2,-8,3,1564.40673828125
5,-0.7560975609756098,0.0,-2,-8,3,1564.40673828125
6,-0.7073170731707317,0.0,-2,-8,3,1564.40673828125
7,-0.6585365853658536,0.0,-2,-8,3,1564.40673828125
8,-0.6097560975609756,0.0,-2,-8,3,1564.40673828125
9,-0.5609756097560976,0.0,-2,-8,3,1564.40673828125
10,-0.5121951219512195,0.0,-2,-8,3,1564.40673828125
11,-0.46341463414634143,2.550026181324938e-07,-2,-8,3,1564.40673828125
12,-0.41463414634146334,2.1290986751409946e-06,-2,-8,3,1564.40673828125
13,-0.36585365853658536,1.7688549291960953e-08,-2,-8,3,1564.40673828125
14,-0.31707317073170727,4.827854240829765e-07,-2,-8,3,1564.40673828125
15,-0.2682926829268293,4.303964828977769e-08,-2,-8,3,1564.40673828125
16,-0.2195121951219512,1.0195951745117782e-06,-2,-8,3,1564.40673828125
17,-0.1707317073170731,1.2306187500144006e-06,-2,-8,3,1564.40673828125
18,-0.12195121951219512,7.25075892660243e-08,-2,-8,3,1564.40673828125
19,-0.07317073170731703,1.205567627948767e-06,-2,-8,3,1564.40673828125
20,-0.024390243902439046,2.3333097487920895e-05,-2,-8,3,1564.40673828125
21,0.024390243902439046,4.2034434954985045e-07,-2,-8,3,1564.40673828125
22,0.07317073170731714,9.119624883169308e-05,-2,-8,3,1564.40673828125
23,0.12195121951219523,3.583465684187104e-07,-2,-8,3,1564.40673828125
24,0.17073170731707332,6.9982884269848e-06,-2,-8,3,1564.40673828125
25,0.2195121951219512,2.553522790549323e-06,-2,-8,3,1564.40673828125
26,0.2682926829268293,1.7882842939798138e-06,-2,-8,3,1564.40673828125
27,0.3170731707317074,8.721391964172653e-07,-2,-8,3,1564.40673828125
28,0.36585365853658547,6.729648305281444e-08,-2,-8,3,1564.40673828125
29,0.41463414634146356,8.214080366997223e-07,-2,-8,3,1564.40673828125
30,0.46341463414634143,6.134210650543537e-08,-2,-8,3,1564.40673828125
31,0.5121951219512195,1.30796070152428e-06,-2,-8,3,1564.40673828125
32,0.5609756097560976,5.336386266208137e-07,-2,-8,3,1564.40673828125
33,0.6097560975609757,1.213927447452079e-07,-2,-8,3,1564.40673828125
34,0.6585365853658538,0.0,-2,-8,3,1564.40673828125
35,0.7073170731707317,0.0,-2,-8,3,1564.40673828125
36,0.7560975609756098,0.0,-2,-8,3,1564.40673828125
37,0.8048780487804879,0.0,-2,-8,3,1564.40673828125
38,0.853658536585366,0.0,-2,-8,3,1564.40673828125
39,0.902439024390244,0.0,-2,-8,3,1564.40673828125
40,0.9512195121951219,0.0,-2,-8,3,1564.40673828125
41,1.0,0.0,-2,-8,3,1564.40673828125
0,-1.0,2.2791605260863435e-06,-2,-7,4,1564.40673828125
1,-0.9512195121951219,1.463032504034345e-06,-2,-7,4,1564.40673828125
2,-0.9024390243902439,4.6471075620502234e-05,-2,-7,4,1564.40673828125
3,-0.8536585365853658,8.562798939237837e-06,-2,-7,4,1564.40673828125
4,-0.8048780487804879,5.841661186423153e-05,-2,-7,4,1564.40673828125
5,-0.7560975609756098,0.00012356099614407867,-2,-7,4,1564.40673828125
6,-0.7073170731707317,0.00014228944201022387,-2,-7,4,1564.40673828125
7,-0.6585365853658536,9.615649469196796e-05,-2,-7,4,1564.40673828125
8,-0.6097560975609756,2.381835838605184e-05,-2,-7,4,1564.40673828125
9,-0.5609756097560976,3.2637040021654684e-06,-2,-7,4,1564.40673828125
10,-0.5121951219512195,8.172784191629034e-07,-2,-7,4,1564.40673828125
11,-0.46341463414634143,1.314084130399351e-07,-2,-7,4,1564.40673828125
12,-0.41463414634146334,2.6133389496862947e-07,-2,-7,4,1564.40673828125
13,-0.36585365853658536,9.701597036837484e-07,-2,-7,4,1564.40673828125
14,-0.31707317073170727,2.1927437501290115e-06,-2,-7,4,1564.40673828125
15,-0.2682926829268293,4.374166564957704e-06,-2,-7,4,1564.40673828125
16,-0.2195121951219512,1.3012775525567122e-05,-2,-7,4,1564.40673828125
17,-0.1707317073170731,1.2010467571599293e-06,-2,-7,4,1564.40673828125
18,-0.12195121951219512,8.870867418409034e-08,-2,-7,4,1564.40673828125
19,-0.07317073170731703,0.0,-2,-7,4,1564.40673828125
20,-0.024390243902439046,0.0,-2,-7,4,1564.40673828125
21,0.024390243902439046,0.0,-2,-7,4,1564.40673828125
22,0.07317073170731714,0.0,-2,-7,4,1564.40673828125
23,0.12195121951219523,0.0,-2,-7,4,1564.40673828125
24,0.17073170731707332,0.0,-2,-7,4,1564.40673828125
25,0.2195121951219512,0.0,-2,-7,4,1564.40673828125
26,0.2682926829268293,0.0,-2,-7,4,1564.40673828125
27,0.3170731707317074,0.0,-2,-7,4,1564.40673828125
28,0.36585365853658547,0.0,-2,-7,4,1564.40673828125
29,0.41463414634146356,0.0,-2,-7,4,1564.40673828125
30,0.46341463414634143,0.0,-2,-7,4,1564.40673828125
31,0.5121951219512195,0.0,-2,-7,4,1564.40673828125
32,0.5609756097560976,0.0,-2,-7,4,1564.40673828125
33,0.6097560975609757,0.0,-2,-7,4,1564.40673828125
34,0.6585365853658538,0.0,-2,-7,4,1564.40673828125
35,0.7073170731707317,0.0,-2,-7,4,1564.40673828125
36,0.7560975609756098,0.0,-2,-7,4,1564.40673828125
37,0.8048780487804879,0.0,-2,-7,4,1564.40673828125
38,0.853658536585366,0.0,-2,-7,4,1564.40673828125
39,0.902439024390244,0.0,-2,-7,4,1564.40673828125
40,0.9512195121951219,0.0,-2,-7,4,1564.40673828125
41,1.0,0.0,-2,-7,4,1564.40673828125
0,-1.0,0.0,-2,-6,4,1564.40673828125
1,-0.9512195121951219,0.0,-2,-6,4,1564.40673828125
2,-0.9024390243902439,0.0,-2,-6,4,1564.40673828125
3,-0.8536585365853658,0.0,-2,-6,4,1564.40673828125
4,-0.8048780487804879,0.0,-2,-6,4,1564.40673828125
5,-0.7560975609756098,0.0,-2,-6,4,1564.40673828125
6,-0.7073170731707317,0.0,-2,-6,4,1564.40673828125
7,-0.6585365853658536,0.0,-2,-6,4,1564.40673828125
8,-0.6097560975609756,0.0,-2,-6,4,1564.40673828125
9,-0.5609756097560976,0.0,-2,-6,4,1564.40673828125
10,-0.5121951219512195,2.5974517825488874e-07,-2,-6,4,1564.40673828125
11,-0.46341463414634143,4.0670958156852066e-08,-2,-6,4,1564.40673828125
12,-0.41463414634146334,2.26494375965558e-06,-2,-6,4,1564.40673828125
13,-0.36585365853658536,2.424553940727492e-06,-2,-6,4,1564.40673828125
14,-0.31707317073170727,3.4327661069255555e-06,-2,-6,4,1564.40673828125
15,-0.2682926829268293,1.8245377759740222e-06,-2,-6,4,1564.40673828125
16,-0.2195121951219512,3.383999001016491e-06,-2,-6,4,1564.40673828125
17,-0.1707317073170731,3.928733804059448e-06,-2,-6,4,1564.40673828125
18,-0.12195121951219512,4.467952749109827e-06,-2,-6,4,1564.40673828125
19,-0.07317073170731703,8.2968972492381e-06,-2,-6,4,1564.40673828125
20,-0.024390243902439046,3.2592542993370444e-06,-2,-6,4,1564.40673828125
21,0.024390243902439046,1.0681779940568958e-06,-2,-6,4,1564.40673828125
22,0.07317073170731714,1.906887882796582e-05,-2,-6,4,1564.40673828125
23,0.12195121951219523,0.00017567431495990604,-2,-6,4,1564.40673828125
24,0.17073170731707332,0.0009748410084284842,-2,-6,4,1564.40673828125
25,0.2195121951219512,0.0034061360638588667,-2,-6,4,1564.40673828125
26,0.2682926829268293,7.475326856365427e-05,-2,-6,4,1564.40673828125
27,0.3170731707317074,1.5147028534556739e-05,-2,-6,4,1564.40673828125
28,0.36585365853658547,3.059600567212328e-05,-2,-6,4,1564.40673828125
29,0.41463414634146356,3.478277722024359e-05,-2,-6,4,1564.40673828125
30,0.46341463414634143,1.2421356586855836e-05,-2,-6,4,1564.40673828125
31,0.5121951219512195,1.4347834621730726e-05,-2,-6,4,1564.40673828125
32,0.5609756097560976,2.0988920823583612e-06,-2,-6,4,1564.40673828125
33,0.6097560975609757,5.250760182207159e-07,-2,-6,4,1564.40673828125
34,0.6585365853658538,9.49194770782924e-07,-2,-6,4,1564.40673828125
35,0.7073170731707317,5.04208514939819e-08,-2,-6,4,1564.40673828125
36,0.7560975609756098,4.7411040782208147e-07,-2,-6,4,1564.40673828125
37,0.8048780487804879,8.90418050403241e-06,-2,-6,4,1564.40673828125
38,0.853658536585366,1.4893215620759293e-06,-2,-6,4,1564.40673828125
39,0.902439024390244,1.4525625147143728e-06,-2,-6,4,1564.40673828125
40,0.9512195121951219,0.0,-2,-6,4,1564.40673828125
41,1.0,0.0,-2,-6,4,1564.40673828125
0,-1.0,0.0,-2,-4,5,1564.40673828125
1,-0.9512195121951219,0.0,-2,-4,5,1564.40673828125
2,-0.9024390243902439,0.0,-2,-4,5,1564.40673828125
3,-0.8536585365853658,9.146390766545665e-06,-2,-4,5,1564.40673828125
4,-0.8048780487804879,6.475505870184861e-06,-2,-4,5,1564.40673828125
5,-0.7560975609756098,2.4496091555192834e-06,-2,-4,5,1564.40673828125
6,-0.7073170731707317,3.450382735081803e-08,-2,-4,5,1564.40673828125
7,-0.6585365853658536,5.812682957184734e-06,-2,-4,5,1564.40673828125
8,-0.6097560975609756,4.296816314308671e-06,-2,-4,5,1564.40673828125
9,-0.5609756097560976,5.22899063071236e-06,-2,-4,5,1564.40673828125
10,-0.5121951219512195,5.764531124441419e-06,-2,-4,5,1564.40673828125
11,-0.46341463414634143,5.566611207541428e-07,-2,-4,5,1564.40673828125
12,-0.41463414634146334,1.069686049959273e-06,-2,-4,5,1564.40673828125
13,-0.36585365853658536,4.9654872782411985e-06,-2,-4,5,1564.40673828125
14,-0.31707317073170727,2.287516326759942e-05,-2,-4,5,1564.40673828125
15,-0.2682926829268293,5.317215709510492e-06,-2,-4,5,1564.40673828125
16,-0.2195121951219512,2.0225115804350935e-05,-2,-4,5,1564.40673828125
17,-0.1707317073170731,8.635966878500767e-06,-2,-4,5,1564.40673828125
18,-0.12195121951219512,3.197446494596079e-05,-2,-4,5,1564.40673828125
19,-0.07317073170731703,0.00010520160140004009,-2,-4,5,1564.40673828125
20,-0.024390243902439046,0.00025154961622320116,-2,-4,5,1564.40673828125
21,0.024390243902439046,6.0571310314117e-05,-2,-4,5,1564.40673828125
22,0.07317073170731714,5.887114821234718e-05,-2,-4,5,1564.40673828125
23,0.12195121951219523,0.0013474622974172235,-2,-4,5,1564.40673828125
24,0.17073170731707332,0.02825787477195263,-2,-4,5,1564.40673828125
25,0.2195121951219512,0.002129420405253768,-2,-4,5,1564.40673828125
26,0.2682926829268293,0.0002555401297286153,-2,-4,5,1564.40673828125
27,0.3170731707317074,1.0908024705713615e-05,-2,-4,5,1564.40673828125
28,0.36585365853658547,9.445248724659905e-05,-2,-4,5,1564.40673828125
29,0.41463414634146356,1.329602764599258e-05,-2,-4,5,1564.40673828125
30,0.46341463414634143,2.4735549231991172e-05,-2,-4,5,1564.40673828125
31,0.5121951219512195,1.629539292480331e-05,-2,-4,5,1564.40673828125
32,0.5609756097560976,2.0554803995764814e-05,-2,-4,5,1564.40673828125
33,0.6097560975609757,2.538140279284562e-06,-2,-4,5,1564.40673828125
34,0.6585365853658538,2.4777584258117713e-05,-2,-4,5,1564.40673828125
35,0.7073170731707317,1.4676177670480683e-05,-2,-4,5,1564.40673828125
36,0.7560975609756098,3.435296457610093e-05,-2,-4,5,1564.40673828125
37,0.8048780487804879,4.3990476115141064e-05,-2,-4,5,1564.40673828125
38,0.853658536585366,8.820362609185395e-07,-2,-4,5,1564.40673828125
39,0.902439024390244,1.651942852731736e-06,-2,-4,5,1564.40673828125
40,0.9512195121951219,1.3438500900520012e-05,-2,-4,5,1564.40673828125
41,1.0,1.7895934433909133e-05,-2,-4,5,1564.40673828125
0,-1.0,0.0002724208461586386,-2,-2,6,1564.40673828125
1,-0.9512195121951219,7.634183566551656e-05,-2,-2,6,1564.40673828125
2,-0.9024390243902439,0.00019143485405948013,-2,-2,6,1564.40673828125
3,-0.8536585365853658,0.0006907721981406212,-2,-2,6,1564.40673828125
4,-0.8048780487804879,0.0006320879911072552,-2,-2,6,1564.40673828125
5,-0.7560975609756098,0.0019269183976575732,-2,-2,6,1564.40673828125
6,-0.7073170731707317,0.00045722490176558495,-2,-2,6,1564.40673828125
7,-0.6585365853658536,0.00043276313226670027,-2,-2,6,1564.40673828125
8,-0.6097560975609756,0.03549966961145401,-2,-2,6,1564.40673828125
9,-0.5609756097560976,0.008801041170954704,-2,-2,6,1564.40673828125
10,-0.5121951219512195,0.1353635936975479,-2,-2,6,1564.40673828125
11,-0.46341463414634143,0.007842428982257843,-2,-2,6,1564.40673828125
12,-0.41463414634146334,0.002329836366698146,-2,-2,6,1564.40673828125
13,-0.36585365853658536,0.0009429979836568236,-2,-2,6,1564.40673828125
14,-0.31707317073170727,3.96731702494435e-05,-2,-2,6,1564.40673828125
15,-0.2682926829268293,0.0006252884631976485,-2,-2,6,1564.40673828125
16,-0.2195121951219512,0.0002096649695886299,-2,-2,6,1564.40673828125
17,-0.1707317073170731,8.83617831277661e-05,-2,-2,6,1564.40673828125
18,-0.12195121951219512,0.0001342371106147766,-2,-2,6,1564.40673828125
19,-0.07317073170731703,0.00035343965282663703,-2,-2,6,1564.40673828125
20,-0.024390243902439046,0.00021597662998829037,-2,-2,6,1564.40673828125
21,0.024390243902439046,1.8560780517873354e-05,-2,-2,6,1564.40673828125
22,0.07317073170731714,4.4080989027861506e-05,-2,-2,6,1564.40673828125
23,0.12195121951219523,0.0001523407845525071,-2,-2,6,1564.40673828125
24,0.17073170731707332,0.00027600827161222696,-2,-2,6,1564.40673828125
25,0.2195121951219512,0.00016703880100976676,-2,-2,6,1564.40673828125
26,0.2682926829268293,4.6354565711226314e-05,-2,-2,6,1564.40673828125
27,0.3170731707317074,8.323838119395077e-05,-2,-2,6,1564.40673828125
28,0.36585365853658547,9.02062383829616e-05,-2,-2,6,1564.40673828125
29,0.41463414634146356,8.1401682109572e-05,-2,-2,6,1564.40673828125
30,0.46341463414634143,7.035965154500445e-06,-2,-2,6,1564.40673828125
31,0.5121951219512195,3.633445885498077e-05,-2,-2,6,1564.40673828125
32,0.5609756097560976,0.0005641105235554278,-2,-2,6,1564.40673828125
33,0.6097560975609757,0.000264814036199823,-2,-2,6,1564.40673828125
34,0.6585365853658538,9.190035780193284e-05,-2,-2,6,1564.40673828125
35,0.7073170731707317,3.8923612009966746e-05,-2,-2,6,1564.40673828125
36,0.7560975609756098,1.2427477486198768e-05,-2,-2,6,1564.40673828125
37,0.8048780487804879,1.7999058172790683e-06,-2,-2,6,1564.40673828125
38,0.853658536585366,8.448764674540143e-06,-2,-2,6,1564.40673828125
39,0.902439024390244,4.24856398240081e-06,-2,-2,6,1564.40673828125
40,0.9512195121951219,1.4461134014709387e-06,-2,-2,6,1564.40673828125
41,1.0,1.6246596715063788e-05,-2,-2,6,1564.40673828125
0,-1.0,0.0012090707896277308,-2,1,7,1564.40673828125
1,-0.9512195121951219,0.0011716312728822231,-2,1,7,1564.40673828125
2,-0.9024390243902439,0.0003672575985547155,-2,1,7,1564.40673828125
3,-0.8536585365853658,0.00022521044593304396,-2,1,7,1564.40673828125
4,-0.8048780487804879,0.00032589779584668577,-2,1,7,1564.40673828125
5,-0.7560975609756098,0.0006136767915450037,-2,1,7,1564.40673828125
6,-0.7073170731707317,0.0005744430818594992,-2,1,7,1564.40673828125
7,-0.6585365853658536,0.0004451345303095877,-2,1,7,1564.40673828125
8,-0.6097560975609756,0.00018358133092988282,-2,1,7,1564.40673828125
9,-0.5609756097560976,0.000720546639058739,-2,1,7,1564.40673828125
10,-0.5121951219512195,0.0003617512120399624,-2,1,7,1564.40673828125
11,-0.46341463414634143,0.0008613192476332188,-2,1,7,1564.40673828125
12,-0.41463414634146334,0.0005373922758735716,-2,1,7,1564.40673828125
13,-0.36585365853658536,0.0010783164761960506,-2,1,7,1564.40673828125
14,-0.31707317073170727,0.00021751793974544853,-2,1,7,1564.40673828125
15,-0.2682926829268293,0.00016960837820079178,-2,1,7,1564.40673828125
16,-0.2195121951219512,0.0001067595076165162,-2,1,7,1564.40673828125
17,-0.1707317073170731,0.0002706158848013729,-2,1,7,1564.40673828125
18,-0.12195121951219512,0.0002961605496238917,-2,1,7,1564.40673828125
19,-0.07317073170731703,0.0026804127264767885,-2,1,7,1564.40673828125
20,-0.024390243902439046,0.0009547784575261176,-2,1,7,1564.40673828125
21,0.024390243902439046,0.0002592108503449708,-2,1,7,1564.40673828125
22,0.07317073170731714,0.00040576208266429603,-2,1,7,1564.40673828125
23,0.12195121951219523,0.004564334638416767,-2,1,7,1564.40673828125
24,0.17073170731707332,0.00840813759714365,-2,1,7,1564.40673828125
25,0.2195121951219512,0.005151429679244757,-2,1,7,1564.40673828125
26,0.2682926829268293,0.0009370993939228356,-2,1,7,1564.40673828125
27,0.3170731707317074,0.0005886722938157618,-2,1,7,1564.40673828125
28,0.36585365853658547,0.0001624314463697374,-2,1,7,1564.40673828125
29,0.41463414634146356,0.007057041395455599,-2,1,7,1564.40673828125
30,0.46341463414634143,0.03072935901582241,-2,1,7,1564.40673828125
31,0.5121951219512195,0.057388946413993835,-2,1,7,1564.40673828125
32,0.5609756097560976,0.23628948628902435,-2,1,7,1564.40673828125
33,0.6097560975609757,0.28657111525535583,-2,1,7,1564.40673828125
34,0.6585365853658538,0.06240234524011612,-2,1,7,1564.40673828125
35,0.7073170731707317,0.02271568775177002,-2,1,7,1564.40673828125
36,0.7560975609756098,0.05428936704993248,-2,1,7,1564.40673828125
37,0.8048780487804879,0.07530827820301056,-2,1,7,1564.40673828125
38,0.853658536585366,0.05020445957779884,-2,1,7,1564.40673828125
39,0.902439024390244,0.023111246526241302,-2,1,7,1564.40673828125
40,0.9512195121951219,0.00905625056475401,-2,1,7,1564.40673828125
41,1.0,0.00396523205563426,-2,1,7,1564.40673828125
0,-1.0,0.0,-2,4,8,1564.40673828125
1,-0.9512195121951219,0.0,-2,4,8,1564.40673828125
2,-0.9024390243902439,0.0,-2,4,8,1564.40673828125
3,-0.8536585365853658,0.0,-2,4,8,1564.40673828125
4,-0.8048780487804879,0.0,-2,4,8,1564.40673828125
5,-0.7560975609756098,0.0,-2,4,8,1564.40673828125
6,-0.7073170731707317,0.0,-2,4,8,1564.40673828125
7,-0.6585365853658536,7.922551503725117e-07,-2,4,8,1564.40673828125
8,-0.6097560975609756,3.0514888749166857e-06,-2,4,8,1564.40673828125
9,-0.5609756097560976,1.0421139450045303e-05,-2,4,8,1564.40673828125
10,-0.5121951219512195,1.399476605001837e-05,-2,4,8,1564.40673828125
11,-0.46341463414634143,3.769167278733221e-06,-2,4,8,1564.40673828125
12,-0.41463414634146334,1.8785493693940225e-06,-2,4,8,1564.40673828125
13,-0.36585365853658536,4.979851382813649e-06,-2,4,8,1564.40673828125
14,-0.31707317073170727,3.382064960533171e-06,-2,4,8,1564.40673828125
15,-0.2682926829268293,4.539646761259064e-05,-2,4,8,1564.40673828125
16,-0.2195121951219512,1.6997768170767813e-07,-2,4,8,1564.40673828125
17,-0.1707317073170731,2.499979814274411e-07,-2,4,8,1564.40673828125
18,-0.12195121951219512,2.4967437184386654e-06,-2,4,8,1564.40673828125
19,-0.07317073170731703,3.363811856615939e-06,-2,4,8,1564.40673828125
20,-0.024390243902439046,2.89657828034251e-06,-2,4,8,1564.40673828125
21,0.024390243902439046,3.830201876553474e-06,-2,4,8,1564.40673828125
22,0.07317073170731714,8.344439265783876e-06,-2,4,8,1564.40673828125
23,0.12195121951219523,1.6776099073467776e-05,-2,4,8,1564.40673828125
24,0.17073170731707332,5.106925527798012e-05,-2,4,8,1564.40673828125
25,0.2195121951219512,3.718159860000014e-05,-2,4,8,1564.40673828125
26,0.2682926829268293,5.021182005293667e-06,-2,4,8,1564.40673828125
27,0.3170731707317074,2.839799435605528e-06,-2,4,8,1564.40673828125
28,0.36585365853658547,1.835620787460357e-05,-2,4,8,1564.40673828125
29,0.41463414634146356,5.391783270169981e-05,-2,4,8,1564.40673828125
30,0.46341463414634143,0.00023485840938519686,-2,4,8,1564.40673828125
31,0.5121951219512195,0.0004712524823844433,-2,4,8,1564.40673828125
32,0.5609756097560976,0.004431664012372494,-2,4,8,1564.40673828125
33,0.6097560975609757,0.009446702897548676,-2,4,8,1564.40673828125
34,0.6585365853658538,0.0036067687906324863,-2,4,8,1564.40673828125
35,0.7073170731707317,0.02175815962255001,-2,4,8,1564.40673828125
36,0.7560975609756098,0.004183715675026178,-2,4,8,1564.40673828125
37,0.8048780487804879,0.0028330846689641476,-2,4,8,1564.40673828125
38,0.853658536585366,0.0005535841337405145,-2,4,8,1564.40673828125
39,0.902439024390244,0.00013166104326955974,-2,4,8,1564.40673828125
40,0.9512195121951219,1.0920429303951096e-05,-2,4,8,1564.40673828125
41,1.0,4.5015425712335855e-05,-2,4,8,1564.40673828125
0,-1.0,8.935009645938408e-06,-2,5,8,1564.40673828125
1,-0.9512195121951219,1.5187556527962442e-06,-2,5,8,1564.40673828125
2,-0.9024390243902439,2.6893212634604424e-06,-2,5,8,1564.40673828125
3,-0.8536585365853658,2.3051798248019395e-09,-2,5,8,1564.40673828125
4,-0.8048780487804879,3.046501149128744e-07,-2,5,8,1564.40673828125
5,-0.7560975609756098,1.46686193147616e-06,-2,5,8,1564.40673828125
6,-0.7073170731707317,1.791828935893136e-06,-2,5,8,1564.40673828125
7,-0.6585365853658536,5.984123845337308e-07,-2,5,8,1564.40673828125
8,-0.6097560975609756,2.700323648241465e-06,-2,5,8,1564.40673828125
9,-0.5609756097560976,1.5626919775968418e-06,-2,5,8,1564.40673828125
10,-0.5121951219512195,8.565874054511369e-07,-2,5,8,1564.40673828125
11,-0.46341463414634143,1.1153387276863214e-05,-2,5,8,1564.40673828125
12,-0.41463414634146334,8.911503755371086e-06,-2,5,8,1564.40673828125
13,-0.36585365853658536,6.102078714320669e-06,-2,5,8,1564.40673828125
14,-0.31707317073170727,3.9790000300854445e-05,-2,5,8,1564.40673828125
15,-0.2682926829268293,4.1442490328336135e-05,-2,5,8,1564.40673828125
16,-0.2195121951219512,0.001477911719121039,-2,5,8,1564.40673828125
17,-0.1707317073170731,0.0021969671361148357,-2,5,8,1564.40673828125
18,-0.12195121951219512,0.0004799712332896888,-2,5,8,1564.40673828125
19,-0.07317073170731703,1.4608008314098697e-05,-2,5,8,1564.40673828125
20,-0.024390243902439046,2.1377766756813799e-07,-2,5,8,1564.40673828125
21,0.024390243902439046,5.542419967241585e-05,-2,5,8,1564.40673828125
22,0.07317073170731714,9.962025160348276e-07,-2,5,8,1564.40673828125
23,0.12195121951219523,4.154061571171042e-06,-2,5,8,1564.40673828125
24,0.17073170731707332,3.008440444318694e-06,-2,5,8,1564.40673828125
25,0.2195121951219512,1.0121384548256174e-05,-2,5,8,1564.40673828125
26,0.2682926829268293,3.3289657039858866e-06,-2,5,8,1564.40673828125
27,0.3170731707317074,2.1391035716078477e-06,-2,5,8,1564.40673828125
28,0.36585365853658547,1.130710529650969e-06,-2,5,8,1564.40673828125
29,0.41463414634146356,2.963036251912854e-07,-2,5,8,1564.40673828125
30,0.46341463414634143,6.511274932563538e-06,-2,5,8,1564.40673828125
31,0.5121951219512195,5.811797336718882e-07,-2,5,8,1564.40673828125
32,0.5609756097560976,9.178634172712918e-06,-2,5,8,1564.40673828125
33,0.6097560975609757,7.59043814468896e-06,-2,5,8,1564.40673828125
34,0.6585365853658538,2.7126193344884086e-06,-2,5,8,1564.40673828125
35,0.7073170731707317,8.308760698128026e-06,-2,5,8,1564.40673828125
36,0.7560975609756098,8.671653972669446e-08,-2,5,8,1564.40673828125
37,0.8048780487804879,5.254087298567356e-08,-2,5,8,1564.40673828125
38,0.853658536585366,1.3811165899824118e-07,-2,5,8,1564.40673828125
39,0.902439024390244,0.0,-2,5,8,1564.40673828125
40,0.9512195121951219,0.0,-2,5,8,1564.40673828125
41,1.0,0.0,-2,5,8,1564.40673828125
0,-1.0,3.213663148926571e-06,-2,6,8,1564.40673828125
1,-0.9512195121951219,1.684224662312772e-05,-2,6,8,1564.40673828125
2,-0.9024390243902439,1.0236350135528482e-05,-2,6,8,1564.40673828125
3,-0.8536585365853658,4.6420418584602885e-06,-2,6,8,1564.40673828125
4,-0.8048780487804879,0.00010413650306873024,-2,6,8,1564.40673828125
5,-0.7560975609756098,0.00020023284014314413,-2,6,8,1564.40673828125
6,-0.7073170731707317,0.00104217987973243,-2,6,8,1564.40673828125
7,-0.6585365853658536,0.000542295107152313,-2,6,8,1564.40673828125
8,-0.6097560975609756,9.333539492217824e-05,-2,6,8,1564.40673828125
9,-0.5609756097560976,5.1104609156027436e-05,-2,6,8,1564.40673828125
10,-0.5121951219512195,3.164530426147394e-06,-2,6,8,1564.40673828125
11,-0.46341463414634143,5.5757736845407635e-06,-2,6,8,1564.40673828125
12,-0.41463414634146334,2.293204943271121e-06,-2,6,8,1564.40673828125
13,-0.36585365853658536,6.196338290465064e-06,-2,6,8,1564.40673828125
14,-0.31707317073170727,6.3472020883637015e-06,-2,6,8,1564.40673828125
15,-0.2682926829268293,1.500378630225896e-06,-2,6,8,1564.40673828125
16,-0.2195121951219512,3.795578891185869e-07,-2,6,8,1564.40673828125
17,-0.1707317073170731,4.498113810313953e-07,-2,6,8,1564.40673828125
18,-0.12195121951219512,3.7710778997279704e-06,-2,6,8,1564.40673828125
19,-0.07317073170731703,1.6928958075368428e-06,-2,6,8,1564.40673828125
20,-0.024390243902439046,3.782390649575973e-07,-2,6,8,1564.40673828125
21,0.024390243902439046,2.149192596334615e-06,-2,6,8,1564.40673828125
22,0.07317073170731714,1.4278703019954264e-06,-2,6,8,1564.40673828125
23,0.12195121951219523,1.8519854165788274e-06,-2,6,8,1564.40673828125
24,0.17073170731707332,1.7202428352902643e-06,-2,6,8,1564.40673828125
25,0.2195121951219512,0.0,-2,6,8,1564.40673828125
26,0.2682926829268293,0.0,-2,6,8,1564.40673828125
27,0.3170731707317074,0.0,-2,6,8,1564.40673828125
28,0.36585365853658547,0.0,-2,6,8,1564.40673828125
29,0.41463414634146356,0.0,-2,6,8,1564.40673828125
30,0.46341463414634143,0.0,-2,6,8,1564.40673828125
31,0.5121951219512195,0.0,-2,6,8,1564.40673828125
32,0.5609756097560976,0.0,-2,6,8,1564.40673828125
33,0.6097560975609757,0.0,-2,6,8,1564.40673828125
34,0.6585365853658538,0.0,-2,6,8,1564.40673828125
35,0.7073170731707317,0.0,-2,6,8,1564.40673828125
36,0.7560975609756098,0.0,-2,6,8,1564.40673828125
37,0.8048780487804879,0.0,-2,6,8,1564.40673828125
38,0.853658536585366,0.0,-2,6,8,1564.40673828125
39,0.902439024390244,0.0,-2,6,8,1564.40673828125
40,0.9512195121951219,0.0,-2,6,8,1564.40673828125
41,1.0,0.0,-2,6,8,1564.40673828125
0,-1.0,0.0,-1,-9,-1,1564.40673828125
1,-0.9512195121951219,0.0,-1,-9,-1,1564.40673828125
2,-0.9024390243902439,0.0,-1,-9,-1,1564.40673828125
3,-0.8536585365853658,0.0,-1,-9,-1,1564.40673828125
4,-0.8048780487804879,0.0,-1,-9,-1,1564.40673828125
5,-0.7560975609756098,0.0,-1,-9,-1,1564.40673828125
6,-0.7073170731707317,0.0,-1,-9,-1,1564.40673828125
7,-0.6585365853658536,0.0,-1,-9,-1,1564.40673828125
8,-0.6097560975609756,0.0,-1,-9,-1,1564.40673828125
9,-0.5609756097560976,0.0,-1,-9,-1,1564.40673828125
10,-0.5121951219512195,0.0,-1,-9,-1,1564.40673828125
11,-0.46341463414634143,0.0,-1,-9,-1,1564.40673828125
12,-0.41463414634146334,0.0,-1,-9,-1,1564.40673828125
13,-0.36585365853658536,0.0,-1,-9,-1,1564.40673828125
14,-0.31707317073170727,1.4001893759996165e-06,-1,-9,-1,1564.40673828125
15,-0.2682926829268293,1.324101162936131e-06,-1,-9,-1,1564.40673828125
16,-0.2195121951219512,1.5875978931489954e-07,-1,-9,-1,1564.40673828125
17,-0.1707317073170731,5.630194550576562e-07,-1,-9,-1,1564.40673828125
18,-0.12195121951219512,3.4300512652407633e-07,-1,-9,-1,1564.40673828125
19,-0.07317073170731703,1.8285223859493271e-06,-1,-9,-1,1564.40673828125
20,-0.024390243902439046,2.2637923393631354e-06,-1,-9,-1,1564.40673828125
21,0.024390243902439046,6.8881204242643435e-06,-1,-9,-1,1564.40673828125
22,0.07317073170731714,9.627020517655183e-06,-1,-9,-1,1564.40673828125
23,0.12195121951219523,3.725541682797484e-05,-1,-9,-1,1564.40673828125
24,0.17073170731707332,0.0021120563615113497,-1,-9,-1,1564.40673828125
25,0.2195121951219512,2.0523870261968113e-05,-1,-9,-1,1564.40673828125
26,0.2682926829268293,5.244064595899545e-06,-1,-9,-1,1564.40673828125
27,0.3170731707317074,4.940089183946839e-06,-1,-9,-1,1564.40673828125
28,0.36585365853658547,3.277222049291595e-06,-1,-9,-1,1564.40673828125
29,0.41463414634146356,1.92648053598532e-06,-1,-9,-1,1564.40673828125
30,0.46341463414634143,6.551425713041681e-07,-1,-9,-1,1564.40673828125
31,0.5121951219512195,3.0253579552663723e-06,-1,-9,-1,1564.40673828125
32,0.5609756097560976,2.625027093472454e-07,-1,-9,-1,1564.40673828125
33,0.6097560975609757,1.7581597830940154e-06,-1,-9,-1,1564.40673828125
34,0.6585365853658538,1.858950099631329e-06,-1,-9,-1,1564.40673828125
35,0.7073170731707317,0.0,-1,-9,-1,1564.40673828125
36,0.7560975609756098,0.0,-1,-9,-1,1564.40673828125
37,0.8048780487804879,0.0,-1,-9,-1,1564.40673828125
38,0.853658536585366,0.0,-1,-9,-1,1564.40673828125
39,0.902439024390244,0.0,-1,-9,-1,1564.40673828125
40,0.9512195121951219,0.0,-1,-9,-1,1564.40673828125
41,1.0,0.0,-1,-9,-1,1564.40673828125
0,-1.0,0.0,-1,-8,0,1564.40673828125
1,-0.9512195121951219,2.188028020100319e-06,-1,-8,0,1564.40673828125
2,-0.9024390243902439,4.348249547092564e-07,-1,-8,0,1564.40673828125
3,-0.8536585365853658,3.4355733191659965e-07,-1,-8,0,1564.40673828125
4,-0.8048780487804879,1.5230571079882793e-05,-1,-8,0,1564.40673828125
5,-0.7560975609756098,3.403429445825168e-06,-1,-8,0,1564.40673828125
6,-0.7073170731707317,8.308870178552752e-07,-1,-8,0,1564.40673828125
7,-0.6585365853658536,3.831517915386939e-06,-1,-8,0,1564.40673828125
8,-0.6097560975609756,6.102306429056625e-07,-1,-8,0,1564.40673828125
9,-0.5609756097560976,1.2163917745056096e-05,-1,-8,0,1564.40673828125
10,-0.5121951219512195,1.604919452802278e-05,-1,-8,0,1564.40673828125
11,-0.46341463414634143,0.00021767886937595904,-1,-8,0,1564.40673828125
12,-0.41463414634146334,0.007896860130131245,-1,-8,0,1564.40673828125
13,-0.36585365853658536,0.0005877497605979443,-1,-8,0,1564.40673828125
14,-0.31707317073170727,6.683551418973366e-07,-1,-8,0,1564.40673828125
15,-0.2682926829268293,2.217711335106287e-05,-1,-8,0,1564.40673828125
16,-0.2195121951219512,4.446179445949383e-05,-1,-8,0,1564.40673828125
17,-0.1707317073170731,0.00018080268637277186,-1,-8,0,1564.40673828125
18,-0.12195121951219512,2.1229730009508785e-06,-1,-8,0,1564.40673828125
19,-0.07317073170731703,1.8540717405812757e-07,-1,-8,0,1564.40673828125
20,-0.024390243902439046,2.9690891096834093e-06,-1,-8,0,1564.40673828125
21,0.024390243902439046,1.0887110875046346e-06,-1,-8,0,1564.40673828125
22,0.07317073170731714,9.404778325006191e-07,-1,-8,0,1564.40673828125
23,0.12195121951219523,3.284469130448997e-06,-1,-8,0,1564.40673828125
24,0.17073170731707332,1.205505554935371e-06,-1,-8,0,1564.40673828125
25,0.2195121951219512,0.0,-1,-8,0,1564.40673828125
26,0.2682926829268293,0.0,-1,-8,0,1564.40673828125
27,0.3170731707317074,0.0,-1,-8,0,1564.40673828125
28,0.36585365853658547,0.0,-1,-8,0,1564.40673828125
29,0.41463414634146356,0.0,-1,-8,0,1564.40673828125
30,0.46341463414634143,0.0,-1,-8,0,1564.40673828125
31,0.5121951219512195,0.0,-1,-8,0,1564.40673828125
32,0.5609756097560976,0.0,-1,-8,0,1564.40673828125
33,0.6097560975609757,0.0,-1,-8,0,1564.40673828125
34,0.6585365853658538,0.0,-1,-8,0,1564.40673828125
35,0.7073170731707317,0.0,-1,-8,0,1564.40673828125
36,0.7560975609756098,0.0,-1,-8,0,1564.40673828125
37,0.8048780487804879,0.0,-1,-8,0,1564.40673828125
38,0.853658536585366,0.0,-1,-8,0,1564.40673828125
39,0.902439024390244,0.0,-1,-8,0,1564.40673828125
40,0.9512195121951219,0.0,-1,-8,0,1564.40673828125
41,1.0,0.0,-1,-8,0,1564.40673828125
0,-1.0,0.0,-1,-7,0,1564.40673828125
1,-0.9512195121951219,0.0,-1,-7,0,1564.40673828125
2,-0.9024390243902439,0.0,-1,-7,0,1564.40673828125
3,-0.8536585365853658,0.0,-1,-7,0,1564.40673828125
4,-0.8048780487804879,0.0,-1,-7,0,1564.40673828125
5,-0.7560975609756098,0.0,-1,-7,0,1564.40673828125
6,-0.7073170731707317,0.0,-1,-7,0,1564.40673828125
7,-0.6585365853658536,0.0,-1,-7,0,1564.40673828125
8,-0.6097560975609756,0.0,-1,-7,0,1564.40673828125
9,-0.5609756097560976,0.0,-1,-7,0,1564.40673828125
10,-0.5121951219512195,0.0,-1,-7,0,1564.40673828125
11,-0.46341463414634143,0.0,-1,-7,0,1564.40673828125
12,-0.41463414634146334,0.0,-1,-7,0,1564.40673828125
13,-0.36585365853658536,0.0,-1,-7,0,1564.40673828125
14,-0.31707317073170727,0.0,-1,-7,0,1564.40673828125
15,-0.2682926829268293,0.0,-1,-7,0,1564.40673828125
16,-0.2195121951219512,0.0,-1,-7,0,1564.40673828125
17,-0.1707317073170731,0.0,-1,-7,0,1564.40673828125
18,-0.12195121951219512,2.8898239179397933e-06,-1,-7,0,1564.40673828125
19,-0.07317073170731703,1.405059992976021e-05,-1,-7,0,1564.40673828125
20,-0.024390243902439046,9.502824127594067e-07,-1,-7,0,1564.40673828125
21,0.024390243902439046,3.695399300340796e-06,-1,-7,0,1564.40673828125
22,0.07317073170731714,6.796562047384214e-06,-1,-7,0,1564.40673828125
23,0.12195121951219523,1.904589623791253e-07,-1,-7,0,1564.40673828125
24,0.17073170731707332,4.89979221640624e-08,-1,-7,0,1564.40673828125
25,0.2195121951219512,2.677006159501616e-05,-1,-7,0,1564.40673828125
26,0.2682926829268293,2.056325502053369e-05,-1,-7,0,1564.40673828125
27,0.3170731707317074,3.997042313130805e-06,-1,-7,0,1564.40673828125
28,0.36585365853658547,4.772160173160955e-05,-1,-7,0,1564.40673828125
29,0.41463414634146356,2.2336063921102323e-05,-1,-7,0,1564.40673828125
30,0.46341463414634143,0.00016098638297989964,-1,-7,0,1564.40673828125
31,0.5121951219512195,0.011429041624069214,-1,-7,0,1564.40673828125
32,0.5609756097560976,7.261066457431298e-06,-1,-7,0,1564.40673828125
33,0.6097560975609757,5.56184431843576e-06,-1,-7,0,1564.40673828125
34,0.6585365853658538,2.4028513507801108e-05,-1,-7,0,1564.40673828125
35,0.7073170731707317,2.6477133360458538e-05,-1,-7,0,1564.40673828125
36,0.7560975609756098,2.808085355354706e-06,-1,-7,0,1564.40673828125
37,0.8048780487804879,4.610301766660996e-05,-1,-7,0,1564.40673828125
38,0.853658536585366,3.15861361741554e-05,-1,-7,0,1564.40673828125
39,0.902439024390244,2.856801529560471e-06,-1,-7,0,1564.40673828125
40,0.9512195121951219,3.8378379940695595e-06,-1,-7,0,1564.40673828125
41,1.0,1.1584505728023942e-06,-1,-7,0,1564.40673828125
0,-1.0,1.8934444767637615e-07,-1,-6,1,1564.40673828125
1,-0.9512195121951219,1.8987367411682499e-06,-1,-6,1,1564.40673828125
2,-0.9024390243902439,6.047423539712327e-06,-1,-6,1,1564.40673828125
3,-0.8536585365853658,8.995193070404639e-07,-1,-6,1,1564.40673828125
4,-0.8048780487804879,3.128144453512505e-05,-1,-6,1,1564.40673828125
5,-0.7560975609756098,5.945746579527622e-06,-1,-6,1,1564.40673828125
6,-0.7073170731707317,2.296776983712334e-06,-1,-6,1,1564.40673828125
7,-0.6585365853658536,1.5333795090555213e-05,-1,-6,1,1564.40673828125
8,-0.6097560975609756,3.811638453043997e-05,-1,-6,1,1564.40673828125
9,-0.5609756097560976,7.172863206506008e-06,-1,-6,1,1564.40673828125
10,-0.5121951219512195,6.448238127632067e-05,-1,-6,1,1564.40673828125
11,-0.46341463414634143,1.3147205208952073e-05,-1,-6,1,1564.40673828125
12,-0.41463414634146334,8.32218793220818e-05,-1,-6,1,1564.40673828125
13,-0.36585365853658536,0.013042323291301727,-1,-6,1,1564.40673828125
14,-0.31707317073170727,0.003978495951741934,-1,-6,1,1564.40673828125
15,-0.2682926829268293,8.479195093968883e-05,-1,-6,1,1564.40673828125
16,-0.2195121951219512,6.919461884535849e-05,-1,-6,1,1564.40673828125
17,-0.1707317073170731,1.2692310519923922e-05,-1,-6,1,1564.40673828125
18,-0.12195121951219512,2.8683261916739866e-06,-1,-6,1,1564.40673828125
19,-0.07317073170731703,2.4545140604459448e-06,-1,-6,1,1564.40673828125
20,-0.024390243902439046,1.2932052413816564e-05,-1,-6,1,1564.40673828125
21,0.024390243902439046,1.023682580125751e-05,-1,-6,1,1564.40673828125
22,0.07317073170731714,0.00016154450713656843,-1,-6,1,1564.40673828125
23,0.12195121951219523,6.911448963364819e-06,-1,-6,1,1564.40673828125
24,0.17073170731707332,6.9923989940434694e-06,-1,-6,1,1564.40673828125
25,0.2195121951219512,6.462326496148307e-07,-1,-6,1,1564.40673828125
26,0.2682926829268293,1.429427332055866e-08,-1,-6,1,1564.40673828125
27,0.3170731707317074,1.3576787694091763e-07,-1,-6,1,1564.40673828125
28,0.36585365853658547,2.4485288463438337e-07,-1,-6,1,1564.40673828125
29,0.41463414634146356,1.4679058040201198e-06,-1,-6,1,1564.40673828125
30,0.46341463414634143,0.0,-1,-6,1,1564.40673828125
31,0.5121951219512195,0.0,-1,-6,1,1564.40673828125
32,0.5609756097560976,0.0,-1,-6,1,1564.40673828125
33,0.6097560975609757,0.0,-1,-6,1,1564.40673828125
34,0.6585365853658538,0.0,-1,-6,1,1564.40673828125
35,0.7073170731707317,0.0,-1,-6,1,1564.40673828125
36,0.7560975609756098,0.0,-1,-6,1,1564.40673828125
37,0.8048780487804879,0.0,-1,-6,1,1564.40673828125
38,0.853658536585366,0.0,-1,-6,1,1564.40673828125
39,0.902439024390244,0.0,-1,-6,1,1564.40673828125
40,0.9512195121951219,0.0,-1,-6,1,1564.40673828125
41,1.0,0.0,-1,-6,1,1564.40673828125
0,-1.0,0.0,-1,-5,1,1564.40673828125
1,-0.9512195121951219,0.0,-1,-5,1,1564.40673828125
2,-0.9024390243902439,0.0,-1,-5,1,1564.40673828125
3,-0.8536585365853658,0.0,-1,-5,1,1564.40673828125
4,-0.8048780487804879,0.0,-1,-5,1,1564.40673828125
5,-0.7560975609756098,0.0,-1,-5,1,1564.40673828125
6,-0.7073170731707317,0.0,-1,-5,1,1564.40673828125
7,-0.6585365853658536,0.0,-1,-5,1,1564.40673828125
8,-0.6097560975609756,0.0,-1,-5,1,1564.40673828125
9,-0.5609756097560976,0.0,-1,-5,1,1564.40673828125
10,-0.5121951219512195,0.0,-1,-5,1,1564.40673828125
11,-0.46341463414634143,0.0,-1,-5,1,1564.40673828125
12,-0.41463414634146334,0.0,-1,-5,1,1564.40673828125
13,-0.36585365853658536,0.0,-1,-5,1,1564.40673828125
14,-0.31707317073170727,0.0,-1,-5,1,1564.40673828125
15,-0.2682926829268293,0.0,-1,-5,1,1564.40673828125
16,-0.2195121951219512,0.0,-1,-5,1,1564.40673828125
17,-0.1707317073170731,0.0,-1,-5,1,1564.40673828125
18,-0.12195121951219512,0.0,-1,-5,1,1564.40673828125
19,-0.07317073170731703,1.805649844754953e-05,-1,-5,1,1564.40673828125
20,-0.024390243902439046,1.4816028851782903e-05,-1,-5,1,1564.40673828125
21,0.024390243902439046,4.02989135181997e-05,-1,-5,1,1564.40673828125
22,0.07317073170731714,1.0613784979796037e-05,-1,-5,1,1564.40673828125
23,0.12195121951219523,5.088485067972215e-06,-1,-5,1,1564.40673828125
24,0.17073170731707332,3.4399203286739066e-05,-1,-5,1,1564.40673828125
25,0.2195121951219512,7.260780694196001e-05,-1,-5,1,1564.40673828125
26,0.2682926829268293,7.676985842408612e-05,-1,-5,1,1564.40673828125
27,0.3170731707317074,9.359062823932618e-05,-1,-5,1,1564.40673828125
28,0.36585365853658547,1.0912248399108648e-05,-1,-5,1,1564.40673828125
29,0.41463414634146356,2.817740460159257e-05,-1,-5,1,1564.40673828125
30,0.46341463414634143,0.0001242118451045826,-1,-5,1,1564.40673828125
31,0.5121951219512195,0.0006624720408581197,-1,-5,1,1564.40673828125
32,0.5609756097560976,4.514465672400547e-06,-1,-5,1,1564.40673828125
33,0.6097560975609757,0.0004960713558830321,-1,-5,1,1564.40673828125
34,0.6585365853658538,0.0009155090083368123,-1,-5,1,1564.40673828125
35,0.7073170731707317,5.741532731917687e-05,-1,-5,1,1564.40673828125
36,0.7560975609756098,0.013912782073020935,-1,-5,1,1564.40673828125
37,0.8048780487804879,0.1466977745294571,-1,-5,1,1564.40673828125
38,0.853658536585366,0.0010743463644757867,-1,-5,1,1564.40673828125
39,0.902439024390244,0.0015548444353044033,-1,-5,1,1564.40673828125
40,0.9512195121951219,0.0013212407939136028,-1,-5,1,1564.40673828125
41,1.0,7.08248553564772e-05,-1,-5,1,1564.40673828125
0,-1.0,2.973825394292362e-05,-1,-4,2,1564.40673828125
1,-0.9512195121951219,3.529908644850366e-05,-1,-4,2,1564.40673828125
2,-0.9024390243902439,2.2445274225901812e-05,-1,-4,2,1564.40673828125
3,-0.8536585365853658,0.00016472653078380972,-1,-4,2,1564.40673828125
4,-0.8048780487804879,0.00011990127677563578,-1,-4,2,1564.40673828125
5,-0.7560975609756098,0.001203569583594799,-1,-4,2,1564.40673828125
6,-0.7073170731707317,0.002096450887620449,-1,-4,2,1564.40673828125
7,-0.6585365853658536,0.00607580179348588,-1,-4,2,1564.40673828125
8,-0.6097560975609756,0.05605868622660637,-1,-4,2,1564.40673828125
9,-0.5609756097560976,0.0009440049179829657,-1,-4,2,1564.40673828125
10,-0.5121951219512195,0.001875299378298223,-1,-4,2,1564.40673828125
11,-0.46341463414634143,0.0009276235941797495,-1,-4,2,1564.40673828125
12,-0.41463414634146334,0.00011768731928896159,-1,-4,2,1564.40673828125
13,-0.36585365853658536,0.00023883304675109684,-1,-4,2,1564.40673828125
14,-0.31707317073170727,2.287468669237569e-05,-1,-4,2,1564.40673828125
15,-0.2682926829268293,0.00016186354332603514,-1,-4,2,1564.40673828125
16,-0.2195121951219512,6.79210716043599e-05,-1,-4,2,1564.40673828125
17,-0.1707317073170731,4.3215477489866316e-05,-1,-4,2,1564.40673828125
18,-0.12195121951219512,0.0004617969680111855,-1,-4,2,1564.40673828125
19,-0.07317073170731703,0.0003347471356391907,-1,-4,2,1564.40673828125
20,-0.024390243902439046,4.052752774441615e-05,-1,-4,2,1564.40673828125
21,0.024390243902439046,4.6008472054381855e-06,-1,-4,2,1564.40673828125
22,0.07317073170731714,5.545661042560823e-05,-1,-4,2,1564.40673828125
23,0.12195121951219523,5.833414888911648e-06,-1,-4,2,1564.40673828125
24,0.17073170731707332,9.456605880586721e-07,-1,-4,2,1564.40673828125
25,0.2195121951219512,9.221717846230604e-06,-1,-4,2,1564.40673828125
26,0.2682926829268293,1.0900314919126686e-05,-1,-4,2,1564.40673828125
27,0.3170731707317074,5.954555604148482e-07,-1,-4,2,1564.40673828125
28,0.36585365853658547,4.28837165600271e-06,-1,-4,2,1564.40673828125
29,0.41463414634146356,1.0915956636381452e-06,-1,-4,2,1564.40673828125
30,0.46341463414634143,1.545351210552326e-06,-1,-4,2,1564.40673828125
31,0.5121951219512195,1.4468150766333565e-06,-1,-4,2,1564.40673828125
32,0.5609756097560976,0.0,-1,-4,2,1564.40673828125
33,0.6097560975609757,0.0,-1,-4,2,1564.40673828125
34,0.6585365853658538,0.0,-1,-4,2,1564.40673828125
35,0.7073170731707317,0.0,-1,-4,2,1564.40673828125
36,0.7560975609756098,0.0,-1,-4,2,1564.40673828125
37,0.8048780487804879,0.0,-1,-4,2,1564.40673828125
38,0.853658536585366,0.0,-1,-4,2,1564.40673828125
39,0.902439024390244,0.0,-1,-4,2,1564.40673828125
40,0.9512195121951219,0.0,-1,-4,2,1564.40673828125
41,1.0,0.0,-1,-4,2,1564.40673828125
0,-1.0,0.0,-1,-3,2,1564.40673828125
1,-0.9512195121951219,0.0,-1,-3,2,1564.40673828125
2,-0.9024390243902439,0.0,-1,-3,2,1564.40673828125
3,-0.8536585365853658,0.0,-1,-3,2,1564.40673828125
4,-0.8048780487804879,0.0,-1,-3,2,1564.40673828125
5,-0.7560975609756098,0.0,-1,-3,2,1564.40673828125
6,-0.7073170731707317,0.0,-1,-3,2,1564.40673828125
7,-0.6585365853658536,0.0,-1,-3,2,1564.40673828125
8,-0.6097560975609756,0.0,-1,-3,2,1564.40673828125
9,-0.5609756097560976,0.0,-1,-3,2,1564.40673828125
10,-0.5121951219512195,0.0,-1,-3,2,1564.40673828125
11,-0.46341463414634143,5.6962098824442364e-06,-1,-3,2,1564.40673828125
12,-0.41463414634146334,1.0527292943152133e-05,-1,-3,2,1564.40673828125
13,-0.36585365853658536,1.7346816093777306e-05,-1,-3,2,1564.40673828125
14,-0.31707317073170727,5.0617858505574986e-05,-1,-3,2,1564.40673828125
15,-0.2682926829268293,4.624468056135811e-05,-1,-3,2,1564.40673828125
16,-0.2195121951219512,0.00015320710372179747,-1,-3,2,1564.40673828125
17,-0.1707317073170731,7.799236482242122e-05,-1,-3,2,1564.40673828125
18,-0.12195121951219512,1.9308017726871185e-05,-1,-3,2,1564.40673828125
19,-0.07317073170731703,8.41326400404796e-05,-1,-3,2,1564.40673828125
20,-0.024390243902439046,0.00014079458196647465,-1,-3,2,1564.40673828125
21,0.024390243902439046,0.00015870865900069475,-1,-3,2,1564.40673828125
22,0.07317073170731714,0.0001535355841042474,-1,-3,2,1564.40673828125
23,0.12195121951219523,0.00013791814853902906,-1,-3,2,1564.40673828125
24,0.17073170731707332,0.00014816927432548255,-1,-3,2,1564.40673828125
25,0.2195121951219512,5.728405449190177e-05,-1,-3,2,1564.40673828125
26,0.2682926829268293,0.00013008304813411087,-1,-3,2,1564.40673828125
27,0.3170731707317074,1.8099837689078413e-05,-1,-3,2,1564.40673828125
28,0.36585365853658547,6.418993143597618e-05,-1,-3,2,1564.40673828125
29,0.41463414634146356,9.970481914933771e-05,-1,-3,2,1564.40673828125
30,0.46341463414634143,6.552112608915195e-05,-1,-3,2,1564.40673828125
31,0.5121951219512195,8.11261088529136e-06,-1,-3,2,1564.40673828125
32,0.5609756097560976,8.826092380331829e-05,-1,-3,2,1564.40673828125
33,0.6097560975609757,0.00010007552191382274,-1,-3,2,1564.40673828125
34,0.6585365853658538,0.00028360297437757254,-1,-3,2,1564.40673828125
35,0.7073170731707317,0.00035201144055463374,-1,-3,2,1564.40673828125
36,0.7560975609756098,0.0010101498337462544,-1,-3,2,1564.40673828125
37,0.8048780487804879,0.0009313399787060916,-1,-3,2,1564.40673828125
38,0.853658536585366,0.004010605160146952,-1,-3,2,1564.40673828125
39,0.902439024390244,0.011684502474963665,-1,-3,2,1564.40673828125
40,0.9512195121951219,0.07496101409196854,-1,-3,2,1564.40673828125
41,1.0,0.22453707456588745,-1,-3,2,1564.40673828125
0,-1.0,4.0098497265717015e-05,-1,-1,3,1564.40673828125
1,-0.9512195121951219,0.00044900193461216986,-1,-1,3,1564.40673828125
2,-0.9024390243902439,0.0003018442075699568,-1,-1,3,1564.40673828125
3,-0.8536585365853658,8.992145012598485e-05,-1,-1,3,1564.40673828125
4,-0.8048780487804879,0.00019372801762074232,-1,-1,3,1564.40673828125
5,-0.7560975609756098,6.418330303858966e-05,-1,-1,3,1564.40673828125
6,-0.7073170731707317,0.0005641758325509727,-1,-1,3,1564.40673828125
7,-0.6585365853658536,0.00033162307227030396,-1,-1,3,1564.40673828125
8,-0.6097560975609756,0.00013132621825207025,-1,-1,3,1564.40673828125
9,-0.5609756097560976,0.0017892702016979456,-1,-1,3,1564.40673828125
10,-0.5121951219512195,0.0001297096023336053,-1,-1,3,1564.40673828125
11,-0.46341463414634143,0.0001063767122104764,-1,-1,3,1564.40673828125
12,-0.41463414634146334,0.0003452553937677294,-1,-1,3,1564.40673828125
13,-0.36585365853658536,0.0005277035525068641,-1,-1,3,1564.40673828125
14,-0.31707317073170727,0.0007394168060272932,-1,-1,3,1564.40673828125
15,-0.2682926829268293,0.0002666386717464775,-1,-1,3,1564.40673828125
16,-0.2195121951219512,0.002204152522608638,-1,-1,3,1564.40673828125
17,-0.1707317073170731,0.00037230979069136083,-1,-1,3,1564.40673828125
18,-0.12195121951219512,0.0016479258192703128,-1,-1,3,1564.40673828125
19,-0.07317073170731703,0.0011290370021015406,-1,-1,3,1564.40673828125
20,-0.024390243902439046,0.0011641200399026275,-1,-1,3,1564.40673828125
21,0.024390243902439046,0.0010229356121271849,-1,-1,3,1564.40673828125
22,0.07317073170731714,0.0005903354031033814,-1,-1,3,1564.40673828125
23,0.12195121951219523,0.001615026849322021,-1,-1,3,1564.40673828125
24,0.17073170731707332,0.003462178399786353,-1,-1,3,1564.40673828125
25,0.2195121951219512,0.0033636537846177816,-1,-1,3,1564.40673828125
26,0.2682926829268293,0.002282199449837208,-1,-1,3,1564.40673828125
27,0.3170731707317074,0.01171429455280304,-1,-1,3,1564.40673828125
28,0.36585365853658547,0.0024263171944767237,-1,-1,3,1564.40673828125
29,0.41463414634146356,0.02340403012931347,-1,-1,3,1564.40673828125
30,0.46341463414634143,0.00395321985706687,-1,-1,3,1564.40673828125
31,0.5121951219512195,0.053961899131536484,-1,-1,3,1564.40673828125
32,0.5609756097560976,0.11490407586097717,-1,-1,3,1564.40673828125
33,0.6097560975609757,0.07389628887176514,-1,-1,3,1564.40673828125
34,0.6585365853658538,0.06588182598352432,-1,-1,3,1564.40673828125
35,0.7073170731707317,0.00030194298597052693,-1,-1,3,1564.40673828125
36,0.7560975609756098,0.026257269084453583,-1,-1,3,1564.40673828125
37,0.8048780487804879,0.008904006332159042,-1,-1,3,1564.40673828125
38,0.853658536585366,0.00580594502389431,-1,-1,3,1564.40673828125
39,0.902439024390244,0.011183644644916058,-1,-1,3,1564.40673828125
40,0.9512195121951219,0.0001657084794715047,-1,-1,3,1564.40673828125
41,1.0,0.0036375694908201694,-1,-1,3,1564.40673828125
0,-1.0,0.0033025804441422224,-1,2,4,1564.40673828125
1,-0.9512195121951219,0.00047158176312223077,-1,2,4,1564.40673828125
2,-0.9024390243902439,0.0043769110925495625,-1,2,4,1564.40673828125
3,-0.8536585365853658,0.0032378167379647493,-1,2,4,1564.40673828125
4,-0.8048780487804879,0.003085560631006956,-1,2,4,1564.40673828125
5,-0.7560975609756098,0.0017723392229527235,-1,2,4,1564.40673828125
6,-0.7073170731707317,0.016701631247997284,-1,2,4,1564.40673828125
7,-0.6585365853658536,0.012621094472706318,-1,2,4,1564.40673828125
8,-0.6097560975609756,0.036552466452121735,-1,2,4,1564.40673828125
9,-0.5609756097560976,0.14587220549583435,-1,2,4,1564.40673828125
10,-0.5121951219512195,0.22045552730560303,-1,2,4,1564.40673828125
11,-0.46341463414634143,0.07448343187570572,-1,2,4,1564.40673828125
12,-0.41463414634146334,0.048335399478673935,-1,2,4,1564.40673828125
13,-0.36585365853658536,0.03932671621441841,-1,2,4,1564.40673828125
14,-0.31707317073170727,0.001175892073661089,-1,2,4,1564.40673828125
15,-0.2682926829268293,0.019366435706615448,-1,2,4,1564.40673828125
16,-0.2195121951219512,0.00039406571886502206,-1,2,4,1564.40673828125
17,-0.1707317073170731,0.008989554829895496,-1,2,4,1564.40673828125
18,-0.12195121951219512,0.0008092125644907355,-1,2,4,1564.40673828125
19,-0.07317073170731703,0.002406141022220254,-1,2,4,1564.40673828125
20,-0.024390243902439046,0.0031749564222991467,-1,2,4,1564.40673828125
21,0.024390243902439046,0.00019446767691988498,-1,2,4,1564.40673828125
22,0.07317073170731714,0.003966541960835457,-1,2,4,1564.40673828125
23,0.12195121951219523,0.0002450300962664187,-1,2,4,1564.40673828125
24,0.17073170731707332,0.0026421635411679745,-1,2,4,1564.40673828125
25,0.2195121951219512,1.4329303667182103e-05,-1,2,4,1564.40673828125
26,0.2682926829268293,6.236377430468565e-06,-1,2,4,1564.40673828125
27,0.3170731707317074,0.0010487140389159322,-1,2,4,1564.40673828125
28,0.36585365853658547,5.763457011198625e-05,-1,2,4,1564.40673828125
29,0.41463414634146356,0.00081259710714221,-1,2,4,1564.40673828125
30,0.46341463414634143,0.0001606173173058778,-1,2,4,1564.40673828125
31,0.5121951219512195,0.00044444581726565957,-1,2,4,1564.40673828125
32,0.5609756097560976,0.000557458377443254,-1,2,4,1564.40673828125
33,0.6097560975609757,0.0009973392589017749,-1,2,4,1564.40673828125
34,0.6585365853658538,0.00027991028036922216,-1,2,4,1564.40673828125
35,0.7073170731707317,0.0004718552518170327,-1,2,4,1564.40673828125
36,0.7560975609756098,0.0006094969576224685,-1,2,4,1564.40673828125
37,0.8048780487804879,0.00023274518025573343,-1,2,4,1564.40673828125
38,0.853658536585366,0.0006424576858989894,-1,2,4,1564.40673828125
39,0.902439024390244,1.3242735803942196e-05,-1,2,4,1564.40673828125
40,0.9512195121951219,0.0004187536833342165,-1,2,4,1564.40673828125
41,1.0,0.0004524795222096145,-1,2,4,1564.40673828125
0,-1.0,0.0,-1,5,5,1564.40673828125
1,-0.9512195121951219,0.0,-1,5,5,1564.40673828125
2,-0.9024390243902439,0.0,-1,5,5,1564.40673828125
3,-0.8536585365853658,0.0,-1,5,5,1564.40673828125
4,-0.8048780487804879,0.0,-1,5,5,1564.40673828125
5,-0.7560975609756098,0.0,-1,5,5,1564.40673828125
6,-0.7073170731707317,0.0,-1,5,5,1564.40673828125
7,-0.6585365853658536,0.0,-1,5,5,1564.40673828125
8,-0.6097560975609756,0.0,-1,5,5,1564.40673828125
9,-0.5609756097560976,2.35212646657601e-05,-1,5,5,1564.40673828125
10,-0.5121951219512195,4.6458815631922334e-05,-1,5,5,1564.40673828125
11,-0.46341463414634143,4.313415047363378e-05,-1,5,5,1564.40673828125
12,-0.41463414634146334,2.0374143787194043e-05,-1,5,5,1564.40673828125
13,-0.36585365853658536,1.9468005120870657e-05,-1,5,5,1564.40673828125
14,-0.31707317073170727,1.1366428225301206e-05,-1,5,5,1564.40673828125
15,-0.2682926829268293,1.0637337254593149e-05,-1,5,5,1564.40673828125
16,-0.2195121951219512,2.603097709652502e-05,-1,5,5,1564.40673828125
17,-0.1707317073170731,1.31738433992723e-05,-1,5,5,1564.40673828125
18,-0.12195121951219512,2.777094232442323e-05,-1,5,5,1564.40673828125
19,-0.07317073170731703,1.4692139302496798e-05,-1,5,5,1564.40673828125
20,-0.024390243902439046,4.863004505750723e-05,-1,5,5,1564.40673828125
21,0.024390243902439046,2.816610322042834e-05,-1,5,5,1564.40673828125
22,0.07317073170731714,7.837454904802144e-05,-1,5,5,1564.40673828125
23,0.12195121951219523,6.900323933223262e-05,-1,5,5,1564.40673828125
24,0.17073170731707332,0.0004709338245447725,-1,5,5,1564.40673828125
25,0.2195121951219512,7.130520680220798e-05,-1,5,5,1564.40673828125
26,0.2682926829268293,5.737524406868033e-05,-1,5,5,1564.40673828125
27,0.3170731707317074,0.00019903595966752619,-1,5,5,1564.40673828125
28,0.36585365853658547,0.0008162682061083615,-1,5,5,1564.40673828125
29,0.41463414634146356,0.0006309141754172742,-1,5,5,1564.40673828125
30,0.46341463414634143,0.030446965247392654,-1,5,5,1564.40673828125
31,0.5121951219512195,1.570008862472605e-05,-1,5,5,1564.40673828125
32,0.5609756097560976,0.0004097518976777792,-1,5,5,1564.40673828125
33,0.6097560975609757,6.0407746786950156e-05,-1,5,5,1564.40673828125
34,0.6585365853658538,3.711741010192782e-05,-1,5,5,1564.40673828125
35,0.7073170731707317,2.8439466404961422e-05,-1,5,5,1564.40673828125
36,0.7560975609756098,0.00011729604011634365,-1,5,5,1564.40673828125
37,0.8048780487804879,0.00047966858255676925,-1,5,5,1564.40673828125
38,0.853658536585366,0.00029192384681664407,-1,5,5,1564.40673828125
39,0.902439024390244,7.458010600203124e-07,-1,5,5,1564.40673828125
40,0.9512195121951219,0.00012348295422270894,-1,5,5,1564.40673828125
41,1.0,5.3793271945323795e-05,-1,5,5,1564.40673828125
0,-1.0,0.0,-1,6,5,1564.40673828125
1,-0.9512195121951219,1.9556894415018178e-07,-1,6,5,1564.40673828125
2,-0.9024390243902439,1.313936248692471e-08,-1,6,5,1564.40673828125
3,-0.8536585365853658,1.5444774348338797e-08,-1,6,5,1564.40673828125
4,-0.8048780487804879,2.004939915423165e-06,-1,6,5,1564.40673828125
5,-0.7560975609756098,7.468532885468449e-07,-1,6,5,1564.40673828125
6,-0.7073170731707317,4.640169663616689e-06,-1,6,5,1564.40673828125
7,-0.6585365853658536,7.648558494111057e-06,-1,6,5,1564.40673828125
8,-0.6097560975609756,9.543379746901337e-06,-1,6,5,1564.40673828125
9,-0.5609756097560976,1.1122721844003536e-05,-1,6,5,1564.40673828125
10,-0.5121951219512195,2.568924901424907e-05,-1,6,5,1564.40673828125
11,-0.46341463414634143,1.6697121054676245e-06,-1,6,5,1564.40673828125
12,-0.41463414634146334,1.7497694670964847e-06,-1,6,5,1564.40673828125
13,-0.36585365853658536,4.323393113736529e-06,-1,6,5,1564.40673828125
14,-0.31707317073170727,1.5777626458657323e-06,-1,6,5,1564.40673828125
15,-0.2682926829268293,3.388397772141616e-06,-1,6,5,1564.40673828125
16,-0.2195121951219512,9.35691423364915e-06,-1,6,5,1564.40673828125
17,-0.1707317073170731,5.748694093199447e-06,-1,6,5,1564.40673828125
18,-0.12195121951219512,0.006498032249510288,-1,6,5,1564.40673828125
19,-0.07317073170731703,3.648733763839118e-05,-1,6,5,1564.40673828125
20,-0.024390243902439046,4.659664409700781e-05,-1,6,5,1564.40673828125
21,0.024390243902439046,3.3591099054319784e-05,-1,6,5,1564.40673828125
22,0.07317073170731714,3.64136285497807e-05,-1,6,5,1564.40673828125
23,0.12195121951219523,4.019583457193221e-07,-1,6,5,1564.40673828125
24,0.17073170731707332,3.212105639249785e-06,-1,6,5,1564.40673828125
25,0.2195121951219512,3.5638851159092155e-07,-1,6,5,1564.40673828125
26,0.2682926829268293,2.19646722143807e-06,-1,6,5,1564.40673828125
27,0.3170731707317074,6.077741545595927e-07,-1,6,5,1564.40673828125
28,0.36585365853658547,8.376591722480953e-07,-1,6,5,1564.40673828125
29,0.41463414634146356,3.7082332937643514e-07,-1,6,5,1564.40673828125
30,0.46341463414634143,1.486015480622882e-05,-1,6,5,1564.40673828125
31,0.5121951219512195,3.5213665228184254e-07,-1,6,5,1564.40673828125
32,0.5609756097560976,9.107641290029278e-07,-1,6,5,1564.40673828125
33,0.6097560975609757,2.2080062080931384e-06,-1,6,5,1564.40673828125
34,0.6585365853658538,7.571845230813778e-07,-1,6,5,1564.40673828125
35,0.7073170731707317,2.3402053557219915e-06,-1,6,5,1564.40673828125
36,0.7560975609756098,0.0,-1,6,5,1564.40673828125
37,0.8048780487804879,0.0,-1,6,5,1564.40673828125
38,0.853658536585366,0.0,-1,6,5,1564.40673828125
39,0.902439024390244,0.0,-1,6,5,1564.40673828125
40,0.9512195121951219,0.0,-1,6,5,1564.40673828125
41,1.0,0.0,-1,6,5,1564.40673828125
0,-1.0,8.012553735170513e-06,-1,7,5,1564.40673828125
1,-0.9512195121951219,3.0786909519520123e-06,-1,7,5,1564.40673828125
2,-0.9024390243902439,1.054174163073185e-06,-1,7,5,1564.40673828125
3,-0.8536585365853658,3.8839365856802033e-07,-1,7,5,1564.40673828125
4,-0.8048780487804879,3.146507197016035e-06,-1,7,5,1564.40673828125
5,-0.7560975609756098,1.7873978777060984e-06,-1,7,5,1564.40673828125
6,-0.7073170731707317,5.135438186698593e-05,-1,7,5,1564.40673828125
7,-0.6585365853658536,3.2827842915139627e-06,-1,7,5,1564.40673828125
8,-0.6097560975609756,4.562747199088335e-05,-1,7,5,1564.40673828125
9,-0.5609756097560976,0.0001742128370096907,-1,7,5,1564.40673828125
10,-0.5121951219512195,8.166294719558209e-05,-1,7,5,1564.40673828125
11,-0.46341463414634143,0.0007163580739870667,-1,7,5,1564.40673828125
12,-0.41463414634146334,8.580028224969283e-05,-1,7,5,1564.40673828125
13,-0.36585365853658536,2.2327520127873868e-05,-1,7,5,1564.40673828125
14,-0.31707317073170727,9.998208270189934e-07,-1,7,5,1564.40673828125
15,-0.2682926829268293,8.008063332454185e-07,-1,7,5,1564.40673828125
16,-0.2195121951219512,1.2425088016243535e-06,-1,7,5,1564.40673828125
17,-0.1707317073170731,1.2944507943757344e-05,-1,7,5,1564.40673828125
18,-0.12195121951219512,3.6996693779656198e-06,-1,7,5,1564.40673828125
19,-0.07317073170731703,3.032452923434903e-06,-1,7,5,1564.40673828125
20,-0.024390243902439046,3.2530447242606897e-06,-1,7,5,1564.40673828125
21,0.024390243902439046,1.1273118616372813e-06,-1,7,5,1564.40673828125
22,0.07317073170731714,3.7351705373112054e-07,-1,7,5,1564.40673828125
23,0.12195121951219523,1.3273186993956188e-07,-1,7,5,1564.40673828125
24,0.17073170731707332,4.528982060492126e-07,-1,7,5,1564.40673828125
25,0.2195121951219512,4.460472098344326e-07,-1,7,5,1564.40673828125
26,0.2682926829268293,0.0,-1,7,5,1564.40673828125
27,0.3170731707317074,0.0,-1,7,5,1564.40673828125
28,0.36585365853658547,0.0,-1,7,5,1564.40673828125
29,0.41463414634146356,0.0,-1,7,5,1564.40673828125
30,0.46341463414634143,0.0,-1,7,5,1564.40673828125
31,0.5121951219512195,0.0,-1,7,5,1564.40673828125
32,0.5609756097560976,0.0,-1,7,5,1564.40673828125
33,0.6097560975609757,0.0,-1,7,5,1564.40673828125
34,0.6585365853658538,0.0,-1,7,5,1564.40673828125
35,0.7073170731707317,0.0,-1,7,5,1564.40673828125
36,0.7560975609756098,0.0,-1,7,5,1564.40673828125
37,0.8048780487804879,0.0,-1,7,5,1564.40673828125
38,0.853658536585366,0.0,-1,7,5,1564.40673828125
39,0.902439024390244,0.0,-1,7,5,1564.40673828125
40,0.9512195121951219,0.0,-1,7,5,1564.40673828125
41,1.0,0.0,-1,7,5,1564.40673828125
0,-1.0,8.486813385388814e-06,-1,8,5,1564.40673828125
1,-0.9512195121951219,1.6536092516616918e-05,-1,8,5,1564.40673828125
2,-0.9024390243902439,4.307538347347872e-06,-1,8,5,1564.40673828125
3,-0.8536585365853658,6.166096864035353e-05,-1,8,5,1564.40673828125
4,-0.8048780487804879,2.7135154596180655e-05,-1,8,5,1564.40673828125
5,-0.7560975609756098,0.00025756985996849835,-1,8,5,1564.40673828125
6,-0.7073170731707317,0.019118091091513634,-1,8,5,1564.40673828125
7,-0.6585365853658536,7.356284186244011e-05,-1,8,5,1564.40673828125
8,-0.6097560975609756,9.6837044111453e-05,-1,8,5,1564.40673828125
9,-0.5609756097560976,1.9040689949179068e-05,-1,8,5,1564.40673828125
10,-0.5121951219512195,1.19873484436539e-05,-1,8,5,1564.40673828125
11,-0.46341463414634143,2.44145098804438e-06,-1,8,5,1564.40673828125
12,-0.41463414634146334,3.833548817055998e-06,-1,8,5,1564.40673828125
13,-0.36585365853658536,3.1869858503341675e-06,-1,8,5,1564.40673828125
14,-0.31707317073170727,7.288627301704764e-08,-1,8,5,1564.40673828125
15,-0.2682926829268293,3.5627017496153712e-06,-1,8,5,1564.40673828125
16,-0.2195121951219512,3.653061071418051e-07,-1,8,5,1564.40673828125
17,-0.1707317073170731,3.484115040919278e-07,-1,8,5,1564.40673828125
18,-0.12195121951219512,5.864870900040842e-07,-1,8,5,1564.40673828125
19,-0.07317073170731703,1.6612729041298735e-06,-1,8,5,1564.40673828125
20,-0.024390243902439046,0.0,-1,8,5,1564.40673828125
21,0.024390243902439046,0.0,-1,8,5,1564.40673828125
22,0.07317073170731714,0.0,-1,8,5,1564.40673828125
23,0.12195121951219523,0.0,-1,8,5,1564.40673828125
24,0.17073170731707332,0.0,-1,8,5,1564.40673828125
25,0.2195121951219512,0.0,-1,8,5,1564.40673828125
26,0.2682926829268293,0.0,-1,8,5,1564.40673828125
27,0.3170731707317074,0.0,-1,8,5,1564.40673828125
28,0.36585365853658547,0.0,-1,8,5,1564.40673828125
29,0.41463414634146356,0.0,-1,8,5,1564.40673828125
30,0.46341463414634143,0.0,-1,8,5,1564.40673828125
31,0.5121951219512195,0.0,-1,8,5,1564.40673828125
32,0.5609756097560976,0.0,-1,8,5,1564.40673828125
33,0.6097560975609757,0.0,-1,8,5,1564.40673828125
34,0.6585365853658538,0.0,-1,8,5,1564.40673828125
35,0.7073170731707317,0.0,-1,8,5,1564.40673828125
36,0.7560975609756098,0.0,-1,8,5,1564.40673828125
37,0.8048780487804879,0.0,-1,8,5,1564.40673828125
38,0.853658536585366,0.0,-1,8,5,1564.40673828125
39,0.902439024390244,0.0,-1,8,5,1564.40673828125
40,0.9512195121951219,0.0,-1,8,5,1564.40673828125
41,1.0,0.0,-1,8,5,1564.40673828125
0,-1.0,4.0549343793827575e-06,-1,9,5,1564.40673828125
1,-0.9512195121951219,8.678806011630513e-07,-1,9,5,1564.40673828125
2,-0.9024390243902439,7.41534458938986e-05,-1,9,5,1564.40673828125
3,-0.8536585365853658,0.0011789693962782621,-1,9,5,1564.40673828125
4,-0.8048780487804879,0.0001395514264004305,-1,9,5,1564.40673828125
5,-0.7560975609756098,3.0192672056728043e-05,-1,9,5,1564.40673828125
6,-0.7073170731707317,0.00012948381481692195,-1,9,5,1564.40673828125
7,-0.6585365853658536,4.935785455018049e-06,-1,9,5,1564.40673828125
8,-0.6097560975609756,3.3431101655878592e-06,-1,9,5,1564.40673828125
9,-0.5609756097560976,4.804556283488637e-06,-1,9,5,1564.40673828125
10,-0.5121951219512195,2.574052587078768e-06,-1,9,5,1564.40673828125
11,-0.46341463414634143,1.4511113022308564e-06,-1,9,5,1564.40673828125
12,-0.41463414634146334,1.5034790123991115e-07,-1,9,5,1564.40673828125
13,-0.36585365853658536,1.2902035884110319e-08,-1,9,5,1564.40673828125
14,-0.31707317073170727,4.143637113429577e-07,-1,9,5,1564.40673828125
15,-0.2682926829268293,0.0,-1,9,5,1564.40673828125
16,-0.2195121951219512,0.0,-1,9,5,1564.40673828125
17,-0.1707317073170731,0.0,-1,9,5,1564.40673828125
18,-0.12195121951219512,0.0,-1,9,5,1564.40673828125
19,-0.07317073170731703,0.0,-1,9,5,1564.40673828125
20,-0.024390243902439046,0.0,-1,9,5,1564.40673828125
21,0.024390243902439046,0.0,-1,9,5,1564.40673828125
22,0.07317073170731714,0.0,-1,9,5,1564.40673828125
23,0.12195121951219523,0.0,-1,9,5,1564.40673828125
24,0.17073170731707332,0.0,-1,9,5,1564.40673828125
25,0.2195121951219512,0.0,-1,9,5,1564.40673828125
26,0.2682926829268293,0.0,-1,9,5,1564.40673828125
27,0.3170731707317074,0.0,-1,9,5,1564.40673828125
28,0.36585365853658547,0.0,-1,9,5,1564.40673828125
29,0.41463414634146356,0.0,-1,9,5,1564.40673828125
30,0.46341463414634143,0.0,-1,9,5,1564.40673828125
31,0.5121951219512195,0.0,-1,9,5,1564.40673828125
32,0.5609756097560976,0.0,-1,9,5,1564.40673828125
33,0.6097560975609757,0.0,-1,9,5,1564.40673828125
34,0.6585365853658538,0.0,-1,9,5,1564.40673828125
35,0.7073170731707317,0.0,-1,9,5,1564.40673828125
36,0.7560975609756098,0.0,-1,9,5,1564.40673828125
37,0.8048780487804879,0.0,-1,9,5,1564.40673828125
38,0.853658536585366,0.0,-1,9,5,1564.40673828125
39,0.902439024390244,0.0,-1,9,5,1564.40673828125
40,0.9512195121951219,0.0,-1,9,5,1564.40673828125
41,1.0,0.0,-1,9,5,1564.40673828125
0,-1.0,0.0,-1,9,6,1564.40673828125
1,-0.9512195121951219,0.0,-1,9,6,1564.40673828125
2,-0.9024390243902439,0.0,-1,9,6,1564.40673828125
3,-0.8536585365853658,0.0,-1,9,6,1564.40673828125
4,-0.8048780487804879,0.0,-1,9,6,1564.40673828125
5,-0.7560975609756098,0.0,-1,9,6,1564.40673828125
6,-0.7073170731707317,0.0,-1,9,6,1564.40673828125
7,-0.6585365853658536,0.0,-1,9,6,1564.40673828125
8,-0.6097560975609756,0.0,-1,9,6,1564.40673828125
9,-0.5609756097560976,0.0,-1,9,6,1564.40673828125
10,-0.5121951219512195,0.0,-1,9,6,1564.40673828125
11,-0.46341463414634143,0.0,-1,9,6,1564.40673828125
12,-0.41463414634146334,0.0,-1,9,6,1564.40673828125
13,-0.36585365853658536,0.0,-1,9,6,1564.40673828125
14,-0.31707317073170727,0.0,-1,9,6,1564.40673828125
15,-0.2682926829268293,0.0,-1,9,6,1564.40673828125
16,-0.2195121951219512,0.0,-1,9,6,1564.40673828125
17,-0.1707317073170731,0.0,-1,9,6,1564.40673828125
18,-0.12195121951219512,0.0,-1,9,6,1564.40673828125
19,-0.07317073170731703,0.0,-1,9,6,1564.40673828125
20,-0.024390243902439046,0.0,-1,9,6,1564.40673828125
21,0.024390243902439046,0.0,-1,9,6,1564.40673828125
22,0.07317073170731714,0.0,-1,9,6,1564.40673828125
23,0.12195121951219523,0.0,-1,9,6,1564.40673828125
24,0.17073170731707332,0.0,-1,9,6,1564.40673828125
25,0.2195121951219512,4.075656647728465e-07,-1,9,6,1564.40673828125
26,0.2682926829268293,2.1244612469217827e-07,-1,9,6,1564.40673828125
27,0.3170731707317074,1.0990657983711571e-06,-1,9,6,1564.40673828125
28,0.36585365853658547,2.8150790853942453e-07,-1,9,6,1564.40673828125
29,0.41463414634146356,1.9491278635541676e-07,-1,9,6,1564.40673828125
30,0.46341463414634143,5.732856607210124e-07,-1,9,6,1564.40673828125
31,0.5121951219512195,1.3794586948279175e-06,-1,9,6,1564.40673828125
32,0.5609756097560976,1.4052643564355094e-06,-1,9,6,1564.40673828125
33,0.6097560975609757,4.7315966185124125e-06,-1,9,6,1564.40673828125
34,0.6585365853658538,2.186981691920664e-05,-1,9,6,1564.40673828125
35,0.7073170731707317,3.81919635401573e-05,-1,9,6,1564.40673828125
36,0.7560975609756098,2.881136788346339e-05,-1,9,6,1564.40673828125
37,0.8048780487804879,3.3995772810158087e-06,-1,9,6,1564.40673828125
38,0.853658536585366,3.2296568406309234e-06,-1,9,6,1564.40673828125
39,0.902439024390244,2.1045791527285473e-06,-1,9,6,1564.40673828125
40,0.9512195121951219,2.344467020520824e-07,-1,9,6,1564.40673828125
41,1.0,9.127419957621896e-07,-1,9,6,1564.40673828125
0,-1.0,0.0,0,-9,-5,1564.40673828125
1,-0.9512195121951219,0.0,0,-9,-5,1564.40673828125
2,-0.9024390243902439,0.0,0,-9,-5,1564.40673828125
3,-0.8536585365853658,0.0,0,-9,-5,1564.40673828125
4,-0.8048780487804879,0.0,0,-9,-5,1564.40673828125
5,-0.7560975609756098,0.0,0,-9,-5,1564.40673828125
6,-0.7073170731707317,0.0,0,-9,-5,1564.40673828125
7,-0.6585365853658536,0.0,0,-9,-5,1564.40673828125
8,-0.6097560975609756,0.0,0,-9,-5,1564.40673828125
9,-0.5609756097560976,0.0,0,-9,-5,1564.40673828125
10,-0.5121951219512195,0.0,0,-9,-5,1564.40673828125
11,-0.46341463414634143,0.0,0,-9,-5,1564.40673828125
12,-0.41463414634146334,0.0,0,-9,-5,1564.40673828125
13,-0.36585365853658536,0.0,0,-9,-5,1564.40673828125
14,-0.31707317073170727,0.0,0,-9,-5,1564.40673828125
15,-0.2682926829268293,0.0,0,-9,-5,1564.40673828125
16,-0.2195121951219512,0.0,0,-9,-5,1564.40673828125
17,-0.1707317073170731,0.0,0,-9,-5,1564.40673828125
18,-0.12195121951219512,0.0,0,-9,-5,1564.40673828125
19,-0.07317073170731703,0.0,0,-9,-5,1564.40673828125
20,-0.024390243902439046,0.0,0,-9,-5,1564.40673828125
21,0.024390243902439046,0.0,0,-9,-5,1564.40673828125
22,0.07317073170731714,0.0,0,-9,-5,1564.40673828125
23,0.12195121951219523,0.0,0,-9,-5,1564.40673828125
24,0.17073170731707332,0.0,0,-9,-5,1564.40673828125
25,0.2195121951219512,9.453295923833593e-09,0,-9,-5,1564.40673828125
26,0.2682926829268293,3.241552235522249e-07,0,-9,-5,1564.40673828125
27,0.3170731707317074,2.800454979023925e-07,0,-9,-5,1564.40673828125
28,0.36585365853658547,2.0852769466728205e-07,0,-9,-5,1564.40673828125
29,0.41463414634146356,2.2481098937987554e-07,0,-9,-5,1564.40673828125
30,0.46341463414634143,1.6787600998213748e-07,0,-9,-5,1564.40673828125
31,0.5121951219512195,1.8173861917603062e-06,0,-9,-5,1564.40673828125
32,0.5609756097560976,4.571571480482817e-06,0,-9,-5,1564.40673828125
33,0.6097560975609757,4.4616062950808555e-06,0,-9,-5,1564.40673828125
34,0.6585365853658538,0.00016684975707903504,0,-9,-5,1564.40673828125
35,0.7073170731707317,7.863151040510274e-06,0,-9,-5,1564.40673828125
36,0.7560975609756098,0.00011748271936085075,0,-9,-5,1564.40673828125
37,0.8048780487804879,1.2155837794125546e-06,0,-9,-5,1564.40673828125
38,0.853658536585366,6.337956165225478e-06,0,-9,-5,1564.40673828125
39,0.902439024390244,2.205975033575669e-05,0,-9,-5,1564.40673828125
40,0.9512195121951219,1.8255068425787613e-06,0,-9,-5,1564.40673828125
41,1.0,1.2665519477650378e-07,0,-9,-5,1564.40673828125
0,-1.0,1.3934442222307553e-06,0,-9,-4,1564.40673828125
1,-0.9512195121951219,1.2942310831931536e-06,0,-9,-4,1564.40673828125
2,-0.9024390243902439,2.4770395512518917e-08,0,-9,-4,1564.40673828125
3,-0.8536585365853658,2.0754566776304273e-06,0,-9,-4,1564.40673828125
4,-0.8048780487804879,1.777872421371285e-05,0,-9,-4,1564.40673828125
5,-0.7560975609756098,4.315347723604646e-06,0,-9,-4,1564.40673828125
6,-0.7073170731707317,3.3870551305881236e-06,0,-9,-4,1564.40673828125
7,-0.6585365853658536,1.1341650861140806e-05,0,-9,-4,1564.40673828125
8,-0.6097560975609756,4.079498830833472e-05,0,-9,-4,1564.40673828125
9,-0.5609756097560976,0.0004706925537902862,0,-9,-4,1564.40673828125
10,-0.5121951219512195,7.74875734350644e-05,0,-9,-4,1564.40673828125
11,-0.46341463414634143,4.634288779925555e-05,0,-9,-4,1564.40673828125
12,-0.41463414634146334,0.00015467079356312752,0,-9,-4,1564.40673828125
13,-0.36585365853658536,1.333919499302283e-05,0,-9,-4,1564.40673828125
14,-0.31707317073170727,1.3672112800122704e-05,0,-9,-4,1564.40673828125
15,-0.2682926829268293,4.122257905692095e-06,0,-9,-4,1564.40673828125
16,-0.2195121951219512,4.072933734278195e-06,0,-9,-4,1564.40673828125
17,-0.1707317073170731,5.638553375320043e-06,0,-9,-4,1564.40673828125
18,-0.12195121951219512,1.1548420388862723e-06,0,-9,-4,1564.40673828125
19,-0.07317073170731703,3.3144726785394596e-07,0,-9,-4,1564.40673828125
20,-0.024390243902439046,1.4703198303323006e-06,0,-9,-4,1564.40673828125
21,0.024390243902439046,0.0,0,-9,-4,1564.40673828125
22,0.07317073170731714,0.0,0,-9,-4,1564.40673828125
23,0.12195121951219523,0.0,0,-9,-4,1564.40673828125
24,0.17073170731707332,0.0,0,-9,-4,1564.40673828125
25,0.2195121951219512,0.0,0,-9,-4,1564.40673828125
26,0.2682926829268293,0.0,0,-9,-4,1564.40673828125
27,0.3170731707317074,0.0,0,-9,-4,1564.40673828125
28,0.36585365853658547,0.0,0,-9,-4,1564.40673828125
29,0.41463414634146356,0.0,0,-9,-4,1564.40673828125
30,0.46341463414634143,0.0,0,-9,-4,1564.40673828125
31,0.5121951219512195,0.0,0,-9,-4,1564.40673828125
32,0.5609756097560976,0.0,0,-9,-4,1564.40673828125
33,0.6097560975609757,0.0,0,-9,-4,1564.40673828125
34,0.6585365853658538,0.0,0,-9,-4,1564.40673828125
35,0.7073170731707317,0.0,0,-9,-4,1564.40673828125
36,0.7560975609756098,0.0,0,-9,-4,1564.40673828125
37,0.8048780487804879,0.0,0,-9,-4,1564.40673828125
38,0.853658536585366,0.0,0,-9,-4,1564.40673828125
39,0.902439024390244,0.0,0,-9,-4,1564.40673828125
40,0.9512195121951219,0.0,0,-9,-4,1564.40673828125
41,1.0,0.0,0,-9,-4,1564.40673828125
0,-1.0,0.0,0,-8,-4,1564.40673828125
1,-0.9512195121951219,0.0,0,-8,-4,1564.40673828125
2,-0.9024390243902439,0.0,0,-8,-4,1564.40673828125
3,-0.8536585365853658,0.0,0,-8,-4,1564.40673828125
4,-0.8048780487804879,0.0,0,-8,-4,1564.40673828125
5,-0.7560975609756098,0.0,0,-8,-4,1564.40673828125
6,-0.7073170731707317,0.0,0,-8,-4,1564.40673828125
7,-0.6585365853658536,0.0,0,-8,-4,1564.40673828125
8,-0.6097560975609756,0.0,0,-8,-4,1564.40673828125
9,-0.5609756097560976,0.0,0,-8,-4,1564.40673828125
10,-0.5121951219512195,0.0,0,-8,-4,1564.40673828125
11,-0.46341463414634143,0.0,0,-8,-4,1564.40673828125
12,-0.41463414634146334,0.0,0,-8,-4,1564.40673828125
13,-0.36585365853658536,0.0,0,-8,-4,1564.40673828125
14,-0.31707317073170727,0.0,0,-8,-4,1564.40673828125
15,-0.2682926829268293,2.931507196990424e-06,0,-8,-4,1564.40673828125
16,-0.2195121951219512,3.506257826302317e-06,0,-8,-4,1564.40673828125
17,-0.1707317073170731,4.890792752121342e-06,0,-8,-4,1564.40673828125
18,-0.12195121951219512,3.475051016721409e-06,0,-8,-4,1564.40673828125
19,-0.07317073170731703,8.960760169429705e-06,0,-8,-4,1564.40673828125
20,-0.024390243902439046,1.5892751434876118e-06,0,-8,-4,1564.40673828125
21,0.024390243902439046,2.0513780327746645e-06,0,-8,-4,1564.40673828125
22,0.07317073170731714,8.615824299340602e-06,0,-8,-4,1564.40673828125
23,0.12195121951219523,7.171440756792435e-07,0,-8,-4,1564.40673828125
24,0.17073170731707332,4.587034345604479e-05,0,-8,-4,1564.40673828125
25,0.2195121951219512,3.080556052736938e-05,0,-8,-4,1564.40673828125
26,0.2682926829268293,0.00048710964620113373,0,-8,-4,1564.40673828125
27,0.3170731707317074,3.293962436146103e-05,0,-8,-4,1564.40673828125
28,0.36585365853658547,0.00018968721269629896,0,-8,-4,1564.40673828125
29,0.41463414634146356,9.260165825253353e-06,0,-8,-4,1564.40673828125
30,0.46341463414634143,1.069644440576667e-06,0,-8,-4,1564.40673828125
31,0.5121951219512195,3.573210778995417e-05,0,-8,-4,1564.40673828125
32,0.5609756097560976,4.4686409239602654e-08,0,-8,-4,1564.40673828125
33,0.6097560975609757,2.6641750991984736e-06,0,-8,-4,1564.40673828125
34,0.6585365853658538,1.3467896678776015e-05,0,-8,-4,1564.40673828125
35,0.7073170731707317,4.439725671545602e-06,0,-8,-4,1564.40673828125
36,0.7560975609756098,2.6013351543952012e-06,0,-8,-4,1564.40673828125
37,0.8048780487804879,6.153859430924058e-06,0,-8,-4,1564.40673828125
38,0.853658536585366,1.6872588730620919e-06,0,-8,-4,1564.40673828125
39,0.902439024390244,0.0,0,-8,-4,1564.40673828125
40,0.9512195121951219,0.0,0,-8,-4,1564.40673828125
41,1.0,0.0,0,-8,-4,1564.40673828125
0,-1.0,1.2835363349950057e-06,0,-7,-3,1564.40673828125
1,-0.9512195121951219,1.0519372750650291e-07,0,-7,-3,1564.40673828125
2,-0.9024390243902439,4.1067991674026416e-08,0,-7,-3,1564.40673828125
3,-0.8536585365853658,9.914182328429888e-07,0,-7,-3,1564.40673828125
4,-0.8048780487804879,6.186883638292784e-06,0,-7,-3,1564.40673828125
5,-0.7560975609756098,3.65251025868929e-07,0,-7,-3,1564.40673828125
6,-0.7073170731707317,3.5763885080086766e-06,0,-7,-3,1564.40673828125
7,-0.6585365853658536,1.3344764511202811e-06,0,-7,-3,1564.40673828125
8,-0.6097560975609756,1.4155522876535542e-05,0,-7,-3,1564.40673828125
9,-0.5609756097560976,2.9835902751074173e-05,0,-7,-3,1564.40673828125
10,-0.5121951219512195,4.0538212488172576e-05,0,-7,-3,1564.40673828125
11,-0.46341463414634143,6.3187864725478e-05,0,-7,-3,1564.40673828125
12,-0.41463414634146334,0.00044363661436364055,0,-7,-3,1564.40673828125
13,-0.36585365853658536,0.0017191144870594144,0,-7,-3,1564.40673828125
14,-0.31707317073170727,0.0012714761542156339,0,-7,-3,1564.40673828125
15,-0.2682926829268293,4.7917288611643016e-05,0,-7,-3,1564.40673828125
16,-0.2195121951219512,4.095961685379734e-06,0,-7,-3,1564.40673828125
17,-0.1707317073170731,4.0627156749906135e-08,0,-7,-3,1564.40673828125
18,-0.12195121951219512,5.4371416808862705e-06,0,-7,-3,1564.40673828125
19,-0.07317073170731703,1.7492974393462646e-06,0,-7,-3,1564.40673828125
20,-0.024390243902439046,9.294753544963896e-05,0,-7,-3,1564.40673828125
21,0.024390243902439046,6.209520506672561e-06,0,-7,-3,1564.40673828125
22,0.07317073170731714,5.682733444700716e-06,0,-7,-3,1564.40673828125
23,0.12195121951219523,5.338506525731646e-07,0,-7,-3,1564.40673828125
24,0.17073170731707332,7.349026986958052e-07,0,-7,-3,1564.40673828125
25,0.2195121951219512,5.837089815940999e-07,0,-7,-3,1564.40673828125
26,0.2682926829268293,4.612823545357969e-08,0,-7,-3,1564.40673828125
27,0.3170731707317074,2.604955966489797e-07,0,-7,-3,1564.40673828125
28,0.36585365853658547,0.0,0,-7,-3,1564.40673828125
29,0.41463414634146356,0.0,0,-7,-3,1564.40673828125
30,0.46341463414634143,0.0,0,-7,-3,1564.40673828125
31,0.5121951219512195,0.0,0,-7,-3,1564.40673828125
32,0.5609756097560976,0.0,0,-7,-3,1564.40673828125
33,0.6097560975609757,0.0,0,-7,-3,1564.40673828125
34,0.6585365853658538,0.0,0,-7,-3,1564.40673828125
35,0.7073170731707317,0.0,0,-7,-3,1564.40673828125
36,0.7560975609756098,0.0,0,-7,-3,1564.40673828125
37,0.8048780487804879,0.0,0,-7,-3,1564.40673828125
38,0.853658536585366,0.0,0,-7,-3,1564.40673828125
39,0.902439024390244,0.0,0,-7,-3,1564.40673828125
40,0.9512195121951219,0.0,0,-7,-3,1564.40673828125
41,1.0,0.0,0,-7,-3,1564.40673828125
0,-1.0,0.0,0,-6,-3,1564.40673828125
1,-0.9512195121951219,0.0,0,-6,-3,1564.40673828125
2,-0.9024390243902439,0.0,0,-6,-3,1564.40673828125
3,-0.8536585365853658,0.0,0,-6,-3,1564.40673828125
4,-0.8048780487804879,0.0,0,-6,-3,1564.40673828125
5,-0.7560975609756098,0.0,0,-6,-3,1564.40673828125
6,-0.7073170731707317,0.0,0,-6,-3,1564.40673828125
7,-0.6585365853658536,0.0,0,-6,-3,1564.40673828125
8,-0.6097560975609756,0.0,0,-6,-3,1564.40673828125
9,-0.5609756097560976,0.0,0,-6,-3,1564.40673828125
10,-0.5121951219512195,0.0,0,-6,-3,1564.40673828125
11,-0.46341463414634143,0.0,0,-6,-3,1564.40673828125
12,-0.41463414634146334,0.0,0,-6,-3,1564.40673828125
13,-0.36585365853658536,0.0,0,-6,-3,1564.40673828125
14,-0.31707317073170727,0.0,0,-6,-3,1564.40673828125
15,-0.2682926829268293,0.0,0,-6,-3,1564.40673828125
16,-0.2195121951219512,0.0,0,-6,-3,1564.40673828125
17,-0.1707317073170731,0.0,0,-6,-3,1564.40673828125
18,-0.12195121951219512,5.467153414429049e-07,0,-6,-3,1564.40673828125
19,-0.07317073170731703,3.5699131331057288e-06,0,-6,-3,1564.40673828125
20,-0.024390243902439046,6.60589694234659e-06,0,-6,-3,1564.40673828125
21,0.024390243902439046,1.7768286852515303e-05,0,-6,-3,1564.40673828125
22,0.07317073170731714,1.9614939446910284e-05,0,-6,-3,1564.40673828125
23,0.12195121951219523,2.8868349545518868e-05,0,-6,-3,1564.40673828125
24,0.17073170731707332,4.298827479942702e-05,0,-6,-3,1564.40673828125
25,0.2195121951219512,4.545545743894763e-05,0,-6,-3,1564.40673828125
26,0.2682926829268293,2.0230230802553706e-05,0,-6,-3,1564.40673828125
27,0.3170731707317074,7.225267381727463e-06,0,-6,-3,1564.40673828125
28,0.36585365853658547,6.34162404367089e-07,0,-6,-3,1564.40673828125
29,0.41463414634146356,4.763111974170897e-06,0,-6,-3,1564.40673828125
30,0.46341463414634143,7.242572610266507e-05,0,-6,-3,1564.40673828125
31,0.5121951219512195,1.6472686183988117e-05,0,-6,-3,1564.40673828125
32,0.5609756097560976,0.000302670436212793,0,-6,-3,1564.40673828125
33,0.6097560975609757,0.0013851410476490855,0,-6,-3,1564.40673828125
34,0.6585365853658538,0.10873927175998688,0,-6,-3,1564.40673828125
35,0.7073170731707317,0.004518875386565924,0,-6,-3,1564.40673828125
36,0.7560975609756098,0.0010470703709870577,0,-6,-3,1564.40673828125
37,0.8048780487804879,0.0009012605878524482,0,-6,-3,1564.40673828125
38,0.853658536585366,0.0002740270283538848,0,-6,-3,1564.40673828125
39,0.902439024390244,7.193221972556785e-05,0,-6,-3,1564.40673828125
40,0.9512195121951219,2.2063471988076344e-05,0,-6,-3,1564.40673828125
41,1.0,4.6514443965861574e-05,0,-6,-3,1564.40673828125
0,-1.0,8.473871275782585e-06,0,-5,-2,1564.40673828125
1,-0.9512195121951219,1.7150273379229475e-07,0,-5,-2,1564.40673828125
2,-0.9024390243902439,9.35414391278755e-06,0,-5,-2,1564.40673828125
3,-0.8536585365853658,4.50641846327926e-06,0,-5,-2,1564.40673828125
4,-0.8048780487804879,4.249639459885657e-05,0,-5,-2,1564.40673828125
5,-0.7560975609756098,4.979534060112201e-05,0,-5,-2,1564.40673828125
6,-0.7073170731707317,2.428206016702461e-06,0,-5,-2,1564.40673828125
7,-0.6585365853658536,0.00010911050776485354,0,-5,-2,1564.40673828125
8,-0.6097560975609756,4.3609714339254424e-05,0,-5,-2,1564.40673828125
9,-0.5609756097560976,6.296428182395175e-05,0,-5,-2,1564.40673828125
10,-0.5121951219512195,0.00011471409379737452,0,-5,-2,1564.40673828125
11,-0.46341463414634143,0.00026050012093037367,0,-5,-2,1564.40673828125
12,-0.41463414634146334,9.189957199851051e-05,0,-5,-2,1564.40673828125
13,-0.36585365853658536,0.0058656311593949795,0,-5,-2,1564.40673828125
14,-0.31707317073170727,0.012276461347937584,0,-5,-2,1564.40673828125
15,-0.2682926829268293,0.0003826093452516943,0,-5,-2,1564.40673828125
16,-0.2195121951219512,2.5329634809168056e-05,0,-5,-2,1564.40673828125
17,-0.1707317073170731,1.0162378202949185e-05,0,-5,-2,1564.40673828125
18,-0.12195121951219512,9.176068851957098e-05,0,-5,-2,1564.40673828125
19,-0.07317073170731703,4.3336240196367726e-05,0,-5,-2,1564.40673828125
20,-0.024390243902439046,1.553488982608542e-05,0,-5,-2,1564.40673828125
21,0.024390243902439046,1.7904728792927926e-06,0,-5,-2,1564.40673828125
22,0.07317073170731714,2.6112349587492645e-05,0,-5,-2,1564.40673828125
23,0.12195121951219523,4.26539509135182e-06,0,-5,-2,1564.40673828125
24,0.17073170731707332,6.428804226743523e-06,0,-5,-2,1564.40673828125
25,0.2195121951219512,2.4642424250487238e-05,0,-5,-2,1564.40673828125
26,0.2682926829268293,3.42079256370198e-05,0,-5,-2,1564.40673828125
27,0.3170731707317074,0.00010516404290683568,0,-5,-2,1564.40673828125
28,0.36585365853658547,9.241647785529494e-05,0,-5,-2,1564.40673828125
29,0.41463414634146356,1.3135401388808532e-07,0,-5,-2,1564.40673828125
30,0.46341463414634143,1.2539852605186752e-06,0,-5,-2,1564.40673828125
31,0.5121951219512195,1.6901862181839533e-05,0,-5,-2,1564.40673828125
32,0.5609756097560976,8.925680390348134e-07,0,-5,-2,1564.40673828125
33,0.6097560975609757,1.6525335695405374e-06,0,-5,-2,1564.40673828125
34,0.6585365853658538,0.0,0,-5,-2,1564.40673828125
35,0.7073170731707317,0.0,0,-5,-2,1564.40673828125
36,0.7560975609756098,0.0,0,-5,-2,1564.40673828125
37,0.8048780487804879,0.0,0,-5,-2,1564.40673828125
38,0.853658536585366,0.0,0,-5,-2,1564.40673828125
39,0.902439024390244,0.0,0,-5,-2,1564.40673828125
40,0.9512195121951219,0.0,0,-5,-2,1564.40673828125
41,1.0,0.0,0,-5,-2,1564.40673828125
0,-1.0,0.00024997242144308984,0,-3,-1,1564.40673828125
1,-0.9512195121951219,0.003912767395377159,0,-3,-1,1564.40673828125
2,-0.9024390243902439,0.024250958114862442,0,-3,-1,1564.40673828125
3,-0.8536585365853658,0.03541268780827522,0,-3,-1,1564.40673828125
4,-0.8048780487804879,0.5801985859870911,0,-3,-1,1564.40673828125
5,-0.7560975609756098,0.053917862474918365,0,-3,-1,1564.40673828125
6,-0.7073170731707317,0.002517631510272622,0,-3,-1,1564.40673828125
7,-0.6585365853658536,0.0024712441954761744,0,-3,-1,1564.40673828125
8,-0.6097560975609756,0.006842377129942179,0,-3,-1,1564.40673828125
9,-0.5609756097560976,0.008590549230575562,0,-3,-1,1564.40673828125
10,-0.5121951219512195,0.006413428578525782,0,-3,-1,1564.40673828125
11,-0.46341463414634143,0.004084208980202675,0,-3,-1,1564.40673828125
12,-0.41463414634146334,0.001220473786816001,0,-3,-1,1564.40673828125
13,-0.36585365853658536,0.0022919918410480022,0,-3,-1,1564.40673828125
14,-0.31707317073170727,0.0031140418723225594,0,-3,-1,1564.40673828125
15,-0.2682926829268293,0.0026597671676427126,0,-3,-1,1564.40673828125
16,-0.2195121951219512,0.002741375472396612,0,-3,-1,1564.40673828125
17,-0.1707317073170731,0.0020350776612758636,0,-3,-1,1564.40673828125
18,-0.12195121951219512,0.0002752179862000048,0,-3,-1,1564.40673828125
19,-0.07317073170731703,6.765682337572798e-05,0,-3,-1,1564.40673828125
20,-0.024390243902439046,0.0002242494811071083,0,-3,-1,1564.40673828125
21,0.024390243902439046,0.00031296670204028487,0,-3,-1,1564.40673828125
22,0.07317073170731714,5.665391654474661e-05,0,-3,-1,1564.40673828125
23,0.12195121951219523,1.4157227269606665e-05,0,-3,-1,1564.40673828125
24,0.17073170731707332,3.224734973628074e-05,0,-3,-1,1564.40673828125
25,0.2195121951219512,0.00014033877232577652,0,-3,-1,1564.40673828125
26,0.2682926829268293,0.0005766658578068018,0,-3,-1,1564.40673828125
27,0.3170731707317074,0.0002748128608800471,0,-3,-1,1564.40673828125
28,0.36585365853658547,0.00044341114698909223,0,-3,-1,1564.40673828125
29,0.41463414634146356,0.0004649250186048448,0,-3,-1,1564.40673828125
30,0.46341463414634143,0.0005400273948907852,0,-3,-1,1564.40673828125
31,0.5121951219512195,0.0005089218611828983,0,-3,-1,1564.40673828125
32,0.5609756097560976,0.00026999705005437136,0,-3,-1,1564.40673828125
33,0.6097560975609757,0.0004043990629725158,0,-3,-1,1564.40673828125
34,0.6585365853658538,0.00035246898187324405,0,-3,-1,1564.40673828125
35,0.7073170731707317,0.00035985757131129503,0,-3,-1,1564.40673828125
36,0.7560975609756098,0.0003039851726498455,0,-3,-1,1564.40673828125
37,0.8048780487804879,0.0002501930866856128,0,-3,-1,1564.40673828125
38,0.853658536585366,0.0,0,-3,-1,1564.40673828125
39,0.902439024390244,0.0,0,-3,-1,1564.40673828125
40,0.9512195121951219,0.0,0,-3,-1,1564.40673828125
41,1.0,0.0,0,-3,-1,1564.40673828125
0,-1.0,3.4808723285095766e-05,0,3,1,1564.40673828125
1,-0.9512195121951219,0.0001328411599388346,0,3,1,1564.40673828125
2,-0.9024390243902439,0.00012334018538240343,0,3,1,1564.40673828125
3,-0.8536585365853658,0.00011515377264004201,0,3,1,1564.40673828125
4,-0.8048780487804879,0.00033320282818749547,0,3,1,1564.40673828125
5,-0.7560975609756098,0.0010273597436025739,0,3,1,1564.40673828125
6,-0.7073170731707317,0.0010525165125727654,0,3,1,1564.40673828125
7,-0.6585365853658536,0.001165263238362968,0,3,1,1564.40673828125
8,-0.6097560975609756,0.001135641592554748,0,3,1,1564.40673828125
9,-0.5609756097560976,0.001535265939310193,0,3,1,1564.40673828125
10,-0.5121951219512195,0.0009684733231551945,0,3,1,1564.40673828125
11,-0.46341463414634143,0.001578402821905911,0,3,1,1564.40673828125
12,-0.41463414634146334,0.00040566461393609643,0,3,1,1564.40673828125
13,-0.36585365853658536,0.00018108318909071386,0,3,1,1564.40673828125
14,-0.31707317073170727,7.303553866222501e-05,0,3,1,1564.40673828125
15,-0.2682926829268293,0.0001574847410665825,0,3,1,1564.40673828125
16,-0.2195121951219512,0.0005150217330083251,0,3,1,1564.40673828125
17,-0.1707317073170731,0.0017955760704353452,0,3,1,1564.40673828125
18,-0.12195121951219512,0.006059636361896992,0,3,1,1564.40673828125
19,-0.07317073170731703,7.187959272414446e-05,0,3,1,1564.40673828125
20,-0.024390243902439046,0.003314992878586054,0,3,1,1564.40673828125
21,0.024390243902439046,0.010648944415152073,0,3,1,1564.40673828125
22,0.07317073170731714,0.024409225210547447,0,3,1,1564.40673828125
23,0.12195121951219523,0.0488576665520668,0,3,1,1564.40673828125
24,0.17073170731707332,0.15507356822490692,0,3,1,1564.40673828125
25,0.2195121951219512,0.14716917276382446,0,3,1,1564.40673828125
26,0.2682926829268293,0.053752243518829346,0,3,1,1564.40673828125
27,0.3170731707317074,0.10087325423955917,0,3,1,1564.40673828125
28,0.36585365853658547,0.04687964916229248,0,3,1,1564.40673828125
29,0.41463414634146356,0.02873987704515457,0,3,1,1564.40673828125
30,0.46341463414634143,0.017675530165433884,0,3,1,1564.40673828125
31,0.5121951219512195,0.008638809435069561,0,3,1,1564.40673828125
32,0.5609756097560976,0.0035236773546785116,0,3,1,1564.40673828125
33,0.6097560975609757,0.002015716629102826,0,3,1,1564.40673828125
34,0.6585365853658538,0.0011323693906888366,0,3,1,1564.40673828125
35,0.7073170731707317,0.0009526781504973769,0,3,1,1564.40673828125
36,0.7560975609756098,0.00014395188190974295,0,3,1,1564.40673828125
37,0.8048780487804879,0.0005295067676343024,0,3,1,1564.40673828125
38,0.853658536585366,0.001077923341654241,0,3,1,1564.40673828125
39,0.902439024390244,0.0009466558112762868,0,3,1,1564.40673828125
40,0.9512195121951219,0.0009778763633221388,0,3,1,1564.40673828125
41,1.0,0.0009221206419169903,0,3,1,1564.40673828125
0,-1.0,1.6490990674356e-05,0,4,1,1564.40673828125
1,-0.9512195121951219,9.37444347073324e-05,0,4,1,1564.40673828125
2,-0.9024390243902439,0.00016981165390461683,0,4,1,1564.40673828125
3,-0.8536585365853658,0.00018916610861197114,0,4,1,1564.40673828125
4,-0.8048780487804879,0.0010009390534833074,0,4,1,1564.40673828125
5,-0.7560975609756098,0.006834075786173344,0,4,1,1564.40673828125
6,-0.7073170731707317,0.002275950275361538,0,4,1,1564.40673828125
7,-0.6585365853658536,0.08689344674348831,0,4,1,1564.40673828125
8,-0.6097560975609756,0.023680636659264565,0,4,1,1564.40673828125
9,-0.5609756097560976,0.009089595638215542,0,4,1,1564.40673828125
10,-0.5121951219512195,0.0006685113185085356,0,4,1,1564.40673828125
11,-0.46341463414634143,0.0007217841921374202,0,4,1,1564.40673828125
12,-0.41463414634146334,0.000139000010676682,0,4,1,1564.40673828125
13,-0.36585365853658536,3.983652641181834e-05,0,4,1,1564.40673828125
14,-0.31707317073170727,0.0002305600792169571,0,4,1,1564.40673828125
15,-0.2682926829268293,1.8912718587671407e-05,0,4,1,1564.40673828125
16,-0.2195121951219512,1.0066642971651163e-05,0,4,1,1564.40673828125
17,-0.1707317073170731,5.103096555103548e-05,0,4,1,1564.40673828125
18,-0.12195121951219512,0.0003124613722320646,0,4,1,1564.40673828125
19,-0.07317073170731703,6.123567436588928e-05,0,4,1,1564.40673828125
20,-0.024390243902439046,2.2811560484115034e-05,0,4,1,1564.40673828125
21,0.024390243902439046,2.882619264710229e-05,0,4,1,1564.40673828125
22,0.07317073170731714,3.925480632460676e-05,0,4,1,1564.40673828125
23,0.12195121951219523,1.677223735896405e-05,0,4,1,1564.40673828125
24,0.17073170731707332,5.346323814592324e-05,0,4,1,1564.40673828125
25,0.2195121951219512,8.618369611212984e-05,0,4,1,1564.40673828125
26,0.2682926829268293,1.3076660252409056e-05,0,4,1,1564.40673828125
27,0.3170731707317074,5.518081889022142e-05,0,4,1,1564.40673828125
28,0.36585365853658547,8.67233393364586e-06,0,4,1,1564.40673828125
29,0.41463414634146356,1.4407219168788288e-06,0,4,1,1564.40673828125
30,0.46341463414634143,1.164985769719351e-05,0,4,1,1564.40673828125
31,0.5121951219512195,1.6021582268876955e-05,0,4,1,1564.40673828125
32,0.5609756097560976,6.670904440397862e-06,0,4,1,1564.40673828125
33,0.6097560975609757,0.0,0,4,1,1564.40673828125
34,0.6585365853658538,0.0,0,4,1,1564.40673828125
35,0.7073170731707317,0.0,0,4,1,1564.40673828125
36,0.7560975609756098,0.0,0,4,1,1564.40673828125
37,0.8048780487804879,0.0,0,4,1,1564.40673828125
38,0.853658536585366,0.0,0,4,1,1564.40673828125
39,0.902439024390244,0.0,0,4,1,1564.40673828125
40,0.9512195121951219,0.0,0,4,1,1564.40673828125
41,1.0,0.0,0,4,1,1564.40673828125
0,-1.0,0.0,0,6,2,1564.40673828125
1,-0.9512195121951219,0.0,0,6,2,1564.40673828125
2,-0.9024390243902439,0.0,0,6,2,1564.40673828125
3,-0.8536585365853658,0.0,0,6,2,1564.40673828125
4,-0.8048780487804879,0.0,0,6,2,1564.40673828125
5,-0.7560975609756098,0.0,0,6,2,1564.40673828125
6,-0.7073170731707317,0.0,0,6,2,1564.40673828125
7,-0.6585365853658536,0.0,0,6,2,1564.40673828125
8,-0.6097560975609756,0.0,0,6,2,1564.40673828125
9,-0.5609756097560976,0.0,0,6,2,1564.40673828125
10,-0.5121951219512195,0.0,0,6,2,1564.40673828125
11,-0.46341463414634143,0.0,0,6,2,1564.40673828125
12,-0.41463414634146334,0.0,0,6,2,1564.40673828125
13,-0.36585365853658536,0.0,0,6,2,1564.40673828125
14,-0.31707317073170727,0.0,0,6,2,1564.40673828125
15,-0.2682926829268293,0.0,0,6,2,1564.40673828125
16,-0.2195121951219512,0.0,0,6,2,1564.40673828125
17,-0.1707317073170731,0.0,0,6,2,1564.40673828125
18,-0.12195121951219512,0.0,0,6,2,1564.40673828125
19,-0.07317073170731703,0.0,0,6,2,1564.40673828125
20,-0.024390243902439046,1.1405998066038592e-06,0,6,2,1564.40673828125
21,0.024390243902439046,4.727187388198217e-06,0,6,2,1564.40673828125
22,0.07317073170731714,3.6869846553599928e-06,0,6,2,1564.40673828125
23,0.12195121951219523,1.0255203051201534e-05,0,6,2,1564.40673828125
24,0.17073170731707332,5.8179179177386686e-05,0,6,2,1564.40673828125
25,0.2195121951219512,1.590434112586081e-05,0,6,2,1564.40673828125
26,0.2682926829268293,2.97659444186138e-05,0,6,2,1564.40673828125
27,0.3170731707317074,5.3805491916136816e-05,0,6,2,1564.40673828125
28,0.36585365853658547,1.1501499102450907e-05,0,6,2,1564.40673828125
29,0.41463414634146356,2.1282912712194957e-06,0,6,2,1564.40673828125
30,0.46341463414634143,3.2744537747930735e-06,0,6,2,1564.40673828125
31,0.5121951219512195,1.483464302509674e-07,0,6,2,1564.40673828125
32,0.5609756097560976,1.3338269582163775e-06,0,6,2,1564.40673828125
33,0.6097560975609757,4.111558610020438e-06,0,6,2,1564.40673828125
34,0.6585365853658538,4.2802935240615625e-06,0,6,2,1564.40673828125
35,0.7073170731707317,0.0001895361638162285,0,6,2,1564.40673828125
36,0.7560975609756098,0.0015274066245183349,0,6,2,1564.40673828125
37,0.8048780487804879,7.777454447932541e-05,0,6,2,1564.40673828125
38,0.853658536585366,3.511133763822727e-05,0,6,2,1564.40673828125
39,0.902439024390244,4.484526016312884e-06,0,6,2,1564.40673828125
40,0.9512195121951219,1.6471099115733523e-06,0,6,2,1564.40673828125
41,1.0,3.579171789169777e-06,0,6,2,1564.40673828125
0,-1.0,0.0,0,7,2,1564.40673828125
1,-0.9512195121951219,0.0,0,7,2,1564.40673828125
2,-0.9024390243902439,0.0,0,7,2,1564.40673828125
3,-0.8536585365853658,0.0,0,7,2,1564.40673828125
4,-0.8048780487804879,0.0,0,7,2,1564.40673828125
5,-0.7560975609756098,0.0,0,7,2,1564.40673828125
6,-0.7073170731707317,0.0,0,7,2,1564.40673828125
7,-0.6585365853658536,0.0,0,7,2,1564.40673828125
8,-0.6097560975609756,0.0,0,7,2,1564.40673828125
9,-0.5609756097560976,0.0,0,7,2,1564.40673828125
10,-0.5121951219512195,0.0,0,7,2,1564.40673828125
11,-0.46341463414634143,0.0,0,7,2,1564.40673828125
12,-0.41463414634146334,0.0,0,7,2,1564.40673828125
13,-0.36585365853658536,1.7377792005390802e-07,0,7,2,1564.40673828125
14,-0.31707317073170727,2.8504987881206034e-07,0,7,2,1564.40673828125
15,-0.2682926829268293,1.9969958486854011e-07,0,7,2,1564.40673828125
16,-0.2195121951219512,3.332184803639393e-07,0,7,2,1564.40673828125
17,-0.1707317073170731,1.248862190550426e-06,0,7,2,1564.40673828125
18,-0.12195121951219512,5.187747774471063e-06,0,7,2,1564.40673828125
19,-0.07317073170731703,2.7087903617939446e-06,0,7,2,1564.40673828125
20,-0.024390243902439046,2.3822078674129443e-06,0,7,2,1564.40673828125
21,0.024390243902439046,6.473827056652226e-07,0,7,2,1564.40673828125
22,0.07317073170731714,8.098291800706647e-06,0,7,2,1564.40673828125
23,0.12195121951219523,2.8448819193727104e-06,0,7,2,1564.40673828125
24,0.17073170731707332,1.2025909200019669e-05,0,7,2,1564.40673828125
25,0.2195121951219512,2.0244102415745147e-05,0,7,2,1564.40673828125
26,0.2682926829268293,0.0001467910478822887,0,7,2,1564.40673828125
27,0.3170731707317074,0.010005399584770203,0,7,2,1564.40673828125
28,0.36585365853658547,0.0011316521558910608,0,7,2,1564.40673828125
29,0.41463414634146356,8.832307503325865e-05,0,7,2,1564.40673828125
30,0.46341463414634143,2.3875389160821214e-05,0,7,2,1564.40673828125
31,0.5121951219512195,7.79209949541837e-05,0,7,2,1564.40673828125
32,0.5609756097560976,1.121804530157533e-06,0,7,2,1564.40673828125
33,0.6097560975609757,8.845207958074752e-06,0,7,2,1564.40673828125
34,0.6585365853658538,6.018319709255593e-07,0,7,2,1564.40673828125
35,0.7073170731707317,1.505248519606539e-06,0,7,2,1564.40673828125
36,0.7560975609756098,1.5958991639308806e-07,0,7,2,1564.40673828125
37,0.8048780487804879,2.3854895516706165e-06,0,7,2,1564.40673828125
38,0.853658536585366,1.1607695569182397e-06,0,7,2,1564.40673828125
39,0.902439024390244,1.4554833727142835e-10,0,7,2,1564.40673828125
40,0.9512195121951219,1.7899816384669975e-07,0,7,2,1564.40673828125
41,1.0,3.160455150919006e-07,0,7,2,1564.40673828125
0,-1.0,0.0,0,8,2,1564.40673828125
1,-0.9512195121951219,0.0,0,8,2,1564.40673828125
2,-0.9024390243902439,0.0,0,8,2,1564.40673828125
3,-0.8536585365853658,0.0,0,8,2,1564.40673828125
4,-0.8048780487804879,0.0,0,8,2,1564.40673828125
5,-0.7560975609756098,0.0,0,8,2,1564.40673828125
6,-0.7073170731707317,0.0,0,8,2,1564.40673828125
7,-0.6585365853658536,0.0,0,8,2,1564.40673828125
8,-0.6097560975609756,0.0,0,8,2,1564.40673828125
9,-0.5609756097560976,2.722870462434912e-08,0,8,2,1564.40673828125
10,-0.5121951219512195,9.019309032964884e-08,0,8,2,1564.40673828125
11,-0.46341463414634143,6.37937489500473e-08,0,8,2,1564.40673828125
12,-0.41463414634146334,5.905992139787486e-09,0,8,2,1564.40673828125
13,-0.36585365853658536,1.389518160976877e-06,0,8,2,1564.40673828125
14,-0.31707317073170727,1.2062297116699483e-07,0,8,2,1564.40673828125
15,-0.2682926829268293,9.659697752795182e-07,0,8,2,1564.40673828125
16,-0.2195121951219512,2.2506237939978746e-07,0,8,2,1564.40673828125
17,-0.1707317073170731,7.616624770889757e-06,0,8,2,1564.40673828125
18,-0.12195121951219512,3.4238560147059616e-06,0,8,2,1564.40673828125
19,-0.07317073170731703,4.159122454439057e-06,0,8,2,1564.40673828125
20,-0.024390243902439046,0.00015611934941262007,0,8,2,1564.40673828125
21,0.024390243902439046,0.002481776988133788,0,8,2,1564.40673828125
22,0.07317073170731714,3.5549357562558725e-05,0,8,2,1564.40673828125
23,0.12195121951219523,1.0137729077541735e-05,0,8,2,1564.40673828125
24,0.17073170731707332,1.266980507352855e-05,0,8,2,1564.40673828125
25,0.2195121951219512,5.350555511540733e-06,0,8,2,1564.40673828125
26,0.2682926829268293,3.845987976092147e-06,0,8,2,1564.40673828125
27,0.3170731707317074,4.8105694077094086e-06,0,8,2,1564.40673828125
28,0.36585365853658547,1.6366825548175257e-06,0,8,2,1564.40673828125
29,0.41463414634146356,3.891826168000989e-07,0,8,2,1564.40673828125
30,0.46341463414634143,6.465745627792785e-07,0,8,2,1564.40673828125
31,0.5121951219512195,1.0046029075283514e-07,0,8,2,1564.40673828125
32,0.5609756097560976,1.0374061503171106e-06,0,8,2,1564.40673828125
33,0.6097560975609757,1.4233030753985076e-07,0,8,2,1564.40673828125
34,0.6585365853658538,0.0,0,8,2,1564.40673828125
35,0.7073170731707317,0.0,0,8,2,1564.40673828125
36,0.7560975609756098,0.0,0,8,2,1564.40673828125
37,0.8048780487804879,0.0,0,8,2,1564.40673828125
38,0.853658536585366,0.0,0,8,2,1564.40673828125
39,0.902439024390244,0.0,0,8,2,1564.40673828125
40,0.9512195121951219,0.0,0,8,2,1564.40673828125
41,1.0,0.0,0,8,2,1564.40673828125
0,-1.0,0.0,0,9,2,1564.40673828125
1,-0.9512195121951219,0.0,0,9,2,1564.40673828125
2,-0.9024390243902439,0.0,0,9,2,1564.40673828125
3,-0.8536585365853658,0.0,0,9,2,1564.40673828125
4,-0.8048780487804879,0.0,0,9,2,1564.40673828125
5,-0.7560975609756098,0.0,0,9,2,1564.40673828125
6,-0.7073170731707317,0.0,0,9,2,1564.40673828125
7,-0.6585365853658536,3.904237644292152e-07,0,9,2,1564.40673828125
8,-0.6097560975609756,3.359147740411572e-06,0,9,2,1564.40673828125
9,-0.5609756097560976,2.5779288037597325e-08,0,9,2,1564.40673828125
10,-0.5121951219512195,2.232934832591127e-07,0,9,2,1564.40673828125
11,-0.46341463414634143,9.667193978657451e-08,0,9,2,1564.40673828125
12,-0.41463414634146334,2.554257036990748e-07,0,9,2,1564.40673828125
13,-0.36585365853658536,1.2866807082900777e-05,0,9,2,1564.40673828125
14,-0.31707317073170727,1.1090531870650011e-06,0,9,2,1564.40673828125
15,-0.2682926829268293,3.567467274478986e-06,0,9,2,1564.40673828125
16,-0.2195121951219512,7.744059075776022e-06,0,9,2,1564.40673828125
17,-0.1707317073170731,0.0027105470653623343,0,9,2,1564.40673828125
18,-0.12195121951219512,3.123675560345873e-05,0,9,2,1564.40673828125
19,-0.07317073170731703,1.4700781321153045e-05,0,9,2,1564.40673828125
20,-0.024390243902439046,2.952499187358626e-07,0,9,2,1564.40673828125
21,0.024390243902439046,6.592905720026465e-06,0,9,2,1564.40673828125
22,0.07317073170731714,1.1254498986090766e-06,0,9,2,1564.40673828125
23,0.12195121951219523,5.922776722400158e-07,0,9,2,1564.40673828125
24,0.17073170731707332,3.681107045849785e-07,0,9,2,1564.40673828125
25,0.2195121951219512,1.5162555655479082e-07,0,9,2,1564.40673828125
26,0.2682926829268293,1.9425418429364072e-07,0,9,2,1564.40673828125
27,0.3170731707317074,1.608205138836638e-06,0,9,2,1564.40673828125
28,0.36585365853658547,4.445436161404359e-07,0,9,2,1564.40673828125
29,0.41463414634146356,0.0,0,9,2,1564.40673828125
30,0.46341463414634143,0.0,0,9,2,1564.40673828125
31,0.5121951219512195,0.0,0,9,2,1564.40673828125
32,0.5609756097560976,0.0,0,9,2,1564.40673828125
33,0.6097560975609757,0.0,0,9,2,1564.40673828125
34,0.6585365853658538,0.0,0,9,2,1564.40673828125
35,0.7073170731707317,0.0,0,9,2,1564.40673828125
36,0.7560975609756098,0.0,0,9,2,1564.40673828125
37,0.8048780487804879,0.0,0,9,2,1564.40673828125
38,0.853658536585366,0.0,0,9,2,1564.40673828125
39,0.902439024390244,0.0,0,9,2,1564.40673828125
40,0.9512195121951219,0.0,0,9,2,1564.40673828125
41,1.0,0.0,0,9,2,1564.40673828125
0,-1.0,0.0,1,-8,-8,1564.40673828125
1,-0.9512195121951219,0.0,1,-8,-8,1564.40673828125
2,-0.9024390243902439,0.0,1,-8,-8,1564.40673828125
3,-0.8536585365853658,0.0,1,-8,-8,1564.40673828125
4,-0.8048780487804879,0.0,1,-8,-8,1564.40673828125
5,-0.7560975609756098,0.0,1,-8,-8,1564.40673828125
6,-0.7073170731707317,0.0,1,-8,-8,1564.40673828125
7,-0.6585365853658536,0.0,1,-8,-8,1564.40673828125
8,-0.6097560975609756,0.0,1,-8,-8,1564.40673828125
9,-0.5609756097560976,0.0,1,-8,-8,1564.40673828125
10,-0.5121951219512195,0.0,1,-8,-8,1564.40673828125
11,-0.46341463414634143,0.0,1,-8,-8,1564.40673828125
12,-0.41463414634146334,0.0,1,-8,-8,1564.40673828125
13,-0.36585365853658536,0.0,1,-8,-8,1564.40673828125
14,-0.31707317073170727,0.0,1,-8,-8,1564.40673828125
15,-0.2682926829268293,0.0,1,-8,-8,1564.40673828125
16,-0.2195121951219512,0.0,1,-8,-8,1564.40673828125
17,-0.1707317073170731,0.0,1,-8,-8,1564.40673828125
18,-0.12195121951219512,0.0,1,-8,-8,1564.40673828125
19,-0.07317073170731703,0.0,1,-8,-8,1564.40673828125
20,-0.024390243902439046,6.323573842337282e-08,1,-8,-8,1564.40673828125
21,0.024390243902439046,1.2654810461754096e-06,1,-8,-8,1564.40673828125
22,0.07317073170731714,5.904763611397357e-08,1,-8,-8,1564.40673828125
23,0.12195121951219523,4.0786568433759385e-07,1,-8,-8,1564.40673828125
24,0.17073170731707332,2.7041730277233e-07,1,-8,-8,1564.40673828125
25,0.2195121951219512,1.4639661571891338e-07,1,-8,-8,1564.40673828125
26,0.2682926829268293,6.929384198883781e-06,1,-8,-8,1564.40673828125
27,0.3170731707317074,2.4093221782095497e-06,1,-8,-8,1564.40673828125
28,0.36585365853658547,6.219706705223871e-08,1,-8,-8,1564.40673828125
29,0.41463414634146356,4.345796469351626e-07,1,-8,-8,1564.40673828125
30,0.46341463414634143,2.005198894039495e-06,1,-8,-8,1564.40673828125
31,0.5121951219512195,1.2262363497939077e-06,1,-8,-8,1564.40673828125
32,0.5609756097560976,0.00039852745248936117,1,-8,-8,1564.40673828125
33,0.6097560975609757,3.8108362787170336e-05,1,-8,-8,1564.40673828125
34,0.6585365853658538,0.0001947389537235722,1,-8,-8,1564.40673828125
35,0.7073170731707317,2.6029451873910148e-06,1,-8,-8,1564.40673828125
36,0.7560975609756098,2.373717279624543e-06,1,-8,-8,1564.40673828125
37,0.8048780487804879,1.4600079794035992e-06,1,-8,-8,1564.40673828125
38,0.853658536585366,4.8423675735875804e-08,1,-8,-8,1564.40673828125
39,0.902439024390244,1.0942970902760862e-06,1,-8,-8,1564.40673828125
40,0.9512195121951219,2.8225213100085966e-07,1,-8,-8,1564.40673828125
41,1.0,5.708814114768757e-07,1,-8,-8,1564.40673828125
0,-1.0,8.10393066785764e-06,1,-8,-7,1564.40673828125
1,-0.9512195121951219,6.15800527157262e-05,1,-8,-7,1564.40673828125
2,-0.9024390243902439,5.485600195243023e-05,1,-8,-7,1564.40673828125
3,-0.8536585365853658,0.00017950974870473146,1,-8,-7,1564.40673828125
4,-0.8048780487804879,0.0008964615990407765,1,-8,-7,1564.40673828125
5,-0.7560975609756098,9.772260091267526e-05,1,-8,-7,1564.40673828125
6,-0.7073170731707317,1.0346152521378826e-06,1,-8,-7,1564.40673828125
7,-0.6585365853658536,7.72765019974031e-07,1,-8,-7,1564.40673828125
8,-0.6097560975609756,4.433680942383944e-07,1,-8,-7,1564.40673828125
9,-0.5609756097560976,5.528394240172929e-07,1,-8,-7,1564.40673828125
10,-0.5121951219512195,8.874656600710296e-07,1,-8,-7,1564.40673828125
11,-0.46341463414634143,6.791764803892875e-07,1,-8,-7,1564.40673828125
12,-0.41463414634146334,2.6327042768059528e-09,1,-8,-7,1564.40673828125
13,-0.36585365853658536,3.240832711526309e-06,1,-8,-7,1564.40673828125
14,-0.31707317073170727,3.107488964815275e-06,1,-8,-7,1564.40673828125
15,-0.2682926829268293,5.679720516127418e-07,1,-8,-7,1564.40673828125
16,-0.2195121951219512,5.720772151107667e-06,1,-8,-7,1564.40673828125
17,-0.1707317073170731,0.0,1,-8,-7,1564.40673828125
18,-0.12195121951219512,0.0,1,-8,-7,1564.40673828125
19,-0.07317073170731703,0.0,1,-8,-7,1564.40673828125
20,-0.024390243902439046,0.0,1,-8,-7,1564.40673828125
21,0.024390243902439046,0.0,1,-8,-7,1564.40673828125
22,0.07317073170731714,0.0,1,-8,-7,1564.40673828125
23,0.12195121951219523,0.0,1,-8,-7,1564.40673828125
24,0.17073170731707332,0.0,1,-8,-7,1564.40673828125
25,0.2195121951219512,0.0,1,-8,-7,1564.40673828125
26,0.2682926829268293,0.0,1,-8,-7,1564.40673828125
27,0.3170731707317074,0.0,1,-8,-7,1564.40673828125
28,0.36585365853658547,0.0,1,-8,-7,1564.40673828125
29,0.41463414634146356,0.0,1,-8,-7,1564.40673828125
30,0.46341463414634143,0.0,1,-8,-7,1564.40673828125
31,0.5121951219512195,0.0,1,-8,-7,1564.40673828125
32,0.5609756097560976,0.0,1,-8,-7,1564.40673828125
33,0.6097560975609757,0.0,1,-8,-7,1564.40673828125
34,0.6585365853658538,0.0,1,-8,-7,1564.40673828125
35,0.7073170731707317,0.0,1,-8,-7,1564.40673828125
36,0.7560975609756098,0.0,1,-8,-7,1564.40673828125
37,0.8048780487804879,0.0,1,-8,-7,1564.40673828125
38,0.853658536585366,0.0,1,-8,-7,1564.40673828125
39,0.902439024390244,0.0,1,-8,-7,1564.40673828125
40,0.9512195121951219,0.0,1,-8,-7,1564.40673828125
41,1.0,0.0,1,-8,-7,1564.40673828125
0,-1.0,0.0,1,-7,-7,1564.40673828125
1,-0.9512195121951219,0.0,1,-7,-7,1564.40673828125
2,-0.9024390243902439,0.0,1,-7,-7,1564.40673828125
3,-0.8536585365853658,0.0,1,-7,-7,1564.40673828125
4,-0.8048780487804879,0.0,1,-7,-7,1564.40673828125
5,-0.7560975609756098,0.0,1,-7,-7,1564.40673828125
6,-0.7073170731707317,0.0,1,-7,-7,1564.40673828125
7,-0.6585365853658536,8.079719009401742e-07,1,-7,-7,1564.40673828125
8,-0.6097560975609756,4.055761948507097e-08,1,-7,-7,1564.40673828125
9,-0.5609756097560976,5.444784960673132e-07,1,-7,-7,1564.40673828125
10,-0.5121951219512195,1.0028044926002622e-05,1,-7,-7,1564.40673828125
11,-0.46341463414634143,2.1324585759430192e-06,1,-7,-7,1564.40673828125
12,-0.41463414634146334,7.651583473489154e-06,1,-7,-7,1564.40673828125
13,-0.36585365853658536,7.348203780566109e-06,1,-7,-7,1564.40673828125
14,-0.31707317073170727,1.2330976460361853e-05,1,-7,-7,1564.40673828125
15,-0.2682926829268293,3.883558292727685e-06,1,-7,-7,1564.40673828125
16,-0.2195121951219512,7.620461474289186e-06,1,-7,-7,1564.40673828125
17,-0.1707317073170731,3.5688460684468737e-06,1,-7,-7,1564.40673828125
18,-0.12195121951219512,1.3396279427979607e-05,1,-7,-7,1564.40673828125
19,-0.07317073170731703,2.4625487640150823e-05,1,-7,-7,1564.40673828125
20,-0.024390243902439046,1.6676054656272754e-05,1,-7,-7,1564.40673828125
21,0.024390243902439046,4.457660179468803e-05,1,-7,-7,1564.40673828125
22,0.07317073170731714,0.0003182235814165324,1,-7,-7,1564.40673828125
23,0.12195121951219523,0.0001406856026733294,1,-7,-7,1564.40673828125
24,0.17073170731707332,2.788721531032934e-06,1,-7,-7,1564.40673828125
25,0.2195121951219512,3.998841748398263e-06,1,-7,-7,1564.40673828125
26,0.2682926829268293,2.641983883222565e-06,1,-7,-7,1564.40673828125
27,0.3170731707317074,3.2733887564972974e-06,1,-7,-7,1564.40673828125
28,0.36585365853658547,8.15877854165592e-09,1,-7,-7,1564.40673828125
29,0.41463414634146356,1.2165145335529814e-06,1,-7,-7,1564.40673828125
30,0.46341463414634143,6.468757760558219e-07,1,-7,-7,1564.40673828125
31,0.5121951219512195,2.5408124315617897e-07,1,-7,-7,1564.40673828125
32,0.5609756097560976,2.157565575089393e-07,1,-7,-7,1564.40673828125
33,0.6097560975609757,7.573905804747483e-07,1,-7,-7,1564.40673828125
34,0.6585365853658538,1.2574305401358288e-05,1,-7,-7,1564.40673828125
35,0.7073170731707317,1.2918940228701103e-06,1,-7,-7,1564.40673828125
36,0.7560975609756098,0.0,1,-7,-7,1564.40673828125
37,0.8048780487804879,0.0,1,-7,-7,1564.40673828125
38,0.853658536585366,0.0,1,-7,-7,1564.40673828125
39,0.902439024390244,0.0,1,-7,-7,1564.40673828125
40,0.9512195121951219,0.0,1,-7,-7,1564.40673828125
41,1.0,0.0,1,-7,-7,1564.40673828125
0,-1.0,0.00017900070815812796,1,-6,-6,1564.40673828125
1,-0.9512195121951219,8.64808534970507e-05,1,-6,-6,1564.40673828125
2,-0.9024390243902439,5.7418321375735104e-05,1,-6,-6,1564.40673828125
3,-0.8536585365853658,0.00017858415958471596,1,-6,-6,1564.40673828125
4,-0.8048780487804879,0.002325048204511404,1,-6,-6,1564.40673828125
5,-0.7560975609756098,0.04403775930404663,1,-6,-6,1564.40673828125
6,-0.7073170731707317,0.0005424318369477987,1,-6,-6,1564.40673828125
7,-0.6585365853658536,2.9950680982437916e-05,1,-6,-6,1564.40673828125
8,-0.6097560975609756,2.8163285605842248e-06,1,-6,-6,1564.40673828125
9,-0.5609756097560976,1.7176942492369562e-05,1,-6,-6,1564.40673828125
10,-0.5121951219512195,5.5494132539024577e-05,1,-6,-6,1564.40673828125
11,-0.46341463414634143,3.252673559472896e-05,1,-6,-6,1564.40673828125
12,-0.41463414634146334,4.164622168900678e-06,1,-6,-6,1564.40673828125
13,-0.36585365853658536,6.500435574707808e-06,1,-6,-6,1564.40673828125
14,-0.31707317073170727,1.0893937542277854e-05,1,-6,-6,1564.40673828125
15,-0.2682926829268293,3.326545083837118e-06,1,-6,-6,1564.40673828125
16,-0.2195121951219512,6.985163963690866e-06,1,-6,-6,1564.40673828125
17,-0.1707317073170731,4.5420736682899587e-07,1,-6,-6,1564.40673828125
18,-0.12195121951219512,5.142131840329967e-07,1,-6,-6,1564.40673828125
19,-0.07317073170731703,2.653866204127553e-06,1,-6,-6,1564.40673828125
20,-0.024390243902439046,7.677963935748267e-07,1,-6,-6,1564.40673828125
21,0.024390243902439046,1.4058824717722018e-06,1,-6,-6,1564.40673828125
22,0.07317073170731714,0.0,1,-6,-6,1564.40673828125
23,0.12195121951219523,0.0,1,-6,-6,1564.40673828125
24,0.17073170731707332,0.0,1,-6,-6,1564.40673828125
25,0.2195121951219512,0.0,1,-6,-6,1564.40673828125
26,0.2682926829268293,0.0,1,-6,-6,1564.40673828125
27,0.3170731707317074,0.0,1,-6,-6,1564.40673828125
28,0.36585365853658547,0.0,1,-6,-6,1564.40673828125
29,0.41463414634146356,0.0,1,-6,-6,1564.40673828125
30,0.46341463414634143,0.0,1,-6,-6,1564.40673828125
31,0.5121951219512195,0.0,1,-6,-6,1564.40673828125
32,0.5609756097560976,0.0,1,-6,-6,1564.40673828125
33,0.6097560975609757,0.0,1,-6,-6,1564.40673828125
34,0.6585365853658538,0.0,1,-6,-6,1564.40673828125
35,0.7073170731707317,0.0,1,-6,-6,1564.40673828125
36,0.7560975609756098,0.0,1,-6,-6,1564.40673828125
37,0.8048780487804879,0.0,1,-6,-6,1564.40673828125
38,0.853658536585366,0.0,1,-6,-6,1564.40673828125
39,0.902439024390244,0.0,1,-6,-6,1564.40673828125
40,0.9512195121951219,0.0,1,-6,-6,1564.40673828125
41,1.0,0.0,1,-6,-6,1564.40673828125
0,-1.0,0.0,1,-5,-6,1564.40673828125
1,-0.9512195121951219,0.0,1,-5,-6,1564.40673828125
2,-0.9024390243902439,0.0,1,-5,-6,1564.40673828125
3,-0.8536585365853658,0.0,1,-5,-6,1564.40673828125
4,-0.8048780487804879,0.0,1,-5,-6,1564.40673828125
5,-0.7560975609756098,0.0,1,-5,-6,1564.40673828125
6,-0.7073170731707317,0.0,1,-5,-6,1564.40673828125
7,-0.6585365853658536,1.2916336800117278e-06,1,-5,-6,1564.40673828125
8,-0.6097560975609756,4.0558774117016583e-07,1,-5,-6,1564.40673828125
9,-0.5609756097560976,6.290580927270639e-07,1,-5,-6,1564.40673828125
10,-0.5121951219512195,7.825663487892598e-06,1,-5,-6,1564.40673828125
11,-0.46341463414634143,6.628235132666305e-05,1,-5,-6,1564.40673828125
12,-0.41463414634146334,1.4886205462971702e-05,1,-5,-6,1564.40673828125
13,-0.36585365853658536,5.021832976126461e-07,1,-5,-6,1564.40673828125
14,-0.31707317073170727,4.541640919342171e-06,1,-5,-6,1564.40673828125
15,-0.2682926829268293,1.160613010142697e-06,1,-5,-6,1564.40673828125
16,-0.2195121951219512,1.7850021549747908e-06,1,-5,-6,1564.40673828125
17,-0.1707317073170731,6.366865790141674e-08,1,-5,-6,1564.40673828125
18,-0.12195121951219512,7.59934493999026e-07,1,-5,-6,1564.40673828125
19,-0.07317073170731703,3.971786952661205e-07,1,-5,-6,1564.40673828125
20,-0.024390243902439046,3.4415511436236557e-06,1,-5,-6,1564.40673828125
21,0.024390243902439046,8.473360139760189e-06,1,-5,-6,1564.40673828125
22,0.07317073170731714,5.008721927879378e-05,1,-5,-6,1564.40673828125
23,0.12195121951219523,0.00013336463598534465,1,-5,-6,1564.40673828125
24,0.17073170731707332,9.54432721300691e-07,1,-5,-6,1564.40673828125
25,0.2195121951219512,7.386883953586221e-05,1,-5,-6,1564.40673828125
26,0.2682926829268293,0.000433903158409521,1,-5,-6,1564.40673828125
27,0.3170731707317074,0.000793606333900243,1,-5,-6,1564.40673828125
28,0.36585365853658547,5.097571374790277e-06,1,-5,-6,1564.40673828125
29,0.41463414634146356,8.78924984135665e-05,1,-5,-6,1564.40673828125
30,0.46341463414634143,0.0003735624486580491,1,-5,-6,1564.40673828125
31,0.5121951219512195,0.00012365789734758437,1,-5,-6,1564.40673828125
32,0.5609756097560976,6.875425697216997e-06,1,-5,-6,1564.40673828125
33,0.6097560975609757,9.667861377238296e-06,1,-5,-6,1564.40673828125
34,0.6585365853658538,9.611868335923646e-06,1,-5,-6,1564.40673828125
35,0.7073170731707317,4.238745987095172e-06,1,-5,-6,1564.40673828125
36,0.7560975609756098,2.1892815311730374e-06,1,-5,-6,1564.40673828125
37,0.8048780487804879,1.3672440672962693e-06,1,-5,-6,1564.40673828125
38,0.853658536585366,2.1980451492709108e-05,1,-5,-6,1564.40673828125
39,0.902439024390244,2.0429024516488425e-07,1,-5,-6,1564.40673828125
40,0.9512195121951219,4.0741755924500467e-07,1,-5,-6,1564.40673828125
41,1.0,3.4025670174742118e-06,1,-5,-6,1564.40673828125
0,-1.0,4.2666270019253716e-05,1,-3,-5,1564.40673828125
1,-0.9512195121951219,3.818812547251582e-05,1,-3,-5,1564.40673828125
2,-0.9024390243902439,1.4451153447225806e-06,1,-3,-5,1564.40673828125
3,-0.8536585365853658,1.6972824596450664e-05,1,-3,-5,1564.40673828125
4,-0.8048780487804879,2.9433344025164843e-05,1,-3,-5,1564.40673828125
5,-0.7560975609756098,5.115030944580212e-05,1,-3,-5,1564.40673828125
6,-0.7073170731707317,3.4543522815511096e-06,1,-3,-5,1564.40673828125
7,-0.6585365853658536,7.011402885837015e-06,1,-3,-5,1564.40673828125
8,-0.6097560975609756,4.1234039827031665e-07,1,-3,-5,1564.40673828125
9,-0.5609756097560976,5.833926479681395e-05,1,-3,-5,1564.40673828125
10,-0.5121951219512195,0.0001406523078912869,1,-3,-5,1564.40673828125
11,-0.46341463414634143,5.500349652720615e-05,1,-3,-5,1564.40673828125
12,-0.41463414634146334,4.5250682887854055e-05,1,-3,-5,1564.40673828125
13,-0.36585365853658536,0.00021286758419591933,1,-3,-5,1564.40673828125
14,-0.31707317073170727,0.00019286779570393264,1,-3,-5,1564.40673828125
15,-0.2682926829268293,0.00012395474186632782,1,-3,-5,1564.40673828125
16,-0.2195121951219512,6.459359428845346e-05,1,-3,-5,1564.40673828125
17,-0.1707317073170731,2.012907680182252e-05,1,-3,-5,1564.40673828125
18,-0.12195121951219512,8.87874120962806e-05,1,-3,-5,1564.40673828125
19,-0.07317073170731703,0.00030034343944862485,1,-3,-5,1564.40673828125
20,-0.024390243902439046,0.00019921128114219755,1,-3,-5,1564.40673828125
21,0.024390243902439046,0.00042681428021751344,1,-3,-5,1564.40673828125
22,0.07317073170731714,0.0004960187361575663,1,-3,-5,1564.40673828125
23,0.12195121951219523,8.853375038597733e-05,1,-3,-5,1564.40673828125
24,0.17073170731707332,0.00019113474991172552,1,-3,-5,1564.40673828125
25,0.2195121951219512,9.50851317611523e-05,1,-3,-5,1564.40673828125
26,0.2682926829268293,0.001465137000195682,1,-3,-5,1564.40673828125
27,0.3170731707317074,0.0028249623719602823,1,-3,-5,1564.40673828125
28,0.36585365853658547,0.005364897195249796,1,-3,-5,1564.40673828125
29,0.41463414634146356,0.011318395845592022,1,-3,-5,1564.40673828125
30,0.46341463414634143,0.016104109585285187,1,-3,-5,1564.40673828125
31,0.5121951219512195,0.09523458778858185,1,-3,-5,1564.40673828125
32,0.5609756097560976,0.005215579643845558,1,-3,-5,1564.40673828125
33,0.6097560975609757,0.001410877681337297,1,-3,-5,1564.40673828125
34,0.6585365853658538,0.0004247745091561228,1,-3,-5,1564.40673828125
35,0.7073170731707317,0.00016990691074170172,1,-3,-5,1564.40673828125
36,0.7560975609756098,0.0010914556914940476,1,-3,-5,1564.40673828125
37,0.8048780487804879,0.003211389062926173,1,-3,-5,1564.40673828125
38,0.853658536585366,1.4031560567673296e-05,1,-3,-5,1564.40673828125
39,0.902439024390244,0.00016501644859090447,1,-3,-5,1564.40673828125
40,0.9512195121951219,9.95314767351374e-05,1,-3,-5,1564.40673828125
41,1.0,0.00016221238183788955,1,-3,-5,1564.40673828125
0,-1.0,0.0025785169564187527,1,-1,-4,1564.40673828125
1,-0.9512195121951219,0.007260419428348541,1,-1,-4,1564.40673828125
2,-0.9024390243902439,0.04246487841010094,1,-1,-4,1564.40673828125
3,-0.8536585365853658,0.04224918410181999,1,-1,-4,1564.40673828125
4,-0.8048780487804879,0.056083060801029205,1,-1,-4,1564.40673828125
5,-0.7560975609756098,0.07953689247369766,1,-1,-4,1564.40673828125
6,-0.7073170731707317,0.11652400344610214,1,-1,-4,1564.40673828125
7,-0.6585365853658536,0.08295745402574539,1,-1,-4,1564.40673828125
8,-0.6097560975609756,0.006481496151536703,1,-1,-4,1564.40673828125
9,-0.5609756097560976,0.061588313430547714,1,-1,-4,1564.40673828125
10,-0.5121951219512195,0.20356130599975586,1,-1,-4,1564.40673828125
11,-0.46341463414634143,0.23751692473888397,1,-1,-4,1564.40673828125
12,-0.41463414634146334,0.6641305685043335,1,-1,-4,1564.40673828125
13,-0.36585365853658536,0.43302085995674133,1,-1,-4,1564.40673828125
14,-0.31707317073170727,0.1414673775434494,1,-1,-4,1564.40673828125
15,-0.2682926829268293,0.005156289786100388,1,-1,-4,1564.40673828125
16,-0.2195121951219512,0.03659680485725403,1,-1,-4,1564.40673828125
17,-0.1707317073170731,0.01318157184869051,1,-1,-4,1564.40673828125
18,-0.12195121951219512,0.007905789650976658,1,-1,-4,1564.40673828125
19,-0.07317073170731703,0.030584948137402534,1,-1,-4,1564.40673828125
20,-0.024390243902439046,0.0038664916064590216,1,-1,-4,1564.40673828125
21,0.024390243902439046,0.023873912170529366,1,-1,-4,1564.40673828125
22,0.07317073170731714,0.022711433470249176,1,-1,-4,1564.40673828125
23,0.12195121951219523,0.008547525852918625,1,-1,-4,1564.40673828125
24,0.17073170731707332,0.0015865614404901862,1,-1,-4,1564.40673828125
25,0.2195121951219512,0.013408892787992954,1,-1,-4,1564.40673828125
26,0.2682926829268293,0.009815890341997147,1,-1,-4,1564.40673828125
27,0.3170731707317074,0.009318221360445023,1,-1,-4,1564.40673828125
28,0.36585365853658547,0.00041283442988060415,1,-1,-4,1564.40673828125
29,0.41463414634146356,0.0034036170691251755,1,-1,-4,1564.40673828125
30,0.46341463414634143,0.00823406595736742,1,-1,-4,1564.40673828125
31,0.5121951219512195,0.0070779891684651375,1,-1,-4,1564.40673828125
32,0.5609756097560976,0.0006149976397864521,1,-1,-4,1564.40673828125
33,0.6097560975609757,0.002594075631350279,1,-1,-4,1564.40673828125
34,0.6585365853658538,0.005042276345193386,1,-1,-4,1564.40673828125
35,0.7073170731707317,0.003751163836568594,1,-1,-4,1564.40673828125
36,0.7560975609756098,0.00025608789292164147,1,-1,-4,1564.40673828125
37,0.8048780487804879,0.0010689850896596909,1,-1,-4,1564.40673828125
38,0.853658536585366,0.00361663568764925,1,-1,-4,1564.40673828125
39,0.902439024390244,0.002043206477537751,1,-1,-4,1564.40673828125
40,0.9512195121951219,1.3830146599502768e-05,1,-1,-4,1564.40673828125
41,1.0,0.0018165878718718886,1,-1,-4,1564.40673828125
0,-1.0,0.0003206194087397307,1,2,-3,1564.40673828125
1,-0.9512195121951219,0.0001438746985513717,1,2,-3,1564.40673828125
2,-0.9024390243902439,0.0008830242441035807,1,2,-3,1564.40673828125
3,-0.8536585365853658,0.0009263739921152592,1,2,-3,1564.40673828125
4,-0.8048780487804879,0.0006267055287025869,1,2,-3,1564.40673828125
5,-0.7560975609756098,0.001002953271381557,1,2,-3,1564.40673828125
6,-0.7073170731707317,0.0008353289449587464,1,2,-3,1564.40673828125
7,-0.6585365853658536,3.947844379581511e-05,1,2,-3,1564.40673828125
8,-0.6097560975609756,0.0012071536621078849,1,2,-3,1564.40673828125
9,-0.5609756097560976,0.00262147793546319,1,2,-3,1564.40673828125
10,-0.5121951219512195,0.004507114179432392,1,2,-3,1564.40673828125
11,-0.46341463414634143,0.002233800245448947,1,2,-3,1564.40673828125
12,-0.41463414634146334,0.010365362279117107,1,2,-3,1564.40673828125
13,-0.36585365853658536,0.003937153611332178,1,2,-3,1564.40673828125
14,-0.31707317073170727,0.002668960951268673,1,2,-3,1564.40673828125
15,-0.2682926829268293,0.01574089191854,1,2,-3,1564.40673828125
16,-0.2195121951219512,0.0042373910546302795,1,2,-3,1564.40673828125
17,-0.1707317073170731,0.0033659646287560463,1,2,-3,1564.40673828125
18,-0.12195121951219512,0.5545006394386292,1,2,-3,1564.40673828125
19,-0.07317073170731703,0.12146511673927307,1,2,-3,1564.40673828125
20,-0.024390243902439046,0.09876824915409088,1,2,-3,1564.40673828125
21,0.024390243902439046,0.002277915133163333,1,2,-3,1564.40673828125
22,0.07317073170731714,0.022054528817534447,1,2,-3,1564.40673828125
23,0.12195121951219523,0.018912140280008316,1,2,-3,1564.40673828125
24,0.17073170731707332,0.00042760244105011225,1,2,-3,1564.40673828125
25,0.2195121951219512,0.007595888804644346,1,2,-3,1564.40673828125
26,0.2682926829268293,0.0031394062098115683,1,2,-3,1564.40673828125
27,0.3170731707317074,0.002824839437380433,1,2,-3,1564.40673828125
28,0.36585365853658547,0.00026145108859054744,1,2,-3,1564.40673828125
29,0.41463414634146356,0.0021327484864741564,1,2,-3,1564.40673828125
30,0.46341463414634143,0.002251297002658248,1,2,-3,1564.40673828125
31,0.5121951219512195,0.0001462564687244594,1,2,-3,1564.40673828125
32,0.5609756097560976,0.0009437705157324672,1,2,-3,1564.40673828125
33,0.6097560975609757,0.0013980955118313432,1,2,-3,1564.40673828125
34,0.6585365853658538,0.00014369578275363892,1,2,-3,1564.40673828125
35,0.7073170731707317,0.00044693591189570725,1,2,-3,1564.40673828125
36,0.7560975609756098,0.0010455152951180935,1,2,-3,1564.40673828125
37,0.8048780487804879,0.0005530999042093754,1,2,-3,1564.40673828125
38,0.853658536585366,0.0008515581721439958,1,2,-3,1564.40673828125
39,0.902439024390244,0.0008349714917130768,1,2,-3,1564.40673828125
40,0.9512195121951219,0.0005859755910933018,1,2,-3,1564.40673828125
41,1.0,4.7424335207324475e-05,1,2,-3,1564.40673828125
0,-1.0,0.0,1,5,-2,1564.40673828125
1,-0.9512195121951219,0.0,1,5,-2,1564.40673828125
2,-0.9024390243902439,0.0,1,5,-2,1564.40673828125
3,-0.8536585365853658,0.0,1,5,-2,1564.40673828125
4,-0.8048780487804879,0.0,1,5,-2,1564.40673828125
5,-0.7560975609756098,0.0,1,5,-2,1564.40673828125
6,-0.7073170731707317,0.0,1,5,-2,1564.40673828125
7,-0.6585365853658536,0.0,1,5,-2,1564.40673828125
8,-0.6097560975609756,0.0,1,5,-2,1564.40673828125
9,-0.5609756097560976,0.0,1,5,-2,1564.40673828125
10,-0.5121951219512195,0.0,1,5,-2,1564.40673828125
11,-0.46341463414634143,3.630715355029679e-07,1,5,-2,1564.40673828125
12,-0.41463414634146334,1.3657463568961248e-06,1,5,-2,1564.40673828125
13,-0.36585365853658536,1.1503701671244926e-06,1,5,-2,1564.40673828125
14,-0.31707317073170727,2.62766639025358e-06,1,5,-2,1564.40673828125
15,-0.2682926829268293,1.966582658496918e-06,1,5,-2,1564.40673828125
16,-0.2195121951219512,4.58138674730435e-06,1,5,-2,1564.40673828125
17,-0.1707317073170731,1.590072997714742e-06,1,5,-2,1564.40673828125
18,-0.12195121951219512,0.00019202167459297925,1,5,-2,1564.40673828125
19,-0.07317073170731703,6.508961814688519e-05,1,5,-2,1564.40673828125
20,-0.024390243902439046,2.051058254437521e-05,1,5,-2,1564.40673828125
21,0.024390243902439046,1.4938520507712383e-05,1,5,-2,1564.40673828125
22,0.07317073170731714,1.0069720701721963e-05,1,5,-2,1564.40673828125
23,0.12195121951219523,2.255127765238285e-05,1,5,-2,1564.40673828125
24,0.17073170731707332,7.259212725330144e-05,1,5,-2,1564.40673828125
25,0.2195121951219512,0.00011695070861605927,1,5,-2,1564.40673828125
26,0.2682926829268293,4.249221819918603e-05,1,5,-2,1564.40673828125
27,0.3170731707317074,0.0006201318465173244,1,5,-2,1564.40673828125
28,0.36585365853658547,0.0007370456005446613,1,5,-2,1564.40673828125
29,0.41463414634146356,7.122794613678707e-06,1,5,-2,1564.40673828125
30,0.46341463414634143,0.003728325944393873,1,5,-2,1564.40673828125
31,0.5121951219512195,0.00029292184626683593,1,5,-2,1564.40673828125
32,0.5609756097560976,0.00011499562242534012,1,5,-2,1564.40673828125
33,0.6097560975609757,0.0001820718462113291,1,5,-2,1564.40673828125
34,0.6585365853658538,3.0589399102609605e-05,1,5,-2,1564.40673828125
35,0.7073170731707317,0.0006383858853951097,1,5,-2,1564.40673828125
36,0.7560975609756098,0.00036418501986190677,1,5,-2,1564.40673828125
37,0.8048780487804879,3.073378684348427e-05,1,5,-2,1564.40673828125
38,0.853658536585366,0.00010120986553374678,1,5,-2,1564.40673828125
39,0.902439024390244,5.060725015937351e-05,1,5,-2,1564.40673828125
40,0.9512195121951219,5.446755494631361e-06,1,5,-2,1564.40673828125
41,1.0,3.372065748408204e-06,1,5,-2,1564.40673828125
0,-1.0,0.0,1,6,-2,1564.40673828125
1,-0.9512195121951219,0.0,1,6,-2,1564.40673828125
2,-0.9024390243902439,0.0,1,6,-2,1564.40673828125
3,-0.8536585365853658,0.0,1,6,-2,1564.40673828125
4,-0.8048780487804879,2.759879578206892e-07,1,6,-2,1564.40673828125
5,-0.7560975609756098,1.6387077721446985e-06,1,6,-2,1564.40673828125
6,-0.7073170731707317,1.0531215899334256e-08,1,6,-2,1564.40673828125
7,-0.6585365853658536,2.5566257590980968e-06,1,6,-2,1564.40673828125
8,-0.6097560975609756,5.75596459384542e-06,1,6,-2,1564.40673828125
9,-0.5609756097560976,1.942275048349984e-06,1,6,-2,1564.40673828125
10,-0.5121951219512195,2.359621703362791e-06,1,6,-2,1564.40673828125
11,-0.46341463414634143,3.0663411365594584e-08,1,6,-2,1564.40673828125
12,-0.41463414634146334,4.050154132073658e-07,1,6,-2,1564.40673828125
13,-0.36585365853658536,1.485667837641813e-07,1,6,-2,1564.40673828125
14,-0.31707317073170727,3.308907480459311e-06,1,6,-2,1564.40673828125
15,-0.2682926829268293,5.323456207406707e-05,1,6,-2,1564.40673828125
16,-0.2195121951219512,1.9848042938974686e-05,1,6,-2,1564.40673828125
17,-0.1707317073170731,2.1948379071545787e-05,1,6,-2,1564.40673828125
18,-0.12195121951219512,0.0001851890265243128,1,6,-2,1564.40673828125
19,-0.07317073170731703,0.0011308129178360105,1,6,-2,1564.40673828125
20,-0.024390243902439046,0.015908239409327507,1,6,-2,1564.40673828125
21,0.024390243902439046,0.0005426282878033817,1,6,-2,1564.40673828125
22,0.07317073170731714,0.00010147414286620915,1,6,-2,1564.40673828125
23,0.12195121951219523,1.4571795873052906e-05,1,6,-2,1564.40673828125
24,0.17073170731707332,1.4654919141321443e-05,1,6,-2,1564.40673828125
25,0.2195121951219512,8.144435014401097e-06,1,6,-2,1564.40673828125
26,0.2682926829268293,1.843236418608285e-06,1,6,-2,1564.40673828125
27,0.3170731707317074,3.0914920898794662e-06,1,6,-2,1564.40673828125
28,0.36585365853658547,4.978961101187451e-07,1,6,-2,1564.40673828125
29,0.41463414634146356,1.5754022797409561e-06,1,6,-2,1564.40673828125
30,0.46341463414634143,3.4709003102761926e-06,1,6,-2,1564.40673828125
31,0.5121951219512195,1.683032905930304e-06,1,6,-2,1564.40673828125
32,0.5609756097560976,2.098177901643794e-06,1,6,-2,1564.40673828125
33,0.6097560975609757,1.0630172937453608e-06,1,6,-2,1564.40673828125
34,0.6585365853658538,1.0841597486432875e-07,1,6,-2,1564.40673828125
35,0.7073170731707317,2.4039769641603925e-07,1,6,-2,1564.40673828125
36,0.7560975609756098,0.0,1,6,-2,1564.40673828125
37,0.8048780487804879,0.0,1,6,-2,1564.40673828125
38,0.853658536585366,0.0,1,6,-2,1564.40673828125
39,0.902439024390244,0.0,1,6,-2,1564.40673828125
40,0.9512195121951219,0.0,1,6,-2,1564.40673828125
41,1.0,0.0,1,6,-2,1564.40673828125
0,-1.0,3.8467794638563646e-07,1,7,-2,1564.40673828125
1,-0.9512195121951219,1.934625686317304e-07,1,7,-2,1564.40673828125
2,-0.9024390243902439,8.586722515246947e-07,1,7,-2,1564.40673828125
3,-0.8536585365853658,7.74426325733657e-07,1,7,-2,1564.40673828125
4,-0.8048780487804879,6.022137313266285e-07,1,7,-2,1564.40673828125
5,-0.7560975609756098,1.8855330381484237e-06,1,7,-2,1564.40673828125
6,-0.7073170731707317,2.839332182702492e-06,1,7,-2,1564.40673828125
7,-0.6585365853658536,1.3026736951360363e-06,1,7,-2,1564.40673828125
8,-0.6097560975609756,1.0538557262407267e-06,1,7,-2,1564.40673828125
9,-0.5609756097560976,2.7172402496944414e-06,1,7,-2,1564.40673828125
10,-0.5121951219512195,1.1221109161851928e-05,1,7,-2,1564.40673828125
11,-0.46341463414634143,1.2830068953917362e-06,1,7,-2,1564.40673828125
12,-0.41463414634146334,3.782321437029168e-05,1,7,-2,1564.40673828125
13,-0.36585365853658536,5.779672210337594e-05,1,7,-2,1564.40673828125
14,-0.31707317073170727,0.0009147959062829614,1,7,-2,1564.40673828125
15,-0.2682926829268293,7.569474837509915e-05,1,7,-2,1564.40673828125
16,-0.2195121951219512,7.630997970409226e-06,1,7,-2,1564.40673828125
17,-0.1707317073170731,7.495921636291314e-06,1,7,-2,1564.40673828125
18,-0.12195121951219512,1.6171104562090477e-06,1,7,-2,1564.40673828125
19,-0.07317073170731703,5.440350037133612e-07,1,7,-2,1564.40673828125
20,-0.024390243902439046,1.6454336218885146e-05,1,7,-2,1564.40673828125
21,0.024390243902439046,5.5566365517734084e-06,1,7,-2,1564.40673828125
22,0.07317073170731714,1.7755162673438463e-07,1,7,-2,1564.40673828125
23,0.12195121951219523,1.4872370002194657e-07,1,7,-2,1564.40673828125
24,0.17073170731707332,7.581180625493289e-07,1,7,-2,1564.40673828125
25,0.2195121951219512,5.225698984645533e-09,1,7,-2,1564.40673828125
26,0.2682926829268293,8.884286444299505e-07,1,7,-2,1564.40673828125
27,0.3170731707317074,6.765331818314735e-06,1,7,-2,1564.40673828125
28,0.36585365853658547,0.0,1,7,-2,1564.40673828125
29,0.41463414634146356,0.0,1,7,-2,1564.40673828125
30,0.46341463414634143,0.0,1,7,-2,1564.40673828125
31,0.5121951219512195,0.0,1,7,-2,1564.40673828125
32,0.5609756097560976,0.0,1,7,-2,1564.40673828125
33,0.6097560975609757,0.0,1,7,-2,1564.40673828125
34,0.6585365853658538,0.0,1,7,-2,1564.40673828125
35,0.7073170731707317,0.0,1,7,-2,1564.40673828125
36,0.7560975609756098,0.0,1,7,-2,1564.40673828125
37,0.8048780487804879,0.0,1,7,-2,1564.40673828125
38,0.853658536585366,0.0,1,7,-2,1564.40673828125
39,0.902439024390244,0.0,1,7,-2,1564.40673828125
40,0.9512195121951219,0.0,1,7,-2,1564.40673828125
41,1.0,0.0,1,7,-2,1564.40673828125
0,-1.0,4.966591404809151e-08,1,8,-2,1564.40673828125
1,-0.9512195121951219,1.947157215909101e-05,1,8,-2,1564.40673828125
2,-0.9024390243902439,2.216713028246886e-06,1,8,-2,1564.40673828125
3,-0.8536585365853658,7.3520000114513095e-06,1,8,-2,1564.40673828125
4,-0.8048780487804879,1.9902856820408488e-06,1,8,-2,1564.40673828125
5,-0.7560975609756098,7.302420272026211e-06,1,8,-2,1564.40673828125
6,-0.7073170731707317,8.875634307514702e-07,1,8,-2,1564.40673828125
7,-0.6585365853658536,3.7890618841629475e-05,1,8,-2,1564.40673828125
8,-0.6097560975609756,3.8565380236832425e-05,1,8,-2,1564.40673828125
9,-0.5609756097560976,9.365269943373278e-05,1,8,-2,1564.40673828125
10,-0.5121951219512195,0.0025915943551808596,1,8,-2,1564.40673828125
11,-0.46341463414634143,0.00010369354276917875,1,8,-2,1564.40673828125
12,-0.41463414634146334,1.1700202776410151e-05,1,8,-2,1564.40673828125
13,-0.36585365853658536,2.812559796439018e-05,1,8,-2,1564.40673828125
14,-0.31707317073170727,1.5702516975579783e-05,1,8,-2,1564.40673828125
15,-0.2682926829268293,4.694023232332256e-07,1,8,-2,1564.40673828125
16,-0.2195121951219512,4.604947662301129e-06,1,8,-2,1564.40673828125
17,-0.1707317073170731,5.036994252805016e-07,1,8,-2,1564.40673828125
18,-0.12195121951219512,6.715037670801394e-06,1,8,-2,1564.40673828125
19,-0.07317073170731703,3.376531367393909e-06,1,8,-2,1564.40673828125
20,-0.024390243902439046,1.5409543721034424e-06,1,8,-2,1564.40673828125
21,0.024390243902439046,1.2721166058327071e-06,1,8,-2,1564.40673828125
22,0.07317073170731714,1.4336750453480818e-08,1,8,-2,1564.40673828125
23,0.12195121951219523,0.0,1,8,-2,1564.40673828125
24,0.17073170731707332,0.0,1,8,-2,1564.40673828125
25,0.2195121951219512,0.0,1,8,-2,1564.40673828125
26,0.2682926829268293,0.0,1,8,-2,1564.40673828125
27,0.3170731707317074,0.0,1,8,-2,1564.40673828125
28,0.36585365853658547,0.0,1,8,-2,1564.40673828125
29,0.41463414634146356,0.0,1,8,-2,1564.40673828125
30,0.46341463414634143,0.0,1,8,-2,1564.40673828125
31,0.5121951219512195,0.0,1,8,-2,1564.40673828125
32,0.5609756097560976,0.0,1,8,-2,1564.40673828125
33,0.6097560975609757,0.0,1,8,-2,1564.40673828125
34,0.6585365853658538,0.0,1,8,-2,1564.40673828125
35,0.7073170731707317,0.0,1,8,-2,1564.40673828125
36,0.7560975609756098,0.0,1,8,-2,1564.40673828125
37,0.8048780487804879,0.0,1,8,-2,1564.40673828125
38,0.853658536585366,0.0,1,8,-2,1564.40673828125
39,0.902439024390244,0.0,1,8,-2,1564.40673828125
40,0.9512195121951219,0.0,1,8,-2,1564.40673828125
41,1.0,0.0,1,8,-2,1564.40673828125
0,-1.0,0.0,1,8,-1,1564.40673828125
1,-0.9512195121951219,0.0,1,8,-1,1564.40673828125
2,-0.9024390243902439,0.0,1,8,-1,1564.40673828125
3,-0.8536585365853658,0.0,1,8,-1,1564.40673828125
4,-0.8048780487804879,0.0,1,8,-1,1564.40673828125
5,-0.7560975609756098,0.0,1,8,-1,1564.40673828125
6,-0.7073170731707317,0.0,1,8,-1,1564.40673828125
7,-0.6585365853658536,0.0,1,8,-1,1564.40673828125
8,-0.6097560975609756,0.0,1,8,-1,1564.40673828125
9,-0.5609756097560976,0.0,1,8,-1,1564.40673828125
10,-0.5121951219512195,0.0,1,8,-1,1564.40673828125
11,-0.46341463414634143,0.0,1,8,-1,1564.40673828125
12,-0.41463414634146334,0.0,1,8,-1,1564.40673828125
13,-0.36585365853658536,0.0,1,8,-1,1564.40673828125
14,-0.31707317073170727,0.0,1,8,-1,1564.40673828125
15,-0.2682926829268293,0.0,1,8,-1,1564.40673828125
16,-0.2195121951219512,0.0,1,8,-1,1564.40673828125
17,-0.1707317073170731,0.0,1,8,-1,1564.40673828125
18,-0.12195121951219512,0.0,1,8,-1,1564.40673828125
19,-0.07317073170731703,0.0,1,8,-1,1564.40673828125
20,-0.024390243902439046,0.0,1,8,-1,1564.40673828125
21,0.024390243902439046,0.0,1,8,-1,1564.40673828125
22,0.07317073170731714,0.0,1,8,-1,1564.40673828125
23,0.12195121951219523,0.0,1,8,-1,1564.40673828125
24,0.17073170731707332,0.0,1,8,-1,1564.40673828125
25,0.2195121951219512,0.0,1,8,-1,1564.40673828125
26,0.2682926829268293,0.0,1,8,-1,1564.40673828125
27,0.3170731707317074,0.0,1,8,-1,1564.40673828125
28,0.36585365853658547,0.0,1,8,-1,1564.40673828125
29,0.41463414634146356,3.4637574231055623e-07,1,8,-1,1564.40673828125
30,0.46341463414634143,5.0043858834669663e-08,1,8,-1,1564.40673828125
31,0.5121951219512195,1.219274167851836e-06,1,8,-1,1564.40673828125
32,0.5609756097560976,1.6404301561578905e-07,1,8,-1,1564.40673828125
33,0.6097560975609757,5.878260367353505e-07,1,8,-1,1564.40673828125
34,0.6585365853658538,2.497190280337236e-06,1,8,-1,1564.40673828125
35,0.7073170731707317,9.729500561661553e-06,1,8,-1,1564.40673828125
36,0.7560975609756098,1.3297090845298953e-05,1,8,-1,1564.40673828125
37,0.8048780487804879,3.0044141112739453e-06,1,8,-1,1564.40673828125
38,0.853658536585366,5.8638110203901306e-05,1,8,-1,1564.40673828125
39,0.902439024390244,2.4528466383344494e-05,1,8,-1,1564.40673828125
40,0.9512195121951219,0.0004731746157631278,1,8,-1,1564.40673828125
41,1.0,0.0007098930655047297,1,8,-1,1564.40673828125
0,-1.0,5.758204792982724e-07,1,9,-2,1564.40673828125
1,-0.9512195121951219,2.5683840476631303e-07,1,9,-2,1564.40673828125
2,-0.9024390243902439,9.175531090477307e-08,1,9,-2,1564.40673828125
3,-0.8536585365853658,6.26498717792856e-07,1,9,-2,1564.40673828125
4,-0.8048780487804879,2.6035975679405965e-05,1,9,-2,1564.40673828125
5,-0.7560975609756098,1.3026218766754027e-05,1,9,-2,1564.40673828125
6,-0.7073170731707317,1.8559733234724263e-06,1,9,-2,1564.40673828125
7,-0.6585365853658536,0.0001879777992144227,1,9,-2,1564.40673828125
8,-0.6097560975609756,0.002613342134281993,1,9,-2,1564.40673828125
9,-0.5609756097560976,5.674879957950907e-06,1,9,-2,1564.40673828125
10,-0.5121951219512195,9.588850844011176e-06,1,9,-2,1564.40673828125
11,-0.46341463414634143,2.6204579626210034e-06,1,9,-2,1564.40673828125
12,-0.41463414634146334,7.778646249789745e-06,1,9,-2,1564.40673828125
13,-0.36585365853658536,2.216071834482136e-06,1,9,-2,1564.40673828125
14,-0.31707317073170727,1.8056309727398911e-06,1,9,-2,1564.40673828125
15,-0.2682926829268293,6.377087657938318e-08,1,9,-2,1564.40673828125
16,-0.2195121951219512,5.201936232879234e-07,1,9,-2,1564.40673828125
17,-0.1707317073170731,1.3406172456598142e-06,1,9,-2,1564.40673828125
18,-0.12195121951219512,3.710671535372967e-06,1,9,-2,1564.40673828125
19,-0.07317073170731703,0.0,1,9,-2,1564.40673828125
20,-0.024390243902439046,0.0,1,9,-2,1564.40673828125
21,0.024390243902439046,0.0,1,9,-2,1564.40673828125
22,0.07317073170731714,0.0,1,9,-2,1564.40673828125
23,0.12195121951219523,0.0,1,9,-2,1564.40673828125
24,0.17073170731707332,0.0,1,9,-2,1564.40673828125
25,0.2195121951219512,0.0,1,9,-2,1564.40673828125
26,0.2682926829268293,0.0,1,9,-2,1564.40673828125
27,0.3170731707317074,0.0,1,9,-2,1564.40673828125
28,0.36585365853658547,0.0,1,9,-2,1564.40673828125
29,0.41463414634146356,0.0,1,9,-2,1564.40673828125
30,0.46341463414634143,0.0,1,9,-2,1564.40673828125
31,0.5121951219512195,0.0,1,9,-2,1564.40673828125
32,0.5609756097560976,0.0,1,9,-2,1564.40673828125
33,0.6097560975609757,0.0,1,9,-2,1564.40673828125
34,0.6585365853658538,0.0,1,9,-2,1564.40673828125
35,0.7073170731707317,0.0,1,9,-2,1564.40673828125
36,0.7560975609756098,0.0,1,9,-2,1564.40673828125
37,0.8048780487804879,0.0,1,9,-2,1564.40673828125
38,0.853658536585366,0.0,1,9,-2,1564.40673828125
39,0.902439024390244,0.0,1,9,-2,1564.40673828125
40,0.9512195121951219,0.0,1,9,-2,1564.40673828125
41,1.0,0.0,1,9,-2,1564.40673828125
0,-1.0,0.0,1,9,-1,1564.40673828125
1,-0.9512195121951219,0.0,1,9,-1,1564.40673828125
2,-0.9024390243902439,0.0,1,9,-1,1564.40673828125
3,-0.8536585365853658,0.0,1,9,-1,1564.40673828125
4,-0.8048780487804879,0.0,1,9,-1,1564.40673828125
5,-0.7560975609756098,0.0,1,9,-1,1564.40673828125
6,-0.7073170731707317,0.0,1,9,-1,1564.40673828125
7,-0.6585365853658536,0.0,1,9,-1,1564.40673828125
8,-0.6097560975609756,0.0,1,9,-1,1564.40673828125
9,-0.5609756097560976,0.0,1,9,-1,1564.40673828125
10,-0.5121951219512195,0.0,1,9,-1,1564.40673828125
11,-0.46341463414634143,0.0,1,9,-1,1564.40673828125
12,-0.41463414634146334,0.0,1,9,-1,1564.40673828125
13,-0.36585365853658536,0.0,1,9,-1,1564.40673828125
14,-0.31707317073170727,0.0,1,9,-1,1564.40673828125
15,-0.2682926829268293,0.0,1,9,-1,1564.40673828125
16,-0.2195121951219512,0.0,1,9,-1,1564.40673828125
17,-0.1707317073170731,0.0,1,9,-1,1564.40673828125
18,-0.12195121951219512,0.0,1,9,-1,1564.40673828125
19,-0.07317073170731703,0.0,1,9,-1,1564.40673828125
20,-0.024390243902439046,0.0,1,9,-1,1564.40673828125
21,0.024390243902439046,0.0,1,9,-1,1564.40673828125
22,0.07317073170731714,0.0,1,9,-1,1564.40673828125
23,0.12195121951219523,0.0,1,9,-1,1564.40673828125
24,0.17073170731707332,0.0,1,9,-1,1564.40673828125
25,0.2195121951219512,6.977311528544305e-08,1,9,-1,1564.40673828125
26,0.2682926829268293,3.2998663801464545e-09,1,9,-1,1564.40673828125
27,0.3170731707317074,8.676588549860753e-07,1,9,-1,1564.40673828125
28,0.36585365853658547,4.578016898904025e-07,1,9,-1,1564.40673828125
29,0.41463414634146356,4.168009937188799e-09,1,9,-1,1564.40673828125
30,0.46341463414634143,1.2197179444228823e-07,1,9,-1,1564.40673828125
31,0.5121951219512195,2.7191526896785945e-07,1,9,-1,1564.40673828125
32,0.5609756097560976,1.6361438781586912e-07,1,9,-1,1564.40673828125
33,0.6097560975609757,7.614337391714798e-06,1,9,-1,1564.40673828125
34,0.6585365853658538,4.689011348091299e-06,1,9,-1,1564.40673828125
35,0.7073170731707317,0.0007611066102981567,1,9,-1,1564.40673828125
36,0.7560975609756098,2.659529911852587e-07,1,9,-1,1564.40673828125
37,0.8048780487804879,5.450970547826728e-06,1,9,-1,1564.40673828125
38,0.853658536585366,1.271547375836235e-06,1,9,-1,1564.40673828125
39,0.902439024390244,2.5874445697127157e-08,1,9,-1,1564.40673828125
40,0.9512195121951219,2.646843995535164e-06,1,9,-1,1564.40673828125
41,1.0,2.3342725398833863e-05,1,9,-1,1564.40673828125
0,-1.0,1.432179215044016e-05,2,-6,-10,1564.40673828125
1,-0.9512195121951219,4.476581125345547e-06,2,-6,-10,1564.40673828125
2,-0.9024390243902439,1.630500082683284e-05,2,-6,-10,1564.40673828125
3,-0.8536585365853658,0.000660210323985666,2,-6,-10,1564.40673828125
4,-0.8048780487804879,0.0006372249918058515,2,-6,-10,1564.40673828125
5,-0.7560975609756098,0.00011853033356601372,2,-6,-10,1564.40673828125
6,-0.7073170731707317,4.807316713595355e-07,2,-6,-10,1564.40673828125
7,-0.6585365853658536,1.1188631106051616e-06,2,-6,-10,1564.40673828125
8,-0.6097560975609756,4.90747379444656e-06,2,-6,-10,1564.40673828125
9,-0.5609756097560976,2.1565526253652934e-07,2,-6,-10,1564.40673828125
10,-0.5121951219512195,5.313740985002369e-07,2,-6,-10,1564.40673828125
11,-0.46341463414634143,3.744055902643595e-06,2,-6,-10,1564.40673828125
12,-0.41463414634146334,3.387267781818082e-07,2,-6,-10,1564.40673828125
13,-0.36585365853658536,3.914907154012326e-07,2,-6,-10,1564.40673828125
14,-0.31707317073170727,1.6341683704013121e-06,2,-6,-10,1564.40673828125
15,-0.2682926829268293,3.128581738565117e-06,2,-6,-10,1564.40673828125
16,-0.2195121951219512,4.1299850295217766e-07,2,-6,-10,1564.40673828125
17,-0.1707317073170731,4.2093336105608614e-07,2,-6,-10,1564.40673828125
18,-0.12195121951219512,8.044203525514604e-08,2,-6,-10,1564.40673828125
19,-0.07317073170731703,3.5126868169754744e-07,2,-6,-10,1564.40673828125
20,-0.024390243902439046,3.079281896134489e-07,2,-6,-10,1564.40673828125
21,0.024390243902439046,1.1453673778305529e-06,2,-6,-10,1564.40673828125
22,0.07317073170731714,0.0,2,-6,-10,1564.40673828125
23,0.12195121951219523,0.0,2,-6,-10,1564.40673828125
24,0.17073170731707332,0.0,2,-6,-10,1564.40673828125
25,0.2195121951219512,0.0,2,-6,-10,1564.40673828125
26,0.2682926829268293,0.0,2,-6,-10,1564.40673828125
27,0.3170731707317074,0.0,2,-6,-10,1564.40673828125
28,0.36585365853658547,0.0,2,-6,-10,1564.40673828125
29,0.41463414634146356,0.0,2,-6,-10,1564.40673828125
30,0.46341463414634143,0.0,2,-6,-10,1564.40673828125
31,0.5121951219512195,0.0,2,-6,-10,1564.40673828125
32,0.5609756097560976,0.0,2,-6,-10,1564.40673828125
33,0.6097560975609757,0.0,2,-6,-10,1564.40673828125
34,0.6585365853658538,0.0,2,-6,-10,1564.40673828125
35,0.7073170731707317,0.0,2,-6,-10,1564.40673828125
36,0.7560975609756098,0.0,2,-6,-10,1564.40673828125
37,0.8048780487804879,0.0,2,-6,-10,1564.40673828125
38,0.853658536585366,0.0,2,-6,-10,1564.40673828125
39,0.902439024390244,0.0,2,-6,-10,1564.40673828125
40,0.9512195121951219,0.0,2,-6,-10,1564.40673828125
41,1.0,0.0,2,-6,-10,1564.40673828125
0,-1.0,0.0,2,-5,-10,1564.40673828125
1,-0.9512195121951219,0.0,2,-5,-10,1564.40673828125
2,-0.9024390243902439,0.0,2,-5,-10,1564.40673828125
3,-0.8536585365853658,0.0,2,-5,-10,1564.40673828125
4,-0.8048780487804879,0.0,2,-5,-10,1564.40673828125
5,-0.7560975609756098,8.186188097170088e-06,2,-5,-10,1564.40673828125
6,-0.7073170731707317,1.464938009121397e-06,2,-5,-10,1564.40673828125
7,-0.6585365853658536,3.0119363145786338e-06,2,-5,-10,1564.40673828125
8,-0.6097560975609756,1.4222389665974333e-07,2,-5,-10,1564.40673828125
9,-0.5609756097560976,4.674466254073195e-06,2,-5,-10,1564.40673828125
10,-0.5121951219512195,2.837077545336797e-06,2,-5,-10,1564.40673828125
11,-0.46341463414634143,1.9257738870237517e-07,2,-5,-10,1564.40673828125
12,-0.41463414634146334,2.953412661099719e-07,2,-5,-10,1564.40673828125
13,-0.36585365853658536,8.750352208153345e-06,2,-5,-10,1564.40673828125
14,-0.31707317073170727,3.2688569717720384e-06,2,-5,-10,1564.40673828125
15,-0.2682926829268293,1.4573451153410133e-05,2,-5,-10,1564.40673828125
16,-0.2195121951219512,7.628906587342499e-06,2,-5,-10,1564.40673828125
17,-0.1707317073170731,1.9721355783985928e-05,2,-5,-10,1564.40673828125
18,-0.12195121951219512,4.371910563349957e-06,2,-5,-10,1564.40673828125
19,-0.07317073170731703,1.5234913007589057e-05,2,-5,-10,1564.40673828125
20,-0.024390243902439046,4.3279651436023414e-05,2,-5,-10,1564.40673828125
21,0.024390243902439046,3.579004624043591e-05,2,-5,-10,1564.40673828125
22,0.07317073170731714,7.575269410153851e-05,2,-5,-10,1564.40673828125
23,0.12195121951219523,6.445180588343646e-06,2,-5,-10,1564.40673828125
24,0.17073170731707332,0.00020198534184601158,2,-5,-10,1564.40673828125
25,0.2195121951219512,3.973655839217827e-05,2,-5,-10,1564.40673828125
26,0.2682926829268293,0.0001738929859129712,2,-5,-10,1564.40673828125
27,0.3170731707317074,0.003936381079256535,2,-5,-10,1564.40673828125
28,0.36585365853658547,0.00020941409457009286,2,-5,-10,1564.40673828125
29,0.41463414634146356,0.0002677525335457176,2,-5,-10,1564.40673828125
30,0.46341463414634143,2.192820375057636e-06,2,-5,-10,1564.40673828125
31,0.5121951219512195,4.7789410018594936e-05,2,-5,-10,1564.40673828125
32,0.5609756097560976,1.4082591405895073e-05,2,-5,-10,1564.40673828125
33,0.6097560975609757,2.4141723770298995e-05,2,-5,-10,1564.40673828125
34,0.6585365853658538,1.9883198547177017e-05,2,-5,-10,1564.40673828125
35,0.7073170731707317,2.1146122890058905e-05,2,-5,-10,1564.40673828125
36,0.7560975609756098,9.333654702459171e-07,2,-5,-10,1564.40673828125
37,0.8048780487804879,2.9857023037038743e-05,2,-5,-10,1564.40673828125
38,0.853658536585366,5.612575023405952e-06,2,-5,-10,1564.40673828125
39,0.902439024390244,7.016152267169673e-06,2,-5,-10,1564.40673828125
40,0.9512195121951219,3.034654127986869e-06,2,-5,-10,1564.40673828125
41,1.0,4.633188837033231e-06,2,-5,-10,1564.40673828125
0,-1.0,5.523148956854129e-06,2,-3,-9,1564.40673828125
1,-0.9512195121951219,4.923694177705329e-06,2,-3,-9,1564.40673828125
2,-0.9024390243902439,2.025196408794727e-06,2,-3,-9,1564.40673828125
3,-0.8536585365853658,4.0669027612239006e-07,2,-3,-9,1564.40673828125
4,-0.8048780487804879,4.239377631165553e-06,2,-3,-9,1564.40673828125
5,-0.7560975609756098,1.8090531739289872e-05,2,-3,-9,1564.40673828125
6,-0.7073170731707317,1.0666060916264541e-05,2,-3,-9,1564.40673828125
7,-0.6585365853658536,7.3592937042121775e-06,2,-3,-9,1564.40673828125
8,-0.6097560975609756,1.8751934476313181e-06,2,-3,-9,1564.40673828125
9,-0.5609756097560976,6.78266314935172e-06,2,-3,-9,1564.40673828125
10,-0.5121951219512195,4.6992095121822786e-06,2,-3,-9,1564.40673828125
11,-0.46341463414634143,2.2455049474956468e-05,2,-3,-9,1564.40673828125
12,-0.41463414634146334,4.705137325800024e-05,2,-3,-9,1564.40673828125
13,-0.36585365853658536,1.5589812392136082e-05,2,-3,-9,1564.40673828125
14,-0.31707317073170727,1.1728130630217493e-05,2,-3,-9,1564.40673828125
15,-0.2682926829268293,1.595733237991226e-06,2,-3,-9,1564.40673828125
16,-0.2195121951219512,2.657428922248073e-06,2,-3,-9,1564.40673828125
17,-0.1707317073170731,2.2543651994055836e-06,2,-3,-9,1564.40673828125
18,-0.12195121951219512,2.2694189283356536e-06,2,-3,-9,1564.40673828125
19,-0.07317073170731703,2.0892250176984817e-05,2,-3,-9,1564.40673828125
20,-0.024390243902439046,2.7430016871221596e-06,2,-3,-9,1564.40673828125
21,0.024390243902439046,6.640198535023956e-06,2,-3,-9,1564.40673828125
22,0.07317073170731714,8.259582386926922e-07,2,-3,-9,1564.40673828125
23,0.12195121951219523,1.4379901585925836e-05,2,-3,-9,1564.40673828125
24,0.17073170731707332,1.1691541658365168e-05,2,-3,-9,1564.40673828125
25,0.2195121951219512,9.708846846478991e-06,2,-3,-9,1564.40673828125
26,0.2682926829268293,3.1416468573297607e-06,2,-3,-9,1564.40673828125
27,0.3170731707317074,4.9154209591506515e-06,2,-3,-9,1564.40673828125
28,0.36585365853658547,3.2108771847561e-05,2,-3,-9,1564.40673828125
29,0.41463414634146356,1.8108119547832757e-05,2,-3,-9,1564.40673828125
30,0.46341463414634143,7.001613266766071e-05,2,-3,-9,1564.40673828125
31,0.5121951219512195,0.00036078604171052575,2,-3,-9,1564.40673828125
32,0.5609756097560976,0.0012209004489704967,2,-3,-9,1564.40673828125
33,0.6097560975609757,0.006485840771347284,2,-3,-9,1564.40673828125
34,0.6585365853658538,0.005635540932416916,2,-3,-9,1564.40673828125
35,0.7073170731707317,7.539220678154379e-05,2,-3,-9,1564.40673828125
36,0.7560975609756098,0.000208552140975371,2,-3,-9,1564.40673828125
37,0.8048780487804879,0.00014928702148608863,2,-3,-9,1564.40673828125
38,0.853658536585366,2.6998803150490858e-05,2,-3,-9,1564.40673828125
39,0.902439024390244,2.5312594516435638e-05,2,-3,-9,1564.40673828125
40,0.9512195121951219,5.230833266978152e-05,2,-3,-9,1564.40673828125
41,1.0,5.4498679673997685e-05,2,-3,-9,1564.40673828125
0,-1.0,7.81402995926328e-05,2,-1,-8,1564.40673828125
1,-0.9512195121951219,1.739111394272186e-05,2,-1,-8,1564.40673828125
2,-0.9024390243902439,3.55684278474655e-05,2,-1,-8,1564.40673828125
3,-0.8536585365853658,0.00018570483371149749,2,-1,-8,1564.40673828125
4,-0.8048780487804879,6.944144115550444e-05,2,-1,-8,1564.40673828125
5,-0.7560975609756098,3.880788790411316e-05,2,-1,-8,1564.40673828125
6,-0.7073170731707317,6.718521035509184e-05,2,-1,-8,1564.40673828125
7,-0.6585365853658536,0.00021023827139288187,2,-1,-8,1564.40673828125
8,-0.6097560975609756,0.00026477541541680694,2,-1,-8,1564.40673828125
9,-0.5609756097560976,0.00010971732262987643,2,-1,-8,1564.40673828125
10,-0.5121951219512195,0.0002532772778067738,2,-1,-8,1564.40673828125
11,-0.46341463414634143,0.0001127825744333677,2,-1,-8,1564.40673828125
12,-0.41463414634146334,0.00018332790932618082,2,-1,-8,1564.40673828125
13,-0.36585365853658536,0.00020391230646055192,2,-1,-8,1564.40673828125
14,-0.31707317073170727,0.00016442392370663583,2,-1,-8,1564.40673828125
15,-0.2682926829268293,3.563477730494924e-05,2,-1,-8,1564.40673828125
16,-0.2195121951219512,7.84789790486684e-06,2,-1,-8,1564.40673828125
17,-0.1707317073170731,0.00020392036822158843,2,-1,-8,1564.40673828125
18,-0.12195121951219512,0.0018704170361161232,2,-1,-8,1564.40673828125
19,-0.07317073170731703,1.4502371641356149e-06,2,-1,-8,1564.40673828125
20,-0.024390243902439046,0.000743273354601115,2,-1,-8,1564.40673828125
21,0.024390243902439046,0.006262525450438261,2,-1,-8,1564.40673828125
22,0.07317073170731714,0.0008926563896238804,2,-1,-8,1564.40673828125
23,0.12195121951219523,6.818318070145324e-05,2,-1,-8,1564.40673828125
24,0.17073170731707332,0.0005174328107386827,2,-1,-8,1564.40673828125
25,0.2195121951219512,0.000870749878231436,2,-1,-8,1564.40673828125
26,0.2682926829268293,0.002355128526687622,2,-1,-8,1564.40673828125
27,0.3170731707317074,0.0013717382680624723,2,-1,-8,1564.40673828125
28,0.36585365853658547,0.0003759963728953153,2,-1,-8,1564.40673828125
29,0.41463414634146356,0.0008507720194756985,2,-1,-8,1564.40673828125
30,0.46341463414634143,0.01371749211102724,2,-1,-8,1564.40673828125
31,0.5121951219512195,0.06437859684228897,2,-1,-8,1564.40673828125
32,0.5609756097560976,0.039185117930173874,2,-1,-8,1564.40673828125
33,0.6097560975609757,0.03544284403324127,2,-1,-8,1564.40673828125
34,0.6585365853658538,0.03770297020673752,2,-1,-8,1564.40673828125
35,0.7073170731707317,0.038142576813697815,2,-1,-8,1564.40673828125
36,0.7560975609756098,0.025925150141119957,2,-1,-8,1564.40673828125
37,0.8048780487804879,0.010335903614759445,2,-1,-8,1564.40673828125
38,0.853658536585366,0.004853858146816492,2,-1,-8,1564.40673828125
39,0.902439024390244,0.0006332137272693217,2,-1,-8,1564.40673828125
40,0.9512195121951219,1.0364806257712189e-05,2,-1,-8,1564.40673828125
41,1.0,0.002364778658375144,2,-1,-8,1564.40673828125
0,-1.0,1.7165037206723355e-05,2,2,-7,1564.40673828125
1,-0.9512195121951219,1.2786275874532294e-05,2,2,-7,1564.40673828125
2,-0.9024390243902439,1.4633507134931278e-06,2,2,-7,1564.40673828125
3,-0.8536585365853658,8.598100976087153e-06,2,2,-7,1564.40673828125
4,-0.8048780487804879,2.1440364150748792e-08,2,2,-7,1564.40673828125
5,-0.7560975609756098,1.1097265996795613e-05,2,2,-7,1564.40673828125
6,-0.7073170731707317,2.56587918556761e-06,2,2,-7,1564.40673828125
7,-0.6585365853658536,5.899408643017523e-05,2,2,-7,1564.40673828125
8,-0.6097560975609756,0.00023851061996538192,2,2,-7,1564.40673828125
9,-0.5609756097560976,0.0016964171081781387,2,2,-7,1564.40673828125
10,-0.5121951219512195,0.01183917373418808,2,2,-7,1564.40673828125
11,-0.46341463414634143,0.0044610584154725075,2,2,-7,1564.40673828125
12,-0.41463414634146334,0.00023082876577973366,2,2,-7,1564.40673828125
13,-0.36585365853658536,1.7302502897109662e-07,2,2,-7,1564.40673828125
14,-0.31707317073170727,1.2492429050325882e-05,2,2,-7,1564.40673828125
15,-0.2682926829268293,2.044025131908711e-05,2,2,-7,1564.40673828125
16,-0.2195121951219512,2.0832518202951178e-05,2,2,-7,1564.40673828125
17,-0.1707317073170731,7.999356057553086e-06,2,2,-7,1564.40673828125
18,-0.12195121951219512,6.774882785975933e-05,2,2,-7,1564.40673828125
19,-0.07317073170731703,9.587212844053283e-06,2,2,-7,1564.40673828125
20,-0.024390243902439046,1.2821010386687703e-05,2,2,-7,1564.40673828125
21,0.024390243902439046,6.534854037454352e-05,2,2,-7,1564.40673828125
22,0.07317073170731714,2.452362650728901e-06,2,2,-7,1564.40673828125
23,0.12195121951219523,1.7937817347046803e-06,2,2,-7,1564.40673828125
24,0.17073170731707332,1.1699761444106116e-06,2,2,-7,1564.40673828125
25,0.2195121951219512,3.411639454498072e-06,2,2,-7,1564.40673828125
26,0.2682926829268293,8.475109098071698e-06,2,2,-7,1564.40673828125
27,0.3170731707317074,3.0929356853448553e-06,2,2,-7,1564.40673828125
28,0.36585365853658547,1.643033556320006e-06,2,2,-7,1564.40673828125
29,0.41463414634146356,6.1474174799514e-06,2,2,-7,1564.40673828125
30,0.46341463414634143,1.782432150321256e-06,2,2,-7,1564.40673828125
31,0.5121951219512195,2.2229418391361833e-05,2,2,-7,1564.40673828125
32,0.5609756097560976,1.0783451216411777e-05,2,2,-7,1564.40673828125
33,0.6097560975609757,1.7177950212499127e-05,2,2,-7,1564.40673828125
34,0.6585365853658538,3.174426456098445e-05,2,2,-7,1564.40673828125
35,0.7073170731707317,2.708407919271849e-05,2,2,-7,1564.40673828125
36,0.7560975609756098,8.188252650143113e-06,2,2,-7,1564.40673828125
37,0.8048780487804879,2.6724248982645804e-06,2,2,-7,1564.40673828125
38,0.853658536585366,1.388671933000296e-07,2,2,-7,1564.40673828125
39,0.902439024390244,6.588045380340191e-07,2,2,-7,1564.40673828125
40,0.9512195121951219,9.065253721018962e-07,2,2,-7,1564.40673828125
41,1.0,4.8892150772417153e-08,2,2,-7,1564.40673828125
0,-1.0,0.0,2,4,-6,1564.40673828125
1,-0.9512195121951219,0.0,2,4,-6,1564.40673828125
2,-0.9024390243902439,0.0,2,4,-6,1564.40673828125
3,-0.8536585365853658,0.0,2,4,-6,1564.40673828125
4,-0.8048780487804879,0.0,2,4,-6,1564.40673828125
5,-0.7560975609756098,0.0,2,4,-6,1564.40673828125
6,-0.7073170731707317,0.0,2,4,-6,1564.40673828125
7,-0.6585365853658536,0.0,2,4,-6,1564.40673828125
8,-0.6097560975609756,0.0,2,4,-6,1564.40673828125
9,-0.5609756097560976,0.0,2,4,-6,1564.40673828125
10,-0.5121951219512195,0.0,2,4,-6,1564.40673828125
11,-0.46341463414634143,0.0,2,4,-6,1564.40673828125
12,-0.41463414634146334,0.0,2,4,-6,1564.40673828125
13,-0.36585365853658536,0.0,2,4,-6,1564.40673828125
14,-0.31707317073170727,0.0,2,4,-6,1564.40673828125
15,-0.2682926829268293,4.926658675685758e-06,2,4,-6,1564.40673828125
16,-0.2195121951219512,1.2607609960468835e-06,2,4,-6,1564.40673828125
17,-0.1707317073170731,5.414258339442313e-06,2,4,-6,1564.40673828125
18,-0.12195121951219512,3.0584043997805566e-05,2,4,-6,1564.40673828125
19,-0.07317073170731703,8.394913493248168e-07,2,4,-6,1564.40673828125
20,-0.024390243902439046,1.54613171616802e-05,2,4,-6,1564.40673828125
21,0.024390243902439046,5.032129593018908e-06,2,4,-6,1564.40673828125
22,0.07317073170731714,7.047467079246417e-06,2,4,-6,1564.40673828125
23,0.12195121951219523,9.278348443331197e-06,2,4,-6,1564.40673828125
24,0.17073170731707332,3.425227987463586e-05,2,4,-6,1564.40673828125
25,0.2195121951219512,1.8658423869055696e-05,2,4,-6,1564.40673828125
26,0.2682926829268293,1.3296990800881758e-05,2,4,-6,1564.40673828125
27,0.3170731707317074,1.1670808817143552e-05,2,4,-6,1564.40673828125
28,0.36585365853658547,1.734797251629061e-06,2,4,-6,1564.40673828125
29,0.41463414634146356,9.154195140581578e-06,2,4,-6,1564.40673828125
30,0.46341463414634143,3.987946911365725e-06,2,4,-6,1564.40673828125
31,0.5121951219512195,2.6274328774889e-05,2,4,-6,1564.40673828125
32,0.5609756097560976,5.080251139588654e-05,2,4,-6,1564.40673828125
33,0.6097560975609757,1.9452731976343784e-06,2,4,-6,1564.40673828125
34,0.6585365853658538,0.00025843700859695673,2,4,-6,1564.40673828125
35,0.7073170731707317,7.361204188782722e-05,2,4,-6,1564.40673828125
36,0.7560975609756098,0.0010337267303839326,2,4,-6,1564.40673828125
37,0.8048780487804879,0.03434299677610397,2,4,-6,1564.40673828125
38,0.853658536585366,0.0004910267889499664,2,4,-6,1564.40673828125
39,0.902439024390244,0.0008311232086271048,2,4,-6,1564.40673828125
40,0.9512195121951219,6.630374628002755e-06,2,4,-6,1564.40673828125
41,1.0,7.971887680469081e-05,2,4,-6,1564.40673828125
0,-1.0,0.0,2,5,-6,1564.40673828125
1,-0.9512195121951219,0.0,2,5,-6,1564.40673828125
2,-0.9024390243902439,0.0,2,5,-6,1564.40673828125
3,-0.8536585365853658,0.0,2,5,-6,1564.40673828125
4,-0.8048780487804879,0.0,2,5,-6,1564.40673828125
5,-0.7560975609756098,0.0,2,5,-6,1564.40673828125
6,-0.7073170731707317,3.8100623100945086e-07,2,5,-6,1564.40673828125
7,-0.6585365853658536,4.682130736455292e-07,2,5,-6,1564.40673828125
8,-0.6097560975609756,6.729577251007868e-08,2,5,-6,1564.40673828125
9,-0.5609756097560976,2.546064024500083e-06,2,5,-6,1564.40673828125
10,-0.5121951219512195,3.71327655557252e-06,2,5,-6,1564.40673828125
11,-0.46341463414634143,1.000345378088241e-06,2,5,-6,1564.40673828125
12,-0.41463414634146334,1.3493472579284571e-06,2,5,-6,1564.40673828125
13,-0.36585365853658536,7.576372809126042e-07,2,5,-6,1564.40673828125
14,-0.31707317073170727,1.6720381523782635e-08,2,5,-6,1564.40673828125
15,-0.2682926829268293,3.7246346096253546e-07,2,5,-6,1564.40673828125
16,-0.2195121951219512,3.0756423257116694e-06,2,5,-6,1564.40673828125
17,-0.1707317073170731,3.943413503293414e-06,2,5,-6,1564.40673828125
18,-0.12195121951219512,9.167664757114835e-06,2,5,-6,1564.40673828125
19,-0.07317073170731703,4.736959454021417e-06,2,5,-6,1564.40673828125
20,-0.024390243902439046,2.597955972305499e-05,2,5,-6,1564.40673828125
21,0.024390243902439046,9.13705207494786e-06,2,5,-6,1564.40673828125
22,0.07317073170731714,3.9649748941883445e-05,2,5,-6,1564.40673828125
23,0.12195121951219523,0.00011137254477944225,2,5,-6,1564.40673828125
24,0.17073170731707332,0.0017024325206875801,2,5,-6,1564.40673828125
25,0.2195121951219512,9.078604489332065e-05,2,5,-6,1564.40673828125
26,0.2682926829268293,3.165403541061096e-05,2,5,-6,1564.40673828125
27,0.3170731707317074,1.4215200280887075e-05,2,5,-6,1564.40673828125
28,0.36585365853658547,4.9281021347269416e-05,2,5,-6,1564.40673828125
29,0.41463414634146356,9.205502465192694e-06,2,5,-6,1564.40673828125
30,0.46341463414634143,1.4950055629014969e-06,2,5,-6,1564.40673828125
31,0.5121951219512195,5.159358806849923e-06,2,5,-6,1564.40673828125
32,0.5609756097560976,1.4309576954474323e-06,2,5,-6,1564.40673828125
33,0.6097560975609757,3.07308852143251e-07,2,5,-6,1564.40673828125
34,0.6585365853658538,5.069223902864906e-07,2,5,-6,1564.40673828125
35,0.7073170731707317,1.12205566438206e-06,2,5,-6,1564.40673828125
36,0.7560975609756098,1.9920958038710523e-06,2,5,-6,1564.40673828125
37,0.8048780487804879,1.0423577805340756e-05,2,5,-6,1564.40673828125
38,0.853658536585366,5.162440288586367e-07,2,5,-6,1564.40673828125
39,0.902439024390244,3.6737120012730884e-08,2,5,-6,1564.40673828125
40,0.9512195121951219,2.412701860521338e-07,2,5,-6,1564.40673828125
41,1.0,2.0595167882220267e-07,2,5,-6,1564.40673828125
0,-1.0,0.0,2,6,-6,1564.40673828125
1,-0.9512195121951219,2.3963823423400754e-06,2,6,-6,1564.40673828125
2,-0.9024390243902439,1.0197040865023155e-06,2,6,-6,1564.40673828125
3,-0.8536585365853658,4.6007451715013303e-07,2,6,-6,1564.40673828125
4,-0.8048780487804879,1.0946870361294714e-06,2,6,-6,1564.40673828125
5,-0.7560975609756098,5.453400149235677e-07,2,6,-6,1564.40673828125
6,-0.7073170731707317,1.002301132757566e-06,2,6,-6,1564.40673828125
7,-0.6585365853658536,1.6213529079323052e-06,2,6,-6,1564.40673828125
8,-0.6097560975609756,9.461477930017281e-06,2,6,-6,1564.40673828125
9,-0.5609756097560976,1.5265623005689122e-06,2,6,-6,1564.40673828125
10,-0.5121951219512195,1.6947957419688464e-06,2,6,-6,1564.40673828125
11,-0.46341463414634143,8.88733893589233e-07,2,6,-6,1564.40673828125
12,-0.41463414634146334,1.9165113371855114e-06,2,6,-6,1564.40673828125
13,-0.36585365853658536,1.0910812306974549e-05,2,6,-6,1564.40673828125
14,-0.31707317073170727,1.9264691218268126e-05,2,6,-6,1564.40673828125
15,-0.2682926829268293,0.000303238834021613,2,6,-6,1564.40673828125
16,-0.2195121951219512,0.0023727540392428637,2,6,-6,1564.40673828125
17,-0.1707317073170731,0.00015040764992590994,2,6,-6,1564.40673828125
18,-0.12195121951219512,4.310097381221567e-07,2,6,-6,1564.40673828125
19,-0.07317073170731703,2.5730465495144017e-05,2,6,-6,1564.40673828125
20,-0.024390243902439046,1.3730131286138203e-05,2,6,-6,1564.40673828125
21,0.024390243902439046,3.0614417028118623e-06,2,6,-6,1564.40673828125
22,0.07317073170731714,1.833997202993487e-06,2,6,-6,1564.40673828125
23,0.12195121951219523,1.419587647433218e-06,2,6,-6,1564.40673828125
24,0.17073170731707332,4.610236032931425e-07,2,6,-6,1564.40673828125
25,0.2195121951219512,1.2869202237197896e-06,2,6,-6,1564.40673828125
26,0.2682926829268293,2.3867727350079804e-07,2,6,-6,1564.40673828125
27,0.3170731707317074,1.760328416366974e-07,2,6,-6,1564.40673828125
28,0.36585365853658547,7.799759771387471e-08,2,6,-6,1564.40673828125
29,0.41463414634146356,2.5163993111476657e-09,2,6,-6,1564.40673828125
30,0.46341463414634143,2.8551485797834175e-07,2,6,-6,1564.40673828125
31,0.5121951219512195,1.5187791291282338e-07,2,6,-6,1564.40673828125
32,0.5609756097560976,0.0,2,6,-6,1564.40673828125
33,0.6097560975609757,0.0,2,6,-6,1564.40673828125
34,0.6585365853658538,0.0,2,6,-6,1564.40673828125
35,0.7073170731707317,0.0,2,6,-6,1564.40673828125
36,0.7560975609756098,0.0,2,6,-6,1564.40673828125
37,0.8048780487804879,0.0,2,6,-6,1564.40673828125
38,0.853658536585366,0.0,2,6,-6,1564.40673828125
39,0.902439024390244,0.0,2,6,-6,1564.40673828125
40,0.9512195121951219,0.0,2,6,-6,1564.40673828125
41,1.0,0.0,2,6,-6,1564.40673828125
0,-1.0,5.951334713927281e-08,2,7,-6,1564.40673828125
1,-0.9512195121951219,1.7945358194992878e-06,2,7,-6,1564.40673828125
2,-0.9024390243902439,7.605345331285207e-07,2,7,-6,1564.40673828125
3,-0.8536585365853658,8.094015129245236e-07,2,7,-6,1564.40673828125
4,-0.8048780487804879,5.127733970766712e-07,2,7,-6,1564.40673828125
5,-0.7560975609756098,1.1264835393376416e-06,2,7,-6,1564.40673828125
6,-0.7073170731707317,2.4068741666383175e-08,2,7,-6,1564.40673828125
7,-0.6585365853658536,3.447600818162755e-07,2,7,-6,1564.40673828125
8,-0.6097560975609756,0.00017439911607652903,2,7,-6,1564.40673828125
9,-0.5609756097560976,8.884393537300639e-06,2,7,-6,1564.40673828125
10,-0.5121951219512195,1.7576387278950278e-07,2,7,-6,1564.40673828125
11,-0.46341463414634143,0.002051103161647916,2,7,-6,1564.40673828125
12,-0.41463414634146334,7.370923412963748e-05,2,7,-6,1564.40673828125
13,-0.36585365853658536,4.280854409444146e-05,2,7,-6,1564.40673828125
14,-0.31707317073170727,2.0533259885269217e-05,2,7,-6,1564.40673828125
15,-0.2682926829268293,5.926044082116277e-07,2,7,-6,1564.40673828125
16,-0.2195121951219512,8.289089237223379e-07,2,7,-6,1564.40673828125
17,-0.1707317073170731,3.1476452022616286e-06,2,7,-6,1564.40673828125
18,-0.12195121951219512,1.811948823160492e-05,2,7,-6,1564.40673828125
19,-0.07317073170731703,4.434297352418071e-06,2,7,-6,1564.40673828125
20,-0.024390243902439046,5.936097750236513e-06,2,7,-6,1564.40673828125
21,0.024390243902439046,5.232735134086397e-08,2,7,-6,1564.40673828125
22,0.07317073170731714,1.1614181403274415e-06,2,7,-6,1564.40673828125
23,0.12195121951219523,7.490295388379309e-07,2,7,-6,1564.40673828125
24,0.17073170731707332,9.341804485529792e-08,2,7,-6,1564.40673828125
25,0.2195121951219512,0.0,2,7,-6,1564.40673828125
26,0.2682926829268293,0.0,2,7,-6,1564.40673828125
27,0.3170731707317074,0.0,2,7,-6,1564.40673828125
28,0.36585365853658547,0.0,2,7,-6,1564.40673828125
29,0.41463414634146356,0.0,2,7,-6,1564.40673828125
30,0.46341463414634143,0.0,2,7,-6,1564.40673828125
31,0.5121951219512195,0.0,2,7,-6,1564.40673828125
32,0.5609756097560976,0.0,2,7,-6,1564.40673828125
33,0.6097560975609757,0.0,2,7,-6,1564.40673828125
34,0.6585365853658538,0.0,2,7,-6,1564.40673828125
35,0.7073170731707317,0.0,2,7,-6,1564.40673828125
36,0.7560975609756098,0.0,2,7,-6,1564.40673828125
37,0.8048780487804879,0.0,2,7,-6,1564.40673828125
38,0.853658536585366,0.0,2,7,-6,1564.40673828125
39,0.902439024390244,0.0,2,7,-6,1564.40673828125
40,0.9512195121951219,0.0,2,7,-6,1564.40673828125
41,1.0,0.0,2,7,-6,1564.40673828125
0,-1.0,6.958773042242683e-07,3,2,-11,1564.40673828125
1,-0.9512195121951219,1.645398128857778e-06,3,2,-11,1564.40673828125
2,-0.9024390243902439,1.0055411621578969e-05,3,2,-11,1564.40673828125
3,-0.8536585365853658,9.694773552837432e-07,3,2,-11,1564.40673828125
4,-0.8048780487804879,2.23927571596505e-07,3,2,-11,1564.40673828125
5,-0.7560975609756098,9.008369943330763e-07,3,2,-11,1564.40673828125
6,-0.7073170731707317,3.1408256973008974e-07,3,2,-11,1564.40673828125
7,-0.6585365853658536,1.305721980315866e-06,3,2,-11,1564.40673828125
8,-0.6097560975609756,3.0532302730534866e-07,3,2,-11,1564.40673828125
9,-0.5609756097560976,2.2222700124530093e-07,3,2,-11,1564.40673828125
10,-0.5121951219512195,3.765632783370165e-08,3,2,-11,1564.40673828125
11,-0.46341463414634143,3.927761724753509e-07,3,2,-11,1564.40673828125
12,-0.41463414634146334,8.324564646500221e-07,3,2,-11,1564.40673828125
13,-0.36585365853658536,1.2832896345571498e-06,3,2,-11,1564.40673828125
14,-0.31707317073170727,6.052359822206199e-07,3,2,-11,1564.40673828125
15,-0.2682926829268293,3.1484168605544482e-09,3,2,-11,1564.40673828125
16,-0.2195121951219512,1.0364647096139379e-06,3,2,-11,1564.40673828125
17,-0.1707317073170731,1.2771776027875603e-06,3,2,-11,1564.40673828125
18,-0.12195121951219512,4.808934136235621e-06,3,2,-11,1564.40673828125
19,-0.07317073170731703,3.870094644753408e-07,3,2,-11,1564.40673828125
20,-0.024390243902439046,1.6753439524563873e-08,3,2,-11,1564.40673828125
21,0.024390243902439046,2.681405817384075e-07,3,2,-11,1564.40673828125
22,0.07317073170731714,8.97111874564871e-07,3,2,-11,1564.40673828125
23,0.12195121951219523,5.487622729560826e-06,3,2,-11,1564.40673828125
24,0.17073170731707332,1.0663728062354494e-05,3,2,-11,1564.40673828125
25,0.2195121951219512,9.167757525574416e-06,3,2,-11,1564.40673828125
26,0.2682926829268293,7.379319868050516e-05,3,2,-11,1564.40673828125
27,0.3170731707317074,2.569618345660274e-06,3,2,-11,1564.40673828125
28,0.36585365853658547,1.6138753267114225e-07,3,2,-11,1564.40673828125
29,0.41463414634146356,4.356463978183456e-05,3,2,-11,1564.40673828125
30,0.46341463414634143,0.0008903710404410958,3,2,-11,1564.40673828125
31,0.5121951219512195,0.0004098770150449127,3,2,-11,1564.40673828125
32,0.5609756097560976,0.00012018747656838968,3,2,-11,1564.40673828125
33,0.6097560975609757,1.7188731362693943e-05,3,2,-11,1564.40673828125
34,0.6585365853658538,3.6355465908854967e-06,3,2,-11,1564.40673828125
35,0.7073170731707317,1.0474835107743274e-05,3,2,-11,1564.40673828125
36,0.7560975609756098,1.3886337910662405e-05,3,2,-11,1564.40673828125
37,0.8048780487804879,3.717043000506237e-05,3,2,-11,1564.40673828125
38,0.853658536585366,2.2185636225913186e-06,3,2,-11,1564.40673828125
39,0.902439024390244,5.624375717161456e-06,3,2,-11,1564.40673828125
40,0.9512195121951219,9.08292520307441e-07,3,2,-11,1564.40673828125
41,1.0,2.9489810913219117e-06,3,2,-11,1564.40673828125
