tilt_index,tilt_angle,intensity,h,k,l,thickness
0,-1.0,5.0914927385292685e-08,-3,-6,7,1808.474609375
1,-0.9512195121951219,4.036504378746031e-06,-3,-6,7,1808.474609375
2,-0.9024390243902439,4.946949161421799e-07,-3,-6,7,1808.474609375
3,-0.8536585365853658,8.714265277376398e-06,-3,-6,7,1808.474609375
4,-0.8048780487804879,6.494366516562877e-06,-3,-6,7,1808.474609375
5,-0.7560975609756098,1.7875272533274256e-05,-3,-6,7,1808.474609375
6,-0.7073170731707317,8.777554285188671e-06,-3,-6,7,1808.474609375
7,-0.6585365853658536,2.2938274923944846e-05,-3,-6,7,1808.474609375
8,-0.6097560975609756,0.00047597396769560874,-3,-6,7,1808.474609375
9,-0.5609756097560976,0.009342430159449577,-3,-6,7,1808.474609375
10,-0.5121951219512195,1.5215129678836092e-05,-3,-6,7,1808.474609375
11,-0.46341463414634143,8.640166197437793e-05,-3,-6,7,1808.474609375
12,-0.41463414634146334,3.0688063361594686e-06,-3,-6,7,1808.474609375
13,-0.36585365853658536,8.0164973041974e-06,-3,-6,7,1808.474609375
14,-0.31707317073170727,1.679565144740991e-07,-3,-6,7,1808.474609375
15,-0.2682926829268293,6.245119493542006e-06,-3,-6,7,1808.474609375
16,-0.2195121951219512,1.9347319266671548e-06,-3,-6,7,1808.474609375
17,-0.1707317073170731,2.2304049707599916e-05,-3,-6,7,1808.474609375
18,-0.12195121951219512,6.655267839050794e-07,-3,-6,7,1808.474609375
19,-0.07317073170731703,1.2494753036662587e-06,-3,-6,7,1808.474609375
20,-0.024390243902439046,2.521127953514224e-06,-3,-6,7,1808.474609375
21,0.024390243902439046,5.066574885859154e-06,-3,-6,7,1808.474609375
22,0.07317073170731714,4.079185600858182e-06,-3,-6,7,1808.474609375
23,0.12195121951219523,4.62918904986509e-07,-3,-6,7,1808.474609375
24,0.17073170731707332,0.0,-3,-6,7,1808.474609375
25,0.2195121951219512,0.0,-3,-6,7,1808.474609375
26,0.2682926829268293,0.0,-3,-6,7,1808.474609375
27,0.3170731707317074,0.0,-3,-6,7,1808.474609375
28,0.36585365853658547,0.0,-3,-6,7,1808.474609375
29,0.41463414634146356,0.0,-3,-6,7,1808.474609375
30,0.46341463414634143,0.0,-3,-6,7,1808.474609375
31,0.5121951219512195,0.0,-3,-6,7,1808.474609375
32,0.5609756097560976,0.0,-3,-6,7,1808.474609375
33,0.6097560975609757,0.0,-3,-6,7,1808.474609375
34,0.6585365853658538,0.0,-3,-6,7,1808.474609375
35,0.7073170731707317,0.0,-3,-6,7,1808.474609375
36,0.7560975609756098,0.0,-3,-6,7,1808.474609375
37,0.8048780487804879,0.0,-3,-6,7,1808.474609375
38,0.853658536585366,0.0,-3,-6,7,1808.474609375
39,0.902439024390244,0.0,-3,-6,7,1808.474609375
40,0.9512195121951219,0.0,-3,-6,7,1808.474609375
41,1.0,0.0,-3,-6,7,1808.474609375
0,-1.0,0.0,-3,-5,7,1808.474609375
1,-0.9512195121951219,0.0,-3,-5,7,1808.474609375
2,-0.9024390243902439,0.0,-3,-5,7,1808.474609375
3,-0.8536585365853658,0.0,-3,-5,7,1808.474609375
4,-0.8048780487804879,0.0,-3,-5,7,1808.474609375
5,-0.7560975609756098,0.0,-3,-5,7,1808.474609375
6,-0.7073170731707317,0.0,-3,-5,7,1808.474609375
7,-0.6585365853658536,0.0,-3,-5,7,1808.474609375
8,-0.6097560975609756,0.0,-3,-5,7,1808.474609375
9,-0.5609756097560976,0.0,-3,-5,7,1808.474609375
10,-0.5121951219512195,0.0,-3,-5,7,1808.474609375
11,-0.46341463414634143,0.0,-3,-5,7,1808.474609375
12,-0.41463414634146334,0.0,-3,-5,7,1808.474609375
13,-0.36585365853658536,0.0,-3,-5,7,1808.474609375
14,-0.31707317073170727,0.0,-3,-5,7,1808.474609375
15,-0.2682926829268293,0.0,-3,-5,7,1808.474609375
16,-0.2195121951219512,0.0,-3,-5,7,1808.474609375
17,-0.1707317073170731,0.0,-3,-5,7,1808.474609375
18,-0.12195121951219512,4.5603019316331483e-07,-3,-5,7,1808.474609375
19,-0.07317073170731703,1.7176820676922944e-07,-3,-5,7,1808.474609375
20,-0.024390243902439046,4.452916471109347e-07,-3,-5,7,1808.474609375
21,0.024390243902439046,3.0558835533156525e-06,-3,-5,7,1808.474609375
22,0.07317073170731714,5.6019034673227e-06,-3,-5,7,1808.474609375
23,0.12195121951219523,1.1148291605422855e-06,-3,-5,7,1808.474609375
24,0.17073170731707332,3.573944240997662e-06,-3,-5,7,1808.474609375
25,0.2195121951219512,1.5484807818211266e-06,-3,-5,7,1808.474609375
26,0.2682926829268293,3.145837035845034e-05,-3,-5,7,1808.474609375
27,0.3170731707317074,9.370238331030123e-06,-3,-5,7,1808.474609375
28,0.36585365853658547,6.607031536987051e-06,-3,-5,7,1808.474609375
29,0.41463414634146356,5.547248747461708e-06,-3,-5,7,1808.474609375
30,0.46341463414634143,5.006813444197178e-05,-3,-5,7,1808.474609375
31,0.5121951219512195,2.778062662400771e-05,-3,-5,7,1808.474609375
32,0.5609756097560976,2.2844884369987994e-05,-3,-5,7,1808.474609375
33,0.6097560975609757,8.047125447774306e-05,-3,-5,7,1808.474609375
34,0.6585365853658538,0.0042069340124726295,-3,-5,7,1808.474609375
35,0.7073170731707317,0.0002921051054727286,-3,-5,7,1808.474609375
36,0.7560975609756098,2.2326750695356168e-05,-3,-5,7,1808.474609375
37,0.8048780487804879,4.627909220289439e-05,-3,-5,7,1808.474609375
38,0.853658536585366,8.670825764056644e-07,-3,-5,7,1808.474609375
39,0.902439024390244,2.9611284844577312e-05,-3,-5,7,1808.474609375
40,0.9512195121951219,0.00015763526607770473,-3,-5,7,1808.474609375
41,1.0,1.17783565656282e-06,-3,-5,7,1808.474609375
0,-1.0,1.5696157333877636e-06,-3,-4,8,1808.474609375
1,-0.9512195121951219,4.785490546055371e-06,-3,-4,8,1808.474609375
2,-0.9024390243902439,2.0058158042957075e-05,-3,-4,8,1808.474609375
3,-0.8536585365853658,8.23072696221061e-06,-3,-4,8,1808.474609375
4,-0.8048780487804879,4.730921136797406e-05,-3,-4,8,1808.474609375
5,-0.7560975609756098,5.518181751540396e-07,-3,-4,8,1808.474609375
6,-0.7073170731707317,8.7121115939226e-05,-3,-4,8,1808.474609375
7,-0.6585365853658536,2.497391869837884e-05,-3,-4,8,1808.474609375
8,-0.6097560975609756,0.0006553279235959053,-3,-4,8,1808.474609375
9,-0.5609756097560976,0.005036273505538702,-3,-4,8,1808.474609375
10,-0.5121951219512195,0.0007642345735803246,-3,-4,8,1808.474609375
11,-0.46341463414634143,6.437500269385055e-05,-3,-4,8,1808.474609375
12,-0.41463414634146334,6.76524723530747e-05,-3,-4,8,1808.474609375
13,-0.36585365853658536,5.8764238929143175e-05,-3,-4,8,1808.474609375
14,-0.31707317073170727,0.00011415458720875904,-3,-4,8,1808.474609375
15,-0.2682926829268293,5.435125558506115e-07,-3,-4,8,1808.474609375
16,-0.2195121951219512,5.625857738777995e-06,-3,-4,8,1808.474609375
17,-0.1707317073170731,7.581709837722883e-07,-3,-4,8,1808.474609375
18,-0.12195121951219512,6.82839618093567e-06,-3,-4,8,1808.474609375
19,-0.07317073170731703,2.106161446135957e-06,-3,-4,8,1808.474609375
20,-0.024390243902439046,3.113664774900826e-07,-3,-4,8,1808.474609375
21,0.024390243902439046,1.19198903121287e-05,-3,-4,8,1808.474609375
22,0.07317073170731714,6.912518983881455e-06,-3,-4,8,1808.474609375
23,0.12195121951219523,7.38345022455178e-07,-3,-4,8,1808.474609375
24,0.17073170731707332,2.6828055865735223e-07,-3,-4,8,1808.474609375
25,0.2195121951219512,2.2951730898057576e-06,-3,-4,8,1808.474609375
26,0.2682926829268293,1.3003798358113272e-06,-3,-4,8,1808.474609375
27,0.3170731707317074,6.004937631587381e-07,-3,-4,8,1808.474609375
28,0.36585365853658547,4.83523990624235e-07,-3,-4,8,1808.474609375
29,0.41463414634146356,1.6964989981715917e-06,-3,-4,8,1808.474609375
30,0.46341463414634143,0.0,-3,-4,8,1808.474609375
31,0.5121951219512195,0.0,-3,-4,8,1808.474609375
32,0.5609756097560976,0.0,-3,-4,8,1808.474609375
33,0.6097560975609757,0.0,-3,-4,8,1808.474609375
34,0.6585365853658538,0.0,-3,-4,8,1808.474609375
35,0.7073170731707317,0.0,-3,-4,8,1808.474609375
36,0.7560975609756098,0.0,-3,-4,8,1808.474609375
37,0.8048780487804879,0.0,-3,-4,8,1808.474609375
38,0.853658536585366,0.0,-3,-4,8,1808.474609375
39,0.902439024390244,0.0,-3,-4,8,1808.474609375
40,0.9512195121951219,0.0,-3,-4,8,1808.474609375
41,1.0,0.0,-3,-4,8,1808.474609375
0,-1.0,1.9076989588029392e-07,-3,4,11,1808.474609375
1,-0.9512195121951219,4.84560473523743e-07,-3,4,11,1808.474609375
2,-0.9024390243902439,4.288886430003913e-06,-3,4,11,1808.474609375
3,-0.8536585365853658,1.1925068974960595e-05,-3,4,11,1808.474609375
4,-0.8048780487804879,2.3028345822240226e-05,-3,4,11,1808.474609375
5,-0.7560975609756098,1.817240809032228e-05,-3,4,11,1808.474609375
6,-0.7073170731707317,4.44981997134164e-05,-3,4,11,1808.474609375
7,-0.6585365853658536,4.878783329331782e-06,-3,4,11,1808.474609375
8,-0.6097560975609756,1.6072850485215895e-05,-3,4,11,1808.474609375
9,-0.5609756097560976,3.4786335163516924e-06,-3,4,11,1808.474609375
10,-0.5121951219512195,0.00012475695984903723,-3,4,11,1808.474609375
11,-0.46341463414634143,0.019872555509209633,-3,4,11,1808.474609375
12,-0.41463414634146334,0.0024228922557085752,-3,4,11,1808.474609375
13,-0.36585365853658536,0.00024771271273493767,-3,4,11,1808.474609375
14,-0.31707317073170727,4.269348210073076e-05,-3,4,11,1808.474609375
15,-0.2682926829268293,6.982722698012367e-05,-3,4,11,1808.474609375
16,-0.2195121951219512,4.932346200803295e-06,-3,4,11,1808.474609375
17,-0.1707317073170731,3.754753379325848e-06,-3,4,11,1808.474609375
18,-0.12195121951219512,7.2926573011500295e-06,-3,4,11,1808.474609375
19,-0.07317073170731703,1.5451705621671863e-05,-3,4,11,1808.474609375
20,-0.024390243902439046,1.2202558536955621e-05,-3,4,11,1808.474609375
21,0.024390243902439046,7.579874363727868e-06,-3,4,11,1808.474609375
22,0.07317073170731714,2.7131395654578228e-06,-3,4,11,1808.474609375
23,0.12195121951219523,3.342845218412549e-07,-3,4,11,1808.474609375
24,0.17073170731707332,9.70319547377585e-07,-3,4,11,1808.474609375
25,0.2195121951219512,8.342657565663103e-06,-3,4,11,1808.474609375
26,0.2682926829268293,4.283840553398477e-06,-3,4,11,1808.474609375
27,0.3170731707317074,3.7638180856447434e-06,-3,4,11,1808.474609375
28,0.36585365853658547,7.543810625065817e-07,-3,4,11,1808.474609375
29,0.41463414634146356,1.2718914149445482e-05,-3,4,11,1808.474609375
30,0.46341463414634143,7.345417998294579e-07,-3,4,11,1808.474609375
31,0.5121951219512195,8.511725582138752e-07,-3,4,11,1808.474609375
32,0.5609756097560976,7.930657943688857e-07,-3,4,11,1808.474609375
33,0.6097560975609757,2.0186142535294493e-07,-3,4,11,1808.474609375
34,0.6585365853658538,1.7652463384365547e-06,-3,4,11,1808.474609375
35,0.7073170731707317,2.578719886514591e-07,-3,4,11,1808.474609375
36,0.7560975609756098,4.967930181010161e-06,-3,4,11,1808.474609375
37,0.8048780487804879,1.778268597263377e-05,-3,4,11,1808.474609375
38,0.853658536585366,1.0216596820100676e-05,-3,4,11,1808.474609375
39,0.902439024390244,1.8711282336880686e-06,-3,4,11,1808.474609375
40,0.9512195121951219,1.5708386058577162e-07,-3,4,11,1808.474609375
41,1.0,6.297631784946134e-07,-3,4,11,1808.474609375
0,-1.0,0.0,-2,-8,2,1808.474609375
1,-0.9512195121951219,0.0,-2,-8,2,1808.474609375
2,-0.9024390243902439,0.0,-2,-8,2,1808.474609375
3,-0.8536585365853658,0.0,-2,-8,2,1808.474609375
4,-0.8048780487804879,0.0,-2,-8,2,1808.474609375
5,-0.7560975609756098,0.0,-2,-8,2,1808.474609375
6,-0.7073170731707317,0.0,-2,-8,2,1808.474609375
7,-0.6585365853658536,0.0,-2,-8,2,1808.474609375
8,-0.6097560975609756,0.0,-2,-8,2,1808.474609375
9,-0.5609756097560976,0.0,-2,-8,2,1808.474609375
10,-0.5121951219512195,0.0,-2,-8,2,1808.474609375
11,-0.46341463414634143,0.0,-2,-8,2,1808.474609375
12,-0.41463414634146334,0.0,-2,-8,2,1808.474609375
13,-0.36585365853658536,0.0,-2,-8,2,1808.474609375
14,-0.31707317073170727,0.0,-2,-8,2,1808.474609375
15,-0.2682926829268293,0.0,-2,-8,2,1808.474609375
16,-0.2195121951219512,0.0,-2,-8,2,1808.474609375
17,-0.1707317073170731,0.0,-2,-8,2,1808.474609375
18,-0.12195121951219512,0.0,-2,-8,2,1808.474609375
19,-0.07317073170731703,0.0,-2,-8,2,1808.474609375
20,-0.024390243902439046,0.0,-2,-8,2,1808.474609375
21,0.024390243902439046,0.0,-2,-8,2,1808.474609375
22,0.07317073170731714,7.053430636005942e-06,-2,-8,2,1808.474609375
23,0.12195121951219523,2.421830060939101e-07,-2,-8,2,1808.474609375
24,0.17073170731707332,1.2263782878108032e-07,-2,-8,2,1808.474609375
25,0.2195121951219512,1.816167838342153e-07,-2,-8,2,1808.474609375
26,0.2682926829268293,2.7425238613432157e-07,-2,-8,2,1808.474609375
27,0.3170731707317074,3.762296955756028e-06,-2,-8,2,1808.474609375
28,0.36585365853658547,5.789091119368095e-06,-2,-8,2,1808.474609375
29,0.41463414634146356,7.913998160802294e-06,-2,-8,2,1808.474609375
30,0.46341463414634143,6.456043774960563e-05,-2,-8,2,1808.474609375
31,0.5121951219512195,4.1394782783754636e-06,-2,-8,2,1808.474609375
32,0.5609756097560976,9.590343688614666e-05,-2,-8,2,1808.474609375
33,0.6097560975609757,0.00018517483840696514,-2,-8,2,1808.474609375
34,0.6585365853658538,0.00025809576618485153,-2,-8,2,1808.474609375
35,0.7073170731707317,8.094341865216848e-06,-2,-8,2,1808.474609375
36,0.7560975609756098,9.599218628864037e-07,-2,-8,2,1808.474609375
37,0.8048780487804879,3.2083371479529887e-06,-2,-8,2,1808.474609375
38,0.853658536585366,9.697650966700166e-07,-2,-8,2,1808.474609375
39,0.902439024390244,2.4961147460089705e-07,-2,-8,2,1808.474609375
40,0.9512195121951219,1.0797043614729773e-06,-2,-8,2,1808.474609375
41,1.0,6.13690147588386e-08,-2,-8,2,1808.474609375
0,-1.0,1.5003172848082613e-05,-2,-8,3,1808.474609375
1,-0.9512195121951219,9.02845204109326e-05,-2,-8,3,1808.474609375
2,-0.9024390243902439,2.791524093481712e-05,-2,-8,3,1808.474609375
3,-0.8536585365853658,7.706476935709361e-06,-2,-8,3,1808.474609375
4,-0.8048780487804879,4.222777533868793e-06,-2,-8,3,1808.474609375
5,-0.7560975609756098,6.907751526341599e-08,-2,-8,3,1808.474609375
6,-0.7073170731707317,7.186389439084451e-08,-2,-8,3,1808.474609375
7,-0.6585365853658536,2.145290665112043e-07,-2,-8,3,1808.474609375
8,-0.6097560975609756,7.567461466351233e-07,-2,-8,3,1808.474609375
9,-0.5609756097560976,2.447464453325665e-07,-2,-8,3,1808.474609375
10,-0.5121951219512195,4.943277431834758e-08,-2,-8,3,1808.474609375
11,-0.46341463414634143,1.5186996904503758e-07,-2,-8,3,1808.474609375
12,-0.41463414634146334,3.1122235100156104e-07,-2,-8,3,1808.474609375
13,-0.36585365853658536,2.876785032412954e-08,-2,-8,3,1808.474609375
14,-0.31707317073170727,0.0,-2,-8,3,1808.474609375
15,-0.2682926829268293,0.0,-2,-8,3,1808.474609375
16,-0.2195121951219512,0.0,-2,-8,3,1808.474609375
17,-0.1707317073170731,0.0,-2,-8,3,1808.474609375
18,-0.12195121951219512,0.0,-2,-8,3,1808.474609375
19,-0.07317073170731703,0.0,-2,-8,3,1808.474609375
20,-0.024390243902439046,0.0,-2,-8,3,1808.474609375
21,0.024390243902439046,0.0,-2,-8,3,1808.474609375
22,0.07317073170731714,0.0,-2,-8,3,1808.474609375
23,0.12195121951219523,0.0,-2,-8,3,1808.474609375
24,0.17073170731707332,0.0,-2,-8,3,1808.474609375
25,0.2195121951219512,0.0,-2,-8,3,1808.474609375
26,0.2682926829268293,0.0,-2,-8,3,1808.474609375
27,0.3170731707317074,0.0,-2,-8,3,1808.474609375
28,0.36585365853658547,0.0,-2,-8,3,1808.474609375
29,0.41463414634146356,0.0,-2,-8,3,1808.474609375
30,0.46341463414634143,0.0,-2,-8,3,1808.474609375
31,0.5121951219512195,0.0,-2,-8,3,1808.474609375
32,0.5609756097560976,0.0,-2,-8,3,1808.474609375
33,0.6097560975609757,0.0,-2,-8,3,1808.474609375
34,0.6585365853658538,0.0,-2,-8,3,1808.474609375
35,0.7073170731707317,0.0,-2,-8,3,1808.474609375
36,0.7560975609756098,0.0,-2,-8,3,1808.474609375
37,0.8048780487804879,0.0,-2,-8,3,1808.474609375
38,0.853658536585366,0.0,-2,-8,3,1808.474609375
39,0.902439024390244,0.0,-2,-8,3,1808.474609375
40,0.9512195121951219,0.0,-2,-8,3,1808.474609375
41,1.0,0.0,-2,-8,3,1808.474609375
0,-1.0,0.0,-2,-7,3,1808.474609375
1,-0.9512195121951219,0.0,-2,-7,3,1808.474609375
2,-0.9024390243902439,0.0,-2,-7,3,1808.474609375
3,-0.8536585365853658,0.0,-2,-7,3,1808.474609375
4,-0.8048780487804879,0.0,-2,-7,3,1808.474609375
5,-0.7560975609756098,0.0,-2,-7,3,1808.474609375
6,-0.7073170731707317,0.0,-2,-7,3,1808.474609375
7,-0.6585365853658536,0.0,-2,-7,3,1808.474609375
8,-0.6097560975609756,0.0,-2,-7,3,1808.474609375
9,-0.5609756097560976,2.4491953354299767e-07,-2,-7,3,1808.474609375
10,-0.5121951219512195,9.393784239364322e-07,-2,-7,3,1808.474609375
11,-0.46341463414634143,1.4144455917630694e-07,-2,-7,3,1808.474609375
12,-0.41463414634146334,4.076030677424569e-07,-2,-7,3,1808.474609375
13,-0.36585365853658536,9.687602187113953e-07,-2,-7,3,1808.474609375
14,-0.31707317073170727,2.0961004338460043e-05,-2,-7,3,1808.474609375
15,-0.2682926829268293,1.9316532871016534e-06,-2,-7,3,1808.474609375
16,-0.2195121951219512,5.449610853247577e-06,-2,-7,3,1808.474609375
17,-0.1707317073170731,3.585991362342611e-05,-2,-7,3,1808.474609375
18,-0.12195121951219512,2.319219674973283e-06,-2,-7,3,1808.474609375
19,-0.07317073170731703,9.789295290829614e-06,-2,-7,3,1808.474609375
20,-0.024390243902439046,4.722763696918264e-05,-2,-7,3,1808.474609375
21,0.024390243902439046,0.008099551312625408,-2,-7,3,1808.474609375
22,0.07317073170731714,0.005715981591492891,-2,-7,3,1808.474609375
23,0.12195121951219523,0.0001515196345280856,-2,-7,3,1808.474609375
24,0.17073170731707332,4.252685812389245e-06,-2,-7,3,1808.474609375
25,0.2195121951219512,3.504911774143693e-07,-2,-7,3,1808.474609375
26,0.2682926829268293,1.564057924952067e-06,-2,-7,3,1808.474609375
27,0.3170731707317074,2.2421791072702035e-06,-2,-7,3,1808.474609375
28,0.36585365853658547,1.0212580718871322e-06,-2,-7,3,1808.474609375
29,0.41463414634146356,9.292355116485851e-07,-2,-7,3,1808.474609375
30,0.46341463414634143,5.40215569344582e-06,-2,-7,3,1808.474609375
31,0.5121951219512195,6.299982828750217e-07,-2,-7,3,1808.474609375
32,0.5609756097560976,1.36067944822571e-06,-2,-7,3,1808.474609375
33,0.6097560975609757,7.98556754944002e-07,-2,-7,3,1808.474609375
34,0.6585365853658538,1.7431884771212935e-06,-2,-7,3,1808.474609375
35,0.7073170731707317,0.0,-2,-7,3,1808.474609375
36,0.7560975609756098,0.0,-2,-7,3,1808.474609375
37,0.8048780487804879,0.0,-2,-7,3,1808.474609375
38,0.853658536585366,0.0,-2,-7,3,1808.474609375
39,0.902439024390244,0.0,-2,-7,3,1808.474609375
40,0.9512195121951219,0.0,-2,-7,3,1808.474609375
41,1.0,0.0,-2,-7,3,1808.474609375
0,-1.0,1.696749222901417e-06,-2,-6,4,1808.474609375
1,-0.9512195121951219,5.685374344466254e-05,-2,-6,4,1808.474609375
2,-0.9024390243902439,6.1437558542820625e-06,-2,-6,4,1808.474609375
3,-0.8536585365853658,0.0002963684964925051,-2,-6,4,1808.474609375
4,-0.8048780487804879,5.091667389933718e-06,-2,-6,4,1808.474609375
5,-0.7560975609756098,0.003712237346917391,-2,-6,4,1808.474609375
6,-0.7073170731707317,0.0002887546143028885,-2,-6,4,1808.474609375
7,-0.6585365853658536,1.654792868066579e-05,-2,-6,4,1808.474609375
8,-0.6097560975609756,1.662278373260051e-05,-2,-6,4,1808.474609375
9,-0.5609756097560976,1.5676745533710346e-05,-2,-6,4,1808.474609375
10,-0.5121951219512195,4.860774424741976e-06,-2,-6,4,1808.474609375
11,-0.46341463414634143,2.335255703656003e-05,-2,-6,4,1808.474609375
12,-0.41463414634146334,2.7627180543277063e-07,-2,-6,4,1808.474609375
13,-0.36585365853658536,3.430540891713463e-05,-2,-6,4,1808.474609375
14,-0.31707317073170727,3.958565866923891e-05,-2,-6,4,1808.474609375
15,-0.2682926829268293,1.0663816141232019e-07,-2,-6,4,1808.474609375
16,-0.2195121951219512,3.981002464570338e-06,-2,-6,4,1808.474609375
17,-0.1707317073170731,1.0891277270275168e-05,-2,-6,4,1808.474609375
18,-0.12195121951219512,2.3601237444381695e-06,-2,-6,4,1808.474609375
19,-0.07317073170731703,2.7911246434086934e-06,-2,-6,4,1808.474609375
20,-0.024390243902439046,1.757793199885782e-07,-2,-6,4,1808.474609375
21,0.024390243902439046,0.0,-2,-6,4,1808.474609375
22,0.07317073170731714,0.0,-2,-6,4,1808.474609375
23,0.12195121951219523,0.0,-2,-6,4,1808.474609375
24,0.17073170731707332,0.0,-2,-6,4,1808.474609375
25,0.2195121951219512,0.0,-2,-6,4,1808.474609375
26,0.2682926829268293,0.0,-2,-6,4,1808.474609375
27,0.3170731707317074,0.0,-2,-6,4,1808.474609375
28,0.36585365853658547,0.0,-2,-6,4,1808.474609375
29,0.41463414634146356,0.0,-2,-6,4,1808.474609375
30,0.46341463414634143,0.0,-2,-6,4,1808.474609375
31,0.5121951219512195,0.0,-2,-6,4,1808.474609375
32,0.5609756097560976,0.0,-2,-6,4,1808.474609375
33,0.6097560975609757,0.0,-2,-6,4,1808.474609375
34,0.6585365853658538,0.0,-2,-6,4,1808.474609375
35,0.7073170731707317,0.0,-2,-6,4,1808.474609375
36,0.7560975609756098,0.0,-2,-6,4,1808.474609375
37,0.8048780487804879,0.0,-2,-6,4,1808.474609375
38,0.853658536585366,0.0,-2,-6,4,1808.474609375
39,0.902439024390244,0.0,-2,-6,4,1808.474609375
40,0.9512195121951219,0.0,-2,-6,4,1808.474609375
41,1.0,0.0,-2,-6,4,1808.474609375
0,-1.0,0.0,-2,-5,4,1808.474609375
1,-0.9512195121951219,0.0,-2,-5,4,1808.474609375
2,-0.9024390243902439,0.0,-2,-5,4,1808.474609375
3,-0.8536585365853658,0.0,-2,-5,4,1808.474609375
4,-0.8048780487804879,0.0,-2,-5,4,1808.474609375
5,-0.7560975609756098,0.0,-2,-5,4,1808.474609375
6,-0.7073170731707317,0.0,-2,-5,4,1808.474609375
7,-0.6585365853658536,0.0,-2,-5,4,1808.474609375
8,-0.6097560975609756,0.0,-2,-5,4,1808.474609375
9,-0.5609756097560976,0.0,-2,-5,4,1808.474609375
10,-0.5121951219512195,0.0,-2,-5,4,1808.474609375
11,-0.46341463414634143,0.0,-2,-5,4,1808.474609375
12,-0.41463414634146334,0.0,-2,-5,4,1808.474609375
13,-0.36585365853658536,3.079429006902501e-05,-2,-5,4,1808.474609375
14,-0.31707317073170727,2.988568667205982e-06,-2,-5,4,1808.474609375
15,-0.2682926829268293,1.3955676649857196e-06,-2,-5,4,1808.474609375
16,-0.2195121951219512,1.2741121281578671e-05,-2,-5,4,1808.474609375
17,-0.1707317073170731,6.2646045080327895e-06,-2,-5,4,1808.474609375
18,-0.12195121951219512,3.391042753264628e-07,-2,-5,4,1808.474609375
19,-0.07317073170731703,5.929813141847262e-06,-2,-5,4,1808.474609375
20,-0.024390243902439046,1.1703708878485486e-05,-2,-5,4,1808.474609375
21,0.024390243902439046,5.0686726353887934e-06,-2,-5,4,1808.474609375
22,0.07317073170731714,1.095933112083003e-05,-2,-5,4,1808.474609375
23,0.12195121951219523,2.0422997693003708e-07,-2,-5,4,1808.474609375
24,0.17073170731707332,3.2094405923999147e-06,-2,-5,4,1808.474609375
25,0.2195121951219512,9.405050036548346e-07,-2,-5,4,1808.474609375
26,0.2682926829268293,3.1955482882040087e-06,-2,-5,4,1808.474609375
27,0.3170731707317074,4.828326927963644e-05,-2,-5,4,1808.474609375
28,0.36585365853658547,1.7126321836258285e-05,-2,-5,4,1808.474609375
29,0.41463414634146356,0.004430422093719244,-2,-5,4,1808.474609375
30,0.46341463414634143,0.10454890877008438,-2,-5,4,1808.474609375
31,0.5121951219512195,0.0005010712775401771,-2,-5,4,1808.474609375
32,0.5609756097560976,4.3293210183037445e-05,-2,-5,4,1808.474609375
33,0.6097560975609757,3.0080031137913465e-05,-2,-5,4,1808.474609375
34,0.6585365853658538,0.00028315314557403326,-2,-5,4,1808.474609375
35,0.7073170731707317,2.0999506887164898e-05,-2,-5,4,1808.474609375
36,0.7560975609756098,5.666017841576831e-06,-2,-5,4,1808.474609375
37,0.8048780487804879,6.265858019105508e-07,-2,-5,4,1808.474609375
38,0.853658536585366,6.955865501367953e-06,-2,-5,4,1808.474609375
39,0.902439024390244,4.054079738580185e-07,-2,-5,4,1808.474609375
40,0.9512195121951219,6.688017947453773e-06,-2,-5,4,1808.474609375
41,1.0,1.161868340204819e-06,-2,-5,4,1808.474609375
0,-1.0,0.00036728495615534484,-2,-4,5,1808.474609375
1,-0.9512195121951219,5.673648411175236e-05,-2,-4,5,1808.474609375
2,-0.9024390243902439,0.00022496817109640688,-2,-4,5,1808.474609375
3,-0.8536585365853658,9.335401045973413e-06,-2,-4,5,1808.474609375
4,-0.8048780487804879,0.022383976727724075,-2,-4,5,1808.474609375
5,-0.7560975609756098,0.0033370046876370907,-2,-4,5,1808.474609375
6,-0.7073170731707317,0.0002630777016747743,-2,-4,5,1808.474609375
7,-0.6585365853658536,0.0002508455072529614,-2,-4,5,1808.474609375
8,-0.6097560975609756,4.811900907952804e-06,-2,-4,5,1808.474609375
9,-0.5609756097560976,3.279520751675591e-05,-2,-4,5,1808.474609375
10,-0.5121951219512195,4.497663758229464e-05,-2,-4,5,1808.474609375
11,-0.46341463414634143,7.255855052790139e-06,-2,-4,5,1808.474609375
12,-0.41463414634146334,1.5754754713270813e-05,-2,-4,5,1808.474609375
13,-0.36585365853658536,3.76474235963542e-05,-2,-4,5,1808.474609375
14,-0.31707317073170727,6.298626976786181e-05,-2,-4,5,1808.474609375
15,-0.2682926829268293,8.332115612574853e-06,-2,-4,5,1808.474609375
16,-0.2195121951219512,7.325824844883755e-05,-2,-4,5,1808.474609375
17,-0.1707317073170731,1.1465034731372725e-05,-2,-4,5,1808.474609375
18,-0.12195121951219512,6.119550562289078e-06,-2,-4,5,1808.474609375
19,-0.07317073170731703,7.50543790672964e-07,-2,-4,5,1808.474609375
20,-0.024390243902439046,1.4463976185652427e-06,-2,-4,5,1808.474609375
21,0.024390243902439046,2.9554294087574817e-06,-2,-4,5,1808.474609375
22,0.07317073170731714,1.1676006579364184e-05,-2,-4,5,1808.474609375
23,0.12195121951219523,2.7985652195638977e-07,-2,-4,5,1808.474609375
24,0.17073170731707332,7.109498483259813e-07,-2,-4,5,1808.474609375
25,0.2195121951219512,2.077878434647573e-06,-2,-4,5,1808.474609375
26,0.2682926829268293,6.933382934448673e-08,-2,-4,5,1808.474609375
27,0.3170731707317074,0.0,-2,-4,5,1808.474609375
28,0.36585365853658547,0.0,-2,-4,5,1808.474609375
29,0.41463414634146356,0.0,-2,-4,5,1808.474609375
30,0.46341463414634143,0.0,-2,-4,5,1808.474609375
31,0.5121951219512195,0.0,-2,-4,5,1808.474609375
32,0.5609756097560976,0.0,-2,-4,5,1808.474609375
33,0.6097560975609757,0.0,-2,-4,5,1808.474609375
34,0.6585365853658538,0.0,-2,-4,5,1808.474609375
35,0.7073170731707317,0.0,-2,-4,5,1808.474609375
36,0.7560975609756098,0.0,-2,-4,5,1808.474609375
37,0.8048780487804879,0.0,-2,-4,5,1808.474609375
38,0.853658536585366,0.0,-2,-4,5,1808.474609375
39,0.902439024390244,0.0,-2,-4,5,1808.474609375
40,0.9512195121951219,0.0,-2,-4,5,1808.474609375
41,1.0,0.0,-2,-4,5,1808.474609375
0,-1.0,0.0,-2,-3,5,1808.474609375
1,-0.9512195121951219,0.0,-2,-3,5,1808.474609375
2,-0.9024390243902439,0.0,-2,-3,5,1808.474609375
3,-0.8536585365853658,0.0,-2,-3,5,1808.474609375
4,-0.8048780487804879,0.0,-2,-3,5,1808.474609375
5,-0.7560975609756098,0.0,-2,-3,5,1808.474609375
6,-0.7073170731707317,0.0,-2,-3,5,1808.474609375
7,-0.6585365853658536,0.0,-2,-3,5,1808.474609375
8,-0.6097560975609756,0.0,-2,-3,5,1808.474609375
9,-0.5609756097560976,0.0,-2,-3,5,1808.474609375
10,-0.5121951219512195,0.0,-2,-3,5,1808.474609375
11,-0.46341463414634143,0.0,-2,-3,5,1808.474609375
12,-0.41463414634146334,2.5525492674205452e-05,-2,-3,5,1808.474609375
13,-0.36585365853658536,2.6597597752697766e-05,-2,-3,5,1808.474609375
14,-0.31707317073170727,2.3768487153574824e-05,-2,-3,5,1808.474609375
15,-0.2682926829268293,3.927003945136676e-06,-2,-3,5,1808.474609375
16,-0.2195121951219512,5.971722930553369e-05,-2,-3,5,1808.474609375
17,-0.1707317073170731,0.00010387782094767317,-2,-3,5,1808.474609375
18,-0.12195121951219512,1.2963703284185613e-06,-2,-3,5,1808.474609375
19,-0.07317073170731703,3.458134597167373e-05,-2,-3,5,1808.474609375
20,-0.024390243902439046,3.2722247851779684e-05,-2,-3,5,1808.474609375
21,0.024390243902439046,5.4717285820515826e-05,-2,-3,5,1808.474609375
22,0.07317073170731714,0.00012461420556064695,-2,-3,5,1808.474609375
23,0.12195121951219523,0.00026735884603112936,-2,-3,5,1808.474609375
24,0.17073170731707332,1.8418282706988975e-05,-2,-3,5,1808.474609375
25,0.2195121951219512,4.620893014362082e-05,-2,-3,5,1808.474609375
26,0.2682926829268293,0.00011642753088381141,-2,-3,5,1808.474609375
27,0.3170731707317074,0.00018648286641109735,-2,-3,5,1808.474609375
28,0.36585365853658547,0.00010980306979035959,-2,-3,5,1808.474609375
29,0.41463414634146356,4.959056605002843e-05,-2,-3,5,1808.474609375
30,0.46341463414634143,0.00015605425869580358,-2,-3,5,1808.474609375
31,0.5121951219512195,4.750758762384066e-06,-2,-3,5,1808.474609375
32,0.5609756097560976,0.00034325584420002997,-2,-3,5,1808.474609375
33,0.6097560975609757,0.0007391071994788945,-2,-3,5,1808.474609375
34,0.6585365853658538,4.638018799596466e-05,-2,-3,5,1808.474609375
35,0.7073170731707317,0.0005031237960793078,-2,-3,5,1808.474609375
36,0.7560975609756098,0.0023403819650411606,-2,-3,5,1808.474609375
37,0.8048780487804879,0.0025730461347848177,-2,-3,5,1808.474609375
38,0.853658536585366,0.0004928786074742675,-2,-3,5,1808.474609375
39,0.902439024390244,0.08840230852365494,-2,-3,5,1808.474609375
40,0.9512195121951219,0.05360899493098259,-2,-3,5,1808.474609375
41,1.0,2.8720458431052975e-05,-2,-3,5,1808.474609375
0,-1.0,0.003268210915848613,-2,1,7,1808.474609375
1,-0.9512195121951219,0.008181811310350895,-2,1,7,1808.474609375
2,-0.9024390243902439,0.013266738504171371,-2,1,7,1808.474609375
3,-0.8536585365853658,0.013717422261834145,-2,1,7,1808.474609375
4,-0.8048780487804879,0.014431835152208805,-2,1,7,1808.474609375
5,-0.7560975609756098,0.011038069613277912,-2,1,7,1808.474609375
6,-0.7073170731707317,0.025227868929505348,-2,1,7,1808.474609375
7,-0.6585365853658536,0.06977087259292603,-2,1,7,1808.474609375
8,-0.6097560975609756,0.13732270896434784,-2,1,7,1808.474609375
9,-0.5609756097560976,0.20720987021923065,-2,1,7,1808.474609375
10,-0.5121951219512195,0.19337774813175201,-2,1,7,1808.474609375
11,-0.46341463414634143,0.201389878988266,-2,1,7,1808.474609375
12,-0.41463414634146334,0.32024654746055603,-2,1,7,1808.474609375
13,-0.36585365853658536,0.13374999165534973,-2,1,7,1808.474609375
14,-0.31707317073170727,0.0021993410773575306,-2,1,7,1808.474609375
15,-0.2682926829268293,0.00929313339293003,-2,1,7,1808.474609375
16,-0.2195121951219512,0.0002861524117179215,-2,1,7,1808.474609375
17,-0.1707317073170731,0.001675603911280632,-2,1,7,1808.474609375
18,-0.12195121951219512,0.007499600760638714,-2,1,7,1808.474609375
19,-0.07317073170731703,0.00821323785930872,-2,1,7,1808.474609375
20,-0.024390243902439046,0.0021307291463017464,-2,1,7,1808.474609375
21,0.024390243902439046,0.0012740883976221085,-2,1,7,1808.474609375
22,0.07317073170731714,0.00015333548071794212,-2,1,7,1808.474609375
23,0.12195121951219523,0.001808901084586978,-2,1,7,1808.474609375
24,0.17073170731707332,0.0028418772853910923,-2,1,7,1808.474609375
25,0.2195121951219512,0.0030008764006197453,-2,1,7,1808.474609375
26,0.2682926829268293,0.0005350621067918837,-2,1,7,1808.474609375
27,0.3170731707317074,9.13980147743132e-06,-2,1,7,1808.474609375
28,0.36585365853658547,0.0003837930562440306,-2,1,7,1808.474609375
29,0.41463414634146356,0.0029007212724536657,-2,1,7,1808.474609375
30,0.46341463414634143,0.0009018487180583179,-2,1,7,1808.474609375
31,0.5121951219512195,3.986540832556784e-05,-2,1,7,1808.474609375
32,0.5609756097560976,0.00018286787963006645,-2,1,7,1808.474609375
33,0.6097560975609757,2.2700864064972848e-05,-2,1,7,1808.474609375
34,0.6585365853658538,0.0003495650307741016,-2,1,7,1808.474609375
35,0.7073170731707317,0.0005411191377788782,-2,1,7,1808.474609375
36,0.7560975609756098,0.0003967183583881706,-2,1,7,1808.474609375
37,0.8048780487804879,0.00035623114672489464,-2,1,7,1808.474609375
38,0.853658536585366,4.7776579776837025e-06,-2,1,7,1808.474609375
39,0.902439024390244,0.0002183639444410801,-2,1,7,1808.474609375
40,0.9512195121951219,0.0002491504419595003,-2,1,7,1808.474609375
41,1.0,0.0005060051335021853,-2,1,7,1808.474609375
0,-1.0,4.994329174223822e-06,-2,4,8,1808.474609375
1,-0.9512195121951219,1.0522270713408943e-05,-2,4,8,1808.474609375
2,-0.9024390243902439,2.115047027473338e-05,-2,4,8,1808.474609375
3,-0.8536585365853658,4.316159902373329e-05,-2,4,8,1808.474609375
4,-0.8048780487804879,2.1774321794509888e-05,-2,4,8,1808.474609375
5,-0.7560975609756098,2.291540840815287e-05,-2,4,8,1808.474609375
6,-0.7073170731707317,5.747286195401102e-05,-2,4,8,1808.474609375
7,-0.6585365853658536,0.0002198819856857881,-2,4,8,1808.474609375
8,-0.6097560975609756,0.0004110381123609841,-2,4,8,1808.474609375
9,-0.5609756097560976,0.0005411377060227096,-2,4,8,1808.474609375
10,-0.5121951219512195,0.0011220229789614677,-2,4,8,1808.474609375
11,-0.46341463414634143,0.0024164756760001183,-2,4,8,1808.474609375
12,-0.41463414634146334,0.0047536552883684635,-2,4,8,1808.474609375
13,-0.36585365853658536,0.002641499973833561,-2,4,8,1808.474609375
14,-0.31707317073170727,0.0017125584417954087,-2,4,8,1808.474609375
15,-0.2682926829268293,0.003071229439228773,-2,4,8,1808.474609375
16,-0.2195121951219512,0.0008032739860936999,-2,4,8,1808.474609375
17,-0.1707317073170731,0.00013353710528463125,-2,4,8,1808.474609375
18,-0.12195121951219512,8.874947525328025e-05,-2,4,8,1808.474609375
19,-0.07317073170731703,0.00010668969480320811,-2,4,8,1808.474609375
20,-0.024390243902439046,2.322647014807444e-05,-2,4,8,1808.474609375
21,0.024390243902439046,8.962216270447243e-06,-2,4,8,1808.474609375
22,0.07317073170731714,7.717255357420072e-06,-2,4,8,1808.474609375
23,0.12195121951219523,2.325511559320148e-06,-2,4,8,1808.474609375
24,0.17073170731707332,2.163059889426222e-06,-2,4,8,1808.474609375
25,0.2195121951219512,4.321705546317389e-06,-2,4,8,1808.474609375
26,0.2682926829268293,2.6525117391429376e-06,-2,4,8,1808.474609375
27,0.3170731707317074,6.002447889841278e-07,-2,4,8,1808.474609375
28,0.36585365853658547,4.394481493363855e-06,-2,4,8,1808.474609375
29,0.41463414634146356,1.290277396037709e-05,-2,4,8,1808.474609375
30,0.46341463414634143,1.938525201694574e-06,-2,4,8,1808.474609375
31,0.5121951219512195,7.3364353738725185e-06,-2,4,8,1808.474609375
32,0.5609756097560976,4.7557286961819045e-06,-2,4,8,1808.474609375
33,0.6097560975609757,3.65394981827194e-07,-2,4,8,1808.474609375
34,0.6585365853658538,3.018532424903242e-06,-2,4,8,1808.474609375
35,0.7073170731707317,2.279749651279417e-06,-2,4,8,1808.474609375
36,0.7560975609756098,9.089440027310047e-07,-2,4,8,1808.474609375
37,0.8048780487804879,4.571887757265358e-07,-2,4,8,1808.474609375
38,0.853658536585366,2.1914058834227035e-07,-2,4,8,1808.474609375
39,0.902439024390244,4.541293310467154e-05,-2,4,8,1808.474609375
40,0.9512195121951219,1.0563947398622986e-05,-2,4,8,1808.474609375
41,1.0,7.676068889850285e-06,-2,4,8,1808.474609375
0,-1.0,0.0,-2,6,9,1808.474609375
1,-0.9512195121951219,0.0,-2,6,9,1808.474609375
2,-0.9024390243902439,0.0,-2,6,9,1808.474609375
3,-0.8536585365853658,0.0,-2,6,9,1808.474609375
4,-0.8048780487804879,0.0,-2,6,9,1808.474609375
5,-0.7560975609756098,0.0,-2,6,9,1808.474609375
6,-0.7073170731707317,0.0,-2,6,9,1808.474609375
7,-0.6585365853658536,0.0,-2,6,9,1808.474609375
8,-0.6097560975609756,0.0,-2,6,9,1808.474609375
9,-0.5609756097560976,0.0,-2,6,9,1808.474609375
10,-0.5121951219512195,0.0,-2,6,9,1808.474609375
11,-0.46341463414634143,0.0,-2,6,9,1808.474609375
12,-0.41463414634146334,0.0,-2,6,9,1808.474609375
13,-0.36585365853658536,0.0,-2,6,9,1808.474609375
14,-0.31707317073170727,0.0,-2,6,9,1808.474609375
15,-0.2682926829268293,0.0,-2,6,9,1808.474609375
16,-0.2195121951219512,0.0,-2,6,9,1808.474609375
17,-0.1707317073170731,0.0,-2,6,9,1808.474609375
18,-0.12195121951219512,0.0,-2,6,9,1808.474609375
19,-0.07317073170731703,0.0,-2,6,9,1808.474609375
20,-0.024390243902439046,0.0,-2,6,9,1808.474609375
21,0.024390243902439046,2.46248600888066e-06,-2,6,9,1808.474609375
22,0.07317073170731714,3.883025328832446e-06,-2,6,9,1808.474609375
23,0.12195121951219523,3.0772905574849574e-06,-2,6,9,1808.474609375
24,0.17073170731707332,3.9333931454166304e-06,-2,6,9,1808.474609375
25,0.2195121951219512,3.804575044341618e-06,-2,6,9,1808.474609375
26,0.2682926829268293,6.860833764221752e-06,-2,6,9,1808.474609375
27,0.3170731707317074,9.243197382602375e-06,-2,6,9,1808.474609375
28,0.36585365853658547,6.7041119109489955e-06,-2,6,9,1808.474609375
29,0.41463414634146356,1.4826035112491809e-05,-2,6,9,1808.474609375
30,0.46341463414634143,9.851602044363972e-06,-2,6,9,1808.474609375
31,0.5121951219512195,0.00015005918976385146,-2,6,9,1808.474609375
32,0.5609756097560976,4.274272941984236e-05,-2,6,9,1808.474609375
33,0.6097560975609757,2.2762025764677674e-05,-2,6,9,1808.474609375
34,0.6585365853658538,4.296121187508106e-05,-2,6,9,1808.474609375
35,0.7073170731707317,0.00011877090582856908,-2,6,9,1808.474609375
36,0.7560975609756098,6.830161873949692e-05,-2,6,9,1808.474609375
37,0.8048780487804879,0.00028259557439014316,-2,6,9,1808.474609375
38,0.853658536585366,0.0015145642682909966,-2,6,9,1808.474609375
39,0.902439024390244,0.002203403739258647,-2,6,9,1808.474609375
40,0.9512195121951219,0.0003992578131146729,-2,6,9,1808.474609375
41,1.0,0.0001420990884071216,-2,6,9,1808.474609375
0,-1.0,0.0,-2,7,9,1808.474609375
1,-0.9512195121951219,0.0,-2,7,9,1808.474609375
2,-0.9024390243902439,0.0,-2,7,9,1808.474609375
3,-0.8536585365853658,0.0,-2,7,9,1808.474609375
4,-0.8048780487804879,0.0,-2,7,9,1808.474609375
5,-0.7560975609756098,0.0,-2,7,9,1808.474609375
6,-0.7073170731707317,0.0,-2,7,9,1808.474609375
7,-0.6585365853658536,0.0,-2,7,9,1808.474609375
8,-0.6097560975609756,0.0,-2,7,9,1808.474609375
9,-0.5609756097560976,0.0,-2,7,9,1808.474609375
10,-0.5121951219512195,1.464524302718928e-06,-2,7,9,1808.474609375
11,-0.46341463414634143,2.802611788865761e-06,-2,7,9,1808.474609375
12,-0.41463414634146334,1.5684993286413373e-06,-2,7,9,1808.474609375
13,-0.36585365853658536,5.266129505798745e-07,-2,7,9,1808.474609375
14,-0.31707317073170727,3.6581437257154903e-07,-2,7,9,1808.474609375
15,-0.2682926829268293,1.1810919886556803e-06,-2,7,9,1808.474609375
16,-0.2195121951219512,9.086548971026787e-07,-2,7,9,1808.474609375
17,-0.1707317073170731,1.1116296150248672e-07,-2,7,9,1808.474609375
18,-0.12195121951219512,9.926733355314354e-07,-2,7,9,1808.474609375
19,-0.07317073170731703,7.1199760895979125e-06,-2,7,9,1808.474609375
20,-0.024390243902439046,8.952098369263695e-07,-2,7,9,1808.474609375
21,0.024390243902439046,1.0578731917121331e-06,-2,7,9,1808.474609375
22,0.07317073170731714,7.923350494820625e-06,-2,7,9,1808.474609375
23,0.12195121951219523,1.7597814803593792e-05,-2,7,9,1808.474609375
24,0.17073170731707332,3.4855852391046938e-06,-2,7,9,1808.474609375
25,0.2195121951219512,3.710849705385044e-05,-2,7,9,1808.474609375
26,0.2682926829268293,2.351712964809849e-06,-2,7,9,1808.474609375
27,0.3170731707317074,1.3876472166884923e-06,-2,7,9,1808.474609375
28,0.36585365853658547,9.561705383021035e-08,-2,7,9,1808.474609375
29,0.41463414634146356,2.8340880362520693e-06,-2,7,9,1808.474609375
30,0.46341463414634143,6.73056263167382e-07,-2,7,9,1808.474609375
31,0.5121951219512195,1.629182264650808e-07,-2,7,9,1808.474609375
32,0.5609756097560976,1.6228544836849323e-06,-2,7,9,1808.474609375
33,0.6097560975609757,1.1905688879210174e-08,-2,7,9,1808.474609375
34,0.6585365853658538,3.2043612918641884e-07,-2,7,9,1808.474609375
35,0.7073170731707317,1.1814033484824904e-07,-2,7,9,1808.474609375
36,0.7560975609756098,2.156253202656444e-07,-2,7,9,1808.474609375
37,0.8048780487804879,3.0812309432803886e-06,-2,7,9,1808.474609375
38,0.853658536585366,6.379493697750149e-07,-2,7,9,1808.474609375
39,0.902439024390244,2.6602933758113068e-06,-2,7,9,1808.474609375
40,0.9512195121951219,0.0,-2,7,9,1808.474609375
41,1.0,0.0,-2,7,9,1808.474609375
0,-1.0,0.0,-1,-9,-2,1808.474609375
1,-0.9512195121951219,0.0,-1,-9,-2,1808.474609375
2,-0.9024390243902439,0.0,-1,-9,-2,1808.474609375
3,-0.8536585365853658,0.0,-1,-9,-2,1808.474609375
4,-0.8048780487804879,0.0,-1,-9,-2,1808.474609375
5,-0.7560975609756098,0.0,-1,-9,-2,1808.474609375
6,-0.7073170731707317,0.0,-1,-9,-2,1808.474609375
7,-0.6585365853658536,0.0,-1,-9,-2,1808.474609375
8,-0.6097560975609756,0.0,-1,-9,-2,1808.474609375
9,-0.5609756097560976,0.0,-1,-9,-2,1808.474609375
10,-0.5121951219512195,0.0,-1,-9,-2,1808.474609375
11,-0.46341463414634143,0.0,-1,-9,-2,1808.474609375
12,-0.41463414634146334,0.0,-1,-9,-2,1808.474609375
13,-0.36585365853658536,0.0,-1,-9,-2,1808.474609375
14,-0.31707317073170727,0.0,-1,-9,-2,1808.474609375
15,-0.2682926829268293,0.0,-1,-9,-2,1808.474609375
16,-0.2195121951219512,0.0,-1,-9,-2,1808.474609375
17,-0.1707317073170731,0.0,-1,-9,-2,1808.474609375
18,-0.12195121951219512,0.0,-1,-9,-2,1808.474609375
19,-0.07317073170731703,0.0,-1,-9,-2,1808.474609375
20,-0.024390243902439046,0.0,-1,-9,-2,1808.474609375
21,0.024390243902439046,5.860774194843543e-07,-1,-9,-2,1808.474609375
22,0.07317073170731714,1.6424930890934775e-06,-1,-9,-2,1808.474609375
23,0.12195121951219523,7.778447070450056e-06,-1,-9,-2,1808.474609375
24,0.17073170731707332,1.691934357950231e-06,-1,-9,-2,1808.474609375
25,0.2195121951219512,4.253915264484931e-08,-1,-9,-2,1808.474609375
26,0.2682926829268293,8.668686177770724e-07,-1,-9,-2,1808.474609375
27,0.3170731707317074,1.008472463581711e-05,-1,-9,-2,1808.474609375
28,0.36585365853658547,3.605890697144787e-06,-1,-9,-2,1808.474609375
29,0.41463414634146356,1.4580061360902619e-05,-1,-9,-2,1808.474609375
30,0.46341463414634143,2.13218190765474e-05,-1,-9,-2,1808.474609375
31,0.5121951219512195,0.00038714255788363516,-1,-9,-2,1808.474609375
32,0.5609756097560976,3.1203715025185375e-06,-1,-9,-2,1808.474609375
33,0.6097560975609757,1.105402407119982e-05,-1,-9,-2,1808.474609375
34,0.6585365853658538,5.039043026044965e-05,-1,-9,-2,1808.474609375
35,0.7073170731707317,1.448527655156795e-06,-1,-9,-2,1808.474609375
36,0.7560975609756098,2.88427543182479e-07,-1,-9,-2,1808.474609375
37,0.8048780487804879,1.290196905756602e-06,-1,-9,-2,1808.474609375
38,0.853658536585366,5.720638185380267e-08,-1,-9,-2,1808.474609375
39,0.902439024390244,5.97055247908429e-07,-1,-9,-2,1808.474609375
40,0.9512195121951219,2.917818164860364e-07,-1,-9,-2,1808.474609375
41,1.0,0.0,-1,-9,-2,1808.474609375
0,-1.0,1.5496717651330982e-06,-1,-9,-1,1808.474609375
1,-0.9512195121951219,6.043165285518626e-06,-1,-9,-1,1808.474609375
2,-0.9024390243902439,6.625675268878695e-06,-1,-9,-1,1808.474609375
3,-0.8536585365853658,1.8795990399667062e-05,-1,-9,-1,1808.474609375
4,-0.8048780487804879,0.005519839935004711,-1,-9,-1,1808.474609375
5,-0.7560975609756098,3.482266401988454e-05,-1,-9,-1,1808.474609375
6,-0.7073170731707317,7.75011176301632e-06,-1,-9,-1,1808.474609375
7,-0.6585365853658536,6.963443865970476e-08,-1,-9,-1,1808.474609375
8,-0.6097560975609756,2.7914832116948674e-06,-1,-9,-1,1808.474609375
9,-0.5609756097560976,5.067129222879885e-07,-1,-9,-1,1808.474609375
10,-0.5121951219512195,6.952564035600517e-07,-1,-9,-1,1808.474609375
11,-0.46341463414634143,1.629787078627487e-07,-1,-9,-1,1808.474609375
12,-0.41463414634146334,1.1721472219505813e-06,-1,-9,-1,1808.474609375
13,-0.36585365853658536,6.741827860423655e-07,-1,-9,-1,1808.474609375
14,-0.31707317073170727,5.11212101628189e-06,-1,-9,-1,1808.474609375
15,-0.2682926829268293,0.0,-1,-9,-1,1808.474609375
16,-0.2195121951219512,0.0,-1,-9,-1,1808.474609375
17,-0.1707317073170731,0.0,-1,-9,-1,1808.474609375
18,-0.12195121951219512,0.0,-1,-9,-1,1808.474609375
19,-0.07317073170731703,0.0,-1,-9,-1,1808.474609375
20,-0.024390243902439046,0.0,-1,-9,-1,1808.474609375
21,0.024390243902439046,0.0,-1,-9,-1,1808.474609375
22,0.07317073170731714,0.0,-1,-9,-1,1808.474609375
23,0.12195121951219523,0.0,-1,-9,-1,1808.474609375
24,0.17073170731707332,0.0,-1,-9,-1,1808.474609375
25,0.2195121951219512,0.0,-1,-9,-1,1808.474609375
26,0.2682926829268293,0.0,-1,-9,-1,1808.474609375
27,0.3170731707317074,0.0,-1,-9,-1,1808.474609375
28,0.36585365853658547,0.0,-1,-9,-1,1808.474609375
29,0.41463414634146356,0.0,-1,-9,-1,1808.474609375
30,0.46341463414634143,0.0,-1,-9,-1,1808.474609375
31,0.5121951219512195,0.0,-1,-9,-1,1808.474609375
32,0.5609756097560976,0.0,-1,-9,-1,1808.474609375
33,0.6097560975609757,0.0,-1,-9,-1,1808.474609375
34,0.6585365853658538,0.0,-1,-9,-1,1808.474609375
35,0.7073170731707317,0.0,-1,-9,-1,1808.474609375
36,0.7560975609756098,0.0,-1,-9,-1,1808.474609375
37,0.8048780487804879,0.0,-1,-9,-1,1808.474609375
38,0.853658536585366,0.0,-1,-9,-1,1808.474609375
39,0.902439024390244,0.0,-1,-9,-1,1808.474609375
40,0.9512195121951219,0.0,-1,-9,-1,1808.474609375
41,1.0,0.0,-1,-9,-1,1808.474609375
0,-1.0,0.0,-1,-8,-1,1808.474609375
1,-0.9512195121951219,0.0,-1,-8,-1,1808.474609375
2,-0.9024390243902439,0.0,-1,-8,-1,1808.474609375
3,-0.8536585365853658,0.0,-1,-8,-1,1808.474609375
4,-0.8048780487804879,0.0,-1,-8,-1,1808.474609375
5,-0.7560975609756098,0.0,-1,-8,-1,1808.474609375
6,-0.7073170731707317,0.0,-1,-8,-1,1808.474609375
7,-0.6585365853658536,0.0,-1,-8,-1,1808.474609375
8,-0.6097560975609756,0.0,-1,-8,-1,1808.474609375
9,-0.5609756097560976,0.0,-1,-8,-1,1808.474609375
10,-0.5121951219512195,0.0,-1,-8,-1,1808.474609375
11,-0.46341463414634143,1.879947035376972e-06,-1,-8,-1,1808.474609375
12,-0.41463414634146334,3.9376749327857397e-07,-1,-8,-1,1808.474609375
13,-0.36585365853658536,1.2295827218622435e-06,-1,-8,-1,1808.474609375
14,-0.31707317073170727,5.307259925757535e-06,-1,-8,-1,1808.474609375
15,-0.2682926829268293,1.0131242333955015e-06,-1,-8,-1,1808.474609375
16,-0.2195121951219512,2.8528022539831e-06,-1,-8,-1,1808.474609375
17,-0.1707317073170731,2.0651827071560547e-05,-1,-8,-1,1808.474609375
18,-0.12195121951219512,3.5347829907550476e-06,-1,-8,-1,1808.474609375
19,-0.07317073170731703,3.1564020446239738e-06,-1,-8,-1,1808.474609375
20,-0.024390243902439046,7.724659553787205e-06,-1,-8,-1,1808.474609375
21,0.024390243902439046,0.00019305353634990752,-1,-8,-1,1808.474609375
22,0.07317073170731714,0.0011589861242100596,-1,-8,-1,1808.474609375
23,0.12195121951219523,0.0009812158532440662,-1,-8,-1,1808.474609375
24,0.17073170731707332,8.744787919567898e-05,-1,-8,-1,1808.474609375
25,0.2195121951219512,1.030295061354991e-05,-1,-8,-1,1808.474609375
26,0.2682926829268293,4.5156098167353775e-06,-1,-8,-1,1808.474609375
27,0.3170731707317074,2.7632089768303558e-05,-1,-8,-1,1808.474609375
28,0.36585365853658547,3.5210337046009954e-07,-1,-8,-1,1808.474609375
29,0.41463414634146356,5.2245632105041295e-06,-1,-8,-1,1808.474609375
30,0.46341463414634143,1.8228729459224269e-06,-1,-8,-1,1808.474609375
31,0.5121951219512195,2.746607606241014e-06,-1,-8,-1,1808.474609375
32,0.5609756097560976,1.910813352878904e-06,-1,-8,-1,1808.474609375
33,0.6097560975609757,1.8895212861025357e-06,-1,-8,-1,1808.474609375
34,0.6585365853658538,1.398925633111503e-06,-1,-8,-1,1808.474609375
35,0.7073170731707317,0.0,-1,-8,-1,1808.474609375
36,0.7560975609756098,0.0,-1,-8,-1,1808.474609375
37,0.8048780487804879,0.0,-1,-8,-1,1808.474609375
38,0.853658536585366,0.0,-1,-8,-1,1808.474609375
39,0.902439024390244,0.0,-1,-8,-1,1808.474609375
40,0.9512195121951219,0.0,-1,-8,-1,1808.474609375
41,1.0,0.0,-1,-8,-1,1808.474609375
0,-1.0,1.033995999932813e-06,-1,-7,0,1808.474609375
1,-0.9512195121951219,8.523223868905916e-07,-1,-7,0,1808.474609375
2,-0.9024390243902439,1.5598632671753876e-05,-1,-7,0,1808.474609375
3,-0.8536585365853658,2.4191094780690037e-05,-1,-7,0,1808.474609375
4,-0.8048780487804879,7.109786110959249e-06,-1,-7,0,1808.474609375
5,-0.7560975609756098,4.622203960025217e-06,-1,-7,0,1808.474609375
6,-0.7073170731707317,1.5094361515366472e-05,-1,-7,0,1808.474609375
7,-0.6585365853658536,1.0670472875062842e-05,-1,-7,0,1808.474609375
8,-0.6097560975609756,3.902668322552927e-05,-1,-7,0,1808.474609375
9,-0.5609756097560976,0.0002052121126325801,-1,-7,0,1808.474609375
10,-0.5121951219512195,0.001612630789168179,-1,-7,0,1808.474609375
11,-0.46341463414634143,0.003696035360917449,-1,-7,0,1808.474609375
12,-0.41463414634146334,0.00019509087724145502,-1,-7,0,1808.474609375
13,-0.36585365853658536,0.00011067635932704434,-1,-7,0,1808.474609375
14,-0.31707317073170727,0.00014661703607998788,-1,-7,0,1808.474609375
15,-0.2682926829268293,3.470440788078122e-05,-1,-7,0,1808.474609375
16,-0.2195121951219512,1.0325072253181133e-05,-1,-7,0,1808.474609375
17,-0.1707317073170731,4.5433389459503815e-05,-1,-7,0,1808.474609375
18,-0.12195121951219512,1.062805768015096e-05,-1,-7,0,1808.474609375
19,-0.07317073170731703,1.350995944449096e-06,-1,-7,0,1808.474609375
20,-0.024390243902439046,5.045157649874454e-06,-1,-7,0,1808.474609375
21,0.024390243902439046,5.483542736328673e-06,-1,-7,0,1808.474609375
22,0.07317073170731714,1.3047992069914471e-05,-1,-7,0,1808.474609375
23,0.12195121951219523,1.1748593351512682e-06,-1,-7,0,1808.474609375
24,0.17073170731707332,3.7771492316096555e-06,-1,-7,0,1808.474609375
25,0.2195121951219512,0.0,-1,-7,0,1808.474609375
26,0.2682926829268293,0.0,-1,-7,0,1808.474609375
27,0.3170731707317074,0.0,-1,-7,0,1808.474609375
28,0.36585365853658547,0.0,-1,-7,0,1808.474609375
29,0.41463414634146356,0.0,-1,-7,0,1808.474609375
30,0.46341463414634143,0.0,-1,-7,0,1808.474609375
31,0.5121951219512195,0.0,-1,-7,0,1808.474609375
32,0.5609756097560976,0.0,-1,-7,0,1808.474609375
33,0.6097560975609757,0.0,-1,-7,0,1808.474609375
34,0.6585365853658538,0.0,-1,-7,0,1808.474609375
35,0.7073170731707317,0.0,-1,-7,0,1808.474609375
36,0.7560975609756098,0.0,-1,-7,0,1808.474609375
37,0.8048780487804879,0.0,-1,-7,0,1808.474609375
38,0.853658536585366,0.0,-1,-7,0,1808.474609375
39,0.902439024390244,0.0,-1,-7,0,1808.474609375
40,0.9512195121951219,0.0,-1,-7,0,1808.474609375
41,1.0,0.0,-1,-7,0,1808.474609375
0,-1.0,0.0,-1,-6,0,1808.474609375
1,-0.9512195121951219,0.0,-1,-6,0,1808.474609375
2,-0.9024390243902439,0.0,-1,-6,0,1808.474609375
3,-0.8536585365853658,0.0,-1,-6,0,1808.474609375
4,-0.8048780487804879,0.0,-1,-6,0,1808.474609375
5,-0.7560975609756098,0.0,-1,-6,0,1808.474609375
6,-0.7073170731707317,0.0,-1,-6,0,1808.474609375
7,-0.6585365853658536,0.0,-1,-6,0,1808.474609375
8,-0.6097560975609756,0.0,-1,-6,0,1808.474609375
9,-0.5609756097560976,0.0,-1,-6,0,1808.474609375
10,-0.5121951219512195,0.0,-1,-6,0,1808.474609375
11,-0.46341463414634143,0.0,-1,-6,0,1808.474609375
12,-0.41463414634146334,0.0,-1,-6,0,1808.474609375
13,-0.36585365853658536,0.0,-1,-6,0,1808.474609375
14,-0.31707317073170727,0.0,-1,-6,0,1808.474609375
15,-0.2682926829268293,0.0,-1,-6,0,1808.474609375
16,-0.2195121951219512,0.0,-1,-6,0,1808.474609375
17,-0.1707317073170731,0.0,-1,-6,0,1808.474609375
18,-0.12195121951219512,0.0,-1,-6,0,1808.474609375
19,-0.07317073170731703,2.9025596859355574e-07,-1,-6,0,1808.474609375
20,-0.024390243902439046,1.149749914475251e-05,-1,-6,0,1808.474609375
21,0.024390243902439046,3.2786454539746046e-05,-1,-6,0,1808.474609375
22,0.07317073170731714,8.466469807899557e-06,-1,-6,0,1808.474609375
23,0.12195121951219523,9.161341040453408e-06,-1,-6,0,1808.474609375
24,0.17073170731707332,4.5348577259574085e-05,-1,-6,0,1808.474609375
25,0.2195121951219512,2.026959919021465e-06,-1,-6,0,1808.474609375
26,0.2682926829268293,1.028147107717814e-05,-1,-6,0,1808.474609375
27,0.3170731707317074,0.00010094587196363136,-1,-6,0,1808.474609375
28,0.36585365853658547,1.922032424772624e-05,-1,-6,0,1808.474609375
29,0.41463414634146356,1.717818850011099e-05,-1,-6,0,1808.474609375
30,0.46341463414634143,4.743551107821986e-05,-1,-6,0,1808.474609375
31,0.5121951219512195,1.4569793620466953e-06,-1,-6,0,1808.474609375
32,0.5609756097560976,0.00026273014373146,-1,-6,0,1808.474609375
33,0.6097560975609757,0.0021563281770795584,-1,-6,0,1808.474609375
34,0.6585365853658538,0.11595875769853592,-1,-6,0,1808.474609375
35,0.7073170731707317,0.0010726545006036758,-1,-6,0,1808.474609375
36,0.7560975609756098,0.001118529704399407,-1,-6,0,1808.474609375
37,0.8048780487804879,3.496989222639968e-07,-1,-6,0,1808.474609375
38,0.853658536585366,8.816816989565268e-05,-1,-6,0,1808.474609375
39,0.902439024390244,4.279188942746259e-05,-1,-6,0,1808.474609375
40,0.9512195121951219,4.160096068517305e-05,-1,-6,0,1808.474609375
41,1.0,2.5782035663723946e-05,-1,-6,0,1808.474609375
0,-1.0,1.6466969100292772e-05,-1,-5,1,1808.474609375
1,-0.9512195121951219,4.2836029024329036e-05,-1,-5,1,1808.474609375
2,-0.9024390243902439,6.0822010709671304e-05,-1,-5,1,1808.474609375
3,-0.8536585365853658,4.838069435209036e-05,-1,-5,1,1808.474609375
4,-0.8048780487804879,3.717538493219763e-05,-1,-5,1,1808.474609375
5,-0.7560975609756098,9.900853910949081e-05,-1,-5,1,1808.474609375
6,-0.7073170731707317,1.6004529470592388e-06,-1,-5,1,1808.474609375
7,-0.6585365853658536,1.083703955373494e-05,-1,-5,1,1808.474609375
8,-0.6097560975609756,1.85656263056444e-05,-1,-5,1,1808.474609375
9,-0.5609756097560976,5.970575875835493e-05,-1,-5,1,1808.474609375
10,-0.5121951219512195,0.00010400816972833127,-1,-5,1,1808.474609375
11,-0.46341463414634143,9.460859291721135e-05,-1,-5,1,1808.474609375
12,-0.41463414634146334,0.000146419188240543,-1,-5,1,1808.474609375
13,-0.36585365853658536,0.00040904554771259427,-1,-5,1,1808.474609375
14,-0.31707317073170727,0.0007162937545217574,-1,-5,1,1808.474609375
15,-0.2682926829268293,0.0031373226083815098,-1,-5,1,1808.474609375
16,-0.2195121951219512,0.020362626761198044,-1,-5,1,1808.474609375
17,-0.1707317073170731,0.14015091955661774,-1,-5,1,1808.474609375
18,-0.12195121951219512,0.011046869680285454,-1,-5,1,1808.474609375
19,-0.07317073170731703,0.001608886756002903,-1,-5,1,1808.474609375
20,-0.024390243902439046,0.000725085788872093,-1,-5,1,1808.474609375
21,0.024390243902439046,0.00043010327499359846,-1,-5,1,1808.474609375
22,0.07317073170731714,0.00013834948185831308,-1,-5,1,1808.474609375
23,0.12195121951219523,2.7532261810847558e-05,-1,-5,1,1808.474609375
24,0.17073170731707332,1.2203642654640134e-05,-1,-5,1,1808.474609375
25,0.2195121951219512,6.347740509227151e-06,-1,-5,1,1808.474609375
26,0.2682926829268293,7.517722224292811e-06,-1,-5,1,1808.474609375
27,0.3170731707317074,1.5739433365524746e-05,-1,-5,1,1808.474609375
28,0.36585365853658547,1.7257672880077735e-05,-1,-5,1,1808.474609375
29,0.41463414634146356,7.326187915168703e-05,-1,-5,1,1808.474609375
30,0.46341463414634143,1.4250515050662216e-05,-1,-5,1,1808.474609375
31,0.5121951219512195,1.5003517546574585e-05,-1,-5,1,1808.474609375
32,0.5609756097560976,1.476629313401645e-05,-1,-5,1,1808.474609375
33,0.6097560975609757,1.433105626347242e-05,-1,-5,1,1808.474609375
34,0.6585365853658538,0.00013210975157562643,-1,-5,1,1808.474609375
35,0.7073170731707317,2.84139587165555e-05,-1,-5,1,1808.474609375
36,0.7560975609756098,0.0,-1,-5,1,1808.474609375
37,0.8048780487804879,0.0,-1,-5,1,1808.474609375
38,0.853658536585366,0.0,-1,-5,1,1808.474609375
39,0.902439024390244,0.0,-1,-5,1,1808.474609375
40,0.9512195121951219,0.0,-1,-5,1,1808.474609375
41,1.0,0.0,-1,-5,1,1808.474609375
0,-1.0,3.105791620328091e-06,-1,-3,2,1808.474609375
1,-0.9512195121951219,8.340812928508967e-05,-1,-3,2,1808.474609375
2,-0.9024390243902439,0.00015025569882709533,-1,-3,2,1808.474609375
3,-0.8536585365853658,0.0001144459456554614,-1,-3,2,1808.474609375
4,-0.8048780487804879,3.2566529171162983e-06,-1,-3,2,1808.474609375
5,-0.7560975609756098,0.00015497577260248363,-1,-3,2,1808.474609375
6,-0.7073170731707317,2.311498064955231e-06,-1,-3,2,1808.474609375
7,-0.6585365853658536,1.356806114927167e-05,-1,-3,2,1808.474609375
8,-0.6097560975609756,0.00016029877588152885,-1,-3,2,1808.474609375
9,-0.5609756097560976,0.00010553711763350293,-1,-3,2,1808.474609375
10,-0.5121951219512195,2.321419924555812e-05,-1,-3,2,1808.474609375
11,-0.46341463414634143,0.0001576412032591179,-1,-3,2,1808.474609375
12,-0.41463414634146334,0.0003332179330755025,-1,-3,2,1808.474609375
13,-0.36585365853658536,0.0001331824460066855,-1,-3,2,1808.474609375
14,-0.31707317073170727,4.426858140504919e-05,-1,-3,2,1808.474609375
15,-0.2682926829268293,0.00039707444375380874,-1,-3,2,1808.474609375
16,-0.2195121951219512,0.0017829559510573745,-1,-3,2,1808.474609375
17,-0.1707317073170731,0.0024193262215703726,-1,-3,2,1808.474609375
18,-0.12195121951219512,0.004522033967077732,-1,-3,2,1808.474609375
19,-0.07317073170731703,0.0009868605993688107,-1,-3,2,1808.474609375
20,-0.024390243902439046,0.003965334966778755,-1,-3,2,1808.474609375
21,0.024390243902439046,0.28126654028892517,-1,-3,2,1808.474609375
22,0.07317073170731714,0.04830200970172882,-1,-3,2,1808.474609375
23,0.12195121951219523,0.0016232269117608666,-1,-3,2,1808.474609375
24,0.17073170731707332,0.001956990920007229,-1,-3,2,1808.474609375
25,0.2195121951219512,0.003063565818592906,-1,-3,2,1808.474609375
26,0.2682926829268293,0.000640414422377944,-1,-3,2,1808.474609375
27,0.3170731707317074,0.0009548314847052097,-1,-3,2,1808.474609375
28,0.36585365853658547,0.0011723219649866223,-1,-3,2,1808.474609375
29,0.41463414634146356,0.0003510219685267657,-1,-3,2,1808.474609375
30,0.46341463414634143,0.0004506793338805437,-1,-3,2,1808.474609375
31,0.5121951219512195,0.00015188076940830797,-1,-3,2,1808.474609375
32,0.5609756097560976,0.0002967263280879706,-1,-3,2,1808.474609375
33,0.6097560975609757,0.00026590286870487034,-1,-3,2,1808.474609375
34,0.6585365853658538,8.920681466406677e-06,-1,-3,2,1808.474609375
35,0.7073170731707317,1.5113610061234795e-05,-1,-3,2,1808.474609375
36,0.7560975609756098,8.819204231258482e-05,-1,-3,2,1808.474609375
37,0.8048780487804879,0.00019986534607596695,-1,-3,2,1808.474609375
38,0.853658536585366,0.00013072056754026562,-1,-3,2,1808.474609375
39,0.902439024390244,4.686605097958818e-05,-1,-3,2,1808.474609375
40,0.9512195121951219,2.1226035187282832e-06,-1,-3,2,1808.474609375
41,1.0,6.502858741441742e-05,-1,-3,2,1808.474609375
0,-1.0,3.101756738033146e-05,-1,-1,3,1808.474609375
1,-0.9512195121951219,0.0019572749733924866,-1,-1,3,1808.474609375
2,-0.9024390243902439,6.240382936084643e-05,-1,-1,3,1808.474609375
3,-0.8536585365853658,0.00178317551035434,-1,-1,3,1808.474609375
4,-0.8048780487804879,0.0005412899772636592,-1,-1,3,1808.474609375
5,-0.7560975609756098,0.0053946091793477535,-1,-1,3,1808.474609375
6,-0.7073170731707317,0.005050715059041977,-1,-1,3,1808.474609375
7,-0.6585365853658536,0.001501555321738124,-1,-1,3,1808.474609375
8,-0.6097560975609756,0.003302088240161538,-1,-1,3,1808.474609375
9,-0.5609756097560976,0.0049730995669960976,-1,-1,3,1808.474609375
10,-0.5121951219512195,0.0071184756234288216,-1,-1,3,1808.474609375
11,-0.46341463414634143,0.05186514928936958,-1,-1,3,1808.474609375
12,-0.41463414634146334,0.08240513503551483,-1,-1,3,1808.474609375
13,-0.36585365853658536,0.4806864857673645,-1,-1,3,1808.474609375
14,-0.31707317073170727,0.27746301889419556,-1,-1,3,1808.474609375
15,-0.2682926829268293,0.010068715550005436,-1,-1,3,1808.474609375
16,-0.2195121951219512,0.04095659777522087,-1,-1,3,1808.474609375
17,-0.1707317073170731,0.005788629408925772,-1,-1,3,1808.474609375
18,-0.12195121951219512,0.00559406029060483,-1,-1,3,1808.474609375
19,-0.07317073170731703,0.010807724669575691,-1,-1,3,1808.474609375
20,-0.024390243902439046,0.000926449429243803,-1,-1,3,1808.474609375
21,0.024390243902439046,0.006161294877529144,-1,-1,3,1808.474609375
22,0.07317073170731714,4.2565272451611236e-05,-1,-1,3,1808.474609375
23,0.12195121951219523,0.0036197397857904434,-1,-1,3,1808.474609375
24,0.17073170731707332,0.0001247857289854437,-1,-1,3,1808.474609375
25,0.2195121951219512,0.0017770975828170776,-1,-1,3,1808.474609375
26,0.2682926829268293,0.0005379447247833014,-1,-1,3,1808.474609375
27,0.3170731707317074,0.0010353696998208761,-1,-1,3,1808.474609375
28,0.36585365853658547,0.001029434846714139,-1,-1,3,1808.474609375
29,0.41463414634146356,0.0017154664965346456,-1,-1,3,1808.474609375
30,0.46341463414634143,0.0016361639136448503,-1,-1,3,1808.474609375
31,0.5121951219512195,0.00039845608989708126,-1,-1,3,1808.474609375
32,0.5609756097560976,0.0008300264016725123,-1,-1,3,1808.474609375
33,0.6097560975609757,6.109718015068211e-06,-1,-1,3,1808.474609375
34,0.6585365853658538,0.0009709449368529022,-1,-1,3,1808.474609375
35,0.7073170731707317,3.1058287277119234e-05,-1,-1,3,1808.474609375
36,0.7560975609756098,0.00043837277917191386,-1,-1,3,1808.474609375
37,0.8048780487804879,0.0001428857649443671,-1,-1,3,1808.474609375
38,0.853658536585366,0.0006437045522034168,-1,-1,3,1808.474609375
39,0.902439024390244,0.0003140092012472451,-1,-1,3,1808.474609375
40,0.9512195121951219,0.0006876248517073691,-1,-1,3,1808.474609375
41,1.0,0.0006461864104494452,-1,-1,3,1808.474609375
0,-1.0,0.0,-1,4,5,1808.474609375
1,-0.9512195121951219,0.0,-1,4,5,1808.474609375
2,-0.9024390243902439,0.0,-1,4,5,1808.474609375
3,-0.8536585365853658,2.7127314751851372e-05,-1,4,5,1808.474609375
4,-0.8048780487804879,1.0286156793881673e-05,-1,4,5,1808.474609375
5,-0.7560975609756098,1.4623905371990986e-05,-1,4,5,1808.474609375
6,-0.7073170731707317,2.4363956981687807e-05,-1,4,5,1808.474609375
7,-0.6585365853658536,2.2721110326529015e-06,-1,4,5,1808.474609375
8,-0.6097560975609756,8.584359420638066e-06,-1,4,5,1808.474609375
9,-0.5609756097560976,1.7835827748058364e-05,-1,4,5,1808.474609375
10,-0.5121951219512195,4.140944656683132e-05,-1,4,5,1808.474609375
11,-0.46341463414634143,6.217592454049736e-05,-1,4,5,1808.474609375
12,-0.41463414634146334,2.2239202735363506e-05,-1,4,5,1808.474609375
13,-0.36585365853658536,7.919801282696426e-05,-1,4,5,1808.474609375
14,-0.31707317073170727,9.542148973196163e-07,-1,4,5,1808.474609375
15,-0.2682926829268293,0.000155723188072443,-1,4,5,1808.474609375
16,-0.2195121951219512,0.0001500307844253257,-1,4,5,1808.474609375
17,-0.1707317073170731,1.0633312740537804e-05,-1,4,5,1808.474609375
18,-0.12195121951219512,0.00010564376862021163,-1,4,5,1808.474609375
19,-0.07317073170731703,0.00012017957487842068,-1,4,5,1808.474609375
20,-0.024390243902439046,6.613095592911122e-06,-1,4,5,1808.474609375
21,0.024390243902439046,0.00014042359543964267,-1,4,5,1808.474609375
22,0.07317073170731714,8.121657447190955e-05,-1,4,5,1808.474609375
23,0.12195121951219523,0.000109170148789417,-1,4,5,1808.474609375
24,0.17073170731707332,0.000543497153557837,-1,4,5,1808.474609375
25,0.2195121951219512,0.0001237433752976358,-1,4,5,1808.474609375
26,0.2682926829268293,0.001159702311269939,-1,4,5,1808.474609375
27,0.3170731707317074,0.0026594942901283503,-1,4,5,1808.474609375
28,0.36585365853658547,0.0016173293115571141,-1,4,5,1808.474609375
29,0.41463414634146356,0.0809592753648758,-1,4,5,1808.474609375
30,0.46341463414634143,0.003415325889363885,-1,4,5,1808.474609375
31,0.5121951219512195,0.001131827593781054,-1,4,5,1808.474609375
32,0.5609756097560976,0.0005158338462933898,-1,4,5,1808.474609375
33,0.6097560975609757,9.38846860663034e-05,-1,4,5,1808.474609375
34,0.6585365853658538,0.00018710491713136435,-1,4,5,1808.474609375
35,0.7073170731707317,0.0001603640557732433,-1,4,5,1808.474609375
36,0.7560975609756098,0.00015078466094564646,-1,4,5,1808.474609375
37,0.8048780487804879,0.00017930002650246024,-1,4,5,1808.474609375
38,0.853658536585366,8.312104182550684e-05,-1,4,5,1808.474609375
39,0.902439024390244,3.9714446756988764e-05,-1,4,5,1808.474609375
40,0.9512195121951219,0.00011136727698612958,-1,4,5,1808.474609375
41,1.0,1.6124713511089794e-05,-1,4,5,1808.474609375
0,-1.0,3.234421228626161e-06,-1,5,5,1808.474609375
1,-0.9512195121951219,2.9212524168542586e-05,-1,5,5,1808.474609375
2,-0.9024390243902439,3.779774851864204e-05,-1,5,5,1808.474609375
3,-0.8536585365853658,3.20893814205192e-05,-1,5,5,1808.474609375
4,-0.8048780487804879,0.0002600662410259247,-1,5,5,1808.474609375
5,-0.7560975609756098,0.0002669953682925552,-1,5,5,1808.474609375
6,-0.7073170731707317,0.0004168676387052983,-1,5,5,1808.474609375
7,-0.6585365853658536,6.2792663811706e-05,-1,5,5,1808.474609375
8,-0.6097560975609756,0.002003511879593134,-1,5,5,1808.474609375
9,-0.5609756097560976,0.018499309197068214,-1,5,5,1808.474609375
10,-0.5121951219512195,0.0014919621171429753,-1,5,5,1808.474609375
11,-0.46341463414634143,0.00017209528596140444,-1,5,5,1808.474609375
12,-0.41463414634146334,3.4390538985462626e-06,-1,5,5,1808.474609375
13,-0.36585365853658536,7.05719503457658e-05,-1,5,5,1808.474609375
14,-0.31707317073170727,0.00016393029363825917,-1,5,5,1808.474609375
15,-0.2682926829268293,8.184122179955011e-07,-1,5,5,1808.474609375
16,-0.2195121951219512,0.0004958974895998836,-1,5,5,1808.474609375
17,-0.1707317073170731,0.00022427350631915033,-1,5,5,1808.474609375
18,-0.12195121951219512,5.919245450058952e-05,-1,5,5,1808.474609375
19,-0.07317073170731703,3.48374669556506e-05,-1,5,5,1808.474609375
20,-0.024390243902439046,5.941680501564406e-05,-1,5,5,1808.474609375
21,0.024390243902439046,5.2261308155721053e-05,-1,5,5,1808.474609375
22,0.07317073170731714,1.4476569049293175e-05,-1,5,5,1808.474609375
23,0.12195121951219523,3.934984124498442e-05,-1,5,5,1808.474609375
24,0.17073170731707332,8.784691453911364e-05,-1,5,5,1808.474609375
25,0.2195121951219512,4.571210956783034e-05,-1,5,5,1808.474609375
26,0.2682926829268293,3.6021087908011395e-06,-1,5,5,1808.474609375
27,0.3170731707317074,1.7386008039466105e-05,-1,5,5,1808.474609375
28,0.36585365853658547,3.8042791857151315e-05,-1,5,5,1808.474609375
29,0.41463414634146356,1.9040806364500895e-05,-1,5,5,1808.474609375
30,0.46341463414634143,4.2613069695107697e-07,-1,5,5,1808.474609375
31,0.5121951219512195,0.0,-1,5,5,1808.474609375
32,0.5609756097560976,0.0,-1,5,5,1808.474609375
33,0.6097560975609757,0.0,-1,5,5,1808.474609375
34,0.6585365853658538,0.0,-1,5,5,1808.474609375
35,0.7073170731707317,0.0,-1,5,5,1808.474609375
36,0.7560975609756098,0.0,-1,5,5,1808.474609375
37,0.8048780487804879,0.0,-1,5,5,1808.474609375
38,0.853658536585366,0.0,-1,5,5,1808.474609375
39,0.902439024390244,0.0,-1,5,5,1808.474609375
40,0.9512195121951219,0.0,-1,5,5,1808.474609375
41,1.0,0.0,-1,5,5,1808.474609375
0,-1.0,0.0,-1,7,6,1808.474609375
1,-0.9512195121951219,0.0,-1,7,6,1808.474609375
2,-0.9024390243902439,0.0,-1,7,6,1808.474609375
3,-0.8536585365853658,0.0,-1,7,6,1808.474609375
4,-0.8048780487804879,0.0,-1,7,6,1808.474609375
5,-0.7560975609756098,0.0,-1,7,6,1808.474609375
6,-0.7073170731707317,0.0,-1,7,6,1808.474609375
7,-0.6585365853658536,0.0,-1,7,6,1808.474609375
8,-0.6097560975609756,0.0,-1,7,6,1808.474609375
9,-0.5609756097560976,0.0,-1,7,6,1808.474609375
10,-0.5121951219512195,0.0,-1,7,6,1808.474609375
11,-0.46341463414634143,0.0,-1,7,6,1808.474609375
12,-0.41463414634146334,0.0,-1,7,6,1808.474609375
13,-0.36585365853658536,0.0,-1,7,6,1808.474609375
14,-0.31707317073170727,0.0,-1,7,6,1808.474609375
15,-0.2682926829268293,0.0,-1,7,6,1808.474609375
16,-0.2195121951219512,0.0,-1,7,6,1808.474609375
17,-0.1707317073170731,0.0,-1,7,6,1808.474609375
18,-0.12195121951219512,3.8798106061221915e-08,-1,7,6,1808.474609375
19,-0.07317073170731703,2.8110225684940815e-06,-1,7,6,1808.474609375
20,-0.024390243902439046,1.2710412988781172e-07,-1,7,6,1808.474609375
21,0.024390243902439046,2.5200858999596676e-06,-1,7,6,1808.474609375
22,0.07317073170731714,8.083439752226695e-06,-1,7,6,1808.474609375
23,0.12195121951219523,4.117383468837943e-06,-1,7,6,1808.474609375
24,0.17073170731707332,4.12614917877363e-06,-1,7,6,1808.474609375
25,0.2195121951219512,3.987458057963522e-06,-1,7,6,1808.474609375
26,0.2682926829268293,1.97595072677359e-05,-1,7,6,1808.474609375
27,0.3170731707317074,1.2393274118949194e-05,-1,7,6,1808.474609375
28,0.36585365853658547,2.2089732738095336e-05,-1,7,6,1808.474609375
29,0.41463414634146356,0.0003823581209871918,-1,7,6,1808.474609375
30,0.46341463414634143,2.4300798031617887e-05,-1,7,6,1808.474609375
31,0.5121951219512195,2.854330887203105e-06,-1,7,6,1808.474609375
32,0.5609756097560976,0.005719796754419804,-1,7,6,1808.474609375
33,0.6097560975609757,3.74897609844993e-07,-1,7,6,1808.474609375
34,0.6585365853658538,3.661762457340956e-05,-1,7,6,1808.474609375
35,0.7073170731707317,1.862450699263718e-05,-1,7,6,1808.474609375
36,0.7560975609756098,1.3907986613048706e-05,-1,7,6,1808.474609375
37,0.8048780487804879,1.2969680938113015e-05,-1,7,6,1808.474609375
38,0.853658536585366,1.8076991182169877e-05,-1,7,6,1808.474609375
39,0.902439024390244,2.339989578103996e-06,-1,7,6,1808.474609375
40,0.9512195121951219,5.424151368060848e-06,-1,7,6,1808.474609375
41,1.0,6.283547122620803e-07,-1,7,6,1808.474609375
0,-1.0,0.0,-1,8,6,1808.474609375
1,-0.9512195121951219,0.0,-1,8,6,1808.474609375
2,-0.9024390243902439,0.0,-1,8,6,1808.474609375
3,-0.8536585365853658,0.0,-1,8,6,1808.474609375
4,-0.8048780487804879,0.0,-1,8,6,1808.474609375
5,-0.7560975609756098,0.0,-1,8,6,1808.474609375
6,-0.7073170731707317,0.0,-1,8,6,1808.474609375
7,-0.6585365853658536,0.0,-1,8,6,1808.474609375
8,-0.6097560975609756,0.0,-1,8,6,1808.474609375
9,-0.5609756097560976,0.0,-1,8,6,1808.474609375
10,-0.5121951219512195,9.760702823768952e-07,-1,8,6,1808.474609375
11,-0.46341463414634143,7.164599651332537e-07,-1,8,6,1808.474609375
12,-0.41463414634146334,2.7840954430757847e-07,-1,8,6,1808.474609375
13,-0.36585365853658536,1.028234777322723e-07,-1,8,6,1808.474609375
14,-0.31707317073170727,2.518366954973317e-07,-1,8,6,1808.474609375
15,-0.2682926829268293,2.421755198156461e-06,-1,8,6,1808.474609375
16,-0.2195121951219512,7.90142803452909e-06,-1,8,6,1808.474609375
17,-0.1707317073170731,2.9937577892269474e-06,-1,8,6,1808.474609375
18,-0.12195121951219512,3.932285380869871e-06,-1,8,6,1808.474609375
19,-0.07317073170731703,7.422290764225181e-06,-1,8,6,1808.474609375
20,-0.024390243902439046,1.038889149640454e-05,-1,8,6,1808.474609375
21,0.024390243902439046,5.63466846870142e-06,-1,8,6,1808.474609375
22,0.07317073170731714,0.007901477627456188,-1,8,6,1808.474609375
23,0.12195121951219523,0.00011207254283363,-1,8,6,1808.474609375
24,0.17073170731707332,2.899933679145761e-05,-1,8,6,1808.474609375
25,0.2195121951219512,1.105858973460272e-05,-1,8,6,1808.474609375
26,0.2682926829268293,1.2233831512276083e-06,-1,8,6,1808.474609375
27,0.3170731707317074,3.6211284282217093e-07,-1,8,6,1808.474609375
28,0.36585365853658547,8.160580478033808e-07,-1,8,6,1808.474609375
29,0.41463414634146356,5.040630526309542e-07,-1,8,6,1808.474609375
30,0.46341463414634143,1.2038967724947724e-06,-1,8,6,1808.474609375
31,0.5121951219512195,6.144998110357847e-07,-1,8,6,1808.474609375
32,0.5609756097560976,7.82770470664218e-08,-1,8,6,1808.474609375
33,0.6097560975609757,2.5584422473912127e-05,-1,8,6,1808.474609375
34,0.6585365853658538,2.194627313656383e-06,-1,8,6,1808.474609375
35,0.7073170731707317,0.0,-1,8,6,1808.474609375
36,0.7560975609756098,0.0,-1,8,6,1808.474609375
37,0.8048780487804879,0.0,-1,8,6,1808.474609375
38,0.853658536585366,0.0,-1,8,6,1808.474609375
39,0.902439024390244,0.0,-1,8,6,1808.474609375
40,0.9512195121951219,0.0,-1,8,6,1808.474609375
41,1.0,0.0,-1,8,6,1808.474609375
0,-1.0,0.0,-1,9,6,1808.474609375
1,-0.9512195121951219,0.0,-1,9,6,1808.474609375
2,-0.9024390243902439,0.0,-1,9,6,1808.474609375
3,-0.8536585365853658,0.0,-1,9,6,1808.474609375
4,-0.8048780487804879,1.9942750384416286e-07,-1,9,6,1808.474609375
5,-0.7560975609756098,7.629694209754234e-08,-1,9,6,1808.474609375
6,-0.7073170731707317,2.3274702698472538e-07,-1,9,6,1808.474609375
7,-0.6585365853658536,2.4089122234727256e-06,-1,9,6,1808.474609375
8,-0.6097560975609756,6.531925009767292e-07,-1,9,6,1808.474609375
9,-0.5609756097560976,4.899568466498749e-07,-1,9,6,1808.474609375
10,-0.5121951219512195,8.199328505043013e-08,-1,9,6,1808.474609375
11,-0.46341463414634143,2.5650004431554407e-07,-1,9,6,1808.474609375
12,-0.41463414634146334,2.0500726805039449e-07,-1,9,6,1808.474609375
13,-0.36585365853658536,1.384020492878335e-06,-1,9,6,1808.474609375
14,-0.31707317073170727,1.8893395008490188e-06,-1,9,6,1808.474609375
15,-0.2682926829268293,2.981983379868325e-05,-1,9,6,1808.474609375
16,-0.2195121951219512,9.685821714811027e-05,-1,9,6,1808.474609375
17,-0.1707317073170731,6.491860858659493e-06,-1,9,6,1808.474609375
18,-0.12195121951219512,1.5705035139035317e-06,-1,9,6,1808.474609375
19,-0.07317073170731703,4.266692883447831e-07,-1,9,6,1808.474609375
20,-0.024390243902439046,7.70704122743382e-09,-1,9,6,1808.474609375
21,0.024390243902439046,7.632372103216767e-07,-1,9,6,1808.474609375
22,0.07317073170731714,3.1332538128481247e-06,-1,9,6,1808.474609375
23,0.12195121951219523,2.8766592095053056e-06,-1,9,6,1808.474609375
24,0.17073170731707332,1.3616052285669866e-07,-1,9,6,1808.474609375
25,0.2195121951219512,2.0198367423063246e-08,-1,9,6,1808.474609375
26,0.2682926829268293,5.139996872571828e-08,-1,9,6,1808.474609375
27,0.3170731707317074,0.0,-1,9,6,1808.474609375
28,0.36585365853658547,0.0,-1,9,6,1808.474609375
29,0.41463414634146356,0.0,-1,9,6,1808.474609375
30,0.46341463414634143,0.0,-1,9,6,1808.474609375
31,0.5121951219512195,0.0,-1,9,6,1808.474609375
32,0.5609756097560976,0.0,-1,9,6,1808.474609375
33,0.6097560975609757,0.0,-1,9,6,1808.474609375
34,0.6585365853658538,0.0,-1,9,6,1808.474609375
35,0.7073170731707317,0.0,-1,9,6,1808.474609375
36,0.7560975609756098,0.0,-1,9,6,1808.474609375
37,0.8048780487804879,0.0,-1,9,6,1808.474609375
38,0.853658536585366,0.0,-1,9,6,1808.474609375
39,0.902439024390244,0.0,-1,9,6,1808.474609375
40,0.9512195121951219,0.0,-1,9,6,1808.474609375
41,1.0,0.0,-1,9,6,1808.474609375
0,-1.0,0.0,0,-9,-5,1808.474609375
1,-0.9512195121951219,0.0,0,-9,-5,1808.474609375
2,-0.9024390243902439,0.0,0,-9,-5,1808.474609375
3,-0.8536585365853658,0.0,0,-9,-5,1808.474609375
4,-0.8048780487804879,0.0,0,-9,-5,1808.474609375
5,-0.7560975609756098,2.4665293807402122e-08,0,-9,-5,1808.474609375
6,-0.7073170731707317,1.972969812413794e-06,0,-9,-5,1808.474609375
7,-0.6585365853658536,1.8918079547347588e-07,0,-9,-5,1808.474609375
8,-0.6097560975609756,3.9289960795940715e-07,0,-9,-5,1808.474609375
9,-0.5609756097560976,1.0718006393517499e-07,0,-9,-5,1808.474609375
10,-0.5121951219512195,4.540976078715175e-06,0,-9,-5,1808.474609375
11,-0.46341463414634143,2.9092996101098834e-06,0,-9,-5,1808.474609375
12,-0.41463414634146334,2.781962393783033e-06,0,-9,-5,1808.474609375
13,-0.36585365853658536,7.279180067598645e-07,0,-9,-5,1808.474609375
14,-0.31707317073170727,0.000519873050507158,0,-9,-5,1808.474609375
15,-0.2682926829268293,9.110724204219878e-05,0,-9,-5,1808.474609375
16,-0.2195121951219512,1.5164888282015454e-05,0,-9,-5,1808.474609375
17,-0.1707317073170731,4.5290849811863154e-05,0,-9,-5,1808.474609375
18,-0.12195121951219512,2.115285133186262e-05,0,-9,-5,1808.474609375
19,-0.07317073170731703,3.428635181990103e-06,0,-9,-5,1808.474609375
20,-0.024390243902439046,5.032391072745668e-07,0,-9,-5,1808.474609375
21,0.024390243902439046,3.7009840525570326e-07,0,-9,-5,1808.474609375
22,0.07317073170731714,5.05442642406706e-07,0,-9,-5,1808.474609375
23,0.12195121951219523,1.849449375868062e-07,0,-9,-5,1808.474609375
24,0.17073170731707332,5.250292423042424e-10,0,-9,-5,1808.474609375
25,0.2195121951219512,1.613040012671263e-07,0,-9,-5,1808.474609375
26,0.2682926829268293,1.0611382350589338e-07,0,-9,-5,1808.474609375
27,0.3170731707317074,0.0,0,-9,-5,1808.474609375
28,0.36585365853658547,0.0,0,-9,-5,1808.474609375
29,0.41463414634146356,0.0,0,-9,-5,1808.474609375
30,0.46341463414634143,0.0,0,-9,-5,1808.474609375
31,0.5121951219512195,0.0,0,-9,-5,1808.474609375
32,0.5609756097560976,0.0,0,-9,-5,1808.474609375
33,0.6097560975609757,0.0,0,-9,-5,1808.474609375
34,0.6585365853658538,0.0,0,-9,-5,1808.474609375
35,0.7073170731707317,0.0,0,-9,-5,1808.474609375
36,0.7560975609756098,0.0,0,-9,-5,1808.474609375
37,0.8048780487804879,0.0,0,-9,-5,1808.474609375
38,0.853658536585366,0.0,0,-9,-5,1808.474609375
39,0.902439024390244,0.0,0,-9,-5,1808.474609375
40,0.9512195121951219,0.0,0,-9,-5,1808.474609375
41,1.0,0.0,0,-9,-5,1808.474609375
0,-1.0,0.0,0,-8,-5,1808.474609375
1,-0.9512195121951219,0.0,0,-8,-5,1808.474609375
2,-0.9024390243902439,0.0,0,-8,-5,1808.474609375
3,-0.8536585365853658,0.0,0,-8,-5,1808.474609375
4,-0.8048780487804879,0.0,0,-8,-5,1808.474609375
5,-0.7560975609756098,0.0,0,-8,-5,1808.474609375
6,-0.7073170731707317,0.0,0,-8,-5,1808.474609375
7,-0.6585365853658536,0.0,0,-8,-5,1808.474609375
8,-0.6097560975609756,0.0,0,-8,-5,1808.474609375
9,-0.5609756097560976,0.0,0,-8,-5,1808.474609375
10,-0.5121951219512195,0.0,0,-8,-5,1808.474609375
11,-0.46341463414634143,0.0,0,-8,-5,1808.474609375
12,-0.41463414634146334,0.0,0,-8,-5,1808.474609375
13,-0.36585365853658536,0.0,0,-8,-5,1808.474609375
14,-0.31707317073170727,0.0,0,-8,-5,1808.474609375
15,-0.2682926829268293,0.0,0,-8,-5,1808.474609375
16,-0.2195121951219512,0.0,0,-8,-5,1808.474609375
17,-0.1707317073170731,0.0,0,-8,-5,1808.474609375
18,-0.12195121951219512,0.0,0,-8,-5,1808.474609375
19,-0.07317073170731703,0.0,0,-8,-5,1808.474609375
20,-0.024390243902439046,0.0,0,-8,-5,1808.474609375
21,0.024390243902439046,0.0,0,-8,-5,1808.474609375
22,0.07317073170731714,0.0,0,-8,-5,1808.474609375
23,0.12195121951219523,0.0,0,-8,-5,1808.474609375
24,0.17073170731707332,3.257071625739627e-07,0,-8,-5,1808.474609375
25,0.2195121951219512,4.827521934203105e-06,0,-8,-5,1808.474609375
26,0.2682926829268293,1.3942136547484552e-06,0,-8,-5,1808.474609375
27,0.3170731707317074,0.00012954071280546486,0,-8,-5,1808.474609375
28,0.36585365853658547,1.2612431419256609e-06,0,-8,-5,1808.474609375
29,0.41463414634146356,1.9461336364656745e-07,0,-8,-5,1808.474609375
30,0.46341463414634143,1.9280353171780007e-06,0,-8,-5,1808.474609375
31,0.5121951219512195,1.9970216271758545e-06,0,-8,-5,1808.474609375
32,0.5609756097560976,1.1755296327464748e-05,0,-8,-5,1808.474609375
33,0.6097560975609757,5.653766493196599e-06,0,-8,-5,1808.474609375
34,0.6585365853658538,0.00023433227033820003,0,-8,-5,1808.474609375
35,0.7073170731707317,0.00047687970800325274,0,-8,-5,1808.474609375
36,0.7560975609756098,3.145418668282218e-05,0,-8,-5,1808.474609375
37,0.8048780487804879,1.096306391445978e-06,0,-8,-5,1808.474609375
38,0.853658536585366,4.525521035247948e-06,0,-8,-5,1808.474609375
39,0.902439024390244,1.4670300515717827e-05,0,-8,-5,1808.474609375
40,0.9512195121951219,2.3746074475639034e-06,0,-8,-5,1808.474609375
41,1.0,1.8700477539823623e-06,0,-8,-5,1808.474609375
0,-1.0,1.57997624228301e-06,0,-8,-4,1808.474609375
1,-0.9512195121951219,3.01371187561017e-06,0,-8,-4,1808.474609375
2,-0.9024390243902439,9.394939297635574e-06,0,-8,-4,1808.474609375
3,-0.8536585365853658,7.262864528456703e-06,0,-8,-4,1808.474609375
4,-0.8048780487804879,4.240360431140289e-05,0,-8,-4,1808.474609375
5,-0.7560975609756098,2.813906394294463e-05,0,-8,-4,1808.474609375
6,-0.7073170731707317,0.002354108262807131,0,-8,-4,1808.474609375
7,-0.6585365853658536,0.0001491328002884984,0,-8,-4,1808.474609375
8,-0.6097560975609756,0.0001397361484123394,0,-8,-4,1808.474609375
9,-0.5609756097560976,1.1123009926450322e-06,0,-8,-4,1808.474609375
10,-0.5121951219512195,5.462672106659738e-06,0,-8,-4,1808.474609375
11,-0.46341463414634143,5.668047833751189e-06,0,-8,-4,1808.474609375
12,-0.41463414634146334,2.958681307063671e-06,0,-8,-4,1808.474609375
13,-0.36585365853658536,1.6523894146303064e-06,0,-8,-4,1808.474609375
14,-0.31707317073170727,1.3158059118723031e-05,0,-8,-4,1808.474609375
15,-0.2682926829268293,2.326105004613055e-06,0,-8,-4,1808.474609375
16,-0.2195121951219512,5.052134497418592e-07,0,-8,-4,1808.474609375
17,-0.1707317073170731,7.527022717113141e-06,0,-8,-4,1808.474609375
18,-0.12195121951219512,2.6131915547011886e-06,0,-8,-4,1808.474609375
19,-0.07317073170731703,0.0,0,-8,-4,1808.474609375
20,-0.024390243902439046,0.0,0,-8,-4,1808.474609375
21,0.024390243902439046,0.0,0,-8,-4,1808.474609375
22,0.07317073170731714,0.0,0,-8,-4,1808.474609375
23,0.12195121951219523,0.0,0,-8,-4,1808.474609375
24,0.17073170731707332,0.0,0,-8,-4,1808.474609375
25,0.2195121951219512,0.0,0,-8,-4,1808.474609375
26,0.2682926829268293,0.0,0,-8,-4,1808.474609375
27,0.3170731707317074,0.0,0,-8,-4,1808.474609375
28,0.36585365853658547,0.0,0,-8,-4,1808.474609375
29,0.41463414634146356,0.0,0,-8,-4,1808.474609375
30,0.46341463414634143,0.0,0,-8,-4,1808.474609375
31,0.5121951219512195,0.0,0,-8,-4,1808.474609375
32,0.5609756097560976,0.0,0,-8,-4,1808.474609375
33,0.6097560975609757,0.0,0,-8,-4,1808.474609375
34,0.6585365853658538,0.0,0,-8,-4,1808.474609375
35,0.7073170731707317,0.0,0,-8,-4,1808.474609375
36,0.7560975609756098,0.0,0,-8,-4,1808.474609375
37,0.8048780487804879,0.0,0,-8,-4,1808.474609375
38,0.853658536585366,0.0,0,-8,-4,1808.474609375
39,0.902439024390244,0.0,0,-8,-4,1808.474609375
40,0.9512195121951219,0.0,0,-8,-4,1808.474609375
41,1.0,0.0,0,-8,-4,1808.474609375
0,-1.0,0.0,0,-7,-4,1808.474609375
1,-0.9512195121951219,0.0,0,-7,-4,1808.474609375
2,-0.9024390243902439,0.0,0,-7,-4,1808.474609375
3,-0.8536585365853658,0.0,0,-7,-4,1808.474609375
4,-0.8048780487804879,0.0,0,-7,-4,1808.474609375
5,-0.7560975609756098,0.0,0,-7,-4,1808.474609375
6,-0.7073170731707317,0.0,0,-7,-4,1808.474609375
7,-0.6585365853658536,0.0,0,-7,-4,1808.474609375
8,-0.6097560975609756,0.0,0,-7,-4,1808.474609375
9,-0.5609756097560976,0.0,0,-7,-4,1808.474609375
10,-0.5121951219512195,0.0,0,-7,-4,1808.474609375
11,-0.46341463414634143,0.0,0,-7,-4,1808.474609375
12,-0.41463414634146334,0.0,0,-7,-4,1808.474609375
13,-0.36585365853658536,0.0,0,-7,-4,1808.474609375
14,-0.31707317073170727,0.0001956925552804023,0,-7,-4,1808.474609375
15,-0.2682926829268293,4.14358055422781e-06,0,-7,-4,1808.474609375
16,-0.2195121951219512,7.588161224703072e-06,0,-7,-4,1808.474609375
17,-0.1707317073170731,8.669588169141207e-06,0,-7,-4,1808.474609375
18,-0.12195121951219512,1.3799349289911333e-05,0,-7,-4,1808.474609375
19,-0.07317073170731703,5.592050456471043e-06,0,-7,-4,1808.474609375
20,-0.024390243902439046,3.769856220969814e-06,0,-7,-4,1808.474609375
21,0.024390243902439046,1.067181619873736e-05,0,-7,-4,1808.474609375
22,0.07317073170731714,2.182161551900208e-05,0,-7,-4,1808.474609375
23,0.12195121951219523,5.860680903424509e-05,0,-7,-4,1808.474609375
24,0.17073170731707332,8.889463060768321e-05,0,-7,-4,1808.474609375
25,0.2195121951219512,3.0508419513353147e-05,0,-7,-4,1808.474609375
26,0.2682926829268293,0.001140335574746132,0,-7,-4,1808.474609375
27,0.3170731707317074,0.06186915561556816,0,-7,-4,1808.474609375
28,0.36585365853658547,0.0006757898372597992,0,-7,-4,1808.474609375
29,0.41463414634146356,8.794678433332592e-05,0,-7,-4,1808.474609375
30,0.46341463414634143,1.1632042514975183e-05,0,-7,-4,1808.474609375
31,0.5121951219512195,6.39057470834814e-05,0,-7,-4,1808.474609375
32,0.5609756097560976,7.831457878637593e-06,0,-7,-4,1808.474609375
33,0.6097560975609757,6.994403520366177e-06,0,-7,-4,1808.474609375
34,0.6585365853658538,5.807919296785258e-05,0,-7,-4,1808.474609375
35,0.7073170731707317,8.242287208304333e-07,0,-7,-4,1808.474609375
36,0.7560975609756098,5.739496373280417e-06,0,-7,-4,1808.474609375
37,0.8048780487804879,1.748609179230698e-06,0,-7,-4,1808.474609375
38,0.853658536585366,7.237297722895164e-06,0,-7,-4,1808.474609375
39,0.902439024390244,1.3017297533224337e-06,0,-7,-4,1808.474609375
40,0.9512195121951219,8.891603329175268e-07,0,-7,-4,1808.474609375
41,1.0,0.0,0,-7,-4,1808.474609375
0,-1.0,7.175464133979403e-07,0,-6,-3,1808.474609375
1,-0.9512195121951219,2.1322364773368463e-05,0,-6,-3,1808.474609375
2,-0.9024390243902439,4.2986914195353165e-05,0,-6,-3,1808.474609375
3,-0.8536585365853658,1.9041905034100637e-05,0,-6,-3,1808.474609375
4,-0.8048780487804879,5.62605009690742e-06,0,-6,-3,1808.474609375
5,-0.7560975609756098,6.271914026001468e-05,0,-6,-3,1808.474609375
6,-0.7073170731707317,5.740992128266953e-05,0,-6,-3,1808.474609375
7,-0.6585365853658536,0.0001072600789484568,0,-6,-3,1808.474609375
8,-0.6097560975609756,9.14378251763992e-05,0,-6,-3,1808.474609375
9,-0.5609756097560976,1.2129217793699354e-05,0,-6,-3,1808.474609375
10,-0.5121951219512195,1.0800179097714135e-06,0,-6,-3,1808.474609375
11,-0.46341463414634143,0.0004229717596899718,0,-6,-3,1808.474609375
12,-0.41463414634146334,0.0003983943606726825,0,-6,-3,1808.474609375
13,-0.36585365853658536,0.0003366823657415807,0,-6,-3,1808.474609375
14,-0.31707317073170727,0.16380222141742706,0,-6,-3,1808.474609375
15,-0.2682926829268293,0.003255064832046628,0,-6,-3,1808.474609375
16,-0.2195121951219512,0.0007129349396564066,0,-6,-3,1808.474609375
17,-0.1707317073170731,0.0009673012536950409,0,-6,-3,1808.474609375
18,-0.12195121951219512,0.00010495048627490178,0,-6,-3,1808.474609375
19,-0.07317073170731703,5.537939796340652e-05,0,-6,-3,1808.474609375
20,-0.024390243902439046,0.00013489708362612873,0,-6,-3,1808.474609375
21,0.024390243902439046,2.5300671040895395e-05,0,-6,-3,1808.474609375
22,0.07317073170731714,1.3102182492730208e-05,0,-6,-3,1808.474609375
23,0.12195121951219523,9.69139910012018e-06,0,-6,-3,1808.474609375
24,0.17073170731707332,2.2851798348710872e-05,0,-6,-3,1808.474609375
25,0.2195121951219512,2.6984413125319406e-05,0,-6,-3,1808.474609375
26,0.2682926829268293,7.715190804447047e-06,0,-6,-3,1808.474609375
27,0.3170731707317074,7.802419713698328e-05,0,-6,-3,1808.474609375
28,0.36585365853658547,1.1357568837411236e-05,0,-6,-3,1808.474609375
29,0.41463414634146356,1.895879722724203e-05,0,-6,-3,1808.474609375
30,0.46341463414634143,8.501823685946874e-06,0,-6,-3,1808.474609375
31,0.5121951219512195,0.0,0,-6,-3,1808.474609375
32,0.5609756097560976,0.0,0,-6,-3,1808.474609375
33,0.6097560975609757,0.0,0,-6,-3,1808.474609375
34,0.6585365853658538,0.0,0,-6,-3,1808.474609375
35,0.7073170731707317,0.0,0,-6,-3,1808.474609375
36,0.7560975609756098,0.0,0,-6,-3,1808.474609375
37,0.8048780487804879,0.0,0,-6,-3,1808.474609375
38,0.853658536585366,0.0,0,-6,-3,1808.474609375
39,0.902439024390244,0.0,0,-6,-3,1808.474609375
40,0.9512195121951219,0.0,0,-6,-3,1808.474609375
41,1.0,0.0,0,-6,-3,1808.474609375
0,-1.0,1.6174305983440718e-06,0,-4,-2,1808.474609375
1,-0.9512195121951219,1.1819995052064769e-05,0,-4,-2,1808.474609375
2,-0.9024390243902439,1.0577746252238285e-05,0,-4,-2,1808.474609375
3,-0.8536585365853658,2.421475983283017e-05,0,-4,-2,1808.474609375
4,-0.8048780487804879,4.777621143148281e-06,0,-4,-2,1808.474609375
5,-0.7560975609756098,2.6753232305054553e-05,0,-4,-2,1808.474609375
6,-0.7073170731707317,3.22595915349666e-05,0,-4,-2,1808.474609375
7,-0.6585365853658536,2.3801929273759015e-05,0,-4,-2,1808.474609375
8,-0.6097560975609756,1.672726466495078e-05,0,-4,-2,1808.474609375
9,-0.5609756097560976,6.383308937074617e-05,0,-4,-2,1808.474609375
10,-0.5121951219512195,2.1027633920311928e-05,0,-4,-2,1808.474609375
11,-0.46341463414634143,5.010742461308837e-05,0,-4,-2,1808.474609375
12,-0.41463414634146334,7.822106999810785e-05,0,-4,-2,1808.474609375
13,-0.36585365853658536,0.00014383799862116575,0,-4,-2,1808.474609375
14,-0.31707317073170727,0.0005510231130756438,0,-4,-2,1808.474609375
15,-0.2682926829268293,0.00017370843852404505,0,-4,-2,1808.474609375
16,-0.2195121951219512,0.00019465411605779082,0,-4,-2,1808.474609375
17,-0.1707317073170731,0.00039022331475280225,0,-4,-2,1808.474609375
18,-0.12195121951219512,0.00032623211154714227,0,-4,-2,1808.474609375
19,-0.07317073170731703,0.0006048629875294864,0,-4,-2,1808.474609375
20,-0.024390243902439046,0.0036435360088944435,0,-4,-2,1808.474609375
21,0.024390243902439046,0.03142854571342468,0,-4,-2,1808.474609375
22,0.07317073170731714,0.07591933012008667,0,-4,-2,1808.474609375
23,0.12195121951219523,0.001122792949900031,0,-4,-2,1808.474609375
24,0.17073170731707332,0.0027073032688349485,0,-4,-2,1808.474609375
25,0.2195121951219512,0.0001002727949526161,0,-4,-2,1808.474609375
26,0.2682926829268293,0.00032899004872888327,0,-4,-2,1808.474609375
27,0.3170731707317074,0.00019863982743117958,0,-4,-2,1808.474609375
28,0.36585365853658547,0.0002406444982625544,0,-4,-2,1808.474609375
29,0.41463414634146356,0.0004639657854568213,0,-4,-2,1808.474609375
30,0.46341463414634143,0.0001571046595927328,0,-4,-2,1808.474609375
31,0.5121951219512195,3.0055069146328606e-05,0,-4,-2,1808.474609375
32,0.5609756097560976,7.257536344695836e-05,0,-4,-2,1808.474609375
33,0.6097560975609757,4.367754627310205e-06,0,-4,-2,1808.474609375
34,0.6585365853658538,3.916348214261234e-05,0,-4,-2,1808.474609375
35,0.7073170731707317,4.9545169531484134e-06,0,-4,-2,1808.474609375
36,0.7560975609756098,3.3592474210308865e-05,0,-4,-2,1808.474609375
37,0.8048780487804879,1.1003698091371916e-05,0,-4,-2,1808.474609375
38,0.853658536585366,2.246312578790821e-05,0,-4,-2,1808.474609375
39,0.902439024390244,1.012799020827515e-05,0,-4,-2,1808.474609375
40,0.9512195121951219,2.593450335552916e-05,0,-4,-2,1808.474609375
41,1.0,6.756029506505001e-06,0,-4,-2,1808.474609375
0,-1.0,0.00013433059211820364,0,-2,-1,1808.474609375
1,-0.9512195121951219,2.3620978026883677e-05,0,-2,-1,1808.474609375
2,-0.9024390243902439,1.2406262612785213e-05,0,-2,-1,1808.474609375
3,-0.8536585365853658,0.0001838258613133803,0,-2,-1,1808.474609375
4,-0.8048780487804879,0.00019783330208156258,0,-2,-1,1808.474609375
5,-0.7560975609756098,0.00021885828755330294,0,-2,-1,1808.474609375
6,-0.7073170731707317,0.00010302564623998478,0,-2,-1,1808.474609375
7,-0.6585365853658536,0.0004195331421215087,0,-2,-1,1808.474609375
8,-0.6097560975609756,0.00016254026559181511,0,-2,-1,1808.474609375
9,-0.5609756097560976,2.293295210620272e-06,0,-2,-1,1808.474609375
10,-0.5121951219512195,9.446566400583833e-05,0,-2,-1,1808.474609375
11,-0.46341463414634143,5.272552516544238e-05,0,-2,-1,1808.474609375
12,-0.41463414634146334,4.585347414831631e-05,0,-2,-1,1808.474609375
13,-0.36585365853658536,0.00033728074049577117,0,-2,-1,1808.474609375
14,-0.31707317073170727,0.0004362845211289823,0,-2,-1,1808.474609375
15,-0.2682926829268293,0.0007894697482697666,0,-2,-1,1808.474609375
16,-0.2195121951219512,0.0007273639785125852,0,-2,-1,1808.474609375
17,-0.1707317073170731,5.290211265673861e-05,0,-2,-1,1808.474609375
18,-0.12195121951219512,0.000811032485216856,0,-2,-1,1808.474609375
19,-0.07317073170731703,0.0016811504028737545,0,-2,-1,1808.474609375
20,-0.024390243902439046,0.0004686053725890815,0,-2,-1,1808.474609375
21,0.024390243902439046,0.0005614669644273818,0,-2,-1,1808.474609375
22,0.07317073170731714,0.002919082762673497,0,-2,-1,1808.474609375
23,0.12195121951219523,0.0038426530081778765,0,-2,-1,1808.474609375
24,0.17073170731707332,0.0010979744838550687,0,-2,-1,1808.474609375
25,0.2195121951219512,0.0010565266711637378,0,-2,-1,1808.474609375
26,0.2682926829268293,0.014920811168849468,0,-2,-1,1808.474609375
27,0.3170731707317074,0.024748872965574265,0,-2,-1,1808.474609375
28,0.36585365853658547,0.0027197650633752346,0,-2,-1,1808.474609375
29,0.41463414634146356,0.413429856300354,0,-2,-1,1808.474609375
30,0.46341463414634143,0.06926579028367996,0,-2,-1,1808.474609375
31,0.5121951219512195,0.03655357286334038,0,-2,-1,1808.474609375
32,0.5609756097560976,0.0012081536697223783,0,-2,-1,1808.474609375
33,0.6097560975609757,0.0028895155992358923,0,-2,-1,1808.474609375
34,0.6585365853658538,0.007565516512840986,0,-2,-1,1808.474609375
35,0.7073170731707317,0.003811028553172946,0,-2,-1,1808.474609375
36,0.7560975609756098,5.409602454164997e-05,0,-2,-1,1808.474609375
37,0.8048780487804879,0.0009572161943651736,0,-2,-1,1808.474609375
38,0.853658536585366,0.0019394614500924945,0,-2,-1,1808.474609375
39,0.902439024390244,0.0008109935442917049,0,-2,-1,1808.474609375
40,0.9512195121951219,1.377765329380054e-06,0,-2,-1,1808.474609375
41,1.0,0.0008328600088134408,0,-2,-1,1808.474609375
0,-1.0,0.004282763227820396,0,3,1,1808.474609375
1,-0.9512195121951219,0.011823451146483421,0,3,1,1808.474609375
2,-0.9024390243902439,0.021282551810145378,0,3,1,1808.474609375
3,-0.8536585365853658,0.061529383063316345,0,3,1,1808.474609375
4,-0.8048780487804879,0.1433749496936798,0,3,1,1808.474609375
5,-0.7560975609756098,0.1018935889005661,0,3,1,1808.474609375
6,-0.7073170731707317,0.09289386868476868,0,3,1,1808.474609375
7,-0.6585365853658536,0.009015360847115517,0,3,1,1808.474609375
8,-0.6097560975609756,0.005698950029909611,0,3,1,1808.474609375
9,-0.5609756097560976,0.006510613486170769,0,3,1,1808.474609375
10,-0.5121951219512195,0.0066900611855089664,0,3,1,1808.474609375
11,-0.46341463414634143,0.0062401979230344296,0,3,1,1808.474609375
12,-0.41463414634146334,0.004642106126993895,0,3,1,1808.474609375
13,-0.36585365853658536,0.0032025000546127558,0,3,1,1808.474609375
14,-0.31707317073170727,0.0028516859747469425,0,3,1,1808.474609375
15,-0.2682926829268293,0.0009737266809679568,0,3,1,1808.474609375
16,-0.2195121951219512,0.0013388964580371976,0,3,1,1808.474609375
17,-0.1707317073170731,0.0018327159341424704,0,3,1,1808.474609375
18,-0.12195121951219512,0.0005045154830440879,0,3,1,1808.474609375
19,-0.07317073170731703,4.03379526687786e-05,0,3,1,1808.474609375
20,-0.024390243902439046,0.00016544273239560425,0,3,1,1808.474609375
21,0.024390243902439046,0.00015771822654642165,0,3,1,1808.474609375
22,0.07317073170731714,0.0002307887189090252,0,3,1,1808.474609375
23,0.12195121951219523,0.00021891693177167326,0,3,1,1808.474609375
24,0.17073170731707332,7.357652066275477e-05,0,3,1,1808.474609375
25,0.2195121951219512,0.00010149354056920856,0,3,1,1808.474609375
26,0.2682926829268293,0.00010987524001393467,0,3,1,1808.474609375
27,0.3170731707317074,0.0007490052958019078,0,3,1,1808.474609375
28,0.36585365853658547,1.3596648386737797e-05,0,3,1,1808.474609375
29,0.41463414634146356,0.00021347057190723717,0,3,1,1808.474609375
30,0.46341463414634143,6.281315290834755e-05,0,3,1,1808.474609375
31,0.5121951219512195,0.00018524163169786334,0,3,1,1808.474609375
32,0.5609756097560976,0.0004275296232663095,0,3,1,1808.474609375
33,0.6097560975609757,0.0005722319474443793,0,3,1,1808.474609375
34,0.6585365853658538,0.0005087211029604077,0,3,1,1808.474609375
35,0.7073170731707317,0.00031542551005259156,0,3,1,1808.474609375
36,0.7560975609756098,0.00025764762540347874,0,3,1,1808.474609375
37,0.8048780487804879,8.62779634189792e-05,0,3,1,1808.474609375
38,0.853658536585366,2.5378209102200344e-05,0,3,1,1808.474609375
39,0.902439024390244,0.0,0,3,1,1808.474609375
40,0.9512195121951219,0.0,0,3,1,1808.474609375
41,1.0,0.0,0,3,1,1808.474609375
0,-1.0,0.0,0,5,2,1808.474609375
1,-0.9512195121951219,0.0,0,5,2,1808.474609375
2,-0.9024390243902439,0.0,0,5,2,1808.474609375
3,-0.8536585365853658,0.0,0,5,2,1808.474609375
4,-0.8048780487804879,0.0,0,5,2,1808.474609375
5,-0.7560975609756098,0.0,0,5,2,1808.474609375
6,-0.7073170731707317,0.0,0,5,2,1808.474609375
7,-0.6585365853658536,0.0,0,5,2,1808.474609375
8,-0.6097560975609756,0.0,0,5,2,1808.474609375
9,-0.5609756097560976,0.0,0,5,2,1808.474609375
10,-0.5121951219512195,0.0,0,5,2,1808.474609375
11,-0.46341463414634143,1.4621137722770072e-07,0,5,2,1808.474609375
12,-0.41463414634146334,1.795347799316005e-07,0,5,2,1808.474609375
13,-0.36585365853658536,7.722173336333071e-07,0,5,2,1808.474609375
14,-0.31707317073170727,1.0225743807268373e-07,0,5,2,1808.474609375
15,-0.2682926829268293,1.2727750799967907e-06,0,5,2,1808.474609375
16,-0.2195121951219512,2.0351726561784744e-06,0,5,2,1808.474609375
17,-0.1707317073170731,2.542128868299187e-06,0,5,2,1808.474609375
18,-0.12195121951219512,4.871912096859887e-06,0,5,2,1808.474609375
19,-0.07317073170731703,3.5833531910611782e-06,0,5,2,1808.474609375
20,-0.024390243902439046,9.2840644356329e-05,0,5,2,1808.474609375
21,0.024390243902439046,1.37477763928473e-05,0,5,2,1808.474609375
22,0.07317073170731714,1.1413992069719825e-05,0,5,2,1808.474609375
23,0.12195121951219523,1.856909875641577e-05,0,5,2,1808.474609375
24,0.17073170731707332,4.812842234969139e-05,0,5,2,1808.474609375
25,0.2195121951219512,3.0496599720208906e-05,0,5,2,1808.474609375
26,0.2682926829268293,3.0614155548391864e-05,0,5,2,1808.474609375
27,0.3170731707317074,0.00017134426161646843,0,5,2,1808.474609375
28,0.36585365853658547,0.00014229738735593855,0,5,2,1808.474609375
29,0.41463414634146356,0.0004121671663597226,0,5,2,1808.474609375
30,0.46341463414634143,0.008636978454887867,0,5,2,1808.474609375
31,0.5121951219512195,5.365218021324836e-05,0,5,2,1808.474609375
32,0.5609756097560976,1.481488834542688e-05,0,5,2,1808.474609375
33,0.6097560975609757,1.0074416422867216e-05,0,5,2,1808.474609375
34,0.6585365853658538,0.0002014933415921405,0,5,2,1808.474609375
35,0.7073170731707317,3.4772525395965204e-05,0,5,2,1808.474609375
36,0.7560975609756098,4.2262690840289e-05,0,5,2,1808.474609375
37,0.8048780487804879,3.312009357614443e-05,0,5,2,1808.474609375
38,0.853658536585366,6.646425390499644e-06,0,5,2,1808.474609375
39,0.902439024390244,3.970274974562926e-06,0,5,2,1808.474609375
40,0.9512195121951219,2.808512181218248e-05,0,5,2,1808.474609375
41,1.0,2.2776393961976282e-05,0,5,2,1808.474609375
0,-1.0,1.3397881275523105e-06,0,6,2,1808.474609375
1,-0.9512195121951219,1.3818429351886152e-06,0,6,2,1808.474609375
2,-0.9024390243902439,9.846012289926875e-06,0,6,2,1808.474609375
3,-0.8536585365853658,2.7302916350890882e-05,0,6,2,1808.474609375
4,-0.8048780487804879,5.5844222515588626e-05,0,6,2,1808.474609375
5,-0.7560975609756098,4.062694642925635e-05,0,6,2,1808.474609375
6,-0.7073170731707317,1.3310263966559432e-05,0,6,2,1808.474609375
7,-0.6585365853658536,9.387043064634781e-06,0,6,2,1808.474609375
8,-0.6097560975609756,9.248768947145436e-06,0,6,2,1808.474609375
9,-0.5609756097560976,1.231013175129192e-05,0,6,2,1808.474609375
10,-0.5121951219512195,9.605957529856823e-06,0,6,2,1808.474609375
11,-0.46341463414634143,4.46711828772095e-06,0,6,2,1808.474609375
12,-0.41463414634146334,4.871575583820231e-06,0,6,2,1808.474609375
13,-0.36585365853658536,4.896686368738301e-05,0,6,2,1808.474609375
14,-0.31707317073170727,5.683149538526777e-06,0,6,2,1808.474609375
15,-0.2682926829268293,3.149601616314612e-05,0,6,2,1808.474609375
16,-0.2195121951219512,0.003697803942486644,0,6,2,1808.474609375
17,-0.1707317073170731,2.3847620468586683e-05,0,6,2,1808.474609375
18,-0.12195121951219512,1.8472368537914008e-05,0,6,2,1808.474609375
19,-0.07317073170731703,5.2952409532736056e-06,0,6,2,1808.474609375
20,-0.024390243902439046,6.343573772937816e-07,0,6,2,1808.474609375
21,0.024390243902439046,5.977800014989043e-07,0,6,2,1808.474609375
22,0.07317073170731714,1.8697160157898907e-06,0,6,2,1808.474609375
23,0.12195121951219523,8.04165495082998e-07,0,6,2,1808.474609375
24,0.17073170731707332,4.2237065827066544e-06,0,6,2,1808.474609375
25,0.2195121951219512,2.1691472284146585e-05,0,6,2,1808.474609375
26,0.2682926829268293,1.3833121556672268e-05,0,6,2,1808.474609375
27,0.3170731707317074,6.955368007766083e-05,0,6,2,1808.474609375
28,0.36585365853658547,0.00011210796219529584,0,6,2,1808.474609375
29,0.41463414634146356,1.3916400348534808e-05,0,6,2,1808.474609375
30,0.46341463414634143,1.6922116628848016e-05,0,6,2,1808.474609375
31,0.5121951219512195,3.0777036954532377e-06,0,6,2,1808.474609375
32,0.5609756097560976,7.962387371662771e-07,0,6,2,1808.474609375
33,0.6097560975609757,0.0,0,6,2,1808.474609375
34,0.6585365853658538,0.0,0,6,2,1808.474609375
35,0.7073170731707317,0.0,0,6,2,1808.474609375
36,0.7560975609756098,0.0,0,6,2,1808.474609375
37,0.8048780487804879,0.0,0,6,2,1808.474609375
38,0.853658536585366,0.0,0,6,2,1808.474609375
39,0.902439024390244,0.0,0,6,2,1808.474609375
40,0.9512195121951219,0.0,0,6,2,1808.474609375
41,1.0,0.0,0,6,2,1808.474609375
0,-1.0,1.6230316759902053e-05,0,7,2,1808.474609375
1,-0.9512195121951219,1.9877268186974106e-06,0,7,2,1808.474609375
2,-0.9024390243902439,1.3129875696904492e-05,0,7,2,1808.474609375
3,-0.8536585365853658,1.3675840818905272e-05,0,7,2,1808.474609375
4,-0.8048780487804879,6.665523414994823e-06,0,7,2,1808.474609375
5,-0.7560975609756098,2.442662116663996e-05,0,7,2,1808.474609375
6,-0.7073170731707317,7.797154103172943e-05,0,7,2,1808.474609375
7,-0.6585365853658536,0.009478605352342129,0,7,2,1808.474609375
8,-0.6097560975609756,0.002084361156448722,0,7,2,1808.474609375
9,-0.5609756097560976,0.00011024624109268188,0,7,2,1808.474609375
10,-0.5121951219512195,2.964168925245758e-05,0,7,2,1808.474609375
11,-0.46341463414634143,0.0003062932228203863,0,7,2,1808.474609375
12,-0.41463414634146334,7.463076599378837e-06,0,7,2,1808.474609375
13,-0.36585365853658536,2.8055987968400586e-06,0,7,2,1808.474609375
14,-0.31707317073170727,5.924270681134658e-06,0,7,2,1808.474609375
15,-0.2682926829268293,4.803098931915883e-07,0,7,2,1808.474609375
16,-0.2195121951219512,1.6716031723262859e-06,0,7,2,1808.474609375
17,-0.1707317073170731,1.4816721431998303e-06,0,7,2,1808.474609375
18,-0.12195121951219512,1.671482010578984e-07,0,7,2,1808.474609375
19,-0.07317073170731703,8.836866527417442e-08,0,7,2,1808.474609375
20,-0.024390243902439046,1.0186373344822641e-07,0,7,2,1808.474609375
21,0.024390243902439046,2.972964985303861e-08,0,7,2,1808.474609375
22,0.07317073170731714,0.0,0,7,2,1808.474609375
23,0.12195121951219523,0.0,0,7,2,1808.474609375
24,0.17073170731707332,0.0,0,7,2,1808.474609375
25,0.2195121951219512,0.0,0,7,2,1808.474609375
26,0.2682926829268293,0.0,0,7,2,1808.474609375
27,0.3170731707317074,0.0,0,7,2,1808.474609375
28,0.36585365853658547,0.0,0,7,2,1808.474609375
29,0.41463414634146356,0.0,0,7,2,1808.474609375
30,0.46341463414634143,0.0,0,7,2,1808.474609375
31,0.5121951219512195,0.0,0,7,2,1808.474609375
32,0.5609756097560976,0.0,0,7,2,1808.474609375
33,0.6097560975609757,0.0,0,7,2,1808.474609375
34,0.6585365853658538,0.0,0,7,2,1808.474609375
35,0.7073170731707317,0.0,0,7,2,1808.474609375
36,0.7560975609756098,0.0,0,7,2,1808.474609375
37,0.8048780487804879,0.0,0,7,2,1808.474609375
38,0.853658536585366,0.0,0,7,2,1808.474609375
39,0.902439024390244,0.0,0,7,2,1808.474609375
40,0.9512195121951219,0.0,0,7,2,1808.474609375
41,1.0,0.0,0,7,2,1808.474609375
0,-1.0,0.00039916884270496666,0,8,2,1808.474609375
1,-0.9512195121951219,0.004405008163303137,0,8,2,1808.474609375
2,-0.9024390243902439,1.2438977137207985e-05,0,8,2,1808.474609375
3,-0.8536585365853658,2.424631475150818e-06,0,8,2,1808.474609375
4,-0.8048780487804879,2.2665348296868615e-05,0,8,2,1808.474609375
5,-0.7560975609756098,1.9742740278161364e-06,0,8,2,1808.474609375
6,-0.7073170731707317,4.10519902516171e-08,0,8,2,1808.474609375
7,-0.6585365853658536,1.5639529010513797e-05,0,8,2,1808.474609375
8,-0.6097560975609756,3.709884595082258e-06,0,8,2,1808.474609375
9,-0.5609756097560976,6.21262074673723e-07,0,8,2,1808.474609375
10,-0.5121951219512195,9.071535345128723e-08,0,8,2,1808.474609375
11,-0.46341463414634143,6.714876121804991e-08,0,8,2,1808.474609375
12,-0.41463414634146334,1.3748064020546735e-07,0,8,2,1808.474609375
13,-0.36585365853658536,8.207154422734675e-08,0,8,2,1808.474609375
14,-0.31707317073170727,0.0,0,8,2,1808.474609375
15,-0.2682926829268293,0.0,0,8,2,1808.474609375
16,-0.2195121951219512,0.0,0,8,2,1808.474609375
17,-0.1707317073170731,0.0,0,8,2,1808.474609375
18,-0.12195121951219512,0.0,0,8,2,1808.474609375
19,-0.07317073170731703,0.0,0,8,2,1808.474609375
20,-0.024390243902439046,0.0,0,8,2,1808.474609375
21,0.024390243902439046,0.0,0,8,2,1808.474609375
22,0.07317073170731714,0.0,0,8,2,1808.474609375
23,0.12195121951219523,0.0,0,8,2,1808.474609375
24,0.17073170731707332,0.0,0,8,2,1808.474609375
25,0.2195121951219512,0.0,0,8,2,1808.474609375
26,0.2682926829268293,0.0,0,8,2,1808.474609375
27,0.3170731707317074,0.0,0,8,2,1808.474609375
28,0.36585365853658547,0.0,0,8,2,1808.474609375
29,0.41463414634146356,0.0,0,8,2,1808.474609375
30,0.46341463414634143,0.0,0,8,2,1808.474609375
31,0.5121951219512195,0.0,0,8,2,1808.474609375
32,0.5609756097560976,0.0,0,8,2,1808.474609375
33,0.6097560975609757,0.0,0,8,2,1808.474609375
34,0.6585365853658538,0.0,0,8,2,1808.474609375
35,0.7073170731707317,0.0,0,8,2,1808.474609375
36,0.7560975609756098,0.0,0,8,2,1808.474609375
37,0.8048780487804879,0.0,0,8,2,1808.474609375
38,0.853658536585366,0.0,0,8,2,1808.474609375
39,0.902439024390244,0.0,0,8,2,1808.474609375
40,0.9512195121951219,0.0,0,8,2,1808.474609375
41,1.0,0.0,0,8,2,1808.474609375
0,-1.0,0.0,0,8,3,1808.474609375
1,-0.9512195121951219,0.0,0,8,3,1808.474609375
2,-0.9024390243902439,0.0,0,8,3,1808.474609375
3,-0.8536585365853658,0.0,0,8,3,1808.474609375
4,-0.8048780487804879,0.0,0,8,3,1808.474609375
5,-0.7560975609756098,0.0,0,8,3,1808.474609375
6,-0.7073170731707317,0.0,0,8,3,1808.474609375
7,-0.6585365853658536,0.0,0,8,3,1808.474609375
8,-0.6097560975609756,0.0,0,8,3,1808.474609375
9,-0.5609756097560976,0.0,0,8,3,1808.474609375
10,-0.5121951219512195,0.0,0,8,3,1808.474609375
11,-0.46341463414634143,0.0,0,8,3,1808.474609375
12,-0.41463414634146334,0.0,0,8,3,1808.474609375
13,-0.36585365853658536,0.0,0,8,3,1808.474609375
14,-0.31707317073170727,0.0,0,8,3,1808.474609375
15,-0.2682926829268293,0.0,0,8,3,1808.474609375
16,-0.2195121951219512,0.0,0,8,3,1808.474609375
17,-0.1707317073170731,0.0,0,8,3,1808.474609375
18,-0.12195121951219512,0.0,0,8,3,1808.474609375
19,-0.07317073170731703,0.0,0,8,3,1808.474609375
20,-0.024390243902439046,0.0,0,8,3,1808.474609375
21,0.024390243902439046,0.0,0,8,3,1808.474609375
22,0.07317073170731714,3.4630321010808984e-07,0,8,3,1808.474609375
23,0.12195121951219523,2.198444377654596e-07,0,8,3,1808.474609375
24,0.17073170731707332,8.926420491661702e-08,0,8,3,1808.474609375
25,0.2195121951219512,1.3625945030071307e-06,0,8,3,1808.474609375
26,0.2682926829268293,9.425301072951697e-08,0,8,3,1808.474609375
27,0.3170731707317074,8.126497874627603e-08,0,8,3,1808.474609375
28,0.36585365853658547,4.5885013832958066e-07,0,8,3,1808.474609375
29,0.41463414634146356,7.207007115539454e-07,0,8,3,1808.474609375
30,0.46341463414634143,1.159334078693064e-05,0,8,3,1808.474609375
31,0.5121951219512195,1.653511844779132e-06,0,8,3,1808.474609375
32,0.5609756097560976,1.8710521771936328e-06,0,8,3,1808.474609375
33,0.6097560975609757,1.7337439430775703e-06,0,8,3,1808.474609375
34,0.6585365853658538,7.784173067193478e-05,0,8,3,1808.474609375
35,0.7073170731707317,1.3935981542090303e-06,0,8,3,1808.474609375
36,0.7560975609756098,5.916240752412705e-06,0,8,3,1808.474609375
37,0.8048780487804879,1.742458692888249e-07,0,8,3,1808.474609375
38,0.853658536585366,3.034035387372569e-07,0,8,3,1808.474609375
39,0.902439024390244,4.9969248721026815e-06,0,8,3,1808.474609375
40,0.9512195121951219,6.195431978994748e-06,0,8,3,1808.474609375
41,1.0,9.431118286329365e-08,0,8,3,1808.474609375
0,-1.0,0.0,0,9,3,1808.474609375
1,-0.9512195121951219,0.0,0,9,3,1808.474609375
2,-0.9024390243902439,0.0,0,9,3,1808.474609375
3,-0.8536585365853658,0.0,0,9,3,1808.474609375
4,-0.8048780487804879,0.0,0,9,3,1808.474609375
5,-0.7560975609756098,0.0,0,9,3,1808.474609375
6,-0.7073170731707317,0.0,0,9,3,1808.474609375
7,-0.6585365853658536,0.0,0,9,3,1808.474609375
8,-0.6097560975609756,0.0,0,9,3,1808.474609375
9,-0.5609756097560976,0.0,0,9,3,1808.474609375
10,-0.5121951219512195,0.0,0,9,3,1808.474609375
11,-0.46341463414634143,0.0,0,9,3,1808.474609375
12,-0.41463414634146334,0.0,0,9,3,1808.474609375
13,-0.36585365853658536,0.0,0,9,3,1808.474609375
14,-0.31707317073170727,0.0,0,9,3,1808.474609375
15,-0.2682926829268293,0.0,0,9,3,1808.474609375
16,-0.2195121951219512,7.32720764062833e-07,0,9,3,1808.474609375
17,-0.1707317073170731,2.6789280127559323e-08,0,9,3,1808.474609375
18,-0.12195121951219512,1.2269055105207372e-07,0,9,3,1808.474609375
19,-0.07317073170731703,1.197157217802669e-07,0,9,3,1808.474609375
20,-0.024390243902439046,5.735954005103849e-07,0,9,3,1808.474609375
21,0.024390243902439046,8.213038995563693e-07,0,9,3,1808.474609375
22,0.07317073170731714,1.3680460142495576e-06,0,9,3,1808.474609375
23,0.12195121951219523,1.1820125109807122e-06,0,9,3,1808.474609375
24,0.17073170731707332,2.0091218289053359e-07,0,9,3,1808.474609375
25,0.2195121951219512,3.461710730334744e-05,0,9,3,1808.474609375
26,0.2682926829268293,2.8889069199067308e-06,0,9,3,1808.474609375
27,0.3170731707317074,1.9670669644256122e-06,0,9,3,1808.474609375
28,0.36585365853658547,6.901600863784552e-05,0,9,3,1808.474609375
29,0.41463414634146356,1.3311140492078266e-06,0,9,3,1808.474609375
30,0.46341463414634143,1.451121647733089e-06,0,9,3,1808.474609375
31,0.5121951219512195,9.197957950846103e-08,0,9,3,1808.474609375
32,0.5609756097560976,1.4047775493963854e-06,0,9,3,1808.474609375
33,0.6097560975609757,2.220724404367047e-08,0,9,3,1808.474609375
34,0.6585365853658538,3.616882437995628e-08,0,9,3,1808.474609375
35,0.7073170731707317,1.2047408404214366e-07,0,9,3,1808.474609375
36,0.7560975609756098,2.9237587568786694e-06,0,9,3,1808.474609375
37,0.8048780487804879,3.679343407725355e-08,0,9,3,1808.474609375
38,0.853658536585366,0.0,0,9,3,1808.474609375
39,0.902439024390244,0.0,0,9,3,1808.474609375
40,0.9512195121951219,0.0,0,9,3,1808.474609375
41,1.0,0.0,0,9,3,1808.474609375
0,-1.0,4.492578753456655e-08,1,-8,-8,1808.474609375
1,-0.9512195121951219,3.095718966505956e-06,1,-8,-8,1808.474609375
2,-0.9024390243902439,1.7675304775366385e-07,1,-8,-8,1808.474609375
3,-0.8536585365853658,1.733998011843596e-08,1,-8,-8,1808.474609375
4,-0.8048780487804879,1.864789567207481e-08,1,-8,-8,1808.474609375
5,-0.7560975609756098,4.952508334099548e-06,1,-8,-8,1808.474609375
6,-0.7073170731707317,1.6961412256932817e-05,1,-8,-8,1808.474609375
7,-0.6585365853658536,6.633939051425841e-07,1,-8,-8,1808.474609375
8,-0.6097560975609756,6.392830300683272e-07,1,-8,-8,1808.474609375
9,-0.5609756097560976,6.983973889873596e-06,1,-8,-8,1808.474609375
10,-0.5121951219512195,4.356097178970231e-06,1,-8,-8,1808.474609375
11,-0.46341463414634143,1.4068833479541354e-05,1,-8,-8,1808.474609375
12,-0.41463414634146334,0.004290613811463118,1,-8,-8,1808.474609375
13,-0.36585365853658536,1.191675073641818e-05,1,-8,-8,1808.474609375
14,-0.31707317073170727,0.00013465798110701144,1,-8,-8,1808.474609375
15,-0.2682926829268293,1.2171225534984842e-05,1,-8,-8,1808.474609375
16,-0.2195121951219512,5.31406976733706e-06,1,-8,-8,1808.474609375
17,-0.1707317073170731,4.0419547531200806e-07,1,-8,-8,1808.474609375
18,-0.12195121951219512,2.835615475760278e-07,1,-8,-8,1808.474609375
19,-0.07317073170731703,1.4847532270323427e-07,1,-8,-8,1808.474609375
20,-0.024390243902439046,4.962178081768798e-07,1,-8,-8,1808.474609375
21,0.024390243902439046,9.80472691480827e-07,1,-8,-8,1808.474609375
22,0.07317073170731714,6.344725420603936e-07,1,-8,-8,1808.474609375
23,0.12195121951219523,1.249835150929357e-07,1,-8,-8,1808.474609375
24,0.17073170731707332,4.967170497138795e-08,1,-8,-8,1808.474609375
25,0.2195121951219512,0.0,1,-8,-8,1808.474609375
26,0.2682926829268293,0.0,1,-8,-8,1808.474609375
27,0.3170731707317074,0.0,1,-8,-8,1808.474609375
28,0.36585365853658547,0.0,1,-8,-8,1808.474609375
29,0.41463414634146356,0.0,1,-8,-8,1808.474609375
30,0.46341463414634143,0.0,1,-8,-8,1808.474609375
31,0.5121951219512195,0.0,1,-8,-8,1808.474609375
32,0.5609756097560976,0.0,1,-8,-8,1808.474609375
33,0.6097560975609757,0.0,1,-8,-8,1808.474609375
34,0.6585365853658538,0.0,1,-8,-8,1808.474609375
35,0.7073170731707317,0.0,1,-8,-8,1808.474609375
36,0.7560975609756098,0.0,1,-8,-8,1808.474609375
37,0.8048780487804879,0.0,1,-8,-8,1808.474609375
38,0.853658536585366,0.0,1,-8,-8,1808.474609375
39,0.902439024390244,0.0,1,-8,-8,1808.474609375
40,0.9512195121951219,0.0,1,-8,-8,1808.474609375
41,1.0,0.0,1,-8,-8,1808.474609375
0,-1.0,0.0,1,-7,-8,1808.474609375
1,-0.9512195121951219,0.0,1,-7,-8,1808.474609375
2,-0.9024390243902439,0.0,1,-7,-8,1808.474609375
3,-0.8536585365853658,0.0,1,-7,-8,1808.474609375
4,-0.8048780487804879,0.0,1,-7,-8,1808.474609375
5,-0.7560975609756098,0.0,1,-7,-8,1808.474609375
6,-0.7073170731707317,0.0,1,-7,-8,1808.474609375
7,-0.6585365853658536,0.0,1,-7,-8,1808.474609375
8,-0.6097560975609756,0.0,1,-7,-8,1808.474609375
9,-0.5609756097560976,0.0,1,-7,-8,1808.474609375
10,-0.5121951219512195,0.0,1,-7,-8,1808.474609375
11,-0.46341463414634143,0.0,1,-7,-8,1808.474609375
12,-0.41463414634146334,0.0,1,-7,-8,1808.474609375
13,-0.36585365853658536,0.0,1,-7,-8,1808.474609375
14,-0.31707317073170727,0.0,1,-7,-8,1808.474609375
15,-0.2682926829268293,0.0,1,-7,-8,1808.474609375
16,-0.2195121951219512,0.0,1,-7,-8,1808.474609375
17,-0.1707317073170731,0.0,1,-7,-8,1808.474609375
18,-0.12195121951219512,0.0,1,-7,-8,1808.474609375
19,-0.07317073170731703,0.0,1,-7,-8,1808.474609375
20,-0.024390243902439046,1.6609764088570955e-06,1,-7,-8,1808.474609375
21,0.024390243902439046,1.3793448943033582e-06,1,-7,-8,1808.474609375
22,0.07317073170731714,1.725314291434188e-07,1,-7,-8,1808.474609375
23,0.12195121951219523,1.7180494751301012e-06,1,-7,-8,1808.474609375
24,0.17073170731707332,5.522978199223871e-07,1,-7,-8,1808.474609375
25,0.2195121951219512,2.635982809806592e-06,1,-7,-8,1808.474609375
26,0.2682926829268293,6.861057045171037e-06,1,-7,-8,1808.474609375
27,0.3170731707317074,7.517449489569117e-07,1,-7,-8,1808.474609375
28,0.36585365853658547,9.262105777452234e-06,1,-7,-8,1808.474609375
29,0.41463414634146356,6.961010967643233e-06,1,-7,-8,1808.474609375
30,0.46341463414634143,2.7669971132127102e-06,1,-7,-8,1808.474609375
31,0.5121951219512195,7.992630344233476e-06,1,-7,-8,1808.474609375
32,0.5609756097560976,4.792329946212703e-06,1,-7,-8,1808.474609375
33,0.6097560975609757,0.0001703408343018964,1,-7,-8,1808.474609375
34,0.6585365853658538,0.0001493174204370007,1,-7,-8,1808.474609375
35,0.7073170731707317,3.431458753766492e-05,1,-7,-8,1808.474609375
36,0.7560975609756098,7.787120011926163e-06,1,-7,-8,1808.474609375
37,0.8048780487804879,1.007295622912352e-06,1,-7,-8,1808.474609375
38,0.853658536585366,1.0708906302170362e-05,1,-7,-8,1808.474609375
39,0.902439024390244,6.833985025878064e-06,1,-7,-8,1808.474609375
40,0.9512195121951219,4.624529992725002e-06,1,-7,-8,1808.474609375
41,1.0,1.4426440486658976e-07,1,-7,-8,1808.474609375
0,-1.0,0.00016710039926692843,1,-7,-7,1808.474609375
1,-0.9512195121951219,0.0030944289173930883,1,-7,-7,1808.474609375
2,-0.9024390243902439,6.470368680311367e-05,1,-7,-7,1808.474609375
3,-0.8536585365853658,6.70933150104247e-05,1,-7,-7,1808.474609375
4,-0.8048780487804879,2.8420990929589607e-06,1,-7,-7,1808.474609375
5,-0.7560975609756098,7.970999149620184e-07,1,-7,-7,1808.474609375
6,-0.7073170731707317,2.0901356037938967e-05,1,-7,-7,1808.474609375
7,-0.6585365853658536,2.849107204383472e-06,1,-7,-7,1808.474609375
8,-0.6097560975609756,1.3083734984320472e-07,1,-7,-7,1808.474609375
9,-0.5609756097560976,1.0769802827326203e-07,1,-7,-7,1808.474609375
10,-0.5121951219512195,5.819549073748931e-07,1,-7,-7,1808.474609375
11,-0.46341463414634143,6.904847396072e-07,1,-7,-7,1808.474609375
12,-0.41463414634146334,6.632234544667881e-06,1,-7,-7,1808.474609375
13,-0.36585365853658536,8.230458092839399e-08,1,-7,-7,1808.474609375
14,-0.31707317073170727,2.950852103822399e-05,1,-7,-7,1808.474609375
15,-0.2682926829268293,4.710111056738242e-07,1,-7,-7,1808.474609375
16,-0.2195121951219512,0.0,1,-7,-7,1808.474609375
17,-0.1707317073170731,0.0,1,-7,-7,1808.474609375
18,-0.12195121951219512,0.0,1,-7,-7,1808.474609375
19,-0.07317073170731703,0.0,1,-7,-7,1808.474609375
20,-0.024390243902439046,0.0,1,-7,-7,1808.474609375
21,0.024390243902439046,0.0,1,-7,-7,1808.474609375
22,0.07317073170731714,0.0,1,-7,-7,1808.474609375
23,0.12195121951219523,0.0,1,-7,-7,1808.474609375
24,0.17073170731707332,0.0,1,-7,-7,1808.474609375
25,0.2195121951219512,0.0,1,-7,-7,1808.474609375
26,0.2682926829268293,0.0,1,-7,-7,1808.474609375
27,0.3170731707317074,0.0,1,-7,-7,1808.474609375
28,0.36585365853658547,0.0,1,-7,-7,1808.474609375
29,0.41463414634146356,0.0,1,-7,-7,1808.474609375
30,0.46341463414634143,0.0,1,-7,-7,1808.474609375
31,0.5121951219512195,0.0,1,-7,-7,1808.474609375
32,0.5609756097560976,0.0,1,-7,-7,1808.474609375
33,0.6097560975609757,0.0,1,-7,-7,1808.474609375
34,0.6585365853658538,0.0,1,-7,-7,1808.474609375
35,0.7073170731707317,0.0,1,-7,-7,1808.474609375
36,0.7560975609756098,0.0,1,-7,-7,1808.474609375
37,0.8048780487804879,0.0,1,-7,-7,1808.474609375
38,0.853658536585366,0.0,1,-7,-7,1808.474609375
39,0.902439024390244,0.0,1,-7,-7,1808.474609375
40,0.9512195121951219,0.0,1,-7,-7,1808.474609375
41,1.0,0.0,1,-7,-7,1808.474609375
0,-1.0,0.0,1,-6,-7,1808.474609375
1,-0.9512195121951219,0.0,1,-6,-7,1808.474609375
2,-0.9024390243902439,0.0,1,-6,-7,1808.474609375
3,-0.8536585365853658,0.0,1,-6,-7,1808.474609375
4,-0.8048780487804879,0.0,1,-6,-7,1808.474609375
5,-0.7560975609756098,0.0,1,-6,-7,1808.474609375
6,-0.7073170731707317,0.0,1,-6,-7,1808.474609375
7,-0.6585365853658536,1.1047984571632696e-06,1,-6,-7,1808.474609375
8,-0.6097560975609756,2.7420476556017093e-08,1,-6,-7,1808.474609375
9,-0.5609756097560976,2.6342215164731897e-07,1,-6,-7,1808.474609375
10,-0.5121951219512195,9.809462426346727e-06,1,-6,-7,1808.474609375
11,-0.46341463414634143,7.995261512405705e-06,1,-6,-7,1808.474609375
12,-0.41463414634146334,1.1288387895547203e-06,1,-6,-7,1808.474609375
13,-0.36585365853658536,1.8796952190314187e-06,1,-6,-7,1808.474609375
14,-0.31707317073170727,3.145724747355416e-07,1,-6,-7,1808.474609375
15,-0.2682926829268293,2.0958859536790442e-08,1,-6,-7,1808.474609375
16,-0.2195121951219512,9.948878414434148e-07,1,-6,-7,1808.474609375
17,-0.1707317073170731,2.0303932615206577e-06,1,-6,-7,1808.474609375
18,-0.12195121951219512,2.4912187654990703e-06,1,-6,-7,1808.474609375
19,-0.07317073170731703,4.565261519928754e-07,1,-6,-7,1808.474609375
20,-0.024390243902439046,1.0174745511903893e-05,1,-6,-7,1808.474609375
21,0.024390243902439046,2.1282738089212216e-05,1,-6,-7,1808.474609375
22,0.07317073170731714,0.0001635527005419135,1,-6,-7,1808.474609375
23,0.12195121951219523,3.845015453407541e-05,1,-6,-7,1808.474609375
24,0.17073170731707332,3.70062371075619e-05,1,-6,-7,1808.474609375
25,0.2195121951219512,7.379806629614905e-05,1,-6,-7,1808.474609375
26,0.2682926829268293,5.952587162028067e-05,1,-6,-7,1808.474609375
27,0.3170731707317074,8.219249866669998e-05,1,-6,-7,1808.474609375
28,0.36585365853658547,2.2646065190201625e-05,1,-6,-7,1808.474609375
29,0.41463414634146356,8.440665624220856e-06,1,-6,-7,1808.474609375
30,0.46341463414634143,2.7213363864575513e-06,1,-6,-7,1808.474609375
31,0.5121951219512195,3.2630686064294423e-07,1,-6,-7,1808.474609375
32,0.5609756097560976,2.4121485253658648e-08,1,-6,-7,1808.474609375
33,0.6097560975609757,6.553666480613174e-07,1,-6,-7,1808.474609375
34,0.6585365853658538,1.9310289189888863e-06,1,-6,-7,1808.474609375
35,0.7073170731707317,8.223402687690395e-07,1,-6,-7,1808.474609375
36,0.7560975609756098,1.3589188711193856e-05,1,-6,-7,1808.474609375
37,0.8048780487804879,1.0903819429586292e-06,1,-6,-7,1808.474609375
38,0.853658536585366,2.959660150736454e-06,1,-6,-7,1808.474609375
39,0.902439024390244,7.513795452496197e-08,1,-6,-7,1808.474609375
40,0.9512195121951219,9.305024661898642e-08,1,-6,-7,1808.474609375
41,1.0,0.0,1,-6,-7,1808.474609375
0,-1.0,5.988131306366995e-06,1,-5,-6,1808.474609375
1,-0.9512195121951219,2.854098511306802e-06,1,-5,-6,1808.474609375
2,-0.9024390243902439,0.00026421918300911784,1,-5,-6,1808.474609375
3,-0.8536585365853658,7.439532782882452e-05,1,-5,-6,1808.474609375
4,-0.8048780487804879,5.371708994061919e-06,1,-5,-6,1808.474609375
5,-0.7560975609756098,3.830829155049287e-05,1,-5,-6,1808.474609375
6,-0.7073170731707317,0.00017442612443119287,1,-5,-6,1808.474609375
7,-0.6585365853658536,0.003898095339536667,1,-5,-6,1808.474609375
8,-0.6097560975609756,6.145769020804437e-06,1,-5,-6,1808.474609375
9,-0.5609756097560976,4.563459697237704e-06,1,-5,-6,1808.474609375
10,-0.5121951219512195,0.0006899407599121332,1,-5,-6,1808.474609375
11,-0.46341463414634143,3.222731174901128e-05,1,-5,-6,1808.474609375
12,-0.41463414634146334,1.7063337509171106e-05,1,-5,-6,1808.474609375
13,-0.36585365853658536,1.3093690540699754e-05,1,-5,-6,1808.474609375
14,-0.31707317073170727,1.0929578820650931e-05,1,-5,-6,1808.474609375
15,-0.2682926829268293,8.262351911980659e-06,1,-5,-6,1808.474609375
16,-0.2195121951219512,1.5374455415440025e-06,1,-5,-6,1808.474609375
17,-0.1707317073170731,1.0076556478111343e-08,1,-5,-6,1808.474609375
18,-0.12195121951219512,8.367045666091144e-06,1,-5,-6,1808.474609375
19,-0.07317073170731703,4.2133459032811515e-07,1,-5,-6,1808.474609375
20,-0.024390243902439046,5.864684453626978e-07,1,-5,-6,1808.474609375
21,0.024390243902439046,5.195842277316842e-06,1,-5,-6,1808.474609375
22,0.07317073170731714,4.477288712223526e-06,1,-5,-6,1808.474609375
23,0.12195121951219523,1.804537419047847e-06,1,-5,-6,1808.474609375
24,0.17073170731707332,5.831464022776345e-08,1,-5,-6,1808.474609375
25,0.2195121951219512,2.904006350945565e-07,1,-5,-6,1808.474609375
26,0.2682926829268293,1.1686839798130677e-06,1,-5,-6,1808.474609375
27,0.3170731707317074,4.2815440792765e-06,1,-5,-6,1808.474609375
28,0.36585365853658547,0.0,1,-5,-6,1808.474609375
29,0.41463414634146356,0.0,1,-5,-6,1808.474609375
30,0.46341463414634143,0.0,1,-5,-6,1808.474609375
31,0.5121951219512195,0.0,1,-5,-6,1808.474609375
32,0.5609756097560976,0.0,1,-5,-6,1808.474609375
33,0.6097560975609757,0.0,1,-5,-6,1808.474609375
34,0.6585365853658538,0.0,1,-5,-6,1808.474609375
35,0.7073170731707317,0.0,1,-5,-6,1808.474609375
36,0.7560975609756098,0.0,1,-5,-6,1808.474609375
37,0.8048780487804879,0.0,1,-5,-6,1808.474609375
38,0.853658536585366,0.0,1,-5,-6,1808.474609375
39,0.902439024390244,0.0,1,-5,-6,1808.474609375
40,0.9512195121951219,0.0,1,-5,-6,1808.474609375
41,1.0,0.0,1,-5,-6,1808.474609375
0,-1.0,0.0,1,-4,-6,1808.474609375
1,-0.9512195121951219,0.0,1,-4,-6,1808.474609375
2,-0.9024390243902439,0.0,1,-4,-6,1808.474609375
3,-0.8536585365853658,0.0,1,-4,-6,1808.474609375
4,-0.8048780487804879,0.0,1,-4,-6,1808.474609375
5,-0.7560975609756098,0.0,1,-4,-6,1808.474609375
6,-0.7073170731707317,0.0,1,-4,-6,1808.474609375
7,-0.6585365853658536,0.0,1,-4,-6,1808.474609375
8,-0.6097560975609756,0.0,1,-4,-6,1808.474609375
9,-0.5609756097560976,0.0,1,-4,-6,1808.474609375
10,-0.5121951219512195,0.0,1,-4,-6,1808.474609375
11,-0.46341463414634143,0.0,1,-4,-6,1808.474609375
12,-0.41463414634146334,0.0,1,-4,-6,1808.474609375
13,-0.36585365853658536,0.0,1,-4,-6,1808.474609375
14,-0.31707317073170727,2.099321318382863e-05,1,-4,-6,1808.474609375
15,-0.2682926829268293,3.3184104353267685e-08,1,-4,-6,1808.474609375
16,-0.2195121951219512,4.9214686441700906e-06,1,-4,-6,1808.474609375
17,-0.1707317073170731,1.1195431852684123e-06,1,-4,-6,1808.474609375
18,-0.12195121951219512,4.621881544153439e-06,1,-4,-6,1808.474609375
19,-0.07317073170731703,8.160923243849538e-06,1,-4,-6,1808.474609375
20,-0.024390243902439046,2.1570484420863067e-07,1,-4,-6,1808.474609375
21,0.024390243902439046,7.217173788376385e-06,1,-4,-6,1808.474609375
22,0.07317073170731714,4.345917659520637e-06,1,-4,-6,1808.474609375
23,0.12195121951219523,1.0082120752485935e-05,1,-4,-6,1808.474609375
24,0.17073170731707332,3.456467675277963e-05,1,-4,-6,1808.474609375
25,0.2195121951219512,2.9010902835580055e-06,1,-4,-6,1808.474609375
26,0.2682926829268293,5.5235122999874875e-06,1,-4,-6,1808.474609375
27,0.3170731707317074,3.505147105897777e-05,1,-4,-6,1808.474609375
28,0.36585365853658547,1.3456944543577265e-05,1,-4,-6,1808.474609375
29,0.41463414634146356,8.309692930197343e-05,1,-4,-6,1808.474609375
30,0.46341463414634143,3.938158261007629e-05,1,-4,-6,1808.474609375
31,0.5121951219512195,3.2632106012897566e-05,1,-4,-6,1808.474609375
32,0.5609756097560976,4.564817572827451e-05,1,-4,-6,1808.474609375
33,0.6097560975609757,7.02622055541724e-05,1,-4,-6,1808.474609375
34,0.6585365853658538,2.614184995763935e-05,1,-4,-6,1808.474609375
35,0.7073170731707317,6.104265048634261e-05,1,-4,-6,1808.474609375
36,0.7560975609756098,3.0321671147248708e-05,1,-4,-6,1808.474609375
37,0.8048780487804879,8.787315164227039e-05,1,-4,-6,1808.474609375
38,0.853658536585366,0.0006132050184533,1,-4,-6,1808.474609375
39,0.902439024390244,0.013663975521922112,1,-4,-6,1808.474609375
40,0.9512195121951219,0.001774835865944624,1,-4,-6,1808.474609375
41,1.0,0.0002348960842937231,1,-4,-6,1808.474609375
0,-1.0,0.0003330290492158383,1,-3,-5,1808.474609375
1,-0.9512195121951219,0.00023043582041282207,1,-3,-5,1808.474609375
2,-0.9024390243902439,0.00022365165932569653,1,-3,-5,1808.474609375
3,-0.8536585365853658,0.0003933266852982342,1,-3,-5,1808.474609375
4,-0.8048780487804879,0.00016734884411562234,1,-3,-5,1808.474609375
5,-0.7560975609756098,6.910080264788121e-05,1,-3,-5,1808.474609375
6,-0.7073170731707317,0.001601719413883984,1,-3,-5,1808.474609375
7,-0.6585365853658536,0.0030706385150551796,1,-3,-5,1808.474609375
8,-0.6097560975609756,0.002374267438426614,1,-3,-5,1808.474609375
9,-0.5609756097560976,0.0057923984713852406,1,-3,-5,1808.474609375
10,-0.5121951219512195,0.09411865472793579,1,-3,-5,1808.474609375
11,-0.46341463414634143,0.015773169696331024,1,-3,-5,1808.474609375
12,-0.41463414634146334,0.00021908173221163452,1,-3,-5,1808.474609375
13,-0.36585365853658536,4.587462899507955e-05,1,-3,-5,1808.474609375
14,-0.31707317073170727,3.9162110624602064e-05,1,-3,-5,1808.474609375
15,-0.2682926829268293,0.00021525290503632277,1,-3,-5,1808.474609375
16,-0.2195121951219512,1.0118578757101204e-05,1,-3,-5,1808.474609375
17,-0.1707317073170731,0.00018482166342437267,1,-3,-5,1808.474609375
18,-0.12195121951219512,0.0006480102310888469,1,-3,-5,1808.474609375
19,-0.07317073170731703,8.256624278146774e-05,1,-3,-5,1808.474609375
20,-0.024390243902439046,0.00018685658869799227,1,-3,-5,1808.474609375
21,0.024390243902439046,0.00012453393719624728,1,-3,-5,1808.474609375
22,0.07317073170731714,0.00020504476560745388,1,-3,-5,1808.474609375
23,0.12195121951219523,0.0001355751883238554,1,-3,-5,1808.474609375
24,0.17073170731707332,8.185565093299374e-05,1,-3,-5,1808.474609375
25,0.2195121951219512,0.00017902364197652787,1,-3,-5,1808.474609375
26,0.2682926829268293,0.00013239636609796435,1,-3,-5,1808.474609375
27,0.3170731707317074,0.00013626270811073482,1,-3,-5,1808.474609375
28,0.36585365853658547,0.00011096872185589746,1,-3,-5,1808.474609375
29,0.41463414634146356,2.2659771275357343e-05,1,-3,-5,1808.474609375
30,0.46341463414634143,0.00015006060129962862,1,-3,-5,1808.474609375
31,0.5121951219512195,0.00010720697900978848,1,-3,-5,1808.474609375
32,0.5609756097560976,6.677665078314021e-05,1,-3,-5,1808.474609375
33,0.6097560975609757,9.775648504728451e-05,1,-3,-5,1808.474609375
34,0.6585365853658538,6.042605673428625e-05,1,-3,-5,1808.474609375
35,0.7073170731707317,4.727084160549566e-05,1,-3,-5,1808.474609375
36,0.7560975609756098,3.4039170714095235e-05,1,-3,-5,1808.474609375
37,0.8048780487804879,4.25968537456356e-05,1,-3,-5,1808.474609375
38,0.853658536585366,3.8056139601394534e-05,1,-3,-5,1808.474609375
39,0.902439024390244,3.114648279733956e-05,1,-3,-5,1808.474609375
40,0.9512195121951219,3.9930549974087626e-05,1,-3,-5,1808.474609375
41,1.0,2.5821007511694916e-05,1,-3,-5,1808.474609375
0,-1.0,0.0,1,4,-2,1808.474609375
1,-0.9512195121951219,0.0,1,4,-2,1808.474609375
2,-0.9024390243902439,0.0,1,4,-2,1808.474609375
3,-0.8536585365853658,4.191636890027439e-06,1,4,-2,1808.474609375
4,-0.8048780487804879,2.9382314096437767e-05,1,4,-2,1808.474609375
5,-0.7560975609756098,1.496922891419672e-06,1,4,-2,1808.474609375
6,-0.7073170731707317,1.1838464160973672e-05,1,4,-2,1808.474609375
7,-0.6585365853658536,1.6181989849428646e-05,1,4,-2,1808.474609375
8,-0.6097560975609756,3.1296531233238056e-05,1,4,-2,1808.474609375
9,-0.5609756097560976,1.51962040035869e-05,1,4,-2,1808.474609375
10,-0.5121951219512195,1.3862145351595245e-05,1,4,-2,1808.474609375
11,-0.46341463414634143,2.2586198610952124e-05,1,4,-2,1808.474609375
12,-0.41463414634146334,3.7335410070227226e-06,1,4,-2,1808.474609375
13,-0.36585365853658536,1.1761485438910313e-06,1,4,-2,1808.474609375
14,-0.31707317073170727,2.1166693841223605e-05,1,4,-2,1808.474609375
15,-0.2682926829268293,9.935379239323083e-07,1,4,-2,1808.474609375
16,-0.2195121951219512,3.671615559142083e-05,1,4,-2,1808.474609375
17,-0.1707317073170731,5.022297500545392e-06,1,4,-2,1808.474609375
18,-0.12195121951219512,6.889912037877366e-05,1,4,-2,1808.474609375
19,-0.07317073170731703,9.781457629287615e-05,1,4,-2,1808.474609375
20,-0.024390243902439046,0.00030156085267663,1,4,-2,1808.474609375
21,0.024390243902439046,0.00011629658547462896,1,4,-2,1808.474609375
22,0.07317073170731714,9.536044672131538e-05,1,4,-2,1808.474609375
23,0.12195121951219523,0.000683309102896601,1,4,-2,1808.474609375
24,0.17073170731707332,0.00012296903878450394,1,4,-2,1808.474609375
25,0.2195121951219512,0.04213612526655197,1,4,-2,1808.474609375
26,0.2682926829268293,0.00035956321517005563,1,4,-2,1808.474609375
27,0.3170731707317074,0.0012071741512045264,1,4,-2,1808.474609375
28,0.36585365853658547,8.953807991929352e-05,1,4,-2,1808.474609375
29,0.41463414634146356,0.00016156010678969324,1,4,-2,1808.474609375
30,0.46341463414634143,0.00012888433411717415,1,4,-2,1808.474609375
31,0.5121951219512195,1.2869802048953716e-05,1,4,-2,1808.474609375
32,0.5609756097560976,9.715266060084105e-05,1,4,-2,1808.474609375
33,0.6097560975609757,8.487994637107477e-05,1,4,-2,1808.474609375
34,0.6585365853658538,3.080714668612927e-05,1,4,-2,1808.474609375
35,0.7073170731707317,5.432502803159878e-06,1,4,-2,1808.474609375
36,0.7560975609756098,5.44803733646404e-05,1,4,-2,1808.474609375
37,0.8048780487804879,1.443667088096845e-06,1,4,-2,1808.474609375
38,0.853658536585366,2.9392542273853905e-05,1,4,-2,1808.474609375
39,0.902439024390244,1.0442417988087982e-05,1,4,-2,1808.474609375
40,0.9512195121951219,1.3799182852380909e-05,1,4,-2,1808.474609375
41,1.0,5.293609319778625e-06,1,4,-2,1808.474609375
0,-1.0,2.5669573005870916e-05,1,5,-2,1808.474609375
1,-0.9512195121951219,4.8472343223693315e-06,1,5,-2,1808.474609375
2,-0.9024390243902439,3.915861270797905e-06,1,5,-2,1808.474609375
3,-0.8536585365853658,1.5784149582032114e-05,1,5,-2,1808.474609375
4,-0.8048780487804879,8.112820069072768e-05,1,5,-2,1808.474609375
5,-0.7560975609756098,0.00013696146197617054,1,5,-2,1808.474609375
6,-0.7073170731707317,0.00027934281388297677,1,5,-2,1808.474609375
7,-0.6585365853658536,1.3653338100994006e-05,1,5,-2,1808.474609375
8,-0.6097560975609756,7.019815711828414e-06,1,5,-2,1808.474609375
9,-0.5609756097560976,0.0004004404181614518,1,5,-2,1808.474609375
10,-0.5121951219512195,0.003475559176877141,1,5,-2,1808.474609375
11,-0.46341463414634143,0.00025953789008781314,1,5,-2,1808.474609375
12,-0.41463414634146334,0.00012113704724470153,1,5,-2,1808.474609375
13,-0.36585365853658536,0.00014928856398910284,1,5,-2,1808.474609375
14,-0.31707317073170727,0.00032396987080574036,1,5,-2,1808.474609375
15,-0.2682926829268293,0.00027910011704079807,1,5,-2,1808.474609375
16,-0.2195121951219512,0.00023405361571349204,1,5,-2,1808.474609375
17,-0.1707317073170731,0.0001330470258835703,1,5,-2,1808.474609375
18,-0.12195121951219512,9.26323264138773e-06,1,5,-2,1808.474609375
19,-0.07317073170731703,8.870616875356063e-05,1,5,-2,1808.474609375
20,-0.024390243902439046,6.046913767931983e-05,1,5,-2,1808.474609375
21,0.024390243902439046,3.1674568162998185e-05,1,5,-2,1808.474609375
22,0.07317073170731714,2.218002555309795e-05,1,5,-2,1808.474609375
23,0.12195121951219523,1.1002230166923255e-05,1,5,-2,1808.474609375
24,0.17073170731707332,4.696407359006116e-06,1,5,-2,1808.474609375
25,0.2195121951219512,8.200683623726945e-06,1,5,-2,1808.474609375
26,0.2682926829268293,2.430617541904212e-06,1,5,-2,1808.474609375
27,0.3170731707317074,2.3494912682053837e-07,1,5,-2,1808.474609375
28,0.36585365853658547,4.79532047847897e-07,1,5,-2,1808.474609375
29,0.41463414634146356,0.0,1,5,-2,1808.474609375
30,0.46341463414634143,0.0,1,5,-2,1808.474609375
31,0.5121951219512195,0.0,1,5,-2,1808.474609375
32,0.5609756097560976,0.0,1,5,-2,1808.474609375
33,0.6097560975609757,0.0,1,5,-2,1808.474609375
34,0.6585365853658538,0.0,1,5,-2,1808.474609375
35,0.7073170731707317,0.0,1,5,-2,1808.474609375
36,0.7560975609756098,0.0,1,5,-2,1808.474609375
37,0.8048780487804879,0.0,1,5,-2,1808.474609375
38,0.853658536585366,0.0,1,5,-2,1808.474609375
39,0.902439024390244,0.0,1,5,-2,1808.474609375
40,0.9512195121951219,0.0,1,5,-2,1808.474609375
41,1.0,0.0,1,5,-2,1808.474609375
0,-1.0,0.0,1,6,-1,1808.474609375
1,-0.9512195121951219,0.0,1,6,-1,1808.474609375
2,-0.9024390243902439,0.0,1,6,-1,1808.474609375
3,-0.8536585365853658,0.0,1,6,-1,1808.474609375
4,-0.8048780487804879,0.0,1,6,-1,1808.474609375
5,-0.7560975609756098,0.0,1,6,-1,1808.474609375
6,-0.7073170731707317,0.0,1,6,-1,1808.474609375
7,-0.6585365853658536,0.0,1,6,-1,1808.474609375
8,-0.6097560975609756,0.0,1,6,-1,1808.474609375
9,-0.5609756097560976,0.0,1,6,-1,1808.474609375
10,-0.5121951219512195,0.0,1,6,-1,1808.474609375
11,-0.46341463414634143,0.0,1,6,-1,1808.474609375
12,-0.41463414634146334,0.0,1,6,-1,1808.474609375
13,-0.36585365853658536,0.0,1,6,-1,1808.474609375
14,-0.31707317073170727,0.0,1,6,-1,1808.474609375
15,-0.2682926829268293,0.0,1,6,-1,1808.474609375
16,-0.2195121951219512,0.0,1,6,-1,1808.474609375
17,-0.1707317073170731,0.0,1,6,-1,1808.474609375
18,-0.12195121951219512,0.0,1,6,-1,1808.474609375
19,-0.07317073170731703,0.0,1,6,-1,1808.474609375
20,-0.024390243902439046,0.0,1,6,-1,1808.474609375
21,0.024390243902439046,0.0,1,6,-1,1808.474609375
22,0.07317073170731714,0.0,1,6,-1,1808.474609375
23,0.12195121951219523,0.0,1,6,-1,1808.474609375
24,0.17073170731707332,1.0146317208636901e-06,1,6,-1,1808.474609375
25,0.2195121951219512,3.791416247622692e-06,1,6,-1,1808.474609375
26,0.2682926829268293,6.0329884945531376e-06,1,6,-1,1808.474609375
27,0.3170731707317074,1.0600104360491969e-05,1,6,-1,1808.474609375
28,0.36585365853658547,1.7088675576815149e-06,1,6,-1,1808.474609375
29,0.41463414634146356,1.1020898455171846e-05,1,6,-1,1808.474609375
30,0.46341463414634143,1.0615703104122076e-05,1,6,-1,1808.474609375
31,0.5121951219512195,2.0219238194840727e-06,1,6,-1,1808.474609375
32,0.5609756097560976,1.2804345033146092e-06,1,6,-1,1808.474609375
33,0.6097560975609757,5.506583875103388e-06,1,6,-1,1808.474609375
34,0.6585365853658538,1.9376337149878964e-05,1,6,-1,1808.474609375
35,0.7073170731707317,3.5467164707370102e-06,1,6,-1,1808.474609375
36,0.7560975609756098,2.645042332005687e-05,1,6,-1,1808.474609375
37,0.8048780487804879,3.3370102755725384e-05,1,6,-1,1808.474609375
38,0.853658536585366,9.738757398736198e-06,1,6,-1,1808.474609375
39,0.902439024390244,9.59830213105306e-05,1,6,-1,1808.474609375
40,0.9512195121951219,0.0056824516505002975,1,6,-1,1808.474609375
41,1.0,5.8864461607299745e-05,1,6,-1,1808.474609375
0,-1.0,0.0,1,7,-1,1808.474609375
1,-0.9512195121951219,0.0,1,7,-1,1808.474609375
2,-0.9024390243902439,0.0,1,7,-1,1808.474609375
3,-0.8536585365853658,0.0,1,7,-1,1808.474609375
4,-0.8048780487804879,0.0,1,7,-1,1808.474609375
5,-0.7560975609756098,0.0,1,7,-1,1808.474609375
6,-0.7073170731707317,0.0,1,7,-1,1808.474609375
7,-0.6585365853658536,0.0,1,7,-1,1808.474609375
8,-0.6097560975609756,0.0,1,7,-1,1808.474609375
9,-0.5609756097560976,0.0,1,7,-1,1808.474609375
10,-0.5121951219512195,0.0,1,7,-1,1808.474609375
11,-0.46341463414634143,0.0,1,7,-1,1808.474609375
12,-0.41463414634146334,0.0,1,7,-1,1808.474609375
13,-0.36585365853658536,0.0,1,7,-1,1808.474609375
14,-0.31707317073170727,0.0,1,7,-1,1808.474609375
15,-0.2682926829268293,1.0334669013900566e-06,1,7,-1,1808.474609375
16,-0.2195121951219512,7.449515351254377e-07,1,7,-1,1808.474609375
17,-0.1707317073170731,3.642193746600242e-08,1,7,-1,1808.474609375
18,-0.12195121951219512,1.2241929425726994e-06,1,7,-1,1808.474609375
19,-0.07317073170731703,2.3862016860221047e-06,1,7,-1,1808.474609375
20,-0.024390243902439046,3.547082087607123e-06,1,7,-1,1808.474609375
21,0.024390243902439046,3.3508656542835524e-06,1,7,-1,1808.474609375
22,0.07317073170731714,7.436379291902995e-06,1,7,-1,1808.474609375
23,0.12195121951219523,7.45334136809106e-06,1,7,-1,1808.474609375
24,0.17073170731707332,3.3997011996689253e-06,1,7,-1,1808.474609375
25,0.2195121951219512,0.00019921832426916808,1,7,-1,1808.474609375
26,0.2682926829268293,9.7467100204085e-06,1,7,-1,1808.474609375
27,0.3170731707317074,1.4262761396821588e-05,1,7,-1,1808.474609375
28,0.36585365853658547,2.4330011001438834e-05,1,7,-1,1808.474609375
29,0.41463414634146356,0.00024847532040439546,1,7,-1,1808.474609375
30,0.46341463414634143,0.00010228712199022993,1,7,-1,1808.474609375
31,0.5121951219512195,1.6163792224688223e-06,1,7,-1,1808.474609375
32,0.5609756097560976,7.838816600269638e-06,1,7,-1,1808.474609375
33,0.6097560975609757,3.7336481000238564e-06,1,7,-1,1808.474609375
34,0.6585365853658538,7.959621370901004e-07,1,7,-1,1808.474609375
35,0.7073170731707317,8.584506758779753e-06,1,7,-1,1808.474609375
36,0.7560975609756098,9.358187753605307e-07,1,7,-1,1808.474609375
37,0.8048780487804879,5.030453209542429e-08,1,7,-1,1808.474609375
38,0.853658536585366,1.7264409279960091e-06,1,7,-1,1808.474609375
39,0.902439024390244,6.369371590153605e-07,1,7,-1,1808.474609375
40,0.9512195121951219,2.645318772920291e-06,1,7,-1,1808.474609375
41,1.0,8.327518798978417e-07,1,7,-1,1808.474609375
0,-1.0,0.0,1,8,-1,1808.474609375
1,-0.9512195121951219,0.0,1,8,-1,1808.474609375
2,-0.9024390243902439,0.0,1,8,-1,1808.474609375
3,-0.8536585365853658,0.0,1,8,-1,1808.474609375
4,-0.8048780487804879,0.0,1,8,-1,1808.474609375
5,-0.7560975609756098,0.0,1,8,-1,1808.474609375
6,-0.7073170731707317,0.0,1,8,-1,1808.474609375
7,-0.6585365853658536,0.0,1,8,-1,1808.474609375
8,-0.6097560975609756,0.0,1,8,-1,1808.474609375
9,-0.5609756097560976,1.7644742911215872e-06,1,8,-1,1808.474609375
10,-0.5121951219512195,3.364192835419999e-08,1,8,-1,1808.474609375
11,-0.46341463414634143,1.3041341162534081e-06,1,8,-1,1808.474609375
12,-0.41463414634146334,5.007159415981732e-07,1,8,-1,1808.474609375
13,-0.36585365853658536,1.7780956795832026e-06,1,8,-1,1808.474609375
14,-0.31707317073170727,2.09231238841312e-05,1,8,-1,1808.474609375
15,-0.2682926829268293,4.419780907483073e-06,1,8,-1,1808.474609375
16,-0.2195121951219512,1.229336248798063e-05,1,8,-1,1808.474609375
17,-0.1707317073170731,9.719493391457945e-06,1,8,-1,1808.474609375
18,-0.12195121951219512,1.972554309759289e-05,1,8,-1,1808.474609375
19,-0.07317073170731703,6.521293107653037e-05,1,8,-1,1808.474609375
20,-0.024390243902439046,0.0007401625043712556,1,8,-1,1808.474609375
21,0.024390243902439046,0.0004993043257854879,1,8,-1,1808.474609375
22,0.07317073170731714,7.873916911194101e-05,1,8,-1,1808.474609375
23,0.12195121951219523,1.1701034964062274e-05,1,8,-1,1808.474609375
24,0.17073170731707332,2.064736509055365e-05,1,8,-1,1808.474609375
25,0.2195121951219512,1.6850763131515123e-05,1,8,-1,1808.474609375
26,0.2682926829268293,4.673375769925769e-06,1,8,-1,1808.474609375
27,0.3170731707317074,2.2960691694606794e-06,1,8,-1,1808.474609375
28,0.36585365853658547,3.318479855352052e-07,1,8,-1,1808.474609375
29,0.41463414634146356,1.1509674550325144e-05,1,8,-1,1808.474609375
30,0.46341463414634143,4.07093602916575e-06,1,8,-1,1808.474609375
31,0.5121951219512195,5.717941348848399e-06,1,8,-1,1808.474609375
32,0.5609756097560976,1.959863993761246e-06,1,8,-1,1808.474609375
33,0.6097560975609757,0.0,1,8,-1,1808.474609375
34,0.6585365853658538,0.0,1,8,-1,1808.474609375
35,0.7073170731707317,0.0,1,8,-1,1808.474609375
36,0.7560975609756098,0.0,1,8,-1,1808.474609375
37,0.8048780487804879,0.0,1,8,-1,1808.474609375
38,0.853658536585366,0.0,1,8,-1,1808.474609375
39,0.902439024390244,0.0,1,8,-1,1808.474609375
40,0.9512195121951219,0.0,1,8,-1,1808.474609375
41,1.0,0.0,1,8,-1,1808.474609375
0,-1.0,0.0,1,9,-1,1808.474609375
1,-0.9512195121951219,0.0,1,9,-1,1808.474609375
2,-0.9024390243902439,0.0,1,9,-1,1808.474609375
3,-0.8536585365853658,0.0,1,9,-1,1808.474609375
4,-0.8048780487804879,0.0,1,9,-1,1808.474609375
5,-0.7560975609756098,1.8200418594460643e-07,1,9,-1,1808.474609375
6,-0.7073170731707317,7.627771481111267e-08,1,9,-1,1808.474609375
7,-0.6585365853658536,6.774291136935062e-07,1,9,-1,1808.474609375
8,-0.6097560975609756,1.306581225435366e-07,1,9,-1,1808.474609375
9,-0.5609756097560976,8.964280340251207e-08,1,9,-1,1808.474609375
10,-0.5121951219512195,2.831471768161009e-08,1,9,-1,1808.474609375
11,-0.46341463414634143,1.4303840600859985e-07,1,9,-1,1808.474609375
12,-0.41463414634146334,2.91640276373073e-07,1,9,-1,1808.474609375
13,-0.36585365853658536,6.836623015260557e-06,1,9,-1,1808.474609375
14,-0.31707317073170727,6.503653366962681e-06,1,9,-1,1808.474609375
15,-0.2682926829268293,0.001306362566538155,1,9,-1,1808.474609375
16,-0.2195121951219512,6.637418664467987e-06,1,9,-1,1808.474609375
17,-0.1707317073170731,7.203110996556461e-09,1,9,-1,1808.474609375
18,-0.12195121951219512,3.6959156091143086e-07,1,9,-1,1808.474609375
19,-0.07317073170731703,1.643162192976888e-07,1,9,-1,1808.474609375
20,-0.024390243902439046,6.116860731708584e-06,1,9,-1,1808.474609375
21,0.024390243902439046,1.1760065717680845e-05,1,9,-1,1808.474609375
22,0.07317073170731714,3.218079882572056e-06,1,9,-1,1808.474609375
23,0.12195121951219523,2.7011725478587323e-07,1,9,-1,1808.474609375
24,0.17073170731707332,6.034925803533042e-08,1,9,-1,1808.474609375
25,0.2195121951219512,8.90330085212554e-08,1,9,-1,1808.474609375
26,0.2682926829268293,0.0,1,9,-1,1808.474609375
27,0.3170731707317074,0.0,1,9,-1,1808.474609375
28,0.36585365853658547,0.0,1,9,-1,1808.474609375
29,0.41463414634146356,0.0,1,9,-1,1808.474609375
30,0.46341463414634143,0.0,1,9,-1,1808.474609375
31,0.5121951219512195,0.0,1,9,-1,1808.474609375
32,0.5609756097560976,0.0,1,9,-1,1808.474609375
33,0.6097560975609757,0.0,1,9,-1,1808.474609375
34,0.6585365853658538,0.0,1,9,-1,1808.474609375
35,0.7073170731707317,0.0,1,9,-1,1808.474609375
36,0.7560975609756098,0.0,1,9,-1,1808.474609375
37,0.8048780487804879,0.0,1,9,-1,1808.474609375
38,0.853658536585366,0.0,1,9,-1,1808.474609375
39,0.902439024390244,0.0,1,9,-1,1808.474609375
40,0.9512195121951219,0.0,1,9,-1,1808.474609375
41,1.0,0.0,1,9,-1,1808.474609375
0,-1.0,6.790110637666658e-05,2,-5,-10,1808.474609375
1,-0.9512195121951219,2.169449180655647e-05,2,-5,-10,1808.474609375
2,-0.9024390243902439,9.907462663250044e-05,2,-5,-10,1808.474609375
3,-0.8536585365853658,0.00012489465007092804,2,-5,-10,1808.474609375
4,-0.8048780487804879,0.00011581004946492612,2,-5,-10,1808.474609375
5,-0.7560975609756098,2.9963577617309056e-05,2,-5,-10,1808.474609375
6,-0.7073170731707317,0.021460924297571182,2,-5,-10,1808.474609375
7,-0.6585365853658536,6.545196811202914e-05,2,-5,-10,1808.474609375
8,-0.6097560975609756,0.00010859837493626401,2,-5,-10,1808.474609375
9,-0.5609756097560976,0.00021843831927981228,2,-5,-10,1808.474609375
10,-0.5121951219512195,6.344483699649572e-05,2,-5,-10,1808.474609375
11,-0.46341463414634143,7.340359388763318e-06,2,-5,-10,1808.474609375
12,-0.41463414634146334,1.797360528144054e-05,2,-5,-10,1808.474609375
13,-0.36585365853658536,1.0471505447640084e-05,2,-5,-10,1808.474609375
14,-0.31707317073170727,6.439483513531741e-06,2,-5,-10,1808.474609375
15,-0.2682926829268293,6.210955689311959e-06,2,-5,-10,1808.474609375
16,-0.2195121951219512,1.5227661606331822e-05,2,-5,-10,1808.474609375
17,-0.1707317073170731,7.873404683778062e-07,2,-5,-10,1808.474609375
18,-0.12195121951219512,3.1048032269609394e-06,2,-5,-10,1808.474609375
19,-0.07317073170731703,7.197988907137187e-06,2,-5,-10,1808.474609375
20,-0.024390243902439046,2.4648923044878757e-06,2,-5,-10,1808.474609375
21,0.024390243902439046,2.0069630579655495e-07,2,-5,-10,1808.474609375
22,0.07317073170731714,5.76750198888476e-06,2,-5,-10,1808.474609375
23,0.12195121951219523,3.1354138627648354e-06,2,-5,-10,1808.474609375
24,0.17073170731707332,7.276985769522071e-08,2,-5,-10,1808.474609375
25,0.2195121951219512,3.2166281016543508e-06,2,-5,-10,1808.474609375
26,0.2682926829268293,2.715834398259176e-06,2,-5,-10,1808.474609375
27,0.3170731707317074,9.88911892818578e-07,2,-5,-10,1808.474609375
28,0.36585365853658547,0.0,2,-5,-10,1808.474609375
29,0.41463414634146356,0.0,2,-5,-10,1808.474609375
30,0.46341463414634143,0.0,2,-5,-10,1808.474609375
31,0.5121951219512195,0.0,2,-5,-10,1808.474609375
32,0.5609756097560976,0.0,2,-5,-10,1808.474609375
33,0.6097560975609757,0.0,2,-5,-10,1808.474609375
34,0.6585365853658538,0.0,2,-5,-10,1808.474609375
35,0.7073170731707317,0.0,2,-5,-10,1808.474609375
36,0.7560975609756098,0.0,2,-5,-10,1808.474609375
37,0.8048780487804879,0.0,2,-5,-10,1808.474609375
38,0.853658536585366,0.0,2,-5,-10,1808.474609375
39,0.902439024390244,0.0,2,-5,-10,1808.474609375
40,0.9512195121951219,0.0,2,-5,-10,1808.474609375
41,1.0,0.0,2,-5,-10,1808.474609375
0,-1.0,0.0,2,-4,-10,1808.474609375
1,-0.9512195121951219,0.0,2,-4,-10,1808.474609375
2,-0.9024390243902439,0.0,2,-4,-10,1808.474609375
3,-0.8536585365853658,0.0,2,-4,-10,1808.474609375
4,-0.8048780487804879,0.0,2,-4,-10,1808.474609375
5,-0.7560975609756098,0.0,2,-4,-10,1808.474609375
6,-0.7073170731707317,0.0,2,-4,-10,1808.474609375
7,-0.6585365853658536,0.0,2,-4,-10,1808.474609375
8,-0.6097560975609756,0.0,2,-4,-10,1808.474609375
9,-0.5609756097560976,0.0,2,-4,-10,1808.474609375
10,-0.5121951219512195,0.0,2,-4,-10,1808.474609375
11,-0.46341463414634143,0.0,2,-4,-10,1808.474609375
12,-0.41463414634146334,3.85947123504593e-06,2,-4,-10,1808.474609375
13,-0.36585365853658536,2.5074808718272834e-07,2,-4,-10,1808.474609375
14,-0.31707317073170727,1.6247946632574894e-06,2,-4,-10,1808.474609375
15,-0.2682926829268293,3.3973340123338858e-06,2,-4,-10,1808.474609375
16,-0.2195121951219512,3.4401173820697295e-07,2,-4,-10,1808.474609375
17,-0.1707317073170731,1.8067515838993131e-06,2,-4,-10,1808.474609375
18,-0.12195121951219512,2.7510402560437797e-06,2,-4,-10,1808.474609375
19,-0.07317073170731703,1.3190042125188484e-07,2,-4,-10,1808.474609375
20,-0.024390243902439046,2.4856610707502114e-06,2,-4,-10,1808.474609375
21,0.024390243902439046,2.1180753719818313e-06,2,-4,-10,1808.474609375
22,0.07317073170731714,7.117841391846014e-07,2,-4,-10,1808.474609375
23,0.12195121951219523,3.5289428979012882e-06,2,-4,-10,1808.474609375
24,0.17073170731707332,3.501276751194382e-06,2,-4,-10,1808.474609375
25,0.2195121951219512,2.0875853934398947e-08,2,-4,-10,1808.474609375
26,0.2682926829268293,2.1654323063557968e-06,2,-4,-10,1808.474609375
27,0.3170731707317074,3.2834952889970737e-06,2,-4,-10,1808.474609375
28,0.36585365853658547,1.8498520830689813e-06,2,-4,-10,1808.474609375
29,0.41463414634146356,7.471528078895062e-06,2,-4,-10,1808.474609375
30,0.46341463414634143,1.034022898238618e-05,2,-4,-10,1808.474609375
31,0.5121951219512195,5.1070987865387e-06,2,-4,-10,1808.474609375
32,0.5609756097560976,2.104054146911949e-05,2,-4,-10,1808.474609375
33,0.6097560975609757,3.2098098017740995e-05,2,-4,-10,1808.474609375
34,0.6585365853658538,1.8529504814068787e-05,2,-4,-10,1808.474609375
35,0.7073170731707317,0.00010125592962140217,2,-4,-10,1808.474609375
36,0.7560975609756098,0.0001208460089401342,2,-4,-10,1808.474609375
37,0.8048780487804879,4.029310730402358e-05,2,-4,-10,1808.474609375
38,0.853658536585366,0.007204578258097172,2,-4,-10,1808.474609375
39,0.902439024390244,0.002059848979115486,2,-4,-10,1808.474609375
40,0.9512195121951219,0.00011073335190303624,2,-4,-10,1808.474609375
41,1.0,0.00017350866983179003,2,-4,-10,1808.474609375
0,-1.0,1.0224345714959782e-05,2,-3,-9,1808.474609375
1,-0.9512195121951219,4.030452601000434e-06,2,-3,-9,1808.474609375
2,-0.9024390243902439,4.380596692499239e-06,2,-3,-9,1808.474609375
3,-0.8536585365853658,1.4455613381869625e-06,2,-3,-9,1808.474609375
4,-0.8048780487804879,7.183470188465435e-06,2,-3,-9,1808.474609375
5,-0.7560975609756098,1.4542606550094206e-05,2,-3,-9,1808.474609375
6,-0.7073170731707317,0.00010879396722884849,2,-3,-9,1808.474609375
7,-0.6585365853658536,2.068836920443573e-06,2,-3,-9,1808.474609375
8,-0.6097560975609756,5.607965704257367e-06,2,-3,-9,1808.474609375
9,-0.5609756097560976,6.690646841889247e-05,2,-3,-9,1808.474609375
10,-0.5121951219512195,0.0008064355934038758,2,-3,-9,1808.474609375
11,-0.46341463414634143,0.0027849446050822735,2,-3,-9,1808.474609375
12,-0.41463414634146334,0.0040988922119140625,2,-3,-9,1808.474609375
13,-0.36585365853658536,0.002574152546003461,2,-3,-9,1808.474609375
14,-0.31707317073170727,9.329091699328274e-05,2,-3,-9,1808.474609375
15,-0.2682926829268293,2.761851101240609e-05,2,-3,-9,1808.474609375
16,-0.2195121951219512,6.616866699005186e-07,2,-3,-9,1808.474609375
17,-0.1707317073170731,4.666679888032377e-05,2,-3,-9,1808.474609375
18,-0.12195121951219512,1.942141125255148e-06,2,-3,-9,1808.474609375
19,-0.07317073170731703,1.7570706404512748e-05,2,-3,-9,1808.474609375
20,-0.024390243902439046,2.3336047888733447e-05,2,-3,-9,1808.474609375
21,0.024390243902439046,0.0003211734292563051,2,-3,-9,1808.474609375
22,0.07317073170731714,0.0003072846448048949,2,-3,-9,1808.474609375
23,0.12195121951219523,1.2487664207583293e-05,2,-3,-9,1808.474609375
24,0.17073170731707332,1.836928458942566e-05,2,-3,-9,1808.474609375
25,0.2195121951219512,1.1295707736280747e-05,2,-3,-9,1808.474609375
26,0.2682926829268293,3.1641875466448255e-06,2,-3,-9,1808.474609375
27,0.3170731707317074,4.025162070320221e-06,2,-3,-9,1808.474609375
28,0.36585365853658547,4.180197521463924e-08,2,-3,-9,1808.474609375
29,0.41463414634146356,3.1982326618162915e-06,2,-3,-9,1808.474609375
30,0.46341463414634143,1.725879883451853e-06,2,-3,-9,1808.474609375
31,0.5121951219512195,2.1373912204580847e-06,2,-3,-9,1808.474609375
32,0.5609756097560976,3.5671465070663544e-07,2,-3,-9,1808.474609375
33,0.6097560975609757,8.79823858213058e-07,2,-3,-9,1808.474609375
34,0.6585365853658538,2.110526111209765e-06,2,-3,-9,1808.474609375
35,0.7073170731707317,3.0485261959256604e-06,2,-3,-9,1808.474609375
36,0.7560975609756098,1.838187586145068e-06,2,-3,-9,1808.474609375
37,0.8048780487804879,4.065467180680571e-07,2,-3,-9,1808.474609375
38,0.853658536585366,1.0740522156993393e-05,2,-3,-9,1808.474609375
39,0.902439024390244,2.7600513021752704e-06,2,-3,-9,1808.474609375
40,0.9512195121951219,1.5180766865796613e-07,2,-3,-9,1808.474609375
41,1.0,7.331863116633031e-07,2,-3,-9,1808.474609375
0,-1.0,0.0029434480238705873,2,-1,-8,1808.474609375
1,-0.9512195121951219,0.003689027391374111,2,-1,-8,1808.474609375
2,-0.9024390243902439,0.0006520284223370254,2,-1,-8,1808.474609375
3,-0.8536585365853658,0.0014269992243498564,2,-1,-8,1808.474609375
4,-0.8048780487804879,0.0001740689913276583,2,-1,-8,1808.474609375
5,-0.7560975609756098,0.0031994401942938566,2,-1,-8,1808.474609375
6,-0.7073170731707317,0.004170075990259647,2,-1,-8,1808.474609375
7,-0.6585365853658536,0.003374061780050397,2,-1,-8,1808.474609375
8,-0.6097560975609756,0.00967430043965578,2,-1,-8,1808.474609375
9,-0.5609756097560976,0.009458987042307854,2,-1,-8,1808.474609375
10,-0.5121951219512195,0.12787799537181854,2,-1,-8,1808.474609375
11,-0.46341463414634143,0.10564835369586945,2,-1,-8,1808.474609375
12,-0.41463414634146334,0.037378426641225815,2,-1,-8,1808.474609375
13,-0.36585365853658536,0.013132171705365181,2,-1,-8,1808.474609375
14,-0.31707317073170727,0.0012692899908870459,2,-1,-8,1808.474609375
15,-0.2682926829268293,0.0026479139924049377,2,-1,-8,1808.474609375
16,-0.2195121951219512,0.003369484096765518,2,-1,-8,1808.474609375
17,-0.1707317073170731,0.002047926187515259,2,-1,-8,1808.474609375
18,-0.12195121951219512,0.0005019655800424516,2,-1,-8,1808.474609375
19,-0.07317073170731703,2.937463068519719e-05,2,-1,-8,1808.474609375
20,-0.024390243902439046,0.00022880069445818663,2,-1,-8,1808.474609375
21,0.024390243902439046,0.0009259434300474823,2,-1,-8,1808.474609375
22,0.07317073170731714,0.00045498236431740224,2,-1,-8,1808.474609375
23,0.12195121951219523,0.0001722004235489294,2,-1,-8,1808.474609375
24,0.17073170731707332,3.965260475524701e-06,2,-1,-8,1808.474609375
25,0.2195121951219512,0.0002610886003822088,2,-1,-8,1808.474609375
26,0.2682926829268293,0.00033421863918192685,2,-1,-8,1808.474609375
27,0.3170731707317074,0.0004938367637805641,2,-1,-8,1808.474609375
28,0.36585365853658547,0.0002632943505886942,2,-1,-8,1808.474609375
29,0.41463414634146356,5.704898285330273e-05,2,-1,-8,1808.474609375
30,0.46341463414634143,0.000347260560374707,2,-1,-8,1808.474609375
31,0.5121951219512195,6.927133654244244e-05,2,-1,-8,1808.474609375
32,0.5609756097560976,6.724517879774794e-05,2,-1,-8,1808.474609375
33,0.6097560975609757,2.2594776964979246e-05,2,-1,-8,1808.474609375
34,0.6585365853658538,0.0002689569373615086,2,-1,-8,1808.474609375
35,0.7073170731707317,2.7669906558003277e-05,2,-1,-8,1808.474609375
36,0.7560975609756098,0.00047323061153292656,2,-1,-8,1808.474609375
37,0.8048780487804879,1.6462287021568045e-05,2,-1,-8,1808.474609375
38,0.853658536585366,7.224994624266401e-05,2,-1,-8,1808.474609375
39,0.902439024390244,0.0001510378933744505,2,-1,-8,1808.474609375
40,0.9512195121951219,0.0001464872038923204,2,-1,-8,1808.474609375
41,1.0,8.697508746990934e-05,2,-1,-8,1808.474609375
0,-1.0,3.6505058233160526e-05,2,1,-7,1808.474609375
1,-0.9512195121951219,5.674206840922125e-05,2,1,-7,1808.474609375
2,-0.9024390243902439,4.69436236016918e-05,2,1,-7,1808.474609375
3,-0.8536585365853658,2.204794145654887e-05,2,1,-7,1808.474609375
4,-0.8048780487804879,3.874755930155516e-05,2,1,-7,1808.474609375
5,-0.7560975609756098,3.955161810154095e-05,2,1,-7,1808.474609375
6,-0.7073170731707317,6.246580596780404e-05,2,1,-7,1808.474609375
7,-0.6585365853658536,1.664803312451113e-05,2,1,-7,1808.474609375
8,-0.6097560975609756,5.592352317762561e-05,2,1,-7,1808.474609375
9,-0.5609756097560976,6.601418135687709e-05,2,1,-7,1808.474609375
10,-0.5121951219512195,3.108807868557051e-05,2,1,-7,1808.474609375
11,-0.46341463414634143,2.086532549583353e-05,2,1,-7,1808.474609375
12,-0.41463414634146334,2.918562495324295e-05,2,1,-7,1808.474609375
13,-0.36585365853658536,3.1045627110870555e-05,2,1,-7,1808.474609375
14,-0.31707317073170727,6.30930662737228e-05,2,1,-7,1808.474609375
15,-0.2682926829268293,3.181305146426894e-05,2,1,-7,1808.474609375
16,-0.2195121951219512,0.00010559948714217171,2,1,-7,1808.474609375
17,-0.1707317073170731,0.0001233195507666096,2,1,-7,1808.474609375
18,-0.12195121951219512,7.896192255429924e-05,2,1,-7,1808.474609375
19,-0.07317073170731703,0.0005237915902398527,2,1,-7,1808.474609375
20,-0.024390243902439046,0.0005841116653755307,2,1,-7,1808.474609375
21,0.024390243902439046,0.00028122926596552134,2,1,-7,1808.474609375
22,0.07317073170731714,1.6935524399741553e-05,2,1,-7,1808.474609375
23,0.12195121951219523,0.00017948984168469906,2,1,-7,1808.474609375
24,0.17073170731707332,3.695439227158204e-05,2,1,-7,1808.474609375
25,0.2195121951219512,0.00034331416827626526,2,1,-7,1808.474609375
26,0.2682926829268293,2.8280222977628e-05,2,1,-7,1808.474609375
27,0.3170731707317074,0.0005491144838742912,2,1,-7,1808.474609375
28,0.36585365853658547,5.872675683349371e-05,2,1,-7,1808.474609375
29,0.41463414634146356,0.0003541350888554007,2,1,-7,1808.474609375
30,0.46341463414634143,0.00010562565148575231,2,1,-7,1808.474609375
31,0.5121951219512195,0.002221601316705346,2,1,-7,1808.474609375
32,0.5609756097560976,0.0018210140988230705,2,1,-7,1808.474609375
33,0.6097560975609757,0.005181898828595877,2,1,-7,1808.474609375
34,0.6585365853658538,0.01027713529765606,2,1,-7,1808.474609375
35,0.7073170731707317,0.10663331300020218,2,1,-7,1808.474609375
36,0.7560975609756098,0.09180127084255219,2,1,-7,1808.474609375
37,0.8048780487804879,0.003979506436735392,2,1,-7,1808.474609375
38,0.853658536585366,0.004074375610798597,2,1,-7,1808.474609375
39,0.902439024390244,0.00029210158390924335,2,1,-7,1808.474609375
40,0.9512195121951219,0.002195048378780484,2,1,-7,1808.474609375
41,1.0,3.572003333829343e-05,2,1,-7,1808.474609375
0,-1.0,0.0,2,3,-6,1808.474609375
1,-0.9512195121951219,0.0,2,3,-6,1808.474609375
2,-0.9024390243902439,0.0,2,3,-6,1808.474609375
3,-0.8536585365853658,0.0,2,3,-6,1808.474609375
4,-0.8048780487804879,0.0,2,3,-6,1808.474609375
5,-0.7560975609756098,0.0,2,3,-6,1808.474609375
6,-0.7073170731707317,0.0,2,3,-6,1808.474609375
7,-0.6585365853658536,0.0,2,3,-6,1808.474609375
8,-0.6097560975609756,0.0,2,3,-6,1808.474609375
9,-0.5609756097560976,0.0,2,3,-6,1808.474609375
10,-0.5121951219512195,0.0,2,3,-6,1808.474609375
11,-0.46341463414634143,0.0,2,3,-6,1808.474609375
12,-0.41463414634146334,3.8435223359556403e-07,2,3,-6,1808.474609375
13,-0.36585365853658536,6.66768414703256e-07,2,3,-6,1808.474609375
14,-0.31707317073170727,1.2006356797655826e-08,2,3,-6,1808.474609375
15,-0.2682926829268293,1.4186107364366762e-06,2,3,-6,1808.474609375
16,-0.2195121951219512,2.6421155325806467e-06,2,3,-6,1808.474609375
17,-0.1707317073170731,2.444934921186359e-07,2,3,-6,1808.474609375
18,-0.12195121951219512,2.0726342881971505e-06,2,3,-6,1808.474609375
19,-0.07317073170731703,2.778758926069713e-06,2,3,-6,1808.474609375
20,-0.024390243902439046,2.2466729205916636e-06,2,3,-6,1808.474609375
21,0.024390243902439046,2.103704161982023e-07,2,3,-6,1808.474609375
22,0.07317073170731714,2.2255612748267595e-06,2,3,-6,1808.474609375
23,0.12195121951219523,2.141529648724827e-06,2,3,-6,1808.474609375
24,0.17073170731707332,3.4423430861352244e-06,2,3,-6,1808.474609375
25,0.2195121951219512,2.205234886787366e-05,2,3,-6,1808.474609375
26,0.2682926829268293,8.182124474842567e-06,2,3,-6,1808.474609375
27,0.3170731707317074,2.611154195619747e-05,2,3,-6,1808.474609375
28,0.36585365853658547,3.997552084911149e-06,2,3,-6,1808.474609375
29,0.41463414634146356,0.00010137040953850374,2,3,-6,1808.474609375
30,0.46341463414634143,4.574807917379076e-06,2,3,-6,1808.474609375
31,0.5121951219512195,5.292869172990322e-05,2,3,-6,1808.474609375
32,0.5609756097560976,1.4258572264225222e-05,2,3,-6,1808.474609375
33,0.6097560975609757,4.6235978516051546e-05,2,3,-6,1808.474609375
34,0.6585365853658538,0.00016017539019230753,2,3,-6,1808.474609375
35,0.7073170731707317,0.00021745725825894624,2,3,-6,1808.474609375
36,0.7560975609756098,6.56918782624416e-05,2,3,-6,1808.474609375
37,0.8048780487804879,4.1221130231861025e-05,2,3,-6,1808.474609375
38,0.853658536585366,9.090966341318563e-05,2,3,-6,1808.474609375
39,0.902439024390244,0.00048402309766970575,2,3,-6,1808.474609375
40,0.9512195121951219,0.006934473291039467,2,3,-6,1808.474609375
41,1.0,0.00022113959130365402,2,3,-6,1808.474609375
0,-1.0,7.786454261804465e-06,2,4,-6,1808.474609375
1,-0.9512195121951219,7.275982170540374e-06,2,4,-6,1808.474609375
2,-0.9024390243902439,7.4764257078641094e-06,2,4,-6,1808.474609375
3,-0.8536585365853658,2.6134864583582385e-06,2,4,-6,1808.474609375
4,-0.8048780487804879,1.051176582222979e-06,2,4,-6,1808.474609375
5,-0.7560975609756098,1.0547191777732223e-05,2,4,-6,1808.474609375
6,-0.7073170731707317,1.0191582987317815e-05,2,4,-6,1808.474609375
7,-0.6585365853658536,1.0953239097943879e-06,2,4,-6,1808.474609375
8,-0.6097560975609756,9.515742021903861e-06,2,4,-6,1808.474609375
9,-0.5609756097560976,3.077423752984032e-05,2,4,-6,1808.474609375
10,-0.5121951219512195,6.58902990835486e-06,2,4,-6,1808.474609375
11,-0.46341463414634143,4.313444878789596e-05,2,4,-6,1808.474609375
12,-0.41463414634146334,2.563090129115153e-05,2,4,-6,1808.474609375
13,-0.36585365853658536,4.296737097320147e-05,2,4,-6,1808.474609375
14,-0.31707317073170727,3.52439092239365e-05,2,4,-6,1808.474609375
15,-0.2682926829268293,0.00010288648627465591,2,4,-6,1808.474609375
16,-0.2195121951219512,0.0010534148896113038,2,4,-6,1808.474609375
17,-0.1707317073170731,0.0004292955272831023,2,4,-6,1808.474609375
18,-0.12195121951219512,0.006866266019642353,2,4,-6,1808.474609375
19,-0.07317073170731703,0.0010565569391474128,2,4,-6,1808.474609375
20,-0.024390243902439046,9.919745025399607e-07,2,4,-6,1808.474609375
21,0.024390243902439046,0.00011457696382422,2,4,-6,1808.474609375
22,0.07317073170731714,2.9538123271777295e-05,2,4,-6,1808.474609375
23,0.12195121951219523,6.893496447446523e-06,2,4,-6,1808.474609375
24,0.17073170731707332,3.746319634956308e-05,2,4,-6,1808.474609375
25,0.2195121951219512,4.0272216210723855e-06,2,4,-6,1808.474609375
26,0.2682926829268293,6.014527571096551e-06,2,4,-6,1808.474609375
27,0.3170731707317074,3.188823029631749e-05,2,4,-6,1808.474609375
28,0.36585365853658547,8.450223276668112e-07,2,4,-6,1808.474609375
29,0.41463414634146356,2.6756804345495766e-06,2,4,-6,1808.474609375
30,0.46341463414634143,1.333577347395476e-05,2,4,-6,1808.474609375
31,0.5121951219512195,1.1821043699455913e-05,2,4,-6,1808.474609375
32,0.5609756097560976,1.434405112377135e-05,2,4,-6,1808.474609375
33,0.6097560975609757,1.727614630908647e-06,2,4,-6,1808.474609375
34,0.6585365853658538,1.4196952179190703e-05,2,4,-6,1808.474609375
35,0.7073170731707317,6.824448792031035e-05,2,4,-6,1808.474609375
36,0.7560975609756098,1.6452882846351713e-05,2,4,-6,1808.474609375
37,0.8048780487804879,1.0079414096253458e-05,2,4,-6,1808.474609375
38,0.853658536585366,1.0079316780320369e-05,2,4,-6,1808.474609375
39,0.902439024390244,7.409383329104458e-07,2,4,-6,1808.474609375
40,0.9512195121951219,0.0,2,4,-6,1808.474609375
41,1.0,0.0,2,4,-6,1808.474609375
0,-1.0,5.930913539486937e-05,2,5,-6,1808.474609375
1,-0.9512195121951219,4.898587576462887e-06,2,5,-6,1808.474609375
2,-0.9024390243902439,3.968991677538725e-06,2,5,-6,1808.474609375
3,-0.8536585365853658,0.00027084010071121156,2,5,-6,1808.474609375
4,-0.8048780487804879,0.00012754688214045018,2,5,-6,1808.474609375
5,-0.7560975609756098,0.00010100294457515702,2,5,-6,1808.474609375
6,-0.7073170731707317,1.15153970909887e-05,2,5,-6,1808.474609375
7,-0.6585365853658536,2.275506858495646e-06,2,5,-6,1808.474609375
8,-0.6097560975609756,1.737770980980713e-05,2,5,-6,1808.474609375
9,-0.5609756097560976,2.9809145416948013e-05,2,5,-6,1808.474609375
10,-0.5121951219512195,9.9374142337183e-07,2,5,-6,1808.474609375
11,-0.46341463414634143,3.898546196978714e-07,2,5,-6,1808.474609375
12,-0.41463414634146334,5.9610169955703896e-06,2,5,-6,1808.474609375
13,-0.36585365853658536,5.080605660623405e-07,2,5,-6,1808.474609375
14,-0.31707317073170727,7.126045176164553e-08,2,5,-6,1808.474609375
15,-0.2682926829268293,2.015124209719943e-07,2,5,-6,1808.474609375
16,-0.2195121951219512,1.6273693290713709e-06,2,5,-6,1808.474609375
17,-0.1707317073170731,2.402312304639054e-07,2,5,-6,1808.474609375
18,-0.12195121951219512,2.1728931187681155e-06,2,5,-6,1808.474609375
19,-0.07317073170731703,3.060213771277631e-07,2,5,-6,1808.474609375
20,-0.024390243902439046,1.2718384567733665e-08,2,5,-6,1808.474609375
21,0.024390243902439046,5.3048072601313834e-08,2,5,-6,1808.474609375
22,0.07317073170731714,8.956206443144765e-09,2,5,-6,1808.474609375
23,0.12195121951219523,0.0,2,5,-6,1808.474609375
24,0.17073170731707332,0.0,2,5,-6,1808.474609375
25,0.2195121951219512,0.0,2,5,-6,1808.474609375
26,0.2682926829268293,0.0,2,5,-6,1808.474609375
27,0.3170731707317074,0.0,2,5,-6,1808.474609375
28,0.36585365853658547,0.0,2,5,-6,1808.474609375
29,0.41463414634146356,0.0,2,5,-6,1808.474609375
30,0.46341463414634143,0.0,2,5,-6,1808.474609375
31,0.5121951219512195,0.0,2,5,-6,1808.474609375
32,0.5609756097560976,0.0,2,5,-6,1808.474609375
33,0.6097560975609757,0.0,2,5,-6,1808.474609375
34,0.6585365853658538,0.0,2,5,-6,1808.474609375
35,0.7073170731707317,0.0,2,5,-6,1808.474609375
36,0.7560975609756098,0.0,2,5,-6,1808.474609375
37,0.8048780487804879,0.0,2,5,-6,1808.474609375
38,0.853658536585366,0.0,2,5,-6,1808.474609375
39,0.902439024390244,0.0,2,5,-6,1808.474609375
40,0.9512195121951219,0.0,2,5,-6,1808.474609375
41,1.0,0.0,2,5,-6,1808.474609375
0,-1.0,0.0,2,6,-5,1808.474609375
1,-0.9512195121951219,0.0,2,6,-5,1808.474609375
2,-0.9024390243902439,0.0,2,6,-5,1808.474609375
3,-0.8536585365853658,0.0,2,6,-5,1808.474609375
4,-0.8048780487804879,0.0,2,6,-5,1808.474609375
5,-0.7560975609756098,0.0,2,6,-5,1808.474609375
6,-0.7073170731707317,0.0,2,6,-5,1808.474609375
7,-0.6585365853658536,0.0,2,6,-5,1808.474609375
8,-0.6097560975609756,0.0,2,6,-5,1808.474609375
9,-0.5609756097560976,0.0,2,6,-5,1808.474609375
10,-0.5121951219512195,0.0,2,6,-5,1808.474609375
11,-0.46341463414634143,0.0,2,6,-5,1808.474609375
12,-0.41463414634146334,0.0,2,6,-5,1808.474609375
13,-0.36585365853658536,0.0,2,6,-5,1808.474609375
14,-0.31707317073170727,0.0,2,6,-5,1808.474609375
15,-0.2682926829268293,0.0,2,6,-5,1808.474609375
16,-0.2195121951219512,0.0,2,6,-5,1808.474609375
17,-0.1707317073170731,0.0,2,6,-5,1808.474609375
18,-0.12195121951219512,1.9630181213869946e-07,2,6,-5,1808.474609375
19,-0.07317073170731703,3.2460422971780645e-07,2,6,-5,1808.474609375
20,-0.024390243902439046,7.098595347088121e-07,2,6,-5,1808.474609375
21,0.024390243902439046,1.4974267514844541e-07,2,6,-5,1808.474609375
22,0.07317073170731714,7.17806400984955e-08,2,6,-5,1808.474609375
23,0.12195121951219523,2.214678147538507e-07,2,6,-5,1808.474609375
24,0.17073170731707332,2.1326542309907381e-07,2,6,-5,1808.474609375
25,0.2195121951219512,1.5936224372126162e-05,2,6,-5,1808.474609375
26,0.2682926829268293,5.82695747652906e-06,2,6,-5,1808.474609375
27,0.3170731707317074,1.8518614524509758e-05,2,6,-5,1808.474609375
28,0.36585365853658547,3.930512320948765e-06,2,6,-5,1808.474609375
29,0.41463414634146356,2.163566705348785e-06,2,6,-5,1808.474609375
30,0.46341463414634143,1.2760116305798874e-06,2,6,-5,1808.474609375
31,0.5121951219512195,6.535511056426913e-05,2,6,-5,1808.474609375
32,0.5609756097560976,8.100119885057211e-05,2,6,-5,1808.474609375
33,0.6097560975609757,0.00026388271362520754,2,6,-5,1808.474609375
34,0.6585365853658538,3.5945857234764844e-05,2,6,-5,1808.474609375
35,0.7073170731707317,3.0880162285029655e-06,2,6,-5,1808.474609375
36,0.7560975609756098,3.1833840239414712e-06,2,6,-5,1808.474609375
37,0.8048780487804879,1.5979860563675174e-06,2,6,-5,1808.474609375
38,0.853658536585366,9.540926839690655e-07,2,6,-5,1808.474609375
39,0.902439024390244,4.950916718371445e-06,2,6,-5,1808.474609375
40,0.9512195121951219,1.0583362382021733e-05,2,6,-5,1808.474609375
41,1.0,2.134279668553063e-07,2,6,-5,1808.474609375
0,-1.0,0.0,2,7,-5,1808.474609375
1,-0.9512195121951219,0.0,2,7,-5,1808.474609375
2,-0.9024390243902439,0.0,2,7,-5,1808.474609375
3,-0.8536585365853658,0.0,2,7,-5,1808.474609375
4,-0.8048780487804879,0.0,2,7,-5,1808.474609375
5,-0.7560975609756098,0.0,2,7,-5,1808.474609375
6,-0.7073170731707317,0.0,2,7,-5,1808.474609375
7,-0.6585365853658536,0.0,2,7,-5,1808.474609375
8,-0.6097560975609756,0.0,2,7,-5,1808.474609375
9,-0.5609756097560976,0.0,2,7,-5,1808.474609375
10,-0.5121951219512195,4.3716215714084683e-07,2,7,-5,1808.474609375
11,-0.46341463414634143,9.045689353115449e-08,2,7,-5,1808.474609375
12,-0.41463414634146334,3.8280487046904454e-07,2,7,-5,1808.474609375
13,-0.36585365853658536,9.006386676446709e-07,2,7,-5,1808.474609375
14,-0.31707317073170727,1.5525054664067284e-07,2,7,-5,1808.474609375
15,-0.2682926829268293,1.227126517733268e-06,2,7,-5,1808.474609375
16,-0.2195121951219512,5.978767148917541e-06,2,7,-5,1808.474609375
17,-0.1707317073170731,3.9429733078577556e-06,2,7,-5,1808.474609375
18,-0.12195121951219512,4.267229087417945e-06,2,7,-5,1808.474609375
19,-0.07317073170731703,2.856105538739939e-07,2,7,-5,1808.474609375
20,-0.024390243902439046,2.220342321379576e-05,2,7,-5,1808.474609375
21,0.024390243902439046,1.6977071936707944e-05,2,7,-5,1808.474609375
22,0.07317073170731714,2.7189920729142614e-05,2,7,-5,1808.474609375
23,0.12195121951219523,0.001506565953604877,2,7,-5,1808.474609375
24,0.17073170731707332,8.035577047849074e-05,2,7,-5,1808.474609375
25,0.2195121951219512,7.90206922829384e-06,2,7,-5,1808.474609375
26,0.2682926829268293,3.6943386021448532e-06,2,7,-5,1808.474609375
27,0.3170731707317074,6.274078714341158e-06,2,7,-5,1808.474609375
28,0.36585365853658547,1.3687339333046111e-06,2,7,-5,1808.474609375
29,0.41463414634146356,1.195830634515005e-08,2,7,-5,1808.474609375
30,0.46341463414634143,1.649029400141444e-06,2,7,-5,1808.474609375
31,0.5121951219512195,1.307071215705946e-06,2,7,-5,1808.474609375
32,0.5609756097560976,7.882944714765472e-07,2,7,-5,1808.474609375
33,0.6097560975609757,5.611654160020407e-06,2,7,-5,1808.474609375
34,0.6585365853658538,8.27621249754884e-07,2,7,-5,1808.474609375
35,0.7073170731707317,2.1737246242992114e-06,2,7,-5,1808.474609375
36,0.7560975609756098,3.8227818777158973e-07,2,7,-5,1808.474609375
37,0.8048780487804879,0.0,2,7,-5,1808.474609375
38,0.853658536585366,0.0,2,7,-5,1808.474609375
39,0.902439024390244,0.0,2,7,-5,1808.474609375
40,0.9512195121951219,0.0,2,7,-5,1808.474609375
41,1.0,0.0,2,7,-5,1808.474609375
0,-1.0,2.6849218102142913e-06,3,2,-11,1808.474609375
1,-0.9512195121951219,2.8870267669844907e-06,3,2,-11,1808.474609375
2,-0.9024390243902439,2.5948465918190777e-06,3,2,-11,1808.474609375
3,-0.8536585365853658,2.179152261305717e-06,3,2,-11,1808.474609375
4,-0.8048780487804879,9.009519999381155e-06,3,2,-11,1808.474609375
5,-0.7560975609756098,7.4759368544619065e-06,3,2,-11,1808.474609375
6,-0.7073170731707317,5.930087354499847e-06,3,2,-11,1808.474609375
7,-0.6585365853658536,6.402807048289105e-05,3,2,-11,1808.474609375
8,-0.6097560975609756,1.9698942196555436e-05,3,2,-11,1808.474609375
9,-0.5609756097560976,1.820310171751771e-05,3,2,-11,1808.474609375
10,-0.5121951219512195,0.00012705674453172833,3,2,-11,1808.474609375
11,-0.46341463414634143,0.0007273998344317079,3,2,-11,1808.474609375
12,-0.41463414634146334,0.0017671753885224462,3,2,-11,1808.474609375
13,-0.36585365853658536,4.68917605758179e-05,3,2,-11,1808.474609375
14,-0.31707317073170727,9.580240657669492e-06,3,2,-11,1808.474609375
15,-0.2682926829268293,1.1602742233662866e-06,3,2,-11,1808.474609375
16,-0.2195121951219512,1.6276811720672413e-06,3,2,-11,1808.474609375
17,-0.1707317073170731,4.129200306124403e-07,3,2,-11,1808.474609375
18,-0.12195121951219512,4.523350980889518e-06,3,2,-11,1808.474609375
19,-0.07317073170731703,1.1625795792724603e-07,3,2,-11,1808.474609375
20,-0.024390243902439046,1.0334157423130819e-06,3,2,-11,1808.474609375
21,0.024390243902439046,6.01171734615491e-07,3,2,-11,1808.474609375
22,0.07317073170731714,2.801860773615772e-06,3,2,-11,1808.474609375
23,0.12195121951219523,2.201527422585059e-06,3,2,-11,1808.474609375
24,0.17073170731707332,1.3033620689384406e-06,3,2,-11,1808.474609375
25,0.2195121951219512,1.3890901755075902e-05,3,2,-11,1808.474609375
26,0.2682926829268293,3.6629846817959333e-06,3,2,-11,1808.474609375
27,0.3170731707317074,1.150162120211462e-06,3,2,-11,1808.474609375
28,0.36585365853658547,1.4542632698066882e-07,3,2,-11,1808.474609375
29,0.41463414634146356,1.9558485746529186e-06,3,2,-11,1808.474609375
30,0.46341463414634143,1.0421896377010853e-06,3,2,-11,1808.474609375
31,0.5121951219512195,2.0576981114572845e-06,3,2,-11,1808.474609375
32,0.5609756097560976,1.4818565432506148e-06,3,2,-11,1808.474609375
33,0.6097560975609757,1.5350254898294224e-06,3,2,-11,1808.474609375
34,0.6585365853658538,2.9066588922432857e-06,3,2,-11,1808.474609375
35,0.7073170731707317,1.7768703401088715e-05,3,2,-11,1808.474609375
36,0.7560975609756098,1.063667605194496e-05,3,2,-11,1808.474609375
37,0.8048780487804879,4.2690307964221574e-06,3,2,-11,1808.474609375
38,0.853658536585366,7.178579153332976e-07,3,2,-11,1808.474609375
39,0.902439024390244,5.674385405995963e-08,3,2,-11,1808.474609375
40,0.9512195121951219,3.0997327371551364e-07,3,2,-11,1808.474609375
41,1.0,6.187515282363165e-07,3,2,-11,1808.474609375
