tilt_index,tilt_angle,intensity,h,k,l,thickness
0,-1.0,0.0,-3,-6,7,1808.474609375
1,-0.9512195121951219,0.0,-3,-6,7,1808.474609375
2,-0.9024390243902439,0.0,-3,-6,7,1808.474609375
3,-0.8536585365853658,0.0,-3,-6,7,1808.474609375
4,-0.8048780487804879,0.0,-3,-6,7,1808.474609375
5,-0.7560975609756098,0.0,-3,-6,7,1808.474609375
6,-0.7073170731707317,0.0,-3,-6,7,1808.474609375
7,-0.6585365853658536,0.0,-3,-6,7,1808.474609375
8,-0.6097560975609756,0.0,-3,-6,7,1808.474609375
9,-0.5609756097560976,0.0,-3,-6,7,1808.474609375
10,-0.5121951219512195,0.0,-3,-6,7,1808.474609375
11,-0.46341463414634143,0.0,-3,-6,7,1808.474609375
12,-0.41463414634146334,0.0,-3,-6,7,1808.474609375
13,-0.36585365853658536,0.0,-3,-6,7,1808.474609375
14,-0.31707317073170727,0.0,-3,-6,7,1808.474609375
15,-0.2682926829268293,1.492252579282649e-07,-3,-6,7,1808.474609375
16,-0.2195121951219512,9.547471563564613e-06,-3,-6,7,1808.474609375
17,-0.1707317073170731,8.72994064593513e-07,-3,-6,7,1808.474609375
18,-0.12195121951219512,1.223031085828552e-05,-3,-6,7,1808.474609375
19,-0.07317073170731703,3.360570701715915e-07,-3,-6,7,1808.474609375
20,-0.024390243902439046,1.265858600163483e-06,-3,-6,7,1808.474609375
21,0.024390243902439046,2.9427109637936155e-08,-3,-6,7,1808.474609375
22,0.07317073170731714,5.0857188398367725e-06,-3,-6,7,1808.474609375
23,0.12195121951219523,1.3200562420934148e-07,-3,-6,7,1808.474609375
24,0.17073170731707332,2.3208829588838853e-05,-3,-6,7,1808.474609375
25,0.2195121951219512,8.837700988806318e-06,-3,-6,7,1808.474609375
26,0.2682926829268293,1.3639932149089873e-05,-3,-6,7,1808.474609375
27,0.3170731707317074,2.4614531866973266e-05,-3,-6,7,1808.474609375
28,0.36585365853658547,3.994769031123724e-06,-3,-6,7,1808.474609375
29,0.41463414634146356,0.016459569334983826,-3,-6,7,1808.474609375
30,0.46341463414634143,0.0002301989443367347,-3,-6,7,1808.474609375
31,0.5121951219512195,6.611562639591284e-06,-3,-6,7,1808.474609375
32,0.5609756097560976,4.5073018554830924e-05,-3,-6,7,1808.474609375
33,0.6097560975609757,3.6887358874082565e-06,-3,-6,7,1808.474609375
34,0.6585365853658538,6.927497452124953e-06,-3,-6,7,1808.474609375
35,0.7073170731707317,1.306037233916868e-07,-3,-6,7,1808.474609375
36,0.7560975609756098,2.59165449278953e-06,-3,-6,7,1808.474609375
37,0.8048780487804879,1.724848289086367e-06,-3,-6,7,1808.474609375
38,0.853658536585366,2.682729018488317e-06,-3,-6,7,1808.474609375
39,0.902439024390244,1.3357540638025966e-06,-3,-6,7,1808.474609375
40,0.9512195121951219,5.865576895303093e-06,-3,-6,7,1808.474609375
41,1.0,1.869287871159031e-06,-3,-6,7,1808.474609375
0,-1.0,1.2288376638025511e-05,-3,-5,8,1808.474609375
1,-0.9512195121951219,9.533554839435965e-05,-3,-5,8,1808.474609375
2,-0.9024390243902439,2.2133681341074407e-06,-3,-5,8,1808.474609375
3,-0.8536585365853658,1.537647904115147e-06,-3,-5,8,1808.474609375
4,-0.8048780487804879,0.00014297482266556472,-3,-5,8,1808.474609375
5,-0.7560975609756098,0.0014764718944206834,-3,-5,8,1808.474609375
6,-0.7073170731707317,0.00022409461962524801,-3,-5,8,1808.474609375
7,-0.6585365853658536,3.3321204682579264e-05,-3,-5,8,1808.474609375
8,-0.6097560975609756,1.7754036889527924e-05,-3,-5,8,1808.474609375
9,-0.5609756097560976,2.6318700747651746e-06,-3,-5,8,1808.474609375
10,-0.5121951219512195,3.640006252680905e-05,-3,-5,8,1808.474609375
11,-0.46341463414634143,6.308669497911978e-08,-3,-5,8,1808.474609375
12,-0.41463414634146334,7.291781116691709e-07,-3,-5,8,1808.474609375
13,-0.36585365853658536,1.6793320867236616e-07,-3,-5,8,1808.474609375
14,-0.31707317073170727,7.412397735606646e-07,-3,-5,8,1808.474609375
15,-0.2682926829268293,4.1925841287593357e-07,-3,-5,8,1808.474609375
16,-0.2195121951219512,1.3459312553365521e-09,-3,-5,8,1808.474609375
17,-0.1707317073170731,1.5698229617555626e-05,-3,-5,8,1808.474609375
18,-0.12195121951219512,1.6686490198480897e-06,-3,-5,8,1808.474609375
19,-0.07317073170731703,3.2069377198240545e-07,-3,-5,8,1808.474609375
20,-0.024390243902439046,1.4428780559683219e-05,-3,-5,8,1808.474609375
21,0.024390243902439046,9.522413506601879e-07,-3,-5,8,1808.474609375
22,0.07317073170731714,0.0,-3,-5,8,1808.474609375
23,0.12195121951219523,0.0,-3,-5,8,1808.474609375
24,0.17073170731707332,0.0,-3,-5,8,1808.474609375
25,0.2195121951219512,0.0,-3,-5,8,1808.474609375
26,0.2682926829268293,0.0,-3,-5,8,1808.474609375
27,0.3170731707317074,0.0,-3,-5,8,1808.474609375
28,0.36585365853658547,0.0,-3,-5,8,1808.474609375
29,0.41463414634146356,0.0,-3,-5,8,1808.474609375
30,0.46341463414634143,0.0,-3,-5,8,1808.474609375
31,0.5121951219512195,0.0,-3,-5,8,1808.474609375
32,0.5609756097560976,0.0,-3,-5,8,1808.474609375
33,0.6097560975609757,0.0,-3,-5,8,1808.474609375
34,0.6585365853658538,0.0,-3,-5,8,1808.474609375
35,0.7073170731707317,0.0,-3,-5,8,1808.474609375
36,0.7560975609756098,0.0,-3,-5,8,1808.474609375
37,0.8048780487804879,0.0,-3,-5,8,1808.474609375
38,0.853658536585366,0.0,-3,-5,8,1808.474609375
39,0.902439024390244,0.0,-3,-5,8,1808.474609375
40,0.9512195121951219,0.0,-3,-5,8,1808.474609375
41,1.0,0.0,-3,-5,8,1808.474609375
0,-1.0,0.0,-3,-4,8,1808.474609375
1,-0.9512195121951219,0.0,-3,-4,8,1808.474609375
2,-0.9024390243902439,0.0,-3,-4,8,1808.474609375
3,-0.8536585365853658,0.0,-3,-4,8,1808.474609375
4,-0.8048780487804879,0.0,-3,-4,8,1808.474609375
5,-0.7560975609756098,0.0,-3,-4,8,1808.474609375
6,-0.7073170731707317,0.0,-3,-4,8,1808.474609375
7,-0.6585365853658536,0.0,-3,-4,8,1808.474609375
8,-0.6097560975609756,0.0,-3,-4,8,1808.474609375
9,-0.5609756097560976,1.75390724166391e-07,-3,-4,8,1808.474609375
10,-0.5121951219512195,3.952572569687618e-06,-3,-4,8,1808.474609375
11,-0.46341463414634143,2.5405363430763828e-06,-3,-4,8,1808.474609375
12,-0.41463414634146334,1.9484398308122763e-06,-3,-4,8,1808.474609375
13,-0.36585365853658536,1.8364291065608995e-07,-3,-4,8,1808.474609375
14,-0.31707317073170727,5.825610287502059e-07,-3,-4,8,1808.474609375
15,-0.2682926829268293,4.3005630345760437e-07,-3,-4,8,1808.474609375
16,-0.2195121951219512,2.106407237079111e-06,-3,-4,8,1808.474609375
17,-0.1707317073170731,6.9803145379410125e-06,-3,-4,8,1808.474609375
18,-0.12195121951219512,4.686287411459489e-06,-3,-4,8,1808.474609375
19,-0.07317073170731703,2.5001347694342257e-06,-3,-4,8,1808.474609375
20,-0.024390243902439046,3.496320687190746e-06,-3,-4,8,1808.474609375
21,0.024390243902439046,1.1057891242671758e-05,-3,-4,8,1808.474609375
22,0.07317073170731714,2.9971126878081122e-06,-3,-4,8,1808.474609375
23,0.12195121951219523,2.987883817695547e-06,-3,-4,8,1808.474609375
24,0.17073170731707332,6.669758295174688e-05,-3,-4,8,1808.474609375
25,0.2195121951219512,4.5899723772890866e-05,-3,-4,8,1808.474609375
26,0.2682926829268293,9.453689813199162e-07,-3,-4,8,1808.474609375
27,0.3170731707317074,0.0005559111014008522,-3,-4,8,1808.474609375
28,0.36585365853658547,4.713826274382882e-05,-3,-4,8,1808.474609375
29,0.41463414634146356,0.005061892792582512,-3,-4,8,1808.474609375
30,0.46341463414634143,0.00033439582330174744,-3,-4,8,1808.474609375
31,0.5121951219512195,1.2180187525245856e-07,-3,-4,8,1808.474609375
32,0.5609756097560976,0.000138310351758264,-3,-4,8,1808.474609375
33,0.6097560975609757,0.00014055844803806394,-3,-4,8,1808.474609375
34,0.6585365853658538,5.04478612128878e-06,-3,-4,8,1808.474609375
35,0.7073170731707317,4.051816176797729e-06,-3,-4,8,1808.474609375
36,0.7560975609756098,1.588811937835999e-05,-3,-4,8,1808.474609375
37,0.8048780487804879,1.8162573951485683e-06,-3,-4,8,1808.474609375
38,0.853658536585366,3.3978992632910376e-06,-3,-4,8,1808.474609375
39,0.902439024390244,8.118894356812234e-07,-3,-4,8,1808.474609375
40,0.9512195121951219,7.279248848135467e-07,-3,-4,8,1808.474609375
41,1.0,5.3195535656413995e-06,-3,-4,8,1808.474609375
0,-1.0,5.682436949427938e-06,-3,-2,9,1808.474609375
1,-0.9512195121951219,1.3491016034095082e-05,-3,-2,9,1808.474609375
2,-0.9024390243902439,4.259535216988297e-06,-3,-2,9,1808.474609375
3,-0.8536585365853658,1.9931296264985576e-05,-3,-2,9,1808.474609375
4,-0.8048780487804879,5.081142808194272e-05,-3,-2,9,1808.474609375
5,-0.7560975609756098,4.600121974362992e-05,-3,-2,9,1808.474609375
6,-0.7073170731707317,2.6932189939543605e-05,-3,-2,9,1808.474609375
7,-0.6585365853658536,8.448159860563464e-06,-3,-2,9,1808.474609375
8,-0.6097560975609756,1.286427414015634e-05,-3,-2,9,1808.474609375
9,-0.5609756097560976,4.58668073406443e-05,-3,-2,9,1808.474609375
10,-0.5121951219512195,0.0003792101051658392,-3,-2,9,1808.474609375
11,-0.46341463414634143,9.976268484024331e-05,-3,-2,9,1808.474609375
12,-0.41463414634146334,1.5094614354893565e-05,-3,-2,9,1808.474609375
13,-0.36585365853658536,9.932302782544866e-05,-3,-2,9,1808.474609375
14,-0.31707317073170727,0.0016920025227591395,-3,-2,9,1808.474609375
15,-0.2682926829268293,0.000995046691969037,-3,-2,9,1808.474609375
16,-0.2195121951219512,0.00032059484510682523,-3,-2,9,1808.474609375
17,-0.1707317073170731,0.02882399968802929,-3,-2,9,1808.474609375
18,-0.12195121951219512,0.0026968319434672594,-3,-2,9,1808.474609375
19,-0.07317073170731703,0.0002547466428950429,-3,-2,9,1808.474609375
20,-0.024390243902439046,0.000649921246804297,-3,-2,9,1808.474609375
21,0.024390243902439046,3.726414070115425e-05,-3,-2,9,1808.474609375
22,0.07317073170731714,4.808023277291795e-06,-3,-2,9,1808.474609375
23,0.12195121951219523,1.3707796142625739e-06,-3,-2,9,1808.474609375
24,0.17073170731707332,3.5736065910896286e-05,-3,-2,9,1808.474609375
25,0.2195121951219512,2.651545037224423e-05,-3,-2,9,1808.474609375
26,0.2682926829268293,1.1387075574020855e-05,-3,-2,9,1808.474609375
27,0.3170731707317074,4.762083790410543e-06,-3,-2,9,1808.474609375
28,0.36585365853658547,6.569968036274076e-07,-3,-2,9,1808.474609375
29,0.41463414634146356,5.067283836979186e-06,-3,-2,9,1808.474609375
30,0.46341463414634143,1.6024405340431258e-06,-3,-2,9,1808.474609375
31,0.5121951219512195,3.754080353246536e-06,-3,-2,9,1808.474609375
32,0.5609756097560976,3.010029649885837e-05,-3,-2,9,1808.474609375
33,0.6097560975609757,1.4466022548731416e-05,-3,-2,9,1808.474609375
34,0.6585365853658538,3.3106047339970246e-05,-3,-2,9,1808.474609375
35,0.7073170731707317,3.27388511323079e-06,-3,-2,9,1808.474609375
36,0.7560975609756098,2.5681509214336984e-05,-3,-2,9,1808.474609375
37,0.8048780487804879,1.8196633391198702e-05,-3,-2,9,1808.474609375
38,0.853658536585366,5.731943019782193e-06,-3,-2,9,1808.474609375
39,0.902439024390244,1.0749827197287232e-06,-3,-2,9,1808.474609375
40,0.9512195121951219,4.955077770318894e-07,-3,-2,9,1808.474609375
41,1.0,1.0087178452522494e-05,-3,-2,9,1808.474609375
0,-1.0,0.0,-3,4,11,1808.474609375
1,-0.9512195121951219,0.0,-3,4,11,1808.474609375
2,-0.9024390243902439,4.2157989810220897e-07,-3,4,11,1808.474609375
3,-0.8536585365853658,4.01615750433848e-07,-3,4,11,1808.474609375
4,-0.8048780487804879,2.1418505014025868e-07,-3,4,11,1808.474609375
5,-0.7560975609756098,1.745252831142352e-07,-3,4,11,1808.474609375
6,-0.7073170731707317,1.5398521782117314e-06,-3,4,11,1808.474609375
7,-0.6585365853658536,4.812537554244045e-06,-3,4,11,1808.474609375
8,-0.6097560975609756,4.079788595845457e-06,-3,4,11,1808.474609375
9,-0.5609756097560976,1.2001229151792359e-05,-3,4,11,1808.474609375
10,-0.5121951219512195,2.170624384234543e-06,-3,4,11,1808.474609375
11,-0.46341463414634143,1.6539421267225407e-05,-3,4,11,1808.474609375
12,-0.41463414634146334,7.553707064289483e-07,-3,4,11,1808.474609375
13,-0.36585365853658536,1.194395963466377e-06,-3,4,11,1808.474609375
14,-0.31707317073170727,9.354476446787885e-07,-3,4,11,1808.474609375
15,-0.2682926829268293,3.2457503493787954e-06,-3,4,11,1808.474609375
16,-0.2195121951219512,5.618344403046649e-07,-3,4,11,1808.474609375
17,-0.1707317073170731,1.6037471368690603e-06,-3,4,11,1808.474609375
18,-0.12195121951219512,1.9080798665527254e-06,-3,4,11,1808.474609375
19,-0.07317073170731703,4.984127372154035e-06,-3,4,11,1808.474609375
20,-0.024390243902439046,1.8539634538683458e-06,-3,4,11,1808.474609375
21,0.024390243902439046,2.1951061626168666e-06,-3,4,11,1808.474609375
22,0.07317073170731714,1.161609020527976e-06,-3,4,11,1808.474609375
23,0.12195121951219523,3.1598824534739833e-06,-3,4,11,1808.474609375
24,0.17073170731707332,1.860486554505769e-05,-3,4,11,1808.474609375
25,0.2195121951219512,3.629724233178422e-06,-3,4,11,1808.474609375
26,0.2682926829268293,4.621987955033546e-06,-3,4,11,1808.474609375
27,0.3170731707317074,2.2366541543306084e-06,-3,4,11,1808.474609375
28,0.36585365853658547,1.2004537666143733e-06,-3,4,11,1808.474609375
29,0.41463414634146356,1.9594897821662016e-05,-3,4,11,1808.474609375
30,0.46341463414634143,0.00014112198550719768,-3,4,11,1808.474609375
31,0.5121951219512195,0.00023045745911076665,-3,4,11,1808.474609375
32,0.5609756097560976,0.004730549640953541,-3,4,11,1808.474609375
33,0.6097560975609757,0.0012205590028315783,-3,4,11,1808.474609375
34,0.6585365853658538,4.846963201998733e-05,-3,4,11,1808.474609375
35,0.7073170731707317,0.00021629990078508854,-3,4,11,1808.474609375
36,0.7560975609756098,9.727012184157502e-06,-3,4,11,1808.474609375
37,0.8048780487804879,2.9271055609569885e-05,-3,4,11,1808.474609375
38,0.853658536585366,1.513116239948431e-05,-3,4,11,1808.474609375
39,0.902439024390244,3.252014266763581e-06,-3,4,11,1808.474609375
40,0.9512195121951219,3.890754214808112e-06,-3,4,11,1808.474609375
41,1.0,8.44049623083265e-07,-3,4,11,1808.474609375
0,-1.0,1.1110277000625501e-06,-3,5,11,1808.474609375
1,-0.9512195121951219,3.761611424124567e-06,-3,5,11,1808.474609375
2,-0.9024390243902439,2.890349605877418e-06,-3,5,11,1808.474609375
3,-0.8536585365853658,2.522565864637727e-06,-3,5,11,1808.474609375
4,-0.8048780487804879,3.5258390198578127e-06,-3,5,11,1808.474609375
5,-0.7560975609756098,6.205007139215013e-06,-3,5,11,1808.474609375
6,-0.7073170731707317,2.476811278029345e-05,-3,5,11,1808.474609375
7,-0.6585365853658536,1.31698416225845e-05,-3,5,11,1808.474609375
8,-0.6097560975609756,2.8514283258118667e-05,-3,5,11,1808.474609375
9,-0.5609756097560976,6.457630206568865e-06,-3,5,11,1808.474609375
10,-0.5121951219512195,0.00028488654061220586,-3,5,11,1808.474609375
11,-0.46341463414634143,7.661581912543625e-05,-3,5,11,1808.474609375
12,-0.41463414634146334,0.0008639727020636201,-3,5,11,1808.474609375
13,-0.36585365853658536,0.00043401840957812965,-3,5,11,1808.474609375
14,-0.31707317073170727,0.0019448925741016865,-3,5,11,1808.474609375
15,-0.2682926829268293,7.848701352486387e-05,-3,5,11,1808.474609375
16,-0.2195121951219512,1.0045646376966033e-05,-3,5,11,1808.474609375
17,-0.1707317073170731,9.127215889748186e-06,-3,5,11,1808.474609375
18,-0.12195121951219512,1.115674058382865e-05,-3,5,11,1808.474609375
19,-0.07317073170731703,4.204692231724039e-06,-3,5,11,1808.474609375
20,-0.024390243902439046,9.958716873370577e-06,-3,5,11,1808.474609375
21,0.024390243902439046,1.6056163758548792e-06,-3,5,11,1808.474609375
22,0.07317073170731714,6.298254902503686e-06,-3,5,11,1808.474609375
23,0.12195121951219523,6.817878102083341e-07,-3,5,11,1808.474609375
24,0.17073170731707332,6.97060750098899e-06,-3,5,11,1808.474609375
25,0.2195121951219512,2.3003202898053132e-07,-3,5,11,1808.474609375
26,0.2682926829268293,9.305158528150059e-07,-3,5,11,1808.474609375
27,0.3170731707317074,3.1939875952957664e-06,-3,5,11,1808.474609375
28,0.36585365853658547,6.276318345044274e-07,-3,5,11,1808.474609375
29,0.41463414634146356,4.314156285545323e-06,-3,5,11,1808.474609375
30,0.46341463414634143,7.109509283509396e-07,-3,5,11,1808.474609375
31,0.5121951219512195,1.971758592844708e-06,-3,5,11,1808.474609375
32,0.5609756097560976,9.306997128533112e-08,-3,5,11,1808.474609375
33,0.6097560975609757,2.0287814095354406e-06,-3,5,11,1808.474609375
34,0.6585365853658538,2.5977621476158674e-07,-3,5,11,1808.474609375
35,0.7073170731707317,1.0424100764794275e-06,-3,5,11,1808.474609375
36,0.7560975609756098,6.568027970388357e-07,-3,5,11,1808.474609375
37,0.8048780487804879,0.0,-3,5,11,1808.474609375
38,0.853658536585366,0.0,-3,5,11,1808.474609375
39,0.902439024390244,0.0,-3,5,11,1808.474609375
40,0.9512195121951219,0.0,-3,5,11,1808.474609375
41,1.0,0.0,-3,5,11,1808.474609375
0,-1.0,0.0,-2,-8,3,1808.474609375
1,-0.9512195121951219,0.0,-2,-8,3,1808.474609375
2,-0.9024390243902439,0.0,-2,-8,3,1808.474609375
3,-0.8536585365853658,0.0,-2,-8,3,1808.474609375
4,-0.8048780487804879,0.0,-2,-8,3,1808.474609375
5,-0.7560975609756098,0.0,-2,-8,3,1808.474609375
6,-0.7073170731707317,0.0,-2,-8,3,1808.474609375
7,-0.6585365853658536,0.0,-2,-8,3,1808.474609375
8,-0.6097560975609756,0.0,-2,-8,3,1808.474609375
9,-0.5609756097560976,0.0,-2,-8,3,1808.474609375
10,-0.5121951219512195,0.0,-2,-8,3,1808.474609375
11,-0.46341463414634143,6.111294510446896e-07,-2,-8,3,1808.474609375
12,-0.41463414634146334,9.76323121903988e-07,-2,-8,3,1808.474609375
13,-0.36585365853658536,2.6705748723543365e-07,-2,-8,3,1808.474609375
14,-0.31707317073170727,6.620973067583691e-07,-2,-8,3,1808.474609375
15,-0.2682926829268293,6.633959515056631e-08,-2,-8,3,1808.474609375
16,-0.2195121951219512,7.602076834700711e-07,-2,-8,3,1808.474609375
17,-0.1707317073170731,1.1367875458745402e-06,-2,-8,3,1808.474609375
18,-0.12195121951219512,7.473336722796375e-07,-2,-8,3,1808.474609375
19,-0.07317073170731703,8.070421245065518e-06,-2,-8,3,1808.474609375
20,-0.024390243902439046,1.8049129721475765e-05,-2,-8,3,1808.474609375
21,0.024390243902439046,3.1754414521856233e-05,-2,-8,3,1808.474609375
22,0.07317073170731714,1.2026900549244601e-05,-2,-8,3,1808.474609375
23,0.12195121951219523,9.171467354462948e-06,-2,-8,3,1808.474609375
24,0.17073170731707332,1.497016000939766e-05,-2,-8,3,1808.474609375
25,0.2195121951219512,4.199891634470987e-07,-2,-8,3,1808.474609375
26,0.2682926829268293,5.201525823395059e-07,-2,-8,3,1808.474609375
27,0.3170731707317074,2.470931406151067e-07,-2,-8,3,1808.474609375
28,0.36585365853658547,1.0749588597036563e-07,-2,-8,3,1808.474609375
29,0.41463414634146356,1.2920369272251264e-06,-2,-8,3,1808.474609375
30,0.46341463414634143,5.537274319067365e-07,-2,-8,3,1808.474609375
31,0.5121951219512195,5.903256123929168e-07,-2,-8,3,1808.474609375
32,0.5609756097560976,3.44486863923521e-07,-2,-8,3,1808.474609375
33,0.6097560975609757,1.225114232283886e-07,-2,-8,3,1808.474609375
34,0.6585365853658538,0.0,-2,-8,3,1808.474609375
35,0.7073170731707317,0.0,-2,-8,3,1808.474609375
36,0.7560975609756098,0.0,-2,-8,3,1808.474609375
37,0.8048780487804879,0.0,-2,-8,3,1808.474609375
38,0.853658536585366,0.0,-2,-8,3,1808.474609375
39,0.902439024390244,0.0,-2,-8,3,1808.474609375
40,0.9512195121951219,0.0,-2,-8,3,1808.474609375
41,1.0,0.0,-2,-8,3,1808.474609375
0,-1.0,5.499590315594105e-06,-2,-7,4,1808.474609375
1,-0.9512195121951219,8.349384188477416e-06,-2,-7,4,1808.474609375
2,-0.9024390243902439,3.3939872082555667e-05,-2,-7,4,1808.474609375
3,-0.8536585365853658,1.8835502487490885e-05,-2,-7,4,1808.474609375
4,-0.8048780487804879,3.190298957633786e-05,-2,-7,4,1808.474609375
5,-0.7560975609756098,0.0001367402874166146,-2,-7,4,1808.474609375
6,-0.7073170731707317,0.00017862385720945895,-2,-7,4,1808.474609375
7,-0.6585365853658536,0.00011390373401809484,-2,-7,4,1808.474609375
8,-0.6097560975609756,3.288758307462558e-05,-2,-7,4,1808.474609375
9,-0.5609756097560976,2.8584229312400566e-06,-2,-7,4,1808.474609375
10,-0.5121951219512195,4.64837285107933e-06,-2,-7,4,1808.474609375
11,-0.46341463414634143,4.702342693008177e-08,-2,-7,4,1808.474609375
12,-0.41463414634146334,4.456829174159793e-06,-2,-7,4,1808.474609375
13,-0.36585365853658536,3.824749455816345e-06,-2,-7,4,1808.474609375
14,-0.31707317073170727,9.478199558543565e-07,-2,-7,4,1808.474609375
15,-0.2682926829268293,4.359473223303212e-06,-2,-7,4,1808.474609375
16,-0.2195121951219512,1.5900828657322563e-05,-2,-7,4,1808.474609375
17,-0.1707317073170731,1.399635380039399e-06,-2,-7,4,1808.474609375
18,-0.12195121951219512,1.2038954366744292e-07,-2,-7,4,1808.474609375
19,-0.07317073170731703,0.0,-2,-7,4,1808.474609375
20,-0.024390243902439046,0.0,-2,-7,4,1808.474609375
21,0.024390243902439046,0.0,-2,-7,4,1808.474609375
22,0.07317073170731714,0.0,-2,-7,4,1808.474609375
23,0.12195121951219523,0.0,-2,-7,4,1808.474609375
24,0.17073170731707332,0.0,-2,-7,4,1808.474609375
25,0.2195121951219512,0.0,-2,-7,4,1808.474609375
26,0.2682926829268293,0.0,-2,-7,4,1808.474609375
27,0.3170731707317074,0.0,-2,-7,4,1808.474609375
28,0.36585365853658547,0.0,-2,-7,4,1808.474609375
29,0.41463414634146356,0.0,-2,-7,4,1808.474609375
30,0.46341463414634143,0.0,-2,-7,4,1808.474609375
31,0.5121951219512195,0.0,-2,-7,4,1808.474609375
32,0.5609756097560976,0.0,-2,-7,4,1808.474609375
33,0.6097560975609757,0.0,-2,-7,4,1808.474609375
34,0.6585365853658538,0.0,-2,-7,4,1808.474609375
35,0.7073170731707317,0.0,-2,-7,4,1808.474609375
36,0.7560975609756098,0.0,-2,-7,4,1808.474609375
37,0.8048780487804879,0.0,-2,-7,4,1808.474609375
38,0.853658536585366,0.0,-2,-7,4,1808.474609375
39,0.902439024390244,0.0,-2,-7,4,1808.474609375
40,0.9512195121951219,0.0,-2,-7,4,1808.474609375
41,1.0,0.0,-2,-7,4,1808.474609375
0,-1.0,0.0,-2,-6,4,1808.474609375
1,-0.9512195121951219,0.0,-2,-6,4,1808.474609375
2,-0.9024390243902439,0.0,-2,-6,4,1808.474609375
3,-0.8536585365853658,0.0,-2,-6,4,1808.474609375
4,-0.8048780487804879,0.0,-2,-6,4,1808.474609375
5,-0.7560975609756098,0.0,-2,-6,4,1808.474609375
6,-0.7073170731707317,0.0,-2,-6,4,1808.474609375
7,-0.6585365853658536,0.0,-2,-6,4,1808.474609375
8,-0.6097560975609756,0.0,-2,-6,4,1808.474609375
9,-0.5609756097560976,0.0,-2,-6,4,1808.474609375
10,-0.5121951219512195,1.8890281126004993e-06,-2,-6,4,1808.474609375
11,-0.46341463414634143,1.7548028381497716e-06,-2,-6,4,1808.474609375
12,-0.41463414634146334,4.587525836541317e-06,-2,-6,4,1808.474609375
13,-0.36585365853658536,1.9475122314815962e-07,-2,-6,4,1808.474609375
14,-0.31707317073170727,1.7165137933261576e-06,-2,-6,4,1808.474609375
15,-0.2682926829268293,6.416486485250061e-06,-2,-6,4,1808.474609375
16,-0.2195121951219512,5.71648229197308e-07,-2,-6,4,1808.474609375
17,-0.1707317073170731,1.3494151971826795e-05,-2,-6,4,1808.474609375
18,-0.12195121951219512,5.067328174845898e-07,-2,-6,4,1808.474609375
19,-0.07317073170731703,3.4164254429924767e-06,-2,-6,4,1808.474609375
20,-0.024390243902439046,2.6502302716835402e-05,-2,-6,4,1808.474609375
21,0.024390243902439046,2.3203705495689064e-05,-2,-6,4,1808.474609375
22,0.07317073170731714,1.4528764040733222e-05,-2,-6,4,1808.474609375
23,0.12195121951219523,0.00040806253673508763,-2,-6,4,1808.474609375
24,0.17073170731707332,0.0004063920641783625,-2,-6,4,1808.474609375
25,0.2195121951219512,0.0025494955480098724,-2,-6,4,1808.474609375
26,0.2682926829268293,0.0005732144927605987,-2,-6,4,1808.474609375
27,0.3170731707317074,9.48804517975077e-06,-2,-6,4,1808.474609375
28,0.36585365853658547,4.734034155262634e-05,-2,-6,4,1808.474609375
29,0.41463414634146356,8.709289431862999e-06,-2,-6,4,1808.474609375
30,0.46341463414634143,1.1391324733267538e-05,-2,-6,4,1808.474609375
31,0.5121951219512195,2.8955419111298397e-05,-2,-6,4,1808.474609375
32,0.5609756097560976,1.5916846678010188e-05,-2,-6,4,1808.474609375
33,0.6097560975609757,1.050619721354451e-05,-2,-6,4,1808.474609375
34,0.6585365853658538,1.106611080103903e-06,-2,-6,4,1808.474609375
35,0.7073170731707317,4.473659373616101e-06,-2,-6,4,1808.474609375
36,0.7560975609756098,2.53989878729044e-06,-2,-6,4,1808.474609375
37,0.8048780487804879,6.3857014538371e-06,-2,-6,4,1808.474609375
38,0.853658536585366,4.821422862733016e-06,-2,-6,4,1808.474609375
39,0.902439024390244,4.5959535555084585e-07,-2,-6,4,1808.474609375
40,0.9512195121951219,0.0,-2,-6,4,1808.474609375
41,1.0,0.0,-2,-6,4,1808.474609375
0,-1.0,0.0,-2,-4,5,1808.474609375
1,-0.9512195121951219,0.0,-2,-4,5,1808.474609375
2,-0.9024390243902439,0.0,-2,-4,5,1808.474609375
3,-0.8536585365853658,7.471922799595632e-06,-2,-4,5,1808.474609375
4,-0.8048780487804879,1.444338613509899e-05,-2,-4,5,1808.474609375
5,-0.7560975609756098,6.6923084887093864e-06,-2,-4,5,1808.474609375
6,-0.7073170731707317,3.938358759114635e-07,-2,-4,5,1808.474609375
7,-0.6585365853658536,3.8975931602180935e-06,-2,-4,5,1808.474609375
8,-0.6097560975609756,3.013026116605033e-06,-2,-4,5,1808.474609375
9,-0.5609756097560976,4.28931571150315e-07,-2,-4,5,1808.474609375
10,-0.5121951219512195,2.2458227249444462e-05,-2,-4,5,1808.474609375
11,-0.46341463414634143,1.5495952965238757e-08,-2,-4,5,1808.474609375
12,-0.41463414634146334,1.0042621397587936e-05,-2,-4,5,1808.474609375
13,-0.36585365853658536,3.6169697068544338e-06,-2,-4,5,1808.474609375
14,-0.31707317073170727,2.206847238994669e-05,-2,-4,5,1808.474609375
15,-0.2682926829268293,8.8605193013791e-06,-2,-4,5,1808.474609375
16,-0.2195121951219512,5.553078608500073e-06,-2,-4,5,1808.474609375
17,-0.1707317073170731,7.103060488589108e-05,-2,-4,5,1808.474609375
18,-0.12195121951219512,1.9247821910539642e-05,-2,-4,5,1808.474609375
19,-0.07317073170731703,6.597516039619222e-05,-2,-4,5,1808.474609375
20,-0.024390243902439046,0.0002544166927691549,-2,-4,5,1808.474609375
21,0.024390243902439046,0.00022656114015262574,-2,-4,5,1808.474609375
22,0.07317073170731714,0.00038392178248614073,-2,-4,5,1808.474609375
23,0.12195121951219523,0.0012010716600343585,-2,-4,5,1808.474609375
24,0.17073170731707332,0.03726132959127426,-2,-4,5,1808.474609375
25,0.2195121951219512,0.0010037681786343455,-2,-4,5,1808.474609375
26,0.2682926829268293,4.3253767216810957e-05,-2,-4,5,1808.474609375
27,0.3170731707317074,8.166580664692447e-05,-2,-4,5,1808.474609375
28,0.36585365853658547,7.019503391347826e-05,-2,-4,5,1808.474609375
29,0.41463414634146356,1.4450048183789477e-05,-2,-4,5,1808.474609375
30,0.46341463414634143,3.302617551526055e-05,-2,-4,5,1808.474609375
31,0.5121951219512195,7.333682879107073e-05,-2,-4,5,1808.474609375
32,0.5609756097560976,1.2655362297664396e-05,-2,-4,5,1808.474609375
33,0.6097560975609757,1.7731180150803993e-06,-2,-4,5,1808.474609375
34,0.6585365853658538,2.561106884968467e-05,-2,-4,5,1808.474609375
35,0.7073170731707317,1.640257323742844e-05,-2,-4,5,1808.474609375
36,0.7560975609756098,1.2616887943295296e-05,-2,-4,5,1808.474609375
37,0.8048780487804879,3.681944508571178e-05,-2,-4,5,1808.474609375
38,0.853658536585366,1.5426045365529717e-06,-2,-4,5,1808.474609375
39,0.902439024390244,6.979278623475693e-06,-2,-4,5,1808.474609375
40,0.9512195121951219,7.666737474210095e-06,-2,-4,5,1808.474609375
41,1.0,1.3153777217667084e-05,-2,-4,5,1808.474609375
0,-1.0,0.00010747832857305184,-2,-2,6,1808.474609375
1,-0.9512195121951219,1.210644404636696e-05,-2,-2,6,1808.474609375
2,-0.9024390243902439,6.732620386173949e-05,-2,-2,6,1808.474609375
3,-0.8536585365853658,0.00023788587714079767,-2,-2,6,1808.474609375
4,-0.8048780487804879,0.00018796649237629026,-2,-2,6,1808.474609375
5,-0.7560975609756098,0.0004913072916679084,-2,-2,6,1808.474609375
6,-0.7073170731707317,0.001046641613356769,-2,-2,6,1808.474609375
7,-0.6585365853658536,0.0018078789580613375,-2,-2,6,1808.474609375
8,-0.6097560975609756,0.034920834004879,-2,-2,6,1808.474609375
9,-0.5609756097560976,0.002132975962013006,-2,-2,6,1808.474609375
10,-0.5121951219512195,0.18051615357398987,-2,-2,6,1808.474609375
11,-0.46341463414634143,0.0017173482337966561,-2,-2,6,1808.474609375
12,-0.41463414634146334,0.003026003949344158,-2,-2,6,1808.474609375
13,-0.36585365853658536,0.0006660578073933721,-2,-2,6,1808.474609375
14,-0.31707317073170727,0.0017443597316741943,-2,-2,6,1808.474609375
15,-0.2682926829268293,0.00037142023211345077,-2,-2,6,1808.474609375
16,-0.2195121951219512,6.587873212993145e-05,-2,-2,6,1808.474609375
17,-0.1707317073170731,7.993492181412876e-05,-2,-2,6,1808.474609375
18,-0.12195121951219512,0.00011252437980147079,-2,-2,6,1808.474609375
19,-0.07317073170731703,0.00037139130290597677,-2,-2,6,1808.474609375
20,-0.024390243902439046,0.00040853279642760754,-2,-2,6,1808.474609375
21,0.024390243902439046,0.0003638049238361418,-2,-2,6,1808.474609375
22,0.07317073170731714,0.0002705127699300647,-2,-2,6,1808.474609375
23,0.12195121951219523,0.00015569693641737103,-2,-2,6,1808.474609375
24,0.17073170731707332,0.00014128597103990614,-2,-2,6,1808.474609375
25,0.2195121951219512,0.00011297896708128974,-2,-2,6,1808.474609375
26,0.2682926829268293,5.8397963584866375e-05,-2,-2,6,1808.474609375
27,0.3170731707317074,4.4509612052934244e-05,-2,-2,6,1808.474609375
28,0.36585365853658547,4.8549358325544745e-05,-2,-2,6,1808.474609375
29,0.41463414634146356,4.06062972615473e-05,-2,-2,6,1808.474609375
30,0.46341463414634143,0.0001316336856689304,-2,-2,6,1808.474609375
31,0.5121951219512195,0.00015133486886043102,-2,-2,6,1808.474609375
32,0.5609756097560976,0.00047230938798747957,-2,-2,6,1808.474609375
33,0.6097560975609757,0.00032499388908036053,-2,-2,6,1808.474609375
34,0.6585365853658538,7.923730299808085e-05,-2,-2,6,1808.474609375
35,0.7073170731707317,3.3977263228734955e-05,-2,-2,6,1808.474609375
36,0.7560975609756098,4.884470035904087e-05,-2,-2,6,1808.474609375
37,0.8048780487804879,3.791743438341655e-05,-2,-2,6,1808.474609375
38,0.853658536585366,1.8828268366632983e-05,-2,-2,6,1808.474609375
39,0.902439024390244,2.9010711841692682e-06,-2,-2,6,1808.474609375
40,0.9512195121951219,3.821322934527416e-06,-2,-2,6,1808.474609375
41,1.0,2.0689925804617815e-05,-2,-2,6,1808.474609375
0,-1.0,0.0009561363840475678,-2,1,7,1808.474609375
1,-0.9512195121951219,0.0007723320741206408,-2,1,7,1808.474609375
2,-0.9024390243902439,0.0007392007973976433,-2,1,7,1808.474609375
3,-0.8536585365853658,0.000756997091230005,-2,1,7,1808.474609375
4,-0.8048780487804879,0.0002485268923919648,-2,1,7,1808.474609375
5,-0.7560975609756098,0.0004603221022989601,-2,1,7,1808.474609375
6,-0.7073170731707317,0.000193842759472318,-2,1,7,1808.474609375
7,-0.6585365853658536,8.586612966610119e-05,-2,1,7,1808.474609375
8,-0.6097560975609756,0.0011235011043027043,-2,1,7,1808.474609375
9,-0.5609756097560976,0.000310798961436376,-2,1,7,1808.474609375
10,-0.5121951219512195,0.0019535941537469625,-2,1,7,1808.474609375
11,-0.46341463414634143,0.00034998892806470394,-2,1,7,1808.474609375
12,-0.41463414634146334,0.0009496731217950583,-2,1,7,1808.474609375
13,-0.36585365853658536,0.0009725663112476468,-2,1,7,1808.474609375
14,-0.31707317073170727,0.0026097306981682777,-2,1,7,1808.474609375
15,-0.2682926829268293,0.002189909340813756,-2,1,7,1808.474609375
16,-0.2195121951219512,0.0024698844645172358,-2,1,7,1808.474609375
17,-0.1707317073170731,0.0020374308805912733,-2,1,7,1808.474609375
18,-0.12195121951219512,0.002166583901271224,-2,1,7,1808.474609375
19,-0.07317073170731703,0.0024488093331456184,-2,1,7,1808.474609375
20,-0.024390243902439046,0.0038078969810158014,-2,1,7,1808.474609375
21,0.024390243902439046,0.005000559147447348,-2,1,7,1808.474609375
22,0.07317073170731714,0.004315864760428667,-2,1,7,1808.474609375
23,0.12195121951219523,0.0020918110385537148,-2,1,7,1808.474609375
24,0.17073170731707332,0.007723222021013498,-2,1,7,1808.474609375
25,0.2195121951219512,0.000296781916404143,-2,1,7,1808.474609375
26,0.2682926829268293,0.006516503635793924,-2,1,7,1808.474609375
27,0.3170731707317074,0.007104066666215658,-2,1,7,1808.474609375
28,0.36585365853658547,0.002614739816635847,-2,1,7,1808.474609375
29,0.41463414634146356,4.481122232391499e-05,-2,1,7,1808.474609375
30,0.46341463414634143,0.018134942278265953,-2,1,7,1808.474609375
31,0.5121951219512195,0.038110386580228806,-2,1,7,1808.474609375
32,0.5609756097560976,0.22266270220279694,-2,1,7,1808.474609375
33,0.6097560975609757,0.3206857442855835,-2,1,7,1808.474609375
34,0.6585365853658538,0.04658200219273567,-2,1,7,1808.474609375
35,0.7073170731707317,0.027202052995562553,-2,1,7,1808.474609375
36,0.7560975609756098,0.057028066366910934,-2,1,7,1808.474609375
37,0.8048780487804879,0.10166651010513306,-2,1,7,1808.474609375
38,0.853658536585366,0.04465430974960327,-2,1,7,1808.474609375
39,0.902439024390244,0.016122423112392426,-2,1,7,1808.474609375
40,0.9512195121951219,0.007565513718873262,-2,1,7,1808.474609375
41,1.0,0.0008740135235711932,-2,1,7,1808.474609375
0,-1.0,0.0,-2,4,8,1808.474609375
1,-0.9512195121951219,0.0,-2,4,8,1808.474609375
2,-0.9024390243902439,0.0,-2,4,8,1808.474609375
3,-0.8536585365853658,0.0,-2,4,8,1808.474609375
4,-0.8048780487804879,0.0,-2,4,8,1808.474609375
5,-0.7560975609756098,0.0,-2,4,8,1808.474609375
6,-0.7073170731707317,0.0,-2,4,8,1808.474609375
7,-0.6585365853658536,2.067860123133869e-06,-2,4,8,1808.474609375
8,-0.6097560975609756,5.205579327594023e-06,-2,4,8,1808.474609375
9,-0.5609756097560976,1.408873004038469e-06,-2,4,8,1808.474609375
10,-0.5121951219512195,1.2289865480852313e-05,-2,4,8,1808.474609375
11,-0.46341463414634143,1.4000442206452135e-05,-2,4,8,1808.474609375
12,-0.41463414634146334,1.4502234080282506e-06,-2,4,8,1808.474609375
13,-0.36585365853658536,6.513982043543365e-06,-2,4,8,1808.474609375
14,-0.31707317073170727,1.0112976269738283e-05,-2,4,8,1808.474609375
15,-0.2682926829268293,5.289739783620462e-05,-2,4,8,1808.474609375
16,-0.2195121951219512,1.2350456017884426e-05,-2,4,8,1808.474609375
17,-0.1707317073170731,1.689391410764074e-06,-2,4,8,1808.474609375
18,-0.12195121951219512,7.333601388381794e-06,-2,4,8,1808.474609375
19,-0.07317073170731703,1.0201202712778468e-05,-2,4,8,1808.474609375
20,-0.024390243902439046,5.624097411782714e-06,-2,4,8,1808.474609375
21,0.024390243902439046,1.168114181382407e-06,-2,4,8,1808.474609375
22,0.07317073170731714,3.976510470238281e-06,-2,4,8,1808.474609375
23,0.12195121951219523,4.415002877067309e-06,-2,4,8,1808.474609375
24,0.17073170731707332,2.183673313993495e-05,-2,4,8,1808.474609375
25,0.2195121951219512,2.310713398401276e-06,-2,4,8,1808.474609375
26,0.2682926829268293,3.7086490920046344e-05,-2,4,8,1808.474609375
27,0.3170731707317074,2.3691329261055216e-05,-2,4,8,1808.474609375
28,0.36585365853658547,7.899046977399848e-06,-2,4,8,1808.474609375
29,0.41463414634146356,1.0871561244130135e-05,-2,4,8,1808.474609375
30,0.46341463414634143,0.00016573963512200862,-2,4,8,1808.474609375
31,0.5121951219512195,0.00029176578391343355,-2,4,8,1808.474609375
32,0.5609756097560976,0.003671288024634123,-2,4,8,1808.474609375
33,0.6097560975609757,0.009283573366701603,-2,4,8,1808.474609375
34,0.6585365853658538,0.00213035149499774,-2,4,8,1808.474609375
35,0.7073170731707317,0.026513393968343735,-2,4,8,1808.474609375
36,0.7560975609756098,0.005652867257595062,-2,4,8,1808.474609375
37,0.8048780487804879,0.001496593002229929,-2,4,8,1808.474609375
38,0.853658536585366,0.0005903959972783923,-2,4,8,1808.474609375
39,0.902439024390244,0.00025667238514870405,-2,4,8,1808.474609375
40,0.9512195121951219,2.4574945200583898e-05,-2,4,8,1808.474609375
41,1.0,2.8889169698231854e-05,-2,4,8,1808.474609375
0,-1.0,5.7091947383014485e-06,-2,5,8,1808.474609375
1,-0.9512195121951219,2.340600076422561e-06,-2,5,8,1808.474609375
2,-0.9024390243902439,7.17621674084512e-07,-2,5,8,1808.474609375
3,-0.8536585365853658,4.876167167822132e-07,-2,5,8,1808.474609375
4,-0.8048780487804879,5.332919954526005e-07,-2,5,8,1808.474609375
5,-0.7560975609756098,7.226962139839088e-08,-2,5,8,1808.474609375
6,-0.7073170731707317,6.107014542067191e-06,-2,5,8,1808.474609375
7,-0.6585365853658536,2.437937382637756e-06,-2,5,8,1808.474609375
8,-0.6097560975609756,4.022152388927225e-09,-2,5,8,1808.474609375
9,-0.5609756097560976,3.3932421956706094e-06,-2,5,8,1808.474609375
10,-0.5121951219512195,6.117915745562641e-06,-2,5,8,1808.474609375
11,-0.46341463414634143,3.987282070738729e-06,-2,5,8,1808.474609375
12,-0.41463414634146334,9.848879017226864e-06,-2,5,8,1808.474609375
13,-0.36585365853658536,1.0396703146398067e-05,-2,5,8,1808.474609375
14,-0.31707317073170727,5.85572088311892e-05,-2,5,8,1808.474609375
15,-0.2682926829268293,8.700370381120592e-05,-2,5,8,1808.474609375
16,-0.2195121951219512,0.0015489774523302913,-2,5,8,1808.474609375
17,-0.1707317073170731,0.0023465717677026987,-2,5,8,1808.474609375
18,-0.12195121951219512,0.00025404617190361023,-2,5,8,1808.474609375
19,-0.07317073170731703,1.677199725236278e-05,-2,5,8,1808.474609375
20,-0.024390243902439046,1.0971019037242513e-05,-2,5,8,1808.474609375
21,0.024390243902439046,9.090952516999096e-05,-2,5,8,1808.474609375
22,0.07317073170731714,3.723737336258637e-07,-2,5,8,1808.474609375
23,0.12195121951219523,1.1723493571480503e-06,-2,5,8,1808.474609375
24,0.17073170731707332,3.0048570351937087e-06,-2,5,8,1808.474609375
25,0.2195121951219512,7.287199537131528e-07,-2,5,8,1808.474609375
26,0.2682926829268293,3.16328765848084e-07,-2,5,8,1808.474609375
27,0.3170731707317074,7.962127597238577e-07,-2,5,8,1808.474609375
28,0.36585365853658547,6.742276354998467e-07,-2,5,8,1808.474609375
29,0.41463414634146356,1.755089584776215e-08,-2,5,8,1808.474609375
30,0.46341463414634143,5.842831342306454e-06,-2,5,8,1808.474609375
31,0.5121951219512195,7.635956649210129e-07,-2,5,8,1808.474609375
32,0.5609756097560976,5.465264621307142e-06,-2,5,8,1808.474609375
33,0.6097560975609757,1.0798459697980434e-05,-2,5,8,1808.474609375
34,0.6585365853658538,1.4810851780566736e-06,-2,5,8,1808.474609375
35,0.7073170731707317,8.85607732925564e-06,-2,5,8,1808.474609375
36,0.7560975609756098,3.2289850082634075e-07,-2,5,8,1808.474609375
37,0.8048780487804879,4.8682565534363675e-08,-2,5,8,1808.474609375
38,0.853658536585366,1.6116544543365308e-08,-2,5,8,1808.474609375
39,0.902439024390244,0.0,-2,5,8,1808.474609375
40,0.9512195121951219,0.0,-2,5,8,1808.474609375
41,1.0,0.0,-2,5,8,1808.474609375
0,-1.0,1.2341851061137277e-06,-2,6,8,1808.474609375
1,-0.9512195121951219,5.4907527555769775e-06,-2,6,8,1808.474609375
2,-0.9024390243902439,5.203700766287511e-06,-2,6,8,1808.474609375
3,-0.8536585365853658,4.4308242650004104e-05,-2,6,8,1808.474609375
4,-0.8048780487804879,0.00019982861704193056,-2,6,8,1808.474609375
5,-0.7560975609756098,8.953128599387128e-06,-2,6,8,1808.474609375
6,-0.7073170731707317,0.002823887625709176,-2,6,8,1808.474609375
7,-0.6585365853658536,0.0005521085113286972,-2,6,8,1808.474609375
8,-0.6097560975609756,6.406117336155148e-06,-2,6,8,1808.474609375
9,-0.5609756097560976,8.770849717620877e-07,-2,6,8,1808.474609375
10,-0.5121951219512195,1.673222504905425e-05,-2,6,8,1808.474609375
11,-0.46341463414634143,3.4457123547326773e-05,-2,6,8,1808.474609375
12,-0.41463414634146334,4.803887804882834e-06,-2,6,8,1808.474609375
13,-0.36585365853658536,6.093734100431902e-06,-2,6,8,1808.474609375
14,-0.31707317073170727,4.448602794582257e-06,-2,6,8,1808.474609375
15,-0.2682926829268293,3.2053271752374712e-06,-2,6,8,1808.474609375
16,-0.2195121951219512,1.5380643390017212e-06,-2,6,8,1808.474609375
17,-0.1707317073170731,6.167391006783873e-07,-2,6,8,1808.474609375
18,-0.12195121951219512,4.724576683656778e-06,-2,6,8,1808.474609375
19,-0.07317073170731703,2.8785811423404084e-07,-2,6,8,1808.474609375
20,-0.024390243902439046,9.967031928681536e-07,-2,6,8,1808.474609375
21,0.024390243902439046,2.134984924850869e-06,-2,6,8,1808.474609375
22,0.07317073170731714,4.3205284327996196e-07,-2,6,8,1808.474609375
23,0.12195121951219523,2.444259052936104e-06,-2,6,8,1808.474609375
24,0.17073170731707332,1.0345555665480788e-06,-2,6,8,1808.474609375
25,0.2195121951219512,0.0,-2,6,8,1808.474609375
26,0.2682926829268293,0.0,-2,6,8,1808.474609375
27,0.3170731707317074,0.0,-2,6,8,1808.474609375
28,0.36585365853658547,0.0,-2,6,8,1808.474609375
29,0.41463414634146356,0.0,-2,6,8,1808.474609375
30,0.46341463414634143,0.0,-2,6,8,1808.474609375
31,0.5121951219512195,0.0,-2,6,8,1808.474609375
32,0.5609756097560976,0.0,-2,6,8,1808.474609375
33,0.6097560975609757,0.0,-2,6,8,1808.474609375
34,0.6585365853658538,0.0,-2,6,8,1808.474609375
35,0.7073170731707317,0.0,-2,6,8,1808.474609375
36,0.7560975609756098,0.0,-2,6,8,1808.474609375
37,0.8048780487804879,0.0,-2,6,8,1808.474609375
38,0.853658536585366,0.0,-2,6,8,1808.474609375
39,0.902439024390244,0.0,-2,6,8,1808.474609375
40,0.9512195121951219,0.0,-2,6,8,1808.474609375
41,1.0,0.0,-2,6,8,1808.474609375
0,-1.0,0.0,-1,-9,-1,1808.474609375
1,-0.9512195121951219,0.0,-1,-9,-1,1808.474609375
2,-0.9024390243902439,0.0,-1,-9,-1,1808.474609375
3,-0.8536585365853658,0.0,-1,-9,-1,1808.474609375
4,-0.8048780487804879,0.0,-1,-9,-1,1808.474609375
5,-0.7560975609756098,0.0,-1,-9,-1,1808.474609375
6,-0.7073170731707317,0.0,-1,-9,-1,1808.474609375
7,-0.6585365853658536,0.0,-1,-9,-1,1808.474609375
8,-0.6097560975609756,0.0,-1,-9,-1,1808.474609375
9,-0.5609756097560976,0.0,-1,-9,-1,1808.474609375
10,-0.5121951219512195,0.0,-1,-9,-1,1808.474609375
11,-0.46341463414634143,0.0,-1,-9,-1,1808.474609375
12,-0.41463414634146334,0.0,-1,-9,-1,1808.474609375
13,-0.36585365853658536,0.0,-1,-9,-1,1808.474609375
14,-0.31707317073170727,7.810469782043583e-08,-1,-9,-1,1808.474609375
15,-0.2682926829268293,2.9539189654315123e-06,-1,-9,-1,1808.474609375
16,-0.2195121951219512,9.006557206703292e-07,-1,-9,-1,1808.474609375
17,-0.1707317073170731,3.922100859199418e-06,-1,-9,-1,1808.474609375
18,-0.12195121951219512,6.877364171486988e-07,-1,-9,-1,1808.474609375
19,-0.07317073170731703,1.066378558789438e-06,-1,-9,-1,1808.474609375
20,-0.024390243902439046,1.7873761635200935e-06,-1,-9,-1,1808.474609375
21,0.024390243902439046,7.149722478061449e-06,-1,-9,-1,1808.474609375
22,0.07317073170731714,1.0151010428671725e-05,-1,-9,-1,1808.474609375
23,0.12195121951219523,6.778527313144878e-05,-1,-9,-1,1808.474609375
24,0.17073170731707332,0.0022952943108975887,-1,-9,-1,1808.474609375
25,0.2195121951219512,4.059548518853262e-05,-1,-9,-1,1808.474609375
26,0.2682926829268293,3.4620804854057496e-06,-1,-9,-1,1808.474609375
27,0.3170731707317074,6.441764071496436e-06,-1,-9,-1,1808.474609375
28,0.36585365853658547,2.9902574283369177e-07,-1,-9,-1,1808.474609375
29,0.41463414634146356,4.11333940064651e-06,-1,-9,-1,1808.474609375
30,0.46341463414634143,1.0512494554859586e-06,-1,-9,-1,1808.474609375
31,0.5121951219512195,4.386500222608447e-06,-1,-9,-1,1808.474609375
32,0.5609756097560976,5.842052246407547e-07,-1,-9,-1,1808.474609375
33,0.6097560975609757,2.5426572847209172e-06,-1,-9,-1,1808.474609375
34,0.6585365853658538,2.354772504986613e-06,-1,-9,-1,1808.474609375
35,0.7073170731707317,0.0,-1,-9,-1,1808.474609375
36,0.7560975609756098,0.0,-1,-9,-1,1808.474609375
37,0.8048780487804879,0.0,-1,-9,-1,1808.474609375
38,0.853658536585366,0.0,-1,-9,-1,1808.474609375
39,0.902439024390244,0.0,-1,-9,-1,1808.474609375
40,0.9512195121951219,0.0,-1,-9,-1,1808.474609375
41,1.0,0.0,-1,-9,-1,1808.474609375
0,-1.0,0.0,-1,-8,0,1808.474609375
1,-0.9512195121951219,8.414897934017063e-07,-1,-8,0,1808.474609375
2,-0.9024390243902439,9.998554872936438e-08,-1,-8,0,1808.474609375
3,-0.8536585365853658,1.0818862392625306e-06,-1,-8,0,1808.474609375
4,-0.8048780487804879,1.2483592399803456e-05,-1,-8,0,1808.474609375
5,-0.7560975609756098,9.999892427003942e-06,-1,-8,0,1808.474609375
6,-0.7073170731707317,4.630170678865397e-06,-1,-8,0,1808.474609375
7,-0.6585365853658536,2.8752535854437156e-06,-1,-8,0,1808.474609375
8,-0.6097560975609756,1.71155061252648e-05,-1,-8,0,1808.474609375
9,-0.5609756097560976,1.5117047951207496e-05,-1,-8,0,1808.474609375
10,-0.5121951219512195,2.3337226593866944e-05,-1,-8,0,1808.474609375
11,-0.46341463414634143,0.00011306707165203989,-1,-8,0,1808.474609375
12,-0.41463414634146334,0.009465953335165977,-1,-8,0,1808.474609375
13,-0.36585365853658536,0.0006876862607896328,-1,-8,0,1808.474609375
14,-0.31707317073170727,8.28439588076435e-05,-1,-8,0,1808.474609375
15,-0.2682926829268293,2.588167080830317e-05,-1,-8,0,1808.474609375
16,-0.2195121951219512,5.003727710573003e-05,-1,-8,0,1808.474609375
17,-0.1707317073170731,0.0001762502797646448,-1,-8,0,1808.474609375
18,-0.12195121951219512,4.1987169652202283e-07,-1,-8,0,1808.474609375
19,-0.07317073170731703,2.976012865474331e-06,-1,-8,0,1808.474609375
20,-0.024390243902439046,2.5837737211986678e-06,-1,-8,0,1808.474609375
21,0.024390243902439046,7.608118721691426e-07,-1,-8,0,1808.474609375
22,0.07317073170731714,2.9279163982209866e-07,-1,-8,0,1808.474609375
23,0.12195121951219523,4.822898063139291e-07,-1,-8,0,1808.474609375
24,0.17073170731707332,5.85565430810675e-06,-1,-8,0,1808.474609375
25,0.2195121951219512,0.0,-1,-8,0,1808.474609375
26,0.2682926829268293,0.0,-1,-8,0,1808.474609375
27,0.3170731707317074,0.0,-1,-8,0,1808.474609375
28,0.36585365853658547,0.0,-1,-8,0,1808.474609375
29,0.41463414634146356,0.0,-1,-8,0,1808.474609375
30,0.46341463414634143,0.0,-1,-8,0,1808.474609375
31,0.5121951219512195,0.0,-1,-8,0,1808.474609375
32,0.5609756097560976,0.0,-1,-8,0,1808.474609375
33,0.6097560975609757,0.0,-1,-8,0,1808.474609375
34,0.6585365853658538,0.0,-1,-8,0,1808.474609375
35,0.7073170731707317,0.0,-1,-8,0,1808.474609375
36,0.7560975609756098,0.0,-1,-8,0,1808.474609375
37,0.8048780487804879,0.0,-1,-8,0,1808.474609375
38,0.853658536585366,0.0,-1,-8,0,1808.474609375
39,0.902439024390244,0.0,-1,-8,0,1808.474609375
40,0.9512195121951219,0.0,-1,-8,0,1808.474609375
41,1.0,0.0,-1,-8,0,1808.474609375
0,-1.0,0.0,-1,-7,0,1808.474609375
1,-0.9512195121951219,0.0,-1,-7,0,1808.474609375
2,-0.9024390243902439,0.0,-1,-7,0,1808.474609375
3,-0.8536585365853658,0.0,-1,-7,0,1808.474609375
4,-0.8048780487804879,0.0,-1,-7,0,1808.474609375
5,-0.7560975609756098,0.0,-1,-7,0,1808.474609375
6,-0.7073170731707317,0.0,-1,-7,0,1808.474609375
7,-0.6585365853658536,0.0,-1,-7,0,1808.474609375
8,-0.6097560975609756,0.0,-1,-7,0,1808.474609375
9,-0.5609756097560976,0.0,-1,-7,0,1808.474609375
10,-0.5121951219512195,0.0,-1,-7,0,1808.474609375
11,-0.46341463414634143,0.0,-1,-7,0,1808.474609375
12,-0.41463414634146334,0.0,-1,-7,0,1808.474609375
13,-0.36585365853658536,0.0,-1,-7,0,1808.474609375
14,-0.31707317073170727,0.0,-1,-7,0,1808.474609375
15,-0.2682926829268293,0.0,-1,-7,0,1808.474609375
16,-0.2195121951219512,0.0,-1,-7,0,1808.474609375
17,-0.1707317073170731,0.0,-1,-7,0,1808.474609375
18,-0.12195121951219512,1.0951908961942536e-06,-1,-7,0,1808.474609375
19,-0.07317073170731703,1.1910577086382546e-05,-1,-7,0,1808.474609375
20,-0.024390243902439046,2.2667097709927475e-07,-1,-7,0,1808.474609375
21,0.024390243902439046,7.270600690389983e-06,-1,-7,0,1808.474609375
22,0.07317073170731714,7.825162356311921e-06,-1,-7,0,1808.474609375
23,0.12195121951219523,1.0168439985136501e-05,-1,-7,0,1808.474609375
24,0.17073170731707332,2.884713831008412e-05,-1,-7,0,1808.474609375
25,0.2195121951219512,1.7316460798610933e-05,-1,-7,0,1808.474609375
26,0.2682926829268293,4.012563749711262e-06,-1,-7,0,1808.474609375
27,0.3170731707317074,2.136525472451467e-05,-1,-7,0,1808.474609375
28,0.36585365853658547,8.004278788575903e-05,-1,-7,0,1808.474609375
29,0.41463414634146356,1.531150883238297e-05,-1,-7,0,1808.474609375
30,0.46341463414634143,0.00015538344450760633,-1,-7,0,1808.474609375
31,0.5121951219512195,0.016062194481492043,-1,-7,0,1808.474609375
32,0.5609756097560976,0.00017387379193678498,-1,-7,0,1808.474609375
33,0.6097560975609757,8.371908188564703e-05,-1,-7,0,1808.474609375
34,0.6585365853658538,2.140150172635913e-06,-1,-7,0,1808.474609375
35,0.7073170731707317,1.676255851634778e-05,-1,-7,0,1808.474609375
36,0.7560975609756098,3.121302825093153e-06,-1,-7,0,1808.474609375
37,0.8048780487804879,6.183776713442057e-05,-1,-7,0,1808.474609375
38,0.853658536585366,7.863534847274423e-06,-1,-7,0,1808.474609375
39,0.902439024390244,8.87587987108418e-07,-1,-7,0,1808.474609375
40,0.9512195121951219,1.2560826689878013e-05,-1,-7,0,1808.474609375
41,1.0,4.082290161022684e-06,-1,-7,0,1808.474609375
0,-1.0,5.021190645493334e-07,-1,-6,1,1808.474609375
1,-0.9512195121951219,4.531352715275716e-06,-1,-6,1,1808.474609375
2,-0.9024390243902439,1.8942523638543207e-06,-1,-6,1,1808.474609375
3,-0.8536585365853658,4.1151220102619845e-06,-1,-6,1,1808.474609375
4,-0.8048780487804879,1.9870869436999783e-05,-1,-6,1,1808.474609375
5,-0.7560975609756098,1.282524044654565e-05,-1,-6,1,1808.474609375
6,-0.7073170731707317,1.0258093425363768e-05,-1,-6,1,1808.474609375
7,-0.6585365853658536,6.075057171983644e-06,-1,-6,1,1808.474609375
8,-0.6097560975609756,1.4614592146244831e-05,-1,-6,1,1808.474609375
9,-0.5609756097560976,1.5344281564466655e-05,-1,-6,1,1808.474609375
10,-0.5121951219512195,9.672479063738137e-05,-1,-6,1,1808.474609375
11,-0.46341463414634143,2.3959021291375393e-06,-1,-6,1,1808.474609375
12,-0.41463414634146334,0.0004887261893600225,-1,-6,1,1808.474609375
13,-0.36585365853658536,0.011953995563089848,-1,-6,1,1808.474609375
14,-0.31707317073170727,0.0023006005212664604,-1,-6,1,1808.474609375
15,-0.2682926829268293,2.5763049052329734e-05,-1,-6,1,1808.474609375
16,-0.2195121951219512,4.8339905333705246e-05,-1,-6,1,1808.474609375
17,-0.1707317073170731,6.981266778893769e-06,-1,-6,1,1808.474609375
18,-0.12195121951219512,3.1062402285897406e-06,-1,-6,1,1808.474609375
19,-0.07317073170731703,2.834571660059737e-06,-1,-6,1,1808.474609375
20,-0.024390243902439046,5.17632679475355e-06,-1,-6,1,1808.474609375
21,0.024390243902439046,2.29209626922966e-06,-1,-6,1,1808.474609375
22,0.07317073170731714,0.000208651355933398,-1,-6,1,1808.474609375
23,0.12195121951219523,1.7432852473575622e-05,-1,-6,1,1808.474609375
24,0.17073170731707332,1.0675938938220497e-05,-1,-6,1,1808.474609375
25,0.2195121951219512,9.179159405903192e-07,-1,-6,1,1808.474609375
26,0.2682926829268293,5.199337920203106e-07,-1,-6,1,1808.474609375
27,0.3170731707317074,9.947808621291188e-07,-1,-6,1,1808.474609375
28,0.36585365853658547,6.886709797981894e-07,-1,-6,1,1808.474609375
29,0.41463414634146356,4.271061868621473e-07,-1,-6,1,1808.474609375
30,0.46341463414634143,0.0,-1,-6,1,1808.474609375
31,0.5121951219512195,0.0,-1,-6,1,1808.474609375
32,0.5609756097560976,0.0,-1,-6,1,1808.474609375
33,0.6097560975609757,0.0,-1,-6,1,1808.474609375
34,0.6585365853658538,0.0,-1,-6,1,1808.474609375
35,0.7073170731707317,0.0,-1,-6,1,1808.474609375
36,0.7560975609756098,0.0,-1,-6,1,1808.474609375
37,0.8048780487804879,0.0,-1,-6,1,1808.474609375
38,0.853658536585366,0.0,-1,-6,1,1808.474609375
39,0.902439024390244,0.0,-1,-6,1,1808.474609375
40,0.9512195121951219,0.0,-1,-6,1,1808.474609375
41,1.0,0.0,-1,-6,1,1808.474609375
0,-1.0,0.0,-1,-5,1,1808.474609375
1,-0.9512195121951219,0.0,-1,-5,1,1808.474609375
2,-0.9024390243902439,0.0,-1,-5,1,1808.474609375
3,-0.8536585365853658,0.0,-1,-5,1,1808.474609375
4,-0.8048780487804879,0.0,-1,-5,1,1808.474609375
5,-0.7560975609756098,0.0,-1,-5,1,1808.474609375
6,-0.7073170731707317,0.0,-1,-5,1,1808.474609375
7,-0.6585365853658536,0.0,-1,-5,1,1808.474609375
8,-0.6097560975609756,0.0,-1,-5,1,1808.474609375
9,-0.5609756097560976,0.0,-1,-5,1,1808.474609375
10,-0.5121951219512195,0.0,-1,-5,1,1808.474609375
11,-0.46341463414634143,0.0,-1,-5,1,1808.474609375
12,-0.41463414634146334,0.0,-1,-5,1,1808.474609375
13,-0.36585365853658536,0.0,-1,-5,1,1808.474609375
14,-0.31707317073170727,0.0,-1,-5,1,1808.474609375
15,-0.2682926829268293,0.0,-1,-5,1,1808.474609375
16,-0.2195121951219512,0.0,-1,-5,1,1808.474609375
17,-0.1707317073170731,0.0,-1,-5,1,1808.474609375
18,-0.12195121951219512,0.0,-1,-5,1,1808.474609375
19,-0.07317073170731703,8.043514753808267e-06,-1,-5,1,1808.474609375
20,-0.024390243902439046,1.0508455488889012e-05,-1,-5,1,1808.474609375
21,0.024390243902439046,4.36077534686774e-05,-1,-5,1,1808.474609375
22,0.07317073170731714,2.0465817215153947e-05,-1,-5,1,1808.474609375
23,0.12195121951219523,3.189670678693801e-05,-1,-5,1,1808.474609375
24,0.17073170731707332,4.309815267333761e-05,-1,-5,1,1808.474609375
25,0.2195121951219512,8.1318685261067e-05,-1,-5,1,1808.474609375
26,0.2682926829268293,3.83675578632392e-05,-1,-5,1,1808.474609375
27,0.3170731707317074,2.9706352506764233e-05,-1,-5,1,1808.474609375
28,0.36585365853658547,4.823043855139986e-05,-1,-5,1,1808.474609375
29,0.41463414634146356,5.0922641094075516e-05,-1,-5,1,1808.474609375
30,0.46341463414634143,0.00014993816148489714,-1,-5,1,1808.474609375
31,0.5121951219512195,2.705295628402382e-05,-1,-5,1,1808.474609375
32,0.5609756097560976,0.0002806669217534363,-1,-5,1,1808.474609375
33,0.6097560975609757,0.0005461585242301226,-1,-5,1,1808.474609375
34,0.6585365853658538,0.00010914637095993385,-1,-5,1,1808.474609375
35,0.7073170731707317,0.0031477571465075016,-1,-5,1,1808.474609375
36,0.7560975609756098,0.018316643312573433,-1,-5,1,1808.474609375
37,0.8048780487804879,0.13872215151786804,-1,-5,1,1808.474609375
38,0.853658536585366,0.007631789427250624,-1,-5,1,1808.474609375
39,0.902439024390244,0.001686034956946969,-1,-5,1,1808.474609375
40,0.9512195121951219,0.0005378792411647737,-1,-5,1,1808.474609375
41,1.0,0.0002526076859794557,-1,-5,1,1808.474609375
0,-1.0,2.299699917784892e-05,-1,-4,2,1808.474609375
1,-0.9512195121951219,6.173150177346542e-05,-1,-4,2,1808.474609375
2,-0.9024390243902439,2.7011559723177925e-05,-1,-4,2,1808.474609375
3,-0.8536585365853658,0.00025673399795778096,-1,-4,2,1808.474609375
4,-0.8048780487804879,0.0001563978148624301,-1,-4,2,1808.474609375
5,-0.7560975609756098,0.00038370853872038424,-1,-4,2,1808.474609375
6,-0.7073170731707317,0.00018979281594511122,-1,-4,2,1808.474609375
7,-0.6585365853658536,0.002920702798292041,-1,-4,2,1808.474609375
8,-0.6097560975609756,0.055045317858457565,-1,-4,2,1808.474609375
9,-0.5609756097560976,0.0037623296957463026,-1,-4,2,1808.474609375
10,-0.5121951219512195,0.00016573697212152183,-1,-4,2,1808.474609375
11,-0.46341463414634143,3.0088596759014763e-05,-1,-4,2,1808.474609375
12,-0.41463414634146334,0.00043101812480017543,-1,-4,2,1808.474609375
13,-0.36585365853658536,8.10050914878957e-05,-1,-4,2,1808.474609375
14,-0.31707317073170727,3.619178096414544e-05,-1,-4,2,1808.474609375
15,-0.2682926829268293,7.852456474211067e-05,-1,-4,2,1808.474609375
16,-0.2195121951219512,7.569770241389051e-05,-1,-4,2,1808.474609375
17,-0.1707317073170731,2.927678360720165e-05,-1,-4,2,1808.474609375
18,-0.12195121951219512,0.0004358275036793202,-1,-4,2,1808.474609375
19,-0.07317073170731703,0.0004785328928846866,-1,-4,2,1808.474609375
20,-0.024390243902439046,1.313323991780635e-06,-1,-4,2,1808.474609375
21,0.024390243902439046,2.2393658582586795e-05,-1,-4,2,1808.474609375
22,0.07317073170731714,5.647524631058332e-06,-1,-4,2,1808.474609375
23,0.12195121951219523,3.5827716260428133e-07,-1,-4,2,1808.474609375
24,0.17073170731707332,7.210070180008188e-06,-1,-4,2,1808.474609375
25,0.2195121951219512,1.1345407074259128e-05,-1,-4,2,1808.474609375
26,0.2682926829268293,1.2690215044131037e-05,-1,-4,2,1808.474609375
27,0.3170731707317074,1.2685895853792317e-06,-1,-4,2,1808.474609375
28,0.36585365853658547,2.6754403734230436e-05,-1,-4,2,1808.474609375
29,0.41463414634146356,3.6706328501168173e-06,-1,-4,2,1808.474609375
30,0.46341463414634143,1.3696215319214389e-05,-1,-4,2,1808.474609375
31,0.5121951219512195,2.7057560600951547e-06,-1,-4,2,1808.474609375
32,0.5609756097560976,0.0,-1,-4,2,1808.474609375
33,0.6097560975609757,0.0,-1,-4,2,1808.474609375
34,0.6585365853658538,0.0,-1,-4,2,1808.474609375
35,0.7073170731707317,0.0,-1,-4,2,1808.474609375
36,0.7560975609756098,0.0,-1,-4,2,1808.474609375
37,0.8048780487804879,0.0,-1,-4,2,1808.474609375
38,0.853658536585366,0.0,-1,-4,2,1808.474609375
39,0.902439024390244,0.0,-1,-4,2,1808.474609375
40,0.9512195121951219,0.0,-1,-4,2,1808.474609375
41,1.0,0.0,-1,-4,2,1808.474609375
0,-1.0,0.0,-1,-3,2,1808.474609375
1,-0.9512195121951219,0.0,-1,-3,2,1808.474609375
2,-0.9024390243902439,0.0,-1,-3,2,1808.474609375
3,-0.8536585365853658,0.0,-1,-3,2,1808.474609375
4,-0.8048780487804879,0.0,-1,-3,2,1808.474609375
5,-0.7560975609756098,0.0,-1,-3,2,1808.474609375
6,-0.7073170731707317,0.0,-1,-3,2,1808.474609375
7,-0.6585365853658536,0.0,-1,-3,2,1808.474609375
8,-0.6097560975609756,0.0,-1,-3,2,1808.474609375
9,-0.5609756097560976,0.0,-1,-3,2,1808.474609375
10,-0.5121951219512195,0.0,-1,-3,2,1808.474609375
11,-0.46341463414634143,5.464536911858886e-07,-1,-3,2,1808.474609375
12,-0.41463414634146334,1.0722223123593722e-05,-1,-3,2,1808.474609375
13,-0.36585365853658536,4.941881798004033e-06,-1,-3,2,1808.474609375
14,-0.31707317073170727,1.3516745639208239e-05,-1,-3,2,1808.474609375
15,-0.2682926829268293,4.99166599183809e-05,-1,-3,2,1808.474609375
16,-0.2195121951219512,0.00016526359831914306,-1,-3,2,1808.474609375
17,-0.1707317073170731,4.282506415620446e-05,-1,-3,2,1808.474609375
18,-0.12195121951219512,2.8671396648860537e-05,-1,-3,2,1808.474609375
19,-0.07317073170731703,3.168156399624422e-05,-1,-3,2,1808.474609375
20,-0.024390243902439046,2.095546187774744e-05,-1,-3,2,1808.474609375
21,0.024390243902439046,0.00011388077837182209,-1,-3,2,1808.474609375
22,0.07317073170731714,0.0001702189038041979,-1,-3,2,1808.474609375
23,0.12195121951219523,7.035046292003244e-05,-1,-3,2,1808.474609375
24,0.17073170731707332,4.443620582605945e-06,-1,-3,2,1808.474609375
25,0.2195121951219512,0.0002061119448626414,-1,-3,2,1808.474609375
26,0.2682926829268293,1.0994905096595176e-05,-1,-3,2,1808.474609375
27,0.3170731707317074,0.00017993275832850486,-1,-3,2,1808.474609375
28,0.36585365853658547,0.00016055018932092935,-1,-3,2,1808.474609375
29,0.41463414634146356,6.312573987088399e-06,-1,-3,2,1808.474609375
30,0.46341463414634143,6.250757724046707e-05,-1,-3,2,1808.474609375
31,0.5121951219512195,0.0004054214514326304,-1,-3,2,1808.474609375
32,0.5609756097560976,0.0006180797354318202,-1,-3,2,1808.474609375
33,0.6097560975609757,0.00011929978063562885,-1,-3,2,1808.474609375
34,0.6585365853658538,7.952940359245986e-05,-1,-3,2,1808.474609375
35,0.7073170731707317,0.0008498545503243804,-1,-3,2,1808.474609375
36,0.7560975609756098,0.0029241289012134075,-1,-3,2,1808.474609375
37,0.8048780487804879,0.0028858857695013285,-1,-3,2,1808.474609375
38,0.853658536585366,0.001663674833253026,-1,-3,2,1808.474609375
39,0.902439024390244,1.3383796613197774e-05,-1,-3,2,1808.474609375
40,0.9512195121951219,0.03418133780360222,-1,-3,2,1808.474609375
41,1.0,0.2084239423274994,-1,-3,2,1808.474609375
0,-1.0,2.6864281608141027e-05,-1,-1,3,1808.474609375
1,-0.9512195121951219,0.00021376702352426946,-1,-1,3,1808.474609375
2,-0.9024390243902439,0.00011707791418302804,-1,-1,3,1808.474609375
3,-0.8536585365853658,0.0002787350967992097,-1,-1,3,1808.474609375
4,-0.8048780487804879,0.00012193260772619396,-1,-1,3,1808.474609375
5,-0.7560975609756098,0.0007354240515269339,-1,-1,3,1808.474609375
6,-0.7073170731707317,0.00040961301419883966,-1,-1,3,1808.474609375
7,-0.6585365853658536,0.000347310327924788,-1,-1,3,1808.474609375
8,-0.6097560975609756,0.0009961051400750875,-1,-1,3,1808.474609375
9,-0.5609756097560976,7.114147592801601e-05,-1,-1,3,1808.474609375
10,-0.5121951219512195,0.0005744409281760454,-1,-1,3,1808.474609375
11,-0.46341463414634143,0.000619066646322608,-1,-1,3,1808.474609375
12,-0.41463414634146334,0.0004890363779850304,-1,-1,3,1808.474609375
13,-0.36585365853658536,0.0002517676039133221,-1,-1,3,1808.474609375
14,-0.31707317073170727,0.0007471733842976391,-1,-1,3,1808.474609375
15,-0.2682926829268293,4.407070264278445e-06,-1,-1,3,1808.474609375
16,-0.2195121951219512,0.0009253580356016755,-1,-1,3,1808.474609375
17,-0.1707317073170731,4.719152639154345e-05,-1,-1,3,1808.474609375
18,-0.12195121951219512,0.0006736030918546021,-1,-1,3,1808.474609375
19,-0.07317073170731703,0.0016360098961740732,-1,-1,3,1808.474609375
20,-0.024390243902439046,0.0016045378288254142,-1,-1,3,1808.474609375
21,0.024390243902439046,0.00024090768420137465,-1,-1,3,1808.474609375
22,0.07317073170731714,0.0012628358090296388,-1,-1,3,1808.474609375
23,0.12195121951219523,0.001730807707644999,-1,-1,3,1808.474609375
24,0.17073170731707332,0.001394153805449605,-1,-1,3,1808.474609375
25,0.2195121951219512,0.0027149165980517864,-1,-1,3,1808.474609375
26,0.2682926829268293,0.0037145200185477734,-1,-1,3,1808.474609375
27,0.3170731707317074,0.010371233336627483,-1,-1,3,1808.474609375
28,0.36585365853658547,0.006003446411341429,-1,-1,3,1808.474609375
29,0.41463414634146356,0.012815860100090504,-1,-1,3,1808.474609375
30,0.46341463414634143,0.024640612304210663,-1,-1,3,1808.474609375
31,0.5121951219512195,0.030021626502275467,-1,-1,3,1808.474609375
32,0.5609756097560976,0.12667807936668396,-1,-1,3,1808.474609375
33,0.6097560975609757,0.03293082118034363,-1,-1,3,1808.474609375
34,0.6585365853658538,0.044411800801754,-1,-1,3,1808.474609375
35,0.7073170731707317,0.016843516379594803,-1,-1,3,1808.474609375
36,0.7560975609756098,0.03062041476368904,-1,-1,3,1808.474609375
37,0.8048780487804879,0.0009834816446527839,-1,-1,3,1808.474609375
38,0.853658536585366,0.015272376127541065,-1,-1,3,1808.474609375
39,0.902439024390244,0.00023076588695403188,-1,-1,3,1808.474609375
40,0.9512195121951219,0.006523628253489733,-1,-1,3,1808.474609375
41,1.0,0.0011958010727539659,-1,-1,3,1808.474609375
0,-1.0,0.003591893007978797,-1,2,4,1808.474609375
1,-0.9512195121951219,0.0015584827633574605,-1,2,4,1808.474609375
2,-0.9024390243902439,9.690076694823802e-05,-1,2,4,1808.474609375
3,-0.8536585365853658,0.006096664350479841,-1,2,4,1808.474609375
4,-0.8048780487804879,0.0037615967448800802,-1,2,4,1808.474609375
5,-0.7560975609756098,0.0042253038845956326,-1,2,4,1808.474609375
6,-0.7073170731707317,0.0077463239431381226,-1,2,4,1808.474609375
7,-0.6585365853658536,0.0053032636642456055,-1,2,4,1808.474609375
8,-0.6097560975609756,0.06303644180297852,-1,2,4,1808.474609375
9,-0.5609756097560976,0.06579694896936417,-1,2,4,1808.474609375
10,-0.5121951219512195,0.2666313350200653,-1,2,4,1808.474609375
11,-0.46341463414634143,0.061705153435468674,-1,2,4,1808.474609375
12,-0.41463414634146334,0.02373826503753662,-1,2,4,1808.474609375
13,-0.36585365853658536,0.04871402680873871,-1,2,4,1808.474609375
14,-0.31707317073170727,0.011803238652646542,-1,2,4,1808.474609375
15,-0.2682926829268293,0.0021224631927907467,-1,2,4,1808.474609375
16,-0.2195121951219512,0.012593013234436512,-1,2,4,1808.474609375
17,-0.1707317073170731,0.0010727449553087354,-1,2,4,1808.474609375
18,-0.12195121951219512,0.0052529810927808285,-1,2,4,1808.474609375
19,-0.07317073170731703,0.005811849609017372,-1,2,4,1808.474609375
20,-0.024390243902439046,0.003029861021786928,-1,2,4,1808.474609375
21,0.024390243902439046,9.98900031845551e-06,-1,2,4,1808.474609375
22,0.07317073170731714,0.0033487179316580296,-1,2,4,1808.474609375
23,0.12195121951219523,0.001118101179599762,-1,2,4,1808.474609375
24,0.17073170731707332,0.0010813085827976465,-1,2,4,1808.474609375
25,0.2195121951219512,0.0008926441078074276,-1,2,4,1808.474609375
26,0.2682926829268293,0.0011419982183724642,-1,2,4,1808.474609375
27,0.3170731707317074,0.00015761423856019974,-1,2,4,1808.474609375
28,0.36585365853658547,0.0014581844443455338,-1,2,4,1808.474609375
29,0.41463414634146356,0.00015731819439679384,-1,2,4,1808.474609375
30,0.46341463414634143,0.0005147553165443242,-1,2,4,1808.474609375
31,0.5121951219512195,0.00044196032104082406,-1,2,4,1808.474609375
32,0.5609756097560976,0.000612107862252742,-1,2,4,1808.474609375
33,0.6097560975609757,0.0008141609141603112,-1,2,4,1808.474609375
34,0.6585365853658538,0.0004679798148572445,-1,2,4,1808.474609375
35,0.7073170731707317,0.0001436185120837763,-1,2,4,1808.474609375
36,0.7560975609756098,0.000777997775003314,-1,2,4,1808.474609375
37,0.8048780487804879,0.00018057998386211693,-1,2,4,1808.474609375
38,0.853658536585366,0.00025230756727978587,-1,2,4,1808.474609375
39,0.902439024390244,0.0007232743082568049,-1,2,4,1808.474609375
40,0.9512195121951219,0.00034963712096214294,-1,2,4,1808.474609375
41,1.0,3.9220816688612103e-05,-1,2,4,1808.474609375
0,-1.0,0.0,-1,5,5,1808.474609375
1,-0.9512195121951219,0.0,-1,5,5,1808.474609375
2,-0.9024390243902439,0.0,-1,5,5,1808.474609375
3,-0.8536585365853658,0.0,-1,5,5,1808.474609375
4,-0.8048780487804879,0.0,-1,5,5,1808.474609375
5,-0.7560975609756098,0.0,-1,5,5,1808.474609375
6,-0.7073170731707317,0.0,-1,5,5,1808.474609375
7,-0.6585365853658536,0.0,-1,5,5,1808.474609375
8,-0.6097560975609756,0.0,-1,5,5,1808.474609375
9,-0.5609756097560976,2.6576975869829766e-05,-1,5,5,1808.474609375
10,-0.5121951219512195,2.0280427634133957e-05,-1,5,5,1808.474609375
11,-0.46341463414634143,9.833926924329717e-06,-1,5,5,1808.474609375
12,-0.41463414634146334,1.6784625813670573e-06,-1,5,5,1808.474609375
13,-0.36585365853658536,8.842942406772636e-06,-1,5,5,1808.474609375
14,-0.31707317073170727,9.41247162700165e-06,-1,5,5,1808.474609375
15,-0.2682926829268293,1.5039271602290682e-05,-1,5,5,1808.474609375
16,-0.2195121951219512,6.989016583247576e-06,-1,5,5,1808.474609375
17,-0.1707317073170731,1.6098534615593962e-05,-1,5,5,1808.474609375
18,-0.12195121951219512,1.94839303730987e-05,-1,5,5,1808.474609375
19,-0.07317073170731703,2.3712054826319218e-05,-1,5,5,1808.474609375
20,-0.024390243902439046,2.1824871510034427e-05,-1,5,5,1808.474609375
21,0.024390243902439046,8.595998224336654e-06,-1,5,5,1808.474609375
22,0.07317073170731714,5.45473194506485e-05,-1,5,5,1808.474609375
23,0.12195121951219523,0.00012788186722900718,-1,5,5,1808.474609375
24,0.17073170731707332,6.911798845976591e-05,-1,5,5,1808.474609375
25,0.2195121951219512,9.557930025039241e-05,-1,5,5,1808.474609375
26,0.2682926829268293,0.00019908232206944376,-1,5,5,1808.474609375
27,0.3170731707317074,7.044391531962901e-05,-1,5,5,1808.474609375
28,0.36585365853658547,0.00020851922454312444,-1,5,5,1808.474609375
29,0.41463414634146356,0.001702105742879212,-1,5,5,1808.474609375
30,0.46341463414634143,0.024860192090272903,-1,5,5,1808.474609375
31,0.5121951219512195,0.0014672228135168552,-1,5,5,1808.474609375
32,0.5609756097560976,2.1889942217967473e-05,-1,5,5,1808.474609375
33,0.6097560975609757,0.0002611741947475821,-1,5,5,1808.474609375
34,0.6585365853658538,0.00016473133291583508,-1,5,5,1808.474609375
35,0.7073170731707317,6.365219451254234e-05,-1,5,5,1808.474609375
36,0.7560975609756098,0.0002865587011910975,-1,5,5,1808.474609375
37,0.8048780487804879,0.000659031851682812,-1,5,5,1808.474609375
38,0.853658536585366,5.565694300457835e-05,-1,5,5,1808.474609375
39,0.902439024390244,3.947512959712185e-05,-1,5,5,1808.474609375
40,0.9512195121951219,4.176208676653914e-05,-1,5,5,1808.474609375
41,1.0,1.6740204955567606e-06,-1,5,5,1808.474609375
0,-1.0,0.0,-1,6,5,1808.474609375
1,-0.9512195121951219,9.354585728260645e-08,-1,6,5,1808.474609375
2,-0.9024390243902439,6.059153179194254e-08,-1,6,5,1808.474609375
3,-0.8536585365853658,1.252169425924876e-07,-1,6,5,1808.474609375
4,-0.8048780487804879,1.4684226243844023e-06,-1,6,5,1808.474609375
5,-0.7560975609756098,3.8085937603682396e-07,-1,6,5,1808.474609375
6,-0.7073170731707317,4.61051422462333e-06,-1,6,5,1808.474609375
7,-0.6585365853658536,5.5703067118884064e-06,-1,6,5,1808.474609375
8,-0.6097560975609756,6.970140020712279e-06,-1,6,5,1808.474609375
9,-0.5609756097560976,1.3503800801117904e-05,-1,6,5,1808.474609375
10,-0.5121951219512195,1.8656468455446884e-05,-1,6,5,1808.474609375
11,-0.46341463414634143,3.035305780940689e-06,-1,6,5,1808.474609375
12,-0.41463414634146334,9.110287919611437e-07,-1,6,5,1808.474609375
13,-0.36585365853658536,7.837939847377129e-06,-1,6,5,1808.474609375
14,-0.31707317073170727,3.7126012557564536e-06,-1,6,5,1808.474609375
15,-0.2682926829268293,5.3575440688291565e-06,-1,6,5,1808.474609375
16,-0.2195121951219512,5.601509201369481e-06,-1,6,5,1808.474609375
17,-0.1707317073170731,2.7534645141713554e-06,-1,6,5,1808.474609375
18,-0.12195121951219512,0.008269073441624641,-1,6,5,1808.474609375
19,-0.07317073170731703,2.9545681172749028e-05,-1,6,5,1808.474609375
20,-0.024390243902439046,1.7512877093395218e-05,-1,6,5,1808.474609375
21,0.024390243902439046,1.5606059605488554e-05,-1,6,5,1808.474609375
22,0.07317073170731714,2.548622796894051e-05,-1,6,5,1808.474609375
23,0.12195121951219523,3.0974024411989376e-07,-1,6,5,1808.474609375
24,0.17073170731707332,1.826046656105973e-07,-1,6,5,1808.474609375
25,0.2195121951219512,9.889057395184864e-08,-1,6,5,1808.474609375
26,0.2682926829268293,1.262313844563323e-06,-1,6,5,1808.474609375
27,0.3170731707317074,1.2766366808136809e-06,-1,6,5,1808.474609375
28,0.36585365853658547,2.119060269478723e-07,-1,6,5,1808.474609375
29,0.41463414634146356,3.30774042822668e-07,-1,6,5,1808.474609375
30,0.46341463414634143,1.0136805030924734e-05,-1,6,5,1808.474609375
31,0.5121951219512195,5.929330768594809e-07,-1,6,5,1808.474609375
32,0.5609756097560976,1.0176145224249922e-06,-1,6,5,1808.474609375
33,0.6097560975609757,8.057743912104343e-07,-1,6,5,1808.474609375
34,0.6585365853658538,9.688133104646113e-07,-1,6,5,1808.474609375
35,0.7073170731707317,2.690188466658583e-06,-1,6,5,1808.474609375
36,0.7560975609756098,0.0,-1,6,5,1808.474609375
37,0.8048780487804879,0.0,-1,6,5,1808.474609375
38,0.853658536585366,0.0,-1,6,5,1808.474609375
39,0.902439024390244,0.0,-1,6,5,1808.474609375
40,0.9512195121951219,0.0,-1,6,5,1808.474609375
41,1.0,0.0,-1,6,5,1808.474609375
0,-1.0,1.3390923641054542e-06,-1,7,5,1808.474609375
1,-0.9512195121951219,5.541300652112113e-06,-1,7,5,1808.474609375
2,-0.9024390243902439,7.425781234360329e-08,-1,7,5,1808.474609375
3,-0.8536585365853658,6.160820248624077e-06,-1,7,5,1808.474609375
4,-0.8048780487804879,3.5669952467287658e-06,-1,7,5,1808.474609375
5,-0.7560975609756098,4.27303348260466e-06,-1,7,5,1808.474609375
6,-0.7073170731707317,5.352586958906613e-05,-1,7,5,1808.474609375
7,-0.6585365853658536,6.261942871788051e-06,-1,7,5,1808.474609375
8,-0.6097560975609756,7.352386455750093e-05,-1,7,5,1808.474609375
9,-0.5609756097560976,9.514594239590224e-06,-1,7,5,1808.474609375
10,-0.5121951219512195,0.0002956688986159861,-1,7,5,1808.474609375
11,-0.46341463414634143,0.0016569873550906777,-1,7,5,1808.474609375
12,-0.41463414634146334,4.021068525617011e-05,-1,7,5,1808.474609375
13,-0.36585365853658536,4.659623300540261e-05,-1,7,5,1808.474609375
14,-0.31707317073170727,5.908844400437374e-07,-1,7,5,1808.474609375
15,-0.2682926829268293,2.122540900018066e-05,-1,7,5,1808.474609375
16,-0.2195121951219512,6.026857136021135e-06,-1,7,5,1808.474609375
17,-0.1707317073170731,1.190779858006863e-05,-1,7,5,1808.474609375
18,-0.12195121951219512,4.7173180064419284e-06,-1,7,5,1808.474609375
19,-0.07317073170731703,6.066980859031901e-06,-1,7,5,1808.474609375
20,-0.024390243902439046,1.4299457689048722e-06,-1,7,5,1808.474609375
21,0.024390243902439046,3.4084191611327697e-06,-1,7,5,1808.474609375
22,0.07317073170731714,2.44812235905556e-06,-1,7,5,1808.474609375
23,0.12195121951219523,6.403050178960257e-07,-1,7,5,1808.474609375
24,0.17073170731707332,3.2501779969607014e-06,-1,7,5,1808.474609375
25,0.2195121951219512,5.35959372882644e-07,-1,7,5,1808.474609375
26,0.2682926829268293,0.0,-1,7,5,1808.474609375
27,0.3170731707317074,0.0,-1,7,5,1808.474609375
28,0.36585365853658547,0.0,-1,7,5,1808.474609375
29,0.41463414634146356,0.0,-1,7,5,1808.474609375
30,0.46341463414634143,0.0,-1,7,5,1808.474609375
31,0.5121951219512195,0.0,-1,7,5,1808.474609375
32,0.5609756097560976,0.0,-1,7,5,1808.474609375
33,0.6097560975609757,0.0,-1,7,5,1808.474609375
34,0.6585365853658538,0.0,-1,7,5,1808.474609375
35,0.7073170731707317,0.0,-1,7,5,1808.474609375
36,0.7560975609756098,0.0,-1,7,5,1808.474609375
37,0.8048780487804879,0.0,-1,7,5,1808.474609375
38,0.853658536585366,0.0,-1,7,5,1808.474609375
39,0.902439024390244,0.0,-1,7,5,1808.474609375
40,0.9512195121951219,0.0,-1,7,5,1808.474609375
41,1.0,0.0,-1,7,5,1808.474609375
0,-1.0,1.8372159615864803e-07,-1,8,5,1808.474609375
1,-0.9512195121951219,1.0037943866336718e-05,-1,8,5,1808.474609375
2,-0.9024390243902439,1.3505555216397624e-05,-1,8,5,1808.474609375
3,-0.8536585365853658,4.058172271470539e-05,-1,8,5,1808.474609375
4,-0.8048780487804879,1.542927566333674e-05,-1,8,5,1808.474609375
5,-0.7560975609756098,0.00042221928015351295,-1,8,5,1808.474609375
6,-0.7073170731707317,0.019311167299747467,-1,8,5,1808.474609375
7,-0.6585365853658536,8.461661491310224e-05,-1,8,5,1808.474609375
8,-0.6097560975609756,0.00010705625027185306,-1,8,5,1808.474609375
9,-0.5609756097560976,3.05702633340843e-05,-1,8,5,1808.474609375
10,-0.5121951219512195,1.03182708244276e-06,-1,8,5,1808.474609375
11,-0.46341463414634143,1.2316725133132422e-06,-1,8,5,1808.474609375
12,-0.41463414634146334,1.8181330005972995e-06,-1,8,5,1808.474609375
13,-0.36585365853658536,1.4708723483636277e-06,-1,8,5,1808.474609375
14,-0.31707317073170727,2.9798007972203777e-07,-1,8,5,1808.474609375
15,-0.2682926829268293,9.845398381003179e-07,-1,8,5,1808.474609375
16,-0.2195121951219512,2.435984470139374e-06,-1,8,5,1808.474609375
17,-0.1707317073170731,1.1592451443220853e-07,-1,8,5,1808.474609375
18,-0.12195121951219512,2.3570319171994925e-06,-1,8,5,1808.474609375
19,-0.07317073170731703,1.568369611959497e-06,-1,8,5,1808.474609375
20,-0.024390243902439046,0.0,-1,8,5,1808.474609375
21,0.024390243902439046,0.0,-1,8,5,1808.474609375
22,0.07317073170731714,0.0,-1,8,5,1808.474609375
23,0.12195121951219523,0.0,-1,8,5,1808.474609375
24,0.17073170731707332,0.0,-1,8,5,1808.474609375
25,0.2195121951219512,0.0,-1,8,5,1808.474609375
26,0.2682926829268293,0.0,-1,8,5,1808.474609375
27,0.3170731707317074,0.0,-1,8,5,1808.474609375
28,0.36585365853658547,0.0,-1,8,5,1808.474609375
29,0.41463414634146356,0.0,-1,8,5,1808.474609375
30,0.46341463414634143,0.0,-1,8,5,1808.474609375
31,0.5121951219512195,0.0,-1,8,5,1808.474609375
32,0.5609756097560976,0.0,-1,8,5,1808.474609375
33,0.6097560975609757,0.0,-1,8,5,1808.474609375
34,0.6585365853658538,0.0,-1,8,5,1808.474609375
35,0.7073170731707317,0.0,-1,8,5,1808.474609375
36,0.7560975609756098,0.0,-1,8,5,1808.474609375
37,0.8048780487804879,0.0,-1,8,5,1808.474609375
38,0.853658536585366,0.0,-1,8,5,1808.474609375
39,0.902439024390244,0.0,-1,8,5,1808.474609375
40,0.9512195121951219,0.0,-1,8,5,1808.474609375
41,1.0,0.0,-1,8,5,1808.474609375
0,-1.0,5.315971975505818e-06,-1,9,5,1808.474609375
1,-0.9512195121951219,1.026751760946354e-06,-1,9,5,1808.474609375
2,-0.9024390243902439,1.9721555872820318e-06,-1,9,5,1808.474609375
3,-0.8536585365853658,0.0005753321456722915,-1,9,5,1808.474609375
4,-0.8048780487804879,2.9896764317527413e-05,-1,9,5,1808.474609375
5,-0.7560975609756098,4.078973506693728e-05,-1,9,5,1808.474609375
6,-0.7073170731707317,0.0001380157918902114,-1,9,5,1808.474609375
7,-0.6585365853658536,4.869106305704918e-06,-1,9,5,1808.474609375
8,-0.6097560975609756,2.5547840323270066e-06,-1,9,5,1808.474609375
9,-0.5609756097560976,2.997260253323475e-07,-1,9,5,1808.474609375
10,-0.5121951219512195,3.3185447136929724e-06,-1,9,5,1808.474609375
11,-0.46341463414634143,1.9593137494666735e-06,-1,9,5,1808.474609375
12,-0.41463414634146334,1.3110677343775023e-07,-1,9,5,1808.474609375
13,-0.36585365853658536,3.976533093918988e-07,-1,9,5,1808.474609375
14,-0.31707317073170727,8.764794188209635e-07,-1,9,5,1808.474609375
15,-0.2682926829268293,0.0,-1,9,5,1808.474609375
16,-0.2195121951219512,0.0,-1,9,5,1808.474609375
17,-0.1707317073170731,0.0,-1,9,5,1808.474609375
18,-0.12195121951219512,0.0,-1,9,5,1808.474609375
19,-0.07317073170731703,0.0,-1,9,5,1808.474609375
20,-0.024390243902439046,0.0,-1,9,5,1808.474609375
21,0.024390243902439046,0.0,-1,9,5,1808.474609375
22,0.07317073170731714,0.0,-1,9,5,1808.474609375
23,0.12195121951219523,0.0,-1,9,5,1808.474609375
24,0.17073170731707332,0.0,-1,9,5,1808.474609375
25,0.2195121951219512,0.0,-1,9,5,1808.474609375
26,0.2682926829268293,0.0,-1,9,5,1808.474609375
27,0.3170731707317074,0.0,-1,9,5,1808.474609375
28,0.36585365853658547,0.0,-1,9,5,1808.474609375
29,0.41463414634146356,0.0,-1,9,5,1808.474609375
30,0.46341463414634143,0.0,-1,9,5,1808.474609375
31,0.5121951219512195,0.0,-1,9,5,1808.474609375
32,0.5609756097560976,0.0,-1,9,5,1808.474609375
33,0.6097560975609757,0.0,-1,9,5,1808.474609375
34,0.6585365853658538,0.0,-1,9,5,1808.474609375
35,0.7073170731707317,0.0,-1,9,5,1808.474609375
36,0.7560975609756098,0.0,-1,9,5,1808.474609375
37,0.8048780487804879,0.0,-1,9,5,1808.474609375
38,0.853658536585366,0.0,-1,9,5,1808.474609375
39,0.902439024390244,0.0,-1,9,5,1808.474609375
40,0.9512195121951219,0.0,-1,9,5,1808.474609375
41,1.0,0.0,-1,9,5,1808.474609375
0,-1.0,0.0,-1,9,6,1808.474609375
1,-0.9512195121951219,0.0,-1,9,6,1808.474609375
2,-0.9024390243902439,0.0,-1,9,6,1808.474609375
3,-0.8536585365853658,0.0,-1,9,6,1808.474609375
4,-0.8048780487804879,0.0,-1,9,6,1808.474609375
5,-0.7560975609756098,0.0,-1,9,6,1808.474609375
6,-0.7073170731707317,0.0,-1,9,6,1808.474609375
7,-0.6585365853658536,0.0,-1,9,6,1808.474609375
8,-0.6097560975609756,0.0,-1,9,6,1808.474609375
9,-0.5609756097560976,0.0,-1,9,6,1808.474609375
10,-0.5121951219512195,0.0,-1,9,6,1808.474609375
11,-0.46341463414634143,0.0,-1,9,6,1808.474609375
12,-0.41463414634146334,0.0,-1,9,6,1808.474609375
13,-0.36585365853658536,0.0,-1,9,6,1808.474609375
14,-0.31707317073170727,0.0,-1,9,6,1808.474609375
15,-0.2682926829268293,0.0,-1,9,6,1808.474609375
16,-0.2195121951219512,0.0,-1,9,6,1808.474609375
17,-0.1707317073170731,0.0,-1,9,6,1808.474609375
18,-0.12195121951219512,0.0,-1,9,6,1808.474609375
19,-0.07317073170731703,0.0,-1,9,6,1808.474609375
20,-0.024390243902439046,0.0,-1,9,6,1808.474609375
21,0.024390243902439046,0.0,-1,9,6,1808.474609375
22,0.07317073170731714,0.0,-1,9,6,1808.474609375
23,0.12195121951219523,0.0,-1,9,6,1808.474609375
24,0.17073170731707332,0.0,-1,9,6,1808.474609375
25,0.2195121951219512,1.714464019642037e-07,-1,9,6,1808.474609375
26,0.2682926829268293,3.604520202316053e-07,-1,9,6,1808.474609375
27,0.3170731707317074,8.040455554692016e-07,-1,9,6,1808.474609375
28,0.36585365853658547,3.605021561270405e-07,-1,9,6,1808.474609375
29,0.41463414634146356,3.716253615948517e-08,-1,9,6,1808.474609375
30,0.46341463414634143,1.8827886378858238e-06,-1,9,6,1808.474609375
31,0.5121951219512195,1.8023042684944812e-06,-1,9,6,1808.474609375
32,0.5609756097560976,7.3234864430560265e-06,-1,9,6,1808.474609375
33,0.6097560975609757,8.616631930635776e-06,-1,9,6,1808.474609375
34,0.6585365853658538,4.8161291488213465e-06,-1,9,6,1808.474609375
35,0.7073170731707317,1.3308216693985742e-05,-1,9,6,1808.474609375
36,0.7560975609756098,5.448371302918531e-05,-1,9,6,1808.474609375
37,0.8048780487804879,1.0711437425925396e-06,-1,9,6,1808.474609375
38,0.853658536585366,1.5351521369666443e-06,-1,9,6,1808.474609375
39,0.902439024390244,2.2793705056756153e-07,-1,9,6,1808.474609375
40,0.9512195121951219,5.895376276043862e-08,-1,9,6,1808.474609375
41,1.0,7.707216695962416e-07,-1,9,6,1808.474609375
0,-1.0,0.0,0,-9,-5,1808.474609375
1,-0.9512195121951219,0.0,0,-9,-5,1808.474609375
2,-0.9024390243902439,0.0,0,-9,-5,1808.474609375
3,-0.8536585365853658,0.0,0,-9,-5,1808.474609375
4,-0.8048780487804879,0.0,0,-9,-5,1808.474609375
5,-0.7560975609756098,0.0,0,-9,-5,1808.474609375
6,-0.7073170731707317,0.0,0,-9,-5,1808.474609375
7,-0.6585365853658536,0.0,0,-9,-5,1808.474609375
8,-0.6097560975609756,0.0,0,-9,-5,1808.474609375
9,-0.5609756097560976,0.0,0,-9,-5,1808.474609375
10,-0.5121951219512195,0.0,0,-9,-5,1808.474609375
11,-0.46341463414634143,0.0,0,-9,-5,1808.474609375
12,-0.41463414634146334,0.0,0,-9,-5,1808.474609375
13,-0.36585365853658536,0.0,0,-9,-5,1808.474609375
14,-0.31707317073170727,0.0,0,-9,-5,1808.474609375
15,-0.2682926829268293,0.0,0,-9,-5,1808.474609375
16,-0.2195121951219512,0.0,0,-9,-5,1808.474609375
17,-0.1707317073170731,0.0,0,-9,-5,1808.474609375
18,-0.12195121951219512,0.0,0,-9,-5,1808.474609375
19,-0.07317073170731703,0.0,0,-9,-5,1808.474609375
20,-0.024390243902439046,0.0,0,-9,-5,1808.474609375
21,0.024390243902439046,0.0,0,-9,-5,1808.474609375
22,0.07317073170731714,0.0,0,-9,-5,1808.474609375
23,0.12195121951219523,0.0,0,-9,-5,1808.474609375
24,0.17073170731707332,0.0,0,-9,-5,1808.474609375
25,0.2195121951219512,4.1839822273459504e-08,0,-9,-5,1808.474609375
26,0.2682926829268293,1.5313250401050027e-07,0,-9,-5,1808.474609375
27,0.3170731707317074,5.106377329866518e-07,0,-9,-5,1808.474609375
28,0.36585365853658547,4.869508885008145e-08,0,-9,-5,1808.474609375
29,0.41463414634146356,3.46314479315879e-08,0,-9,-5,1808.474609375
30,0.46341463414634143,2.1367591784837714e-07,0,-9,-5,1808.474609375
31,0.5121951219512195,1.3621654488815693e-06,0,-9,-5,1808.474609375
32,0.5609756097560976,3.90395734939375e-06,0,-9,-5,1808.474609375
33,0.6097560975609757,7.242789251904469e-06,0,-9,-5,1808.474609375
34,0.6585365853658538,0.00037854857509955764,0,-9,-5,1808.474609375
35,0.7073170731707317,1.3553782991948538e-05,0,-9,-5,1808.474609375
36,0.7560975609756098,4.8436895667691715e-06,0,-9,-5,1808.474609375
37,0.8048780487804879,3.425900649745017e-05,0,-9,-5,1808.474609375
38,0.853658536585366,2.016580219788011e-05,0,-9,-5,1808.474609375
39,0.902439024390244,1.9915274606319144e-05,0,-9,-5,1808.474609375
40,0.9512195121951219,1.973670123334159e-06,0,-9,-5,1808.474609375
41,1.0,6.235341629690083e-07,0,-9,-5,1808.474609375
0,-1.0,1.466903995606117e-06,0,-9,-4,1808.474609375
1,-0.9512195121951219,1.549169752479429e-07,0,-9,-4,1808.474609375
2,-0.9024390243902439,6.708969380042618e-08,0,-9,-4,1808.474609375
3,-0.8536585365853658,2.257405867567286e-06,0,-9,-4,1808.474609375
4,-0.8048780487804879,1.4683719200547785e-05,0,-9,-4,1808.474609375
5,-0.7560975609756098,1.0334087164665107e-05,0,-9,-4,1808.474609375
6,-0.7073170731707317,2.185878201999003e-06,0,-9,-4,1808.474609375
7,-0.6585365853658536,1.7267153452849016e-05,0,-9,-4,1808.474609375
8,-0.6097560975609756,2.4907069018809125e-05,0,-9,-4,1808.474609375
9,-0.5609756097560976,3.793854921241291e-05,0,-9,-4,1808.474609375
10,-0.5121951219512195,0.0001682273141341284,0,-9,-4,1808.474609375
11,-0.46341463414634143,2.7508589482749812e-05,0,-9,-4,1808.474609375
12,-0.41463414634146334,8.750768029130995e-05,0,-9,-4,1808.474609375
13,-0.36585365853658536,9.008223287310102e-07,0,-9,-4,1808.474609375
14,-0.31707317073170727,3.3554113088030135e-06,0,-9,-4,1808.474609375
15,-0.2682926829268293,1.7123735460700118e-06,0,-9,-4,1808.474609375
16,-0.2195121951219512,4.099323177797487e-06,0,-9,-4,1808.474609375
17,-0.1707317073170731,5.695767981706013e-07,0,-9,-4,1808.474609375
18,-0.12195121951219512,9.453844995732652e-07,0,-9,-4,1808.474609375
19,-0.07317073170731703,6.733818054271978e-07,0,-9,-4,1808.474609375
20,-0.024390243902439046,1.4068422160562477e-06,0,-9,-4,1808.474609375
21,0.024390243902439046,0.0,0,-9,-4,1808.474609375
22,0.07317073170731714,0.0,0,-9,-4,1808.474609375
23,0.12195121951219523,0.0,0,-9,-4,1808.474609375
24,0.17073170731707332,0.0,0,-9,-4,1808.474609375
25,0.2195121951219512,0.0,0,-9,-4,1808.474609375
26,0.2682926829268293,0.0,0,-9,-4,1808.474609375
27,0.3170731707317074,0.0,0,-9,-4,1808.474609375
28,0.36585365853658547,0.0,0,-9,-4,1808.474609375
29,0.41463414634146356,0.0,0,-9,-4,1808.474609375
30,0.46341463414634143,0.0,0,-9,-4,1808.474609375
31,0.5121951219512195,0.0,0,-9,-4,1808.474609375
32,0.5609756097560976,0.0,0,-9,-4,1808.474609375
33,0.6097560975609757,0.0,0,-9,-4,1808.474609375
34,0.6585365853658538,0.0,0,-9,-4,1808.474609375
35,0.7073170731707317,0.0,0,-9,-4,1808.474609375
36,0.7560975609756098,0.0,0,-9,-4,1808.474609375
37,0.8048780487804879,0.0,0,-9,-4,1808.474609375
38,0.853658536585366,0.0,0,-9,-4,1808.474609375
39,0.902439024390244,0.0,0,-9,-4,1808.474609375
40,0.9512195121951219,0.0,0,-9,-4,1808.474609375
41,1.0,0.0,0,-9,-4,1808.474609375
0,-1.0,0.0,0,-8,-4,1808.474609375
1,-0.9512195121951219,0.0,0,-8,-4,1808.474609375
2,-0.9024390243902439,0.0,0,-8,-4,1808.474609375
3,-0.8536585365853658,0.0,0,-8,-4,1808.474609375
4,-0.8048780487804879,0.0,0,-8,-4,1808.474609375
5,-0.7560975609756098,0.0,0,-8,-4,1808.474609375
6,-0.7073170731707317,0.0,0,-8,-4,1808.474609375
7,-0.6585365853658536,0.0,0,-8,-4,1808.474609375
8,-0.6097560975609756,0.0,0,-8,-4,1808.474609375
9,-0.5609756097560976,0.0,0,-8,-4,1808.474609375
10,-0.5121951219512195,0.0,0,-8,-4,1808.474609375
11,-0.46341463414634143,0.0,0,-8,-4,1808.474609375
12,-0.41463414634146334,0.0,0,-8,-4,1808.474609375
13,-0.36585365853658536,0.0,0,-8,-4,1808.474609375
14,-0.31707317073170727,0.0,0,-8,-4,1808.474609375
15,-0.2682926829268293,3.992325616763992e-07,0,-8,-4,1808.474609375
16,-0.2195121951219512,5.013345344195841e-06,0,-8,-4,1808.474609375
17,-0.1707317073170731,1.1743306913558627e-06,0,-8,-4,1808.474609375
18,-0.12195121951219512,1.249454726348631e-07,0,-8,-4,1808.474609375
19,-0.07317073170731703,8.375826837436762e-06,0,-8,-4,1808.474609375
20,-0.024390243902439046,3.374517291376833e-06,0,-8,-4,1808.474609375
21,0.024390243902439046,5.864553713763598e-06,0,-8,-4,1808.474609375
22,0.07317073170731714,7.12941391611821e-06,0,-8,-4,1808.474609375
23,0.12195121951219523,1.7943693819688633e-05,0,-8,-4,1808.474609375
24,0.17073170731707332,3.721869143191725e-05,0,-8,-4,1808.474609375
25,0.2195121951219512,4.032520155305974e-05,0,-8,-4,1808.474609375
26,0.2682926829268293,0.00015794516366440803,0,-8,-4,1808.474609375
27,0.3170731707317074,0.0003433478414081037,0,-8,-4,1808.474609375
28,0.36585365853658547,3.8150254113134e-05,0,-8,-4,1808.474609375
29,0.41463414634146356,7.911098691693041e-06,0,-8,-4,1808.474609375
30,0.46341463414634143,6.225851848284947e-06,0,-8,-4,1808.474609375
31,0.5121951219512195,2.7346137358108535e-05,0,-8,-4,1808.474609375
32,0.5609756097560976,7.778878057251859e-07,0,-8,-4,1808.474609375
33,0.6097560975609757,1.133828504862322e-06,0,-8,-4,1808.474609375
34,0.6585365853658538,1.273573980142828e-05,0,-8,-4,1808.474609375
35,0.7073170731707317,2.7987782758032154e-08,0,-8,-4,1808.474609375
36,0.7560975609756098,4.7897415811348765e-08,0,-8,-4,1808.474609375
37,0.8048780487804879,3.0015112315595616e-06,0,-8,-4,1808.474609375
38,0.853658536585366,7.06762421032181e-07,0,-8,-4,1808.474609375
39,0.902439024390244,0.0,0,-8,-4,1808.474609375
40,0.9512195121951219,0.0,0,-8,-4,1808.474609375
41,1.0,0.0,0,-8,-4,1808.474609375
0,-1.0,4.3199142396588286e-07,0,-7,-3,1808.474609375
1,-0.9512195121951219,1.151651872532966e-06,0,-7,-3,1808.474609375
2,-0.9024390243902439,7.05020184454952e-08,0,-7,-3,1808.474609375
3,-0.8536585365853658,3.938547251891578e-06,0,-7,-3,1808.474609375
4,-0.8048780487804879,3.3695102956698975e-06,0,-7,-3,1808.474609375
5,-0.7560975609756098,1.093870423574117e-06,0,-7,-3,1808.474609375
6,-0.7073170731707317,1.3613758653718833e-07,0,-7,-3,1808.474609375
7,-0.6585365853658536,8.230707862821873e-06,0,-7,-3,1808.474609375
8,-0.6097560975609756,1.1571673894650303e-06,0,-7,-3,1808.474609375
9,-0.5609756097560976,4.232570427120663e-05,0,-7,-3,1808.474609375
10,-0.5121951219512195,2.7199459509574808e-05,0,-7,-3,1808.474609375
11,-0.46341463414634143,2.937655517598614e-05,0,-7,-3,1808.474609375
12,-0.41463414634146334,5.922478885622695e-05,0,-7,-3,1808.474609375
13,-0.36585365853658536,0.0020700418390333652,0,-7,-3,1808.474609375
14,-0.31707317073170727,0.0015589093090966344,0,-7,-3,1808.474609375
15,-0.2682926829268293,6.5186336541955825e-06,0,-7,-3,1808.474609375
16,-0.2195121951219512,6.847909617135883e-07,0,-7,-3,1808.474609375
17,-0.1707317073170731,3.2490956982655916e-06,0,-7,-3,1808.474609375
18,-0.12195121951219512,6.765291686861019e-07,0,-7,-3,1808.474609375
19,-0.07317073170731703,6.3151715039566625e-06,0,-7,-3,1808.474609375
20,-0.024390243902439046,0.00010781507444335148,0,-7,-3,1808.474609375
21,0.024390243902439046,4.603648449119646e-06,0,-7,-3,1808.474609375
22,0.07317073170731714,4.260233197328489e-07,0,-7,-3,1808.474609375
23,0.12195121951219523,5.565393166762078e-06,0,-7,-3,1808.474609375
24,0.17073170731707332,3.645792290285499e-08,0,-7,-3,1808.474609375
25,0.2195121951219512,8.244670652857167e-07,0,-7,-3,1808.474609375
26,0.2682926829268293,3.8369537946891796e-07,0,-7,-3,1808.474609375
27,0.3170731707317074,1.3425832321445341e-06,0,-7,-3,1808.474609375
28,0.36585365853658547,0.0,0,-7,-3,1808.474609375
29,0.41463414634146356,0.0,0,-7,-3,1808.474609375
30,0.46341463414634143,0.0,0,-7,-3,1808.474609375
31,0.5121951219512195,0.0,0,-7,-3,1808.474609375
32,0.5609756097560976,0.0,0,-7,-3,1808.474609375
33,0.6097560975609757,0.0,0,-7,-3,1808.474609375
34,0.6585365853658538,0.0,0,-7,-3,1808.474609375
35,0.7073170731707317,0.0,0,-7,-3,1808.474609375
36,0.7560975609756098,0.0,0,-7,-3,1808.474609375
37,0.8048780487804879,0.0,0,-7,-3,1808.474609375
38,0.853658536585366,0.0,0,-7,-3,1808.474609375
39,0.902439024390244,0.0,0,-7,-3,1808.474609375
40,0.9512195121951219,0.0,0,-7,-3,1808.474609375
41,1.0,0.0,0,-7,-3,1808.474609375
0,-1.0,0.0,0,-6,-3,1808.474609375
1,-0.9512195121951219,0.0,0,-6,-3,1808.474609375
2,-0.9024390243902439,0.0,0,-6,-3,1808.474609375
3,-0.8536585365853658,0.0,0,-6,-3,1808.474609375
4,-0.8048780487804879,0.0,0,-6,-3,1808.474609375
5,-0.7560975609756098,0.0,0,-6,-3,1808.474609375
6,-0.7073170731707317,0.0,0,-6,-3,1808.474609375
7,-0.6585365853658536,0.0,0,-6,-3,1808.474609375
8,-0.6097560975609756,0.0,0,-6,-3,1808.474609375
9,-0.5609756097560976,0.0,0,-6,-3,1808.474609375
10,-0.5121951219512195,0.0,0,-6,-3,1808.474609375
11,-0.46341463414634143,0.0,0,-6,-3,1808.474609375
12,-0.41463414634146334,0.0,0,-6,-3,1808.474609375
13,-0.36585365853658536,0.0,0,-6,-3,1808.474609375
14,-0.31707317073170727,0.0,0,-6,-3,1808.474609375
15,-0.2682926829268293,0.0,0,-6,-3,1808.474609375
16,-0.2195121951219512,0.0,0,-6,-3,1808.474609375
17,-0.1707317073170731,0.0,0,-6,-3,1808.474609375
18,-0.12195121951219512,1.1320694284222554e-05,0,-6,-3,1808.474609375
19,-0.07317073170731703,2.3662780222366564e-05,0,-6,-3,1808.474609375
20,-0.024390243902439046,1.539491131552495e-05,0,-6,-3,1808.474609375
21,0.024390243902439046,8.89197599462932e-06,0,-6,-3,1808.474609375
22,0.07317073170731714,9.621093113310053e-07,0,-6,-3,1808.474609375
23,0.12195121951219523,2.0558132746373303e-05,0,-6,-3,1808.474609375
24,0.17073170731707332,3.9145746995927766e-05,0,-6,-3,1808.474609375
25,0.2195121951219512,7.563748567918083e-06,0,-6,-3,1808.474609375
26,0.2682926829268293,3.908780126948841e-05,0,-6,-3,1808.474609375
27,0.3170731707317074,1.4526710401696619e-05,0,-6,-3,1808.474609375
28,0.36585365853658547,5.1995441026519984e-05,0,-6,-3,1808.474609375
29,0.41463414634146356,0.0001629967737244442,0,-6,-3,1808.474609375
30,0.46341463414634143,0.00011924021964659914,0,-6,-3,1808.474609375
31,0.5121951219512195,2.7130461148772156e-06,0,-6,-3,1808.474609375
32,0.5609756097560976,7.489269046345726e-05,0,-6,-3,1808.474609375
33,0.6097560975609757,0.002059150952845812,0,-6,-3,1808.474609375
34,0.6585365853658538,0.11630319058895111,0,-6,-3,1808.474609375
35,0.7073170731707317,0.000608901958912611,0,-6,-3,1808.474609375
36,0.7560975609756098,6.351967749651521e-05,0,-6,-3,1808.474609375
37,0.8048780487804879,0.0006011516670696437,0,-6,-3,1808.474609375
38,0.853658536585366,0.00032403317163698375,0,-6,-3,1808.474609375
39,0.902439024390244,0.0001361032045679167,0,-6,-3,1808.474609375
40,0.9512195121951219,1.636421620787587e-05,0,-6,-3,1808.474609375
41,1.0,6.493040564237162e-05,0,-6,-3,1808.474609375
0,-1.0,9.884651262836996e-06,0,-5,-2,1808.474609375
1,-0.9512195121951219,3.083008095927653e-06,0,-5,-2,1808.474609375
2,-0.9024390243902439,4.428488011853915e-07,0,-5,-2,1808.474609375
3,-0.8536585365853658,1.2923164831590839e-06,0,-5,-2,1808.474609375
4,-0.8048780487804879,4.0299040847457945e-05,0,-5,-2,1808.474609375
5,-0.7560975609756098,2.2262236598180607e-05,0,-5,-2,1808.474609375
6,-0.7073170731707317,6.042116365279071e-05,0,-5,-2,1808.474609375
7,-0.6585365853658536,3.389815901755355e-05,0,-5,-2,1808.474609375
8,-0.6097560975609756,8.05930103524588e-05,0,-5,-2,1808.474609375
9,-0.5609756097560976,4.724310201709159e-05,0,-5,-2,1808.474609375
10,-0.5121951219512195,0.00010201454279012978,0,-5,-2,1808.474609375
11,-0.46341463414634143,6.171229324536398e-05,0,-5,-2,1808.474609375
12,-0.41463414634146334,0.00045992544619366527,0,-5,-2,1808.474609375
13,-0.36585365853658536,0.008025250397622585,0,-5,-2,1808.474609375
14,-0.31707317073170727,0.014018360525369644,0,-5,-2,1808.474609375
15,-0.2682926829268293,0.00016674147627782077,0,-5,-2,1808.474609375
16,-0.2195121951219512,8.453894406557083e-05,0,-5,-2,1808.474609375
17,-0.1707317073170731,3.2152387575479224e-05,0,-5,-2,1808.474609375
18,-0.12195121951219512,4.109382280148566e-05,0,-5,-2,1808.474609375
19,-0.07317073170731703,3.741804448509356e-06,0,-5,-2,1808.474609375
20,-0.024390243902439046,1.0588527402433101e-05,0,-5,-2,1808.474609375
21,0.024390243902439046,3.3961282497330103e-06,0,-5,-2,1808.474609375
22,0.07317073170731714,9.531282557873055e-06,0,-5,-2,1808.474609375
23,0.12195121951219523,1.6438598322565667e-05,0,-5,-2,1808.474609375
24,0.17073170731707332,2.227317054348532e-05,0,-5,-2,1808.474609375
25,0.2195121951219512,6.049116109352326e-06,0,-5,-2,1808.474609375
26,0.2682926829268293,6.067374852136709e-05,0,-5,-2,1808.474609375
27,0.3170731707317074,8.126319880830124e-05,0,-5,-2,1808.474609375
28,0.36585365853658547,7.90865087765269e-05,0,-5,-2,1808.474609375
29,0.41463414634146356,1.8662219645193545e-06,0,-5,-2,1808.474609375
30,0.46341463414634143,2.2895367237651953e-06,0,-5,-2,1808.474609375
31,0.5121951219512195,1.7117801689892076e-05,0,-5,-2,1808.474609375
32,0.5609756097560976,2.042985514094653e-08,0,-5,-2,1808.474609375
33,0.6097560975609757,3.958959496230818e-06,0,-5,-2,1808.474609375
34,0.6585365853658538,0.0,0,-5,-2,1808.474609375
35,0.7073170731707317,0.0,0,-5,-2,1808.474609375
36,0.7560975609756098,0.0,0,-5,-2,1808.474609375
37,0.8048780487804879,0.0,0,-5,-2,1808.474609375
38,0.853658536585366,0.0,0,-5,-2,1808.474609375
39,0.902439024390244,0.0,0,-5,-2,1808.474609375
40,0.9512195121951219,0.0,0,-5,-2,1808.474609375
41,1.0,0.0,0,-5,-2,1808.474609375
0,-1.0,0.025351736694574356,0,-3,-1,1808.474609375
1,-0.9512195121951219,0.03206644207239151,0,-3,-1,1808.474609375
2,-0.9024390243902439,0.010799432173371315,0,-3,-1,1808.474609375
3,-0.8536585365853658,0.12169235944747925,0,-3,-1,1808.474609375
4,-0.8048780487804879,0.3723011910915375,0,-3,-1,1808.474609375
5,-0.7560975609756098,0.17426984012126923,0,-3,-1,1808.474609375
6,-0.7073170731707317,0.04759032651782036,0,-3,-1,1808.474609375
7,-0.6585365853658536,0.022122185677289963,0,-3,-1,1808.474609375
8,-0.6097560975609756,0.016303442418575287,0,-3,-1,1808.474609375
9,-0.5609756097560976,0.014043733477592468,0,-3,-1,1808.474609375
10,-0.5121951219512195,0.006176406517624855,0,-3,-1,1808.474609375
11,-0.46341463414634143,0.00511083984747529,0,-3,-1,1808.474609375
12,-0.41463414634146334,0.0006499818409793079,0,-3,-1,1808.474609375
13,-0.36585365853658536,0.0004110437002964318,0,-3,-1,1808.474609375
14,-0.31707317073170727,0.0011183059541508555,0,-3,-1,1808.474609375
15,-0.2682926829268293,0.0018946317723020911,0,-3,-1,1808.474609375
16,-0.2195121951219512,0.002356130862608552,0,-3,-1,1808.474609375
17,-0.1707317073170731,0.0018961813766509295,0,-3,-1,1808.474609375
18,-0.12195121951219512,9.078485891222954e-05,0,-3,-1,1808.474609375
19,-0.07317073170731703,0.0006142125930637121,0,-3,-1,1808.474609375
20,-0.024390243902439046,0.0013663813006132841,0,-3,-1,1808.474609375
21,0.024390243902439046,0.0011823753593489528,0,-3,-1,1808.474609375
22,0.07317073170731714,0.0005099843256175518,0,-3,-1,1808.474609375
23,0.12195121951219523,0.00016850419342517853,0,-3,-1,1808.474609375
24,0.17073170731707332,2.370177071497892e-06,0,-3,-1,1808.474609375
25,0.2195121951219512,0.0004782667674589902,0,-3,-1,1808.474609375
26,0.2682926829268293,8.613312820671126e-05,0,-3,-1,1808.474609375
27,0.3170731707317074,0.00016103667439892888,0,-3,-1,1808.474609375
28,0.36585365853658547,0.000147567261592485,0,-3,-1,1808.474609375
29,0.41463414634146356,0.00040021733730100095,0,-3,-1,1808.474609375
30,0.46341463414634143,0.00044541279203258455,0,-3,-1,1808.474609375
31,0.5121951219512195,0.0005454118363559246,0,-3,-1,1808.474609375
32,0.5609756097560976,0.00022892237757332623,0,-3,-1,1808.474609375
33,0.6097560975609757,8.707517554285005e-05,0,-3,-1,1808.474609375
34,0.6585365853658538,6.108729576226324e-05,0,-3,-1,1808.474609375
35,0.7073170731707317,2.8782401386706624e-06,0,-3,-1,1808.474609375
36,0.7560975609756098,8.483368219458498e-06,0,-3,-1,1808.474609375
37,0.8048780487804879,9.536949073662981e-05,0,-3,-1,1808.474609375
38,0.853658536585366,0.0,0,-3,-1,1808.474609375
39,0.902439024390244,0.0,0,-3,-1,1808.474609375
40,0.9512195121951219,0.0,0,-3,-1,1808.474609375
41,1.0,0.0,0,-3,-1,1808.474609375
0,-1.0,0.00017402057710569352,0,3,1,1808.474609375
1,-0.9512195121951219,0.0004284593160264194,0,3,1,1808.474609375
2,-0.9024390243902439,0.000843374989926815,0,3,1,1808.474609375
3,-0.8536585365853658,0.0008710771799087524,0,3,1,1808.474609375
4,-0.8048780487804879,4.307650669943541e-05,0,3,1,1808.474609375
5,-0.7560975609756098,0.0008276446023955941,0,3,1,1808.474609375
6,-0.7073170731707317,0.0007215834921225905,0,3,1,1808.474609375
7,-0.6585365853658536,0.0006399447447620332,0,3,1,1808.474609375
8,-0.6097560975609756,5.5274100304814056e-05,0,3,1,1808.474609375
9,-0.5609756097560976,1.9505650925566442e-05,0,3,1,1808.474609375
10,-0.5121951219512195,0.0005223799962550402,0,3,1,1808.474609375
11,-0.46341463414634143,0.0019262696150690317,0,3,1,1808.474609375
12,-0.41463414634146334,0.00032045377884060144,0,3,1,1808.474609375
13,-0.36585365853658536,0.00019238457025494426,0,3,1,1808.474609375
14,-0.31707317073170727,0.001659700064919889,0,3,1,1808.474609375
15,-0.2682926829268293,0.0030064727179706097,0,3,1,1808.474609375
16,-0.2195121951219512,0.004032067488878965,0,3,1,1808.474609375
17,-0.1707317073170731,0.005179313011467457,0,3,1,1808.474609375
18,-0.12195121951219512,0.00618478748947382,0,3,1,1808.474609375
19,-0.07317073170731703,0.00014353965525515378,0,3,1,1808.474609375
20,-0.024390243902439046,0.0005809870781376958,0,3,1,1808.474609375
21,0.024390243902439046,0.0008355518220923841,0,3,1,1808.474609375
22,0.07317073170731714,0.005316429305821657,0,3,1,1808.474609375
23,0.12195121951219523,0.022849900647997856,0,3,1,1808.474609375
24,0.17073170731707332,0.06757064908742905,0,3,1,1808.474609375
25,0.2195121951219512,0.012048428878188133,0,3,1,1808.474609375
26,0.2682926829268293,0.007393873296678066,0,3,1,1808.474609375
27,0.3170731707317074,0.01105243805795908,0,3,1,1808.474609375
28,0.36585365853658547,0.0014852321473881602,0,3,1,1808.474609375
29,0.41463414634146356,2.1709738575736992e-05,0,3,1,1808.474609375
30,0.46341463414634143,0.0015585124492645264,0,3,1,1808.474609375
31,0.5121951219512195,0.002620918909087777,0,3,1,1808.474609375
32,0.5609756097560976,0.003660037647932768,0,3,1,1808.474609375
33,0.6097560975609757,0.0037283264100551605,0,3,1,1808.474609375
34,0.6585365853658538,0.003470910945907235,0,3,1,1808.474609375
35,0.7073170731707317,0.001067733857780695,0,3,1,1808.474609375
36,0.7560975609756098,0.0032599051482975483,0,3,1,1808.474609375
37,0.8048780487804879,0.0005924604483880103,0,3,1,1808.474609375
38,0.853658536585366,0.002120091114193201,0,3,1,1808.474609375
39,0.902439024390244,0.0009042607853189111,0,3,1,1808.474609375
40,0.9512195121951219,0.0002065435255644843,0,3,1,1808.474609375
41,1.0,0.00013438580208458006,0,3,1,1808.474609375
0,-1.0,0.0001121114328270778,0,4,1,1808.474609375
1,-0.9512195121951219,2.7875967134605162e-05,0,4,1,1808.474609375
2,-0.9024390243902439,0.00010719812416937202,0,4,1,1808.474609375
3,-0.8536585365853658,0.00014563245349563658,0,4,1,1808.474609375
4,-0.8048780487804879,0.0009572234121151268,0,4,1,1808.474609375
5,-0.7560975609756098,0.0030859855469316244,0,4,1,1808.474609375
6,-0.7073170731707317,0.006253667641431093,0,4,1,1808.474609375
7,-0.6585365853658536,0.0947851836681366,0,4,1,1808.474609375
8,-0.6097560975609756,0.03167128190398216,0,4,1,1808.474609375
9,-0.5609756097560976,0.002006777562201023,0,4,1,1808.474609375
10,-0.5121951219512195,0.00025253123021684587,0,4,1,1808.474609375
11,-0.46341463414634143,0.00013612658949568868,0,4,1,1808.474609375
12,-0.41463414634146334,0.000442362274043262,0,4,1,1808.474609375
13,-0.36585365853658536,0.0003010208602063358,0,4,1,1808.474609375
14,-0.31707317073170727,1.882488140836358e-05,0,4,1,1808.474609375
15,-0.2682926829268293,7.345178892137483e-05,0,4,1,1808.474609375
16,-0.2195121951219512,7.569439185317606e-05,0,4,1,1808.474609375
17,-0.1707317073170731,4.733809362278407e-07,0,4,1,1808.474609375
18,-0.12195121951219512,0.00022577751951757818,0,4,1,1808.474609375
19,-0.07317073170731703,5.515934753930196e-05,0,4,1,1808.474609375
20,-0.024390243902439046,1.3643406418850645e-05,0,4,1,1808.474609375
21,0.024390243902439046,8.572016668040305e-06,0,4,1,1808.474609375
22,0.07317073170731714,1.1069071661040653e-05,0,4,1,1808.474609375
23,0.12195121951219523,7.865704901632853e-06,0,4,1,1808.474609375
24,0.17073170731707332,8.35181272123009e-05,0,4,1,1808.474609375
25,0.2195121951219512,5.016710247218725e-08,0,4,1,1808.474609375
26,0.2682926829268293,1.8918320847660652e-06,0,4,1,1808.474609375
27,0.3170731707317074,5.1313918447704054e-06,0,4,1,1808.474609375
28,0.36585365853658547,1.9945987332903314e-06,0,4,1,1808.474609375
29,0.41463414634146356,5.079692982690176e-06,0,4,1,1808.474609375
30,0.46341463414634143,2.2021479253453435e-06,0,4,1,1808.474609375
31,0.5121951219512195,1.923115451063495e-05,0,4,1,1808.474609375
32,0.5609756097560976,4.16927605328965e-06,0,4,1,1808.474609375
33,0.6097560975609757,0.0,0,4,1,1808.474609375
34,0.6585365853658538,0.0,0,4,1,1808.474609375
35,0.7073170731707317,0.0,0,4,1,1808.474609375
36,0.7560975609756098,0.0,0,4,1,1808.474609375
37,0.8048780487804879,0.0,0,4,1,1808.474609375
38,0.853658536585366,0.0,0,4,1,1808.474609375
39,0.902439024390244,0.0,0,4,1,1808.474609375
40,0.9512195121951219,0.0,0,4,1,1808.474609375
41,1.0,0.0,0,4,1,1808.474609375
0,-1.0,0.0,0,6,2,1808.474609375
1,-0.9512195121951219,0.0,0,6,2,1808.474609375
2,-0.9024390243902439,0.0,0,6,2,1808.474609375
3,-0.8536585365853658,0.0,0,6,2,1808.474609375
4,-0.8048780487804879,0.0,0,6,2,1808.474609375
5,-0.7560975609756098,0.0,0,6,2,1808.474609375
6,-0.7073170731707317,0.0,0,6,2,1808.474609375
7,-0.6585365853658536,0.0,0,6,2,1808.474609375
8,-0.6097560975609756,0.0,0,6,2,1808.474609375
9,-0.5609756097560976,0.0,0,6,2,1808.474609375
10,-0.5121951219512195,0.0,0,6,2,1808.474609375
11,-0.46341463414634143,0.0,0,6,2,1808.474609375
12,-0.41463414634146334,0.0,0,6,2,1808.474609375
13,-0.36585365853658536,0.0,0,6,2,1808.474609375
14,-0.31707317073170727,0.0,0,6,2,1808.474609375
15,-0.2682926829268293,0.0,0,6,2,1808.474609375
16,-0.2195121951219512,0.0,0,6,2,1808.474609375
17,-0.1707317073170731,0.0,0,6,2,1808.474609375
18,-0.12195121951219512,0.0,0,6,2,1808.474609375
19,-0.07317073170731703,0.0,0,6,2,1808.474609375
20,-0.024390243902439046,7.338095997511118e-08,0,6,2,1808.474609375
21,0.024390243902439046,3.170908485117252e-06,0,6,2,1808.474609375
22,0.07317073170731714,6.524795139739581e-07,0,6,2,1808.474609375
23,0.12195121951219523,8.735844858165365e-06,0,6,2,1808.474609375
24,0.17073170731707332,2.195237175328657e-05,0,6,2,1808.474609375
25,0.2195121951219512,1.1630482731561642e-05,0,6,2,1808.474609375
26,0.2682926829268293,4.808073299500393e-06,0,6,2,1808.474609375
27,0.3170731707317074,2.1677560653188266e-05,0,6,2,1808.474609375
28,0.36585365853658547,3.427642695896793e-06,0,6,2,1808.474609375
29,0.41463414634146356,2.9447830911522033e-06,0,6,2,1808.474609375
30,0.46341463414634143,9.408111054654e-07,0,6,2,1808.474609375
31,0.5121951219512195,6.095622666180134e-06,0,6,2,1808.474609375
32,0.5609756097560976,4.626428562914953e-06,0,6,2,1808.474609375
33,0.6097560975609757,4.64428421764751e-06,0,6,2,1808.474609375
34,0.6585365853658538,3.48072535416577e-06,0,6,2,1808.474609375
35,0.7073170731707317,3.372232094989158e-05,0,6,2,1808.474609375
36,0.7560975609756098,0.0016533893067389727,0,6,2,1808.474609375
37,0.8048780487804879,6.32264418527484e-05,0,6,2,1808.474609375
38,0.853658536585366,3.951615326514002e-06,0,6,2,1808.474609375
39,0.902439024390244,5.016678414904163e-07,0,6,2,1808.474609375
40,0.9512195121951219,1.7365290432280744e-06,0,6,2,1808.474609375
41,1.0,2.0396489617269253e-06,0,6,2,1808.474609375
0,-1.0,0.0,0,7,2,1808.474609375
1,-0.9512195121951219,0.0,0,7,2,1808.474609375
2,-0.9024390243902439,0.0,0,7,2,1808.474609375
3,-0.8536585365853658,0.0,0,7,2,1808.474609375
4,-0.8048780487804879,0.0,0,7,2,1808.474609375
5,-0.7560975609756098,0.0,0,7,2,1808.474609375
6,-0.7073170731707317,0.0,0,7,2,1808.474609375
7,-0.6585365853658536,0.0,0,7,2,1808.474609375
8,-0.6097560975609756,0.0,0,7,2,1808.474609375
9,-0.5609756097560976,0.0,0,7,2,1808.474609375
10,-0.5121951219512195,0.0,0,7,2,1808.474609375
11,-0.46341463414634143,0.0,0,7,2,1808.474609375
12,-0.41463414634146334,0.0,0,7,2,1808.474609375
13,-0.36585365853658536,3.816011826529575e-07,0,7,2,1808.474609375
14,-0.31707317073170727,5.7491057248171273e-08,0,7,2,1808.474609375
15,-0.2682926829268293,1.0591764976197737e-07,0,7,2,1808.474609375
16,-0.2195121951219512,6.078156502553611e-07,0,7,2,1808.474609375
17,-0.1707317073170731,4.798051804755232e-07,0,7,2,1808.474609375
18,-0.12195121951219512,1.2203161077195546e-06,0,7,2,1808.474609375
19,-0.07317073170731703,1.2472263222207403e-07,0,7,2,1808.474609375
20,-0.024390243902439046,4.801396698894678e-06,0,7,2,1808.474609375
21,0.024390243902439046,2.8301283236942254e-06,0,7,2,1808.474609375
22,0.07317073170731714,1.381265974487178e-05,0,7,2,1808.474609375
23,0.12195121951219523,2.574601012383937e-06,0,7,2,1808.474609375
24,0.17073170731707332,1.1391486623324454e-05,0,7,2,1808.474609375
25,0.2195121951219512,2.8057751478627324e-05,0,7,2,1808.474609375
26,0.2682926829268293,9.884413884719834e-05,0,7,2,1808.474609375
27,0.3170731707317074,0.011067897081375122,0,7,2,1808.474609375
28,0.36585365853658547,0.0018066262127831578,0,7,2,1808.474609375
29,0.41463414634146356,2.5654999262769707e-05,0,7,2,1808.474609375
30,0.46341463414634143,1.0973622920573689e-05,0,7,2,1808.474609375
31,0.5121951219512195,0.00010000114707509056,0,7,2,1808.474609375
32,0.5609756097560976,1.351681294181617e-05,0,7,2,1808.474609375
33,0.6097560975609757,6.22033394392929e-06,0,7,2,1808.474609375
34,0.6585365853658538,1.1234561725359526e-06,0,7,2,1808.474609375
35,0.7073170731707317,2.5138351702480577e-06,0,7,2,1808.474609375
36,0.7560975609756098,2.8332542001408e-07,0,7,2,1808.474609375
37,0.8048780487804879,3.9377056282319245e-07,0,7,2,1808.474609375
38,0.853658536585366,6.72531882628391e-07,0,7,2,1808.474609375
39,0.902439024390244,1.3593130177014245e-07,0,7,2,1808.474609375
40,0.9512195121951219,4.190762297184847e-07,0,7,2,1808.474609375
41,1.0,3.085624484810978e-07,0,7,2,1808.474609375
0,-1.0,0.0,0,8,2,1808.474609375
1,-0.9512195121951219,0.0,0,8,2,1808.474609375
2,-0.9024390243902439,0.0,0,8,2,1808.474609375
3,-0.8536585365853658,0.0,0,8,2,1808.474609375
4,-0.8048780487804879,0.0,0,8,2,1808.474609375
5,-0.7560975609756098,0.0,0,8,2,1808.474609375
6,-0.7073170731707317,0.0,0,8,2,1808.474609375
7,-0.6585365853658536,0.0,0,8,2,1808.474609375
8,-0.6097560975609756,0.0,0,8,2,1808.474609375
9,-0.5609756097560976,1.873556954024025e-08,0,8,2,1808.474609375
10,-0.5121951219512195,8.525530148517646e-08,0,8,2,1808.474609375
11,-0.46341463414634143,2.152383018483306e-07,0,8,2,1808.474609375
12,-0.41463414634146334,1.768341348906688e-07,0,8,2,1808.474609375
13,-0.36585365853658536,5.395317543843703e-07,0,8,2,1808.474609375
14,-0.31707317073170727,8.645369575788209e-07,0,8,2,1808.474609375
15,-0.2682926829268293,2.8069902668903524e-07,0,8,2,1808.474609375
16,-0.2195121951219512,5.295831684293262e-08,0,8,2,1808.474609375
17,-0.1707317073170731,5.6963099268614314e-06,0,8,2,1808.474609375
18,-0.12195121951219512,3.349559392518131e-06,0,8,2,1808.474609375
19,-0.07317073170731703,3.943433739550528e-07,0,8,2,1808.474609375
20,-0.024390243902439046,0.00020251626847311854,0,8,2,1808.474609375
21,0.024390243902439046,0.002973122987896204,0,8,2,1808.474609375
22,0.07317073170731714,6.091585964895785e-05,0,8,2,1808.474609375
23,0.12195121951219523,7.558511697425274e-06,0,8,2,1808.474609375
24,0.17073170731707332,8.967263966042083e-06,0,8,2,1808.474609375
25,0.2195121951219512,9.069793094340639e-08,0,8,2,1808.474609375
26,0.2682926829268293,8.912849693842873e-07,0,8,2,1808.474609375
27,0.3170731707317074,4.051876203448046e-06,0,8,2,1808.474609375
28,0.36585365853658547,1.7724310055200476e-06,0,8,2,1808.474609375
29,0.41463414634146356,2.372501768377333e-07,0,8,2,1808.474609375
30,0.46341463414634143,5.970785821318714e-08,0,8,2,1808.474609375
31,0.5121951219512195,5.292244864563145e-08,0,8,2,1808.474609375
32,0.5609756097560976,3.3423995660086803e-07,0,8,2,1808.474609375
33,0.6097560975609757,9.378633762935351e-07,0,8,2,1808.474609375
34,0.6585365853658538,0.0,0,8,2,1808.474609375
35,0.7073170731707317,0.0,0,8,2,1808.474609375
36,0.7560975609756098,0.0,0,8,2,1808.474609375
37,0.8048780487804879,0.0,0,8,2,1808.474609375
38,0.853658536585366,0.0,0,8,2,1808.474609375
39,0.902439024390244,0.0,0,8,2,1808.474609375
40,0.9512195121951219,0.0,0,8,2,1808.474609375
41,1.0,0.0,0,8,2,1808.474609375
0,-1.0,0.0,0,9,2,1808.474609375
1,-0.9512195121951219,0.0,0,9,2,1808.474609375
2,-0.9024390243902439,0.0,0,9,2,1808.474609375
3,-0.8536585365853658,0.0,0,9,2,1808.474609375
4,-0.8048780487804879,0.0,0,9,2,1808.474609375
5,-0.7560975609756098,0.0,0,9,2,1808.474609375
6,-0.7073170731707317,0.0,0,9,2,1808.474609375
7,-0.6585365853658536,6.665258638349769e-07,0,9,2,1808.474609375
8,-0.6097560975609756,3.6244316561351297e-06,0,9,2,1808.474609375
9,-0.5609756097560976,2.690038627406466e-07,0,9,2,1808.474609375
10,-0.5121951219512195,4.567887685880123e-07,0,9,2,1808.474609375
11,-0.46341463414634143,3.786251454584999e-07,0,9,2,1808.474609375
12,-0.41463414634146334,7.223160878311319e-07,0,9,2,1808.474609375
13,-0.36585365853658536,2.385545667493716e-05,0,9,2,1808.474609375
14,-0.31707317073170727,8.181106750271283e-06,0,9,2,1808.474609375
15,-0.2682926829268293,1.7919797983267927e-06,0,9,2,1808.474609375
16,-0.2195121951219512,1.5064747458382044e-05,0,9,2,1808.474609375
17,-0.1707317073170731,0.0028392260428518057,0,9,2,1808.474609375
18,-0.12195121951219512,8.86959460331127e-05,0,9,2,1808.474609375
19,-0.07317073170731703,2.2242602426558733e-06,0,9,2,1808.474609375
20,-0.024390243902439046,2.6074792458530283e-06,0,9,2,1808.474609375
21,0.024390243902439046,5.843038252351107e-06,0,9,2,1808.474609375
22,0.07317073170731714,4.819361265617772e-08,0,9,2,1808.474609375
23,0.12195121951219523,1.3503058937658352e-07,0,9,2,1808.474609375
24,0.17073170731707332,5.522966262105911e-07,0,9,2,1808.474609375
25,0.2195121951219512,2.3504472324020753e-07,0,9,2,1808.474609375
26,0.2682926829268293,8.8853164825764e-09,0,9,2,1808.474609375
27,0.3170731707317074,9.736459105624817e-07,0,9,2,1808.474609375
28,0.36585365853658547,2.714967422434711e-06,0,9,2,1808.474609375
29,0.41463414634146356,0.0,0,9,2,1808.474609375
30,0.46341463414634143,0.0,0,9,2,1808.474609375
31,0.5121951219512195,0.0,0,9,2,1808.474609375
32,0.5609756097560976,0.0,0,9,2,1808.474609375
33,0.6097560975609757,0.0,0,9,2,1808.474609375
34,0.6585365853658538,0.0,0,9,2,1808.474609375
35,0.7073170731707317,0.0,0,9,2,1808.474609375
36,0.7560975609756098,0.0,0,9,2,1808.474609375
37,0.8048780487804879,0.0,0,9,2,1808.474609375
38,0.853658536585366,0.0,0,9,2,1808.474609375
39,0.902439024390244,0.0,0,9,2,1808.474609375
40,0.9512195121951219,0.0,0,9,2,1808.474609375
41,1.0,0.0,0,9,2,1808.474609375
0,-1.0,0.0,1,-8,-8,1808.474609375
1,-0.9512195121951219,0.0,1,-8,-8,1808.474609375
2,-0.9024390243902439,0.0,1,-8,-8,1808.474609375
3,-0.8536585365853658,0.0,1,-8,-8,1808.474609375
4,-0.8048780487804879,0.0,1,-8,-8,1808.474609375
5,-0.7560975609756098,0.0,1,-8,-8,1808.474609375
6,-0.7073170731707317,0.0,1,-8,-8,1808.474609375
7,-0.6585365853658536,0.0,1,-8,-8,1808.474609375
8,-0.6097560975609756,0.0,1,-8,-8,1808.474609375
9,-0.5609756097560976,0.0,1,-8,-8,1808.474609375
10,-0.5121951219512195,0.0,1,-8,-8,1808.474609375
11,-0.46341463414634143,0.0,1,-8,-8,1808.474609375
12,-0.41463414634146334,0.0,1,-8,-8,1808.474609375
13,-0.36585365853658536,0.0,1,-8,-8,1808.474609375
14,-0.31707317073170727,0.0,1,-8,-8,1808.474609375
15,-0.2682926829268293,0.0,1,-8,-8,1808.474609375
16,-0.2195121951219512,0.0,1,-8,-8,1808.474609375
17,-0.1707317073170731,0.0,1,-8,-8,1808.474609375
18,-0.12195121951219512,0.0,1,-8,-8,1808.474609375
19,-0.07317073170731703,0.0,1,-8,-8,1808.474609375
20,-0.024390243902439046,1.6435848237961181e-07,1,-8,-8,1808.474609375
21,0.024390243902439046,1.7692251503831358e-06,1,-8,-8,1808.474609375
22,0.07317073170731714,9.011527026814292e-07,1,-8,-8,1808.474609375
23,0.12195121951219523,7.099893082340714e-07,1,-8,-8,1808.474609375
24,0.17073170731707332,3.0283334240266413e-07,1,-8,-8,1808.474609375
25,0.2195121951219512,5.6782823776302394e-08,1,-8,-8,1808.474609375
26,0.2682926829268293,9.490509000897873e-06,1,-8,-8,1808.474609375
27,0.3170731707317074,2.858275365724694e-06,1,-8,-8,1808.474609375
28,0.36585365853658547,6.11471136835462e-07,1,-8,-8,1808.474609375
29,0.41463414634146356,1.1730967344192322e-06,1,-8,-8,1808.474609375
30,0.46341463414634143,1.2972543572686845e-06,1,-8,-8,1808.474609375
31,0.5121951219512195,7.206062946352176e-06,1,-8,-8,1808.474609375
32,0.5609756097560976,0.0003564873186405748,1,-8,-8,1808.474609375
33,0.6097560975609757,5.244897329248488e-05,1,-8,-8,1808.474609375
34,0.6585365853658538,7.748455391265452e-05,1,-8,-8,1808.474609375
35,0.7073170731707317,3.5723010114452336e-06,1,-8,-8,1808.474609375
36,0.7560975609756098,2.74785475085082e-06,1,-8,-8,1808.474609375
37,0.8048780487804879,4.1020922481038724e-07,1,-8,-8,1808.474609375
38,0.853658536585366,2.990825294091337e-07,1,-8,-8,1808.474609375
39,0.902439024390244,2.5063133080038824e-07,1,-8,-8,1808.474609375
40,0.9512195121951219,4.103969786228845e-07,1,-8,-8,1808.474609375
41,1.0,1.4858633221592754e-06,1,-8,-8,1808.474609375
0,-1.0,1.6128195738929207e-06,1,-8,-7,1808.474609375
1,-0.9512195121951219,4.860425178776495e-05,1,-8,-7,1808.474609375
2,-0.9024390243902439,7.606568033224903e-06,1,-8,-7,1808.474609375
3,-0.8536585365853658,7.643658318556845e-05,1,-8,-7,1808.474609375
4,-0.8048780487804879,0.0009018377750180662,1,-8,-7,1808.474609375
5,-0.7560975609756098,8.268372766906396e-05,1,-8,-7,1808.474609375
6,-0.7073170731707317,6.449808097386267e-06,1,-8,-7,1808.474609375
7,-0.6585365853658536,2.7967121241090354e-06,1,-8,-7,1808.474609375
8,-0.6097560975609756,1.2143470939918188e-06,1,-8,-7,1808.474609375
9,-0.5609756097560976,7.106099815246125e-07,1,-8,-7,1808.474609375
10,-0.5121951219512195,6.963582421803949e-08,1,-8,-7,1808.474609375
11,-0.46341463414634143,9.179071298603958e-07,1,-8,-7,1808.474609375
12,-0.41463414634146334,6.542618393723387e-07,1,-8,-7,1808.474609375
13,-0.36585365853658536,9.878318678602227e-07,1,-8,-7,1808.474609375
14,-0.31707317073170727,3.0874907679390162e-06,1,-8,-7,1808.474609375
15,-0.2682926829268293,1.5811705225132755e-06,1,-8,-7,1808.474609375
16,-0.2195121951219512,5.768210940004792e-06,1,-8,-7,1808.474609375
17,-0.1707317073170731,0.0,1,-8,-7,1808.474609375
18,-0.12195121951219512,0.0,1,-8,-7,1808.474609375
19,-0.07317073170731703,0.0,1,-8,-7,1808.474609375
20,-0.024390243902439046,0.0,1,-8,-7,1808.474609375
21,0.024390243902439046,0.0,1,-8,-7,1808.474609375
22,0.07317073170731714,0.0,1,-8,-7,1808.474609375
23,0.12195121951219523,0.0,1,-8,-7,1808.474609375
24,0.17073170731707332,0.0,1,-8,-7,1808.474609375
25,0.2195121951219512,0.0,1,-8,-7,1808.474609375
26,0.2682926829268293,0.0,1,-8,-7,1808.474609375
27,0.3170731707317074,0.0,1,-8,-7,1808.474609375
28,0.36585365853658547,0.0,1,-8,-7,1808.474609375
29,0.41463414634146356,0.0,1,-8,-7,1808.474609375
30,0.46341463414634143,0.0,1,-8,-7,1808.474609375
31,0.5121951219512195,0.0,1,-8,-7,1808.474609375
32,0.5609756097560976,0.0,1,-8,-7,1808.474609375
33,0.6097560975609757,0.0,1,-8,-7,1808.474609375
34,0.6585365853658538,0.0,1,-8,-7,1808.474609375
35,0.7073170731707317,0.0,1,-8,-7,1808.474609375
36,0.7560975609756098,0.0,1,-8,-7,1808.474609375
37,0.8048780487804879,0.0,1,-8,-7,1808.474609375
38,0.853658536585366,0.0,1,-8,-7,1808.474609375
39,0.902439024390244,0.0,1,-8,-7,1808.474609375
40,0.9512195121951219,0.0,1,-8,-7,1808.474609375
41,1.0,0.0,1,-8,-7,1808.474609375
0,-1.0,0.0,1,-7,-7,1808.474609375
1,-0.9512195121951219,0.0,1,-7,-7,1808.474609375
2,-0.9024390243902439,0.0,1,-7,-7,1808.474609375
3,-0.8536585365853658,0.0,1,-7,-7,1808.474609375
4,-0.8048780487804879,0.0,1,-7,-7,1808.474609375
5,-0.7560975609756098,0.0,1,-7,-7,1808.474609375
6,-0.7073170731707317,0.0,1,-7,-7,1808.474609375
7,-0.6585365853658536,1.2264764563951758e-06,1,-7,-7,1808.474609375
8,-0.6097560975609756,1.5195367950582295e-06,1,-7,-7,1808.474609375
9,-0.5609756097560976,1.2388536418939111e-08,1,-7,-7,1808.474609375
10,-0.5121951219512195,4.04065394832287e-06,1,-7,-7,1808.474609375
11,-0.46341463414634143,6.864226179459365e-06,1,-7,-7,1808.474609375
12,-0.41463414634146334,1.06381839941605e-05,1,-7,-7,1808.474609375
13,-0.36585365853658536,1.7645431853452465e-06,1,-7,-7,1808.474609375
14,-0.31707317073170727,2.3569245968246832e-06,1,-7,-7,1808.474609375
15,-0.2682926829268293,1.366101969324518e-05,1,-7,-7,1808.474609375
16,-0.2195121951219512,1.2709946531686e-05,1,-7,-7,1808.474609375
17,-0.1707317073170731,3.5372693218960194e-06,1,-7,-7,1808.474609375
18,-0.12195121951219512,1.4379131243913434e-05,1,-7,-7,1808.474609375
19,-0.07317073170731703,5.09983010488213e-07,1,-7,-7,1808.474609375
20,-0.024390243902439046,4.14923342759721e-05,1,-7,-7,1808.474609375
21,0.024390243902439046,6.614450103370473e-05,1,-7,-7,1808.474609375
22,0.07317073170731714,0.000719983596354723,1,-7,-7,1808.474609375
23,0.12195121951219523,0.0001613521744729951,1,-7,-7,1808.474609375
24,0.17073170731707332,8.51919685374014e-06,1,-7,-7,1808.474609375
25,0.2195121951219512,1.3543645991376252e-06,1,-7,-7,1808.474609375
26,0.2682926829268293,1.5022549177956535e-06,1,-7,-7,1808.474609375
27,0.3170731707317074,8.225143574236427e-06,1,-7,-7,1808.474609375
28,0.36585365853658547,1.4616067574024783e-06,1,-7,-7,1808.474609375
29,0.41463414634146356,1.1259880139391498e-08,1,-7,-7,1808.474609375
30,0.46341463414634143,9.495851571728053e-08,1,-7,-7,1808.474609375
31,0.5121951219512195,1.1699801234499319e-06,1,-7,-7,1808.474609375
32,0.5609756097560976,4.5580287633129046e-07,1,-7,-7,1808.474609375
33,0.6097560975609757,1.4839978348391014e-06,1,-7,-7,1808.474609375
34,0.6585365853658538,1.4491442016151268e-05,1,-7,-7,1808.474609375
35,0.7073170731707317,5.2286809477664065e-06,1,-7,-7,1808.474609375
36,0.7560975609756098,0.0,1,-7,-7,1808.474609375
37,0.8048780487804879,0.0,1,-7,-7,1808.474609375
38,0.853658536585366,0.0,1,-7,-7,1808.474609375
39,0.902439024390244,0.0,1,-7,-7,1808.474609375
40,0.9512195121951219,0.0,1,-7,-7,1808.474609375
41,1.0,0.0,1,-7,-7,1808.474609375
0,-1.0,5.304867954691872e-06,1,-6,-6,1808.474609375
1,-0.9512195121951219,7.693609404668678e-06,1,-6,-6,1808.474609375
2,-0.9024390243902439,0.00034513973514549434,1,-6,-6,1808.474609375
3,-0.8536585365853658,0.0006893206154927611,1,-6,-6,1808.474609375
4,-0.8048780487804879,0.0008760308846831322,1,-6,-6,1808.474609375
5,-0.7560975609756098,0.02143806219100952,1,-6,-6,1808.474609375
6,-0.7073170731707317,0.002070984337478876,1,-6,-6,1808.474609375
7,-0.6585365853658536,6.610397394979373e-05,1,-6,-6,1808.474609375
8,-0.6097560975609756,3.644120442913845e-05,1,-6,-6,1808.474609375
9,-0.5609756097560976,5.3542491514235735e-05,1,-6,-6,1808.474609375
10,-0.5121951219512195,1.9142564269714057e-05,1,-6,-6,1808.474609375
11,-0.46341463414634143,9.537659025227185e-06,1,-6,-6,1808.474609375
12,-0.41463414634146334,5.708219532607473e-07,1,-6,-6,1808.474609375
13,-0.36585365853658536,1.325160701526329e-05,1,-6,-6,1808.474609375
14,-0.31707317073170727,1.3849975402990822e-05,1,-6,-6,1808.474609375
15,-0.2682926829268293,4.188814727967838e-06,1,-6,-6,1808.474609375
16,-0.2195121951219512,1.3987804550197325e-06,1,-6,-6,1808.474609375
17,-0.1707317073170731,1.2534022971522063e-05,1,-6,-6,1808.474609375
18,-0.12195121951219512,2.4834521354932804e-06,1,-6,-6,1808.474609375
19,-0.07317073170731703,3.867930900014471e-06,1,-6,-6,1808.474609375
20,-0.024390243902439046,1.983858510357095e-06,1,-6,-6,1808.474609375
21,0.024390243902439046,9.175795980809198e-07,1,-6,-6,1808.474609375
22,0.07317073170731714,0.0,1,-6,-6,1808.474609375
23,0.12195121951219523,0.0,1,-6,-6,1808.474609375
24,0.17073170731707332,0.0,1,-6,-6,1808.474609375
25,0.2195121951219512,0.0,1,-6,-6,1808.474609375
26,0.2682926829268293,0.0,1,-6,-6,1808.474609375
27,0.3170731707317074,0.0,1,-6,-6,1808.474609375
28,0.36585365853658547,0.0,1,-6,-6,1808.474609375
29,0.41463414634146356,0.0,1,-6,-6,1808.474609375
30,0.46341463414634143,0.0,1,-6,-6,1808.474609375
31,0.5121951219512195,0.0,1,-6,-6,1808.474609375
32,0.5609756097560976,0.0,1,-6,-6,1808.474609375
33,0.6097560975609757,0.0,1,-6,-6,1808.474609375
34,0.6585365853658538,0.0,1,-6,-6,1808.474609375
35,0.7073170731707317,0.0,1,-6,-6,1808.474609375
36,0.7560975609756098,0.0,1,-6,-6,1808.474609375
37,0.8048780487804879,0.0,1,-6,-6,1808.474609375
38,0.853658536585366,0.0,1,-6,-6,1808.474609375
39,0.902439024390244,0.0,1,-6,-6,1808.474609375
40,0.9512195121951219,0.0,1,-6,-6,1808.474609375
41,1.0,0.0,1,-6,-6,1808.474609375
0,-1.0,0.0,1,-5,-6,1808.474609375
1,-0.9512195121951219,0.0,1,-5,-6,1808.474609375
2,-0.9024390243902439,0.0,1,-5,-6,1808.474609375
3,-0.8536585365853658,0.0,1,-5,-6,1808.474609375
4,-0.8048780487804879,0.0,1,-5,-6,1808.474609375
5,-0.7560975609756098,0.0,1,-5,-6,1808.474609375
6,-0.7073170731707317,0.0,1,-5,-6,1808.474609375
7,-0.6585365853658536,2.624631861181115e-06,1,-5,-6,1808.474609375
8,-0.6097560975609756,4.56271891380311e-07,1,-5,-6,1808.474609375
9,-0.5609756097560976,1.5359925953362108e-07,1,-5,-6,1808.474609375
10,-0.5121951219512195,1.5701907614129595e-05,1,-5,-6,1808.474609375
11,-0.46341463414634143,6.920700980117545e-05,1,-5,-6,1808.474609375
12,-0.41463414634146334,3.2226600978901843e-06,1,-5,-6,1808.474609375
13,-0.36585365853658536,4.431589331943542e-06,1,-5,-6,1808.474609375
14,-0.31707317073170727,4.4265638621254766e-07,1,-5,-6,1808.474609375
15,-0.2682926829268293,2.635573537190794e-06,1,-5,-6,1808.474609375
16,-0.2195121951219512,1.4106087746768026e-06,1,-5,-6,1808.474609375
17,-0.1707317073170731,2.279419319961562e-08,1,-5,-6,1808.474609375
18,-0.12195121951219512,9.136307426160784e-07,1,-5,-6,1808.474609375
19,-0.07317073170731703,1.118296495405957e-06,1,-5,-6,1808.474609375
20,-0.024390243902439046,6.421439138648566e-06,1,-5,-6,1808.474609375
21,0.024390243902439046,4.530474598141154e-06,1,-5,-6,1808.474609375
22,0.07317073170731714,3.882613600580953e-05,1,-5,-6,1808.474609375
23,0.12195121951219523,0.00013616062642540783,1,-5,-6,1808.474609375
24,0.17073170731707332,1.6855172361829318e-05,1,-5,-6,1808.474609375
25,0.2195121951219512,0.00012471940135583282,1,-5,-6,1808.474609375
26,0.2682926829268293,0.0002506250748410821,1,-5,-6,1808.474609375
27,0.3170731707317074,0.0006085761706344783,1,-5,-6,1808.474609375
28,0.36585365853658547,0.00018456511315889657,1,-5,-6,1808.474609375
29,0.41463414634146356,3.482979309410439e-07,1,-5,-6,1808.474609375
30,0.46341463414634143,5.1603521569631994e-05,1,-5,-6,1808.474609375
31,0.5121951219512195,0.00013278238475322723,1,-5,-6,1808.474609375
32,0.5609756097560976,8.728161446924787e-06,1,-5,-6,1808.474609375
33,0.6097560975609757,8.307514690386597e-06,1,-5,-6,1808.474609375
34,0.6585365853658538,2.22457656491315e-05,1,-5,-6,1808.474609375
35,0.7073170731707317,8.996807082439773e-06,1,-5,-6,1808.474609375
36,0.7560975609756098,7.253917999605619e-08,1,-5,-6,1808.474609375
37,0.8048780487804879,1.788075962849689e-07,1,-5,-6,1808.474609375
38,0.853658536585366,2.8338377887848765e-05,1,-5,-6,1808.474609375
39,0.902439024390244,3.050661803172261e-07,1,-5,-6,1808.474609375
40,0.9512195121951219,4.6540870357603126e-07,1,-5,-6,1808.474609375
41,1.0,6.654997378063854e-06,1,-5,-6,1808.474609375
0,-1.0,3.586340608308092e-05,1,-3,-5,1808.474609375
1,-0.9512195121951219,3.059252048842609e-05,1,-3,-5,1808.474609375
2,-0.9024390243902439,8.698648912286444e-07,1,-3,-5,1808.474609375
3,-0.8536585365853658,1.8697102859732695e-05,1,-3,-5,1808.474609375
4,-0.8048780487804879,1.5507703210460022e-05,1,-3,-5,1808.474609375
5,-0.7560975609756098,5.0037968321703374e-05,1,-3,-5,1808.474609375
6,-0.7073170731707317,2.6834048185264692e-05,1,-3,-5,1808.474609375
7,-0.6585365853658536,1.7435942936572246e-05,1,-3,-5,1808.474609375
8,-0.6097560975609756,1.3143637261237018e-05,1,-3,-5,1808.474609375
9,-0.5609756097560976,2.413948459434323e-05,1,-3,-5,1808.474609375
10,-0.5121951219512195,7.458731124643236e-05,1,-3,-5,1808.474609375
11,-0.46341463414634143,0.00010954470053547993,1,-3,-5,1808.474609375
12,-0.41463414634146334,0.00013276739628054202,1,-3,-5,1808.474609375
13,-0.36585365853658536,6.296927313087508e-05,1,-3,-5,1808.474609375
14,-0.31707317073170727,4.921525760437362e-05,1,-3,-5,1808.474609375
15,-0.2682926829268293,3.596565511543304e-05,1,-3,-5,1808.474609375
16,-0.2195121951219512,9.202792716678232e-05,1,-3,-5,1808.474609375
17,-0.1707317073170731,8.259565947810188e-05,1,-3,-5,1808.474609375
18,-0.12195121951219512,0.00024384853895753622,1,-3,-5,1808.474609375
19,-0.07317073170731703,2.757147512966185e-06,1,-3,-5,1808.474609375
20,-0.024390243902439046,1.1035482202714775e-05,1,-3,-5,1808.474609375
21,0.024390243902439046,2.8609463697648607e-05,1,-3,-5,1808.474609375
22,0.07317073170731714,0.0001905210519907996,1,-3,-5,1808.474609375
23,0.12195121951219523,6.573880818905309e-05,1,-3,-5,1808.474609375
24,0.17073170731707332,0.0004140425880905241,1,-3,-5,1808.474609375
25,0.2195121951219512,0.0009830197086557746,1,-3,-5,1808.474609375
26,0.2682926829268293,4.8509955377085134e-05,1,-3,-5,1808.474609375
27,0.3170731707317074,0.00011494369391584769,1,-3,-5,1808.474609375
28,0.36585365853658547,0.0006692919414490461,1,-3,-5,1808.474609375
29,0.41463414634146356,0.0018376248190179467,1,-3,-5,1808.474609375
30,0.46341463414634143,0.020424308255314827,1,-3,-5,1808.474609375
31,0.5121951219512195,0.11798155307769775,1,-3,-5,1808.474609375
32,0.5609756097560976,0.006190409883856773,1,-3,-5,1808.474609375
33,0.6097560975609757,0.0044608754105865955,1,-3,-5,1808.474609375
34,0.6585365853658538,0.0031894338317215443,1,-3,-5,1808.474609375
35,0.7073170731707317,0.002222870709374547,1,-3,-5,1808.474609375
36,0.7560975609756098,0.001896937028504908,1,-3,-5,1808.474609375
37,0.8048780487804879,0.002729277592152357,1,-3,-5,1808.474609375
38,0.853658536585366,2.5311546778539196e-06,1,-3,-5,1808.474609375
39,0.902439024390244,9.769626922206953e-05,1,-3,-5,1808.474609375
40,0.9512195121951219,0.0002365201071370393,1,-3,-5,1808.474609375
41,1.0,0.00019482946663629264,1,-3,-5,1808.474609375
0,-1.0,0.011964007280766964,1,-1,-4,1808.474609375
1,-0.9512195121951219,0.01797316037118435,1,-1,-4,1808.474609375
2,-0.9024390243902439,0.0003076378779951483,1,-1,-4,1808.474609375
3,-0.8536585365853658,0.03291812911629677,1,-1,-4,1808.474609375
4,-0.8048780487804879,0.0023096338845789433,1,-1,-4,1808.474609375
5,-0.7560975609756098,0.011840911582112312,1,-1,-4,1808.474609375
6,-0.7073170731707317,0.08379226922988892,1,-1,-4,1808.474609375
7,-0.6585365853658536,0.15470553934574127,1,-1,-4,1808.474609375
8,-0.6097560975609756,0.05320092290639877,1,-1,-4,1808.474609375
9,-0.5609756097560976,0.0014475289499387145,1,-1,-4,1808.474609375
10,-0.5121951219512195,0.12119938433170319,1,-1,-4,1808.474609375
11,-0.46341463414634143,0.14853623509407043,1,-1,-4,1808.474609375
12,-0.41463414634146334,0.5434845089912415,1,-1,-4,1808.474609375
13,-0.36585365853658536,0.25766098499298096,1,-1,-4,1808.474609375
14,-0.31707317073170727,0.019061148166656494,1,-1,-4,1808.474609375
15,-0.2682926829268293,0.043461088091135025,1,-1,-4,1808.474609375
16,-0.2195121951219512,0.12417757511138916,1,-1,-4,1808.474609375
17,-0.1707317073170731,0.00719585083425045,1,-1,-4,1808.474609375
18,-0.12195121951219512,0.033785950392484665,1,-1,-4,1808.474609375
19,-0.07317073170731703,0.0001667284668656066,1,-1,-4,1808.474609375
20,-0.024390243902439046,0.0202118381857872,1,-1,-4,1808.474609375
21,0.024390243902439046,0.017821969464421272,1,-1,-4,1808.474609375
22,0.07317073170731714,1.3363209291128442e-05,1,-1,-4,1808.474609375
23,0.12195121951219523,0.009154141880571842,1,-1,-4,1808.474609375
24,0.17073170731707332,0.014553477987647057,1,-1,-4,1808.474609375
25,0.2195121951219512,0.00035042650415562093,1,-1,-4,1808.474609375
26,0.2682926829268293,0.0029608989134430885,1,-1,-4,1808.474609375
27,0.3170731707317074,0.006057077553123236,1,-1,-4,1808.474609375
28,0.36585365853658547,0.011355649679899216,1,-1,-4,1808.474609375
29,0.41463414634146356,0.0021930942311882973,1,-1,-4,1808.474609375
30,0.46341463414634143,0.001352023333311081,1,-1,-4,1808.474609375
31,0.5121951219512195,0.007701450493186712,1,-1,-4,1808.474609375
32,0.5609756097560976,0.0040211984887719154,1,-1,-4,1808.474609375
33,0.6097560975609757,0.0004888104158453643,1,-1,-4,1808.474609375
34,0.6585365853658538,0.003667557379230857,1,-1,-4,1808.474609375
35,0.7073170731707317,0.005213266238570213,1,-1,-4,1808.474609375
36,0.7560975609756098,0.0010255711385980248,1,-1,-4,1808.474609375
37,0.8048780487804879,0.0009544967906549573,1,-1,-4,1808.474609375
38,0.853658536585366,0.0029285128694027662,1,-1,-4,1808.474609375
39,0.902439024390244,0.0023964359425008297,1,-1,-4,1808.474609375
40,0.9512195121951219,0.0002901306143030524,1,-1,-4,1808.474609375
41,1.0,0.0028702651616185904,1,-1,-4,1808.474609375
0,-1.0,0.00022332083608489484,1,2,-3,1808.474609375
1,-0.9512195121951219,1.6318273992510512e-05,1,2,-3,1808.474609375
2,-0.9024390243902439,0.0002726231759879738,1,2,-3,1808.474609375
3,-0.8536585365853658,0.0006001124274916947,1,2,-3,1808.474609375
4,-0.8048780487804879,8.065460860962048e-05,1,2,-3,1808.474609375
5,-0.7560975609756098,0.00028400839073583484,1,2,-3,1808.474609375
6,-0.7073170731707317,0.0001665678428253159,1,2,-3,1808.474609375
7,-0.6585365853658536,0.0009775650687515736,1,2,-3,1808.474609375
8,-0.6097560975609756,0.0014650848461315036,1,2,-3,1808.474609375
9,-0.5609756097560976,0.0033632332924753428,1,2,-3,1808.474609375
10,-0.5121951219512195,0.003865588689222932,1,2,-3,1808.474609375
11,-0.46341463414634143,0.0019091976573690772,1,2,-3,1808.474609375
12,-0.41463414634146334,0.008211051113903522,1,2,-3,1808.474609375
13,-0.36585365853658536,0.012446056120097637,1,2,-3,1808.474609375
14,-0.31707317073170727,0.009419109672307968,1,2,-3,1808.474609375
15,-0.2682926829268293,0.0004797579313162714,1,2,-3,1808.474609375
16,-0.2195121951219512,0.04647037014365196,1,2,-3,1808.474609375
17,-0.1707317073170731,0.0494486428797245,1,2,-3,1808.474609375
18,-0.12195121951219512,0.3496936559677124,1,2,-3,1808.474609375
19,-0.07317073170731703,0.021696049720048904,1,2,-3,1808.474609375
20,-0.024390243902439046,0.12282774597406387,1,2,-3,1808.474609375
21,0.024390243902439046,0.02754369005560875,1,2,-3,1808.474609375
22,0.07317073170731714,0.0044135707430541515,1,2,-3,1808.474609375
23,0.12195121951219523,0.002199364360421896,1,2,-3,1808.474609375
24,0.17073170731707332,0.009832820855081081,1,2,-3,1808.474609375
25,0.2195121951219512,0.005705403164029121,1,2,-3,1808.474609375
26,0.2682926829268293,0.0065484060905873775,1,2,-3,1808.474609375
27,0.3170731707317074,0.003448732430115342,1,2,-3,1808.474609375
28,0.36585365853658547,0.0003532328410074115,1,2,-3,1808.474609375
29,0.41463414634146356,0.0004443190700840205,1,2,-3,1808.474609375
30,0.46341463414634143,0.002428581705316901,1,2,-3,1808.474609375
31,0.5121951219512195,0.0021279037464410067,1,2,-3,1808.474609375
32,0.5609756097560976,0.0008494378998875618,1,2,-3,1808.474609375
33,0.6097560975609757,0.00014632567763328552,1,2,-3,1808.474609375
34,0.6585365853658538,0.0003016065456904471,1,2,-3,1808.474609375
35,0.7073170731707317,0.0005658679292537272,1,2,-3,1808.474609375
36,0.7560975609756098,0.0009974597487598658,1,2,-3,1808.474609375
37,0.8048780487804879,0.0006179340416565537,1,2,-3,1808.474609375
38,0.853658536585366,0.0006663553067483008,1,2,-3,1808.474609375
39,0.902439024390244,0.00029249093495309353,1,2,-3,1808.474609375
40,0.9512195121951219,0.00045144488103687763,1,2,-3,1808.474609375
41,1.0,0.0008289249381050467,1,2,-3,1808.474609375
0,-1.0,0.0,1,5,-2,1808.474609375
1,-0.9512195121951219,0.0,1,5,-2,1808.474609375
2,-0.9024390243902439,0.0,1,5,-2,1808.474609375
3,-0.8536585365853658,0.0,1,5,-2,1808.474609375
4,-0.8048780487804879,0.0,1,5,-2,1808.474609375
5,-0.7560975609756098,0.0,1,5,-2,1808.474609375
6,-0.7073170731707317,0.0,1,5,-2,1808.474609375
7,-0.6585365853658536,0.0,1,5,-2,1808.474609375
8,-0.6097560975609756,0.0,1,5,-2,1808.474609375
9,-0.5609756097560976,0.0,1,5,-2,1808.474609375
10,-0.5121951219512195,0.0,1,5,-2,1808.474609375
11,-0.46341463414634143,2.0492686303441587e-07,1,5,-2,1808.474609375
12,-0.41463414634146334,2.507684484953643e-06,1,5,-2,1808.474609375
13,-0.36585365853658536,2.757920583462692e-06,1,5,-2,1808.474609375
14,-0.31707317073170727,1.2882916962553281e-05,1,5,-2,1808.474609375
15,-0.2682926829268293,3.5775176456809277e-06,1,5,-2,1808.474609375
16,-0.2195121951219512,5.7325916714034975e-05,1,5,-2,1808.474609375
17,-0.1707317073170731,1.783718471415341e-05,1,5,-2,1808.474609375
18,-0.12195121951219512,0.00012168770626885816,1,5,-2,1808.474609375
19,-0.07317073170731703,8.174585673259571e-06,1,5,-2,1808.474609375
20,-0.024390243902439046,2.1897556507610716e-05,1,5,-2,1808.474609375
21,0.024390243902439046,3.067922807531431e-05,1,5,-2,1808.474609375
22,0.07317073170731714,6.3748625507287215e-06,1,5,-2,1808.474609375
23,0.12195121951219523,5.745929684053408e-06,1,5,-2,1808.474609375
24,0.17073170731707332,3.904477853211574e-05,1,5,-2,1808.474609375
25,0.2195121951219512,2.0128416508669034e-05,1,5,-2,1808.474609375
26,0.2682926829268293,0.00010930243297480047,1,5,-2,1808.474609375
27,0.3170731707317074,4.1918057831935585e-05,1,5,-2,1808.474609375
28,0.36585365853658547,6.159757958812406e-06,1,5,-2,1808.474609375
29,0.41463414634146356,0.0006398904952220619,1,5,-2,1808.474609375
30,0.46341463414634143,0.0022095052991062403,1,5,-2,1808.474609375
31,0.5121951219512195,0.0006274757906794548,1,5,-2,1808.474609375
32,0.5609756097560976,0.00018489630019757897,1,5,-2,1808.474609375
33,0.6097560975609757,9.421990398550406e-05,1,5,-2,1808.474609375
34,0.6585365853658538,0.00020232785027474165,1,5,-2,1808.474609375
35,0.7073170731707317,0.0009876565309241414,1,5,-2,1808.474609375
36,0.7560975609756098,3.8433496229117736e-05,1,5,-2,1808.474609375
37,0.8048780487804879,4.679865742218681e-05,1,5,-2,1808.474609375
38,0.853658536585366,1.5031664588605054e-05,1,5,-2,1808.474609375
39,0.902439024390244,8.726574014872313e-05,1,5,-2,1808.474609375
40,0.9512195121951219,4.458296825760044e-05,1,5,-2,1808.474609375
41,1.0,1.8427161194267683e-05,1,5,-2,1808.474609375
0,-1.0,0.0,1,6,-2,1808.474609375
1,-0.9512195121951219,0.0,1,6,-2,1808.474609375
2,-0.9024390243902439,0.0,1,6,-2,1808.474609375
3,-0.8536585365853658,0.0,1,6,-2,1808.474609375
4,-0.8048780487804879,1.9344270185683854e-07,1,6,-2,1808.474609375
5,-0.7560975609756098,6.261738008106477e-07,1,6,-2,1808.474609375
6,-0.7073170731707317,9.596008254675326e-08,1,6,-2,1808.474609375
7,-0.6585365853658536,3.071835180890048e-06,1,6,-2,1808.474609375
8,-0.6097560975609756,4.080693543073721e-06,1,6,-2,1808.474609375
9,-0.5609756097560976,9.943458962879959e-07,1,6,-2,1808.474609375
10,-0.5121951219512195,2.2090819129516603e-06,1,6,-2,1808.474609375
11,-0.46341463414634143,1.2495443115767557e-06,1,6,-2,1808.474609375
12,-0.41463414634146334,1.957752374437405e-06,1,6,-2,1808.474609375
13,-0.36585365853658536,5.726638008241025e-08,1,6,-2,1808.474609375
14,-0.31707317073170727,8.476519042233122e-07,1,6,-2,1808.474609375
15,-0.2682926829268293,6.261192902456969e-05,1,6,-2,1808.474609375
16,-0.2195121951219512,1.0401495273981709e-05,1,6,-2,1808.474609375
17,-0.1707317073170731,2.7860211048391648e-05,1,6,-2,1808.474609375
18,-0.12195121951219512,9.475057595409453e-05,1,6,-2,1808.474609375
19,-0.07317073170731703,9.753956692293286e-05,1,6,-2,1808.474609375
20,-0.024390243902439046,0.019716957584023476,1,6,-2,1808.474609375
21,0.024390243902439046,0.0003248640277888626,1,6,-2,1808.474609375
22,0.07317073170731714,5.91869547861279e-06,1,6,-2,1808.474609375
23,0.12195121951219523,4.930723662255332e-06,1,6,-2,1808.474609375
24,0.17073170731707332,3.339875547681004e-05,1,6,-2,1808.474609375
25,0.2195121951219512,1.6721654901630245e-05,1,6,-2,1808.474609375
26,0.2682926829268293,4.4491175685834605e-06,1,6,-2,1808.474609375
27,0.3170731707317074,9.608231266611256e-06,1,6,-2,1808.474609375
28,0.36585365853658547,2.0227728327881778e-06,1,6,-2,1808.474609375
29,0.41463414634146356,5.648173100780696e-06,1,6,-2,1808.474609375
30,0.46341463414634143,1.7245657772946288e-06,1,6,-2,1808.474609375
31,0.5121951219512195,1.595594767422881e-07,1,6,-2,1808.474609375
32,0.5609756097560976,4.753799203172093e-07,1,6,-2,1808.474609375
33,0.6097560975609757,1.3763706192548852e-06,1,6,-2,1808.474609375
34,0.6585365853658538,1.501490203281719e-07,1,6,-2,1808.474609375
35,0.7073170731707317,1.072494114850997e-06,1,6,-2,1808.474609375
36,0.7560975609756098,0.0,1,6,-2,1808.474609375
37,0.8048780487804879,0.0,1,6,-2,1808.474609375
38,0.853658536585366,0.0,1,6,-2,1808.474609375
39,0.902439024390244,0.0,1,6,-2,1808.474609375
40,0.9512195121951219,0.0,1,6,-2,1808.474609375
41,1.0,0.0,1,6,-2,1808.474609375
0,-1.0,1.8491613218429848e-07,1,7,-2,1808.474609375
1,-0.9512195121951219,3.5239258977526333e-07,1,7,-2,1808.474609375
2,-0.9024390243902439,5.185241320759815e-07,1,7,-2,1808.474609375
3,-0.8536585365853658,1.9799272195086814e-06,1,7,-2,1808.474609375
4,-0.8048780487804879,2.320360970031743e-08,1,7,-2,1808.474609375
5,-0.7560975609756098,1.2484597391448915e-06,1,7,-2,1808.474609375
6,-0.7073170731707317,5.306509137881221e-06,1,7,-2,1808.474609375
7,-0.6585365853658536,4.715108303798843e-09,1,7,-2,1808.474609375
8,-0.6097560975609756,2.6430254820297705e-06,1,7,-2,1808.474609375
9,-0.5609756097560976,5.3375010793388356e-06,1,7,-2,1808.474609375
10,-0.5121951219512195,9.647094884712715e-06,1,7,-2,1808.474609375
11,-0.46341463414634143,1.196060111396946e-06,1,7,-2,1808.474609375
12,-0.41463414634146334,3.671310332720168e-05,1,7,-2,1808.474609375
13,-0.36585365853658536,0.00012845492165070027,1,7,-2,1808.474609375
14,-0.31707317073170727,0.0011753847356885672,1,7,-2,1808.474609375
15,-0.2682926829268293,4.836010339204222e-05,1,7,-2,1808.474609375
16,-0.2195121951219512,2.8799611754948273e-05,1,7,-2,1808.474609375
17,-0.1707317073170731,6.270809990382986e-06,1,7,-2,1808.474609375
18,-0.12195121951219512,1.9982292087661335e-06,1,7,-2,1808.474609375
19,-0.07317073170731703,4.7520521206934063e-07,1,7,-2,1808.474609375
20,-0.024390243902439046,1.4321605704026297e-05,1,7,-2,1808.474609375
21,0.024390243902439046,7.33074443814985e-07,1,7,-2,1808.474609375
22,0.07317073170731714,1.6672480285251368e-07,1,7,-2,1808.474609375
23,0.12195121951219523,2.88620697119768e-07,1,7,-2,1808.474609375
24,0.17073170731707332,2.5416500193387037e-07,1,7,-2,1808.474609375
25,0.2195121951219512,1.891641510098907e-08,1,7,-2,1808.474609375
26,0.2682926829268293,1.003181978376233e-06,1,7,-2,1808.474609375
27,0.3170731707317074,4.647482001018943e-06,1,7,-2,1808.474609375
28,0.36585365853658547,0.0,1,7,-2,1808.474609375
29,0.41463414634146356,0.0,1,7,-2,1808.474609375
30,0.46341463414634143,0.0,1,7,-2,1808.474609375
31,0.5121951219512195,0.0,1,7,-2,1808.474609375
32,0.5609756097560976,0.0,1,7,-2,1808.474609375
33,0.6097560975609757,0.0,1,7,-2,1808.474609375
34,0.6585365853658538,0.0,1,7,-2,1808.474609375
35,0.7073170731707317,0.0,1,7,-2,1808.474609375
36,0.7560975609756098,0.0,1,7,-2,1808.474609375
37,0.8048780487804879,0.0,1,7,-2,1808.474609375
38,0.853658536585366,0.0,1,7,-2,1808.474609375
39,0.902439024390244,0.0,1,7,-2,1808.474609375
40,0.9512195121951219,0.0,1,7,-2,1808.474609375
41,1.0,0.0,1,7,-2,1808.474609375
0,-1.0,5.585727080870129e-07,1,8,-2,1808.474609375
1,-0.9512195121951219,2.1130219465703703e-05,1,8,-2,1808.474609375
2,-0.9024390243902439,3.2721011393732624e-06,1,8,-2,1808.474609375
3,-0.8536585365853658,3.3048072509700432e-06,1,8,-2,1808.474609375
4,-0.8048780487804879,1.149925651589001e-06,1,8,-2,1808.474609375
5,-0.7560975609756098,7.897130672063213e-06,1,8,-2,1808.474609375
6,-0.7073170731707317,1.0140867743757553e-05,1,8,-2,1808.474609375
7,-0.6585365853658536,3.892485619871877e-05,1,8,-2,1808.474609375
8,-0.6097560975609756,0.00018351733160670847,1,8,-2,1808.474609375
9,-0.5609756097560976,0.00018546957289800048,1,8,-2,1808.474609375
10,-0.5121951219512195,0.0018023870652541518,1,8,-2,1808.474609375
11,-0.46341463414634143,0.00013591493188869208,1,8,-2,1808.474609375
12,-0.41463414634146334,2.052641866612248e-05,1,8,-2,1808.474609375
13,-0.36585365853658536,4.491691925068153e-06,1,8,-2,1808.474609375
14,-0.31707317073170727,3.3877245186886285e-06,1,8,-2,1808.474609375
15,-0.2682926829268293,2.2306066327359986e-08,1,8,-2,1808.474609375
16,-0.2195121951219512,1.595745260374315e-07,1,8,-2,1808.474609375
17,-0.1707317073170731,2.023052957156324e-06,1,8,-2,1808.474609375
18,-0.12195121951219512,4.906087269773707e-06,1,8,-2,1808.474609375
19,-0.07317073170731703,7.581465411021782e-07,1,8,-2,1808.474609375
20,-0.024390243902439046,1.5721788031441974e-06,1,8,-2,1808.474609375
21,0.024390243902439046,1.8598147732973302e-07,1,8,-2,1808.474609375
22,0.07317073170731714,1.2364550627808057e-07,1,8,-2,1808.474609375
23,0.12195121951219523,0.0,1,8,-2,1808.474609375
24,0.17073170731707332,0.0,1,8,-2,1808.474609375
25,0.2195121951219512,0.0,1,8,-2,1808.474609375
26,0.2682926829268293,0.0,1,8,-2,1808.474609375
27,0.3170731707317074,0.0,1,8,-2,1808.474609375
28,0.36585365853658547,0.0,1,8,-2,1808.474609375
29,0.41463414634146356,0.0,1,8,-2,1808.474609375
30,0.46341463414634143,0.0,1,8,-2,1808.474609375
31,0.5121951219512195,0.0,1,8,-2,1808.474609375
32,0.5609756097560976,0.0,1,8,-2,1808.474609375
33,0.6097560975609757,0.0,1,8,-2,1808.474609375
34,0.6585365853658538,0.0,1,8,-2,1808.474609375
35,0.7073170731707317,0.0,1,8,-2,1808.474609375
36,0.7560975609756098,0.0,1,8,-2,1808.474609375
37,0.8048780487804879,0.0,1,8,-2,1808.474609375
38,0.853658536585366,0.0,1,8,-2,1808.474609375
39,0.902439024390244,0.0,1,8,-2,1808.474609375
40,0.9512195121951219,0.0,1,8,-2,1808.474609375
41,1.0,0.0,1,8,-2,1808.474609375
0,-1.0,0.0,1,8,-1,1808.474609375
1,-0.9512195121951219,0.0,1,8,-1,1808.474609375
2,-0.9024390243902439,0.0,1,8,-1,1808.474609375
3,-0.8536585365853658,0.0,1,8,-1,1808.474609375
4,-0.8048780487804879,0.0,1,8,-1,1808.474609375
5,-0.7560975609756098,0.0,1,8,-1,1808.474609375
6,-0.7073170731707317,0.0,1,8,-1,1808.474609375
7,-0.6585365853658536,0.0,1,8,-1,1808.474609375
8,-0.6097560975609756,0.0,1,8,-1,1808.474609375
9,-0.5609756097560976,0.0,1,8,-1,1808.474609375
10,-0.5121951219512195,0.0,1,8,-1,1808.474609375
11,-0.46341463414634143,0.0,1,8,-1,1808.474609375
12,-0.41463414634146334,0.0,1,8,-1,1808.474609375
13,-0.36585365853658536,0.0,1,8,-1,1808.474609375
14,-0.31707317073170727,0.0,1,8,-1,1808.474609375
15,-0.2682926829268293,0.0,1,8,-1,1808.474609375
16,-0.2195121951219512,0.0,1,8,-1,1808.474609375
17,-0.1707317073170731,0.0,1,8,-1,1808.474609375
18,-0.12195121951219512,0.0,1,8,-1,1808.474609375
19,-0.07317073170731703,0.0,1,8,-1,1808.474609375
20,-0.024390243902439046,0.0,1,8,-1,1808.474609375
21,0.024390243902439046,0.0,1,8,-1,1808.474609375
22,0.07317073170731714,0.0,1,8,-1,1808.474609375
23,0.12195121951219523,0.0,1,8,-1,1808.474609375
24,0.17073170731707332,0.0,1,8,-1,1808.474609375
25,0.2195121951219512,0.0,1,8,-1,1808.474609375
26,0.2682926829268293,0.0,1,8,-1,1808.474609375
27,0.3170731707317074,0.0,1,8,-1,1808.474609375
28,0.36585365853658547,0.0,1,8,-1,1808.474609375
29,0.41463414634146356,1.5757889286760474e-06,1,8,-1,1808.474609375
30,0.46341463414634143,2.158222969228518e-06,1,8,-1,1808.474609375
31,0.5121951219512195,1.6722850659789401e-06,1,8,-1,1808.474609375
32,0.5609756097560976,1.7246300103579415e-06,1,8,-1,1808.474609375
33,0.6097560975609757,5.660294846165925e-07,1,8,-1,1808.474609375
34,0.6585365853658538,6.235778528207447e-06,1,8,-1,1808.474609375
35,0.7073170731707317,9.34856325329747e-06,1,8,-1,1808.474609375
36,0.7560975609756098,9.400800081493799e-06,1,8,-1,1808.474609375
37,0.8048780487804879,2.845113522198517e-05,1,8,-1,1808.474609375
38,0.853658536585366,5.1286166126374155e-05,1,8,-1,1808.474609375
39,0.902439024390244,0.00010339595610275865,1,8,-1,1808.474609375
40,0.9512195121951219,0.0009894174290820956,1,8,-1,1808.474609375
41,1.0,0.0009345694561488926,1,8,-1,1808.474609375
0,-1.0,2.485937216079037e-07,1,9,-2,1808.474609375
1,-0.9512195121951219,6.136172032711329e-07,1,9,-2,1808.474609375
2,-0.9024390243902439,2.4377598606406536e-07,1,9,-2,1808.474609375
3,-0.8536585365853658,7.573316906928085e-07,1,9,-2,1808.474609375
4,-0.8048780487804879,2.19164267036831e-05,1,9,-2,1808.474609375
5,-0.7560975609756098,1.7401806644556927e-06,1,9,-2,1808.474609375
6,-0.7073170731707317,2.5141321202681866e-06,1,9,-2,1808.474609375
7,-0.6585365853658536,0.00017250834207516164,1,9,-2,1808.474609375
8,-0.6097560975609756,0.0034028394147753716,1,9,-2,1808.474609375
9,-0.5609756097560976,1.858077484939713e-05,1,9,-2,1808.474609375
10,-0.5121951219512195,1.0580956768535543e-06,1,9,-2,1808.474609375
11,-0.46341463414634143,8.206018264900194e-07,1,9,-2,1808.474609375
12,-0.41463414634146334,5.043709279561881e-06,1,9,-2,1808.474609375
13,-0.36585365853658536,1.2857160527346423e-06,1,9,-2,1808.474609375
14,-0.31707317073170727,1.0543629969106405e-06,1,9,-2,1808.474609375
15,-0.2682926829268293,6.621493184866267e-07,1,9,-2,1808.474609375
16,-0.2195121951219512,7.766606699988188e-07,1,9,-2,1808.474609375
17,-0.1707317073170731,7.464759050890279e-07,1,9,-2,1808.474609375
18,-0.12195121951219512,1.9301185147924116e-06,1,9,-2,1808.474609375
19,-0.07317073170731703,0.0,1,9,-2,1808.474609375
20,-0.024390243902439046,0.0,1,9,-2,1808.474609375
21,0.024390243902439046,0.0,1,9,-2,1808.474609375
22,0.07317073170731714,0.0,1,9,-2,1808.474609375
23,0.12195121951219523,0.0,1,9,-2,1808.474609375
24,0.17073170731707332,0.0,1,9,-2,1808.474609375
25,0.2195121951219512,0.0,1,9,-2,1808.474609375
26,0.2682926829268293,0.0,1,9,-2,1808.474609375
27,0.3170731707317074,0.0,1,9,-2,1808.474609375
28,0.36585365853658547,0.0,1,9,-2,1808.474609375
29,0.41463414634146356,0.0,1,9,-2,1808.474609375
30,0.46341463414634143,0.0,1,9,-2,1808.474609375
31,0.5121951219512195,0.0,1,9,-2,1808.474609375
32,0.5609756097560976,0.0,1,9,-2,1808.474609375
33,0.6097560975609757,0.0,1,9,-2,1808.474609375
34,0.6585365853658538,0.0,1,9,-2,1808.474609375
35,0.7073170731707317,0.0,1,9,-2,1808.474609375
36,0.7560975609756098,0.0,1,9,-2,1808.474609375
37,0.8048780487804879,0.0,1,9,-2,1808.474609375
38,0.853658536585366,0.0,1,9,-2,1808.474609375
39,0.902439024390244,0.0,1,9,-2,1808.474609375
40,0.9512195121951219,0.0,1,9,-2,1808.474609375
41,1.0,0.0,1,9,-2,1808.474609375
0,-1.0,0.0,1,9,-1,1808.474609375
1,-0.9512195121951219,0.0,1,9,-1,1808.474609375
2,-0.9024390243902439,0.0,1,9,-1,1808.474609375
3,-0.8536585365853658,0.0,1,9,-1,1808.474609375
4,-0.8048780487804879,0.0,1,9,-1,1808.474609375
5,-0.7560975609756098,0.0,1,9,-1,1808.474609375
6,-0.7073170731707317,0.0,1,9,-1,1808.474609375
7,-0.6585365853658536,0.0,1,9,-1,1808.474609375
8,-0.6097560975609756,0.0,1,9,-1,1808.474609375
9,-0.5609756097560976,0.0,1,9,-1,1808.474609375
10,-0.5121951219512195,0.0,1,9,-1,1808.474609375
11,-0.46341463414634143,0.0,1,9,-1,1808.474609375
12,-0.41463414634146334,0.0,1,9,-1,1808.474609375
13,-0.36585365853658536,0.0,1,9,-1,1808.474609375
14,-0.31707317073170727,0.0,1,9,-1,1808.474609375
15,-0.2682926829268293,0.0,1,9,-1,1808.474609375
16,-0.2195121951219512,0.0,1,9,-1,1808.474609375
17,-0.1707317073170731,0.0,1,9,-1,1808.474609375
18,-0.12195121951219512,0.0,1,9,-1,1808.474609375
19,-0.07317073170731703,0.0,1,9,-1,1808.474609375
20,-0.024390243902439046,0.0,1,9,-1,1808.474609375
21,0.024390243902439046,0.0,1,9,-1,1808.474609375
22,0.07317073170731714,0.0,1,9,-1,1808.474609375
23,0.12195121951219523,0.0,1,9,-1,1808.474609375
24,0.17073170731707332,0.0,1,9,-1,1808.474609375
25,0.2195121951219512,6.156570009352436e-08,1,9,-1,1808.474609375
26,0.2682926829268293,2.666403631224057e-08,1,9,-1,1808.474609375
27,0.3170731707317074,1.1644694950518897e-06,1,9,-1,1808.474609375
28,0.36585365853658547,1.1908555030970547e-08,1,9,-1,1808.474609375
29,0.41463414634146356,1.836882823624819e-08,1,9,-1,1808.474609375
30,0.46341463414634143,8.024683495477802e-08,1,9,-1,1808.474609375
31,0.5121951219512195,3.344694334828091e-07,1,9,-1,1808.474609375
32,0.5609756097560976,9.966099057123756e-09,1,9,-1,1808.474609375
33,0.6097560975609757,9.100490387936588e-06,1,9,-1,1808.474609375
34,0.6585365853658538,1.1078572015321697e-06,1,9,-1,1808.474609375
35,0.7073170731707317,0.000981879886239767,1,9,-1,1808.474609375
36,0.7560975609756098,1.0604977433104068e-05,1,9,-1,1808.474609375
37,0.8048780487804879,9.210384632751811e-06,1,9,-1,1808.474609375
38,0.853658536585366,4.024109898637107e-07,1,9,-1,1808.474609375
39,0.902439024390244,5.873687314306153e-08,1,9,-1,1808.474609375
40,0.9512195121951219,8.220226277444453e-07,1,9,-1,1808.474609375
41,1.0,1.7417165508959442e-05,1,9,-1,1808.474609375
0,-1.0,7.561280654044822e-06,2,-6,-10,1808.474609375
1,-0.9512195121951219,6.348339866235619e-06,2,-6,-10,1808.474609375
2,-0.9024390243902439,1.6379436829083716e-06,2,-6,-10,1808.474609375
3,-0.8536585365853658,0.000945713312830776,2,-6,-10,1808.474609375
4,-0.8048780487804879,0.0004898629267700016,2,-6,-10,1808.474609375
5,-0.7560975609756098,0.00011078776879003271,2,-6,-10,1808.474609375
6,-0.7073170731707317,9.336590665043332e-06,2,-6,-10,1808.474609375
7,-0.6585365853658536,2.0318136648711516e-06,2,-6,-10,1808.474609375
8,-0.6097560975609756,5.374537977331784e-06,2,-6,-10,1808.474609375
9,-0.5609756097560976,1.920790055010002e-06,2,-6,-10,1808.474609375
10,-0.5121951219512195,1.0078827017423464e-07,2,-6,-10,1808.474609375
11,-0.46341463414634143,4.847316176892491e-06,2,-6,-10,1808.474609375
12,-0.41463414634146334,1.470309030082717e-07,2,-6,-10,1808.474609375
13,-0.36585365853658536,5.818616841679614e-07,2,-6,-10,1808.474609375
14,-0.31707317073170727,2.377766804784187e-06,2,-6,-10,1808.474609375
15,-0.2682926829268293,3.5875905268767383e-06,2,-6,-10,1808.474609375
16,-0.2195121951219512,5.93924994518602e-07,2,-6,-10,1808.474609375
17,-0.1707317073170731,9.715619171402068e-07,2,-6,-10,1808.474609375
18,-0.12195121951219512,1.1964650070694915e-07,2,-6,-10,1808.474609375
19,-0.07317073170731703,2.50882578711753e-07,2,-6,-10,1808.474609375
20,-0.024390243902439046,8.5513022440864e-08,2,-6,-10,1808.474609375
21,0.024390243902439046,1.960367171705002e-06,2,-6,-10,1808.474609375
22,0.07317073170731714,0.0,2,-6,-10,1808.474609375
23,0.12195121951219523,0.0,2,-6,-10,1808.474609375
24,0.17073170731707332,0.0,2,-6,-10,1808.474609375
25,0.2195121951219512,0.0,2,-6,-10,1808.474609375
26,0.2682926829268293,0.0,2,-6,-10,1808.474609375
27,0.3170731707317074,0.0,2,-6,-10,1808.474609375
28,0.36585365853658547,0.0,2,-6,-10,1808.474609375
29,0.41463414634146356,0.0,2,-6,-10,1808.474609375
30,0.46341463414634143,0.0,2,-6,-10,1808.474609375
31,0.5121951219512195,0.0,2,-6,-10,1808.474609375
32,0.5609756097560976,0.0,2,-6,-10,1808.474609375
33,0.6097560975609757,0.0,2,-6,-10,1808.474609375
34,0.6585365853658538,0.0,2,-6,-10,1808.474609375
35,0.7073170731707317,0.0,2,-6,-10,1808.474609375
36,0.7560975609756098,0.0,2,-6,-10,1808.474609375
37,0.8048780487804879,0.0,2,-6,-10,1808.474609375
38,0.853658536585366,0.0,2,-6,-10,1808.474609375
39,0.902439024390244,0.0,2,-6,-10,1808.474609375
40,0.9512195121951219,0.0,2,-6,-10,1808.474609375
41,1.0,0.0,2,-6,-10,1808.474609375
0,-1.0,0.0,2,-5,-10,1808.474609375
1,-0.9512195121951219,0.0,2,-5,-10,1808.474609375
2,-0.9024390243902439,0.0,2,-5,-10,1808.474609375
3,-0.8536585365853658,0.0,2,-5,-10,1808.474609375
4,-0.8048780487804879,0.0,2,-5,-10,1808.474609375
5,-0.7560975609756098,4.055968929606024e-06,2,-5,-10,1808.474609375
6,-0.7073170731707317,5.586037332250271e-06,2,-5,-10,1808.474609375
7,-0.6585365853658536,2.830926860042382e-06,2,-5,-10,1808.474609375
8,-0.6097560975609756,3.9114488004088344e-07,2,-5,-10,1808.474609375
9,-0.5609756097560976,6.813911568315234e-06,2,-5,-10,1808.474609375
10,-0.5121951219512195,4.127550141674874e-07,2,-5,-10,1808.474609375
11,-0.46341463414634143,5.247766807769949e-07,2,-5,-10,1808.474609375
12,-0.41463414634146334,5.375949058361584e-06,2,-5,-10,1808.474609375
13,-0.36585365853658536,7.979860129125882e-06,2,-5,-10,1808.474609375
14,-0.31707317073170727,1.2780715223925654e-06,2,-5,-10,1808.474609375
15,-0.2682926829268293,7.867405656725168e-06,2,-5,-10,1808.474609375
16,-0.2195121951219512,2.9669685318367556e-05,2,-5,-10,1808.474609375
17,-0.1707317073170731,5.569478162215091e-06,2,-5,-10,1808.474609375
18,-0.12195121951219512,1.3889316505810712e-06,2,-5,-10,1808.474609375
19,-0.07317073170731703,4.4860087655251846e-05,2,-5,-10,1808.474609375
20,-0.024390243902439046,5.233577758190222e-05,2,-5,-10,1808.474609375
21,0.024390243902439046,3.968477813032223e-06,2,-5,-10,1808.474609375
22,0.07317073170731714,5.709699689759873e-05,2,-5,-10,1808.474609375
23,0.12195121951219523,6.042308814357966e-05,2,-5,-10,1808.474609375
24,0.17073170731707332,1.854049514804501e-05,2,-5,-10,1808.474609375
25,0.2195121951219512,0.0002952823124360293,2,-5,-10,1808.474609375
26,0.2682926829268293,0.0016287199687212706,2,-5,-10,1808.474609375
27,0.3170731707317074,0.0020096711814403534,2,-5,-10,1808.474609375
28,0.36585365853658547,0.0005647421930916607,2,-5,-10,1808.474609375
29,0.41463414634146356,0.00030345385312102735,2,-5,-10,1808.474609375
30,0.46341463414634143,2.9576685847132467e-06,2,-5,-10,1808.474609375
31,0.5121951219512195,9.414493979420513e-05,2,-5,-10,1808.474609375
32,0.5609756097560976,1.8796848962665536e-05,2,-5,-10,1808.474609375
33,0.6097560975609757,1.170119230664568e-05,2,-5,-10,1808.474609375
34,0.6585365853658538,2.1077346445963485e-06,2,-5,-10,1808.474609375
35,0.7073170731707317,2.2084470401750877e-05,2,-5,-10,1808.474609375
36,0.7560975609756098,8.108226211334113e-06,2,-5,-10,1808.474609375
37,0.8048780487804879,4.19090883951867e-06,2,-5,-10,1808.474609375
38,0.853658536585366,1.1195314982614946e-05,2,-5,-10,1808.474609375
39,0.902439024390244,2.2811618691775948e-06,2,-5,-10,1808.474609375
40,0.9512195121951219,1.0792041393870022e-06,2,-5,-10,1808.474609375
41,1.0,4.519642061495688e-06,2,-5,-10,1808.474609375
0,-1.0,2.5552831175446045e-06,2,-3,-9,1808.474609375
1,-0.9512195121951219,6.064386980142444e-06,2,-3,-9,1808.474609375
2,-0.9024390243902439,3.5329428555996856e-06,2,-3,-9,1808.474609375
3,-0.8536585365853658,1.9020177433048957e-06,2,-3,-9,1808.474609375
4,-0.8048780487804879,1.927123321365798e-06,2,-3,-9,1808.474609375
5,-0.7560975609756098,5.328229690348962e-06,2,-3,-9,1808.474609375
6,-0.7073170731707317,7.585748335259268e-06,2,-3,-9,1808.474609375
7,-0.6585365853658536,5.0128783186664805e-06,2,-3,-9,1808.474609375
8,-0.6097560975609756,4.2057223481606343e-07,2,-3,-9,1808.474609375
9,-0.5609756097560976,1.0717172926888452e-06,2,-3,-9,1808.474609375
10,-0.5121951219512195,5.3156641115492675e-06,2,-3,-9,1808.474609375
11,-0.46341463414634143,1.1229663869016804e-05,2,-3,-9,1808.474609375
12,-0.41463414634146334,3.661686787381768e-05,2,-3,-9,1808.474609375
13,-0.36585365853658536,2.125326864188537e-05,2,-3,-9,1808.474609375
14,-0.31707317073170727,3.7241605355120555e-07,2,-3,-9,1808.474609375
15,-0.2682926829268293,6.621316515520448e-06,2,-3,-9,1808.474609375
16,-0.2195121951219512,1.0752400157798547e-05,2,-3,-9,1808.474609375
17,-0.1707317073170731,4.503718628257047e-06,2,-3,-9,1808.474609375
18,-0.12195121951219512,9.864314733931678e-07,2,-3,-9,1808.474609375
19,-0.07317073170731703,6.976774329814361e-06,2,-3,-9,1808.474609375
20,-0.024390243902439046,2.311156549694715e-06,2,-3,-9,1808.474609375
21,0.024390243902439046,4.738523330161115e-06,2,-3,-9,1808.474609375
22,0.07317073170731714,4.600255749664939e-07,2,-3,-9,1808.474609375
23,0.12195121951219523,3.4829354262910783e-06,2,-3,-9,1808.474609375
24,0.17073170731707332,5.046480964665534e-06,2,-3,-9,1808.474609375
25,0.2195121951219512,8.880635505192913e-06,2,-3,-9,1808.474609375
26,0.2682926829268293,6.447074156312738e-06,2,-3,-9,1808.474609375
27,0.3170731707317074,2.5169390482915333e-06,2,-3,-9,1808.474609375
28,0.36585365853658547,1.5361557359483413e-08,2,-3,-9,1808.474609375
29,0.41463414634146356,9.394731023348868e-05,2,-3,-9,1808.474609375
30,0.46341463414634143,3.7960820918669924e-05,2,-3,-9,1808.474609375
31,0.5121951219512195,0.0005687705706804991,2,-3,-9,1808.474609375
32,0.5609756097560976,0.0015604355139657855,2,-3,-9,1808.474609375
33,0.6097560975609757,0.010103931650519371,2,-3,-9,1808.474609375
34,0.6585365853658538,0.0059186918660998344,2,-3,-9,1808.474609375
35,0.7073170731707317,0.0002610760275274515,2,-3,-9,1808.474609375
36,0.7560975609756098,0.00010850679245777428,2,-3,-9,1808.474609375
37,0.8048780487804879,0.00011779670603573322,2,-3,-9,1808.474609375
38,0.853658536585366,4.6494125854223967e-05,2,-3,-9,1808.474609375
39,0.902439024390244,8.250027349276934e-06,2,-3,-9,1808.474609375
40,0.9512195121951219,5.781390791526064e-05,2,-3,-9,1808.474609375
41,1.0,6.9643538154196e-05,2,-3,-9,1808.474609375
0,-1.0,2.266340197820682e-05,2,-1,-8,1808.474609375
1,-0.9512195121951219,9.95800564851379e-06,2,-1,-8,1808.474609375
2,-0.9024390243902439,9.35482676140964e-05,2,-1,-8,1808.474609375
3,-0.8536585365853658,8.709255780559033e-05,2,-1,-8,1808.474609375
4,-0.8048780487804879,6.404954910976812e-05,2,-1,-8,1808.474609375
5,-0.7560975609756098,1.2504216101660859e-05,2,-1,-8,1808.474609375
6,-0.7073170731707317,7.262266444740817e-05,2,-1,-8,1808.474609375
7,-0.6585365853658536,0.00021059473510831594,2,-1,-8,1808.474609375
8,-0.6097560975609756,0.0001721838052617386,2,-1,-8,1808.474609375
9,-0.5609756097560976,6.392505747498944e-05,2,-1,-8,1808.474609375
10,-0.5121951219512195,0.0005802324158139527,2,-1,-8,1808.474609375
11,-0.46341463414634143,2.851864519470837e-05,2,-1,-8,1808.474609375
12,-0.41463414634146334,0.0006162913050502539,2,-1,-8,1808.474609375
13,-0.36585365853658536,0.00042944576125591993,2,-1,-8,1808.474609375
14,-0.31707317073170727,0.00026561677805148065,2,-1,-8,1808.474609375
15,-0.2682926829268293,0.000721850199624896,2,-1,-8,1808.474609375
16,-0.2195121951219512,0.0013062643120065331,2,-1,-8,1808.474609375
17,-0.1707317073170731,0.00034847104689106345,2,-1,-8,1808.474609375
18,-0.12195121951219512,0.000139303389005363,2,-1,-8,1808.474609375
19,-0.07317073170731703,0.0004506819532252848,2,-1,-8,1808.474609375
20,-0.024390243902439046,0.0007792978431098163,2,-1,-8,1808.474609375
21,0.024390243902439046,0.00638588098809123,2,-1,-8,1808.474609375
22,0.07317073170731714,1.2154407158959657e-05,2,-1,-8,1808.474609375
23,0.12195121951219523,0.0001241292484337464,2,-1,-8,1808.474609375
24,0.17073170731707332,3.895378176821396e-05,2,-1,-8,1808.474609375
25,0.2195121951219512,0.0008668649825267494,2,-1,-8,1808.474609375
26,0.2682926829268293,0.0012481316225603223,2,-1,-8,1808.474609375
27,0.3170731707317074,0.0006283746333792806,2,-1,-8,1808.474609375
28,0.36585365853658547,0.00024241465143859386,2,-1,-8,1808.474609375
29,0.41463414634146356,0.0001516348129371181,2,-1,-8,1808.474609375
30,0.46341463414634143,0.010887145064771175,2,-1,-8,1808.474609375
31,0.5121951219512195,0.05039103701710701,2,-1,-8,1808.474609375
32,0.5609756097560976,0.0468725860118866,2,-1,-8,1808.474609375
33,0.6097560975609757,0.03956562653183937,2,-1,-8,1808.474609375
34,0.6585365853658538,0.0477214939892292,2,-1,-8,1808.474609375
35,0.7073170731707317,0.04538098722696304,2,-1,-8,1808.474609375
36,0.7560975609756098,0.026912841945886612,2,-1,-8,1808.474609375
37,0.8048780487804879,0.0073213884606957436,2,-1,-8,1808.474609375
38,0.853658536585366,0.0020561444107443094,2,-1,-8,1808.474609375
39,0.902439024390244,4.10628090321552e-05,2,-1,-8,1808.474609375
40,0.9512195121951219,0.0010480540804564953,2,-1,-8,1808.474609375
41,1.0,0.002860174048691988,2,-1,-8,1808.474609375
0,-1.0,1.1776603059843183e-05,2,2,-7,1808.474609375
1,-0.9512195121951219,6.389311238308437e-06,2,2,-7,1808.474609375
2,-0.9024390243902439,3.3634185001574224e-06,2,2,-7,1808.474609375
3,-0.8536585365853658,5.639401479129447e-07,2,2,-7,1808.474609375
4,-0.8048780487804879,2.205440978286788e-05,2,2,-7,1808.474609375
5,-0.7560975609756098,9.861588478088379e-05,2,2,-7,1808.474609375
6,-0.7073170731707317,0.00014446445857174695,2,2,-7,1808.474609375
7,-0.6585365853658536,0.00019492073624860495,2,2,-7,1808.474609375
8,-0.6097560975609756,0.00011882811668328941,2,2,-7,1808.474609375
9,-0.5609756097560976,0.0013180021196603775,2,2,-7,1808.474609375
10,-0.5121951219512195,0.01320603583008051,2,2,-7,1808.474609375
11,-0.46341463414634143,0.0033416172955185175,2,2,-7,1808.474609375
12,-0.41463414634146334,0.0007519195787608624,2,2,-7,1808.474609375
13,-0.36585365853658536,0.0001391237456118688,2,2,-7,1808.474609375
14,-0.31707317073170727,9.891109584714286e-06,2,2,-7,1808.474609375
15,-0.2682926829268293,4.037851613247767e-05,2,2,-7,1808.474609375
16,-0.2195121951219512,1.2515863545559114e-06,2,2,-7,1808.474609375
17,-0.1707317073170731,2.8983646188862622e-05,2,2,-7,1808.474609375
18,-0.12195121951219512,0.00010209479660261422,2,2,-7,1808.474609375
19,-0.07317073170731703,9.550540198688395e-06,2,2,-7,1808.474609375
20,-0.024390243902439046,1.3116643771127201e-08,2,2,-7,1808.474609375
21,0.024390243902439046,3.085898788413033e-05,2,2,-7,1808.474609375
22,0.07317073170731714,2.3359043552773073e-06,2,2,-7,1808.474609375
23,0.12195121951219523,3.4823069654521532e-06,2,2,-7,1808.474609375
24,0.17073170731707332,7.035037924651988e-06,2,2,-7,1808.474609375
25,0.2195121951219512,5.967125389361172e-07,2,2,-7,1808.474609375
26,0.2682926829268293,4.385093689052155e-06,2,2,-7,1808.474609375
27,0.3170731707317074,3.979076552695915e-07,2,2,-7,1808.474609375
28,0.36585365853658547,9.583529390511103e-06,2,2,-7,1808.474609375
29,0.41463414634146356,5.19514230745699e-07,2,2,-7,1808.474609375
30,0.46341463414634143,9.859103556664195e-06,2,2,-7,1808.474609375
31,0.5121951219512195,2.8258311431272887e-05,2,2,-7,1808.474609375
32,0.5609756097560976,2.5485038349870592e-05,2,2,-7,1808.474609375
33,0.6097560975609757,2.3792152205714956e-05,2,2,-7,1808.474609375
34,0.6585365853658538,3.408608608879149e-05,2,2,-7,1808.474609375
35,0.7073170731707317,2.1231408027233556e-05,2,2,-7,1808.474609375
36,0.7560975609756098,5.669616712111747e-06,2,2,-7,1808.474609375
37,0.8048780487804879,6.282281219682773e-07,2,2,-7,1808.474609375
38,0.853658536585366,1.2087634786439594e-06,2,2,-7,1808.474609375
39,0.902439024390244,7.640122845486985e-08,2,2,-7,1808.474609375
40,0.9512195121951219,3.109317674443446e-07,2,2,-7,1808.474609375
41,1.0,5.863165597475017e-07,2,2,-7,1808.474609375
0,-1.0,0.0,2,4,-6,1808.474609375
1,-0.9512195121951219,0.0,2,4,-6,1808.474609375
2,-0.9024390243902439,0.0,2,4,-6,1808.474609375
3,-0.8536585365853658,0.0,2,4,-6,1808.474609375
4,-0.8048780487804879,0.0,2,4,-6,1808.474609375
5,-0.7560975609756098,0.0,2,4,-6,1808.474609375
6,-0.7073170731707317,0.0,2,4,-6,1808.474609375
7,-0.6585365853658536,0.0,2,4,-6,1808.474609375
8,-0.6097560975609756,0.0,2,4,-6,1808.474609375
9,-0.5609756097560976,0.0,2,4,-6,1808.474609375
10,-0.5121951219512195,0.0,2,4,-6,1808.474609375
11,-0.46341463414634143,0.0,2,4,-6,1808.474609375
12,-0.41463414634146334,0.0,2,4,-6,1808.474609375
13,-0.36585365853658536,0.0,2,4,-6,1808.474609375
14,-0.31707317073170727,0.0,2,4,-6,1808.474609375
15,-0.2682926829268293,3.2874140742933378e-06,2,4,-6,1808.474609375
16,-0.2195121951219512,1.3023098290432245e-05,2,4,-6,1808.474609375
17,-0.1707317073170731,5.940198661846807e-06,2,4,-6,1808.474609375
18,-0.12195121951219512,2.4784663764876314e-05,2,4,-6,1808.474609375
19,-0.07317073170731703,1.0011872291215695e-06,2,4,-6,1808.474609375
20,-0.024390243902439046,1.054324548022123e-05,2,4,-6,1808.474609375
21,0.024390243902439046,6.105037755332887e-06,2,4,-6,1808.474609375
22,0.07317073170731714,2.1019352516304934e-06,2,4,-6,1808.474609375
23,0.12195121951219523,7.87392673373688e-06,2,4,-6,1808.474609375
24,0.17073170731707332,2.6024927137768827e-05,2,4,-6,1808.474609375
25,0.2195121951219512,6.829202902736142e-06,2,4,-6,1808.474609375
26,0.2682926829268293,5.954429070698097e-06,2,4,-6,1808.474609375
27,0.3170731707317074,1.133932346419897e-05,2,4,-6,1808.474609375
28,0.36585365853658547,7.957606612762902e-06,2,4,-6,1808.474609375
29,0.41463414634146356,5.145996965438826e-06,2,4,-6,1808.474609375
30,0.46341463414634143,6.058060534996912e-05,2,4,-6,1808.474609375
31,0.5121951219512195,2.2757537863071775e-06,2,4,-6,1808.474609375
32,0.5609756097560976,6.188406405271962e-05,2,4,-6,1808.474609375
33,0.6097560975609757,6.61199146634317e-06,2,4,-6,1808.474609375
34,0.6585365853658538,0.00010258573456667364,2,4,-6,1808.474609375
35,0.7073170731707317,0.00046226740232668817,2,4,-6,1808.474609375
36,0.7560975609756098,3.7455105484696105e-05,2,4,-6,1808.474609375
37,0.8048780487804879,0.03614528477191925,2,4,-6,1808.474609375
38,0.853658536585366,0.0025321952998638153,2,4,-6,1808.474609375
39,0.902439024390244,3.833740993286483e-05,2,4,-6,1808.474609375
40,0.9512195121951219,0.00034142364165745676,2,4,-6,1808.474609375
41,1.0,2.334090822841972e-05,2,4,-6,1808.474609375
0,-1.0,0.0,2,5,-6,1808.474609375
1,-0.9512195121951219,0.0,2,5,-6,1808.474609375
2,-0.9024390243902439,0.0,2,5,-6,1808.474609375
3,-0.8536585365853658,0.0,2,5,-6,1808.474609375
4,-0.8048780487804879,0.0,2,5,-6,1808.474609375
5,-0.7560975609756098,0.0,2,5,-6,1808.474609375
6,-0.7073170731707317,6.535259444717667e-07,2,5,-6,1808.474609375
7,-0.6585365853658536,2.4249922603303276e-07,2,5,-6,1808.474609375
8,-0.6097560975609756,3.182935301992984e-07,2,5,-6,1808.474609375
9,-0.5609756097560976,2.257696223750827e-06,2,5,-6,1808.474609375
10,-0.5121951219512195,6.140872756077442e-06,2,5,-6,1808.474609375
11,-0.46341463414634143,9.10445621116196e-08,2,5,-6,1808.474609375
12,-0.41463414634146334,8.869817236245581e-08,2,5,-6,1808.474609375
13,-0.36585365853658536,5.507042146746244e-07,2,5,-6,1808.474609375
14,-0.31707317073170727,1.3541348664602992e-07,2,5,-6,1808.474609375
15,-0.2682926829268293,4.594274116698216e-07,2,5,-6,1808.474609375
16,-0.2195121951219512,1.3212630847192486e-06,2,5,-6,1808.474609375
17,-0.1707317073170731,1.8233708942716476e-06,2,5,-6,1808.474609375
18,-0.12195121951219512,4.115349383937428e-06,2,5,-6,1808.474609375
19,-0.07317073170731703,1.7654529074206948e-06,2,5,-6,1808.474609375
20,-0.024390243902439046,2.5202545657521114e-05,2,5,-6,1808.474609375
21,0.024390243902439046,2.8942034191459243e-07,2,5,-6,1808.474609375
22,0.07317073170731714,4.776495643454837e-06,2,5,-6,1808.474609375
23,0.12195121951219523,0.00035154540091753006,2,5,-6,1808.474609375
24,0.17073170731707332,0.0020892673637717962,2,5,-6,1808.474609375
25,0.2195121951219512,0.0001518162025604397,2,5,-6,1808.474609375
26,0.2682926829268293,1.523637638456421e-05,2,5,-6,1808.474609375
27,0.3170731707317074,2.1671892682206817e-05,2,5,-6,1808.474609375
28,0.36585365853658547,6.714891060255468e-05,2,5,-6,1808.474609375
29,0.41463414634146356,4.346178684500046e-06,2,5,-6,1808.474609375
30,0.46341463414634143,5.890472607461561e-07,2,5,-6,1808.474609375
31,0.5121951219512195,5.316690476320218e-06,2,5,-6,1808.474609375
32,0.5609756097560976,1.3090497077428154e-06,2,5,-6,1808.474609375
33,0.6097560975609757,3.8328789742081426e-07,2,5,-6,1808.474609375
34,0.6585365853658538,9.710720405564643e-07,2,5,-6,1808.474609375
35,0.7073170731707317,2.2362996787705924e-06,2,5,-6,1808.474609375
36,0.7560975609756098,1.524375932149269e-07,2,5,-6,1808.474609375
37,0.8048780487804879,1.9842487745336257e-05,2,5,-6,1808.474609375
38,0.853658536585366,4.6469514813907153e-07,2,5,-6,1808.474609375
39,0.902439024390244,5.685121777787572e-07,2,5,-6,1808.474609375
40,0.9512195121951219,1.5011532639164216e-07,2,5,-6,1808.474609375
41,1.0,6.943822938865196e-08,2,5,-6,1808.474609375
0,-1.0,0.0,2,6,-6,1808.474609375
1,-0.9512195121951219,1.985091330425348e-06,2,6,-6,1808.474609375
2,-0.9024390243902439,8.215693014790304e-09,2,6,-6,1808.474609375
3,-0.8536585365853658,9.256924045075721e-07,2,6,-6,1808.474609375
4,-0.8048780487804879,4.1001723616318486e-07,2,6,-6,1808.474609375
5,-0.7560975609756098,4.378508720037644e-07,2,6,-6,1808.474609375
6,-0.7073170731707317,1.4411590427698684e-06,2,6,-6,1808.474609375
7,-0.6585365853658536,1.889237751129258e-06,2,6,-6,1808.474609375
8,-0.6097560975609756,2.054975993814878e-06,2,6,-6,1808.474609375
9,-0.5609756097560976,2.2976107629801845e-06,2,6,-6,1808.474609375
10,-0.5121951219512195,2.8614044822461437e-06,2,6,-6,1808.474609375
11,-0.46341463414634143,9.636060894990806e-06,2,6,-6,1808.474609375
12,-0.41463414634146334,1.864922296590521e-06,2,6,-6,1808.474609375
13,-0.36585365853658536,7.390911378024612e-06,2,6,-6,1808.474609375
14,-0.31707317073170727,1.240708752447972e-05,2,6,-6,1808.474609375
15,-0.2682926829268293,0.00013886445958632976,2,6,-6,1808.474609375
16,-0.2195121951219512,0.0018819640390574932,2,6,-6,1808.474609375
17,-0.1707317073170731,3.025113619514741e-05,2,6,-6,1808.474609375
18,-0.12195121951219512,1.0548617865424603e-05,2,6,-6,1808.474609375
19,-0.07317073170731703,3.811436545220204e-05,2,6,-6,1808.474609375
20,-0.024390243902439046,6.922985448909458e-06,2,6,-6,1808.474609375
21,0.024390243902439046,7.050007752695819e-06,2,6,-6,1808.474609375
22,0.07317073170731714,2.9750669909844873e-06,2,6,-6,1808.474609375
23,0.12195121951219523,3.2854604370413654e-08,2,6,-6,1808.474609375
24,0.17073170731707332,4.013121269963449e-06,2,6,-6,1808.474609375
25,0.2195121951219512,2.2664605694444617e-06,2,6,-6,1808.474609375
26,0.2682926829268293,8.907865094442968e-07,2,6,-6,1808.474609375
27,0.3170731707317074,1.2939847238158109e-06,2,6,-6,1808.474609375
28,0.36585365853658547,5.847997499586199e-07,2,6,-6,1808.474609375
29,0.41463414634146356,3.7966838561942495e-08,2,6,-6,1808.474609375
30,0.46341463414634143,1.1176000498380745e-06,2,6,-6,1808.474609375
31,0.5121951219512195,3.3665934040527645e-08,2,6,-6,1808.474609375
32,0.5609756097560976,0.0,2,6,-6,1808.474609375
33,0.6097560975609757,0.0,2,6,-6,1808.474609375
34,0.6585365853658538,0.0,2,6,-6,1808.474609375
35,0.7073170731707317,0.0,2,6,-6,1808.474609375
36,0.7560975609756098,0.0,2,6,-6,1808.474609375
37,0.8048780487804879,0.0,2,6,-6,1808.474609375
38,0.853658536585366,0.0,2,6,-6,1808.474609375
39,0.902439024390244,0.0,2,6,-6,1808.474609375
40,0.9512195121951219,0.0,2,6,-6,1808.474609375
41,1.0,0.0,2,6,-6,1808.474609375
0,-1.0,1.496269419476448e-07,2,7,-6,1808.474609375
1,-0.9512195121951219,2.0211725768604083e-06,2,7,-6,1808.474609375
2,-0.9024390243902439,8.564091444895894e-07,2,7,-6,1808.474609375
3,-0.8536585365853658,2.4165564127542893e-07,2,7,-6,1808.474609375
4,-0.8048780487804879,3.004463167144422e-08,2,7,-6,1808.474609375
5,-0.7560975609756098,1.5851725265747518e-06,2,7,-6,1808.474609375
6,-0.7073170731707317,4.365548988971568e-07,2,7,-6,1808.474609375
7,-0.6585365853658536,9.239299174623739e-07,2,7,-6,1808.474609375
8,-0.6097560975609756,0.00016139871149789542,2,7,-6,1808.474609375
9,-0.5609756097560976,1.9481740309856832e-05,2,7,-6,1808.474609375
10,-0.5121951219512195,6.466844934038818e-05,2,7,-6,1808.474609375
11,-0.46341463414634143,0.002145141363143921,2,7,-6,1808.474609375
12,-0.41463414634146334,5.485887959366664e-05,2,7,-6,1808.474609375
13,-0.36585365853658536,3.807167104241671e-06,2,7,-6,1808.474609375
14,-0.31707317073170727,1.9011216863873415e-05,2,7,-6,1808.474609375
15,-0.2682926829268293,6.393840976670617e-06,2,7,-6,1808.474609375
16,-0.2195121951219512,9.086163004212722e-07,2,7,-6,1808.474609375
17,-0.1707317073170731,7.30742658561212e-06,2,7,-6,1808.474609375
18,-0.12195121951219512,1.4069180906517431e-05,2,7,-6,1808.474609375
19,-0.07317073170731703,1.4757595181436045e-06,2,7,-6,1808.474609375
20,-0.024390243902439046,1.9993069599877344e-06,2,7,-6,1808.474609375
21,0.024390243902439046,5.999390850774944e-07,2,7,-6,1808.474609375
22,0.07317073170731714,9.464634445066622e-07,2,7,-6,1808.474609375
23,0.12195121951219523,5.424318061386657e-08,2,7,-6,1808.474609375
24,0.17073170731707332,1.417029125150293e-07,2,7,-6,1808.474609375
25,0.2195121951219512,0.0,2,7,-6,1808.474609375
26,0.2682926829268293,0.0,2,7,-6,1808.474609375
27,0.3170731707317074,0.0,2,7,-6,1808.474609375
28,0.36585365853658547,0.0,2,7,-6,1808.474609375
29,0.41463414634146356,0.0,2,7,-6,1808.474609375
30,0.46341463414634143,0.0,2,7,-6,1808.474609375
31,0.5121951219512195,0.0,2,7,-6,1808.474609375
32,0.5609756097560976,0.0,2,7,-6,1808.474609375
33,0.6097560975609757,0.0,2,7,-6,1808.474609375
34,0.6585365853658538,0.0,2,7,-6,1808.474609375
35,0.7073170731707317,0.0,2,7,-6,1808.474609375
36,0.7560975609756098,0.0,2,7,-6,1808.474609375
37,0.8048780487804879,0.0,2,7,-6,1808.474609375
38,0.853658536585366,0.0,2,7,-6,1808.474609375
39,0.902439024390244,0.0,2,7,-6,1808.474609375
40,0.9512195121951219,0.0,2,7,-6,1808.474609375
41,1.0,0.0,2,7,-6,1808.474609375
0,-1.0,3.6442227724364784e-07,3,2,-11,1808.474609375
1,-0.9512195121951219,6.864145802865096e-07,3,2,-11,1808.474609375
2,-0.9024390243902439,1.0077868864755146e-05,3,2,-11,1808.474609375
3,-0.8536585365853658,1.8223080360257882e-06,3,2,-11,1808.474609375
4,-0.8048780487804879,2.438874560084514e-07,3,2,-11,1808.474609375
5,-0.7560975609756098,6.607355658161396e-07,3,2,-11,1808.474609375
6,-0.7073170731707317,2.7907333333132556e-07,3,2,-11,1808.474609375
7,-0.6585365853658536,6.396266485353408e-07,3,2,-11,1808.474609375
8,-0.6097560975609756,4.114232297069975e-07,3,2,-11,1808.474609375
9,-0.5609756097560976,2.771556069092185e-07,3,2,-11,1808.474609375
10,-0.5121951219512195,1.3574309605246526e-06,3,2,-11,1808.474609375
11,-0.46341463414634143,4.986025370357083e-09,3,2,-11,1808.474609375
12,-0.41463414634146334,1.1518817473188392e-06,3,2,-11,1808.474609375
13,-0.36585365853658536,7.134436827982427e-07,3,2,-11,1808.474609375
14,-0.31707317073170727,4.9489166542571184e-08,3,2,-11,1808.474609375
15,-0.2682926829268293,2.085697161646749e-07,3,2,-11,1808.474609375
16,-0.2195121951219512,8.045836352721381e-07,3,2,-11,1808.474609375
17,-0.1707317073170731,1.771676579664927e-06,3,2,-11,1808.474609375
18,-0.12195121951219512,4.7542022230118164e-07,3,2,-11,1808.474609375
19,-0.07317073170731703,2.4910210072448535e-07,3,2,-11,1808.474609375
20,-0.024390243902439046,1.5248091358444071e-06,3,2,-11,1808.474609375
21,0.024390243902439046,7.894946634223743e-07,3,2,-11,1808.474609375
22,0.07317073170731714,3.2387954433943378e-06,3,2,-11,1808.474609375
23,0.12195121951219523,5.550915830099257e-06,3,2,-11,1808.474609375
24,0.17073170731707332,7.044970061542699e-06,3,2,-11,1808.474609375
25,0.2195121951219512,9.411501196154859e-06,3,2,-11,1808.474609375
26,0.2682926829268293,2.9709866794291884e-05,3,2,-11,1808.474609375
27,0.3170731707317074,1.937158958753571e-05,3,2,-11,1808.474609375
28,0.36585365853658547,4.588409865391441e-05,3,2,-11,1808.474609375
29,0.41463414634146356,0.00012296292698010802,3,2,-11,1808.474609375
30,0.46341463414634143,0.0006830787169747055,3,2,-11,1808.474609375
31,0.5121951219512195,0.0008206755737774074,3,2,-11,1808.474609375
32,0.5609756097560976,0.00011009257286787033,3,2,-11,1808.474609375
33,0.6097560975609757,4.210660335957073e-06,3,2,-11,1808.474609375
34,0.6585365853658538,1.1953022294619586e-05,3,2,-11,1808.474609375
35,0.7073170731707317,2.4580704121035524e-06,3,2,-11,1808.474609375
36,0.7560975609756098,1.6347856899301405e-06,3,2,-11,1808.474609375
37,0.8048780487804879,2.5482086130068637e-05,3,2,-11,1808.474609375
38,0.853658536585366,3.4088296274603636e-07,3,2,-11,1808.474609375
39,0.902439024390244,5.861137651663739e-06,3,2,-11,1808.474609375
40,0.9512195121951219,6.709315698572027e-07,3,2,-11,1808.474609375
41,1.0,6.462719852606824e-07,3,2,-11,1808.474609375
