tilt_index,tilt_angle,intensity,h,k,l,thickness
0,-1.0,6.09829442055343e-07,-3,-6,7,1645.7626953125
1,-0.9512195121951219,3.6861656553810462e-06,-3,-6,7,1645.7626953125
2,-0.9024390243902439,3.791046310652746e-06,-3,-6,7,1645.7626953125
3,-0.8536585365853658,6.40072528312885e-07,-3,-6,7,1645.7626953125
4,-0.8048780487804879,9.310808309237473e-06,-3,-6,7,1645.7626953125
5,-0.7560975609756098,2.187357131333556e-05,-3,-6,7,1645.7626953125
6,-0.7073170731707317,2.8739033950841986e-05,-3,-6,7,1645.7626953125
7,-0.6585365853658536,2.9526923754019663e-05,-3,-6,7,1645.7626953125
8,-0.6097560975609756,3.864532845909707e-05,-3,-6,7,1645.7626953125
9,-0.5609756097560976,0.008767046965658665,-3,-6,7,1645.7626953125
10,-0.5121951219512195,0.00019902792701032013,-3,-6,7,1645.7626953125
11,-0.46341463414634143,4.961166268913075e-06,-3,-6,7,1645.7626953125
12,-0.41463414634146334,1.850747321441304e-05,-3,-6,7,1645.7626953125
13,-0.36585365853658536,1.0280600690748543e-05,-3,-6,7,1645.7626953125
14,-0.31707317073170727,1.7406166819000646e-07,-3,-6,7,1645.7626953125
15,-0.2682926829268293,1.2219248901601532e-06,-3,-6,7,1645.7626953125
16,-0.2195121951219512,4.860356511926511e-06,-3,-6,7,1645.7626953125
17,-0.1707317073170731,1.3897678400098812e-05,-3,-6,7,1645.7626953125
18,-0.12195121951219512,2.0231510688972776e-07,-3,-6,7,1645.7626953125
19,-0.07317073170731703,2.3253853953519865e-07,-3,-6,7,1645.7626953125
20,-0.024390243902439046,4.327208898757817e-06,-3,-6,7,1645.7626953125
21,0.024390243902439046,4.454187092051143e-06,-3,-6,7,1645.7626953125
22,0.07317073170731714,4.3798013393825386e-06,-3,-6,7,1645.7626953125
23,0.12195121951219523,1.3123611779519706e-06,-3,-6,7,1645.7626953125
24,0.17073170731707332,0.0,-3,-6,7,1645.7626953125
25,0.2195121951219512,0.0,-3,-6,7,1645.7626953125
26,0.2682926829268293,0.0,-3,-6,7,1645.7626953125
27,0.3170731707317074,0.0,-3,-6,7,1645.7626953125
28,0.36585365853658547,0.0,-3,-6,7,1645.7626953125
29,0.41463414634146356,0.0,-3,-6,7,1645.7626953125
30,0.46341463414634143,0.0,-3,-6,7,1645.7626953125
31,0.5121951219512195,0.0,-3,-6,7,1645.7626953125
32,0.5609756097560976,0.0,-3,-6,7,1645.7626953125
33,0.6097560975609757,0.0,-3,-6,7,1645.7626953125
34,0.6585365853658538,0.0,-3,-6,7,1645.7626953125
35,0.7073170731707317,0.0,-3,-6,7,1645.7626953125
36,0.7560975609756098,0.0,-3,-6,7,1645.7626953125
37,0.8048780487804879,0.0,-3,-6,7,1645.7626953125
38,0.853658536585366,0.0,-3,-6,7,1645.7626953125
39,0.902439024390244,0.0,-3,-6,7,1645.7626953125
40,0.9512195121951219,0.0,-3,-6,7,1645.7626953125
41,1.0,0.0,-3,-6,7,1645.7626953125
0,-1.0,0.0,-3,-5,7,1645.7626953125
1,-0.9512195121951219,0.0,-3,-5,7,1645.7626953125
2,-0.9024390243902439,0.0,-3,-5,7,1645.7626953125
3,-0.8536585365853658,0.0,-3,-5,7,1645.7626953125
4,-0.8048780487804879,0.0,-3,-5,7,1645.7626953125
5,-0.7560975609756098,0.0,-3,-5,7,1645.7626953125
6,-0.7073170731707317,0.0,-3,-5,7,1645.7626953125
7,-0.6585365853658536,0.0,-3,-5,7,1645.7626953125
8,-0.6097560975609756,0.0,-3,-5,7,1645.7626953125
9,-0.5609756097560976,0.0,-3,-5,7,1645.7626953125
10,-0.5121951219512195,0.0,-3,-5,7,1645.7626953125
11,-0.46341463414634143,0.0,-3,-5,7,1645.7626953125
12,-0.41463414634146334,0.0,-3,-5,7,1645.7626953125
13,-0.36585365853658536,0.0,-3,-5,7,1645.7626953125
14,-0.31707317073170727,0.0,-3,-5,7,1645.7626953125
15,-0.2682926829268293,0.0,-3,-5,7,1645.7626953125
16,-0.2195121951219512,0.0,-3,-5,7,1645.7626953125
17,-0.1707317073170731,0.0,-3,-5,7,1645.7626953125
18,-0.12195121951219512,2.844936375367979e-07,-3,-5,7,1645.7626953125
19,-0.07317073170731703,1.4826356675712304e-07,-3,-5,7,1645.7626953125
20,-0.024390243902439046,1.9603426437697635e-07,-3,-5,7,1645.7626953125
21,0.024390243902439046,4.557947249850258e-06,-3,-5,7,1645.7626953125
22,0.07317073170731714,6.577803560503526e-06,-3,-5,7,1645.7626953125
23,0.12195121951219523,8.431901505900896e-07,-3,-5,7,1645.7626953125
24,0.17073170731707332,4.5979832066223025e-06,-3,-5,7,1645.7626953125
25,0.2195121951219512,1.5463740510313073e-07,-3,-5,7,1645.7626953125
26,0.2682926829268293,3.230920992791653e-05,-3,-5,7,1645.7626953125
27,0.3170731707317074,9.245441106031649e-06,-3,-5,7,1645.7626953125
28,0.36585365853658547,2.6644365789252333e-06,-3,-5,7,1645.7626953125
29,0.41463414634146356,1.025719370773004e-06,-3,-5,7,1645.7626953125
30,0.46341463414634143,3.8541962567251176e-05,-3,-5,7,1645.7626953125
31,0.5121951219512195,6.614532594539924e-06,-3,-5,7,1645.7626953125
32,0.5609756097560976,1.3965313883090857e-05,-3,-5,7,1645.7626953125
33,0.6097560975609757,0.00010195829963777214,-3,-5,7,1645.7626953125
34,0.6585365853658538,0.0031093712896108627,-3,-5,7,1645.7626953125
35,0.7073170731707317,0.00023599104315508157,-3,-5,7,1645.7626953125
36,0.7560975609756098,2.5671140974736772e-05,-3,-5,7,1645.7626953125
37,0.8048780487804879,8.580410940339789e-05,-3,-5,7,1645.7626953125
38,0.853658536585366,1.0089095667353831e-05,-3,-5,7,1645.7626953125
39,0.902439024390244,2.8152197046438232e-05,-3,-5,7,1645.7626953125
40,0.9512195121951219,0.00013225422299001366,-3,-5,7,1645.7626953125
41,1.0,4.749310846818844e-06,-3,-5,7,1645.7626953125
0,-1.0,3.82041207558359e-06,-3,-4,8,1645.7626953125
1,-0.9512195121951219,5.013886834603909e-07,-3,-4,8,1645.7626953125
2,-0.9024390243902439,6.408459739759564e-06,-3,-4,8,1645.7626953125
3,-0.8536585365853658,1.4369758901011664e-05,-3,-4,8,1645.7626953125
4,-0.8048780487804879,0.00011773598089348525,-3,-4,8,1645.7626953125
5,-0.7560975609756098,6.425876927096397e-05,-3,-4,8,1645.7626953125
6,-0.7073170731707317,3.12493575620465e-05,-3,-4,8,1645.7626953125
7,-0.6585365853658536,0.00012405874440446496,-3,-4,8,1645.7626953125
8,-0.6097560975609756,0.0003622606163844466,-3,-4,8,1645.7626953125
9,-0.5609756097560976,0.0038396366871893406,-3,-4,8,1645.7626953125
10,-0.5121951219512195,0.0006392383365891874,-3,-4,8,1645.7626953125
11,-0.46341463414634143,0.0001406427036272362,-3,-4,8,1645.7626953125
12,-0.41463414634146334,1.7272133845835924e-05,-3,-4,8,1645.7626953125
13,-0.36585365853658536,6.393713556462899e-05,-3,-4,8,1645.7626953125
14,-0.31707317073170727,0.00013291052891872823,-3,-4,8,1645.7626953125
15,-0.2682926829268293,3.599104957174859e-06,-3,-4,8,1645.7626953125
16,-0.2195121951219512,5.163315563549986e-06,-3,-4,8,1645.7626953125
17,-0.1707317073170731,8.46898001327645e-06,-3,-4,8,1645.7626953125
18,-0.12195121951219512,5.32403589659225e-07,-3,-4,8,1645.7626953125
19,-0.07317073170731703,5.558047178055858e-06,-3,-4,8,1645.7626953125
20,-0.024390243902439046,4.0844703619313805e-08,-3,-4,8,1645.7626953125
21,0.024390243902439046,8.052109478740022e-06,-3,-4,8,1645.7626953125
22,0.07317073170731714,1.1354440175637137e-05,-3,-4,8,1645.7626953125
23,0.12195121951219523,1.1128758359291169e-07,-3,-4,8,1645.7626953125
24,0.17073170731707332,6.873693223496957e-07,-3,-4,8,1645.7626953125
25,0.2195121951219512,1.0758516282294295e-06,-3,-4,8,1645.7626953125
26,0.2682926829268293,4.6050726609792036e-07,-3,-4,8,1645.7626953125
27,0.3170731707317074,9.846405646385392e-07,-3,-4,8,1645.7626953125
28,0.36585365853658547,5.765843980043428e-08,-3,-4,8,1645.7626953125
29,0.41463414634146356,9.599538088878035e-07,-3,-4,8,1645.7626953125
30,0.46341463414634143,0.0,-3,-4,8,1645.7626953125
31,0.5121951219512195,0.0,-3,-4,8,1645.7626953125
32,0.5609756097560976,0.0,-3,-4,8,1645.7626953125
33,0.6097560975609757,0.0,-3,-4,8,1645.7626953125
34,0.6585365853658538,0.0,-3,-4,8,1645.7626953125
35,0.7073170731707317,0.0,-3,-4,8,1645.7626953125
36,0.7560975609756098,0.0,-3,-4,8,1645.7626953125
37,0.8048780487804879,0.0,-3,-4,8,1645.7626953125
38,0.853658536585366,0.0,-3,-4,8,1645.7626953125
39,0.902439024390244,0.0,-3,-4,8,1645.7626953125
40,0.9512195121951219,0.0,-3,-4,8,1645.7626953125
41,1.0,0.0,-3,-4,8,1645.7626953125
0,-1.0,8.115025025290379e-07,-3,4,11,1645.7626953125
1,-0.9512195121951219,9.015648743115889e-07,-3,4,11,1645.7626953125
2,-0.9024390243902439,5.323006917024031e-06,-3,4,11,1645.7626953125
3,-0.8536585365853658,7.685855052841362e-06,-3,4,11,1645.7626953125
4,-0.8048780487804879,3.1369345379062e-05,-3,4,11,1645.7626953125
5,-0.7560975609756098,2.7034038794226944e-05,-3,4,11,1645.7626953125
6,-0.7073170731707317,1.0191819455940276e-05,-3,4,11,1645.7626953125
7,-0.6585365853658536,2.921646046161186e-05,-3,4,11,1645.7626953125
8,-0.6097560975609756,2.7198836960451445e-06,-3,4,11,1645.7626953125
9,-0.5609756097560976,5.332280488801189e-05,-3,4,11,1645.7626953125
10,-0.5121951219512195,5.653140033246018e-05,-3,4,11,1645.7626953125
11,-0.46341463414634143,0.015593730844557285,-3,4,11,1645.7626953125
12,-0.41463414634146334,0.001681412453763187,-3,4,11,1645.7626953125
13,-0.36585365853658536,9.224782843375579e-05,-3,4,11,1645.7626953125
14,-0.31707317073170727,8.24931248644134e-07,-3,4,11,1645.7626953125
15,-0.2682926829268293,2.6336258088122122e-05,-3,4,11,1645.7626953125
16,-0.2195121951219512,3.870680302497931e-05,-3,4,11,1645.7626953125
17,-0.1707317073170731,3.880471194861457e-05,-3,4,11,1645.7626953125
18,-0.12195121951219512,1.2627137948584277e-05,-3,4,11,1645.7626953125
19,-0.07317073170731703,2.2834536139271222e-05,-3,4,11,1645.7626953125
20,-0.024390243902439046,1.78718073584605e-05,-3,4,11,1645.7626953125
21,0.024390243902439046,6.15677436144324e-06,-3,4,11,1645.7626953125
22,0.07317073170731714,5.937628429819597e-06,-3,4,11,1645.7626953125
23,0.12195121951219523,3.4424876957928063e-06,-3,4,11,1645.7626953125
24,0.17073170731707332,2.9957775495859096e-06,-3,4,11,1645.7626953125
25,0.2195121951219512,8.73172848514514e-06,-3,4,11,1645.7626953125
26,0.2682926829268293,7.166973432504165e-07,-3,4,11,1645.7626953125
27,0.3170731707317074,1.839489449650955e-08,-3,4,11,1645.7626953125
28,0.36585365853658547,2.000174617933226e-06,-3,4,11,1645.7626953125
29,0.41463414634146356,9.145596777671017e-06,-3,4,11,1645.7626953125
30,0.46341463414634143,3.662012488803157e-07,-3,4,11,1645.7626953125
31,0.5121951219512195,1.849232717177074e-06,-3,4,11,1645.7626953125
32,0.5609756097560976,1.4630460043463245e-07,-3,4,11,1645.7626953125
33,0.6097560975609757,1.2395089470373932e-06,-3,4,11,1645.7626953125
34,0.6585365853658538,4.728817373234051e-07,-3,4,11,1645.7626953125
35,0.7073170731707317,2.1046896563348128e-06,-3,4,11,1645.7626953125
36,0.7560975609756098,8.21351113700075e-06,-3,4,11,1645.7626953125
37,0.8048780487804879,1.7302376363659278e-05,-3,4,11,1645.7626953125
38,0.853658536585366,7.157419531722553e-06,-3,4,11,1645.7626953125
39,0.902439024390244,3.1631775527785067e-06,-3,4,11,1645.7626953125
40,0.9512195121951219,2.1586161835784878e-07,-3,4,11,1645.7626953125
41,1.0,3.477573500276776e-07,-3,4,11,1645.7626953125
0,-1.0,0.0,-2,-8,2,1645.7626953125
1,-0.9512195121951219,0.0,-2,-8,2,1645.7626953125
2,-0.9024390243902439,0.0,-2,-8,2,1645.7626953125
3,-0.8536585365853658,0.0,-2,-8,2,1645.7626953125
4,-0.8048780487804879,0.0,-2,-8,2,1645.7626953125
5,-0.7560975609756098,0.0,-2,-8,2,1645.7626953125
6,-0.7073170731707317,0.0,-2,-8,2,1645.7626953125
7,-0.6585365853658536,0.0,-2,-8,2,1645.7626953125
8,-0.6097560975609756,0.0,-2,-8,2,1645.7626953125
9,-0.5609756097560976,0.0,-2,-8,2,1645.7626953125
10,-0.5121951219512195,0.0,-2,-8,2,1645.7626953125
11,-0.46341463414634143,0.0,-2,-8,2,1645.7626953125
12,-0.41463414634146334,0.0,-2,-8,2,1645.7626953125
13,-0.36585365853658536,0.0,-2,-8,2,1645.7626953125
14,-0.31707317073170727,0.0,-2,-8,2,1645.7626953125
15,-0.2682926829268293,0.0,-2,-8,2,1645.7626953125
16,-0.2195121951219512,0.0,-2,-8,2,1645.7626953125
17,-0.1707317073170731,0.0,-2,-8,2,1645.7626953125
18,-0.12195121951219512,0.0,-2,-8,2,1645.7626953125
19,-0.07317073170731703,0.0,-2,-8,2,1645.7626953125
20,-0.024390243902439046,0.0,-2,-8,2,1645.7626953125
21,0.024390243902439046,0.0,-2,-8,2,1645.7626953125
22,0.07317073170731714,5.9918820625171065e-06,-2,-8,2,1645.7626953125
23,0.12195121951219523,4.614969668637059e-07,-2,-8,2,1645.7626953125
24,0.17073170731707332,7.537370265708887e-07,-2,-8,2,1645.7626953125
25,0.2195121951219512,2.9462944439728744e-07,-2,-8,2,1645.7626953125
26,0.2682926829268293,1.3334879440662917e-06,-2,-8,2,1645.7626953125
27,0.3170731707317074,5.795384822704364e-06,-2,-8,2,1645.7626953125
28,0.36585365853658547,3.9272968024306465e-06,-2,-8,2,1645.7626953125
29,0.41463414634146356,7.0778360168333165e-06,-2,-8,2,1645.7626953125
30,0.46341463414634143,8.957902900874615e-05,-2,-8,2,1645.7626953125
31,0.5121951219512195,1.8429720512358472e-05,-2,-8,2,1645.7626953125
32,0.5609756097560976,8.654916746309027e-05,-2,-8,2,1645.7626953125
33,0.6097560975609757,0.00019174368935637176,-2,-8,2,1645.7626953125
34,0.6585365853658538,0.00024681579088792205,-2,-8,2,1645.7626953125
35,0.7073170731707317,2.7064723440162197e-07,-2,-8,2,1645.7626953125
36,0.7560975609756098,3.827317129889707e-07,-2,-8,2,1645.7626953125
37,0.8048780487804879,8.257451554527506e-06,-2,-8,2,1645.7626953125
38,0.853658536585366,1.3932780973391345e-07,-2,-8,2,1645.7626953125
39,0.902439024390244,5.671187750522222e-07,-2,-8,2,1645.7626953125
40,0.9512195121951219,1.6235608200076967e-06,-2,-8,2,1645.7626953125
41,1.0,3.4976767437910894e-07,-2,-8,2,1645.7626953125
0,-1.0,3.121302825093153e-06,-2,-8,3,1645.7626953125
1,-0.9512195121951219,3.149210169794969e-05,-2,-8,3,1645.7626953125
2,-0.9024390243902439,0.00011552554497029632,-2,-8,3,1645.7626953125
3,-0.8536585365853658,3.971654950873926e-05,-2,-8,3,1645.7626953125
4,-0.8048780487804879,5.058539613855828e-07,-2,-8,3,1645.7626953125
5,-0.7560975609756098,4.6364732497750083e-07,-2,-8,3,1645.7626953125
6,-0.7073170731707317,7.052909722915501e-08,-2,-8,3,1645.7626953125
7,-0.6585365853658536,1.673975020821672e-07,-2,-8,3,1645.7626953125
8,-0.6097560975609756,1.1313250070088543e-07,-2,-8,3,1645.7626953125
9,-0.5609756097560976,2.1727045407260448e-07,-2,-8,3,1645.7626953125
10,-0.5121951219512195,2.9339346951928746e-07,-2,-8,3,1645.7626953125
11,-0.46341463414634143,7.109721309461747e-07,-2,-8,3,1645.7626953125
12,-0.41463414634146334,3.589467212350428e-07,-2,-8,3,1645.7626953125
13,-0.36585365853658536,4.568155986817146e-07,-2,-8,3,1645.7626953125
14,-0.31707317073170727,0.0,-2,-8,3,1645.7626953125
15,-0.2682926829268293,0.0,-2,-8,3,1645.7626953125
16,-0.2195121951219512,0.0,-2,-8,3,1645.7626953125
17,-0.1707317073170731,0.0,-2,-8,3,1645.7626953125
18,-0.12195121951219512,0.0,-2,-8,3,1645.7626953125
19,-0.07317073170731703,0.0,-2,-8,3,1645.7626953125
20,-0.024390243902439046,0.0,-2,-8,3,1645.7626953125
21,0.024390243902439046,0.0,-2,-8,3,1645.7626953125
22,0.07317073170731714,0.0,-2,-8,3,1645.7626953125
23,0.12195121951219523,0.0,-2,-8,3,1645.7626953125
24,0.17073170731707332,0.0,-2,-8,3,1645.7626953125
25,0.2195121951219512,0.0,-2,-8,3,1645.7626953125
26,0.2682926829268293,0.0,-2,-8,3,1645.7626953125
27,0.3170731707317074,0.0,-2,-8,3,1645.7626953125
28,0.36585365853658547,0.0,-2,-8,3,1645.7626953125
29,0.41463414634146356,0.0,-2,-8,3,1645.7626953125
30,0.46341463414634143,0.0,-2,-8,3,1645.7626953125
31,0.5121951219512195,0.0,-2,-8,3,1645.7626953125
32,0.5609756097560976,0.0,-2,-8,3,1645.7626953125
33,0.6097560975609757,0.0,-2,-8,3,1645.7626953125
34,0.6585365853658538,0.0,-2,-8,3,1645.7626953125
35,0.7073170731707317,0.0,-2,-8,3,1645.7626953125
36,0.7560975609756098,0.0,-2,-8,3,1645.7626953125
37,0.8048780487804879,0.0,-2,-8,3,1645.7626953125
38,0.853658536585366,0.0,-2,-8,3,1645.7626953125
39,0.902439024390244,0.0,-2,-8,3,1645.7626953125
40,0.9512195121951219,0.0,-2,-8,3,1645.7626953125
41,1.0,0.0,-2,-8,3,1645.7626953125
0,-1.0,0.0,-2,-7,3,1645.7626953125
1,-0.9512195121951219,0.0,-2,-7,3,1645.7626953125
2,-0.9024390243902439,0.0,-2,-7,3,1645.7626953125
3,-0.8536585365853658,0.0,-2,-7,3,1645.7626953125
4,-0.8048780487804879,0.0,-2,-7,3,1645.7626953125
5,-0.7560975609756098,0.0,-2,-7,3,1645.7626953125
6,-0.7073170731707317,0.0,-2,-7,3,1645.7626953125
7,-0.6585365853658536,0.0,-2,-7,3,1645.7626953125
8,-0.6097560975609756,0.0,-2,-7,3,1645.7626953125
9,-0.5609756097560976,1.4642236578765733e-07,-2,-7,3,1645.7626953125
10,-0.5121951219512195,1.9366325432201847e-06,-2,-7,3,1645.7626953125
11,-0.46341463414634143,9.74442173173884e-07,-2,-7,3,1645.7626953125
12,-0.41463414634146334,7.807377073731914e-07,-2,-7,3,1645.7626953125
13,-0.36585365853658536,9.315824058830913e-07,-2,-7,3,1645.7626953125
14,-0.31707317073170727,1.419915133737959e-05,-2,-7,3,1645.7626953125
15,-0.2682926829268293,2.242488108095131e-06,-2,-7,3,1645.7626953125
16,-0.2195121951219512,8.104198968794663e-06,-2,-7,3,1645.7626953125
17,-0.1707317073170731,2.7260964998276904e-05,-2,-7,3,1645.7626953125
18,-0.12195121951219512,6.89573153067613e-06,-2,-7,3,1645.7626953125
19,-0.07317073170731703,5.588759449892677e-06,-2,-7,3,1645.7626953125
20,-0.024390243902439046,1.1441092283348553e-05,-2,-7,3,1645.7626953125
21,0.024390243902439046,0.00367384753189981,-2,-7,3,1645.7626953125
22,0.07317073170731714,0.003966030199080706,-2,-7,3,1645.7626953125
23,0.12195121951219523,7.38974631531164e-05,-2,-7,3,1645.7626953125
24,0.17073170731707332,1.947331611518166e-06,-2,-7,3,1645.7626953125
25,0.2195121951219512,3.262035988882417e-06,-2,-7,3,1645.7626953125
26,0.2682926829268293,1.6209894511121092e-06,-2,-7,3,1645.7626953125
27,0.3170731707317074,1.7893606241159432e-07,-2,-7,3,1645.7626953125
28,0.36585365853658547,2.386646258401015e-08,-2,-7,3,1645.7626953125
29,0.41463414634146356,1.7806343066695263e-06,-2,-7,3,1645.7626953125
30,0.46341463414634143,9.796053745958488e-06,-2,-7,3,1645.7626953125
31,0.5121951219512195,5.776243483524013e-07,-2,-7,3,1645.7626953125
32,0.5609756097560976,2.765307272056816e-06,-2,-7,3,1645.7626953125
33,0.6097560975609757,2.6109066197932407e-07,-2,-7,3,1645.7626953125
34,0.6585365853658538,6.66434345930611e-07,-2,-7,3,1645.7626953125
35,0.7073170731707317,0.0,-2,-7,3,1645.7626953125
36,0.7560975609756098,0.0,-2,-7,3,1645.7626953125
37,0.8048780487804879,0.0,-2,-7,3,1645.7626953125
38,0.853658536585366,0.0,-2,-7,3,1645.7626953125
39,0.902439024390244,0.0,-2,-7,3,1645.7626953125
40,0.9512195121951219,0.0,-2,-7,3,1645.7626953125
41,1.0,0.0,-2,-7,3,1645.7626953125
0,-1.0,8.179657015716657e-06,-2,-6,4,1645.7626953125
1,-0.9512195121951219,3.219684731448069e-05,-2,-6,4,1645.7626953125
2,-0.9024390243902439,3.854431997751817e-05,-2,-6,4,1645.7626953125
3,-0.8536585365853658,0.0004873592115473002,-2,-6,4,1645.7626953125
4,-0.8048780487804879,0.00010318181739421561,-2,-6,4,1645.7626953125
5,-0.7560975609756098,0.004773768130689859,-2,-6,4,1645.7626953125
6,-0.7073170731707317,2.616857091197744e-05,-2,-6,4,1645.7626953125
7,-0.6585365853658536,6.844308518338948e-05,-2,-6,4,1645.7626953125
8,-0.6097560975609756,4.431544221006334e-05,-2,-6,4,1645.7626953125
9,-0.5609756097560976,9.968230187951121e-06,-2,-6,4,1645.7626953125
10,-0.5121951219512195,7.42351630833582e-06,-2,-6,4,1645.7626953125
11,-0.46341463414634143,6.154182756290538e-06,-2,-6,4,1645.7626953125
12,-0.41463414634146334,9.09396112547256e-06,-2,-6,4,1645.7626953125
13,-0.36585365853658536,2.6897845600615256e-05,-2,-6,4,1645.7626953125
14,-0.31707317073170727,3.70787747669965e-05,-2,-6,4,1645.7626953125
15,-0.2682926829268293,2.6746779440145474e-06,-2,-6,4,1645.7626953125
16,-0.2195121951219512,1.226348558702739e-06,-2,-6,4,1645.7626953125
17,-0.1707317073170731,1.4956488485040609e-05,-2,-6,4,1645.7626953125
18,-0.12195121951219512,3.6630658541980665e-06,-2,-6,4,1645.7626953125
19,-0.07317073170731703,2.855701268345001e-06,-2,-6,4,1645.7626953125
20,-0.024390243902439046,2.59352168541227e-06,-2,-6,4,1645.7626953125
21,0.024390243902439046,0.0,-2,-6,4,1645.7626953125
22,0.07317073170731714,0.0,-2,-6,4,1645.7626953125
23,0.12195121951219523,0.0,-2,-6,4,1645.7626953125
24,0.17073170731707332,0.0,-2,-6,4,1645.7626953125
25,0.2195121951219512,0.0,-2,-6,4,1645.7626953125
26,0.2682926829268293,0.0,-2,-6,4,1645.7626953125
27,0.3170731707317074,0.0,-2,-6,4,1645.7626953125
28,0.36585365853658547,0.0,-2,-6,4,1645.7626953125
29,0.41463414634146356,0.0,-2,-6,4,1645.7626953125
30,0.46341463414634143,0.0,-2,-6,4,1645.7626953125
31,0.5121951219512195,0.0,-2,-6,4,1645.7626953125
32,0.5609756097560976,0.0,-2,-6,4,1645.7626953125
33,0.6097560975609757,0.0,-2,-6,4,1645.7626953125
34,0.6585365853658538,0.0,-2,-6,4,1645.7626953125
35,0.7073170731707317,0.0,-2,-6,4,1645.7626953125
36,0.7560975609756098,0.0,-2,-6,4,1645.7626953125
37,0.8048780487804879,0.0,-2,-6,4,1645.7626953125
38,0.853658536585366,0.0,-2,-6,4,1645.7626953125
39,0.902439024390244,0.0,-2,-6,4,1645.7626953125
40,0.9512195121951219,0.0,-2,-6,4,1645.7626953125
41,1.0,0.0,-2,-6,4,1645.7626953125
0,-1.0,0.0,-2,-5,4,1645.7626953125
1,-0.9512195121951219,0.0,-2,-5,4,1645.7626953125
2,-0.9024390243902439,0.0,-2,-5,4,1645.7626953125
3,-0.8536585365853658,0.0,-2,-5,4,1645.7626953125
4,-0.8048780487804879,0.0,-2,-5,4,1645.7626953125
5,-0.7560975609756098,0.0,-2,-5,4,1645.7626953125
6,-0.7073170731707317,0.0,-2,-5,4,1645.7626953125
7,-0.6585365853658536,0.0,-2,-5,4,1645.7626953125
8,-0.6097560975609756,0.0,-2,-5,4,1645.7626953125
9,-0.5609756097560976,0.0,-2,-5,4,1645.7626953125
10,-0.5121951219512195,0.0,-2,-5,4,1645.7626953125
11,-0.46341463414634143,0.0,-2,-5,4,1645.7626953125
12,-0.41463414634146334,0.0,-2,-5,4,1645.7626953125
13,-0.36585365853658536,2.170723382732831e-05,-2,-5,4,1645.7626953125
14,-0.31707317073170727,3.4855117974075256e-06,-2,-5,4,1645.7626953125
15,-0.2682926829268293,2.3462231979465287e-07,-2,-5,4,1645.7626953125
16,-0.2195121951219512,3.0422559120779624e-06,-2,-5,4,1645.7626953125
17,-0.1707317073170731,7.5834477684111334e-06,-2,-5,4,1645.7626953125
18,-0.12195121951219512,2.8999015739827882e-06,-2,-5,4,1645.7626953125
19,-0.07317073170731703,2.9769144020974636e-06,-2,-5,4,1645.7626953125
20,-0.024390243902439046,1.9032591808354482e-05,-2,-5,4,1645.7626953125
21,0.024390243902439046,3.315606227261014e-05,-2,-5,4,1645.7626953125
22,0.07317073170731714,1.7162852600449696e-05,-2,-5,4,1645.7626953125
23,0.12195121951219523,1.080232550521032e-06,-2,-5,4,1645.7626953125
24,0.17073170731707332,2.172963149860152e-06,-2,-5,4,1645.7626953125
25,0.2195121951219512,4.78997890240862e-06,-2,-5,4,1645.7626953125
26,0.2682926829268293,1.2337326552369632e-05,-2,-5,4,1645.7626953125
27,0.3170731707317074,1.2249063729541376e-05,-2,-5,4,1645.7626953125
28,0.36585365853658547,4.606027687259484e-06,-2,-5,4,1645.7626953125
29,0.41463414634146356,0.004591120406985283,-2,-5,4,1645.7626953125
30,0.46341463414634143,0.09038051217794418,-2,-5,4,1645.7626953125
31,0.5121951219512195,0.00030528369825333357,-2,-5,4,1645.7626953125
32,0.5609756097560976,8.442352736892644e-06,-2,-5,4,1645.7626953125
33,0.6097560975609757,5.7075372751569375e-05,-2,-5,4,1645.7626953125
34,0.6585365853658538,0.00031602330273017287,-2,-5,4,1645.7626953125
35,0.7073170731707317,3.399466731934808e-05,-2,-5,4,1645.7626953125
36,0.7560975609756098,1.4652172467322089e-05,-2,-5,4,1645.7626953125
37,0.8048780487804879,4.306327355152462e-06,-2,-5,4,1645.7626953125
38,0.853658536585366,1.8647757826784073e-07,-2,-5,4,1645.7626953125
39,0.902439024390244,5.591455646936083e-06,-2,-5,4,1645.7626953125
40,0.9512195121951219,1.3345774277695455e-05,-2,-5,4,1645.7626953125
41,1.0,2.5097706384258345e-06,-2,-5,4,1645.7626953125
0,-1.0,0.00010034454317064956,-2,-4,5,1645.7626953125
1,-0.9512195121951219,0.0002660326426848769,-2,-4,5,1645.7626953125
2,-0.9024390243902439,0.00020698471053037792,-2,-4,5,1645.7626953125
3,-0.8536585365853658,0.00021538363944273442,-2,-4,5,1645.7626953125
4,-0.8048780487804879,0.020121734589338303,-2,-4,5,1645.7626953125
5,-0.7560975609756098,0.0024585507344454527,-2,-4,5,1645.7626953125
6,-0.7073170731707317,0.00021470613137353212,-2,-4,5,1645.7626953125
7,-0.6585365853658536,0.00012367549061309546,-2,-4,5,1645.7626953125
8,-0.6097560975609756,0.00011343113874318078,-2,-4,5,1645.7626953125
9,-0.5609756097560976,4.016223556391196e-06,-2,-4,5,1645.7626953125
10,-0.5121951219512195,4.559002991300076e-05,-2,-4,5,1645.7626953125
11,-0.46341463414634143,4.694608378486009e-06,-2,-4,5,1645.7626953125
12,-0.41463414634146334,1.0740942343545612e-05,-2,-4,5,1645.7626953125
13,-0.36585365853658536,6.772881897632033e-05,-2,-4,5,1645.7626953125
14,-0.31707317073170727,1.1920612450921908e-05,-2,-4,5,1645.7626953125
15,-0.2682926829268293,6.739865057170391e-06,-2,-4,5,1645.7626953125
16,-0.2195121951219512,2.6287223590770736e-05,-2,-4,5,1645.7626953125
17,-0.1707317073170731,2.7102183594251983e-05,-2,-4,5,1645.7626953125
18,-0.12195121951219512,8.370559953618795e-06,-2,-4,5,1645.7626953125
19,-0.07317073170731703,3.4965279382959125e-07,-2,-4,5,1645.7626953125
20,-0.024390243902439046,8.908513336791657e-06,-2,-4,5,1645.7626953125
21,0.024390243902439046,1.73245498444885e-05,-2,-4,5,1645.7626953125
22,0.07317073170731714,1.1291821465420071e-05,-2,-4,5,1645.7626953125
23,0.12195121951219523,3.399599563636002e-06,-2,-4,5,1645.7626953125
24,0.17073170731707332,3.0621473001701816e-07,-2,-4,5,1645.7626953125
25,0.2195121951219512,3.7658497831216664e-07,-2,-4,5,1645.7626953125
26,0.2682926829268293,5.747571663050621e-07,-2,-4,5,1645.7626953125
27,0.3170731707317074,0.0,-2,-4,5,1645.7626953125
28,0.36585365853658547,0.0,-2,-4,5,1645.7626953125
29,0.41463414634146356,0.0,-2,-4,5,1645.7626953125
30,0.46341463414634143,0.0,-2,-4,5,1645.7626953125
31,0.5121951219512195,0.0,-2,-4,5,1645.7626953125
32,0.5609756097560976,0.0,-2,-4,5,1645.7626953125
33,0.6097560975609757,0.0,-2,-4,5,1645.7626953125
34,0.6585365853658538,0.0,-2,-4,5,1645.7626953125
35,0.7073170731707317,0.0,-2,-4,5,1645.7626953125
36,0.7560975609756098,0.0,-2,-4,5,1645.7626953125
37,0.8048780487804879,0.0,-2,-4,5,1645.7626953125
38,0.853658536585366,0.0,-2,-4,5,1645.7626953125
39,0.902439024390244,0.0,-2,-4,5,1645.7626953125
40,0.9512195121951219,0.0,-2,-4,5,1645.7626953125
41,1.0,0.0,-2,-4,5,1645.7626953125
0,-1.0,0.0,-2,-3,5,1645.7626953125
1,-0.9512195121951219,0.0,-2,-3,5,1645.7626953125
2,-0.9024390243902439,0.0,-2,-3,5,1645.7626953125
3,-0.8536585365853658,0.0,-2,-3,5,1645.7626953125
4,-0.8048780487804879,0.0,-2,-3,5,1645.7626953125
5,-0.7560975609756098,0.0,-2,-3,5,1645.7626953125
6,-0.7073170731707317,0.0,-2,-3,5,1645.7626953125
7,-0.6585365853658536,0.0,-2,-3,5,1645.7626953125
8,-0.6097560975609756,0.0,-2,-3,5,1645.7626953125
9,-0.5609756097560976,0.0,-2,-3,5,1645.7626953125
10,-0.5121951219512195,0.0,-2,-3,5,1645.7626953125
11,-0.46341463414634143,0.0,-2,-3,5,1645.7626953125
12,-0.41463414634146334,2.3159151169238612e-05,-2,-3,5,1645.7626953125
13,-0.36585365853658536,1.4431097952183336e-05,-2,-3,5,1645.7626953125
14,-0.31707317073170727,2.7327248972142115e-05,-2,-3,5,1645.7626953125
15,-0.2682926829268293,3.88245280191768e-06,-2,-3,5,1645.7626953125
16,-0.2195121951219512,2.2313990484690294e-05,-2,-3,5,1645.7626953125
17,-0.1707317073170731,0.00011464903218438849,-2,-3,5,1645.7626953125
18,-0.12195121951219512,8.795649773674086e-05,-2,-3,5,1645.7626953125
19,-0.07317073170731703,8.146774052875116e-05,-2,-3,5,1645.7626953125
20,-0.024390243902439046,5.0722999731078744e-05,-2,-3,5,1645.7626953125
21,0.024390243902439046,0.0001423029461875558,-2,-3,5,1645.7626953125
22,0.07317073170731714,0.0001702768640825525,-2,-3,5,1645.7626953125
23,0.12195121951219523,0.0002476275840308517,-2,-3,5,1645.7626953125
24,0.17073170731707332,8.521253039361909e-05,-2,-3,5,1645.7626953125
25,0.2195121951219512,2.1815238142153248e-05,-2,-3,5,1645.7626953125
26,0.2682926829268293,1.0805127203639131e-05,-2,-3,5,1645.7626953125
27,0.3170731707317074,4.407429059938295e-06,-2,-3,5,1645.7626953125
28,0.36585365853658547,4.4113050535088405e-05,-2,-3,5,1645.7626953125
29,0.41463414634146356,9.444890019949526e-05,-2,-3,5,1645.7626953125
30,0.46341463414634143,4.9053356633521616e-05,-2,-3,5,1645.7626953125
31,0.5121951219512195,9.363695880892919e-07,-2,-3,5,1645.7626953125
32,0.5609756097560976,0.0001404766080668196,-2,-3,5,1645.7626953125
33,0.6097560975609757,0.0006412042421288788,-2,-3,5,1645.7626953125
34,0.6585365853658538,0.0008706699591130018,-2,-3,5,1645.7626953125
35,0.7073170731707317,0.001174006494693458,-2,-3,5,1645.7626953125
36,0.7560975609756098,0.0006310796015895903,-2,-3,5,1645.7626953125
37,0.8048780487804879,0.00013950731954537332,-2,-3,5,1645.7626953125
38,0.853658536585366,0.007265698630362749,-2,-3,5,1645.7626953125
39,0.902439024390244,0.11158593744039536,-2,-3,5,1645.7626953125
40,0.9512195121951219,0.07770928740501404,-2,-3,5,1645.7626953125
41,1.0,0.004201052710413933,-2,-3,5,1645.7626953125
0,-1.0,0.0069788419641554356,-2,1,7,1645.7626953125
1,-0.9512195121951219,0.01094828825443983,-2,1,7,1645.7626953125
2,-0.9024390243902439,0.01160360500216484,-2,1,7,1645.7626953125
3,-0.8536585365853658,0.006830139085650444,-2,1,7,1645.7626953125
4,-0.8048780487804879,0.005595099180936813,-2,1,7,1645.7626953125
5,-0.7560975609756098,0.008296906016767025,-2,1,7,1645.7626953125
6,-0.7073170731707317,0.03392690792679787,-2,1,7,1645.7626953125
7,-0.6585365853658536,0.07288980484008789,-2,1,7,1645.7626953125
8,-0.6097560975609756,0.12511008977890015,-2,1,7,1645.7626953125
9,-0.5609756097560976,0.18605287373065948,-2,1,7,1645.7626953125
10,-0.5121951219512195,0.16648875176906586,-2,1,7,1645.7626953125
11,-0.46341463414634143,0.19152849912643433,-2,1,7,1645.7626953125
12,-0.41463414634146334,0.3086417317390442,-2,1,7,1645.7626953125
13,-0.36585365853658536,0.14182081818580627,-2,1,7,1645.7626953125
14,-0.31707317073170727,0.0013534463942050934,-2,1,7,1645.7626953125
15,-0.2682926829268293,0.0046428414061665535,-2,1,7,1645.7626953125
16,-0.2195121951219512,0.0013833120465278625,-2,1,7,1645.7626953125
17,-0.1707317073170731,0.00012921702000312507,-2,1,7,1645.7626953125
18,-0.12195121951219512,0.00455712154507637,-2,1,7,1645.7626953125
19,-0.07317073170731703,0.008222276344895363,-2,1,7,1645.7626953125
20,-0.024390243902439046,0.005683072842657566,-2,1,7,1645.7626953125
21,0.024390243902439046,0.0017375790048390627,-2,1,7,1645.7626953125
22,0.07317073170731714,0.0005462975823320448,-2,1,7,1645.7626953125
23,0.12195121951219523,0.0001239876582985744,-2,1,7,1645.7626953125
24,0.17073170731707332,0.0013401106698438525,-2,1,7,1645.7626953125
25,0.2195121951219512,0.0034809517674148083,-2,1,7,1645.7626953125
26,0.2682926829268293,0.0009025017498061061,-2,1,7,1645.7626953125
27,0.3170731707317074,0.0011220803717151284,-2,1,7,1645.7626953125
28,0.36585365853658547,0.00025097414618358016,-2,1,7,1645.7626953125
29,0.41463414634146356,0.0012578866444528103,-2,1,7,1645.7626953125
30,0.46341463414634143,0.0006232719169929624,-2,1,7,1645.7626953125
31,0.5121951219512195,0.0006717139040119946,-2,1,7,1645.7626953125
32,0.5609756097560976,0.0012753956252709031,-2,1,7,1645.7626953125
33,0.6097560975609757,0.0006612929864786565,-2,1,7,1645.7626953125
34,0.6585365853658538,0.00011757445463445038,-2,1,7,1645.7626953125
35,0.7073170731707317,4.133545644435799e-06,-2,1,7,1645.7626953125
36,0.7560975609756098,0.0006279939552769065,-2,1,7,1645.7626953125
37,0.8048780487804879,0.0007366511272266507,-2,1,7,1645.7626953125
38,0.853658536585366,0.0007118923822417855,-2,1,7,1645.7626953125
39,0.902439024390244,0.00026572297792881727,-2,1,7,1645.7626953125
40,0.9512195121951219,0.0003293525951448828,-2,1,7,1645.7626953125
41,1.0,1.563218938827049e-05,-2,1,7,1645.7626953125
0,-1.0,1.4815083886787761e-05,-2,4,8,1645.7626953125
1,-0.9512195121951219,2.659114215930458e-05,-2,4,8,1645.7626953125
2,-0.9024390243902439,3.5324545024195686e-05,-2,4,8,1645.7626953125
3,-0.8536585365853658,2.8747517717420124e-05,-2,4,8,1645.7626953125
4,-0.8048780487804879,3.965434643760091e-06,-2,4,8,1645.7626953125
5,-0.7560975609756098,2.249881981697399e-05,-2,4,8,1645.7626953125
6,-0.7073170731707317,0.00010268609185004607,-2,4,8,1645.7626953125
7,-0.6585365853658536,0.0002130320790456608,-2,4,8,1645.7626953125
8,-0.6097560975609756,0.0004524422693066299,-2,4,8,1645.7626953125
9,-0.5609756097560976,0.0005612261011265218,-2,4,8,1645.7626953125
10,-0.5121951219512195,0.0008449849556200206,-2,4,8,1645.7626953125
11,-0.46341463414634143,0.0020631689112633467,-2,4,8,1645.7626953125
12,-0.41463414634146334,0.003956284373998642,-2,4,8,1645.7626953125
13,-0.36585365853658536,0.0026945217978209257,-2,4,8,1645.7626953125
14,-0.31707317073170727,0.0007754749967716634,-2,4,8,1645.7626953125
15,-0.2682926829268293,0.004332632292062044,-2,4,8,1645.7626953125
16,-0.2195121951219512,0.0005772469448857009,-2,4,8,1645.7626953125
17,-0.1707317073170731,4.4299147702986374e-05,-2,4,8,1645.7626953125
18,-0.12195121951219512,8.500093713337264e-07,-2,4,8,1645.7626953125
19,-0.07317073170731703,1.9832474208669737e-05,-2,4,8,1645.7626953125
20,-0.024390243902439046,2.3250649974215776e-05,-2,4,8,1645.7626953125
21,0.024390243902439046,5.20250125646271e-07,-2,4,8,1645.7626953125
22,0.07317073170731714,4.222628149364027e-07,-2,4,8,1645.7626953125
23,0.12195121951219523,8.330022183145047e-07,-2,4,8,1645.7626953125
24,0.17073170731707332,1.1859261803692789e-06,-2,4,8,1645.7626953125
25,0.2195121951219512,1.179984224108921e-06,-2,4,8,1645.7626953125
26,0.2682926829268293,5.683564268110786e-07,-2,4,8,1645.7626953125
27,0.3170731707317074,1.1360797316228854e-06,-2,4,8,1645.7626953125
28,0.36585365853658547,9.690613751445198e-07,-2,4,8,1645.7626953125
29,0.41463414634146356,3.0553386750398204e-05,-2,4,8,1645.7626953125
30,0.46341463414634143,3.6446597277972614e-06,-2,4,8,1645.7626953125
31,0.5121951219512195,1.8880442667068564e-06,-2,4,8,1645.7626953125
32,0.5609756097560976,2.1252023998385994e-06,-2,4,8,1645.7626953125
33,0.6097560975609757,1.7068929381025555e-08,-2,4,8,1645.7626953125
34,0.6585365853658538,3.5828401223625406e-07,-2,4,8,1645.7626953125
35,0.7073170731707317,1.8338196241529658e-06,-2,4,8,1645.7626953125
36,0.7560975609756098,3.1912322810967453e-06,-2,4,8,1645.7626953125
37,0.8048780487804879,4.325015197537141e-06,-2,4,8,1645.7626953125
38,0.853658536585366,2.6655717988433025e-07,-2,4,8,1645.7626953125
39,0.902439024390244,5.3456380555871874e-05,-2,4,8,1645.7626953125
40,0.9512195121951219,1.624305332370568e-05,-2,4,8,1645.7626953125
41,1.0,3.2758423458290054e-06,-2,4,8,1645.7626953125
0,-1.0,0.0,-2,6,9,1645.7626953125
1,-0.9512195121951219,0.0,-2,6,9,1645.7626953125
2,-0.9024390243902439,0.0,-2,6,9,1645.7626953125
3,-0.8536585365853658,0.0,-2,6,9,1645.7626953125
4,-0.8048780487804879,0.0,-2,6,9,1645.7626953125
5,-0.7560975609756098,0.0,-2,6,9,1645.7626953125
6,-0.7073170731707317,0.0,-2,6,9,1645.7626953125
7,-0.6585365853658536,0.0,-2,6,9,1645.7626953125
8,-0.6097560975609756,0.0,-2,6,9,1645.7626953125
9,-0.5609756097560976,0.0,-2,6,9,1645.7626953125
10,-0.5121951219512195,0.0,-2,6,9,1645.7626953125
11,-0.46341463414634143,0.0,-2,6,9,1645.7626953125
12,-0.41463414634146334,0.0,-2,6,9,1645.7626953125
13,-0.36585365853658536,0.0,-2,6,9,1645.7626953125
14,-0.31707317073170727,0.0,-2,6,9,1645.7626953125
15,-0.2682926829268293,0.0,-2,6,9,1645.7626953125
16,-0.2195121951219512,0.0,-2,6,9,1645.7626953125
17,-0.1707317073170731,0.0,-2,6,9,1645.7626953125
18,-0.12195121951219512,0.0,-2,6,9,1645.7626953125
19,-0.07317073170731703,0.0,-2,6,9,1645.7626953125
20,-0.024390243902439046,0.0,-2,6,9,1645.7626953125
21,0.024390243902439046,2.3854845494497567e-06,-2,6,9,1645.7626953125
22,0.07317073170731714,4.81149345432641e-06,-2,6,9,1645.7626953125
23,0.12195121951219523,9.981741868614336e-07,-2,6,9,1645.7626953125
24,0.17073170731707332,5.401385010372906e-07,-2,6,9,1645.7626953125
25,0.2195121951219512,1.037029846884252e-06,-2,6,9,1645.7626953125
26,0.2682926829268293,4.7335192903119605e-06,-2,6,9,1645.7626953125
27,0.3170731707317074,3.457367256487487e-06,-2,6,9,1645.7626953125
28,0.36585365853658547,1.0559434485912789e-05,-2,6,9,1645.7626953125
29,0.41463414634146356,1.455053461540956e-05,-2,6,9,1645.7626953125
30,0.46341463414634143,9.502895750301832e-07,-2,6,9,1645.7626953125
31,0.5121951219512195,0.00016670006152708083,-2,6,9,1645.7626953125
32,0.5609756097560976,4.4716471165884286e-05,-2,6,9,1645.7626953125
33,0.6097560975609757,2.5343399101984687e-05,-2,6,9,1645.7626953125
34,0.6585365853658538,8.085717854555696e-05,-2,6,9,1645.7626953125
35,0.7073170731707317,6.182069046190009e-05,-2,6,9,1645.7626953125
36,0.7560975609756098,3.127362651866861e-05,-2,6,9,1645.7626953125
37,0.8048780487804879,2.068120693365927e-06,-2,6,9,1645.7626953125
38,0.853658536585366,0.0006901719025336206,-2,6,9,1645.7626953125
39,0.902439024390244,0.0038533671759068966,-2,6,9,1645.7626953125
40,0.9512195121951219,0.0006519810995087028,-2,6,9,1645.7626953125
41,1.0,0.00014928578457329422,-2,6,9,1645.7626953125
0,-1.0,0.0,-2,7,9,1645.7626953125
1,-0.9512195121951219,0.0,-2,7,9,1645.7626953125
2,-0.9024390243902439,0.0,-2,7,9,1645.7626953125
3,-0.8536585365853658,0.0,-2,7,9,1645.7626953125
4,-0.8048780487804879,0.0,-2,7,9,1645.7626953125
5,-0.7560975609756098,0.0,-2,7,9,1645.7626953125
6,-0.7073170731707317,0.0,-2,7,9,1645.7626953125
7,-0.6585365853658536,0.0,-2,7,9,1645.7626953125
8,-0.6097560975609756,0.0,-2,7,9,1645.7626953125
9,-0.5609756097560976,0.0,-2,7,9,1645.7626953125
10,-0.5121951219512195,5.37045650617074e-07,-2,7,9,1645.7626953125
11,-0.46341463414634143,3.225248974558781e-06,-2,7,9,1645.7626953125
12,-0.41463414634146334,1.4576376088371035e-06,-2,7,9,1645.7626953125
13,-0.36585365853658536,5.49247658909735e-07,-2,7,9,1645.7626953125
14,-0.31707317073170727,7.759040698829267e-08,-2,7,9,1645.7626953125
15,-0.2682926829268293,9.241464340448147e-07,-2,7,9,1645.7626953125
16,-0.2195121951219512,2.4329278858203907e-07,-2,7,9,1645.7626953125
17,-0.1707317073170731,2.584343690159585e-07,-2,7,9,1645.7626953125
18,-0.12195121951219512,1.1935280781472102e-06,-2,7,9,1645.7626953125
19,-0.07317073170731703,6.326691618596669e-06,-2,7,9,1645.7626953125
20,-0.024390243902439046,6.408941430890991e-07,-2,7,9,1645.7626953125
21,0.024390243902439046,6.532356451316446e-07,-2,7,9,1645.7626953125
22,0.07317073170731714,2.735366479100776e-06,-2,7,9,1645.7626953125
23,0.12195121951219523,1.3022194252698682e-05,-2,7,9,1645.7626953125
24,0.17073170731707332,5.2706004680658225e-06,-2,7,9,1645.7626953125
25,0.2195121951219512,3.685441697598435e-05,-2,7,9,1645.7626953125
26,0.2682926829268293,5.327577810021467e-07,-2,7,9,1645.7626953125
27,0.3170731707317074,4.863995854975656e-07,-2,7,9,1645.7626953125
28,0.36585365853658547,2.2189806259120815e-07,-2,7,9,1645.7626953125
29,0.41463414634146356,2.6175648599746637e-06,-2,7,9,1645.7626953125
30,0.46341463414634143,2.1670948626706377e-06,-2,7,9,1645.7626953125
31,0.5121951219512195,3.851182039937839e-09,-2,7,9,1645.7626953125
32,0.5609756097560976,1.2586975799422362e-06,-2,7,9,1645.7626953125
33,0.6097560975609757,3.3269582644379625e-08,-2,7,9,1645.7626953125
34,0.6585365853658538,1.413394912219701e-08,-2,7,9,1645.7626953125
35,0.7073170731707317,2.807455530273728e-07,-2,7,9,1645.7626953125
36,0.7560975609756098,9.785829746533636e-08,-2,7,9,1645.7626953125
37,0.8048780487804879,2.386942696830374e-06,-2,7,9,1645.7626953125
38,0.853658536585366,1.2695067219681277e-08,-2,7,9,1645.7626953125
39,0.902439024390244,1.4060027524465113e-06,-2,7,9,1645.7626953125
40,0.9512195121951219,0.0,-2,7,9,1645.7626953125
41,1.0,0.0,-2,7,9,1645.7626953125
0,-1.0,0.0,-1,-9,-2,1645.7626953125
1,-0.9512195121951219,0.0,-1,-9,-2,1645.7626953125
2,-0.9024390243902439,0.0,-1,-9,-2,1645.7626953125
3,-0.8536585365853658,0.0,-1,-9,-2,1645.7626953125
4,-0.8048780487804879,0.0,-1,-9,-2,1645.7626953125
5,-0.7560975609756098,0.0,-1,-9,-2,1645.7626953125
6,-0.7073170731707317,0.0,-1,-9,-2,1645.7626953125
7,-0.6585365853658536,0.0,-1,-9,-2,1645.7626953125
8,-0.6097560975609756,0.0,-1,-9,-2,1645.7626953125
9,-0.5609756097560976,0.0,-1,-9,-2,1645.7626953125
10,-0.5121951219512195,0.0,-1,-9,-2,1645.7626953125
11,-0.46341463414634143,0.0,-1,-9,-2,1645.7626953125
12,-0.41463414634146334,0.0,-1,-9,-2,1645.7626953125
13,-0.36585365853658536,0.0,-1,-9,-2,1645.7626953125
14,-0.31707317073170727,0.0,-1,-9,-2,1645.7626953125
15,-0.2682926829268293,0.0,-1,-9,-2,1645.7626953125
16,-0.2195121951219512,0.0,-1,-9,-2,1645.7626953125
17,-0.1707317073170731,0.0,-1,-9,-2,1645.7626953125
18,-0.12195121951219512,0.0,-1,-9,-2,1645.7626953125
19,-0.07317073170731703,0.0,-1,-9,-2,1645.7626953125
20,-0.024390243902439046,0.0,-1,-9,-2,1645.7626953125
21,0.024390243902439046,1.683277304209696e-07,-1,-9,-2,1645.7626953125
22,0.07317073170731714,1.4649174318037694e-06,-1,-9,-2,1645.7626953125
23,0.12195121951219523,4.558992259262595e-06,-1,-9,-2,1645.7626953125
24,0.17073170731707332,1.7558492118041613e-06,-1,-9,-2,1645.7626953125
25,0.2195121951219512,7.116069014045934e-07,-1,-9,-2,1645.7626953125
26,0.2682926829268293,7.220509132821462e-07,-1,-9,-2,1645.7626953125
27,0.3170731707317074,7.70093629398616e-06,-1,-9,-2,1645.7626953125
28,0.36585365853658547,2.32781576414709e-06,-1,-9,-2,1645.7626953125
29,0.41463414634146356,5.5468312893935945e-06,-1,-9,-2,1645.7626953125
30,0.46341463414634143,3.765884321182966e-05,-1,-9,-2,1645.7626953125
31,0.5121951219512195,0.0004171071632299572,-1,-9,-2,1645.7626953125
32,0.5609756097560976,2.8766339710273314e-06,-1,-9,-2,1645.7626953125
33,0.6097560975609757,1.7047907022060826e-05,-1,-9,-2,1645.7626953125
34,0.6585365853658538,4.144712511333637e-05,-1,-9,-2,1645.7626953125
35,0.7073170731707317,1.0634014415700221e-06,-1,-9,-2,1645.7626953125
36,0.7560975609756098,3.9031203158401695e-08,-1,-9,-2,1645.7626953125
37,0.8048780487804879,1.562740067129198e-06,-1,-9,-2,1645.7626953125
38,0.853658536585366,5.356270662559837e-07,-1,-9,-2,1645.7626953125
39,0.902439024390244,1.2582723911691573e-06,-1,-9,-2,1645.7626953125
40,0.9512195121951219,8.177831745115327e-08,-1,-9,-2,1645.7626953125
41,1.0,0.0,-1,-9,-2,1645.7626953125
0,-1.0,3.2397233553638216e-06,-1,-9,-1,1645.7626953125
1,-0.9512195121951219,1.1920445103896782e-05,-1,-9,-1,1645.7626953125
2,-0.9024390243902439,2.4206733542087022e-06,-1,-9,-1,1645.7626953125
3,-0.8536585365853658,1.9153079847455956e-05,-1,-9,-1,1645.7626953125
4,-0.8048780487804879,0.004619449842721224,-1,-9,-1,1645.7626953125
5,-0.7560975609756098,6.197155744303018e-05,-1,-9,-1,1645.7626953125
6,-0.7073170731707317,1.1525045238158782e-06,-1,-9,-1,1645.7626953125
7,-0.6585365853658536,1.7414843114238465e-06,-1,-9,-1,1645.7626953125
8,-0.6097560975609756,2.2724486825609347e-06,-1,-9,-1,1645.7626953125
9,-0.5609756097560976,2.3896689071989385e-06,-1,-9,-1,1645.7626953125
10,-0.5121951219512195,1.4480543768513598e-06,-1,-9,-1,1645.7626953125
11,-0.46341463414634143,1.656279437156627e-06,-1,-9,-1,1645.7626953125
12,-0.41463414634146334,6.758318136235175e-07,-1,-9,-1,1645.7626953125
13,-0.36585365853658536,3.523006739669654e-07,-1,-9,-1,1645.7626953125
14,-0.31707317073170727,5.531825991056394e-06,-1,-9,-1,1645.7626953125
15,-0.2682926829268293,0.0,-1,-9,-1,1645.7626953125
16,-0.2195121951219512,0.0,-1,-9,-1,1645.7626953125
17,-0.1707317073170731,0.0,-1,-9,-1,1645.7626953125
18,-0.12195121951219512,0.0,-1,-9,-1,1645.7626953125
19,-0.07317073170731703,0.0,-1,-9,-1,1645.7626953125
20,-0.024390243902439046,0.0,-1,-9,-1,1645.7626953125
21,0.024390243902439046,0.0,-1,-9,-1,1645.7626953125
22,0.07317073170731714,0.0,-1,-9,-1,1645.7626953125
23,0.12195121951219523,0.0,-1,-9,-1,1645.7626953125
24,0.17073170731707332,0.0,-1,-9,-1,1645.7626953125
25,0.2195121951219512,0.0,-1,-9,-1,1645.7626953125
26,0.2682926829268293,0.0,-1,-9,-1,1645.7626953125
27,0.3170731707317074,0.0,-1,-9,-1,1645.7626953125
28,0.36585365853658547,0.0,-1,-9,-1,1645.7626953125
29,0.41463414634146356,0.0,-1,-9,-1,1645.7626953125
30,0.46341463414634143,0.0,-1,-9,-1,1645.7626953125
31,0.5121951219512195,0.0,-1,-9,-1,1645.7626953125
32,0.5609756097560976,0.0,-1,-9,-1,1645.7626953125
33,0.6097560975609757,0.0,-1,-9,-1,1645.7626953125
34,0.6585365853658538,0.0,-1,-9,-1,1645.7626953125
35,0.7073170731707317,0.0,-1,-9,-1,1645.7626953125
36,0.7560975609756098,0.0,-1,-9,-1,1645.7626953125
37,0.8048780487804879,0.0,-1,-9,-1,1645.7626953125
38,0.853658536585366,0.0,-1,-9,-1,1645.7626953125
39,0.902439024390244,0.0,-1,-9,-1,1645.7626953125
40,0.9512195121951219,0.0,-1,-9,-1,1645.7626953125
41,1.0,0.0,-1,-9,-1,1645.7626953125
0,-1.0,0.0,-1,-8,-1,1645.7626953125
1,-0.9512195121951219,0.0,-1,-8,-1,1645.7626953125
2,-0.9024390243902439,0.0,-1,-8,-1,1645.7626953125
3,-0.8536585365853658,0.0,-1,-8,-1,1645.7626953125
4,-0.8048780487804879,0.0,-1,-8,-1,1645.7626953125
5,-0.7560975609756098,0.0,-1,-8,-1,1645.7626953125
6,-0.7073170731707317,0.0,-1,-8,-1,1645.7626953125
7,-0.6585365853658536,0.0,-1,-8,-1,1645.7626953125
8,-0.6097560975609756,0.0,-1,-8,-1,1645.7626953125
9,-0.5609756097560976,0.0,-1,-8,-1,1645.7626953125
10,-0.5121951219512195,0.0,-1,-8,-1,1645.7626953125
11,-0.46341463414634143,5.710358436772367e-06,-1,-8,-1,1645.7626953125
12,-0.41463414634146334,4.5832084083485825e-07,-1,-8,-1,1645.7626953125
13,-0.36585365853658536,3.2892355648073135e-06,-1,-8,-1,1645.7626953125
14,-0.31707317073170727,1.887455596261134e-06,-1,-8,-1,1645.7626953125
15,-0.2682926829268293,5.929573489993345e-07,-1,-8,-1,1645.7626953125
16,-0.2195121951219512,2.577144414317445e-06,-1,-8,-1,1645.7626953125
17,-0.1707317073170731,3.732218101504259e-05,-1,-8,-1,1645.7626953125
18,-0.12195121951219512,2.87463763015694e-06,-1,-8,-1,1645.7626953125
19,-0.07317073170731703,7.592979045512038e-07,-1,-8,-1,1645.7626953125
20,-0.024390243902439046,8.378208804060705e-06,-1,-8,-1,1645.7626953125
21,0.024390243902439046,6.859436325612478e-06,-1,-8,-1,1645.7626953125
22,0.07317073170731714,0.0016483643557876348,-1,-8,-1,1645.7626953125
23,0.12195121951219523,0.0016056763706728816,-1,-8,-1,1645.7626953125
24,0.17073170731707332,0.00012696861813310534,-1,-8,-1,1645.7626953125
25,0.2195121951219512,4.02483328798553e-06,-1,-8,-1,1645.7626953125
26,0.2682926829268293,3.621167707024142e-06,-1,-8,-1,1645.7626953125
27,0.3170731707317074,2.8509926778497174e-05,-1,-8,-1,1645.7626953125
28,0.36585365853658547,6.900033895362867e-07,-1,-8,-1,1645.7626953125
29,0.41463414634146356,1.561699946250883e-06,-1,-8,-1,1645.7626953125
30,0.46341463414634143,3.4394440717733232e-06,-1,-8,-1,1645.7626953125
31,0.5121951219512195,6.799779839639086e-06,-1,-8,-1,1645.7626953125
32,0.5609756097560976,2.287742063344922e-06,-1,-8,-1,1645.7626953125
33,0.6097560975609757,2.379145598752075e-06,-1,-8,-1,1645.7626953125
34,0.6585365853658538,1.0356407074141316e-06,-1,-8,-1,1645.7626953125
35,0.7073170731707317,0.0,-1,-8,-1,1645.7626953125
36,0.7560975609756098,0.0,-1,-8,-1,1645.7626953125
37,0.8048780487804879,0.0,-1,-8,-1,1645.7626953125
38,0.853658536585366,0.0,-1,-8,-1,1645.7626953125
39,0.902439024390244,0.0,-1,-8,-1,1645.7626953125
40,0.9512195121951219,0.0,-1,-8,-1,1645.7626953125
41,1.0,0.0,-1,-8,-1,1645.7626953125
0,-1.0,1.752803200361086e-06,-1,-7,0,1645.7626953125
1,-0.9512195121951219,2.9394116154435324e-06,-1,-7,0,1645.7626953125
2,-0.9024390243902439,4.9751879487303086e-06,-1,-7,0,1645.7626953125
3,-0.8536585365853658,1.0816610483743716e-05,-1,-7,0,1645.7626953125
4,-0.8048780487804879,1.3561963896790985e-05,-1,-7,0,1645.7626953125
5,-0.7560975609756098,2.077270983136259e-05,-1,-7,0,1645.7626953125
6,-0.7073170731707317,3.550513065420091e-05,-1,-7,0,1645.7626953125
7,-0.6585365853658536,2.3603352019563317e-05,-1,-7,0,1645.7626953125
8,-0.6097560975609756,4.6696510253241286e-05,-1,-7,0,1645.7626953125
9,-0.5609756097560976,0.0003862356534227729,-1,-7,0,1645.7626953125
10,-0.5121951219512195,0.00224673212505877,-1,-7,0,1645.7626953125
11,-0.46341463414634143,0.0058227465488016605,-1,-7,0,1645.7626953125
12,-0.41463414634146334,9.215305180987343e-05,-1,-7,0,1645.7626953125
13,-0.36585365853658536,0.0003288330335635692,-1,-7,0,1645.7626953125
14,-0.31707317073170727,0.00012949680967722088,-1,-7,0,1645.7626953125
15,-0.2682926829268293,3.659360299934633e-05,-1,-7,0,1645.7626953125
16,-0.2195121951219512,3.648091478680726e-06,-1,-7,0,1645.7626953125
17,-0.1707317073170731,3.810114867519587e-05,-1,-7,0,1645.7626953125
18,-0.12195121951219512,2.024515015364159e-05,-1,-7,0,1645.7626953125
19,-0.07317073170731703,1.795784555724822e-06,-1,-7,0,1645.7626953125
20,-0.024390243902439046,7.4530539677653e-06,-1,-7,0,1645.7626953125
21,0.024390243902439046,1.8389679325991892e-06,-1,-7,0,1645.7626953125
22,0.07317073170731714,8.02863451099256e-06,-1,-7,0,1645.7626953125
23,0.12195121951219523,2.244474444523803e-06,-1,-7,0,1645.7626953125
24,0.17073170731707332,2.6540310500422493e-06,-1,-7,0,1645.7626953125
25,0.2195121951219512,0.0,-1,-7,0,1645.7626953125
26,0.2682926829268293,0.0,-1,-7,0,1645.7626953125
27,0.3170731707317074,0.0,-1,-7,0,1645.7626953125
28,0.36585365853658547,0.0,-1,-7,0,1645.7626953125
29,0.41463414634146356,0.0,-1,-7,0,1645.7626953125
30,0.46341463414634143,0.0,-1,-7,0,1645.7626953125
31,0.5121951219512195,0.0,-1,-7,0,1645.7626953125
32,0.5609756097560976,0.0,-1,-7,0,1645.7626953125
33,0.6097560975609757,0.0,-1,-7,0,1645.7626953125
34,0.6585365853658538,0.0,-1,-7,0,1645.7626953125
35,0.7073170731707317,0.0,-1,-7,0,1645.7626953125
36,0.7560975609756098,0.0,-1,-7,0,1645.7626953125
37,0.8048780487804879,0.0,-1,-7,0,1645.7626953125
38,0.853658536585366,0.0,-1,-7,0,1645.7626953125
39,0.902439024390244,0.0,-1,-7,0,1645.7626953125
40,0.9512195121951219,0.0,-1,-7,0,1645.7626953125
41,1.0,0.0,-1,-7,0,1645.7626953125
0,-1.0,0.0,-1,-6,0,1645.7626953125
1,-0.9512195121951219,0.0,-1,-6,0,1645.7626953125
2,-0.9024390243902439,0.0,-1,-6,0,1645.7626953125
3,-0.8536585365853658,0.0,-1,-6,0,1645.7626953125
4,-0.8048780487804879,0.0,-1,-6,0,1645.7626953125
5,-0.7560975609756098,0.0,-1,-6,0,1645.7626953125
6,-0.7073170731707317,0.0,-1,-6,0,1645.7626953125
7,-0.6585365853658536,0.0,-1,-6,0,1645.7626953125
8,-0.6097560975609756,0.0,-1,-6,0,1645.7626953125
9,-0.5609756097560976,0.0,-1,-6,0,1645.7626953125
10,-0.5121951219512195,0.0,-1,-6,0,1645.7626953125
11,-0.46341463414634143,0.0,-1,-6,0,1645.7626953125
12,-0.41463414634146334,0.0,-1,-6,0,1645.7626953125
13,-0.36585365853658536,0.0,-1,-6,0,1645.7626953125
14,-0.31707317073170727,0.0,-1,-6,0,1645.7626953125
15,-0.2682926829268293,0.0,-1,-6,0,1645.7626953125
16,-0.2195121951219512,0.0,-1,-6,0,1645.7626953125
17,-0.1707317073170731,0.0,-1,-6,0,1645.7626953125
18,-0.12195121951219512,0.0,-1,-6,0,1645.7626953125
19,-0.07317073170731703,1.6434138387921848e-06,-1,-6,0,1645.7626953125
20,-0.024390243902439046,4.495658231462585e-06,-1,-6,0,1645.7626953125
21,0.024390243902439046,4.584849011735059e-05,-1,-6,0,1645.7626953125
22,0.07317073170731714,6.312424375209957e-05,-1,-6,0,1645.7626953125
23,0.12195121951219523,9.582164238963742e-06,-1,-6,0,1645.7626953125
24,0.17073170731707332,2.8534150260384195e-05,-1,-6,0,1645.7626953125
25,0.2195121951219512,8.094564691418782e-06,-1,-6,0,1645.7626953125
26,0.2682926829268293,3.882198598148534e-06,-1,-6,0,1645.7626953125
27,0.3170731707317074,6.2245308072306216e-06,-1,-6,0,1645.7626953125
28,0.36585365853658547,3.3771404559956864e-05,-1,-6,0,1645.7626953125
29,0.41463414634146356,6.227623998711351e-06,-1,-6,0,1645.7626953125
30,0.46341463414634143,0.0001285182370338589,-1,-6,0,1645.7626953125
31,0.5121951219512195,0.00020384675008244812,-1,-6,0,1645.7626953125
32,0.5609756097560976,0.00043745216680690646,-1,-6,0,1645.7626953125
33,0.6097560975609757,0.0006028963252902031,-1,-6,0,1645.7626953125
34,0.6585365853658538,0.1011807844042778,-1,-6,0,1645.7626953125
35,0.7073170731707317,6.016074257786386e-05,-1,-6,0,1645.7626953125
36,0.7560975609756098,0.00011389105202397332,-1,-6,0,1645.7626953125
37,0.8048780487804879,0.00019092018192168325,-1,-6,0,1645.7626953125
38,0.853658536585366,0.0001355247659375891,-1,-6,0,1645.7626953125
39,0.902439024390244,4.345835623098537e-05,-1,-6,0,1645.7626953125
40,0.9512195121951219,9.737059735925868e-05,-1,-6,0,1645.7626953125
41,1.0,2.69415231741732e-05,-1,-6,0,1645.7626953125
0,-1.0,1.582342156325467e-05,-1,-5,1,1645.7626953125
1,-0.9512195121951219,3.1563577067572623e-05,-1,-5,1,1645.7626953125
2,-0.9024390243902439,1.049099182637292e-06,-1,-5,1,1645.7626953125
3,-0.8536585365853658,4.2406547436257824e-05,-1,-5,1,1645.7626953125
4,-0.8048780487804879,5.17833796038758e-05,-1,-5,1,1645.7626953125
5,-0.7560975609756098,7.61958071961999e-05,-1,-5,1,1645.7626953125
6,-0.7073170731707317,4.103632818441838e-05,-1,-5,1,1645.7626953125
7,-0.6585365853658536,0.00011374180030543357,-1,-5,1,1645.7626953125
8,-0.6097560975609756,0.00014055371866561472,-1,-5,1,1645.7626953125
9,-0.5609756097560976,7.141927198972553e-05,-1,-5,1,1645.7626953125
10,-0.5121951219512195,6.817383109591901e-05,-1,-5,1,1645.7626953125
11,-0.46341463414634143,5.2560633776010945e-05,-1,-5,1,1645.7626953125
12,-0.41463414634146334,0.0003627820988185704,-1,-5,1,1645.7626953125
13,-0.36585365853658536,0.00048471614718437195,-1,-5,1,1645.7626953125
14,-0.31707317073170727,0.0011870241723954678,-1,-5,1,1645.7626953125
15,-0.2682926829268293,9.922381286742166e-05,-1,-5,1,1645.7626953125
16,-0.2195121951219512,0.01745648868381977,-1,-5,1,1645.7626953125
17,-0.1707317073170731,0.14662738144397736,-1,-5,1,1645.7626953125
18,-0.12195121951219512,0.00492336368188262,-1,-5,1,1645.7626953125
19,-0.07317073170731703,7.542732055298984e-05,-1,-5,1,1645.7626953125
20,-0.024390243902439046,0.0008306428790092468,-1,-5,1,1645.7626953125
21,0.024390243902439046,0.0003394651575945318,-1,-5,1,1645.7626953125
22,0.07317073170731714,0.00010032248974312097,-1,-5,1,1645.7626953125
23,0.12195121951219523,7.203860604931833e-06,-1,-5,1,1645.7626953125
24,0.17073170731707332,0.00014843825192656368,-1,-5,1,1645.7626953125
25,0.2195121951219512,8.366702240891755e-05,-1,-5,1,1645.7626953125
26,0.2682926829268293,5.8359360991744325e-05,-1,-5,1,1645.7626953125
27,0.3170731707317074,1.4197614291333593e-05,-1,-5,1,1645.7626953125
28,0.36585365853658547,2.3521421098848805e-05,-1,-5,1,1645.7626953125
29,0.41463414634146356,7.039133924990892e-05,-1,-5,1,1645.7626953125
30,0.46341463414634143,9.239146493200678e-06,-1,-5,1,1645.7626953125
31,0.5121951219512195,9.45643478189595e-06,-1,-5,1,1645.7626953125
32,0.5609756097560976,2.6128400349989533e-06,-1,-5,1,1645.7626953125
33,0.6097560975609757,1.818665987229906e-05,-1,-5,1,1645.7626953125
34,0.6585365853658538,0.00011106469173682854,-1,-5,1,1645.7626953125
35,0.7073170731707317,9.896822120936122e-06,-1,-5,1,1645.7626953125
36,0.7560975609756098,0.0,-1,-5,1,1645.7626953125
37,0.8048780487804879,0.0,-1,-5,1,1645.7626953125
38,0.853658536585366,0.0,-1,-5,1,1645.7626953125
39,0.902439024390244,0.0,-1,-5,1,1645.7626953125
40,0.9512195121951219,0.0,-1,-5,1,1645.7626953125
41,1.0,0.0,-1,-5,1,1645.7626953125
0,-1.0,6.792632484575734e-05,-1,-3,2,1645.7626953125
1,-0.9512195121951219,0.00013246532762423158,-1,-3,2,1645.7626953125
2,-0.9024390243902439,0.00015049302601255476,-1,-3,2,1645.7626953125
3,-0.8536585365853658,0.00016387058713007718,-1,-3,2,1645.7626953125
4,-0.8048780487804879,0.00010464171646162868,-1,-3,2,1645.7626953125
5,-0.7560975609756098,9.462597517995164e-06,-1,-3,2,1645.7626953125
6,-0.7073170731707317,0.00023982681159395725,-1,-3,2,1645.7626953125
7,-0.6585365853658536,0.00012768579472322017,-1,-3,2,1645.7626953125
8,-0.6097560975609756,6.393152580130845e-05,-1,-3,2,1645.7626953125
9,-0.5609756097560976,7.244827429531142e-05,-1,-3,2,1645.7626953125
10,-0.5121951219512195,0.00015189028636086732,-1,-3,2,1645.7626953125
11,-0.46341463414634143,0.0003369522746652365,-1,-3,2,1645.7626953125
12,-0.41463414634146334,0.00036437585367821157,-1,-3,2,1645.7626953125
13,-0.36585365853658536,0.00016077440523076802,-1,-3,2,1645.7626953125
14,-0.31707317073170727,0.0006312951445579529,-1,-3,2,1645.7626953125
15,-0.2682926829268293,0.0008614338585175574,-1,-3,2,1645.7626953125
16,-0.2195121951219512,0.0006052315584383905,-1,-3,2,1645.7626953125
17,-0.1707317073170731,0.0005291446577757597,-1,-3,2,1645.7626953125
18,-0.12195121951219512,1.4287463272921741e-05,-1,-3,2,1645.7626953125
19,-0.07317073170731703,0.0017654694383963943,-1,-3,2,1645.7626953125
20,-0.024390243902439046,0.01545523852109909,-1,-3,2,1645.7626953125
21,0.024390243902439046,0.26752418279647827,-1,-3,2,1645.7626953125
22,0.07317073170731714,0.0550399124622345,-1,-3,2,1645.7626953125
23,0.12195121951219523,0.007625383324921131,-1,-3,2,1645.7626953125
24,0.17073170731707332,0.0008428842411376536,-1,-3,2,1645.7626953125
25,0.2195121951219512,0.0013713472289964557,-1,-3,2,1645.7626953125
26,0.2682926829268293,0.000369568879250437,-1,-3,2,1645.7626953125
27,0.3170731707317074,0.0011030840687453747,-1,-3,2,1645.7626953125
28,0.36585365853658547,0.0004739196156151593,-1,-3,2,1645.7626953125
29,0.41463414634146356,0.00024988630320876837,-1,-3,2,1645.7626953125
30,0.46341463414634143,0.00047320930752903223,-1,-3,2,1645.7626953125
31,0.5121951219512195,4.576271749101579e-05,-1,-3,2,1645.7626953125
32,0.5609756097560976,9.484087058808655e-05,-1,-3,2,1645.7626953125
33,0.6097560975609757,5.6349701480939984e-05,-1,-3,2,1645.7626953125
34,0.6585365853658538,0.0001741052110446617,-1,-3,2,1645.7626953125
35,0.7073170731707317,0.00022526024258695543,-1,-3,2,1645.7626953125
36,0.7560975609756098,0.00018435699166730046,-1,-3,2,1645.7626953125
37,0.8048780487804879,0.00013351297820918262,-1,-3,2,1645.7626953125
38,0.853658536585366,8.278863242594525e-05,-1,-3,2,1645.7626953125
39,0.902439024390244,4.2370444134576246e-05,-1,-3,2,1645.7626953125
40,0.9512195121951219,3.1981417123461142e-06,-1,-3,2,1645.7626953125
41,1.0,2.5460635697527323e-06,-1,-3,2,1645.7626953125
0,-1.0,0.00130044377874583,-1,-1,3,1645.7626953125
1,-0.9512195121951219,0.00012304879783187062,-1,-1,3,1645.7626953125
2,-0.9024390243902439,0.0018158660968765616,-1,-1,3,1645.7626953125
3,-0.8536585365853658,0.000580347899813205,-1,-1,3,1645.7626953125
4,-0.8048780487804879,0.0030881718266755342,-1,-1,3,1645.7626953125
5,-0.7560975609756098,0.0003952812112402171,-1,-1,3,1645.7626953125
6,-0.7073170731707317,0.0008831603336147964,-1,-1,3,1645.7626953125
7,-0.6585365853658536,0.006340105552226305,-1,-1,3,1645.7626953125
8,-0.6097560975609756,0.001672093872912228,-1,-1,3,1645.7626953125
9,-0.5609756097560976,0.0014786883257329464,-1,-1,3,1645.7626953125
10,-0.5121951219512195,0.01633090153336525,-1,-1,3,1645.7626953125
11,-0.46341463414634143,0.030240435153245926,-1,-1,3,1645.7626953125
12,-0.41463414634146334,0.07668843120336533,-1,-1,3,1645.7626953125
13,-0.36585365853658536,0.4265114367008209,-1,-1,3,1645.7626953125
14,-0.31707317073170727,0.3040822744369507,-1,-1,3,1645.7626953125
15,-0.2682926829268293,0.03249986842274666,-1,-1,3,1645.7626953125
16,-0.2195121951219512,0.021801922470331192,-1,-1,3,1645.7626953125
17,-0.1707317073170731,0.016830654814839363,-1,-1,3,1645.7626953125
18,-0.12195121951219512,0.000304176879581064,-1,-1,3,1645.7626953125
19,-0.07317073170731703,0.01150771789252758,-1,-1,3,1645.7626953125
20,-0.024390243902439046,0.0025173369795084,-1,-1,3,1645.7626953125
21,0.024390243902439046,0.0020895558409392834,-1,-1,3,1645.7626953125
22,0.07317073170731714,0.005139956250786781,-1,-1,3,1645.7626953125
23,0.12195121951219523,0.00028497527819126844,-1,-1,3,1645.7626953125
24,0.17073170731707332,0.003173062577843666,-1,-1,3,1645.7626953125
25,0.2195121951219512,0.00020080101967323571,-1,-1,3,1645.7626953125
26,0.2682926829268293,0.00270009390078485,-1,-1,3,1645.7626953125
27,0.3170731707317074,0.0009364804136566818,-1,-1,3,1645.7626953125
28,0.36585365853658547,0.0002121075231116265,-1,-1,3,1645.7626953125
29,0.41463414634146356,0.001586251426488161,-1,-1,3,1645.7626953125
30,0.46341463414634143,0.00012137000885559246,-1,-1,3,1645.7626953125
31,0.5121951219512195,0.001764335436746478,-1,-1,3,1645.7626953125
32,0.5609756097560976,0.00022703362628817558,-1,-1,3,1645.7626953125
33,0.6097560975609757,0.0003084527561441064,-1,-1,3,1645.7626953125
34,0.6585365853658538,0.0008872880134731531,-1,-1,3,1645.7626953125
35,0.7073170731707317,4.1077015339396894e-05,-1,-1,3,1645.7626953125
36,0.7560975609756098,0.0005050338804721832,-1,-1,3,1645.7626953125
37,0.8048780487804879,8.112967771012336e-05,-1,-1,3,1645.7626953125
38,0.853658536585366,0.0005449448945000768,-1,-1,3,1645.7626953125
39,0.902439024390244,0.0004313304671086371,-1,-1,3,1645.7626953125
40,0.9512195121951219,0.0005008437437936664,-1,-1,3,1645.7626953125
41,1.0,0.0007206778391264379,-1,-1,3,1645.7626953125
0,-1.0,0.0,-1,4,5,1645.7626953125
1,-0.9512195121951219,0.0,-1,4,5,1645.7626953125
2,-0.9024390243902439,0.0,-1,4,5,1645.7626953125
3,-0.8536585365853658,6.370119535858976e-06,-1,4,5,1645.7626953125
4,-0.8048780487804879,1.2666317161347251e-05,-1,4,5,1645.7626953125
5,-0.7560975609756098,3.362909774295986e-05,-1,4,5,1645.7626953125
6,-0.7073170731707317,1.0749827197287232e-05,-1,4,5,1645.7626953125
7,-0.6585365853658536,1.0677633781597251e-06,-1,4,5,1645.7626953125
8,-0.6097560975609756,1.549696571601089e-05,-1,4,5,1645.7626953125
9,-0.5609756097560976,4.430668559507467e-05,-1,4,5,1645.7626953125
10,-0.5121951219512195,2.2291383174888324e-06,-1,4,5,1645.7626953125
11,-0.46341463414634143,1.1227723916817922e-05,-1,4,5,1645.7626953125
12,-0.41463414634146334,1.955754851223901e-05,-1,4,5,1645.7626953125
13,-0.36585365853658536,0.00012769408931490034,-1,4,5,1645.7626953125
14,-0.31707317073170727,1.7133021174231544e-05,-1,4,5,1645.7626953125
15,-0.2682926829268293,2.3919041268527508e-05,-1,4,5,1645.7626953125
16,-0.2195121951219512,2.0452704120543785e-05,-1,4,5,1645.7626953125
17,-0.1707317073170731,6.0075570218032226e-05,-1,4,5,1645.7626953125
18,-0.12195121951219512,0.00010199253301834688,-1,4,5,1645.7626953125
19,-0.07317073170731703,4.082087252754718e-05,-1,4,5,1645.7626953125
20,-0.024390243902439046,2.366204535064753e-05,-1,4,5,1645.7626953125
21,0.024390243902439046,9.969032544177026e-05,-1,4,5,1645.7626953125
22,0.07317073170731714,9.631863213144243e-05,-1,4,5,1645.7626953125
23,0.12195121951219523,5.277706804918125e-05,-1,4,5,1645.7626953125
24,0.17073170731707332,6.994466093601659e-05,-1,4,5,1645.7626953125
25,0.2195121951219512,0.001046395511366427,-1,4,5,1645.7626953125
26,0.2682926829268293,0.0014194940449669957,-1,4,5,1645.7626953125
27,0.3170731707317074,0.0004741110315080732,-1,4,5,1645.7626953125
28,0.36585365853658547,0.006543698254972696,-1,4,5,1645.7626953125
29,0.41463414634146356,0.08507708460092545,-1,4,5,1645.7626953125
30,0.46341463414634143,0.007293777074664831,-1,4,5,1645.7626953125
31,0.5121951219512195,0.00013131606101524085,-1,4,5,1645.7626953125
32,0.5609756097560976,0.00033752003218978643,-1,4,5,1645.7626953125
33,0.6097560975609757,0.00046563553041778505,-1,4,5,1645.7626953125
34,0.6585365853658538,0.00010354423284297809,-1,4,5,1645.7626953125
35,0.7073170731707317,1.9264347429270856e-05,-1,4,5,1645.7626953125
36,0.7560975609756098,0.00011034614726668224,-1,4,5,1645.7626953125
37,0.8048780487804879,0.00015319396334234625,-1,4,5,1645.7626953125
38,0.853658536585366,0.0001349892991129309,-1,4,5,1645.7626953125
39,0.902439024390244,2.966631654999219e-06,-1,4,5,1645.7626953125
40,0.9512195121951219,7.549457677669125e-06,-1,4,5,1645.7626953125
41,1.0,9.060592856258154e-05,-1,4,5,1645.7626953125
0,-1.0,6.223856325959787e-05,-1,5,5,1645.7626953125
1,-0.9512195121951219,9.27978089748649e-06,-1,5,5,1645.7626953125
2,-0.9024390243902439,4.797461224370636e-05,-1,5,5,1645.7626953125
3,-0.8536585365853658,3.9823975384933874e-05,-1,5,5,1645.7626953125
4,-0.8048780487804879,0.0005784319364465773,-1,5,5,1645.7626953125
5,-0.7560975609756098,0.00013873889110982418,-1,5,5,1645.7626953125
6,-0.7073170731707317,7.539668149547651e-05,-1,5,5,1645.7626953125
7,-0.6585365853658536,0.0007464266382157803,-1,5,5,1645.7626953125
8,-0.6097560975609756,6.214066524989903e-05,-1,5,5,1645.7626953125
9,-0.5609756097560976,0.019675379619002342,-1,5,5,1645.7626953125
10,-0.5121951219512195,0.0006232087616808712,-1,5,5,1645.7626953125
11,-0.46341463414634143,0.0003362254938110709,-1,5,5,1645.7626953125
12,-0.41463414634146334,7.353701221290976e-05,-1,5,5,1645.7626953125
13,-0.36585365853658536,5.485495421453379e-05,-1,5,5,1645.7626953125
14,-0.31707317073170727,0.00014649212243966758,-1,5,5,1645.7626953125
15,-0.2682926829268293,2.0315257643233053e-05,-1,5,5,1645.7626953125
16,-0.2195121951219512,0.0005533038638532162,-1,5,5,1645.7626953125
17,-0.1707317073170731,0.00017543112335260957,-1,5,5,1645.7626953125
18,-0.12195121951219512,1.675161001912784e-05,-1,5,5,1645.7626953125
19,-0.07317073170731703,0.00012949746451340616,-1,5,5,1645.7626953125
20,-0.024390243902439046,2.713388994379784e-06,-1,5,5,1645.7626953125
21,0.024390243902439046,2.437187868054025e-05,-1,5,5,1645.7626953125
22,0.07317073170731714,4.123830876778811e-05,-1,5,5,1645.7626953125
23,0.12195121951219523,7.219056715257466e-05,-1,5,5,1645.7626953125
24,0.17073170731707332,5.986111136735417e-05,-1,5,5,1645.7626953125
25,0.2195121951219512,6.236939952941611e-06,-1,5,5,1645.7626953125
26,0.2682926829268293,4.513437670539133e-05,-1,5,5,1645.7626953125
27,0.3170731707317074,2.645407448653714e-06,-1,5,5,1645.7626953125
28,0.36585365853658547,2.560226494097151e-05,-1,5,5,1645.7626953125
29,0.41463414634146356,3.330738400109112e-05,-1,5,5,1645.7626953125
30,0.46341463414634143,9.786228474695235e-06,-1,5,5,1645.7626953125
31,0.5121951219512195,0.0,-1,5,5,1645.7626953125
32,0.5609756097560976,0.0,-1,5,5,1645.7626953125
33,0.6097560975609757,0.0,-1,5,5,1645.7626953125
34,0.6585365853658538,0.0,-1,5,5,1645.7626953125
35,0.7073170731707317,0.0,-1,5,5,1645.7626953125
36,0.7560975609756098,0.0,-1,5,5,1645.7626953125
37,0.8048780487804879,0.0,-1,5,5,1645.7626953125
38,0.853658536585366,0.0,-1,5,5,1645.7626953125
39,0.902439024390244,0.0,-1,5,5,1645.7626953125
40,0.9512195121951219,0.0,-1,5,5,1645.7626953125
41,1.0,0.0,-1,5,5,1645.7626953125
0,-1.0,0.0,-1,7,6,1645.7626953125
1,-0.9512195121951219,0.0,-1,7,6,1645.7626953125
2,-0.9024390243902439,0.0,-1,7,6,1645.7626953125
3,-0.8536585365853658,0.0,-1,7,6,1645.7626953125
4,-0.8048780487804879,0.0,-1,7,6,1645.7626953125
5,-0.7560975609756098,0.0,-1,7,6,1645.7626953125
6,-0.7073170731707317,0.0,-1,7,6,1645.7626953125
7,-0.6585365853658536,0.0,-1,7,6,1645.7626953125
8,-0.6097560975609756,0.0,-1,7,6,1645.7626953125
9,-0.5609756097560976,0.0,-1,7,6,1645.7626953125
10,-0.5121951219512195,0.0,-1,7,6,1645.7626953125
11,-0.46341463414634143,0.0,-1,7,6,1645.7626953125
12,-0.41463414634146334,0.0,-1,7,6,1645.7626953125
13,-0.36585365853658536,0.0,-1,7,6,1645.7626953125
14,-0.31707317073170727,0.0,-1,7,6,1645.7626953125
15,-0.2682926829268293,0.0,-1,7,6,1645.7626953125
16,-0.2195121951219512,0.0,-1,7,6,1645.7626953125
17,-0.1707317073170731,0.0,-1,7,6,1645.7626953125
18,-0.12195121951219512,6.700935983872114e-08,-1,7,6,1645.7626953125
19,-0.07317073170731703,1.1732037137335283e-06,-1,7,6,1645.7626953125
20,-0.024390243902439046,1.8294217625225428e-06,-1,7,6,1645.7626953125
21,0.024390243902439046,7.273576443367347e-07,-1,7,6,1645.7626953125
22,0.07317073170731714,3.2906643809837988e-06,-1,7,6,1645.7626953125
23,0.12195121951219523,1.5329492271121126e-06,-1,7,6,1645.7626953125
24,0.17073170731707332,6.3981738094298635e-06,-1,7,6,1645.7626953125
25,0.2195121951219512,5.03000183016411e-06,-1,7,6,1645.7626953125
26,0.2682926829268293,1.78061436599819e-05,-1,7,6,1645.7626953125
27,0.3170731707317074,6.27638837613631e-06,-1,7,6,1645.7626953125
28,0.36585365853658547,7.06236605765298e-05,-1,7,6,1645.7626953125
29,0.41463414634146356,0.0002329685667064041,-1,7,6,1645.7626953125
30,0.46341463414634143,6.959540769457817e-05,-1,7,6,1645.7626953125
31,0.5121951219512195,0.00015449927013833076,-1,7,6,1645.7626953125
32,0.5609756097560976,0.0058794873766601086,-1,7,6,1645.7626953125
33,0.6097560975609757,0.00015740207163617015,-1,7,6,1645.7626953125
34,0.6585365853658538,2.3048387447488494e-06,-1,7,6,1645.7626953125
35,0.7073170731707317,7.638363058504183e-06,-1,7,6,1645.7626953125
36,0.7560975609756098,2.0269088054192252e-05,-1,7,6,1645.7626953125
37,0.8048780487804879,1.4870686300128e-06,-1,7,6,1645.7626953125
38,0.853658536585366,9.121011316892691e-06,-1,7,6,1645.7626953125
39,0.902439024390244,1.5264711691997945e-05,-1,7,6,1645.7626953125
40,0.9512195121951219,1.2277067071408965e-05,-1,7,6,1645.7626953125
41,1.0,4.023844212497352e-06,-1,7,6,1645.7626953125
0,-1.0,0.0,-1,8,6,1645.7626953125
1,-0.9512195121951219,0.0,-1,8,6,1645.7626953125
2,-0.9024390243902439,0.0,-1,8,6,1645.7626953125
3,-0.8536585365853658,0.0,-1,8,6,1645.7626953125
4,-0.8048780487804879,0.0,-1,8,6,1645.7626953125
5,-0.7560975609756098,0.0,-1,8,6,1645.7626953125
6,-0.7073170731707317,0.0,-1,8,6,1645.7626953125
7,-0.6585365853658536,0.0,-1,8,6,1645.7626953125
8,-0.6097560975609756,0.0,-1,8,6,1645.7626953125
9,-0.5609756097560976,0.0,-1,8,6,1645.7626953125
10,-0.5121951219512195,1.612886677548886e-07,-1,8,6,1645.7626953125
11,-0.46341463414634143,9.30273245103308e-08,-1,8,6,1645.7626953125
12,-0.41463414634146334,4.690464265877381e-07,-1,8,6,1645.7626953125
13,-0.36585365853658536,2.845685855845659e-07,-1,8,6,1645.7626953125
14,-0.31707317073170727,5.795721449430857e-07,-1,8,6,1645.7626953125
15,-0.2682926829268293,9.126600275521923e-07,-1,8,6,1645.7626953125
16,-0.2195121951219512,1.0581803508102894e-05,-1,8,6,1645.7626953125
17,-0.1707317073170731,2.509585783627699e-07,-1,8,6,1645.7626953125
18,-0.12195121951219512,3.562715392035898e-06,-1,8,6,1645.7626953125
19,-0.07317073170731703,2.1941489194432506e-06,-1,8,6,1645.7626953125
20,-0.024390243902439046,1.6248293832177296e-05,-1,8,6,1645.7626953125
21,0.024390243902439046,5.225500717642717e-05,-1,8,6,1645.7626953125
22,0.07317073170731714,0.006923864129930735,-1,8,6,1645.7626953125
23,0.12195121951219523,0.00015364133287221193,-1,8,6,1645.7626953125
24,0.17073170731707332,2.586403127224912e-07,-1,8,6,1645.7626953125
25,0.2195121951219512,1.4881103197694756e-05,-1,8,6,1645.7626953125
26,0.2682926829268293,1.7756233319232706e-06,-1,8,6,1645.7626953125
27,0.3170731707317074,1.2722982773993863e-06,-1,8,6,1645.7626953125
28,0.36585365853658547,2.3551656340714544e-06,-1,8,6,1645.7626953125
29,0.41463414634146356,3.0261346637416864e-06,-1,8,6,1645.7626953125
30,0.46341463414634143,8.431701417066506e-07,-1,8,6,1645.7626953125
31,0.5121951219512195,4.3416434891696554e-07,-1,8,6,1645.7626953125
32,0.5609756097560976,2.7190274067834252e-06,-1,8,6,1645.7626953125
33,0.6097560975609757,2.9741617254330777e-05,-1,8,6,1645.7626953125
34,0.6585365853658538,9.890284218272427e-07,-1,8,6,1645.7626953125
35,0.7073170731707317,0.0,-1,8,6,1645.7626953125
36,0.7560975609756098,0.0,-1,8,6,1645.7626953125
37,0.8048780487804879,0.0,-1,8,6,1645.7626953125
38,0.853658536585366,0.0,-1,8,6,1645.7626953125
39,0.902439024390244,0.0,-1,8,6,1645.7626953125
40,0.9512195121951219,0.0,-1,8,6,1645.7626953125
41,1.0,0.0,-1,8,6,1645.7626953125
0,-1.0,0.0,-1,9,6,1645.7626953125
1,-0.9512195121951219,0.0,-1,9,6,1645.7626953125
2,-0.9024390243902439,0.0,-1,9,6,1645.7626953125
3,-0.8536585365853658,0.0,-1,9,6,1645.7626953125
4,-0.8048780487804879,1.263157969333406e-07,-1,9,6,1645.7626953125
5,-0.7560975609756098,6.221267767614336e-08,-1,9,6,1645.7626953125
6,-0.7073170731707317,1.5296269850750832e-07,-1,9,6,1645.7626953125
7,-0.6585365853658536,1.5973924973877729e-06,-1,9,6,1645.7626953125
8,-0.6097560975609756,6.796597062930232e-07,-1,9,6,1645.7626953125
9,-0.5609756097560976,1.5984953734005103e-06,-1,9,6,1645.7626953125
10,-0.5121951219512195,8.469677936773223e-07,-1,9,6,1645.7626953125
11,-0.46341463414634143,1.0597346999929869e-06,-1,9,6,1645.7626953125
12,-0.41463414634146334,1.0398339611583651e-07,-1,9,6,1645.7626953125
13,-0.36585365853658536,1.244681584466889e-06,-1,9,6,1645.7626953125
14,-0.31707317073170727,7.76723027229309e-06,-1,9,6,1645.7626953125
15,-0.2682926829268293,7.737469422863796e-05,-1,9,6,1645.7626953125
16,-0.2195121951219512,3.1230960303219035e-05,-1,9,6,1645.7626953125
17,-0.1707317073170731,3.607081566769921e-07,-1,9,6,1645.7626953125
18,-0.12195121951219512,1.563845302143818e-07,-1,9,6,1645.7626953125
19,-0.07317073170731703,7.150720762183482e-07,-1,9,6,1645.7626953125
20,-0.024390243902439046,6.428558094739856e-07,-1,9,6,1645.7626953125
21,0.024390243902439046,1.1301725635348703e-06,-1,9,6,1645.7626953125
22,0.07317073170731714,2.828840024449164e-06,-1,9,6,1645.7626953125
23,0.12195121951219523,3.7311970118025783e-06,-1,9,6,1645.7626953125
24,0.17073170731707332,2.2498871032894385e-07,-1,9,6,1645.7626953125
25,0.2195121951219512,9.568670833459691e-08,-1,9,6,1645.7626953125
26,0.2682926829268293,5.546226589103753e-08,-1,9,6,1645.7626953125
27,0.3170731707317074,0.0,-1,9,6,1645.7626953125
28,0.36585365853658547,0.0,-1,9,6,1645.7626953125
29,0.41463414634146356,0.0,-1,9,6,1645.7626953125
30,0.46341463414634143,0.0,-1,9,6,1645.7626953125
31,0.5121951219512195,0.0,-1,9,6,1645.7626953125
32,0.5609756097560976,0.0,-1,9,6,1645.7626953125
33,0.6097560975609757,0.0,-1,9,6,1645.7626953125
34,0.6585365853658538,0.0,-1,9,6,1645.7626953125
35,0.7073170731707317,0.0,-1,9,6,1645.7626953125
36,0.7560975609756098,0.0,-1,9,6,1645.7626953125
37,0.8048780487804879,0.0,-1,9,6,1645.7626953125
38,0.853658536585366,0.0,-1,9,6,1645.7626953125
39,0.902439024390244,0.0,-1,9,6,1645.7626953125
40,0.9512195121951219,0.0,-1,9,6,1645.7626953125
41,1.0,0.0,-1,9,6,1645.7626953125
0,-1.0,0.0,0,-9,-5,1645.7626953125
1,-0.9512195121951219,0.0,0,-9,-5,1645.7626953125
2,-0.9024390243902439,0.0,0,-9,-5,1645.7626953125
3,-0.8536585365853658,0.0,0,-9,-5,1645.7626953125
4,-0.8048780487804879,0.0,0,-9,-5,1645.7626953125
5,-0.7560975609756098,4.895601146692741e-10,0,-9,-5,1645.7626953125
6,-0.7073170731707317,1.6554420199099695e-06,0,-9,-5,1645.7626953125
7,-0.6585365853658536,9.88799229162396e-07,0,-9,-5,1645.7626953125
8,-0.6097560975609756,1.0198043298714765e-07,0,-9,-5,1645.7626953125
9,-0.5609756097560976,8.279655183685009e-09,0,-9,-5,1645.7626953125
10,-0.5121951219512195,2.7500464057084173e-06,0,-9,-5,1645.7626953125
11,-0.46341463414634143,7.818969152140198e-07,0,-9,-5,1645.7626953125
12,-0.41463414634146334,2.8754091090377187e-06,0,-9,-5,1645.7626953125
13,-0.36585365853658536,4.626767349691363e-06,0,-9,-5,1645.7626953125
14,-0.31707317073170727,0.00024270161520689726,0,-9,-5,1645.7626953125
15,-0.2682926829268293,3.5508266591932625e-05,0,-9,-5,1645.7626953125
16,-0.2195121951219512,4.5258439058670774e-05,0,-9,-5,1645.7626953125
17,-0.1707317073170731,6.488097824330907e-06,0,-9,-5,1645.7626953125
18,-0.12195121951219512,1.8164460925618187e-05,0,-9,-5,1645.7626953125
19,-0.07317073170731703,6.324929017864633e-06,0,-9,-5,1645.7626953125
20,-0.024390243902439046,1.0016781288868515e-06,0,-9,-5,1645.7626953125
21,0.024390243902439046,1.038647042150842e-06,0,-9,-5,1645.7626953125
22,0.07317073170731714,1.1320686326143914e-06,0,-9,-5,1645.7626953125
23,0.12195121951219523,7.131696975193336e-07,0,-9,-5,1645.7626953125
24,0.17073170731707332,2.0358409358323115e-07,0,-9,-5,1645.7626953125
25,0.2195121951219512,8.28637425343004e-08,0,-9,-5,1645.7626953125
26,0.2682926829268293,1.829087636906479e-07,0,-9,-5,1645.7626953125
27,0.3170731707317074,0.0,0,-9,-5,1645.7626953125
28,0.36585365853658547,0.0,0,-9,-5,1645.7626953125
29,0.41463414634146356,0.0,0,-9,-5,1645.7626953125
30,0.46341463414634143,0.0,0,-9,-5,1645.7626953125
31,0.5121951219512195,0.0,0,-9,-5,1645.7626953125
32,0.5609756097560976,0.0,0,-9,-5,1645.7626953125
33,0.6097560975609757,0.0,0,-9,-5,1645.7626953125
34,0.6585365853658538,0.0,0,-9,-5,1645.7626953125
35,0.7073170731707317,0.0,0,-9,-5,1645.7626953125
36,0.7560975609756098,0.0,0,-9,-5,1645.7626953125
37,0.8048780487804879,0.0,0,-9,-5,1645.7626953125
38,0.853658536585366,0.0,0,-9,-5,1645.7626953125
39,0.902439024390244,0.0,0,-9,-5,1645.7626953125
40,0.9512195121951219,0.0,0,-9,-5,1645.7626953125
41,1.0,0.0,0,-9,-5,1645.7626953125
0,-1.0,0.0,0,-8,-5,1645.7626953125
1,-0.9512195121951219,0.0,0,-8,-5,1645.7626953125
2,-0.9024390243902439,0.0,0,-8,-5,1645.7626953125
3,-0.8536585365853658,0.0,0,-8,-5,1645.7626953125
4,-0.8048780487804879,0.0,0,-8,-5,1645.7626953125
5,-0.7560975609756098,0.0,0,-8,-5,1645.7626953125
6,-0.7073170731707317,0.0,0,-8,-5,1645.7626953125
7,-0.6585365853658536,0.0,0,-8,-5,1645.7626953125
8,-0.6097560975609756,0.0,0,-8,-5,1645.7626953125
9,-0.5609756097560976,0.0,0,-8,-5,1645.7626953125
10,-0.5121951219512195,0.0,0,-8,-5,1645.7626953125
11,-0.46341463414634143,0.0,0,-8,-5,1645.7626953125
12,-0.41463414634146334,0.0,0,-8,-5,1645.7626953125
13,-0.36585365853658536,0.0,0,-8,-5,1645.7626953125
14,-0.31707317073170727,0.0,0,-8,-5,1645.7626953125
15,-0.2682926829268293,0.0,0,-8,-5,1645.7626953125
16,-0.2195121951219512,0.0,0,-8,-5,1645.7626953125
17,-0.1707317073170731,0.0,0,-8,-5,1645.7626953125
18,-0.12195121951219512,0.0,0,-8,-5,1645.7626953125
19,-0.07317073170731703,0.0,0,-8,-5,1645.7626953125
20,-0.024390243902439046,0.0,0,-8,-5,1645.7626953125
21,0.024390243902439046,0.0,0,-8,-5,1645.7626953125
22,0.07317073170731714,0.0,0,-8,-5,1645.7626953125
23,0.12195121951219523,0.0,0,-8,-5,1645.7626953125
24,0.17073170731707332,4.239725370780434e-08,0,-8,-5,1645.7626953125
25,0.2195121951219512,1.256155883311294e-06,0,-8,-5,1645.7626953125
26,0.2682926829268293,9.292211871070322e-07,0,-8,-5,1645.7626953125
27,0.3170731707317074,0.0001281740260310471,0,-8,-5,1645.7626953125
28,0.36585365853658547,3.0900041565473657e-06,0,-8,-5,1645.7626953125
29,0.41463414634146356,7.70323913457105e-06,0,-8,-5,1645.7626953125
30,0.46341463414634143,1.3056293028057553e-05,0,-8,-5,1645.7626953125
31,0.5121951219512195,1.0306973308615852e-05,0,-8,-5,1645.7626953125
32,0.5609756097560976,2.025244975811802e-05,0,-8,-5,1645.7626953125
33,0.6097560975609757,1.796872129489202e-05,0,-8,-5,1645.7626953125
34,0.6585365853658538,0.00016940443310886621,0,-8,-5,1645.7626953125
35,0.7073170731707317,0.001299039227887988,0,-8,-5,1645.7626953125
36,0.7560975609756098,9.098584996536374e-05,0,-8,-5,1645.7626953125
37,0.8048780487804879,0.00012183688522782177,0,-8,-5,1645.7626953125
38,0.853658536585366,2.393449358351063e-05,0,-8,-5,1645.7626953125
39,0.902439024390244,2.0898980437777936e-05,0,-8,-5,1645.7626953125
40,0.9512195121951219,2.9210179491201416e-05,0,-8,-5,1645.7626953125
41,1.0,9.46667933021672e-06,0,-8,-5,1645.7626953125
0,-1.0,4.1488036117698357e-07,0,-8,-4,1645.7626953125
1,-0.9512195121951219,3.407400072319433e-06,0,-8,-4,1645.7626953125
2,-0.9024390243902439,1.0759428732853848e-05,0,-8,-4,1645.7626953125
3,-0.8536585365853658,1.2267649935893132e-06,0,-8,-4,1645.7626953125
4,-0.8048780487804879,8.241555406129919e-06,0,-8,-4,1645.7626953125
5,-0.7560975609756098,5.662542662321357e-06,0,-8,-4,1645.7626953125
6,-0.7073170731707317,0.0014644976472482085,0,-8,-4,1645.7626953125
7,-0.6585365853658536,0.0005355389439500868,0,-8,-4,1645.7626953125
8,-0.6097560975609756,5.880663957213983e-05,0,-8,-4,1645.7626953125
9,-0.5609756097560976,3.1754984775034245e-06,0,-8,-4,1645.7626953125
10,-0.5121951219512195,6.004028819006635e-06,0,-8,-4,1645.7626953125
11,-0.46341463414634143,1.6912994396989234e-05,0,-8,-4,1645.7626953125
12,-0.41463414634146334,1.9786798475252e-06,0,-8,-4,1645.7626953125
13,-0.36585365853658536,1.6393576061091153e-06,0,-8,-4,1645.7626953125
14,-0.31707317073170727,8.285372132377233e-06,0,-8,-4,1645.7626953125
15,-0.2682926829268293,3.74823162019311e-06,0,-8,-4,1645.7626953125
16,-0.2195121951219512,1.26277905110328e-06,0,-8,-4,1645.7626953125
17,-0.1707317073170731,5.165987658983795e-06,0,-8,-4,1645.7626953125
18,-0.12195121951219512,2.5814831587922527e-06,0,-8,-4,1645.7626953125
19,-0.07317073170731703,0.0,0,-8,-4,1645.7626953125
20,-0.024390243902439046,0.0,0,-8,-4,1645.7626953125
21,0.024390243902439046,0.0,0,-8,-4,1645.7626953125
22,0.07317073170731714,0.0,0,-8,-4,1645.7626953125
23,0.12195121951219523,0.0,0,-8,-4,1645.7626953125
24,0.17073170731707332,0.0,0,-8,-4,1645.7626953125
25,0.2195121951219512,0.0,0,-8,-4,1645.7626953125
26,0.2682926829268293,0.0,0,-8,-4,1645.7626953125
27,0.3170731707317074,0.0,0,-8,-4,1645.7626953125
28,0.36585365853658547,0.0,0,-8,-4,1645.7626953125
29,0.41463414634146356,0.0,0,-8,-4,1645.7626953125
30,0.46341463414634143,0.0,0,-8,-4,1645.7626953125
31,0.5121951219512195,0.0,0,-8,-4,1645.7626953125
32,0.5609756097560976,0.0,0,-8,-4,1645.7626953125
33,0.6097560975609757,0.0,0,-8,-4,1645.7626953125
34,0.6585365853658538,0.0,0,-8,-4,1645.7626953125
35,0.7073170731707317,0.0,0,-8,-4,1645.7626953125
36,0.7560975609756098,0.0,0,-8,-4,1645.7626953125
37,0.8048780487804879,0.0,0,-8,-4,1645.7626953125
38,0.853658536585366,0.0,0,-8,-4,1645.7626953125
39,0.902439024390244,0.0,0,-8,-4,1645.7626953125
40,0.9512195121951219,0.0,0,-8,-4,1645.7626953125
41,1.0,0.0,0,-8,-4,1645.7626953125
0,-1.0,0.0,0,-7,-4,1645.7626953125
1,-0.9512195121951219,0.0,0,-7,-4,1645.7626953125
2,-0.9024390243902439,0.0,0,-7,-4,1645.7626953125
3,-0.8536585365853658,0.0,0,-7,-4,1645.7626953125
4,-0.8048780487804879,0.0,0,-7,-4,1645.7626953125
5,-0.7560975609756098,0.0,0,-7,-4,1645.7626953125
6,-0.7073170731707317,0.0,0,-7,-4,1645.7626953125
7,-0.6585365853658536,0.0,0,-7,-4,1645.7626953125
8,-0.6097560975609756,0.0,0,-7,-4,1645.7626953125
9,-0.5609756097560976,0.0,0,-7,-4,1645.7626953125
10,-0.5121951219512195,0.0,0,-7,-4,1645.7626953125
11,-0.46341463414634143,0.0,0,-7,-4,1645.7626953125
12,-0.41463414634146334,0.0,0,-7,-4,1645.7626953125
13,-0.36585365853658536,0.0,0,-7,-4,1645.7626953125
14,-0.31707317073170727,0.0001773749099811539,0,-7,-4,1645.7626953125
15,-0.2682926829268293,4.896968675893731e-06,0,-7,-4,1645.7626953125
16,-0.2195121951219512,1.0207938885287149e-06,0,-7,-4,1645.7626953125
17,-0.1707317073170731,3.5242610465502366e-05,0,-7,-4,1645.7626953125
18,-0.12195121951219512,8.773527952143922e-06,0,-7,-4,1645.7626953125
19,-0.07317073170731703,1.6287706330331275e-06,0,-7,-4,1645.7626953125
20,-0.024390243902439046,2.7397201847634278e-05,0,-7,-4,1645.7626953125
21,0.024390243902439046,3.289673941253568e-06,0,-7,-4,1645.7626953125
22,0.07317073170731714,5.729201075155288e-05,0,-7,-4,1645.7626953125
23,0.12195121951219523,6.821114948252216e-05,0,-7,-4,1645.7626953125
24,0.17073170731707332,5.888875875825761e-07,0,-7,-4,1645.7626953125
25,0.2195121951219512,0.00023031955061014742,0,-7,-4,1645.7626953125
26,0.2682926829268293,0.0007914985762909055,0,-7,-4,1645.7626953125
27,0.3170731707317074,0.05363382771611214,0,-7,-4,1645.7626953125
28,0.36585365853658547,0.0009412101935595274,0,-7,-4,1645.7626953125
29,0.41463414634146356,8.388113201363012e-05,0,-7,-4,1645.7626953125
30,0.46341463414634143,3.484864646452479e-05,0,-7,-4,1645.7626953125
31,0.5121951219512195,5.3933734307065606e-05,0,-7,-4,1645.7626953125
32,0.5609756097560976,1.0998911420756485e-05,0,-7,-4,1645.7626953125
33,0.6097560975609757,9.693695574242156e-06,0,-7,-4,1645.7626953125
34,0.6585365853658538,3.174970697727986e-05,0,-7,-4,1645.7626953125
35,0.7073170731707317,1.4625523192535184e-07,0,-7,-4,1645.7626953125
36,0.7560975609756098,9.736612810229417e-06,0,-7,-4,1645.7626953125
37,0.8048780487804879,4.769722181663383e-06,0,-7,-4,1645.7626953125
38,0.853658536585366,1.7948992763194838e-06,0,-7,-4,1645.7626953125
39,0.902439024390244,1.861979512796097e-06,0,-7,-4,1645.7626953125
40,0.9512195121951219,4.822958885597473e-07,0,-7,-4,1645.7626953125
41,1.0,0.0,0,-7,-4,1645.7626953125
0,-1.0,6.449765805882635e-06,0,-6,-3,1645.7626953125
1,-0.9512195121951219,1.430594807061425e-06,0,-6,-3,1645.7626953125
2,-0.9024390243902439,3.431434151934809e-06,0,-6,-3,1645.7626953125
3,-0.8536585365853658,3.9134665712481365e-06,0,-6,-3,1645.7626953125
4,-0.8048780487804879,2.403590428912139e-07,0,-6,-3,1645.7626953125
5,-0.7560975609756098,2.489523649273906e-05,0,-6,-3,1645.7626953125
6,-0.7073170731707317,1.633934152778238e-05,0,-6,-3,1645.7626953125
7,-0.6585365853658536,1.577138391439803e-05,0,-6,-3,1645.7626953125
8,-0.6097560975609756,7.625969374203123e-06,0,-6,-3,1645.7626953125
9,-0.5609756097560976,1.545658233226277e-05,0,-6,-3,1645.7626953125
10,-0.5121951219512195,6.40355356154032e-05,0,-6,-3,1645.7626953125
11,-0.46341463414634143,7.393703708657995e-05,0,-6,-3,1645.7626953125
12,-0.41463414634146334,0.00010308133641956374,0,-6,-3,1645.7626953125
13,-0.36585365853658536,0.0007991818711161613,0,-6,-3,1645.7626953125
14,-0.31707317073170727,0.1438118815422058,0,-6,-3,1645.7626953125
15,-0.2682926829268293,0.0010043253423646092,0,-6,-3,1645.7626953125
16,-0.2195121951219512,0.0003473555261734873,0,-6,-3,1645.7626953125
17,-0.1707317073170731,0.000649022578727454,0,-6,-3,1645.7626953125
18,-0.12195121951219512,0.00021735136397182941,0,-6,-3,1645.7626953125
19,-0.07317073170731703,5.0981008826056495e-05,0,-6,-3,1645.7626953125
20,-0.024390243902439046,4.066189285367727e-05,0,-6,-3,1645.7626953125
21,0.024390243902439046,0.0001070056896423921,0,-6,-3,1645.7626953125
22,0.07317073170731714,4.249952326063067e-05,0,-6,-3,1645.7626953125
23,0.12195121951219523,4.1662024159450084e-05,0,-6,-3,1645.7626953125
24,0.17073170731707332,3.661586742964573e-05,0,-6,-3,1645.7626953125
25,0.2195121951219512,2.0419200154719874e-05,0,-6,-3,1645.7626953125
26,0.2682926829268293,2.4383916752412915e-05,0,-6,-3,1645.7626953125
27,0.3170731707317074,0.00012860480637755245,0,-6,-3,1645.7626953125
28,0.36585365853658547,3.333614222356118e-05,0,-6,-3,1645.7626953125
29,0.41463414634146356,2.06838649319252e-05,0,-6,-3,1645.7626953125
30,0.46341463414634143,1.1502599591040052e-05,0,-6,-3,1645.7626953125
31,0.5121951219512195,0.0,0,-6,-3,1645.7626953125
32,0.5609756097560976,0.0,0,-6,-3,1645.7626953125
33,0.6097560975609757,0.0,0,-6,-3,1645.7626953125
34,0.6585365853658538,0.0,0,-6,-3,1645.7626953125
35,0.7073170731707317,0.0,0,-6,-3,1645.7626953125
36,0.7560975609756098,0.0,0,-6,-3,1645.7626953125
37,0.8048780487804879,0.0,0,-6,-3,1645.7626953125
38,0.853658536585366,0.0,0,-6,-3,1645.7626953125
39,0.902439024390244,0.0,0,-6,-3,1645.7626953125
40,0.9512195121951219,0.0,0,-6,-3,1645.7626953125
41,1.0,0.0,0,-6,-3,1645.7626953125
0,-1.0,9.148077879217453e-06,0,-4,-2,1645.7626953125
1,-0.9512195121951219,1.658690598560497e-05,0,-4,-2,1645.7626953125
2,-0.9024390243902439,1.0299710083927494e-05,0,-4,-2,1645.7626953125
3,-0.8536585365853658,2.684835408217623e-06,0,-4,-2,1645.7626953125
4,-0.8048780487804879,2.036381556536071e-05,0,-4,-2,1645.7626953125
5,-0.7560975609756098,2.9832060590706533e-06,0,-4,-2,1645.7626953125
6,-0.7073170731707317,1.841152879933361e-05,0,-4,-2,1645.7626953125
7,-0.6585365853658536,2.3545173462480307e-05,0,-4,-2,1645.7626953125
8,-0.6097560975609756,5.823354149470106e-05,0,-4,-2,1645.7626953125
9,-0.5609756097560976,1.0439449397381395e-05,0,-4,-2,1645.7626953125
10,-0.5121951219512195,4.311378870625049e-05,0,-4,-2,1645.7626953125
11,-0.46341463414634143,5.7950841437559575e-05,0,-4,-2,1645.7626953125
12,-0.41463414634146334,6.261892849579453e-05,0,-4,-2,1645.7626953125
13,-0.36585365853658536,0.00020908373699057847,0,-4,-2,1645.7626953125
14,-0.31707317073170727,0.0004839868051931262,0,-4,-2,1645.7626953125
15,-0.2682926829268293,0.00015299313236027956,0,-4,-2,1645.7626953125
16,-0.2195121951219512,0.00043201498920097947,0,-4,-2,1645.7626953125
17,-0.1707317073170731,1.967700336535927e-05,0,-4,-2,1645.7626953125
18,-0.12195121951219512,0.00017140932322945446,0,-4,-2,1645.7626953125
19,-0.07317073170731703,0.001520072459243238,0,-4,-2,1645.7626953125
20,-0.024390243902439046,0.002097932854667306,0,-4,-2,1645.7626953125
21,0.024390243902439046,0.042439598590135574,0,-4,-2,1645.7626953125
22,0.07317073170731714,0.08029089868068695,0,-4,-2,1645.7626953125
23,0.12195121951219523,0.00013316866534296423,0,-4,-2,1645.7626953125
24,0.17073170731707332,0.0009343553683720529,0,-4,-2,1645.7626953125
25,0.2195121951219512,0.000976744806393981,0,-4,-2,1645.7626953125
26,0.2682926829268293,4.020496999146417e-05,0,-4,-2,1645.7626953125
27,0.3170731707317074,4.8264038923662156e-05,0,-4,-2,1645.7626953125
28,0.36585365853658547,5.288463944452815e-05,0,-4,-2,1645.7626953125
29,0.41463414634146356,0.00039777305210009217,0,-4,-2,1645.7626953125
30,0.46341463414634143,0.0002031305048149079,0,-4,-2,1645.7626953125
31,0.5121951219512195,6.929893424967304e-05,0,-4,-2,1645.7626953125
32,0.5609756097560976,9.187558134726714e-06,0,-4,-2,1645.7626953125
33,0.6097560975609757,6.599444895982742e-05,0,-4,-2,1645.7626953125
34,0.6585365853658538,7.283146260306239e-05,0,-4,-2,1645.7626953125
35,0.7073170731707317,1.5376448345705285e-06,0,-4,-2,1645.7626953125
36,0.7560975609756098,3.580195698305033e-05,0,-4,-2,1645.7626953125
37,0.8048780487804879,1.5967358194757253e-05,0,-4,-2,1645.7626953125
38,0.853658536585366,3.4463664633221924e-06,0,-4,-2,1645.7626953125
39,0.902439024390244,1.6816789866425097e-05,0,-4,-2,1645.7626953125
40,0.9512195121951219,2.9511868433473865e-06,0,-4,-2,1645.7626953125
41,1.0,1.0752380148915108e-05,0,-4,-2,1645.7626953125
0,-1.0,0.00011263367196079344,0,-2,-1,1645.7626953125
1,-0.9512195121951219,1.572641281200049e-06,0,-2,-1,1645.7626953125
2,-0.9024390243902439,0.0001211591879837215,0,-2,-1,1645.7626953125
3,-0.8536585365853658,0.000181597177288495,0,-2,-1,1645.7626953125
4,-0.8048780487804879,1.1056559742428362e-05,0,-2,-1,1645.7626953125
5,-0.7560975609756098,1.129255997511791e-05,0,-2,-1,1645.7626953125
6,-0.7073170731707317,7.416432345053181e-05,0,-2,-1,1645.7626953125
7,-0.6585365853658536,4.568547956296243e-05,0,-2,-1,1645.7626953125
8,-0.6097560975609756,0.00017080488032661378,0,-2,-1,1645.7626953125
9,-0.5609756097560976,0.0002169767685700208,0,-2,-1,1645.7626953125
10,-0.5121951219512195,3.0355045964824967e-05,0,-2,-1,1645.7626953125
11,-0.46341463414634143,0.00013266885071061552,0,-2,-1,1645.7626953125
12,-0.41463414634146334,8.025622082641348e-05,0,-2,-1,1645.7626953125
13,-0.36585365853658536,0.00028285602456890047,0,-2,-1,1645.7626953125
14,-0.31707317073170727,0.00036105894832871854,0,-2,-1,1645.7626953125
15,-0.2682926829268293,0.0009741506073623896,0,-2,-1,1645.7626953125
16,-0.2195121951219512,0.00017215244588442147,0,-2,-1,1645.7626953125
17,-0.1707317073170731,0.000559135980438441,0,-2,-1,1645.7626953125
18,-0.12195121951219512,0.0012391514610499144,0,-2,-1,1645.7626953125
19,-0.07317073170731703,0.00024035359092522413,0,-2,-1,1645.7626953125
20,-0.024390243902439046,0.0006396066746674478,0,-2,-1,1645.7626953125
21,0.024390243902439046,0.0019568547140806913,0,-2,-1,1645.7626953125
22,0.07317073170731714,0.0007788381190039217,0,-2,-1,1645.7626953125
23,0.12195121951219523,0.001269819331355393,0,-2,-1,1645.7626953125
24,0.17073170731707332,0.005943235941231251,0,-2,-1,1645.7626953125
25,0.2195121951219512,0.0018195334123447537,0,-2,-1,1645.7626953125
26,0.2682926829268293,0.0042629120871424675,0,-2,-1,1645.7626953125
27,0.3170731707317074,0.0329846628010273,0,-2,-1,1645.7626953125
28,0.36585365853658547,0.0180552639067173,0,-2,-1,1645.7626953125
29,0.41463414634146356,0.39793670177459717,0,-2,-1,1645.7626953125
30,0.46341463414634143,0.10289451479911804,0,-2,-1,1645.7626953125
31,0.5121951219512195,0.020203348249197006,0,-2,-1,1645.7626953125
32,0.5609756097560976,0.0019360763253644109,0,-2,-1,1645.7626953125
33,0.6097560975609757,0.010779199190437794,0,-2,-1,1645.7626953125
34,0.6585365853658538,0.005384108517318964,0,-2,-1,1645.7626953125
35,0.7073170731707317,0.00016694788064341992,0,-2,-1,1645.7626953125
36,0.7560975609756098,0.0025315640959888697,0,-2,-1,1645.7626953125
37,0.8048780487804879,0.0008479909738525748,0,-2,-1,1645.7626953125
38,0.853658536585366,9.555930591886863e-05,0,-2,-1,1645.7626953125
39,0.902439024390244,0.0013359020231291652,0,-2,-1,1645.7626953125
40,0.9512195121951219,0.0008483523852191865,0,-2,-1,1645.7626953125
41,1.0,0.00011625113256741315,0,-2,-1,1645.7626953125
0,-1.0,0.007412570528686047,0,3,1,1645.7626953125
1,-0.9512195121951219,0.013637268915772438,0,3,1,1645.7626953125
2,-0.9024390243902439,0.020665133371949196,0,3,1,1645.7626953125
3,-0.8536585365853658,0.058631494641304016,0,3,1,1645.7626953125
4,-0.8048780487804879,0.16319939494132996,0,3,1,1645.7626953125
5,-0.7560975609756098,0.24334272742271423,0,3,1,1645.7626953125
6,-0.7073170731707317,0.016750218346714973,0,3,1,1645.7626953125
7,-0.6585365853658536,0.01050574705004692,0,3,1,1645.7626953125
8,-0.6097560975609756,0.010839758440852165,0,3,1,1645.7626953125
9,-0.5609756097560976,0.010110607370734215,0,3,1,1645.7626953125
10,-0.5121951219512195,0.004620843566954136,0,3,1,1645.7626953125
11,-0.46341463414634143,0.003635354107245803,0,3,1,1645.7626953125
12,-0.41463414634146334,0.0019444706849753857,0,3,1,1645.7626953125
13,-0.36585365853658536,0.0023336433805525303,0,3,1,1645.7626953125
14,-0.31707317073170727,0.0017806148389354348,0,3,1,1645.7626953125
15,-0.2682926829268293,0.0005117853870615363,0,3,1,1645.7626953125
16,-0.2195121951219512,0.001174940261989832,0,3,1,1645.7626953125
17,-0.1707317073170731,0.0019004036439582705,0,3,1,1645.7626953125
18,-0.12195121951219512,0.0019306669710204005,0,3,1,1645.7626953125
19,-0.07317073170731703,0.0016750572249293327,0,3,1,1645.7626953125
20,-0.024390243902439046,0.0011922343401238322,0,3,1,1645.7626953125
21,0.024390243902439046,0.001205615233629942,0,3,1,1645.7626953125
22,0.07317073170731714,0.001132408739067614,0,3,1,1645.7626953125
23,0.12195121951219523,0.0007976191700436175,0,3,1,1645.7626953125
24,0.17073170731707332,0.00012236031761858612,0,3,1,1645.7626953125
25,0.2195121951219512,6.482364551629871e-05,0,3,1,1645.7626953125
26,0.2682926829268293,8.912666817195714e-05,0,3,1,1645.7626953125
27,0.3170731707317074,0.0005547674372792244,0,3,1,1645.7626953125
28,0.36585365853658547,0.00044170787441544235,0,3,1,1645.7626953125
29,0.41463414634146356,0.00016341381706297398,0,3,1,1645.7626953125
30,0.46341463414634143,0.0005538529949262738,0,3,1,1645.7626953125
31,0.5121951219512195,0.0006237798370420933,0,3,1,1645.7626953125
32,0.5609756097560976,0.0004743814351968467,0,3,1,1645.7626953125
33,0.6097560975609757,0.0003966428339481354,0,3,1,1645.7626953125
34,0.6585365853658538,0.00040068646194413304,0,3,1,1645.7626953125
35,0.7073170731707317,0.000321869709296152,0,3,1,1645.7626953125
36,0.7560975609756098,0.0003518679004628211,0,3,1,1645.7626953125
37,0.8048780487804879,0.0002853337209671736,0,3,1,1645.7626953125
38,0.853658536585366,0.00035592823405750096,0,3,1,1645.7626953125
39,0.902439024390244,0.0,0,3,1,1645.7626953125
40,0.9512195121951219,0.0,0,3,1,1645.7626953125
41,1.0,0.0,0,3,1,1645.7626953125
0,-1.0,0.0,0,5,2,1645.7626953125
1,-0.9512195121951219,0.0,0,5,2,1645.7626953125
2,-0.9024390243902439,0.0,0,5,2,1645.7626953125
3,-0.8536585365853658,0.0,0,5,2,1645.7626953125
4,-0.8048780487804879,0.0,0,5,2,1645.7626953125
5,-0.7560975609756098,0.0,0,5,2,1645.7626953125
6,-0.7073170731707317,0.0,0,5,2,1645.7626953125
7,-0.6585365853658536,0.0,0,5,2,1645.7626953125
8,-0.6097560975609756,0.0,0,5,2,1645.7626953125
9,-0.5609756097560976,0.0,0,5,2,1645.7626953125
10,-0.5121951219512195,0.0,0,5,2,1645.7626953125
11,-0.46341463414634143,5.885503355784749e-07,0,5,2,1645.7626953125
12,-0.41463414634146334,1.2251456382728065e-07,0,5,2,1645.7626953125
13,-0.36585365853658536,6.773036034246616e-07,0,5,2,1645.7626953125
14,-0.31707317073170727,9.946577392838662e-07,0,5,2,1645.7626953125
15,-0.2682926829268293,8.075892310444033e-07,0,5,2,1645.7626953125
16,-0.2195121951219512,3.1825329642742872e-06,0,5,2,1645.7626953125
17,-0.1707317073170731,3.931568699044874e-06,0,5,2,1645.7626953125
18,-0.12195121951219512,1.9513613551680464e-06,0,5,2,1645.7626953125
19,-0.07317073170731703,2.82665070017174e-07,0,5,2,1645.7626953125
20,-0.024390243902439046,7.985031697899103e-05,0,5,2,1645.7626953125
21,0.024390243902439046,1.2684439752774779e-05,0,5,2,1645.7626953125
22,0.07317073170731714,3.853091129712993e-06,0,5,2,1645.7626953125
23,0.12195121951219523,7.775721314828843e-06,0,5,2,1645.7626953125
24,0.17073170731707332,1.1616893061727751e-05,0,5,2,1645.7626953125
25,0.2195121951219512,3.9572518289787695e-05,0,5,2,1645.7626953125
26,0.2682926829268293,9.268370922654867e-05,0,5,2,1645.7626953125
27,0.3170731707317074,3.438939165789634e-05,0,5,2,1645.7626953125
28,0.36585365853658547,1.3125977602612693e-05,0,5,2,1645.7626953125
29,0.41463414634146356,1.2139171303715557e-06,0,5,2,1645.7626953125
30,0.46341463414634143,0.008393562398850918,0,5,2,1645.7626953125
31,0.5121951219512195,8.381468069273978e-05,0,5,2,1645.7626953125
32,0.5609756097560976,4.762537719216198e-05,0,5,2,1645.7626953125
33,0.6097560975609757,0.00014240638120099902,0,5,2,1645.7626953125
34,0.6585365853658538,0.0001048463600454852,0,5,2,1645.7626953125
35,0.7073170731707317,6.252829916775227e-05,0,5,2,1645.7626953125
36,0.7560975609756098,6.663246313109994e-05,0,5,2,1645.7626953125
37,0.8048780487804879,8.031473953451496e-06,0,5,2,1645.7626953125
38,0.853658536585366,1.2368714124022517e-05,0,5,2,1645.7626953125
39,0.902439024390244,1.8940358131658286e-05,0,5,2,1645.7626953125
40,0.9512195121951219,4.819615242013242e-06,0,5,2,1645.7626953125
41,1.0,2.193900763813872e-05,0,5,2,1645.7626953125
0,-1.0,8.609718520347087e-07,0,6,2,1645.7626953125
1,-0.9512195121951219,1.0525610377953853e-05,0,6,2,1645.7626953125
2,-0.9024390243902439,2.356507820877596e-06,0,6,2,1645.7626953125
3,-0.8536585365853658,1.9964056264143437e-05,0,6,2,1645.7626953125
4,-0.8048780487804879,5.598905772785656e-05,0,6,2,1645.7626953125
5,-0.7560975609756098,6.545997166540474e-05,0,6,2,1645.7626953125
6,-0.7073170731707317,2.3116574539017165e-06,0,6,2,1645.7626953125
7,-0.6585365853658536,1.924637945194263e-05,0,6,2,1645.7626953125
8,-0.6097560975609756,6.170680990180699e-06,0,6,2,1645.7626953125
9,-0.5609756097560976,3.3630328744038707e-06,0,6,2,1645.7626953125
10,-0.5121951219512195,1.571612529005506e-06,0,6,2,1645.7626953125
11,-0.46341463414634143,4.312237820158771e-07,0,6,2,1645.7626953125
12,-0.41463414634146334,4.063944288645871e-06,0,6,2,1645.7626953125
13,-0.36585365853658536,5.259598037810065e-05,0,6,2,1645.7626953125
14,-0.31707317073170727,1.1737683053070214e-05,0,6,2,1645.7626953125
15,-0.2682926829268293,4.732518391392659e-06,0,6,2,1645.7626953125
16,-0.2195121951219512,0.0030521031003445387,0,6,2,1645.7626953125
17,-0.1707317073170731,6.875916938042792e-07,0,6,2,1645.7626953125
18,-0.12195121951219512,5.24750430486165e-06,0,6,2,1645.7626953125
19,-0.07317073170731703,2.8192180252517574e-06,0,6,2,1645.7626953125
20,-0.024390243902439046,1.3712070767724072e-06,0,6,2,1645.7626953125
21,0.024390243902439046,8.431583410128951e-06,0,6,2,1645.7626953125
22,0.07317073170731714,6.365272383845877e-06,0,6,2,1645.7626953125
23,0.12195121951219523,1.0153539733437356e-05,0,6,2,1645.7626953125
24,0.17073170731707332,5.3189528443908785e-06,0,6,2,1645.7626953125
25,0.2195121951219512,1.3585387023340445e-05,0,6,2,1645.7626953125
26,0.2682926829268293,7.942612683109473e-06,0,6,2,1645.7626953125
27,0.3170731707317074,0.00011505990551086143,0,6,2,1645.7626953125
28,0.36585365853658547,6.069991286494769e-05,0,6,2,1645.7626953125
29,0.41463414634146356,6.083499829401262e-05,0,6,2,1645.7626953125
30,0.46341463414634143,1.577770854055416e-05,0,6,2,1645.7626953125
31,0.5121951219512195,9.003458217193838e-06,0,6,2,1645.7626953125
32,0.5609756097560976,7.314156391657889e-06,0,6,2,1645.7626953125
33,0.6097560975609757,0.0,0,6,2,1645.7626953125
34,0.6585365853658538,0.0,0,6,2,1645.7626953125
35,0.7073170731707317,0.0,0,6,2,1645.7626953125
36,0.7560975609756098,0.0,0,6,2,1645.7626953125
37,0.8048780487804879,0.0,0,6,2,1645.7626953125
38,0.853658536585366,0.0,0,6,2,1645.7626953125
39,0.902439024390244,0.0,0,6,2,1645.7626953125
40,0.9512195121951219,0.0,0,6,2,1645.7626953125
41,1.0,0.0,0,6,2,1645.7626953125
0,-1.0,1.9133914975100197e-05,0,7,2,1645.7626953125
1,-0.9512195121951219,1.069646987161832e-05,0,7,2,1645.7626953125
2,-0.9024390243902439,2.019322528212797e-05,0,7,2,1645.7626953125
3,-0.8536585365853658,2.0740251329698367e-06,0,7,2,1645.7626953125
4,-0.8048780487804879,1.883358709164895e-05,0,7,2,1645.7626953125
5,-0.7560975609756098,2.7944215617026202e-05,0,7,2,1645.7626953125
6,-0.7073170731707317,8.46611237648176e-06,0,7,2,1645.7626953125
7,-0.6585365853658536,0.010064205154776573,0,7,2,1645.7626953125
8,-0.6097560975609756,0.0025225544814020395,0,7,2,1645.7626953125
9,-0.5609756097560976,4.250275742379017e-05,0,7,2,1645.7626953125
10,-0.5121951219512195,1.950465957634151e-05,0,7,2,1645.7626953125
11,-0.46341463414634143,0.00019802863243967295,0,7,2,1645.7626953125
12,-0.41463414634146334,4.377892764750868e-06,0,7,2,1645.7626953125
13,-0.36585365853658536,2.051706542260945e-05,0,7,2,1645.7626953125
14,-0.31707317073170727,1.3319020126800751e-06,0,7,2,1645.7626953125
15,-0.2682926829268293,3.855115551232302e-07,0,7,2,1645.7626953125
16,-0.2195121951219512,1.0447819249748136e-06,0,7,2,1645.7626953125
17,-0.1707317073170731,5.70651366160746e-07,0,7,2,1645.7626953125
18,-0.12195121951219512,1.2928633275066659e-08,0,7,2,1645.7626953125
19,-0.07317073170731703,6.227826361282496e-07,0,7,2,1645.7626953125
20,-0.024390243902439046,1.0485425860906616e-07,0,7,2,1645.7626953125
21,0.024390243902439046,2.4573203916133934e-08,0,7,2,1645.7626953125
22,0.07317073170731714,0.0,0,7,2,1645.7626953125
23,0.12195121951219523,0.0,0,7,2,1645.7626953125
24,0.17073170731707332,0.0,0,7,2,1645.7626953125
25,0.2195121951219512,0.0,0,7,2,1645.7626953125
26,0.2682926829268293,0.0,0,7,2,1645.7626953125
27,0.3170731707317074,0.0,0,7,2,1645.7626953125
28,0.36585365853658547,0.0,0,7,2,1645.7626953125
29,0.41463414634146356,0.0,0,7,2,1645.7626953125
30,0.46341463414634143,0.0,0,7,2,1645.7626953125
31,0.5121951219512195,0.0,0,7,2,1645.7626953125
32,0.5609756097560976,0.0,0,7,2,1645.7626953125
33,0.6097560975609757,0.0,0,7,2,1645.7626953125
34,0.6585365853658538,0.0,0,7,2,1645.7626953125
35,0.7073170731707317,0.0,0,7,2,1645.7626953125
36,0.7560975609756098,0.0,0,7,2,1645.7626953125
37,0.8048780487804879,0.0,0,7,2,1645.7626953125
38,0.853658536585366,0.0,0,7,2,1645.7626953125
39,0.902439024390244,0.0,0,7,2,1645.7626953125
40,0.9512195121951219,0.0,0,7,2,1645.7626953125
41,1.0,0.0,0,7,2,1645.7626953125
0,-1.0,0.0005671110120601952,0,8,2,1645.7626953125
1,-0.9512195121951219,0.004162076860666275,0,8,2,1645.7626953125
2,-0.9024390243902439,6.192188448039815e-05,0,8,2,1645.7626953125
3,-0.8536585365853658,1.1557320249266922e-05,0,8,2,1645.7626953125
4,-0.8048780487804879,2.939205296570435e-05,0,8,2,1645.7626953125
5,-0.7560975609756098,1.4277137552198838e-06,0,8,2,1645.7626953125
6,-0.7073170731707317,2.2517012894240906e-06,0,8,2,1645.7626953125
7,-0.6585365853658536,8.981316568679176e-06,0,8,2,1645.7626953125
8,-0.6097560975609756,6.295746061368845e-06,0,8,2,1645.7626953125
9,-0.5609756097560976,7.002387860666204e-07,0,8,2,1645.7626953125
10,-0.5121951219512195,2.238199492410331e-08,0,8,2,1645.7626953125
11,-0.46341463414634143,1.502504431982743e-07,0,8,2,1645.7626953125
12,-0.41463414634146334,1.9371048765037813e-08,0,8,2,1645.7626953125
13,-0.36585365853658536,2.592004477719456e-07,0,8,2,1645.7626953125
14,-0.31707317073170727,0.0,0,8,2,1645.7626953125
15,-0.2682926829268293,0.0,0,8,2,1645.7626953125
16,-0.2195121951219512,0.0,0,8,2,1645.7626953125
17,-0.1707317073170731,0.0,0,8,2,1645.7626953125
18,-0.12195121951219512,0.0,0,8,2,1645.7626953125
19,-0.07317073170731703,0.0,0,8,2,1645.7626953125
20,-0.024390243902439046,0.0,0,8,2,1645.7626953125
21,0.024390243902439046,0.0,0,8,2,1645.7626953125
22,0.07317073170731714,0.0,0,8,2,1645.7626953125
23,0.12195121951219523,0.0,0,8,2,1645.7626953125
24,0.17073170731707332,0.0,0,8,2,1645.7626953125
25,0.2195121951219512,0.0,0,8,2,1645.7626953125
26,0.2682926829268293,0.0,0,8,2,1645.7626953125
27,0.3170731707317074,0.0,0,8,2,1645.7626953125
28,0.36585365853658547,0.0,0,8,2,1645.7626953125
29,0.41463414634146356,0.0,0,8,2,1645.7626953125
30,0.46341463414634143,0.0,0,8,2,1645.7626953125
31,0.5121951219512195,0.0,0,8,2,1645.7626953125
32,0.5609756097560976,0.0,0,8,2,1645.7626953125
33,0.6097560975609757,0.0,0,8,2,1645.7626953125
34,0.6585365853658538,0.0,0,8,2,1645.7626953125
35,0.7073170731707317,0.0,0,8,2,1645.7626953125
36,0.7560975609756098,0.0,0,8,2,1645.7626953125
37,0.8048780487804879,0.0,0,8,2,1645.7626953125
38,0.853658536585366,0.0,0,8,2,1645.7626953125
39,0.902439024390244,0.0,0,8,2,1645.7626953125
40,0.9512195121951219,0.0,0,8,2,1645.7626953125
41,1.0,0.0,0,8,2,1645.7626953125
0,-1.0,0.0,0,8,3,1645.7626953125
1,-0.9512195121951219,0.0,0,8,3,1645.7626953125
2,-0.9024390243902439,0.0,0,8,3,1645.7626953125
3,-0.8536585365853658,0.0,0,8,3,1645.7626953125
4,-0.8048780487804879,0.0,0,8,3,1645.7626953125
5,-0.7560975609756098,0.0,0,8,3,1645.7626953125
6,-0.7073170731707317,0.0,0,8,3,1645.7626953125
7,-0.6585365853658536,0.0,0,8,3,1645.7626953125
8,-0.6097560975609756,0.0,0,8,3,1645.7626953125
9,-0.5609756097560976,0.0,0,8,3,1645.7626953125
10,-0.5121951219512195,0.0,0,8,3,1645.7626953125
11,-0.46341463414634143,0.0,0,8,3,1645.7626953125
12,-0.41463414634146334,0.0,0,8,3,1645.7626953125
13,-0.36585365853658536,0.0,0,8,3,1645.7626953125
14,-0.31707317073170727,0.0,0,8,3,1645.7626953125
15,-0.2682926829268293,0.0,0,8,3,1645.7626953125
16,-0.2195121951219512,0.0,0,8,3,1645.7626953125
17,-0.1707317073170731,0.0,0,8,3,1645.7626953125
18,-0.12195121951219512,0.0,0,8,3,1645.7626953125
19,-0.07317073170731703,0.0,0,8,3,1645.7626953125
20,-0.024390243902439046,0.0,0,8,3,1645.7626953125
21,0.024390243902439046,0.0,0,8,3,1645.7626953125
22,0.07317073170731714,3.885457431351824e-07,0,8,3,1645.7626953125
23,0.12195121951219523,1.7066545865418448e-07,0,8,3,1645.7626953125
24,0.17073170731707332,1.5411944787047105e-07,0,8,3,1645.7626953125
25,0.2195121951219512,8.914787485991837e-07,0,8,3,1645.7626953125
26,0.2682926829268293,2.143276134347616e-07,0,8,3,1645.7626953125
27,0.3170731707317074,3.4744377330753196e-07,0,8,3,1645.7626953125
28,0.36585365853658547,3.446836061016256e-08,0,8,3,1645.7626953125
29,0.41463414634146356,6.881522494950332e-06,0,8,3,1645.7626953125
30,0.46341463414634143,1.482765674154507e-05,0,8,3,1645.7626953125
31,0.5121951219512195,4.105985681235325e-06,0,8,3,1645.7626953125
32,0.5609756097560976,3.9422043300874066e-06,0,8,3,1645.7626953125
33,0.6097560975609757,2.9040481877018465e-06,0,8,3,1645.7626953125
34,0.6585365853658538,5.5892909585963935e-05,0,8,3,1645.7626953125
35,0.7073170731707317,2.134052920155227e-06,0,8,3,1645.7626953125
36,0.7560975609756098,8.448571975350205e-07,0,8,3,1645.7626953125
37,0.8048780487804879,1.7822544862156064e-07,0,8,3,1645.7626953125
38,0.853658536585366,5.582947437687835e-07,0,8,3,1645.7626953125
39,0.902439024390244,6.090764145483263e-06,0,8,3,1645.7626953125
40,0.9512195121951219,1.0883056802413194e-06,0,8,3,1645.7626953125
41,1.0,1.4202354350345558e-06,0,8,3,1645.7626953125
0,-1.0,0.0,0,9,3,1645.7626953125
1,-0.9512195121951219,0.0,0,9,3,1645.7626953125
2,-0.9024390243902439,0.0,0,9,3,1645.7626953125
3,-0.8536585365853658,0.0,0,9,3,1645.7626953125
4,-0.8048780487804879,0.0,0,9,3,1645.7626953125
5,-0.7560975609756098,0.0,0,9,3,1645.7626953125
6,-0.7073170731707317,0.0,0,9,3,1645.7626953125
7,-0.6585365853658536,0.0,0,9,3,1645.7626953125
8,-0.6097560975609756,0.0,0,9,3,1645.7626953125
9,-0.5609756097560976,0.0,0,9,3,1645.7626953125
10,-0.5121951219512195,0.0,0,9,3,1645.7626953125
11,-0.46341463414634143,0.0,0,9,3,1645.7626953125
12,-0.41463414634146334,0.0,0,9,3,1645.7626953125
13,-0.36585365853658536,0.0,0,9,3,1645.7626953125
14,-0.31707317073170727,0.0,0,9,3,1645.7626953125
15,-0.2682926829268293,0.0,0,9,3,1645.7626953125
16,-0.2195121951219512,4.725655742277013e-07,0,9,3,1645.7626953125
17,-0.1707317073170731,7.378496036380966e-09,0,9,3,1645.7626953125
18,-0.12195121951219512,1.224340167027549e-07,0,9,3,1645.7626953125
19,-0.07317073170731703,6.396677321163224e-08,0,9,3,1645.7626953125
20,-0.024390243902439046,8.609090400568675e-07,0,9,3,1645.7626953125
21,0.024390243902439046,7.042032734716486e-07,0,9,3,1645.7626953125
22,0.07317073170731714,1.5916230040602386e-06,0,9,3,1645.7626953125
23,0.12195121951219523,1.259271812159568e-06,0,9,3,1645.7626953125
24,0.17073170731707332,1.5238591686284053e-06,0,9,3,1645.7626953125
25,0.2195121951219512,4.33846025771345e-06,0,9,3,1645.7626953125
26,0.2682926829268293,5.370669668991468e-07,0,9,3,1645.7626953125
27,0.3170731707317074,8.830723345454317e-06,0,9,3,1645.7626953125
28,0.36585365853658547,7.91237034718506e-05,0,9,3,1645.7626953125
29,0.41463414634146356,1.683082700765226e-06,0,9,3,1645.7626953125
30,0.46341463414634143,8.583604085288243e-07,0,9,3,1645.7626953125
31,0.5121951219512195,2.2460994841821957e-07,0,9,3,1645.7626953125
32,0.5609756097560976,1.2895760619358043e-06,0,9,3,1645.7626953125
33,0.6097560975609757,1.1100095065330606e-08,0,9,3,1645.7626953125
34,0.6585365853658538,3.1595082106150585e-08,0,9,3,1645.7626953125
35,0.7073170731707317,7.878390562154891e-08,0,9,3,1645.7626953125
36,0.7560975609756098,3.1944862257660134e-06,0,9,3,1645.7626953125
37,0.8048780487804879,2.0097816388897627e-07,0,9,3,1645.7626953125
38,0.853658536585366,0.0,0,9,3,1645.7626953125
39,0.902439024390244,0.0,0,9,3,1645.7626953125
40,0.9512195121951219,0.0,0,9,3,1645.7626953125
41,1.0,0.0,0,9,3,1645.7626953125
0,-1.0,3.4429638162691845e-07,1,-8,-8,1645.7626953125
1,-0.9512195121951219,1.0925475635303883e-06,1,-8,-8,1645.7626953125
2,-0.9024390243902439,1.236209755006712e-06,1,-8,-8,1645.7626953125
3,-0.8536585365853658,7.609617114212597e-07,1,-8,-8,1645.7626953125
4,-0.8048780487804879,1.2822678741031268e-07,1,-8,-8,1645.7626953125
5,-0.7560975609756098,6.699612640659325e-06,1,-8,-8,1645.7626953125
6,-0.7073170731707317,6.499508913293539e-07,1,-8,-8,1645.7626953125
7,-0.6585365853658536,7.888325512794836e-07,1,-8,-8,1645.7626953125
8,-0.6097560975609756,8.535189977010305e-08,1,-8,-8,1645.7626953125
9,-0.5609756097560976,5.52373421669472e-06,1,-8,-8,1645.7626953125
10,-0.5121951219512195,7.147223755055165e-07,1,-8,-8,1645.7626953125
11,-0.46341463414634143,5.011956818634644e-05,1,-8,-8,1645.7626953125
12,-0.41463414634146334,0.0031777590047568083,1,-8,-8,1645.7626953125
13,-0.36585365853658536,3.437496707192622e-05,1,-8,-8,1645.7626953125
14,-0.31707317073170727,0.00013950470020063221,1,-8,-8,1645.7626953125
15,-0.2682926829268293,7.406759323203005e-06,1,-8,-8,1645.7626953125
16,-0.2195121951219512,2.303557494087727e-06,1,-8,-8,1645.7626953125
17,-0.1707317073170731,4.837568567950257e-08,1,-8,-8,1645.7626953125
18,-0.12195121951219512,7.428880621773715e-07,1,-8,-8,1645.7626953125
19,-0.07317073170731703,4.117397338632145e-07,1,-8,-8,1645.7626953125
20,-0.024390243902439046,2.7794743573394953e-07,1,-8,-8,1645.7626953125
21,0.024390243902439046,2.245287078039837e-06,1,-8,-8,1645.7626953125
22,0.07317073170731714,1.549897319819138e-06,1,-8,-8,1645.7626953125
23,0.12195121951219523,1.5343049142302334e-07,1,-8,-8,1645.7626953125
24,0.17073170731707332,8.404256135463584e-08,1,-8,-8,1645.7626953125
25,0.2195121951219512,0.0,1,-8,-8,1645.7626953125
26,0.2682926829268293,0.0,1,-8,-8,1645.7626953125
27,0.3170731707317074,0.0,1,-8,-8,1645.7626953125
28,0.36585365853658547,0.0,1,-8,-8,1645.7626953125
29,0.41463414634146356,0.0,1,-8,-8,1645.7626953125
30,0.46341463414634143,0.0,1,-8,-8,1645.7626953125
31,0.5121951219512195,0.0,1,-8,-8,1645.7626953125
32,0.5609756097560976,0.0,1,-8,-8,1645.7626953125
33,0.6097560975609757,0.0,1,-8,-8,1645.7626953125
34,0.6585365853658538,0.0,1,-8,-8,1645.7626953125
35,0.7073170731707317,0.0,1,-8,-8,1645.7626953125
36,0.7560975609756098,0.0,1,-8,-8,1645.7626953125
37,0.8048780487804879,0.0,1,-8,-8,1645.7626953125
38,0.853658536585366,0.0,1,-8,-8,1645.7626953125
39,0.902439024390244,0.0,1,-8,-8,1645.7626953125
40,0.9512195121951219,0.0,1,-8,-8,1645.7626953125
41,1.0,0.0,1,-8,-8,1645.7626953125
0,-1.0,0.0,1,-7,-8,1645.7626953125
1,-0.9512195121951219,0.0,1,-7,-8,1645.7626953125
2,-0.9024390243902439,0.0,1,-7,-8,1645.7626953125
3,-0.8536585365853658,0.0,1,-7,-8,1645.7626953125
4,-0.8048780487804879,0.0,1,-7,-8,1645.7626953125
5,-0.7560975609756098,0.0,1,-7,-8,1645.7626953125
6,-0.7073170731707317,0.0,1,-7,-8,1645.7626953125
7,-0.6585365853658536,0.0,1,-7,-8,1645.7626953125
8,-0.6097560975609756,0.0,1,-7,-8,1645.7626953125
9,-0.5609756097560976,0.0,1,-7,-8,1645.7626953125
10,-0.5121951219512195,0.0,1,-7,-8,1645.7626953125
11,-0.46341463414634143,0.0,1,-7,-8,1645.7626953125
12,-0.41463414634146334,0.0,1,-7,-8,1645.7626953125
13,-0.36585365853658536,0.0,1,-7,-8,1645.7626953125
14,-0.31707317073170727,0.0,1,-7,-8,1645.7626953125
15,-0.2682926829268293,0.0,1,-7,-8,1645.7626953125
16,-0.2195121951219512,0.0,1,-7,-8,1645.7626953125
17,-0.1707317073170731,0.0,1,-7,-8,1645.7626953125
18,-0.12195121951219512,0.0,1,-7,-8,1645.7626953125
19,-0.07317073170731703,0.0,1,-7,-8,1645.7626953125
20,-0.024390243902439046,1.3315927844814723e-06,1,-7,-8,1645.7626953125
21,0.024390243902439046,1.5240027551044477e-07,1,-7,-8,1645.7626953125
22,0.07317073170731714,1.4798250447256578e-07,1,-7,-8,1645.7626953125
23,0.12195121951219523,1.1307862450848916e-06,1,-7,-8,1645.7626953125
24,0.17073170731707332,1.6974627214949578e-07,1,-7,-8,1645.7626953125
25,0.2195121951219512,2.9120637918822467e-06,1,-7,-8,1645.7626953125
26,0.2682926829268293,5.381017217587214e-06,1,-7,-8,1645.7626953125
27,0.3170731707317074,9.160985428025015e-06,1,-7,-8,1645.7626953125
28,0.36585365853658547,8.161820005625486e-06,1,-7,-8,1645.7626953125
29,0.41463414634146356,5.127501935930923e-06,1,-7,-8,1645.7626953125
30,0.46341463414634143,6.326517336674442e-07,1,-7,-8,1645.7626953125
31,0.5121951219512195,4.954850737703964e-06,1,-7,-8,1645.7626953125
32,0.5609756097560976,4.214895670884289e-05,1,-7,-8,1645.7626953125
33,0.6097560975609757,7.033449219306931e-05,1,-7,-8,1645.7626953125
34,0.6585365853658538,0.00016173439507838339,1,-7,-8,1645.7626953125
35,0.7073170731707317,1.8030642650046502e-06,1,-7,-8,1645.7626953125
36,0.7560975609756098,1.8348284811509075e-06,1,-7,-8,1645.7626953125
37,0.8048780487804879,1.1676297617668752e-07,1,-7,-8,1645.7626953125
38,0.853658536585366,8.866047210176475e-06,1,-7,-8,1645.7626953125
39,0.902439024390244,1.3976901982459822e-06,1,-7,-8,1645.7626953125
40,0.9512195121951219,9.624494623494684e-07,1,-7,-8,1645.7626953125
41,1.0,2.3210830022435402e-06,1,-7,-8,1645.7626953125
0,-1.0,0.0002075706288451329,1,-7,-7,1645.7626953125
1,-0.9512195121951219,0.002652024384588003,1,-7,-7,1645.7626953125
2,-0.9024390243902439,4.8776972107589245e-05,1,-7,-7,1645.7626953125
3,-0.8536585365853658,3.553591886884533e-05,1,-7,-7,1645.7626953125
4,-0.8048780487804879,1.0075359568872955e-05,1,-7,-7,1645.7626953125
5,-0.7560975609756098,2.0378829503897578e-06,1,-7,-7,1645.7626953125
6,-0.7073170731707317,1.775456257746555e-05,1,-7,-7,1645.7626953125
7,-0.6585365853658536,2.034952785834321e-06,1,-7,-7,1645.7626953125
8,-0.6097560975609756,5.102617706143064e-07,1,-7,-7,1645.7626953125
9,-0.5609756097560976,1.3574340584909805e-07,1,-7,-7,1645.7626953125
10,-0.5121951219512195,7.61934657589336e-08,1,-7,-7,1645.7626953125
11,-0.46341463414634143,3.2139655559149105e-07,1,-7,-7,1645.7626953125
12,-0.41463414634146334,2.5374442884640303e-06,1,-7,-7,1645.7626953125
13,-0.36585365853658536,5.526187862869847e-08,1,-7,-7,1645.7626953125
14,-0.31707317073170727,3.223875683033839e-05,1,-7,-7,1645.7626953125
15,-0.2682926829268293,1.55357270159584e-07,1,-7,-7,1645.7626953125
16,-0.2195121951219512,0.0,1,-7,-7,1645.7626953125
17,-0.1707317073170731,0.0,1,-7,-7,1645.7626953125
18,-0.12195121951219512,0.0,1,-7,-7,1645.7626953125
19,-0.07317073170731703,0.0,1,-7,-7,1645.7626953125
20,-0.024390243902439046,0.0,1,-7,-7,1645.7626953125
21,0.024390243902439046,0.0,1,-7,-7,1645.7626953125
22,0.07317073170731714,0.0,1,-7,-7,1645.7626953125
23,0.12195121951219523,0.0,1,-7,-7,1645.7626953125
24,0.17073170731707332,0.0,1,-7,-7,1645.7626953125
25,0.2195121951219512,0.0,1,-7,-7,1645.7626953125
26,0.2682926829268293,0.0,1,-7,-7,1645.7626953125
27,0.3170731707317074,0.0,1,-7,-7,1645.7626953125
28,0.36585365853658547,0.0,1,-7,-7,1645.7626953125
29,0.41463414634146356,0.0,1,-7,-7,1645.7626953125
30,0.46341463414634143,0.0,1,-7,-7,1645.7626953125
31,0.5121951219512195,0.0,1,-7,-7,1645.7626953125
32,0.5609756097560976,0.0,1,-7,-7,1645.7626953125
33,0.6097560975609757,0.0,1,-7,-7,1645.7626953125
34,0.6585365853658538,0.0,1,-7,-7,1645.7626953125
35,0.7073170731707317,0.0,1,-7,-7,1645.7626953125
36,0.7560975609756098,0.0,1,-7,-7,1645.7626953125
37,0.8048780487804879,0.0,1,-7,-7,1645.7626953125
38,0.853658536585366,0.0,1,-7,-7,1645.7626953125
39,0.902439024390244,0.0,1,-7,-7,1645.7626953125
40,0.9512195121951219,0.0,1,-7,-7,1645.7626953125
41,1.0,0.0,1,-7,-7,1645.7626953125
0,-1.0,0.0,1,-6,-7,1645.7626953125
1,-0.9512195121951219,0.0,1,-6,-7,1645.7626953125
2,-0.9024390243902439,0.0,1,-6,-7,1645.7626953125
3,-0.8536585365853658,0.0,1,-6,-7,1645.7626953125
4,-0.8048780487804879,0.0,1,-6,-7,1645.7626953125
5,-0.7560975609756098,0.0,1,-6,-7,1645.7626953125
6,-0.7073170731707317,0.0,1,-6,-7,1645.7626953125
7,-0.6585365853658536,2.0863187728537014e-06,1,-6,-7,1645.7626953125
8,-0.6097560975609756,6.175699809318758e-07,1,-6,-7,1645.7626953125
9,-0.5609756097560976,1.4992317574069602e-06,1,-6,-7,1645.7626953125
10,-0.5121951219512195,1.411253833794035e-05,1,-6,-7,1645.7626953125
11,-0.46341463414634143,3.8527696233359165e-06,1,-6,-7,1645.7626953125
12,-0.41463414634146334,2.568933041402488e-06,1,-6,-7,1645.7626953125
13,-0.36585365853658536,4.100895694136852e-06,1,-6,-7,1645.7626953125
14,-0.31707317073170727,1.7733420918375487e-06,1,-6,-7,1645.7626953125
15,-0.2682926829268293,7.946084679133492e-08,1,-6,-7,1645.7626953125
16,-0.2195121951219512,6.112664436841442e-07,1,-6,-7,1645.7626953125
17,-0.1707317073170731,5.027945462643402e-06,1,-6,-7,1645.7626953125
18,-0.12195121951219512,1.542694235467934e-06,1,-6,-7,1645.7626953125
19,-0.07317073170731703,2.228779067081632e-06,1,-6,-7,1645.7626953125
20,-0.024390243902439046,2.3959289592312416e-06,1,-6,-7,1645.7626953125
21,0.024390243902439046,0.00011612268281169236,1,-6,-7,1645.7626953125
22,0.07317073170731714,7.890517736086622e-05,1,-6,-7,1645.7626953125
23,0.12195121951219523,3.6690560136776185e-06,1,-6,-7,1645.7626953125
24,0.17073170731707332,1.2710715054708999e-05,1,-6,-7,1645.7626953125
25,0.2195121951219512,4.1508876165607944e-05,1,-6,-7,1645.7626953125
26,0.2682926829268293,4.210046608932316e-05,1,-6,-7,1645.7626953125
27,0.3170731707317074,2.3895931008155458e-05,1,-6,-7,1645.7626953125
28,0.36585365853658547,1.4838693459751084e-05,1,-6,-7,1645.7626953125
29,0.41463414634146356,6.016319275659043e-06,1,-6,-7,1645.7626953125
30,0.46341463414634143,1.180363142339047e-06,1,-6,-7,1645.7626953125
31,0.5121951219512195,2.151504304492846e-06,1,-6,-7,1645.7626953125
32,0.5609756097560976,2.433760357689607e-07,1,-6,-7,1645.7626953125
33,0.6097560975609757,8.106534892249329e-07,1,-6,-7,1645.7626953125
34,0.6585365853658538,7.576185225843801e-07,1,-6,-7,1645.7626953125
35,0.7073170731707317,2.37153540183499e-06,1,-6,-7,1645.7626953125
36,0.7560975609756098,4.788482783624204e-06,1,-6,-7,1645.7626953125
37,0.8048780487804879,4.787591478816466e-07,1,-6,-7,1645.7626953125
38,0.853658536585366,1.168372705251386e-06,1,-6,-7,1645.7626953125
39,0.902439024390244,1.227400758807562e-07,1,-6,-7,1645.7626953125
40,0.9512195121951219,2.1934260985290166e-07,1,-6,-7,1645.7626953125
41,1.0,0.0,1,-6,-7,1645.7626953125
0,-1.0,4.414126578922151e-06,1,-5,-6,1645.7626953125
1,-0.9512195121951219,2.2415133571485057e-06,1,-5,-6,1645.7626953125
2,-0.9024390243902439,0.00024395152286160737,1,-5,-6,1645.7626953125
3,-0.8536585365853658,9.709916776046157e-05,1,-5,-6,1645.7626953125
4,-0.8048780487804879,3.9105605537770316e-05,1,-5,-6,1645.7626953125
5,-0.7560975609756098,3.67802131222561e-05,1,-5,-6,1645.7626953125
6,-0.7073170731707317,0.0008055111393332481,1,-5,-6,1645.7626953125
7,-0.6585365853658536,0.0029678582213819027,1,-5,-6,1645.7626953125
8,-0.6097560975609756,2.9631093639181927e-05,1,-5,-6,1645.7626953125
9,-0.5609756097560976,8.675279241288081e-05,1,-5,-6,1645.7626953125
10,-0.5121951219512195,0.00022758306295145303,1,-5,-6,1645.7626953125
11,-0.46341463414634143,5.01957765663974e-05,1,-5,-6,1645.7626953125
12,-0.41463414634146334,1.878464172477834e-05,1,-5,-6,1645.7626953125
13,-0.36585365853658536,9.196980499837082e-06,1,-5,-6,1645.7626953125
14,-0.31707317073170727,1.869964034995064e-05,1,-5,-6,1645.7626953125
15,-0.2682926829268293,3.2897312394197797e-06,1,-5,-6,1645.7626953125
16,-0.2195121951219512,2.378488488830044e-06,1,-5,-6,1645.7626953125
17,-0.1707317073170731,2.4237940579041606e-06,1,-5,-6,1645.7626953125
18,-0.12195121951219512,3.4011104617093224e-06,1,-5,-6,1645.7626953125
19,-0.07317073170731703,1.6495547470185556e-06,1,-5,-6,1645.7626953125
20,-0.024390243902439046,5.925630830461159e-07,1,-5,-6,1645.7626953125
21,0.024390243902439046,7.394025942630833e-06,1,-5,-6,1645.7626953125
22,0.07317073170731714,3.6292465210863156e-06,1,-5,-6,1645.7626953125
23,0.12195121951219523,2.6086982529704983e-07,1,-5,-6,1645.7626953125
24,0.17073170731707332,1.2332748156040907e-06,1,-5,-6,1645.7626953125
25,0.2195121951219512,3.862621156258683e-07,1,-5,-6,1645.7626953125
26,0.2682926829268293,2.4981378032862267e-07,1,-5,-6,1645.7626953125
27,0.3170731707317074,2.94998062599916e-06,1,-5,-6,1645.7626953125
28,0.36585365853658547,0.0,1,-5,-6,1645.7626953125
29,0.41463414634146356,0.0,1,-5,-6,1645.7626953125
30,0.46341463414634143,0.0,1,-5,-6,1645.7626953125
31,0.5121951219512195,0.0,1,-5,-6,1645.7626953125
32,0.5609756097560976,0.0,1,-5,-6,1645.7626953125
33,0.6097560975609757,0.0,1,-5,-6,1645.7626953125
34,0.6585365853658538,0.0,1,-5,-6,1645.7626953125
35,0.7073170731707317,0.0,1,-5,-6,1645.7626953125
36,0.7560975609756098,0.0,1,-5,-6,1645.7626953125
37,0.8048780487804879,0.0,1,-5,-6,1645.7626953125
38,0.853658536585366,0.0,1,-5,-6,1645.7626953125
39,0.902439024390244,0.0,1,-5,-6,1645.7626953125
40,0.9512195121951219,0.0,1,-5,-6,1645.7626953125
41,1.0,0.0,1,-5,-6,1645.7626953125
0,-1.0,0.0,1,-4,-6,1645.7626953125
1,-0.9512195121951219,0.0,1,-4,-6,1645.7626953125
2,-0.9024390243902439,0.0,1,-4,-6,1645.7626953125
3,-0.8536585365853658,0.0,1,-4,-6,1645.7626953125
4,-0.8048780487804879,0.0,1,-4,-6,1645.7626953125
5,-0.7560975609756098,0.0,1,-4,-6,1645.7626953125
6,-0.7073170731707317,0.0,1,-4,-6,1645.7626953125
7,-0.6585365853658536,0.0,1,-4,-6,1645.7626953125
8,-0.6097560975609756,0.0,1,-4,-6,1645.7626953125
9,-0.5609756097560976,0.0,1,-4,-6,1645.7626953125
10,-0.5121951219512195,0.0,1,-4,-6,1645.7626953125
11,-0.46341463414634143,0.0,1,-4,-6,1645.7626953125
12,-0.41463414634146334,0.0,1,-4,-6,1645.7626953125
13,-0.36585365853658536,0.0,1,-4,-6,1645.7626953125
14,-0.31707317073170727,3.199139246135019e-05,1,-4,-6,1645.7626953125
15,-0.2682926829268293,1.6000084315237473e-06,1,-4,-6,1645.7626953125
16,-0.2195121951219512,7.819627171556931e-06,1,-4,-6,1645.7626953125
17,-0.1707317073170731,5.125194093125174e-06,1,-4,-6,1645.7626953125
18,-0.12195121951219512,1.9646088276203955e-06,1,-4,-6,1645.7626953125
19,-0.07317073170731703,2.356094000788289e-06,1,-4,-6,1645.7626953125
20,-0.024390243902439046,6.981733349675778e-06,1,-4,-6,1645.7626953125
21,0.024390243902439046,1.1346261317157769e-06,1,-4,-6,1645.7626953125
22,0.07317073170731714,5.665326170856133e-06,1,-4,-6,1645.7626953125
23,0.12195121951219523,1.1497055311338045e-05,1,-4,-6,1645.7626953125
24,0.17073170731707332,6.360776751535013e-05,1,-4,-6,1645.7626953125
25,0.2195121951219512,1.2093393024770194e-06,1,-4,-6,1645.7626953125
26,0.2682926829268293,4.669561349146534e-06,1,-4,-6,1645.7626953125
27,0.3170731707317074,4.216055094730109e-05,1,-4,-6,1645.7626953125
28,0.36585365853658547,5.2494047849904746e-05,1,-4,-6,1645.7626953125
29,0.41463414634146356,7.697985711274669e-05,1,-4,-6,1645.7626953125
30,0.46341463414634143,6.054095138097182e-05,1,-4,-6,1645.7626953125
31,0.5121951219512195,2.953792682092171e-05,1,-4,-6,1645.7626953125
32,0.5609756097560976,5.52074343431741e-05,1,-4,-6,1645.7626953125
33,0.6097560975609757,1.5739555237814784e-05,1,-4,-6,1645.7626953125
34,0.6585365853658538,5.5641539802309126e-05,1,-4,-6,1645.7626953125
35,0.7073170731707317,0.00014226067287381738,1,-4,-6,1645.7626953125
36,0.7560975609756098,7.598797765240306e-06,1,-4,-6,1645.7626953125
37,0.8048780487804879,9.858917474048212e-05,1,-4,-6,1645.7626953125
38,0.853658536585366,0.0012651279103010893,1,-4,-6,1645.7626953125
39,0.902439024390244,0.011788551695644855,1,-4,-6,1645.7626953125
40,0.9512195121951219,0.001220056088641286,1,-4,-6,1645.7626953125
41,1.0,0.0006115003488957882,1,-4,-6,1645.7626953125
0,-1.0,0.00040502019692212343,1,-3,-5,1645.7626953125
1,-0.9512195121951219,0.000735521549358964,1,-3,-5,1645.7626953125
2,-0.9024390243902439,0.0004758271970786154,1,-3,-5,1645.7626953125
3,-0.8536585365853658,0.0005815030308440328,1,-3,-5,1645.7626953125
4,-0.8048780487804879,0.0012124060885980725,1,-3,-5,1645.7626953125
5,-0.7560975609756098,0.0005496654193848372,1,-3,-5,1645.7626953125
6,-0.7073170731707317,0.00022889506362844259,1,-3,-5,1645.7626953125
7,-0.6585365853658536,0.00019231761689297855,1,-3,-5,1645.7626953125
8,-0.6097560975609756,0.00011643267498584464,1,-3,-5,1645.7626953125
9,-0.5609756097560976,0.0017731573898345232,1,-3,-5,1645.7626953125
10,-0.5121951219512195,0.09953838586807251,1,-3,-5,1645.7626953125
11,-0.46341463414634143,0.0059446790255606174,1,-3,-5,1645.7626953125
12,-0.41463414634146334,0.0027426572050899267,1,-3,-5,1645.7626953125
13,-0.36585365853658536,0.0027838763780891895,1,-3,-5,1645.7626953125
14,-0.31707317073170727,0.0027260291390120983,1,-3,-5,1645.7626953125
15,-0.2682926829268293,0.0012749414891004562,1,-3,-5,1645.7626953125
16,-0.2195121951219512,0.0010776465060189366,1,-3,-5,1645.7626953125
17,-0.1707317073170731,0.002232390223070979,1,-3,-5,1645.7626953125
18,-0.12195121951219512,0.0001263149461010471,1,-3,-5,1645.7626953125
19,-0.07317073170731703,0.0001048393824021332,1,-3,-5,1645.7626953125
20,-0.024390243902439046,0.00016066616808529943,1,-3,-5,1645.7626953125
21,0.024390243902439046,9.200366912409663e-05,1,-3,-5,1645.7626953125
22,0.07317073170731714,0.00014399613428395241,1,-3,-5,1645.7626953125
23,0.12195121951219523,3.861463119392283e-05,1,-3,-5,1645.7626953125
24,0.17073170731707332,1.5640600395272486e-05,1,-3,-5,1645.7626953125
25,0.2195121951219512,2.1015992388129234e-05,1,-3,-5,1645.7626953125
26,0.2682926829268293,4.144250851823017e-05,1,-3,-5,1645.7626953125
27,0.3170731707317074,3.32638701365795e-05,1,-3,-5,1645.7626953125
28,0.36585365853658547,0.00011637323041213676,1,-3,-5,1645.7626953125
29,0.41463414634146356,3.753309647436254e-05,1,-3,-5,1645.7626953125
30,0.46341463414634143,0.00010252335778204724,1,-3,-5,1645.7626953125
31,0.5121951219512195,6.923527689650655e-05,1,-3,-5,1645.7626953125
32,0.5609756097560976,8.449043525615707e-05,1,-3,-5,1645.7626953125
33,0.6097560975609757,0.00011804063979070634,1,-3,-5,1645.7626953125
34,0.6585365853658538,6.386645691236481e-05,1,-3,-5,1645.7626953125
35,0.7073170731707317,4.586202703649178e-05,1,-3,-5,1645.7626953125
36,0.7560975609756098,1.1696116416715086e-05,1,-3,-5,1645.7626953125
37,0.8048780487804879,5.310702817951096e-06,1,-3,-5,1645.7626953125
38,0.853658536585366,6.768754019503831e-07,1,-3,-5,1645.7626953125
39,0.902439024390244,7.348624421865679e-06,1,-3,-5,1645.7626953125
40,0.9512195121951219,4.534011623036349e-06,1,-3,-5,1645.7626953125
41,1.0,8.757604518905282e-06,1,-3,-5,1645.7626953125
0,-1.0,0.0,1,4,-2,1645.7626953125
1,-0.9512195121951219,0.0,1,4,-2,1645.7626953125
2,-0.9024390243902439,0.0,1,4,-2,1645.7626953125
3,-0.8536585365853658,4.261974936525803e-06,1,4,-2,1645.7626953125
4,-0.8048780487804879,2.0488017980824225e-05,1,4,-2,1645.7626953125
5,-0.7560975609756098,2.2527949113282375e-05,1,4,-2,1645.7626953125
6,-0.7073170731707317,1.2082978173566516e-05,1,4,-2,1645.7626953125
7,-0.6585365853658536,1.7765529491953203e-06,1,4,-2,1645.7626953125
8,-0.6097560975609756,1.126284223573748e-05,1,4,-2,1645.7626953125
9,-0.5609756097560976,2.7043820409744512e-06,1,4,-2,1645.7626953125
10,-0.5121951219512195,5.607092589343665e-06,1,4,-2,1645.7626953125
11,-0.46341463414634143,4.1774666897254065e-05,1,4,-2,1645.7626953125
12,-0.41463414634146334,1.8279705500390264e-06,1,4,-2,1645.7626953125
13,-0.36585365853658536,1.7267075236304663e-05,1,4,-2,1645.7626953125
14,-0.31707317073170727,1.7265800806853804e-06,1,4,-2,1645.7626953125
15,-0.2682926829268293,3.741250839084387e-05,1,4,-2,1645.7626953125
16,-0.2195121951219512,8.684904059919063e-06,1,4,-2,1645.7626953125
17,-0.1707317073170731,4.326938869780861e-05,1,4,-2,1645.7626953125
18,-0.12195121951219512,7.388129597529769e-05,1,4,-2,1645.7626953125
19,-0.07317073170731703,3.1187617423711345e-05,1,4,-2,1645.7626953125
20,-0.024390243902439046,0.0004857282037846744,1,4,-2,1645.7626953125
21,0.024390243902439046,6.9992515818739776e-06,1,4,-2,1645.7626953125
22,0.07317073170731714,0.00027640705229714513,1,4,-2,1645.7626953125
23,0.12195121951219523,0.0004302159359212965,1,4,-2,1645.7626953125
24,0.17073170731707332,0.0003327310841996223,1,4,-2,1645.7626953125
25,0.2195121951219512,0.04291938990354538,1,4,-2,1645.7626953125
26,0.2682926829268293,0.00011437645298428833,1,4,-2,1645.7626953125
27,0.3170731707317074,0.0011842644307762384,1,4,-2,1645.7626953125
28,0.36585365853658547,0.00020468869479373097,1,4,-2,1645.7626953125
29,0.41463414634146356,0.0002092646318487823,1,4,-2,1645.7626953125
30,0.46341463414634143,0.0001116484054364264,1,4,-2,1645.7626953125
31,0.5121951219512195,7.07411345501896e-06,1,4,-2,1645.7626953125
32,0.5609756097560976,8.591676305513829e-05,1,4,-2,1645.7626953125
33,0.6097560975609757,9.833536751102656e-05,1,4,-2,1645.7626953125
34,0.6585365853658538,4.204095148452325e-06,1,4,-2,1645.7626953125
35,0.7073170731707317,6.611666321987286e-05,1,4,-2,1645.7626953125
36,0.7560975609756098,5.287578005663818e-06,1,4,-2,1645.7626953125
37,0.8048780487804879,2.4711487640161067e-05,1,4,-2,1645.7626953125
38,0.853658536585366,4.0033937693806365e-06,1,4,-2,1645.7626953125
39,0.902439024390244,1.1462777365522925e-05,1,4,-2,1645.7626953125
40,0.9512195121951219,2.0510480680968612e-05,1,4,-2,1645.7626953125
41,1.0,1.782070029321403e-07,1,4,-2,1645.7626953125
0,-1.0,4.048131449962966e-05,1,5,-2,1645.7626953125
1,-0.9512195121951219,2.1244097752060043e-06,1,5,-2,1645.7626953125
2,-0.9024390243902439,1.1835217264888342e-05,1,5,-2,1645.7626953125
3,-0.8536585365853658,6.553760613314807e-05,1,5,-2,1645.7626953125
4,-0.8048780487804879,0.00018353496852796525,1,5,-2,1645.7626953125
5,-0.7560975609756098,0.0002197352732764557,1,5,-2,1645.7626953125
6,-0.7073170731707317,4.706346589955501e-05,1,5,-2,1645.7626953125
7,-0.6585365853658536,0.00015874544624239206,1,5,-2,1645.7626953125
8,-0.6097560975609756,4.488496051635593e-05,1,5,-2,1645.7626953125
9,-0.5609756097560976,1.605461147846654e-05,1,5,-2,1645.7626953125
10,-0.5121951219512195,0.0054290746338665485,1,5,-2,1645.7626953125
11,-0.46341463414634143,0.0010117777856066823,1,5,-2,1645.7626953125
12,-0.41463414634146334,0.00022387180069927126,1,5,-2,1645.7626953125
13,-0.36585365853658536,6.397770903276978e-06,1,5,-2,1645.7626953125
14,-0.31707317073170727,0.00020047288853675127,1,5,-2,1645.7626953125
15,-0.2682926829268293,0.0002801057416945696,1,5,-2,1645.7626953125
16,-0.2195121951219512,0.00026033478206954896,1,5,-2,1645.7626953125
17,-0.1707317073170731,0.00016377157589886338,1,5,-2,1645.7626953125
18,-0.12195121951219512,1.4085018847254105e-05,1,5,-2,1645.7626953125
19,-0.07317073170731703,6.429273344110698e-05,1,5,-2,1645.7626953125
20,-0.024390243902439046,7.536173507105559e-05,1,5,-2,1645.7626953125
21,0.024390243902439046,1.8703258319874294e-05,1,5,-2,1645.7626953125
22,0.07317073170731714,1.09932761915843e-05,1,5,-2,1645.7626953125
23,0.12195121951219523,3.3922815418918617e-06,1,5,-2,1645.7626953125
24,0.17073170731707332,3.20846083923243e-07,1,5,-2,1645.7626953125
25,0.2195121951219512,6.112881237640977e-06,1,5,-2,1645.7626953125
26,0.2682926829268293,1.152393110714911e-06,1,5,-2,1645.7626953125
27,0.3170731707317074,1.0173521332035307e-06,1,5,-2,1645.7626953125
28,0.36585365853658547,5.900607220610254e-07,1,5,-2,1645.7626953125
29,0.41463414634146356,0.0,1,5,-2,1645.7626953125
30,0.46341463414634143,0.0,1,5,-2,1645.7626953125
31,0.5121951219512195,0.0,1,5,-2,1645.7626953125
32,0.5609756097560976,0.0,1,5,-2,1645.7626953125
33,0.6097560975609757,0.0,1,5,-2,1645.7626953125
34,0.6585365853658538,0.0,1,5,-2,1645.7626953125
35,0.7073170731707317,0.0,1,5,-2,1645.7626953125
36,0.7560975609756098,0.0,1,5,-2,1645.7626953125
37,0.8048780487804879,0.0,1,5,-2,1645.7626953125
38,0.853658536585366,0.0,1,5,-2,1645.7626953125
39,0.902439024390244,0.0,1,5,-2,1645.7626953125
40,0.9512195121951219,0.0,1,5,-2,1645.7626953125
41,1.0,0.0,1,5,-2,1645.7626953125
0,-1.0,0.0,1,6,-1,1645.7626953125
1,-0.9512195121951219,0.0,1,6,-1,1645.7626953125
2,-0.9024390243902439,0.0,1,6,-1,1645.7626953125
3,-0.8536585365853658,0.0,1,6,-1,1645.7626953125
4,-0.8048780487804879,0.0,1,6,-1,1645.7626953125
5,-0.7560975609756098,0.0,1,6,-1,1645.7626953125
6,-0.7073170731707317,0.0,1,6,-1,1645.7626953125
7,-0.6585365853658536,0.0,1,6,-1,1645.7626953125
8,-0.6097560975609756,0.0,1,6,-1,1645.7626953125
9,-0.5609756097560976,0.0,1,6,-1,1645.7626953125
10,-0.5121951219512195,0.0,1,6,-1,1645.7626953125
11,-0.46341463414634143,0.0,1,6,-1,1645.7626953125
12,-0.41463414634146334,0.0,1,6,-1,1645.7626953125
13,-0.36585365853658536,0.0,1,6,-1,1645.7626953125
14,-0.31707317073170727,0.0,1,6,-1,1645.7626953125
15,-0.2682926829268293,0.0,1,6,-1,1645.7626953125
16,-0.2195121951219512,0.0,1,6,-1,1645.7626953125
17,-0.1707317073170731,0.0,1,6,-1,1645.7626953125
18,-0.12195121951219512,0.0,1,6,-1,1645.7626953125
19,-0.07317073170731703,0.0,1,6,-1,1645.7626953125
20,-0.024390243902439046,0.0,1,6,-1,1645.7626953125
21,0.024390243902439046,0.0,1,6,-1,1645.7626953125
22,0.07317073170731714,0.0,1,6,-1,1645.7626953125
23,0.12195121951219523,0.0,1,6,-1,1645.7626953125
24,0.17073170731707332,1.8219781239281474e-08,1,6,-1,1645.7626953125
25,0.2195121951219512,2.3284321741812164e-06,1,6,-1,1645.7626953125
26,0.2682926829268293,6.5743356572056655e-06,1,6,-1,1645.7626953125
27,0.3170731707317074,9.602863428881392e-06,1,6,-1,1645.7626953125
28,0.36585365853658547,8.189249456336256e-06,1,6,-1,1645.7626953125
29,0.41463414634146356,2.3706641059106914e-06,1,6,-1,1645.7626953125
30,0.46341463414634143,6.9074339990038425e-06,1,6,-1,1645.7626953125
31,0.5121951219512195,2.4207454316638177e-06,1,6,-1,1645.7626953125
32,0.5609756097560976,6.53419249374565e-07,1,6,-1,1645.7626953125
33,0.6097560975609757,3.667485088953981e-06,1,6,-1,1645.7626953125
34,0.6585365853658538,5.759935902460711e-06,1,6,-1,1645.7626953125
35,0.7073170731707317,2.7430328373156954e-06,1,6,-1,1645.7626953125
36,0.7560975609756098,9.671862244431395e-07,1,6,-1,1645.7626953125
37,0.8048780487804879,1.4549044863088056e-05,1,6,-1,1645.7626953125
38,0.853658536585366,0.00010302168084308505,1,6,-1,1645.7626953125
39,0.902439024390244,0.00026333334972150624,1,6,-1,1645.7626953125
40,0.9512195121951219,0.005800294224172831,1,6,-1,1645.7626953125
41,1.0,0.00018299875955563039,1,6,-1,1645.7626953125
0,-1.0,0.0,1,7,-1,1645.7626953125
1,-0.9512195121951219,0.0,1,7,-1,1645.7626953125
2,-0.9024390243902439,0.0,1,7,-1,1645.7626953125
3,-0.8536585365853658,0.0,1,7,-1,1645.7626953125
4,-0.8048780487804879,0.0,1,7,-1,1645.7626953125
5,-0.7560975609756098,0.0,1,7,-1,1645.7626953125
6,-0.7073170731707317,0.0,1,7,-1,1645.7626953125
7,-0.6585365853658536,0.0,1,7,-1,1645.7626953125
8,-0.6097560975609756,0.0,1,7,-1,1645.7626953125
9,-0.5609756097560976,0.0,1,7,-1,1645.7626953125
10,-0.5121951219512195,0.0,1,7,-1,1645.7626953125
11,-0.46341463414634143,0.0,1,7,-1,1645.7626953125
12,-0.41463414634146334,0.0,1,7,-1,1645.7626953125
13,-0.36585365853658536,0.0,1,7,-1,1645.7626953125
14,-0.31707317073170727,0.0,1,7,-1,1645.7626953125
15,-0.2682926829268293,8.641877116133401e-07,1,7,-1,1645.7626953125
16,-0.2195121951219512,3.3120235798378417e-07,1,7,-1,1645.7626953125
17,-0.1707317073170731,3.435819735386758e-07,1,7,-1,1645.7626953125
18,-0.12195121951219512,7.612829477920968e-08,1,7,-1,1645.7626953125
19,-0.07317073170731703,1.058354314409371e-06,1,7,-1,1645.7626953125
20,-0.024390243902439046,4.135688413953176e-06,1,7,-1,1645.7626953125
21,0.024390243902439046,2.456034735587309e-07,1,7,-1,1645.7626953125
22,0.07317073170731714,1.2972707736480515e-05,1,7,-1,1645.7626953125
23,0.12195121951219523,2.0771783511008834e-06,1,7,-1,1645.7626953125
24,0.17073170731707332,1.364025865768781e-05,1,7,-1,1645.7626953125
25,0.2195121951219512,0.0003067215147893876,1,7,-1,1645.7626953125
26,0.2682926829268293,3.585049489629455e-05,1,7,-1,1645.7626953125
27,0.3170731707317074,4.1853754737530835e-06,1,7,-1,1645.7626953125
28,0.36585365853658547,7.781632302794605e-05,1,7,-1,1645.7626953125
29,0.41463414634146356,0.00016689505719114095,1,7,-1,1645.7626953125
30,0.46341463414634143,3.484927583485842e-05,1,7,-1,1645.7626953125
31,0.5121951219512195,2.152193246729439e-06,1,7,-1,1645.7626953125
32,0.5609756097560976,1.1946089216507971e-05,1,7,-1,1645.7626953125
33,0.6097560975609757,1.0487410690984689e-05,1,7,-1,1645.7626953125
34,0.6585365853658538,6.550979833264137e-06,1,7,-1,1645.7626953125
35,0.7073170731707317,1.7656200270721456e-06,1,7,-1,1645.7626953125
36,0.7560975609756098,5.750477157562273e-06,1,7,-1,1645.7626953125
37,0.8048780487804879,3.075724919199274e-07,1,7,-1,1645.7626953125
38,0.853658536585366,2.438250248815166e-06,1,7,-1,1645.7626953125
39,0.902439024390244,4.6014960730644816e-07,1,7,-1,1645.7626953125
40,0.9512195121951219,4.878199888480594e-07,1,7,-1,1645.7626953125
41,1.0,1.336740183432994e-06,1,7,-1,1645.7626953125
0,-1.0,0.0,1,8,-1,1645.7626953125
1,-0.9512195121951219,0.0,1,8,-1,1645.7626953125
2,-0.9024390243902439,0.0,1,8,-1,1645.7626953125
3,-0.8536585365853658,0.0,1,8,-1,1645.7626953125
4,-0.8048780487804879,0.0,1,8,-1,1645.7626953125
5,-0.7560975609756098,0.0,1,8,-1,1645.7626953125
6,-0.7073170731707317,0.0,1,8,-1,1645.7626953125
7,-0.6585365853658536,0.0,1,8,-1,1645.7626953125
8,-0.6097560975609756,0.0,1,8,-1,1645.7626953125
9,-0.5609756097560976,6.282081130848383e-07,1,8,-1,1645.7626953125
10,-0.5121951219512195,1.1408902622633832e-07,1,8,-1,1645.7626953125
11,-0.46341463414634143,8.14450970665348e-07,1,8,-1,1645.7626953125
12,-0.41463414634146334,1.1742199745867765e-07,1,8,-1,1645.7626953125
13,-0.36585365853658536,1.8434823232382769e-06,1,8,-1,1645.7626953125
14,-0.31707317073170727,1.8408391042612493e-05,1,8,-1,1645.7626953125
15,-0.2682926829268293,1.14053739252995e-06,1,8,-1,1645.7626953125
16,-0.2195121951219512,2.3922552827571053e-06,1,8,-1,1645.7626953125
17,-0.1707317073170731,9.493665857007727e-06,1,8,-1,1645.7626953125
18,-0.12195121951219512,2.0002637029392645e-05,1,8,-1,1645.7626953125
19,-0.07317073170731703,6.753758952982025e-06,1,8,-1,1645.7626953125
20,-0.024390243902439046,0.00032967806328088045,1,8,-1,1645.7626953125
21,0.024390243902439046,0.000671336951199919,1,8,-1,1645.7626953125
22,0.07317073170731714,5.1463091949699447e-05,1,8,-1,1645.7626953125
23,0.12195121951219523,4.526732027443359e-06,1,8,-1,1645.7626953125
24,0.17073170731707332,1.6294363376800902e-05,1,8,-1,1645.7626953125
25,0.2195121951219512,1.0583990842860658e-05,1,8,-1,1645.7626953125
26,0.2682926829268293,2.3155398594099097e-06,1,8,-1,1645.7626953125
27,0.3170731707317074,1.1632530458882684e-06,1,8,-1,1645.7626953125
28,0.36585365853658547,3.845162154902937e-06,1,8,-1,1645.7626953125
29,0.41463414634146356,6.5550661929592025e-06,1,8,-1,1645.7626953125
30,0.46341463414634143,1.8979967535415199e-06,1,8,-1,1645.7626953125
31,0.5121951219512195,2.553162630647421e-06,1,8,-1,1645.7626953125
32,0.5609756097560976,3.163374685755116e-06,1,8,-1,1645.7626953125
33,0.6097560975609757,0.0,1,8,-1,1645.7626953125
34,0.6585365853658538,0.0,1,8,-1,1645.7626953125
35,0.7073170731707317,0.0,1,8,-1,1645.7626953125
36,0.7560975609756098,0.0,1,8,-1,1645.7626953125
37,0.8048780487804879,0.0,1,8,-1,1645.7626953125
38,0.853658536585366,0.0,1,8,-1,1645.7626953125
39,0.902439024390244,0.0,1,8,-1,1645.7626953125
40,0.9512195121951219,0.0,1,8,-1,1645.7626953125
41,1.0,0.0,1,8,-1,1645.7626953125
0,-1.0,0.0,1,9,-1,1645.7626953125
1,-0.9512195121951219,0.0,1,9,-1,1645.7626953125
2,-0.9024390243902439,0.0,1,9,-1,1645.7626953125
3,-0.8536585365853658,0.0,1,9,-1,1645.7626953125
4,-0.8048780487804879,0.0,1,9,-1,1645.7626953125
5,-0.7560975609756098,2.0032301506489603e-07,1,9,-1,1645.7626953125
6,-0.7073170731707317,1.0149042850571277e-07,1,9,-1,1645.7626953125
7,-0.6585365853658536,9.239803944183222e-07,1,9,-1,1645.7626953125
8,-0.6097560975609756,9.07802473193442e-08,1,9,-1,1645.7626953125
9,-0.5609756097560976,2.3740579990771948e-07,1,9,-1,1645.7626953125
10,-0.5121951219512195,7.74434809613922e-08,1,9,-1,1645.7626953125
11,-0.46341463414634143,7.917704181181762e-08,1,9,-1,1645.7626953125
12,-0.41463414634146334,4.594532754254033e-09,1,9,-1,1645.7626953125
13,-0.36585365853658536,1.9347385205037426e-06,1,9,-1,1645.7626953125
14,-0.31707317073170727,2.351243210796383e-06,1,9,-1,1645.7626953125
15,-0.2682926829268293,0.0012239195639267564,1,9,-1,1645.7626953125
16,-0.2195121951219512,3.7936824810458347e-06,1,9,-1,1645.7626953125
17,-0.1707317073170731,1.8951692482005456e-06,1,9,-1,1645.7626953125
18,-0.12195121951219512,2.5673699610706535e-07,1,9,-1,1645.7626953125
19,-0.07317073170731703,6.611945213563786e-09,1,9,-1,1645.7626953125
20,-0.024390243902439046,3.5300155332151917e-07,1,9,-1,1645.7626953125
21,0.024390243902439046,1.383215840178309e-05,1,9,-1,1645.7626953125
22,0.07317073170731714,2.3970753773028264e-06,1,9,-1,1645.7626953125
23,0.12195121951219523,6.799081297970133e-09,1,9,-1,1645.7626953125
24,0.17073170731707332,1.1418595846635071e-07,1,9,-1,1645.7626953125
25,0.2195121951219512,7.271832203059603e-08,1,9,-1,1645.7626953125
26,0.2682926829268293,0.0,1,9,-1,1645.7626953125
27,0.3170731707317074,0.0,1,9,-1,1645.7626953125
28,0.36585365853658547,0.0,1,9,-1,1645.7626953125
29,0.41463414634146356,0.0,1,9,-1,1645.7626953125
30,0.46341463414634143,0.0,1,9,-1,1645.7626953125
31,0.5121951219512195,0.0,1,9,-1,1645.7626953125
32,0.5609756097560976,0.0,1,9,-1,1645.7626953125
33,0.6097560975609757,0.0,1,9,-1,1645.7626953125
34,0.6585365853658538,0.0,1,9,-1,1645.7626953125
35,0.7073170731707317,0.0,1,9,-1,1645.7626953125
36,0.7560975609756098,0.0,1,9,-1,1645.7626953125
37,0.8048780487804879,0.0,1,9,-1,1645.7626953125
38,0.853658536585366,0.0,1,9,-1,1645.7626953125
39,0.902439024390244,0.0,1,9,-1,1645.7626953125
40,0.9512195121951219,0.0,1,9,-1,1645.7626953125
41,1.0,0.0,1,9,-1,1645.7626953125
0,-1.0,6.865412433398888e-05,2,-5,-10,1645.7626953125
1,-0.9512195121951219,6.542710616486147e-05,2,-5,-10,1645.7626953125
2,-0.9024390243902439,8.652277756482363e-05,2,-5,-10,1645.7626953125
3,-0.8536585365853658,3.4557091566966847e-05,2,-5,-10,1645.7626953125
4,-0.8048780487804879,0.00047628357424400747,2,-5,-10,1645.7626953125
5,-0.7560975609756098,0.0002699545584619045,2,-5,-10,1645.7626953125
6,-0.7073170731707317,0.02049657702445984,2,-5,-10,1645.7626953125
7,-0.6585365853658536,0.00011479548265924677,2,-5,-10,1645.7626953125
8,-0.6097560975609756,0.00025712218484841287,2,-5,-10,1645.7626953125
9,-0.5609756097560976,0.00010713447409216315,2,-5,-10,1645.7626953125
10,-0.5121951219512195,7.419828762067482e-06,2,-5,-10,1645.7626953125
11,-0.46341463414634143,2.856376340787392e-05,2,-5,-10,1645.7626953125
12,-0.41463414634146334,1.809015157050453e-05,2,-5,-10,1645.7626953125
13,-0.36585365853658536,9.407583092979621e-06,2,-5,-10,1645.7626953125
14,-0.31707317073170727,1.4699811799800955e-05,2,-5,-10,1645.7626953125
15,-0.2682926829268293,1.3205692084738985e-05,2,-5,-10,1645.7626953125
16,-0.2195121951219512,2.541594767535571e-06,2,-5,-10,1645.7626953125
17,-0.1707317073170731,1.818392593122553e-05,2,-5,-10,1645.7626953125
18,-0.12195121951219512,1.0559307384028216e-06,2,-5,-10,1645.7626953125
19,-0.07317073170731703,7.463911060767714e-06,2,-5,-10,1645.7626953125
20,-0.024390243902439046,7.7628662609186e-08,2,-5,-10,1645.7626953125
21,0.024390243902439046,3.7807067201356404e-06,2,-5,-10,1645.7626953125
22,0.07317073170731714,1.5842871334825759e-06,2,-5,-10,1645.7626953125
23,0.12195121951219523,4.23733945353888e-06,2,-5,-10,1645.7626953125
24,0.17073170731707332,1.235016043210635e-06,2,-5,-10,1645.7626953125
25,0.2195121951219512,1.9525925836205715e-06,2,-5,-10,1645.7626953125
26,0.2682926829268293,2.0063550891791238e-06,2,-5,-10,1645.7626953125
27,0.3170731707317074,7.360561653513287e-07,2,-5,-10,1645.7626953125
28,0.36585365853658547,0.0,2,-5,-10,1645.7626953125
29,0.41463414634146356,0.0,2,-5,-10,1645.7626953125
30,0.46341463414634143,0.0,2,-5,-10,1645.7626953125
31,0.5121951219512195,0.0,2,-5,-10,1645.7626953125
32,0.5609756097560976,0.0,2,-5,-10,1645.7626953125
33,0.6097560975609757,0.0,2,-5,-10,1645.7626953125
34,0.6585365853658538,0.0,2,-5,-10,1645.7626953125
35,0.7073170731707317,0.0,2,-5,-10,1645.7626953125
36,0.7560975609756098,0.0,2,-5,-10,1645.7626953125
37,0.8048780487804879,0.0,2,-5,-10,1645.7626953125
38,0.853658536585366,0.0,2,-5,-10,1645.7626953125
39,0.902439024390244,0.0,2,-5,-10,1645.7626953125
40,0.9512195121951219,0.0,2,-5,-10,1645.7626953125
41,1.0,0.0,2,-5,-10,1645.7626953125
0,-1.0,0.0,2,-4,-10,1645.7626953125
1,-0.9512195121951219,0.0,2,-4,-10,1645.7626953125
2,-0.9024390243902439,0.0,2,-4,-10,1645.7626953125
3,-0.8536585365853658,0.0,2,-4,-10,1645.7626953125
4,-0.8048780487804879,0.0,2,-4,-10,1645.7626953125
5,-0.7560975609756098,0.0,2,-4,-10,1645.7626953125
6,-0.7073170731707317,0.0,2,-4,-10,1645.7626953125
7,-0.6585365853658536,0.0,2,-4,-10,1645.7626953125
8,-0.6097560975609756,0.0,2,-4,-10,1645.7626953125
9,-0.5609756097560976,0.0,2,-4,-10,1645.7626953125
10,-0.5121951219512195,0.0,2,-4,-10,1645.7626953125
11,-0.46341463414634143,0.0,2,-4,-10,1645.7626953125
12,-0.41463414634146334,5.017189323552884e-06,2,-4,-10,1645.7626953125
13,-0.36585365853658536,5.471287067848607e-07,2,-4,-10,1645.7626953125
14,-0.31707317073170727,7.020125849521719e-07,2,-4,-10,1645.7626953125
15,-0.2682926829268293,3.515468051773496e-06,2,-4,-10,1645.7626953125
16,-0.2195121951219512,2.8114739052398363e-06,2,-4,-10,1645.7626953125
17,-0.1707317073170731,1.1877714314323384e-06,2,-4,-10,1645.7626953125
18,-0.12195121951219512,5.116261192483762e-08,2,-4,-10,1645.7626953125
19,-0.07317073170731703,1.962674105016049e-06,2,-4,-10,1645.7626953125
20,-0.024390243902439046,4.415865987539291e-06,2,-4,-10,1645.7626953125
21,0.024390243902439046,2.3738784875604324e-06,2,-4,-10,1645.7626953125
22,0.07317073170731714,1.0541829169596895e-06,2,-4,-10,1645.7626953125
23,0.12195121951219523,2.000645054067718e-06,2,-4,-10,1645.7626953125
24,0.17073170731707332,2.3491027150157606e-06,2,-4,-10,1645.7626953125
25,0.2195121951219512,6.029336873325519e-06,2,-4,-10,1645.7626953125
26,0.2682926829268293,1.4636030982728698e-06,2,-4,-10,1645.7626953125
27,0.3170731707317074,1.5784634399551578e-07,2,-4,-10,1645.7626953125
28,0.36585365853658547,2.2837816686660517e-06,2,-4,-10,1645.7626953125
29,0.41463414634146356,2.6893380891124252e-06,2,-4,-10,1645.7626953125
30,0.46341463414634143,1.1660004929581191e-05,2,-4,-10,1645.7626953125
31,0.5121951219512195,2.4093961314974877e-07,2,-4,-10,1645.7626953125
32,0.5609756097560976,7.868646207498387e-06,2,-4,-10,1645.7626953125
33,0.6097560975609757,5.602926103165373e-05,2,-4,-10,1645.7626953125
34,0.6585365853658538,5.5567725212313235e-05,2,-4,-10,1645.7626953125
35,0.7073170731707317,3.021974043804221e-05,2,-4,-10,1645.7626953125
36,0.7560975609756098,1.605480406396964e-06,2,-4,-10,1645.7626953125
37,0.8048780487804879,0.0003387910546734929,2,-4,-10,1645.7626953125
38,0.853658536585366,0.007765907794237137,2,-4,-10,1645.7626953125
39,0.902439024390244,0.0031290033366531134,2,-4,-10,1645.7626953125
40,0.9512195121951219,1.9330040231579915e-05,2,-4,-10,1645.7626953125
41,1.0,3.9845101127866656e-05,2,-4,-10,1645.7626953125
0,-1.0,8.468765372526832e-06,2,-3,-9,1645.7626953125
1,-0.9512195121951219,6.802085295021243e-07,2,-3,-9,1645.7626953125
2,-0.9024390243902439,6.084579126763856e-06,2,-3,-9,1645.7626953125
3,-0.8536585365853658,2.004458110604901e-06,2,-3,-9,1645.7626953125
4,-0.8048780487804879,2.5639953946665628e-06,2,-3,-9,1645.7626953125
5,-0.7560975609756098,5.739592324971454e-06,2,-3,-9,1645.7626953125
6,-0.7073170731707317,5.176739068701863e-05,2,-3,-9,1645.7626953125
7,-0.6585365853658536,8.960907143773511e-05,2,-3,-9,1645.7626953125
8,-0.6097560975609756,5.664232958224602e-05,2,-3,-9,1645.7626953125
9,-0.5609756097560976,1.2552272892207839e-05,2,-3,-9,1645.7626953125
10,-0.5121951219512195,0.0005110356141813099,2,-3,-9,1645.7626953125
11,-0.46341463414634143,0.0034597725607454777,2,-3,-9,1645.7626953125
12,-0.41463414634146334,0.0029559575486928225,2,-3,-9,1645.7626953125
13,-0.36585365853658536,0.0018805880099534988,2,-3,-9,1645.7626953125
14,-0.31707317073170727,3.9014277717797086e-05,2,-3,-9,1645.7626953125
15,-0.2682926829268293,1.833280475693755e-05,2,-3,-9,1645.7626953125
16,-0.2195121951219512,1.2199429875181522e-06,2,-3,-9,1645.7626953125
17,-0.1707317073170731,1.560328200866934e-05,2,-3,-9,1645.7626953125
18,-0.12195121951219512,1.613264248589985e-05,2,-3,-9,1645.7626953125
19,-0.07317073170731703,2.864333328034263e-05,2,-3,-9,1645.7626953125
20,-0.024390243902439046,4.337620339356363e-05,2,-3,-9,1645.7626953125
21,0.024390243902439046,0.0002641910105012357,2,-3,-9,1645.7626953125
22,0.07317073170731714,0.0003712916513904929,2,-3,-9,1645.7626953125
23,0.12195121951219523,6.897661478433292e-06,2,-3,-9,1645.7626953125
24,0.17073170731707332,3.401213325560093e-05,2,-3,-9,1645.7626953125
25,0.2195121951219512,7.316902156162541e-06,2,-3,-9,1645.7626953125
26,0.2682926829268293,1.2403888831613585e-05,2,-3,-9,1645.7626953125
27,0.3170731707317074,1.0086424481414724e-05,2,-3,-9,1645.7626953125
28,0.36585365853658547,3.4368360957159894e-06,2,-3,-9,1645.7626953125
29,0.41463414634146356,4.875501872447785e-06,2,-3,-9,1645.7626953125
30,0.46341463414634143,3.8953646708250744e-07,2,-3,-9,1645.7626953125
31,0.5121951219512195,5.564423872783664e-07,2,-3,-9,1645.7626953125
32,0.5609756097560976,1.649384330448811e-06,2,-3,-9,1645.7626953125
33,0.6097560975609757,1.97736952145533e-07,2,-3,-9,1645.7626953125
34,0.6585365853658538,3.3171595532621723e-06,2,-3,-9,1645.7626953125
35,0.7073170731707317,1.910232185764471e-06,2,-3,-9,1645.7626953125
36,0.7560975609756098,3.3263072509726044e-06,2,-3,-9,1645.7626953125
37,0.8048780487804879,1.6422109183622524e-06,2,-3,-9,1645.7626953125
38,0.853658536585366,4.418259777594358e-06,2,-3,-9,1645.7626953125
39,0.902439024390244,1.0004618161474355e-05,2,-3,-9,1645.7626953125
40,0.9512195121951219,2.37509561884508e-06,2,-3,-9,1645.7626953125
41,1.0,7.318386110455322e-07,2,-3,-9,1645.7626953125
0,-1.0,0.004941993393003941,2,-1,-8,1645.7626953125
1,-0.9512195121951219,0.003799708792939782,2,-1,-8,1645.7626953125
2,-0.9024390243902439,0.001401285408064723,2,-1,-8,1645.7626953125
3,-0.8536585365853658,0.0008889949531294405,2,-1,-8,1645.7626953125
4,-0.8048780487804879,5.512825373443775e-05,2,-1,-8,1645.7626953125
5,-0.7560975609756098,0.0048066177405416965,2,-1,-8,1645.7626953125
6,-0.7073170731707317,0.002044104738160968,2,-1,-8,1645.7626953125
7,-0.6585365853658536,0.004395995754748583,2,-1,-8,1645.7626953125
8,-0.6097560975609756,0.008435399271547794,2,-1,-8,1645.7626953125
9,-0.5609756097560976,0.006294637452811003,2,-1,-8,1645.7626953125
10,-0.5121951219512195,0.1083230972290039,2,-1,-8,1645.7626953125
11,-0.46341463414634143,0.10185390710830688,2,-1,-8,1645.7626953125
12,-0.41463414634146334,0.03877435624599457,2,-1,-8,1645.7626953125
13,-0.36585365853658536,0.013954604975879192,2,-1,-8,1645.7626953125
14,-0.31707317073170727,0.0023022701498121023,2,-1,-8,1645.7626953125
15,-0.2682926829268293,0.0011851330054923892,2,-1,-8,1645.7626953125
16,-0.2195121951219512,0.0023837729822844267,2,-1,-8,1645.7626953125
17,-0.1707317073170731,0.002384908264502883,2,-1,-8,1645.7626953125
18,-0.12195121951219512,0.0015207147225737572,2,-1,-8,1645.7626953125
19,-0.07317073170731703,0.00047072794404812157,2,-1,-8,1645.7626953125
20,-0.024390243902439046,3.750826363102533e-05,2,-1,-8,1645.7626953125
21,0.024390243902439046,0.0005830324371345341,2,-1,-8,1645.7626953125
22,0.07317073170731714,0.0008187255589291453,2,-1,-8,1645.7626953125
23,0.12195121951219523,0.0005242391489446163,2,-1,-8,1645.7626953125
24,0.17073170731707332,0.00042164261685684323,2,-1,-8,1645.7626953125
25,0.2195121951219512,2.8382216896716272e-06,2,-1,-8,1645.7626953125
26,0.2682926829268293,3.402016227482818e-05,2,-1,-8,1645.7626953125
27,0.3170731707317074,0.0003123489150311798,2,-1,-8,1645.7626953125
28,0.36585365853658547,1.3230212971393485e-05,2,-1,-8,1645.7626953125
29,0.41463414634146356,0.0005671913968399167,2,-1,-8,1645.7626953125
30,0.46341463414634143,0.00013050569396000355,2,-1,-8,1645.7626953125
31,0.5121951219512195,7.550715963589028e-05,2,-1,-8,1645.7626953125
32,0.5609756097560976,0.00032457293127663434,2,-1,-8,1645.7626953125
33,0.6097560975609757,0.00014222259051166475,2,-1,-8,1645.7626953125
34,0.6585365853658538,1.6466103261336684e-05,2,-1,-8,1645.7626953125
35,0.7073170731707317,0.00012465596955735236,2,-1,-8,1645.7626953125
36,0.7560975609756098,2.8323951482889242e-05,2,-1,-8,1645.7626953125
37,0.8048780487804879,0.00018470072245690972,2,-1,-8,1645.7626953125
38,0.853658536585366,8.19386841612868e-05,2,-1,-8,1645.7626953125
39,0.902439024390244,6.904906331328675e-05,2,-1,-8,1645.7626953125
40,0.9512195121951219,2.226396645710338e-05,2,-1,-8,1645.7626953125
41,1.0,1.5497629647143185e-05,2,-1,-8,1645.7626953125
0,-1.0,1.9090023215539986e-06,2,1,-7,1645.7626953125
1,-0.9512195121951219,4.195218934910372e-05,2,1,-7,1645.7626953125
2,-0.9024390243902439,2.2970736608840525e-05,2,1,-7,1645.7626953125
3,-0.8536585365853658,7.218865357572213e-05,2,1,-7,1645.7626953125
4,-0.8048780487804879,8.821205483400263e-06,2,1,-7,1645.7626953125
5,-0.7560975609756098,5.586186034634011e-06,2,1,-7,1645.7626953125
6,-0.7073170731707317,3.1458642979487195e-07,2,1,-7,1645.7626953125
7,-0.6585365853658536,8.888240699889138e-05,2,1,-7,1645.7626953125
8,-0.6097560975609756,2.9312668630154803e-06,2,1,-7,1645.7626953125
9,-0.5609756097560976,1.3189358469389845e-05,2,1,-7,1645.7626953125
10,-0.5121951219512195,3.8167818274814636e-05,2,1,-7,1645.7626953125
11,-0.46341463414634143,0.0001098289285437204,2,1,-7,1645.7626953125
12,-0.41463414634146334,1.1635814871624461e-06,2,1,-7,1645.7626953125
13,-0.36585365853658536,1.3790428056381643e-05,2,1,-7,1645.7626953125
14,-0.31707317073170727,0.00015808342141099274,2,1,-7,1645.7626953125
15,-0.2682926829268293,9.421021240996197e-05,2,1,-7,1645.7626953125
16,-0.2195121951219512,5.765005334978923e-05,2,1,-7,1645.7626953125
17,-0.1707317073170731,3.214314710930921e-05,2,1,-7,1645.7626953125
18,-0.12195121951219512,0.00015393954527098686,2,1,-7,1645.7626953125
19,-0.07317073170731703,0.0005380336078815162,2,1,-7,1645.7626953125
20,-0.024390243902439046,0.0007613179041072726,2,1,-7,1645.7626953125
21,0.024390243902439046,2.3630534997209907e-05,2,1,-7,1645.7626953125
22,0.07317073170731714,0.00021821197879035026,2,1,-7,1645.7626953125
23,0.12195121951219523,1.961368616321124e-05,2,1,-7,1645.7626953125
24,0.17073170731707332,0.00041234385571442544,2,1,-7,1645.7626953125
25,0.2195121951219512,1.7889666196424514e-05,2,1,-7,1645.7626953125
26,0.2682926829268293,0.0006687806453555822,2,1,-7,1645.7626953125
27,0.3170731707317074,2.976587347802706e-05,2,1,-7,1645.7626953125
28,0.36585365853658547,0.0010309481294825673,2,1,-7,1645.7626953125
29,0.41463414634146356,4.376479046186432e-05,2,1,-7,1645.7626953125
30,0.46341463414634143,0.0013387412764132023,2,1,-7,1645.7626953125
31,0.5121951219512195,0.0005841408856213093,2,1,-7,1645.7626953125
32,0.5609756097560976,0.004220580216497183,2,1,-7,1645.7626953125
33,0.6097560975609757,0.0023251639213413,2,1,-7,1645.7626953125
34,0.6585365853658538,0.01565210521221161,2,1,-7,1645.7626953125
35,0.7073170731707317,0.09497526288032532,2,1,-7,1645.7626953125
36,0.7560975609756098,0.08409226685762405,2,1,-7,1645.7626953125
37,0.8048780487804879,0.008508902043104172,2,1,-7,1645.7626953125
38,0.853658536585366,0.002849317155778408,2,1,-7,1645.7626953125
39,0.902439024390244,0.001791478251107037,2,1,-7,1645.7626953125
40,0.9512195121951219,0.0005109269404783845,2,1,-7,1645.7626953125
41,1.0,0.0012335736537352204,2,1,-7,1645.7626953125
0,-1.0,0.0,2,3,-6,1645.7626953125
1,-0.9512195121951219,0.0,2,3,-6,1645.7626953125
2,-0.9024390243902439,0.0,2,3,-6,1645.7626953125
3,-0.8536585365853658,0.0,2,3,-6,1645.7626953125
4,-0.8048780487804879,0.0,2,3,-6,1645.7626953125
5,-0.7560975609756098,0.0,2,3,-6,1645.7626953125
6,-0.7073170731707317,0.0,2,3,-6,1645.7626953125
7,-0.6585365853658536,0.0,2,3,-6,1645.7626953125
8,-0.6097560975609756,0.0,2,3,-6,1645.7626953125
9,-0.5609756097560976,0.0,2,3,-6,1645.7626953125
10,-0.5121951219512195,0.0,2,3,-6,1645.7626953125
11,-0.46341463414634143,0.0,2,3,-6,1645.7626953125
12,-0.41463414634146334,3.9433444953829166e-08,2,3,-6,1645.7626953125
13,-0.36585365853658536,2.9346253427320335e-07,2,3,-6,1645.7626953125
14,-0.31707317073170727,4.206744730339551e-09,2,3,-6,1645.7626953125
15,-0.2682926829268293,4.736980940833746e-07,2,3,-6,1645.7626953125
16,-0.2195121951219512,1.5826519756956259e-06,2,3,-6,1645.7626953125
17,-0.1707317073170731,2.6296224859834183e-06,2,3,-6,1645.7626953125
18,-0.12195121951219512,2.5361309496929607e-08,2,3,-6,1645.7626953125
19,-0.07317073170731703,3.684284024529916e-07,2,3,-6,1645.7626953125
20,-0.024390243902439046,3.2295685059580137e-07,2,3,-6,1645.7626953125
21,0.024390243902439046,1.032346972351661e-06,2,3,-6,1645.7626953125
22,0.07317073170731714,5.70478619010828e-07,2,3,-6,1645.7626953125
23,0.12195121951219523,1.9157819224346895e-06,2,3,-6,1645.7626953125
24,0.17073170731707332,4.490630090003833e-07,2,3,-6,1645.7626953125
25,0.2195121951219512,5.417110514827073e-06,2,3,-6,1645.7626953125
26,0.2682926829268293,5.843274720973568e-06,2,3,-6,1645.7626953125
27,0.3170731707317074,1.649570003792178e-05,2,3,-6,1645.7626953125
28,0.36585365853658547,2.10187954508001e-06,2,3,-6,1645.7626953125
29,0.41463414634146356,0.0001037210677168332,2,3,-6,1645.7626953125
30,0.46341463414634143,1.8868329334509326e-06,2,3,-6,1645.7626953125
31,0.5121951219512195,6.079243030399084e-05,2,3,-6,1645.7626953125
32,0.5609756097560976,3.1624618713976815e-05,2,3,-6,1645.7626953125
33,0.6097560975609757,4.281270958017558e-05,2,3,-6,1645.7626953125
34,0.6585365853658538,9.092451364267617e-05,2,3,-6,1645.7626953125
35,0.7073170731707317,1.624214564799331e-05,2,3,-6,1645.7626953125
36,0.7560975609756098,0.00011552110663615167,2,3,-6,1645.7626953125
37,0.8048780487804879,8.020330278668553e-05,2,3,-6,1645.7626953125
38,0.853658536585366,7.350834493990988e-05,2,3,-6,1645.7626953125
39,0.902439024390244,0.0001662254799157381,2,3,-6,1645.7626953125
40,0.9512195121951219,0.006787177175283432,2,3,-6,1645.7626953125
41,1.0,8.000060188351199e-05,2,3,-6,1645.7626953125
0,-1.0,1.989978045457974e-06,2,4,-6,1645.7626953125
1,-0.9512195121951219,2.1800210561195854e-06,2,4,-6,1645.7626953125
2,-0.9024390243902439,6.758984454791062e-06,2,4,-6,1645.7626953125
3,-0.8536585365853658,1.6216219592024572e-05,2,4,-6,1645.7626953125
4,-0.8048780487804879,6.881457466079155e-07,2,4,-6,1645.7626953125
5,-0.7560975609756098,2.0172815311525483e-06,2,4,-6,1645.7626953125
6,-0.7073170731707317,1.1465874649729813e-06,2,4,-6,1645.7626953125
7,-0.6585365853658536,1.76097710209433e-05,2,4,-6,1645.7626953125
8,-0.6097560975609756,2.3055383735481882e-06,2,4,-6,1645.7626953125
9,-0.5609756097560976,2.3872695237514563e-05,2,4,-6,1645.7626953125
10,-0.5121951219512195,1.4314951840788126e-05,2,4,-6,1645.7626953125
11,-0.46341463414634143,4.320335574448109e-05,2,4,-6,1645.7626953125
12,-0.41463414634146334,3.556981710062246e-06,2,4,-6,1645.7626953125
13,-0.36585365853658536,2.25415569730103e-05,2,4,-6,1645.7626953125
14,-0.31707317073170727,0.0001211499038618058,2,4,-6,1645.7626953125
15,-0.2682926829268293,0.000151581916725263,2,4,-6,1645.7626953125
16,-0.2195121951219512,0.0006737984367646277,2,4,-6,1645.7626953125
17,-0.1707317073170731,0.0018243566155433655,2,4,-6,1645.7626953125
18,-0.12195121951219512,0.009783441200852394,2,4,-6,1645.7626953125
19,-0.07317073170731703,0.00028861244209110737,2,4,-6,1645.7626953125
20,-0.024390243902439046,0.0003993437858298421,2,4,-6,1645.7626953125
21,0.024390243902439046,6.167792889755219e-06,2,4,-6,1645.7626953125
22,0.07317073170731714,0.0001403169590048492,2,4,-6,1645.7626953125
23,0.12195121951219523,9.400176168128382e-06,2,4,-6,1645.7626953125
24,0.17073170731707332,4.7724464820930734e-05,2,4,-6,1645.7626953125
25,0.2195121951219512,6.062833108444465e-06,2,4,-6,1645.7626953125
26,0.2682926829268293,3.0016502932994626e-05,2,4,-6,1645.7626953125
27,0.3170731707317074,1.6204638768613222e-06,2,4,-6,1645.7626953125
28,0.36585365853658547,3.716649007401429e-05,2,4,-6,1645.7626953125
29,0.41463414634146356,4.5615070121129975e-06,2,4,-6,1645.7626953125
30,0.46341463414634143,1.7645785192144103e-05,2,4,-6,1645.7626953125
31,0.5121951219512195,1.3838594895787537e-05,2,4,-6,1645.7626953125
32,0.5609756097560976,1.4737215678906068e-05,2,4,-6,1645.7626953125
33,0.6097560975609757,7.426071988447802e-06,2,4,-6,1645.7626953125
34,0.6585365853658538,1.4170556823955849e-05,2,4,-6,1645.7626953125
35,0.7073170731707317,5.392697858042084e-05,2,4,-6,1645.7626953125
36,0.7560975609756098,1.2316671018197667e-05,2,4,-6,1645.7626953125
37,0.8048780487804879,1.0403392479929607e-05,2,4,-6,1645.7626953125
38,0.853658536585366,6.511758783744881e-06,2,4,-6,1645.7626953125
39,0.902439024390244,3.0228941341192694e-06,2,4,-6,1645.7626953125
40,0.9512195121951219,0.0,2,4,-6,1645.7626953125
41,1.0,0.0,2,4,-6,1645.7626953125
0,-1.0,3.520407699397765e-05,2,5,-6,1645.7626953125
1,-0.9512195121951219,9.171147212327924e-06,2,5,-6,1645.7626953125
2,-0.9024390243902439,2.5640973035478964e-05,2,5,-6,1645.7626953125
3,-0.8536585365853658,0.0001818439777707681,2,5,-6,1645.7626953125
4,-0.8048780487804879,0.0002596305566839874,2,5,-6,1645.7626953125
5,-0.7560975609756098,0.00018695526523515582,2,5,-6,1645.7626953125
6,-0.7073170731707317,3.3075286864914233e-07,2,5,-6,1645.7626953125
7,-0.6585365853658536,2.0811297872569412e-05,2,5,-6,1645.7626953125
8,-0.6097560975609756,3.5408193070907146e-05,2,5,-6,1645.7626953125
9,-0.5609756097560976,2.2527383407577872e-05,2,5,-6,1645.7626953125
10,-0.5121951219512195,4.6935824116189906e-07,2,5,-6,1645.7626953125
11,-0.46341463414634143,2.1270400338835316e-06,2,5,-6,1645.7626953125
12,-0.41463414634146334,2.0093011698918417e-06,2,5,-6,1645.7626953125
13,-0.36585365853658536,1.1107969157819753e-06,2,5,-6,1645.7626953125
14,-0.31707317073170727,1.8122446476809273e-07,2,5,-6,1645.7626953125
15,-0.2682926829268293,1.703227248128769e-08,2,5,-6,1645.7626953125
16,-0.2195121951219512,3.3238180208172707e-07,2,5,-6,1645.7626953125
17,-0.1707317073170731,2.592523173916561e-07,2,5,-6,1645.7626953125
18,-0.12195121951219512,1.7894286656883196e-06,2,5,-6,1645.7626953125
19,-0.07317073170731703,1.3370255658173846e-07,2,5,-6,1645.7626953125
20,-0.024390243902439046,1.578286088488312e-07,2,5,-6,1645.7626953125
21,0.024390243902439046,4.723267110762208e-08,2,5,-6,1645.7626953125
22,0.07317073170731714,2.624416417518205e-08,2,5,-6,1645.7626953125
23,0.12195121951219523,0.0,2,5,-6,1645.7626953125
24,0.17073170731707332,0.0,2,5,-6,1645.7626953125
25,0.2195121951219512,0.0,2,5,-6,1645.7626953125
26,0.2682926829268293,0.0,2,5,-6,1645.7626953125
27,0.3170731707317074,0.0,2,5,-6,1645.7626953125
28,0.36585365853658547,0.0,2,5,-6,1645.7626953125
29,0.41463414634146356,0.0,2,5,-6,1645.7626953125
30,0.46341463414634143,0.0,2,5,-6,1645.7626953125
31,0.5121951219512195,0.0,2,5,-6,1645.7626953125
32,0.5609756097560976,0.0,2,5,-6,1645.7626953125
33,0.6097560975609757,0.0,2,5,-6,1645.7626953125
34,0.6585365853658538,0.0,2,5,-6,1645.7626953125
35,0.7073170731707317,0.0,2,5,-6,1645.7626953125
36,0.7560975609756098,0.0,2,5,-6,1645.7626953125
37,0.8048780487804879,0.0,2,5,-6,1645.7626953125
38,0.853658536585366,0.0,2,5,-6,1645.7626953125
39,0.902439024390244,0.0,2,5,-6,1645.7626953125
40,0.9512195121951219,0.0,2,5,-6,1645.7626953125
41,1.0,0.0,2,5,-6,1645.7626953125
0,-1.0,0.0,2,6,-5,1645.7626953125
1,-0.9512195121951219,0.0,2,6,-5,1645.7626953125
2,-0.9024390243902439,0.0,2,6,-5,1645.7626953125
3,-0.8536585365853658,0.0,2,6,-5,1645.7626953125
4,-0.8048780487804879,0.0,2,6,-5,1645.7626953125
5,-0.7560975609756098,0.0,2,6,-5,1645.7626953125
6,-0.7073170731707317,0.0,2,6,-5,1645.7626953125
7,-0.6585365853658536,0.0,2,6,-5,1645.7626953125
8,-0.6097560975609756,0.0,2,6,-5,1645.7626953125
9,-0.5609756097560976,0.0,2,6,-5,1645.7626953125
10,-0.5121951219512195,0.0,2,6,-5,1645.7626953125
11,-0.46341463414634143,0.0,2,6,-5,1645.7626953125
12,-0.41463414634146334,0.0,2,6,-5,1645.7626953125
13,-0.36585365853658536,0.0,2,6,-5,1645.7626953125
14,-0.31707317073170727,0.0,2,6,-5,1645.7626953125
15,-0.2682926829268293,0.0,2,6,-5,1645.7626953125
16,-0.2195121951219512,0.0,2,6,-5,1645.7626953125
17,-0.1707317073170731,0.0,2,6,-5,1645.7626953125
18,-0.12195121951219512,2.1962375740258722e-07,2,6,-5,1645.7626953125
19,-0.07317073170731703,2.7442828454127266e-08,2,6,-5,1645.7626953125
20,-0.024390243902439046,1.1057258575419837e-07,2,6,-5,1645.7626953125
21,0.024390243902439046,3.8752052233803624e-08,2,6,-5,1645.7626953125
22,0.07317073170731714,2.2900883323018206e-07,2,6,-5,1645.7626953125
23,0.12195121951219523,2.508264884681921e-08,2,6,-5,1645.7626953125
24,0.17073170731707332,1.5103132966487465e-07,2,6,-5,1645.7626953125
25,0.2195121951219512,9.811746167542879e-06,2,6,-5,1645.7626953125
26,0.2682926829268293,6.204454621183686e-07,2,6,-5,1645.7626953125
27,0.3170731707317074,2.899522405641619e-05,2,6,-5,1645.7626953125
28,0.36585365853658547,5.041197255195584e-06,2,6,-5,1645.7626953125
29,0.41463414634146356,3.7620006878569257e-06,2,6,-5,1645.7626953125
30,0.46341463414634143,8.538091606169473e-06,2,6,-5,1645.7626953125
31,0.5121951219512195,1.0771637789730448e-05,2,6,-5,1645.7626953125
32,0.5609756097560976,1.6341333321179263e-05,2,6,-5,1645.7626953125
33,0.6097560975609757,0.0001182297637569718,2,6,-5,1645.7626953125
34,0.6585365853658538,3.875736365444027e-05,2,6,-5,1645.7626953125
35,0.7073170731707317,4.159961827099323e-05,2,6,-5,1645.7626953125
36,0.7560975609756098,1.1344154700054787e-05,2,6,-5,1645.7626953125
37,0.8048780487804879,7.890459983173059e-07,2,6,-5,1645.7626953125
38,0.853658536585366,6.94430525527423e-07,2,6,-5,1645.7626953125
39,0.902439024390244,7.53182746393577e-07,2,6,-5,1645.7626953125
40,0.9512195121951219,4.034617631987203e-06,2,6,-5,1645.7626953125
41,1.0,6.882324328216782e-07,2,6,-5,1645.7626953125
0,-1.0,0.0,2,7,-5,1645.7626953125
1,-0.9512195121951219,0.0,2,7,-5,1645.7626953125
2,-0.9024390243902439,0.0,2,7,-5,1645.7626953125
3,-0.8536585365853658,0.0,2,7,-5,1645.7626953125
4,-0.8048780487804879,0.0,2,7,-5,1645.7626953125
5,-0.7560975609756098,0.0,2,7,-5,1645.7626953125
6,-0.7073170731707317,0.0,2,7,-5,1645.7626953125
7,-0.6585365853658536,0.0,2,7,-5,1645.7626953125
8,-0.6097560975609756,0.0,2,7,-5,1645.7626953125
9,-0.5609756097560976,0.0,2,7,-5,1645.7626953125
10,-0.5121951219512195,3.514881257160596e-07,2,7,-5,1645.7626953125
11,-0.46341463414634143,8.762560810282594e-08,2,7,-5,1645.7626953125
12,-0.41463414634146334,6.072029918868793e-07,2,7,-5,1645.7626953125
13,-0.36585365853658536,8.664672179747868e-08,2,7,-5,1645.7626953125
14,-0.31707317073170727,1.5100201835593907e-06,2,7,-5,1645.7626953125
15,-0.2682926829268293,5.29879798705224e-07,2,7,-5,1645.7626953125
16,-0.2195121951219512,4.158209321758477e-06,2,7,-5,1645.7626953125
17,-0.1707317073170731,1.0768975755581778e-07,2,7,-5,1645.7626953125
18,-0.12195121951219512,3.610798557929229e-06,2,7,-5,1645.7626953125
19,-0.07317073170731703,1.3751665619565756e-06,2,7,-5,1645.7626953125
20,-0.024390243902439046,2.2970891677687177e-06,2,7,-5,1645.7626953125
21,0.024390243902439046,1.8471888324711472e-05,2,7,-5,1645.7626953125
22,0.07317073170731714,1.2935788618051447e-05,2,7,-5,1645.7626953125
23,0.12195121951219523,0.0018520167795941234,2,7,-5,1645.7626953125
24,0.17073170731707332,1.2899852663394995e-05,2,7,-5,1645.7626953125
25,0.2195121951219512,3.8279311411315575e-05,2,7,-5,1645.7626953125
26,0.2682926829268293,8.730694389669225e-07,2,7,-5,1645.7626953125
27,0.3170731707317074,4.291344794182805e-06,2,7,-5,1645.7626953125
28,0.36585365853658547,8.737359280530654e-07,2,7,-5,1645.7626953125
29,0.41463414634146356,1.6416388248785552e-08,2,7,-5,1645.7626953125
30,0.46341463414634143,1.7281807913605007e-06,2,7,-5,1645.7626953125
31,0.5121951219512195,1.850989974627737e-06,2,7,-5,1645.7626953125
32,0.5609756097560976,2.103895866412131e-07,2,7,-5,1645.7626953125
33,0.6097560975609757,1.2337281077634543e-05,2,7,-5,1645.7626953125
34,0.6585365853658538,2.1217290395725286e-06,2,7,-5,1645.7626953125
35,0.7073170731707317,3.4637316730368184e-06,2,7,-5,1645.7626953125
36,0.7560975609756098,1.2678814300670638e-06,2,7,-5,1645.7626953125
37,0.8048780487804879,0.0,2,7,-5,1645.7626953125
38,0.853658536585366,0.0,2,7,-5,1645.7626953125
39,0.902439024390244,0.0,2,7,-5,1645.7626953125
40,0.9512195121951219,0.0,2,7,-5,1645.7626953125
41,1.0,0.0,2,7,-5,1645.7626953125
0,-1.0,1.1489177040857612e-06,3,2,-11,1645.7626953125
1,-0.9512195121951219,2.2540234567713924e-06,3,2,-11,1645.7626953125
2,-0.9024390243902439,2.8983172342123e-06,3,2,-11,1645.7626953125
3,-0.8536585365853658,2.790909547911724e-06,3,2,-11,1645.7626953125
4,-0.8048780487804879,1.670782694418449e-07,3,2,-11,1645.7626953125
5,-0.7560975609756098,4.652561074180994e-06,3,2,-11,1645.7626953125
6,-0.7073170731707317,5.533166813620483e-07,3,2,-11,1645.7626953125
7,-0.6585365853658536,2.685936851776205e-05,3,2,-11,1645.7626953125
8,-0.6097560975609756,6.003723228786839e-06,3,2,-11,1645.7626953125
9,-0.5609756097560976,2.075631527986843e-05,3,2,-11,1645.7626953125
10,-0.5121951219512195,4.871179407928139e-05,3,2,-11,1645.7626953125
11,-0.46341463414634143,0.0004286841140128672,3,2,-11,1645.7626953125
12,-0.41463414634146334,0.0014557437971234322,3,2,-11,1645.7626953125
13,-0.36585365853658536,5.351096206140937e-07,3,2,-11,1645.7626953125
14,-0.31707317073170727,5.1647039072122425e-06,3,2,-11,1645.7626953125
15,-0.2682926829268293,8.280292604467832e-06,3,2,-11,1645.7626953125
16,-0.2195121951219512,2.0432260498637334e-05,3,2,-11,1645.7626953125
17,-0.1707317073170731,9.833284821070265e-06,3,2,-11,1645.7626953125
18,-0.12195121951219512,3.2424222808913328e-06,3,2,-11,1645.7626953125
19,-0.07317073170731703,5.5054615586414e-06,3,2,-11,1645.7626953125
20,-0.024390243902439046,2.619318820507033e-06,3,2,-11,1645.7626953125
21,0.024390243902439046,6.505742362605815e-07,3,2,-11,1645.7626953125
22,0.07317073170731714,1.109465799231657e-07,3,2,-11,1645.7626953125
23,0.12195121951219523,2.8820077204727568e-06,3,2,-11,1645.7626953125
24,0.17073170731707332,2.2465123947768006e-06,3,2,-11,1645.7626953125
25,0.2195121951219512,1.1814133358711842e-05,3,2,-11,1645.7626953125
26,0.2682926829268293,6.258374924072996e-06,3,2,-11,1645.7626953125
27,0.3170731707317074,4.5723314912038404e-08,3,2,-11,1645.7626953125
28,0.36585365853658547,8.56848316743708e-07,3,2,-11,1645.7626953125
29,0.41463414634146356,4.992153321836668e-07,3,2,-11,1645.7626953125
30,0.46341463414634143,8.19394017526065e-07,3,2,-11,1645.7626953125
31,0.5121951219512195,1.0037620086222887e-06,3,2,-11,1645.7626953125
32,0.5609756097560976,1.9249791876063682e-06,3,2,-11,1645.7626953125
33,0.6097560975609757,1.0880331728913006e-06,3,2,-11,1645.7626953125
34,0.6585365853658538,4.797261226485716e-06,3,2,-11,1645.7626953125
35,0.7073170731707317,1.584292112966068e-05,3,2,-11,1645.7626953125
36,0.7560975609756098,1.0467110769241117e-05,3,2,-11,1645.7626953125
37,0.8048780487804879,4.601492491929093e-06,3,2,-11,1645.7626953125
38,0.853658536585366,6.676775115010969e-07,3,2,-11,1645.7626953125
39,0.902439024390244,3.703663153942216e-08,3,2,-11,1645.7626953125
40,0.9512195121951219,6.563784609170398e-07,3,2,-11,1645.7626953125
41,1.0,6.095765314739765e-08,3,2,-11,1645.7626953125
