tilt_index,tilt_angle,intensity,h,k,l,thickness
0,-1.0,0.0,-3,-6,7,2459.322021484375
1,-0.9512195121951219,0.0,-3,-6,7,2459.322021484375
2,-0.9024390243902439,0.0,-3,-6,7,2459.322021484375
3,-0.8536585365853658,0.0,-3,-6,7,2459.322021484375
4,-0.8048780487804879,0.0,-3,-6,7,2459.322021484375
5,-0.7560975609756098,0.0,-3,-6,7,2459.322021484375
6,-0.7073170731707317,0.0,-3,-6,7,2459.322021484375
7,-0.6585365853658536,0.0,-3,-6,7,2459.322021484375
8,-0.6097560975609756,0.0,-3,-6,7,2459.322021484375
9,-0.5609756097560976,0.0,-3,-6,7,2459.322021484375
10,-0.5121951219512195,0.0,-3,-6,7,2459.322021484375
11,-0.46341463414634143,0.0,-3,-6,7,2459.322021484375
12,-0.41463414634146334,0.0,-3,-6,7,2459.322021484375
13,-0.36585365853658536,0.0,-3,-6,7,2459.322021484375
14,-0.31707317073170727,0.0,-3,-6,7,2459.322021484375
15,-0.2682926829268293,1.6434353256045142e-06,-3,-6,7,2459.322021484375
16,-0.2195121951219512,1.561795102134056e-06,-3,-6,7,2459.322021484375
17,-0.1707317073170731,3.0854275792080443e-06,-3,-6,7,2459.322021484375
18,-0.12195121951219512,7.009856744844001e-06,-3,-6,7,2459.322021484375
19,-0.07317073170731703,1.0777866918942891e-06,-3,-6,7,2459.322021484375
20,-0.024390243902439046,1.2747498203680152e-06,-3,-6,7,2459.322021484375
21,0.024390243902439046,1.330651230091462e-06,-3,-6,7,2459.322021484375
22,0.07317073170731714,1.8173362832385465e-06,-3,-6,7,2459.322021484375
23,0.12195121951219523,1.8409361928206636e-06,-3,-6,7,2459.322021484375
24,0.17073170731707332,1.5074881048349198e-05,-3,-6,7,2459.322021484375
25,0.2195121951219512,1.9485880329739302e-05,-3,-6,7,2459.322021484375
26,0.2682926829268293,1.345204782410292e-05,-3,-6,7,2459.322021484375
27,0.3170731707317074,2.365906993873068e-06,-3,-6,7,2459.322021484375
28,0.36585365853658547,2.7539035727386363e-05,-3,-6,7,2459.322021484375
29,0.41463414634146356,0.01707104593515396,-3,-6,7,2459.322021484375
30,0.46341463414634143,0.00022579979849979281,-3,-6,7,2459.322021484375
31,0.5121951219512195,6.459141877712682e-05,-3,-6,7,2459.322021484375
32,0.5609756097560976,2.973617029056186e-06,-3,-6,7,2459.322021484375
33,0.6097560975609757,1.7789874618756585e-05,-3,-6,7,2459.322021484375
34,0.6585365853658538,6.857793550807401e-07,-3,-6,7,2459.322021484375
35,0.7073170731707317,2.8368658604449593e-06,-3,-6,7,2459.322021484375
36,0.7560975609756098,2.7561266051634448e-06,-3,-6,7,2459.322021484375
37,0.8048780487804879,4.383256964501925e-06,-3,-6,7,2459.322021484375
38,0.853658536585366,1.0323143442292348e-06,-3,-6,7,2459.322021484375
39,0.902439024390244,2.0190232135064434e-06,-3,-6,7,2459.322021484375
40,0.9512195121951219,1.6644797824483248e-06,-3,-6,7,2459.322021484375
41,1.0,3.243886567361187e-06,-3,-6,7,2459.322021484375
0,-1.0,6.797013611503644e-06,-3,-5,8,2459.322021484375
1,-0.9512195121951219,6.381341518135741e-05,-3,-5,8,2459.322021484375
2,-0.9024390243902439,1.4854746041237377e-05,-3,-5,8,2459.322021484375
3,-0.8536585365853658,2.9517666916945018e-05,-3,-5,8,2459.322021484375
4,-0.8048780487804879,0.00035060965456068516,-3,-5,8,2459.322021484375
5,-0.7560975609756098,0.00029321215697564185,-3,-5,8,2459.322021484375
6,-0.7073170731707317,6.968330853851512e-05,-3,-5,8,2459.322021484375
7,-0.6585365853658536,1.654948209761642e-05,-3,-5,8,2459.322021484375
8,-0.6097560975609756,7.138471119105816e-06,-3,-5,8,2459.322021484375
9,-0.5609756097560976,1.376856835122453e-05,-3,-5,8,2459.322021484375
10,-0.5121951219512195,5.438210064312443e-05,-3,-5,8,2459.322021484375
11,-0.46341463414634143,9.765039976628032e-07,-3,-5,8,2459.322021484375
12,-0.41463414634146334,2.6098878151969984e-06,-3,-5,8,2459.322021484375
13,-0.36585365853658536,7.191136432993517e-07,-3,-5,8,2459.322021484375
14,-0.31707317073170727,1.331510475210962e-07,-3,-5,8,2459.322021484375
15,-0.2682926829268293,2.4977437078632647e-06,-3,-5,8,2459.322021484375
16,-0.2195121951219512,4.0739614348694886e-08,-3,-5,8,2459.322021484375
17,-0.1707317073170731,1.2407057511154562e-05,-3,-5,8,2459.322021484375
18,-0.12195121951219512,4.29134706791956e-06,-3,-5,8,2459.322021484375
19,-0.07317073170731703,7.120270879568125e-07,-3,-5,8,2459.322021484375
20,-0.024390243902439046,3.605003439588472e-05,-3,-5,8,2459.322021484375
21,0.024390243902439046,8.397648230129562e-07,-3,-5,8,2459.322021484375
22,0.07317073170731714,0.0,-3,-5,8,2459.322021484375
23,0.12195121951219523,0.0,-3,-5,8,2459.322021484375
24,0.17073170731707332,0.0,-3,-5,8,2459.322021484375
25,0.2195121951219512,0.0,-3,-5,8,2459.322021484375
26,0.2682926829268293,0.0,-3,-5,8,2459.322021484375
27,0.3170731707317074,0.0,-3,-5,8,2459.322021484375
28,0.36585365853658547,0.0,-3,-5,8,2459.322021484375
29,0.41463414634146356,0.0,-3,-5,8,2459.322021484375
30,0.46341463414634143,0.0,-3,-5,8,2459.322021484375
31,0.5121951219512195,0.0,-3,-5,8,2459.322021484375
32,0.5609756097560976,0.0,-3,-5,8,2459.322021484375
33,0.6097560975609757,0.0,-3,-5,8,2459.322021484375
34,0.6585365853658538,0.0,-3,-5,8,2459.322021484375
35,0.7073170731707317,0.0,-3,-5,8,2459.322021484375
36,0.7560975609756098,0.0,-3,-5,8,2459.322021484375
37,0.8048780487804879,0.0,-3,-5,8,2459.322021484375
38,0.853658536585366,0.0,-3,-5,8,2459.322021484375
39,0.902439024390244,0.0,-3,-5,8,2459.322021484375
40,0.9512195121951219,0.0,-3,-5,8,2459.322021484375
41,1.0,0.0,-3,-5,8,2459.322021484375
0,-1.0,0.0,-3,-4,8,2459.322021484375
1,-0.9512195121951219,0.0,-3,-4,8,2459.322021484375
2,-0.9024390243902439,0.0,-3,-4,8,2459.322021484375
3,-0.8536585365853658,0.0,-3,-4,8,2459.322021484375
4,-0.8048780487804879,0.0,-3,-4,8,2459.322021484375
5,-0.7560975609756098,0.0,-3,-4,8,2459.322021484375
6,-0.7073170731707317,0.0,-3,-4,8,2459.322021484375
7,-0.6585365853658536,0.0,-3,-4,8,2459.322021484375
8,-0.6097560975609756,0.0,-3,-4,8,2459.322021484375
9,-0.5609756097560976,2.655741809576284e-06,-3,-4,8,2459.322021484375
10,-0.5121951219512195,9.012037480715662e-06,-3,-4,8,2459.322021484375
11,-0.46341463414634143,1.1992502777502523e-06,-3,-4,8,2459.322021484375
12,-0.41463414634146334,1.8926875782199204e-06,-3,-4,8,2459.322021484375
13,-0.36585365853658536,2.4855989977368154e-06,-3,-4,8,2459.322021484375
14,-0.31707317073170727,1.9116282601316925e-06,-3,-4,8,2459.322021484375
15,-0.2682926829268293,1.0756613022522288e-07,-3,-4,8,2459.322021484375
16,-0.2195121951219512,2.062073235720163e-06,-3,-4,8,2459.322021484375
17,-0.1707317073170731,1.2017870858471724e-06,-3,-4,8,2459.322021484375
18,-0.12195121951219512,2.553920921855024e-06,-3,-4,8,2459.322021484375
19,-0.07317073170731703,5.203061391512165e-06,-3,-4,8,2459.322021484375
20,-0.024390243902439046,8.041097032673861e-08,-3,-4,8,2459.322021484375
21,0.024390243902439046,7.274094514286844e-06,-3,-4,8,2459.322021484375
22,0.07317073170731714,2.0036644343690568e-07,-3,-4,8,2459.322021484375
23,0.12195121951219523,2.9296561478986405e-05,-3,-4,8,2459.322021484375
24,0.17073170731707332,2.3154438167694025e-05,-3,-4,8,2459.322021484375
25,0.2195121951219512,7.4106819738517515e-06,-3,-4,8,2459.322021484375
26,0.2682926829268293,1.85110438906122e-05,-3,-4,8,2459.322021484375
27,0.3170731707317074,0.00010861784539883956,-3,-4,8,2459.322021484375
28,0.36585365853658547,2.0571198547258973e-05,-3,-4,8,2459.322021484375
29,0.41463414634146356,0.010590508580207825,-3,-4,8,2459.322021484375
30,0.46341463414634143,1.6788260836619884e-05,-3,-4,8,2459.322021484375
31,0.5121951219512195,5.8374458603793755e-05,-3,-4,8,2459.322021484375
32,0.5609756097560976,4.9647700507193804e-05,-3,-4,8,2459.322021484375
33,0.6097560975609757,0.00012407181202434003,-3,-4,8,2459.322021484375
34,0.6585365853658538,5.10062500325148e-06,-3,-4,8,2459.322021484375
35,0.7073170731707317,2.6699241061578505e-05,-3,-4,8,2459.322021484375
36,0.7560975609756098,1.5730182667539339e-06,-3,-4,8,2459.322021484375
37,0.8048780487804879,8.405595508520491e-06,-3,-4,8,2459.322021484375
38,0.853658536585366,2.2834885839984054e-06,-3,-4,8,2459.322021484375
39,0.902439024390244,4.74419948659488e-07,-3,-4,8,2459.322021484375
40,0.9512195121951219,2.6428783712617587e-06,-3,-4,8,2459.322021484375
41,1.0,1.706074954199721e-06,-3,-4,8,2459.322021484375
0,-1.0,4.08996392309291e-08,-3,-2,9,2459.322021484375
1,-0.9512195121951219,1.1154592357343063e-05,-3,-2,9,2459.322021484375
2,-0.9024390243902439,5.194562163524097e-06,-3,-2,9,2459.322021484375
3,-0.8536585365853658,3.3628675737418234e-06,-3,-2,9,2459.322021484375
4,-0.8048780487804879,3.4265809517819434e-05,-3,-2,9,2459.322021484375
5,-0.7560975609756098,0.0001165647991001606,-3,-2,9,2459.322021484375
6,-0.7073170731707317,2.371547816437669e-05,-3,-2,9,2459.322021484375
7,-0.6585365853658536,2.3610482458025217e-06,-3,-2,9,2459.322021484375
8,-0.6097560975609756,6.539548485307023e-05,-3,-2,9,2459.322021484375
9,-0.5609756097560976,2.5996685508289374e-05,-3,-2,9,2459.322021484375
10,-0.5121951219512195,0.0002475129149388522,-3,-2,9,2459.322021484375
11,-0.46341463414634143,9.86201484920457e-06,-3,-2,9,2459.322021484375
12,-0.41463414634146334,0.0001056136898114346,-3,-2,9,2459.322021484375
13,-0.36585365853658536,0.0001956849155249074,-3,-2,9,2459.322021484375
14,-0.31707317073170727,0.0008454654598608613,-3,-2,9,2459.322021484375
15,-0.2682926829268293,0.0013930262066423893,-3,-2,9,2459.322021484375
16,-0.2195121951219512,0.001344040036201477,-3,-2,9,2459.322021484375
17,-0.1707317073170731,0.048022422939538956,-3,-2,9,2459.322021484375
18,-0.12195121951219512,0.0032172019127756357,-3,-2,9,2459.322021484375
19,-0.07317073170731703,0.0012231391156092286,-3,-2,9,2459.322021484375
20,-0.024390243902439046,0.0005090044578537345,-3,-2,9,2459.322021484375
21,0.024390243902439046,0.0002042690321104601,-3,-2,9,2459.322021484375
22,0.07317073170731714,3.420468055992387e-05,-3,-2,9,2459.322021484375
23,0.12195121951219523,6.484674941020785e-06,-3,-2,9,2459.322021484375
24,0.17073170731707332,1.93490132005536e-06,-3,-2,9,2459.322021484375
25,0.2195121951219512,2.3787741156411357e-05,-3,-2,9,2459.322021484375
26,0.2682926829268293,5.381775281421142e-06,-3,-2,9,2459.322021484375
27,0.3170731707317074,2.2596623239223845e-05,-3,-2,9,2459.322021484375
28,0.36585365853658547,3.5098137232125737e-06,-3,-2,9,2459.322021484375
29,0.41463414634146356,2.7458003387437202e-05,-3,-2,9,2459.322021484375
30,0.46341463414634143,7.127765456971247e-06,-3,-2,9,2459.322021484375
31,0.5121951219512195,2.728780145844212e-06,-3,-2,9,2459.322021484375
32,0.5609756097560976,7.036761235212907e-05,-3,-2,9,2459.322021484375
33,0.6097560975609757,1.8978262232849374e-05,-3,-2,9,2459.322021484375
34,0.6585365853658538,1.192674335470656e-05,-3,-2,9,2459.322021484375
35,0.7073170731707317,2.1629637558362447e-05,-3,-2,9,2459.322021484375
36,0.7560975609756098,1.541610799904447e-06,-3,-2,9,2459.322021484375
37,0.8048780487804879,7.7562572187162e-06,-3,-2,9,2459.322021484375
38,0.853658536585366,2.8601655230886536e-06,-3,-2,9,2459.322021484375
39,0.902439024390244,2.6812895157490857e-06,-3,-2,9,2459.322021484375
40,0.9512195121951219,9.293979132962704e-07,-3,-2,9,2459.322021484375
41,1.0,2.850061946446658e-07,-3,-2,9,2459.322021484375
0,-1.0,0.0,-3,4,11,2459.322021484375
1,-0.9512195121951219,0.0,-3,4,11,2459.322021484375
2,-0.9024390243902439,3.3411279076744904e-08,-3,4,11,2459.322021484375
3,-0.8536585365853658,4.5732087983196834e-07,-3,4,11,2459.322021484375
4,-0.8048780487804879,9.344753948425932e-07,-3,4,11,2459.322021484375
5,-0.7560975609756098,6.331271151793771e-07,-3,4,11,2459.322021484375
6,-0.7073170731707317,3.7491102489184414e-07,-3,4,11,2459.322021484375
7,-0.6585365853658536,3.3226126561203273e-07,-3,4,11,2459.322021484375
8,-0.6097560975609756,2.247420979983872e-06,-3,4,11,2459.322021484375
9,-0.5609756097560976,8.356866601388901e-06,-3,4,11,2459.322021484375
10,-0.5121951219512195,1.7216048036061693e-06,-3,4,11,2459.322021484375
11,-0.46341463414634143,9.59816861723084e-06,-3,4,11,2459.322021484375
12,-0.41463414634146334,5.560052613873268e-07,-3,4,11,2459.322021484375
13,-0.36585365853658536,1.207094015853727e-07,-3,4,11,2459.322021484375
14,-0.31707317073170727,3.77901119463786e-06,-3,4,11,2459.322021484375
15,-0.2682926829268293,2.6758132776194543e-07,-3,4,11,2459.322021484375
16,-0.2195121951219512,1.6131156144183478e-06,-3,4,11,2459.322021484375
17,-0.1707317073170731,3.3021012768585933e-07,-3,4,11,2459.322021484375
18,-0.12195121951219512,1.1323440958221909e-06,-3,4,11,2459.322021484375
19,-0.07317073170731703,1.5322369506520772e-07,-3,4,11,2459.322021484375
20,-0.024390243902439046,3.10843029183161e-06,-3,4,11,2459.322021484375
21,0.024390243902439046,1.1389637393222074e-06,-3,4,11,2459.322021484375
22,0.07317073170731714,4.612296834238805e-06,-3,4,11,2459.322021484375
23,0.12195121951219523,1.8067183873426984e-06,-3,4,11,2459.322021484375
24,0.17073170731707332,8.314162187161855e-06,-3,4,11,2459.322021484375
25,0.2195121951219512,9.301114914705977e-06,-3,4,11,2459.322021484375
26,0.2682926829268293,1.5766886463097762e-06,-3,4,11,2459.322021484375
27,0.3170731707317074,1.0118329555552918e-05,-3,4,11,2459.322021484375
28,0.36585365853658547,4.324287601775723e-06,-3,4,11,2459.322021484375
29,0.41463414634146356,3.748292874661274e-05,-3,4,11,2459.322021484375
30,0.46341463414634143,0.0001803338382160291,-3,4,11,2459.322021484375
31,0.5121951219512195,4.33688546763733e-05,-3,4,11,2459.322021484375
32,0.5609756097560976,0.009264670312404633,-3,4,11,2459.322021484375
33,0.6097560975609757,0.0011229550000280142,-3,4,11,2459.322021484375
34,0.6585365853658538,5.930098632234149e-05,-3,4,11,2459.322021484375
35,0.7073170731707317,0.0001497492630733177,-3,4,11,2459.322021484375
36,0.7560975609756098,1.2159465256900148e-07,-3,4,11,2459.322021484375
37,0.8048780487804879,4.738350253319368e-05,-3,4,11,2459.322021484375
38,0.853658536585366,3.1853032851358876e-05,-3,4,11,2459.322021484375
39,0.902439024390244,5.1730949053307995e-06,-3,4,11,2459.322021484375
40,0.9512195121951219,1.5850542695261538e-05,-3,4,11,2459.322021484375
41,1.0,2.5487727270956384e-06,-3,4,11,2459.322021484375
0,-1.0,2.645788754307432e-06,-3,5,11,2459.322021484375
1,-0.9512195121951219,5.741267159464769e-06,-3,5,11,2459.322021484375
2,-0.9024390243902439,3.815891432168428e-06,-3,5,11,2459.322021484375
3,-0.8536585365853658,1.304073293795227e-06,-3,5,11,2459.322021484375
4,-0.8048780487804879,5.140066150488565e-06,-3,5,11,2459.322021484375
5,-0.7560975609756098,5.234795935393777e-06,-3,5,11,2459.322021484375
6,-0.7073170731707317,1.509269850430428e-06,-3,5,11,2459.322021484375
7,-0.6585365853658536,2.3250699996424373e-06,-3,5,11,2459.322021484375
8,-0.6097560975609756,4.537857876130147e-06,-3,5,11,2459.322021484375
9,-0.5609756097560976,2.7446189051261172e-05,-3,5,11,2459.322021484375
10,-0.5121951219512195,0.0001204000654979609,-3,5,11,2459.322021484375
11,-0.46341463414634143,0.00018573201668914407,-3,5,11,2459.322021484375
12,-0.41463414634146334,0.0019931418355554342,-3,5,11,2459.322021484375
13,-0.36585365853658536,0.00010400979954283684,-3,5,11,2459.322021484375
14,-0.31707317073170727,0.0016267979517579079,-3,5,11,2459.322021484375
15,-0.2682926829268293,0.00010418234160169959,-3,5,11,2459.322021484375
16,-0.2195121951219512,0.00010127619316335768,-3,5,11,2459.322021484375
17,-0.1707317073170731,1.3265398592920974e-05,-3,5,11,2459.322021484375
18,-0.12195121951219512,6.015010512783192e-06,-3,5,11,2459.322021484375
19,-0.07317073170731703,8.54657992022112e-06,-3,5,11,2459.322021484375
20,-0.024390243902439046,6.943097559997113e-06,-3,5,11,2459.322021484375
21,0.024390243902439046,3.1486404168390436e-06,-3,5,11,2459.322021484375
22,0.07317073170731714,3.777967094720225e-06,-3,5,11,2459.322021484375
23,0.12195121951219523,5.746868509959313e-07,-3,5,11,2459.322021484375
24,0.17073170731707332,1.2932687241118401e-06,-3,5,11,2459.322021484375
25,0.2195121951219512,4.4811163206759375e-06,-3,5,11,2459.322021484375
26,0.2682926829268293,9.449435651731619e-07,-3,5,11,2459.322021484375
27,0.3170731707317074,1.5175193084360217e-06,-3,5,11,2459.322021484375
28,0.36585365853658547,3.0609678560722386e-06,-3,5,11,2459.322021484375
29,0.41463414634146356,2.368806917729671e-06,-3,5,11,2459.322021484375
30,0.46341463414634143,1.0540712764850468e-06,-3,5,11,2459.322021484375
31,0.5121951219512195,1.4954607649997342e-06,-3,5,11,2459.322021484375
32,0.5609756097560976,3.0841496823086345e-07,-3,5,11,2459.322021484375
33,0.6097560975609757,2.027969003393082e-06,-3,5,11,2459.322021484375
34,0.6585365853658538,1.2903487913717981e-06,-3,5,11,2459.322021484375
35,0.7073170731707317,3.001800905622076e-07,-3,5,11,2459.322021484375
36,0.7560975609756098,1.020364607029478e-06,-3,5,11,2459.322021484375
37,0.8048780487804879,0.0,-3,5,11,2459.322021484375
38,0.853658536585366,0.0,-3,5,11,2459.322021484375
39,0.902439024390244,0.0,-3,5,11,2459.322021484375
40,0.9512195121951219,0.0,-3,5,11,2459.322021484375
41,1.0,0.0,-3,5,11,2459.322021484375
0,-1.0,0.0,-2,-8,3,2459.322021484375
1,-0.9512195121951219,0.0,-2,-8,3,2459.322021484375
2,-0.9024390243902439,0.0,-2,-8,3,2459.322021484375
3,-0.8536585365853658,0.0,-2,-8,3,2459.322021484375
4,-0.8048780487804879,0.0,-2,-8,3,2459.322021484375
5,-0.7560975609756098,0.0,-2,-8,3,2459.322021484375
6,-0.7073170731707317,0.0,-2,-8,3,2459.322021484375
7,-0.6585365853658536,0.0,-2,-8,3,2459.322021484375
8,-0.6097560975609756,0.0,-2,-8,3,2459.322021484375
9,-0.5609756097560976,0.0,-2,-8,3,2459.322021484375
10,-0.5121951219512195,0.0,-2,-8,3,2459.322021484375
11,-0.46341463414634143,5.044028057454852e-07,-2,-8,3,2459.322021484375
12,-0.41463414634146334,9.524673600935785e-07,-2,-8,3,2459.322021484375
13,-0.36585365853658536,4.856200774838726e-08,-2,-8,3,2459.322021484375
14,-0.31707317073170727,1.8470287841410027e-06,-2,-8,3,2459.322021484375
15,-0.2682926829268293,5.532389195650467e-07,-2,-8,3,2459.322021484375
16,-0.2195121951219512,2.268373151537162e-07,-2,-8,3,2459.322021484375
17,-0.1707317073170731,7.034884674794739e-07,-2,-8,3,2459.322021484375
18,-0.12195121951219512,7.37328150535177e-07,-2,-8,3,2459.322021484375
19,-0.07317073170731703,3.4380591387161985e-06,-2,-8,3,2459.322021484375
20,-0.024390243902439046,1.4906579053786118e-05,-2,-8,3,2459.322021484375
21,0.024390243902439046,3.6538888252835022e-06,-2,-8,3,2459.322021484375
22,0.07317073170731714,0.00017134174413513392,-2,-8,3,2459.322021484375
23,0.12195121951219523,3.3414164590794826e-06,-2,-8,3,2459.322021484375
24,0.17073170731707332,8.211414751713164e-06,-2,-8,3,2459.322021484375
25,0.2195121951219512,1.1464466069810442e-06,-2,-8,3,2459.322021484375
26,0.2682926829268293,6.232981490938982e-07,-2,-8,3,2459.322021484375
27,0.3170731707317074,7.562224624280134e-08,-2,-8,3,2459.322021484375
28,0.36585365853658547,4.220140397137584e-07,-2,-8,3,2459.322021484375
29,0.41463414634146356,2.1395801468315767e-06,-2,-8,3,2459.322021484375
30,0.46341463414634143,1.0319584475837473e-07,-2,-8,3,2459.322021484375
31,0.5121951219512195,3.018868483195547e-06,-2,-8,3,2459.322021484375
32,0.5609756097560976,1.0126361615903079e-07,-2,-8,3,2459.322021484375
33,0.6097560975609757,1.661590829371562e-07,-2,-8,3,2459.322021484375
34,0.6585365853658538,0.0,-2,-8,3,2459.322021484375
35,0.7073170731707317,0.0,-2,-8,3,2459.322021484375
36,0.7560975609756098,0.0,-2,-8,3,2459.322021484375
37,0.8048780487804879,0.0,-2,-8,3,2459.322021484375
38,0.853658536585366,0.0,-2,-8,3,2459.322021484375
39,0.902439024390244,0.0,-2,-8,3,2459.322021484375
40,0.9512195121951219,0.0,-2,-8,3,2459.322021484375
41,1.0,0.0,-2,-8,3,2459.322021484375
0,-1.0,1.1557151992747094e-05,-2,-7,4,2459.322021484375
1,-0.9512195121951219,1.0703262205424835e-06,-2,-7,4,2459.322021484375
2,-0.9024390243902439,3.9817718061385676e-05,-2,-7,4,2459.322021484375
3,-0.8536585365853658,4.658504167309729e-06,-2,-7,4,2459.322021484375
4,-0.8048780487804879,3.5674358969117748e-06,-2,-7,4,2459.322021484375
5,-0.7560975609756098,0.00018087615899275988,-2,-7,4,2459.322021484375
6,-0.7073170731707317,0.0004722920712083578,-2,-7,4,2459.322021484375
7,-0.6585365853658536,8.274591527879238e-05,-2,-7,4,2459.322021484375
8,-0.6097560975609756,3.591501445043832e-05,-2,-7,4,2459.322021484375
9,-0.5609756097560976,1.7098907392210094e-06,-2,-7,4,2459.322021484375
10,-0.5121951219512195,1.6470352193209692e-06,-2,-7,4,2459.322021484375
11,-0.46341463414634143,4.210363968581987e-08,-2,-7,4,2459.322021484375
12,-0.41463414634146334,2.6556604098004755e-06,-2,-7,4,2459.322021484375
13,-0.36585365853658536,3.6505145999399247e-06,-2,-7,4,2459.322021484375
14,-0.31707317073170727,7.713583158874826e-07,-2,-7,4,2459.322021484375
15,-0.2682926829268293,5.0559156079543754e-06,-2,-7,4,2459.322021484375
16,-0.2195121951219512,1.9187413272447884e-05,-2,-7,4,2459.322021484375
17,-0.1707317073170731,3.98052634409396e-07,-2,-7,4,2459.322021484375
18,-0.12195121951219512,2.49422015485834e-07,-2,-7,4,2459.322021484375
19,-0.07317073170731703,0.0,-2,-7,4,2459.322021484375
20,-0.024390243902439046,0.0,-2,-7,4,2459.322021484375
21,0.024390243902439046,0.0,-2,-7,4,2459.322021484375
22,0.07317073170731714,0.0,-2,-7,4,2459.322021484375
23,0.12195121951219523,0.0,-2,-7,4,2459.322021484375
24,0.17073170731707332,0.0,-2,-7,4,2459.322021484375
25,0.2195121951219512,0.0,-2,-7,4,2459.322021484375
26,0.2682926829268293,0.0,-2,-7,4,2459.322021484375
27,0.3170731707317074,0.0,-2,-7,4,2459.322021484375
28,0.36585365853658547,0.0,-2,-7,4,2459.322021484375
29,0.41463414634146356,0.0,-2,-7,4,2459.322021484375
30,0.46341463414634143,0.0,-2,-7,4,2459.322021484375
31,0.5121951219512195,0.0,-2,-7,4,2459.322021484375
32,0.5609756097560976,0.0,-2,-7,4,2459.322021484375
33,0.6097560975609757,0.0,-2,-7,4,2459.322021484375
34,0.6585365853658538,0.0,-2,-7,4,2459.322021484375
35,0.7073170731707317,0.0,-2,-7,4,2459.322021484375
36,0.7560975609756098,0.0,-2,-7,4,2459.322021484375
37,0.8048780487804879,0.0,-2,-7,4,2459.322021484375
38,0.853658536585366,0.0,-2,-7,4,2459.322021484375
39,0.902439024390244,0.0,-2,-7,4,2459.322021484375
40,0.9512195121951219,0.0,-2,-7,4,2459.322021484375
41,1.0,0.0,-2,-7,4,2459.322021484375
0,-1.0,0.0,-2,-6,4,2459.322021484375
1,-0.9512195121951219,0.0,-2,-6,4,2459.322021484375
2,-0.9024390243902439,0.0,-2,-6,4,2459.322021484375
3,-0.8536585365853658,0.0,-2,-6,4,2459.322021484375
4,-0.8048780487804879,0.0,-2,-6,4,2459.322021484375
5,-0.7560975609756098,0.0,-2,-6,4,2459.322021484375
6,-0.7073170731707317,0.0,-2,-6,4,2459.322021484375
7,-0.6585365853658536,0.0,-2,-6,4,2459.322021484375
8,-0.6097560975609756,0.0,-2,-6,4,2459.322021484375
9,-0.5609756097560976,0.0,-2,-6,4,2459.322021484375
10,-0.5121951219512195,7.273532901308499e-06,-2,-6,4,2459.322021484375
11,-0.46341463414634143,1.6292193549816147e-06,-2,-6,4,2459.322021484375
12,-0.41463414634146334,8.692758456163574e-06,-2,-6,4,2459.322021484375
13,-0.36585365853658536,3.422906729610986e-06,-2,-6,4,2459.322021484375
14,-0.31707317073170727,1.8081391317537054e-05,-2,-6,4,2459.322021484375
15,-0.2682926829268293,2.2739330063359375e-07,-2,-6,4,2459.322021484375
16,-0.2195121951219512,6.447227860917337e-06,-2,-6,4,2459.322021484375
17,-0.1707317073170731,9.994208085117862e-06,-2,-6,4,2459.322021484375
18,-0.12195121951219512,1.7153556797211422e-08,-2,-6,4,2459.322021484375
19,-0.07317073170731703,9.291780770581681e-06,-2,-6,4,2459.322021484375
20,-0.024390243902439046,1.184125608233444e-06,-2,-6,4,2459.322021484375
21,0.024390243902439046,2.506720193196088e-05,-2,-6,4,2459.322021484375
22,0.07317073170731714,3.140350236208178e-05,-2,-6,4,2459.322021484375
23,0.12195121951219523,0.000272747507551685,-2,-6,4,2459.322021484375
24,0.17073170731707332,0.0011438732035458088,-2,-6,4,2459.322021484375
25,0.2195121951219512,0.001297798939049244,-2,-6,4,2459.322021484375
26,0.2682926829268293,0.00023900392989162356,-2,-6,4,2459.322021484375
27,0.3170731707317074,9.401484021509532e-06,-2,-6,4,2459.322021484375
28,0.36585365853658547,4.0357244870392606e-06,-2,-6,4,2459.322021484375
29,0.41463414634146356,8.736230665817857e-05,-2,-6,4,2459.322021484375
30,0.46341463414634143,1.0068894880532753e-05,-2,-6,4,2459.322021484375
31,0.5121951219512195,1.0374571502325125e-05,-2,-6,4,2459.322021484375
32,0.5609756097560976,7.253355306602316e-06,-2,-6,4,2459.322021484375
33,0.6097560975609757,2.272537585668033e-06,-2,-6,4,2459.322021484375
34,0.6585365853658538,3.1917650744617276e-07,-2,-6,4,2459.322021484375
35,0.7073170731707317,1.8794914922182215e-06,-2,-6,4,2459.322021484375
36,0.7560975609756098,2.3999373297556303e-06,-2,-6,4,2459.322021484375
37,0.8048780487804879,1.4858953363727778e-05,-2,-6,4,2459.322021484375
38,0.853658536585366,1.7947916148841614e-06,-2,-6,4,2459.322021484375
39,0.902439024390244,1.6618051290606672e-07,-2,-6,4,2459.322021484375
40,0.9512195121951219,0.0,-2,-6,4,2459.322021484375
41,1.0,0.0,-2,-6,4,2459.322021484375
0,-1.0,0.0,-2,-4,5,2459.322021484375
1,-0.9512195121951219,0.0,-2,-4,5,2459.322021484375
2,-0.9024390243902439,0.0,-2,-4,5,2459.322021484375
3,-0.8536585365853658,2.99350517707353e-06,-2,-4,5,2459.322021484375
4,-0.8048780487804879,2.9801760774716968e-06,-2,-4,5,2459.322021484375
5,-0.7560975609756098,1.7515388606170745e-07,-2,-4,5,2459.322021484375
6,-0.7073170731707317,1.1557609695955762e-06,-2,-4,5,2459.322021484375
7,-0.6585365853658536,8.173157766577788e-06,-2,-4,5,2459.322021484375
8,-0.6097560975609756,1.3512043551600073e-05,-2,-4,5,2459.322021484375
9,-0.5609756097560976,6.032186774973525e-06,-2,-4,5,2459.322021484375
10,-0.5121951219512195,1.3668583960679825e-05,-2,-4,5,2459.322021484375
11,-0.46341463414634143,3.5623031635623192e-06,-2,-4,5,2459.322021484375
12,-0.41463414634146334,7.910057320259511e-06,-2,-4,5,2459.322021484375
13,-0.36585365853658536,4.796817393071251e-06,-2,-4,5,2459.322021484375
14,-0.31707317073170727,9.341538316220976e-06,-2,-4,5,2459.322021484375
15,-0.2682926829268293,6.815570941398619e-06,-2,-4,5,2459.322021484375
16,-0.2195121951219512,1.7721848735163803e-06,-2,-4,5,2459.322021484375
17,-0.1707317073170731,6.816825043642893e-05,-2,-4,5,2459.322021484375
18,-0.12195121951219512,2.4714881874388084e-05,-2,-4,5,2459.322021484375
19,-0.07317073170731703,5.566064646700397e-05,-2,-4,5,2459.322021484375
20,-0.024390243902439046,0.0007350068772211671,-2,-4,5,2459.322021484375
21,0.024390243902439046,0.0005539119010791183,-2,-4,5,2459.322021484375
22,0.07317073170731714,0.0004933418822474778,-2,-4,5,2459.322021484375
23,0.12195121951219523,0.0007488940609619021,-2,-4,5,2459.322021484375
24,0.17073170731707332,0.05889063701033592,-2,-4,5,2459.322021484375
25,0.2195121951219512,0.0016907615354284644,-2,-4,5,2459.322021484375
26,0.2682926829268293,4.9936243158299476e-05,-2,-4,5,2459.322021484375
27,0.3170731707317074,0.00017239170847460628,-2,-4,5,2459.322021484375
28,0.36585365853658547,4.635519508155994e-05,-2,-4,5,2459.322021484375
29,0.41463414634146356,3.435668986639939e-05,-2,-4,5,2459.322021484375
30,0.46341463414634143,2.9684206310776062e-05,-2,-4,5,2459.322021484375
31,0.5121951219512195,3.4088658139808103e-05,-2,-4,5,2459.322021484375
32,0.5609756097560976,4.400875332066789e-05,-2,-4,5,2459.322021484375
33,0.6097560975609757,2.285228447362897e-06,-2,-4,5,2459.322021484375
34,0.6585365853658538,1.23483396237134e-05,-2,-4,5,2459.322021484375
35,0.7073170731707317,9.664699064160232e-06,-2,-4,5,2459.322021484375
36,0.7560975609756098,3.3373067708453164e-05,-2,-4,5,2459.322021484375
37,0.8048780487804879,4.001732122560497e-06,-2,-4,5,2459.322021484375
38,0.853658536585366,6.768558705516625e-06,-2,-4,5,2459.322021484375
39,0.902439024390244,5.859646080352832e-06,-2,-4,5,2459.322021484375
40,0.9512195121951219,1.5889437463556533e-06,-2,-4,5,2459.322021484375
41,1.0,1.1121451279905159e-05,-2,-4,5,2459.322021484375
0,-1.0,3.4351607610005885e-05,-2,-2,6,2459.322021484375
1,-0.9512195121951219,2.2344245735439472e-05,-2,-2,6,2459.322021484375
2,-0.9024390243902439,0.0005620716256089509,-2,-2,6,2459.322021484375
3,-0.8536585365853658,0.0005876420182175934,-2,-2,6,2459.322021484375
4,-0.8048780487804879,0.0008817837806418538,-2,-2,6,2459.322021484375
5,-0.7560975609756098,0.0013074235757812858,-2,-2,6,2459.322021484375
6,-0.7073170731707317,0.0006625582464039326,-2,-2,6,2459.322021484375
7,-0.6585365853658536,0.006355114281177521,-2,-2,6,2459.322021484375
8,-0.6097560975609756,0.0026138355024158955,-2,-2,6,2459.322021484375
9,-0.5609756097560976,0.018867526203393936,-2,-2,6,2459.322021484375
10,-0.5121951219512195,0.27353087067604065,-2,-2,6,2459.322021484375
11,-0.46341463414634143,0.014711065217852592,-2,-2,6,2459.322021484375
12,-0.41463414634146334,0.004781822673976421,-2,-2,6,2459.322021484375
13,-0.36585365853658536,0.0021968798246234655,-2,-2,6,2459.322021484375
14,-0.31707317073170727,0.00012260183575563133,-2,-2,6,2459.322021484375
15,-0.2682926829268293,3.4190118185506435e-06,-2,-2,6,2459.322021484375
16,-0.2195121951219512,0.0001491078728577122,-2,-2,6,2459.322021484375
17,-0.1707317073170731,0.0007365883211605251,-2,-2,6,2459.322021484375
18,-0.12195121951219512,5.662569310516119e-05,-2,-2,6,2459.322021484375
19,-0.07317073170731703,0.0002829223230946809,-2,-2,6,2459.322021484375
20,-0.024390243902439046,2.1742385797551833e-05,-2,-2,6,2459.322021484375
21,0.024390243902439046,0.0001641408452996984,-2,-2,6,2459.322021484375
22,0.07317073170731714,0.00019296050595585257,-2,-2,6,2459.322021484375
23,0.12195121951219523,7.224305591080338e-05,-2,-2,6,2459.322021484375
24,0.17073170731707332,6.732303882017732e-05,-2,-2,6,2459.322021484375
25,0.2195121951219512,0.0001321303570875898,-2,-2,6,2459.322021484375
26,0.2682926829268293,1.0524374374654144e-05,-2,-2,6,2459.322021484375
27,0.3170731707317074,0.00011272723349975422,-2,-2,6,2459.322021484375
28,0.36585365853658547,6.018465501256287e-05,-2,-2,6,2459.322021484375
29,0.41463414634146356,2.2787715352023952e-05,-2,-2,6,2459.322021484375
30,0.46341463414634143,6.477617716882378e-05,-2,-2,6,2459.322021484375
31,0.5121951219512195,8.26653849799186e-05,-2,-2,6,2459.322021484375
32,0.5609756097560976,9.829898772295564e-05,-2,-2,6,2459.322021484375
33,0.6097560975609757,0.00013214994396548718,-2,-2,6,2459.322021484375
34,0.6585365853658538,0.00010706087778089568,-2,-2,6,2459.322021484375
35,0.7073170731707317,5.233794126979774e-06,-2,-2,6,2459.322021484375
36,0.7560975609756098,1.943291863426566e-05,-2,-2,6,2459.322021484375
37,0.8048780487804879,2.783229501801543e-05,-2,-2,6,2459.322021484375
38,0.853658536585366,5.218273599894019e-06,-2,-2,6,2459.322021484375
39,0.902439024390244,2.8225982532603666e-05,-2,-2,6,2459.322021484375
40,0.9512195121951219,3.208480393368518e-06,-2,-2,6,2459.322021484375
41,1.0,4.1792765841819346e-05,-2,-2,6,2459.322021484375
0,-1.0,0.0005603617173619568,-2,1,7,2459.322021484375
1,-0.9512195121951219,0.0007616581860929728,-2,1,7,2459.322021484375
2,-0.9024390243902439,0.0001157716687885113,-2,1,7,2459.322021484375
3,-0.8536585365853658,0.0007615195936523378,-2,1,7,2459.322021484375
4,-0.8048780487804879,0.0002055162622127682,-2,1,7,2459.322021484375
5,-0.7560975609756098,0.0004550771554931998,-2,1,7,2459.322021484375
6,-0.7073170731707317,6.466374907176942e-05,-2,1,7,2459.322021484375
7,-0.6585365853658536,0.0001860890770331025,-2,1,7,2459.322021484375
8,-0.6097560975609756,0.0004282959271222353,-2,1,7,2459.322021484375
9,-0.5609756097560976,0.00017863351968117058,-2,1,7,2459.322021484375
10,-0.5121951219512195,0.0008787574479356408,-2,1,7,2459.322021484375
11,-0.46341463414634143,0.002798850415274501,-2,1,7,2459.322021484375
12,-0.41463414634146334,0.00041210607741959393,-2,1,7,2459.322021484375
13,-0.36585365853658536,0.00032569142058491707,-2,1,7,2459.322021484375
14,-0.31707317073170727,0.0008328541880473495,-2,1,7,2459.322021484375
15,-0.2682926829268293,0.0004944250104017556,-2,1,7,2459.322021484375
16,-0.2195121951219512,0.0014452317263931036,-2,1,7,2459.322021484375
17,-0.1707317073170731,0.002265535993501544,-2,1,7,2459.322021484375
18,-0.12195121951219512,0.002920035272836685,-2,1,7,2459.322021484375
19,-0.07317073170731703,0.0014885227428749204,-2,1,7,2459.322021484375
20,-0.024390243902439046,0.003489691996946931,-2,1,7,2459.322021484375
21,0.024390243902439046,0.0027939684223383665,-2,1,7,2459.322021484375
22,0.07317073170731714,0.00022918653849046677,-2,1,7,2459.322021484375
23,0.12195121951219523,0.0007324184407480061,-2,1,7,2459.322021484375
24,0.17073170731707332,0.006649659015238285,-2,1,7,2459.322021484375
25,0.2195121951219512,0.001969006611034274,-2,1,7,2459.322021484375
26,0.2682926829268293,0.0019567080307751894,-2,1,7,2459.322021484375
27,0.3170731707317074,0.005597783252596855,-2,1,7,2459.322021484375
28,0.36585365853658547,0.015603864565491676,-2,1,7,2459.322021484375
29,0.41463414634146356,0.019253436475992203,-2,1,7,2459.322021484375
30,0.46341463414634143,0.001577305723913014,-2,1,7,2459.322021484375
31,0.5121951219512195,0.005132234189659357,-2,1,7,2459.322021484375
32,0.5609756097560976,0.07964160293340683,-2,1,7,2459.322021484375
33,0.6097560975609757,0.2601795196533203,-2,1,7,2459.322021484375
34,0.6585365853658538,0.054463472217321396,-2,1,7,2459.322021484375
35,0.7073170731707317,0.008041339926421642,-2,1,7,2459.322021484375
36,0.7560975609756098,0.09545495361089706,-2,1,7,2459.322021484375
37,0.8048780487804879,0.1121540516614914,-2,1,7,2459.322021484375
38,0.853658536585366,0.018284155055880547,-2,1,7,2459.322021484375
39,0.902439024390244,8.783998055150732e-05,-2,1,7,2459.322021484375
40,0.9512195121951219,0.002906960668042302,-2,1,7,2459.322021484375
41,1.0,0.013406840153038502,-2,1,7,2459.322021484375
0,-1.0,0.0,-2,4,8,2459.322021484375
1,-0.9512195121951219,0.0,-2,4,8,2459.322021484375
2,-0.9024390243902439,0.0,-2,4,8,2459.322021484375
3,-0.8536585365853658,0.0,-2,4,8,2459.322021484375
4,-0.8048780487804879,0.0,-2,4,8,2459.322021484375
5,-0.7560975609756098,0.0,-2,4,8,2459.322021484375
6,-0.7073170731707317,0.0,-2,4,8,2459.322021484375
7,-0.6585365853658536,1.2708834447039408e-06,-2,4,8,2459.322021484375
8,-0.6097560975609756,1.2602154697560763e-07,-2,4,8,2459.322021484375
9,-0.5609756097560976,1.9219030491512967e-06,-2,4,8,2459.322021484375
10,-0.5121951219512195,1.4032044418854639e-05,-2,4,8,2459.322021484375
11,-0.46341463414634143,1.285019243368879e-05,-2,4,8,2459.322021484375
12,-0.41463414634146334,6.1713285504083615e-06,-2,4,8,2459.322021484375
13,-0.36585365853658536,6.4146156546485145e-06,-2,4,8,2459.322021484375
14,-0.31707317073170727,4.664834250434069e-06,-2,4,8,2459.322021484375
15,-0.2682926829268293,4.0914484998211265e-05,-2,4,8,2459.322021484375
16,-0.2195121951219512,9.84312646323815e-06,-2,4,8,2459.322021484375
17,-0.1707317073170731,8.676223842485342e-06,-2,4,8,2459.322021484375
18,-0.12195121951219512,5.562574642681284e-06,-2,4,8,2459.322021484375
19,-0.07317073170731703,3.6050259950570762e-06,-2,4,8,2459.322021484375
20,-0.024390243902439046,3.681364887597738e-06,-2,4,8,2459.322021484375
21,0.024390243902439046,1.6268002582364716e-05,-2,4,8,2459.322021484375
22,0.07317073170731714,2.2597378119826317e-06,-2,4,8,2459.322021484375
23,0.12195121951219523,2.409049329799018e-06,-2,4,8,2459.322021484375
24,0.17073170731707332,2.9475968403858133e-05,-2,4,8,2459.322021484375
25,0.2195121951219512,1.811513902794104e-05,-2,4,8,2459.322021484375
26,0.2682926829268293,4.2867941374424845e-06,-2,4,8,2459.322021484375
27,0.3170731707317074,1.0077623301185668e-05,-2,4,8,2459.322021484375
28,0.36585365853658547,6.726801802869886e-05,-2,4,8,2459.322021484375
29,0.41463414634146356,9.025644976645708e-05,-2,4,8,2459.322021484375
30,0.46341463414634143,1.0606167961668689e-05,-2,4,8,2459.322021484375
31,0.5121951219512195,3.841840225504711e-05,-2,4,8,2459.322021484375
32,0.5609756097560976,0.0017863876419141889,-2,4,8,2459.322021484375
33,0.6097560975609757,0.007399523630738258,-2,4,8,2459.322021484375
34,0.6585365853658538,0.0051569947972893715,-2,4,8,2459.322021484375
35,0.7073170731707317,0.02236706204712391,-2,4,8,2459.322021484375
36,0.7560975609756098,0.012797067873179913,-2,4,8,2459.322021484375
37,0.8048780487804879,0.0029404740780591965,-2,4,8,2459.322021484375
38,0.853658536585366,0.00053732271771878,-2,4,8,2459.322021484375
39,0.902439024390244,1.7581733118277043e-05,-2,4,8,2459.322021484375
40,0.9512195121951219,3.366728151377174e-06,-2,4,8,2459.322021484375
41,1.0,4.294003883842379e-05,-2,4,8,2459.322021484375
0,-1.0,7.1138479142973665e-06,-2,5,8,2459.322021484375
1,-0.9512195121951219,5.630142823065398e-06,-2,5,8,2459.322021484375
2,-0.9024390243902439,7.040329137453227e-07,-2,5,8,2459.322021484375
3,-0.8536585365853658,4.031581681829266e-07,-2,5,8,2459.322021484375
4,-0.8048780487804879,4.228552654694795e-07,-2,5,8,2459.322021484375
5,-0.7560975609756098,1.952566464069605e-07,-2,5,8,2459.322021484375
6,-0.7073170731707317,6.198681148816831e-06,-2,5,8,2459.322021484375
7,-0.6585365853658536,2.708755118874251e-06,-2,5,8,2459.322021484375
8,-0.6097560975609756,3.374289860857971e-07,-2,5,8,2459.322021484375
9,-0.5609756097560976,1.814728989302239e-06,-2,5,8,2459.322021484375
10,-0.5121951219512195,6.661688985332148e-06,-2,5,8,2459.322021484375
11,-0.46341463414634143,6.174906957312487e-06,-2,5,8,2459.322021484375
12,-0.41463414634146334,4.1751818571356125e-06,-2,5,8,2459.322021484375
13,-0.36585365853658536,1.416481495652988e-06,-2,5,8,2459.322021484375
14,-0.31707317073170727,6.9039415393490344e-06,-2,5,8,2459.322021484375
15,-0.2682926829268293,0.000419027783209458,-2,5,8,2459.322021484375
16,-0.2195121951219512,0.0045524039305746555,-2,5,8,2459.322021484375
17,-0.1707317073170731,0.003010928863659501,-2,5,8,2459.322021484375
18,-0.12195121951219512,0.00014334086154121906,-2,5,8,2459.322021484375
19,-0.07317073170731703,1.768273932611919e-06,-2,5,8,2459.322021484375
20,-0.024390243902439046,2.031766143772984e-06,-2,5,8,2459.322021484375
21,0.024390243902439046,0.00011478327360237017,-2,5,8,2459.322021484375
22,0.07317073170731714,5.4596152949670795e-06,-2,5,8,2459.322021484375
23,0.12195121951219523,3.1852648589847377e-06,-2,5,8,2459.322021484375
24,0.17073170731707332,1.6855357216627453e-06,-2,5,8,2459.322021484375
25,0.2195121951219512,4.417299805936636e-06,-2,5,8,2459.322021484375
26,0.2682926829268293,8.21987669041846e-06,-2,5,8,2459.322021484375
27,0.3170731707317074,7.064060355332913e-06,-2,5,8,2459.322021484375
28,0.36585365853658547,5.284809390104783e-07,-2,5,8,2459.322021484375
29,0.41463414634146356,6.034581190306199e-08,-2,5,8,2459.322021484375
30,0.46341463414634143,2.3955835786182433e-06,-2,5,8,2459.322021484375
31,0.5121951219512195,2.6624252313922625e-07,-2,5,8,2459.322021484375
32,0.5609756097560976,3.4419208532199264e-06,-2,5,8,2459.322021484375
33,0.6097560975609757,1.127471750805853e-05,-2,5,8,2459.322021484375
34,0.6585365853658538,2.7094511096947826e-06,-2,5,8,2459.322021484375
35,0.7073170731707317,6.766324986529071e-06,-2,5,8,2459.322021484375
36,0.7560975609756098,8.811871907710156e-07,-2,5,8,2459.322021484375
37,0.8048780487804879,6.670628494021003e-08,-2,5,8,2459.322021484375
38,0.853658536585366,8.34797830862044e-08,-2,5,8,2459.322021484375
39,0.902439024390244,0.0,-2,5,8,2459.322021484375
40,0.9512195121951219,0.0,-2,5,8,2459.322021484375
41,1.0,0.0,-2,5,8,2459.322021484375
0,-1.0,3.963245092108991e-07,-2,6,8,2459.322021484375
1,-0.9512195121951219,8.287211130664218e-06,-2,6,8,2459.322021484375
2,-0.9024390243902439,8.515784429619089e-06,-2,6,8,2459.322021484375
3,-0.8536585365853658,1.7746608136803843e-05,-2,6,8,2459.322021484375
4,-0.8048780487804879,0.00015807234740350395,-2,6,8,2459.322021484375
5,-0.7560975609756098,0.00031045576906763017,-2,6,8,2459.322021484375
6,-0.7073170731707317,0.009315172210335732,-2,6,8,2459.322021484375
7,-0.6585365853658536,0.00045347827835939825,-2,6,8,2459.322021484375
8,-0.6097560975609756,1.5295081539079547e-05,-2,6,8,2459.322021484375
9,-0.5609756097560976,1.125018911807274e-06,-2,6,8,2459.322021484375
10,-0.5121951219512195,3.490224798952113e-06,-2,6,8,2459.322021484375
11,-0.46341463414634143,6.521329487441108e-05,-2,6,8,2459.322021484375
12,-0.41463414634146334,1.6172749383258633e-05,-2,6,8,2459.322021484375
13,-0.36585365853658536,8.000267371244263e-06,-2,6,8,2459.322021484375
14,-0.31707317073170727,1.1041416883017519e-06,-2,6,8,2459.322021484375
15,-0.2682926829268293,7.635593135546515e-08,-2,6,8,2459.322021484375
16,-0.2195121951219512,8.61747503222432e-06,-2,6,8,2459.322021484375
17,-0.1707317073170731,1.547206466057105e-06,-2,6,8,2459.322021484375
18,-0.12195121951219512,1.0711087270465214e-06,-2,6,8,2459.322021484375
19,-0.07317073170731703,2.4477219540131046e-07,-2,6,8,2459.322021484375
20,-0.024390243902439046,1.135338266067265e-06,-2,6,8,2459.322021484375
21,0.024390243902439046,1.623720436327858e-06,-2,6,8,2459.322021484375
22,0.07317073170731714,1.0830026297981021e-07,-2,6,8,2459.322021484375
23,0.12195121951219523,8.393080861424096e-07,-2,6,8,2459.322021484375
24,0.17073170731707332,2.113034497597255e-06,-2,6,8,2459.322021484375
25,0.2195121951219512,0.0,-2,6,8,2459.322021484375
26,0.2682926829268293,0.0,-2,6,8,2459.322021484375
27,0.3170731707317074,0.0,-2,6,8,2459.322021484375
28,0.36585365853658547,0.0,-2,6,8,2459.322021484375
29,0.41463414634146356,0.0,-2,6,8,2459.322021484375
30,0.46341463414634143,0.0,-2,6,8,2459.322021484375
31,0.5121951219512195,0.0,-2,6,8,2459.322021484375
32,0.5609756097560976,0.0,-2,6,8,2459.322021484375
33,0.6097560975609757,0.0,-2,6,8,2459.322021484375
34,0.6585365853658538,0.0,-2,6,8,2459.322021484375
35,0.7073170731707317,0.0,-2,6,8,2459.322021484375
36,0.7560975609756098,0.0,-2,6,8,2459.322021484375
37,0.8048780487804879,0.0,-2,6,8,2459.322021484375
38,0.853658536585366,0.0,-2,6,8,2459.322021484375
39,0.902439024390244,0.0,-2,6,8,2459.322021484375
40,0.9512195121951219,0.0,-2,6,8,2459.322021484375
41,1.0,0.0,-2,6,8,2459.322021484375
0,-1.0,0.0,-1,-9,-1,2459.322021484375
1,-0.9512195121951219,0.0,-1,-9,-1,2459.322021484375
2,-0.9024390243902439,0.0,-1,-9,-1,2459.322021484375
3,-0.8536585365853658,0.0,-1,-9,-1,2459.322021484375
4,-0.8048780487804879,0.0,-1,-9,-1,2459.322021484375
5,-0.7560975609756098,0.0,-1,-9,-1,2459.322021484375
6,-0.7073170731707317,0.0,-1,-9,-1,2459.322021484375
7,-0.6585365853658536,0.0,-1,-9,-1,2459.322021484375
8,-0.6097560975609756,0.0,-1,-9,-1,2459.322021484375
9,-0.5609756097560976,0.0,-1,-9,-1,2459.322021484375
10,-0.5121951219512195,0.0,-1,-9,-1,2459.322021484375
11,-0.46341463414634143,0.0,-1,-9,-1,2459.322021484375
12,-0.41463414634146334,0.0,-1,-9,-1,2459.322021484375
13,-0.36585365853658536,0.0,-1,-9,-1,2459.322021484375
14,-0.31707317073170727,6.992324301791086e-07,-1,-9,-1,2459.322021484375
15,-0.2682926829268293,3.8893181226740126e-06,-1,-9,-1,2459.322021484375
16,-0.2195121951219512,2.0943483036717225e-07,-1,-9,-1,2459.322021484375
17,-0.1707317073170731,1.13984231120412e-06,-1,-9,-1,2459.322021484375
18,-0.12195121951219512,4.0815584156916884e-07,-1,-9,-1,2459.322021484375
19,-0.07317073170731703,8.756272507071117e-08,-1,-9,-1,2459.322021484375
20,-0.024390243902439046,3.7735501337010646e-06,-1,-9,-1,2459.322021484375
21,0.024390243902439046,3.921441930287983e-06,-1,-9,-1,2459.322021484375
22,0.07317073170731714,1.3193653103371616e-05,-1,-9,-1,2459.322021484375
23,0.12195121951219523,7.443853246513754e-05,-1,-9,-1,2459.322021484375
24,0.17073170731707332,0.001957464497536421,-1,-9,-1,2459.322021484375
25,0.2195121951219512,2.8912456400576048e-05,-1,-9,-1,2459.322021484375
26,0.2682926829268293,7.524089596699923e-06,-1,-9,-1,2459.322021484375
27,0.3170731707317074,1.9258941392763518e-06,-1,-9,-1,2459.322021484375
28,0.36585365853658547,6.712273261655355e-07,-1,-9,-1,2459.322021484375
29,0.41463414634146356,3.6155834095552564e-06,-1,-9,-1,2459.322021484375
30,0.46341463414634143,9.731986239103207e-08,-1,-9,-1,2459.322021484375
31,0.5121951219512195,9.940491736415424e-07,-1,-9,-1,2459.322021484375
32,0.5609756097560976,3.445020126946474e-07,-1,-9,-1,2459.322021484375
33,0.6097560975609757,2.673763788152428e-07,-1,-9,-1,2459.322021484375
34,0.6585365853658538,5.339380209079536e-07,-1,-9,-1,2459.322021484375
35,0.7073170731707317,0.0,-1,-9,-1,2459.322021484375
36,0.7560975609756098,0.0,-1,-9,-1,2459.322021484375
37,0.8048780487804879,0.0,-1,-9,-1,2459.322021484375
38,0.853658536585366,0.0,-1,-9,-1,2459.322021484375
39,0.902439024390244,0.0,-1,-9,-1,2459.322021484375
40,0.9512195121951219,0.0,-1,-9,-1,2459.322021484375
41,1.0,0.0,-1,-9,-1,2459.322021484375
0,-1.0,0.0,-1,-8,0,2459.322021484375
1,-0.9512195121951219,1.4118678564045695e-06,-1,-8,0,2459.322021484375
2,-0.9024390243902439,6.929226969987212e-07,-1,-8,0,2459.322021484375
3,-0.8536585365853658,1.9022043034055969e-06,-1,-8,0,2459.322021484375
4,-0.8048780487804879,7.968179716044688e-07,-1,-8,0,2459.322021484375
5,-0.7560975609756098,2.5351052954647457e-06,-1,-8,0,2459.322021484375
6,-0.7073170731707317,6.888504231028492e-06,-1,-8,0,2459.322021484375
7,-0.6585365853658536,4.873958459938876e-06,-1,-8,0,2459.322021484375
8,-0.6097560975609756,1.058429006661754e-06,-1,-8,0,2459.322021484375
9,-0.5609756097560976,4.156563591095619e-06,-1,-8,0,2459.322021484375
10,-0.5121951219512195,6.530647806357592e-05,-1,-8,0,2459.322021484375
11,-0.46341463414634143,3.677798667922616e-05,-1,-8,0,2459.322021484375
12,-0.41463414634146334,0.019576558843255043,-1,-8,0,2459.322021484375
13,-0.36585365853658536,0.000424347905209288,-1,-8,0,2459.322021484375
14,-0.31707317073170727,8.490957952744793e-06,-1,-8,0,2459.322021484375
15,-0.2682926829268293,5.129518285684753e-06,-1,-8,0,2459.322021484375
16,-0.2195121951219512,4.633848675439367e-06,-1,-8,0,2459.322021484375
17,-0.1707317073170731,0.00011809742863988504,-1,-8,0,2459.322021484375
18,-0.12195121951219512,5.00274654768873e-06,-1,-8,0,2459.322021484375
19,-0.07317073170731703,6.350907142405049e-07,-1,-8,0,2459.322021484375
20,-0.024390243902439046,8.949064067564905e-07,-1,-8,0,2459.322021484375
21,0.024390243902439046,2.0205509372317465e-06,-1,-8,0,2459.322021484375
22,0.07317073170731714,1.3392408391155186e-06,-1,-8,0,2459.322021484375
23,0.12195121951219523,4.809779170500406e-07,-1,-8,0,2459.322021484375
24,0.17073170731707332,7.816167453711387e-06,-1,-8,0,2459.322021484375
25,0.2195121951219512,0.0,-1,-8,0,2459.322021484375
26,0.2682926829268293,0.0,-1,-8,0,2459.322021484375
27,0.3170731707317074,0.0,-1,-8,0,2459.322021484375
28,0.36585365853658547,0.0,-1,-8,0,2459.322021484375
29,0.41463414634146356,0.0,-1,-8,0,2459.322021484375
30,0.46341463414634143,0.0,-1,-8,0,2459.322021484375
31,0.5121951219512195,0.0,-1,-8,0,2459.322021484375
32,0.5609756097560976,0.0,-1,-8,0,2459.322021484375
33,0.6097560975609757,0.0,-1,-8,0,2459.322021484375
34,0.6585365853658538,0.0,-1,-8,0,2459.322021484375
35,0.7073170731707317,0.0,-1,-8,0,2459.322021484375
36,0.7560975609756098,0.0,-1,-8,0,2459.322021484375
37,0.8048780487804879,0.0,-1,-8,0,2459.322021484375
38,0.853658536585366,0.0,-1,-8,0,2459.322021484375
39,0.902439024390244,0.0,-1,-8,0,2459.322021484375
40,0.9512195121951219,0.0,-1,-8,0,2459.322021484375
41,1.0,0.0,-1,-8,0,2459.322021484375
0,-1.0,0.0,-1,-7,0,2459.322021484375
1,-0.9512195121951219,0.0,-1,-7,0,2459.322021484375
2,-0.9024390243902439,0.0,-1,-7,0,2459.322021484375
3,-0.8536585365853658,0.0,-1,-7,0,2459.322021484375
4,-0.8048780487804879,0.0,-1,-7,0,2459.322021484375
5,-0.7560975609756098,0.0,-1,-7,0,2459.322021484375
6,-0.7073170731707317,0.0,-1,-7,0,2459.322021484375
7,-0.6585365853658536,0.0,-1,-7,0,2459.322021484375
8,-0.6097560975609756,0.0,-1,-7,0,2459.322021484375
9,-0.5609756097560976,0.0,-1,-7,0,2459.322021484375
10,-0.5121951219512195,0.0,-1,-7,0,2459.322021484375
11,-0.46341463414634143,0.0,-1,-7,0,2459.322021484375
12,-0.41463414634146334,0.0,-1,-7,0,2459.322021484375
13,-0.36585365853658536,0.0,-1,-7,0,2459.322021484375
14,-0.31707317073170727,0.0,-1,-7,0,2459.322021484375
15,-0.2682926829268293,0.0,-1,-7,0,2459.322021484375
16,-0.2195121951219512,0.0,-1,-7,0,2459.322021484375
17,-0.1707317073170731,0.0,-1,-7,0,2459.322021484375
18,-0.12195121951219512,4.889191700385709e-07,-1,-7,0,2459.322021484375
19,-0.07317073170731703,2.632209361763671e-05,-1,-7,0,2459.322021484375
20,-0.024390243902439046,3.4310758110223105e-06,-1,-7,0,2459.322021484375
21,0.024390243902439046,2.3968857476575067e-06,-1,-7,0,2459.322021484375
22,0.07317073170731714,7.285771062015556e-07,-1,-7,0,2459.322021484375
23,0.12195121951219523,5.524486368813086e-06,-1,-7,0,2459.322021484375
24,0.17073170731707332,1.4635176739830058e-05,-1,-7,0,2459.322021484375
25,0.2195121951219512,5.460457828121434e-07,-1,-7,0,2459.322021484375
26,0.2682926829268293,1.0775033842946868e-05,-1,-7,0,2459.322021484375
27,0.3170731707317074,2.343453843423049e-06,-1,-7,0,2459.322021484375
28,0.36585365853658547,7.671868661418557e-05,-1,-7,0,2459.322021484375
29,0.41463414634146356,0.0001919471105793491,-1,-7,0,2459.322021484375
30,0.46341463414634143,0.0005245196516625583,-1,-7,0,2459.322021484375
31,0.5121951219512195,0.018446194007992744,-1,-7,0,2459.322021484375
32,0.5609756097560976,3.806375025305897e-05,-1,-7,0,2459.322021484375
33,0.6097560975609757,8.619317668490112e-05,-1,-7,0,2459.322021484375
34,0.6585365853658538,8.181859811884351e-06,-1,-7,0,2459.322021484375
35,0.7073170731707317,2.2194199118530378e-05,-1,-7,0,2459.322021484375
36,0.7560975609756098,2.920974111475516e-06,-1,-7,0,2459.322021484375
37,0.8048780487804879,4.502687443164177e-05,-1,-7,0,2459.322021484375
38,0.853658536585366,5.923888693359913e-06,-1,-7,0,2459.322021484375
39,0.902439024390244,3.5104451399092795e-06,-1,-7,0,2459.322021484375
40,0.9512195121951219,6.867891897854861e-06,-1,-7,0,2459.322021484375
41,1.0,3.1467352528125048e-06,-1,-7,0,2459.322021484375
0,-1.0,7.850441647860862e-07,-1,-6,1,2459.322021484375
1,-0.9512195121951219,2.4869723347364925e-06,-1,-6,1,2459.322021484375
2,-0.9024390243902439,4.94699747832783e-07,-1,-6,1,2459.322021484375
3,-0.8536585365853658,1.5756480934214778e-05,-1,-6,1,2459.322021484375
4,-0.8048780487804879,3.272724882208422e-07,-1,-6,1,2459.322021484375
5,-0.7560975609756098,8.007496603568143e-07,-1,-6,1,2459.322021484375
6,-0.7073170731707317,5.266051630314905e-06,-1,-6,1,2459.322021484375
7,-0.6585365853658536,1.784194500942249e-05,-1,-6,1,2459.322021484375
8,-0.6097560975609756,2.980414683406707e-05,-1,-6,1,2459.322021484375
9,-0.5609756097560976,6.89332546244259e-06,-1,-6,1,2459.322021484375
10,-0.5121951219512195,8.721944323042408e-05,-1,-6,1,2459.322021484375
11,-0.46341463414634143,4.1850482375593856e-05,-1,-6,1,2459.322021484375
12,-0.41463414634146334,0.00011417680070735514,-1,-6,1,2459.322021484375
13,-0.36585365853658536,0.00997232273221016,-1,-6,1,2459.322021484375
14,-0.31707317073170727,0.0043989443220198154,-1,-6,1,2459.322021484375
15,-0.2682926829268293,0.00015922584861982614,-1,-6,1,2459.322021484375
16,-0.2195121951219512,6.0392561863409355e-05,-1,-6,1,2459.322021484375
17,-0.1707317073170731,3.082368493778631e-05,-1,-6,1,2459.322021484375
18,-0.12195121951219512,2.86816384686972e-06,-1,-6,1,2459.322021484375
19,-0.07317073170731703,1.0627376468619332e-05,-1,-6,1,2459.322021484375
20,-0.024390243902439046,6.057304290152388e-06,-1,-6,1,2459.322021484375
21,0.024390243902439046,2.702054916881025e-05,-1,-6,1,2459.322021484375
22,0.07317073170731714,0.00023365576635114849,-1,-6,1,2459.322021484375
23,0.12195121951219523,7.569747140223626e-06,-1,-6,1,2459.322021484375
24,0.17073170731707332,1.8817803720594384e-05,-1,-6,1,2459.322021484375
25,0.2195121951219512,1.4863080650684424e-06,-1,-6,1,2459.322021484375
26,0.2682926829268293,1.4762941873414093e-06,-1,-6,1,2459.322021484375
27,0.3170731707317074,2.65476302274692e-07,-1,-6,1,2459.322021484375
28,0.36585365853658547,1.1371768238177538e-07,-1,-6,1,2459.322021484375
29,0.41463414634146356,3.27581517467479e-07,-1,-6,1,2459.322021484375
30,0.46341463414634143,0.0,-1,-6,1,2459.322021484375
31,0.5121951219512195,0.0,-1,-6,1,2459.322021484375
32,0.5609756097560976,0.0,-1,-6,1,2459.322021484375
33,0.6097560975609757,0.0,-1,-6,1,2459.322021484375
34,0.6585365853658538,0.0,-1,-6,1,2459.322021484375
35,0.7073170731707317,0.0,-1,-6,1,2459.322021484375
36,0.7560975609756098,0.0,-1,-6,1,2459.322021484375
37,0.8048780487804879,0.0,-1,-6,1,2459.322021484375
38,0.853658536585366,0.0,-1,-6,1,2459.322021484375
39,0.902439024390244,0.0,-1,-6,1,2459.322021484375
40,0.9512195121951219,0.0,-1,-6,1,2459.322021484375
41,1.0,0.0,-1,-6,1,2459.322021484375
0,-1.0,0.0,-1,-5,1,2459.322021484375
1,-0.9512195121951219,0.0,-1,-5,1,2459.322021484375
2,-0.9024390243902439,0.0,-1,-5,1,2459.322021484375
3,-0.8536585365853658,0.0,-1,-5,1,2459.322021484375
4,-0.8048780487804879,0.0,-1,-5,1,2459.322021484375
5,-0.7560975609756098,0.0,-1,-5,1,2459.322021484375
6,-0.7073170731707317,0.0,-1,-5,1,2459.322021484375
7,-0.6585365853658536,0.0,-1,-5,1,2459.322021484375
8,-0.6097560975609756,0.0,-1,-5,1,2459.322021484375
9,-0.5609756097560976,0.0,-1,-5,1,2459.322021484375
10,-0.5121951219512195,0.0,-1,-5,1,2459.322021484375
11,-0.46341463414634143,0.0,-1,-5,1,2459.322021484375
12,-0.41463414634146334,0.0,-1,-5,1,2459.322021484375
13,-0.36585365853658536,0.0,-1,-5,1,2459.322021484375
14,-0.31707317073170727,0.0,-1,-5,1,2459.322021484375
15,-0.2682926829268293,0.0,-1,-5,1,2459.322021484375
16,-0.2195121951219512,0.0,-1,-5,1,2459.322021484375
17,-0.1707317073170731,0.0,-1,-5,1,2459.322021484375
18,-0.12195121951219512,0.0,-1,-5,1,2459.322021484375
19,-0.07317073170731703,1.1878078112204093e-05,-1,-5,1,2459.322021484375
20,-0.024390243902439046,6.571387075382518e-06,-1,-5,1,2459.322021484375
21,0.024390243902439046,2.4528124413336627e-05,-1,-5,1,2459.322021484375
22,0.07317073170731714,3.199498905814835e-06,-1,-5,1,2459.322021484375
23,0.12195121951219523,4.418227035785094e-05,-1,-5,1,2459.322021484375
24,0.17073170731707332,3.173257573507726e-05,-1,-5,1,2459.322021484375
25,0.2195121951219512,1.057766712619923e-05,-1,-5,1,2459.322021484375
26,0.2682926829268293,2.4568342269049026e-05,-1,-5,1,2459.322021484375
27,0.3170731707317074,1.3155766964700888e-06,-1,-5,1,2459.322021484375
28,0.36585365853658547,0.00016266519378405064,-1,-5,1,2459.322021484375
29,0.41463414634146356,8.652712858747691e-05,-1,-5,1,2459.322021484375
30,0.46341463414634143,5.9866659285034984e-05,-1,-5,1,2459.322021484375
31,0.5121951219512195,0.00014012194878887385,-1,-5,1,2459.322021484375
32,0.5609756097560976,0.0004651710041798651,-1,-5,1,2459.322021484375
33,0.6097560975609757,3.847218249575235e-05,-1,-5,1,2459.322021484375
34,0.6585365853658538,0.00040831431397236884,-1,-5,1,2459.322021484375
35,0.7073170731707317,0.0020823567174375057,-1,-5,1,2459.322021484375
36,0.7560975609756098,0.0005525911110453308,-1,-5,1,2459.322021484375
37,0.8048780487804879,0.09184321016073227,-1,-5,1,2459.322021484375
38,0.853658536585366,0.004556995816528797,-1,-5,1,2459.322021484375
39,0.902439024390244,0.0004671323986258358,-1,-5,1,2459.322021484375
40,0.9512195121951219,0.0007702448638156056,-1,-5,1,2459.322021484375
41,1.0,0.00016889021208044142,-1,-5,1,2459.322021484375
0,-1.0,0.00010770853259600699,-1,-4,2,2459.322021484375
1,-0.9512195121951219,7.142952381400391e-05,-1,-4,2,2459.322021484375
2,-0.9024390243902439,3.750059840967879e-05,-1,-4,2,2459.322021484375
3,-0.8536585365853658,4.1300136217614636e-05,-1,-4,2,2459.322021484375
4,-0.8048780487804879,0.00012853018415626138,-1,-4,2,2459.322021484375
5,-0.7560975609756098,5.275696821627207e-05,-1,-4,2,2459.322021484375
6,-0.7073170731707317,0.0006046433700248599,-1,-4,2,2459.322021484375
7,-0.6585365853658536,0.0028927417006343603,-1,-4,2,2459.322021484375
8,-0.6097560975609756,0.0728260949254036,-1,-4,2,2459.322021484375
9,-0.5609756097560976,0.014921151101589203,-1,-4,2,2459.322021484375
10,-0.5121951219512195,0.0018597469897940755,-1,-4,2,2459.322021484375
11,-0.46341463414634143,0.0001905415701912716,-1,-4,2,2459.322021484375
12,-0.41463414634146334,0.0003555298608262092,-1,-4,2,2459.322021484375
13,-0.36585365853658536,0.0002115918177878484,-1,-4,2,2459.322021484375
14,-0.31707317073170727,6.5023318711610045e-06,-1,-4,2,2459.322021484375
15,-0.2682926829268293,0.00018581660697236657,-1,-4,2,2459.322021484375
16,-0.2195121951219512,6.403699808288366e-05,-1,-4,2,2459.322021484375
17,-0.1707317073170731,1.1194572834938299e-05,-1,-4,2,2459.322021484375
18,-0.12195121951219512,0.00023563236754853278,-1,-4,2,2459.322021484375
19,-0.07317073170731703,0.0003408850752748549,-1,-4,2,2459.322021484375
20,-0.024390243902439046,2.7202027922612615e-05,-1,-4,2,2459.322021484375
21,0.024390243902439046,2.9785129299852997e-05,-1,-4,2,2459.322021484375
22,0.07317073170731714,5.436083029053407e-06,-1,-4,2,2459.322021484375
23,0.12195121951219523,6.990569090703502e-06,-1,-4,2,2459.322021484375
24,0.17073170731707332,1.335241250899344e-07,-1,-4,2,2459.322021484375
25,0.2195121951219512,1.072111444955226e-05,-1,-4,2,2459.322021484375
26,0.2682926829268293,2.6347761377110146e-06,-1,-4,2,2459.322021484375
27,0.3170731707317074,1.2481441444833763e-05,-1,-4,2,2459.322021484375
28,0.36585365853658547,9.997511369874701e-06,-1,-4,2,2459.322021484375
29,0.41463414634146356,8.517115929862484e-06,-1,-4,2,2459.322021484375
30,0.46341463414634143,2.354334810661385e-06,-1,-4,2,2459.322021484375
31,0.5121951219512195,1.6790374957054155e-06,-1,-4,2,2459.322021484375
32,0.5609756097560976,0.0,-1,-4,2,2459.322021484375
33,0.6097560975609757,0.0,-1,-4,2,2459.322021484375
34,0.6585365853658538,0.0,-1,-4,2,2459.322021484375
35,0.7073170731707317,0.0,-1,-4,2,2459.322021484375
36,0.7560975609756098,0.0,-1,-4,2,2459.322021484375
37,0.8048780487804879,0.0,-1,-4,2,2459.322021484375
38,0.853658536585366,0.0,-1,-4,2,2459.322021484375
39,0.902439024390244,0.0,-1,-4,2,2459.322021484375
40,0.9512195121951219,0.0,-1,-4,2,2459.322021484375
41,1.0,0.0,-1,-4,2,2459.322021484375
0,-1.0,0.0,-1,-3,2,2459.322021484375
1,-0.9512195121951219,0.0,-1,-3,2,2459.322021484375
2,-0.9024390243902439,0.0,-1,-3,2,2459.322021484375
3,-0.8536585365853658,0.0,-1,-3,2,2459.322021484375
4,-0.8048780487804879,0.0,-1,-3,2,2459.322021484375
5,-0.7560975609756098,0.0,-1,-3,2,2459.322021484375
6,-0.7073170731707317,0.0,-1,-3,2,2459.322021484375
7,-0.6585365853658536,0.0,-1,-3,2,2459.322021484375
8,-0.6097560975609756,0.0,-1,-3,2,2459.322021484375
9,-0.5609756097560976,0.0,-1,-3,2,2459.322021484375
10,-0.5121951219512195,0.0,-1,-3,2,2459.322021484375
11,-0.46341463414634143,1.192222953250166e-05,-1,-3,2,2459.322021484375
12,-0.41463414634146334,1.1783318768721074e-05,-1,-3,2,2459.322021484375
13,-0.36585365853658536,3.584536898415536e-05,-1,-3,2,2459.322021484375
14,-0.31707317073170727,5.162747038411908e-05,-1,-3,2,2459.322021484375
15,-0.2682926829268293,3.22818523272872e-05,-1,-3,2,2459.322021484375
16,-0.2195121951219512,1.1838860700663645e-05,-1,-3,2,2459.322021484375
17,-0.1707317073170731,7.893310976214707e-05,-1,-3,2,2459.322021484375
18,-0.12195121951219512,8.50141077535227e-05,-1,-3,2,2459.322021484375
19,-0.07317073170731703,9.611702989786863e-05,-1,-3,2,2459.322021484375
20,-0.024390243902439046,5.154117025085725e-05,-1,-3,2,2459.322021484375
21,0.024390243902439046,2.3782722564646974e-05,-1,-3,2,2459.322021484375
22,0.07317073170731714,0.0001537656644359231,-1,-3,2,2459.322021484375
23,0.12195121951219523,4.669597910833545e-05,-1,-3,2,2459.322021484375
24,0.17073170731707332,7.410623220494017e-05,-1,-3,2,2459.322021484375
25,0.2195121951219512,0.00014649928198195994,-1,-3,2,2459.322021484375
26,0.2682926829268293,0.00019287006580270827,-1,-3,2,2459.322021484375
27,0.3170731707317074,0.00011228051880607381,-1,-3,2,2459.322021484375
28,0.36585365853658547,0.00018464868480805308,-1,-3,2,2459.322021484375
29,0.41463414634146356,1.5286108464351855e-05,-1,-3,2,2459.322021484375
30,0.46341463414634143,0.0003123737988062203,-1,-3,2,2459.322021484375
31,0.5121951219512195,6.162192585179582e-05,-1,-3,2,2459.322021484375
32,0.5609756097560976,0.00033589344820939004,-1,-3,2,2459.322021484375
33,0.6097560975609757,0.00024069096252787858,-1,-3,2,2459.322021484375
34,0.6585365853658538,0.0001372049009660259,-1,-3,2,2459.322021484375
35,0.7073170731707317,0.0003714477352332324,-1,-3,2,2459.322021484375
36,0.7560975609756098,0.0019675511866807938,-1,-3,2,2459.322021484375
37,0.8048780487804879,0.0002802932576742023,-1,-3,2,2459.322021484375
38,0.853658536585366,0.003965282347053289,-1,-3,2,2459.322021484375
39,0.902439024390244,0.00862053968012333,-1,-3,2,2459.322021484375
40,0.9512195121951219,0.01055710855871439,-1,-3,2,2459.322021484375
41,1.0,0.1288677603006363,-1,-3,2,2459.322021484375
0,-1.0,0.0002775330503936857,-1,-1,3,2459.322021484375
1,-0.9512195121951219,1.4750274203834124e-05,-1,-1,3,2459.322021484375
2,-0.9024390243902439,0.0002865467395167798,-1,-1,3,2459.322021484375
3,-0.8536585365853658,4.546969285001978e-05,-1,-1,3,2459.322021484375
4,-0.8048780487804879,0.0004392530245240778,-1,-1,3,2459.322021484375
5,-0.7560975609756098,0.0001260091084986925,-1,-1,3,2459.322021484375
6,-0.7073170731707317,0.0005858350777998567,-1,-1,3,2459.322021484375
7,-0.6585365853658536,0.0001169601600850001,-1,-1,3,2459.322021484375
8,-0.6097560975609756,0.0006095814751461148,-1,-1,3,2459.322021484375
9,-0.5609756097560976,0.0005576037801802158,-1,-1,3,2459.322021484375
10,-0.5121951219512195,6.2878432800062e-05,-1,-1,3,2459.322021484375
11,-0.46341463414634143,0.0013278505066409707,-1,-1,3,2459.322021484375
12,-0.41463414634146334,0.00058093381812796,-1,-1,3,2459.322021484375
13,-0.36585365853658536,6.390976341208443e-05,-1,-1,3,2459.322021484375
14,-0.31707317073170727,0.0011126517783850431,-1,-1,3,2459.322021484375
15,-0.2682926829268293,0.0002424844424240291,-1,-1,3,2459.322021484375
16,-0.2195121951219512,0.0006983645143918693,-1,-1,3,2459.322021484375
17,-0.1707317073170731,0.0005468600429594517,-1,-1,3,2459.322021484375
18,-0.12195121951219512,0.001374460756778717,-1,-1,3,2459.322021484375
19,-0.07317073170731703,0.0007706207688897848,-1,-1,3,2459.322021484375
20,-0.024390243902439046,0.00027197113377042115,-1,-1,3,2459.322021484375
21,0.024390243902439046,0.0006704945699311793,-1,-1,3,2459.322021484375
22,0.07317073170731714,0.00233917823061347,-1,-1,3,2459.322021484375
23,0.12195121951219523,0.0006028740899637341,-1,-1,3,2459.322021484375
24,0.17073170731707332,0.0017908974550664425,-1,-1,3,2459.322021484375
25,0.2195121951219512,0.002865439746528864,-1,-1,3,2459.322021484375
26,0.2682926829268293,0.0043974076397717,-1,-1,3,2459.322021484375
27,0.3170731707317074,0.00901054497808218,-1,-1,3,2459.322021484375
28,0.36585365853658547,6.908832438057289e-05,-1,-1,3,2459.322021484375
29,0.41463414634146356,0.012592277489602566,-1,-1,3,2459.322021484375
30,0.46341463414634143,0.011403185315430164,-1,-1,3,2459.322021484375
31,0.5121951219512195,0.012690831907093525,-1,-1,3,2459.322021484375
32,0.5609756097560976,0.17068660259246826,-1,-1,3,2459.322021484375
33,0.6097560975609757,0.0247297752648592,-1,-1,3,2459.322021484375
34,0.6585365853658538,0.010886666364967823,-1,-1,3,2459.322021484375
35,0.7073170731707317,0.05503435432910919,-1,-1,3,2459.322021484375
36,0.7560975609756098,0.005310190375894308,-1,-1,3,2459.322021484375
37,0.8048780487804879,0.0045842984691262245,-1,-1,3,2459.322021484375
38,0.853658536585366,0.01456355955451727,-1,-1,3,2459.322021484375
39,0.902439024390244,0.00011797445040429011,-1,-1,3,2459.322021484375
40,0.9512195121951219,0.006649558432400227,-1,-1,3,2459.322021484375
41,1.0,0.0021119790617376566,-1,-1,3,2459.322021484375
0,-1.0,0.0005514516960829496,-1,2,4,2459.322021484375
1,-0.9512195121951219,0.00219836481846869,-1,2,4,2459.322021484375
2,-0.9024390243902439,0.0007991969469003379,-1,2,4,2459.322021484375
3,-0.8536585365853658,0.0008104722946882248,-1,2,4,2459.322021484375
4,-0.8048780487804879,0.0076630208641290665,-1,2,4,2459.322021484375
5,-0.7560975609756098,0.0003958321758545935,-1,2,4,2459.322021484375
6,-0.7073170731707317,0.0029981236439198256,-1,2,4,2459.322021484375
7,-0.6585365853658536,0.011128132231533527,-1,2,4,2459.322021484375
8,-0.6097560975609756,0.003712437115609646,-1,2,4,2459.322021484375
9,-0.5609756097560976,0.02221774496138096,-1,2,4,2459.322021484375
10,-0.5121951219512195,0.2721898853778839,-1,2,4,2459.322021484375
11,-0.46341463414634143,0.241606667637825,-1,2,4,2459.322021484375
12,-0.41463414634146334,0.04946222901344299,-1,2,4,2459.322021484375
13,-0.36585365853658536,0.01470817718654871,-1,2,4,2459.322021484375
14,-0.31707317073170727,0.001563588622957468,-1,2,4,2459.322021484375
15,-0.2682926829268293,0.0008246999932453036,-1,2,4,2459.322021484375
16,-0.2195121951219512,0.004012530669569969,-1,2,4,2459.322021484375
17,-0.1707317073170731,0.006698227021843195,-1,2,4,2459.322021484375
18,-0.12195121951219512,0.001220779144205153,-1,2,4,2459.322021484375
19,-0.07317073170731703,0.0016847871011123061,-1,2,4,2459.322021484375
20,-0.024390243902439046,0.0003966701915487647,-1,2,4,2459.322021484375
21,0.024390243902439046,0.0036923636216670275,-1,2,4,2459.322021484375
22,0.07317073170731714,0.0018511578673496842,-1,2,4,2459.322021484375
23,0.12195121951219523,0.000537021376658231,-1,2,4,2459.322021484375
24,0.17073170731707332,0.00033536466071382165,-1,2,4,2459.322021484375
25,0.2195121951219512,0.0017177845584228635,-1,2,4,2459.322021484375
26,0.2682926829268293,0.0003979987232014537,-1,2,4,2459.322021484375
27,0.3170731707317074,0.00032121126423589885,-1,2,4,2459.322021484375
28,0.36585365853658547,0.0013818792067468166,-1,2,4,2459.322021484375
29,0.41463414634146356,0.0006641570944339037,-1,2,4,2459.322021484375
30,0.46341463414634143,0.0011130894999951124,-1,2,4,2459.322021484375
31,0.5121951219512195,4.18234185417532e-06,-1,2,4,2459.322021484375
32,0.5609756097560976,0.0004896519822068512,-1,2,4,2459.322021484375
33,0.6097560975609757,0.0007783410255797207,-1,2,4,2459.322021484375
34,0.6585365853658538,0.00023209524806588888,-1,2,4,2459.322021484375
35,0.7073170731707317,0.001010922365821898,-1,2,4,2459.322021484375
36,0.7560975609756098,0.0006491880631074309,-1,2,4,2459.322021484375
37,0.8048780487804879,0.0004235021770000458,-1,2,4,2459.322021484375
38,0.853658536585366,0.00026917661307379603,-1,2,4,2459.322021484375
39,0.902439024390244,5.518721809494309e-05,-1,2,4,2459.322021484375
40,0.9512195121951219,0.00011962857388425618,-1,2,4,2459.322021484375
41,1.0,0.0001285589241888374,-1,2,4,2459.322021484375
0,-1.0,0.0,-1,5,5,2459.322021484375
1,-0.9512195121951219,0.0,-1,5,5,2459.322021484375
2,-0.9024390243902439,0.0,-1,5,5,2459.322021484375
3,-0.8536585365853658,0.0,-1,5,5,2459.322021484375
4,-0.8048780487804879,0.0,-1,5,5,2459.322021484375
5,-0.7560975609756098,0.0,-1,5,5,2459.322021484375
6,-0.7073170731707317,0.0,-1,5,5,2459.322021484375
7,-0.6585365853658536,0.0,-1,5,5,2459.322021484375
8,-0.6097560975609756,0.0,-1,5,5,2459.322021484375
9,-0.5609756097560976,9.010150279209483e-06,-1,5,5,2459.322021484375
10,-0.5121951219512195,5.729183612857014e-05,-1,5,5,2459.322021484375
11,-0.46341463414634143,1.3298172234499361e-05,-1,5,5,2459.322021484375
12,-0.41463414634146334,2.6006329790106975e-05,-1,5,5,2459.322021484375
13,-0.36585365853658536,1.1994199667242356e-05,-1,5,5,2459.322021484375
14,-0.31707317073170727,5.583837719314033e-06,-1,5,5,2459.322021484375
15,-0.2682926829268293,7.418744189635618e-06,-1,5,5,2459.322021484375
16,-0.2195121951219512,3.4736000088742e-05,-1,5,5,2459.322021484375
17,-0.1707317073170731,3.8422481338784564e-06,-1,5,5,2459.322021484375
18,-0.12195121951219512,1.241930704054539e-06,-1,5,5,2459.322021484375
19,-0.07317073170731703,2.5637365297370707e-07,-1,5,5,2459.322021484375
20,-0.024390243902439046,2.2137399355415255e-05,-1,5,5,2459.322021484375
21,0.024390243902439046,3.244186518713832e-05,-1,5,5,2459.322021484375
22,0.07317073170731714,0.00012639568012673408,-1,5,5,2459.322021484375
23,0.12195121951219523,3.247965651098639e-05,-1,5,5,2459.322021484375
24,0.17073170731707332,0.0003491149691399187,-1,5,5,2459.322021484375
25,0.2195121951219512,0.000770982529502362,-1,5,5,2459.322021484375
26,0.2682926829268293,0.00039523877785541117,-1,5,5,2459.322021484375
27,0.3170731707317074,0.00016304255404975265,-1,5,5,2459.322021484375
28,0.36585365853658547,7.319793076021597e-05,-1,5,5,2459.322021484375
29,0.41463414634146356,0.0012070646043866873,-1,5,5,2459.322021484375
30,0.46341463414634143,0.008005528710782528,-1,5,5,2459.322021484375
31,0.5121951219512195,0.00025681027909740806,-1,5,5,2459.322021484375
32,0.5609756097560976,0.0003410677018109709,-1,5,5,2459.322021484375
33,0.6097560975609757,0.00019627698929980397,-1,5,5,2459.322021484375
34,0.6585365853658538,1.0528405255172402e-05,-1,5,5,2459.322021484375
35,0.7073170731707317,0.00016579229850322008,-1,5,5,2459.322021484375
36,0.7560975609756098,9.39223391469568e-05,-1,5,5,2459.322021484375
37,0.8048780487804879,0.0005469582974910736,-1,5,5,2459.322021484375
38,0.853658536585366,2.8699016183963977e-05,-1,5,5,2459.322021484375
39,0.902439024390244,1.693745616648812e-05,-1,5,5,2459.322021484375
40,0.9512195121951219,9.860154386842623e-05,-1,5,5,2459.322021484375
41,1.0,0.00011001564416801557,-1,5,5,2459.322021484375
0,-1.0,0.0,-1,6,5,2459.322021484375
1,-0.9512195121951219,6.164414401155227e-08,-1,6,5,2459.322021484375
2,-0.9024390243902439,1.0964988916839502e-07,-1,6,5,2459.322021484375
3,-0.8536585365853658,8.172998633426687e-08,-1,6,5,2459.322021484375
4,-0.8048780487804879,1.0880129366341862e-06,-1,6,5,2459.322021484375
5,-0.7560975609756098,1.256952799622013e-07,-1,6,5,2459.322021484375
6,-0.7073170731707317,1.2720136055577314e-06,-1,6,5,2459.322021484375
7,-0.6585365853658536,1.6826854334794916e-05,-1,6,5,2459.322021484375
8,-0.6097560975609756,6.085976110625779e-06,-1,6,5,2459.322021484375
9,-0.5609756097560976,9.468909070164955e-07,-1,6,5,2459.322021484375
10,-0.5121951219512195,2.757914990070276e-05,-1,6,5,2459.322021484375
11,-0.46341463414634143,1.352579261038045e-06,-1,6,5,2459.322021484375
12,-0.41463414634146334,2.0294376668061886e-07,-1,6,5,2459.322021484375
13,-0.36585365853658536,5.716790838050656e-06,-1,6,5,2459.322021484375
14,-0.31707317073170727,1.4403715340449708e-06,-1,6,5,2459.322021484375
15,-0.2682926829268293,1.1257421647314914e-05,-1,6,5,2459.322021484375
16,-0.2195121951219512,2.282869718328584e-05,-1,6,5,2459.322021484375
17,-0.1707317073170731,4.8931146011454985e-05,-1,6,5,2459.322021484375
18,-0.12195121951219512,0.008085980080068111,-1,6,5,2459.322021484375
19,-0.07317073170731703,4.1914277971955016e-05,-1,6,5,2459.322021484375
20,-0.024390243902439046,3.37449528160505e-05,-1,6,5,2459.322021484375
21,0.024390243902439046,3.0193097700248472e-05,-1,6,5,2459.322021484375
22,0.07317073170731714,1.1621684734564042e-06,-1,6,5,2459.322021484375
23,0.12195121951219523,1.4024199117557146e-06,-1,6,5,2459.322021484375
24,0.17073170731707332,1.4423573020394542e-06,-1,6,5,2459.322021484375
25,0.2195121951219512,4.640653514798032e-06,-1,6,5,2459.322021484375
26,0.2682926829268293,2.121867737514549e-06,-1,6,5,2459.322021484375
27,0.3170731707317074,6.302729502749571e-07,-1,6,5,2459.322021484375
28,0.36585365853658547,1.218873080688354e-06,-1,6,5,2459.322021484375
29,0.41463414634146356,1.9263193280494306e-06,-1,6,5,2459.322021484375
30,0.46341463414634143,1.8831567558663664e-06,-1,6,5,2459.322021484375
31,0.5121951219512195,1.0486910895224355e-07,-1,6,5,2459.322021484375
32,0.5609756097560976,1.1357273024259484e-06,-1,6,5,2459.322021484375
33,0.6097560975609757,9.467770496485173e-07,-1,6,5,2459.322021484375
34,0.6585365853658538,1.4065732329981984e-06,-1,6,5,2459.322021484375
35,0.7073170731707317,1.5417192571476335e-06,-1,6,5,2459.322021484375
36,0.7560975609756098,0.0,-1,6,5,2459.322021484375
37,0.8048780487804879,0.0,-1,6,5,2459.322021484375
38,0.853658536585366,0.0,-1,6,5,2459.322021484375
39,0.902439024390244,0.0,-1,6,5,2459.322021484375
40,0.9512195121951219,0.0,-1,6,5,2459.322021484375
41,1.0,0.0,-1,6,5,2459.322021484375
0,-1.0,6.672207746305503e-07,-1,7,5,2459.322021484375
1,-0.9512195121951219,4.210628787859605e-07,-1,7,5,2459.322021484375
2,-0.9024390243902439,5.476799287862377e-06,-1,7,5,2459.322021484375
3,-0.8536585365853658,1.141727011599869e-06,-1,7,5,2459.322021484375
4,-0.8048780487804879,6.760848918929696e-06,-1,7,5,2459.322021484375
5,-0.7560975609756098,3.6765661661775084e-06,-1,7,5,2459.322021484375
6,-0.7073170731707317,5.758205588790588e-05,-1,7,5,2459.322021484375
7,-0.6585365853658536,1.15541797640617e-05,-1,7,5,2459.322021484375
8,-0.6097560975609756,9.214501915266737e-06,-1,7,5,2459.322021484375
9,-0.5609756097560976,0.00011935988732147962,-1,7,5,2459.322021484375
10,-0.5121951219512195,0.0003486033238004893,-1,7,5,2459.322021484375
11,-0.46341463414634143,0.002420784905552864,-1,7,5,2459.322021484375
12,-0.41463414634146334,1.0904957434831886e-06,-1,7,5,2459.322021484375
13,-0.36585365853658536,6.208570266608149e-05,-1,7,5,2459.322021484375
14,-0.31707317073170727,2.6640771011443576e-06,-1,7,5,2459.322021484375
15,-0.2682926829268293,4.306862592784455e-06,-1,7,5,2459.322021484375
16,-0.2195121951219512,1.7129250409197994e-06,-1,7,5,2459.322021484375
17,-0.1707317073170731,3.7401216559374006e-06,-1,7,5,2459.322021484375
18,-0.12195121951219512,7.385699973383453e-06,-1,7,5,2459.322021484375
19,-0.07317073170731703,1.509396042820299e-06,-1,7,5,2459.322021484375
20,-0.024390243902439046,9.348217133720027e-08,-1,7,5,2459.322021484375
21,0.024390243902439046,4.662181254388997e-06,-1,7,5,2459.322021484375
22,0.07317073170731714,1.9601022813731106e-06,-1,7,5,2459.322021484375
23,0.12195121951219523,1.0939160688394622e-08,-1,7,5,2459.322021484375
24,0.17073170731707332,5.380274501476379e-07,-1,7,5,2459.322021484375
25,0.2195121951219512,1.8276230093761114e-06,-1,7,5,2459.322021484375
26,0.2682926829268293,0.0,-1,7,5,2459.322021484375
27,0.3170731707317074,0.0,-1,7,5,2459.322021484375
28,0.36585365853658547,0.0,-1,7,5,2459.322021484375
29,0.41463414634146356,0.0,-1,7,5,2459.322021484375
30,0.46341463414634143,0.0,-1,7,5,2459.322021484375
31,0.5121951219512195,0.0,-1,7,5,2459.322021484375
32,0.5609756097560976,0.0,-1,7,5,2459.322021484375
33,0.6097560975609757,0.0,-1,7,5,2459.322021484375
34,0.6585365853658538,0.0,-1,7,5,2459.322021484375
35,0.7073170731707317,0.0,-1,7,5,2459.322021484375
36,0.7560975609756098,0.0,-1,7,5,2459.322021484375
37,0.8048780487804879,0.0,-1,7,5,2459.322021484375
38,0.853658536585366,0.0,-1,7,5,2459.322021484375
39,0.902439024390244,0.0,-1,7,5,2459.322021484375
40,0.9512195121951219,0.0,-1,7,5,2459.322021484375
41,1.0,0.0,-1,7,5,2459.322021484375
0,-1.0,8.315865329677763e-08,-1,8,5,2459.322021484375
1,-0.9512195121951219,1.7517744709039107e-05,-1,8,5,2459.322021484375
2,-0.9024390243902439,2.1407255189842544e-05,-1,8,5,2459.322021484375
3,-0.8536585365853658,2.2503869331558235e-05,-1,8,5,2459.322021484375
4,-0.8048780487804879,3.26612098433543e-05,-1,8,5,2459.322021484375
5,-0.7560975609756098,0.0007580820238217711,-1,8,5,2459.322021484375
6,-0.7073170731707317,0.013825959526002407,-1,8,5,2459.322021484375
7,-0.6585365853658536,0.0003767701855394989,-1,8,5,2459.322021484375
8,-0.6097560975609756,9.16163990041241e-05,-1,8,5,2459.322021484375
9,-0.5609756097560976,8.487045306537766e-06,-1,8,5,2459.322021484375
10,-0.5121951219512195,4.553852249955526e-06,-1,8,5,2459.322021484375
11,-0.46341463414634143,2.030576069955714e-06,-1,8,5,2459.322021484375
12,-0.41463414634146334,1.6488303344885935e-07,-1,8,5,2459.322021484375
13,-0.36585365853658536,4.6147235366333916e-07,-1,8,5,2459.322021484375
14,-0.31707317073170727,1.217989336055325e-07,-1,8,5,2459.322021484375
15,-0.2682926829268293,9.924037840391975e-07,-1,8,5,2459.322021484375
16,-0.2195121951219512,1.5660502867831383e-06,-1,8,5,2459.322021484375
17,-0.1707317073170731,4.508354720655916e-07,-1,8,5,2459.322021484375
18,-0.12195121951219512,1.0901300129262381e-06,-1,8,5,2459.322021484375
19,-0.07317073170731703,1.5326561424444662e-06,-1,8,5,2459.322021484375
20,-0.024390243902439046,0.0,-1,8,5,2459.322021484375
21,0.024390243902439046,0.0,-1,8,5,2459.322021484375
22,0.07317073170731714,0.0,-1,8,5,2459.322021484375
23,0.12195121951219523,0.0,-1,8,5,2459.322021484375
24,0.17073170731707332,0.0,-1,8,5,2459.322021484375
25,0.2195121951219512,0.0,-1,8,5,2459.322021484375
26,0.2682926829268293,0.0,-1,8,5,2459.322021484375
27,0.3170731707317074,0.0,-1,8,5,2459.322021484375
28,0.36585365853658547,0.0,-1,8,5,2459.322021484375
29,0.41463414634146356,0.0,-1,8,5,2459.322021484375
30,0.46341463414634143,0.0,-1,8,5,2459.322021484375
31,0.5121951219512195,0.0,-1,8,5,2459.322021484375
32,0.5609756097560976,0.0,-1,8,5,2459.322021484375
33,0.6097560975609757,0.0,-1,8,5,2459.322021484375
34,0.6585365853658538,0.0,-1,8,5,2459.322021484375
35,0.7073170731707317,0.0,-1,8,5,2459.322021484375
36,0.7560975609756098,0.0,-1,8,5,2459.322021484375
37,0.8048780487804879,0.0,-1,8,5,2459.322021484375
38,0.853658536585366,0.0,-1,8,5,2459.322021484375
39,0.902439024390244,0.0,-1,8,5,2459.322021484375
40,0.9512195121951219,0.0,-1,8,5,2459.322021484375
41,1.0,0.0,-1,8,5,2459.322021484375
0,-1.0,8.627633292235259e-07,-1,9,5,2459.322021484375
1,-0.9512195121951219,1.0283053597959224e-05,-1,9,5,2459.322021484375
2,-0.9024390243902439,0.00014857739733997732,-1,9,5,2459.322021484375
3,-0.8536585365853658,5.209506707615219e-05,-1,9,5,2459.322021484375
4,-0.8048780487804879,0.00016093705198727548,-1,9,5,2459.322021484375
5,-0.7560975609756098,2.380536898272112e-05,-1,9,5,2459.322021484375
6,-0.7073170731707317,9.717878856463358e-05,-1,9,5,2459.322021484375
7,-0.6585365853658536,5.849521471645858e-07,-1,9,5,2459.322021484375
8,-0.6097560975609756,9.001022931443003e-07,-1,9,5,2459.322021484375
9,-0.5609756097560976,3.5336497603566386e-06,-1,9,5,2459.322021484375
10,-0.5121951219512195,2.078386160064838e-06,-1,9,5,2459.322021484375
11,-0.46341463414634143,1.3071606019821047e-07,-1,9,5,2459.322021484375
12,-0.41463414634146334,4.933710897603305e-07,-1,9,5,2459.322021484375
13,-0.36585365853658536,1.0776089993669302e-06,-1,9,5,2459.322021484375
14,-0.31707317073170727,1.6870507124622236e-07,-1,9,5,2459.322021484375
15,-0.2682926829268293,0.0,-1,9,5,2459.322021484375
16,-0.2195121951219512,0.0,-1,9,5,2459.322021484375
17,-0.1707317073170731,0.0,-1,9,5,2459.322021484375
18,-0.12195121951219512,0.0,-1,9,5,2459.322021484375
19,-0.07317073170731703,0.0,-1,9,5,2459.322021484375
20,-0.024390243902439046,0.0,-1,9,5,2459.322021484375
21,0.024390243902439046,0.0,-1,9,5,2459.322021484375
22,0.07317073170731714,0.0,-1,9,5,2459.322021484375
23,0.12195121951219523,0.0,-1,9,5,2459.322021484375
24,0.17073170731707332,0.0,-1,9,5,2459.322021484375
25,0.2195121951219512,0.0,-1,9,5,2459.322021484375
26,0.2682926829268293,0.0,-1,9,5,2459.322021484375
27,0.3170731707317074,0.0,-1,9,5,2459.322021484375
28,0.36585365853658547,0.0,-1,9,5,2459.322021484375
29,0.41463414634146356,0.0,-1,9,5,2459.322021484375
30,0.46341463414634143,0.0,-1,9,5,2459.322021484375
31,0.5121951219512195,0.0,-1,9,5,2459.322021484375
32,0.5609756097560976,0.0,-1,9,5,2459.322021484375
33,0.6097560975609757,0.0,-1,9,5,2459.322021484375
34,0.6585365853658538,0.0,-1,9,5,2459.322021484375
35,0.7073170731707317,0.0,-1,9,5,2459.322021484375
36,0.7560975609756098,0.0,-1,9,5,2459.322021484375
37,0.8048780487804879,0.0,-1,9,5,2459.322021484375
38,0.853658536585366,0.0,-1,9,5,2459.322021484375
39,0.902439024390244,0.0,-1,9,5,2459.322021484375
40,0.9512195121951219,0.0,-1,9,5,2459.322021484375
41,1.0,0.0,-1,9,5,2459.322021484375
0,-1.0,0.0,-1,9,6,2459.322021484375
1,-0.9512195121951219,0.0,-1,9,6,2459.322021484375
2,-0.9024390243902439,0.0,-1,9,6,2459.322021484375
3,-0.8536585365853658,0.0,-1,9,6,2459.322021484375
4,-0.8048780487804879,0.0,-1,9,6,2459.322021484375
5,-0.7560975609756098,0.0,-1,9,6,2459.322021484375
6,-0.7073170731707317,0.0,-1,9,6,2459.322021484375
7,-0.6585365853658536,0.0,-1,9,6,2459.322021484375
8,-0.6097560975609756,0.0,-1,9,6,2459.322021484375
9,-0.5609756097560976,0.0,-1,9,6,2459.322021484375
10,-0.5121951219512195,0.0,-1,9,6,2459.322021484375
11,-0.46341463414634143,0.0,-1,9,6,2459.322021484375
12,-0.41463414634146334,0.0,-1,9,6,2459.322021484375
13,-0.36585365853658536,0.0,-1,9,6,2459.322021484375
14,-0.31707317073170727,0.0,-1,9,6,2459.322021484375
15,-0.2682926829268293,0.0,-1,9,6,2459.322021484375
16,-0.2195121951219512,0.0,-1,9,6,2459.322021484375
17,-0.1707317073170731,0.0,-1,9,6,2459.322021484375
18,-0.12195121951219512,0.0,-1,9,6,2459.322021484375
19,-0.07317073170731703,0.0,-1,9,6,2459.322021484375
20,-0.024390243902439046,0.0,-1,9,6,2459.322021484375
21,0.024390243902439046,0.0,-1,9,6,2459.322021484375
22,0.07317073170731714,0.0,-1,9,6,2459.322021484375
23,0.12195121951219523,0.0,-1,9,6,2459.322021484375
24,0.17073170731707332,0.0,-1,9,6,2459.322021484375
25,0.2195121951219512,1.0254598237224855e-07,-1,9,6,2459.322021484375
26,0.2682926829268293,1.775214997223884e-07,-1,9,6,2459.322021484375
27,0.3170731707317074,2.104726263496559e-06,-1,9,6,2459.322021484375
28,0.36585365853658547,4.874646606367605e-07,-1,9,6,2459.322021484375
29,0.41463414634146356,1.3801120530843036e-06,-1,9,6,2459.322021484375
30,0.46341463414634143,5.023968352446673e-09,-1,9,6,2459.322021484375
31,0.5121951219512195,5.349646698959987e-07,-1,9,6,2459.322021484375
32,0.5609756097560976,3.623870497904136e-06,-1,9,6,2459.322021484375
33,0.6097560975609757,7.396909040835453e-06,-1,9,6,2459.322021484375
34,0.6585365853658538,1.842498932091985e-06,-1,9,6,2459.322021484375
35,0.7073170731707317,2.5613862817408517e-05,-1,9,6,2459.322021484375
36,0.7560975609756098,7.858944445615634e-05,-1,9,6,2459.322021484375
37,0.8048780487804879,2.5931915388355264e-06,-1,9,6,2459.322021484375
38,0.853658536585366,4.60606679553166e-06,-1,9,6,2459.322021484375
39,0.902439024390244,1.0617881116559147e-06,-1,9,6,2459.322021484375
40,0.9512195121951219,3.832144557236461e-07,-1,9,6,2459.322021484375
41,1.0,1.1417173482186627e-06,-1,9,6,2459.322021484375
0,-1.0,0.0,0,-9,-5,2459.322021484375
1,-0.9512195121951219,0.0,0,-9,-5,2459.322021484375
2,-0.9024390243902439,0.0,0,-9,-5,2459.322021484375
3,-0.8536585365853658,0.0,0,-9,-5,2459.322021484375
4,-0.8048780487804879,0.0,0,-9,-5,2459.322021484375
5,-0.7560975609756098,0.0,0,-9,-5,2459.322021484375
6,-0.7073170731707317,0.0,0,-9,-5,2459.322021484375
7,-0.6585365853658536,0.0,0,-9,-5,2459.322021484375
8,-0.6097560975609756,0.0,0,-9,-5,2459.322021484375
9,-0.5609756097560976,0.0,0,-9,-5,2459.322021484375
10,-0.5121951219512195,0.0,0,-9,-5,2459.322021484375
11,-0.46341463414634143,0.0,0,-9,-5,2459.322021484375
12,-0.41463414634146334,0.0,0,-9,-5,2459.322021484375
13,-0.36585365853658536,0.0,0,-9,-5,2459.322021484375
14,-0.31707317073170727,0.0,0,-9,-5,2459.322021484375
15,-0.2682926829268293,0.0,0,-9,-5,2459.322021484375
16,-0.2195121951219512,0.0,0,-9,-5,2459.322021484375
17,-0.1707317073170731,0.0,0,-9,-5,2459.322021484375
18,-0.12195121951219512,0.0,0,-9,-5,2459.322021484375
19,-0.07317073170731703,0.0,0,-9,-5,2459.322021484375
20,-0.024390243902439046,0.0,0,-9,-5,2459.322021484375
21,0.024390243902439046,0.0,0,-9,-5,2459.322021484375
22,0.07317073170731714,0.0,0,-9,-5,2459.322021484375
23,0.12195121951219523,0.0,0,-9,-5,2459.322021484375
24,0.17073170731707332,0.0,0,-9,-5,2459.322021484375
25,0.2195121951219512,1.6474645647690522e-08,0,-9,-5,2459.322021484375
26,0.2682926829268293,3.4934336667902244e-07,0,-9,-5,2459.322021484375
27,0.3170731707317074,6.509904437734804e-07,0,-9,-5,2459.322021484375
28,0.36585365853658547,4.774740887114604e-07,0,-9,-5,2459.322021484375
29,0.41463414634146356,3.92169532403841e-08,0,-9,-5,2459.322021484375
30,0.46341463414634143,5.142302939020738e-07,0,-9,-5,2459.322021484375
31,0.5121951219512195,2.691941972443601e-06,0,-9,-5,2459.322021484375
32,0.5609756097560976,2.230106019851519e-06,0,-9,-5,2459.322021484375
33,0.6097560975609757,2.263007672809181e-06,0,-9,-5,2459.322021484375
34,0.6585365853658538,0.000378224445739761,0,-9,-5,2459.322021484375
35,0.7073170731707317,5.2426230467972346e-06,0,-9,-5,2459.322021484375
36,0.7560975609756098,3.9726855902699754e-05,0,-9,-5,2459.322021484375
37,0.8048780487804879,3.636359622305463e-07,0,-9,-5,2459.322021484375
38,0.853658536585366,4.162010009167716e-05,0,-9,-5,2459.322021484375
39,0.902439024390244,9.056797352968715e-06,0,-9,-5,2459.322021484375
40,0.9512195121951219,3.0730387834410067e-07,0,-9,-5,2459.322021484375
41,1.0,7.05467869011045e-07,0,-9,-5,2459.322021484375
0,-1.0,1.8935348862214596e-06,0,-9,-4,2459.322021484375
1,-0.9512195121951219,6.035878641341696e-08,0,-9,-4,2459.322021484375
2,-0.9024390243902439,6.727065624545503e-07,0,-9,-4,2459.322021484375
3,-0.8536585365853658,1.0055092616312322e-06,0,-9,-4,2459.322021484375
4,-0.8048780487804879,1.4838997230981477e-07,0,-9,-4,2459.322021484375
5,-0.7560975609756098,2.321521378689795e-06,0,-9,-4,2459.322021484375
6,-0.7073170731707317,1.117300939768029e-06,0,-9,-4,2459.322021484375
7,-0.6585365853658536,2.1257001208141446e-05,0,-9,-4,2459.322021484375
8,-0.6097560975609756,2.7899437554879114e-05,0,-9,-4,2459.322021484375
9,-0.5609756097560976,0.0006920059095136821,0,-9,-4,2459.322021484375
10,-0.5121951219512195,6.403245060937479e-05,0,-9,-4,2459.322021484375
11,-0.46341463414634143,1.4002766874909867e-05,0,-9,-4,2459.322021484375
12,-0.41463414634146334,5.3549094445770606e-05,0,-9,-4,2459.322021484375
13,-0.36585365853658536,5.666154265782097e-06,0,-9,-4,2459.322021484375
14,-0.31707317073170727,9.742823749547824e-06,0,-9,-4,2459.322021484375
15,-0.2682926829268293,5.514791155292187e-06,0,-9,-4,2459.322021484375
16,-0.2195121951219512,3.8619810993623105e-07,0,-9,-4,2459.322021484375
17,-0.1707317073170731,2.7908943138754694e-06,0,-9,-4,2459.322021484375
18,-0.12195121951219512,1.5253190213115886e-06,0,-9,-4,2459.322021484375
19,-0.07317073170731703,9.926969823936815e-07,0,-9,-4,2459.322021484375
20,-0.024390243902439046,2.1759478840976954e-06,0,-9,-4,2459.322021484375
21,0.024390243902439046,0.0,0,-9,-4,2459.322021484375
22,0.07317073170731714,0.0,0,-9,-4,2459.322021484375
23,0.12195121951219523,0.0,0,-9,-4,2459.322021484375
24,0.17073170731707332,0.0,0,-9,-4,2459.322021484375
25,0.2195121951219512,0.0,0,-9,-4,2459.322021484375
26,0.2682926829268293,0.0,0,-9,-4,2459.322021484375
27,0.3170731707317074,0.0,0,-9,-4,2459.322021484375
28,0.36585365853658547,0.0,0,-9,-4,2459.322021484375
29,0.41463414634146356,0.0,0,-9,-4,2459.322021484375
30,0.46341463414634143,0.0,0,-9,-4,2459.322021484375
31,0.5121951219512195,0.0,0,-9,-4,2459.322021484375
32,0.5609756097560976,0.0,0,-9,-4,2459.322021484375
33,0.6097560975609757,0.0,0,-9,-4,2459.322021484375
34,0.6585365853658538,0.0,0,-9,-4,2459.322021484375
35,0.7073170731707317,0.0,0,-9,-4,2459.322021484375
36,0.7560975609756098,0.0,0,-9,-4,2459.322021484375
37,0.8048780487804879,0.0,0,-9,-4,2459.322021484375
38,0.853658536585366,0.0,0,-9,-4,2459.322021484375
39,0.902439024390244,0.0,0,-9,-4,2459.322021484375
40,0.9512195121951219,0.0,0,-9,-4,2459.322021484375
41,1.0,0.0,0,-9,-4,2459.322021484375
0,-1.0,0.0,0,-8,-4,2459.322021484375
1,-0.9512195121951219,0.0,0,-8,-4,2459.322021484375
2,-0.9024390243902439,0.0,0,-8,-4,2459.322021484375
3,-0.8536585365853658,0.0,0,-8,-4,2459.322021484375
4,-0.8048780487804879,0.0,0,-8,-4,2459.322021484375
5,-0.7560975609756098,0.0,0,-8,-4,2459.322021484375
6,-0.7073170731707317,0.0,0,-8,-4,2459.322021484375
7,-0.6585365853658536,0.0,0,-8,-4,2459.322021484375
8,-0.6097560975609756,0.0,0,-8,-4,2459.322021484375
9,-0.5609756097560976,0.0,0,-8,-4,2459.322021484375
10,-0.5121951219512195,0.0,0,-8,-4,2459.322021484375
11,-0.46341463414634143,0.0,0,-8,-4,2459.322021484375
12,-0.41463414634146334,0.0,0,-8,-4,2459.322021484375
13,-0.36585365853658536,0.0,0,-8,-4,2459.322021484375
14,-0.31707317073170727,0.0,0,-8,-4,2459.322021484375
15,-0.2682926829268293,1.1040707477150136e-06,0,-8,-4,2459.322021484375
16,-0.2195121951219512,1.5442543372046202e-05,0,-8,-4,2459.322021484375
17,-0.1707317073170731,2.0221680188114988e-06,0,-8,-4,2459.322021484375
18,-0.12195121951219512,4.929449914925499e-08,0,-8,-4,2459.322021484375
19,-0.07317073170731703,8.43322959553916e-06,0,-8,-4,2459.322021484375
20,-0.024390243902439046,2.849737256838125e-06,0,-8,-4,2459.322021484375
21,0.024390243902439046,4.699453711509705e-06,0,-8,-4,2459.322021484375
22,0.07317073170731714,7.564300631202059e-06,0,-8,-4,2459.322021484375
23,0.12195121951219523,1.3473711078404449e-05,0,-8,-4,2459.322021484375
24,0.17073170731707332,1.2228490504639922e-06,0,-8,-4,2459.322021484375
25,0.2195121951219512,1.5360041288658977e-05,0,-8,-4,2459.322021484375
26,0.2682926829268293,0.00013562208914663643,0,-8,-4,2459.322021484375
27,0.3170731707317074,0.0004872588033322245,0,-8,-4,2459.322021484375
28,0.36585365853658547,0.0002880609827116132,0,-8,-4,2459.322021484375
29,0.41463414634146356,3.770353941945359e-06,0,-8,-4,2459.322021484375
30,0.46341463414634143,2.6349680410930887e-06,0,-8,-4,2459.322021484375
31,0.5121951219512195,1.8551372704678215e-05,0,-8,-4,2459.322021484375
32,0.5609756097560976,2.708654164962354e-06,0,-8,-4,2459.322021484375
33,0.6097560975609757,2.31168073128174e-07,0,-8,-4,2459.322021484375
34,0.6585365853658538,1.123217043641489e-05,0,-8,-4,2459.322021484375
35,0.7073170731707317,2.2272030264502973e-07,0,-8,-4,2459.322021484375
36,0.7560975609756098,7.823538084039683e-08,0,-8,-4,2459.322021484375
37,0.8048780487804879,6.851450393696723e-07,0,-8,-4,2459.322021484375
38,0.853658536585366,3.9161128029263637e-07,0,-8,-4,2459.322021484375
39,0.902439024390244,0.0,0,-8,-4,2459.322021484375
40,0.9512195121951219,0.0,0,-8,-4,2459.322021484375
41,1.0,0.0,0,-8,-4,2459.322021484375
0,-1.0,6.601218274226994e-07,0,-7,-3,2459.322021484375
1,-0.9512195121951219,1.0030910289060557e-06,0,-7,-3,2459.322021484375
2,-0.9024390243902439,7.201885523500096e-07,0,-7,-3,2459.322021484375
3,-0.8536585365853658,1.7648886796450824e-06,0,-7,-3,2459.322021484375
4,-0.8048780487804879,2.2609267489315243e-06,0,-7,-3,2459.322021484375
5,-0.7560975609756098,7.71145778344362e-07,0,-7,-3,2459.322021484375
6,-0.7073170731707317,3.6663864193542395e-06,0,-7,-3,2459.322021484375
7,-0.6585365853658536,2.5933331926353276e-06,0,-7,-3,2459.322021484375
8,-0.6097560975609756,1.558791882416699e-05,0,-7,-3,2459.322021484375
9,-0.5609756097560976,7.813458978489507e-06,0,-7,-3,2459.322021484375
10,-0.5121951219512195,4.608608378475765e-06,0,-7,-3,2459.322021484375
11,-0.46341463414634143,6.81596648064442e-05,0,-7,-3,2459.322021484375
12,-0.41463414634146334,9.682856034487486e-05,0,-7,-3,2459.322021484375
13,-0.36585365853658536,0.007396417204290628,0,-7,-3,2459.322021484375
14,-0.31707317073170727,0.0008382175001315773,0,-7,-3,2459.322021484375
15,-0.2682926829268293,4.8506385610380676e-06,0,-7,-3,2459.322021484375
16,-0.2195121951219512,1.1826712579932064e-05,0,-7,-3,2459.322021484375
17,-0.1707317073170731,2.8772199129889486e-06,0,-7,-3,2459.322021484375
18,-0.12195121951219512,2.4417327040282544e-06,0,-7,-3,2459.322021484375
19,-0.07317073170731703,7.243132813528064e-07,0,-7,-3,2459.322021484375
20,-0.024390243902439046,0.00011966384045081213,0,-7,-3,2459.322021484375
21,0.024390243902439046,2.3826803499105154e-06,0,-7,-3,2459.322021484375
22,0.07317073170731714,3.7189049635344418e-06,0,-7,-3,2459.322021484375
23,0.12195121951219523,3.1977915568859316e-06,0,-7,-3,2459.322021484375
24,0.17073170731707332,9.237886047230859e-07,0,-7,-3,2459.322021484375
25,0.2195121951219512,1.747561810816478e-07,0,-7,-3,2459.322021484375
26,0.2682926829268293,2.1772699199118506e-07,0,-7,-3,2459.322021484375
27,0.3170731707317074,1.1817467111541191e-06,0,-7,-3,2459.322021484375
28,0.36585365853658547,0.0,0,-7,-3,2459.322021484375
29,0.41463414634146356,0.0,0,-7,-3,2459.322021484375
30,0.46341463414634143,0.0,0,-7,-3,2459.322021484375
31,0.5121951219512195,0.0,0,-7,-3,2459.322021484375
32,0.5609756097560976,0.0,0,-7,-3,2459.322021484375
33,0.6097560975609757,0.0,0,-7,-3,2459.322021484375
34,0.6585365853658538,0.0,0,-7,-3,2459.322021484375
35,0.7073170731707317,0.0,0,-7,-3,2459.322021484375
36,0.7560975609756098,0.0,0,-7,-3,2459.322021484375
37,0.8048780487804879,0.0,0,-7,-3,2459.322021484375
38,0.853658536585366,0.0,0,-7,-3,2459.322021484375
39,0.902439024390244,0.0,0,-7,-3,2459.322021484375
40,0.9512195121951219,0.0,0,-7,-3,2459.322021484375
41,1.0,0.0,0,-7,-3,2459.322021484375
0,-1.0,0.0,0,-6,-3,2459.322021484375
1,-0.9512195121951219,0.0,0,-6,-3,2459.322021484375
2,-0.9024390243902439,0.0,0,-6,-3,2459.322021484375
3,-0.8536585365853658,0.0,0,-6,-3,2459.322021484375
4,-0.8048780487804879,0.0,0,-6,-3,2459.322021484375
5,-0.7560975609756098,0.0,0,-6,-3,2459.322021484375
6,-0.7073170731707317,0.0,0,-6,-3,2459.322021484375
7,-0.6585365853658536,0.0,0,-6,-3,2459.322021484375
8,-0.6097560975609756,0.0,0,-6,-3,2459.322021484375
9,-0.5609756097560976,0.0,0,-6,-3,2459.322021484375
10,-0.5121951219512195,0.0,0,-6,-3,2459.322021484375
11,-0.46341463414634143,0.0,0,-6,-3,2459.322021484375
12,-0.41463414634146334,0.0,0,-6,-3,2459.322021484375
13,-0.36585365853658536,0.0,0,-6,-3,2459.322021484375
14,-0.31707317073170727,0.0,0,-6,-3,2459.322021484375
15,-0.2682926829268293,0.0,0,-6,-3,2459.322021484375
16,-0.2195121951219512,0.0,0,-6,-3,2459.322021484375
17,-0.1707317073170731,0.0,0,-6,-3,2459.322021484375
18,-0.12195121951219512,1.5519759472226724e-05,0,-6,-3,2459.322021484375
19,-0.07317073170731703,1.6887484889593907e-05,0,-6,-3,2459.322021484375
20,-0.024390243902439046,1.9260052795289084e-05,0,-6,-3,2459.322021484375
21,0.024390243902439046,1.5837249520700425e-05,0,-6,-3,2459.322021484375
22,0.07317073170731714,1.494690150138922e-05,0,-6,-3,2459.322021484375
23,0.12195121951219523,3.670265505206771e-05,0,-6,-3,2459.322021484375
24,0.17073170731707332,2.7479587515699677e-05,0,-6,-3,2459.322021484375
25,0.2195121951219512,2.9108607122907415e-05,0,-6,-3,2459.322021484375
26,0.2682926829268293,1.7508233440821641e-06,0,-6,-3,2459.322021484375
27,0.3170731707317074,1.936997432494536e-05,0,-6,-3,2459.322021484375
28,0.36585365853658547,5.423341644927859e-05,0,-6,-3,2459.322021484375
29,0.41463414634146356,6.512857362395152e-05,0,-6,-3,2459.322021484375
30,0.46341463414634143,0.00010813790140673518,0,-6,-3,2459.322021484375
31,0.5121951219512195,0.0005927220918238163,0,-6,-3,2459.322021484375
32,0.5609756097560976,0.0004413887218106538,0,-6,-3,2459.322021484375
33,0.6097560975609757,0.0015408196486532688,0,-6,-3,2459.322021484375
34,0.6585365853658538,0.10672319680452347,0,-6,-3,2459.322021484375
35,0.7073170731707317,0.004968287888914347,0,-6,-3,2459.322021484375
36,0.7560975609756098,0.0013169809244573116,0,-6,-3,2459.322021484375
37,0.8048780487804879,0.0006813106592744589,0,-6,-3,2459.322021484375
38,0.853658536585366,0.00013328854402061552,0,-6,-3,2459.322021484375
39,0.902439024390244,0.00013583483814727515,0,-6,-3,2459.322021484375
40,0.9512195121951219,0.00010889113036682829,0,-6,-3,2459.322021484375
41,1.0,8.65193796926178e-05,0,-6,-3,2459.322021484375
0,-1.0,5.695054824172985e-06,0,-5,-2,2459.322021484375
1,-0.9512195121951219,6.619181476708036e-06,0,-5,-2,2459.322021484375
2,-0.9024390243902439,9.3185042260302e-07,0,-5,-2,2459.322021484375
3,-0.8536585365853658,1.6264380974462256e-05,0,-5,-2,2459.322021484375
4,-0.8048780487804879,3.2176492368307663e-06,0,-5,-2,2459.322021484375
5,-0.7560975609756098,1.6969352145679295e-05,0,-5,-2,2459.322021484375
6,-0.7073170731707317,7.3605619945738e-06,0,-5,-2,2459.322021484375
7,-0.6585365853658536,0.0001825327635742724,0,-5,-2,2459.322021484375
8,-0.6097560975609756,0.00015490401710849255,0,-5,-2,2459.322021484375
9,-0.5609756097560976,2.9087239454383962e-05,0,-5,-2,2459.322021484375
10,-0.5121951219512195,7.970401202328503e-05,0,-5,-2,2459.322021484375
11,-0.46341463414634143,5.298906398820691e-05,0,-5,-2,2459.322021484375
12,-0.41463414634146334,0.0003149158146698028,0,-5,-2,2459.322021484375
13,-0.36585365853658536,0.0008565873722545803,0,-5,-2,2459.322021484375
14,-0.31707317073170727,0.016797559335827827,0,-5,-2,2459.322021484375
15,-0.2682926829268293,0.00046609368291683495,0,-5,-2,2459.322021484375
16,-0.2195121951219512,0.0002209325903095305,0,-5,-2,2459.322021484375
17,-0.1707317073170731,1.7857159036793746e-05,0,-5,-2,2459.322021484375
18,-0.12195121951219512,4.3787902541225776e-05,0,-5,-2,2459.322021484375
19,-0.07317073170731703,4.938823985867202e-05,0,-5,-2,2459.322021484375
20,-0.024390243902439046,8.769061423663516e-06,0,-5,-2,2459.322021484375
21,0.024390243902439046,1.132632496592123e-05,0,-5,-2,2459.322021484375
22,0.07317073170731714,1.0076381840917747e-05,0,-5,-2,2459.322021484375
23,0.12195121951219523,5.716215582651785e-06,0,-5,-2,2459.322021484375
24,0.17073170731707332,2.4848392058629543e-05,0,-5,-2,2459.322021484375
25,0.2195121951219512,1.4449904483626597e-05,0,-5,-2,2459.322021484375
26,0.2682926829268293,3.540077887009829e-05,0,-5,-2,2459.322021484375
27,0.3170731707317074,4.8157889978028834e-05,0,-5,-2,2459.322021484375
28,0.36585365853658547,8.068100578384474e-05,0,-5,-2,2459.322021484375
29,0.41463414634146356,1.2316761967667844e-05,0,-5,-2,2459.322021484375
30,0.46341463414634143,4.605064702900563e-07,0,-5,-2,2459.322021484375
31,0.5121951219512195,6.752585250069387e-06,0,-5,-2,2459.322021484375
32,0.5609756097560976,2.9655055300281674e-07,0,-5,-2,2459.322021484375
33,0.6097560975609757,3.5114276215608697e-06,0,-5,-2,2459.322021484375
34,0.6585365853658538,0.0,0,-5,-2,2459.322021484375
35,0.7073170731707317,0.0,0,-5,-2,2459.322021484375
36,0.7560975609756098,0.0,0,-5,-2,2459.322021484375
37,0.8048780487804879,0.0,0,-5,-2,2459.322021484375
38,0.853658536585366,0.0,0,-5,-2,2459.322021484375
39,0.902439024390244,0.0,0,-5,-2,2459.322021484375
40,0.9512195121951219,0.0,0,-5,-2,2459.322021484375
41,1.0,0.0,0,-5,-2,2459.322021484375
0,-1.0,0.005990760866552591,0,-3,-1,2459.322021484375
1,-0.9512195121951219,0.001773841679096222,0,-3,-1,2459.322021484375
2,-0.9024390243902439,0.0006273467442952096,0,-3,-1,2459.322021484375
3,-0.8536585365853658,0.12884312868118286,0,-3,-1,2459.322021484375
4,-0.8048780487804879,0.01127159595489502,0,-3,-1,2459.322021484375
5,-0.7560975609756098,0.026217617094516754,0,-3,-1,2459.322021484375
6,-0.7073170731707317,0.017062831670045853,0,-3,-1,2459.322021484375
7,-0.6585365853658536,0.027926422655582428,0,-3,-1,2459.322021484375
8,-0.6097560975609756,0.0015040270518511534,0,-3,-1,2459.322021484375
9,-0.5609756097560976,0.008964804001152515,0,-3,-1,2459.322021484375
10,-0.5121951219512195,0.0010130091104656458,0,-3,-1,2459.322021484375
11,-0.46341463414634143,0.002511566737666726,0,-3,-1,2459.322021484375
12,-0.41463414634146334,0.003954025916755199,0,-3,-1,2459.322021484375
13,-0.36585365853658536,0.0017530677141621709,0,-3,-1,2459.322021484375
14,-0.31707317073170727,0.00137113977689296,0,-3,-1,2459.322021484375
15,-0.2682926829268293,0.002541997702792287,0,-3,-1,2459.322021484375
16,-0.2195121951219512,0.0005984139279462397,0,-3,-1,2459.322021484375
17,-0.1707317073170731,0.001326307188719511,0,-3,-1,2459.322021484375
18,-0.12195121951219512,0.0012024921597912908,0,-3,-1,2459.322021484375
19,-0.07317073170731703,0.00011493849888211116,0,-3,-1,2459.322021484375
20,-0.024390243902439046,0.00042902512359432876,0,-3,-1,2459.322021484375
21,0.024390243902439046,0.0009539537131786346,0,-3,-1,2459.322021484375
22,0.07317073170731714,0.0002738997573032975,0,-3,-1,2459.322021484375
23,0.12195121951219523,0.0008560304413549602,0,-3,-1,2459.322021484375
24,0.17073170731707332,5.614069596049376e-05,0,-3,-1,2459.322021484375
25,0.2195121951219512,0.0007321691373363137,0,-3,-1,2459.322021484375
26,0.2682926829268293,0.0002800950896926224,0,-3,-1,2459.322021484375
27,0.3170731707317074,0.00020758093160111457,0,-3,-1,2459.322021484375
28,0.36585365853658547,0.00047218374675139785,0,-3,-1,2459.322021484375
29,0.41463414634146356,8.71693337103352e-05,0,-3,-1,2459.322021484375
30,0.46341463414634143,0.0004318628634791821,0,-3,-1,2459.322021484375
31,0.5121951219512195,0.00015296526544261724,0,-3,-1,2459.322021484375
32,0.5609756097560976,0.0002910305338446051,0,-3,-1,2459.322021484375
33,0.6097560975609757,0.00018174073193222284,0,-3,-1,2459.322021484375
34,0.6585365853658538,0.00019700633129104972,0,-3,-1,2459.322021484375
35,0.7073170731707317,0.00010783730249386281,0,-3,-1,2459.322021484375
36,0.7560975609756098,0.0002342617663089186,0,-3,-1,2459.322021484375
37,0.8048780487804879,6.480299634858966e-05,0,-3,-1,2459.322021484375
38,0.853658536585366,0.0,0,-3,-1,2459.322021484375
39,0.902439024390244,0.0,0,-3,-1,2459.322021484375
40,0.9512195121951219,0.0,0,-3,-1,2459.322021484375
41,1.0,0.0,0,-3,-1,2459.322021484375
0,-1.0,0.00014178223500493914,0,3,1,2459.322021484375
1,-0.9512195121951219,0.00035554086207412183,0,3,1,2459.322021484375
2,-0.9024390243902439,0.00036540525616146624,0,3,1,2459.322021484375
3,-0.8536585365853658,0.00022145053662825376,0,3,1,2459.322021484375
4,-0.8048780487804879,0.0007031881250441074,0,3,1,2459.322021484375
5,-0.7560975609756098,0.0007324466714635491,0,3,1,2459.322021484375
6,-0.7073170731707317,1.2602455171872862e-05,0,3,1,2459.322021484375
7,-0.6585365853658536,0.001338979578576982,0,3,1,2459.322021484375
8,-0.6097560975609756,2.7382657208363526e-05,0,3,1,2459.322021484375
9,-0.5609756097560976,0.0010245799785479903,0,3,1,2459.322021484375
10,-0.5121951219512195,0.0001529636501800269,0,3,1,2459.322021484375
11,-0.46341463414634143,0.0005633715190924704,0,3,1,2459.322021484375
12,-0.41463414634146334,0.0019803305622190237,0,3,1,2459.322021484375
13,-0.36585365853658536,0.0003545328218024224,0,3,1,2459.322021484375
14,-0.31707317073170727,0.0014435758348554373,0,3,1,2459.322021484375
15,-0.2682926829268293,0.0007510505383834243,0,3,1,2459.322021484375
16,-0.2195121951219512,0.0028277409728616476,0,3,1,2459.322021484375
17,-0.1707317073170731,0.0005025528371334076,0,3,1,2459.322021484375
18,-0.12195121951219512,0.005311546381562948,0,3,1,2459.322021484375
19,-0.07317073170731703,0.005458776373416185,0,3,1,2459.322021484375
20,-0.024390243902439046,0.0020853301975876093,0,3,1,2459.322021484375
21,0.024390243902439046,0.01124989241361618,0,3,1,2459.322021484375
22,0.07317073170731714,0.01324501819908619,0,3,1,2459.322021484375
23,0.12195121951219523,0.019617537036538124,0,3,1,2459.322021484375
24,0.17073170731707332,0.10657959431409836,0,3,1,2459.322021484375
25,0.2195121951219512,0.30867689847946167,0,3,1,2459.322021484375
26,0.2682926829268293,0.3523823618888855,0,3,1,2459.322021484375
27,0.3170731707317074,0.10116063803434372,0,3,1,2459.322021484375
28,0.36585365853658547,0.0021228529512882233,0,3,1,2459.322021484375
29,0.41463414634146356,0.021875886246562004,0,3,1,2459.322021484375
30,0.46341463414634143,9.941412281477824e-05,0,3,1,2459.322021484375
31,0.5121951219512195,0.008357093669474125,0,3,1,2459.322021484375
32,0.5609756097560976,0.0005378993228077888,0,3,1,2459.322021484375
33,0.6097560975609757,0.002713806228712201,0,3,1,2459.322021484375
34,0.6585365853658538,0.0007189721800386906,0,3,1,2459.322021484375
35,0.7073170731707317,0.002280095126479864,0,3,1,2459.322021484375
36,0.7560975609756098,0.002259586239233613,0,3,1,2459.322021484375
37,0.8048780487804879,0.0008598763961344957,0,3,1,2459.322021484375
38,0.853658536585366,0.0021366148721426725,0,3,1,2459.322021484375
39,0.902439024390244,6.12614894635044e-05,0,3,1,2459.322021484375
40,0.9512195121951219,0.0012642606161534786,0,3,1,2459.322021484375
41,1.0,2.008399349051615e-07,0,3,1,2459.322021484375
0,-1.0,8.622079803899396e-06,0,4,1,2459.322021484375
1,-0.9512195121951219,1.3773089449387044e-05,0,4,1,2459.322021484375
2,-0.9024390243902439,5.80239020564477e-06,0,4,1,2459.322021484375
3,-0.8536585365853658,5.845949272043072e-05,0,4,1,2459.322021484375
4,-0.8048780487804879,0.0004318698192946613,0,4,1,2459.322021484375
5,-0.7560975609756098,0.0009410465718246996,0,4,1,2459.322021484375
6,-0.7073170731707317,0.0021734938491135836,0,4,1,2459.322021484375
7,-0.6585365853658536,0.16313858330249786,0,4,1,2459.322021484375
8,-0.6097560975609756,0.01348838210105896,0,4,1,2459.322021484375
9,-0.5609756097560976,0.0018949784571304917,0,4,1,2459.322021484375
10,-0.5121951219512195,0.0035969861783087254,0,4,1,2459.322021484375
11,-0.46341463414634143,0.0013093617744743824,0,4,1,2459.322021484375
12,-0.41463414634146334,3.727528019226156e-05,0,4,1,2459.322021484375
13,-0.36585365853658536,2.6714662453741767e-05,0,4,1,2459.322021484375
14,-0.31707317073170727,3.9238100725924596e-05,0,4,1,2459.322021484375
15,-0.2682926829268293,0.00013669795589521527,0,4,1,2459.322021484375
16,-0.2195121951219512,0.00013445995864458382,0,4,1,2459.322021484375
17,-0.1707317073170731,6.985502841416746e-05,0,4,1,2459.322021484375
18,-0.12195121951219512,8.871334102877881e-06,0,4,1,2459.322021484375
19,-0.07317073170731703,1.227848542839638e-06,0,4,1,2459.322021484375
20,-0.024390243902439046,4.343777254689485e-05,0,4,1,2459.322021484375
21,0.024390243902439046,3.377102984813973e-05,0,4,1,2459.322021484375
22,0.07317073170731714,6.519113867398119e-06,0,4,1,2459.322021484375
23,0.12195121951219523,1.5219608030747622e-05,0,4,1,2459.322021484375
24,0.17073170731707332,4.396052099764347e-05,0,4,1,2459.322021484375
25,0.2195121951219512,7.987178832991049e-05,0,4,1,2459.322021484375
26,0.2682926829268293,6.189043779158965e-05,0,4,1,2459.322021484375
27,0.3170731707317074,3.39186517521739e-05,0,4,1,2459.322021484375
28,0.36585365853658547,4.9962723096541595e-06,0,4,1,2459.322021484375
29,0.41463414634146356,7.27875567463343e-06,0,4,1,2459.322021484375
30,0.46341463414634143,8.58397197589511e-06,0,4,1,2459.322021484375
31,0.5121951219512195,1.8510482959754881e-06,0,4,1,2459.322021484375
32,0.5609756097560976,1.1122838259325363e-05,0,4,1,2459.322021484375
33,0.6097560975609757,0.0,0,4,1,2459.322021484375
34,0.6585365853658538,0.0,0,4,1,2459.322021484375
35,0.7073170731707317,0.0,0,4,1,2459.322021484375
36,0.7560975609756098,0.0,0,4,1,2459.322021484375
37,0.8048780487804879,0.0,0,4,1,2459.322021484375
38,0.853658536585366,0.0,0,4,1,2459.322021484375
39,0.902439024390244,0.0,0,4,1,2459.322021484375
40,0.9512195121951219,0.0,0,4,1,2459.322021484375
41,1.0,0.0,0,4,1,2459.322021484375
0,-1.0,0.0,0,6,2,2459.322021484375
1,-0.9512195121951219,0.0,0,6,2,2459.322021484375
2,-0.9024390243902439,0.0,0,6,2,2459.322021484375
3,-0.8536585365853658,0.0,0,6,2,2459.322021484375
4,-0.8048780487804879,0.0,0,6,2,2459.322021484375
5,-0.7560975609756098,0.0,0,6,2,2459.322021484375
6,-0.7073170731707317,0.0,0,6,2,2459.322021484375
7,-0.6585365853658536,0.0,0,6,2,2459.322021484375
8,-0.6097560975609756,0.0,0,6,2,2459.322021484375
9,-0.5609756097560976,0.0,0,6,2,2459.322021484375
10,-0.5121951219512195,0.0,0,6,2,2459.322021484375
11,-0.46341463414634143,0.0,0,6,2,2459.322021484375
12,-0.41463414634146334,0.0,0,6,2,2459.322021484375
13,-0.36585365853658536,0.0,0,6,2,2459.322021484375
14,-0.31707317073170727,0.0,0,6,2,2459.322021484375
15,-0.2682926829268293,0.0,0,6,2,2459.322021484375
16,-0.2195121951219512,0.0,0,6,2,2459.322021484375
17,-0.1707317073170731,0.0,0,6,2,2459.322021484375
18,-0.12195121951219512,0.0,0,6,2,2459.322021484375
19,-0.07317073170731703,0.0,0,6,2,2459.322021484375
20,-0.024390243902439046,3.063312306039734e-06,0,6,2,2459.322021484375
21,0.024390243902439046,1.2463427083275747e-05,0,6,2,2459.322021484375
22,0.07317073170731714,1.0348612704547122e-05,0,6,2,2459.322021484375
23,0.12195121951219523,5.2905988923157565e-06,0,6,2,2459.322021484375
24,0.17073170731707332,3.8314425182761624e-05,0,6,2,2459.322021484375
25,0.2195121951219512,0.00021934554388280958,0,6,2,2459.322021484375
26,0.2682926829268293,0.00017960551485884935,0,6,2,2459.322021484375
27,0.3170731707317074,7.43965501897037e-05,0,6,2,2459.322021484375
28,0.36585365853658547,6.248720865187352e-07,0,6,2,2459.322021484375
29,0.41463414634146356,1.1534968507476151e-05,0,6,2,2459.322021484375
30,0.46341463414634143,1.9057112012887956e-06,0,6,2,2459.322021484375
31,0.5121951219512195,4.163749963481678e-06,0,6,2,2459.322021484375
32,0.5609756097560976,9.012854206957854e-06,0,6,2,2459.322021484375
33,0.6097560975609757,1.293806235480588e-06,0,6,2,2459.322021484375
34,0.6585365853658538,1.259738110093167e-05,0,6,2,2459.322021484375
35,0.7073170731707317,1.8591823391034268e-05,0,6,2,2459.322021484375
36,0.7560975609756098,0.0016536071198061109,0,6,2,2459.322021484375
37,0.8048780487804879,4.560389425023459e-05,0,6,2,2459.322021484375
38,0.853658536585366,2.7217720344197005e-05,0,6,2,2459.322021484375
39,0.902439024390244,4.462432571017416e-06,0,6,2,2459.322021484375
40,0.9512195121951219,4.066343080921797e-06,0,6,2,2459.322021484375
41,1.0,1.7104664493672317e-06,0,6,2,2459.322021484375
0,-1.0,0.0,0,7,2,2459.322021484375
1,-0.9512195121951219,0.0,0,7,2,2459.322021484375
2,-0.9024390243902439,0.0,0,7,2,2459.322021484375
3,-0.8536585365853658,0.0,0,7,2,2459.322021484375
4,-0.8048780487804879,0.0,0,7,2,2459.322021484375
5,-0.7560975609756098,0.0,0,7,2,2459.322021484375
6,-0.7073170731707317,0.0,0,7,2,2459.322021484375
7,-0.6585365853658536,0.0,0,7,2,2459.322021484375
8,-0.6097560975609756,0.0,0,7,2,2459.322021484375
9,-0.5609756097560976,0.0,0,7,2,2459.322021484375
10,-0.5121951219512195,0.0,0,7,2,2459.322021484375
11,-0.46341463414634143,0.0,0,7,2,2459.322021484375
12,-0.41463414634146334,0.0,0,7,2,2459.322021484375
13,-0.36585365853658536,4.318824053939352e-08,0,7,2,2459.322021484375
14,-0.31707317073170727,9.003236414173443e-07,0,7,2,2459.322021484375
15,-0.2682926829268293,1.8372378463027417e-07,0,7,2,2459.322021484375
16,-0.2195121951219512,9.598034012014978e-07,0,7,2,2459.322021484375
17,-0.1707317073170731,9.830868066273979e-07,0,7,2,2459.322021484375
18,-0.12195121951219512,5.972256076347549e-07,0,7,2,2459.322021484375
19,-0.07317073170731703,4.63716423837468e-06,0,7,2,2459.322021484375
20,-0.024390243902439046,1.512776088929968e-05,0,7,2,2459.322021484375
21,0.024390243902439046,3.7552251797023928e-06,0,7,2,2459.322021484375
22,0.07317073170731714,1.0335313760378995e-07,0,7,2,2459.322021484375
23,0.12195121951219523,2.026394668064313e-06,0,7,2,2459.322021484375
24,0.17073170731707332,6.850966201454867e-06,0,7,2,2459.322021484375
25,0.2195121951219512,6.0388385463738814e-05,0,7,2,2459.322021484375
26,0.2682926829268293,0.000316068617394194,0,7,2,2459.322021484375
27,0.3170731707317074,0.01788400672376156,0,7,2,2459.322021484375
28,0.36585365853658547,0.0008488685125485063,0,7,2,2459.322021484375
29,0.41463414634146356,8.718571916688234e-05,0,7,2,2459.322021484375
30,0.46341463414634143,3.6833895137533545e-05,0,7,2,2459.322021484375
31,0.5121951219512195,2.4550878151785582e-05,0,7,2,2459.322021484375
32,0.5609756097560976,1.4738913705514278e-05,0,7,2,2459.322021484375
33,0.6097560975609757,5.413176040747203e-06,0,7,2,2459.322021484375
34,0.6585365853658538,1.0460057637828868e-06,0,7,2,2459.322021484375
35,0.7073170731707317,1.5814591733942507e-06,0,7,2,2459.322021484375
36,0.7560975609756098,2.268444347919285e-07,0,7,2,2459.322021484375
37,0.8048780487804879,9.777477316674776e-07,0,7,2,2459.322021484375
38,0.853658536585366,4.0744006923887355e-07,0,7,2,2459.322021484375
39,0.902439024390244,1.1254622123146873e-08,0,7,2,2459.322021484375
40,0.9512195121951219,4.018478705347661e-07,0,7,2,2459.322021484375
41,1.0,2.736665862812515e-07,0,7,2,2459.322021484375
0,-1.0,0.0,0,8,2,2459.322021484375
1,-0.9512195121951219,0.0,0,8,2,2459.322021484375
2,-0.9024390243902439,0.0,0,8,2,2459.322021484375
3,-0.8536585365853658,0.0,0,8,2,2459.322021484375
4,-0.8048780487804879,0.0,0,8,2,2459.322021484375
5,-0.7560975609756098,0.0,0,8,2,2459.322021484375
6,-0.7073170731707317,0.0,0,8,2,2459.322021484375
7,-0.6585365853658536,0.0,0,8,2,2459.322021484375
8,-0.6097560975609756,0.0,0,8,2,2459.322021484375
9,-0.5609756097560976,8.440942877996349e-08,0,8,2,2459.322021484375
10,-0.5121951219512195,7.228866820696567e-07,0,8,2,2459.322021484375
11,-0.46341463414634143,7.171701668085007e-07,0,8,2,2459.322021484375
12,-0.41463414634146334,2.461531494191149e-07,0,8,2,2459.322021484375
13,-0.36585365853658536,6.910279921612528e-07,0,8,2,2459.322021484375
14,-0.31707317073170727,1.3785662531518028e-06,0,8,2,2459.322021484375
15,-0.2682926829268293,1.0461810688866535e-06,0,8,2,2459.322021484375
16,-0.2195121951219512,1.5144745475481614e-06,0,8,2,2459.322021484375
17,-0.1707317073170731,8.9510622274247e-06,0,8,2,2459.322021484375
18,-0.12195121951219512,1.4317696695798077e-05,0,8,2,2459.322021484375
19,-0.07317073170731703,9.888732392937527e-07,0,8,2,2459.322021484375
20,-0.024390243902439046,0.0003419817076064646,0,8,2,2459.322021484375
21,0.024390243902439046,0.0030984384939074516,0,8,2,2459.322021484375
22,0.07317073170731714,3.830034256679937e-05,0,8,2,2459.322021484375
23,0.12195121951219523,9.885806321108248e-06,0,8,2,2459.322021484375
24,0.17073170731707332,1.5003612361397245e-06,0,8,2,2459.322021484375
25,0.2195121951219512,1.2337223154190724e-07,0,8,2,2459.322021484375
26,0.2682926829268293,7.886329171924444e-07,0,8,2,2459.322021484375
27,0.3170731707317074,8.65987385623157e-06,0,8,2,2459.322021484375
28,0.36585365853658547,2.0785967080882983e-06,0,8,2,2459.322021484375
29,0.41463414634146356,1.1608265140239382e-06,0,8,2,2459.322021484375
30,0.46341463414634143,8.185703848084813e-08,0,8,2,2459.322021484375
31,0.5121951219512195,2.0881358864244248e-07,0,8,2,2459.322021484375
32,0.5609756097560976,8.162342055584304e-07,0,8,2,2459.322021484375
33,0.6097560975609757,5.2830461783059945e-08,0,8,2,2459.322021484375
34,0.6585365853658538,0.0,0,8,2,2459.322021484375
35,0.7073170731707317,0.0,0,8,2,2459.322021484375
36,0.7560975609756098,0.0,0,8,2,2459.322021484375
37,0.8048780487804879,0.0,0,8,2,2459.322021484375
38,0.853658536585366,0.0,0,8,2,2459.322021484375
39,0.902439024390244,0.0,0,8,2,2459.322021484375
40,0.9512195121951219,0.0,0,8,2,2459.322021484375
41,1.0,0.0,0,8,2,2459.322021484375
0,-1.0,0.0,0,9,2,2459.322021484375
1,-0.9512195121951219,0.0,0,9,2,2459.322021484375
2,-0.9024390243902439,0.0,0,9,2,2459.322021484375
3,-0.8536585365853658,0.0,0,9,2,2459.322021484375
4,-0.8048780487804879,0.0,0,9,2,2459.322021484375
5,-0.7560975609756098,0.0,0,9,2,2459.322021484375
6,-0.7073170731707317,0.0,0,9,2,2459.322021484375
7,-0.6585365853658536,9.859184046945302e-07,0,9,2,2459.322021484375
8,-0.6097560975609756,5.324458470568061e-06,0,9,2,2459.322021484375
9,-0.5609756097560976,1.430887550668558e-07,0,9,2,2459.322021484375
10,-0.5121951219512195,7.237848365093669e-08,0,9,2,2459.322021484375
11,-0.46341463414634143,1.163952788374445e-06,0,9,2,2459.322021484375
12,-0.41463414634146334,4.031812466109841e-07,0,9,2,2459.322021484375
13,-0.36585365853658536,3.054708577110432e-05,0,9,2,2459.322021484375
14,-0.31707317073170727,1.8248796322950511e-06,0,9,2,2459.322021484375
15,-0.2682926829268293,1.3113814247844857e-06,0,9,2,2459.322021484375
16,-0.2195121951219512,2.92805543722352e-05,0,9,2,2459.322021484375
17,-0.1707317073170731,0.001649164012633264,0,9,2,2459.322021484375
18,-0.12195121951219512,1.6515867173438892e-05,0,9,2,2459.322021484375
19,-0.07317073170731703,7.343159268202726e-06,0,9,2,2459.322021484375
20,-0.024390243902439046,5.938427989349293e-07,0,9,2,2459.322021484375
21,0.024390243902439046,6.188223778735846e-06,0,9,2,2459.322021484375
22,0.07317073170731714,3.193047746208322e-07,0,9,2,2459.322021484375
23,0.12195121951219523,1.4820254534697597e-07,0,9,2,2459.322021484375
24,0.17073170731707332,1.6221845555719483e-07,0,9,2,2459.322021484375
25,0.2195121951219512,7.939369766063464e-07,0,9,2,2459.322021484375
26,0.2682926829268293,3.154765124691039e-07,0,9,2,2459.322021484375
27,0.3170731707317074,3.37013739226677e-06,0,9,2,2459.322021484375
28,0.36585365853658547,9.273666705666983e-07,0,9,2,2459.322021484375
29,0.41463414634146356,0.0,0,9,2,2459.322021484375
30,0.46341463414634143,0.0,0,9,2,2459.322021484375
31,0.5121951219512195,0.0,0,9,2,2459.322021484375
32,0.5609756097560976,0.0,0,9,2,2459.322021484375
33,0.6097560975609757,0.0,0,9,2,2459.322021484375
34,0.6585365853658538,0.0,0,9,2,2459.322021484375
35,0.7073170731707317,0.0,0,9,2,2459.322021484375
36,0.7560975609756098,0.0,0,9,2,2459.322021484375
37,0.8048780487804879,0.0,0,9,2,2459.322021484375
38,0.853658536585366,0.0,0,9,2,2459.322021484375
39,0.902439024390244,0.0,0,9,2,2459.322021484375
40,0.9512195121951219,0.0,0,9,2,2459.322021484375
41,1.0,0.0,0,9,2,2459.322021484375
0,-1.0,0.0,1,-8,-8,2459.322021484375
1,-0.9512195121951219,0.0,1,-8,-8,2459.322021484375
2,-0.9024390243902439,0.0,1,-8,-8,2459.322021484375
3,-0.8536585365853658,0.0,1,-8,-8,2459.322021484375
4,-0.8048780487804879,0.0,1,-8,-8,2459.322021484375
5,-0.7560975609756098,0.0,1,-8,-8,2459.322021484375
6,-0.7073170731707317,0.0,1,-8,-8,2459.322021484375
7,-0.6585365853658536,0.0,1,-8,-8,2459.322021484375
8,-0.6097560975609756,0.0,1,-8,-8,2459.322021484375
9,-0.5609756097560976,0.0,1,-8,-8,2459.322021484375
10,-0.5121951219512195,0.0,1,-8,-8,2459.322021484375
11,-0.46341463414634143,0.0,1,-8,-8,2459.322021484375
12,-0.41463414634146334,0.0,1,-8,-8,2459.322021484375
13,-0.36585365853658536,0.0,1,-8,-8,2459.322021484375
14,-0.31707317073170727,0.0,1,-8,-8,2459.322021484375
15,-0.2682926829268293,0.0,1,-8,-8,2459.322021484375
16,-0.2195121951219512,0.0,1,-8,-8,2459.322021484375
17,-0.1707317073170731,0.0,1,-8,-8,2459.322021484375
18,-0.12195121951219512,0.0,1,-8,-8,2459.322021484375
19,-0.07317073170731703,0.0,1,-8,-8,2459.322021484375
20,-0.024390243902439046,1.3417727018349979e-07,1,-8,-8,2459.322021484375
21,0.024390243902439046,3.3888201755871705e-07,1,-8,-8,2459.322021484375
22,0.07317073170731714,4.299588169942581e-07,1,-8,-8,2459.322021484375
23,0.12195121951219523,3.4272019888703653e-07,1,-8,-8,2459.322021484375
24,0.17073170731707332,2.4894123384910927e-07,1,-8,-8,2459.322021484375
25,0.2195121951219512,1.577202056068927e-06,1,-8,-8,2459.322021484375
26,0.2682926829268293,5.707731816073647e-06,1,-8,-8,2459.322021484375
27,0.3170731707317074,3.5411660519457655e-06,1,-8,-8,2459.322021484375
28,0.36585365853658547,5.507604328158777e-06,1,-8,-8,2459.322021484375
29,0.41463414634146356,1.38426923967927e-06,1,-8,-8,2459.322021484375
30,0.46341463414634143,2.5901445042109117e-06,1,-8,-8,2459.322021484375
31,0.5121951219512195,1.3671937267645262e-05,1,-8,-8,2459.322021484375
32,0.5609756097560976,7.70545011619106e-05,1,-8,-8,2459.322021484375
33,0.6097560975609757,0.00012376351514831185,1,-8,-8,2459.322021484375
34,0.6585365853658538,0.00011116335372207686,1,-8,-8,2459.322021484375
35,0.7073170731707317,2.0781160401384113e-06,1,-8,-8,2459.322021484375
36,0.7560975609756098,2.5004953840834787e-06,1,-8,-8,2459.322021484375
37,0.8048780487804879,6.239255867512838e-08,1,-8,-8,2459.322021484375
38,0.853658536585366,1.0870426336850869e-07,1,-8,-8,2459.322021484375
39,0.902439024390244,8.235911082010716e-07,1,-8,-8,2459.322021484375
40,0.9512195121951219,7.766448675283755e-07,1,-8,-8,2459.322021484375
41,1.0,1.6524647890037159e-06,1,-8,-8,2459.322021484375
0,-1.0,1.7622537598072086e-06,1,-8,-7,2459.322021484375
1,-0.9512195121951219,5.269267057883553e-05,1,-8,-7,2459.322021484375
2,-0.9024390243902439,2.8581853257492185e-05,1,-8,-7,2459.322021484375
3,-0.8536585365853658,0.00023503122793044895,1,-8,-7,2459.322021484375
4,-0.8048780487804879,0.00012191596761113033,1,-8,-7,2459.322021484375
5,-0.7560975609756098,5.2235813200240955e-05,1,-8,-7,2459.322021484375
6,-0.7073170731707317,1.4284000826592091e-06,1,-8,-7,2459.322021484375
7,-0.6585365853658536,6.507128205157642e-07,1,-8,-7,2459.322021484375
8,-0.6097560975609756,4.1331173861181014e-07,1,-8,-7,2459.322021484375
9,-0.5609756097560976,1.910817445605062e-06,1,-8,-7,2459.322021484375
10,-0.5121951219512195,2.0202885764319944e-07,1,-8,-7,2459.322021484375
11,-0.46341463414634143,1.2697972806563484e-07,1,-8,-7,2459.322021484375
12,-0.41463414634146334,2.754836430085561e-07,1,-8,-7,2459.322021484375
13,-0.36585365853658536,1.3269898317957995e-06,1,-8,-7,2459.322021484375
14,-0.31707317073170727,4.174660261924146e-06,1,-8,-7,2459.322021484375
15,-0.2682926829268293,1.1222707598790294e-06,1,-8,-7,2459.322021484375
16,-0.2195121951219512,6.162610588944517e-06,1,-8,-7,2459.322021484375
17,-0.1707317073170731,0.0,1,-8,-7,2459.322021484375
18,-0.12195121951219512,0.0,1,-8,-7,2459.322021484375
19,-0.07317073170731703,0.0,1,-8,-7,2459.322021484375
20,-0.024390243902439046,0.0,1,-8,-7,2459.322021484375
21,0.024390243902439046,0.0,1,-8,-7,2459.322021484375
22,0.07317073170731714,0.0,1,-8,-7,2459.322021484375
23,0.12195121951219523,0.0,1,-8,-7,2459.322021484375
24,0.17073170731707332,0.0,1,-8,-7,2459.322021484375
25,0.2195121951219512,0.0,1,-8,-7,2459.322021484375
26,0.2682926829268293,0.0,1,-8,-7,2459.322021484375
27,0.3170731707317074,0.0,1,-8,-7,2459.322021484375
28,0.36585365853658547,0.0,1,-8,-7,2459.322021484375
29,0.41463414634146356,0.0,1,-8,-7,2459.322021484375
30,0.46341463414634143,0.0,1,-8,-7,2459.322021484375
31,0.5121951219512195,0.0,1,-8,-7,2459.322021484375
32,0.5609756097560976,0.0,1,-8,-7,2459.322021484375
33,0.6097560975609757,0.0,1,-8,-7,2459.322021484375
34,0.6585365853658538,0.0,1,-8,-7,2459.322021484375
35,0.7073170731707317,0.0,1,-8,-7,2459.322021484375
36,0.7560975609756098,0.0,1,-8,-7,2459.322021484375
37,0.8048780487804879,0.0,1,-8,-7,2459.322021484375
38,0.853658536585366,0.0,1,-8,-7,2459.322021484375
39,0.902439024390244,0.0,1,-8,-7,2459.322021484375
40,0.9512195121951219,0.0,1,-8,-7,2459.322021484375
41,1.0,0.0,1,-8,-7,2459.322021484375
0,-1.0,0.0,1,-7,-7,2459.322021484375
1,-0.9512195121951219,0.0,1,-7,-7,2459.322021484375
2,-0.9024390243902439,0.0,1,-7,-7,2459.322021484375
3,-0.8536585365853658,0.0,1,-7,-7,2459.322021484375
4,-0.8048780487804879,0.0,1,-7,-7,2459.322021484375
5,-0.7560975609756098,0.0,1,-7,-7,2459.322021484375
6,-0.7073170731707317,0.0,1,-7,-7,2459.322021484375
7,-0.6585365853658536,4.940923190588364e-07,1,-7,-7,2459.322021484375
8,-0.6097560975609756,8.830675710669311e-07,1,-7,-7,2459.322021484375
9,-0.5609756097560976,2.5319882297480945e-06,1,-7,-7,2459.322021484375
10,-0.5121951219512195,2.227445293101482e-06,1,-7,-7,2459.322021484375
11,-0.46341463414634143,1.0577849707260611e-06,1,-7,-7,2459.322021484375
12,-0.41463414634146334,1.76883872882172e-06,1,-7,-7,2459.322021484375
13,-0.36585365853658536,1.7071310765004455e-07,1,-7,-7,2459.322021484375
14,-0.31707317073170727,7.461888344550971e-06,1,-7,-7,2459.322021484375
15,-0.2682926829268293,1.7282036424148828e-05,1,-7,-7,2459.322021484375
16,-0.2195121951219512,9.614313057682011e-06,1,-7,-7,2459.322021484375
17,-0.1707317073170731,7.251672286656685e-06,1,-7,-7,2459.322021484375
18,-0.12195121951219512,1.7061528296835604e-06,1,-7,-7,2459.322021484375
19,-0.07317073170731703,8.985744557321595e-07,1,-7,-7,2459.322021484375
20,-0.024390243902439046,2.7868680263054557e-05,1,-7,-7,2459.322021484375
21,0.024390243902439046,0.0001732187083689496,1,-7,-7,2459.322021484375
22,0.07317073170731714,4.840662768401671e-06,1,-7,-7,2459.322021484375
23,0.12195121951219523,1.4859109796816483e-05,1,-7,-7,2459.322021484375
24,0.17073170731707332,7.212975106085651e-06,1,-7,-7,2459.322021484375
25,0.2195121951219512,5.001493263989687e-06,1,-7,-7,2459.322021484375
26,0.2682926829268293,2.57229658018332e-07,1,-7,-7,2459.322021484375
27,0.3170731707317074,1.3552053133025765e-06,1,-7,-7,2459.322021484375
28,0.36585365853658547,3.8933436030674784e-07,1,-7,-7,2459.322021484375
29,0.41463414634146356,1.5312434697989374e-06,1,-7,-7,2459.322021484375
30,0.46341463414634143,1.3602807484858204e-06,1,-7,-7,2459.322021484375
31,0.5121951219512195,1.88631861419708e-06,1,-7,-7,2459.322021484375
32,0.5609756097560976,8.991376603262324e-07,1,-7,-7,2459.322021484375
33,0.6097560975609757,1.5199320841929875e-06,1,-7,-7,2459.322021484375
34,0.6585365853658538,1.0382584150647745e-05,1,-7,-7,2459.322021484375
35,0.7073170731707317,7.438488864863757e-06,1,-7,-7,2459.322021484375
36,0.7560975609756098,0.0,1,-7,-7,2459.322021484375
37,0.8048780487804879,0.0,1,-7,-7,2459.322021484375
38,0.853658536585366,0.0,1,-7,-7,2459.322021484375
39,0.902439024390244,0.0,1,-7,-7,2459.322021484375
40,0.9512195121951219,0.0,1,-7,-7,2459.322021484375
41,1.0,0.0,1,-7,-7,2459.322021484375
0,-1.0,5.915501242270693e-05,1,-6,-6,2459.322021484375
1,-0.9512195121951219,5.3187486628303304e-05,1,-6,-6,2459.322021484375
2,-0.9024390243902439,0.00022035955043975264,1,-6,-6,2459.322021484375
3,-0.8536585365853658,0.0005831677699461579,1,-6,-6,2459.322021484375
4,-0.8048780487804879,0.005632278509438038,1,-6,-6,2459.322021484375
5,-0.7560975609756098,0.013307611458003521,1,-6,-6,2459.322021484375
6,-0.7073170731707317,0.0006505736382678151,1,-6,-6,2459.322021484375
7,-0.6585365853658536,0.00016911524289753288,1,-6,-6,2459.322021484375
8,-0.6097560975609756,3.9114725950639695e-05,1,-6,-6,2459.322021484375
9,-0.5609756097560976,6.20973005425185e-05,1,-6,-6,2459.322021484375
10,-0.5121951219512195,2.4582988771726377e-05,1,-6,-6,2459.322021484375
11,-0.46341463414634143,6.456119081121869e-06,1,-6,-6,2459.322021484375
12,-0.41463414634146334,3.487829235382378e-05,1,-6,-6,2459.322021484375
13,-0.36585365853658536,3.6400747376319487e-06,1,-6,-6,2459.322021484375
14,-0.31707317073170727,1.645578049647156e-05,1,-6,-6,2459.322021484375
15,-0.2682926829268293,4.5851695062992803e-07,1,-6,-6,2459.322021484375
16,-0.2195121951219512,6.696933724015253e-06,1,-6,-6,2459.322021484375
17,-0.1707317073170731,1.986033112189034e-06,1,-6,-6,2459.322021484375
18,-0.12195121951219512,4.961860895491554e-07,1,-6,-6,2459.322021484375
19,-0.07317073170731703,3.6660499063145835e-06,1,-6,-6,2459.322021484375
20,-0.024390243902439046,1.1185193216078915e-06,1,-6,-6,2459.322021484375
21,0.024390243902439046,2.99162252304086e-06,1,-6,-6,2459.322021484375
22,0.07317073170731714,0.0,1,-6,-6,2459.322021484375
23,0.12195121951219523,0.0,1,-6,-6,2459.322021484375
24,0.17073170731707332,0.0,1,-6,-6,2459.322021484375
25,0.2195121951219512,0.0,1,-6,-6,2459.322021484375
26,0.2682926829268293,0.0,1,-6,-6,2459.322021484375
27,0.3170731707317074,0.0,1,-6,-6,2459.322021484375
28,0.36585365853658547,0.0,1,-6,-6,2459.322021484375
29,0.41463414634146356,0.0,1,-6,-6,2459.322021484375
30,0.46341463414634143,0.0,1,-6,-6,2459.322021484375
31,0.5121951219512195,0.0,1,-6,-6,2459.322021484375
32,0.5609756097560976,0.0,1,-6,-6,2459.322021484375
33,0.6097560975609757,0.0,1,-6,-6,2459.322021484375
34,0.6585365853658538,0.0,1,-6,-6,2459.322021484375
35,0.7073170731707317,0.0,1,-6,-6,2459.322021484375
36,0.7560975609756098,0.0,1,-6,-6,2459.322021484375
37,0.8048780487804879,0.0,1,-6,-6,2459.322021484375
38,0.853658536585366,0.0,1,-6,-6,2459.322021484375
39,0.902439024390244,0.0,1,-6,-6,2459.322021484375
40,0.9512195121951219,0.0,1,-6,-6,2459.322021484375
41,1.0,0.0,1,-6,-6,2459.322021484375
0,-1.0,0.0,1,-5,-6,2459.322021484375
1,-0.9512195121951219,0.0,1,-5,-6,2459.322021484375
2,-0.9024390243902439,0.0,1,-5,-6,2459.322021484375
3,-0.8536585365853658,0.0,1,-5,-6,2459.322021484375
4,-0.8048780487804879,0.0,1,-5,-6,2459.322021484375
5,-0.7560975609756098,0.0,1,-5,-6,2459.322021484375
6,-0.7073170731707317,0.0,1,-5,-6,2459.322021484375
7,-0.6585365853658536,8.467515613119758e-07,1,-5,-6,2459.322021484375
8,-0.6097560975609756,1.3668243354914011e-06,1,-5,-6,2459.322021484375
9,-0.5609756097560976,5.706849606212927e-06,1,-5,-6,2459.322021484375
10,-0.5121951219512195,1.566671380714979e-05,1,-5,-6,2459.322021484375
11,-0.46341463414634143,0.00010467695392435417,1,-5,-6,2459.322021484375
12,-0.41463414634146334,8.314626143146597e-07,1,-5,-6,2459.322021484375
13,-0.36585365853658536,9.634638900024584e-07,1,-5,-6,2459.322021484375
14,-0.31707317073170727,1.2299453828745754e-06,1,-5,-6,2459.322021484375
15,-0.2682926829268293,7.617196843057172e-06,1,-5,-6,2459.322021484375
16,-0.2195121951219512,1.8760157445285586e-06,1,-5,-6,2459.322021484375
17,-0.1707317073170731,2.8298416054894915e-07,1,-5,-6,2459.322021484375
18,-0.12195121951219512,3.797465240040765e-07,1,-5,-6,2459.322021484375
19,-0.07317073170731703,1.5011772802608903e-06,1,-5,-6,2459.322021484375
20,-0.024390243902439046,1.7514557839604095e-06,1,-5,-6,2459.322021484375
21,0.024390243902439046,3.2473490136908367e-06,1,-5,-6,2459.322021484375
22,0.07317073170731714,1.1413379979785532e-05,1,-5,-6,2459.322021484375
23,0.12195121951219523,7.173605263233185e-05,1,-5,-6,2459.322021484375
24,0.17073170731707332,2.614053119032178e-05,1,-5,-6,2459.322021484375
25,0.2195121951219512,1.3541233784053475e-05,1,-5,-6,2459.322021484375
26,0.2682926829268293,8.841924136504531e-05,1,-5,-6,2459.322021484375
27,0.3170731707317074,0.0001509903813712299,1,-5,-6,2459.322021484375
28,0.36585365853658547,0.000532584439497441,1,-5,-6,2459.322021484375
29,0.41463414634146356,4.771765088662505e-05,1,-5,-6,2459.322021484375
30,0.46341463414634143,0.00015774983330629766,1,-5,-6,2459.322021484375
31,0.5121951219512195,0.0001966811832971871,1,-5,-6,2459.322021484375
32,0.5609756097560976,2.3935086574056186e-05,1,-5,-6,2459.322021484375
33,0.6097560975609757,6.989048870309489e-06,1,-5,-6,2459.322021484375
34,0.6585365853658538,2.7030551791540347e-05,1,-5,-6,2459.322021484375
35,0.7073170731707317,1.1543220352905337e-05,1,-5,-6,2459.322021484375
36,0.7560975609756098,4.044526122015668e-06,1,-5,-6,2459.322021484375
37,0.8048780487804879,6.002988357067807e-06,1,-5,-6,2459.322021484375
38,0.853658536585366,3.234358155168593e-05,1,-5,-6,2459.322021484375
39,0.902439024390244,1.2630885066755582e-06,1,-5,-6,2459.322021484375
40,0.9512195121951219,2.963566601010825e-07,1,-5,-6,2459.322021484375
41,1.0,2.042468622676097e-06,1,-5,-6,2459.322021484375
0,-1.0,3.4799757031578338e-06,1,-3,-5,2459.322021484375
1,-0.9512195121951219,3.2506741263205186e-05,1,-3,-5,2459.322021484375
2,-0.9024390243902439,1.1107176760560833e-05,1,-3,-5,2459.322021484375
3,-0.8536585365853658,3.523726263665594e-05,1,-3,-5,2459.322021484375
4,-0.8048780487804879,3.268887667218223e-05,1,-3,-5,2459.322021484375
5,-0.7560975609756098,1.9454204448265955e-05,1,-3,-5,2459.322021484375
6,-0.7073170731707317,7.740514774923213e-06,1,-3,-5,2459.322021484375
7,-0.6585365853658536,1.0041308996733278e-05,1,-3,-5,2459.322021484375
8,-0.6097560975609756,4.406838343129493e-05,1,-3,-5,2459.322021484375
9,-0.5609756097560976,2.3880355001892895e-05,1,-3,-5,2459.322021484375
10,-0.5121951219512195,5.480385516420938e-05,1,-3,-5,2459.322021484375
11,-0.46341463414634143,1.5520317901973613e-05,1,-3,-5,2459.322021484375
12,-0.41463414634146334,0.00013037461030762643,1,-3,-5,2459.322021484375
13,-0.36585365853658536,6.014416430843994e-05,1,-3,-5,2459.322021484375
14,-0.31707317073170727,3.551456029526889e-05,1,-3,-5,2459.322021484375
15,-0.2682926829268293,0.00020751258125528693,1,-3,-5,2459.322021484375
16,-0.2195121951219512,7.123716932255775e-05,1,-3,-5,2459.322021484375
17,-0.1707317073170731,0.00016169724403880537,1,-3,-5,2459.322021484375
18,-0.12195121951219512,2.8567392291733995e-05,1,-3,-5,2459.322021484375
19,-0.07317073170731703,0.00013329152716323733,1,-3,-5,2459.322021484375
20,-0.024390243902439046,2.9040420486126095e-05,1,-3,-5,2459.322021484375
21,0.024390243902439046,0.0003500763850752264,1,-3,-5,2459.322021484375
22,0.07317073170731714,3.9266597013920546e-05,1,-3,-5,2459.322021484375
23,0.12195121951219523,5.726919698645361e-05,1,-3,-5,2459.322021484375
24,0.17073170731707332,0.00022531772265210748,1,-3,-5,2459.322021484375
25,0.2195121951219512,0.001071904436685145,1,-3,-5,2459.322021484375
26,0.2682926829268293,0.0005726608796976507,1,-3,-5,2459.322021484375
27,0.3170731707317074,0.0013816363643854856,1,-3,-5,2459.322021484375
28,0.36585365853658547,0.0024598611053079367,1,-3,-5,2459.322021484375
29,0.41463414634146356,0.010756497271358967,1,-3,-5,2459.322021484375
30,0.46341463414634143,0.030068179592490196,1,-3,-5,2459.322021484375
31,0.5121951219512195,0.14326561987400055,1,-3,-5,2459.322021484375
32,0.5609756097560976,0.006315090227872133,1,-3,-5,2459.322021484375
33,0.6097560975609757,0.004132367204874754,1,-3,-5,2459.322021484375
34,0.6585365853658538,0.0003054655098821968,1,-3,-5,2459.322021484375
35,0.7073170731707317,0.00026732837432064116,1,-3,-5,2459.322021484375
36,0.7560975609756098,0.001714558806270361,1,-3,-5,2459.322021484375
37,0.8048780487804879,0.0006192559376358986,1,-3,-5,2459.322021484375
38,0.853658536585366,0.0007439765031449497,1,-3,-5,2459.322021484375
39,0.902439024390244,7.432219717884436e-05,1,-3,-5,2459.322021484375
40,0.9512195121951219,1.450962827220792e-05,1,-3,-5,2459.322021484375
41,1.0,0.00022989721037447453,1,-3,-5,2459.322021484375
0,-1.0,0.01364346593618393,1,-1,-4,2459.322021484375
1,-0.9512195121951219,0.0011862182291224599,1,-1,-4,2459.322021484375
2,-0.9024390243902439,0.009863999672234058,1,-1,-4,2459.322021484375
3,-0.8536585365853658,0.009604763239622116,1,-1,-4,2459.322021484375
4,-0.8048780487804879,0.042352013289928436,1,-1,-4,2459.322021484375
5,-0.7560975609756098,0.07156500965356827,1,-1,-4,2459.322021484375
6,-0.7073170731707317,0.06021767109632492,1,-1,-4,2459.322021484375
7,-0.6585365853658536,0.0030606938526034355,1,-1,-4,2459.322021484375
8,-0.6097560975609756,0.11149769276380539,1,-1,-4,2459.322021484375
9,-0.5609756097560976,0.204292893409729,1,-1,-4,2459.322021484375
10,-0.5121951219512195,0.04356740415096283,1,-1,-4,2459.322021484375
11,-0.46341463414634143,0.16834314167499542,1,-1,-4,2459.322021484375
12,-0.41463414634146334,0.07314013689756393,1,-1,-4,2459.322021484375
13,-0.36585365853658536,0.007457774132490158,1,-1,-4,2459.322021484375
14,-0.31707317073170727,0.15542380511760712,1,-1,-4,2459.322021484375
15,-0.2682926829268293,0.24438358843326569,1,-1,-4,2459.322021484375
16,-0.2195121951219512,0.0834280252456665,1,-1,-4,2459.322021484375
17,-0.1707317073170731,0.09572891145944595,1,-1,-4,2459.322021484375
18,-0.12195121951219512,0.0017225404735654593,1,-1,-4,2459.322021484375
19,-0.07317073170731703,0.00332594639621675,1,-1,-4,2459.322021484375
20,-0.024390243902439046,0.01777472347021103,1,-1,-4,2459.322021484375
21,0.024390243902439046,0.019976137205958366,1,-1,-4,2459.322021484375
22,0.07317073170731714,0.001778988866135478,1,-1,-4,2459.322021484375
23,0.12195121951219523,0.0145616065710783,1,-1,-4,2459.322021484375
24,0.17073170731707332,0.002261165762320161,1,-1,-4,2459.322021484375
25,0.2195121951219512,0.010720663703978062,1,-1,-4,2459.322021484375
26,0.2682926829268293,0.005951130762696266,1,-1,-4,2459.322021484375
27,0.3170731707317074,0.005009311717003584,1,-1,-4,2459.322021484375
28,0.36585365853658547,0.0036366151180118322,1,-1,-4,2459.322021484375
29,0.41463414634146356,0.007615318056195974,1,-1,-4,2459.322021484375
30,0.46341463414634143,0.00013743751333095133,1,-1,-4,2459.322021484375
31,0.5121951219512195,0.005683079827576876,1,-1,-4,2459.322021484375
32,0.5609756097560976,0.0034550405107438564,1,-1,-4,2459.322021484375
33,0.6097560975609757,0.001889452338218689,1,-1,-4,2459.322021484375
34,0.6585365853658538,0.00345408427529037,1,-1,-4,2459.322021484375
35,0.7073170731707317,3.573991125449538e-05,1,-1,-4,2459.322021484375
36,0.7560975609756098,0.0034889972303062677,1,-1,-4,2459.322021484375
37,0.8048780487804879,0.0013560840161517262,1,-1,-4,2459.322021484375
38,0.853658536585366,0.00021152470435481519,1,-1,-4,2459.322021484375
39,0.902439024390244,0.0006296919309534132,1,-1,-4,2459.322021484375
40,0.9512195121951219,8.561767754144967e-05,1,-1,-4,2459.322021484375
41,1.0,0.003166420618072152,1,-1,-4,2459.322021484375
0,-1.0,0.00018547310901340097,1,2,-3,2459.322021484375
1,-0.9512195121951219,3.1469623991142726e-06,1,2,-3,2459.322021484375
2,-0.9024390243902439,7.691726204939187e-05,1,2,-3,2459.322021484375
3,-0.8536585365853658,0.0008435193449258804,1,2,-3,2459.322021484375
4,-0.8048780487804879,0.0002804785326588899,1,2,-3,2459.322021484375
5,-0.7560975609756098,0.0002983588201459497,1,2,-3,2459.322021484375
6,-0.7073170731707317,0.0009049368090927601,1,2,-3,2459.322021484375
7,-0.6585365853658536,0.0028146656695753336,1,2,-3,2459.322021484375
8,-0.6097560975609756,0.0007684897282160819,1,2,-3,2459.322021484375
9,-0.5609756097560976,0.0021263770759105682,1,2,-3,2459.322021484375
10,-0.5121951219512195,0.0012577634770423174,1,2,-3,2459.322021484375
11,-0.46341463414634143,0.0007293562521226704,1,2,-3,2459.322021484375
12,-0.41463414634146334,0.0034939665347337723,1,2,-3,2459.322021484375
13,-0.36585365853658536,0.002622070489451289,1,2,-3,2459.322021484375
14,-0.31707317073170727,0.0019461577758193016,1,2,-3,2459.322021484375
15,-0.2682926829268293,0.008980896323919296,1,2,-3,2459.322021484375
16,-0.2195121951219512,0.015861140564084053,1,2,-3,2459.322021484375
17,-0.1707317073170731,0.17834965884685516,1,2,-3,2459.322021484375
18,-0.12195121951219512,0.006717280484735966,1,2,-3,2459.322021484375
19,-0.07317073170731703,0.17188988626003265,1,2,-3,2459.322021484375
20,-0.024390243902439046,0.015352223068475723,1,2,-3,2459.322021484375
21,0.024390243902439046,0.003972932696342468,1,2,-3,2459.322021484375
22,0.07317073170731714,0.01154781598597765,1,2,-3,2459.322021484375
23,0.12195121951219523,0.011980115436017513,1,2,-3,2459.322021484375
24,0.17073170731707332,0.009075014851987362,1,2,-3,2459.322021484375
25,0.2195121951219512,0.004721526987850666,1,2,-3,2459.322021484375
26,0.2682926829268293,0.002505218144506216,1,2,-3,2459.322021484375
27,0.3170731707317074,0.0005235513090156019,1,2,-3,2459.322021484375
28,0.36585365853658547,5.664380296366289e-05,1,2,-3,2459.322021484375
29,0.41463414634146356,0.0001123952170019038,1,2,-3,2459.322021484375
30,0.46341463414634143,0.0010802146280184388,1,2,-3,2459.322021484375
31,0.5121951219512195,0.0007153786718845367,1,2,-3,2459.322021484375
32,0.5609756097560976,0.0015069115906953812,1,2,-3,2459.322021484375
33,0.6097560975609757,0.000643888779450208,1,2,-3,2459.322021484375
34,0.6585365853658538,0.0010278341360390186,1,2,-3,2459.322021484375
35,0.7073170731707317,0.0008141971775330603,1,2,-3,2459.322021484375
36,0.7560975609756098,0.00022306296159513295,1,2,-3,2459.322021484375
37,0.8048780487804879,1.48567587530124e-05,1,2,-3,2459.322021484375
38,0.853658536585366,0.00037310068728402257,1,2,-3,2459.322021484375
39,0.902439024390244,0.00033645163057371974,1,2,-3,2459.322021484375
40,0.9512195121951219,3.254387411288917e-05,1,2,-3,2459.322021484375
41,1.0,8.854305633576587e-05,1,2,-3,2459.322021484375
0,-1.0,0.0,1,5,-2,2459.322021484375
1,-0.9512195121951219,0.0,1,5,-2,2459.322021484375
2,-0.9024390243902439,0.0,1,5,-2,2459.322021484375
3,-0.8536585365853658,0.0,1,5,-2,2459.322021484375
4,-0.8048780487804879,0.0,1,5,-2,2459.322021484375
5,-0.7560975609756098,0.0,1,5,-2,2459.322021484375
6,-0.7073170731707317,0.0,1,5,-2,2459.322021484375
7,-0.6585365853658536,0.0,1,5,-2,2459.322021484375
8,-0.6097560975609756,0.0,1,5,-2,2459.322021484375
9,-0.5609756097560976,0.0,1,5,-2,2459.322021484375
10,-0.5121951219512195,0.0,1,5,-2,2459.322021484375
11,-0.46341463414634143,1.4871645248604182e-07,1,5,-2,2459.322021484375
12,-0.41463414634146334,2.7420367132435786e-07,1,5,-2,2459.322021484375
13,-0.36585365853658536,1.8669628332190769e-07,1,5,-2,2459.322021484375
14,-0.31707317073170727,1.4473032933892682e-05,1,5,-2,2459.322021484375
15,-0.2682926829268293,4.491451818466885e-06,1,5,-2,2459.322021484375
16,-0.2195121951219512,1.2692292330029886e-05,1,5,-2,2459.322021484375
17,-0.1707317073170731,7.508580893045291e-05,1,5,-2,2459.322021484375
18,-0.12195121951219512,1.0633386864355998e-06,1,5,-2,2459.322021484375
19,-0.07317073170731703,7.420611655106768e-05,1,5,-2,2459.322021484375
20,-0.024390243902439046,2.704644612094853e-05,1,5,-2,2459.322021484375
21,0.024390243902439046,2.2977487788011786e-06,1,5,-2,2459.322021484375
22,0.07317073170731714,3.080263195442967e-05,1,5,-2,2459.322021484375
23,0.12195121951219523,5.317553586792201e-06,1,5,-2,2459.322021484375
24,0.17073170731707332,0.00012078548752469942,1,5,-2,2459.322021484375
25,0.2195121951219512,0.00030408118618652225,1,5,-2,2459.322021484375
26,0.2682926829268293,0.00046589961857534945,1,5,-2,2459.322021484375
27,0.3170731707317074,0.0006183949299156666,1,5,-2,2459.322021484375
28,0.36585365853658547,2.2140282453619875e-05,1,5,-2,2459.322021484375
29,0.41463414634146356,0.004727218300104141,1,5,-2,2459.322021484375
30,0.46341463414634143,0.0027670348063111305,1,5,-2,2459.322021484375
31,0.5121951219512195,0.0004115969059057534,1,5,-2,2459.322021484375
32,0.5609756097560976,0.00015652610454708338,1,5,-2,2459.322021484375
33,0.6097560975609757,0.00020255935669410974,1,5,-2,2459.322021484375
34,0.6585365853658538,0.0004867346433456987,1,5,-2,2459.322021484375
35,0.7073170731707317,0.00017664626648183912,1,5,-2,2459.322021484375
36,0.7560975609756098,5.223595508141443e-06,1,5,-2,2459.322021484375
37,0.8048780487804879,2.896019577747211e-05,1,5,-2,2459.322021484375
38,0.853658536585366,0.00011279747559456155,1,5,-2,2459.322021484375
39,0.902439024390244,1.1898157936229836e-05,1,5,-2,2459.322021484375
40,0.9512195121951219,7.117487712093862e-06,1,5,-2,2459.322021484375
41,1.0,2.8542348445625976e-05,1,5,-2,2459.322021484375
0,-1.0,0.0,1,6,-2,2459.322021484375
1,-0.9512195121951219,0.0,1,6,-2,2459.322021484375
2,-0.9024390243902439,0.0,1,6,-2,2459.322021484375
3,-0.8536585365853658,0.0,1,6,-2,2459.322021484375
4,-0.8048780487804879,4.136052496050979e-07,1,6,-2,2459.322021484375
5,-0.7560975609756098,2.6169834654865554e-07,1,6,-2,2459.322021484375
6,-0.7073170731707317,8.564625773033185e-07,1,6,-2,2459.322021484375
7,-0.6585365853658536,1.5045194231788628e-05,1,6,-2,2459.322021484375
8,-0.6097560975609756,2.3255076939676655e-06,1,6,-2,2459.322021484375
9,-0.5609756097560976,2.7871860766026657e-06,1,6,-2,2459.322021484375
10,-0.5121951219512195,1.2779886446878663e-06,1,6,-2,2459.322021484375
11,-0.46341463414634143,5.523642698790354e-07,1,6,-2,2459.322021484375
12,-0.41463414634146334,1.6446557538074558e-06,1,6,-2,2459.322021484375
13,-0.36585365853658536,1.6708082739569363e-06,1,6,-2,2459.322021484375
14,-0.31707317073170727,4.310892563808011e-06,1,6,-2,2459.322021484375
15,-0.2682926829268293,7.549268775619566e-05,1,6,-2,2459.322021484375
16,-0.2195121951219512,6.5500476011948194e-06,1,6,-2,2459.322021484375
17,-0.1707317073170731,4.550270750769414e-05,1,6,-2,2459.322021484375
18,-0.12195121951219512,8.44779351609759e-05,1,6,-2,2459.322021484375
19,-0.07317073170731703,0.0011542848078534007,1,6,-2,2459.322021484375
20,-0.024390243902439046,0.029332753270864487,1,6,-2,2459.322021484375
21,0.024390243902439046,0.0002728045219555497,1,6,-2,2459.322021484375
22,0.07317073170731714,4.297716077417135e-05,1,6,-2,2459.322021484375
23,0.12195121951219523,9.585131010680925e-06,1,6,-2,2459.322021484375
24,0.17073170731707332,2.569404932728503e-05,1,6,-2,2459.322021484375
25,0.2195121951219512,1.4944199392630253e-05,1,6,-2,2459.322021484375
26,0.2682926829268293,3.3240860375371994e-06,1,6,-2,2459.322021484375
27,0.3170731707317074,5.864888862561202e-06,1,6,-2,2459.322021484375
28,0.36585365853658547,1.2859233038398088e-06,1,6,-2,2459.322021484375
29,0.41463414634146356,1.7673811498752912e-06,1,6,-2,2459.322021484375
30,0.46341463414634143,1.4777633623452857e-06,1,6,-2,2459.322021484375
31,0.5121951219512195,1.4644679424691276e-07,1,6,-2,2459.322021484375
32,0.5609756097560976,7.175050313890097e-07,1,6,-2,2459.322021484375
33,0.6097560975609757,5.36069194367883e-07,1,6,-2,2459.322021484375
34,0.6585365853658538,3.0154967589623993e-07,1,6,-2,2459.322021484375
35,0.7073170731707317,7.875869414419867e-07,1,6,-2,2459.322021484375
36,0.7560975609756098,0.0,1,6,-2,2459.322021484375
37,0.8048780487804879,0.0,1,6,-2,2459.322021484375
38,0.853658536585366,0.0,1,6,-2,2459.322021484375
39,0.902439024390244,0.0,1,6,-2,2459.322021484375
40,0.9512195121951219,0.0,1,6,-2,2459.322021484375
41,1.0,0.0,1,6,-2,2459.322021484375
0,-1.0,3.367222802808101e-07,1,7,-2,2459.322021484375
1,-0.9512195121951219,1.6355996876882273e-06,1,7,-2,2459.322021484375
2,-0.9024390243902439,3.248754865126102e-07,1,7,-2,2459.322021484375
3,-0.8536585365853658,2.0781244529644027e-06,1,7,-2,2459.322021484375
4,-0.8048780487804879,6.791254492100052e-08,1,7,-2,2459.322021484375
5,-0.7560975609756098,2.539620140851184e-07,1,7,-2,2459.322021484375
6,-0.7073170731707317,1.5908070736259106e-06,1,7,-2,2459.322021484375
7,-0.6585365853658536,2.7907594812859315e-06,1,7,-2,2459.322021484375
8,-0.6097560975609756,2.26658289648185e-06,1,7,-2,2459.322021484375
9,-0.5609756097560976,1.4423440575228597e-07,1,7,-2,2459.322021484375
10,-0.5121951219512195,4.0072097817756003e-07,1,7,-2,2459.322021484375
11,-0.46341463414634143,1.6704989320714958e-05,1,7,-2,2459.322021484375
12,-0.41463414634146334,1.919334135891404e-05,1,7,-2,2459.322021484375
13,-0.36585365853658536,3.196026000296115e-06,1,7,-2,2459.322021484375
14,-0.31707317073170727,0.0007424618816003203,1,7,-2,2459.322021484375
15,-0.2682926829268293,7.02506658853963e-05,1,7,-2,2459.322021484375
16,-0.2195121951219512,6.977863904467085e-06,1,7,-2,2459.322021484375
17,-0.1707317073170731,2.1022493967848277e-07,1,7,-2,2459.322021484375
18,-0.12195121951219512,1.9307176444272045e-06,1,7,-2,2459.322021484375
19,-0.07317073170731703,3.633893356891349e-06,1,7,-2,2459.322021484375
20,-0.024390243902439046,2.7717664124793373e-05,1,7,-2,2459.322021484375
21,0.024390243902439046,4.37357300597796e-07,1,7,-2,2459.322021484375
22,0.07317073170731714,3.5518831964509445e-07,1,7,-2,2459.322021484375
23,0.12195121951219523,1.3992223557579564e-07,1,7,-2,2459.322021484375
24,0.17073170731707332,1.3643489182868507e-06,1,7,-2,2459.322021484375
25,0.2195121951219512,2.493711974693724e-07,1,7,-2,2459.322021484375
26,0.2682926829268293,1.525653715361841e-06,1,7,-2,2459.322021484375
27,0.3170731707317074,1.570858876220882e-05,1,7,-2,2459.322021484375
28,0.36585365853658547,0.0,1,7,-2,2459.322021484375
29,0.41463414634146356,0.0,1,7,-2,2459.322021484375
30,0.46341463414634143,0.0,1,7,-2,2459.322021484375
31,0.5121951219512195,0.0,1,7,-2,2459.322021484375
32,0.5609756097560976,0.0,1,7,-2,2459.322021484375
33,0.6097560975609757,0.0,1,7,-2,2459.322021484375
34,0.6585365853658538,0.0,1,7,-2,2459.322021484375
35,0.7073170731707317,0.0,1,7,-2,2459.322021484375
36,0.7560975609756098,0.0,1,7,-2,2459.322021484375
37,0.8048780487804879,0.0,1,7,-2,2459.322021484375
38,0.853658536585366,0.0,1,7,-2,2459.322021484375
39,0.902439024390244,0.0,1,7,-2,2459.322021484375
40,0.9512195121951219,0.0,1,7,-2,2459.322021484375
41,1.0,0.0,1,7,-2,2459.322021484375
0,-1.0,4.1740170786397357e-07,1,8,-2,2459.322021484375
1,-0.9512195121951219,3.229008871130645e-05,1,8,-2,2459.322021484375
2,-0.9024390243902439,1.4725191022080253e-06,1,8,-2,2459.322021484375
3,-0.8536585365853658,5.773143129772507e-06,1,8,-2,2459.322021484375
4,-0.8048780487804879,1.1484981996545685e-06,1,8,-2,2459.322021484375
5,-0.7560975609756098,9.464770300837699e-07,1,8,-2,2459.322021484375
6,-0.7073170731707317,4.313656063459348e-06,1,8,-2,2459.322021484375
7,-0.6585365853658536,1.3726044016948435e-05,1,8,-2,2459.322021484375
8,-0.6097560975609756,2.5992734663304873e-05,1,8,-2,2459.322021484375
9,-0.5609756097560976,0.0001951191370608285,1,8,-2,2459.322021484375
10,-0.5121951219512195,0.001869387342594564,1,8,-2,2459.322021484375
11,-0.46341463414634143,0.00010711253707995638,1,8,-2,2459.322021484375
12,-0.41463414634146334,8.883736768439121e-07,1,8,-2,2459.322021484375
13,-0.36585365853658536,1.1769515367632266e-05,1,8,-2,2459.322021484375
14,-0.31707317073170727,5.469137704494642e-06,1,8,-2,2459.322021484375
15,-0.2682926829268293,6.323152774712071e-06,1,8,-2,2459.322021484375
16,-0.2195121951219512,3.618218897827319e-06,1,8,-2,2459.322021484375
17,-0.1707317073170731,5.9468343351909425e-06,1,8,-2,2459.322021484375
18,-0.12195121951219512,2.8605081752175465e-06,1,8,-2,2459.322021484375
19,-0.07317073170731703,1.97550733105345e-07,1,8,-2,2459.322021484375
20,-0.024390243902439046,6.1454420574591495e-06,1,8,-2,2459.322021484375
21,0.024390243902439046,5.866782544217131e-07,1,8,-2,2459.322021484375
22,0.07317073170731714,8.847318895277567e-07,1,8,-2,2459.322021484375
23,0.12195121951219523,0.0,1,8,-2,2459.322021484375
24,0.17073170731707332,0.0,1,8,-2,2459.322021484375
25,0.2195121951219512,0.0,1,8,-2,2459.322021484375
26,0.2682926829268293,0.0,1,8,-2,2459.322021484375
27,0.3170731707317074,0.0,1,8,-2,2459.322021484375
28,0.36585365853658547,0.0,1,8,-2,2459.322021484375
29,0.41463414634146356,0.0,1,8,-2,2459.322021484375
30,0.46341463414634143,0.0,1,8,-2,2459.322021484375
31,0.5121951219512195,0.0,1,8,-2,2459.322021484375
32,0.5609756097560976,0.0,1,8,-2,2459.322021484375
33,0.6097560975609757,0.0,1,8,-2,2459.322021484375
34,0.6585365853658538,0.0,1,8,-2,2459.322021484375
35,0.7073170731707317,0.0,1,8,-2,2459.322021484375
36,0.7560975609756098,0.0,1,8,-2,2459.322021484375
37,0.8048780487804879,0.0,1,8,-2,2459.322021484375
38,0.853658536585366,0.0,1,8,-2,2459.322021484375
39,0.902439024390244,0.0,1,8,-2,2459.322021484375
40,0.9512195121951219,0.0,1,8,-2,2459.322021484375
41,1.0,0.0,1,8,-2,2459.322021484375
0,-1.0,0.0,1,8,-1,2459.322021484375
1,-0.9512195121951219,0.0,1,8,-1,2459.322021484375
2,-0.9024390243902439,0.0,1,8,-1,2459.322021484375
3,-0.8536585365853658,0.0,1,8,-1,2459.322021484375
4,-0.8048780487804879,0.0,1,8,-1,2459.322021484375
5,-0.7560975609756098,0.0,1,8,-1,2459.322021484375
6,-0.7073170731707317,0.0,1,8,-1,2459.322021484375
7,-0.6585365853658536,0.0,1,8,-1,2459.322021484375
8,-0.6097560975609756,0.0,1,8,-1,2459.322021484375
9,-0.5609756097560976,0.0,1,8,-1,2459.322021484375
10,-0.5121951219512195,0.0,1,8,-1,2459.322021484375
11,-0.46341463414634143,0.0,1,8,-1,2459.322021484375
12,-0.41463414634146334,0.0,1,8,-1,2459.322021484375
13,-0.36585365853658536,0.0,1,8,-1,2459.322021484375
14,-0.31707317073170727,0.0,1,8,-1,2459.322021484375
15,-0.2682926829268293,0.0,1,8,-1,2459.322021484375
16,-0.2195121951219512,0.0,1,8,-1,2459.322021484375
17,-0.1707317073170731,0.0,1,8,-1,2459.322021484375
18,-0.12195121951219512,0.0,1,8,-1,2459.322021484375
19,-0.07317073170731703,0.0,1,8,-1,2459.322021484375
20,-0.024390243902439046,0.0,1,8,-1,2459.322021484375
21,0.024390243902439046,0.0,1,8,-1,2459.322021484375
22,0.07317073170731714,0.0,1,8,-1,2459.322021484375
23,0.12195121951219523,0.0,1,8,-1,2459.322021484375
24,0.17073170731707332,0.0,1,8,-1,2459.322021484375
25,0.2195121951219512,0.0,1,8,-1,2459.322021484375
26,0.2682926829268293,0.0,1,8,-1,2459.322021484375
27,0.3170731707317074,0.0,1,8,-1,2459.322021484375
28,0.36585365853658547,0.0,1,8,-1,2459.322021484375
29,0.41463414634146356,1.193035245705687e-06,1,8,-1,2459.322021484375
30,0.46341463414634143,5.563361469285155e-07,1,8,-1,2459.322021484375
31,0.5121951219512195,1.6952270698311622e-06,1,8,-1,2459.322021484375
32,0.5609756097560976,1.2729058198601706e-06,1,8,-1,2459.322021484375
33,0.6097560975609757,1.0544724773353664e-06,1,8,-1,2459.322021484375
34,0.6585365853658538,4.446582806849619e-06,1,8,-1,2459.322021484375
35,0.7073170731707317,9.911716915667057e-06,1,8,-1,2459.322021484375
36,0.7560975609756098,8.54781490033929e-07,1,8,-1,2459.322021484375
37,0.8048780487804879,1.0896433195739519e-05,1,8,-1,2459.322021484375
38,0.853658536585366,1.4518930584017653e-05,1,8,-1,2459.322021484375
39,0.902439024390244,9.997742154155276e-07,1,8,-1,2459.322021484375
40,0.9512195121951219,4.085147156729363e-05,1,8,-1,2459.322021484375
41,1.0,2.7085334295406938e-05,1,8,-1,2459.322021484375
0,-1.0,3.661778009700356e-07,1,9,-2,2459.322021484375
1,-0.9512195121951219,4.7525168156425934e-07,1,9,-2,2459.322021484375
2,-0.9024390243902439,4.7171477035590215e-07,1,9,-2,2459.322021484375
3,-0.8536585365853658,8.110178555398306e-07,1,9,-2,2459.322021484375
4,-0.8048780487804879,2.527777360228356e-05,1,9,-2,2459.322021484375
5,-0.7560975609756098,1.5502399719480309e-06,1,9,-2,2459.322021484375
6,-0.7073170731707317,1.5060722034831997e-05,1,9,-2,2459.322021484375
7,-0.6585365853658536,0.0004343834880273789,1,9,-2,2459.322021484375
8,-0.6097560975609756,0.005449289456009865,1,9,-2,2459.322021484375
9,-0.5609756097560976,1.3742213923251256e-05,1,9,-2,2459.322021484375
10,-0.5121951219512195,1.2945196431246586e-05,1,9,-2,2459.322021484375
11,-0.46341463414634143,4.429569344210904e-06,1,9,-2,2459.322021484375
12,-0.41463414634146334,1.8299136854693643e-06,1,9,-2,2459.322021484375
13,-0.36585365853658536,2.3487267242217058e-08,1,9,-2,2459.322021484375
14,-0.31707317073170727,2.751079364315956e-06,1,9,-2,2459.322021484375
15,-0.2682926829268293,6.058497206140601e-07,1,9,-2,2459.322021484375
16,-0.2195121951219512,6.27089264071401e-07,1,9,-2,2459.322021484375
17,-0.1707317073170731,3.7554968912445474e-06,1,9,-2,2459.322021484375
18,-0.12195121951219512,1.830534586133581e-07,1,9,-2,2459.322021484375
19,-0.07317073170731703,0.0,1,9,-2,2459.322021484375
20,-0.024390243902439046,0.0,1,9,-2,2459.322021484375
21,0.024390243902439046,0.0,1,9,-2,2459.322021484375
22,0.07317073170731714,0.0,1,9,-2,2459.322021484375
23,0.12195121951219523,0.0,1,9,-2,2459.322021484375
24,0.17073170731707332,0.0,1,9,-2,2459.322021484375
25,0.2195121951219512,0.0,1,9,-2,2459.322021484375
26,0.2682926829268293,0.0,1,9,-2,2459.322021484375
27,0.3170731707317074,0.0,1,9,-2,2459.322021484375
28,0.36585365853658547,0.0,1,9,-2,2459.322021484375
29,0.41463414634146356,0.0,1,9,-2,2459.322021484375
30,0.46341463414634143,0.0,1,9,-2,2459.322021484375
31,0.5121951219512195,0.0,1,9,-2,2459.322021484375
32,0.5609756097560976,0.0,1,9,-2,2459.322021484375
33,0.6097560975609757,0.0,1,9,-2,2459.322021484375
34,0.6585365853658538,0.0,1,9,-2,2459.322021484375
35,0.7073170731707317,0.0,1,9,-2,2459.322021484375
36,0.7560975609756098,0.0,1,9,-2,2459.322021484375
37,0.8048780487804879,0.0,1,9,-2,2459.322021484375
38,0.853658536585366,0.0,1,9,-2,2459.322021484375
39,0.902439024390244,0.0,1,9,-2,2459.322021484375
40,0.9512195121951219,0.0,1,9,-2,2459.322021484375
41,1.0,0.0,1,9,-2,2459.322021484375
0,-1.0,0.0,1,9,-1,2459.322021484375
1,-0.9512195121951219,0.0,1,9,-1,2459.322021484375
2,-0.9024390243902439,0.0,1,9,-1,2459.322021484375
3,-0.8536585365853658,0.0,1,9,-1,2459.322021484375
4,-0.8048780487804879,0.0,1,9,-1,2459.322021484375
5,-0.7560975609756098,0.0,1,9,-1,2459.322021484375
6,-0.7073170731707317,0.0,1,9,-1,2459.322021484375
7,-0.6585365853658536,0.0,1,9,-1,2459.322021484375
8,-0.6097560975609756,0.0,1,9,-1,2459.322021484375
9,-0.5609756097560976,0.0,1,9,-1,2459.322021484375
10,-0.5121951219512195,0.0,1,9,-1,2459.322021484375
11,-0.46341463414634143,0.0,1,9,-1,2459.322021484375
12,-0.41463414634146334,0.0,1,9,-1,2459.322021484375
13,-0.36585365853658536,0.0,1,9,-1,2459.322021484375
14,-0.31707317073170727,0.0,1,9,-1,2459.322021484375
15,-0.2682926829268293,0.0,1,9,-1,2459.322021484375
16,-0.2195121951219512,0.0,1,9,-1,2459.322021484375
17,-0.1707317073170731,0.0,1,9,-1,2459.322021484375
18,-0.12195121951219512,0.0,1,9,-1,2459.322021484375
19,-0.07317073170731703,0.0,1,9,-1,2459.322021484375
20,-0.024390243902439046,0.0,1,9,-1,2459.322021484375
21,0.024390243902439046,0.0,1,9,-1,2459.322021484375
22,0.07317073170731714,0.0,1,9,-1,2459.322021484375
23,0.12195121951219523,0.0,1,9,-1,2459.322021484375
24,0.17073170731707332,0.0,1,9,-1,2459.322021484375
25,0.2195121951219512,7.279845704033505e-08,1,9,-1,2459.322021484375
26,0.2682926829268293,3.4910772228613496e-07,1,9,-1,2459.322021484375
27,0.3170731707317074,1.8823353684638278e-06,1,9,-1,2459.322021484375
28,0.36585365853658547,5.898258947922841e-08,1,9,-1,2459.322021484375
29,0.41463414634146356,1.3678315724519052e-07,1,9,-1,2459.322021484375
30,0.46341463414634143,9.344788054477249e-08,1,9,-1,2459.322021484375
31,0.5121951219512195,3.100051415572125e-08,1,9,-1,2459.322021484375
32,0.5609756097560976,2.9490735187209793e-07,1,9,-1,2459.322021484375
33,0.6097560975609757,1.241063728230074e-05,1,9,-1,2459.322021484375
34,0.6585365853658538,5.1847105169144925e-06,1,9,-1,2459.322021484375
35,0.7073170731707317,0.0017704975325614214,1,9,-1,2459.322021484375
36,0.7560975609756098,7.3995956881844904e-06,1,9,-1,2459.322021484375
37,0.8048780487804879,1.0792770808620844e-05,1,9,-1,2459.322021484375
38,0.853658536585366,1.0022713325952282e-07,1,9,-1,2459.322021484375
39,0.902439024390244,2.131040588437827e-07,1,9,-1,2459.322021484375
40,0.9512195121951219,2.3961331407917896e-06,1,9,-1,2459.322021484375
41,1.0,3.624115197453648e-05,1,9,-1,2459.322021484375
0,-1.0,9.086356840271037e-06,2,-6,-10,2459.322021484375
1,-0.9512195121951219,4.47042157247779e-06,2,-6,-10,2459.322021484375
2,-0.9024390243902439,8.7397620518459e-06,2,-6,-10,2459.322021484375
3,-0.8536585365853658,0.0008040790562517941,2,-6,-10,2459.322021484375
4,-0.8048780487804879,0.0007845918880775571,2,-6,-10,2459.322021484375
5,-0.7560975609756098,5.2681334636872634e-05,2,-6,-10,2459.322021484375
6,-0.7073170731707317,1.1550730960152578e-05,2,-6,-10,2459.322021484375
7,-0.6585365853658536,1.0563568366706022e-06,2,-6,-10,2459.322021484375
8,-0.6097560975609756,8.149615382535558e-07,2,-6,-10,2459.322021484375
9,-0.5609756097560976,3.1235936148732435e-06,2,-6,-10,2459.322021484375
10,-0.5121951219512195,3.0180498811205325e-07,2,-6,-10,2459.322021484375
11,-0.46341463414634143,3.4004251574515365e-06,2,-6,-10,2459.322021484375
12,-0.41463414634146334,2.8225886694599467e-07,2,-6,-10,2459.322021484375
13,-0.36585365853658536,3.325434363432578e-07,2,-6,-10,2459.322021484375
14,-0.31707317073170727,3.6267808809498092e-06,2,-6,-10,2459.322021484375
15,-0.2682926829268293,4.160669050179422e-06,2,-6,-10,2459.322021484375
16,-0.2195121951219512,1.2473701644921675e-06,2,-6,-10,2459.322021484375
17,-0.1707317073170731,2.671624201866507e-07,2,-6,-10,2459.322021484375
18,-0.12195121951219512,2.336126669888472e-07,2,-6,-10,2459.322021484375
19,-0.07317073170731703,9.836508070293348e-07,2,-6,-10,2459.322021484375
20,-0.024390243902439046,1.0853517551367986e-07,2,-6,-10,2459.322021484375
21,0.024390243902439046,1.2985882449356723e-06,2,-6,-10,2459.322021484375
22,0.07317073170731714,0.0,2,-6,-10,2459.322021484375
23,0.12195121951219523,0.0,2,-6,-10,2459.322021484375
24,0.17073170731707332,0.0,2,-6,-10,2459.322021484375
25,0.2195121951219512,0.0,2,-6,-10,2459.322021484375
26,0.2682926829268293,0.0,2,-6,-10,2459.322021484375
27,0.3170731707317074,0.0,2,-6,-10,2459.322021484375
28,0.36585365853658547,0.0,2,-6,-10,2459.322021484375
29,0.41463414634146356,0.0,2,-6,-10,2459.322021484375
30,0.46341463414634143,0.0,2,-6,-10,2459.322021484375
31,0.5121951219512195,0.0,2,-6,-10,2459.322021484375
32,0.5609756097560976,0.0,2,-6,-10,2459.322021484375
33,0.6097560975609757,0.0,2,-6,-10,2459.322021484375
34,0.6585365853658538,0.0,2,-6,-10,2459.322021484375
35,0.7073170731707317,0.0,2,-6,-10,2459.322021484375
36,0.7560975609756098,0.0,2,-6,-10,2459.322021484375
37,0.8048780487804879,0.0,2,-6,-10,2459.322021484375
38,0.853658536585366,0.0,2,-6,-10,2459.322021484375
39,0.902439024390244,0.0,2,-6,-10,2459.322021484375
40,0.9512195121951219,0.0,2,-6,-10,2459.322021484375
41,1.0,0.0,2,-6,-10,2459.322021484375
0,-1.0,0.0,2,-5,-10,2459.322021484375
1,-0.9512195121951219,0.0,2,-5,-10,2459.322021484375
2,-0.9024390243902439,0.0,2,-5,-10,2459.322021484375
3,-0.8536585365853658,0.0,2,-5,-10,2459.322021484375
4,-0.8048780487804879,0.0,2,-5,-10,2459.322021484375
5,-0.7560975609756098,4.055426643390092e-07,2,-5,-10,2459.322021484375
6,-0.7073170731707317,1.8506095784687204e-06,2,-5,-10,2459.322021484375
7,-0.6585365853658536,5.2022055569977965e-06,2,-5,-10,2459.322021484375
8,-0.6097560975609756,2.094048340950394e-06,2,-5,-10,2459.322021484375
9,-0.5609756097560976,2.3285656425287016e-07,2,-5,-10,2459.322021484375
10,-0.5121951219512195,1.7279546682402724e-06,2,-5,-10,2459.322021484375
11,-0.46341463414634143,5.553793016588315e-07,2,-5,-10,2459.322021484375
12,-0.41463414634146334,1.1734912277461262e-06,2,-5,-10,2459.322021484375
13,-0.36585365853658536,6.489886345661944e-06,2,-5,-10,2459.322021484375
14,-0.31707317073170727,1.4289234059106093e-05,2,-5,-10,2459.322021484375
15,-0.2682926829268293,8.4568991951528e-06,2,-5,-10,2459.322021484375
16,-0.2195121951219512,2.647317387527437e-06,2,-5,-10,2459.322021484375
17,-0.1707317073170731,1.959657674888149e-05,2,-5,-10,2459.322021484375
18,-0.12195121951219512,2.390204144830932e-06,2,-5,-10,2459.322021484375
19,-0.07317073170731703,1.112554582505254e-05,2,-5,-10,2459.322021484375
20,-0.024390243902439046,5.6165106798289344e-05,2,-5,-10,2459.322021484375
21,0.024390243902439046,4.731577791972086e-05,2,-5,-10,2459.322021484375
22,0.07317073170731714,1.9107090338366106e-05,2,-5,-10,2459.322021484375
23,0.12195121951219523,4.4356387661537156e-05,2,-5,-10,2459.322021484375
24,0.17073170731707332,0.00022234763309825212,2,-5,-10,2459.322021484375
25,0.2195121951219512,1.5182572496996727e-05,2,-5,-10,2459.322021484375
26,0.2682926829268293,0.00655011273920536,2,-5,-10,2459.322021484375
27,0.3170731707317074,0.000613077194429934,2,-5,-10,2459.322021484375
28,0.36585365853658547,0.0005382444942370057,2,-5,-10,2459.322021484375
29,0.41463414634146356,5.100148337078281e-05,2,-5,-10,2459.322021484375
30,0.46341463414634143,7.471317076124251e-06,2,-5,-10,2459.322021484375
31,0.5121951219512195,0.00021353535703383386,2,-5,-10,2459.322021484375
32,0.5609756097560976,3.57016506313812e-05,2,-5,-10,2459.322021484375
33,0.6097560975609757,1.6426020010840148e-05,2,-5,-10,2459.322021484375
34,0.6585365853658538,6.931748885108391e-06,2,-5,-10,2459.322021484375
35,0.7073170731707317,1.0151262358704116e-05,2,-5,-10,2459.322021484375
36,0.7560975609756098,1.8311441181140253e-06,2,-5,-10,2459.322021484375
37,0.8048780487804879,7.96344374975888e-06,2,-5,-10,2459.322021484375
38,0.853658536585366,1.1661823918984737e-05,2,-5,-10,2459.322021484375
39,0.902439024390244,2.9490529414033517e-06,2,-5,-10,2459.322021484375
40,0.9512195121951219,9.458845511289837e-07,2,-5,-10,2459.322021484375
41,1.0,5.384830728871748e-06,2,-5,-10,2459.322021484375
0,-1.0,1.4610398011427606e-06,2,-3,-9,2459.322021484375
1,-0.9512195121951219,9.243057320418302e-06,2,-3,-9,2459.322021484375
2,-0.9024390243902439,3.36048810822831e-06,2,-3,-9,2459.322021484375
3,-0.8536585365853658,7.428626531691407e-07,2,-3,-9,2459.322021484375
4,-0.8048780487804879,6.306808586487023e-07,2,-3,-9,2459.322021484375
5,-0.7560975609756098,2.8097580070607364e-05,2,-3,-9,2459.322021484375
6,-0.7073170731707317,2.486920607225329e-07,2,-3,-9,2459.322021484375
7,-0.6585365853658536,1.431794203199388e-06,2,-3,-9,2459.322021484375
8,-0.6097560975609756,8.160999641404487e-06,2,-3,-9,2459.322021484375
9,-0.5609756097560976,1.5465942851733416e-05,2,-3,-9,2459.322021484375
10,-0.5121951219512195,3.378770998097025e-06,2,-3,-9,2459.322021484375
11,-0.46341463414634143,7.394555268547265e-06,2,-3,-9,2459.322021484375
12,-0.41463414634146334,4.1261009755544364e-06,2,-3,-9,2459.322021484375
13,-0.36585365853658536,2.4790963379928144e-06,2,-3,-9,2459.322021484375
14,-0.31707317073170727,3.4640302146726754e-06,2,-3,-9,2459.322021484375
15,-0.2682926829268293,1.5113740118977148e-05,2,-3,-9,2459.322021484375
16,-0.2195121951219512,1.2435807548172306e-05,2,-3,-9,2459.322021484375
17,-0.1707317073170731,2.823074055413599e-06,2,-3,-9,2459.322021484375
18,-0.12195121951219512,1.4791735338803846e-05,2,-3,-9,2459.322021484375
19,-0.07317073170731703,5.235348908172455e-06,2,-3,-9,2459.322021484375
20,-0.024390243902439046,3.979544999310747e-06,2,-3,-9,2459.322021484375
21,0.024390243902439046,2.948278847725305e-07,2,-3,-9,2459.322021484375
22,0.07317073170731714,8.680943210492842e-06,2,-3,-9,2459.322021484375
23,0.12195121951219523,2.9322040973056573e-06,2,-3,-9,2459.322021484375
24,0.17073170731707332,5.120617970533203e-06,2,-3,-9,2459.322021484375
25,0.2195121951219512,6.5877775341505185e-06,2,-3,-9,2459.322021484375
26,0.2682926829268293,2.361741508138948e-06,2,-3,-9,2459.322021484375
27,0.3170731707317074,1.6015255823731422e-06,2,-3,-9,2459.322021484375
28,0.36585365853658547,1.533520844532177e-05,2,-3,-9,2459.322021484375
29,0.41463414634146356,5.234873606241308e-05,2,-3,-9,2459.322021484375
30,0.46341463414634143,9.836429671850055e-05,2,-3,-9,2459.322021484375
31,0.5121951219512195,0.00019384836195968091,2,-3,-9,2459.322021484375
32,0.5609756097560976,0.0018644895171746612,2,-3,-9,2459.322021484375
33,0.6097560975609757,0.024580217897892,2,-3,-9,2459.322021484375
34,0.6585365853658538,0.0007487163529731333,2,-3,-9,2459.322021484375
35,0.7073170731707317,0.0011631374945864081,2,-3,-9,2459.322021484375
36,0.7560975609756098,9.365792357129976e-05,2,-3,-9,2459.322021484375
37,0.8048780487804879,2.41516263486119e-05,2,-3,-9,2459.322021484375
38,0.853658536585366,9.200757631333545e-06,2,-3,-9,2459.322021484375
39,0.902439024390244,1.9013677956536412e-05,2,-3,-9,2459.322021484375
40,0.9512195121951219,5.151726145413704e-05,2,-3,-9,2459.322021484375
41,1.0,2.5965628083213232e-06,2,-3,-9,2459.322021484375
0,-1.0,0.00010499430209165439,2,-1,-8,2459.322021484375
1,-0.9512195121951219,9.583094652043656e-05,2,-1,-8,2459.322021484375
2,-0.9024390243902439,3.399556953809224e-05,2,-1,-8,2459.322021484375
3,-0.8536585365853658,1.4103769899520557e-05,2,-1,-8,2459.322021484375
4,-0.8048780487804879,3.0412587875616737e-05,2,-1,-8,2459.322021484375
5,-0.7560975609756098,3.9182261389214545e-05,2,-1,-8,2459.322021484375
6,-0.7073170731707317,0.00013438702444545925,2,-1,-8,2459.322021484375
7,-0.6585365853658536,0.0001973061152966693,2,-1,-8,2459.322021484375
8,-0.6097560975609756,6.0143709561089054e-05,2,-1,-8,2459.322021484375
9,-0.5609756097560976,7.33233246137388e-05,2,-1,-8,2459.322021484375
10,-0.5121951219512195,5.855239214724861e-05,2,-1,-8,2459.322021484375
11,-0.46341463414634143,0.0002468279853928834,2,-1,-8,2459.322021484375
12,-0.41463414634146334,2.3859809516579844e-05,2,-1,-8,2459.322021484375
13,-0.36585365853658536,0.00017281199689023197,2,-1,-8,2459.322021484375
14,-0.31707317073170727,0.0004500474315136671,2,-1,-8,2459.322021484375
15,-0.2682926829268293,0.0001933068415382877,2,-1,-8,2459.322021484375
16,-0.2195121951219512,0.0001919023779919371,2,-1,-8,2459.322021484375
17,-0.1707317073170731,0.0014346324605867267,2,-1,-8,2459.322021484375
18,-0.12195121951219512,2.7737671189242974e-05,2,-1,-8,2459.322021484375
19,-0.07317073170731703,3.814595038420521e-05,2,-1,-8,2459.322021484375
20,-0.024390243902439046,0.0005386375123634934,2,-1,-8,2459.322021484375
21,0.024390243902439046,0.006040032487362623,2,-1,-8,2459.322021484375
22,0.07317073170731714,0.00019739748677238822,2,-1,-8,2459.322021484375
23,0.12195121951219523,5.846975545864552e-05,2,-1,-8,2459.322021484375
24,0.17073170731707332,0.0005428135045804083,2,-1,-8,2459.322021484375
25,0.2195121951219512,0.0003282816905993968,2,-1,-8,2459.322021484375
26,0.2682926829268293,0.0005705576622858644,2,-1,-8,2459.322021484375
27,0.3170731707317074,0.0011321716010570526,2,-1,-8,2459.322021484375
28,0.36585365853658547,0.00012752393377013505,2,-1,-8,2459.322021484375
29,0.41463414634146356,0.002160875592380762,2,-1,-8,2459.322021484375
30,0.46341463414634143,0.0031716818921267986,2,-1,-8,2459.322021484375
31,0.5121951219512195,0.007777615915983915,2,-1,-8,2459.322021484375
32,0.5609756097560976,0.03296705707907677,2,-1,-8,2459.322021484375
33,0.6097560975609757,0.039637867361307144,2,-1,-8,2459.322021484375
34,0.6585365853658538,0.08263500034809113,2,-1,-8,2459.322021484375
35,0.7073170731707317,0.060694050043821335,2,-1,-8,2459.322021484375
36,0.7560975609756098,0.02410970628261566,2,-1,-8,2459.322021484375
37,0.8048780487804879,0.0008257776498794556,2,-1,-8,2459.322021484375
38,0.853658536585366,0.0010288715129718184,2,-1,-8,2459.322021484375
39,0.902439024390244,0.003935565240681171,2,-1,-8,2459.322021484375
40,0.9512195121951219,0.001985193695873022,2,-1,-8,2459.322021484375
41,1.0,0.00011778221232816577,2,-1,-8,2459.322021484375
0,-1.0,4.7973603614082094e-06,2,2,-7,2459.322021484375
1,-0.9512195121951219,1.311035521212034e-05,2,2,-7,2459.322021484375
2,-0.9024390243902439,1.8731796444626525e-05,2,2,-7,2459.322021484375
3,-0.8536585365853658,3.822877260972746e-06,2,2,-7,2459.322021484375
4,-0.8048780487804879,4.684957821154967e-05,2,2,-7,2459.322021484375
5,-0.7560975609756098,4.1649404920462985e-06,2,2,-7,2459.322021484375
6,-0.7073170731707317,5.395901098381728e-05,2,2,-7,2459.322021484375
7,-0.6585365853658536,9.434561798116192e-05,2,2,-7,2459.322021484375
8,-0.6097560975609756,0.0006320328102447093,2,2,-7,2459.322021484375
9,-0.5609756097560976,0.0016034749569371343,2,2,-7,2459.322021484375
10,-0.5121951219512195,0.01205366663634777,2,2,-7,2459.322021484375
11,-0.46341463414634143,0.001368977944366634,2,2,-7,2459.322021484375
12,-0.41463414634146334,2.4813956770231016e-05,2,2,-7,2459.322021484375
13,-0.36585365853658536,0.00012548555969260633,2,2,-7,2459.322021484375
14,-0.31707317073170727,6.564241630258039e-05,2,2,-7,2459.322021484375
15,-0.2682926829268293,9.675011096987873e-05,2,2,-7,2459.322021484375
16,-0.2195121951219512,1.8206252207164653e-05,2,2,-7,2459.322021484375
17,-0.1707317073170731,3.773471917156712e-06,2,2,-7,2459.322021484375
18,-0.12195121951219512,1.671170502959285e-05,2,2,-7,2459.322021484375
19,-0.07317073170731703,4.5175842387834564e-05,2,2,-7,2459.322021484375
20,-0.024390243902439046,8.383403837797232e-06,2,2,-7,2459.322021484375
21,0.024390243902439046,3.095699867117219e-05,2,2,-7,2459.322021484375
22,0.07317073170731714,1.5266870832419954e-05,2,2,-7,2459.322021484375
23,0.12195121951219523,3.596349642975838e-06,2,2,-7,2459.322021484375
24,0.17073170731707332,4.784461452800315e-06,2,2,-7,2459.322021484375
25,0.2195121951219512,5.8907398852170445e-06,2,2,-7,2459.322021484375
26,0.2682926829268293,6.8832059696433134e-06,2,2,-7,2459.322021484375
27,0.3170731707317074,8.533142136002425e-06,2,2,-7,2459.322021484375
28,0.36585365853658547,9.167027201328892e-06,2,2,-7,2459.322021484375
29,0.41463414634146356,7.779801194374159e-07,2,2,-7,2459.322021484375
30,0.46341463414634143,1.0393396223662421e-05,2,2,-7,2459.322021484375
31,0.5121951219512195,7.719079803791828e-06,2,2,-7,2459.322021484375
32,0.5609756097560976,1.571879693074152e-05,2,2,-7,2459.322021484375
33,0.6097560975609757,1.444346344214864e-05,2,2,-7,2459.322021484375
34,0.6585365853658538,3.895627014571801e-05,2,2,-7,2459.322021484375
35,0.7073170731707317,2.472392952768132e-05,2,2,-7,2459.322021484375
36,0.7560975609756098,1.2372114724712446e-05,2,2,-7,2459.322021484375
37,0.8048780487804879,3.4287083963135956e-06,2,2,-7,2459.322021484375
38,0.853658536585366,5.002875127502193e-07,2,2,-7,2459.322021484375
39,0.902439024390244,2.8712379389617126e-06,2,2,-7,2459.322021484375
40,0.9512195121951219,7.584775403302046e-07,2,2,-7,2459.322021484375
41,1.0,1.1379894431229332e-06,2,2,-7,2459.322021484375
0,-1.0,0.0,2,4,-6,2459.322021484375
1,-0.9512195121951219,0.0,2,4,-6,2459.322021484375
2,-0.9024390243902439,0.0,2,4,-6,2459.322021484375
3,-0.8536585365853658,0.0,2,4,-6,2459.322021484375
4,-0.8048780487804879,0.0,2,4,-6,2459.322021484375
5,-0.7560975609756098,0.0,2,4,-6,2459.322021484375
6,-0.7073170731707317,0.0,2,4,-6,2459.322021484375
7,-0.6585365853658536,0.0,2,4,-6,2459.322021484375
8,-0.6097560975609756,0.0,2,4,-6,2459.322021484375
9,-0.5609756097560976,0.0,2,4,-6,2459.322021484375
10,-0.5121951219512195,0.0,2,4,-6,2459.322021484375
11,-0.46341463414634143,0.0,2,4,-6,2459.322021484375
12,-0.41463414634146334,0.0,2,4,-6,2459.322021484375
13,-0.36585365853658536,0.0,2,4,-6,2459.322021484375
14,-0.31707317073170727,0.0,2,4,-6,2459.322021484375
15,-0.2682926829268293,4.1161515582643915e-06,2,4,-6,2459.322021484375
16,-0.2195121951219512,2.2044689274025586e-07,2,4,-6,2459.322021484375
17,-0.1707317073170731,1.0026158633991145e-05,2,4,-6,2459.322021484375
18,-0.12195121951219512,1.3014699788982398e-06,2,4,-6,2459.322021484375
19,-0.07317073170731703,3.5377735912334174e-05,2,4,-6,2459.322021484375
20,-0.024390243902439046,1.93713276530616e-06,2,4,-6,2459.322021484375
21,0.024390243902439046,9.928905456035864e-06,2,4,-6,2459.322021484375
22,0.07317073170731714,5.386148131947266e-06,2,4,-6,2459.322021484375
23,0.12195121951219523,1.735578553052619e-05,2,4,-6,2459.322021484375
24,0.17073170731707332,4.2593481339281425e-05,2,4,-6,2459.322021484375
25,0.2195121951219512,2.338556805625558e-05,2,4,-6,2459.322021484375
26,0.2682926829268293,1.869377342700318e-06,2,4,-6,2459.322021484375
27,0.3170731707317074,4.840515430259984e-06,2,4,-6,2459.322021484375
28,0.36585365853658547,2.2622400138061494e-05,2,4,-6,2459.322021484375
29,0.41463414634146356,3.324717181385495e-05,2,4,-6,2459.322021484375
30,0.46341463414634143,3.291699249530211e-05,2,4,-6,2459.322021484375
31,0.5121951219512195,3.335975270601921e-05,2,4,-6,2459.322021484375
32,0.5609756097560976,6.331795884761959e-05,2,4,-6,2459.322021484375
33,0.6097560975609757,7.835747965145856e-05,2,4,-6,2459.322021484375
34,0.6585365853658538,4.787103898706846e-05,2,4,-6,2459.322021484375
35,0.7073170731707317,4.8407342546852306e-05,2,4,-6,2459.322021484375
36,0.7560975609756098,0.0006625609239563346,2,4,-6,2459.322021484375
37,0.8048780487804879,0.029240842908620834,2,4,-6,2459.322021484375
38,0.853658536585366,0.0019051043782383204,2,4,-6,2459.322021484375
39,0.902439024390244,5.5902073654579e-06,2,4,-6,2459.322021484375
40,0.9512195121951219,0.00010621643741615117,2,4,-6,2459.322021484375
41,1.0,7.150086457841098e-05,2,4,-6,2459.322021484375
0,-1.0,0.0,2,5,-6,2459.322021484375
1,-0.9512195121951219,0.0,2,5,-6,2459.322021484375
2,-0.9024390243902439,0.0,2,5,-6,2459.322021484375
3,-0.8536585365853658,0.0,2,5,-6,2459.322021484375
4,-0.8048780487804879,0.0,2,5,-6,2459.322021484375
5,-0.7560975609756098,0.0,2,5,-6,2459.322021484375
6,-0.7073170731707317,2.996274162114787e-08,2,5,-6,2459.322021484375
7,-0.6585365853658536,1.2115481240471127e-06,2,5,-6,2459.322021484375
8,-0.6097560975609756,5.425034714789945e-07,2,5,-6,2459.322021484375
9,-0.5609756097560976,6.413735718524549e-06,2,5,-6,2459.322021484375
10,-0.5121951219512195,4.682608505390817e-06,2,5,-6,2459.322021484375
11,-0.46341463414634143,2.0299723928474123e-06,2,5,-6,2459.322021484375
12,-0.41463414634146334,5.042836050961341e-07,2,5,-6,2459.322021484375
13,-0.36585365853658536,9.925395971777107e-08,2,5,-6,2459.322021484375
14,-0.31707317073170727,7.27261522115441e-07,2,5,-6,2459.322021484375
15,-0.2682926829268293,1.2222162695252337e-06,2,5,-6,2459.322021484375
16,-0.2195121951219512,5.0384323913021944e-06,2,5,-6,2459.322021484375
17,-0.1707317073170731,9.255447253053717e-08,2,5,-6,2459.322021484375
18,-0.12195121951219512,4.5207832499727374e-07,2,5,-6,2459.322021484375
19,-0.07317073170731703,1.3455688758767792e-06,2,5,-6,2459.322021484375
20,-0.024390243902439046,3.4276326914550737e-05,2,5,-6,2459.322021484375
21,0.024390243902439046,3.415958190089441e-06,2,5,-6,2459.322021484375
22,0.07317073170731714,1.4410986295843031e-05,2,5,-6,2459.322021484375
23,0.12195121951219523,0.00022540365171153098,2,5,-6,2459.322021484375
24,0.17073170731707332,0.0012502324534580112,2,5,-6,2459.322021484375
25,0.2195121951219512,5.7925986766349524e-05,2,5,-6,2459.322021484375
26,0.2682926829268293,1.3429084901872557e-05,2,5,-6,2459.322021484375
27,0.3170731707317074,6.601930181204807e-06,2,5,-6,2459.322021484375
28,0.36585365853658547,4.12710323871579e-05,2,5,-6,2459.322021484375
29,0.41463414634146356,1.6167291505553294e-08,2,5,-6,2459.322021484375
30,0.46341463414634143,4.0281085489368706e-07,2,5,-6,2459.322021484375
31,0.5121951219512195,6.033726549503626e-06,2,5,-6,2459.322021484375
32,0.5609756097560976,5.027854967920575e-07,2,5,-6,2459.322021484375
33,0.6097560975609757,5.075954732092214e-07,2,5,-6,2459.322021484375
34,0.6585365853658538,7.867629960855993e-07,2,5,-6,2459.322021484375
35,0.7073170731707317,4.976946570423024e-07,2,5,-6,2459.322021484375
36,0.7560975609756098,1.4969009498599917e-06,2,5,-6,2459.322021484375
37,0.8048780487804879,8.785325917415321e-06,2,5,-6,2459.322021484375
38,0.853658536585366,2.6917723516817205e-07,2,5,-6,2459.322021484375
39,0.902439024390244,3.001309067940383e-08,2,5,-6,2459.322021484375
40,0.9512195121951219,3.971225055465766e-07,2,5,-6,2459.322021484375
41,1.0,1.2438671603831608e-07,2,5,-6,2459.322021484375
0,-1.0,0.0,2,6,-6,2459.322021484375
1,-0.9512195121951219,3.2302443742082687e-06,2,6,-6,2459.322021484375
2,-0.9024390243902439,7.631559384435604e-08,2,6,-6,2459.322021484375
3,-0.8536585365853658,5.573878070208593e-07,2,6,-6,2459.322021484375
4,-0.8048780487804879,3.16623612661715e-07,2,6,-6,2459.322021484375
5,-0.7560975609756098,2.5397424607831454e-08,2,6,-6,2459.322021484375
6,-0.7073170731707317,3.2838755714692525e-07,2,6,-6,2459.322021484375
7,-0.6585365853658536,8.77443824265356e-08,2,6,-6,2459.322021484375
8,-0.6097560975609756,6.617045528400922e-06,2,6,-6,2459.322021484375
9,-0.5609756097560976,8.627035299468844e-07,2,6,-6,2459.322021484375
10,-0.5121951219512195,2.337227215321036e-06,2,6,-6,2459.322021484375
11,-0.46341463414634143,1.402977204634226e-06,2,6,-6,2459.322021484375
12,-0.41463414634146334,7.01406270309235e-06,2,6,-6,2459.322021484375
13,-0.36585365853658536,8.890676326700486e-06,2,6,-6,2459.322021484375
14,-0.31707317073170727,1.922152932820609e-06,2,6,-6,2459.322021484375
15,-0.2682926829268293,0.00021218213078100234,2,6,-6,2459.322021484375
16,-0.2195121951219512,0.0014834831235930324,2,6,-6,2459.322021484375
17,-0.1707317073170731,0.0001115688428399153,2,6,-6,2459.322021484375
18,-0.12195121951219512,1.5204636838461738e-05,2,6,-6,2459.322021484375
19,-0.07317073170731703,2.3293237973120995e-05,2,6,-6,2459.322021484375
20,-0.024390243902439046,1.6331799770341604e-06,2,6,-6,2459.322021484375
21,0.024390243902439046,5.7245151765528135e-06,2,6,-6,2459.322021484375
22,0.07317073170731714,4.562043159239693e-06,2,6,-6,2459.322021484375
23,0.12195121951219523,2.5029787593666697e-06,2,6,-6,2459.322021484375
24,0.17073170731707332,5.721290676774515e-07,2,6,-6,2459.322021484375
25,0.2195121951219512,7.267919244213772e-08,2,6,-6,2459.322021484375
26,0.2682926829268293,1.6285365518342587e-06,2,6,-6,2459.322021484375
27,0.3170731707317074,2.073256382573163e-06,2,6,-6,2459.322021484375
28,0.36585365853658547,6.0453191963461e-07,2,6,-6,2459.322021484375
29,0.41463414634146356,4.996472284801712e-07,2,6,-6,2459.322021484375
30,0.46341463414634143,3.0848703147512424e-08,2,6,-6,2459.322021484375
31,0.5121951219512195,3.921169593468221e-07,2,6,-6,2459.322021484375
32,0.5609756097560976,0.0,2,6,-6,2459.322021484375
33,0.6097560975609757,0.0,2,6,-6,2459.322021484375
34,0.6585365853658538,0.0,2,6,-6,2459.322021484375
35,0.7073170731707317,0.0,2,6,-6,2459.322021484375
36,0.7560975609756098,0.0,2,6,-6,2459.322021484375
37,0.8048780487804879,0.0,2,6,-6,2459.322021484375
38,0.853658536585366,0.0,2,6,-6,2459.322021484375
39,0.902439024390244,0.0,2,6,-6,2459.322021484375
40,0.9512195121951219,0.0,2,6,-6,2459.322021484375
41,1.0,0.0,2,6,-6,2459.322021484375
0,-1.0,1.8732586681835528e-07,2,7,-6,2459.322021484375
1,-0.9512195121951219,4.227001227263827e-06,2,7,-6,2459.322021484375
2,-0.9024390243902439,3.0863307642903237e-07,2,7,-6,2459.322021484375
3,-0.8536585365853658,1.6549586234759772e-06,2,7,-6,2459.322021484375
4,-0.8048780487804879,6.356980861710326e-07,2,7,-6,2459.322021484375
5,-0.7560975609756098,3.0787859373049287e-07,2,7,-6,2459.322021484375
6,-0.7073170731707317,3.667427108666743e-07,2,7,-6,2459.322021484375
7,-0.6585365853658536,3.6682135942101013e-06,2,7,-6,2459.322021484375
8,-0.6097560975609756,0.0003215301549062133,2,7,-6,2459.322021484375
9,-0.5609756097560976,1.7344151274301112e-05,2,7,-6,2459.322021484375
10,-0.5121951219512195,4.068965063197538e-05,2,7,-6,2459.322021484375
11,-0.46341463414634143,0.0025271056219935417,2,7,-6,2459.322021484375
12,-0.41463414634146334,5.3115283662918955e-05,2,7,-6,2459.322021484375
13,-0.36585365853658536,3.1035706342663616e-05,2,7,-6,2459.322021484375
14,-0.31707317073170727,1.696456820354797e-05,2,7,-6,2459.322021484375
15,-0.2682926829268293,2.5418094082851894e-06,2,7,-6,2459.322021484375
16,-0.2195121951219512,5.929476856181282e-07,2,7,-6,2459.322021484375
17,-0.1707317073170731,1.4406729860638734e-05,2,7,-6,2459.322021484375
18,-0.12195121951219512,8.292598749903846e-07,2,7,-6,2459.322021484375
19,-0.07317073170731703,3.1599367957824143e-06,2,7,-6,2459.322021484375
20,-0.024390243902439046,8.424434781773016e-06,2,7,-6,2459.322021484375
21,0.024390243902439046,4.116394336506346e-07,2,7,-6,2459.322021484375
22,0.07317073170731714,1.3251631116872886e-06,2,7,-6,2459.322021484375
23,0.12195121951219523,3.965591304222471e-07,2,7,-6,2459.322021484375
24,0.17073170731707332,4.122651944271638e-07,2,7,-6,2459.322021484375
25,0.2195121951219512,0.0,2,7,-6,2459.322021484375
26,0.2682926829268293,0.0,2,7,-6,2459.322021484375
27,0.3170731707317074,0.0,2,7,-6,2459.322021484375
28,0.36585365853658547,0.0,2,7,-6,2459.322021484375
29,0.41463414634146356,0.0,2,7,-6,2459.322021484375
30,0.46341463414634143,0.0,2,7,-6,2459.322021484375
31,0.5121951219512195,0.0,2,7,-6,2459.322021484375
32,0.5609756097560976,0.0,2,7,-6,2459.322021484375
33,0.6097560975609757,0.0,2,7,-6,2459.322021484375
34,0.6585365853658538,0.0,2,7,-6,2459.322021484375
35,0.7073170731707317,0.0,2,7,-6,2459.322021484375
36,0.7560975609756098,0.0,2,7,-6,2459.322021484375
37,0.8048780487804879,0.0,2,7,-6,2459.322021484375
38,0.853658536585366,0.0,2,7,-6,2459.322021484375
39,0.902439024390244,0.0,2,7,-6,2459.322021484375
40,0.9512195121951219,0.0,2,7,-6,2459.322021484375
41,1.0,0.0,2,7,-6,2459.322021484375
0,-1.0,2.9117612143636507e-07,3,2,-11,2459.322021484375
1,-0.9512195121951219,4.478800974538899e-07,3,2,-11,2459.322021484375
2,-0.9024390243902439,5.539809080801206e-06,3,2,-11,2459.322021484375
3,-0.8536585365853658,2.9350896966207074e-06,3,2,-11,2459.322021484375
4,-0.8048780487804879,1.7835199059845763e-06,3,2,-11,2459.322021484375
5,-0.7560975609756098,4.3849053099620505e-07,3,2,-11,2459.322021484375
6,-0.7073170731707317,9.441605186566449e-08,3,2,-11,2459.322021484375
7,-0.6585365853658536,5.077406513009919e-07,3,2,-11,2459.322021484375
8,-0.6097560975609756,3.709557745423808e-07,3,2,-11,2459.322021484375
9,-0.5609756097560976,8.847365506881033e-07,3,2,-11,2459.322021484375
10,-0.5121951219512195,1.8605706486596318e-07,3,2,-11,2459.322021484375
11,-0.46341463414634143,4.7342538778138987e-07,3,2,-11,2459.322021484375
12,-0.41463414634146334,4.310990959766059e-07,3,2,-11,2459.322021484375
13,-0.36585365853658536,1.178305097937482e-07,3,2,-11,2459.322021484375
14,-0.31707317073170727,6.08593268225377e-07,3,2,-11,2459.322021484375
15,-0.2682926829268293,1.083370534615824e-06,3,2,-11,2459.322021484375
16,-0.2195121951219512,6.757624504416526e-08,3,2,-11,2459.322021484375
17,-0.1707317073170731,1.2835151892431895e-06,3,2,-11,2459.322021484375
18,-0.12195121951219512,5.6068540033038516e-08,3,2,-11,2459.322021484375
19,-0.07317073170731703,1.2043727792843129e-06,3,2,-11,2459.322021484375
20,-0.024390243902439046,7.697996124989004e-07,3,2,-11,2459.322021484375
21,0.024390243902439046,3.08489438793913e-06,3,2,-11,2459.322021484375
22,0.07317073170731714,2.494390855645179e-06,3,2,-11,2459.322021484375
23,0.12195121951219523,1.056970745594299e-06,3,2,-11,2459.322021484375
24,0.17073170731707332,3.6647568890657567e-07,3,2,-11,2459.322021484375
25,0.2195121951219512,2.0647153178288136e-06,3,2,-11,2459.322021484375
26,0.2682926829268293,4.604535206453875e-05,3,2,-11,2459.322021484375
27,0.3170731707317074,3.567056774045341e-05,3,2,-11,2459.322021484375
28,0.36585365853658547,2.17812539631268e-05,3,2,-11,2459.322021484375
29,0.41463414634146356,7.358799848589115e-06,3,2,-11,2459.322021484375
30,0.46341463414634143,0.000481113966088742,3,2,-11,2459.322021484375
31,0.5121951219512195,0.0022557091433554888,3,2,-11,2459.322021484375
32,0.5609756097560976,4.571720273816027e-05,3,2,-11,2459.322021484375
33,0.6097560975609757,2.629688060551416e-05,3,2,-11,2459.322021484375
34,0.6585365853658538,3.900400315615116e-06,3,2,-11,2459.322021484375
35,0.7073170731707317,1.1474359780550003e-05,3,2,-11,2459.322021484375
36,0.7560975609756098,5.063559456175426e-07,3,2,-11,2459.322021484375
37,0.8048780487804879,3.9684109651716426e-05,3,2,-11,2459.322021484375
38,0.853658536585366,4.409391181070532e-07,3,2,-11,2459.322021484375
39,0.902439024390244,2.9547422855102923e-06,3,2,-11,2459.322021484375
40,0.9512195121951219,1.4266597645473666e-06,3,2,-11,2459.322021484375
41,1.0,2.0591617158061126e-06,3,2,-11,2459.322021484375
